# Blender 4.3.2
# www.blender.org
mtllib flower2.mtl
o geometry_0
v 32.666618 90.777977 104.478844
v 33.357708 86.654572 104.719315
v 33.903809 83.466698 105.919815
v -10.606718 17.308977 74.993538
v -11.603819 13.840122 73.873581
v -10.941825 15.311402 77.413551
v -11.328225 21.225826 79.518707
v -10.561729 22.962681 78.187477
v -11.629661 26.594000 82.103043
v -10.939507 29.329416 81.506882
v -11.537379 34.310509 85.396378
v -10.635889 35.460178 83.532303
v -10.058624 41.593987 85.771820
v -8.017186 41.974728 82.737541
v -8.299267 45.629040 86.452881
v -6.208255 47.158089 82.328529
v -5.380150 50.702183 84.494507
v -4.128035 50.900055 81.199455
v -8.701472 19.482170 74.169952
v -2.240858 55.439960 83.397682
v -1.208317 56.143627 81.977394
v -5.081726 44.891739 80.986122
v -6.475107 39.149754 80.974945
v -6.361144 33.992325 79.989159
v -7.765919 33.176258 81.129715
v -6.519774 28.515320 77.839508
v -7.235154 22.788572 75.638016
v -1.106976 53.506371 80.379921
v 1.766622 56.910343 80.813141
v 0.472795 58.291458 81.694702
v -10.766032 37.887566 86.937004
v -10.683248 10.362702 76.151718
v -15.808842 34.600552 58.643265
v -17.448864 28.217205 67.553612
v -14.477983 30.214548 63.921894
v -12.862890 28.257494 65.820297
v -11.834139 23.727407 70.135353
v -24.623451 37.644253 60.796524
v -25.279341 32.996132 66.069382
v -23.090269 28.437241 69.248962
v -20.179440 24.769428 71.510727
v -11.944417 20.527040 72.696594
v -27.688694 40.342712 58.228142
v -28.827686 43.175716 54.652092
v -20.293852 37.200535 57.645256
v -23.139374 40.730072 53.925957
v -20.356003 39.850666 52.572315
v -15.767120 38.128296 53.049641
v -11.899570 36.320496 55.478615
v -11.541668 33.678787 60.280869
v -28.233398 43.514202 52.700714
v -11.701398 37.025856 52.493256
v -24.202457 41.801804 51.023621
v -20.159811 40.151520 50.493191
v -14.729347 38.036964 51.073811
v -15.969252 21.063309 72.880997
v -13.394735 18.748873 73.119492
v -10.813595 36.923336 54.580456
v 1.222632 -0.594577 72.796333
v 0.403647 -6.888609 74.252258
v 0.613408 -4.371870 70.698746
v 0.550996 -1.878040 75.327675
v 0.837356 -7.874977 72.802650
v 0.608810 -11.481970 70.731102
v 0.621643 -12.256514 73.818878
v 1.128663 -14.238510 72.477692
v 0.750118 -15.178917 68.849289
v 0.138389 -19.406204 68.670525
v 0.556258 -20.291273 73.714432
v -0.341487 -23.381559 69.739769
v -0.743112 -26.434298 74.797623
v -1.669692 -30.560307 71.175751
v -1.912574 -32.484592 73.902451
v -3.947107 -40.058002 72.051750
v -4.034945 -40.349667 76.488579
v -4.997153 -53.175053 76.974403
v -4.688471 -49.313305 72.863770
v -2.068688 -30.721998 75.818207
v -5.293989 -52.696022 72.003342
v -6.158203 -60.598282 73.152725
v -6.020354 -61.901875 77.001923
v -5.856533 -57.611755 79.416718
v -7.103569 -65.064163 80.108246
v -7.126984 -69.361504 75.919327
v -7.373138 -69.561691 79.742577
v -8.808081 -79.622871 80.615128
v -9.213841 -83.431190 77.002853
v -10.470760 -91.849670 80.737511
v -10.969242 -93.393982 77.060478
v -12.264971 -97.882401 76.080132
v -12.440852 -98.157555 81.009186
v -13.381078 -103.881805 80.452431
v -13.877326 -107.196304 77.039124
v -14.464411 -110.402702 80.065697
v -15.298854 -114.636665 76.878944
v -15.815771 -118.105072 79.404099
v -15.272964 -113.156113 83.002869
v -7.948984 -71.281685 72.481949
v -8.182192 -73.409142 74.509186
v -10.534472 -88.555862 82.667076
v -11.757685 -94.284058 83.205139
v -17.532225 -120.557182 75.179451
v -10.169037 -87.610474 76.377960
v -17.407282 -124.285286 76.773621
v -17.553396 -124.278961 80.493629
v -18.328575 -130.022949 77.451569
v -18.779894 -130.281937 79.575386
v -4.870213 -42.779957 70.829117
v -4.171294 -36.278027 70.046356
v -5.488523 -52.174198 78.718643
v -4.746889 -42.315853 77.229492
v -14.890004 -107.193359 74.977036
v 0.244388 0.916579 70.752357
v -2.266029 -30.683420 70.090996
v -11.278195 -91.101074 75.774979
v -7.006849 -62.227596 72.270691
v -1.380543 -8.120608 67.211426
v -0.880484 -11.764758 66.772865
v -10.077600 -81.735214 75.189323
v -9.681209 -74.494972 72.835487
v -9.243793 -76.176003 74.360191
v -20.096720 -130.191116 75.007111
v 0.361612 -15.426588 74.037666
v -0.253509 2.410964 75.465195
v -16.881931 -117.443352 81.829002
v -15.492095 -109.033623 81.847816
v -9.591572 -75.674026 82.480659
v -10.797043 -85.740631 83.206696
v -0.946046 3.479181 72.285583
v -1.893265 8.414833 73.947510
v -0.959237 5.832589 76.356979
v -1.382658 8.932896 75.492630
v -2.098300 9.787057 78.518219
v -2.049873 14.468327 77.369965
v -2.392536 14.760014 79.822830
v -2.108921 18.238239 78.383682
v -3.345126 18.119719 82.243507
v -3.157259 20.791584 82.631378
v -2.304998 23.076916 80.778122
v -3.730685 27.366055 84.819962
v -2.641880 28.960995 83.294594
v -3.702137 15.628925 82.377296
v -2.675007 31.118099 86.253799
v -1.693946 34.800205 85.994881
v -3.237862 31.482361 87.649254
v -1.523022 38.497143 88.690041
v -0.899204 38.482594 85.034554
v -0.699410 -1.015202 77.415131
v -0.633547 40.611408 87.525681
v -1.546670 41.601097 88.806549
v 0.115384 41.793621 84.761307
v -20.092472 -129.992203 81.460106
v -7.227198 -60.771523 80.748535
v -2.048356 3.155162 77.721939
v -0.725305 -3.891959 75.860451
v -3.958179 13.032144 80.844376
v 1.819891 46.234543 86.767433
v 1.463227 47.703979 88.192528
v -3.379853 6.429973 78.857254
v 1.446760 45.282082 84.404007
v 3.737916 49.010807 84.728401
v -2.750844 26.054146 79.989883
v -2.769103 31.899811 82.402222
v -2.386277 35.316086 83.419373
v -9.263511 -63.606079 81.951797
v -16.498169 -112.608688 83.997887
v -19.325594 -123.594833 81.948730
v -4.155662 38.942844 90.665054
v -9.699035 -66.560913 81.701286
v 5.194801 50.959896 87.122986
v 4.432313 52.165161 88.717606
v -15.015898 -105.678055 81.214302
v -1.968857 -24.003271 75.230133
v -3.064241 21.159897 77.146576
v 0.096790 48.341187 88.942307
v -22.728184 -128.552811 82.798660
v -7.669522 -47.466640 79.081932
v -8.749337 -56.199039 80.409393
v -7.105946 -53.277267 79.387733
v -13.740535 -94.009598 83.761475
v -19.548721 -115.739243 82.681694
v 24.540604 95.569901 86.578255
v 24.289209 101.832924 83.193069
v 23.097042 93.569656 86.085022
v 28.846708 104.586655 86.038544
v 28.514050 97.526581 89.538177
v 31.836576 104.741478 88.341408
v 20.866381 87.675339 86.928909
v 28.578545 108.012344 82.622063
v 24.087479 104.708984 80.971542
v 27.560007 92.698204 92.822197
v 23.063902 87.540855 90.887856
v 33.438656 99.649872 95.471954
v 31.803972 102.231331 90.747047
v 20.830364 83.603760 90.985565
v 27.053793 111.546738 77.301247
v 24.140652 108.506721 77.524475
v 24.275841 112.197174 74.935669
v 33.974850 101.368736 93.934555
v 29.668732 110.144691 80.894630
v 24.558701 87.131577 91.935631
v 22.049450 82.534798 92.087433
v 19.238731 82.144920 87.615067
v 34.035110 103.046165 91.670647
v 19.307444 81.775093 89.127632
v 17.656712 87.581352 85.448143
v 19.980356 99.787720 82.761398
v 17.365074 90.280365 84.293816
v 16.838575 92.227859 83.106705
v 18.133726 103.870544 78.975136
v 19.342346 107.419998 78.015953
v 16.184078 92.733177 81.486626
v 20.906456 110.481743 75.188614
v 19.466631 109.934212 73.690201
v 17.624733 106.577560 74.600838
v 16.759895 102.251183 75.820358
v 28.375109 91.774948 93.068382
v 15.472098 91.353752 79.154984
v 15.731174 101.431656 71.352646
v 16.848551 105.180679 71.918304
v 14.912211 89.996307 80.546814
v 32.269058 96.750549 94.714256
v 15.494592 95.620911 73.343155
v 15.383698 88.843430 77.988968
v -16.835003 31.974609 61.602081
v -13.434566 28.280077 64.693878
v -21.575693 31.196032 66.096474
v -23.936197 36.992783 60.680031
v -25.279341 32.996132 66.069382
v -14.982250 24.061094 70.052734
v -11.405748 25.728388 66.162918
v -10.779070 30.242945 61.534523
v -27.688694 40.342712 58.228142
v -13.891958 30.975039 61.870064
v -11.789887 33.659454 57.865974
v -23.090269 28.437241 69.248962
v -20.179440 24.769428 71.510727
v -15.969252 21.063309 72.880997
v -10.813492 20.947590 69.743187
v -13.394735 18.748873 73.119492
v -21.573996 37.613716 57.446999
v -16.961246 37.185482 54.112434
v -24.236664 40.743492 54.240486
v -11.701398 37.025856 52.493256
v -28.233398 43.514202 52.700714
v -20.159811 40.151520 50.493191
v -14.729347 38.036964 51.073811
v -24.202457 41.801804 51.023621
v -10.095912 25.866688 66.053368
v -28.827686 43.175716 54.652092
v -10.031848 22.620150 68.561005
v -9.291759 19.397518 70.326134
v -10.686457 33.974255 57.905876
v -11.117467 14.450189 71.991776
v -9.299740 14.468580 71.029785
v -9.762382 9.952400 72.583771
v -7.245175 8.511197 71.908844
v -9.415647 6.441621 73.345886
v -6.830356 5.209464 71.488274
v -11.603819 13.840122 73.873581
v -10.393722 8.901898 74.301971
v -9.504889 4.136586 75.230682
v -10.683248 10.362702 76.151718
v -12.323855 17.205612 73.737236
v -9.182774 0.731290 73.703850
v -7.353330 2.606344 71.084511
v -7.405227 -0.143062 70.003357
v -9.523172 -3.591546 71.157455
v 34.622917 84.229836 77.244553
v 29.958824 82.257378 80.005630
v 35.667130 88.578506 80.245674
v 29.836224 81.170853 79.143692
v 38.491871 89.171242 77.378662
v 38.548607 91.751648 79.425827
v 36.517960 95.185806 83.400650
v 32.662037 92.103409 84.346924
v 25.855679 79.626617 80.669212
v 26.423159 83.652588 82.222244
v 28.585457 89.388313 85.019272
v 25.655045 86.172592 84.730400
v 25.729496 89.136642 87.818039
v 32.672043 95.342445 88.484688
v 28.267862 91.956871 88.711655
v 34.464523 97.049194 88.384781
v 24.486790 86.980400 86.053505
v 37.990849 97.281792 83.283974
v 38.091743 100.516350 85.964073
v 35.570152 103.660126 89.271927
v 39.913612 97.223755 79.881004
v 37.246639 102.470749 87.320190
v 31.898451 96.181732 91.129234
v 30.419886 94.083679 90.001511
v 33.613899 98.913559 91.601982
v 32.571804 98.801582 92.009979
v 25.152929 78.411293 78.544357
v 40.657906 93.471138 75.857605
v 30.196556 80.697342 76.740532
v 33.511715 82.053253 72.344772
v 34.035110 103.046165 91.670647
v 41.147263 96.342361 76.260231
v 35.725494 84.810219 73.634209
v 35.746498 84.297096 68.079742
v 39.816402 91.498322 74.091942
v 37.277122 88.241882 72.126724
v 37.206741 86.810371 66.143295
v 34.146160 83.169876 68.015396
v 21.277140 79.533928 80.401787
v 24.547775 83.615166 82.006912
v 32.040146 81.837517 69.784271
v 29.612169 80.977219 72.528633
v 28.313913 80.185272 75.500633
v 40.235863 95.295242 73.203461
v 38.057625 90.519112 71.536255
v 13.821301 79.065865 95.090919
v 12.615424 78.978676 95.499100
v 15.135226 74.865669 93.495743
v 12.883310 83.312180 96.180984
v 14.159191 83.110985 95.506828
v 13.075428 69.186615 91.479927
v 15.246401 67.141411 89.761703
v 17.412016 70.102913 90.005791
v 16.183702 85.289566 96.265945
v 18.228443 76.678291 91.556320
v 15.745186 78.199226 92.916893
v 16.500908 81.873940 92.400200
v 13.981317 80.376396 93.392311
v 14.089625 81.841270 93.058182
v 16.501091 83.961617 93.366592
v 10.626796 65.987564 89.133537
v 20.355089 71.675415 90.874657
v 20.542511 82.058037 93.457565
v 20.908468 76.097664 92.094711
v 21.584345 80.520844 92.986923
v 10.363173 71.294762 91.280075
v 21.414894 84.317276 94.903183
v 19.114100 85.157028 96.161324
v 14.549378 64.973259 89.986572
v 11.374553 65.110809 89.598640
v 7.775449 63.959496 87.783684
v 17.744535 68.638306 90.953217
v 23.929356 100.280914 80.117134
v 27.116684 97.229668 84.391563
v 24.050436 94.511909 81.789795
v 21.113070 100.747269 76.946701
v 20.432329 96.831688 77.049438
v 22.047018 104.625282 76.586044
v 28.816151 100.612770 85.941963
v 29.992132 105.484772 85.265442
v 31.476421 102.871635 88.114510
v 21.707571 90.484116 79.248238
v 19.341471 90.740639 75.957893
v 20.401184 85.931923 78.600166
v 31.836576 104.741478 88.341408
v 33.132565 102.266830 91.216629
v 30.845327 96.975235 90.744156
v 32.571804 98.801582 92.009979
v 29.174070 94.097511 89.782738
v 27.277662 95.359543 86.498726
v 25.815968 105.695526 79.370041
v 29.668732 110.144691 80.894630
v 25.822582 109.635353 76.790382
v 27.053793 111.546738 77.301247
v 24.275841 112.197174 74.935669
v 18.759880 88.720329 76.273407
v 18.773890 84.388199 77.884949
v 24.160187 86.617805 81.163399
v 26.441589 90.660965 83.257431
v 25.556234 86.659775 83.719681
v 26.618336 90.010635 83.981415
v 24.547775 83.615166 82.006912
v 27.252228 93.522476 84.681915
v 21.277140 79.533928 80.401787
v 20.352146 79.951370 79.094124
v 26.997978 92.406662 88.839256
v 25.128799 91.789917 86.163612
v 25.113396 90.234489 87.864494
v 24.070543 89.477753 86.447624
v 18.309359 90.546768 73.778107
v 25.655045 86.172592 84.730400
v 18.064928 99.777000 75.528786
v 18.048651 95.775543 75.992104
v 16.752361 95.819000 73.764854
v 17.880388 90.514343 76.038513
v 16.894997 104.354576 72.216591
v 19.466631 109.934212 73.690201
v 16.848551 105.180679 71.918304
v 31.898451 96.181732 91.129234
v 25.729496 89.136642 87.818039
v 24.486790 86.980400 86.053505
v 17.115862 101.898109 70.545761
v 28.267862 91.956871 88.711655
v 30.419886 94.083679 90.001511
v -4.396681 -16.995789 73.496735
v -7.564098 -16.944796 74.343361
v -5.823823 -20.570385 73.596588
v -6.178579 -12.676489 73.328102
v -8.722814 -15.881175 73.871025
v -8.261730 -19.751066 72.947227
v -7.673001 -22.320478 71.362228
v -9.733643 -17.308214 72.087166
v -7.234414 -26.624222 73.837280
v -5.156899 -27.629450 75.380684
v -7.411566 -32.899063 75.272797
v -8.263799 -30.882576 73.591293
v -9.071109 -35.466175 73.518173
v -7.950939 -39.716309 76.882515
v -10.534453 -46.346031 76.676201
v -8.497277 -43.390568 77.764343
v -10.004354 -48.184666 78.694817
v -7.669522 -47.466640 79.081932
v -7.105946 -53.277267 79.387733
v -9.769696 -53.652256 79.282135
v -8.749337 -56.199039 80.409393
v -11.064028 -55.729576 79.578209
v -11.060399 -60.555798 80.624489
v -7.227198 -60.771523 80.748535
v -12.605004 -64.005257 82.337128
v -9.263511 -63.606079 81.951797
v -9.699035 -66.560913 81.701286
v -12.768847 -69.010796 81.861206
v -12.060711 -77.249199 83.138000
v -14.319691 -78.713455 82.786331
v -13.771535 -85.481445 83.519531
v -10.797043 -85.740631 83.206696
v -13.740535 -94.009598 83.761475
v -16.499294 -93.492905 83.625259
v -15.596516 -85.375580 82.545799
v -9.591572 -75.674026 82.480659
v -14.456347 -65.556938 80.917564
v -16.681086 -97.605530 81.352203
v -14.104897 -63.762589 80.479462
v -12.440852 -98.157555 81.009186
v -15.015898 -105.678055 81.214302
v -19.273331 -105.557701 81.132713
v -15.492095 -109.033623 81.847816
v -19.720140 -109.297485 81.891548
v -17.724966 -96.975349 80.717407
v -15.785690 -83.528496 80.864861
v -16.498169 -112.608688 83.997887
v -13.659762 -69.188538 80.257812
v -20.246346 -112.821602 82.748154
v -19.548721 -115.739243 82.681694
v -21.505705 -116.031517 81.267021
v -22.985714 -122.073921 81.825386
v -20.978159 -123.506409 82.325821
v -22.728184 -128.552811 82.798660
v -12.006458 -61.104221 78.813995
v -17.450865 -90.860489 81.571732
v -25.267769 -127.519577 82.020836
v -19.738632 -103.897606 80.127151
v -17.842213 -93.749092 82.367310
v -7.517627 -12.419090 71.486351
v -11.183131 -53.323757 76.791214
v -7.730015 -8.653322 72.636841
v -19.325594 -123.594833 81.948730
v -23.380119 -120.644211 79.512932
v -26.028822 -127.701080 79.721390
v -21.127649 -113.327286 79.987015
v -8.028494 -30.473957 70.992264
v -12.146777 -61.758442 76.010284
v -21.965851 -116.319458 77.209702
v -9.253899 -19.185848 71.077919
v -17.447367 -95.280571 77.984833
v -20.196159 -109.255592 75.626053
v -9.996241 -43.032520 74.227592
v -7.359471 -12.630783 68.081245
v -7.526521 -14.897896 67.182831
v -7.666676 -8.722052 68.471146
v -22.968681 -120.172325 76.235825
v -18.424000 -100.013229 76.408318
v -25.806759 -128.004120 76.380722
v -14.231960 -76.531693 76.991776
v -12.857058 -68.188515 76.036041
v -15.780959 -85.958755 78.111572
v -13.289308 -63.787342 77.028572
v -10.189941 -48.606617 73.598808
v -10.805692 -57.129833 73.738930
v -16.746220 -94.462997 76.024826
v -8.542663 -38.706299 71.438202
v -7.124184 -25.687229 69.499985
v -9.181061 -6.266927 71.426941
v -8.686572 -5.272133 73.742081
v -9.523172 -3.591546 71.157455
v -9.182774 0.731290 73.703850
v -8.200108 0.002633 75.163895
v -9.358035 -5.187824 68.087631
v -9.504889 4.136586 75.230682
v -8.987276 7.122526 77.564194
v -10.683248 10.362702 76.151718
v -9.449121 12.240674 78.711067
v 1.766622 56.910343 80.813141
v 5.059902 53.280754 82.398621
v 0.704081 50.782597 80.802361
v 3.926864 58.167099 81.971107
v 3.164449 60.370819 81.631821
v 7.618255 55.830349 83.116768
v 6.695257 60.816986 82.697357
v -1.106976 53.506371 80.379921
v -1.811480 49.310936 80.654068
v 6.976101 58.048771 82.368340
v 11.455822 60.131554 83.609695
v 9.571432 60.926270 82.561569
v -5.081726 44.891739 80.986122
v 11.561493 62.487553 82.758064
v 8.559334 63.546024 81.936996
v 6.986540 65.499725 81.994850
v 2.734126 49.185375 83.067650
v -2.250705 40.703751 82.869644
v -6.475107 39.149754 80.974945
v 14.309856 64.711388 84.205589
v 13.160407 60.432331 84.932213
v 9.696030 55.491508 85.026230
v 3.737916 49.010807 84.728401
v 1.446760 45.282082 84.404007
v 0.115384 41.793621 84.761307
v -0.899204 38.482594 85.034554
v 14.579637 65.631905 82.680466
v 10.722821 65.062080 78.347878
v 12.871313 63.934555 81.186470
v 11.629170 65.203949 78.714226
v 12.857429 66.128540 79.660751
v 13.319257 67.802834 77.521896
v 13.553308 67.774467 73.232956
v 12.001654 67.632820 72.106049
v 14.415670 69.603683 72.830132
v 12.666792 70.132011 71.415985
v 8.888672 67.226990 79.145058
v -2.470965 41.347626 61.972786
v -3.452126 45.088139 54.913280
v -5.638363 40.549797 60.659195
v -8.518531 42.281620 54.068317
v -5.854918 45.154289 51.134563
v -5.145103 36.696770 65.733414
v -10.912541 39.486126 54.562061
v -9.092329 36.912876 60.593918
v -10.049416 30.333057 65.202393
v -7.674553 29.188818 69.697464
v -11.541668 33.678787 60.280869
v -11.899570 36.320496 55.478615
v -4.305288 32.751808 69.540573
v -9.304318 27.150799 68.742554
v -11.834139 23.727407 70.135353
v -12.862890 28.257494 65.820297
v -11.944417 20.527040 72.696594
v -9.170899 42.239880 50.718662
v -0.840433 39.167217 65.096481
v -1.653092 35.505913 68.127350
v 1.919569 43.752430 59.603371
v 1.169945 45.866798 55.659809
v -0.335599 47.052280 51.164574
v -8.688645 23.867096 70.963066
v -8.701472 19.482170 74.169952
v -10.606718 17.308977 74.993538
v -13.394735 18.748873 73.119492
v -3.715448 30.634912 70.363029
v -6.856610 44.207863 48.588913
v -2.838456 46.437500 48.284760
v -12.323855 17.205612 73.737236
v -11.603819 13.840122 73.873581
v 3.416716 46.606922 52.104343
v -10.779070 30.242945 61.534523
v -8.305465 34.279911 62.928780
v -10.095912 25.866688 66.053368
v -9.596672 38.297882 56.860535
v -8.802397 27.348738 68.000343
v -6.822870 29.443893 69.545769
v -8.688645 23.867096 70.963066
v -10.686457 33.974255 57.905876
v -10.813595 36.923336 54.580456
v -11.701398 37.025856 52.493256
v -10.737995 38.782551 53.402435
v -9.291759 19.397518 70.326134
v -8.645794 20.642530 72.651215
v -8.540891 16.157124 71.747276
v -9.299740 14.468580 71.029785
v -8.701472 19.482170 74.169952
v -9.304318 27.150799 68.742554
v -4.465688 43.923027 53.072475
v 0.407719 45.426277 52.922722
v 1.044051 43.853840 57.307560
v -3.955302 40.840733 60.111023
v -0.497532 40.691895 62.090370
v -3.976583 36.799545 65.447830
v -8.274145 41.315857 53.526863
v -4.839869 44.270473 49.711647
v -3.715448 30.634912 70.363029
v -0.888269 36.259892 66.969879
v 1.932885 39.907150 63.480965
v 4.019840 42.261593 60.033447
v -1.274596 45.481342 48.608356
v 4.749560 43.958973 56.949009
v -9.133645 40.949135 50.024811
v 4.146554 45.384472 52.046124
v 2.627708 45.403694 47.378811
v -4.376107 43.812641 46.482311
v 1.500688 45.318752 45.952415
v -4.220266 18.685354 75.578606
v -8.701472 19.482170 74.169952
v -7.235154 22.788572 75.638016
v -6.519774 28.515320 77.839508
v -4.611588 15.976882 74.293304
v -7.575953 14.501124 73.134964
v -3.474861 7.876241 72.499901
v -3.064241 21.159897 77.146576
v -4.113557 27.405619 78.866997
v -6.361144 33.992325 79.989159
v -1.893265 8.414833 73.947510
v -0.946046 3.479181 72.285583
v -3.871688 3.115181 70.885887
v -7.245175 8.511197 71.908844
v 0.244388 0.916579 70.752357
v -4.014701 -1.584463 68.571884
v -1.115245 -3.132129 68.799202
v -4.654473 -5.426901 66.489426
v -1.380543 -8.120608 67.211426
v -4.181225 -12.934163 65.723022
v -0.880484 -11.764758 66.772865
v -7.401968 -3.989204 66.940025
v -1.019421 -15.640021 66.753532
v -3.709002 -17.597456 65.940994
v -7.472137 12.669877 71.896873
v -9.299740 14.468580 71.029785
v -8.540891 16.157124 71.747276
v -2.769103 31.899811 82.402222
v -5.243060 35.033146 80.779228
v -6.475107 39.149754 80.974945
v -2.250705 40.703751 82.869644
v -2.386277 35.316086 83.419373
v -2.108921 18.238239 78.383682
v -2.750844 26.054146 79.989883
v 0.613408 -4.371870 70.698746
v 0.750118 -15.178917 68.849289
v 0.138389 -19.406204 68.670525
v -0.899204 38.482594 85.034554
v -7.353330 2.606344 71.084511
v -6.830356 5.209464 71.488274
v -4.588348 -21.513575 66.941025
v -0.341487 -23.381559 69.739769
v -2.266029 -30.683420 70.090996
v -5.399981 -29.519718 68.689438
v -4.171294 -36.278027 70.046356
v -7.405227 -0.143062 70.003357
v -9.415647 6.441621 73.345886
v 29.373318 98.662209 108.791153
v 30.697779 92.869217 108.723877
v 27.508434 94.374771 109.413910
v 30.918705 101.337898 108.047729
v 27.465349 91.900711 108.734489
v 33.207493 99.388626 108.860397
v 33.275425 93.169533 109.339989
v 32.341568 106.440636 107.595795
v 31.228193 104.289520 107.931137
v 27.767357 101.314720 107.743774
v 24.462271 95.369514 108.131042
v 22.793648 91.746429 108.491966
v 22.361040 95.858009 108.476387
v 25.986723 91.857750 109.674370
v 24.257549 89.222847 109.529755
v 27.471046 100.280479 107.065720
v 21.945141 89.102386 107.867584
v 32.888462 106.231651 107.375229
v 35.035404 109.758453 105.786079
v 24.419455 97.194878 106.818985
v 21.454557 97.575272 108.218407
v 21.930517 93.625145 109.333290
v 30.840038 90.949188 107.470581
v 25.315565 103.112045 106.195030
v 22.854620 116.926964 101.336807
v 23.170687 116.609627 103.729111
v 23.149328 111.883705 106.160873
v 23.927755 123.278900 100.748207
v 22.330809 111.285110 104.324707
v 21.782661 107.752342 107.012558
v 20.820177 109.285332 103.733513
v 21.915625 120.572357 99.048454
v 20.159554 111.835358 101.842758
v 21.978724 124.879364 98.737144
v 22.935726 126.875366 99.718735
v 23.940496 107.194183 108.475533
v 24.285772 110.224831 109.632599
v 25.267912 106.366150 110.688927
v 25.939047 109.214302 112.864792
v 25.377647 115.433380 115.106918
v 25.378576 102.966728 108.693977
v 22.312134 118.774277 111.128998
v 21.968164 118.058907 105.832199
v 22.260740 120.400002 103.867882
v 21.994335 122.440277 110.023605
v 23.535259 119.452927 114.562225
v 23.649784 125.315155 114.511528
v 21.120810 120.813408 105.025665
v 21.178173 124.610649 106.208496
v 22.427971 125.721550 109.052963
v 22.106621 106.412430 105.170029
v 25.282223 122.112801 117.354210
v 23.372854 105.315331 108.006699
v 21.114052 111.211914 99.733047
v 26.847092 125.209991 118.358208
v 25.315565 103.112045 106.195030
v 27.930773 118.076920 118.204407
v 27.687550 122.146080 118.851578
v 27.541485 112.036980 114.876526
v 27.261574 107.492867 112.522911
v 27.767357 101.314720 107.743774
v 29.748159 116.904129 118.182495
v 19.197321 112.605270 101.343239
v 31.271688 124.763626 119.507706
v 31.678976 119.579811 119.057083
v -3.709002 -17.597456 65.940994
v -4.588348 -21.513575 66.941025
v -6.639827 -18.235617 66.909348
v -6.104548 -22.920727 67.862579
v -5.539295 -15.166284 65.614410
v -5.399981 -29.519718 68.689438
v -7.526521 -14.897896 67.182831
v -6.079198 -11.373679 66.384399
v -7.124184 -25.687229 69.499985
v -6.678355 -33.354198 69.643814
v -4.171294 -36.278027 70.046356
v -4.181225 -12.934163 65.723022
v -6.829382 -7.002384 66.443542
v -8.028494 -30.473957 70.992264
v -8.542663 -38.706299 71.438202
v -7.293465 -42.314262 70.990967
v -9.122820 -47.728394 72.252464
v -6.292241 -52.067020 71.673782
v -7.926540 -59.814167 72.206917
v -10.805692 -57.129833 73.738930
v -11.678516 -65.403343 74.571655
v -8.599272 -68.292671 72.310066
v -10.460766 -69.105957 73.875580
v -10.699820 -75.037285 74.074608
v -12.537653 -78.483246 75.080231
v -13.940144 -80.869492 75.951500
v -12.096202 -85.847847 75.371246
v -10.077600 -81.735214 75.189323
v -4.870213 -42.779957 70.829117
v -7.006849 -62.227596 72.270691
v -4.654473 -5.426901 66.489426
v -7.401968 -3.989204 66.940025
v -9.358035 -5.187824 68.087631
v -9.243793 -76.176003 74.360191
v -7.948984 -71.281685 72.481949
v -9.681209 -74.494972 72.835487
v -5.293989 -52.696022 72.003342
v -7.666676 -8.722052 68.471146
v -7.359471 -12.630783 68.081245
v -10.189941 -48.606617 73.598808
v -9.253899 -19.185848 71.077919
v -9.996241 -43.032520 74.227592
v -12.857058 -68.188515 76.036041
v -13.289308 -63.787342 77.028572
v -12.146777 -61.758442 76.010284
v -14.231960 -76.531693 76.991776
v -14.915788 -88.299408 75.946045
v -7.405227 -0.143062 70.003357
v -15.780959 -85.958755 78.111572
v -16.746220 -94.462997 76.024826
v -16.680849 -98.255920 74.874649
v -18.424000 -100.013229 76.408318
v -20.196159 -109.255592 75.626053
v -19.463892 -109.773193 74.315903
v -21.965851 -116.319458 77.209702
v -7.673001 -22.320478 71.362228
v -21.503748 -118.449463 74.803429
v -22.968681 -120.172325 76.235825
v -24.119846 -128.013168 74.446609
v -25.806759 -128.004120 76.380722
v -12.999331 -94.190506 75.076775
v -14.890004 -107.193359 74.977036
v -16.524157 -103.650581 74.377037
v -16.648346 -110.347626 74.294548
v -17.532225 -120.557182 75.179451
v -20.286758 -119.736992 74.280823
v -19.933453 -124.617615 74.412300
v -20.096720 -130.191116 75.007111
v -11.278195 -91.101074 75.774979
v -10.169037 -87.610474 76.377960
v -12.264971 -97.882401 76.080132
v -25.806759 -128.004120 76.380722
v -20.096720 -130.191116 75.007111
v -20.092472 -129.992203 81.460106
v -26.028822 -127.701080 79.721390
v -25.267769 -127.519577 82.020836
v -22.728184 -128.552811 82.798660
v -18.779894 -130.281937 79.575386
v -24.119846 -128.013168 74.446609
v -18.328575 -130.022949 77.451569
v 38.617607 117.559235 110.048996
v 39.089317 119.618919 106.299576
v 36.850666 112.821480 104.085548
v 37.997776 116.137459 103.272667
v 36.299767 112.337769 110.652481
v 35.035404 109.758453 105.786079
v 39.098248 122.507324 111.015228
v 32.341568 106.440636 107.595795
v 37.301193 119.455055 115.035141
v 34.555389 112.375946 113.710602
v 37.884754 123.435196 114.465782
v 31.403917 106.873589 110.348587
v 31.228193 104.289520 107.931137
v 35.342625 118.498589 116.885635
v 35.078674 123.792046 118.054169
v 32.568119 114.556610 116.575851
v 30.127640 109.605820 113.398827
v 28.466007 103.776031 109.456429
v 27.767357 101.314720 107.743774
v 31.678976 119.579811 119.057083
v 27.261574 107.492867 112.522911
v 29.748159 116.904129 118.182495
v 31.271688 124.763626 119.507706
v 27.541485 112.036980 114.876526
v 25.378576 102.966728 108.693977
v 27.930773 118.076920 118.204407
v 37.462120 112.156342 108.467712
v 39.389759 117.661140 108.663940
v 36.227074 111.367050 111.801796
v 38.776222 117.544075 111.774605
v 36.018623 115.733849 115.854683
v 37.471462 121.775169 115.812149
v 35.936382 119.265862 117.320190
v 39.098248 122.507324 111.015228
v 37.884754 123.435196 114.465782
v 33.737705 106.997467 110.159920
v 31.420973 106.851753 112.899689
v 30.922062 104.325516 112.632996
v 31.798281 111.514496 116.055435
v 29.440619 108.744102 114.990913
v 29.050764 105.962791 115.347275
v 28.725397 102.327187 113.530647
v 29.484081 100.845390 111.863205
v 32.394218 116.510696 118.601395
v 32.669910 119.697708 119.357239
v 35.078674 123.792046 118.054169
v 27.782433 111.434036 116.410164
v 28.738272 116.279900 118.797386
v 26.035305 105.661194 115.918259
v 26.257698 100.559067 112.475975
v 25.216133 111.318665 117.175896
v 30.042967 120.481010 119.974670
v 31.271688 124.763626 119.507706
v 30.277384 123.726288 120.047714
v 28.340109 99.157417 110.015671
v 33.860870 105.766068 110.514023
v 32.957268 95.398422 112.460030
v 31.121992 92.737923 112.834892
v 31.481922 90.862793 112.429001
v 33.360653 90.672638 110.260201
v 25.880838 113.301682 116.439407
v 24.019413 109.156044 116.523613
v 25.660633 99.009521 110.330536
v 23.008739 106.268936 115.021873
v 26.907902 123.009781 119.046967
v 30.419781 89.306274 108.740898
v 24.988688 118.427444 117.241631
v 28.251680 108.829910 99.424202
v 24.606787 107.456627 102.055923
v 29.755951 105.643440 102.785568
v 24.964169 109.907608 98.825668
v 25.315565 103.112045 106.195030
v 28.720123 101.499382 106.230492
v 21.114052 111.211914 99.733047
v 22.106621 106.412430 105.170029
v 20.820177 109.285332 103.733513
v 27.471046 100.280479 107.065720
v 29.998692 107.826462 98.217346
v 31.244253 105.521828 99.994553
v 32.157505 101.084122 100.461258
v 20.430962 117.403267 105.813889
v 20.846455 120.697105 104.089134
v 19.328709 114.945518 105.065063
v 21.120810 120.813408 105.025665
v 20.429028 111.911636 106.906448
v 19.363253 112.825722 105.819176
v 16.422466 118.391068 103.077034
v 17.179089 124.421219 101.188293
v 13.643379 124.158928 100.631187
v 16.615866 127.423752 99.559486
v 19.791269 128.095093 99.277016
v 22.935726 126.875366 99.718735
v 22.260740 120.400002 103.867882
v 23.927755 123.278900 100.748207
v 13.199406 121.955330 103.064491
v 15.905832 116.987778 104.977852
v 10.873557 121.439369 106.709412
v 12.326892 124.640388 102.063354
v 12.514494 126.176338 101.046021
v 18.446417 113.057663 108.116211
v 9.882562 123.273056 103.391396
v 8.857051 124.119072 106.071320
v 8.774063 126.356911 104.354950
v 9.854287 125.707016 103.112213
v 11.370177 127.360298 103.406631
v 11.016120 129.851578 103.838829
v -19.499432 67.245224 75.142120
v -16.652739 67.377197 76.331711
v -15.474945 63.964958 77.165298
v -20.567919 71.091911 75.063385
v -24.024679 72.235344 74.761398
v -23.366804 75.627403 75.430573
v -25.936094 75.476280 75.083588
v -19.406048 72.347206 76.318367
v -16.412733 68.914719 77.492111
v -25.751503 77.530190 76.613029
v -17.416437 62.798321 77.528915
v -27.376701 76.682312 76.659599
v -14.311902 63.336514 78.919899
v -16.307323 60.481850 78.621330
v -12.728196 60.372131 79.448082
v 16.300737 108.678032 103.336922
v 17.641487 112.239624 101.871315
v 18.226749 109.048241 102.509300
v 19.897989 101.298912 103.867050
v 20.131392 105.024628 102.925232
v 21.948231 102.243530 103.272911
v 14.897096 114.666267 103.469780
v 17.474955 102.892227 105.358459
v 24.570484 100.125237 104.330238
v 24.999012 98.377998 105.543579
v 20.904467 98.834984 105.373207
v 26.508291 99.254631 105.489395
v 24.419455 97.194878 106.818985
v 27.160204 101.054337 103.235413
v 30.166344 100.332497 102.666443
v 23.718842 102.052963 101.501823
v 25.602539 105.318718 100.037781
v 27.780300 105.066093 99.969025
v 24.433195 108.696678 98.386200
v 29.283394 100.854073 102.175179
v 28.728115 106.327675 98.307121
v 21.542702 106.189629 98.991585
v 21.751627 103.848022 100.964775
v 19.268421 109.282867 98.736351
v 29.998692 107.826462 98.217346
v 14.612294 116.241997 102.072372
v 13.672103 121.560745 100.304703
v 10.250782 120.361107 101.404617
v 10.749621 124.926353 100.338348
v 7.566744 123.134369 102.572777
v 16.350197 119.037025 99.381615
v 19.344122 117.458557 99.158310
v 19.197321 112.605270 101.343239
v 18.787210 120.808655 98.337250
v 16.153564 124.101707 98.738312
v 18.749023 125.618645 98.297913
v 9.541372 127.480019 101.239380
v 13.643379 124.158928 100.631187
v 30.599642 103.210236 97.221428
v 7.610513 128.014236 103.136177
v 16.615866 127.423752 99.559486
v 21.915625 120.572357 99.048454
v 21.978724 124.879364 98.737144
v 9.045330 119.979767 103.672852
v 30.844433 101.943573 98.507401
v 31.187260 100.133995 100.892494
v 24.964169 109.907608 98.825668
v 21.114052 111.211914 99.733047
v 19.791269 128.095093 99.277016
v 12.514494 126.176338 101.046021
v 19.185892 111.339783 99.204292
v 22.854620 116.926964 101.336807
v 22.935726 126.875366 99.718735
v 11.016120 129.851578 103.838829
v 30.618868 85.233063 106.197174
v 30.419781 89.306274 108.740898
v 28.277378 84.915894 107.996811
v 29.138529 89.963371 109.428528
v 32.666618 90.777977 104.478844
v 30.840038 90.949188 107.470581
v 33.357708 86.654572 104.719315
v 29.191366 83.243546 108.494247
v 27.683064 83.204796 108.954956
v 32.528770 80.190773 69.306641
v 35.331226 82.006157 69.083969
v 30.724413 77.501274 75.393074
v 35.901333 84.589500 65.232063
v 37.067410 85.187775 66.511124
v 32.901546 79.528870 75.925865
v 29.471289 78.042213 72.730576
v 28.622946 76.652832 75.901299
v 37.446018 88.579498 64.774521
v 35.714764 86.676842 64.102142
v 24.456766 59.288910 112.227829
v 28.465847 58.221973 114.295197
v 28.776340 55.740467 115.105751
v 25.050098 54.387749 115.037086
v 22.323681 56.147141 112.883080
v 20.287884 57.739765 110.222748
v 20.812387 58.709358 110.082619
v 30.991783 58.632759 116.912369
v 30.983099 55.964848 117.507675
v 19.074121 57.732307 108.211525
v 28.272907 53.944290 117.647217
v 32.242378 58.029934 120.317154
v 31.186295 55.853844 120.748589
v -18.152620 70.848175 82.463058
v -17.303249 66.446556 84.109566
v -15.392736 66.632721 82.391273
v -16.121788 64.325386 83.867058
v -19.730303 69.875031 83.623329
v -20.405800 73.528175 81.925598
v -18.564854 72.885887 79.533379
v -22.318743 76.265076 79.120430
v -24.120657 76.245018 80.195076
v -14.883089 66.501465 79.539902
v -14.511951 63.969955 81.354210
v -13.000752 62.096169 83.364082
v -11.737104 62.050983 80.842613
v -16.412733 68.914719 77.492111
v -14.311902 63.336514 78.919899
v -19.406048 72.347206 76.318367
v -23.366804 75.627403 75.430573
v -25.751503 77.530190 76.613029
v -8.030552 60.924610 82.707329
v -15.474945 63.964958 77.165298
v -16.652739 67.377197 76.331711
v -11.908686 60.553421 83.905029
v -15.332625 61.441708 84.321167
v -6.169054 60.110359 84.211021
v -0.782483 60.145775 83.228531
v 12.567562 55.721287 96.898094
v 12.034578 54.782990 101.097351
v 10.362615 54.927944 100.513168
v 9.476029 53.985577 105.050034
v 12.080010 57.553299 92.800949
v 7.389514 54.870827 106.145126
v 7.558622 53.674309 109.981506
v 5.217285 54.874172 111.193100
v 10.196111 57.988552 95.136131
v 11.176793 58.567265 90.922241
v 9.722230 60.021439 90.714523
v 8.981220 56.054077 101.590309
v 11.851660 58.948864 89.912750
v 9.932625 58.009083 98.266930
v 6.415257 54.728706 115.268806
v 4.226228 56.130085 118.482361
v 5.617089 54.810722 118.663460
v 4.303889 56.456249 114.332008
v 5.733842 56.618759 109.555420
v 10.176580 62.591591 91.223358
v 8.483166 56.817753 103.871979
v 4.228040 58.404896 117.146301
v 14.860126 92.849510 85.357376
v 14.317229 88.768593 88.997948
v 16.297064 91.095848 85.889175
v 16.601162 84.273293 89.918312
v 17.700357 83.469742 89.416504
v 13.971543 84.889069 91.051964
v 16.838575 92.227859 83.106705
v 15.286761 94.395622 82.558128
v 17.365074 90.280365 84.293816
v 17.656712 87.581352 85.448143
v 19.238731 82.144920 87.615067
v 19.307444 81.775093 89.127632
v 13.117854 91.608047 86.808418
v 16.184078 92.733177 81.486626
v 11.404003 87.399765 89.644188
v 11.349176 83.896599 91.095314
v 11.558752 92.357857 84.219101
v 8.837264 126.832878 110.461487
v 6.717569 124.390259 107.021881
v 9.101349 124.313606 110.928261
v 7.735187 128.331757 107.538155
v 10.193158 128.157196 113.701614
v 9.760541 125.190483 114.091194
v 6.498607 126.256737 105.080414
v 7.742331 129.233734 104.856934
v 11.589667 126.982361 114.971725
v 7.610513 128.014236 103.136177
v 7.566744 123.134369 102.572777
v 9.045330 119.979767 103.672852
v 8.532395 121.191757 106.092445
v 11.445844 123.567757 113.158203
v 9.910868 122.895187 109.411835
v 10.709125 119.768295 106.327240
v 14.897096 114.666267 103.469780
v 11.496962 124.628403 115.093033
v 14.722355 116.470421 105.491928
v 26.757490 72.916649 111.525772
v 25.628862 70.307037 109.935638
v 25.180143 69.425583 111.564507
v 27.295759 74.909691 109.577164
v 18.937412 62.807880 110.307831
v 22.390701 65.531258 111.706673
v 25.167622 66.749451 112.782433
v 28.686020 73.880402 113.122177
v 19.404034 61.302433 111.388718
v 14.788593 58.996151 108.601250
v 17.655333 61.865688 108.228493
v 13.278358 58.914654 107.293365
v 11.399548 56.592236 107.238724
v 10.683166 57.835354 106.333481
v 21.962286 65.786835 108.675835
v 26.676519 77.559372 110.448166
v 11.197326 70.329597 73.000549
v 10.498595 68.455872 73.333839
v 8.888672 67.226990 79.145058
v 10.032768 68.839577 80.072311
v 12.698651 71.357849 72.724930
v 12.666792 70.132011 71.415985
v 8.027679 68.336021 81.165680
v 6.986540 65.499725 81.994850
v 6.806725 68.320541 83.448204
v 5.448989 65.180901 83.490356
v 6.384146 66.532097 86.740288
v 5.211613 64.333214 84.823967
v 7.336734 68.383827 86.108109
v 2.643430 61.846729 83.963402
v 1.326668 60.470936 82.372726
v 9.442760 66.056885 78.421234
v 12.001654 67.632820 72.106049
v 9.442760 66.056885 78.421234
v 10.722821 65.062080 78.347878
v 8.888672 67.226990 79.145058
v 12.001654 67.632820 72.106049
v 10.498595 68.455872 73.333839
v -5.534845 18.997000 82.413017
v -8.249080 20.126581 81.380142
v -3.702137 15.628925 82.377296
v -9.928387 17.570553 79.983971
v -9.449121 12.240674 78.711067
v -5.062006 23.283176 84.206581
v -10.423459 23.425690 82.419594
v -5.763316 27.197824 85.883629
v -3.958179 13.032144 80.844376
v -6.183322 9.702671 79.514519
v -8.987276 7.122526 77.564194
v -3.379853 6.429973 78.857254
v -6.869222 4.465277 77.109558
v -8.200108 0.002633 75.163895
v -7.695290 -4.228363 74.413315
v -4.391761 -1.887824 76.006561
v -8.686572 -5.272133 73.742081
v -2.016927 -6.038596 75.298088
v -7.730015 -8.653322 72.636841
v -3.325687 4.188373 77.720238
v -2.048356 3.155162 77.721939
v -4.992726 -11.235999 73.797318
v -1.181089 -11.883076 74.238777
v -3.345126 18.119719 82.243507
v -0.725305 -3.891959 75.860451
v -2.424550 -0.719215 77.552399
v -6.178579 -12.676489 73.328102
v -2.221279 -16.008614 74.091309
v -4.396681 -16.995789 73.496735
v -0.699410 -1.015202 77.415131
v -8.597793 27.637733 85.735168
v -6.441671 31.336353 88.063820
v -10.595939 32.742805 87.097328
v -9.195147 34.858078 88.482666
v -6.771608 35.705669 88.965958
v -4.564098 33.591301 89.062218
v -10.908898 30.403431 85.467812
v -4.155662 38.942844 90.665054
v -3.553104 35.462929 88.959427
v -8.602589 40.640751 88.734802
v 0.361612 -15.426588 74.037666
v -3.237862 31.482361 87.649254
v -5.823823 -20.570385 73.596588
v -1.968857 -24.003271 75.230133
v -5.156899 -27.629450 75.380684
v -4.334954 -32.208012 76.243149
v -7.411566 -32.899063 75.272797
v 0.403647 -6.888609 74.252258
v 0.621643 -12.256514 73.818878
v -2.068688 -30.721998 75.818207
v -4.746889 -42.315853 77.229492
v -7.950939 -39.716309 76.882515
v -8.497277 -43.390568 77.764343
v -3.730685 27.366055 84.819962
v -3.157259 20.791584 82.631378
v -1.523022 38.497143 88.690041
v -7.669522 -47.466640 79.081932
v 7.760306 58.419323 109.664932
v 6.446532 58.884277 114.520645
v 7.783874 57.707603 113.917572
v 10.470750 56.696983 108.246399
v 7.012905 59.386086 118.604141
v 10.683166 57.835354 106.333481
v 11.399548 56.592236 107.238724
v 24.859930 81.172592 109.516380
v 21.276722 85.778648 107.750099
v 24.627941 82.443604 108.153992
v 27.259863 78.802757 108.923615
v 26.676519 77.559372 110.448166
v 27.295759 74.909691 109.577164
v 29.538233 73.294273 108.914154
v 28.355989 80.576256 108.358009
v 24.338976 84.615135 107.843460
v 21.945141 89.102386 107.867584
v 20.239992 89.108414 108.453964
v 26.808653 70.318069 108.881126
v 31.005964 79.658279 109.181702
v 22.793648 91.746429 108.491966
v 21.930517 93.625145 109.333290
v 27.683064 83.204796 108.954956
v 25.595667 67.657372 108.282013
v 21.962286 65.786835 108.675835
v 24.257549 89.222847 109.529755
v 26.138880 85.374077 109.363007
v 31.258776 73.347610 110.388031
v 30.230761 69.355965 111.253418
v 25.651012 63.808563 109.336449
v 23.238228 63.068081 107.567627
v 19.592056 61.973602 107.023987
v 19.607477 60.482533 106.440773
v 16.233442 60.538765 104.951561
v 21.329666 59.495327 108.097839
v 18.793692 58.641701 105.747742
v 25.628862 70.307037 109.935638
v 17.655333 61.865688 108.228493
v 31.337175 80.641373 110.749809
v 34.169407 87.912552 103.495239
v 33.903809 83.466698 105.919815
v 33.581264 83.165314 104.942833
v 33.034122 86.015121 102.817131
v 32.781605 89.156555 102.653099
v 31.883511 81.234726 106.973869
v 31.287628 82.669456 104.466003
v 28.355989 80.576256 108.358009
v 31.005964 79.658279 109.181702
v 27.302139 82.694679 105.312439
v 26.633080 83.340149 107.352188
v 24.795805 86.398224 106.457359
v 27.035755 85.300552 103.980133
v 26.867521 88.855446 104.189003
v 30.464214 91.010849 104.022537
v 24.999788 89.326607 106.567337
v 20.830364 83.603760 90.985565
v 16.785131 85.876328 91.896469
v 19.882502 85.585030 93.061630
v 16.601162 84.273293 89.918312
v 17.700357 83.469742 89.416504
v 19.307444 81.775093 89.127632
v 13.971543 84.889069 91.051964
v 17.093174 86.678970 94.890907
v 12.511530 84.965897 92.914169
v 11.349176 83.896599 91.095314
v 21.414894 84.317276 94.903183
v 22.049450 82.534798 92.087433
v 19.114100 85.157028 96.161324
v 16.998438 103.743851 108.114075
v 17.474955 102.892227 105.358459
v 19.324286 100.008850 108.122581
v 15.221969 107.466782 105.863350
v 15.578924 107.311310 107.574280
v 20.904467 98.834984 105.373207
v 21.454557 97.575272 108.218407
v 19.897989 101.298912 103.867050
v 16.300737 108.678032 103.336922
v 14.897096 114.666267 103.469780
v 14.939793 114.725365 104.937737
v 14.722355 116.470421 105.491928
v 24.419455 97.194878 106.818985
v -3.325687 4.188373 77.720238
v -2.424550 -0.719215 77.552399
v -0.699410 -1.015202 77.415131
v -2.048356 3.155162 77.721939
v 28.720123 101.499382 106.230492
v 26.508291 99.254631 105.489395
v 30.166344 100.332497 102.666443
v 32.157505 101.084122 100.461258
v 31.187260 100.133995 100.892494
v 27.471046 100.280479 107.065720
v 24.419455 97.194878 106.818985
v 11.016120 129.851578 103.838829
v 9.738320 130.295807 104.231789
v 9.944799 129.905884 108.989655
v 11.222816 128.693192 111.794220
v 9.541372 127.480019 101.239380
v 9.191500 126.635582 107.078964
v 11.004973 126.776146 110.438736
v 10.248242 124.260254 109.177559
v 8.857051 124.119072 106.071320
v 8.774063 126.356911 104.354950
v 10.873557 121.439369 106.709412
v 9.910868 122.895187 109.411835
v 11.445844 123.567757 113.158203
v 11.589667 126.982361 114.971725
v 11.496962 124.628403 115.093033
v 11.173900 128.245789 107.585617
v 11.370177 127.360298 103.406631
v 10.709125 119.768295 106.327240
v 9.932768 127.827156 105.625328
v 9.854287 125.707016 103.112213
v 41.275642 94.273048 74.367271
v 39.502861 89.980286 73.657257
v 38.057625 90.519112 71.536255
v 37.277122 88.241882 72.126724
v 36.571453 85.390884 72.807861
v 40.235863 95.295242 73.203461
v 40.331062 90.600357 75.798096
v 41.147263 96.342361 76.260231
v -2.240858 55.439960 83.397682
v -0.634457 56.134129 85.021561
v -4.165778 57.091404 84.914810
v -8.260178 57.238914 83.084892
v -10.399934 58.865025 84.262856
v -13.344608 59.170776 83.133682
v -14.250690 58.952061 81.003815
v -16.746502 60.230492 83.147255
v -18.064917 60.765263 80.328926
v 26.618336 90.010635 83.981415
v 24.070543 89.477753 86.447624
v 25.556234 86.659775 83.719681
v 25.128799 91.789917 86.163612
v 27.252228 93.522476 84.681915
v 27.277662 95.359543 86.498726
v 24.486790 86.980400 86.053505
v 25.655045 86.172592 84.730400
v 6.858280 61.921734 119.685356
v 4.710644 61.411175 120.178513
v 5.604813 65.152763 123.917603
v 4.848596 59.521915 118.384102
v 4.227121 65.012253 125.700882
v 6.122316 67.024597 128.674973
v 7.112319 64.112473 122.658302
v 4.263184 65.042892 129.928146
v 3.510256 62.866531 125.607269
v 3.499456 59.023930 121.350571
v 5.928421 66.276428 131.080917
v 7.012905 59.386086 118.604141
v 12.698651 71.357849 72.724930
v 10.032768 68.839577 80.072311
v 12.119767 69.381554 78.552261
v 13.638757 70.647079 74.666603
v 12.816036 68.931290 80.306252
v 14.415670 69.603683 72.830132
v 13.319257 67.802834 77.521896
v 12.857429 66.128540 79.660751
v 12.871313 63.934555 81.186470
v 13.553308 67.774467 73.232956
v 12.666792 70.132011 71.415985
v 1.326668 60.470936 82.372726
v -5.086189 59.457214 81.791199
v -0.782483 60.145775 83.228531
v 2.643430 61.846729 83.963402
v -8.030552 60.924610 82.707329
v -9.236484 59.967705 81.049080
v 0.472795 58.291458 81.694702
v 3.164449 60.370819 81.631821
v 1.766622 56.910343 80.813141
v 6.986540 65.499725 81.994850
v -7.212164 57.770290 81.749580
v -1.208317 56.143627 81.977394
v -12.728196 60.372131 79.448082
v -11.737104 62.050983 80.842613
v -14.311902 63.336514 78.919899
v 22.323681 56.147141 112.883080
v 25.050098 54.387749 115.037086
v 21.883402 56.252014 114.089943
v 20.287884 57.739765 110.222748
v 26.327713 54.469772 118.426559
v 28.272907 53.944290 117.647217
v 19.514494 59.054211 111.000359
v 19.074121 57.732307 108.211525
v 24.795576 56.080032 118.310753
v 21.172941 57.988323 113.757782
v 30.003523 57.096260 121.540932
v 31.186295 55.853844 120.748589
v 25.647802 61.870708 114.799500
v 20.821287 59.929703 111.254326
v 25.873430 61.936676 116.960213
v 23.031654 59.769737 115.648300
v 26.841467 59.345379 119.943077
v 30.557005 58.856773 121.310593
v 30.546093 60.567135 119.751060
v -10.912541 39.486126 54.562061
v -9.170899 42.239880 50.718662
v -9.133645 40.949135 50.024811
v -10.737995 38.782551 53.402435
v -10.813595 36.923336 54.580456
v -6.856610 44.207863 48.588913
v -4.376107 43.812641 46.482311
v -11.899570 36.320496 55.478615
v -3.479154 44.908394 46.151245
v 20.429028 111.911636 106.906448
v 18.446417 113.057663 108.116211
v 20.915833 115.682121 110.776581
v 27.413406 71.429054 78.677597
v 30.614504 73.144234 78.955681
v 23.451614 68.063202 81.034500
v 30.489143 75.082298 76.486870
v 33.894157 77.515106 76.405746
v 21.750092 68.122437 80.327995
v 20.069363 66.034470 83.772934
v 14.579637 65.631905 82.680466
v 14.309856 64.711388 84.205589
v 30.724413 77.501274 75.393074
v 25.100191 73.506012 77.672539
v 28.622946 76.652832 75.901299
v 15.267262 67.735687 81.661240
v 12.816036 68.931290 80.306252
v 19.490093 70.236488 79.985580
v 13.614028 72.651535 79.582474
v 10.553252 73.739647 78.788422
v 10.032768 68.839577 80.072311
v 12.921944 77.846184 78.765442
v 32.901546 79.528870 75.925865
v 15.236676 77.241982 79.744286
v 16.274084 71.398842 81.376015
v 14.677217 84.509033 80.089546
v 34.269341 82.375999 77.279266
v 12.871313 63.934555 81.186470
v 35.531170 81.208389 78.471359
v 17.144369 82.396942 77.078651
v 18.224346 79.762703 77.309631
v 20.690025 77.225067 77.415276
v 26.090229 83.510422 69.310265
v 20.413267 88.798897 71.011955
v 27.244473 88.550003 66.871338
v 16.534321 92.863190 72.753853
v 16.834543 95.305779 71.514542
v 31.700201 83.343010 66.516159
v 23.740911 96.156448 67.307999
v 24.414930 100.749855 65.618454
v 18.995014 102.918358 68.232094
v 26.530567 99.778931 64.740639
v 24.813795 92.567154 67.954704
v 15.731174 101.431656 71.352646
v 35.714764 86.676842 64.102142
v 29.309118 80.871811 69.488976
v 28.767063 92.057800 66.052887
v 27.479952 96.979004 66.152649
v 27.645983 92.668961 66.769005
v 15.494592 95.620911 73.343155
v 20.451580 75.286766 79.203247
v 24.675838 75.829735 77.239594
v 29.471289 78.042213 72.730576
v 35.901333 84.589500 65.232063
v 32.528770 80.190773 69.306641
v 16.427210 85.960884 76.724899
v 35.803539 89.998764 64.349930
v 15.383698 88.843430 77.988968
v 16.848551 105.180679 71.918304
v 14.912211 89.996307 80.546814
v 37.446018 88.579498 64.774521
v 26.633080 83.340149 107.352188
v 28.277378 84.915894 107.996811
v 25.348696 88.130081 108.608093
v 29.138529 89.963371 109.428528
v 27.465349 91.900711 108.734489
v 24.795805 86.398224 106.457359
v 27.683064 83.204796 108.954956
v 28.355989 80.576256 108.358009
v 24.999788 89.326607 106.567337
v 2.627708 45.403694 47.378811
v 1.327710 47.085068 47.849922
v 3.416716 46.606922 52.104343
v 4.146554 45.384472 52.046124
v 1.500688 45.318752 45.952415
v 4.749560 43.958973 56.949009
v 0.030527 46.599827 46.515968
v 5.724997 59.957554 128.097168
v 4.613432 57.877399 124.685722
v 5.986987 55.920437 121.791794
v 7.164818 58.568081 125.338501
v 7.531489 64.124054 129.395264
v 5.790405 64.332748 131.088806
v 7.873876 60.033947 125.120972
v 7.111675 55.787952 119.379486
v 5.928421 66.276428 131.080917
v 7.908559 60.101665 120.674751
v 7.714683 64.851494 126.304047
v 7.012905 59.386086 118.604141
v 7.783874 57.707603 113.917572
v 7.533095 55.838188 114.673958
v 10.470750 56.696983 108.246399
v 7.112319 64.112473 122.658302
v 6.122316 67.024597 128.674973
v 6.858280 61.921734 119.685356
v 30.464214 91.010849 104.022537
v 27.063562 91.007080 105.363564
v 28.902952 92.050743 106.347504
v 27.465349 91.900711 108.734489
v 32.666618 90.777977 104.478844
v 32.781605 89.156555 102.653099
v 26.867521 88.855446 104.189003
v 24.999788 89.326607 106.567337
v 30.840038 90.949188 107.470581
v 34.169407 87.912552 103.495239
v 15.831191 57.062698 107.791443
v 19.074121 57.732307 108.211525
v 19.514494 59.054211 111.000359
v 14.804315 57.594948 108.391602
v 13.258623 55.725204 105.735909
v 11.399548 56.592236 107.238724
v 12.008742 55.739262 104.575844
v 14.475667 56.057106 101.360878
v 17.616707 57.917313 103.160431
v 12.034578 54.782990 101.097351
v 10.455556 54.287640 106.100060
v 9.476029 53.985577 105.050034
v 7.558622 53.674309 109.981506
v 9.718932 54.998985 109.211517
v 7.533095 55.838188 114.673958
v 6.415257 54.728706 115.268806
v 5.617089 54.810722 118.663460
v 7.111675 55.787952 119.379486
v 5.986987 55.920437 121.791794
v 7.164818 58.568081 125.338501
v 10.470750 56.696983 108.246399
v 27.683064 83.204796 108.954956
v 26.138880 85.374077 109.363007
v 27.085201 84.441376 111.354172
v 24.257549 89.222847 109.529755
v 24.264435 89.170403 110.600807
v 30.091793 82.661690 111.357407
v 23.622847 89.152519 111.540657
v 29.191366 83.243546 108.494247
v 31.337175 80.641373 110.749809
v 31.651941 81.711044 108.765060
v 30.618868 85.233063 106.197174
v 33.357708 86.654572 104.719315
v 33.903809 83.466698 105.919815
v 31.005964 79.658279 109.181702
v 31.883511 81.234726 106.973869
v 29.534668 80.583473 112.859474
v 31.337917 74.675140 112.029915
v 29.943419 72.648872 113.301346
v 30.230761 69.355965 111.253418
v 27.707220 67.761879 113.181198
v 27.217226 65.295769 111.078644
v 24.448462 63.210243 111.638527
v 25.015354 84.374153 112.274460
v 30.599642 103.210236 97.221428
v 31.868752 103.613472 98.461212
v 30.844433 101.943573 98.507401
v 32.157505 101.084122 100.461258
v 31.187260 100.133995 100.892494
v 29.998692 107.826462 98.217346
v 31.244253 105.521828 99.994553
v -25.751503 77.530190 76.613029
v -27.376701 76.682312 76.659599
v -24.120657 76.245018 80.195076
v -25.713047 74.868652 79.989723
v -22.416576 72.010109 82.632172
v -20.405800 73.528175 81.925598
v -19.730303 69.875031 83.623329
v -17.303249 66.446556 84.109566
v -19.724312 66.556763 83.729286
v -16.121788 64.325386 83.867058
v -18.889372 63.593304 82.663902
v -23.312750 69.317993 82.141449
v -15.332625 61.441708 84.321167
v -16.746502 60.230492 83.147255
v -25.251009 70.300171 79.993256
v -22.325249 65.167427 79.954582
v -13.344608 59.170776 83.133682
v -11.908686 60.553421 83.905029
v -19.383575 62.710754 80.163826
v -18.064917 60.765263 80.328926
v 14.089625 81.841270 93.058182
v 14.159191 83.110985 95.506828
v 13.981317 80.376396 93.392311
v 13.821301 79.065865 95.090919
v 0.030527 46.599827 46.515968
v 1.500688 45.318752 45.952415
v -3.479154 44.908394 46.151245
v -4.376107 43.812641 46.482311
v -2.838456 46.437500 48.284760
v -6.856610 44.207863 48.588913
v 1.327710 47.085068 47.849922
v -0.335599 47.052280 51.164574
v 3.416716 46.606922 52.104343
v 30.840038 90.949188 107.470581
v 33.360653 90.672638 110.260201
v 30.419781 89.306274 108.740898
v 33.275425 93.169533 109.339989
v 33.860870 105.766068 110.514023
v 33.207493 99.388626 108.860397
v 32.888462 106.231651 107.375229
v 33.737705 106.997467 110.159920
v 35.035404 109.758453 105.786079
v 37.462120 112.156342 108.467712
v 36.850666 112.821480 104.085548
v 37.997776 116.137459 103.272667
v 32.957268 95.398422 112.460030
v 39.389759 117.661140 108.663940
v 39.089317 119.618919 106.299576
v 39.098248 122.507324 111.015228
v 37.446018 88.579498 64.774521
v 35.803539 89.998764 64.349930
v 37.206741 86.810371 66.143295
v 35.667057 85.851784 65.606194
v 35.746498 84.297096 68.079742
v 34.146160 83.169876 68.015396
v 21.860441 88.703201 71.685814
v 24.999632 84.417511 71.110886
v 26.821278 86.784271 68.459167
v 19.600628 83.319862 76.951622
v 18.309359 90.546768 73.778107
v 18.182251 94.112091 71.867348
v 20.352146 79.951370 79.094124
v 28.925810 83.328865 69.187767
v 32.532600 85.809723 66.053665
v 22.747976 95.106041 68.979462
v 24.414930 100.749855 65.618454
v 18.995014 102.918358 68.232094
v 27.645983 92.668961 66.769005
v 28.767063 92.057800 66.052887
v 17.115862 101.898109 70.545761
v 25.355797 93.280434 68.577232
v 27.479952 96.979004 66.152649
v 26.530567 99.778931 64.740639
v 25.127712 80.843246 74.788811
v 32.040146 81.837517 69.784271
v 16.752361 95.819000 73.764854
v 18.773890 84.388199 77.884949
v 25.152929 78.411293 78.544357
v 29.612169 80.977219 72.528633
v 16.848551 105.180679 71.918304
v 28.313913 80.185272 75.500633
v 21.277140 79.533928 80.401787
v 20.812387 58.709358 110.082619
v 24.448462 63.210243 111.638527
v 20.821287 59.929703 111.254326
v 25.167622 66.749451 112.782433
v 19.404034 61.302433 111.388718
v 19.514494 59.054211 111.000359
v 14.804315 57.594948 108.391602
v 14.788593 58.996151 108.601250
v 11.399548 56.592236 107.238724
v 2.643430 61.846729 83.963402
v -0.782483 60.145775 83.228531
v 0.059239 59.441139 84.818512
v 4.779675 61.166290 85.017548
v 5.211613 64.333214 84.823967
v 6.893116 63.967781 86.151192
v -0.634457 56.134129 85.021561
v -4.165778 57.091404 84.914810
v -6.347144 58.944023 84.822426
v -10.399934 58.865025 84.262856
v -11.908686 60.553421 83.905029
v -13.344608 59.170776 83.133682
v -6.169054 60.110359 84.211021
v 6.384146 66.532097 86.740288
v -3.209049 45.907211 89.142937
v -3.258856 41.420330 89.365692
v 0.096790 48.341187 88.942307
v -8.602589 40.640751 88.734802
v -3.239813 49.277252 88.544083
v 3.167809 52.721054 89.040977
v 2.099287 54.451149 88.533760
v -8.813339 43.310791 87.912766
v 7.299033 57.929638 90.513672
v 8.882792 55.711285 90.028862
v 11.176793 58.567265 90.922241
v 9.722230 60.021439 90.714523
v 7.775449 63.959496 87.783684
v -3.800214 51.716919 86.920036
v 2.432902 57.453144 87.149231
v -4.155662 38.942844 90.665054
v -10.766032 37.887566 86.937004
v -9.195147 34.858078 88.482666
v -10.595939 32.742805 87.097328
v -1.546670 41.601097 88.806549
v 4.432313 52.165161 88.717606
v 10.176580 62.591591 91.223358
v -8.299267 45.629040 86.452881
v -2.240858 55.439960 83.397682
v -11.537379 34.310509 85.396378
v -10.058624 41.593987 85.771820
v -5.380150 50.702183 84.494507
v -10.908898 30.403431 85.467812
v -11.629661 26.594000 82.103043
v -10.423459 23.425690 82.419594
v -11.328225 21.225826 79.518707
v -9.928387 17.570553 79.983971
v -10.941825 15.311402 77.413551
v 5.194801 50.959896 87.122986
v -9.449121 12.240674 78.711067
v -10.683248 10.362702 76.151718
v 5.790405 64.332748 131.088806
v 4.521724 61.679020 128.902756
v 5.724997 59.957554 128.097168
v 4.613432 57.877399 124.685722
v 4.263184 65.042892 129.928146
v 3.546636 60.507610 125.384460
v 4.273605 57.053307 121.164246
v 3.499456 59.023930 121.350571
v 3.510256 62.866531 125.607269
v 5.986987 55.920437 121.791794
v 4.226228 56.130085 118.482361
v 5.617089 54.810722 118.663460
v 5.928421 66.276428 131.080917
v 4.848596 59.521915 118.384102
v 4.228040 58.404896 117.146301
v 17.093174 86.678970 94.890907
v 13.382957 84.787888 95.364983
v 16.183702 85.289566 96.265945
v 12.883310 83.312180 96.180984
v 19.114100 85.157028 96.161324
v 12.511530 84.965897 92.914169
v 10.529984 81.750679 93.513855
v 9.899564 81.380249 90.813042
v 11.349176 83.896599 91.095314
v 10.082878 77.275482 92.703903
v 8.258986 83.205330 89.630325
v 11.404003 87.399765 89.644188
v 9.767608 89.031326 87.283844
v 7.304447 82.549591 88.375130
v 8.279660 88.281708 83.964584
v 13.117854 91.608047 86.808418
v 11.558752 92.357857 84.219101
v 6.869580 84.488457 84.365715
v 8.814769 74.479073 89.403625
v 6.579198 73.694099 86.404213
v 5.886607 78.808586 84.751221
v 8.540419 67.773285 87.366516
v 12.615424 78.978676 95.499100
v 10.363173 71.294762 91.280075
v 7.336734 68.383827 86.108109
v 6.063748 72.730911 83.945068
v 6.806725 68.320541 83.448204
v 10.626796 65.987564 89.133537
v 7.775449 63.959496 87.783684
v 6.384146 66.532097 86.740288
v 6.893116 63.967781 86.151192
v 6.379118 75.543709 81.944420
v 6.689443 80.435852 81.843758
v 9.944799 129.905884 108.989655
v 10.193158 128.157196 113.701614
v 11.222816 128.693192 111.794220
v 11.589667 126.982361 114.971725
v 9.738320 130.295807 104.231789
v 7.742331 129.233734 104.856934
v 7.735187 128.331757 107.538155
v 7.610513 128.014236 103.136177
v 9.541372 127.480019 101.239380
v 22.375793 95.219749 110.961197
v 21.930517 93.625145 109.333290
v 21.284412 92.505615 110.259277
v 20.239992 89.108414 108.453964
v 19.979864 87.637428 109.496773
v 21.454557 97.575272 108.218407
v 21.705553 99.205284 109.681664
v 21.276722 85.778648 107.750099
v 24.859930 81.172592 109.516380
v 24.009792 98.184837 111.119118
v 24.051081 100.175293 110.880875
v 24.413765 94.547554 112.656677
v 22.312391 88.222786 111.640114
v 20.417032 103.955299 109.928436
v 24.807070 81.670113 111.261925
v 25.015354 84.374153 112.274460
v 27.689213 76.753471 112.261032
v 28.013880 80.332756 112.937759
v 18.964289 103.410645 109.768890
v 18.281866 109.597336 109.304184
v 17.040651 106.879303 109.166252
v 15.756375 114.610664 106.238716
v 18.446417 113.057663 108.116211
v 23.622847 89.152519 111.540657
v 29.534668 80.583473 112.859474
v 28.686020 73.880402 113.122177
v 29.943419 72.648872 113.301346
v 27.707220 67.761879 113.181198
v 25.167622 66.749451 112.782433
v 26.757490 72.916649 111.525772
v 24.448462 63.210243 111.638527
v 15.905832 116.987778 104.977852
v 16.998438 103.743851 108.114075
v 15.578924 107.311310 107.574280
v 19.324286 100.008850 108.122581
v 14.939793 114.725365 104.937737
v 26.676519 77.559372 110.448166
v 14.722355 116.470421 105.491928
v 10.709125 119.768295 106.327240
v 10.873557 121.439369 106.709412
v 25.660633 99.009521 110.330536
v 26.992496 93.957893 111.033165
v 28.340109 99.157417 110.015671
v 28.728127 94.172348 110.677589
v 27.864105 92.189613 110.439682
v 31.121992 92.737923 112.834892
v 25.986723 91.857750 109.674370
v 29.484081 100.845390 111.863205
v 26.257698 100.559067 112.475975
v 23.008739 106.268936 115.021873
v 20.715771 105.630867 112.542526
v 21.126156 111.916870 114.682365
v 24.019413 109.156044 116.523613
v 25.216133 111.318665 117.175896
v 22.846542 115.221756 114.321869
v 25.880838 113.301682 116.439407
v 24.988688 118.427444 117.241631
v 22.496904 119.741211 114.479958
v 24.770094 123.072479 117.368080
v 26.907902 123.009781 119.046967
v 26.847092 125.209991 118.358208
v 30.277384 123.726288 120.047714
v 19.196520 111.517303 111.760696
v 22.523119 123.406120 114.091560
v 23.649784 125.315155 114.511528
v 20.915833 115.682121 110.776581
v 19.673460 114.268028 111.280716
v 20.944801 122.074203 108.950775
v 31.271688 124.763626 119.507706
v 21.178173 124.610649 106.208496
v 22.427971 125.721550 109.052963
v 20.430962 117.403267 105.813889
v 15.286761 94.395622 82.558128
v 14.642903 92.991875 80.917000
v 12.375960 92.412987 81.446053
v 11.558752 92.357857 84.219101
v 8.279660 88.281708 83.964584
v 9.164998 86.660309 80.728249
v 6.689443 80.435852 81.843758
v 6.869580 84.488457 84.365715
v 8.045439 78.266029 79.694374
v 12.691639 89.637611 80.172699
v 6.379118 75.543709 81.944420
v 10.847239 81.024933 78.768051
v 8.027679 68.336021 81.165680
v 10.553252 73.739647 78.788422
v 10.032768 68.839577 80.072311
v 12.921944 77.846184 78.765442
v 14.912211 89.996307 80.546814
v 14.677217 84.509033 80.089546
v 16.184078 92.733177 81.486626
v 6.806725 68.320541 83.448204
v 35.570152 103.660126 89.271927
v 34.035110 103.046165 91.670647
v 33.974850 101.368736 93.934555
v 37.246639 102.470749 87.320190
v 33.894157 77.515106 76.405746
v 33.468884 77.072296 79.621933
v 30.614504 73.144234 78.955681
v 35.531170 81.208389 78.471359
v 28.597565 72.536697 82.962959
v 24.182266 68.427284 83.424751
v 22.497906 68.850647 86.270805
v 18.764469 66.681488 87.254044
v 32.986076 79.704498 82.022064
v 28.679600 76.550911 84.997849
v 21.630276 71.003593 88.587875
v 28.972296 79.414558 85.226082
v 22.799580 75.034042 88.518074
v 20.908468 76.097664 92.094711
v 24.049431 84.532722 90.757523
v 21.584345 80.520844 92.986923
v 25.588324 80.047958 86.214691
v 28.384951 86.394119 85.607048
v 30.735283 83.019394 82.510651
v 35.872452 88.626015 81.020096
v 35.378754 93.974113 84.169556
v 38.002048 88.293594 78.691017
v 39.968479 93.614044 79.010178
v 37.990849 97.281792 83.283974
v 34.154686 83.074646 78.799995
v 20.355089 71.675415 90.874657
v 39.913612 97.223755 79.881004
v 29.679871 90.959488 88.625023
v 32.474968 81.949356 82.204155
v 40.331062 90.600357 75.798096
v 28.375109 91.774948 93.068382
v 41.147263 96.342361 76.260231
v 35.878098 96.346550 87.357742
v 38.091743 100.516350 85.964073
v 35.686375 98.564285 89.429214
v 32.269058 96.750549 94.714256
v 33.897949 98.316055 92.939972
v 33.438656 99.649872 95.471954
v 34.689415 82.233879 75.292870
v 34.269341 82.375999 77.279266
v 32.901546 79.528870 75.925865
v 41.275642 94.273048 74.367271
v 35.331226 82.006157 69.083969
v 36.571453 85.390884 72.807861
v 37.067410 85.187775 66.511124
v 37.277122 88.241882 72.126724
v 37.206741 86.810371 66.143295
v 37.446018 88.579498 64.774521
v 24.558701 87.131577 91.935631
v 22.049450 82.534798 92.087433
v 21.414894 84.317276 94.903183
v 21.421556 69.875839 90.445732
v 19.256685 68.698967 92.178719
v 17.685345 64.982994 95.074173
v 19.596285 65.139435 93.203156
v 17.080727 62.062050 98.319008
v 18.055496 60.500496 98.279762
v 14.309856 64.711388 84.205589
v 20.069363 66.034470 83.772934
v 14.243039 64.735245 86.116631
v 17.230055 65.991997 87.597000
v 23.451614 68.063202 81.034500
v 20.415081 67.222176 89.668777
v 14.936696 58.595791 96.002281
v 17.487028 58.238884 98.532158
v 14.475667 56.057106 101.360878
v 16.996155 60.235397 93.685432
v 14.405061 58.586208 93.964211
v 14.143250 62.016956 88.513512
v 11.851660 58.948864 89.912750
v 12.080010 57.553299 92.800949
v 12.567562 55.721287 96.898094
v 12.034578 54.782990 101.097351
v 17.616707 57.917313 103.160431
v 18.971485 63.427177 93.034401
v 16.481760 63.956631 89.698845
v 14.593188 62.395462 87.264748
v 12.941909 58.794601 88.036522
v 13.160407 60.432331 84.932213
v 9.696030 55.491508 85.026230
v 10.058962 55.390663 87.998604
v 5.194801 50.959896 87.122986
v 3.737916 49.010807 84.728401
v 17.645578 59.981583 103.697762
v 18.793692 58.641701 105.747742
v 19.074121 57.732307 108.211525
v 21.329666 59.495327 108.097839
v 20.812387 58.709358 110.082619
v 25.651012 63.808563 109.336449
v 24.448462 63.210243 111.638527
v 27.217226 65.295769 111.078644
v 30.230761 69.355965 111.253418
v 19.607477 60.482533 106.440773
v 8.882792 55.711285 90.028862
v 11.176793 58.567265 90.922241
v 30.546093 60.567135 119.751060
v 30.557005 58.856773 121.310593
v 32.242378 58.029934 120.317154
v 30.003523 57.096260 121.540932
v 31.186295 55.853844 120.748589
v 31.836576 104.741478 88.341408
v 31.803972 102.231331 90.747047
v 33.132565 102.266830 91.216629
v 21.114052 111.211914 99.733047
v 19.185892 111.339783 99.204292
v 20.159554 111.835358 101.842758
v 19.197321 112.605270 101.343239
v 17.641487 112.239624 101.871315
v 1.932885 39.907150 63.480965
v -1.653092 35.505913 68.127350
v -0.888269 36.259892 66.969879
v -3.715448 30.634912 70.363029
v -0.840433 39.167217 65.096481
v 1.919569 43.752430 59.603371
v 4.019840 42.261593 60.033447
v 4.749560 43.958973 56.949009
v 3.416716 46.606922 52.104343
v 33.132565 102.266830 91.216629
v 31.803972 102.231331 90.747047
v 34.035110 103.046165 91.670647
v 33.613899 98.913559 91.601982
v 32.571804 98.801582 92.009979
v 25.986723 91.857750 109.674370
v 24.264435 89.170403 110.600807
v 24.257549 89.222847 109.529755
v 24.936136 92.260727 111.693993
v 23.622847 89.152519 111.540657
v 26.992496 93.957893 111.033165
v 24.413765 94.547554 112.656677
v 25.986723 91.857750 109.674370
v 27.465349 91.900711 108.734489
v 27.864105 92.189613 110.439682
v 29.138529 89.963371 109.428528
v 30.419781 89.306274 108.740898
v 31.481922 90.862793 112.429001
v 31.121992 92.737923 112.834892
v 20.812387 58.709358 110.082619
v 20.821287 59.929703 111.254326
v 22.361380 60.156185 111.425812
v 25.647802 61.870708 114.799500
v 24.456766 59.288910 112.227829
v 28.229734 60.296364 114.972733
v 28.465847 58.221973 114.295197
v 30.991783 58.632759 116.912369
v 30.546093 60.567135 119.751060
v 32.242378 58.029934 120.317154
v 25.873430 61.936676 116.960213
v -6.822870 29.443893 69.545769
v -7.674553 29.188818 69.697464
v -9.304318 27.150799 68.742554
v -8.802397 27.348738 68.000343
v -3.715448 30.634912 70.363029
v 22.260740 120.400002 103.867882
v 20.846455 120.697105 104.089134
v 21.120810 120.813408 105.025665
v 20.430962 117.403267 105.813889
v 20.429028 111.911636 106.906448
v 20.915833 115.682121 110.776581
v -7.405227 -0.143062 70.003357
v -9.358035 -5.187824 68.087631
v -9.523172 -3.591546 71.157455
v 34.169407 87.912552 103.495239
v 32.666618 90.777977 104.478844
v 33.903809 83.466698 105.919815
v 31.337175 80.641373 110.749809
v 31.337917 74.675140 112.029915
v 31.258776 73.347610 110.388031
v 30.230761 69.355965 111.253418
v -7.212164 57.770290 81.749580
v -1.208317 56.143627 81.977394
v -2.240858 55.439960 83.397682
v -19.383575 62.710754 80.163826
v -16.307323 60.481850 78.621330
v -18.064917 60.765263 80.328926
v -17.416437 62.798321 77.528915
v -20.702265 64.788811 76.720039
v -22.325249 65.167427 79.954582
v -23.748915 67.913696 76.485191
v -14.250690 58.952061 81.003815
v -26.063137 71.277817 77.139565
v -25.251009 70.300171 79.993256
v -25.936094 75.476280 75.083588
v -24.024679 72.235344 74.761398
v -27.376701 76.682312 76.659599
v -19.499432 67.245224 75.142120
v -12.728196 60.372131 79.448082
v -8.260178 57.238914 83.084892
v 21.178173 124.610649 106.208496
v 21.120810 120.813408 105.025665
v 20.430962 117.403267 105.813889
v 14.847099 61.353352 98.331764
v 14.183079 61.061420 94.788879
v 12.622958 58.927120 101.126816
v 14.521159 63.104702 92.190079
v 16.004589 60.996593 101.091469
v 17.080727 62.062050 98.319008
v 17.685345 64.982994 95.074173
v 12.768019 60.729599 96.726158
v 10.765892 59.111290 99.284225
v 9.569102 57.945103 105.261383
v 8.483166 56.817753 103.871979
v 10.683166 57.835354 106.333481
v 15.794185 64.557922 93.821762
v 18.055496 60.500496 98.279762
v 17.645578 59.981583 103.697762
v 9.932625 58.009083 98.266930
v 11.859414 61.870239 94.635323
v 16.233442 60.538765 104.951561
v 10.176580 62.591591 91.223358
v 11.374553 65.110809 89.598640
v 7.775449 63.959496 87.783684
v 7.760306 58.419323 109.664932
v 5.733842 56.618759 109.555420
v 6.446532 58.884277 114.520645
v 4.228040 58.404896 117.146301
v 4.848596 59.521915 118.384102
v 7.012905 59.386086 118.604141
v 13.278358 58.914654 107.293365
v 17.655333 61.865688 108.228493
v 19.592056 61.973602 107.023987
v 14.549378 64.973259 89.986572
v 17.744535 68.638306 90.953217
v 19.256685 68.698967 92.178719
v 17.412016 70.102913 90.005791
v 20.355089 71.675415 90.874657
v 19.607477 60.482533 106.440773
v 17.645578 59.981583 103.697762
v 16.233442 60.538765 104.951561
vn 0.8293 0.4043 -0.3858
vn 0.9079 -0.3328 -0.2548
vn 0.9595 -0.1553 0.2348
vn 0.9545 -0.1561 0.2542
vn 0.9394 -0.0669 0.3363
vn 0.7083 -0.0782 -0.7015
vn 0.7779 -0.2242 -0.5870
vn 0.8463 -0.3375 0.4122
vn 0.9947 0.0864 -0.0548
vn 0.8650 -0.1052 0.4906
vn 0.9692 -0.1144 -0.2179
vn 0.9347 -0.3220 -0.1503
vn 0.9808 -0.0342 0.1922
vn 0.9475 -0.0126 0.3194
vn 0.9453 0.0281 0.3249
vn 0.6950 -0.3252 -0.6413
vn 0.8438 -0.5056 -0.1800
vn 0.6734 -0.3280 0.6625
vn 0.7027 -0.2984 0.6459
vn 0.6815 -0.3690 0.6320
vn 0.8656 -0.3352 0.3720
vn 0.9087 -0.3274 0.2591
vn 0.9119 -0.3756 0.1657
vn 0.8415 -0.3454 0.4155
vn 0.8507 -0.2012 0.4857
vn 0.6308 -0.3250 -0.7046
vn 0.2850 0.5621 0.7764
vn 0.7673 -0.3581 -0.5320
vn 0.9718 -0.2205 0.0837
vn 0.9965 -0.0837 0.0083
vn 0.9019 -0.4236 0.0847
vn 0.8288 -0.5543 -0.0764
vn 0.8056 -0.5557 0.2055
vn 0.7807 -0.5702 0.2557
vn 0.7881 -0.5465 0.2833
vn 0.8288 -0.0293 0.5588
vn 0.8536 -0.3143 0.4155
vn 0.7705 0.2747 0.5752
vn 0.8315 -0.1963 0.5197
vn -0.4630 0.2709 0.8439
vn 0.6912 -0.6434 -0.3292
vn 0.8891 -0.4448 0.1082
vn 0.9209 -0.3231 0.2179
vn -0.7293 0.4856 -0.4820
vn -0.7494 0.4362 -0.4982
vn 0.8971 -0.1305 0.4220
vn 0.7910 -0.5788 -0.1982
vn 0.8246 -0.5368 0.1784
vn 0.6896 0.0133 0.7241
vn 0.5251 -0.0384 0.8502
vn 0.1318 0.2834 0.9499
vn -0.5220 0.7145 0.4658
vn 0.7662 0.6038 -0.2196
vn 0.8036 0.3773 0.4603
vn 0.5324 0.6733 0.5130
vn 0.8835 -0.1651 0.4384
vn 0.6206 -0.5173 0.5893
vn 0.4904 -0.2410 0.8375
vn 0.5296 -0.3145 0.7878
vn 0.1011 0.6325 0.7679
vn -0.4225 0.8907 0.1678
vn 0.8408 -0.5308 0.1064
vn -0.7452 0.6555 -0.1222
vn 0.8373 -0.5035 0.2131
vn 0.8998 -0.4321 0.0595
vn 0.6615 -0.4458 0.6030
vn 0.7326 0.4504 0.5104
vn 0.8323 -0.2823 0.4770
vn 0.7797 0.1278 0.6130
vn 0.5629 -0.3802 0.7339
vn 0.8404 -0.3293 0.4304
vn 0.8226 -0.4141 0.3897
vn 0.8215 -0.4294 0.3752
vn 0.8107 0.2422 0.5330
vn 0.9477 -0.1945 -0.2529
vn 0.8288 -0.5502 -0.1014
vn 0.6460 -0.5621 0.5164
vn 0.5350 -0.5028 0.6790
vn 0.4791 -0.4432 0.7576
vn 0.2780 0.1676 0.9458
vn -0.5952 0.7757 -0.2096
vn -0.5886 0.7719 -0.2403
vn -0.5852 0.5511 -0.5949
vn 0.8067 -0.5905 0.0254
vn 0.5181 0.7026 0.4879
vn 0.5622 -0.3114 0.7661
vn 0.6488 -0.6556 0.3863
vn 0.6533 -0.6676 0.3571
vn -0.4741 0.7134 0.5160
vn 0.7334 0.5305 -0.4250
vn 0.5167 -0.0032 -0.8562
vn -0.9863 -0.1646 0.0115
vn 0.6041 0.3694 0.7061
vn 0.9542 -0.0203 -0.2986
vn 0.9475 -0.0143 -0.3193
vn 0.9847 -0.0297 -0.1719
vn 0.4635 0.2874 0.8382
vn 0.5459 0.1084 0.8308
vn 0.9662 -0.0363 0.2552
vn 0.7233 -0.2397 0.6476
vn 0.3724 0.0753 0.9250
vn 0.1843 0.6563 0.7316
vn 0.1822 0.6688 0.7207
vn -0.2623 0.9625 0.0697
vn -0.2603 0.9603 0.0999
vn 0.6186 0.0774 0.7819
vn 0.6245 -0.1253 0.7709
vn 0.6784 -0.5293 0.5096
vn -0.2634 0.6693 0.6948
vn 0.8680 -0.1084 -0.4845
vn -0.6366 0.6616 -0.3962
vn 0.3246 0.1664 -0.9311
vn 0.7354 -0.2621 -0.6249
vn 0.6911 -0.6473 0.3217
vn -0.5348 0.6499 0.5401
vn 0.9685 0.2129 0.1294
vn 0.1102 0.6064 0.7875
vn 0.7515 -0.2143 0.6240
vn 0.1720 0.0201 0.9849
vn 0.3725 -0.1275 0.9192
vn 0.4057 0.0849 0.9101
vn 0.2180 -0.0377 0.9752
vn 0.4121 0.4214 0.8078
vn 0.7509 -0.5944 0.2878
vn -0.4663 0.5235 -0.7131
vn 0.7364 -0.3771 0.5617
vn 0.6900 -0.3384 0.6398
vn -0.4948 0.6286 0.6001
vn 0.8429 -0.0981 -0.5291
vn -0.5309 0.6679 -0.5216
vn -0.7842 0.4346 0.4429
vn -0.1772 -0.1813 0.9673
vn 0.6380 0.2409 -0.7314
vn 0.9097 0.3967 -0.1232
vn 0.6948 -0.4419 -0.5675
vn 0.1632 0.9368 -0.3094
vn 0.3986 0.8968 0.1921
vn 0.8448 0.1750 0.5057
vn 0.8932 -0.2060 0.3997
vn 0.3051 0.6179 0.7247
vn 0.4248 0.7671 0.4808
vn -0.1618 0.5310 -0.8318
vn 0.9531 -0.3023 -0.0118
vn 0.9784 -0.0003 -0.2065
vn -0.3413 0.6247 -0.7023
vn 0.9991 -0.0087 -0.0411
vn 0.9665 -0.2204 0.1316
vn 0.7511 0.1386 0.6455
vn 0.6098 0.0754 0.7889
vn 0.6135 -0.2018 0.7635
vn 0.2962 -0.5517 0.7797
vn 0.0765 -0.4599 0.8847
vn 0.9307 -0.0826 -0.3565
vn 0.1535 -0.2406 0.9584
vn 0.0694 -0.2891 0.9548
vn 0.8333 0.5089 -0.2160
vn 0.8917 -0.4469 -0.0712
vn 0.6081 0.5370 0.5847
vn 0.4923 -0.0410 0.8694
vn 0.5015 -0.0724 0.8621
vn 0.6365 0.3837 0.6690
vn -0.3264 0.9391 0.1077
vn -0.2220 0.6798 0.6990
vn -0.5401 0.6684 -0.5114
vn 0.7914 -0.2776 -0.5447
vn -0.5974 0.7599 -0.2563
vn 0.6916 0.6367 0.3410
vn 0.6389 0.6804 0.3591
vn 0.8638 0.2252 0.4508
vn 0.8485 0.1964 0.4914
vn 0.7115 -0.5294 0.4621
vn 0.5908 -0.4064 0.6970
vn 0.4912 0.4839 0.7243
vn 0.0963 -0.0494 -0.9941
vn -0.4716 0.5899 -0.6554
vn 0.3534 0.8959 0.2692
vn 0.3220 -0.3088 0.8950
vn 0.8218 0.5506 -0.1465
vn 0.0326 0.9814 0.1892
vn -0.6021 0.1688 0.7804
vn -0.5388 -0.2757 0.7960
vn 0.7305 0.2604 0.6313
vn 0.8235 -0.2460 0.5111
vn 0.6301 -0.3915 0.6706
vn 0.8115 -0.0390 0.5830
vn 0.0882 -0.4218 0.9024
vn 0.6625 0.2996 -0.6865
vn 0.7350 -0.1499 -0.6613
vn 0.7235 -0.1309 -0.6778
vn 0.0874 -0.4540 0.8867
vn 0.6523 0.6701 -0.3542
vn 0.1311 0.2213 -0.9664
vn 0.4090 0.1985 0.8907
vn 0.4903 0.4553 0.7432
vn 0.2900 0.8096 0.5103
vn -0.3580 0.9192 0.1640
vn -0.4703 0.8498 -0.2380
vn 0.7231 -0.4452 -0.5281
vn 0.3836 0.3830 0.8403
vn 0.6495 -0.2164 0.7289
vn 0.3278 0.5016 0.8006
vn -0.5756 0.3848 0.7215
vn 0.7776 -0.2870 -0.5594
vn 0.5554 -0.6970 0.4536
vn -0.2019 0.8363 -0.5097
vn 0.2580 0.4023 0.8784
vn 0.4859 0.8203 -0.3017
vn 0.1829 -0.7796 0.5990
vn 0.3245 0.5495 0.7699
vn 0.3143 0.4993 0.8074
vn 0.0214 0.1774 0.9839
vn 0.0459 0.0333 0.9984
vn -0.0921 0.0506 0.9945
vn -0.1142 0.0279 0.9931
vn 0.6963 -0.3342 0.6351
vn 0.5119 0.8072 -0.2939
vn -0.1529 0.5677 0.8089
vn -0.2845 -0.0010 0.9587
vn -0.1806 0.6621 0.7274
vn -0.1740 -0.6419 0.7468
vn 0.6358 0.1332 0.7603
vn 0.2403 0.8163 0.5252
vn 0.1263 0.9434 0.3066
vn 0.7158 -0.2915 -0.6346
vn -0.6164 0.5629 0.5506
vn 0.7612 -0.3413 -0.5514
vn -0.6557 0.5068 0.5597
vn 0.7461 -0.2649 -0.6109
vn 0.9983 0.0328 -0.0472
vn 0.8951 -0.2974 -0.3323
vn -0.6647 0.3567 0.6565
vn -0.5548 0.6599 -0.5068
vn 0.7620 -0.5593 0.3264
vn -0.2869 0.0021 0.9580
vn 0.2650 0.5764 0.7730
vn 0.1881 0.4167 0.8894
vn 0.7075 -0.7062 0.0275
vn -0.4064 0.8940 -0.1886
vn 0.0577 0.5591 -0.8271
vn -0.0831 -0.2588 0.9623
vn -0.6937 0.5200 0.4984
vn -0.2633 0.1157 0.9577
vn 0.1062 0.1644 0.9807
vn 0.1816 0.1433 0.9729
vn 0.8008 0.5897 -0.1044
vn 0.2211 -0.2106 0.9522
vn -0.7437 -0.0584 0.6659
vn -0.6401 0.0082 0.7683
vn 0.6992 -0.5392 0.4695
vn 0.2094 -0.4520 0.8671
vn 0.2658 0.2561 0.9294
vn 0.6549 0.0050 0.7557
vn 0.2888 -0.1176 0.9501
vn 0.2007 -0.1848 0.9621
vn 0.3145 0.9472 -0.0618
vn -0.3269 0.2741 0.9044
vn -0.3815 -0.1377 0.9141
vn -0.1981 0.7072 0.6787
vn -0.3115 0.2189 0.9247
vn -0.5086 -0.1083 0.8541
vn -0.4401 -0.3596 0.8228
vn 0.0519 0.8384 0.5426
vn 0.6943 -0.3951 -0.6016
vn 0.9402 -0.1051 -0.3239
vn 0.6860 -0.2594 0.6798
vn -0.6614 0.5068 0.5529
vn 0.1750 0.7524 0.6350
vn 0.1448 0.6948 0.7045
vn 0.6502 0.2774 -0.7073
vn 0.5773 0.8159 0.0329
vn -0.2761 -0.4254 0.8619
vn 0.7883 -0.5757 -0.2172
vn -0.3868 -0.1373 0.9119
vn -0.6699 0.3101 0.6746
vn -0.6934 0.3112 0.6498
vn 0.5651 -0.5974 0.5690
vn 0.0450 -0.5574 0.8290
vn 0.5197 0.5186 0.6789
vn 0.3470 0.4021 0.8473
vn 0.3757 0.3474 0.8591
vn 0.6270 0.0492 0.7775
vn 0.5790 0.1491 0.8016
vn -0.4828 0.5147 0.7085
vn -0.5451 0.5676 0.6170
vn 0.7654 -0.0926 -0.6369
vn 0.8698 -0.2421 -0.4298
vn 0.0658 0.7139 -0.6971
vn 0.6056 -0.3696 0.7048
vn 0.3140 0.2466 0.9169
vn 0.5327 -0.1212 0.8376
vn 0.7837 -0.4297 -0.4485
vn 0.7689 -0.4752 -0.4276
vn 0.7811 -0.2913 0.5522
vn 0.1451 0.7804 0.6082
vn 0.7098 -0.7040 0.0246
vn 0.4127 0.3009 -0.8598
vn -0.0179 -0.1439 -0.9894
vn 0.3314 0.2151 0.9187
vn 0.5538 0.3756 0.7431
vn 0.6487 -0.6074 0.4586
vn 0.4752 -0.2470 0.8445
vn -0.1098 -0.2308 0.9668
vn -0.5978 0.2244 0.7696
vn 0.4738 0.6397 0.6052
vn 0.8776 -0.0213 -0.4789
vn 0.9586 -0.2083 -0.1941
vn 0.7008 -0.2381 0.6725
vn 0.6980 -0.2729 0.6621
vn 0.9101 0.0878 0.4050
vn 0.7221 0.6482 0.2418
vn 0.8227 -0.4232 -0.3795
vn 0.6515 -0.4184 0.6328
vn -0.5374 0.1578 0.8284
vn 0.7576 0.6525 0.0188
vn 0.8684 0.0874 -0.4881
vn 0.4226 0.0972 -0.9011
vn 0.3406 -0.2982 -0.8917
vn 0.5394 0.2978 -0.7876
vn -0.5361 0.6003 -0.5935
vn 0.8985 0.1125 -0.4244
vn 0.8666 0.2732 -0.4175
vn 0.3870 0.1017 0.9165
vn 0.8364 -0.5471 -0.0322
vn 0.8573 0.5145 0.0197
vn 0.8745 0.4366 -0.2111
vn 0.8021 -0.3464 0.4864
vn 0.4807 -0.2447 0.8420
vn 0.3867 0.2491 0.8879
vn 0.7098 0.5021 0.4941
vn -0.4716 0.3671 0.8018
vn -0.0292 -0.3020 0.9528
vn 0.8268 0.3159 -0.4655
vn 0.4819 0.4967 -0.7218
vn -0.3369 -0.5366 0.7736
vn 0.7080 0.2343 -0.6662
vn -0.3233 0.4228 0.8466
vn -0.3294 -0.3424 0.8799
vn -0.7306 0.2958 0.6154
vn -0.6498 -0.2266 0.7256
vn -0.7158 0.4471 0.5364
vn 0.4363 0.6528 0.6192
vn 0.4655 -0.3171 -0.8263
vn 0.6201 -0.3152 -0.7184
vn 0.3148 0.7977 0.5144
vn 0.0116 0.8663 -0.4993
vn 0.5350 -0.1408 0.8330
vn 0.7474 -0.3902 0.5377
vn 0.4742 0.6466 0.5975
vn 0.7247 0.6866 -0.0579
vn 0.9516 0.0089 -0.3072
vn 0.6162 -0.4273 -0.6616
vn -0.5623 0.2682 0.7822
vn 0.2347 -0.2298 0.9445
vn -0.0271 0.1440 0.9892
vn -0.5502 -0.2553 0.7951
vn 0.2095 -0.3390 0.9172
vn 0.8889 0.2700 -0.3701
vn -0.0935 0.9214 -0.3772
vn -0.3803 0.9248 0.0115
vn -0.4564 0.3278 0.8272
vn -0.6650 0.6552 0.3584
vn -0.7539 -0.0533 0.6548
vn 0.4418 0.3591 0.8221
vn 0.3596 0.3206 0.8763
vn 0.6019 0.3442 0.7206
vn -0.2280 0.5647 0.7932
vn -0.0857 0.6992 0.7098
vn 0.7098 -0.2328 -0.6648
vn -0.0763 0.6707 0.7378
vn 0.7224 -0.1785 -0.6680
vn 0.3128 0.9464 0.0808
vn -0.1490 0.5979 0.7876
vn -0.2573 0.3521 0.8999
vn 0.8308 -0.2290 0.5074
vn -0.4914 0.2991 0.8179
vn -0.4869 0.2929 0.8229
vn 0.8309 -0.2287 0.5072
vn 0.2568 0.3440 0.9031
vn 0.8308 -0.2293 0.5072
vn 0.7682 -0.1865 -0.6124
vn 0.3805 0.7160 0.5853
vn 0.6339 0.3694 0.6796
vn 0.5359 0.7446 0.3980
vn 0.7955 0.1697 0.5817
vn 0.9721 -0.1783 -0.1521
vn 0.5462 0.5573 0.6254
vn 0.9871 -0.0768 -0.1406
vn 0.9113 -0.2556 -0.3229
vn 0.9038 0.2032 0.3768
vn 0.9032 0.1932 0.3833
vn 0.8919 -0.3533 -0.2824
vn 0.8559 0.4781 -0.1972
vn 0.9792 0.1826 -0.0883
vn 0.0408 0.0271 -0.9988
vn 0.9952 0.0642 -0.0733
vn 0.5835 0.0045 -0.8121
vn -0.3982 -0.1550 0.9041
vn -0.4891 0.1137 0.8648
vn -0.4520 0.2028 0.8686
vn 0.9542 -0.1936 -0.2280
vn -0.7001 -0.5621 0.4403
vn -0.6215 0.0812 0.7792
vn 0.9430 -0.0185 -0.3323
vn -0.4426 0.2478 0.8618
vn -0.0742 -0.1728 0.9822
vn 0.5191 -0.4974 -0.6950
vn 0.9423 -0.0213 -0.3340
vn -0.5173 0.0283 0.8553
vn -0.6381 -0.1675 0.7515
vn 0.5071 0.2885 0.8122
vn 0.4661 0.2889 0.8363
vn 0.6421 0.3811 0.6652
vn -0.4452 0.8895 0.1027
vn 0.5723 0.5272 0.6281
vn -0.3112 0.4829 0.8185
vn 0.8297 -0.2319 0.5077
vn 0.9560 -0.0971 0.2769
vn 0.0980 0.5524 0.8278
vn 0.2361 0.5067 0.8292
vn 0.1767 0.9691 -0.1721
vn 0.7220 0.3895 0.5718
vn 0.7743 -0.4549 -0.4399
vn 0.9259 0.3638 -0.1017
vn 0.9221 -0.2167 -0.3205
vn 0.9817 0.0430 -0.1856
vn 0.9458 0.2215 -0.2374
vn -0.3654 0.5518 -0.7497
vn -0.0815 -0.0737 0.9939
vn -0.5873 -0.4887 0.6452
vn -0.9091 0.3754 -0.1805
vn -0.0215 0.6925 -0.7211
vn -0.6039 0.6792 0.4171
vn -0.6958 -0.1903 0.6925
vn 0.6094 0.3913 0.6896
vn 0.6113 0.4072 0.6786
vn 0.8097 -0.0401 -0.5854
vn 0.7978 -0.1457 -0.5851
vn -0.3986 0.2689 0.8768
vn 0.4926 -0.5378 0.6842
vn 0.9397 -0.3289 -0.0941
vn 0.8136 -0.2470 0.5263
vn 0.8408 0.4156 0.3468
vn 0.5693 0.1445 0.8093
vn 0.9344 -0.3563 0.0065
vn 0.1219 -0.2141 0.9692
vn 0.3910 0.4571 0.7989
vn 0.6853 0.1507 0.7125
vn 0.7668 0.6015 -0.2240
vn 0.7495 0.6226 -0.2252
vn -0.2682 -0.4436 0.8551
vn 0.6899 0.6214 -0.3713
vn 0.1266 0.9654 -0.2280
vn 0.2862 -0.2436 -0.9267
vn 0.8662 0.4224 0.2671
vn -0.7406 0.1314 0.6590
vn 0.6846 -0.0284 -0.7284
vn -0.0109 0.7169 -0.6971
vn -0.5761 0.3514 0.7380
vn -0.0747 -0.1733 0.9820
vn -0.5324 0.6311 0.5642
vn -0.6418 0.6709 0.3715
vn 0.4919 -0.2204 -0.8423
vn 0.8612 0.3253 0.3905
vn 0.8638 0.3931 0.3151
vn -0.5872 0.3914 0.7085
vn -0.5485 0.2780 0.7886
vn -0.4132 0.2309 0.8809
vn 0.7990 -0.3881 -0.4593
vn 0.3741 0.4891 -0.7880
vn -0.2394 -0.2303 0.9432
vn 0.9388 -0.3440 0.0148
vn -0.2394 -0.2304 0.9432
vn 0.4693 0.8598 0.2014
vn 0.4600 0.8432 0.2784
vn -0.1281 0.5279 0.8396
vn -0.3510 0.8067 -0.4754
vn -0.3349 0.2428 0.9104
vn -0.7448 0.6664 0.0339
vn -0.1311 0.0599 0.9896
vn -0.5927 -0.4008 0.6986
vn 0.7111 0.2112 0.6707
vn 0.7909 -0.2130 -0.5737
vn 0.8753 0.4517 0.1726
vn 0.9678 -0.0850 -0.2370
vn -0.6771 0.3118 0.6665
vn -0.6084 0.2866 0.7401
vn -0.1745 -0.2054 0.9630
vn 0.2919 0.7550 -0.5872
vn -0.2363 -0.2318 0.9436
vn 0.1912 0.9430 -0.2724
vn -0.2133 -0.4104 0.8866
vn -0.3448 -0.7023 0.6228
vn 0.9399 -0.3404 -0.0258
vn 0.0569 0.6832 0.7280
vn 0.6912 0.4166 0.5905
vn -0.0218 0.4736 0.8805
vn -0.3665 0.3197 0.8738
vn 0.3933 0.6854 0.6129
vn 0.4130 0.7162 0.5626
vn 0.8169 -0.1516 -0.5566
vn 0.9243 0.1412 0.3547
vn 0.1355 0.9530 -0.2709
vn 0.5583 0.8177 0.1403
vn -0.2165 0.0494 0.9750
vn -0.6490 -0.2342 0.7238
vn -0.6306 -0.3911 0.6703
vn 0.8006 -0.1745 0.5733
vn 0.9972 0.0677 0.0323
vn 0.8601 0.1976 0.4703
vn 0.8688 0.2576 0.4229
vn -0.8764 0.4816 0.0028
vn 0.8895 -0.0959 -0.4467
vn 0.8621 -0.0617 -0.5030
vn 0.9427 0.2789 0.1829
vn 0.8636 -0.0321 -0.5032
vn 0.8211 0.4009 0.4063
vn 0.7304 0.6704 0.1307
vn 0.4905 0.0216 0.8712
vn 0.7812 -0.5454 -0.3038
vn 0.5529 0.5654 0.6120
vn 0.9702 -0.2399 0.0356
vn 0.7544 0.4591 0.4692
vn 0.9677 -0.2482 -0.0444
vn 0.9968 -0.0328 0.0723
vn 0.3818 0.9169 0.1167
vn 0.8947 0.1008 -0.4352
vn -0.3139 0.4602 0.8305
vn -0.2260 0.9331 -0.2798
vn -0.4154 0.3130 0.8541
vn -0.5547 0.2125 0.8045
vn -0.6038 0.3329 0.7243
vn -0.4613 -0.1363 0.8767
vn -0.4353 -0.1740 0.8833
vn 0.9924 0.0057 0.1228
vn 0.8358 0.4323 0.3385
vn 0.8579 0.2776 0.4324
vn 0.8991 0.3089 0.3102
vn 0.6132 0.4218 0.6679
vn -0.5666 0.3530 0.7445
vn 0.5063 0.0568 0.8605
vn 0.6159 -0.2525 0.7463
vn -0.7559 0.5778 0.3079
vn -0.5178 0.6437 0.5635
vn -0.1705 0.3139 0.9340
vn 0.1819 0.4518 0.8734
vn -0.7093 0.1435 0.6902
vn -0.5366 0.6116 0.5815
vn 0.8213 0.5472 -0.1611
vn 0.6781 0.5947 0.4318
vn 0.6500 0.6513 0.3915
vn 0.4331 0.5673 0.7005
vn 0.5762 0.4345 0.6922
vn 0.4400 0.3892 0.8092
vn 0.6392 -0.7690 -0.0028
vn 0.7906 -0.5559 -0.2569
vn -0.5368 0.2560 0.8039
vn 0.4369 -0.3864 0.8123
vn 0.6815 -0.4890 -0.5444
vn -0.2566 0.9363 -0.2398
vn -0.8613 0.3929 0.3221
vn -0.2541 0.9404 -0.2259
vn 0.2456 -0.4072 0.8797
vn 0.6052 -0.6966 0.3853
vn -0.4666 0.7643 0.4451
vn -0.3176 0.7639 0.5618
vn -0.2325 0.7440 0.6264
vn -0.2922 0.9252 0.2421
vn -0.1715 0.4447 0.8791
vn 0.5390 -0.8391 -0.0734
vn -0.8278 -0.2609 0.4966
vn -0.2768 0.8584 0.4319
vn -0.2725 0.8679 0.4154
vn 0.1627 0.6447 0.7469
vn 0.2937 -0.4126 0.8623
vn 0.2556 0.1970 0.9465
vn 0.3325 0.0639 0.9409
vn 0.1246 -0.3717 0.9199
vn -0.4218 0.8811 0.2140
vn 0.9974 -0.0717 0.0089
vn 0.9959 -0.0860 0.0275
vn 0.7381 0.4988 0.4544
vn 0.7447 -0.0204 0.6671
vn 0.3267 -0.2445 0.9129
vn 0.4474 -0.1284 0.8851
vn 0.3161 -0.5605 0.7655
vn 0.7926 -0.5746 -0.2040
vn -0.4936 0.8118 0.3120
vn -0.5220 0.8528 -0.0157
vn 0.5941 0.5393 0.5968
vn -0.4075 0.9037 0.1313
vn 0.6074 0.5512 0.5720
vn -0.4145 0.9041 0.1040
vn 0.7144 0.6937 -0.0919
vn 0.9384 0.1866 0.2909
vn 0.9077 -0.4164 0.0523
vn 0.7156 -0.1135 -0.6893
vn -0.5214 0.8423 -0.1369
vn 0.7205 -0.6925 -0.0371
vn 0.6888 -0.6681 -0.2814
vn 0.9860 0.1635 0.0324
vn 0.9047 -0.2952 -0.3073
vn 0.9045 -0.3689 0.2141
vn 0.8813 -0.4407 -0.1705
vn -0.0946 0.5825 0.8073
vn -0.0248 0.4695 0.8826
vn 0.0460 -0.6135 0.7884
vn -0.1712 0.1559 0.9728
vn -0.3416 0.8892 -0.3045
vn 0.2359 0.7397 0.6303
vn 0.2209 0.7525 0.6204
vn 0.2853 0.8881 0.3605
vn 0.3269 -0.1666 0.9303
vn 0.6855 -0.6869 -0.2414
vn 0.3004 0.8791 0.3700
vn 0.7313 0.4339 0.5263
vn 0.8303 0.3456 0.4372
vn 0.0436 0.9448 0.3248
vn 0.8476 -0.5284 0.0497
vn 0.7163 -0.6161 -0.3276
vn 0.7471 0.6520 -0.1292
vn 0.9815 -0.0291 0.1892
vn 0.9999 0.0127 0.0091
vn 0.7279 -0.3884 -0.5651
vn 0.6181 -0.2901 -0.7306
vn 0.6196 -0.2913 -0.7289
vn -0.4827 0.7197 0.4991
vn -0.3777 0.6183 0.6892
vn -0.1291 0.3812 0.9154
vn -0.0938 0.4030 0.9104
vn -0.3483 -0.3663 0.8629
vn -0.0300 0.8393 0.5429
vn -0.3507 -0.3696 0.8604
vn 0.7505 0.2988 0.5895
vn 0.6635 0.5548 0.5019
vn 0.3749 0.8543 0.3601
vn 0.1258 -0.2329 0.9643
vn 0.3305 0.1669 0.9289
vn -0.5526 0.8292 0.0837
vn -0.0129 0.9473 0.3200
vn -0.0542 0.9618 0.2684
vn 0.7927 -0.5604 -0.2399
vn -0.8467 0.4572 0.2723
vn -0.6569 0.6037 0.4516
vn -0.8348 0.5371 0.1212
vn -0.0619 0.8646 0.4986
vn -0.2663 0.8950 0.3578
vn 0.2366 0.6472 -0.7247
vn -0.0773 0.9814 0.1760
vn 0.9094 0.0578 0.4119
vn 0.9166 0.1369 0.3757
vn 0.2247 -0.3668 0.9028
vn 0.4273 0.1079 0.8976
vn 0.2488 0.4083 0.8783
vn 0.7594 -0.6259 0.1777
vn -0.0746 0.9812 0.1780
vn 0.7985 -0.4958 0.3415
vn 0.9903 0.1377 0.0173
vn 0.5908 -0.5387 0.6006
vn 0.5786 0.6710 0.4636
vn 0.9982 0.0569 -0.0177
vn 0.5520 0.8271 0.1061
vn 0.9936 -0.1133 0.0005
vn 0.6456 -0.4885 0.5871
vn 0.9552 -0.0366 -0.2937
vn 0.9942 0.0148 -0.1068
vn 0.9992 -0.0396 -0.0047
vn -0.5757 0.4293 0.6959
vn -0.4668 0.0695 0.8816
vn 0.6680 -0.5711 0.4772
vn -0.4640 0.3452 0.8158
vn -0.4521 0.1620 0.8771
vn 0.6699 -0.6502 0.3585
vn -0.1099 0.0319 0.9934
vn -0.5771 0.6936 0.4312
vn -0.7674 0.6381 -0.0628
vn 0.0415 0.7263 -0.6861
vn -0.7158 0.6983 -0.0071
vn 0.4658 -0.5505 0.6928
vn 0.7823 0.6139 0.1056
vn 0.9269 -0.2528 0.2773
vn 0.3446 0.9367 0.0618
vn 0.9018 -0.1535 0.4040
vn 0.6453 -0.6940 -0.3193
vn 0.8801 -0.0272 -0.4739
vn 0.9052 -0.2788 -0.3208
vn 0.1415 0.9305 0.3379
vn 0.3323 0.8459 0.4171
vn -0.4831 0.0640 0.8732
vn -0.4786 0.6675 -0.5703
vn -0.5303 0.1966 0.8247
vn -0.8207 0.3832 0.4239
vn -0.6269 -0.0601 0.7768
vn 0.7729 0.0812 0.6294
vn 0.9285 0.2471 0.2773
vn -0.4450 0.8907 0.0923
vn 0.9111 0.0431 -0.4100
vn -0.6739 0.6804 0.2880
vn -0.7721 -0.1556 0.6162
vn -0.7489 -0.1429 0.6470
vn -0.3654 0.1733 0.9146
vn -0.4149 0.4023 0.8161
vn 0.5617 -0.7029 0.4364
vn -0.5250 0.7129 -0.4650
vn 0.9869 -0.0736 -0.1437
vn -0.6622 0.7107 0.2373
vn -0.7249 -0.5368 0.4318
vn 0.1432 0.9885 -0.0476
vn 0.5748 -0.7576 0.3093
vn 0.6345 0.6312 0.4461
vn 0.5797 0.8041 0.1314
vn 0.9060 0.0486 0.4206
vn 0.9036 -0.1789 0.3891
vn 0.5769 -0.7405 0.3446
vn -0.4935 0.4975 0.7134
vn -0.4866 0.8245 -0.2887
vn 0.7473 -0.6019 0.2816
vn 0.6852 0.7190 0.1165
vn 0.9914 -0.0975 0.0877
vn 0.9882 0.0577 0.1419
vn 0.8556 0.2463 -0.4552
vn 0.8851 0.3353 -0.3227
vn 0.9328 0.2905 -0.2130
vn 0.8955 -0.4062 0.1815
vn 0.9831 -0.1831 0.0049
vn 0.9995 0.0310 0.0083
vn 0.6279 0.7361 -0.2529
vn 0.9978 0.0174 0.0632
vn 0.8461 -0.3496 0.4023
vn 0.8715 0.4633 0.1607
vn 0.8564 0.4694 0.2150
vn 0.6936 -0.0463 0.7188
vn -0.5968 0.1298 0.7918
vn -0.5509 0.3799 0.7430
vn -0.0413 -0.2414 0.9696
vn 0.0548 -0.4060 0.9122
vn 0.6031 0.7773 -0.1792
vn 0.0754 0.9884 -0.1319
vn 0.4415 -0.8608 0.2531
vn 0.0557 0.8015 -0.5954
vn 0.2912 0.8790 -0.3775
vn 0.2317 -0.8149 0.5313
vn 0.6636 -0.4692 0.5827
vn 0.7223 -0.4899 -0.4881
vn -0.3777 0.0380 0.9252
vn -0.4335 -0.8961 0.0954
vn -0.3136 0.7077 -0.6331
vn -0.0699 -0.8414 0.5358
vn -0.2426 -0.5451 0.8025
vn 0.8587 0.5106 0.0429
vn 0.3036 0.8687 0.3913
vn 0.4253 0.7467 0.5115
vn -0.4110 0.1114 0.9048
vn -0.5474 0.3999 0.7351
vn 0.7192 0.6351 -0.2818
vn 0.8222 0.5035 -0.2655
vn 0.3391 0.6686 0.6618
vn 0.4618 0.0232 -0.8867
vn 0.4592 0.0288 -0.8879
vn 0.8144 -0.5799 -0.0235
vn 0.3713 0.6963 -0.6143
vn 0.6034 0.6104 -0.5131
vn 0.3408 0.8540 0.3931
vn -0.2301 0.5359 0.8123
vn -0.6021 0.6482 0.4662
vn 0.8463 -0.5269 0.0787
vn 0.5989 -0.4745 0.6451
vn 0.1826 -0.1499 0.9717
vn 0.3334 -0.3260 0.8846
vn 0.1025 0.9928 0.0613
vn 0.0557 0.9699 0.2371
vn 0.2152 0.6938 0.6873
vn 0.9879 -0.1401 -0.0667
vn -0.3143 0.8312 -0.4587
vn 0.7560 -0.4209 -0.5012
vn -0.4628 0.6934 0.5523
vn -0.0696 0.0757 0.9947
vn 0.9341 -0.3569 -0.0037
vn 0.2949 0.5696 0.7672
vn 0.8723 -0.3273 0.3632
vn 0.9186 0.0680 -0.3893
vn 0.9942 -0.0011 -0.1077
vn 0.9861 0.1037 -0.1298
vn 0.9832 -0.1476 -0.1073
vn 0.9984 -0.0532 -0.0175
vn 0.9752 0.2156 0.0500
vn 0.8735 0.4831 -0.0609
vn 0.9726 -0.0757 0.2197
vn 0.9897 -0.1378 -0.0392
vn 0.9700 0.1678 0.1761
vn 0.9610 0.0167 0.2761
vn 0.9099 -0.0462 0.4122
vn 0.8955 0.0063 0.4451
vn 0.9297 0.1638 0.3297
vn 0.6108 -0.1833 0.7703
vn 0.2125 -0.0701 0.9746
vn 0.5500 -0.0334 0.8345
vn 0.4427 0.0641 0.8944
vn 0.8742 0.1492 0.4620
vn 0.9175 -0.3892 0.0821
vn -0.4150 0.4187 0.8078
vn 0.8157 -0.2883 0.5014
vn -0.1699 0.9676 -0.1868
vn -0.2068 0.9267 0.3137
vn -0.2214 0.8413 0.4932
vn -0.2075 0.8522 0.4804
vn -0.1053 0.7888 0.6056
vn 0.9085 0.2166 -0.3573
vn 0.7784 0.1524 -0.6089
vn 0.8694 -0.0028 -0.4941
vn 0.9184 0.1691 -0.3576
vn 0.9751 -0.2155 -0.0527
vn 0.9814 -0.1888 -0.0360
vn 0.8952 0.4434 -0.0460
vn 0.2497 -0.3832 0.8893
vn 0.3592 -0.1165 0.9260
vn 0.2359 0.0476 0.9706
vn 0.7483 -0.3206 0.5808
vn -0.1554 0.9878 -0.0078
vn 0.6774 -0.3261 -0.6594
vn 0.9501 -0.2798 0.1378
vn -0.4194 0.4343 0.7972
vn -0.1710 0.1784 0.9690
vn -0.1043 0.0508 0.9932
vn -0.0684 0.1739 0.9824
vn 0.4325 -0.1234 0.8931
vn 0.6768 -0.2647 0.6870
vn -0.1604 0.9845 -0.0708
vn -0.3184 0.9224 0.2186
vn 0.4616 -0.2856 -0.8399
vn 0.8668 -0.1485 0.4760
vn 0.8605 -0.2482 -0.4449
vn 0.9821 -0.1836 -0.0421
vn 0.9641 0.2298 -0.1328
vn 0.0305 -0.0434 0.9986
vn 0.9449 0.0384 -0.3251
vn 0.9646 0.2317 -0.1256
vn -0.0111 0.1407 0.9900
vn 0.9339 -0.2220 0.2803
vn 0.4541 0.0710 0.8881
vn -0.0116 -0.4753 0.8797
vn 0.9749 0.0435 0.2183
vn 0.9672 0.1816 0.1775
vn 0.7825 -0.0009 0.6226
vn 0.7976 0.2166 0.5629
vn -0.0817 -0.0994 0.9917
vn 0.0759 -0.0202 0.9969
vn -0.0030 0.0463 0.9989
vn -0.0128 0.0640 0.9979
vn 0.9131 -0.2755 -0.3006
vn 0.9383 -0.3059 0.1613
vn 0.9719 -0.1663 0.1665
vn 0.0243 0.0493 0.9985
vn 0.3182 -0.0966 0.9431
vn 0.8083 -0.0159 0.5885
vn -0.3405 0.8097 -0.4780
vn -0.3245 0.9424 0.0809
vn -0.3052 0.6987 0.6470
vn -0.2611 0.6410 0.7218
vn -0.2980 0.6471 0.7018
vn 0.4054 0.2576 -0.8771
vn 0.8606 -0.2474 -0.4451
vn 0.9673 -0.2396 -0.0829
vn -0.1161 -0.0062 0.9932
vn 0.9656 -0.2599 0.0020
vn 0.9132 0.1842 -0.3635
vn -0.0758 -0.2098 0.9748
vn 0.1298 0.0845 0.9879
vn 0.9539 -0.1780 0.2415
vn 0.5441 -0.2099 0.8123
vn -0.2770 -0.5634 0.7784
vn 0.9664 0.0800 -0.2443
vn 0.9385 0.1829 -0.2928
vn 0.9905 0.0230 0.1356
vn 0.6825 -0.1892 0.7060
vn 0.7240 0.0560 0.6875
vn 0.9898 -0.0224 0.1409
vn 0.6544 -0.1554 0.7400
vn 0.6411 -0.1691 0.7486
vn 0.9476 -0.1101 0.3000
vn 0.9475 -0.1102 0.3001
vn 0.9508 0.0491 0.3060
vn 0.7627 -0.3829 0.5213
vn 0.9981 0.0262 -0.0560
vn 0.9849 0.1127 -0.1316
vn 0.8714 -0.0991 0.4805
vn 0.8720 -0.1494 0.4662
vn 0.8066 -0.0801 -0.5857
vn 0.9638 -0.0291 -0.2649
vn 0.9652 -0.0369 -0.2591
vn 0.9526 -0.2407 0.1861
vn 0.8873 -0.2074 0.4120
vn 0.9115 -0.2690 0.3112
vn 0.5417 -0.2925 0.7881
vn 0.4732 -0.2414 0.8472
vn 0.5971 -0.0255 0.8017
vn 0.2514 0.3766 0.8916
vn -0.4645 0.7799 -0.4195
vn 0.3662 -0.9126 0.1820
vn -0.4886 0.8630 -0.1286
vn -0.3945 0.7882 0.4724
vn -0.4160 0.7043 0.5752
vn 0.4047 -0.5595 -0.7233
vn 0.0923 0.3828 0.9192
vn 0.9167 -0.1434 -0.3728
vn -0.2648 -0.0946 0.9597
vn -0.2377 -0.0602 0.9695
vn -0.3257 0.1561 0.9325
vn -0.1457 -0.1966 0.9696
vn -0.2898 0.1260 0.9487
vn -0.2067 0.2213 0.9530
vn 0.8008 0.1584 -0.5775
vn -0.1356 0.1598 0.9778
vn 0.7995 0.0071 -0.6006
vn -0.5631 -0.1313 0.8159
vn 0.1254 0.0913 0.9879
vn 0.8796 -0.1482 0.4520
vn -0.3494 -0.4306 0.8322
vn 0.7627 0.2877 -0.5793
vn 0.7523 0.2533 -0.6081
vn 0.6807 -0.0913 -0.7268
vn 0.9269 -0.0433 0.3729
vn 0.3903 -0.2600 0.8832
vn 0.0626 0.9243 0.3765
vn -0.0358 0.4683 0.8829
vn 0.8956 -0.3546 0.2685
vn 0.8126 -0.3931 0.4304
vn -0.1244 0.0506 0.9909
vn 0.5127 -0.2315 0.8268
vn 0.8952 -0.1096 -0.4319
vn 0.9362 -0.0805 -0.3422
vn 0.2577 0.1436 0.9555
vn -0.2024 -0.1629 0.9656
vn 0.9968 -0.0799 -0.0002
vn -0.2380 -0.2942 0.9256
vn 0.9971 -0.0742 0.0149
vn 0.7627 -0.0328 0.6459
vn 0.4757 0.3014 -0.8263
vn -0.1857 -0.4481 0.8745
vn -0.1234 -0.2959 0.9472
vn 0.5651 0.0190 -0.8248
vn 0.0931 0.0401 0.9949
vn 0.1256 0.6943 -0.7086
vn -0.0797 -0.3773 0.9227
vn 0.4975 -0.1588 0.8528
vn 0.0685 0.9103 0.4082
vn 0.4634 -0.2775 0.8416
vn 0.1348 -0.4444 0.8856
vn -0.5080 0.3934 0.7663
vn 0.1337 -0.4922 0.8602
vn -0.2839 0.1652 0.9445
vn 0.0059 0.0516 0.9986
vn -0.0317 -0.4443 0.8953
vn -0.4989 0.8009 0.3312
vn -0.5282 0.5287 0.6644
vn -0.0653 0.6216 -0.7806
vn -0.2595 0.2860 0.9224
vn 0.1558 0.0057 -0.9878
vn -0.5954 -0.2953 0.7472
vn -0.3806 0.0121 0.9247
vn 0.2564 -0.0754 0.9636
vn -0.5383 0.1583 0.8277
vn -0.5180 0.2046 0.8305
vn 0.9904 -0.1186 -0.0706
vn 0.9848 -0.1575 -0.0740
vn 0.3311 0.2564 -0.9081
vn -0.2614 -0.2632 0.9287
vn -0.3229 0.1189 0.9389
vn 0.9904 -0.1164 -0.0749
vn -0.1830 -0.2370 0.9541
vn -0.0280 0.0982 0.9948
vn 0.0750 0.2222 0.9721
vn 0.3879 0.1091 0.9152
vn 0.9577 -0.0288 0.2863
vn 0.9578 -0.0281 0.2860
vn 0.9838 -0.1149 0.1374
vn -0.2525 -0.3938 0.8839
vn -0.2515 -0.3545 0.9006
vn 0.3219 0.0991 0.9416
vn 0.4898 0.3062 -0.8163
vn -0.2594 -0.4719 0.8427
vn -0.2460 -0.2138 0.9454
vn -0.3188 0.2558 0.9126
vn -0.1736 0.5060 0.8449
vn -0.6586 0.7522 -0.0205
vn -0.4927 0.7642 0.4161
vn -0.8282 0.2136 0.5181
vn 0.2695 -0.0754 -0.9601
vn -0.2317 -0.3609 0.9034
vn -0.1389 0.2716 0.9523
vn -0.3485 -0.3466 0.8709
vn 0.8008 -0.0971 -0.5911
vn 0.9769 -0.1545 -0.1473
vn -0.5149 -0.2089 0.8314
vn -0.3408 0.2415 0.9086
vn 0.9876 -0.1347 -0.0810
vn -0.2216 -0.3334 0.9164
vn 0.9865 -0.1544 0.0554
vn 0.0448 0.3155 0.9479
vn 0.3329 0.0817 0.9394
vn 0.9708 -0.1447 0.1912
vn 0.9635 -0.0786 0.2560
vn -0.3403 -0.1437 0.9293
vn 0.3715 0.1133 0.9215
vn 0.4043 0.2008 0.8923
vn 0.7748 -0.0714 0.6281
vn -0.4083 -0.2162 0.8869
vn -0.4137 -0.2465 0.8764
vn 0.2021 0.7774 -0.5956
vn -0.4320 -0.2443 0.8681
vn -0.4465 -0.3030 0.8419
vn -0.1198 -0.4780 0.8701
vn -0.7067 0.4826 0.5174
vn -0.6849 0.4822 0.5463
vn 0.6225 -0.7509 0.2207
vn 0.3103 -0.5954 0.7411
vn 0.9107 0.2655 -0.3164
vn -0.5730 0.0323 -0.8189
vn -0.6179 0.5804 0.5304
vn -0.5565 -0.2551 0.7907
vn -0.3908 -0.2058 0.8972
vn 0.9704 -0.2137 -0.1127
vn 0.9542 -0.1609 -0.2521
vn 0.9891 -0.1362 0.0566
vn 0.6059 -0.1003 0.7892
vn 0.8642 -0.0920 0.4947
vn -0.2921 -0.4572 0.8400
vn -0.2969 -0.4205 0.8573
vn -0.1339 -0.1085 0.9850
vn -0.1318 -0.5772 0.8059
vn -0.3254 -0.3606 0.8741
vn -0.3249 -0.3581 0.8753
vn -0.3979 0.0008 0.9174
vn -0.1203 -0.2094 0.9704
vn 0.7156 -0.6909 -0.1033
vn -0.6638 0.7382 0.1201
vn -0.6495 0.6087 0.4557
vn 0.8316 -0.3650 -0.4186
vn 0.8199 -0.3444 -0.4574
vn 0.8833 -0.3165 -0.3459
vn 0.8841 -0.2858 -0.3698
vn 0.6450 0.5074 0.5715
vn 0.9482 -0.0843 -0.3061
vn 0.9712 -0.1003 -0.2161
vn 0.9475 0.0843 -0.3084
vn 0.7820 -0.0893 -0.6169
vn 0.9955 0.0539 0.0777
vn -0.8905 0.4239 0.1654
vn 0.9112 0.2705 -0.3108
vn 0.9988 0.0138 0.0472
vn 0.7872 -0.4685 -0.4011
vn 0.7981 -0.2774 -0.5348
vn 0.6417 -0.2064 -0.7387
vn -0.7215 0.2612 0.6413
vn -0.2341 0.2557 0.9380
vn -0.1739 0.0349 0.9841
vn -0.0541 0.1044 0.9931
vn 0.9888 -0.1436 0.0403
vn -0.0891 0.3731 0.9235
vn -0.1592 -0.3906 0.9067
vn 0.4875 0.0801 0.8695
vn 0.8512 -0.0764 0.5192
vn -0.0112 0.4656 0.8849
vn 0.0466 0.9014 0.4304
vn -0.1379 0.0859 0.9867
vn -0.6652 0.0356 0.7459
vn 0.9088 -0.2491 -0.3348
vn 0.9047 -0.3009 -0.3015
vn 0.9114 -0.2983 -0.2834
vn -0.6975 0.4764 0.5353
vn -0.1126 0.5420 0.8328
vn -0.6557 0.0506 -0.7534
vn 0.7809 -0.2254 -0.5827
vn 0.8496 -0.1173 -0.5143
vn -0.2685 0.2979 0.9161
vn 0.9905 -0.1344 0.0304
vn -0.0287 0.0644 0.9975
vn 0.9597 -0.1280 0.2502
vn -0.0039 0.4461 0.8950
vn 0.0661 0.3493 0.9347
vn 0.1260 -0.1022 0.9867
vn 0.8615 -0.0669 0.5033
vn 0.8265 -0.0306 0.5620
vn 0.2411 0.9650 0.1036
vn -0.4615 0.2988 -0.8353
vn -0.8151 0.2648 -0.5152
vn -0.7024 -0.0010 0.7118
vn -0.2995 0.6215 0.7239
vn -0.4667 0.6067 0.6436
vn -0.3965 0.5819 0.7100
vn -0.1736 0.5817 0.7947
vn -0.2163 0.5060 0.8349
vn -0.5843 -0.0923 0.8063
vn 0.9344 -0.1665 -0.3150
vn 0.8376 -0.1769 -0.5168
vn -0.7156 0.5134 0.4737
vn -0.2944 0.2023 0.9340
vn 0.9830 -0.1735 -0.0604
vn 0.1297 -0.0981 0.9867
vn -0.0661 0.1473 0.9869
vn 0.9324 -0.1691 0.3194
vn 0.2048 0.0858 0.9750
vn 0.2317 0.0423 0.9719
vn 0.2218 0.4587 0.8604
vn -0.3490 0.9169 0.1935
vn -0.3880 0.7033 0.5957
vn -0.3204 0.4585 0.8289
vn -0.5852 -0.0832 0.8066
vn 0.8690 -0.1477 -0.4723
vn 0.9546 -0.2974 0.0175
vn 0.9615 -0.2743 -0.0152
vn 0.9360 -0.2834 0.2086
vn 0.1066 0.0239 0.9940
vn 0.6794 -0.0765 0.7298
vn -0.3669 -0.1327 0.9208
vn 0.0044 0.8763 0.4817
vn -0.0860 0.7555 0.6495
vn 0.0341 0.7102 0.7032
vn -0.8260 0.5274 -0.1990
vn 0.9860 -0.1645 0.0260
vn -0.6107 0.5543 0.5655
vn -0.5760 -0.0587 0.8153
vn 0.5806 0.7656 0.2772
vn -0.2338 0.1293 0.9637
vn -0.2090 0.0886 0.9739
vn 0.1667 -0.5084 0.8449
vn 0.1070 0.0286 0.9938
vn 0.2662 -0.0301 0.9635
vn 0.2730 0.9569 0.0992
vn 0.2844 0.9286 0.2383
vn 0.0599 0.8441 0.5328
vn 0.2210 0.7669 0.6025
vn 0.2481 0.6971 0.6727
vn 0.0686 0.1775 0.9817
vn 0.8799 -0.1968 -0.4324
vn 0.9855 -0.1685 0.0204
vn 0.6516 0.2187 -0.7264
vn 0.9862 -0.1648 0.0167
vn 0.5390 0.8249 -0.1703
vn 0.5645 -0.1713 0.8075
vn -0.8679 0.1828 0.4620
vn 0.3133 0.2308 0.9212
vn 0.2237 0.4597 0.8594
vn -0.0161 -0.4743 0.8802
vn -0.0440 0.0282 0.9986
vn 0.3361 0.9323 0.1334
vn 0.8860 -0.1599 -0.4353
vn 0.8821 0.1954 -0.4286
vn 0.8462 0.2454 -0.4730
vn 0.9822 -0.1875 -0.0081
vn 0.9849 -0.1701 -0.0320
vn 0.9541 0.2537 0.1589
vn 0.9847 0.1705 0.0365
vn 0.0806 -0.0004 0.9967
vn 0.7934 -0.1665 0.5855
vn 0.9785 -0.1803 0.1003
vn 0.2901 0.1376 0.9470
vn 0.9033 0.1596 0.3983
vn -0.4673 0.0577 0.8822
vn -0.1319 -0.4750 0.8700
vn -0.0048 -0.5539 0.8326
vn 0.5881 0.7628 0.2689
vn -0.1750 -0.5722 0.8012
vn 0.3423 0.9248 0.1661
vn 0.8766 0.1951 -0.4398
vn -0.7936 0.2285 -0.5640
vn -0.0198 -0.0212 0.9996
vn 0.7832 -0.4196 0.4588
vn 0.6298 0.2674 0.7293
vn 0.8444 0.0726 0.5307
vn -0.4566 0.1670 0.8739
vn 0.6736 0.2324 0.7016
vn 0.2530 0.8175 0.5174
vn 0.2041 0.7776 0.5947
vn 0.2015 0.6654 0.7188
vn 0.2024 0.6076 0.7680
vn 0.0998 0.4428 0.8910
vn 0.9412 -0.1057 -0.3210
vn 0.8648 0.4987 -0.0583
vn 0.9636 -0.2645 0.0383
vn 0.8588 0.4954 0.1307
vn -0.4591 0.1254 0.8795
vn 0.8837 -0.1719 0.4354
vn 0.8115 0.5270 0.2524
vn -0.6354 -0.3698 0.6779
vn -0.0135 0.1874 0.9822
vn -0.0023 0.1991 0.9800
vn 0.5980 0.3795 0.7060
vn -0.6844 0.2783 0.6739
vn -0.5975 -0.3675 0.7127
vn -0.0236 0.5201 0.8538
vn 0.4678 -0.3924 0.7919
vn -0.4058 0.0328 0.9134
vn -0.5135 -0.2075 0.8326
vn 0.3914 0.9048 0.1679
vn 0.3816 0.8212 0.4243
vn 0.3858 0.8245 0.4140
vn 0.6768 0.3732 -0.6345
vn 0.9873 -0.1539 0.0390
vn 0.9587 -0.2229 0.1766
vn 0.7769 -0.2473 0.5791
vn 0.5703 -0.2111 0.7938
vn 0.3790 0.3875 0.8404
vn 0.0287 -0.4110 0.9112
vn -0.1609 -0.2001 0.9665
vn 0.3888 0.7136 0.5828
vn 0.7677 0.5683 -0.2961
vn 0.6808 0.6428 0.3513
vn 0.5981 -0.1321 0.7905
vn 0.3342 0.4473 0.8296
vn -0.3184 0.2685 0.9091
vn -0.3100 -0.0957 0.9459
vn 0.2174 -0.0846 0.9724
vn -0.1537 0.0313 0.9876
vn -0.9519 0.2973 0.0743
vn 0.6239 0.7278 0.2847
vn 0.2232 0.0139 0.9747
vn 0.3981 -0.1172 0.9098
vn 0.3803 0.9042 0.1946
vn 0.4498 0.7939 0.4092
vn 0.2457 0.6311 0.7357
vn 0.2436 0.6417 0.7272
vn 0.6554 0.6907 -0.3055
vn 0.6483 0.7049 -0.2877
vn -0.0557 0.4811 0.8749
vn -0.6113 -0.7006 0.3681
vn 0.0004 0.4215 0.9068
vn -0.3761 -0.0435 0.9256
vn -0.3859 0.0287 0.9221
vn -0.6155 -0.4144 0.6704
vn -0.2418 -0.0000 0.9703
vn 0.3015 0.6963 0.6513
vn 0.3156 0.7777 0.5436
vn -0.7582 -0.4359 0.4849
vn -0.1432 0.1415 0.9795
vn 0.4426 0.8817 0.1635
vn 0.5077 0.8132 -0.2847
vn 0.1516 0.9503 0.2719
vn -0.3975 0.3323 0.8553
vn -0.5964 0.0526 0.8009
vn -0.2396 0.1349 0.9615
vn 0.4005 0.7978 0.4507
vn 0.4046 0.7999 0.4433
vn 0.4092 0.8699 0.2755
vn 0.0951 0.7409 0.6649
vn 0.2354 0.7969 0.5564
vn -0.3990 0.7902 0.4652
vn -0.5685 0.5692 0.5940
vn -0.9494 0.1671 0.2658
vn -0.9615 0.1299 0.2422
vn -0.9100 0.2056 -0.3601
vn -0.8995 0.4334 -0.0556
vn -0.8762 0.3112 -0.3680
vn -0.8813 0.2530 -0.3990
vn 0.9938 -0.0650 0.0897
vn 0.7096 -0.3946 -0.5838
vn -0.9176 0.3588 0.1709
vn -0.7609 0.2264 0.6081
vn -0.8536 0.5204 0.0245
vn -0.7644 0.2404 -0.5982
vn 0.9145 -0.3611 -0.1824
vn -0.9468 0.3208 -0.0275
vn -0.9919 0.1090 -0.0649
vn -0.9401 0.1510 -0.3056
vn -0.9323 0.0865 -0.3511
vn 0.3004 0.0630 -0.9517
vn -0.8313 0.4906 0.2612
vn -0.7491 0.5024 -0.4318
vn -0.9531 0.2994 0.0446
vn -0.9150 0.4007 -0.0472
vn -0.8675 0.3435 -0.3597
vn -0.5800 0.6812 0.4468
vn -0.8909 0.4439 -0.0957
vn -0.9170 0.3970 -0.0401
vn -0.7779 0.6128 -0.1390
vn -0.6763 0.4669 -0.5698
vn -0.6294 0.3993 -0.6666
vn -0.6828 0.1936 -0.7045
vn 0.7760 -0.6113 -0.1556
vn -0.7960 0.3946 -0.4590
vn -0.7260 0.3878 -0.5679
vn -0.7862 0.0269 -0.6174
vn 0.4614 -0.7669 -0.4461
vn 0.7181 0.0690 -0.6925
vn -0.6567 0.5288 -0.5377
vn 0.6267 -0.4487 0.6371
vn -0.6726 0.2078 -0.7102
vn 0.9687 -0.0986 0.2277
vn -0.8684 0.4944 -0.0364
vn -0.7117 0.1174 -0.6926
vn -0.1227 -0.4809 -0.8681
vn -0.0297 -0.6669 -0.7445
vn -0.5747 0.8088 0.1244
vn -0.7638 0.6424 -0.0622
vn 0.5884 0.0988 -0.8025
vn -0.5195 0.4217 -0.7431
vn -0.4293 0.5051 -0.7487
vn -0.6154 0.6208 -0.4856
vn -0.9122 0.2005 -0.3574
vn -0.8494 0.0952 -0.5192
vn 0.4721 -0.0335 -0.8809
vn -0.3455 -0.1559 -0.9254
vn 0.7832 -0.2681 -0.5610
vn -0.4183 -0.1491 -0.8960
vn 0.9556 0.0109 -0.2944
vn -0.5455 0.4400 -0.7133
vn -0.4653 0.1686 -0.8690
vn -0.2128 0.0783 -0.9740
vn 0.5194 -0.8278 -0.2118
vn 0.6841 -0.7291 -0.0210
vn 0.3037 -0.0766 -0.9497
vn -0.3810 0.3762 -0.8446
vn -0.6174 0.6201 -0.4839
vn -0.6987 0.5232 -0.4879
vn -0.6447 0.6539 -0.3961
vn -0.3723 0.3803 -0.8466
vn 0.2815 -0.5384 -0.7943
vn 0.2828 -0.8021 -0.5260
vn 0.7333 -0.6791 -0.0326
vn 0.7737 -0.5802 0.2543
vn -0.7994 0.5914 -0.1058
vn -0.4337 -0.2104 -0.8761
vn 0.7126 -0.2211 -0.6658
vn -0.6741 0.6258 -0.3923
vn -0.3998 0.3481 -0.8479
vn -0.3440 0.0545 -0.9374
vn 0.2818 -0.9057 -0.3167
vn 0.2781 -0.4181 -0.8648
vn -0.5858 0.5432 -0.6015
vn 0.8132 -0.3074 -0.4941
vn 0.4530 0.1773 -0.8737
vn 0.6568 -0.4202 -0.6262
vn 0.2109 0.7374 -0.6416
vn 0.4211 0.1230 0.8987
vn -0.2714 -0.0096 -0.9624
vn 0.2180 -0.1463 -0.9649
vn 0.2694 -0.0836 -0.9594
vn 0.2398 -0.0720 -0.9681
vn 0.1334 0.5486 -0.8254
vn -0.6921 0.6388 -0.3362
vn 0.5697 -0.5889 -0.5732
vn 0.2646 -0.9134 0.3093
vn -0.3385 0.6207 -0.7072
vn -0.1665 0.4128 -0.8955
vn -0.1837 -0.6782 -0.7115
vn -0.0563 -0.4068 -0.9118
vn 0.4733 -0.6811 -0.5587
vn 0.7117 -0.4537 -0.5364
vn 0.7346 -0.2641 -0.6250
vn 0.7500 -0.3347 -0.5705
vn 0.1644 0.3746 -0.9125
vn 0.3934 0.0776 -0.9161
vn 0.4186 -0.6935 -0.5864
vn 0.7154 -0.5174 0.4696
vn -0.0301 -0.8707 -0.4909
vn -0.1197 -0.8340 -0.5387
vn -0.0879 -0.7938 -0.6018
vn -0.8527 0.3866 -0.3513
vn -0.3372 -0.0662 -0.9391
vn 0.9467 -0.2591 0.1913
vn 0.6481 -0.1179 -0.7523
vn -0.2171 -0.8754 0.4320
vn -0.0211 0.5473 -0.8367
vn 0.5943 -0.8016 -0.0647
vn -0.3254 -0.0786 -0.9423
vn -0.3488 -0.2366 -0.9068
vn -0.1936 -0.7439 -0.6397
vn 0.4254 -0.7012 -0.5721
vn 0.1638 0.3851 -0.9082
vn -0.7683 0.4112 0.4905
vn -0.4381 -0.8858 -0.1530
vn -0.5636 -0.6951 -0.4463
vn -0.2521 0.3510 -0.9018
vn -0.2532 0.0448 -0.9664
vn -0.1824 -0.0659 -0.9810
vn -0.1318 -0.3820 -0.9147
vn -0.1870 -0.4623 -0.8668
vn 0.2884 -0.0263 -0.9571
vn -0.4640 0.6218 -0.6309
vn -0.2299 -0.0413 -0.9724
vn 0.6229 -0.3156 -0.7158
vn -0.4084 0.5884 -0.6979
vn 0.6381 -0.4081 0.6530
vn -0.4848 0.0069 0.8746
vn -0.6854 -0.0514 0.7264
vn 0.0393 0.5492 -0.8348
vn 0.5293 -0.7387 -0.4173
vn 0.2420 -0.0892 -0.9662
vn 0.1119 0.0948 -0.9892
vn 0.1557 0.1642 -0.9741
vn -0.3911 -0.5282 -0.7537
vn 0.2875 -0.9031 -0.3188
vn -0.0743 -0.4247 -0.9023
vn -0.0518 -0.4812 -0.8751
vn -0.3795 0.3791 -0.8440
vn 0.0602 0.4261 -0.9026
vn 0.7421 -0.5032 0.4428
vn -0.7563 0.4635 0.4618
vn -0.3503 -0.0600 0.9347
vn -0.2673 0.1698 -0.9485
vn -0.8411 -0.3664 -0.3978
vn -0.4918 -0.5352 -0.6868
vn -0.6623 -0.5930 -0.4580
vn -0.2854 -0.8673 -0.4078
vn -0.2916 -0.7046 -0.6469
vn -0.3231 0.4760 -0.8180
vn 0.0775 0.5310 -0.8438
vn 0.3683 -0.4402 -0.8189
vn -0.3914 0.3683 -0.8433
vn 0.5923 -0.3319 -0.7342
vn -0.1921 0.5867 -0.7866
vn -0.8516 0.0033 0.5242
vn -0.5449 -0.5848 0.6009
vn -0.0706 0.4622 -0.8840
vn 0.2798 0.4494 -0.8484
vn -0.0144 -0.8453 0.5340
vn -0.2708 -0.2239 -0.9363
vn -0.4292 0.6908 0.5819
vn -0.4778 0.5784 -0.6612
vn 0.6754 -0.6994 0.2339
vn -0.5084 0.5246 -0.6828
vn 0.8743 -0.0061 -0.4854
vn -0.5917 0.5887 -0.5508
vn 0.6441 -0.5117 -0.5686
vn 0.2846 -0.4415 0.8509
vn 0.3428 0.9040 -0.2554
vn -0.4175 -0.5341 -0.7352
vn -0.8284 -0.5517 -0.0971
vn 0.3899 -0.4170 -0.8210
vn 0.3000 -0.2637 -0.9168
vn -0.1069 -0.2789 0.9544
vn -0.8048 -0.3196 0.5002
vn -0.2946 -0.1202 -0.9480
vn -0.0826 0.2652 -0.9606
vn -0.3820 -0.1564 -0.9108
vn -0.1683 0.1652 -0.9718
vn -0.6564 0.1807 -0.7325
vn 0.5807 -0.2073 -0.7873
vn -0.7740 -0.5691 0.2774
vn 0.0217 0.6404 -0.7677
vn 0.1939 -0.6878 0.6995
vn 0.3261 0.4189 -0.8475
vn 0.5235 0.3851 -0.7601
vn 0.3019 -0.8057 -0.5096
vn 0.5197 0.1644 -0.8384
vn -0.3407 -0.3605 0.8683
vn -0.1583 -0.4869 -0.8590
vn -0.3776 -0.1453 -0.9145
vn -0.3748 0.3284 -0.8670
vn -0.4356 -0.0209 -0.8999
vn -0.4311 -0.3111 -0.8470
vn -0.2660 -0.7328 -0.6263
vn 0.6109 -0.1880 -0.7691
vn 0.0607 -0.9201 -0.3869
vn -0.4482 0.8318 -0.3275
vn 0.4635 -0.8050 -0.3705
vn 0.5685 -0.8213 -0.0487
vn 0.6060 0.0745 -0.7920
vn 0.7308 -0.4850 0.4802
vn 0.0413 0.3790 -0.9245
vn 0.1827 0.1437 -0.9726
vn 0.0233 0.3320 -0.9430
vn -0.0350 -0.0301 -0.9989
vn -0.3612 -0.6319 -0.6857
vn -0.0965 -0.6194 -0.7791
vn 0.0189 -0.7840 -0.6205
vn -0.6818 0.3974 -0.6142
vn -0.8384 -0.5347 -0.1058
vn 0.5428 -0.4818 -0.6880
vn -0.8057 -0.3427 0.4831
vn -0.0772 -0.2593 -0.9627
vn -0.5264 0.2337 -0.8175
vn 0.1171 -0.9833 0.1392
vn -0.9085 -0.0773 -0.4107
vn 0.4300 0.4819 -0.7635
vn 0.4430 0.4645 -0.7669
vn 0.1112 -0.8201 0.5613
vn -0.9284 -0.0993 -0.3580
vn -0.9335 0.3455 0.0955
vn -0.8473 0.1060 0.5204
vn 0.4439 0.3391 -0.8294
vn -0.1692 0.0366 0.9849
vn 0.5001 0.3198 -0.8048
vn 0.3935 -0.2406 -0.8873
vn 0.1870 -0.4714 -0.8619
vn 0.6269 0.2565 -0.7356
vn 0.5284 0.0082 -0.8490
vn -0.2378 -0.2406 -0.9410
vn -0.3238 -0.6197 -0.7150
vn -0.1592 -0.8087 -0.5662
vn -0.0048 -0.4399 -0.8980
vn 0.7237 -0.1781 -0.6668
vn 0.6028 0.0714 -0.7947
vn -0.5872 0.4686 0.6600
vn 0.8532 -0.2422 -0.4620
vn 0.6288 -0.6233 0.4648
vn -0.2689 0.6981 -0.6636
vn -0.6384 0.3460 0.6876
vn -0.0813 -0.4604 -0.8840
vn 0.2611 -0.5163 -0.8157
vn 0.0513 -0.8180 -0.5729
vn 0.2642 -0.5056 -0.8213
vn -0.7866 -0.0009 -0.6175
vn -0.7226 0.0761 -0.6871
vn -0.7665 -0.3528 -0.5367
vn 0.4190 -0.7527 -0.5079
vn -0.6669 0.7361 -0.1157
vn -0.8065 0.4395 0.3955
vn 0.4493 0.4635 -0.7637
vn 0.6184 -0.1994 -0.7601
vn -0.6858 -0.5868 -0.4306
vn -0.6216 -0.4735 -0.6240
vn 0.8946 0.2208 -0.3885
vn -0.9110 0.4113 -0.0284
vn -0.3161 -0.7252 0.6117
vn -0.6398 -0.2258 0.7346
vn -0.8521 -0.4428 0.2792
vn 0.3876 0.5546 -0.7363
vn 0.7546 -0.1764 -0.6320
vn -0.4773 -0.2164 0.8517
vn -0.4534 -0.1559 0.8776
vn -0.5187 -0.0844 -0.8507
vn -0.5051 -0.2795 -0.8165
vn 0.6118 -0.4340 -0.6613
vn 0.0474 0.3537 -0.9342
vn 0.2401 -0.7304 -0.6395
vn -0.6788 0.3279 0.6570
vn 0.6337 0.3840 -0.6715
vn 0.6477 0.2229 -0.7286
vn -0.7225 0.4254 0.5450
vn -0.0906 0.3746 -0.9228
vn 0.1498 -0.3919 -0.9077
vn 0.1259 -0.4654 -0.8761
vn -0.9774 0.0605 0.2026
vn 0.3111 -0.2350 -0.9209
vn -0.2660 0.3256 -0.9073
vn 0.3472 -0.1773 -0.9209
vn -0.8990 -0.4276 0.0946
vn 0.6125 -0.7818 0.1168
vn 0.7757 -0.3535 0.5228
vn 0.3751 -0.4264 -0.8231
vn -0.4202 -0.5581 0.7155
vn 0.8565 -0.0212 -0.5157
vn -0.2194 -0.9698 0.1062
vn -0.6178 -0.0504 0.7847
vn -0.6383 0.4664 0.6124
vn -0.4652 -0.2446 -0.8507
vn -0.4197 -0.5603 -0.7141
vn 0.6780 0.0675 -0.7320
vn 0.1034 0.2912 -0.9511
vn 0.5014 -0.8650 -0.0215
vn 0.7175 -0.0015 -0.6965
vn 0.6915 -0.0621 -0.7197
vn -0.4771 -0.7864 -0.3923
vn -0.0516 -0.7204 -0.6917
vn 0.4717 -0.3250 -0.8197
vn -0.2603 -0.5676 -0.7811
vn -0.0248 -0.1448 -0.9892
vn 0.9488 0.2523 -0.1900
vn -0.1670 -0.0213 -0.9857
vn 0.5473 0.2962 -0.7828
vn -0.4823 -0.8702 -0.1003
vn -0.5434 -0.8090 0.2244
vn -0.7356 0.1283 0.6652
vn -0.6675 -0.6037 0.4359
vn -0.3803 -0.2729 -0.8837
vn 0.3691 -0.3003 -0.8795
vn 0.7501 -0.1473 -0.6447
vn -0.3844 -0.2365 -0.8924
vn -0.3394 -0.0806 -0.9372
vn -0.1806 -0.3424 -0.9220
vn 0.7792 -0.0596 -0.6239
vn 0.5685 -0.0462 -0.8214
vn 0.5801 -0.1500 -0.8006
vn 0.4949 -0.8020 0.3346
vn 0.5358 -0.7293 0.4256
vn -0.7018 0.3541 0.6181
vn -0.7986 0.3920 0.4566
vn -0.0073 0.4645 -0.8855
vn -0.3739 -0.6169 -0.6925
vn -0.5303 -0.7167 -0.4530
vn -0.0334 -0.4792 -0.8771
vn -0.0652 -0.5799 -0.8121
vn -0.0237 -0.5284 -0.8486
vn 0.5669 0.0341 -0.8231
vn -0.2773 -0.8972 -0.3436
vn -0.4359 -0.3544 -0.8273
vn 0.5138 -0.3880 -0.7652
vn -0.7840 -0.0848 -0.6149
vn -0.5794 -0.6429 -0.5011
vn 0.7162 -0.6924 -0.0875
vn -0.7381 0.6496 -0.1824
vn 0.7246 -0.6572 0.2077
vn -0.6119 -0.2758 0.7413
vn -0.7331 0.6619 0.1562
vn -0.6235 0.4694 0.6253
vn 0.4833 -0.6081 0.6297
vn 0.4473 0.3025 -0.8417
vn 0.5126 -0.3880 -0.7660
vn -0.5490 -0.5320 0.6447
vn -0.8197 0.0662 0.5689
vn -0.7589 -0.0813 0.6461
vn -0.7565 0.1042 0.6456
vn -0.8062 -0.2252 0.5471
vn -0.4835 -0.2388 -0.8421
vn -0.4942 -0.2222 -0.8405
vn -0.4868 -0.5028 -0.7143
vn 0.5763 -0.2465 -0.7792
vn 0.5561 -0.1382 -0.8196
vn -0.1709 -0.3329 -0.9274
vn -0.7741 0.4502 0.4450
vn 0.2543 0.3259 -0.9106
vn 0.2715 0.2238 -0.9360
vn -0.0830 -0.1424 -0.9863
vn 0.4412 -0.3928 -0.8068
vn 0.4460 -0.3786 -0.8110
vn 0.6420 -0.4045 -0.6513
vn 0.6782 -0.3162 -0.6634
vn -0.7765 -0.5465 -0.3137
vn -0.1709 -0.2314 -0.9577
vn -0.3233 0.0983 -0.9412
vn 0.1196 0.0924 -0.9885
vn 0.0294 0.3644 -0.9308
vn -0.2787 0.2830 -0.9178
vn -0.3081 0.3112 -0.8990
vn -0.2948 -0.2923 -0.9098
vn -0.7973 -0.6017 0.0484
vn -0.9637 -0.0803 0.2547
vn -0.9555 -0.0324 0.2931
vn -0.9043 0.4013 -0.1458
vn -0.7898 -0.5958 0.1459
vn -0.8833 0.4095 0.2282
vn -0.8608 0.4603 0.2172
vn -0.6048 0.0375 0.7955
vn -0.6850 0.0765 0.7245
vn -0.8796 -0.0844 0.4681
vn -0.5153 -0.8494 -0.1142
vn 0.4635 -0.1921 -0.8650
vn 0.4401 -0.0999 -0.8924
vn 0.3660 0.1003 -0.9252
vn 0.5862 -0.2871 -0.7576
vn 0.5954 -0.2784 -0.7537
vn 0.8291 0.1480 -0.5392
vn 0.1581 -0.8767 -0.4543
vn -0.4090 0.2792 0.8688
vn -0.9056 0.3033 0.2964
vn 0.1937 0.2891 -0.9375
vn 0.1332 -0.0070 -0.9911
vn 0.2158 -0.0735 -0.9737
vn 0.2027 -0.2012 -0.9584
vn -0.8069 -0.4210 -0.4142
vn -0.9380 0.2462 0.2442
vn -0.9391 0.1151 -0.3239
vn -0.9947 0.1026 0.0102
vn -0.8700 -0.1733 -0.4615
vn -0.9943 0.0211 0.1045
vn 0.6039 -0.7824 -0.1524
vn -0.9290 0.3077 0.2055
vn -0.9933 0.0358 0.1095
vn -0.9648 0.2426 0.1016
vn 0.7547 -0.4738 -0.4537
vn -0.9585 0.0823 0.2730
vn -0.9353 0.0439 0.3512
vn -0.6900 0.4232 0.5872
vn -0.8132 0.3990 0.4236
vn -0.4907 -0.2045 -0.8470
vn -0.6278 -0.2895 -0.7226
vn -0.5679 -0.3736 -0.7334
vn -0.6455 -0.3252 -0.6910
vn 0.4467 -0.1047 -0.8886
vn -0.0321 -0.1452 -0.9889
vn -0.3085 -0.6242 -0.7178
vn 0.4470 -0.8343 0.3226
vn -0.8342 0.5257 0.1664
vn 0.3966 -0.9156 -0.0661
vn 0.2150 -0.5839 0.7828
vn -0.7136 -0.5594 -0.4217
vn -0.8607 -0.4348 -0.2647
vn -0.2619 -0.2211 -0.9394
vn -0.8908 0.2939 0.3466
vn -0.5656 0.2682 0.7799
vn -0.7415 -0.6548 -0.1466
vn -0.4544 0.5766 -0.6790
vn 0.5682 -0.7489 -0.3411
vn -0.6756 0.7324 0.0847
vn -0.6643 -0.6294 0.4032
vn -0.9025 -0.3083 0.3007
vn -0.8258 0.2328 0.5136
vn -0.8750 -0.1654 0.4550
vn -0.8212 -0.5569 0.1246
vn -0.8671 -0.2754 0.4151
vn -0.8179 -0.1369 0.5589
vn -0.8082 0.5190 0.2784
vn -0.0540 -0.0071 -0.9985
vn -0.4148 -0.0617 -0.9078
vn -0.1636 -0.3863 -0.9077
vn 0.1550 -0.8766 -0.4557
vn 0.5646 -0.6842 -0.4616
vn 0.2712 0.7487 -0.6049
vn 0.2730 0.7348 -0.6209
vn -0.4784 0.4945 0.7257
vn 0.7910 -0.5459 -0.2762
vn -0.1686 0.4230 -0.8903
vn -0.1620 -0.0094 -0.9868
vn -0.8497 0.0843 -0.5205
vn -0.9353 -0.2260 -0.2723
vn -0.3456 -0.2338 -0.9088
vn -0.6688 -0.5671 -0.4808
vn 0.8541 -0.4488 -0.2629
vn 0.3845 0.3397 -0.8583
vn -0.7535 -0.6375 -0.1609
vn -0.9398 0.1501 0.3070
vn -0.9590 0.2011 0.1998
vn 0.1338 -0.9035 0.4071
vn -0.7270 0.3092 -0.6131
vn 0.7575 -0.1836 -0.6265
vn -0.6480 -0.3228 -0.6898
vn -0.8595 0.3839 0.3376
vn -0.3630 -0.3880 -0.8472
vn -0.8686 0.2487 0.4285
vn -0.2081 -0.2972 -0.9319
vn -0.3861 0.0344 -0.9218
vn 0.1602 -0.8574 -0.4891
vn 0.2253 -0.9741 0.0200
vn 0.2911 -0.9343 0.2058
vn -0.6017 0.3330 0.7260
vn 0.4952 -0.6023 -0.6261
vn -0.4914 0.6550 0.5740
vn -0.0264 -0.9099 0.4139
vn -0.3117 0.2687 -0.9114
vn -0.3081 -0.1316 -0.9422
vn -0.2102 -0.2655 -0.9409
vn -0.2643 -0.3756 -0.8883
vn -0.2103 -0.3960 -0.8938
vn -0.3428 -0.2442 -0.9071
vn 0.4275 0.9003 0.0814
vn -0.6501 -0.3648 -0.6665
vn -0.8488 -0.5285 0.0166
vn 0.2133 -0.9721 -0.0972
vn -0.0751 -0.8064 0.5866
vn -0.6512 -0.1370 -0.7464
vn -0.8346 -0.1642 -0.5258
vn -0.9594 0.2355 0.1550
vn -0.8881 -0.2188 -0.4043
vn -0.9269 0.2613 0.2695
vn -0.9301 0.2278 0.2881
vn -0.0862 0.7779 -0.6224
vn 0.2635 -0.8823 -0.3901
vn 0.2674 -0.8795 -0.3937
vn -0.5749 -0.1168 -0.8098
vn -0.8657 -0.1927 -0.4620
vn -0.7967 -0.3370 -0.5017
vn -0.8978 -0.4400 -0.0193
vn -0.7481 -0.2020 0.6321
vn -0.6963 0.7096 0.1078
vn -0.7879 -0.1706 -0.5917
vn -0.9509 0.2575 0.1717
vn -0.8701 -0.2356 -0.4329
vn -0.9288 -0.1991 -0.3126
vn -0.9663 0.1726 0.1908
vn -0.9659 0.1731 0.1926
vn -0.8651 -0.0974 -0.4920
vn -0.8243 -0.2177 -0.5227
vn -0.7836 -0.0308 -0.6205
vn -0.4651 -0.2647 -0.8448
vn -0.9108 0.4113 0.0348
vn 0.5040 -0.1481 -0.8509
vn 0.4818 -0.1989 -0.8534
vn 0.3594 0.6348 -0.6840
vn 0.3645 0.1464 -0.9196
vn 0.5238 -0.3108 -0.7931
vn 0.4276 -0.7556 -0.4962
vn 0.5902 -0.7234 0.3583
vn 0.5221 -0.8426 -0.1322
vn -0.5756 0.2708 -0.7716
vn -0.5981 0.0934 -0.7960
vn -0.4305 -0.1302 -0.8932
vn -0.5968 -0.3735 -0.7102
vn -0.5156 -0.3509 -0.7817
vn -0.7245 -0.5260 -0.4454
vn 0.4797 -0.8749 0.0671
vn 0.4544 -0.8907 0.0108
vn -0.9791 -0.0122 0.2032
vn -0.8363 0.1183 0.5354
vn -0.9251 -0.3436 0.1618
vn -0.5407 0.8348 -0.1034
vn -0.0636 -0.7982 0.5990
vn -0.9980 0.0525 0.0347
vn -0.9995 0.0276 0.0164
vn -0.9589 0.1466 -0.2428
vn -0.9766 0.0590 -0.2066
vn 0.3661 -0.0968 -0.9255
vn 0.1538 0.0755 -0.9852
vn 0.3704 -0.2533 -0.8936
vn -0.3243 0.7779 -0.5382
vn 0.2304 -0.4842 -0.8441
vn -0.9291 0.3396 0.1462
vn -0.8348 0.5162 0.1915
vn -0.3438 0.5409 0.7676
vn -0.9989 -0.0349 0.0305
vn 0.6143 0.5684 -0.5473
vn 0.5214 -0.3532 -0.7768
vn 0.5580 -0.4206 -0.7154
vn 0.2682 0.1193 -0.9560
vn 0.4048 0.0745 -0.9114
vn 0.2073 -0.1250 -0.9703
vn -0.2996 0.3695 -0.8796
vn 0.1435 0.1341 -0.9805
vn 0.7908 -0.3673 0.4897
vn 0.6096 -0.6574 -0.4430
vn 0.5322 -0.7451 -0.4021
vn 0.5313 -0.7480 -0.3977
vn -0.6933 0.7172 0.0708
vn 0.4699 -0.8723 -0.1353
vn -0.1783 -0.3386 -0.9239
vn 0.4282 -0.8705 0.2425
vn -0.9904 -0.1343 0.0342
vn -0.4450 -0.6870 0.5745
vn 0.0469 -0.9969 -0.0626
vn 0.0581 -0.8319 0.5519
vn -0.2787 -0.1452 0.9493
vn 0.3061 -0.9007 -0.3083
vn 0.2740 -0.9041 -0.3278
vn -0.0052 -0.0026 -1.0000
vn 0.1827 0.1200 -0.9758
vn 0.1697 -0.2231 -0.9599
vn -0.1262 -0.8971 -0.4235
vn 0.1722 0.2899 -0.9414
vn 0.1327 0.1250 -0.9832
vn -0.0081 -0.9757 -0.2190
vn -0.4973 -0.6242 -0.6025
vn -0.6131 -0.6585 -0.4365
vn -0.2391 -0.9393 0.2462
vn -0.5938 0.4649 0.6567
vn -0.5325 0.6242 -0.5716
vn -0.7163 0.1457 -0.6824
vn -0.6449 -0.0391 -0.7633
vn -0.3307 0.2205 -0.9176
vn 0.0894 -0.2613 -0.9611
vn -0.4188 0.3389 -0.8425
vn 0.3443 -0.7536 -0.5599
vn 0.2665 -0.8095 -0.5232
vn 0.3474 -0.3325 -0.8768
vn 0.5990 -0.4328 -0.6737
vn 0.7587 -0.6413 -0.1144
vn 0.8475 -0.1610 0.5057
vn -0.7800 0.5398 0.3166
vn -0.7769 0.4850 0.4015
vn -0.4783 -0.8481 -0.2278
vn -0.2777 -0.8889 -0.3644
vn 0.1043 0.3744 -0.9214
vn -0.2370 -0.1963 -0.9515
vn -0.0129 -0.9785 -0.2058
vn 0.2959 -0.9552 -0.0012
vn -0.6265 -0.7029 0.3367
vn 0.0024 -0.9783 0.2074
vn -0.4480 0.3430 0.8256
vn -0.6763 -0.6021 -0.4243
vn -0.5743 -0.7088 -0.4096
vn -0.4549 0.1684 -0.8745
vn -0.3231 0.0104 -0.9463
vn -0.4343 -0.1849 -0.8816
vn -0.1759 -0.8643 -0.4711
vn -0.7565 0.4780 -0.4464
vn 0.2118 -0.1485 -0.9660
vn -0.7553 0.6207 -0.2102
vn 0.5718 -0.4301 -0.6986
vn -0.5016 0.6246 0.5986
vn -0.6661 -0.7022 -0.2515
vn -0.6609 -0.2030 0.7225
vn -0.7345 -0.0491 0.6768
vn -0.7197 -0.0643 0.6913
vn -0.6215 -0.6890 -0.3729
vn -0.8409 0.5287 0.1160
vn 0.4611 -0.7597 0.4586
vn -0.5464 -0.7895 0.2796
vn 0.7819 0.4996 -0.3729
vn 0.6480 -0.7169 -0.2572
vn 0.8909 -0.1828 0.4158
vn -0.5549 -0.7647 0.3276
vn -0.4924 -0.7577 0.4284
vn -0.9303 0.3128 -0.1916
vn -0.9195 -0.2457 -0.3067
vn -0.8125 0.5828 -0.0110
vn -0.5269 -0.1236 -0.8409
vn -0.4394 -0.6138 0.6559
vn -0.7100 -0.3842 -0.5902
vn 0.3745 -0.2784 -0.8844
vn 0.3495 -0.2071 -0.9138
vn -0.7685 0.6052 0.2078
vn -0.7487 -0.2802 0.6008
vn -0.8142 0.0291 0.5799
vn -0.9009 -0.0920 0.4241
vn -0.8281 -0.1663 0.5353
vn -0.0600 -0.2538 0.9654
vn -0.9529 0.0907 0.2893
vn -0.9739 0.0576 0.2194
vn -0.9758 0.1391 0.1686
vn -0.9937 -0.0749 -0.0831
vn -0.9774 -0.1954 -0.0810
vn -0.7479 -0.4560 -0.4824
vn -0.5795 0.0133 -0.8148
vn -0.5142 -0.1414 -0.8459
vn -0.4119 0.6770 -0.6099
vn 0.8101 -0.5827 -0.0645
vn -0.4977 -0.6702 0.5506
vn -0.5812 -0.7256 0.3684
vn -0.5695 0.1881 0.8002
vn -0.8802 0.2816 -0.3819
vn -0.5889 -0.4543 -0.6684
vn -0.0364 -0.2451 -0.9688
vn -0.0511 0.1128 -0.9923
vn 0.7296 -0.6756 0.1060
vn -0.8722 0.3827 0.3046
vn 0.6800 -0.7253 -0.1076
vn -0.7249 -0.5036 -0.4699
vn -0.9693 0.0714 -0.2355
vn -0.7459 -0.5332 -0.3992
vn -0.4921 -0.8282 -0.2682
vn 0.2563 -0.9658 0.0387
vn -0.9276 0.0418 0.3711
vn -0.3427 -0.7704 0.5377
vn -0.9316 0.1775 0.3173
vn -0.9736 -0.0613 0.2199
vn -0.8259 0.0408 -0.5623
vn -0.7408 0.1786 -0.6476
vn -0.7399 -0.0973 -0.6657
vn -0.8651 0.1808 -0.4679
vn -0.8746 0.2836 -0.3932
vn -0.8715 -0.1489 -0.4672
vn -0.8674 0.1831 -0.4627
vn 0.5877 -0.3901 -0.7088
vn 0.5952 -0.5190 -0.6135
vn -0.8925 0.3604 0.2711
vn -0.7909 -0.0705 0.6079
vn -0.8469 -0.2729 0.4564
vn -0.7774 -0.0658 0.6256
vn 0.3358 -0.6672 0.6649
vn -0.6852 0.0896 -0.7228
vn -0.9390 0.2072 -0.2743
vn -0.8979 -0.4376 -0.0479
vn -0.8583 -0.5081 0.0725
vn -0.4836 -0.8414 -0.2411
vn -0.8887 0.1739 0.4242
vn -0.8535 0.0071 0.5210
vn 0.9233 -0.0565 -0.3799
vn 0.6186 -0.7141 0.3276
vn 0.0265 0.0509 -0.9984
vn 0.1127 -0.2882 -0.9509
vn -0.9395 -0.1222 -0.3199
vn -0.6972 0.2927 -0.6544
vn 0.3098 -0.4456 -0.8399
vn 0.1331 0.1303 -0.9825
vn -0.9711 0.1558 -0.1810
vn -0.9701 0.0567 -0.2361
vn -0.9863 -0.0068 -0.1651
vn -0.9722 -0.0584 0.2267
vn -0.9541 -0.1505 0.2589
vn -0.9631 -0.1844 0.1963
vn -0.8549 0.4939 0.1586
vn -0.9130 0.3961 0.0980
vn -0.9102 0.4032 0.0943
vn -0.9648 0.1800 0.1917
vn -0.9290 -0.0062 0.3699
vn -0.6309 -0.2905 0.7194
vn -0.7953 0.4252 0.4320
vn -0.9109 0.3663 -0.1898
vn -0.8890 0.0604 -0.4539
vn -0.9647 -0.2355 -0.1176
vn -0.9002 -0.0029 -0.4355
vn -0.9115 0.3905 0.1289
vn -0.9327 0.2016 0.2990
vn -0.6294 0.7253 -0.2791
vn -0.5354 -0.8127 -0.2299
vn -0.4168 -0.9045 0.0902
vn 0.7407 -0.6445 0.1897
vn 0.5338 -0.8447 0.0388
vn 0.1174 0.3956 -0.9109
vn 0.5893 -0.4620 0.6628
vn 0.2863 -0.0174 -0.9580
vn 0.2939 -0.0453 -0.9548
vn -0.7649 0.6071 0.2154
vn -0.9141 -0.0985 -0.3933
vn -0.6370 0.7317 -0.2424
vn -0.5192 0.8033 -0.2920
vn -0.5850 0.7259 -0.3618
vn -0.6717 -0.7274 -0.1404
vn -0.3133 0.6419 -0.6999
vn -0.4530 0.8453 -0.2833
vn -0.3399 0.3160 -0.8858
vn -0.6648 0.7414 -0.0909
vn -0.6622 0.4750 -0.5796
vn -0.7145 0.6410 0.2803
vn -0.9580 0.0149 -0.2863
vn -0.9043 0.3391 -0.2592
vn -0.9048 -0.4229 -0.0502
vn -0.9828 0.1791 -0.0443
vn -0.6742 -0.6673 0.3164
vn -0.5979 -0.7546 0.2703
vn -0.6500 0.6092 -0.4542
vn -0.5947 -0.7681 0.2372
vn -0.5325 -0.6344 0.5603
vn -0.7289 0.6846 0.0013
vn -0.6610 0.7300 0.1737
vn -0.5910 0.0452 0.8054
vn -0.6586 -0.2653 0.7042
vn -0.0740 -0.9600 -0.2700
vn -0.0222 -0.8737 -0.4860
vn 0.5131 -0.4142 -0.7518
vn 0.6002 -0.4770 0.6420
vn -0.9998 -0.0107 -0.0195
vn -0.9348 0.1804 0.3059
vn -0.8915 0.2760 -0.3591
vn -0.8508 -0.2930 -0.4361
vn -0.9054 0.3149 -0.2846
vn -0.9040 0.3186 -0.2853
vn -0.9156 -0.3737 0.1482
vn -0.9997 -0.0171 0.0180
vn -0.8933 -0.4108 0.1823
vn -0.8218 -0.4320 0.3716
vn -0.9485 0.3166 0.0058
vn -0.9817 -0.0329 0.1876
vn -0.9342 -0.1678 0.3148
vn -0.0113 -0.9999 -0.0004
vn -0.0059 -0.9416 -0.3368
vn 0.0457 -0.8400 -0.5406
vn 0.0422 -0.8368 -0.5459
vn 0.3753 -0.0634 -0.9247
vn -0.0213 -0.9998 -0.0045
vn 0.9882 -0.1143 -0.1019
vn -0.2715 0.3241 -0.9062
vn 0.1838 -0.0301 -0.9825
vn -0.3250 0.3947 -0.8594
vn 0.3744 -0.5659 -0.7345
vn 0.7704 -0.0848 -0.6319
vn 0.7573 0.0594 -0.6504
vn -0.4007 0.1959 -0.8950
vn -0.4238 0.4573 -0.7818
vn 0.1068 -0.0827 -0.9908
vn 0.7405 -0.4230 -0.5222
vn -0.0653 0.3380 -0.9389
vn -0.0155 -0.2776 -0.9606
vn 0.2353 -0.9634 -0.1286
vn 0.1348 -0.8654 0.4826
vn 0.2650 -0.8948 -0.3593
vn 0.2974 -0.8665 -0.4010
vn 0.2389 -0.8437 -0.4808
vn 0.1540 -0.7207 -0.6759
vn 0.1825 -0.7497 -0.6361
vn 0.7665 -0.0243 -0.6418
vn 0.0424 0.2816 -0.9586
vn 0.4262 -0.3772 -0.8223
vn 0.3448 -0.1811 -0.9210
vn -0.6048 0.6382 0.4763
vn 0.2848 -0.9507 -0.1232
vn 0.2886 -0.9486 -0.1302
vn 0.2968 -0.7619 -0.5757
vn 0.2512 0.1496 -0.9563
vn 0.3037 0.1157 -0.9457
vn 0.3051 -0.0062 -0.9523
vn 0.2987 -0.0144 -0.9542
vn 0.4466 -0.3142 -0.8377
vn 0.4382 -0.2824 -0.8534
vn 0.4890 -0.1700 -0.8555
vn 0.2568 0.3486 -0.9014
vn 0.5608 0.3589 -0.7462
vn 0.6735 -0.2634 -0.6907
vn -0.6647 0.6412 0.3835
vn 0.1332 -0.0328 -0.9906
vn 0.2701 -0.5932 -0.7584
vn 0.2906 0.4181 -0.8607
vn 0.3236 -0.2331 -0.9170
vn 0.2000 0.4279 -0.8814
vn 0.2889 0.5868 -0.7564
vn 0.3888 0.2666 -0.8819
vn 0.7754 -0.2595 -0.5757
vn 0.7353 0.2923 -0.6115
vn -0.0171 -0.0623 -0.9979
vn -0.0096 0.0368 -0.9993
vn 0.0019 -0.1319 -0.9913
vn -0.5542 0.4156 -0.7212
vn -0.8007 0.4957 -0.3365
vn -0.2315 -0.7906 0.5669
vn 0.3685 -0.1181 -0.9221
vn 0.6052 0.2521 -0.7551
vn 0.6525 0.3382 -0.6781
vn -0.3290 0.0856 -0.9404
vn 0.4388 -0.1047 -0.8925
vn 0.3578 0.1509 -0.9215
vn 0.6639 0.1441 -0.7338
vn -0.8280 0.4825 -0.2857
vn -0.2675 -0.8022 0.5338
vn -0.7747 0.5745 0.2643
vn 0.5772 -0.6521 -0.4915
vn -0.0851 0.1462 -0.9856
vn -0.0502 0.0983 -0.9939
vn -0.3651 -0.0501 -0.9296
vn -0.1985 0.1678 -0.9656
vn -0.2387 -0.3036 -0.9224
vn -0.2730 -0.1800 -0.9450
vn 0.0970 0.4617 -0.8817
vn -0.4032 -0.1560 -0.9017
vn -0.1153 0.4416 -0.8898
vn -0.0909 -0.2119 -0.9731
vn -0.0807 0.1686 -0.9824
vn 0.0178 -0.1214 -0.9924
vn 0.1969 0.3000 -0.9334
vn -0.1228 0.1102 -0.9863
vn 0.6394 0.4552 -0.6197
vn 0.2461 0.2423 -0.9385
vn 0.4900 0.3071 -0.8159
vn -0.1994 -0.8126 -0.5476
vn -0.2227 -0.8331 -0.5063
vn 0.4232 -0.5471 0.7222
vn -0.5999 0.2628 -0.7557
vn 0.6088 -0.7686 0.1964
vn 0.5469 -0.8244 -0.1461
vn 0.4915 -0.7841 -0.3790
vn 0.6349 -0.5751 -0.5159
vn 0.6355 -0.5486 -0.5433
vn -0.6118 0.0728 -0.7876
vn -0.6248 -0.1026 -0.7740
vn -0.3452 -0.2248 -0.9112
vn -0.2288 0.3600 -0.9045
vn 0.3112 -0.9336 0.1773
vn -0.0931 -0.1418 -0.9855
vn -0.0813 -0.0779 -0.9936
vn 0.2396 -0.1243 -0.9629
vn 0.8459 -0.1662 -0.5068
vn 0.3376 0.3633 -0.8684
vn 0.3782 0.2906 -0.8789
vn 0.4527 0.1770 -0.8739
vn -0.6419 0.1287 -0.7559
vn -0.6142 0.1533 -0.7741
vn -0.8682 0.3902 -0.3065
vn 0.6075 -0.7916 -0.0662
vn 0.5630 -0.7114 -0.4206
vn -0.6291 0.5884 0.5079
vn -0.8526 0.2456 -0.4613
vn -0.8665 -0.1422 -0.4785
vn -0.7974 -0.0025 -0.6035
vn -0.9038 0.0848 -0.4196
vn -0.6912 -0.1620 -0.7042
vn -0.5062 -0.0456 -0.8612
vn -0.7011 0.0052 -0.7130
vn -0.5494 -0.0872 -0.8310
vn 0.4459 0.0218 -0.8948
vn -0.0713 -0.0535 -0.9960
vn 0.2421 0.2495 -0.9376
vn -0.4003 -0.2346 0.8859
vn 0.1533 -0.1692 -0.9736
vn -0.6123 0.1501 -0.7763
vn -0.8724 0.3866 -0.2990
vn -0.7828 0.5573 0.2768
vn -0.0197 -0.4521 0.8917
vn -0.6339 0.1053 -0.7662
vn -0.7054 0.5019 0.5005
vn 0.7882 -0.3992 -0.4684
vn -0.6827 -0.3935 -0.6157
vn -0.8165 -0.1718 -0.5512
vn -0.8076 -0.2048 -0.5531
vn -0.8407 -0.4512 -0.2994
vn -0.8534 -0.5212 -0.0044
vn -0.9969 -0.0770 -0.0139
vn -0.9981 -0.0429 -0.0437
vn -0.9942 0.0939 -0.0520
vn -0.9247 0.0574 -0.3763
vn -0.7633 -0.0565 -0.6436
vn 0.5222 0.1238 -0.8438
vn -0.3880 -0.2641 -0.8830
vn -0.4935 0.2293 -0.8390
vn -0.4620 -0.0502 -0.8855
vn -0.3452 -0.1008 -0.9331
vn -0.2280 -0.0189 -0.9735
vn -0.3736 -0.2319 -0.8982
vn -0.8040 -0.2148 0.5545
vn -0.3822 -0.5470 0.7448
vn -0.9731 0.0321 0.2282
vn -0.9701 0.2374 -0.0505
vn 0.0309 -0.0146 -0.9994
vn 0.1056 -0.0342 -0.9938
vn -0.8702 -0.3571 0.3393
vn -0.7919 0.1573 0.5900
vn -0.4995 0.5269 -0.6877
vn -0.6978 0.2791 -0.6597
vn -0.6314 0.1321 -0.7641
vn -0.6657 0.1157 -0.7372
vn -0.8935 0.2844 -0.3476
vn -0.2800 -0.7769 0.5639
vn 0.6873 -0.6529 -0.3184
vn -0.6401 0.6267 0.4444
vn -0.5240 0.0406 -0.8507
vn -0.7736 0.3816 0.5059
vn -0.6435 0.4766 -0.5990
vn -0.6425 -0.4763 -0.6003
vn -0.8940 -0.4381 -0.0942
vn -0.8578 0.4356 -0.2727
vn -0.8988 0.3807 -0.2174
vn -0.9101 -0.0098 -0.4144
vn -0.4511 -0.2487 -0.8571
vn -0.7935 -0.0703 -0.6045
vn -0.8645 0.1980 -0.4620
vn -0.8131 0.3417 -0.4713
vn -0.8548 -0.3976 0.3335
vn -0.8540 -0.4006 0.3321
vn -0.9828 0.1741 -0.0616
vn -0.9504 0.0427 -0.3080
vn -0.5027 -0.0465 -0.8632
vn -0.0691 -0.0722 -0.9950
vn -0.9934 -0.0471 -0.1046
vn -0.7520 -0.2365 0.6153
vn -0.8428 -0.0663 0.5342
vn -0.8101 0.1336 0.5708
vn -0.8555 -0.2771 0.4375
vn -0.8359 0.1879 0.5157
vn -0.7530 0.2748 0.5979
vn -0.8126 -0.2649 0.5192
vn -0.5564 0.3578 -0.7499
vn -0.5561 0.3581 -0.7500
vn -0.5484 0.3794 -0.7452
vn 0.5796 -0.1533 0.8003
vn -0.5727 0.1315 -0.8091
vn -0.7771 0.4182 -0.4703
vn -0.9036 0.3531 0.2425
vn -0.5766 -0.4137 0.7046
vn -0.7690 0.2853 -0.5720
vn -0.9362 0.1451 -0.3202
vn -0.7405 0.6582 0.1360
vn 0.8409 -0.3886 -0.3768
vn -0.1921 -0.5050 -0.8415
vn -0.9920 -0.1256 0.0120
vn 0.2287 -0.1379 -0.9637
vn -0.9622 -0.0779 0.2608
vn -0.9637 -0.0983 0.2481
vn -0.8819 -0.1815 -0.4350
vn -0.9293 0.0798 -0.3605
vn -0.8979 0.0180 -0.4399
vn -0.8091 0.0936 -0.5802
vn -0.7977 0.0477 -0.6011
vn -0.4948 -0.0352 -0.8683
vn -0.5699 0.0352 -0.8210
vn -0.6269 -0.0602 -0.7767
vn -0.4019 -0.6704 -0.6238
vn -0.9541 0.1436 -0.2628
vn -0.9141 -0.2349 -0.3306
vn 0.0701 -0.1574 -0.9850
vn -0.9827 -0.1848 -0.0079
vn -0.9914 0.1154 -0.0617
vn -0.6859 0.3621 -0.6313
vn -0.8444 -0.2313 0.4833
vn -0.8286 -0.1786 0.5306
vn -0.8200 -0.1946 0.5382
vn -0.7805 0.3464 0.5204
vn -0.8412 -0.1960 0.5039
vn 0.5036 0.5375 -0.6764
vn 0.4245 0.1043 -0.8994
vn -0.1954 -0.8488 -0.4912
vn -0.5309 -0.3700 0.7624
vn -0.9105 0.2718 0.3117
vn -0.7354 0.1457 0.6618
vn -0.9274 0.2411 -0.2859
vn -0.9913 -0.0392 -0.1254
vn 0.2529 -0.8217 -0.5107
vn -0.6272 -0.0298 -0.7783
vn -0.8295 0.3778 0.4115
vn -0.7615 0.5423 0.3551
vn 0.2200 -0.6829 -0.6966
vn 0.0174 -0.7169 -0.6969
vn -0.0016 -0.6113 -0.7914
vn 0.0571 -0.5939 -0.8025
vn -0.7112 -0.2000 -0.6739
vn -0.4477 -0.2737 -0.8513
vn -0.8905 -0.3119 -0.3313
vn -0.9100 -0.3671 -0.1927
vn -0.5145 -0.0080 -0.8574
vn -0.7746 0.0100 -0.6324
vn -0.1932 -0.1785 -0.9648
vn -0.0086 -0.0400 -0.9992
vn -0.9645 0.2530 0.0752
vn -0.9681 -0.1082 0.2260
vn -0.9877 0.0510 -0.1480
vn -0.9846 0.0685 -0.1605
vn -0.9699 0.0864 -0.2277
vn 0.3097 -0.1932 -0.9310
vn 0.4663 0.0046 -0.8846
vn -0.9390 0.0928 0.3311
vn -0.9355 0.1795 -0.3045
vn -0.9890 -0.0123 -0.1471
vn -0.8687 0.0159 0.4950
vn 0.4178 0.4218 -0.8047
vn -0.8107 -0.2426 0.5329
vn -0.9116 0.1462 -0.3843
vn -0.9216 0.1251 -0.3674
vn -0.8400 -0.2729 0.4690
vn -0.8452 -0.2646 0.4643
vn 0.0173 -0.7469 -0.6648
vn -0.3429 -0.9084 0.2392
vn -0.9238 0.1606 -0.3477
vn -0.9252 0.1583 -0.3449
vn -0.2921 -0.7826 0.5498
vn -0.9228 -0.1419 0.3583
vn -0.8333 -0.2690 0.4830
vn -0.9247 0.2043 -0.3212
vn -0.9154 -0.1403 0.3773
vn -0.9798 0.1973 0.0326
vn -0.8804 -0.0143 0.4741
vn -0.2419 -0.7424 -0.6247
vn -0.2397 -0.7214 -0.6497
vn -0.3282 -0.6536 -0.6820
vn -0.4723 -0.5651 -0.6765
vn -0.9277 -0.2110 -0.3081
vn -0.4758 -0.0030 -0.8796
vn -0.9489 0.1348 -0.2855
vn -0.9030 0.0523 -0.4265
vn -0.7842 0.1380 -0.6049
vn 0.3910 -0.0098 -0.9203
vn 0.5462 -0.1168 -0.8295
vn -0.9865 0.1007 0.1291
vn -0.9852 0.1714 0.0093
vn -0.8938 0.0944 0.4385
vn -0.1865 -0.8311 -0.5238
vn -0.4579 -0.5431 -0.7038
vn -0.8406 -0.5000 0.2082
vn -0.5299 0.0018 -0.8480
vn -0.8420 0.0755 -0.5341
vn -0.4483 -0.0621 -0.8917
vn -0.2248 0.0302 -0.9739
vn -0.2502 0.0612 -0.9663
vn 0.6279 -0.0854 -0.7736
vn -0.8206 0.0478 -0.5695
vn -0.8830 0.4650 -0.0643
vn -0.7184 0.6743 0.1711
vn -0.1390 -0.9223 -0.3605
vn -0.3809 -0.6698 -0.6374
vn -0.4224 -0.5445 -0.7246
vn 0.2800 -0.0333 -0.9594
vn -0.0787 0.1204 -0.9896
vn -0.8342 0.0749 -0.5463
vn -0.7653 0.1010 -0.6357
vn -0.9779 0.1438 -0.1519
vn -0.9643 0.1330 -0.2289
vn -0.9541 -0.0264 -0.2983
vn -0.9599 -0.1701 -0.2228
vn 0.1157 -0.7874 -0.6055
vn -0.8284 -0.2708 0.4903
vn -0.7245 0.2941 0.6234
vn -0.1127 -0.7970 -0.5934
vn -0.0453 0.0905 -0.9949
vn 0.3541 0.0050 -0.9352
vn -0.8866 0.0918 -0.4534
vn 0.2232 -0.0542 -0.9733
vn -0.9801 0.1393 -0.1415
vn -0.9807 0.1457 -0.1303
vn -0.9317 0.1521 0.3297
vn -0.9411 0.1698 0.2925
vn -0.2894 -0.9319 0.2188
vn -0.1861 -0.7257 -0.6624
vn 0.5373 -0.1189 -0.8349
vn -0.6952 0.1976 -0.6912
vn 0.8465 -0.1750 -0.5028
vn 0.3665 -0.7719 -0.5194
vn 0.4298 -0.2085 -0.8785
vn 0.9332 -0.2918 -0.2098
vn -0.3808 -0.8919 -0.2439
vn -0.4337 -0.9005 0.0320
vn -0.2830 -0.8492 -0.4458
vn -0.3660 -0.7719 -0.5198
vn -0.3545 -0.6822 -0.6395
vn -0.2905 -0.6043 -0.7419
vn -0.0051 0.0124 -0.9999
vn 0.3876 -0.0903 -0.9174
vn 0.0944 -0.4361 -0.8949
vn -0.9480 0.1731 -0.2669
vn -0.9606 0.1747 -0.2162
vn -0.9629 0.2014 -0.1794
vn -0.8999 0.2395 0.3645
vn -0.7963 0.1659 0.5817
vn -0.1615 -0.6698 -0.7248
vn -0.1589 0.0861 -0.9835
vn -0.0068 0.0041 -1.0000
vn 0.2795 -0.1069 -0.9542
vn 0.3093 -0.0032 -0.9510
vn 0.5360 0.2948 -0.7911
vn 0.3807 0.0869 -0.9206
vn 0.8309 -0.1950 -0.5211
vn 0.8000 -0.2028 -0.5647
vn -0.7463 0.1813 -0.6404
vn -0.9372 0.2679 -0.2235
vn -0.6576 -0.5551 -0.5094
vn -0.6473 -0.4884 -0.5852
vn -0.9873 0.0997 -0.1238
vn -0.9955 0.0118 -0.0938
vn 0.2552 -0.0826 0.9633
vn -0.4096 -0.7844 -0.4659
vn -0.4633 -0.7441 -0.4814
vn 0.4628 -0.1075 -0.8799
vn -0.0946 -0.5048 -0.8580
vn -0.7522 0.1974 -0.6287
vn -0.8111 0.2222 -0.5411
vn -0.9707 0.1977 -0.1367
vn 0.1991 -0.9770 -0.0768
vn -0.4232 -0.8383 -0.3438
vn -0.9675 0.2326 -0.0990
vn -0.9593 0.2729 0.0718
vn -0.7599 0.1675 0.6281
vn -0.8060 -0.5227 0.2778
vn -0.8172 -0.4735 0.3287
vn -0.2771 -0.3932 0.8767
vn -0.4203 -0.8478 -0.3233
vn -0.3989 -0.7995 -0.4491
vn -0.2853 -0.6568 -0.6980
vn -0.3644 0.0334 -0.9307
vn -0.6159 -0.7563 -0.2205
vn -0.9969 0.0214 0.0759
vn -0.6921 0.2220 0.6868
vn -0.4239 -0.7045 -0.5692
vn -0.2815 -0.6510 -0.7049
vn 0.0795 -0.1081 -0.9910
vn 0.0129 -0.0260 -0.9996
vn 0.4775 0.3596 -0.8017
vn -0.3327 -0.3889 -0.8591
vn -0.8292 0.3299 -0.4512
vn -0.9163 0.1958 -0.3493
vn -0.8517 0.0980 -0.5147
vn -0.9684 0.2482 0.0249
vn -0.1735 -0.9844 0.0305
vn -0.9496 0.2323 0.2103
vn -0.9232 0.2153 0.3185
vn -0.5638 -0.1533 0.8116
vn 0.1400 0.1654 -0.9762
vn 0.0884 0.0042 -0.9961
vn -0.3323 -0.3676 -0.8686
vn -0.6811 -0.6838 -0.2617
vn -0.3514 -0.9358 0.0291
vn -0.9782 0.1831 0.0979
vn -0.5930 0.2169 0.7755
vn -0.6697 -0.4646 0.5794
vn -0.3941 -0.8718 -0.2910
vn -0.3054 -0.6390 -0.7060
vn -0.2876 0.1141 -0.9509
vn -0.8085 0.2412 -0.5368
vn -0.4074 -0.8430 -0.3514
vn -0.9593 0.2703 -0.0815
vn -0.3744 -0.9254 0.0591
vn -0.9338 0.3486 0.0812
vn -0.9155 0.2531 0.3127
vn -0.3417 -0.7122 -0.6133
vn 0.1221 0.1692 -0.9780
vn 0.0737 0.5914 -0.8030
vn -0.6524 -0.3163 -0.6887
vn -0.7287 0.2523 -0.6367
vn -0.8287 -0.5513 -0.0964
vn -0.9348 0.3489 -0.0671
vn -0.8659 -0.4942 0.0771
vn -0.8709 0.3375 0.3572
vn -0.4124 -0.8980 0.1536
vn -0.4039 -0.8917 0.2041
vn -0.4125 -0.7991 -0.4374
vn -0.4110 -0.7915 -0.4523
vn -0.3257 0.5833 -0.7441
vn -0.8014 -0.2433 -0.5464
vn -0.6543 -0.3165 -0.6868
vn -0.9367 0.3377 -0.0929
vn -0.7574 -0.0761 0.6486
vn -0.8863 0.3809 0.2633
vn -0.4717 -0.8361 -0.2801
vn -0.3985 -0.8119 -0.4266
vn -0.2609 -0.7432 -0.6161
vn -0.9563 -0.2148 0.1986
vn -0.9099 -0.0917 0.4046
vn -0.6676 -0.6723 -0.3199
vt 0.747164 0.967903
vt 0.733202 0.956024
vt 0.747805 0.956968
vt 0.764418 0.942225
vt 0.771911 0.953243
vt 0.661470 0.371200
vt 0.658103 0.355483
vt 0.682570 0.375943
vt 0.679023 0.351079
vt 0.666535 0.334835
vt 0.775842 0.967903
vt 0.704236 0.367923
vt 0.542161 0.873752
vt 0.516995 0.860052
vt 0.527380 0.846585
vt 0.679382 0.317141
vt 0.509309 0.828103
vt 0.486799 0.856397
vt 0.304357 0.636385
vt 0.329664 0.632214
vt 0.329785 0.649786
vt 0.309059 0.608379
vt 0.299736 0.615159
vt 0.800395 0.951232
vt 0.787153 0.960753
vt 0.702280 0.320507
vt 0.714426 0.353876
vt 0.670732 0.294697
vt 0.696938 0.297907
vt 0.360091 0.646077
vt 0.362788 0.626073
vt 0.339536 0.606350
vt 0.809618 0.983595
vt 0.826127 0.969338
vt 0.815760 0.969722
vt 0.592250 0.699715
vt 0.601146 0.708289
vt 0.580527 0.703155
vt 0.827374 0.979961
vt 0.691836 0.402706
vt 0.707404 0.405766
vt 0.694652 0.438853
vt 0.686052 0.437037
vt 0.717367 0.433119
vt 0.730073 0.400686
vt 0.736750 0.381090
vt 0.666868 0.280586
vt 0.692336 0.280957
vt 0.301086 0.588151
vt 0.322745 0.598562
vt 0.579450 0.713394
vt 0.850568 0.974574
vt 0.733936 0.389989
vt 0.780019 0.702808
vt 0.790807 0.711906
vt 0.771273 0.737636
vt 0.758109 0.708396
vt 0.694111 0.248352
vt 0.490767 0.831156
vt 0.471292 0.838333
vt 0.389590 0.627359
vt 0.324414 0.578155
vt 0.581263 0.730064
vt 0.564555 0.714339
vt 0.562974 0.725807
vt 0.742601 0.392880
vt 0.668453 0.264080
vt 0.678917 0.251325
vt 0.705487 0.262761
vt 0.392737 0.606543
vt 0.339570 0.582500
vt 0.890120 0.669610
vt 0.895153 0.686758
vt 0.880796 0.693237
vt 0.747077 0.403723
vt 0.862013 0.686953
vt 0.855934 0.706980
vt 0.765521 0.398764
vt 0.756107 0.413079
vt 0.755473 0.359235
vt 0.755258 0.370470
vt 0.761993 0.380299
vt 0.756730 0.330095
vt 0.720309 0.257610
vt 0.706755 0.245774
vt 0.898217 0.261769
vt 0.883399 0.273181
vt 0.922925 0.273181
vt 0.372398 0.932240
vt 0.345876 0.945013
vt 0.350194 0.948797
vt 0.452794 0.861096
vt 0.448932 0.844394
vt 0.366067 0.592125
vt 0.614811 0.747380
vt 0.879881 0.724966
vt 0.871224 0.735199
vt 0.864300 0.737259
vt 0.829024 0.710198
vt 0.786931 0.411680
vt 0.740969 0.303219
vt 0.161188 0.634921
vt 0.166878 0.647994
vt 0.147348 0.640516
vt 0.262846 0.982235
vt 0.249381 0.976557
vt 0.259894 0.995007
vt 0.383370 0.937973
vt 0.368024 0.944162
vt 0.891304 0.124822
vt 0.869590 0.120542
vt 0.851779 0.124822
vt 0.147743 0.121247
vt 0.163378 0.114836
vt 0.142324 0.141883
vt 0.446368 0.863183
vt 0.413240 0.852734
vt 0.380846 0.855183
vt 0.367790 0.860297
vt 0.407770 0.607994
vt 0.395779 0.627903
vt 0.455132 0.632707
vt 0.392101 0.873752
vt 0.483437 0.630946
vt 0.482167 0.649786
vt 0.300948 0.564005
vt 0.567419 0.755155
vt 0.554883 0.741081
vt 0.896574 0.708647
vt 0.780386 0.362023
vt 0.790992 0.372096
vt 0.407773 0.180457
vt 0.390607 0.173324
vt 0.386693 0.180457
vt 0.440546 0.793693
vt 0.420013 0.793866
vt 0.436015 0.784298
vt 0.781271 0.747434
vt 0.785683 0.763969
vt 0.771340 0.760104
vt 0.909420 0.132165
vt 0.907177 0.140514
vt 0.907115 0.124822
vt 0.406815 0.779980
vt 0.408202 0.764505
vt 0.750090 0.278073
vt 0.137382 0.648518
vt 0.958259 0.123889
vt 0.968230 0.133381
vt 0.943757 0.133381
vt 0.162866 0.132647
vt 0.472756 0.625210
vt 0.308266 0.558703
vt 0.324445 0.563403
vt 0.586762 0.763530
vt 0.801800 0.393182
vt 0.857822 0.760923
vt 0.822659 0.757446
vt 0.806881 0.735191
vt 0.232065 0.629815
vt 0.198563 0.653183
vt 0.183343 0.639531
vt 0.457459 0.784374
vt 0.166415 0.681279
vt 0.133717 0.666295
vt 0.135535 0.703210
vt 0.982213 0.122421
vt 0.957919 0.113409
vt 0.949104 0.119093
vt 0.254501 0.963769
vt 0.242653 0.952702
vt 0.234192 0.963437
vt 0.760663 0.502917
vt 0.762187 0.523091
vt 0.753763 0.530948
vt 0.731721 0.517960
vt 0.155748 0.148139
vt 0.136763 0.152574
vt 0.060002 0.821583
vt 0.041734 0.825564
vt 0.057269 0.834150
vt 0.131963 0.145019
vt 0.908823 0.650204
vt 0.908677 0.690884
vt 0.916773 0.656159
vt 0.823504 0.853361
vt 0.803860 0.866350
vt 0.787671 0.843256
vt 0.451252 0.609843
vt 0.482076 0.599857
vt 0.489450 0.609843
vt 0.510540 0.603279
vt 0.136534 0.168064
vt 0.104411 0.157643
vt 0.093111 0.169224
vt 0.385275 0.587626
vt 0.346708 0.565036
vt 0.280700 0.037803
vt 0.262846 0.028904
vt 0.280559 0.022485
vt 0.225166 0.961672
vt 0.237813 0.973023
vt 0.219661 0.980599
vt 0.265948 0.014540
vt 0.029550 0.226106
vt 0.029644 0.213588
vt 0.017787 0.213101
vt 0.029550 0.202786
vt 0.019792 0.199001
vt 0.617579 0.755211
vt 0.891901 0.727621
vt 0.221770 0.642258
vt 0.802028 0.770106
vt 0.441054 0.761903
vt 0.404828 0.745704
vt 0.264163 0.935443
vt 0.283454 0.954448
vt 0.267308 0.954087
vt 0.275156 0.929472
vt 0.267531 0.980742
vt 0.302497 0.976978
vt 0.289196 0.851338
vt 0.320611 0.832382
vt 0.305243 0.849023
vt 0.728334 0.534675
vt 0.718709 0.530843
vt 0.034324 0.881622
vt 0.051138 0.899562
vt 0.050958 0.882469
vt 0.859684 0.869081
vt 0.842792 0.868432
vt 0.842417 0.849540
vt 0.232543 0.941482
vt 0.755520 0.539943
vt 0.146424 0.159543
vt 0.161505 0.153832
vt 0.394497 0.423010
vt 0.404316 0.421083
vt 0.398400 0.440086
vt 0.847826 0.328025
vt 0.843950 0.305416
vt 0.837276 0.328816
vt 0.072746 0.158036
vt 0.399971 0.588007
vt 0.420059 0.594762
vt 0.374417 0.570937
vt 0.200676 0.975551
vt 0.201361 0.987874
vt 0.296090 0.022540
vt 0.300409 0.036634
vt 0.757936 0.874296
vt 0.751477 0.885164
vt 0.742609 0.862449
vt 0.572645 0.779286
vt 0.546572 0.760693
vt 0.892885 0.755506
vt 0.489644 0.793866
vt 0.487640 0.759643
vt 0.789739 0.345592
vt 0.423790 0.737574
vt 0.330224 0.848423
vt 0.250499 0.944008
vt 0.718812 0.539943
vt 0.161059 0.168687
vt 0.429244 0.603627
vt 0.434620 0.585904
vt 0.443559 0.603265
vt 0.162709 0.180865
vt 0.455648 0.401051
vt 0.482511 0.417791
vt 0.481487 0.428186
vt 0.523922 0.420116
vt 0.532654 0.430037
vt 0.571371 0.414217
vt 0.062196 0.177953
vt 0.188071 0.965355
vt 0.229908 0.440086
vt 0.235096 0.415058
vt 0.237514 0.437816
vt 0.319007 0.541277
vt 0.743742 0.944329
vt 0.729051 0.930100
vt 0.732829 0.951418
vt 0.713504 0.957917
vt 0.722346 0.951857
vt 0.703880 0.928995
vt 0.640506 0.754899
vt 0.620100 0.771732
vt 0.547537 0.789238
vt 0.535450 0.775467
vt 0.512057 0.783836
vt 0.509886 0.771014
vt 0.255708 0.636634
vt 0.229339 0.674025
vt 0.470490 0.732380
vt 0.212553 0.684111
vt 0.438466 0.738677
vt 0.424812 0.723734
vt 0.181359 0.706987
vt 0.820395 0.780023
vt 0.787483 0.308557
vt 0.142034 0.702073
vt 0.136438 0.737736
vt 0.314561 0.959529
vt 0.312229 0.980742
vt 0.330066 0.836225
vt 0.851968 0.885164
vt 0.425272 0.191869
vt 0.437644 0.173196
vt 0.453007 0.190071
vt 0.462492 0.179927
vt 0.464705 0.191869
vt 0.416996 0.179332
vt 0.372492 0.415145
vt 0.376169 0.402426
vt 0.397298 0.414648
vt 0.171520 0.162374
vt 0.504832 0.411257
vt 0.529783 0.402566
vt 0.044065 0.169081
vt 0.405930 0.572516
vt 0.369086 0.556452
vt 0.380195 0.556714
vt 0.196052 0.956491
vt 0.246024 0.420042
vt 0.741491 0.912312
vt 0.710867 0.920459
vt 0.526350 0.800554
vt 0.421170 0.705791
vt 0.416067 0.705577
vt 0.099191 0.265226
vt 0.110538 0.252189
vt 0.117871 0.268902
vt 0.299458 0.929172
vt 0.018062 0.887117
vt 0.032560 0.874978
vt 0.264163 0.835235
vt 0.266059 0.815961
vt 0.276586 0.824234
vt 0.409178 0.412643
vt 0.883120 0.218973
vt 0.903612 0.235010
vt 0.907457 0.249419
vt 0.701933 0.506328
vt 0.682586 0.500525
vt 0.673042 0.487161
vt 0.713295 0.497431
vt 0.027009 0.183310
vt 0.657718 0.756139
vt 0.662517 0.769239
vt 0.630450 0.785934
vt 0.595184 0.796908
vt 0.272760 0.647207
vt 0.252471 0.660065
vt 0.407835 0.687895
vt 0.861630 0.770857
vt 0.841407 0.771463
vt 0.840885 0.383130
vt 0.821575 0.351295
vt 0.406163 0.729858
vt 0.416839 0.716105
vt 0.405648 0.713838
vt 0.284312 0.912381
vt 0.345850 0.855207
vt 0.952329 0.630437
vt 0.933987 0.637745
vt 0.931521 0.652968
vt 0.950748 0.642700
vt 0.380917 0.393940
vt 0.399938 0.399355
vt 0.051004 0.393921
vt 0.041233 0.405598
vt 0.037072 0.393010
vt 0.053360 0.411555
vt 0.393367 0.554759
vt 0.247998 0.405553
vt 0.419452 0.677370
vt 0.405714 0.667715
vt 0.402109 0.689131
vt 0.123561 0.248930
vt 0.136253 0.268902
vt 0.136205 0.253775
vt 0.140316 0.264146
vt 0.409487 0.704568
vt 0.840958 0.364024
vt 0.145272 0.742388
vt 0.281872 0.807809
vt 0.308511 0.800075
vt 0.296520 0.819609
vt 0.291971 0.805197
vt 0.039017 0.839604
vt 0.033150 0.824347
vt 0.015947 0.821873
vt 0.940727 0.624644
vt 0.950331 0.603000
vt 0.931290 0.712062
vt 0.951424 0.742315
vt 0.939484 0.712082
vt 0.315374 0.820269
vt 0.370082 0.394230
vt 0.023734 0.405116
vt 0.021739 0.399357
vt 0.190382 0.172605
vt 0.187911 0.177469
vt 0.024401 0.411555
vt 0.187272 0.183310
vt 0.657984 0.494936
vt 0.580493 0.392747
vt 0.610672 0.387570
vt 0.361949 0.788563
vt 0.347939 0.808031
vt 0.165241 0.979295
vt 0.177099 0.983814
vt 0.411106 0.555765
vt 0.382085 0.795585
vt 0.289590 0.391997
vt 0.306980 0.414343
vt 0.296556 0.413544
vt 0.238086 0.387719
vt 0.248900 0.384412
vt 0.270786 0.409290
vt 0.540227 0.825221
vt 0.528122 0.772277
vt 0.501571 0.736712
vt 0.888857 0.781027
vt 0.879984 0.757648
vt 0.778902 0.294662
vt 0.803889 0.306563
vt 0.320817 0.933431
vt 0.274793 0.791634
vt 0.303478 0.777275
vt 0.926878 0.750001
vt 0.943267 0.779834
vt 0.941177 0.757181
vt 0.396369 0.384918
vt 0.432797 0.388018
vt 0.428385 0.395873
vt 0.471616 0.394549
vt 0.731714 0.975867
vt 0.746377 0.990728
vt 0.706157 0.973737
vt 0.348628 0.774274
vt 0.157119 0.978264
vt 0.743742 0.899885
vt 0.722409 0.871214
vt 0.307637 0.389539
vt 0.725232 0.899507
vt 0.266739 0.388474
vt 0.624393 0.816154
vt 0.273949 0.668735
vt 0.258497 0.685593
vt 0.488880 0.718362
vt 0.445145 0.712121
vt 0.531475 0.825194
vt 0.219582 0.709772
vt 0.180999 0.721344
vt 0.830918 0.329947
vt 0.138636 0.767089
vt 0.128458 0.766006
vt 0.814867 0.310967
vt 0.329337 0.708690
vt 0.306692 0.736815
vt 0.309293 0.711565
vt 0.300989 0.896576
vt 0.986306 0.174182
vt 0.996318 0.216494
vt 0.999341 0.190897
vt 0.318692 0.913620
vt 0.331041 0.735014
vt 0.314192 0.748246
vt 0.293961 0.770462
vt 0.328904 0.752589
vt 0.285806 0.792694
vt 0.964914 0.605362
vt 0.968231 0.624079
vt 0.360811 0.757275
vt 0.026049 0.808605
vt 0.011566 0.806705
vt 0.350011 0.373806
vt 0.374918 0.378613
vt 0.372892 0.742877
vt 0.387067 0.770663
vt 0.338408 0.384318
vt 0.631361 0.490229
vt 0.704609 0.985157
vt 0.325399 0.037803
vt 0.331078 0.015749
vt 0.349195 0.025267
vt 0.318483 0.408813
vt 0.333565 0.401378
vt 0.673227 0.803519
vt 0.561527 0.822708
vt 0.282433 0.677383
vt 0.808345 0.288137
vt 0.968593 0.173324
vt 0.988928 0.218516
vt 0.177207 0.190442
vt 0.170673 0.184736
vt 0.167984 0.190442
vt 0.338722 0.738956
vt 0.280996 0.773887
vt 0.358633 0.732164
vt 0.934053 0.728795
vt 0.958233 0.768113
vt 0.352566 0.366197
vt 0.370396 0.363462
vt 0.383274 0.370841
vt 0.403077 0.374208
vt 0.428242 0.363771
vt 0.410547 0.377852
vt 0.154809 0.987874
vt 0.289204 0.369319
vt 0.298369 0.369878
vt 0.603599 0.820833
vt 0.476578 0.700016
vt 0.444961 0.682354
vt 0.461829 0.669160
vt 0.435089 0.657493
vt 0.180679 0.767377
vt 0.864679 0.383857
vt 0.851153 0.357945
vt 0.863521 0.366450
vt 0.845271 0.349550
vt 0.860377 0.346021
vt 0.879089 0.350126
vt 0.494406 0.870192
vt 0.501176 0.877555
vt 0.471513 0.868616
vt 0.882832 0.336339
vt 0.025136 0.259126
vt 0.014514 0.268825
vt 0.035976 0.271231
vt 0.029397 0.280314
vt 0.514805 0.875177
vt 0.744213 0.213851
vt 0.749199 0.227723
vt 0.755599 0.226361
vt 0.755599 0.211840
vt 0.282599 0.756125
vt 0.279724 0.749342
vt 0.271057 0.751887
vt 0.994785 0.238700
vt 0.988198 0.252632
vt 0.999341 0.268958
vt 0.956356 0.776878
vt 0.960015 0.788160
vt 0.418314 0.552782
vt 0.410398 0.539943
vt 0.389328 0.552782
vt 0.634520 0.500662
vt 0.697842 0.974169
vt 0.714137 0.866751
vt 0.712810 0.887277
vt 0.535573 0.742683
vt 0.497646 0.701246
vt 0.565517 0.830956
vt 0.248542 0.702734
vt 0.193538 0.758083
vt 0.166579 0.754221
vt 0.152802 0.783880
vt 0.052042 0.270357
vt 0.049336 0.256934
vt 0.470648 0.884446
vt 0.447396 0.865193
vt 0.888053 0.353468
vt 0.019091 0.240600
vt 0.009881 0.253623
vt 0.962605 0.200321
vt 0.742424 0.233238
vt 0.967904 0.235748
vt 0.305281 0.352859
vt 0.322441 0.359564
vt 0.666161 0.819753
vt 0.526703 0.708597
vt 0.466290 0.663804
vt 0.457069 0.658190
vt 0.473932 0.655023
vt 0.435688 0.644137
vt 0.204914 0.752774
vt 0.434472 0.879448
vt 0.034806 0.244410
vt 0.494732 0.898492
vt 0.504347 0.899981
vt 0.519763 0.888764
vt 0.909294 0.329632
vt 0.983073 0.812045
vt 0.974428 0.803684
vt 0.988801 0.796719
vt 0.901638 0.324562
vt 0.954159 0.182942
vt 0.967478 0.249233
vt 0.986628 0.273181
vt 0.920596 0.302782
vt 0.923934 0.284713
vt 0.930945 0.293370
vt 0.993291 0.262878
vt 0.124506 0.967966
vt 0.142951 0.970756
vt 0.142951 0.959344
vt 0.336461 0.354944
vt 0.352063 0.352768
vt 0.683136 0.828910
vt 0.530593 0.711165
vt 0.525626 0.692052
vt 0.631222 0.830956
vt 0.285244 0.710623
vt 0.274037 0.697754
vt 0.493005 0.676757
vt 0.482865 0.685780
vt 0.071507 0.946015
vt 0.041933 0.949322
vt 0.041982 0.933666
vt 0.034914 0.938151
vt 0.476872 0.901663
vt 0.920589 0.331605
vt 0.907400 0.355554
vt 0.211772 0.798330
vt 0.195376 0.803300
vt 0.208290 0.788216
vt 0.929492 0.309144
vt 0.179584 0.795164
vt 0.287873 0.330790
vt 0.300340 0.334622
vt 0.170369 0.779688
vt 0.174682 0.801697
vt 0.161487 0.787185
vt 0.604179 0.505623
vt 0.674358 0.990574
vt 0.670021 0.983869
vt 0.098667 0.955401
vt 0.084203 0.962470
vt 0.086654 0.950872
vt 0.043619 0.957560
vt 0.415664 0.887341
vt 0.426958 0.873079
vt 0.459233 0.904389
vt 0.258263 0.813662
vt 0.238882 0.804172
vt 0.260071 0.788495
vt 0.235187 0.794025
vt 0.944697 0.206490
vt 0.292668 0.326295
vt 0.335562 0.343505
vt 0.624803 0.511212
vt 0.596946 0.513952
vt 0.108696 0.966931
vt 0.108266 0.954169
vt 0.092579 0.971518
vt 0.065003 0.974693
vt 0.042325 0.974507
vt 0.888099 0.377781
vt 0.901526 0.389187
vt 0.896589 0.395270
vt 0.874098 0.386457
vt 0.403079 0.886519
vt 0.045754 0.231479
vt 0.039211 0.219320
vt 0.243901 0.815131
vt 0.494478 0.911107
vt 0.518409 0.905060
vt 0.506543 0.915926
vt 0.209580 0.811867
vt 0.961118 0.812660
vt 0.942663 0.325567
vt 0.301018 0.326578
vt 0.097939 0.990728
vt 0.083334 0.982130
vt 0.425220 0.904927
vt 0.487488 0.911714
vt 0.478647 0.926534
vt 0.958815 0.827354
vt 0.664285 0.735378
vt 0.672596 0.749643
vt 0.656451 0.738357
vt 0.650198 0.749643
vt 0.479472 0.918202
vt 0.508397 0.925251
vt 0.924085 0.350083
vt 0.922180 0.361139
vt 0.190189 0.825861
vt 0.160155 0.831685
vt 0.944512 0.225551
vt 0.159176 0.815804
vt 0.779315 0.685631
vt 0.771992 0.675725
vt 0.765768 0.686314
vt 0.759929 0.657328
vt 0.755563 0.681645
vt 0.952814 0.595838
vt 0.927657 0.599603
vt 0.944152 0.583659
vt 0.203456 0.895431
vt 0.209685 0.881255
vt 0.219368 0.905277
vt 0.423778 0.302773
vt 0.443057 0.313174
vt 0.430588 0.314110
vt 0.430217 0.298009
vt 0.882621 0.410294
vt 0.885176 0.401154
vt 0.905072 0.411993
vt 0.917456 0.397768
vt 0.056274 0.990728
vt 0.400434 0.911344
vt 0.052042 0.216120
vt 0.228849 0.833496
vt 0.226964 0.821446
vt 0.215697 0.828611
vt 0.942707 0.351581
vt 0.934685 0.211093
vt 0.770789 0.650867
vt 0.403144 0.320890
vt 0.420581 0.326869
vt 0.387556 0.340850
vt 0.417618 0.316922
vt 0.765149 0.641202
vt 0.750499 0.645407
vt 0.738472 0.636947
vt 0.450481 0.296006
vt 0.454668 0.306629
vt 0.983037 0.889444
vt 0.964659 0.870749
vt 0.986590 0.871749
vt 0.964486 0.852127
vt 0.036417 0.989416
vt 0.397221 0.904208
vt 0.429668 0.924697
vt 0.260728 0.834689
vt 0.934259 0.199951
vt 0.931242 0.245679
vt 0.926637 0.225507
vt 0.280331 0.297432
vt 0.287513 0.300858
vt 0.994150 0.927399
vt 0.986014 0.932006
vt 0.955660 0.909273
vt 0.779315 0.638512
vt 0.935579 0.422572
vt 0.949671 0.837071
vt 0.933836 0.836679
vt 0.246465 0.845031
vt 0.939648 0.822058
vt 0.198345 0.838423
vt 0.555633 0.651684
vt 0.542113 0.666872
vt 0.526350 0.648453
vt 0.164922 0.839479
vt 0.908432 0.191032
vt 0.918700 0.202284
vt 0.919245 0.215588
vt 0.342339 0.858060
vt 0.329284 0.872882
vt 0.316457 0.867478
vt 0.317330 0.882859
vt 0.760601 0.244755
vt 0.780968 0.235545
vt 0.768451 0.256323
vt 0.310265 0.884438
vt 0.302372 0.435216
vt 0.293633 0.442405
vt 0.300555 0.444365
vt 0.793697 0.214999
vt 0.776534 0.219557
vt 0.797282 0.227969
vt 0.805748 0.242219
vt 0.820508 0.223921
vt 0.810397 0.204708
vt 0.821379 0.211281
vt 0.937702 0.851263
vt 0.381423 0.926534
vt 0.946289 0.393828
vt 0.939600 0.405620
vt 0.928639 0.382881
vt 0.049832 0.472913
vt 0.065435 0.469342
vt 0.051388 0.484308
vt 0.201905 0.847711
vt 0.170153 0.850355
vt 0.741107 0.256925
vt 0.756866 0.237228
vt 0.782999 0.260339
vt 0.775671 0.266048
vt 0.915923 0.235989
vt 0.301866 0.876905
vt 0.812806 0.244672
vt 0.814325 0.261405
vt 0.789197 0.247223
vt 0.655430 0.596290
vt 0.680768 0.589600
vt 0.672472 0.598431
vt 0.691041 0.595302
vt 0.032067 0.574180
vt 0.040865 0.564324
vt 0.044223 0.574180
vt 0.951026 0.920490
vt 0.943595 0.909116
vt 0.854212 0.811126
vt 0.858997 0.829474
vt 0.838446 0.824472
vt 0.931677 0.857689
vt 0.896178 0.832418
vt 0.910793 0.221107
vt 0.630760 0.598431
vt 0.633051 0.585353
vt 0.797170 0.258977
vt 0.647231 0.581312
vt 0.885826 0.850970
vt 0.859542 0.840300
vt 0.848239 0.838918
vt 0.040422 0.445752
vt 0.973008 0.421769
vt 0.622555 0.581955
vt 0.047020 0.548192
vt 0.047026 0.523540
vt 0.065471 0.522700
vt 0.139086 0.842584
vt 0.290932 0.867733
vt 0.279591 0.428673
vt 0.259639 0.441358
vt 0.858201 0.928557
vt 0.858573 0.915926
vt 0.893939 0.939372
vt 0.273217 0.890107
vt 0.266157 0.884145
vt 0.252899 0.433357
vt 0.834862 0.904049
vt 0.830338 0.925592
vt 0.819104 0.936410
vt 0.818040 0.923169
vt 0.799688 0.939372
vt 0.781841 0.932098
vt 0.797796 0.911362
vt 0.799786 0.902262
vt 0.764772 0.938416
vt 0.770142 0.921495
vt 0.755599 0.927655
vt 0.759114 0.916304
vt 0.043212 0.435868
vt 0.046487 0.424248
vt 0.060919 0.431204
vt 0.082764 0.442944
vt 0.099319 0.466206
vt 0.070385 0.483342
vt 0.098072 0.473924
vt 0.233860 0.444365
vt 0.112486 0.842412
vt 0.090250 0.843742
vt 0.092998 0.831609
vt 0.236781 0.906556
vt 0.248920 0.892093
vt 0.250866 0.903119
vt 0.534030 0.938804
vt 0.542020 0.909231
vt 0.532938 0.917221
vt 0.545322 0.880481
vt 0.782254 0.899415
vt 0.819843 0.888179
vt 0.501502 0.319777
vt 0.524125 0.305421
vt 0.526119 0.316496
vt 0.095700 0.455059
vt 0.647634 0.081638
vt 0.663332 0.096551
vt 0.627457 0.087834
vt 0.546425 0.938709
vt 0.800374 0.886591
vt 0.636399 0.441871
vt 0.617779 0.438929
vt 0.611445 0.428538
vt 0.119579 0.682738
vt 0.111876 0.681037
vt 0.121337 0.711127
vt 0.248353 0.020685
vt 0.205991 0.019571
vt 0.222019 0.006150
vt 0.203384 0.004993
vt 0.064335 0.418474
vt 0.121871 0.654459
vt 0.110013 0.653647
vt 0.179403 0.008790
vt 0.474985 0.349107
vt 0.482490 0.339104
vt 0.494120 0.347842
vt 0.975917 0.083661
vt 0.942743 0.092002
vt 0.958535 0.073721
vt 0.121337 0.644543
vt 0.110825 0.644080
vt 0.022721 0.349672
vt 0.044562 0.346309
vt 0.064337 0.360200
vt 0.082925 0.417768
vt 0.097377 0.427903
vt 0.933889 0.078737
vt 0.982213 0.095091
vt 0.951452 0.101503
vt 0.126510 0.468195
vt 0.953087 0.111992
vt 0.500000 0.634402
vt 0.519119 0.616923
vt 0.519890 0.638374
vt 0.026068 0.327445
vt 0.166190 0.020685
vt 0.590914 0.036130
vt 0.562709 0.015497
vt 0.585114 0.015579
vt 0.629235 0.332067
vt 0.634247 0.343806
vt 0.638663 0.322462
vt 0.547454 0.306859
vt 0.080615 0.407335
vt 0.913172 0.084951
vt 0.141725 0.014877
vt 0.149545 0.012184
vt 0.672075 0.023455
vt 0.663584 0.035844
vt 0.643494 0.024232
vt 0.625069 0.036815
vt 0.605406 0.025258
vt 0.559529 0.044377
vt 0.541989 0.022631
vt 0.601883 0.043481
vt 0.681213 0.051453
vt 0.657524 0.050896
vt 0.630671 0.045356
vt 0.585018 0.046403
vt 0.646228 0.057969
vt 0.454328 0.294579
vt 0.479723 0.283640
vt 0.482171 0.293975
vt 0.539590 0.060330
vt 0.527207 0.052137
vt 0.663022 0.064671
vt 0.907893 0.103683
vt 0.125228 0.436635
vt 0.528439 0.612944
vt 0.538173 0.629180
vt 0.052458 0.321434
vt 0.088382 0.343141
vt 0.104591 0.358713
vt 0.603450 0.000713
vt 0.735305 0.464855
vt 0.731833 0.480706
vt 0.708110 0.463564
vt 0.623066 0.001428
vt 0.504306 0.032783
vt 0.687584 0.032057
vt 0.437026 0.288098
vt 0.448298 0.280386
vt 0.498503 0.291910
vt 0.628608 0.369231
vt 0.578754 0.316996
vt 0.567266 0.302670
vt 0.893625 0.089823
vt 0.133282 0.450417
vt 0.146738 0.462247
vt 0.913276 0.113841
vt 0.042040 0.299377
vt 0.669391 0.469190
vt 0.650413 0.482643
vt 0.657598 0.454762
vt 0.112648 0.007670
vt 0.502657 0.026016
vt 0.494879 0.048709
vt 0.715569 0.041129
vt 0.501398 0.277214
vt 0.718481 0.050890
vt 0.700946 0.056546
vt 0.543992 0.278689
vt 0.504121 0.059544
vt 0.420409 0.290536
vt 0.417632 0.281279
vt 0.750186 0.060530
vt 0.724398 0.069502
vt 0.686795 0.068329
vt 0.025692 0.569162
vt 0.020377 0.561341
vt 0.025692 0.594151
vt 0.016469 0.589491
vt 0.108106 0.395319
vt 0.106578 0.410770
vt 0.872653 0.098605
vt 0.872792 0.081544
vt 0.895593 0.112942
vt 0.165368 0.477243
vt 0.158657 0.484308
vt 0.548184 0.618230
vt 0.020422 0.305927
vt 0.121436 0.336982
vt 0.148105 0.348171
vt 0.129895 0.360200
vt 0.720200 0.442973
vt 0.453644 0.040044
vt 0.475915 0.261855
vt 0.453017 0.065225
vt 0.771791 0.064375
vt 0.425379 0.268119
vt 0.579696 0.278602
vt 0.587918 0.265612
vt 0.787950 0.053787
vt 0.817317 0.068524
vt 0.800763 0.075583
vt 0.753010 0.075469
vt 0.705537 0.077487
vt 0.743296 0.086975
vt 0.788920 0.089566
vt 0.773492 0.089298
vt 0.759561 0.092500
vt 0.852365 0.078626
vt 0.836291 0.087021
vt 0.827685 0.099383
vt 0.976943 0.469579
vt 0.967138 0.485735
vt 0.949242 0.475673
vt 0.851078 0.103633
vt 0.853531 0.112890
vt 0.206564 0.294579
vt 0.200565 0.277440
vt 0.220515 0.280870
vt 0.242138 0.282146
vt 0.897792 0.133381
vt 0.179515 0.483216
vt 0.560606 0.638374
vt 0.221162 0.539956
vt 0.225592 0.562721
vt 0.208429 0.552336
vt 0.035364 0.284675
vt 0.091170 0.323614
vt 0.138728 0.612889
vt 0.101691 0.632316
vt 0.092467 0.615311
vt 0.159597 0.352696
vt 0.471957 0.026183
vt 0.438698 0.033204
vt 0.483583 0.254783
vt 0.506255 0.264266
vt 0.524897 0.255767
vt 0.563244 0.260553
vt 0.855127 0.453492
vt 0.855943 0.473681
vt 0.839930 0.449312
vt 0.869442 0.462156
vt 0.392526 0.275152
vt 0.642000 0.264132
vt 0.442653 0.070684
vt 0.397790 0.282327
vt 0.379581 0.275926
vt 0.903273 0.458435
vt 0.898006 0.469736
vt 0.930714 0.473107
vt 0.944788 0.453798
vt 0.267327 0.280027
vt 0.287557 0.270328
vt 0.302530 0.281069
vt 0.103095 0.390715
vt 0.184852 0.455082
vt 0.229634 0.274857
vt 0.405789 0.046887
vt 0.387970 0.042768
vt 0.800593 0.171037
vt 0.782516 0.172509
vt 0.784066 0.158532
vt 0.438519 0.247869
vt 0.386662 0.070593
vt 0.907980 0.443051
vt 0.391273 0.254978
vt 0.343996 0.274191
vt 0.361889 0.261110
vt 0.938353 0.446915
vt 0.311582 0.266769
vt 0.328766 0.277353
vt 0.316139 0.278945
vt 0.640037 0.384248
vt 0.801713 0.015342
vt 0.841020 0.031947
vt 0.827180 0.036016
vt 0.265397 0.267538
vt 0.241596 0.264672
vt 0.174169 0.444538
vt 0.219212 0.262895
vt 0.066231 0.292494
vt 0.166793 0.329015
vt 0.728401 0.427662
vt 0.753737 0.428607
vt 0.742781 0.447726
vt 0.820754 0.428636
vt 0.796587 0.453231
vt 0.799232 0.431311
vt 0.463216 0.244279
vt 0.767803 0.164302
vt 0.734811 0.164079
vt 0.731748 0.148134
vt 0.700791 0.154107
vt 0.347670 0.050970
vt 0.858471 0.426550
vt 0.876524 0.436443
vt 0.590948 0.246939
vt 0.341963 0.072538
vt 0.628304 0.245459
vt 0.648465 0.242561
vt 0.416841 0.091352
vt 0.391873 0.080647
vt 0.364171 0.084994
vt 0.376856 0.243722
vt 0.386591 0.090718
vt 0.349793 0.241795
vt 0.054292 0.278022
vt 0.757376 0.179008
vt 0.332209 0.193295
vt 0.382352 0.195911
vt 0.329501 0.199607
vt 0.444276 0.241415
vt 0.785600 0.176734
vt 0.771437 0.176839
vt 0.338665 0.045471
vt 0.292951 0.049489
vt 0.303646 0.068101
vt 0.416045 0.245451
vt 0.303154 0.089141
vt 0.671278 0.247496
vt 0.325989 0.090833
vt 0.371693 0.101766
vt 0.347764 0.094856
vt 0.307350 0.250023
vt 0.321654 0.239661
vt 0.632098 0.393579
vt 0.262973 0.251880
vt 0.163485 0.434313
vt 0.108825 0.302981
vt 0.150961 0.304504
vt 0.191312 0.055229
vt 0.211462 0.056483
vt 0.209827 0.060628
vt 0.195738 0.052068
vt 0.838150 0.419910
vt 0.832018 0.431385
vt 0.303155 0.538469
vt 0.307406 0.519900
vt 0.319723 0.532906
vt 0.802296 0.183111
vt 0.282424 0.060787
vt 0.232625 0.076866
vt 0.252245 0.095709
vt 0.332764 0.106819
vt 0.271782 0.107162
vt 0.289138 0.238971
vt 0.123020 0.380329
vt 0.236319 0.240995
vt 0.223998 0.249506
vt 0.194335 0.249952
vt 0.178301 0.551545
vt 0.163967 0.538868
vt 0.186557 0.532979
vt 0.081041 0.278928
vt 0.154889 0.557476
vt 0.125796 0.584619
vt 0.106485 0.565855
vt 0.077684 0.584477
vt 0.082812 0.599693
vt 0.060021 0.610746
vt 0.081230 0.604866
vt 0.037289 0.599408
vt 0.040456 0.615383
vt 0.017553 0.603486
vt 0.009881 0.594778
vt 0.032147 0.622507
vt 0.780084 0.183394
vt 0.274895 0.049936
vt 0.267623 0.059363
vt 0.239701 0.064947
vt 0.663119 0.145566
vt 0.625529 0.152932
vt 0.642491 0.141766
vt 0.616157 0.141883
vt 0.621984 0.129912
vt 0.593066 0.122482
vt 0.588714 0.136640
vt 0.576687 0.127185
vt 0.317751 0.107197
vt 0.122701 0.367912
vt 0.856556 0.049654
vt 0.204574 0.446960
vt 0.214504 0.466485
vt 0.152087 0.541036
vt 0.131258 0.553321
vt 0.123416 0.286182
vt 0.174323 0.315365
vt 0.217113 0.307708
vt 0.194505 0.322878
vt 0.446639 0.200522
vt 0.420573 0.212391
vt 0.414497 0.199598
vt 0.211400 0.074366
vt 0.576978 0.139578
vt 0.191939 0.098514
vt 0.554048 0.133603
vt 0.557856 0.114928
vt 0.207915 0.108533
vt 0.537179 0.131304
vt 0.542324 0.118144
vt 0.529434 0.117170
vt 0.221401 0.112593
vt 0.864576 0.029138
vt 0.866830 0.046135
vt 0.589139 0.566426
vt 0.566151 0.553046
vt 0.598966 0.544113
vt 0.634489 0.554836
vt 0.631890 0.534318
vt 0.229699 0.461253
vt 0.164439 0.290243
vt 0.195545 0.303709
vt 0.223009 0.328488
vt 0.236775 0.319362
vt 0.236459 0.306785
vt 0.254941 0.309161
vt 0.183025 0.079839
vt 0.193235 0.071191
vt 0.589835 0.152890
vt 0.516991 0.130334
vt 0.479895 0.119063
vt 0.180097 0.112197
vt 0.489181 0.108262
vt 0.442596 0.105154
vt 0.015082 0.779086
vt 0.021202 0.763264
vt 0.013834 0.766505
vt 0.227654 0.300326
vt 0.159938 0.076881
vt 0.160402 0.102999
vt 0.441158 0.120109
vt 0.133280 0.367332
vt 0.045975 0.749278
vt 0.026606 0.733127
vt 0.047814 0.709775
vt 0.042789 0.692835
vt 0.539049 0.155007
vt 0.536781 0.140076
vt 0.551358 0.144713
vt 0.132066 0.102501
vt 0.530700 0.138560
vt 0.882394 0.036460
vt 0.471496 0.128885
vt 0.178859 0.122780
vt 0.402549 0.111862
vt 0.027412 0.793246
vt 0.036516 0.785394
vt 0.068423 0.691389
vt 0.044050 0.657288
vt 0.048418 0.634726
vt 0.069082 0.640240
vt 0.057138 0.625535
vt 0.112944 0.074020
vt 0.114658 0.085868
vt 0.647563 0.425820
vt 0.643198 0.407422
vt 0.633290 0.415132
vt 0.099986 0.102798
vt 0.881449 0.021130
vt 0.122708 0.111183
vt 0.515806 0.140035
vt 0.886449 0.054070
vt 0.871865 0.060628
vt 0.999341 0.412394
vt 0.989744 0.394200
vt 0.987574 0.412981
vt 0.403531 0.125472
vt 0.058667 0.799811
vt 0.078496 0.087734
vt 0.912968 0.018101
vt 0.897183 0.027433
vt 0.887762 0.010530
vt 0.062290 0.101890
vt 0.897019 0.043378
vt 0.377512 0.104850
vt 0.380454 0.129812
vt 0.336350 0.116432
vt 0.106385 0.113661
vt 0.087081 0.118224
vt 0.440234 0.130564
vt 0.977754 0.395066
vt 0.053384 0.810203
vt 0.906899 0.009272
vt 0.523839 0.223460
vt 0.557173 0.228159
vt 0.512470 0.237714
vt 0.334520 0.141852
vt 0.064700 0.116443
vt 0.898888 0.057625
vt 0.089267 0.126056
vt 0.088021 0.665537
vt 0.048253 0.079400
vt 0.031049 0.089037
vt 0.933438 0.033713
vt 0.031320 0.108383
vt 0.383752 0.138705
vt 0.921686 0.048408
vt 0.401040 0.133162
vt 0.317594 0.116372
vt 0.312502 0.141707
vt 0.413980 0.136997
vt 0.293721 0.117870
vt 0.993452 0.377203
vt 0.977128 0.371587
vt 0.074756 0.818930
vt 0.067151 0.768822
vt 0.094724 0.762855
vt 0.372328 0.294196
vt 0.343008 0.289999
vt 0.366995 0.284593
vt 0.003343 0.093112
vt 0.001914 0.104371
vt 0.001984 0.116401
vt 0.032600 0.120704
vt 0.920806 0.060628
vt 0.068554 0.133381
vt 0.995620 0.363244
vt 0.985121 0.354937
vt 0.937078 0.015530
vt 0.939729 0.049427
vt 0.291825 0.141365
vt 0.275549 0.137578
vt 0.228022 0.142459
vt 0.228626 0.131271
vt 0.994284 0.338741
vt 0.318229 0.179712
vt 0.290421 0.158119
vt 0.958180 0.036289
vt 0.195652 0.149090
vt 0.005862 0.132951
vt 0.075545 0.800603
vt 0.105935 0.725002
vt 0.099395 0.692104
vt 0.963877 0.015727
vt 0.985274 0.291653
vt 0.986351 0.320567
vt 0.999341 0.315635
vt 0.959816 0.352040
vt 0.962494 0.373579
vt 0.975041 0.330580
vt 0.235474 0.157250
vt 0.965206 0.044879
vt 0.963778 0.318448
vt 0.099057 0.822397
vt 0.978261 0.025680
vt 0.974818 0.295696
vt 0.200275 0.167269
vt 0.105935 0.813452
vt 0.106061 0.787047
vt 0.972695 0.271755
vt 0.963498 0.275940
vt 0.812741 0.649928
vt 0.826805 0.666034
vt 0.812950 0.668385
vt 0.798534 0.662601
vt 0.786771 0.681820
vt 0.829840 0.688522
vt 0.814161 0.692912
vt 0.674588 0.440086
vt 0.841200 0.657430
vt 0.850425 0.667606
vt 0.775566 0.781438
vt 0.800375 0.779601
vt 0.812810 0.795010
vt 0.749339 0.795602
vt 0.773806 0.805305
vt 0.753200 0.825141
vt 0.735928 0.812268
vt 0.766787 0.489834
vt 0.770558 0.478030
vt 0.783266 0.483971
vt 0.795138 0.826181
vt 0.874982 0.644080
vt 0.881362 0.662994
vt 0.735944 0.727089
vt 0.745652 0.714330
vt 0.753273 0.840539
vt 0.725318 0.836437
vt 0.862195 0.959969
vt 0.838459 0.483472
vt 0.844699 0.474322
vt 0.862670 0.489460
vt 0.822308 0.815335
vt 0.795531 0.480460
vt 0.807488 0.502444
vt 0.828800 0.495860
vt 0.852227 0.494713
vt 0.755584 0.752098
vt 0.734519 0.743968
vt 0.928195 0.135163
vt 0.927730 0.140514
vt 0.070487 0.940799
vt 0.059092 0.912285
vt 0.055477 0.912754
vt 0.771884 0.857450
vt 0.768703 0.532296
vt 0.898494 0.968179
vt 0.890553 0.983595
vt 0.861713 0.507538
vt 0.756216 0.758553
vt 0.354814 0.960811
vt 0.339729 0.964712
vt 0.138045 0.133226
vt 0.832947 0.839526
vt 0.064786 0.872975
vt 0.368008 0.838716
vt 0.714756 0.858030
vt 0.888416 0.955064
vt 0.874883 0.507606
vt 0.401271 0.765592
vt 0.739085 0.500000
vt 0.070487 0.838612
vt 0.357708 0.843053
vt 0.503953 0.647115
vt 0.827868 0.514467
vt 0.867616 0.518491
vt 0.889940 0.503307
vt 0.400092 0.750453
vt 0.936100 0.130897
vt 0.295834 0.855207
vt 0.342866 0.988077
vt 0.361880 0.981250
vt 0.328722 0.978158
vt 0.045393 0.865350
vt 0.920299 0.692550
vt 0.829291 0.308423
vt 0.821476 0.312264
vt 0.289481 0.006419
vt 0.788784 0.534664
vt 0.850123 0.513291
vt 0.897769 0.521310
vt 0.399868 0.732536
vt 0.725299 0.628100
vt 0.724442 0.638153
vt 0.719111 0.638657
vt 0.714889 0.617535
vt 0.398551 0.948035
vt 0.392937 0.971910
vt 0.375084 0.975953
vt 0.907115 0.714290
vt 0.363207 0.424317
vt 0.790567 0.883290
vt 0.400614 0.795232
vt 0.410408 0.819442
vt 0.389340 0.808624
vt 0.387071 0.835235
vt 0.370532 0.819784
vt 0.818126 0.535123
vt 0.907115 0.959727
vt 0.887766 0.535777
vt 0.691091 0.619502
vt 0.686386 0.610591
vt 0.708078 0.611641
vt 0.695887 0.630725
vt 0.714309 0.650363
vt 0.723604 0.662477
vt 0.262846 0.940972
vt 0.818266 0.880873
vt 0.367224 0.831539
vt 0.334709 0.825667
vt 0.696206 0.937244
vt 0.875976 0.540565
vt 0.831597 0.398624
vt 0.361842 0.993581
vt 0.021184 0.843940
vt 0.481555 0.188873
vt 0.936776 0.663802
vt 0.933577 0.685866
vt 0.838641 0.297088
vt 0.308292 0.829954
vt 0.311620 0.008029
vt 0.731548 0.557430
vt 0.746622 0.548628
vt 0.757270 0.568326
vt 0.768120 0.540591
vt 0.774285 0.556792
vt 0.871877 0.564924
vt 0.921879 0.538549
vt 0.832811 0.412291
vt 0.088933 0.255431
vt 0.399983 0.711157
vt 0.666830 0.628163
vt 0.671014 0.633717
vt 0.688985 0.639617
vt 0.712179 0.666489
vt 0.251219 0.927960
vt 0.382763 0.993387
vt 0.018558 0.856307
vt 0.448631 0.164222
vt 0.847826 0.294579
vt 0.942506 0.673608
vt 0.448462 0.588928
vt 0.723979 0.517741
vt 0.709521 0.519971
vt 0.685859 0.510926
vt 0.499876 0.396702
vt 0.885762 0.565129
vt 0.920737 0.548523
vt 0.836372 0.781027
vt 0.696688 0.658583
vt 0.722098 0.671365
vt 0.398551 0.989118
vt 0.727931 0.678991
vt 0.432616 0.161912
vt 0.951753 0.653089
vt 0.366567 0.408124
vt 0.346514 0.539943
vt 0.803265 0.576793
vt 0.400404 0.694112
vt 0.651197 0.641621
vt 0.673510 0.652750
vt 0.476982 0.384432
vt 0.919465 0.243169
vt 0.693676 0.912499
vt 0.731410 0.571532
vt 0.855211 0.402271
vt 0.322881 0.691161
vt 0.335458 0.686876
vt 0.694675 0.671777
vt 0.709178 0.688616
vt 0.009567 0.843726
vt 0.698330 0.889572
vt 0.704208 0.893788
vt 0.912589 0.563064
vt 0.405003 0.637003
vt 0.656640 0.654174
vt 0.684542 0.661624
vt 0.694374 0.684683
vt 0.111856 0.937894
vt 0.090250 0.934162
vt 0.103693 0.922094
vt 0.003294 0.851801
vt 0.008074 0.830436
vt 0.928429 0.274316
vt 0.938042 0.268574
vt 0.655066 0.513507
vt 0.435247 0.370086
vt 0.701946 0.965050
vt 0.347754 0.032017
vt 0.777926 0.608822
vt 0.732995 0.607941
vt 0.862100 0.582424
vt 0.931653 0.583230
vt 0.569703 0.605105
vt 0.584091 0.591298
vt 0.591804 0.603559
vt 0.647274 0.652432
vt 0.618368 0.640446
vt 0.612393 0.617325
vt 0.636057 0.624843
vt 0.642331 0.658493
vt 0.677727 0.674261
vt 0.974308 0.605186
vt 0.967135 0.578459
vt 0.961551 0.589611
vt 0.448876 0.363232
vt 0.238261 0.356816
vt 0.245993 0.340621
vt 0.703848 0.866725
vt 0.412649 0.632668
vt 0.942285 0.553007
vt 0.579574 0.618198
vt 0.601528 0.632255
vt 0.994049 0.218537
vt 0.563241 0.539943
vt 0.543014 0.532810
vt 0.525033 0.539943
vt 0.282801 0.341208
vt 0.258090 0.356312
vt 0.351539 0.407275
vt 0.335310 0.434379
vt 0.364295 0.434379
vt 0.940183 0.283169
vt 0.362978 0.026633
vt 0.792322 0.607929
vt 0.850377 0.592994
vt 0.883066 0.597203
vt 0.144610 0.783002
vt 0.655737 0.674056
vt 0.120751 0.921101
vt 0.970051 0.768123
vt 0.701556 0.850927
vt 0.311558 0.372185
vt 0.912393 0.583129
vt 0.047431 0.248718
vt 0.266623 0.769615
vt 0.268116 0.786846
vt 0.254574 0.780766
vt 0.563725 0.624066
vt 0.579279 0.635714
vt 0.639712 0.668609
vt 0.653685 0.685567
vt 0.139789 0.935491
vt 0.125901 0.946505
vt 0.974308 0.784032
vt 0.332259 0.901678
vt 0.342089 0.916719
vt 0.333047 0.930813
vt 0.730567 0.635521
vt 0.750259 0.627735
vt 0.214353 0.755108
vt 0.953228 0.583189
vt 0.602865 0.650616
vt 0.682758 0.696862
vt 0.143879 0.919401
vt 0.356390 0.892258
vt 0.325585 0.901253
vt 0.260793 0.718623
vt 0.833752 0.603734
vt 0.621733 0.681201
vt 0.202974 0.944601
vt 0.170881 0.946505
vt 0.165912 0.930542
vt 0.782192 0.620951
vt 0.281097 0.732998
vt 0.825145 0.619943
vt 0.222761 0.768197
vt 0.849821 0.618109
vt 0.213003 0.772732
vt 0.908392 0.601059
vt 0.208014 0.906550
vt 0.211061 0.915121
vt 0.193539 0.912919
vt 0.569669 0.651200
vt 0.583282 0.658714
vt 0.612391 0.673246
vt 0.350463 0.870802
vt 0.330054 0.882344
vt 0.203412 0.936197
vt 0.164476 0.920841
vt 0.259538 0.758820
vt 0.223467 0.783880
vt 0.826869 0.635521
vt 0.884467 0.611747
vt 0.189420 0.900788
vt 0.164165 0.915121
vt 0.953813 0.806413
vt 0.775396 0.695435
vt 0.373518 0.353067
vt 0.375821 0.338629
vt 0.388983 0.352720
vt 0.128281 0.907543
vt 0.906708 0.618800
vt 0.922734 0.387348
vt 0.931418 0.372540
vt 0.954789 0.332425
vt 0.579969 0.681338
vt 0.212780 0.933228
vt 0.120553 0.522258
vt 0.109130 0.534889
vt 0.078085 0.529478
vt 0.651515 0.990728
vt 0.422401 0.332229
vt 0.144257 0.894847
vt 0.106041 0.893680
vt 0.514241 0.081724
vt 0.507905 0.079121
vt 0.524267 0.074014
vt 0.558874 0.665264
vt 0.546508 0.063901
vt 0.569373 0.060628
vt 0.568519 0.070962
vt 0.580009 0.696862
vt 0.581686 0.510190
vt 0.995389 0.937759
vt 0.977906 0.938613
vt 0.984915 0.947932
vt 0.173393 0.882033
vt 0.931584 0.614033
vt 0.455370 0.319540
vt 0.479401 0.298468
vt 0.537611 0.084310
vt 0.593307 0.069164
vt 0.317573 0.859296
vt 0.074766 0.509980
vt 0.779835 0.248772
vt 0.582389 0.519971
vt 0.445209 0.826676
vt 0.438076 0.817239
vt 0.474857 0.820391
vt 0.473874 0.810984
vt 0.130075 0.878324
vt 0.079276 0.886890
vt 0.076799 0.873352
vt 0.445697 0.333149
vt 0.185791 0.866417
vt 0.483299 0.313680
vt 0.266600 0.858060
vt 0.512712 0.093643
vt 0.931152 0.801666
vt 0.916398 0.818929
vt 0.884490 0.812942
vt 0.821476 0.266048
vt 0.052539 0.565565
vt 0.949967 0.928736
vt 0.480237 0.826676
vt 0.425557 0.347644
vt 0.475052 0.323898
vt 0.955368 0.888961
vt 0.036785 0.469691
vt 0.514183 0.109130
vt 0.554313 0.086981
vt 0.574615 0.081037
vt 0.559610 0.691321
vt 0.610672 0.590651
vt 0.057703 0.543648
vt 0.026675 0.563230
vt 0.142248 0.864447
vt 0.443609 0.347193
vt 0.463583 0.332991
vt 0.982213 0.440086
vt 0.585506 0.088758
vt 0.600682 0.081169
vt 0.027095 0.526309
vt 0.034094 0.544328
vt 0.115608 0.862096
vt 0.930916 0.920491
vt 0.166348 0.856633
vt 0.075758 0.858045
vt 0.931605 0.902282
vt 0.934855 0.882392
vt 0.834651 0.834380
vt 0.103550 0.483876
vt 0.533019 0.681001
vt 0.057273 0.500347
vt 0.620448 0.074008
vt 0.225955 0.930813
vt 0.876538 0.862237
vt 0.886071 0.879178
vt 0.853931 0.854834
vt 0.919608 0.917375
vt 0.910377 0.889444
vt 0.907054 0.870440
vt 0.921772 0.890870
vt 0.912127 0.897718
vt 0.911224 0.915507
vt 0.030962 0.429026
vt 0.023057 0.510063
vt 0.030760 0.500000
vt 0.039338 0.512737
vt 0.617736 0.095892
vt 0.137654 0.858060
vt 0.534472 0.955064
vt 0.546655 0.953758
vt 0.096260 0.851566
vt 0.664690 0.086006
vt 0.551697 0.902363
vt 0.647563 0.293153
vt 0.625545 0.321470
vt 0.899209 0.947932
vt 0.901260 0.933624
vt 0.642706 0.097446
vt 0.656019 0.109130
vt 0.561301 0.454351
vt 0.555674 0.435759
vt 0.570821 0.435302
vt 0.553907 0.425105
vt 0.571227 0.422967
vt 0.589646 0.430381
vt 0.561924 0.881098
vt 0.554718 0.869472
vt 0.643610 0.449946
vt 0.631118 0.452124
vt 0.215633 0.585586
vt 0.231640 0.598305
vt 0.212630 0.619738
vt 0.195152 0.628568
vt 0.199288 0.604383
vt 0.524236 0.336074
vt 0.552701 0.450366
vt 0.561924 0.942956
vt 0.576602 0.445817
vt 0.561514 0.909777
vt 0.598745 0.443440
vt 0.605616 0.454351
vt 0.244378 0.573411
vt 0.170607 0.615704
vt 0.170443 0.632316
vt 0.618180 0.338908
vt 0.608642 0.333091
vt 0.516882 0.353067
vt 0.537729 0.343709
vt 0.672648 0.484540
vt 0.758375 0.473495
vt 0.712190 0.577840
vt 0.725296 0.583837
vt 0.720146 0.594151
vt 0.698154 0.586127
vt 0.527146 0.601284
vt 0.555594 0.616635
vt 0.245718 0.562968
vt 0.197399 0.566302
vt 0.167978 0.593714
vt 0.139587 0.632668
vt 0.689290 0.467821
vt 0.566992 0.346019
vt 0.681381 0.448818
vt 0.636058 0.455598
vt 0.628985 0.485735
vt 0.589708 0.481629
vt 0.800998 0.464890
vt 0.774091 0.468294
vt 0.585705 0.298320
vt 0.104817 0.417353
vt 0.136882 0.210474
vt 0.125402 0.204227
vt 0.148891 0.200472
vt 0.593387 0.461178
vt 0.770237 0.450028
vt 0.620419 0.381867
vt 0.608037 0.349720
vt 0.682139 0.572238
vt 0.708951 0.567732
vt 0.009377 0.385877
vt 0.000659 0.376336
vt 0.019890 0.373271
vt 0.559289 0.475766
vt 0.651415 0.572395
vt 0.597497 0.337023
vt 0.965583 0.444477
vt 0.682523 0.552977
vt 0.042513 0.381001
vt 0.133888 0.422619
vt 0.079567 0.224675
vt 0.086657 0.208795
vt 0.095211 0.220770
vt 0.117970 0.216262
vt 0.152920 0.217241
vt 0.169235 0.205719
vt 0.177410 0.214894
vt 0.211447 0.207897
vt 0.768843 0.429850
vt 0.246384 0.197334
vt 0.232407 0.213147
vt 0.782100 0.433463
vt 0.280541 0.197629
vt 0.177093 0.037593
vt 0.214097 0.029392
vt 0.211577 0.041852
vt 0.174164 0.048907
vt 0.004267 0.456599
vt 0.014465 0.478602
vt 0.016469 0.471012
vt 0.136650 0.224291
vt 0.171937 0.060628
vt 0.279579 0.211679
vt 0.662263 0.561574
vt 0.124867 0.228047
vt 0.105123 0.232145
vt 0.178991 0.236716
vt 0.193550 0.222003
vt 0.219491 0.226704
vt 0.262101 0.222302
vt 0.828800 0.415835
vt 0.370638 0.203059
vt 0.620782 0.569340
vt 0.654928 0.535579
vt 0.010506 0.433455
vt 0.085508 0.237616
vt 0.162143 0.243224
vt 0.820894 0.199667
vt 0.821730 0.176420
vt 0.836795 0.183800
vt 0.802004 0.200523
vt 0.793348 0.204708
vt 0.739636 0.190573
vt 0.713929 0.181178
vt 0.350991 0.521495
vt 0.326170 0.517536
vt 0.790885 0.416972
vt 0.309235 0.219357
vt 0.711074 0.166060
vt 0.429131 0.193493
vt 0.841704 0.168527
vt 0.531662 0.569680
vt 0.532980 0.593469
vt 0.512592 0.594151
vt 0.594097 0.576237
vt 0.564538 0.585863
vt 0.054403 0.370185
vt 0.055995 0.234985
vt 0.395580 0.521656
vt 0.416023 0.526900
vt 0.376617 0.522502
vt 0.841392 0.203756
vt 0.966403 0.905136
vt 0.996706 0.905136
vt 0.984182 0.890870
vt 0.772543 0.187474
vt 0.350036 0.510034
vt 0.292691 0.542186
vt 0.278851 0.527928
vt 0.280014 0.551355
vt 0.258893 0.545895
vt 0.685663 0.167308
vt 0.669105 0.181642
vt 0.359329 0.223656
vt 0.293139 0.513858
vt 0.875740 0.156645
vt 0.880600 0.170412
vt 0.909138 0.163279
vt 0.935277 0.144568
vt 0.186898 0.434670
vt 0.250427 0.237518
vt 0.003294 0.434868
vt 0.004502 0.405641
vt 0.155892 0.528531
vt 0.385881 0.514698
vt 0.851927 0.186587
vt 0.318089 0.509434
vt 0.643975 0.165911
vt 0.286974 0.235883
vt 0.315190 0.228211
vt 0.402633 0.223397
vt 0.451437 0.208488
vt 0.457387 0.200249
vt 0.322018 0.497000
vt 0.486088 0.201590
vt 0.500134 0.583786
vt 0.962117 0.165129
vt 0.346235 0.458330
vt 0.376153 0.465821
vt 0.358914 0.477846
vt 0.979578 0.140314
vt 0.327093 0.468603
vt 0.139363 0.031066
vt 0.010207 0.408376
vt 0.016469 0.397485
vt 0.504826 0.551355
vt 0.473003 0.544254
vt 0.474272 0.537944
vt 0.014720 0.388730
vt 0.097846 0.271755
vt 0.448001 0.533895
vt 0.417015 0.519655
vt 0.370683 0.493096
vt 0.343842 0.500775
vt 0.470876 0.217504
vt 0.508697 0.209380
vt 0.480706 0.587778
vt 0.491107 0.568829
vt 0.464427 0.571287
vt 0.614770 0.170643
vt 0.572132 0.170494
vt 0.516070 0.195673
vt 0.534738 0.198964
vt 0.523037 0.560388
vt 0.309200 0.452095
vt 0.551866 0.547851
vt 0.274271 0.449953
vt 0.289727 0.463550
vt 0.135876 0.047265
vt 0.077092 0.385877
vt 0.070767 0.374307
vt 0.593220 0.532274
vt 0.245830 0.458701
vt 0.226371 0.446441
vt 0.612958 0.525678
vt 0.454600 0.517282
vt 0.434515 0.512727
vt 0.403501 0.492114
vt 0.360513 0.494132
vt 0.549321 0.159097
vt 0.384972 0.234715
vt 0.396643 0.241312
vt 0.552335 0.205854
vt 0.570166 0.195266
vt 0.508831 0.520549
vt 0.484537 0.224758
vt 0.418399 0.231640
vt 0.620647 0.200817
vt 0.519050 0.539378
vt 0.384351 0.480423
vt 0.604376 0.214643
vt 0.576944 0.221684
vt 0.462649 0.233661
vt 0.520869 0.160682
vt 0.482582 0.157596
vt 0.118904 0.035975
vt 0.638597 0.208094
vt 0.402263 0.294794
vt 0.419631 0.298713
vt 0.406739 0.314551
vt 0.448702 0.139563
vt 0.438035 0.154210
vt 0.089370 0.370430
vt 0.463819 0.502789
vt 0.691745 0.200434
vt 0.391258 0.298295
vt 0.392447 0.311599
vt 0.112064 0.048897
vt 0.099473 0.383919
vt 0.537650 0.513390
vt 0.453098 0.467594
vt 0.409103 0.462090
vt 0.638524 0.224432
vt 0.364089 0.309637
vt 0.398273 0.165528
vt 0.393106 0.154867
vt 0.505836 0.488384
vt 0.690526 0.217763
vt 0.715127 0.209752
vt 0.344602 0.302126
vt 0.000659 0.077696
vt 0.587071 0.234097
vt 0.368692 0.166755
vt 0.105213 0.029422
vt 0.099720 0.047637
vt 0.496077 0.468140
vt 0.743742 0.203055
vt 0.080870 0.013552
vt 0.085607 0.030137
vt 0.636432 0.233207
vt 0.344083 0.147831
vt 0.797760 0.011338
vt 0.785598 0.000713
vt 0.774179 0.001155
vt 0.962426 0.387085
vt 0.532454 0.482532
vt 0.434626 0.452455
vt 0.685266 0.226810
vt 0.080061 0.049215
vt 0.737412 0.228585
vt 0.317149 0.299291
vt 0.064962 0.030441
vt 0.674816 0.241618
vt 0.695643 0.237235
vt 0.276018 0.179085
vt 0.763359 0.007403
vt 0.273437 0.153120
vt 0.329358 0.314551
vt 0.047051 0.015053
vt 0.786603 0.044936
vt 0.548058 0.491374
vt 0.465461 0.448645
vt 0.797760 0.037310
vt 0.254578 0.191257
vt 0.246370 0.171308
vt 0.768594 0.044484
vt 0.309854 0.312017
vt 0.300260 0.301617
vt 0.028333 0.016257
vt 0.738890 0.243224
vt 0.045479 0.032894
vt 0.201673 0.183099
vt 0.050362 0.048907
vt 0.754282 0.023304
vt 0.756680 0.039296
vt 0.522358 0.454797
vt 0.297101 0.311694
vt 0.019104 0.025720
vt 0.205780 0.204708
vt 0.554018 0.465776
vt 0.546692 0.457255
s 0
usemtl Material_0.012
f 1291/1/1 1293/2/1 1286/3/1
f 1286/3/2 1292/4/2 1287/5/2
f 1868/6/3 1858/7/3 1856/8/3
f 1858/7/4 1849/9/4 1856/8/4
f 1858/7/5 1853/10/5 1849/9/5
f 1291/1/6 1286/3/6 1288/11/6
f 1286/3/7 1287/5/7 1288/11/7
f 1856/8/8 1849/9/8 1848/12/8
f 1581/13/9 1579/14/9 1580/15/9
f 1853/10/10 1850/16/10 1849/9/10
f 1577/17/11 1580/15/11 1579/14/11
f 1577/17/12 1579/14/12 1575/18/12
f 822/19/13 818/20/13 816/21/13
f 822/19/14 820/22/14 818/20/14
f 823/23/15 820/22/15 822/19/15
f 1287/5/16 1290/24/16 1289/25/16
f 1287/5/17 1292/4/17 1290/24/17
f 1847/26/18 1846/27/18 1848/12/18
f 1849/9/19 1847/26/19 1848/12/19
f 1850/16/20 1847/26/20 1849/9/20
f 1860/28/21 1859/29/21 1850/16/21
f 815/30/22 816/21/22 817/31/22
f 816/21/23 818/20/23 817/31/23
f 818/20/24 819/32/24 817/31/24
f 818/20/25 820/22/25 819/32/25
f 981/33/26 976/34/26 982/35/26
f 1582/36/27 1583/37/27 1584/38/27
f 981/33/28 977/39/28 976/34/28
f 1872/40/29 1870/41/29 1871/42/29
f 1873/43/30 1872/40/30 1871/42/30
f 1871/42/31 1870/41/31 1869/44/31
f 1856/8/32 1865/45/32 1870/41/32
f 1856/8/33 1848/12/33 1865/45/33
f 1848/12/34 1851/46/34 1865/45/34
f 1850/16/35 1859/29/35 1847/26/35
f 1826/47/36 1861/48/36 1860/28/36
f 1860/28/37 1861/48/37 1859/29/37
f 834/49/38 820/22/38 823/23/38
f 819/32/39 820/22/39 821/50/39
f 1584/38/40 1583/37/40 1585/51/40
f 977/39/41 974/52/41 976/34/41
f 1869/44/42 1870/41/42 1865/45/42
f 1865/45/43 1851/46/43 1866/53/43
f 286/54/44 275/55/44 284/56/44
f 286/54/45 284/56/45 287/57/45
f 1826/47/46 1825/58/46 1861/48/46
f 1576/59/47 1575/18/47 1574/60/47
f 817/31/48 824/61/48 815/30/48
f 820/22/49 834/49/49 821/50/49
f 834/49/50 833/62/50 821/50/50
f 1583/37/51 1596/63/51 1585/51/51
f 1586/64/52 1585/51/52 1587/65/52
f 1830/66/53 1866/53/53 1851/46/53
f 1823/67/54 1825/58/54 1826/47/54
f 1823/67/55 1824/68/55 1825/58/55
f 1825/58/56 1863/69/56 1861/48/56
f 819/32/57 825/70/57 817/31/57
f 833/62/58 832/71/58 821/50/58
f 832/71/59 819/32/59 821/50/59
f 1596/63/60 1587/65/60 1585/51/60
f 306/72/61 309/73/61 298/74/61
f 1865/45/62 1867/75/62 1869/44/62
f 301/76/63 298/74/63 269/77/63
f 1865/45/64 1866/53/64 1867/75/64
f 1830/66/65 1828/78/65 1827/79/65
f 1846/27/66 1845/80/66 1851/46/66
f 1851/46/67 1855/81/67 1830/66/67
f 1830/66/68 1835/82/68 1828/78/68
f 1830/66/69 1855/81/69 1835/82/69
f 1847/26/70 1844/83/70 1846/27/70
f 1861/48/71 1862/84/71 1859/29/71
f 1863/69/72 1862/84/72 1861/48/72
f 1864/85/73 1862/84/73 1863/69/73
f 1988/86/74 1989/87/74 1990/88/74
f 1213/89/75 1214/90/75 1215/91/75
f 1574/60/76 1573/92/76 1572/93/76
f 817/31/77 825/70/77 824/61/77
f 819/32/78 827/94/78 825/70/78
f 832/71/79 827/94/79 819/32/79
f 1583/37/80 1601/95/80 1596/63/80
f 298/74/81 297/96/81 269/77/81
f 297/96/82 272/97/82 269/77/82
f 269/77/83 270/98/83 271/99/83
f 1827/79/84 1828/78/84 1829/100/84
f 1845/80/85 1855/81/85 1851/46/85
f 1844/83/86 1845/80/86 1846/27/86
f 1859/29/87 1854/101/87 1847/26/87
f 1862/84/88 1854/101/88 1859/29/88
f 204/102/89 194/103/89 199/104/89
f 1477/105/90 1476/106/90 1481/107/90
f 1217/108/91 1213/89/91 1216/109/91
f 1/110/92 2/111/92 3/112/92
f 1515/113/93 1514/114/93 1512/115/93
f 1572/93/94 1570/116/94 1571/117/94
f 1571/117/95 1570/116/95 1569/118/95
f 1569/118/96 1570/116/96 1567/119/96
f 824/61/97 826/120/97 844/121/97
f 844/121/98 826/120/98 845/122/98
f 1570/116/99 1578/123/99 1567/119/99
f 845/122/100 847/124/100 848/125/100
f 834/49/101 841/126/101 833/62/101
f 1596/63/102 1595/127/102 1587/65/102
f 1587/65/103 1595/127/103 1607/128/103
f 309/73/104 310/129/104 298/74/104
f 298/74/105 310/129/105 297/96/105
f 1855/81/106 1838/130/106 1835/82/106
f 1835/82/107 1838/130/107 1836/131/107
f 1847/26/108 1854/101/108 1844/83/108
f 1927/132/109 1928/133/109 1929/134/109
f 353/135/110 354/136/110 349/137/110
f 282/138/111 292/139/111 291/140/111
f 1944/141/112 1945/142/112 1946/143/112
f 354/136/113 356/144/113 355/145/113
f 1862/84/114 1857/146/114 1854/101/114
f 194/103/115 193/147/115 199/104/115
f 1527/148/116 1532/149/116 1529/150/116
f 1514/114/117 1513/151/117 1512/115/117
f 824/61/118 825/70/118 826/120/118
f 845/122/119 826/120/119 846/152/119
f 845/122/120 846/152/120 847/124/120
f 841/126/121 842/153/121 833/62/121
f 842/153/122 840/154/122 833/62/122
f 1596/63/123 1590/155/123 1595/127/123
f 1829/100/124 1828/78/124 1831/156/124
f 278/157/125 279/158/125 276/159/125
f 1835/82/126 1831/156/126 1828/78/126
f 1835/82/127 1836/131/127 1831/156/127
f 200/160/128 185/161/128 187/162/128
f 353/135/129 349/137/129 348/163/129
f 276/159/130 279/158/130 282/138/130
f 194/103/131 187/162/131 186/164/131
f 222/165/132 193/147/132 217/166/132
f 1531/167/133 1527/148/133 1526/168/133
f 1531/167/134 1532/149/134 1527/148/134
f 1526/168/135 1527/148/135 1528/169/135
f 1476/106/136 1472/170/136 1474/171/136
f 1476/106/137 1474/171/137 1480/172/137
f 968/173/138 969/174/138 965/175/138
f 968/173/139 965/175/139 964/176/139
f 1513/151/140 1510/177/140 1512/115/140
f 1510/177/141 1511/178/141 1512/115/141
f 666/179/142 648/180/142 645/181/142
f 1512/115/143 1511/178/143 1516/182/143
f 1212/183/144 1201/184/144 1193/185/144
f 800/186/145 805/187/145 798/188/145
f 1991/189/146 1992/190/146 1993/191/146
f 1993/191/147 1992/190/147 1994/192/147
f 1511/178/148 1518/193/148 1519/194/148
f 1519/194/149 1518/193/149 1520/195/149
f 828/196/150 826/120/150 825/70/150
f 827/94/151 828/196/151 825/70/151
f 832/71/152 836/197/152 827/94/152
f 990/198/153 994/199/153 991/200/153
f 833/62/154 840/154/154 832/71/154
f 840/154/155 836/197/155 832/71/155
f 1971/201/156 1972/202/156 1970/203/156
f 994/199/157 995/204/157 991/200/157
f 1922/205/158 1923/206/158 1924/207/158
f 1923/206/159 1925/208/159 1924/207/159
f 1924/207/160 1925/208/160 1926/209/160
f 1601/95/161 1600/210/161 1596/63/161
f 310/129/162 311/211/162 297/96/162
f 200/160/163 189/212/163 185/161/163
f 279/158/164 283/213/164 282/138/164
f 347/214/165 355/145/165 357/215/165
f 282/138/166 283/213/166 292/139/166
f 866/216/167 858/217/167 867/218/167
f 856/219/168 858/217/168 866/216/168
f 867/218/169 858/217/169 868/220/169
f 858/217/170 861/221/170 868/220/170
f 1262/222/171 1259/223/171 1261/224/171
f 964/176/172 965/175/172 966/225/172
f 964/176/173 966/225/173 971/226/173
f 653/227/174 652/228/174 647/229/174
f 807/230/175 806/231/175 801/232/175
f 1474/171/176 1475/233/176 1480/172/176
f 967/234/177 966/225/177 965/175/177
f 1510/177/178 1508/235/178 1511/178/178
f 1510/177/179 1503/236/179 1508/235/179
f 1774/237/180 1775/238/180 1776/239/180
f 1962/240/181 1958/241/181 1961/242/181
f 1508/235/182 1518/193/182 1511/178/182
f 1519/194/183 1520/195/183 1521/243/183
f 829/244/184 830/245/184 826/120/184
f 828/196/185 829/244/185 826/120/185
f 827/94/186 835/246/186 828/196/186
f 1968/247/187 1970/203/187 1969/248/187
f 990/198/188 991/200/188 985/249/188
f 984/250/189 990/198/189 985/249/189
f 836/197/190 835/246/190 827/94/190
f 1968/247/191 1971/201/191 1970/203/191
f 810/251/192 814/252/192 808/253/192
f 1600/210/193 1590/155/193 1596/63/193
f 1595/127/194 1590/155/194 1589/254/194
f 1607/128/195 1595/127/195 1611/255/195
f 311/211/196 295/256/196 297/96/196
f 297/96/197 295/256/197 272/97/197
f 360/257/198 348/163/198 359/258/198
f 1845/80/199 1843/259/199 1855/81/199
f 1844/83/200 1843/259/200 1845/80/200
f 1855/81/201 1843/259/201 1838/130/201
f 187/162/202 185/161/202 186/164/202
f 347/214/203 357/215/203 358/260/203
f 1259/223/204 1260/261/204 1261/224/204
f 1472/170/205 1473/262/205 1474/171/205
f 966/225/206 972/263/206 971/226/206
f 1503/236/207 1505/264/207 1508/235/207
f 831/265/208 838/266/208 843/267/208
f 1508/235/209 1505/264/209 1525/268/209
f 1508/235/210 1525/268/210 1518/193/210
f 1746/269/211 1748/270/211 1755/271/211
f 1748/270/212 1756/272/212 1755/271/212
f 1755/271/213 1756/272/213 1757/273/213
f 1757/273/214 1756/272/214 1758/274/214
f 1520/195/215 1522/275/215 1521/243/215
f 1968/247/216 1966/276/216 1971/201/216
f 1799/277/217 1791/278/217 1792/279/217
f 842/153/218 853/280/218 840/154/218
f 1367/281/219 1365/282/219 1366/283/219
f 1360/284/220 1359/285/220 1353/286/220
f 1600/210/221 1604/287/221 1603/288/221
f 1595/127/222 1606/289/222 1611/255/222
f 1611/255/223 1606/289/223 1613/290/223
f 362/291/224 360/257/224 361/292/224
f 196/293/225 190/294/225 189/212/225
f 359/258/226 348/163/226 341/295/226
f 189/212/227 183/296/227 185/161/227
f 348/163/228 347/214/228 341/295/228
f 342/297/229 358/260/229 371/298/229
f 342/297/230 347/214/230 358/260/230
f 186/164/231 185/161/231 182/299/231
f 279/158/232 281/300/232 283/213/232
f 1854/101/233 1857/146/233 1841/301/233
f 217/166/234 191/302/234 201/303/234
f 858/217/235 860/304/235 861/221/235
f 861/221/236 860/304/236 865/305/236
f 1259/223/237 1264/306/237 1260/261/237
f 1474/171/238 1473/262/238 1475/233/238
f 807/230/239 813/307/239 806/231/239
f 1441/308/240 1440/309/240 1439/310/240
f 1439/310/241 1438/311/241 1444/312/241
f 1442/313/242 1440/309/242 1441/308/242
f 1773/314/243 1771/315/243 1772/316/243
f 1773/314/244 1772/316/244 1774/237/244
f 1503/236/245 1504/317/245 1505/264/245
f 1774/237/246 1772/316/246 1775/238/246
f 1748/270/247 1747/318/247 1756/272/247
f 1747/318/248 1760/319/248 1756/272/248
f 1521/243/249 1522/275/249 1523/320/249
f 829/244/250 837/321/250 830/245/250
f 849/322/251 839/323/251 835/246/251
f 835/246/252 829/244/252 828/196/252
f 835/246/253 839/323/253 829/244/253
f 839/323/254 837/321/254 829/244/254
f 1966/276/255 1973/324/255 1971/201/255
f 1791/278/256 1790/325/256 1792/279/256
f 840/154/257 853/280/257 836/197/257
f 1363/326/258 1365/282/258 1367/281/258
f 1366/283/259 1365/282/259 1359/285/259
f 1359/285/260 1365/282/260 1357/327/260
f 1359/285/261 1357/327/261 1353/286/261
f 1613/290/262 1606/289/262 1610/328/262
f 361/292/263 360/257/263 359/258/263
f 367/329/264 371/298/264 369/330/264
f 1307/331/265 1306/332/265 1303/333/265
f 186/164/266 182/299/266 191/302/266
f 856/219/267 857/334/267 858/217/267
f 858/217/268 857/334/268 860/304/268
f 667/335/269 653/227/269 659/336/269
f 704/337/270 699/338/270 684/339/270
f 1772/316/271 1777/340/271 1775/238/271
f 1918/341/272 1917/342/272 1915/343/272
f 1748/270/273 1746/269/273 1747/318/273
f 1079/344/274 1081/345/274 1085/346/274
f 1086/347/275 1079/344/275 1085/346/275
f 1523/320/276 1522/275/276 1524/348/276
f 837/321/277 838/266/277 830/245/277
f 1605/349/278 1598/350/278 1604/287/278
f 1598/350/279 1597/351/279 1604/287/279
f 1604/287/280 1597/351/280 1603/288/280
f 1600/210/281 1603/288/281 1588/352/281
f 1600/210/282 1588/352/282 1590/155/282
f 198/353/283 197/354/283 196/293/283
f 196/293/284 197/354/284 190/294/284
f 341/295/285 347/214/285 342/297/285
f 367/329/286 369/330/286 368/355/286
f 278/157/287 308/356/287 280/357/287
f 1831/156/288 1836/131/288 1833/358/288
f 1843/259/289 1839/359/289 1838/130/289
f 1838/130/290 1839/359/290 1836/131/290
f 358/260/291 374/360/291 375/361/291
f 375/361/292 374/360/292 376/362/292
f 1844/83/293 1841/301/293 1843/259/293
f 856/219/294 859/363/294 857/334/294
f 1264/306/295 1265/364/295 1260/261/295
f 1189/365/296 1196/366/296 1188/367/296
f 1189/365/297 1188/367/297 1183/368/297
f 1771/315/298 1740/369/298 1772/316/298
f 1740/369/299 1742/370/299 1772/316/299
f 1954/371/300 1952/372/300 1949/373/300
f 1954/371/301 1955/374/301 1952/372/301
f 839/323/302 850/375/302 837/321/302
f 1791/278/303 1789/376/303 1790/325/303
f 1595/127/304 1589/254/304 1606/289/304
f 366/377/305 368/355/305 370/378/305
f 368/355/306 379/379/306 370/378/306
f 1303/333/307 1306/332/307 1304/380/307
f 1303/333/308 1304/380/308 1305/381/308
f 1304/380/309 1309/382/309 1305/381/309
f 1305/381/310 1309/382/310 1310/383/310
f 375/361/311 376/362/311 377/384/311
f 1837/385/312 1833/358/312 1836/131/312
f 191/302/313 192/386/313 201/303/313
f 696/387/314 684/339/314 699/338/314
f 680/388/315 681/389/315 679/390/315
f 679/390/316 684/339/316 696/387/316
f 646/391/317 657/392/317 655/393/317
f 1200/394/318 1189/365/318 1199/395/318
f 1192/396/319 1198/397/319 1210/398/319
f 680/388/320 682/399/320 681/389/320
f 679/390/321 681/389/321 684/339/321
f 1741/400/322 1740/369/322 1771/315/322
f 1949/373/323 1950/401/323 1951/402/323
f 1506/403/324 1507/404/324 1505/264/324
f 1506/403/325 1505/264/325 1504/317/325
f 1949/373/326 1952/372/326 1950/401/326
f 1955/374/327 1953/405/327 1952/372/327
f 1509/406/328 1525/268/328 1505/264/328
f 1507/404/329 1509/406/329 1505/264/329
f 1081/345/330 1084/407/330 1085/346/330
f 1758/274/331 1759/408/331 1761/409/331
f 689/410/332 683/411/332 680/388/332
f 1965/412/333 1966/276/333 1967/413/333
f 837/321/334 852/414/334 838/266/334
f 689/410/335 695/415/335 683/411/335
f 1785/416/336 1784/417/336 1786/418/336
f 850/375/337 852/414/337 837/321/337
f 1795/419/338 1794/420/338 1791/278/338
f 1787/421/339 1785/416/339 1786/418/339
f 1791/278/340 1794/420/340 1789/376/340
f 1589/254/341 1594/422/341 1606/289/341
f 363/423/342 361/292/342 346/424/342
f 359/258/343 341/295/343 346/424/343
f 1610/328/344 1606/289/344 1594/422/344
f 295/256/345 307/425/345 277/426/345
f 1836/131/346 1839/359/346 1837/385/346
f 1875/427/347 1876/428/347 1841/301/347
f 857/334/348 863/429/348 860/304/348
f 694/430/349 696/387/349 699/338/349
f 670/431/350 680/388/350 679/390/350
f 1203/432/351 1208/433/351 1204/434/351
f 1740/369/352 1731/435/352 1742/370/352
f 1742/370/353 1743/436/353 1754/437/353
f 1754/437/354 1743/436/354 1746/269/354
f 1746/269/355 1743/436/355 1745/438/355
f 1616/439/356 1618/440/356 1617/441/356
f 685/442/357 689/410/357 680/388/357
f 1965/412/358 1964/443/358 1966/276/358
f 1361/444/359 1362/445/359 1363/326/359
f 1785/416/360 1782/446/360 1784/417/360
f 1363/326/361 1362/445/361 1364/447/361
f 1789/376/362 1788/448/362 1787/421/362
f 1598/350/363 1593/449/363 1597/351/363
f 1603/288/364 1597/351/364 1588/352/364
f 1588/352/365 1589/254/365 1590/155/365
f 198/353/366 213/450/366 197/354/366
f 213/450/367 211/451/367 197/354/367
f 344/452/368 346/424/368 341/295/368
f 197/354/369 211/451/369 190/294/369
f 341/295/370 343/453/370 344/452/370
f 1594/422/371 1614/454/371 1610/328/371
f 190/294/372 211/451/372 183/296/372
f 183/296/373 207/455/373 184/456/373
f 1843/259/374 1840/457/374 1839/359/374
f 201/303/375 192/386/375 195/458/375
f 201/303/376 195/458/376 202/459/376
f 1841/301/377 1842/460/377 1843/259/377
f 1841/301/378 1876/428/378 1842/460/378
f 1843/259/379 1842/460/379 1840/457/379
f 671/461/380 668/462/380 675/463/380
f 862/464/381 857/334/381 859/363/381
f 880/465/382 881/466/382 882/467/382
f 862/464/383 864/468/383 857/334/383
f 687/469/384 669/470/384 671/461/384
f 671/461/385 669/470/385 668/462/385
f 857/334/386 864/468/386 863/429/386
f 668/462/387 669/470/387 670/431/387
f 668/462/388 670/431/388 672/471/388
f 669/470/389 687/469/389 686/472/389
f 686/472/390 670/431/390 669/470/390
f 670/431/391 673/473/391 672/471/391
f 694/430/392 673/473/392 696/387/392
f 686/472/393 685/442/393 670/431/393
f 1190/474/394 1189/365/394 1182/475/394
f 688/476/395 685/442/395 686/472/395
f 655/393/396 658/477/396 660/478/396
f 1744/479/397 1737/480/397 1741/400/397
f 1741/400/398 1737/480/398 1740/369/398
f 1737/480/399 1731/435/399 1740/369/399
f 693/481/400 690/482/400 688/476/400
f 1781/483/401 1744/479/401 1741/400/401
f 1742/370/402 1731/435/402 1743/436/402
f 688/476/403 689/410/403 685/442/403
f 1085/346/404 1084/407/404 1087/484/404
f 1618/440/405 1619/485/405 1617/441/405
f 983/486/406 987/487/406 988/488/406
f 690/482/407 689/410/407 688/476/407
f 1784/417/408 1782/446/408 1783/489/408
f 1783/489/409 1782/446/409 1780/490/409
f 1598/350/410 1599/491/410 1593/449/410
f 1597/351/411 1593/449/411 1588/352/411
f 1589/254/412 1588/352/412 1591/492/412
f 198/353/413 214/493/413 213/450/413
f 1589/254/414 1591/492/414 1594/422/414
f 211/451/415 207/455/415 183/296/415
f 1839/359/416 1840/457/416 1837/385/416
f 1876/428/417 1877/494/417 1842/460/417
f 880/465/418 879/495/418 870/496/418
f 880/465/419 870/496/419 881/466/419
f 1979/497/420 1980/498/420 1981/499/420
f 691/500/421 686/472/421 687/469/421
f 672/471/422 673/473/422 674/501/422
f 674/501/423 673/473/423 694/430/423
f 692/502/424 693/481/424 688/476/424
f 692/502/425 688/476/425 691/500/425
f 691/500/426 688/476/426 686/472/426
f 1197/503/427 1205/504/427 1198/397/427
f 1744/479/428 1749/505/428 1737/480/428
f 1737/480/429 1765/506/429 1736/507/429
f 1732/508/430 1734/509/430 1733/510/430
f 1963/511/431 1964/443/431 1965/412/431
f 1796/512/432 1797/513/432 1785/416/432
f 1780/490/433 1782/446/433 1781/483/433
f 1593/449/434 1592/514/434 1588/352/434
f 1588/352/435 1592/514/435 1591/492/435
f 345/515/436 350/516/436 351/517/436
f 351/517/437 350/516/437 352/518/437
f 207/455/438 206/519/438 184/456/438
f 1837/385/439 1834/520/439 1833/358/439
f 1837/385/440 1878/521/440 1889/522/440
f 1840/457/441 1852/523/441 1837/385/441
f 1837/385/442 1852/523/442 1878/521/442
f 1852/523/443 1879/524/443 1878/521/443
f 1878/521/444 1881/525/444 1889/522/444
f 333/526/445 331/527/445 332/528/445
f 1878/521/446 1879/524/446 1880/529/446
f 1878/521/447 1880/529/447 1881/525/447
f 1231/530/448 1239/531/448 1229/532/448
f 1229/532/449 1239/531/449 1240/533/449
f 335/534/450 331/527/450 333/526/450
f 1931/535/451 1933/536/451 1932/537/451
f 1930/538/452 1931/535/452 1932/537/452
f 668/462/453 676/539/453 706/540/453
f 676/539/454 674/501/454 697/541/454
f 869/542/455 871/543/455 873/544/455
f 1206/545/456 1208/433/456 1209/546/456
f 1377/547/457 1378/548/457 1379/549/457
f 1084/407/458 1083/550/458 1087/484/458
f 1619/485/459 1620/551/459 1617/441/459
f 1362/445/460 1355/552/460 1358/553/460
f 214/493/461 211/451/461 213/450/461
f 385/554/462 346/424/462 380/555/462
f 1591/492/463 1592/514/463 1609/556/463
f 1609/556/464 1594/422/464 1591/492/464
f 211/451/465 210/557/465 207/455/465
f 207/455/466 208/558/466 206/519/466
f 188/559/467 206/519/467 203/560/467
f 1837/385/468 1889/522/468 1834/520/468
f 1234/561/469 1233/562/469 1229/532/469
f 332/528/470 323/563/470 330/564/470
f 1881/525/471 1901/565/471 1889/522/471
f 331/527/472 323/563/472 332/528/472
f 1231/530/473 1236/566/473 1239/531/473
f 1239/531/474 1236/566/474 1241/567/474
f 879/495/475 876/568/475 870/496/475
f 1931/535/476 1934/569/476 1933/536/476
f 870/496/477 875/570/477 871/543/477
f 1753/571/478 1797/513/478 1796/512/478
f 1750/572/479 1749/505/479 1744/479/479
f 1749/505/480 1765/506/480 1737/480/480
f 1599/491/481 1602/573/481 1593/449/481
f 385/554/482 380/555/482 384/574/482
f 383/575/483 364/576/483 378/577/483
f 378/577/484 364/576/484 365/578/484
f 210/557/485 209/579/485 207/455/485
f 207/455/486 209/579/486 208/558/486
f 323/563/487 321/580/487 330/564/487
f 1229/532/488 1230/581/488 1231/530/488
f 331/527/489 325/582/489 323/563/489
f 1231/530/490 1230/581/490 1236/566/490
f 331/527/491 328/583/491 325/582/491
f 336/584/492 328/583/492 331/527/492
f 1881/525/493 1883/585/493 1901/565/493
f 1689/586/494 1691/587/494 1693/588/494
f 1881/525/495 1882/589/495 1883/585/495
f 878/590/496 876/568/496 879/495/496
f 876/568/497 875/570/497 870/496/497
f 875/570/498 884/591/498 871/543/498
f 871/543/499 884/591/499 888/592/499
f 1910/593/500 1919/594/500 1911/595/500
f 871/543/501 888/592/501 874/596/501
f 2052/597/502 2053/598/502 2054/599/502
f 888/592/503 873/544/503 874/596/503
f 1750/572/504 1751/600/504 1749/505/504
f 1751/600/505 1763/601/505 1749/505/505
f 1749/505/506 1763/601/506 1765/506/506
f 1612/602/507 1602/573/507 1599/491/507
f 386/603/508 384/574/508 390/604/508
f 1602/573/509 1608/605/509 1593/449/509
f 1593/449/510 1608/605/510 1592/514/510
f 214/493/511 220/606/511 215/607/511
f 384/574/512 380/555/512 382/608/512
f 380/555/513 381/609/513 382/608/513
f 382/608/514 383/575/514 378/577/514
f 381/609/515 383/575/515 382/608/515
f 1052/610/516 1047/611/516 1053/612/516
f 1053/612/517 1047/611/517 1054/613/517
f 325/582/518 324/614/518 323/563/518
f 1901/565/519 1891/615/519 1893/616/519
f 1880/529/520 1882/589/520 1881/525/520
f 1901/565/521 1883/585/521 1891/615/521
f 2022/617/522 2021/618/522 2030/619/522
f 1883/585/523 1900/620/523 1891/615/523
f 1883/585/524 1910/593/524 1900/620/524
f 2030/619/525 2021/618/525 2031/621/525
f 1910/593/526 1911/595/526 1900/620/526
f 1762/622/527 1752/623/527 1753/571/527
f 2046/624/528 2034/625/528 2045/626/528
f 1753/571/529 1752/623/529 1750/572/529
f 1750/572/530 1752/623/530 1751/600/530
f 1083/550/531 1088/627/531 1087/484/531
f 1619/485/532 1622/628/532 1621/629/532
f 1619/485/533 1621/629/533 1620/551/533
f 384/574/534 382/608/534 390/604/534
f 1049/630/535 1045/631/535 1051/632/535
f 1051/632/536 1045/631/536 1052/610/536
f 1045/631/537 1047/611/537 1052/610/537
f 1045/631/538 1046/633/538 1047/611/538
f 321/580/539 320/634/539 340/635/539
f 324/614/540 316/636/540 323/563/540
f 323/563/541 316/636/541 321/580/541
f 2047/637/542 2029/638/542 2048/639/542
f 2048/639/543 2029/638/543 2023/640/543
f 876/568/544 877/641/544 875/570/544
f 1768/642/545 1752/623/545 1762/622/545
f 1752/623/546 1764/643/546 1751/600/546
f 1089/644/547 1090/645/547 1088/627/547
f 1050/646/548 1049/630/548 1056/647/548
f 1050/646/549 1043/648/549 1049/630/549
f 1049/630/550 1043/648/550 1045/631/550
f 1043/648/551 1044/649/551 1045/631/551
f 1045/631/552 1044/649/552 1046/633/552
f 1044/649/553 1048/650/553 1046/633/553
f 1902/651/554 1895/652/554 1903/653/554
f 1887/654/555 1902/651/555 1903/653/555
f 340/635/556 320/634/556 337/655/556
f 321/580/557 316/636/557 320/634/557
f 1895/652/558 1902/651/558 1893/616/558
f 1235/656/559 1237/657/559 1230/581/559
f 2047/637/560 2020/658/560 2029/638/560
f 1230/581/561 1237/657/561 1236/566/561
f 328/583/562 327/659/562 325/582/562
f 328/583/563 322/660/563 318/661/563
f 2023/640/564 2029/638/564 2017/662/564
f 1689/586/565 1690/663/565 1691/587/565
f 2023/640/566 2017/662/566 2022/617/566
f 2022/617/567 2017/662/567 2021/618/567
f 878/590/568 877/641/568 876/568/568
f 1891/615/569 1900/620/569 1892/664/569
f 1768/642/570 1766/665/570 1752/623/570
f 1050/646/571 1059/666/571 1043/648/571
f 1059/666/572 1055/667/572 1043/648/572
f 1043/648/573 1055/667/573 1044/649/573
f 316/636/574 319/668/574 320/634/574
f 325/582/575 327/659/575 326/669/575
f 325/582/576 326/669/576 324/614/576
f 315/670/577 319/668/577 316/636/577
f 1694/671/578 1690/663/578 1689/586/578
f 1553/672/579 1554/673/579 1555/674/579
f 1555/674/580 1554/673/580 1556/675/580
f 326/669/581 314/676/581 324/614/581
f 324/614/582 314/676/582 316/636/582
f 314/676/583 315/670/583 316/636/583
f 317/677/584 314/676/584 318/661/584
f 322/660/585 317/677/585 318/661/585
f 1890/678/586 1892/664/586 1894/679/586
f 2017/662/587 2019/680/587 2021/618/587
f 2019/680/588 2028/681/588 2021/618/588
f 877/641/589 883/682/589 875/570/589
f 2021/618/590 2028/681/590 2034/625/590
f 883/682/591 884/591/591 875/570/591
f 2028/681/592 2044/683/592 2034/625/592
f 1323/684/593 1326/685/593 1328/686/593
f 1326/685/594 1329/687/594 1328/686/594
f 1328/686/595 1329/687/595 1332/688/595
f 1404/689/596 1393/690/596 1387/691/596
f 1805/692/597 1806/693/597 1803/694/597
f 517/695/598 504/696/598 519/697/598
f 517/695/599 510/698/599 504/696/599
f 1884/699/600 1886/700/600 1903/653/600
f 1884/699/601 1903/653/601 1905/701/601
f 1903/653/602 1895/652/602 1904/702/602
f 1903/653/603 1904/702/603 1905/701/603
f 1055/667/604 1057/703/604 1044/649/604
f 1044/649/605 1057/703/605 1048/650/605
f 319/668/606 329/704/606 320/634/606
f 320/634/607 329/704/607 337/655/607
f 1238/705/608 1237/657/608 1235/656/608
f 2047/637/609 2033/706/609 2020/658/609
f 2020/658/610 2033/706/610 2018/707/610
f 2018/707/611 2033/706/611 2024/708/611
f 317/677/612 315/670/612 314/676/612
f 1894/679/613 1892/664/613 1898/709/613
f 2018/707/614 2024/708/614 2019/680/614
f 877/641/615 886/710/615 883/682/615
f 1325/711/616 1329/687/616 1326/685/616
f 1326/685/617 1323/684/617 1325/711/617
f 522/712/618 520/713/618 523/714/618
f 522/712/619 521/715/619 520/713/619
f 1325/711/620 1327/716/620 1329/687/620
f 1329/687/621 1327/716/621 1330/717/621
f 1327/716/622 1331/718/622 1330/717/622
f 521/715/623 519/697/623 520/713/623
f 510/698/624 511/719/624 501/720/624
f 504/696/625 510/698/625 501/720/625
f 1705/721/626 1701/722/626 1704/723/626
f 1704/723/627 1701/722/627 1700/724/627
f 1057/703/628 1058/725/628 1048/650/628
f 329/704/629 338/726/629 337/655/629
f 319/668/630 334/727/630 329/704/630
f 2047/637/631 2036/728/631 2033/706/631
f 315/670/632 334/727/632 319/668/632
f 887/729/633 886/710/633 877/641/633
f 885/730/634 884/591/634 883/682/634
f 883/682/635 889/731/635 885/730/635
f 1770/732/636 1769/733/636 1762/622/636
f 1762/622/637 1769/733/637 1768/642/637
f 1099/734/638 1095/735/638 1098/736/638
f 1323/684/639 1324/737/639 1325/711/639
f 1325/711/640 1324/737/640 1327/716/640
f 1905/701/641 1904/702/641 1906/738/641
f 1697/739/642 1696/740/642 1694/671/642
f 2036/728/643 2035/741/643 2033/706/643
f 1694/671/644 1696/740/644 1695/742/644
f 2033/706/645 2025/743/645 2024/708/645
f 2024/708/646 2025/743/646 2019/680/646
f 959/744/647 946/745/647 963/746/647
f 2025/743/648 2026/747/648 2019/680/648
f 894/748/649 893/749/649 887/729/649
f 887/729/650 893/749/650 886/710/650
f 893/749/651 892/750/651 886/710/651
f 886/710/652 892/750/652 889/731/652
f 886/710/653 889/731/653 883/682/653
f 1491/751/654 1488/752/654 1492/753/654
f 2019/680/655 2026/747/655 2028/681/655
f 1488/752/656 1487/754/656 1492/753/656
f 1266/755/657 1281/756/657 1282/757/657
f 1487/754/658 1502/758/658 1492/753/658
f 1179/759/659 1177/760/659 1180/761/659
f 1266/755/660 1269/762/660 1281/756/660
f 1266/755/661 1268/763/661 1269/762/661
f 1281/756/662 1269/762/662 1272/764/662
f 1272/764/663 1269/762/663 1273/765/663
f 1269/762/664 1278/766/664 1273/765/664
f 1269/762/665 1279/767/665 1278/766/665
f 1279/767/666 1280/768/666 1278/766/666
f 1701/722/667 1699/769/667 1700/724/667
f 338/726/668 329/704/668 339/770/668
f 1904/702/669 1920/771/669 1907/772/669
f 1700/724/670 1699/769/670 1697/739/670
f 1697/739/671 1699/769/671 1696/740/671
f 1904/702/672 1921/773/672 1920/771/672
f 1649/774/673 1646/775/673 1648/776/673
f 2035/741/674 2032/777/674 2033/706/674
f 2025/743/675 2032/777/675 2027/778/675
f 1270/779/676 1267/780/676 1266/755/676
f 2025/743/677 2027/778/677 2026/747/677
f 1282/757/678 1275/781/678 1285/782/678
f 889/731/679 890/783/679 885/730/679
f 1502/758/680 1495/784/680 1492/753/680
f 1266/755/681 1267/780/681 1268/763/681
f 1273/765/682 1277/785/682 1276/786/682
f 1281/756/683 1272/764/683 1271/787/683
f 1271/787/684 1272/764/684 1273/765/684
f 1273/765/685 1278/766/685 1277/785/685
f 1722/788/686 1723/789/686 1724/790/686
f 1724/790/687 1723/789/687 1725/791/687
f 1068/792/688 1065/793/688 1077/794/688
f 1097/795/689 1101/796/689 1098/736/689
f 1716/797/690 1710/798/690 1717/799/690
f 1701/722/691 1702/800/691 1699/769/691
f 1696/740/692 1699/769/692 1707/801/692
f 892/750/693 891/802/693 889/731/693
f 891/802/694 890/783/694 889/731/694
f 1726/803/695 1727/804/695 1722/788/695
f 1271/787/696 1273/765/696 1274/805/696
f 1722/788/697 1728/806/697 1723/789/697
f 1707/801/698 1708/807/698 1710/798/698
f 1708/807/699 1713/808/699 1710/798/699
f 1710/798/700 1718/809/700 1717/799/700
f 1650/810/701 1646/775/701 1649/774/701
f 1907/772/702 1920/771/702 1908/811/702
f 1726/803/703 1729/812/703 1727/804/703
f 1275/781/704 1271/787/704 1274/805/704
f 1727/804/705 1728/806/705 1722/788/705
f 1062/813/706 1061/814/706 1072/815/706
f 2028/681/707 2026/747/707 2038/816/707
f 1492/753/708 1495/784/708 1494/817/708
f 1179/759/709 1174/818/709 1177/760/709
f 1177/760/710 1174/818/710 1176/819/710
f 1466/820/711 1467/821/711 1468/822/711
f 1502/758/712 1496/823/712 1495/784/712
f 1496/823/713 1494/817/713 1495/784/713
f 1713/808/714 1718/809/714 1710/798/714
f 2026/747/715 2027/778/715 2038/816/715
f 1496/823/716 1497/824/716 1494/817/716
f 1174/818/717 1175/825/717 1176/819/717
f 1466/820/718 1461/826/718 1467/821/718
f 1466/820/719 1465/827/719 1461/826/719
f 1471/828/720 1463/829/720 1465/827/720
f 1469/830/721 1463/829/721 1471/828/721
f 1469/830/722 1464/831/722 1463/829/722
f 1460/832/723 1457/833/723 1461/826/723
f 1463/829/724 1460/832/724 1461/826/724
f 1464/831/725 1460/832/725 1463/829/725
f 1469/830/726 1470/834/726 1464/831/726
f 1464/831/727 1458/835/727 1460/832/727
f 1460/832/728 1458/835/728 1457/833/728
f 1464/831/729 1470/834/729 1458/835/729
f 1470/834/730 1462/836/730 1458/835/730
f 1462/836/731 1459/837/731 1458/835/731
f 1629/838/732 1628/839/732 1627/840/732
f 1650/810/733 1652/841/733 1646/775/733
f 1646/775/734 1643/842/734 1647/843/734
f 1647/843/735 1643/842/735 1658/844/735
f 1175/825/736 1178/845/736 1176/819/736
f 2040/846/737 2042/847/737 2043/848/737
f 1500/849/738 1498/850/738 1499/851/738
f 1311/852/739 1313/853/739 1317/854/739
f 1317/854/740 1313/853/740 1316/855/740
f 1454/856/741 1456/857/741 1457/833/741
f 1458/835/742 1454/856/742 1457/833/742
f 492/858/743 513/859/743 507/860/743
f 1646/775/744 1644/861/744 1643/842/744
f 1035/862/745 1036/863/745 1028/864/745
f 1311/852/746 1312/865/746 1313/853/746
f 1454/856/747 1455/866/747 1456/857/747
f 1674/867/748 1675/868/748 1676/869/748
f 1450/870/749 1449/871/749 1452/872/749
f 1943/873/750 1940/874/750 1942/875/750
f 1942/875/751 1940/874/751 1941/876/751
f 1628/839/752 1624/877/752 1627/840/752
f 1652/841/753 1644/861/753 1646/775/753
f 1447/878/754 1448/879/754 1449/871/754
f 1449/871/755 1450/870/755 1447/878/755
f 1941/876/756 1940/874/756 1935/880/756
f 495/881/757 494/882/757 491/883/757
f 491/883/758 494/882/758 492/858/758
f 170/884/759 157/885/759 161/886/759
f 1451/887/760 1453/888/760 1448/879/760
f 1451/887/761 1448/879/761 1447/878/761
f 560/889/762 549/890/762 548/891/762
f 1624/877/763 1626/892/763 1627/840/763
f 1627/840/764 1630/893/764 1652/841/764
f 161/886/765 157/885/765 160/894/765
f 170/884/766 171/895/766 158/896/766
f 1658/844/767 1643/842/767 1640/897/767
f 171/895/768 175/898/768 158/896/768
f 1565/899/769 1563/900/769 1564/901/769
f 560/889/770 550/902/770 549/890/770
f 1940/874/771 1939/903/771 1935/880/771
f 66/904/772 68/905/772 67/906/772
f 1334/907/773 1336/908/773 1337/909/773
f 507/860/774 513/859/774 514/910/774
f 1624/877/775 1625/911/775 1626/892/775
f 1627/840/776 1626/892/776 1630/893/776
f 160/894/777 157/885/777 151/912/777
f 1939/903/778 1936/913/778 1935/880/778
f 1935/880/779 1936/913/779 1937/914/779
f 113/915/780 59/916/780 61/917/780
f 61/917/781 63/918/781 64/919/781
f 64/919/782 66/904/782 67/906/782
f 68/905/783 69/920/783 70/921/783
f 64/919/784 63/918/784 65/922/784
f 64/919/785 65/922/785 66/904/785
f 113/915/786 124/923/786 59/916/786
f 62/924/787 60/925/787 59/916/787
f 59/916/788 60/925/788 61/917/788
f 61/917/789 60/925/789 63/918/789
f 63/918/790 60/925/790 65/922/790
f 66/904/791 65/922/791 123/926/791
f 66/904/792 123/926/792 69/920/792
f 59/916/793 124/923/793 62/924/793
f 62/924/794 155/927/794 60/925/794
f 1164/928/795 1139/929/795 1165/930/795
f 123/926/796 173/931/796 69/920/796
f 173/931/797 71/932/797 69/920/797
f 124/923/798 148/933/798 62/924/798
f 157/885/799 149/934/799 151/912/799
f 1652/841/800 1651/935/800 1644/861/800
f 157/885/801 158/896/801 149/934/801
f 1557/936/802 1561/937/802 1563/900/802
f 550/902/803 529/938/803 549/890/803
f 549/890/804 529/938/804 548/891/804
f 548/891/805 529/938/805 528/939/805
f 548/891/806 528/939/806 546/940/806
f 118/941/807 64/919/807 67/906/807
f 613/942/808 631/943/808 615/944/808
f 117/945/809 61/917/809 64/919/809
f 117/945/810 64/919/810 118/941/810
f 69/920/811 71/932/811 70/921/811
f 70/921/812 71/932/812 72/946/812
f 129/947/813 124/923/813 113/915/813
f 1141/948/814 1134/949/814 1164/928/814
f 1134/949/815 1139/929/815 1164/928/815
f 1165/930/816 1139/929/816 1157/950/816
f 62/924/817 148/933/817 155/927/817
f 1334/907/818 1335/951/818 1336/908/818
f 508/952/819 514/910/819 515/953/819
f 151/912/820 149/934/820 147/954/820
f 1644/861/821 1651/935/821 1642/955/821
f 1644/861/822 1642/955/822 1643/842/822
f 1643/842/823 1642/955/823 1640/897/823
f 1640/897/824 1642/955/824 1638/956/824
f 175/898/825 150/957/825 158/896/825
f 158/896/826 150/957/826 149/934/826
f 1563/900/827 1561/937/827 1564/901/827
f 550/902/828 532/958/828 529/938/828
f 619/959/829 633/960/829 620/961/829
f 1936/913/830 1938/962/830 1937/914/830
f 70/921/831 72/946/831 114/963/831
f 71/932/832 73/964/832 72/946/832
f 130/965/833 124/923/833 129/947/833
f 1139/929/834 1144/966/834 1157/950/834
f 130/965/835 132/967/835 131/968/835
f 130/965/836 131/968/836 124/923/836
f 1157/950/837 1144/966/837 1160/969/837
f 73/964/838 71/932/838 78/970/838
f 71/932/839 173/931/839 78/970/839
f 1146/971/840 1142/972/840 1141/948/840
f 134/973/841 133/974/841 132/967/841
f 132/967/842 133/974/842 131/968/842
f 131/968/843 154/975/843 124/923/843
f 124/923/844 154/975/844 148/933/844
f 1258/976/845 1255/977/845 1257/978/845
f 1255/977/846 1256/979/846 1257/978/846
f 1626/892/847 1632/980/847 1631/981/847
f 1626/892/848 1631/981/848 1630/893/848
f 147/954/849 144/982/849 164/983/849
f 149/934/850 146/984/850 147/954/850
f 147/954/851 146/984/851 144/982/851
f 1638/956/852 1639/985/852 1640/897/852
f 1640/897/853 1639/985/853 1657/986/853
f 149/934/854 150/957/854 146/984/854
f 1557/936/855 1559/987/855 1561/937/855
f 550/902/856 557/988/856 532/958/856
f 528/939/857 533/989/857 546/940/857
f 533/989/858 540/990/858 546/940/858
f 546/940/859 540/990/859 547/991/859
f 615/944/860 614/992/860 613/942/860
f 72/946/861 74/993/861 114/963/861
f 72/946/862 73/964/862 74/993/862
f 1139/929/863 1138/994/863 1144/966/863
f 73/964/864 75/995/864 74/993/864
f 130/965/865 136/996/865 132/967/865
f 1141/948/866 1132/997/866 1134/949/866
f 1166/998/867 1160/969/867 1162/999/867
f 73/964/868 78/970/868 75/995/868
f 136/996/869 134/973/869 132/967/869
f 1142/972/870 1132/997/870 1141/948/870
f 174/1000/871 162/1001/871 139/1002/871
f 174/1000/872 139/1002/872 136/996/872
f 135/1003/873 133/974/873 134/973/873
f 133/974/874 159/1004/874 131/968/874
f 131/968/875 159/1004/875 154/975/875
f 136/996/876 135/1003/876 134/973/876
f 135/1003/877 156/1005/877 133/974/877
f 133/974/878 156/1005/878 159/1004/878
f 139/1002/879 138/1006/879 136/996/879
f 138/1006/880 137/1007/880 136/996/880
f 136/996/881 137/1007/881 135/1003/881
f 142/1008/882 156/1005/882 135/1003/882
f 163/1009/883 141/1010/883 162/1001/883
f 162/1001/884 141/1010/884 139/1002/884
f 135/1003/885 137/1007/885 142/1008/885
f 141/1010/886 140/1011/886 139/1002/886
f 627/1012/887 634/1013/887 628/1014/887
f 164/983/888 144/982/888 163/1009/888
f 163/1009/889 144/982/889 141/1010/889
f 144/982/890 143/1015/890 141/1010/890
f 144/982/891 145/1016/891 143/1015/891
f 146/984/892 145/1016/892 144/982/892
f 1172/1017/893 1154/1018/893 1155/1019/893
f 1172/1017/894 1155/1019/894 1158/1020/894
f 150/957/895 168/1021/895 146/984/895
f 1657/986/896 1639/985/896 1653/1022/896
f 1559/987/897 1562/1023/897 1561/937/897
f 595/1024/898 590/1025/898 585/1026/898
f 557/988/899 556/1027/899 532/958/899
f 528/939/900 529/938/900 530/1028/900
f 528/939/901 530/1028/901 533/989/901
f 583/1029/902 586/1030/902 566/1031/902
f 547/991/903 540/990/903 555/1032/903
f 109/1033/904 74/993/904 108/1034/904
f 1138/994/905 1143/1035/905 1144/966/905
f 1144/966/906 1143/1035/906 1145/1036/906
f 1144/966/907 1145/1036/907 1159/1037/907
f 1134/949/908 1138/994/908 1139/929/908
f 1144/966/909 1159/1037/909 1160/969/909
f 1160/969/910 1159/1037/910 1161/1038/910
f 597/1039/911 629/1040/911 601/1041/911
f 1160/969/912 1161/1038/912 1162/999/912
f 604/1042/913 629/1040/913 597/1039/913
f 1136/1043/914 1132/997/914 1142/972/914
f 1162/999/915 1167/1044/915 1166/998/915
f 78/970/916 111/1045/916 75/995/916
f 1137/1046/917 1128/1047/917 1136/1043/917
f 605/1048/918 630/1049/918 604/1042/918
f 605/1048/919 624/1050/919 630/1049/919
f 627/1012/920 628/1014/920 625/1051/920
f 139/1002/921 140/1011/921 138/1006/921
f 1170/1052/922 1122/1053/922 1171/1054/922
f 1625/911/923 1636/1055/923 1626/892/923
f 1626/892/924 1636/1055/924 1632/980/924
f 141/1010/925 143/1015/925 140/1011/925
f 143/1015/926 145/1016/926 140/1011/926
f 1638/956/927 1641/1056/927 1639/985/927
f 1155/1019/928 1152/1057/928 1158/1020/928
f 108/1034/929 74/993/929 77/1058/929
f 108/1034/930 77/1058/930 79/1059/930
f 396/1060/931 394/1061/931 393/1062/931
f 1134/949/932 1131/1063/932 1138/994/932
f 74/993/933 76/1064/933 77/1058/933
f 1132/997/934 1131/1063/934 1134/949/934
f 74/993/935 75/995/935 76/1064/935
f 75/995/936 111/1045/936 76/1064/936
f 604/1042/937 597/1039/937 600/1065/937
f 1128/1047/938 1129/1066/938 1136/1043/938
f 1125/1067/939 1126/1068/939 1128/1047/939
f 625/1051/940 624/1050/940 606/1069/940
f 1117/1070/941 1119/1071/941 1140/1072/941
f 1335/951/942 1338/1073/942 1336/908/942
f 1122/1053/943 1117/1070/943 1140/1072/943
f 1171/1054/944 1122/1053/944 1140/1072/944
f 1020/1074/945 1014/1075/945 1019/1076/945
f 1124/1077/946 1122/1053/946 1170/1052/946
f 1148/1078/947 1124/1077/947 1158/1020/947
f 1651/935/948 1645/1079/948 1642/955/948
f 1158/1020/949 1152/1057/949 1148/1078/949
f 1638/956/950 1642/955/950 1645/1079/950
f 1155/1019/951 1151/1080/951 1152/1057/951
f 1154/1018/952 1151/1080/952 1155/1019/952
f 529/938/953 532/958/953 531/1081/953
f 533/989/954 537/1082/954 540/990/954
f 618/1083/955 642/1084/955 612/1085/955
f 540/990/956 537/1082/956 555/1032/956
f 621/1086/957 603/1087/957 610/1088/957
f 1131/1063/958 1135/1089/958 1138/994/958
f 1138/994/959 1135/1089/959 1143/1035/959
f 393/1062/960 394/1061/960 395/1090/960
f 395/1090/961 401/1091/961 402/1092/961
f 401/1091/962 403/1093/962 402/1092/962
f 76/1064/963 80/1094/963 79/1059/963
f 77/1058/964 76/1064/964 79/1059/964
f 597/1039/965 598/1095/965 599/1096/965
f 1132/997/966 1129/1066/966 1131/1063/966
f 1161/1038/967 1163/1097/967 1162/999/967
f 80/1094/968 76/1064/968 81/1098/968
f 1136/1043/969 1129/1066/969 1132/997/969
f 1162/999/970 1168/1099/970 1167/1044/970
f 1167/1044/971 1168/1099/971 1169/1100/971
f 111/1045/972 177/1101/972 110/1102/972
f 111/1045/973 110/1102/973 76/1064/973
f 76/1064/974 110/1102/974 82/1103/974
f 76/1064/975 82/1103/975 81/1098/975
f 1126/1068/976 1127/1104/976 1128/1047/976
f 1128/1047/977 1127/1104/977 1129/1066/977
f 110/1102/978 179/1105/978 82/1103/978
f 606/1069/979 605/1048/979 600/1065/979
f 1119/1071/980 1121/1106/980 1125/1067/980
f 1152/1057/981 1151/1080/981 1148/1078/981
f 1638/956/982 1645/1079/982 1641/1056/982
f 1639/985/983 1641/1056/983 1653/1022/983
f 556/1027/984 545/1107/984 532/958/984
f 529/938/985 531/1081/985 530/1028/985
f 395/1090/986 399/1108/986 401/1091/986
f 745/1109/987 738/1110/987 726/1111/987
f 1131/1063/988 1133/1112/988 1135/1089/988
f 396/1060/989 397/1113/989 394/1061/989
f 394/1061/990 398/1114/990 395/1090/990
f 116/1115/991 80/1094/991 98/1116/991
f 80/1094/992 84/1117/992 98/1116/992
f 1129/1066/993 1130/1118/993 1131/1063/993
f 1163/1097/994 1168/1099/994 1162/999/994
f 81/1098/995 84/1117/995 80/1094/995
f 1129/1066/996 1127/1104/996 1130/1118/996
f 84/1117/997 81/1098/997 85/1119/997
f 1167/1044/998 1169/1100/998 1173/1120/998
f 177/1101/999 179/1105/999 110/1102/999
f 81/1098/1000 82/1103/1000 83/1121/1000
f 81/1098/1001 83/1121/1001 85/1119/1001
f 1125/1067/1002 1121/1106/1002 1126/1068/1002
f 179/1105/1003 178/1122/1003 82/1103/1003
f 82/1103/1004 178/1122/1004 153/1123/1004
f 82/1103/1005 153/1123/1005 83/1121/1005
f 1118/1124/1006 1120/1125/1006 1119/1071/1006
f 1119/1071/1007 1120/1125/1007 1121/1106/1007
f 1335/951/1008 1339/1126/1008 1338/1073/1008
f 1117/1070/1009 1118/1124/1009 1119/1071/1009
f 1122/1053/1010 1118/1124/1010 1117/1070/1010
f 1148/1078/1011 1147/1127/1011 1124/1077/1011
f 1651/935/1012 1660/1128/1012 1645/1079/1012
f 533/989/1013 535/1129/1013 536/1130/1013
f 1974/1131/1014 1976/1132/1014 1977/1133/1014
f 1974/1131/1015 1975/1134/1015 1976/1132/1015
f 623/1135/1016 602/1136/1016 621/1086/1016
f 259/1137/1017 258/1138/1017 257/1139/1017
f 396/1060/1018 452/1140/1018 397/1113/1018
f 394/1061/1019 397/1113/1019 398/1114/1019
f 1131/1063/1020 1130/1118/1020 1133/1112/1020
f 98/1116/1021 84/1117/1021 99/1141/1021
f 99/1141/1022 84/1117/1022 87/1142/1022
f 84/1117/1023 85/1119/1023 86/1143/1023
f 153/1123/1024 165/1144/1024 83/1121/1024
f 83/1121/1025 127/1145/1025 85/1119/1025
f 1122/1053/1026 1123/1146/1026 1118/1124/1026
f 1122/1053/1027 1124/1077/1027 1123/1146/1027
f 1632/980/1028 1633/1147/1028 1631/981/1028
f 1124/1077/1029 1147/1127/1029 1123/1146/1029
f 1148/1078/1030 1149/1148/1030 1147/1127/1030
f 1150/1149/1031 1149/1148/1031 1148/1078/1031
f 1156/1150/1032 1150/1149/1032 1154/1018/1032
f 1151/1080/1033 1150/1149/1033 1148/1078/1033
f 584/1151/1034 571/1152/1034 592/1153/1034
f 532/958/1035 545/1107/1035 531/1081/1035
f 530/1028/1036 534/1154/1036 535/1129/1036
f 564/1155/1037 562/1156/1037 561/1157/1037
f 561/1157/1038 562/1156/1038 563/1158/1038
f 562/1156/1039 565/1159/1039 563/1158/1039
f 565/1159/1040 567/1160/1040 563/1158/1040
f 565/1159/1041 577/1161/1041 567/1160/1041
f 563/1158/1042 567/1160/1042 572/1162/1042
f 567/1160/1043 573/1163/1043 572/1162/1043
f 572/1162/1044 573/1163/1044 574/1164/1044
f 572/1162/1045 574/1164/1045 575/1165/1045
f 573/1163/1046 567/1160/1046 576/1166/1046
f 452/1140/1047 400/1167/1047 397/1113/1047
f 598/1095/1048 602/1136/1048 623/1135/1048
f 573/1163/1049 576/1166/1049 574/1164/1049
f 98/1116/1050 99/1141/1050 120/1168/1050
f 99/1141/1051 121/1169/1051 120/1168/1051
f 121/1169/1052 99/1141/1052 119/1170/1052
f 406/1171/1053 407/1172/1053 408/1173/1053
f 408/1173/1054 409/1174/1054 410/1175/1054
f 410/1175/1055 409/1174/1055 411/1176/1055
f 411/1176/1056 409/1174/1056 412/1177/1056
f 84/1117/1057 86/1143/1057 87/1142/1057
f 411/1176/1058 412/1177/1058 413/1178/1058
f 1118/1124/1059 1123/1146/1059 1120/1125/1059
f 83/1121/1060 169/1179/1060 127/1145/1060
f 85/1119/1061 127/1145/1061 86/1143/1061
f 1634/1180/1062 1632/980/1062 1636/1055/1062
f 1014/1075/1063 1017/1181/1063 1019/1076/1063
f 1634/1180/1064 1633/1147/1064 1632/980/1064
f 1641/1056/1065 1654/1182/1065 1655/1183/1065
f 571/1152/1066 564/1155/1066 569/1184/1066
f 569/1184/1067 564/1155/1067 568/1185/1067
f 564/1155/1068 561/1157/1068 568/1185/1068
f 535/1129/1069 538/1186/1069 536/1130/1069
f 541/1187/1070 544/1188/1070 551/1189/1070
f 744/1190/1071 731/1191/1071 730/1192/1071
f 119/1170/1072 99/1141/1072 87/1142/1072
f 119/1170/1073 87/1142/1073 103/1193/1073
f 412/1177/1074 414/1194/1074 413/1178/1074
f 86/1143/1075 88/1195/1075 87/1142/1075
f 413/1178/1076 415/1196/1076 416/1197/1076
f 86/1143/1077 100/1198/1077 88/1195/1077
f 416/1197/1078 415/1196/1078 417/1199/1078
f 416/1197/1079 417/1199/1079 418/1200/1079
f 418/1200/1080 417/1199/1080 419/1201/1080
f 86/1143/1081 127/1145/1081 128/1202/1081
f 86/1143/1082 128/1202/1082 100/1198/1082
f 1008/1203/1083 1007/1204/1083 1014/1075/1083
f 25/1205/1084 10/1206/1084 12/1207/1084
f 14/1208/1085 12/1207/1085 13/1209/1085
f 1654/1182/1086 1656/1210/1086 1655/1183/1086
f 536/1130/1087 543/1211/1087 542/1212/1087
f 536/1130/1088 542/1212/1088 541/1187/1088
f 541/1187/1089 542/1212/1089 544/1188/1089
f 551/1189/1090 544/1188/1090 552/1213/1090
f 552/1213/1091 544/1188/1091 553/1214/1091
f 553/1214/1092 558/1215/1092 559/1216/1092
f 103/1193/1093 87/1142/1093 89/1217/1093
f 103/1193/1094 89/1217/1094 115/1218/1094
f 412/1177/1095 453/1219/1095 414/1194/1095
f 414/1194/1096 415/1196/1096 413/1178/1096
f 87/1142/1097 88/1195/1097 89/1217/1097
f 417/1199/1098 420/1220/1098 419/1201/1098
f 419/1201/1099 420/1220/1099 421/1221/1099
f 88/1195/1100 100/1198/1100 101/1222/1100
f 419/1201/1101 421/1221/1101 428/1223/1101
f 428/1223/1102 421/1221/1102 424/1224/1102
f 1014/1075/1103 1007/1204/1103 1017/1181/1103
f 52/1225/1104 49/1226/1104 58/1227/1104
f 538/1186/1105 543/1211/1105 536/1130/1105
f 544/1188/1106 554/1228/1106 553/1214/1106
f 553/1214/1107 554/1228/1107 558/1215/1107
f 115/1218/1108 89/1217/1108 90/1229/1108
f 88/1195/1109 91/1230/1109 90/1229/1109
f 89/1217/1110 88/1195/1110 90/1229/1110
f 88/1195/1111 101/1222/1111 91/1230/1111
f 421/1221/1112 423/1231/1112 424/1224/1112
f 100/1198/1113 128/1202/1113 101/1222/1113
f 1634/1180/1114 1635/1232/1114 1633/1147/1114
f 49/1226/1115 33/1233/1115 50/1234/1115
f 50/1234/1116 33/1233/1116 35/1235/1116
f 50/1234/1117 35/1235/1117 36/1236/1117
f 475/1237/1118 431/1238/1118 447/1239/1118
f 90/1229/1119 91/1230/1119 92/1240/1119
f 415/1196/1120 431/1238/1120 417/1199/1120
f 417/1199/1121 429/1241/1121 420/1220/1121
f 1008/1203/1122 1006/1242/1122 1007/1204/1122
f 421/1221/1123 420/1220/1123 422/1243/1123
f 421/1221/1124 422/1243/1124 423/1231/1124
f 101/1222/1125 180/1244/1125 91/1230/1125
f 423/1231/1126 425/1245/1126 424/1224/1126
f 128/1202/1127 180/1244/1127 101/1222/1127
f 55/1246/1128 48/1247/1128 52/1225/1128
f 52/1225/1129 48/1247/1129 49/1226/1129
f 49/1226/1130 48/1247/1130 33/1233/1130
f 35/1235/1131 34/1248/1131 36/1236/1131
f 36/1236/1132 34/1248/1132 37/1249/1132
f 42/1250/1133 56/1251/1133 57/1252/1133
f 112/1253/1134 90/1229/1134 93/1254/1134
f 90/1229/1135 92/1240/1135 93/1254/1135
f 1348/1255/1136 1347/1256/1136 1346/1257/1136
f 93/1254/1137 92/1240/1137 94/1258/1137
f 1008/1203/1138 1010/1259/1138 1006/1242/1138
f 92/1240/1139 91/1230/1139 172/1260/1139
f 420/1220/1140 440/1261/1140 422/1243/1140
f 1007/1204/1141 999/1262/1141 1018/1263/1141
f 1007/1204/1142 1018/1263/1142 1017/1181/1142
f 1550/1264/1143 1545/1265/1143 1549/1266/1143
f 423/1231/1144 426/1267/1144 425/1245/1144
f 55/1246/1145 47/1268/1145 48/1247/1145
f 112/1253/1146 93/1254/1146 95/1269/1146
f 1009/1270/1147 1005/1271/1147 1015/1272/1147
f 1005/1271/1148 1010/1259/1148 1015/1272/1148
f 93/1254/1149 94/1258/1149 95/1269/1149
f 95/1269/1150 94/1258/1150 96/1273/1150
f 998/1274/1151 1006/1242/1151 1005/1271/1151
f 1005/1271/1152 1006/1242/1152 1010/1259/1152
f 432/1275/1153 430/1276/1153 433/1277/1153
f 92/1240/1154 126/1278/1154 94/1258/1154
f 94/1258/1155 97/1279/1155 96/1273/1155
f 172/1260/1156 126/1278/1156 92/1240/1156
f 94/1258/1157 126/1278/1157 97/1279/1157
f 422/1243/1158 427/1280/1158 423/1231/1158
f 425/1245/1159 426/1267/1159 430/1276/1159
f 425/1245/1160 430/1276/1160 432/1275/1160
f 1006/1242/1161 999/1262/1161 1007/1204/1161
f 1545/1265/1162 1546/1281/1162 1549/1266/1162
f 55/1246/1163 54/1282/1163 47/1268/1163
f 1016/1283/1164 1009/1270/1164 1015/1272/1164
f 755/1284/1165 758/1285/1165 757/1286/1165
f 430/1276/1166 434/1287/1166 433/1277/1166
f 97/1279/1167 125/1288/1167 96/1273/1167
f 998/1274/1168 997/1289/1168 999/1262/1168
f 998/1274/1169 999/1262/1169 1006/1242/1169
f 423/1231/1170 427/1280/1170 426/1267/1170
f 126/1278/1171 166/1290/1171 97/1279/1171
f 48/1247/1172 47/1268/1172 33/1233/1172
f 33/1233/1173 34/1248/1173 35/1235/1173
f 34/1248/1174 41/1291/1174 37/1249/1174
f 37/1249/1175 41/1291/1175 42/1250/1175
f 42/1250/1176 41/1291/1176 56/1251/1176
f 102/1292/1177 96/1273/1177 104/1293/1177
f 1009/1270/1178 1002/1294/1178 1005/1271/1178
f 96/1273/1179 105/1295/1179 104/1293/1179
f 1002/1294/1180 998/1274/1180 1005/1271/1180
f 430/1276/1181 437/1296/1181 434/1287/1181
f 96/1273/1182 125/1288/1182 105/1295/1182
f 1002/1294/1183 996/1297/1183 998/1274/1183
f 451/1298/1184 437/1296/1184 430/1276/1184
f 433/1277/1185 434/1287/1185 435/1299/1185
f 435/1299/1186 434/1287/1186 436/1300/1186
f 996/1297/1187 997/1289/1187 998/1274/1187
f 448/1301/1188 451/1298/1188 426/1267/1188
f 426/1267/1189 451/1298/1189 430/1276/1189
f 435/1299/1190 436/1300/1190 439/1302/1190
f 166/1290/1191 125/1288/1191 97/1279/1191
f 1542/1303/1192 1543/1304/1192 1545/1265/1192
f 1545/1265/1193 1543/1304/1193 1546/1281/1193
f 54/1282/1194 53/1305/1194 47/1268/1194
f 47/1268/1195 45/1306/1195 33/1233/1195
f 45/1306/1196 38/1307/1196 33/1233/1196
f 896/1308/1197 902/1309/1197 903/1310/1197
f 104/1293/1198 105/1295/1198 106/1311/1198
f 105/1295/1199 107/1312/1199 106/1311/1199
f 105/1295/1200 152/1313/1200 107/1312/1200
f 125/1288/1201 167/1314/1201 105/1295/1201
f 996/1297/1202 1000/1315/1202 997/1289/1202
f 166/1290/1203 181/1316/1203 125/1288/1203
f 1540/1317/1204 1541/1318/1204 1542/1303/1204
f 38/1307/1205 34/1248/1205 33/1233/1205
f 1011/1319/1206 1002/1294/1206 1009/1270/1206
f 1002/1294/1207 1001/1320/1207 996/1297/1207
f 105/1295/1208 167/1314/1208 152/1313/1208
f 1001/1320/1209 1000/1315/1209 996/1297/1209
f 436/1300/1210 441/1321/1210 439/1302/1210
f 439/1302/1211 441/1321/1211 442/1322/1211
f 442/1322/1212 445/1323/1212 455/1324/1212
f 1539/1325/1213 1541/1318/1213 1540/1317/1213
f 464/1326/1214 458/1327/1214 436/1300/1214
f 1003/1328/1215 1001/1320/1215 1002/1294/1215
f 445/1323/1216 446/1329/1216 455/1324/1216
f 167/1314/1217 176/1330/1217 152/1313/1217
f 53/1305/1218 46/1331/1218 47/1268/1218
f 46/1331/1219 45/1306/1219 47/1268/1219
f 39/1332/1220 40/1333/1220 34/1248/1220
f 34/1248/1221 40/1333/1221 41/1291/1221
f 1012/1334/1222 1003/1328/1222 1002/1294/1222
f 1012/1334/1223 1002/1294/1223 1011/1319/1223
f 1535/1335/1224 1537/1336/1224 1538/1337/1224
f 1543/1304/1225 1548/1338/1225 1551/1339/1225
f 1538/1337/1226 1537/1336/1226 1539/1325/1226
f 1537/1336/1227 1544/1340/1227 1539/1325/1227
f 1539/1325/1228 1544/1340/1228 1541/1318/1228
f 1541/1318/1229 1544/1340/1229 1543/1304/1229
f 442/1322/1230 444/1341/1230 445/1323/1230
f 38/1307/1231 39/1332/1231 34/1248/1231
f 1003/1328/1232 1004/1342/1232 1001/1320/1232
f 1544/1340/1233 1547/1343/1233 1548/1338/1233
f 444/1341/1234 446/1329/1234 445/1323/1234
f 53/1305/1235 51/1344/1235 46/1331/1235
f 1013/1345/1236 1003/1328/1236 1012/1334/1236
f 1013/1345/1237 1004/1342/1237 1003/1328/1237
f 1535/1335/1238 1536/1346/1238 1537/1336/1238
f 1536/1346/1239 1544/1340/1239 1537/1336/1239
f 444/1341/1240 449/1347/1240 446/1329/1240
f 46/1331/1241 44/1348/1241 45/1306/1241
f 45/1306/1242 44/1348/1242 38/1307/1242
f 51/1344/1243 44/1348/1243 46/1331/1243
f 38/1307/1244 43/1349/1244 39/1332/1244
f 44/1348/1245 43/1349/1245 38/1307/1245
f 1533/1350/1246 1534/1351/1246 1535/1335/1246
f 1535/1335/1247 1534/1351/1247 1536/1346/1247
f 312/1352/1248 303/1353/1248 296/1354/1248
f 300/1355/1249 312/1352/1249 296/1354/1249
f 289/1356/1250 300/1355/1250 296/1354/1250
f 296/1354/1251 303/1353/1251 273/1357/1251
f 274/1358/1252 296/1354/1252 273/1357/1252
f 289/1356/1253 296/1354/1253 274/1358/1253
f 1874/1359/1254 1873/43/1254 1871/42/1254
f 1289/25/1255 1288/11/1255 1287/5/1255
f 312/1352/1256 313/1360/1256 304/1361/1256
f 303/1353/1257 312/1352/1257 304/1361/1257
f 273/1357/1258 303/1353/1258 301/76/1258
f 289/1356/1259 274/1358/1259 275/55/1259
f 1577/17/1260 1575/18/1260 1576/59/1260
f 790/1362/1261 792/1363/1261 791/1364/1261
f 795/1365/1262 790/1362/1262 789/1366/1262
f 795/1365/1263 789/1366/1263 797/1367/1263
f 799/1368/1264 795/1365/1264 797/1367/1264
f 1433/1369/1265 1437/1370/1265 1421/1371/1265
f 303/1353/1266 304/1361/1266 301/76/1266
f 289/1356/1267 275/55/1267 286/54/1267
f 789/1366/1268 790/1362/1268 791/1364/1268
f 789/1366/1269 791/1364/1269 793/1372/1269
f 797/1367/1270 789/1366/1270 793/1372/1270
f 1584/38/1271 1585/51/1271 1586/64/1271
f 304/1361/1272 305/1373/1272 302/1374/1272
f 304/1361/1273 302/1374/1273 301/76/1273
f 273/1357/1274 301/76/1274 269/77/1274
f 271/99/1275 274/1358/1275 273/1357/1275
f 275/55/1276 274/1358/1276 271/99/1276
f 288/1375/1277 290/1376/1277 287/57/1277
f 1574/60/1278 1575/18/1278 1573/92/1278
f 797/1367/1279 793/1372/1279 798/188/1279
f 802/1377/1280 797/1367/1280 798/188/1280
f 803/1378/1281 799/1368/1281 797/1367/1281
f 976/34/1282 974/52/1282 973/1379/1282
f 1403/1380/1283 1405/1381/1283 1384/1382/1283
f 273/1357/1284 269/77/1284 271/99/1284
f 1851/46/1285 1848/12/1285 1846/27/1285
f 288/1375/1286 287/57/1286 284/56/1286
f 1863/69/1287 1825/58/1287 1864/85/1287
f 793/1372/1288 791/1364/1288 794/1383/1288
f 803/1378/1289 797/1367/1289 802/1377/1289
f 1421/1371/1290 1430/1384/1290 1414/1385/1290
f 1414/1385/1291 1430/1384/1291 1431/1386/1291
f 302/1374/1292 306/72/1292 298/74/1292
f 301/76/1293 302/1374/1293 298/74/1293
f 1403/1380/1294 1384/1382/1294 1399/1387/1294
f 276/159/1295 275/55/1295 271/99/1295
f 276/159/1296 271/99/1296 278/157/1296
f 284/56/1297 275/55/1297 276/159/1297
f 288/1375/1298 284/56/1298 293/1388/1298
f 299/1389/1299 288/1375/1299 293/1388/1299
f 1944/141/1300 1946/143/1300 1947/1390/1300
f 1944/141/1301 1947/1390/1301 1948/1391/1301
f 1216/109/1302 1213/89/1302 1215/91/1302
f 662/1392/1303 661/1393/1303 651/1394/1303
f 1572/93/1304 1573/92/1304 1570/116/1304
f 804/1395/1305 802/1377/1305 798/188/1305
f 803/1378/1306 802/1377/1306 808/253/1306
f 1423/1396/1307 1433/1369/1307 1421/1371/1307
f 973/1379/1308 974/52/1308 975/1397/1308
f 975/1397/1309 974/52/1309 978/1398/1309
f 1399/1387/1310 1384/1382/1310 1389/1399/1310
f 278/157/1311 271/99/1311 270/98/1311
f 282/138/1312 284/56/1312 276/159/1312
f 293/1388/1313 284/56/1313 291/140/1313
f 291/140/1314 284/56/1314 282/138/1314
f 294/1400/1315 293/1388/1315 291/140/1315
f 1216/109/1316 1215/91/1316 1219/1401/1316
f 1219/1401/1317 1215/91/1317 1218/1402/1317
f 1215/91/1318 1214/90/1318 1218/1402/1318
f 1517/1403/1319 1515/113/1319 1512/115/1319
f 793/1372/1320 794/1383/1320 796/1404/1320
f 661/1393/1321 649/1405/1321 651/1394/1321
f 1569/118/1322 1567/119/1322 1566/1406/1322
f 793/1372/1323 800/186/1323 798/188/1323
f 808/253/1324 802/1377/1324 804/1395/1324
f 811/1407/1325 803/1378/1325 808/253/1325
f 979/1408/1326 973/1379/1326 975/1397/1326
f 1389/1399/1327 1384/1382/1327 1383/1409/1327
f 270/98/1328 269/77/1328 272/97/1328
f 349/137/1329 354/136/1329 355/145/1329
f 355/145/1330 356/144/1330 387/1410/1330
f 1527/148/1331 1529/150/1331 1528/169/1331
f 1472/170/1332 1476/106/1332 1477/105/1332
f 964/176/1333 970/1411/1333 968/173/1333
f 652/228/1334 651/1394/1334 647/229/1334
f 651/1394/1335 649/1405/1335 647/229/1335
f 647/229/1336 649/1405/1336 645/181/1336
f 649/1405/1337 650/1412/1337 645/181/1337
f 645/181/1338 650/1412/1338 666/179/1338
f 793/1372/1339 796/1404/1339 800/186/1339
f 1566/1406/1340 1567/119/1340 1568/1413/1340
f 854/1414/1341 848/125/1341 847/124/1341
f 804/1395/1342 798/188/1342 805/187/1342
f 808/253/1343 804/1395/1343 810/251/1343
f 1422/1415/1344 1414/1385/1344 1431/1386/1344
f 1389/1399/1345 1383/1409/1345 1391/1416/1345
f 1383/1409/1346 1384/1382/1346 1381/1417/1346
f 360/257/1347 353/135/1347 348/163/1347
f 348/163/1348 349/137/1348 347/214/1348
f 347/214/1349 349/137/1349 355/145/1349
f 387/1410/1350 392/1418/1350 357/215/1350
f 355/145/1351 387/1410/1351 357/215/1351
f 1528/169/1352 1529/150/1352 1530/1419/1352
f 1261/224/1353 1263/1420/1353 1262/222/1353
f 1220/1421/1354 1219/1401/1354 1218/1402/1354
f 1222/1422/1355 1219/1401/1355 1220/1421/1355
f 1220/1421/1356 1218/1402/1356 1221/1423/1356
f 800/186/1357 796/1404/1357 801/232/1357
f 647/229/1358 645/181/1358 644/1424/1358
f 1516/182/1359 1517/1403/1359 1512/115/1359
f 1187/1425/1360 1193/185/1360 1201/184/1360
f 1959/1426/1361 1960/1427/1361 1961/242/1361
f 810/251/1362 804/1395/1362 805/187/1362
f 993/1428/1363 991/200/1363 995/204/1363
f 1423/1396/1364 1421/1371/1364 1411/1429/1364
f 1411/1429/1365 1421/1371/1365 1414/1385/1365
f 1422/1415/1366 1431/1386/1366 1429/1430/1366
f 1383/1409/1367 1381/1417/1367 1380/1431/1367
f 357/215/1368 392/1418/1368 391/1432/1368
f 194/103/1369 186/164/1369 193/147/1369
f 955/1433/1370 924/1434/1370 929/1435/1370
f 954/1436/1371 955/1433/1371 929/1435/1371
f 1227/1437/1372 1217/108/1372 1226/1438/1372
f 1226/1438/1373 1217/108/1373 1225/1439/1373
f 1217/108/1374 1216/109/1374 1225/1439/1374
f 1216/109/1375 1219/1401/1375 1225/1439/1375
f 1225/1439/1376 1219/1401/1376 1222/1422/1376
f 1188/367/1377 1193/185/1377 1187/1425/1377
f 800/186/1378 801/232/1378 806/231/1378
f 644/1424/1379 645/181/1379 646/391/1379
f 1187/1425/1380 1201/184/1380 1202/1440/1380
f 805/187/1381 800/186/1381 806/231/1381
f 831/265/1382 826/120/1382 830/245/1382
f 826/120/1383 831/265/1383 846/152/1383
f 1778/1441/1384 1774/237/1384 1776/239/1384
f 810/251/1385 805/187/1385 812/1442/1385
f 985/249/1386 991/200/1386 993/1428/1386
f 698/1443/1387 707/1444/1387 701/1445/1387
f 701/1445/1388 707/1444/1388 708/1446/1388
f 701/1445/1389 708/1446/1389 700/1447/1389
f 1414/1385/1390 1422/1415/1390 1409/1448/1390
f 979/1408/1391 975/1397/1391 980/1449/1391
f 1391/1416/1392 1383/1409/1392 1390/1450/1392
f 1390/1450/1393 1383/1409/1393 1380/1431/1393
f 278/157/1394 270/98/1394 277/426/1394
f 357/215/1395 391/1432/1395 374/360/1395
f 1844/83/1396 1854/101/1396 1841/301/1396
f 193/147/1397 186/164/1397 191/302/1397
f 193/147/1398 191/302/1398 217/166/1398
f 930/1451/1399 934/1452/1399 948/1453/1399
f 929/1435/1400 930/1451/1400 948/1453/1400
f 927/1454/1401 930/1451/1401 929/1435/1401
f 929/1435/1402 948/1453/1402 954/1436/1402
f 929/1435/1403 924/1434/1403 923/1455/1403
f 923/1455/1404 924/1434/1404 921/1456/1404
f 1473/262/1405 1472/170/1405 1478/1457/1405
f 653/227/1406 647/229/1406 659/336/1406
f 659/336/1407 647/229/1407 644/1424/1407
f 1192/396/1408 1187/1425/1408 1197/503/1408
f 1187/1425/1409 1202/1440/1409 1197/503/1409
f 809/1458/1410 805/187/1410 806/231/1410
f 1778/1441/1411 1773/314/1411 1774/237/1411
f 1958/241/1412 1959/1426/1412 1961/242/1412
f 812/1442/1413 805/187/1413 809/1458/1413
f 700/1447/1414 705/1459/1414 702/1460/1414
f 1353/286/1415 1354/1461/1415 1360/284/1415
f 1391/1416/1416 1390/1450/1416 1428/1462/1416
f 200/160/1417 196/293/1417 189/212/1417
f 270/98/1418 272/97/1418 277/426/1418
f 1829/100/1419 1831/156/1419 1832/1463/1419
f 279/158/1420 278/157/1420 280/357/1420
f 342/297/1421 371/298/1421 367/329/1421
f 281/300/1422 279/158/1422 280/357/1422
f 358/260/1423 357/215/1423 374/360/1423
f 1841/301/1424 1857/146/1424 1875/427/1424
f 859/363/1425 856/219/1425 866/216/1425
f 927/1454/1426 929/1435/1426 923/1455/1426
f 1222/1422/1427 1220/1421/1427 1223/1464/1427
f 659/336/1428 644/1424/1428 654/1465/1428
f 654/1465/1429 644/1424/1429 646/391/1429
f 1438/311/1430 1439/310/1430 1440/309/1430
f 1438/311/1431 1445/1466/1431 1444/312/1431
f 1188/367/1432 1187/1425/1432 1184/1467/1432
f 646/391/1433 645/181/1433 648/180/1433
f 1184/1467/1434 1187/1425/1434 1186/1468/1434
f 1186/1468/1435 1187/1425/1435 1192/396/1435
f 1186/1468/1436 1192/396/1436 1210/398/1436
f 1197/503/1437 1202/1440/1437 1203/432/1437
f 1957/1469/1438 1959/1426/1438 1958/241/1438
f 809/1458/1439 806/231/1439 813/307/1439
f 838/266/1440 831/265/1440 830/245/1440
f 682/399/1441 702/1460/1441 703/1470/1441
f 683/411/1442 700/1447/1442 702/1460/1442
f 985/249/1443 993/1428/1443 986/1471/1443
f 701/1445/1444 700/1447/1444 695/415/1444
f 849/322/1445 835/246/1445 836/197/1445
f 1418/1472/1446 1424/1473/1446 1415/1474/1446
f 1424/1473/1447 1425/1475/1447 1419/1476/1447
f 1419/1476/1448 1425/1475/1448 1423/1396/1448
f 1419/1476/1449 1423/1396/1449 1411/1429/1449
f 1411/1429/1450 1414/1385/1450 1409/1448/1450
f 1422/1415/1451 1429/1430/1451 1408/1477/1451
f 362/291/1452 361/292/1452 363/423/1452
f 1429/1430/1453 1391/1416/1453 1428/1462/1453
f 272/97/1454 295/256/1454 277/426/1454
f 1380/1431/1455 1381/1417/1455 1382/1478/1455
f 1888/1479/1456 1829/100/1456 1832/1463/1456
f 343/453/1457 342/297/1457 367/329/1457
f 1306/332/1458 1307/331/1458 1308/1480/1458
f 374/360/1459 391/1432/1459 376/362/1459
f 376/362/1460 391/1432/1460 388/1481/1460
f 956/1482/1461 934/1452/1461 928/1483/1461
f 928/1483/1462 934/1452/1462 930/1451/1462
f 928/1483/1463 930/1451/1463 927/1454/1463
f 926/1484/1464 927/1454/1464 923/1455/1464
f 918/1485/1465 923/1455/1465 921/1456/1465
f 1473/262/1466 1478/1457/1466 1479/1486/1466
f 1222/1422/1467 1223/1464/1467 1224/1487/1467
f 659/336/1468 654/1465/1468 663/1488/1468
f 1443/1489/1469 1438/311/1469 1440/309/1469
f 1183/368/1470 1188/367/1470 1184/1467/1470
f 646/391/1471 648/180/1471 657/392/1471
f 1956/1490/1472 1957/1469/1472 1958/241/1472
f 1185/1491/1473 1184/1467/1473 1186/1468/1473
f 682/399/1474 703/1470/1474 681/389/1474
f 703/1470/1475 684/339/1475 681/389/1475
f 851/1492/1476 843/267/1476 838/266/1476
f 1094/1493/1477 1082/1494/1477 1079/344/1477
f 1082/1494/1478 1080/1495/1478 1079/344/1478
f 1747/318/1479 1767/1496/1479 1760/319/1479
f 683/411/1480 702/1460/1480 682/399/1480
f 1756/272/1481 1759/408/1481 1758/274/1481
f 1968/247/1482 1969/248/1482 1967/413/1482
f 983/486/1483 984/250/1483 985/249/1483
f 983/486/1484 985/249/1484 986/1471/1484
f 695/415/1485 700/1447/1485 683/411/1485
f 698/1443/1486 701/1445/1486 695/415/1486
f 1415/1474/1487 1424/1473/1487 1419/1476/1487
f 1408/1477/1488 1429/1430/1488 1427/1497/1488
f 1427/1497/1489 1429/1430/1489 1428/1462/1489
f 1390/1450/1490 1380/1431/1490 1385/1498/1490
f 341/295/1491 342/297/1491 343/453/1491
f 343/453/1492 367/329/1492 366/377/1492
f 189/212/1493 190/294/1493 183/296/1493
f 366/377/1494 367/329/1494 368/355/1494
f 1832/1463/1495 1831/156/1495 1833/358/1495
f 285/1499/1496 281/300/1496 280/357/1496
f 182/299/1497 185/161/1497 183/296/1497
f 926/1484/1498 928/1483/1498 927/1454/1498
f 926/1484/1499 923/1455/1499 925/1500/1499
f 925/1500/1500 923/1455/1500 918/1485/1500
f 918/1485/1501 921/1456/1501 919/1501/1501
f 1228/1502/1502 1226/1438/1502 1225/1439/1502
f 1228/1502/1503 1225/1439/1503 1224/1487/1503
f 1224/1487/1504 1225/1439/1504 1222/1422/1504
f 919/1501/1505 921/1456/1505 922/1503/1505
f 1475/233/1506 1473/262/1506 1479/1486/1506
f 1442/313/1507 1446/1504/1507 1440/309/1507
f 1200/394/1508 1196/366/1508 1189/365/1508
f 1197/503/1509 1203/432/1509 1204/434/1509
f 1183/368/1510 1184/1467/1510 1181/1505/1510
f 1181/1505/1511 1184/1467/1511 1185/1491/1511
f 680/388/1512 683/411/1512 682/399/1512
f 1079/344/1513 1080/1495/1513 1081/345/1513
f 1741/400/1514 1771/315/1514 1779/1506/1514
f 1745/438/1515 1747/318/1515 1746/269/1515
f 1745/438/1516 1767/1496/1516 1747/318/1516
f 1966/276/1517 1968/247/1517 1967/413/1517
f 690/482/1518 698/1443/1518 695/415/1518
f 855/1507/1519 849/322/1519 836/197/1519
f 853/280/1520 855/1507/1520 836/197/1520
f 1419/1476/1521 1411/1429/1521 1410/1508/1521
f 1411/1429/1522 1409/1448/1522 1410/1508/1522
f 361/292/1523 359/258/1523 346/424/1523
f 278/157/1524 277/426/1524 307/425/1524
f 1385/1498/1525 1380/1431/1525 1382/1478/1525
f 182/299/1526 183/296/1526 184/456/1526
f 376/362/1527 388/1481/1527 377/384/1527
f 377/384/1528 388/1481/1528 389/1509/1528
f 191/302/1529 182/299/1529 192/386/1529
f 957/1510/1530 956/1482/1530 928/1483/1530
f 928/1483/1531 926/1484/1531 931/1511/1531
f 931/1511/1532 926/1484/1532 925/1500/1532
f 1446/1504/1533 1443/1489/1533 1440/309/1533
f 654/1465/1534 646/391/1534 655/393/1534
f 1198/397/1535 1192/396/1535 1197/503/1535
f 655/393/1536 657/392/1536 658/477/1536
f 1745/438/1537 1739/1512/1537 1767/1496/1537
f 1915/343/1538 1917/342/1538 1916/1513/1538
f 1950/401/1539 1952/372/1539 1953/405/1539
f 987/487/1540 983/486/1540 986/1471/1540
f 1741/400/1541 1779/1506/1541 1780/490/1541
f 690/482/1542 695/415/1542 689/410/1542
f 1350/1514/1543 1354/1461/1543 1353/286/1543
f 1790/325/1544 1789/376/1544 1787/421/1544
f 1363/326/1545 1364/447/1545 1365/282/1545
f 1416/1515/1546 1418/1472/1546 1415/1474/1546
f 1409/1448/1547 1422/1415/1547 1408/1477/1547
f 343/453/1548 366/377/1548 350/516/1548
f 308/356/1549 278/157/1549 307/425/1549
f 1888/1479/1550 1832/1463/1550 1885/1516/1550
f 677/1517/1551 678/1518/1551 671/461/1551
f 677/1517/1552 671/461/1552 675/463/1552
f 915/1519/1553 925/1500/1553 918/1485/1553
f 920/1520/1554 919/1501/1554 922/1503/1554
f 673/473/1555 670/431/1555 679/390/1555
f 663/1488/1556 654/1465/1556 656/1521/1556
f 1182/475/1557 1189/365/1557 1183/368/1557
f 685/442/1558 680/388/1558 670/431/1558
f 656/1521/1559 654/1465/1559 655/393/1559
f 1199/395/1560 1189/365/1560 1190/474/1560
f 1349/1522/1561 1350/1514/1561 1351/1523/1561
f 1351/1523/1562 1350/1514/1562 1353/286/1562
f 1365/282/1563 1364/447/1563 1357/327/1563
f 1357/327/1564 1351/1523/1564 1353/286/1564
f 1415/1474/1565 1419/1476/1565 1410/1508/1565
f 385/554/1566 363/423/1566 346/424/1566
f 344/452/1567 343/453/1567 345/515/1567
f 1428/1462/1568 1390/1450/1568 1427/1497/1568
f 1427/1497/1569 1390/1450/1569 1394/1524/1569
f 1394/1524/1570 1390/1450/1570 1385/1498/1570
f 345/515/1571 343/453/1571 350/516/1571
f 350/516/1572 366/377/1572 352/518/1572
f 366/377/1573 370/378/1573 372/1525/1573
f 1885/1516/1574 1832/1463/1574 1834/520/1574
f 1834/520/1575 1832/1463/1575 1833/358/1575
f 182/299/1576 184/456/1576 188/559/1576
f 192/386/1577 182/299/1577 188/559/1577
f 957/1510/1578 928/1483/1578 933/1526/1578
f 931/1511/1579 925/1500/1579 932/1527/1579
f 932/1527/1580 925/1500/1580 915/1519/1580
f 915/1519/1581 918/1485/1581 913/1528/1581
f 913/1528/1582 918/1485/1582 919/1501/1582
f 913/1528/1583 919/1501/1583 920/1520/1583
f 673/473/1584 679/390/1584 696/387/1584
f 1247/1529/1585 1254/1530/1585 1248/1531/1585
f 663/1488/1586 656/1521/1586 664/1532/1586
f 1206/545/1587 1204/434/1587 1208/433/1587
f 665/1533/1588 656/1521/1588 655/393/1588
f 1181/1505/1589 1182/475/1589 1183/368/1589
f 1913/1534/1590 1915/343/1590 1914/1535/1590
f 1080/1495/1591 1093/1536/1591 1083/550/1591
f 1914/1535/1592 1915/343/1592 1916/1513/1592
f 1735/1537/1593 1745/438/1593 1743/436/1593
f 1081/345/1594 1080/1495/1594 1083/550/1594
f 1081/345/1595 1083/550/1595 1084/407/1595
f 1615/1538/1596 1616/439/1596 1617/441/1596
f 1965/412/1597 1967/413/1597 1963/511/1597
f 989/1539/1598 983/486/1598 988/488/1598
f 1780/490/1599 1781/483/1599 1741/400/1599
f 1794/420/1600 1788/448/1600 1789/376/1600
f 1788/448/1601 1785/416/1601 1787/421/1601
f 1364/447/1602 1358/553/1602 1357/327/1602
f 1358/553/1603 1351/1523/1603 1357/327/1603
f 1416/1515/1604 1415/1474/1604 1413/1540/1604
f 1417/1541/1605 1416/1515/1605 1413/1540/1605
f 1409/1448/1606 1408/1477/1606 1407/1542/1606
f 352/518/1607 366/377/1607 365/578/1607
f 365/578/1608 366/377/1608 372/1525/1608
f 1394/1524/1609 1385/1498/1609 1392/1543/1609
f 192/386/1610 188/559/1610 195/458/1610
f 958/1544/1611 962/1545/1611 952/1546/1611
f 960/1547/1612 957/1510/1612 933/1526/1612
f 933/1526/1613 928/1483/1613 931/1511/1613
f 941/1548/1614 951/1549/1614 961/1550/1614
f 941/1548/1615 961/1550/1615 942/1551/1615
f 668/462/1616 672/471/1616 676/539/1616
f 676/539/1617 672/471/1617 674/501/1617
f 915/1519/1618 914/1552/1618 932/1527/1618
f 914/1552/1619 915/1519/1619 913/1528/1619
f 1191/1553/1620 1190/474/1620 1182/475/1620
f 1197/503/1621 1204/434/1621 1205/504/1621
f 1205/504/1622 1204/434/1622 1206/545/1622
f 1191/1553/1623 1195/1554/1623 1194/1555/1623
f 1194/1555/1624 1190/474/1624 1191/1553/1624
f 664/1532/1625 656/1521/1625 665/1533/1625
f 1735/1537/1626 1738/1556/1626 1739/1512/1626
f 1737/480/1627 1736/507/1627 1731/435/1627
f 1731/435/1628 1736/507/1628 1732/508/1628
f 1731/435/1629 1732/508/1629 1733/510/1629
f 1735/1537/1630 1739/1512/1630 1745/438/1630
f 1801/1557/1631 1800/1558/1631 1795/419/1631
f 1795/419/1632 1800/1558/1632 1794/420/1632
f 1731/435/1633 1733/510/1633 1735/1537/1633
f 1731/435/1634 1735/1537/1634 1743/436/1634
f 1796/512/1635 1785/416/1635 1788/448/1635
f 1352/1559/1636 1349/1522/1636 1351/1523/1636
f 346/424/1637 344/452/1637 380/555/1637
f 381/609/1638 344/452/1638 345/515/1638
f 381/609/1639 345/515/1639 351/517/1639
f 351/517/1640 352/518/1640 364/576/1640
f 364/576/1641 352/518/1641 365/578/1641
f 365/578/1642 372/1525/1642 373/1560/1642
f 1385/1498/1643 1382/1478/1643 1386/1561/1643
f 184/456/1644 206/519/1644 188/559/1644
f 188/559/1645 203/560/1645 195/458/1645
f 958/1544/1646 952/1546/1646 945/1562/1646
f 945/1562/1647 952/1546/1647 943/1563/1647
f 943/1563/1648 952/1546/1648 951/1549/1648
f 943/1563/1649 951/1549/1649 941/1548/1649
f 914/1552/1650 931/1511/1650 932/1527/1650
f 872/1564/1651 870/496/1651 869/542/1651
f 2014/1565/1652 2015/1566/1652 2016/1567/1652
f 1800/1558/1653 1802/1568/1653 1798/1569/1653
f 1734/509/1654 1738/1556/1654 1735/1537/1654
f 1982/1570/1655 1983/1571/1655 1984/1572/1655
f 1913/1534/1656 1914/1535/1656 1912/1573/1656
f 1800/1558/1657 1798/1569/1657 1794/420/1657
f 1796/512/1658 1798/1569/1658 1802/1568/1658
f 1733/510/1659 1734/509/1659 1735/1537/1659
f 992/1574/1660 989/1539/1660 988/488/1660
f 1794/420/1661 1798/1569/1661 1796/512/1661
f 1794/420/1662 1796/512/1662 1788/448/1662
f 1785/416/1663 1797/513/1663 1782/446/1663
f 1364/447/1664 1362/445/1664 1358/553/1664
f 1415/1474/1665 1410/1508/1665 1413/1540/1665
f 1412/1575/1666 1413/1540/1666 1410/1508/1666
f 1410/1508/1667 1409/1448/1667 1407/1542/1667
f 1410/1508/1668 1407/1542/1668 1406/1576/1668
f 380/555/1669 344/452/1669 381/609/1669
f 383/575/1670 351/517/1670 364/576/1670
f 1408/1477/1671 1427/1497/1671 1400/1577/1671
f 1885/1516/1672 1834/520/1672 1887/654/1672
f 195/458/1673 203/560/1673 205/1578/1673
f 1834/520/1674 1889/522/1674 1887/654/1674
f 331/527/1675 335/534/1675 336/584/1675
f 933/1526/1676 931/1511/1676 914/1552/1676
f 912/1579/1677 933/1526/1677 914/1552/1677
f 912/1579/1678 914/1552/1678 913/1528/1678
f 869/542/1679 870/496/1679 871/543/1679
f 873/544/1680 871/543/1680 874/596/1680
f 1244/1580/1681 1247/1529/1681 1248/1531/1681
f 1211/1581/1682 1198/397/1682 1205/504/1682
f 1911/595/1683 1913/1534/1683 1912/1573/1683
f 1083/550/1684 1093/1536/1684 1089/644/1684
f 1356/1582/1685 1352/1559/1685 1355/552/1685
f 1781/483/1686 1750/572/1686 1744/479/1686
f 1782/446/1687 1797/513/1687 1793/1583/1687
f 1793/1583/1688 1750/572/1688 1781/483/1688
f 1355/552/1689 1352/1559/1689 1351/1523/1689
f 1358/553/1690 1355/552/1690 1351/1523/1690
f 1782/446/1691 1793/1583/1691 1781/483/1691
f 211/451/1692 214/493/1692 215/607/1692
f 381/609/1693 351/517/1693 383/575/1693
f 1427/1497/1694 1394/1524/1694 1401/1584/1694
f 1392/1543/1695 1385/1498/1695 1387/691/1695
f 1387/691/1696 1385/1498/1696 1386/1561/1696
f 1887/654/1697 1889/522/1697 1902/651/1697
f 1229/532/1698 1233/562/1698 1232/1585/1698
f 1230/581/1699 1229/532/1699 1232/1585/1699
f 2051/1586/1700 2050/1587/1700 2049/1588/1700
f 1889/522/1701 1901/565/1701 1893/616/1701
f 958/1544/1702 945/1562/1702 950/1589/1702
f 945/1562/1703 943/1563/1703 944/1590/1703
f 911/1591/1704 960/1547/1704 933/1526/1704
f 911/1591/1705 933/1526/1705 912/1579/1705
f 910/1592/1706 912/1579/1706 913/1528/1706
f 1243/1593/1707 1249/1594/1707 1247/1529/1707
f 1911/595/1708 1912/1573/1708 1900/620/1708
f 1205/504/1709 1206/545/1709 1207/1595/1709
f 1244/1580/1710 1243/1593/1710 1247/1529/1710
f 1797/513/1711 1753/571/1711 1750/572/1711
f 1797/513/1712 1750/572/1712 1793/1583/1712
f 1482/1596/1713 1483/1597/1713 1484/1598/1713
f 1435/1599/1714 1417/1541/1714 1420/1600/1714
f 386/603/1715 385/554/1715 384/574/1715
f 1406/1576/1716 1412/1575/1716 1410/1508/1716
f 211/451/1717 215/607/1717 210/557/1717
f 1407/1542/1718 1408/1477/1718 1400/1577/1718
f 209/579/1719 210/557/1719 212/1601/1719
f 1400/1577/1720 1427/1497/1720 1401/1584/1720
f 1401/1584/1721 1394/1524/1721 1392/1543/1721
f 1387/691/1722 1386/1561/1722 1388/1602/1722
f 1884/699/1723 1885/1516/1723 1886/700/1723
f 1886/700/1724 1885/1516/1724 1887/654/1724
f 2049/1588/1725 2050/1587/1725 2048/639/1725
f 1889/522/1726 1893/616/1726 1902/651/1726
f 2049/1588/1727 2048/639/1727 2023/640/1727
f 328/583/1728 336/584/1728 322/660/1728
f 950/1589/1729 945/1562/1729 944/1590/1729
f 944/1590/1730 943/1563/1730 940/1603/1730
f 943/1563/1731 941/1548/1731 940/1603/1731
f 940/1603/1732 941/1548/1732 911/1591/1732
f 941/1548/1733 942/1551/1733 911/1591/1733
f 910/1592/1734 911/1591/1734 912/1579/1734
f 2034/625/1735 2031/621/1735 2021/618/1735
f 910/1592/1736 913/1528/1736 917/1604/1736
f 1242/1605/1737 1243/1593/1737 1244/1580/1737
f 1482/1596/1738 1490/1606/1738 1483/1597/1738
f 1482/1596/1739 1484/1598/1739 1485/1607/1739
f 1420/1600/1740 1417/1541/1740 1413/1540/1740
f 1420/1600/1741 1413/1540/1741 1412/1575/1741
f 215/607/1742 220/606/1742 216/1608/1742
f 1432/1609/1743 1412/1575/1743 1406/1576/1743
f 210/557/1744 215/607/1744 216/1608/1744
f 210/557/1745 216/1608/1745 212/1601/1745
f 1235/656/1746 1230/581/1746 1232/1585/1746
f 1893/616/1747 1891/615/1747 1890/678/1747
f 1890/678/1748 1891/615/1748 1892/664/1748
f 916/1610/1749 911/1591/1749 910/1592/1749
f 1251/1611/1750 1250/1612/1750 1245/1613/1750
f 1250/1612/1751 1243/1593/1751 1245/1613/1751
f 1242/1605/1752 1245/1613/1752 1243/1593/1752
f 1751/600/1753 1764/643/1753 1763/601/1753
f 1083/550/1754 1089/644/1754 1088/627/1754
f 1426/1614/1755 1420/1600/1755 1412/1575/1755
f 216/1608/1756 220/606/1756 219/1615/1756
f 1426/1614/1757 1412/1575/1757 1432/1609/1757
f 1426/1614/1758 1432/1609/1758 1434/1616/1758
f 216/1608/1759 219/1615/1759 218/1617/1759
f 216/1608/1760 218/1617/1760 212/1601/1760
f 1434/1616/1761 1432/1609/1761 1402/1618/1761
f 1402/1618/1762 1432/1609/1762 1406/1576/1762
f 1402/1618/1763 1406/1576/1763 1400/1577/1763
f 1400/1577/1764 1406/1576/1764 1407/1542/1764
f 212/1601/1765 218/1617/1765 221/1619/1765
f 1395/1620/1766 1400/1577/1766 1401/1584/1766
f 1395/1620/1767 1401/1584/1767 1392/1543/1767
f 1804/1621/1768 1803/694/1768 1821/1622/1768
f 1804/1621/1769 1821/1622/1769 1819/1623/1769
f 1886/700/1770 1887/654/1770 1903/653/1770
f 1895/652/1771 1893/616/1771 1894/679/1771
f 327/659/1772 328/583/1772 318/661/1772
f 1894/679/1773 1893/616/1773 1890/678/1773
f 947/1624/1774 950/1589/1774 944/1590/1774
f 947/1624/1775 944/1590/1775 936/1625/1775
f 936/1625/1776 944/1590/1776 940/1603/1776
f 940/1603/1777 911/1591/1777 936/1625/1777
f 936/1625/1778 911/1591/1778 935/1626/1778
f 916/1610/1779 935/1626/1779 911/1591/1779
f 1489/1627/1780 1490/1606/1780 1486/1628/1780
f 1486/1628/1781 1490/1606/1781 1482/1596/1781
f 1252/1629/1782 1245/1613/1782 1246/1630/1782
f 1752/623/1783 1766/665/1783 1764/643/1783
f 1246/1630/1784 1245/1613/1784 1242/1605/1784
f 2044/683/1785 2045/626/1785 2034/625/1785
f 1486/1628/1786 1482/1596/1786 1485/1607/1786
f 218/1617/1787 219/1615/1787 223/1631/1787
f 218/1617/1788 223/1631/1788 224/1632/1788
f 218/1617/1789 224/1632/1789 221/1619/1789
f 1436/1633/1790 1434/1616/1790 1402/1618/1790
f 1398/1634/1791 1400/1577/1791 1395/1620/1791
f 1812/1635/1792 1819/1623/1792 1820/1636/1792
f 1395/1620/1793 1392/1543/1793 1393/690/1793
f 1803/694/1794 1804/1621/1794 1805/692/1794
f 1393/690/1795 1392/1543/1795 1387/691/1795
f 2020/658/1796 2018/707/1796 2017/662/1796
f 2029/638/1797 2020/658/1797 2017/662/1797
f 1691/587/1798 1690/663/1798 1692/1637/1798
f 1252/1629/1799 1251/1611/1799 1245/1613/1799
f 1323/684/1800 1328/686/1800 1333/1638/1800
f 526/1639/1801 525/1640/1801 524/1641/1801
f 524/1641/1802 525/1640/1802 523/714/1802
f 1812/1635/1803 1820/1636/1803 1818/1642/1803
f 1402/1618/1804 1400/1577/1804 1398/1634/1804
f 1398/1634/1805 1395/1620/1805 1396/1643/1805
f 1805/692/1806 1804/1621/1806 1812/1635/1806
f 1812/1635/1807 1804/1621/1807 1819/1623/1807
f 1896/1644/1808 1904/702/1808 1895/652/1808
f 1895/652/1809 1894/679/1809 1896/1644/1809
f 1896/1644/1810 1894/679/1810 1897/1645/1810
f 1897/1645/1811 1894/679/1811 1898/709/1811
f 2017/662/1812 2018/707/1812 2019/680/1812
f 1899/1646/1813 1898/709/1813 1892/664/1813
f 937/1647/1814 936/1625/1814 935/1626/1814
f 1491/751/1815 1489/1627/1815 1488/752/1815
f 1253/1648/1816 1251/1611/1816 1252/1629/1816
f 1076/1649/1817 1078/1650/1817 1075/1651/1817
f 1488/752/1818 1489/1627/1818 1486/1628/1818
f 1486/1628/1819 1485/1607/1819 1487/754/1819
f 1623/1652/1820 1621/629/1820 1622/628/1820
f 524/1641/1821 523/714/1821 518/1653/1821
f 518/1653/1822 523/714/1822 520/713/1822
f 1814/1654/1823 1818/1642/1823 1816/1655/1823
f 1812/1635/1824 1818/1642/1824 1814/1654/1824
f 1396/1643/1825 1395/1620/1825 1393/690/1825
f 1030/1656/1826 1033/1657/1826 1025/1658/1826
f 959/744/1827 947/1624/1827 938/1659/1827
f 938/1659/1828 947/1624/1828 936/1625/1828
f 1021/1660/1829 1022/1661/1829 1023/1662/1829
f 937/1647/1830 935/1626/1830 916/1610/1830
f 937/1647/1831 916/1610/1831 953/1663/1831
f 1487/754/1832 1488/752/1832 1486/1628/1832
f 1088/627/1833 1090/645/1833 1091/1664/1833
f 1095/735/1834 1099/734/1834 1100/1665/1834
f 1095/735/1835 1100/1665/1835 1096/1666/1835
f 1100/1665/1836 1111/1667/1836 1096/1666/1836
f 1808/1668/1837 1812/1635/1837 1814/1654/1837
f 1396/1643/1838 1393/690/1838 1397/1669/1838
f 1805/692/1839 1812/1635/1839 1808/1668/1839
f 518/1653/1840 520/713/1840 519/697/1840
f 518/1653/1841 519/697/1841 504/696/1841
f 502/1670/1842 504/696/1842 501/720/1842
f 501/720/1843 511/719/1843 512/1671/1843
f 1906/738/1844 1904/702/1844 1907/772/1844
f 1904/702/1845 1896/1644/1845 1921/773/1845
f 1690/663/1846 1694/671/1846 1695/742/1846
f 1690/663/1847 1695/742/1847 1692/1637/1847
f 1030/1656/1848 1025/1658/1848 1029/1672/1848
f 1025/1658/1849 1021/1660/1849 1023/1662/1849
f 946/745/1850 959/744/1850 938/1659/1850
f 938/1659/1851 936/1625/1851 937/1647/1851
f 1023/1662/1852 1022/1661/1852 1024/1673/1852
f 1491/751/1853 1492/753/1853 1493/1674/1853
f 1076/1649/1854 1075/1651/1854 1071/1675/1854
f 1284/1676/1855 1282/757/1855 1281/756/1855
f 1090/645/1856 1092/1677/1856 1091/1664/1856
f 1116/1678/1857 1115/1679/1857 1112/1680/1857
f 1115/1679/1858 1113/1681/1858 1112/1680/1858
f 1808/1668/1859 1814/1654/1859 1811/1682/1859
f 1814/1654/1860 1816/1655/1860 1811/1682/1860
f 1816/1655/1861 1817/1683/1861 1815/1684/1861
f 518/1653/1862 504/696/1862 505/1685/1862
f 1807/1686/1863 1805/692/1863 1808/1668/1863
f 505/1685/1864 504/696/1864 502/1670/1864
f 1806/693/1865 1805/692/1865 1807/1686/1865
f 496/1687/1866 501/720/1866 512/1671/1866
f 2036/728/1867 2037/1688/1867 2035/741/1867
f 1031/1689/1868 1030/1656/1868 1029/1672/1868
f 1711/1690/1869 1698/1691/1869 1712/1692/1869
f 1692/1637/1870 1695/742/1870 1698/1691/1870
f 1692/1637/1871 1698/1691/1871 1711/1690/1871
f 1029/1672/1872 1025/1658/1872 1023/1662/1872
f 2033/706/1873 2032/777/1873 2025/743/1873
f 1275/781/1874 1282/757/1874 1284/1676/1874
f 1071/1675/1875 1075/1651/1875 1072/815/1875
f 1273/765/1876 1276/786/1876 1274/805/1876
f 1284/1676/1877 1281/756/1877 1271/787/1877
f 1283/1693/1878 1276/786/1878 1277/785/1878
f 1062/813/1879 1073/1694/1879 1065/793/1879
f 1073/1694/1880 1077/794/1880 1065/793/1880
f 1095/735/1881 1096/1666/1881 1097/795/1881
f 1097/795/1882 1096/1666/1882 1110/1695/1882
f 1098/736/1883 1095/735/1883 1097/795/1883
f 1811/1682/1884 1816/1655/1884 1815/1684/1884
f 1112/1680/1885 1113/1681/1885 1114/1696/1885
f 527/1697/1886 518/1653/1886 505/1685/1886
f 502/1670/1887 501/720/1887 500/1698/1887
f 500/1698/1888 501/720/1888 496/1687/1888
f 1701/722/1889 1705/721/1889 1703/1699/1889
f 1712/1692/1890 1710/798/1890 1716/797/1890
f 1659/1700/1891 1650/810/1891 1649/774/1891
f 1698/1691/1892 1707/801/1892 1710/798/1892
f 1698/1691/1893 1710/798/1893 1712/1692/1893
f 1647/843/1894 1648/776/1894 1646/775/1894
f 1696/740/1895 1707/801/1895 1698/1691/1895
f 1695/742/1896 1696/740/1896 1698/1691/1896
f 1040/1701/1897 1031/1689/1897 1029/1672/1897
f 1040/1701/1898 1029/1672/1898 1034/1702/1898
f 1034/1702/1899 1029/1672/1899 1023/1662/1899
f 1034/1702/1900 1023/1662/1900 1032/1703/1900
f 946/745/1901 938/1659/1901 939/1704/1901
f 938/1659/1902 937/1647/1902 939/1704/1902
f 1729/812/1903 1726/803/1903 1730/1705/1903
f 1275/781/1904 1284/1676/1904 1271/787/1904
f 1075/1651/1905 1074/1706/1905 1072/815/1905
f 1062/813/1906 1074/1706/1906 1073/1694/1906
f 1064/1707/1907 1065/793/1907 1068/792/1907
f 1807/1686/1908 1808/1668/1908 1809/1708/1908
f 506/1709/1909 527/1697/1909 505/1685/1909
f 505/1685/1910 502/1670/1910 497/1710/1910
f 497/1710/1911 502/1670/1911 500/1698/1911
f 1909/1711/1912 1906/738/1912 1908/811/1912
f 1701/722/1913 1703/1699/1913 1702/800/1913
f 1906/738/1914 1907/772/1914 1908/811/1914
f 939/1704/1915 937/1647/1915 953/1663/1915
f 1041/1712/1916 1034/1702/1916 1032/1703/1916
f 1032/1703/1917 1023/1662/1917 1026/1713/1917
f 1026/1713/1918 1023/1662/1918 1024/1673/1918
f 1493/1674/1919 1492/753/1919 1494/817/1919
f 1064/1707/1920 1063/1714/1920 1060/1715/1920
f 1062/813/1921 1072/815/1921 1074/1706/1921
f 1064/1707/1922 1060/1715/1922 1065/793/1922
f 1065/793/1923 1060/1715/1923 1062/813/1923
f 1809/1708/1924 1811/1682/1924 1813/1716/1924
f 1808/1668/1925 1811/1682/1925 1809/1708/1925
f 1813/1716/1926 1811/1682/1926 1815/1684/1926
f 1101/796/1927 1097/795/1927 1102/1717/1927
f 1807/1686/1928 1809/1708/1928 1810/1718/1928
f 1813/1716/1929 1815/1684/1929 1822/1719/1929
f 1101/796/1930 1102/1717/1930 1103/1720/1930
f 496/1687/1931 512/1671/1931 492/858/1931
f 492/858/1932 512/1671/1932 513/859/1932
f 1702/800/1933 1703/1699/1933 1706/1721/1933
f 1702/800/1934 1708/807/1934 1707/801/1934
f 1718/809/1935 1719/1722/1935 1717/799/1935
f 1699/769/1936 1702/800/1936 1707/801/1936
f 1671/1723/1937 1647/843/1937 1658/844/1937
f 949/1724/1938 946/745/1938 939/1704/1938
f 1041/1712/1939 1032/1703/1939 1026/1713/1939
f 1061/814/1940 1070/1725/1940 1071/1675/1940
f 1061/814/1941 1071/1675/1941 1072/815/1941
f 1026/1713/1942 1024/1673/1942 1027/1726/1942
f 1060/1715/1943 1063/1714/1943 1061/814/1943
f 1060/1715/1944 1061/814/1944 1062/813/1944
f 1463/829/1945 1461/826/1945 1465/827/1945
f 1499/851/1946 1501/1727/1946 1500/849/1946
f 506/1709/1947 505/1685/1947 495/881/1947
f 494/882/1948 500/1698/1948 496/1687/1948
f 1714/1728/1949 1720/1729/1949 1715/1730/1949
f 1103/1720/1950 1102/1717/1950 1104/1731/1950
f 495/881/1951 505/1685/1951 497/1710/1951
f 497/1710/1952 500/1698/1952 494/882/1952
f 1706/1721/1953 1721/1732/1953 1709/1733/1953
f 1709/1733/1954 1721/1732/1954 1720/1729/1954
f 1709/1733/1955 1720/1729/1955 1714/1728/1955
f 1708/807/1956 1709/1733/1956 1714/1728/1956
f 1708/807/1957 1714/1728/1957 1713/808/1957
f 1714/1728/1958 1715/1730/1958 1713/808/1958
f 1107/1734/1959 1103/1720/1959 1105/1735/1959
f 1103/1720/1960 1104/1731/1960 1105/1735/1960
f 1105/1735/1961 1104/1731/1961 1106/1736/1961
f 1702/800/1962 1706/1721/1962 1709/1733/1962
f 1702/800/1963 1709/1733/1963 1708/807/1963
f 1637/1737/1964 1628/839/1964 1629/838/1964
f 1629/838/1965 1627/840/1965 1650/810/1965
f 1067/1738/1966 1069/1739/1966 1066/1740/1966
f 1069/1739/1967 1070/1725/1967 1066/1740/1967
f 1066/1740/1968 1070/1725/1968 1061/814/1968
f 1039/1741/1969 1041/1712/1969 1026/1713/1969
f 1063/1714/1970 1067/1738/1970 1066/1740/1970
f 1063/1714/1971 1066/1740/1971 1061/814/1971
f 2038/816/1972 2027/778/1972 2039/1742/1972
f 1026/1713/1973 1027/1726/1973 1028/864/1973
f 1028/864/1974 1027/1726/1974 1035/862/1974
f 1497/824/1975 1496/823/1975 1498/850/1975
f 1496/823/1976 1499/851/1976 1498/850/1976
f 1311/852/1977 1322/1743/1977 1314/1744/1977
f 1454/856/1978 1458/835/1978 1459/837/1978
f 494/882/1979 496/1687/1979 492/858/1979
f 495/881/1980 497/1710/1980 494/882/1980
f 1650/810/1981 1627/840/1981 1652/841/1981
f 1039/1741/1982 1026/1713/1982 1028/864/1982
f 2040/846/1983 2038/816/1983 2039/1742/1983
f 2041/1745/1984 2040/846/1984 2039/1742/1984
f 2042/847/1985 2040/846/1985 2041/1745/1985
f 1035/862/1986 1037/1746/1986 1036/863/1986
f 1312/865/1987 1311/852/1987 1314/1744/1987
f 1316/855/1988 1313/853/1988 1315/1747/1988
f 1334/907/1989 1343/1748/1989 1341/1749/1989
f 1102/1717/1990 1109/1750/1990 1108/1751/1990
f 1104/1731/1991 1102/1717/1991 1108/1751/1991
f 1106/1736/1992 1104/1731/1992 1108/1751/1992
f 1038/1752/1993 1039/1741/1993 1028/864/1993
f 1042/1753/1994 1039/1741/1994 1038/1752/1994
f 1038/1752/1995 1028/864/1995 1036/863/1995
f 1687/1754/1996 1684/1755/1996 1680/1756/1996
f 1684/1755/1997 1685/1757/1997 1683/1758/1997
f 1680/1756/1998 1684/1755/1998 1683/1758/1998
f 1313/853/1999 1312/865/1999 1315/1747/1999
f 1680/1756/2000 1683/1758/2000 1677/1759/2000
f 1677/1759/2001 1676/869/2001 1675/868/2001
f 1316/855/2002 1315/1747/2002 1318/1760/2002
f 1321/1761/2003 1316/855/2003 1318/1760/2003
f 1686/1762/2004 1678/1763/2004 1674/867/2004
f 1678/1763/2005 1675/868/2005 1674/867/2005
f 579/1764/2006 593/1765/2006 591/1766/2006
f 591/1766/2007 589/1767/2007 580/1768/2007
f 492/858/2008 507/860/2008 493/1769/2008
f 157/885/2009 170/884/2009 158/896/2009
f 1042/1753/2010 1038/1752/2010 1036/863/2010
f 1687/1754/2011 1688/1770/2011 1684/1755/2011
f 1312/865/2012 1314/1744/2012 1320/1771/2012
f 1681/1772/2013 1687/1754/2013 1680/1756/2013
f 1315/1747/2014 1312/865/2014 1319/1773/2014
f 1319/1773/2015 1312/865/2015 1320/1771/2015
f 1679/1774/2016 1681/1772/2016 1680/1756/2016
f 1679/1774/2017 1682/1775/2017 1681/1772/2017
f 1679/1774/2018 1680/1756/2018 1677/1759/2018
f 1675/868/2019 1679/1774/2019 1677/1759/2019
f 1318/1760/2020 1315/1747/2020 1319/1773/2020
f 1678/1763/2021 1682/1775/2021 1679/1774/2021
f 1678/1763/2022 1679/1774/2022 1675/868/2022
f 594/1776/2023 593/1765/2023 579/1764/2023
f 579/1764/2024 591/1766/2024 580/1768/2024
f 580/1768/2025 589/1767/2025 582/1777/2025
f 582/1777/2026 589/1767/2026 588/1778/2026
f 491/883/2027 492/858/2027 493/1769/2027
f 590/1025/2028 594/1776/2028 579/1764/2028
f 66/904/2029 69/920/2029 68/905/2029
f 1340/1779/2030 1341/1749/2030 1342/1780/2030
f 498/1781/2031 491/883/2031 493/1769/2031
f 1334/907/2032 1341/1749/2032 1340/1779/2032
f 499/1782/2033 493/1769/2033 507/860/2033
f 619/959/2034 632/1783/2034 633/960/2034
f 611/1784/2035 631/943/2035 613/942/2035
f 21/1785/2036 30/1786/2036 29/1787/2036
f 21/1785/2037 29/1787/2037 28/1788/2037
f 498/1781/2038 493/1769/2038 499/1782/2038
f 507/860/2039 514/910/2039 508/952/2039
f 1557/936/2040 1558/1789/2040 1559/987/2040
f 1559/987/2041 1558/1789/2041 1560/1790/2041
f 596/1791/2042 594/1776/2042 595/1024/2042
f 595/1024/2043 594/1776/2043 590/1025/2043
f 578/1792/2044 579/1764/2044 580/1768/2044
f 578/1792/2045 580/1768/2045 581/1793/2045
f 580/1768/2046 582/1777/2046 581/1793/2046
f 582/1777/2047 588/1778/2047 583/1029/2047
f 588/1778/2048 587/1794/2048 583/1029/2048
f 617/1795/2049 632/1783/2049 619/959/2049
f 1335/951/2050 1334/907/2050 1340/1779/2050
f 499/1782/2051 507/860/2051 503/1796/2051
f 503/1796/2052 507/860/2052 508/952/2052
f 1652/841/2053 1630/893/2053 1651/935/2053
f 590/1025/2054 579/1764/2054 585/1026/2054
f 585/1026/2055 579/1764/2055 578/1792/2055
f 581/1793/2056 582/1777/2056 583/1029/2056
f 615/944/2057 617/1795/2057 616/1797/2057
f 614/992/2058 615/944/2058 616/1797/2058
f 617/1795/2059 619/959/2059 616/1797/2059
f 616/1797/2060 619/959/2060 620/961/2060
f 620/961/2061 633/960/2061 637/1798/2061
f 633/960/2062 638/1799/2062 637/1798/2062
f 637/1798/2063 638/1799/2063 639/1800/2063
f 611/1784/2064 613/942/2064 612/1085/2064
f 603/1087/2065 607/1801/2065 608/1802/2065
f 508/952/2066 515/953/2066 516/1803/2066
f 1630/893/2067 1661/1804/2067 1651/935/2067
f 713/1805/2068 720/1806/2068 709/1807/2068
f 583/1029/2069 587/1794/2069 586/1030/2069
f 612/1085/2070 613/942/2070 614/992/2070
f 637/1798/2071 639/1800/2071 640/1808/2071
f 611/1784/2072 612/1085/2072 609/1809/2072
f 608/1802/2073 611/1784/2073 609/1809/2073
f 609/1809/2074 603/1087/2074 608/1802/2074
f 109/1033/2075 114/963/2075 74/993/2075
f 601/1041/2076 629/1040/2076 607/1801/2076
f 498/1781/2077 499/1782/2077 503/1796/2077
f 1335/951/2078 1340/1779/2078 1344/1810/2078
f 1344/1810/2079 1340/1779/2079 1345/1811/2079
f 21/1785/2080 28/1788/2080 18/1812/2080
f 21/1785/2081 18/1812/2081 20/1813/2081
f 1294/1814/2082 1295/1815/2082 1296/1816/2082
f 640/1808/2083 639/1800/2083 641/1817/2083
f 601/1041/2084 607/1801/2084 603/1087/2084
f 606/1069/2085 624/1050/2085 605/1048/2085
f 28/1788/2086 22/1818/2086 18/1812/2086
f 503/1796/2087 508/952/2087 509/1819/2087
f 626/1820/2088 627/1012/2088 625/1051/2088
f 628/1014/2089 624/1050/2089 625/1051/2089
f 20/1813/2090 18/1812/2090 17/1821/2090
f 1297/1822/2091 1294/1814/2091 1296/1816/2091
f 1661/1804/2092 1664/1823/2092 1651/935/2092
f 564/1155/2093 581/1793/2093 583/1029/2093
f 740/1824/2094 739/1825/2094 721/1826/2094
f 721/1826/2095 739/1825/2095 720/1806/2095
f 721/1826/2096 720/1806/2096 716/1827/2096
f 716/1827/2097 720/1806/2097 713/1805/2097
f 713/1805/2098 709/1807/2098 711/1828/2098
f 709/1807/2099 710/1829/2099 711/1828/2099
f 612/1085/2100 614/992/2100 618/1083/2100
f 712/1830/2101 710/1829/2101 714/1831/2101
f 635/1832/2102 609/1809/2102 612/1085/2102
f 714/1831/2103 719/1833/2103 718/1834/2103
f 636/1835/2104 609/1809/2104 635/1832/2104
f 718/1834/2105 719/1833/2105 737/1836/2105
f 610/1088/2106 603/1087/2106 609/1809/2106
f 610/1088/2107 609/1809/2107 636/1835/2107
f 602/1136/2108 603/1087/2108 621/1086/2108
f 601/1041/2109 603/1087/2109 602/1136/2109
f 605/1048/2110 604/1042/2110 600/1065/2110
f 1995/1837/2111 1996/1838/2111 1997/1839/2111
f 1995/1837/2112 1997/1839/2112 2013/1840/2112
f 1124/1077/2113 1170/1052/2113 1158/1020/2113
f 1373/1841/2114 1376/1842/2114 1374/1843/2114
f 592/1153/2115 595/1024/2115 585/1026/2115
f 585/1026/2116 578/1792/2116 584/1151/2116
f 584/1151/2117 578/1792/2117 581/1793/2117
f 564/1155/2118 583/1029/2118 562/1156/2118
f 562/1156/2119 583/1029/2119 566/1031/2119
f 716/1827/2120 713/1805/2120 715/1844/2120
f 715/1844/2121 713/1805/2121 711/1828/2121
f 711/1828/2122 710/1829/2122 712/1830/2122
f 635/1832/2123 612/1085/2123 642/1084/2123
f 1974/1131/2124 1978/1845/2124 1975/1134/2124
f 718/1834/2125 737/1836/2125 724/1846/2125
f 724/1846/2126 737/1836/2126 726/1111/2126
f 726/1111/2127 737/1836/2127 745/1109/2127
f 116/1115/2128 79/1059/2128 80/1094/2128
f 598/1095/2129 597/1039/2129 601/1041/2129
f 600/1065/2130 597/1039/2130 599/1096/2130
f 626/1820/2131 625/1051/2131 606/1069/2131
f 18/1812/2132 22/1818/2132 16/1847/2132
f 16/1847/2133 22/1818/2133 14/1208/2133
f 17/1821/2134 18/1812/2134 16/1847/2134
f 592/1153/2135 585/1026/2135 584/1151/2135
f 584/1151/2136 581/1793/2136 564/1155/2136
f 533/989/2137 530/1028/2137 535/1129/2137
f 747/1848/2138 716/1827/2138 715/1844/2138
f 746/1849/2139 721/1826/2139 716/1827/2139
f 746/1849/2140 716/1827/2140 747/1848/2140
f 764/1850/2141 712/1830/2141 717/1851/2141
f 717/1851/2142 712/1830/2142 714/1831/2142
f 717/1851/2143 714/1831/2143 718/1834/2143
f 722/1852/2144 718/1834/2144 723/1853/2144
f 718/1834/2145 724/1846/2145 723/1853/2145
f 622/1854/2146 621/1086/2146 610/1088/2146
f 727/1855/2147 726/1111/2147 738/1110/2147
f 598/1095/2148 601/1041/2148 602/1136/2148
f 1127/1104/2149 1126/1068/2149 1121/1106/2149
f 1339/1126/2150 1335/951/2150 1344/1810/2150
f 22/1818/2151 23/1856/2151 14/1208/2151
f 17/1821/2152 16/1847/2152 15/1857/2152
f 1651/935/2153 1664/1823/2153 1660/1128/2153
f 1150/1149/2154 1151/1080/2154 1154/1018/2154
f 1373/1841/2155 1374/1843/2155 1370/1858/2155
f 533/989/2156 536/1130/2156 537/1082/2156
f 562/1156/2157 566/1031/2157 565/1159/2157
f 721/1826/2158 746/1849/2158 741/1859/2158
f 715/1844/2159 711/1828/2159 749/1860/2159
f 749/1860/2160 711/1828/2160 712/1830/2160
f 749/1860/2161 712/1830/2161 764/1850/2161
f 468/1861/2162 454/1862/2162 481/1863/2162
f 454/1862/2163 468/1861/2163 466/1864/2163
f 454/1862/2164 466/1864/2164 452/1140/2164
f 466/1864/2165 467/1865/2165 452/1140/2165
f 399/1108/2166 480/1866/2166 459/1867/2166
f 717/1851/2167 718/1834/2167 722/1852/2167
f 623/1135/2168 621/1086/2168 622/1854/2168
f 255/1868/2169 257/1139/2169 256/1869/2169
f 643/1870/2170 636/1835/2170 635/1832/2170
f 723/1853/2171 724/1846/2171 725/1871/2171
f 724/1846/2172 726/1111/2172 725/1871/2172
f 725/1871/2173 726/1111/2173 727/1855/2173
f 256/1869/2174 257/1139/2174 258/1138/2174
f 396/1060/2175 454/1862/2175 452/1140/2175
f 399/1108/2176 395/1090/2176 398/1114/2176
f 399/1108/2177 459/1867/2177 401/1091/2177
f 401/1091/2178 459/1867/2178 404/1872/2178
f 727/1855/2179 738/1110/2179 730/1192/2179
f 738/1110/2180 743/1873/2180 730/1192/2180
f 481/1863/2181 454/1862/2181 482/1874/2181
f 401/1091/2182 404/1872/2182 403/1093/2182
f 8/1875/2183 27/1876/2183 19/1877/2183
f 25/1205/2184 24/1878/2184 26/1879/2184
f 23/1856/2185 24/1878/2185 14/1208/2185
f 14/1208/2186 24/1878/2186 25/1205/2186
f 15/1857/2187 16/1847/2187 14/1208/2187
f 1297/1822/2188 1296/1816/2188 1298/1880/2188
f 571/1152/2189 584/1151/2189 564/1155/2189
f 530/1028/2190 531/1081/2190 534/1154/2190
f 741/1859/2191 740/1824/2191 721/1826/2191
f 537/1082/2192 536/1130/2192 541/1187/2192
f 756/1881/2193 740/1824/2193 741/1859/2193
f 251/1882/2194 249/1883/2194 252/1884/2194
f 481/1863/2195 486/1885/2195 468/1861/2195
f 1985/1886/2196 1986/1887/2196 1987/1888/2196
f 452/1140/2197 467/1865/2197 400/1167/2197
f 400/1167/2198 467/1865/2198 462/1889/2198
f 254/1890/2199 255/1868/2199 256/1869/2199
f 258/1138/2200 266/1891/2200 265/1892/2200
f 266/1891/2201 267/1893/2201 265/1892/2201
f 265/1892/2202 267/1893/2202 268/1894/2202
f 400/1167/2203 462/1889/2203 398/1114/2203
f 462/1889/2204 399/1108/2204 398/1114/2204
f 404/1872/2205 459/1867/2205 405/1895/2205
f 459/1867/2206 479/1896/2206 405/1895/2206
f 725/1871/2207 727/1855/2207 728/1897/2207
f 730/1192/2208 743/1873/2208 744/1190/2208
f 262/1898/2209 258/1138/2209 265/1892/2209
f 397/1113/2210 400/1167/2210 398/1114/2210
f 485/1899/2211 484/1900/2211 482/1874/2211
f 403/1093/2212 404/1872/2212 405/1895/2212
f 487/1901/2213 484/1900/2213 485/1899/2213
f 403/1093/2214 405/1895/2214 406/1171/2214
f 406/1171/2215 405/1895/2215 407/1172/2215
f 488/1902/2216 487/1901/2216 485/1899/2216
f 10/1206/2217 26/1879/2217 27/1876/2217
f 10/1206/2218 27/1876/2218 8/1875/2218
f 10/1206/2219 25/1205/2219 26/1879/2219
f 169/1179/2220 83/1121/2220 165/1144/2220
f 14/1208/2221 25/1205/2221 12/1207/2221
f 15/1857/2222 14/1208/2222 13/1209/2222
f 1660/1128/2223 1663/1903/2223 1645/1079/2223
f 1153/1904/2224 1147/1127/2224 1149/1148/2224
f 1373/1841/2225 1370/1858/2225 1369/1905/2225
f 1368/1906/2226 1369/1905/2226 1370/1858/2226
f 531/1081/2227 545/1107/2227 534/1154/2227
f 570/1907/2228 569/1184/2228 568/1185/2228
f 239/1908/2229 251/1882/2229 252/1884/2229
f 483/1909/2230 486/1885/2230 481/1863/2230
f 239/1908/2231 252/1884/2231 255/1868/2231
f 484/1900/2232 483/1909/2232 482/1874/2232
f 483/1909/2233 481/1863/2233 482/1874/2233
f 256/1869/2234 258/1138/2234 261/1910/2234
f 405/1895/2235 479/1896/2235 465/1911/2235
f 723/1853/2236 725/1871/2236 750/1912/2236
f 750/1912/2237 725/1871/2237 748/1913/2237
f 748/1913/2238 725/1871/2238 728/1897/2238
f 728/1897/2239 727/1855/2239 729/1914/2239
f 727/1855/2240 730/1192/2240 729/1914/2240
f 729/1914/2241 730/1192/2241 731/1191/2241
f 732/1915/2242 744/1190/2242 742/1916/2242
f 256/1869/2243 261/1910/2243 263/1917/2243
f 261/1910/2244 258/1138/2244 262/1898/2244
f 732/1915/2245 742/1916/2245 736/1918/2245
f 261/1910/2246 262/1898/2246 263/1917/2246
f 407/1172/2247 405/1895/2247 465/1911/2247
f 19/1877/2248 4/1919/2248 8/1875/2248
f 489/1920/2249 487/1901/2249 488/1902/2249
f 1670/1921/2250 1673/1922/2250 1672/1923/2250
f 490/1924/2251 489/1920/2251 488/1902/2251
f 407/1172/2252 409/1174/2252 408/1173/2252
f 1670/1921/2253 1672/1923/2253 1669/1925/2253
f 1347/1256/2254 1338/1073/2254 1339/1126/2254
f 1346/1257/2255 1339/1126/2255 1344/1810/2255
f 2012/1926/2256 1995/1837/2256 2013/1840/2256
f 1153/1904/2257 1123/1146/2257 1147/1127/2257
f 1645/1079/2258 1663/1903/2258 1654/1182/2258
f 1641/1056/2259 1645/1079/2259 1654/1182/2259
f 1368/1906/2260 1370/1858/2260 1371/1927/2260
f 1368/1906/2261 1371/1927/2261 1372/1928/2261
f 244/1929/2262 253/1930/2262 235/1931/2262
f 1368/1906/2263 1372/1928/2263 1375/1932/2263
f 535/1129/2264 534/1154/2264 539/1933/2264
f 535/1129/2265 539/1933/2265 538/1186/2265
f 235/1931/2266 253/1930/2266 232/1934/2266
f 232/1934/2267 249/1883/2267 231/1935/2267
f 249/1883/2268 251/1882/2268 231/1935/2268
f 231/1935/2269 251/1882/2269 239/1908/2269
f 240/1936/2270 239/1908/2270 254/1890/2270
f 239/1908/2271 255/1868/2271 254/1890/2271
f 260/1937/2272 254/1890/2272 256/1869/2272
f 260/1937/2273 256/1869/2273 263/1917/2273
f 729/1914/2274 731/1191/2274 732/1915/2274
f 732/1915/2275 731/1191/2275 744/1190/2275
f 732/1915/2276 736/1918/2276 733/1938/2276
f 733/1938/2277 736/1918/2277 735/1939/2277
f 4/1919/2278 5/1940/2278 6/1941/2278
f 6/1941/2279 5/1940/2279 32/1942/2279
f 465/1911/2280 476/1943/2280 407/1172/2280
f 407/1172/2281 476/1943/2281 477/1944/2281
f 407/1172/2282 477/1944/2282 453/1219/2282
f 735/1939/2283 736/1918/2283 778/1945/2283
f 735/1939/2284 778/1945/2284 777/1946/2284
f 409/1174/2285 407/1172/2285 453/1219/2285
f 7/1947/2286 8/1875/2286 4/1919/2286
f 7/1947/2287 4/1919/2287 6/1941/2287
f 412/1177/2288 409/1174/2288 453/1219/2288
f 1347/1256/2289 1339/1126/2289 1346/1257/2289
f 1669/1925/2290 1668/1948/2290 1670/1921/2290
f 10/1206/2291 8/1875/2291 9/1949/2291
f 9/1949/2292 8/1875/2292 7/1947/2292
f 1666/1950/2293 1668/1948/2293 1667/1951/2293
f 1667/1951/2294 1668/1948/2294 1669/1925/2294
f 2005/1952/2295 2012/1926/2295 2013/1840/2295
f 1300/1953/2296 1297/1822/2296 1299/1954/2296
f 12/1207/2297 10/1206/2297 11/1955/2297
f 11/1955/2298 10/1206/2298 9/1949/2298
f 1297/1822/2299 1298/1880/2299 1299/1954/2299
f 1665/1956/2300 1662/1957/2300 1666/1950/2300
f 1666/1950/2301 1667/1951/2301 1665/1956/2301
f 13/1209/2302 12/1207/2302 11/1955/2302
f 1662/1957/2303 1665/1956/2303 1656/1210/2303
f 13/1209/2304 11/1955/2304 31/1958/2304
f 1654/1182/2305 1662/1957/2305 1656/1210/2305
f 234/1959/2306 235/1931/2306 232/1934/2306
f 234/1959/2307 232/1934/2307 226/1960/2307
f 232/1934/2308 231/1935/2308 226/1960/2308
f 230/1961/2309 231/1935/2309 239/1908/2309
f 264/1962/2310 254/1890/2310 260/1937/2310
f 729/1914/2311 732/1915/2311 733/1938/2311
f 453/1219/2312 477/1944/2312 460/1963/2312
f 728/1897/2313 729/1914/2313 753/1964/2313
f 753/1964/2314 729/1914/2314 752/1965/2314
f 735/1939/2315 777/1946/2315 769/1966/2315
f 769/1966/2316 777/1946/2316 779/1967/2316
f 453/1219/2317 460/1963/2317 414/1194/2317
f 414/1194/2318 460/1963/2318 447/1239/2318
f 414/1194/2319 447/1239/2319 415/1196/2319
f 242/1968/2320 244/1929/2320 235/1931/2320
f 230/1961/2321 239/1908/2321 240/1936/2321
f 264/1962/2322 240/1936/2322 254/1890/2322
f 729/1914/2323 733/1938/2323 734/1969/2323
f 751/1970/2324 729/1914/2324 734/1969/2324
f 733/1938/2325 735/1939/2325 734/1969/2325
f 734/1969/2326 735/1939/2326 755/1284/2326
f 735/1939/2327 769/1966/2327 755/1284/2327
f 769/1966/2328 779/1967/2328 770/1971/2328
f 752/1965/2329 729/1914/2329 751/1970/2329
f 460/1963/2330 475/1237/2330 447/1239/2330
f 415/1196/2331 447/1239/2331 431/1238/2331
f 242/1968/2332 247/1972/2332 244/1929/2332
f 226/1960/2333 231/1935/2333 230/1961/2333
f 230/1961/2334 240/1936/2334 238/1973/2334
f 769/1966/2335 770/1971/2335 771/1974/2335
f 755/1284/2336 769/1966/2336 759/1975/2336
f 751/1970/2337 734/1969/2337 754/1976/2337
f 754/1976/2338 734/1969/2338 755/1284/2338
f 440/1261/2339 473/1977/2339 472/1978/2339
f 431/1238/2340 475/1237/2340 429/1241/2340
f 429/1241/2341 475/1237/2341 473/1977/2341
f 429/1241/2342 473/1977/2342 440/1261/2342
f 1999/1979/2343 2012/1926/2343 2005/1952/2343
f 429/1241/2344 440/1261/2344 420/1220/2344
f 431/1238/2345 429/1241/2345 417/1199/2345
f 242/1968/2346 235/1931/2346 234/1959/2346
f 769/1966/2347 771/1974/2347 759/1975/2347
f 771/1974/2348 770/1971/2348 772/1980/2348
f 757/1286/2349 754/1976/2349 755/1284/2349
f 907/1981/2350 909/1982/2350 908/1983/2350
f 440/1261/2351 472/1978/2351 438/1984/2351
f 438/1984/2352 472/1978/2352 474/1985/2352
f 440/1261/2353 438/1984/2353 422/1243/2353
f 422/1243/2354 438/1984/2354 427/1280/2354
f 1300/1953/2355 1299/1954/2355 1301/1986/2355
f 225/1987/2356 234/1959/2356 226/1960/2356
f 772/1980/2357 770/1971/2357 773/1988/2357
f 758/1285/2358 755/1284/2358 759/1975/2358
f 112/1253/2359 95/1269/2359 102/1292/2359
f 897/1989/2360 907/1981/2360 905/1990/2360
f 905/1990/2361 907/1981/2361 908/1983/2361
f 102/1292/2362 95/1269/2362 96/1273/2362
f 1999/1979/2363 2005/1952/2363 2000/1991/2363
f 1302/1992/2364 1300/1953/2364 1301/1986/2364
f 246/1993/2365 247/1972/2365 242/1968/2365
f 225/1987/2366 226/1960/2366 227/1994/2366
f 227/1994/2367 226/1960/2367 230/1961/2367
f 237/1995/2368 230/1961/2368 238/1973/2368
f 771/1974/2369 772/1980/2369 762/1996/2369
f 895/1997/2370 896/1308/2370 897/1989/2370
f 895/1997/2371 897/1989/2371 905/1990/2371
f 474/1985/2372 478/1998/2372 463/1999/2372
f 474/1985/2373 463/1999/2373 448/1301/2373
f 438/1984/2374 474/1985/2374 448/1301/2374
f 427/1280/2375 438/1984/2375 448/1301/2375
f 427/1280/2376 448/1301/2376 426/1267/2376
f 241/2000/2377 234/1959/2377 225/1987/2377
f 759/1975/2378 771/1974/2378 762/1996/2378
f 762/1996/2379 772/1980/2379 774/2001/2379
f 772/1980/2380 773/1988/2380 774/2001/2380
f 774/2001/2381 773/1988/2381 775/2002/2381
f 902/1309/2382 896/1308/2382 898/2003/2382
f 898/2003/2383 896/1308/2383 895/1997/2383
f 104/1293/2384 106/1311/2384 102/1292/2384
f 102/1292/2385 106/1311/2385 122/2004/2385
f 758/1285/2386 759/1975/2386 760/2005/2386
f 463/1999/2387 478/1998/2387 470/2006/2387
f 2001/2007/2388 1999/1979/2388 1998/2008/2388
f 1998/2008/2389 1999/1979/2389 2000/1991/2389
f 448/1301/2390 463/1999/2390 451/1298/2390
f 451/1298/2391 463/1999/2391 437/1296/2391
f 167/1314/2392 125/1288/2392 181/1316/2392
f 242/1968/2393 234/1959/2393 241/2000/2393
f 241/2000/2394 225/1987/2394 228/2009/2394
f 775/2002/2395 773/1988/2395 776/2010/2395
f 2011/2011/2396 2001/2007/2396 2002/2012/2396
f 760/2005/2397 759/1975/2397 761/2013/2397
f 761/2013/2398 759/1975/2398 762/1996/2398
f 470/2006/2399 464/1326/2399 450/2014/2399
f 781/2015/2400 788/2016/2400 786/2017/2400
f 2002/2012/2401 2001/2007/2401 1998/2008/2401
f 463/1999/2402 470/2006/2402 450/2014/2402
f 437/1296/2403 463/1999/2403 450/2014/2403
f 437/1296/2404 450/2014/2404 434/1287/2404
f 1551/1339/2405 1552/2018/2405 1546/1281/2405
f 1543/1304/2406 1551/1339/2406 1546/1281/2406
f 1541/1318/2407 1543/1304/2407 1542/1303/2407
f 246/1993/2408 242/1968/2408 243/2019/2408
f 243/2019/2409 242/1968/2409 241/2000/2409
f 230/1961/2410 237/1995/2410 236/2020/2410
f 762/1996/2411 774/2001/2411 765/2021/2411
f 2002/2012/2412 1998/2008/2412 2003/2022/2412
f 450/2014/2413 464/1326/2413 436/1300/2413
f 450/2014/2414 436/1300/2414 434/1287/2414
f 228/2009/2415 225/1987/2415 227/1994/2415
f 236/2020/2416 227/1994/2416 230/1961/2416
f 767/2023/2417 775/2002/2417 776/2010/2417
f 774/2001/2418 775/2002/2418 767/2023/2418
f 900/2024/2419 902/1309/2419 898/2003/2419
f 2011/2011/2420 2002/2012/2420 2004/2025/2420
f 763/2026/2421 765/2021/2421 766/2027/2421
f 762/1996/2422 765/2021/2422 763/2026/2422
f 761/2013/2423 762/1996/2423 763/2026/2423
f 464/1326/2424 461/2028/2424 458/1327/2424
f 781/2015/2425 786/2017/2425 782/2029/2425
f 436/1300/2426 458/1327/2426 443/2030/2426
f 436/1300/2427 443/2030/2427 441/1321/2427
f 441/1321/2428 443/2030/2428 442/1322/2428
f 900/2024/2429 898/2003/2429 899/2031/2429
f 899/2031/2430 898/2003/2430 895/1997/2430
f 2009/2032/2431 2011/2011/2431 2004/2025/2431
f 2003/2022/2432 2004/2025/2432 2002/2012/2432
f 780/2033/2433 781/2015/2433 782/2029/2433
f 443/2030/2434 458/1327/2434 461/2028/2434
f 442/1322/2435 443/2030/2435 444/1341/2435
f 1544/1340/2436 1548/1338/2436 1543/1304/2436
f 248/2034/2437 246/1993/2437 243/2019/2437
f 229/2035/2438 227/1994/2438 236/2020/2438
f 767/2023/2439 765/2021/2439 774/2001/2439
f 766/2027/2440 765/2021/2440 767/2023/2440
f 787/2036/2441 781/2015/2441 780/2033/2441
f 461/2028/2442 469/2037/2442 456/2038/2442
f 780/2033/2443 782/2029/2443 783/2039/2443
f 443/2030/2444 461/2028/2444 456/2038/2444
f 443/2030/2445 456/2038/2445 444/1341/2445
f 228/2009/2446 227/1994/2446 229/2035/2446
f 900/2024/2447 899/2031/2447 901/2040/2447
f 904/2041/2448 900/2024/2448 901/2040/2448
f 2008/2042/2449 2009/2032/2449 2004/2025/2449
f 766/2027/2450 767/2023/2450 768/2043/2450
f 2006/2044/2451 2004/2025/2451 2003/2022/2451
f 456/2038/2452 469/2037/2452 457/2045/2452
f 2007/2046/2453 2006/2044/2453 2003/2022/2453
f 444/1341/2454 456/2038/2454 457/2045/2454
f 782/2029/2455 785/2047/2455 784/2048/2455
f 783/2039/2456 782/2029/2456 784/2048/2456
f 233/2049/2457 243/2019/2457 241/2000/2457
f 233/2049/2458 241/2000/2458 228/2009/2458
f 906/2050/2459 904/2041/2459 901/2040/2459
f 2010/2051/2460 2008/2042/2460 2006/2044/2460
f 2008/2042/2461 2004/2025/2461 2006/2044/2461
f 469/2037/2462 471/2052/2462 457/2045/2462
f 1536/1346/2463 1547/1343/2463 1544/1340/2463
f 444/1341/2464 457/2045/2464 449/1347/2464
f 245/2053/2465 248/2034/2465 243/2019/2465
f 245/2053/2466 243/2019/2466 233/2049/2466
f 233/2049/2467 228/2009/2467 229/2035/2467
f 2010/2051/2468 2006/2044/2468 2007/2046/2468
f 1536/1346/2469 1534/1351/2469 1547/1343/2469
f 250/2054/2470 245/2053/2470 233/2049/2470
