# Blender 4.3.2
# www.blender.org
mtllib teabowl.mtl
o geometry_0
v -1.762692 -16.011892 27.584896
v -1.476948 -16.222343 27.652102
v -2.418113 -15.833472 27.755762
v 9.598222 20.562023 24.126644
v 9.400951 19.542976 24.498243
v 9.285130 18.776815 24.884535
v -1.097400 -23.088314 -0.573236
v 1.007931 -23.140568 -0.044439
v -0.420477 -22.913418 4.124715
v 2.866360 -22.985670 3.962341
v 0.867017 -22.804516 5.924109
v 2.443125 -22.837549 5.910068
v -3.735335 -22.984850 3.467421
v -4.831348 -23.088928 -0.692563
v -3.007691 -23.117437 -2.182826
v 2.544770 -22.768873 7.484571
v -2.204396 -22.907135 9.124046
v -7.164533 -23.144861 3.575496
v -7.783490 -23.201300 -0.098247
v -4.924364 -23.065321 7.002271
v -5.296738 -23.058241 8.601779
v -7.612199 -23.391014 -4.810094
v -3.447197 -23.365015 -6.768580
v 0.894873 -23.400265 -7.926282
v -10.440107 -23.399836 -0.454436
v -10.388143 -23.407362 2.213179
v 3.201630 -23.591728 -10.840205
v 3.536137 -23.508034 -9.124421
v 6.710071 -23.496851 -9.764571
v 5.499505 -23.505983 -7.055489
v 8.221004 -23.507374 -8.289264
v 10.062540 -23.482893 -6.016454
v 8.951140 -23.465418 -0.146947
v 4.848948 -23.473852 -2.741523
v 9.583159 -23.467295 -6.936661
v 5.877827 -23.411192 0.430145
v 11.482388 -23.423515 2.929808
v 7.358639 -23.193579 4.680965
v 10.313197 -23.238913 5.295904
v 5.386621 -23.004408 6.198620
v 11.854376 -23.513603 0.629557
v 11.315767 -23.519676 0.001300
v 11.688691 -23.568003 -1.469061
v 10.987620 -23.518290 -5.082044
v 9.706731 -23.226892 6.832342
v 6.720770 -23.006523 9.144965
v 5.735226 -22.979929 9.735477
v 11.568534 -23.396078 3.801489
v 4.183585 -22.816463 7.534029
v 1.656929 -22.874409 9.739582
v -3.103314 -23.594242 -9.168824
v -5.119745 -23.913876 -11.928030
v -0.962944 -23.828875 -11.375925
v 2.423363 -23.677612 -11.530446
v -7.401512 -23.724136 -8.405044
v -6.811870 -23.956978 -11.459091
v 11.658082 -23.578276 -3.397372
v 12.356786 -23.561834 -2.419505
v 4.831716 -23.647026 -11.011560
v -10.825823 -23.843191 -6.720813
v 9.112572 -23.518808 -7.699787
v -3.781170 -23.017374 9.364784
v -3.566277 -24.069073 -12.833543
v 0.089515 -24.014481 -12.456489
v -9.883500 -23.952623 -8.319546
v -9.509958 -23.439442 4.998870
v -6.789768 -23.287731 7.473994
v -9.087196 -24.021717 -9.263870
v 7.247545 -23.556147 -9.686403
v -11.444038 -23.556528 0.571886
v 12.698043 -23.473959 -2.108152
v -11.287975 -23.839783 -5.274171
v 4.384201 -23.016102 10.211888
v -1.481796 -23.020401 10.040197
v 2.685575 -23.030333 10.469772
v -11.796756 -23.800945 -2.406891
v 12.734072 -23.809639 -1.367036
v 1.887796 -23.914478 -12.282079
v 5.908877 -23.731787 -10.897884
v -8.284297 -23.487503 6.914827
v 11.322316 -23.455065 5.039490
v 10.942402 -23.417940 5.694372
v 10.589081 -23.416389 6.231193
v -7.349364 -23.499622 8.052776
v 12.547392 -23.862404 -0.186022
v -0.233530 -24.243385 -13.129401
v 10.952325 -23.798849 -6.396809
v -11.186550 -23.797171 3.913127
v -8.700374 -24.225019 -10.553869
v 12.539749 -23.731436 0.547642
v 4.720403 -23.855921 -11.607294
v -11.719331 -23.775072 1.890672
v -9.523154 -24.218067 -9.522790
v 11.672681 -23.763590 -4.981100
v 0.916754 -24.332382 -12.918664
v -10.282883 -23.823513 5.611653
v 6.617766 -23.883608 -10.858665
v -8.060436 -24.289455 -11.294847
v 10.095959 -23.404589 6.976900
v 12.490435 -23.766684 -2.916340
v 12.079252 -23.906975 -4.012300
v -11.979842 -23.822426 0.429133
v 8.594594 -23.281282 8.118751
v 12.412168 -23.820665 0.967004
v 12.144195 -23.764883 2.777769
v 11.189921 -23.812080 -5.664069
v -4.871545 -24.199102 -12.565985
v 9.288694 -23.459505 7.792463
v -3.553062 -24.189024 -13.038292
v -6.083161 -24.247189 -12.132736
v 8.277380 -23.847576 -9.145060
v 8.778610 -23.845112 -8.566603
v -9.430289 -24.027153 7.008178
v -10.490555 -24.268209 -8.299212
v 13.088977 -23.608315 -1.526644
v -0.281445 -23.259619 10.554843
v 9.761184 -23.864618 -7.647471
v 10.286930 -23.886536 -7.127667
v 10.657276 -23.877117 -6.726384
v 7.438089 -23.834476 -10.013282
v -4.594866 -23.600973 9.854342
v -11.173573 -24.201624 -7.003634
v -11.135264 -24.278339 5.301538
v 12.028651 -23.838490 3.096204
v -6.612882 -24.167206 9.495397
v -11.821776 -24.256729 -5.046886
v 7.592788 -23.422470 9.093897
v -11.774327 -24.261921 3.664099
v -8.961975 -24.860338 8.663598
v -11.227237 -24.945988 6.272189
v -6.908143 -24.926121 10.219468
v -12.241498 -24.279982 -2.340529
v -4.245011 -24.835077 11.152146
v -5.083246 -24.947031 10.991630
v -12.065987 -24.974806 4.533710
v -11.196389 -24.917374 -8.086952
v -12.514620 -24.951132 2.387538
v -12.789913 -24.938028 0.360802
v 0.080043 -23.750797 10.952550
v 4.436280 -23.595980 10.656517
v 2.791791 -23.732286 10.989832
v -12.677822 -24.991713 -2.755327
v -12.168416 -24.993303 -5.560657
v -0.784286 -24.958658 11.620328
v 29.445734 2.105794 2.584835
v 29.608644 -0.206543 2.523562
v 29.664436 0.972288 0.188630
v 29.741974 -2.277611 0.359803
v 29.606241 -2.263785 2.648512
v 29.609491 -0.593430 -2.630472
v 29.459661 2.258688 -2.533881
v 29.612255 -2.459721 -2.279598
v 29.371536 3.987854 0.133462
v 28.887632 7.263585 2.538398
v 28.884644 8.135069 0.049722
v 28.621878 9.772923 -2.378096
v 28.343180 12.044703 0.168032
v 28.072939 13.432673 -2.276642
v 28.903099 6.204222 -4.004659
v 28.568829 9.350375 2.797907
v 27.633928 15.921995 -0.066842
v 28.115448 12.464468 2.276986
v 27.291977 17.316900 -2.746677
v 27.998756 13.066467 -3.738658
v 28.754345 6.127256 -5.455326
v 27.819725 12.861731 -5.290570
v 27.197567 17.957047 0.026931
v 27.205276 17.213480 2.374401
v 28.762012 5.314869 5.257029
v 29.128378 1.045703 -5.707663
v 26.880142 17.627913 -5.327953
v 28.999817 2.258495 5.642308
v 28.245962 8.744117 5.349717
v 27.717821 13.303081 3.764496
v 27.013006 17.443230 3.329627
v 26.957102 18.084770 2.281353
v 29.139147 -1.075037 5.578383
v 26.868084 16.046661 5.432094
v 29.457603 -4.822098 2.659929
v 29.587847 -4.850859 0.271492
v 28.539581 4.102180 6.836953
v 29.460936 -4.642855 -2.778760
v 29.175344 -1.131707 -5.706528
v 29.127558 -4.429296 -5.247622
v 28.520805 5.392694 -6.984578
v 27.741062 11.565085 -6.596107
v 26.552559 17.452419 -7.042864
v 29.085781 -3.315775 5.510557
v 26.981533 18.169567 -2.922174
v 28.344238 3.393976 -8.382633
v 28.006271 6.613682 -8.409460
v 26.803810 14.009649 -8.577882
v 28.449217 0.685349 -8.524370
v 27.833118 7.849406 7.404888
v 28.566387 -0.982629 7.881009
v 28.382236 1.405497 8.270344
v 26.360052 18.065523 5.394669
v 28.913683 -4.822258 5.708443
v 28.091438 3.546274 8.619159
v 26.339378 16.595358 6.801661
v 28.303745 -2.806461 8.547867
v 27.504303 7.563261 8.561069
v 26.077131 15.426017 8.241063
v 25.496773 18.148527 8.214536
v 27.835176 0.763041 10.031734
v 27.620655 3.321955 10.045011
v 24.909710 18.322962 9.823472
v 27.704746 -0.755352 10.485408
v 27.099302 6.051924 10.278101
v 25.850018 12.794092 10.125759
v 24.899849 15.605365 11.193627
v 24.795527 18.568325 10.105051
v 28.704920 -6.316261 5.481558
v 28.019205 -5.140847 8.605816
v 28.878531 -7.725332 2.797133
v 29.021545 -7.843262 -0.116197
v 28.937775 -7.572320 -2.927834
v 27.623947 -3.671045 10.269376
v 26.839985 0.839746 12.358805
v 26.861263 3.092067 11.853467
v 24.923115 13.012776 12.167252
v 26.126654 7.288036 11.893476
v 26.544680 18.538258 2.985854
v 27.709150 -7.329345 8.321615
v 27.032892 -3.405401 11.735808
v 24.867773 10.611185 13.218524
v 28.131714 -8.518806 5.768743
v 24.109009 18.414925 11.597491
v 26.175138 -1.611543 13.760448
v 25.655340 3.920202 14.017574
v 25.761168 2.587074 14.158167
v 25.817099 0.313758 14.440685
v 26.928110 -6.698856 10.799381
v 25.113934 8.598275 13.354933
v 25.306295 -0.218431 15.440836
v 23.838282 15.313510 13.297111
v 25.555334 -2.964479 14.842388
v 25.928518 -5.366372 13.538610
v 26.986660 -9.438782 8.925513
v 28.450319 -9.937579 0.069024
v 28.434038 -9.401057 2.480337
v 27.728537 -10.176462 5.333740
v 24.493250 1.818197 16.384554
v 25.784811 -8.425110 12.603794
v 24.219631 -2.874586 17.219671
v 23.108099 18.544540 13.243476
v 25.788023 18.530834 6.530138
v 24.457424 -0.121884 16.798882
v 24.670383 -8.950030 14.700893
v 26.590582 -11.314611 8.261209
v 28.627132 -7.491826 -5.340827
v 26.176786 -10.390510 10.294185
v 25.398832 -10.784578 11.955101
v 24.238256 -10.525491 14.681289
v 25.001726 -6.500132 14.908414
v 24.183628 10.740971 14.263952
v 24.010864 8.128722 15.142049
v 22.971872 8.992757 16.518370
v 24.061346 4.524689 16.221823
v 21.878469 7.412525 18.466589
v 23.321983 -0.859956 18.521942
v 23.426878 -2.760051 18.435080
v 22.355925 17.794857 14.659157
v 22.690382 14.514012 15.246189
v 22.645134 1.222717 19.187382
v 22.438854 3.949546 18.737442
v 22.997972 5.225401 17.434631
v 23.726942 -7.496088 16.773165
v 23.068569 -5.477895 18.375021
v 27.499741 -12.004584 2.593503
v 27.494480 -12.515112 0.263787
v 26.503580 -13.361817 5.503896
v 21.840094 18.841564 14.902213
v 25.045086 18.661879 8.730682
v 21.737024 2.413229 20.069637
v 24.157745 -12.187247 13.608303
v 23.225468 -10.175973 16.542965
v 26.063971 -13.482919 7.027934
v 24.523403 -13.816315 11.236752
v 28.398115 -9.533959 -3.088833
v 21.169769 6.276678 19.699757
v 21.641741 -0.168574 20.568024
v 20.781925 12.534690 18.283823
v 21.438944 13.937196 17.036703
v 20.938450 18.371826 16.280107
v 22.437017 -7.452566 18.645922
v 22.553282 -4.016612 19.330078
v 25.140062 -14.630559 8.454438
v 23.236710 -12.123007 15.447067
v 20.948790 2.705552 20.879171
v 22.616802 -14.291418 14.922284
v 21.479343 -6.175838 20.149702
v 23.036869 -14.741987 13.646502
v 26.017866 -15.544663 2.523129
v 21.122007 -9.255781 19.726593
v 21.634989 -10.923049 18.374437
v 25.217857 -16.281330 5.348880
v 21.466101 -3.232765 20.633209
v 28.014204 -10.845669 -2.626061
v 27.317062 -12.840255 -1.323549
v 20.049551 8.806169 20.209862
v 24.385145 -16.898485 7.184433
v 23.576273 -16.367657 10.369735
v 21.321407 -13.221938 17.560865
v 27.927483 -9.983368 -5.500174
v 26.101826 -15.637050 0.221154
v 24.334433 -17.870768 5.556601
v 24.779341 -17.968420 2.711054
v 19.964771 -5.754174 21.815384
v 19.392265 0.074563 22.885323
v 19.430435 -1.090268 22.810896
v 19.323032 19.038998 17.828831
v 21.207161 19.162701 15.493766
v 18.801474 13.329872 20.097300
v 19.298407 6.868240 21.489422
v 19.480404 -9.505328 21.456036
v 20.032351 -11.867503 19.908291
v 18.967934 -4.062894 23.012640
v 21.113651 -15.173574 16.457972
v 19.457067 -13.481138 19.741400
v 21.837648 -16.653460 13.860496
v 27.234816 -12.786070 -2.891417
v 18.915323 2.157618 22.918627
v 22.640636 -18.042618 10.228395
v 23.073235 -18.407883 8.347660
v 18.145422 -9.618126 22.731153
v 18.711740 -5.613671 23.023872
v 24.930082 -17.936728 0.175081
v 19.460588 -15.118876 18.680054
v 17.616306 12.435848 21.476906
v 17.997036 17.434687 19.586210
v 17.731829 -11.639415 22.362812
v 17.141132 -13.208204 22.200140
v 28.667046 -4.834252 -6.946686
v 28.436615 -2.510814 -8.379297
v 28.047068 -7.639953 -7.604965
v 27.474344 -9.590234 -7.800536
v 25.875740 -15.813236 -2.472448
v 26.894075 -12.566268 -5.744571
v 24.784691 -17.887667 -2.839329
v 28.076324 -5.710384 -8.567425
v 23.224499 19.114458 12.305622
v 20.945385 -18.135515 13.530526
v 18.131842 -14.658549 20.456865
v 19.904190 -16.892128 16.500387
v 19.730934 -18.318571 15.136740
v 17.556873 6.447205 23.074368
v 15.996446 11.986721 22.983286
v 16.449116 15.382181 21.591251
v 18.352711 19.435589 18.554970
v 16.646553 19.415522 20.107042
v 22.550388 19.112659 13.478798
v 27.895733 -0.500179 -10.249557
v 25.293016 -16.259558 -5.373103
v 27.549274 -4.996555 -10.402967
v 27.757902 2.645622 -10.345592
v 27.483238 6.207894 -10.203671
v 26.058226 17.536829 -8.662744
v 26.222864 14.086097 -10.297109
v 25.667253 16.843542 -10.314290
v 26.637110 -11.701104 -8.131309
v 27.191147 -7.657239 -10.167812
v 22.930477 -19.955568 5.034206
v 23.351574 -19.980959 2.563362
v 26.910088 5.388272 -11.952292
v 26.514753 -9.524975 -10.763559
v 24.422895 -17.883905 -5.326148
v 27.150047 -2.664278 -11.861585
v 24.859074 -15.998579 -7.840449
v 25.360949 -14.543614 -8.442947
v 27.190903 1.012682 -11.951513
v 26.393112 4.227216 -13.363525
v 25.854172 -11.990232 -10.299064
v 26.508539 18.121107 -5.960561
v 26.232298 10.740832 -11.641650
v 23.347725 -20.186815 0.226893
v 26.855099 -5.747878 -11.822830
v 20.960611 -19.429760 11.404078
v 21.218033 -20.687647 8.367547
v 26.523579 0.911165 -13.441520
v 26.430326 -1.829082 -13.482265
v 26.803556 18.518839 -0.662299
v 25.338444 15.107134 -11.957133
v 24.625313 -14.967411 -10.150875
v 26.028358 -7.454006 -12.975375
v 23.139694 -20.211679 -2.700440
v 26.155449 -5.225857 -13.443871
v 25.716194 7.978275 -13.727827
v 24.975143 13.835042 -13.224136
v 24.524698 18.891329 9.644297
v 23.992079 -17.657887 -7.494731
v 25.269464 -12.152697 -11.567682
v 25.243713 -9.763227 -13.387758
v 18.069914 -18.014790 17.738546
v 25.150417 17.776064 -10.724407
v 24.379532 17.205603 -12.885516
v 21.330532 -21.708328 5.210066
v 16.535746 -14.740967 21.902267
v 21.721111 -21.837759 2.479324
v 22.722820 -20.148071 -5.408881
v 22.201351 -20.166664 -7.148281
v 25.275381 5.056927 -15.257920
v 25.426519 2.409830 -15.301459
v 23.095888 -17.748220 -9.886570
v 21.485949 -19.948618 -9.657041
v 23.675932 -14.399635 -12.835561
v 25.171934 -6.283185 -14.900331
v 24.182644 -12.683700 -13.359233
v 19.849230 -20.663664 11.327121
v 19.312395 -20.031664 13.348523
v 21.635412 -22.083576 0.102153
v 21.692520 -21.842319 -2.737612
v 25.323032 -2.426068 -15.289777
v 25.158085 0.942042 -15.757032
v 24.175079 12.742689 -14.972369
v 23.012526 -15.835428 -12.631510
v 24.390221 -9.727179 -14.859677
v 24.282963 6.794387 -16.479034
v 25.952316 18.176401 -7.520844
v 19.566751 -21.975849 9.179225
v 23.452364 16.856928 -14.606747
v 19.864195 -22.441790 7.231174
v 23.138784 -12.852232 -15.018370
v 21.143223 -21.903612 -5.401934
v 22.158682 -17.852905 -11.752992
v 16.598984 -16.327169 20.663834
v 20.345800 -23.093893 2.819669
v 19.633474 -23.157160 5.669464
v 17.597933 -19.150024 16.873947
v 17.953321 -20.458744 14.616760
v 21.440374 -17.845526 -13.193027
v 17.975571 -21.534647 12.896359
v 21.771030 -15.621774 -14.989957
v 20.204796 -23.257242 -2.898672
v 19.762257 -23.180395 -5.637522
v 20.468880 -20.096457 -11.572979
v 20.080910 -22.129150 -7.982144
v 15.516440 -18.126225 20.042002
v 20.219698 -17.936590 -15.025932
v 19.742472 -20.008152 -13.061162
v 16.467377 -20.897701 15.763231
v 18.740282 -22.250240 -10.780365
v 15.509111 -20.041454 17.914734
v 17.884027 -21.818333 -13.105552
v 24.400602 17.772057 -12.124825
v 23.679705 17.532946 -13.754127
v -29.749388 5.373324 -10.925969
v -28.764469 5.101300 -13.148900
v -29.211494 2.644549 -13.200412
v -30.319641 2.440550 -10.782854
v -29.485039 0.219663 -13.215988
v -30.827450 0.230124 -10.094500
v -30.648937 5.428262 -8.448561
v -31.203722 2.484406 -8.339729
v -29.339428 8.563916 -10.111220
v -28.093170 10.545177 -11.757225
v -27.877916 8.774197 -13.139640
v -28.108200 12.960630 -10.103460
v -29.642626 9.756315 -8.398991
v -26.218494 16.820240 -11.566605
v -26.474983 18.092045 -10.092880
v -26.950199 11.895956 -13.182137
v -24.687025 21.311398 -11.612352
v -25.406836 21.314035 -10.058463
v -26.182152 20.733305 -8.582445
v -28.261541 14.513021 -8.345687
v -25.180216 17.498158 -13.092129
v -25.522156 22.560747 -8.516635
v -29.736336 10.724341 -7.133862
v -31.063038 6.031458 -6.588140
v -30.785320 8.491636 -5.261729
v -28.034628 16.547192 -6.865905
v -24.702724 22.781397 -10.264925
v -29.626978 12.716023 -5.310439
v -26.066107 22.605349 -6.708672
v -27.189451 19.969141 -5.615882
v -27.942822 17.997635 -5.222236
v -31.461634 5.500750 -5.432487
v -31.893356 2.587092 -5.678303
v -26.439299 22.544966 -5.135939
v -23.839218 21.061647 -13.251720
v -27.645918 5.653390 -14.885715
v -31.542700 0.228323 -7.939814
v -31.182163 8.998000 -2.242737
v -31.731833 6.661204 -2.330463
v -29.874050 13.550182 -2.231639
v -32.100372 3.771487 -3.537374
v -27.619802 20.113968 -2.210475
v -26.825430 22.635889 -1.929702
v -32.251190 4.055606 -2.076656
v -32.133953 0.451655 -5.367239
v -32.524300 1.924692 -2.225044
v -32.614559 0.495516 -2.419058
v -31.363842 8.963911 0.243205
v -28.197472 18.793739 0.062644
v -29.739853 14.449100 0.272286
v -26.448084 23.163523 -2.928868
v -32.387993 4.076906 0.163688
v -26.854771 22.874386 0.119796
v -32.016972 -1.432539 -6.163145
v -30.826160 -1.321771 -10.229072
v -31.427353 -2.046797 -8.441523
v -32.475540 -1.335645 -3.579809
v -32.772003 0.761757 0.331431
v -30.253317 12.594925 2.736436
v -32.020134 5.691942 2.983957
v -31.459883 8.292300 2.969737
v -28.205462 18.605989 2.634451
v -26.859177 22.708059 2.369150
v -29.610064 14.607936 2.832811
v -32.520416 2.661351 2.706732
v -32.696068 -1.693762 -1.828140
v -32.204376 -3.565285 -4.877134
v -29.528830 -1.903864 -13.244772
v -31.764153 -3.806394 -6.796861
v -32.795006 -1.878331 0.306604
v -27.878441 3.166060 -15.393228
v -28.478088 0.696434 -14.994776
v -26.225019 11.324461 -14.652267
v -23.181179 22.473675 -13.320120
v -30.631435 -3.381119 -10.503574
v -24.054502 22.877003 -11.350908
v -23.683638 18.775501 -14.765293
v -25.909184 23.395252 -4.988977
v -32.702610 0.257338 2.800168
v -32.703964 -1.568560 2.725219
v -32.463444 -4.579006 -2.123066
v -31.178160 -5.910887 -8.071383
v -31.965631 -5.527521 -5.084897
v -28.578608 -2.098856 -14.993458
v -27.674454 0.316785 -16.350616
v -27.739725 -1.854408 -16.383404
v -26.701738 5.418988 -16.391453
v -29.266497 -4.374292 -13.462428
v -25.955986 3.770346 -18.007252
v -26.226679 0.625910 -18.353737
v -24.864935 11.466336 -16.541822
v -24.586100 9.012402 -17.930429
v -22.027084 21.952394 -15.354363
v -26.350168 -1.570393 -18.326679
v -29.978292 -6.296033 -11.210283
v -21.902824 20.346712 -16.344915
v -23.321976 13.876885 -17.461327
v -24.617264 4.077952 -19.642540
v -25.477522 23.223372 -7.233373
v -29.099554 -6.205167 -13.246915
v -27.530893 -4.488483 -16.449867
v -23.342319 6.417510 -20.346457
v -24.716797 1.177994 -20.089834
v -21.170473 18.690180 -17.925432
v -22.169394 11.905171 -19.533772
v -20.113190 21.894772 -17.662426
v -28.008249 -6.691779 -15.136436
v -26.355831 -3.962018 -18.174135
v -30.759651 -7.446830 -8.415580
v -29.720917 -7.799321 -11.069076
v -31.592218 -7.451914 -5.180902
v -31.116282 -8.039727 -6.640270
v -24.825230 -2.128726 -20.178793
v -19.199873 21.022291 -19.049326
v -23.190624 3.727313 -21.252441
v -26.904009 -6.892223 -16.779734
v -21.305969 22.513557 -15.771063
v -19.810516 17.292421 -19.827900
v -21.324650 9.575777 -21.237244
v -26.196148 -6.163813 -17.948627
v -23.219423 0.381304 -21.739830
v -28.545273 -8.602246 -13.225125
v -21.441458 6.665543 -22.112059
v -21.439497 4.479306 -22.703121
v -24.813705 -5.383724 -19.803293
v -23.330032 -2.012907 -21.693472
v -17.640965 20.812702 -20.545923
v -21.398844 2.018269 -23.167334
v -18.898104 22.076075 -18.718884
v -17.714190 21.716158 -20.078773
v -19.887732 9.082921 -22.678617
v -18.464130 15.845650 -21.473698
v -27.513187 -9.088885 -14.861109
v -23.227636 -4.244319 -21.616982
v -19.863319 6.879057 -23.372324
v -21.450836 -0.642498 -23.369734
v -29.337244 -9.523645 -10.776174
v -29.984074 -10.098003 -8.477349
v -31.968149 -7.554135 -2.043374
v -26.373718 -9.515165 -16.406961
v -25.350647 -8.173018 -18.348774
v -24.479979 -7.584790 -19.574989
v -19.902679 3.803497 -24.068527
v -16.114559 21.142328 -21.634245
v -22.903879 22.800854 -13.288268
v -16.786926 17.210495 -22.298216
v -21.505573 -3.681541 -23.208588
v -19.950808 0.306049 -24.484571
v -22.986689 -6.868051 -21.352478
v -18.004286 13.193743 -22.698210
v -18.098490 8.429546 -24.199371
v -30.851631 -9.813188 -5.694685
v -27.833010 -11.153322 -12.828987
v -32.417202 -5.666881 0.170263
v -19.912319 -2.218749 -24.558807
v -18.233221 5.326049 -24.900770
v -21.397436 -6.930637 -22.778141
v -14.794477 20.580746 -22.722910
v -24.534317 -11.137820 -18.012928
v -26.338373 -12.057734 -14.917939
v -24.895370 -13.041317 -16.381977
v -18.234512 2.117564 -25.443283
v -23.222965 -9.702855 -20.144371
v -20.127142 -4.600330 -24.205017
v -15.118177 16.799425 -23.506531
v -16.760534 12.636210 -23.687593
v -18.298195 -0.569311 -25.647217
v -19.863436 -6.743685 -24.035187
v -21.626961 -9.735143 -21.689051
v -28.325066 -12.626876 -10.219632
v -29.066904 -12.371711 -8.549942
v -31.166693 -9.828027 -3.723634
v -26.942986 -13.139033 -12.858615
v -22.868702 -12.027679 -19.444918
v -29.560818 -12.534213 -6.706428
v -30.042233 -12.177169 -5.379524
v -31.307329 -9.960560 -2.135541
v -18.152300 -3.932856 -25.633999
v -16.692461 7.888843 -25.191225
v -26.141403 -14.485894 -13.138129
v -25.666780 -13.623911 -14.766006
v -21.206280 -12.111645 -21.083662
v -31.893120 -8.298674 0.163140
v -32.448734 -4.461453 2.875708
v -23.453087 -12.998692 -18.196032
v -19.748554 -10.321489 -23.065117
v -14.350084 21.216959 -22.715143
v -15.190834 13.165258 -24.462666
v -15.606165 7.840102 -25.793488
v -13.154362 20.344934 -23.733042
v -13.334638 12.599305 -25.573177
v -16.227081 2.452071 -26.541519
v -16.078011 4.736278 -26.247894
v -18.186426 -6.789640 -25.172014
v -15.959636 -0.339397 -26.919794
v -16.174911 -1.962816 -26.837477
v -17.892193 -10.271733 -24.436409
v -26.722307 -14.835917 -11.379099
v -28.278383 -14.311813 -8.110476
v -15.642044 21.747993 -21.500504
v -32.351124 2.756370 4.141077
v -21.360218 -14.183808 -19.671558
v -16.071726 -4.618896 -26.709326
v -16.013062 -6.240490 -26.501295
v -22.770603 -14.451480 -17.938932
v -19.980515 -13.499078 -21.449713
v -18.259415 -12.162229 -23.441763
v -24.611631 -15.390113 -14.731353
v -30.488482 -12.028611 -2.641614
v -13.350720 6.049809 -27.269876
v -23.293859 -15.619020 -16.327026
v -13.193597 8.769435 -26.700502
v -11.331436 13.777872 -26.187202
v -11.788336 17.306402 -25.132454
v -11.269209 20.126369 -24.749439
v -13.407734 3.047134 -27.780857
v -13.076772 0.458572 -28.177834
v -12.424041 20.882128 -23.870405
v -16.045813 -7.860675 -26.166964
v -15.397717 -9.969117 -25.989971
v -9.987581 16.476749 -26.119606
v -13.267145 -1.453973 -28.174498
v -13.475921 -4.154620 -27.998446
v -10.025757 10.916722 -27.462967
v -13.264547 -6.874475 -27.783350
v -10.835977 20.580322 -24.753740
v -19.194262 22.440882 -17.896561
v -9.085729 20.011263 -25.665249
v -19.378059 -14.977373 -21.025257
v -17.982882 -14.166554 -22.603029
v -12.633665 -9.623198 -27.436102
v -15.606630 -12.861763 -24.808121
v -24.751139 -16.600899 -13.110151
v -21.346699 -16.330727 -17.975361
v -19.615528 -16.442955 -19.649508
v -28.919216 -14.422647 -5.472967
v -27.448097 -15.846459 -7.920171
v -26.226675 -16.187906 -10.608658
v -32.231239 -6.011229 2.868405
v -31.928150 -7.652768 2.532190
v -31.141222 -10.646356 0.151165
v -13.381068 -11.515884 -26.501732
v -13.067511 -12.886112 -26.147024
v -29.701563 -13.697721 -2.721509
v -23.098610 -17.449715 -14.601850
v -21.695450 -17.391525 -16.525049
v -24.571478 -17.932331 -11.511967
v -27.945816 18.917448 4.015185
v -26.494165 22.960068 4.723769
v -31.264364 7.653214 5.478495
v -32.084312 3.147366 5.617722
v -29.525806 13.846190 5.375923
v -32.305817 0.437575 5.433918
v -32.303467 -1.303406 5.398838
v -27.244802 20.332535 5.437480
v -26.420303 23.439369 0.135018
v -26.434647 23.358145 2.945568
v -32.092167 -4.189548 5.468431
v -31.304298 -9.875348 2.597484
v -26.061890 -17.647825 -8.411488
v -27.753595 -16.433027 -5.258970
v -30.198891 -12.898911 0.126254
v -24.777109 -18.173513 -10.672961
v -31.167295 5.743085 7.673584
v -26.054356 22.864172 7.114906
v -31.505970 -7.634412 5.482850
v -23.283796 -18.411186 -13.071448
v -28.182436 -16.358149 -2.632216
v -26.253794 -18.036795 -6.833605
v -31.630098 3.078638 7.645730
v -31.849661 0.500673 7.401478
v -27.160997 19.176254 7.537888
v -29.377472 12.886403 7.234068
v -30.532858 8.670360 7.358488
v -24.588955 23.200230 -9.372392
v -31.104296 -9.280825 5.275308
v -29.979023 -13.148017 2.651831
v -31.607302 -1.539005 8.197543
v -31.553293 -4.195862 7.637664
v -26.030354 23.328854 6.153090
v -29.030369 -15.070174 0.131038
v -31.235613 -6.208124 7.754961
v -30.456573 -11.173496 5.334600
v -18.137087 -16.464773 -20.917011
v -26.345684 -18.478561 -5.045411
v -19.712221 -18.213068 -17.850233
v -14.763886 -14.453060 -24.471537
v -21.562862 -18.823280 -14.964494
v -31.301657 0.564499 9.264313
v -24.580179 -19.652216 -7.969119
v -27.883183 -16.993980 0.190840
v -19.650272 -19.645359 -16.252239
v -30.871290 -7.760445 7.974294
v -28.003256 15.787007 8.594554
v -26.343346 20.709866 8.548367
v -30.872786 2.010957 10.327311
v -30.130491 8.770808 8.587415
v -29.139666 12.218575 8.623396
v -30.563961 3.533326 10.769395
v -30.332388 -9.684938 8.068085
v -30.243643 5.333371 10.716543
v -29.350943 -13.759889 5.164261
v -28.117702 -16.450365 2.738915
v -27.921013 -16.244890 5.309893
v -26.593206 -18.608271 -2.364270
v -29.612423 -11.876105 7.893057
v -29.294285 9.555599 10.415936
v -25.446783 23.224133 8.613639
v -30.414421 -1.278533 11.684942
v -30.317266 0.809215 11.993145
v -30.067490 -4.274585 12.012208
v -29.948757 -6.505157 11.549119
v -29.634785 -8.525946 11.270688
v -22.929895 -20.197182 -10.640865
v -24.816887 -20.229427 -5.159734
v -21.604980 -20.129456 -13.016471
v -21.577660 -21.280807 -11.085803
v -17.915266 -18.174683 -19.541256
v -26.455879 -18.908625 0.219715
v -28.438053 -14.290513 8.071887
v -27.854691 -15.372923 7.994933
v -29.122587 -10.718354 10.764327
v -15.957935 -15.803053 -22.839108
v -19.823317 -20.713268 -14.593083
v -25.094379 -20.356106 -2.165301
v -25.321283 -20.235258 0.225336
v -26.585669 -18.596788 2.695180
v -17.602402 -19.982002 -17.878777
v -13.363591 -15.844977 -24.380949
v -28.098120 -13.113547 10.904119
v -26.472141 -18.248703 5.554894
v -25.752632 23.588535 5.856022
v -13.439048 -17.631069 -23.085909
v -13.464934 -19.446104 -21.530376
v -26.324623 -17.666233 8.101520
v -27.371687 -14.929674 10.245659
v -26.298119 -16.384274 10.761671
v -2.882718 7.594518 27.001068
v -0.185671 7.784987 26.913311
v -2.992221 4.782319 27.654377
v -0.348442 3.792530 27.894003
v 1.763143 3.860176 27.785248
v 1.685384 3.324754 27.903555
v -2.542169 11.576970 25.844511
v -0.338436 10.744015 26.067966
v -5.119723 6.418583 27.157190
v -5.291565 9.901696 26.171165
v -5.140527 3.168502 27.859934
v -4.713603 13.209184 25.161966
v -0.168517 14.031634 24.963818
v -2.159373 13.948084 25.039822
v -0.725635 16.721539 24.172760
v -4.274797 16.720018 24.078005
v -2.673853 18.374113 23.811262
v -0.082216 18.441456 23.790854
v -5.312749 18.336405 23.617504
v 2.000549 9.881186 26.093342
v 1.458431 14.574282 24.627443
v 2.442608 16.629898 23.937696
v 3.015899 18.366322 23.535440
v 2.491365 3.795294 27.700573
v 2.457140 3.103743 27.963951
v 3.184701 14.357063 24.453817
v 4.834480 16.495020 23.570601
v -0.003128 1.084116 28.250111
v 4.598455 10.611623 25.351864
v 4.937991 14.932238 23.933435
v 3.239009 5.517042 27.057142
v 2.984264 3.323797 27.766861
v 5.794230 18.300152 23.134739
v -2.712698 0.776416 28.253819
v -6.729570 16.619320 23.794006
v -6.840341 13.649568 24.724369
v -7.196958 9.134910 26.126629
v -7.002578 3.075891 27.658930
v -8.039892 5.705078 26.910025
v 0.120866 19.375860 23.688307
v -2.969487 19.883688 23.632118
v -5.607982 19.891298 23.360106
v 2.467841 2.608502 27.919214
v -7.318952 18.801130 23.139402
v -9.025731 6.979335 26.377806
v -9.002372 3.016860 27.317739
v -6.106521 0.288411 28.073786
v -8.282928 0.441055 27.791481
v -9.337872 8.744733 25.798128
v -8.906845 12.855112 24.505901
v -10.683616 5.721700 26.320631
v -11.500525 2.889316 26.784321
v -8.358006 16.457111 23.443272
v -11.447199 0.621296 27.135300
v -8.126233 20.742054 22.744738
v -2.216094 -1.599868 28.355543
v -0.228502 -2.415071 28.360521
v 1.742909 20.149591 23.549805
v 5.755069 19.738611 23.088852
v -11.395700 7.589574 25.555367
v -12.907972 4.729167 25.926073
v -11.206800 10.142582 24.766613
v -5.290465 -1.718979 28.156614
v -8.512899 -1.576292 27.819246
v -13.140033 3.132538 26.230947
v -9.586253 18.199387 22.588459
v -10.136859 16.469257 22.869038
v -10.434458 13.067293 23.952171
v -9.825788 19.811623 22.235065
v -12.679102 0.851018 26.749218
v 1.576163 -0.975889 28.202021
v 3.591028 1.475016 27.822447
v -0.287738 20.643776 23.685562
v -5.840758 21.330679 23.346302
v -11.949378 -1.524250 27.078810
v -7.186614 -3.322351 27.922836
v -3.678560 -3.871768 28.194139
v -13.120996 8.324928 24.677574
v -2.941845 21.340729 23.691412
v -5.458025 -5.706314 27.925053
v -12.462635 12.928444 23.204634
v -11.400390 16.700050 22.292992
v -10.488660 20.949335 21.896347
v -14.226185 1.074276 26.111189
v -7.726023 21.720934 22.913328
v -9.293124 -3.537532 27.571323
v -14.559826 3.175404 25.622408
v -14.756864 5.809194 24.793850
v -12.559542 18.315723 21.283066
v -12.413136 20.411568 21.006256
v -7.236768 -6.254413 27.643259
v -0.333877 -5.216654 28.116816
v 1.844517 -3.664365 28.087046
v 1.558112 -5.286417 27.959766
v 3.297349 -1.779326 27.920042
v 7.341755 16.611305 22.874918
v -11.560111 -3.382977 27.043495
v -4.005190 -6.429347 27.906521
v 7.876118 19.162086 22.638866
v 4.972085 7.166894 26.129168
v 4.644833 3.022413 27.267040
v 4.809365 -0.742667 27.600784
v -13.960446 -1.374419 26.312902
v -13.602468 16.562346 21.294825
v -13.692425 12.979169 22.630850
v -15.094917 9.603834 23.229994
v -9.928983 21.796659 22.195137
v 6.406653 10.986778 24.668604
v 1.689944 21.014109 23.665792
v 5.373061 20.557434 23.230455
v 6.908403 9.274038 24.919989
v 6.740978 14.225104 23.553368
v 7.447355 15.504956 22.941225
v 4.563774 -3.414744 27.588795
v 5.774606 1.246064 27.166739
v 6.328556 -0.388815 27.095427
v -5.167951 -7.605663 27.633276
v -11.201715 -5.575149 26.850000
v -0.331783 -7.494375 27.747267
v 8.176973 20.236275 22.729242
v 4.331078 -5.476823 27.452530
v -13.251542 -3.316451 26.464022
v -0.374953 21.396557 23.829641
v -16.378637 3.409183 24.581329
v 8.635221 1.967878 25.879032
v 2.199836 -7.066815 27.582758
v -3.790566 -9.465389 27.243750
v -14.739641 18.447342 20.063461
v -15.353521 13.400972 21.582241
v -13.789029 19.578440 20.357254
v -12.640153 21.780712 20.935575
v -15.237697 16.543348 20.382753
v -14.132339 21.579153 19.991983
v -16.904455 6.874044 23.202091
v -17.825039 4.993743 23.223660
v -16.086969 0.750329 25.107889
v -7.227214 -8.062604 27.228691
v -10.560447 -7.821736 26.512831
v -17.403599 10.178481 21.602655
v -12.857742 -6.252983 26.102741
v -17.439848 0.881703 24.259647
v -15.502685 19.592386 19.255732
v -16.352497 16.972464 19.505825
v -17.153076 13.933988 20.221720
v -17.005726 -1.426001 24.599150
v -18.599129 6.489683 22.192406
v -18.731524 8.650053 21.293993
v -18.630527 3.186755 23.117144
v -16.409605 -3.212197 24.841965
v -9.500239 -8.467937 26.596457
v -5.080420 -9.577420 27.117428
v -0.399396 -9.760448 27.162178
v -15.619589 -5.775734 24.837955
v -6.995351 -10.029447 26.665592
v 1.523523 -9.050792 27.162912
v 9.098057 -0.303838 25.971592
v 6.152901 -3.250344 27.046572
v 8.329435 11.143827 23.805227
v 10.054456 5.022296 24.537859
v 4.508036 -7.985754 26.884945
v -19.823881 0.981981 22.533995
v -16.126234 21.763567 18.533464
v -20.157486 5.707652 21.268118
v -13.235682 -8.159451 25.412725
v -15.813066 -6.962990 24.417959
v -19.252623 -1.339457 23.024395
v -18.518101 13.190399 19.511120
v -20.485296 3.323495 21.647755
v -19.061230 -3.715034 23.046864
v -6.360425 22.129669 23.463186
v -4.624872 22.066540 23.809656
v -10.893327 -9.689735 25.768682
v -2.219566 -11.955287 26.397028
v -4.975199 -11.711382 26.344667
v -18.258877 -6.016516 23.170544
v -7.464598 -11.710627 25.901241
v 8.949879 -1.452222 26.019989
v -0.180967 -11.777768 26.424957
v 3.017843 21.411053 23.805099
v 8.003491 14.072701 22.991163
v 6.405321 -4.891006 26.752001
v 4.460494 -10.082416 26.269911
v 2.733326 -11.583904 26.004007
v 11.316782 1.688044 24.649797
v 10.795769 -0.938661 25.203390
v 10.098878 10.130225 23.187111
v 10.190517 11.011081 22.885750
v 6.181109 -7.848300 26.236099
v -1.625500 21.951935 24.098051
v 10.149348 -3.101003 25.288427
v 12.728199 4.713698 23.176077
v 12.581271 1.654462 23.961119
v 10.229961 15.081230 21.430294
v 6.035841 20.985308 23.345097
v 12.581178 -0.979082 24.232882
v 8.238346 15.522793 22.409142
v 10.349886 17.120770 21.307289
v 8.104664 17.542421 22.436180
v 11.084778 19.332857 21.185541
v 8.035270 -6.031002 25.813751
v 9.587997 19.648479 21.965338
v 12.948247 15.044262 19.852261
v 12.800271 12.761703 20.658039
v 12.602679 17.080265 20.031040
v 12.782063 10.328117 21.466173
v 12.366027 -3.164108 24.101980
v 8.789157 20.940969 22.954063
v 11.114789 -5.641224 24.333441
v 13.884308 2.122267 22.987362
v 8.259111 -8.131405 25.179573
v -12.781370 -11.364727 24.300106
v -10.712017 -11.769482 24.873007
v -0.297671 -13.133246 25.753292
v -2.135365 -13.187468 25.790747
v -4.944109 -13.303605 25.524363
v -11.655936 22.214531 21.561211
v -13.393653 22.531366 20.747301
v -9.479445 22.531904 22.685715
v -11.236783 22.523190 21.945911
v 13.060410 18.673246 19.931826
v 12.655598 -4.943047 23.609156
v -14.634981 -9.915805 24.051975
v -16.832956 -8.563237 23.302685
v -21.381666 -1.671989 21.334690
v -18.135927 16.799181 18.139149
v -16.872398 18.332832 18.568653
v -16.878824 19.725622 18.107983
v -20.384867 9.025595 19.750614
v -21.899393 0.910381 20.795666
v -8.038458 22.570423 23.269819
v -21.495680 -3.469288 21.112513
v -20.244644 -6.387772 21.627895
v -15.691916 22.503153 19.103371
v -17.584564 22.011974 17.215822
v -18.448214 19.327597 16.720963
v -19.423590 12.879333 18.846582
v -19.555454 14.284875 18.061529
v -22.176411 3.285188 20.097900
v -21.952755 5.669401 19.591173
v -18.655977 21.871634 16.093578
v -16.728266 -10.198049 22.717682
v 4.664618 -11.390377 25.616392
v -7.809947 -13.090183 25.056004
v 8.213223 -10.022580 24.625690
v -18.639126 -9.831197 21.604336
v -23.187523 -1.602828 19.637739
v -10.382138 -13.075231 24.246382
v 3.267950 21.830626 24.196312
v -23.216846 1.005646 19.471767
v -15.735760 -11.596030 22.641869
v 11.428142 20.020401 21.265974
v -22.682499 -3.674514 19.944979
v -19.586760 16.524717 16.766760
v -21.266312 10.558817 18.024714
v -21.830870 -6.416043 20.195528
v 7.082514 -11.317769 24.653009
v -20.958765 -8.456987 20.289333
v -24.023800 3.698638 17.962320
v -22.831034 6.736707 18.152361
v -18.001417 -11.640667 21.150234
v 9.329950 20.484873 22.438295
v -13.070896 -13.195217 23.060942
v 12.435811 -7.868249 22.992565
v 11.486689 -10.158717 22.816391
v 2.619662 -13.166929 25.114046
v 12.961884 19.952793 20.478209
v 9.914797 -11.502777 23.071772
v -3.378755 -14.516242 24.798206
v -20.389994 -10.198987 19.999693
v 4.943502 -13.168996 24.468830
v -19.631273 -11.636234 19.888878
v -15.701325 -13.156528 21.641392
v -24.201992 -3.475065 18.261692
v -24.423269 -1.692825 18.178827
v -24.395012 0.738629 18.095884
v -23.477989 -6.472835 18.420563
v -7.949520 -14.005306 24.338709
v -5.120373 -15.084411 24.152573
v -0.158740 -14.799732 24.543831
v 2.081248 -14.973642 23.968369
v -1.860856 -14.939908 24.487080
v -22.999884 -8.500884 18.149452
v -18.051861 -13.159064 20.070488
v -10.592443 -14.683076 22.904066
v -16.638496 22.949644 18.586643
v -17.848608 22.901188 17.439213
v -22.297926 -10.174230 18.095743
v -19.343405 22.887072 15.847849
v 4.721633 -15.149676 23.107431
v -21.347067 -11.679289 18.187756
v -24.910183 -6.224835 16.651579
v 7.946985 -13.189123 23.067308
v 9.829853 -13.511724 21.893749
v 10.752420 20.744133 22.159115
v -20.171082 -13.183956 18.228588
v -24.619520 -8.058431 16.284227
v -19.734247 21.915705 14.848549
v -23.324541 -10.222878 16.825369
v -20.668394 22.929394 14.133771
v 7.920901 -15.275943 21.587019
v 9.845207 -15.031167 20.826792
v -22.890053 -11.486768 16.518101
v 24.919607 -1.974685 5.538826
v 25.301132 -1.808449 2.834301
v 25.183559 -3.520258 4.221091
v 24.629211 0.148084 6.009678
v 25.065432 0.612739 2.486189
v 24.243940 3.260412 5.350784
v 24.395781 4.261508 2.743889
v 23.548212 8.286163 4.899880
v 23.812244 8.194354 3.141178
v 23.605707 5.617116 6.855402
v 23.078297 9.482645 6.632205
v 23.664747 3.037509 8.497679
v 23.983038 0.093842 8.937428
v 24.272261 -1.985527 8.539002
v 22.726482 8.836939 8.175489
v 24.531282 -3.381894 7.705775
v 25.251232 0.543370 0.312624
v 25.505123 -1.823486 0.220206
v 23.440117 11.458885 4.760918
v 23.773500 11.283142 2.800024
v 24.125999 6.375429 2.183096
v 24.504139 4.492977 0.346483
v 24.067511 7.905107 0.301840
v 24.023857 11.249046 0.182398
v 25.546543 -3.360111 0.374876
v 22.956553 12.307981 6.433078
v 22.362812 11.592140 8.201881
v 23.137829 1.994968 10.822210
v 23.442093 13.420101 4.946498
v 23.292660 -0.882714 11.435962
v 23.946331 -3.479710 9.724523
v 22.391027 4.682240 11.520643
v 22.171799 9.183953 9.589920
v 23.752638 13.384354 3.409160
v 24.100243 13.305243 0.395392
v 22.110542 13.309467 8.678518
v 24.500822 -4.750198 7.420821
v 24.957348 -5.007186 4.981439
v 25.262543 -5.007554 2.689670
v 23.185167 -3.349499 11.878444
v 22.125572 1.620631 13.598104
v 21.561575 4.087001 13.900726
v 23.020298 14.812574 6.656161
v 22.352959 -0.657546 13.677472
v 21.352705 9.143226 11.709826
v 21.456882 11.469858 10.434140
v 20.445526 11.868402 12.517284
v 20.521557 9.585553 13.318167
v 20.515341 13.742119 11.996987
v 22.240692 15.193073 8.526370
v 22.511473 -3.310752 13.393109
v 23.721344 -5.349758 9.837466
v 23.051006 -4.896079 11.816952
v 21.395828 1.056546 15.169449
v 20.731092 15.193789 11.554133
v 20.370001 6.705645 15.007978
v 19.916576 11.456684 13.686823
v 19.482691 13.459625 13.787112
v 19.589792 9.455289 15.071252
v 21.021954 -1.061312 16.143166
v 20.252533 3.639605 16.357975
v 23.704412 15.119629 4.832225
v 24.103123 15.064022 2.625505
v 19.769199 15.343097 13.100986
v 21.036930 -3.192971 15.999294
v 22.373457 -4.889575 13.271297
v 19.443655 6.745479 16.484917
v 19.939480 0.668773 17.519094
v 23.715302 -7.586315 8.348328
v 24.250437 -7.447364 6.300244
v 24.564346 -7.334469 4.850995
v 24.890663 -6.888762 2.980177
v 24.352167 15.059550 0.228358
v 25.239748 0.327372 -1.288106
v 25.395720 -4.898265 0.376239
v 24.331264 5.175393 -1.740552
v 24.021727 8.187461 -1.831603
v 23.977148 11.531401 -2.141941
v 24.074463 13.363810 -1.640873
v 25.407587 -1.949762 -1.632268
v 22.733353 -6.845428 11.588578
v 22.983149 -8.068692 10.157690
v 18.714054 11.918844 15.342278
v 19.914110 -1.465772 17.832205
v 25.136187 0.291841 -2.582526
v 24.181301 5.077592 -3.630061
v 23.857595 8.256918 -3.412126
v 25.329292 -3.415135 -2.537209
v 25.228395 -4.924629 -1.932123
v 25.072750 -6.600946 0.411058
v 24.301821 15.086300 -2.148059
v 23.508480 16.517403 6.551555
v 22.734747 16.894199 8.315036
v 25.181580 -1.631902 -3.266679
v 23.892277 13.337938 -3.358011
v 24.283138 -8.745823 4.121025
v 21.987776 16.372681 9.605925
v 21.504084 17.649073 11.152623
v 20.657703 16.309399 11.927624
v 23.033707 -11.164748 6.807370
v 22.736607 -10.947072 8.247763
v 24.230238 17.100775 5.143326
v 24.570007 16.754463 2.533543
v 24.851749 16.907080 0.310092
v 21.766983 -6.763190 13.562076
v 19.680822 -3.305286 18.017899
v 20.013365 17.581266 13.250994
v 18.360559 13.893394 15.236298
v 18.463093 15.262513 14.889272
v 20.305590 -4.973181 16.645845
v 18.434849 16.224977 14.965065
v 21.823021 -9.491669 11.781343
v 21.794886 -11.587502 10.208475
v 17.958473 11.078747 16.606037
v 24.666616 -8.131010 0.478378
v 18.766392 3.826513 18.190624
v 23.549480 11.583887 -4.857259
v 23.824635 6.122168 -5.056990
v 23.557064 8.560658 -5.020535
v 24.665209 0.821296 -4.797582
v 24.951611 -6.437013 -1.506505
v 22.770233 -12.631999 5.232449
v 23.915819 15.200032 -5.033047
v 23.557211 13.438908 -5.215525
v 24.787407 16.779226 -2.207720
v 23.866123 -10.247626 2.679146
v 20.639584 -9.486188 13.996076
v 22.010803 -13.097866 7.819316
v 19.027519 -5.285563 18.356825
v 19.858027 -6.775588 16.536880
v 20.299370 -11.552278 13.229710
v 17.155014 13.376995 16.744112
v 18.567017 -1.674172 19.430519
v 18.521599 0.489413 19.184925
v 19.178991 18.102339 14.490010
v 17.190126 15.283029 16.310640
v 18.214788 6.192220 18.107540
v 17.236353 16.975277 16.368919
v 23.816118 17.426046 6.819854
v 18.874832 -9.733959 16.502762
v 18.457899 -11.430993 16.101295
v 20.965178 -13.261603 10.450963
v 18.237419 -3.413530 19.632666
v 22.060684 -14.949800 2.735554
v 24.501177 -8.020848 -1.931060
v 24.049612 -9.863275 0.340274
v 23.837540 -10.027691 -1.576950
v 21.299463 -16.191429 4.682748
v 24.787355 -3.320887 -5.065351
v 24.815725 -2.048818 -4.992373
v 22.185530 -14.754181 0.446697
v 23.069160 -12.381375 0.422954
v 24.714424 -5.015570 -4.603192
v 17.724409 -9.667799 18.131483
v 20.939497 -16.148392 6.153818
v 19.394087 -13.129890 13.537185
v 24.359655 -6.969543 -4.435907
v 23.868582 3.136948 -6.782110
v 23.157543 17.732965 8.403914
v 20.580263 -15.812846 7.875931
v 17.634872 18.251818 16.224545
v 22.013903 -14.827688 -1.836720
v 22.933741 -12.193565 -2.139748
v 24.311357 16.592758 -5.249009
v 24.996302 18.009319 4.357683
v 20.455948 18.609123 13.247997
v 23.391668 6.222716 -6.754160
v 23.081976 8.831201 -6.656050
v 21.378693 -16.407152 2.479615
v 23.837240 0.174545 -8.006272
v 22.280750 -13.248361 -4.452378
v 23.053530 -10.599435 -5.161940
v 24.022558 -8.935607 -3.104157
v 21.381306 -16.466921 -0.013546
v 22.988203 11.548100 -6.705021
v 24.147919 -4.987809 -6.631999
v 19.948956 -14.750854 10.893234
v 23.451851 2.858100 -8.279993
v 23.849463 -2.921112 -8.138851
v 21.560772 -14.908988 -4.938828
v 23.475481 15.140969 -6.546761
v 22.668285 7.983612 -8.233507
v 22.257923 11.528179 -8.720047
v 23.705267 -7.345374 -6.535562
v 23.554148 -5.471676 -8.210695
v 22.824614 -10.236350 -6.654112
v 21.836311 -13.256267 -6.605115
v 22.394621 13.334229 -8.610300
v 22.870401 15.011577 -8.234036
v 21.139307 -16.431885 -3.091262
v 22.928125 18.041595 9.211284
v 23.202995 -0.477136 -9.723462
v 24.526079 18.477057 7.167600
v 25.256714 17.620514 -1.632402
v 25.102488 17.683861 -4.671998
v 22.071022 -11.119036 -8.287335
v 22.887064 -8.350706 -8.255015
v 23.416481 16.484890 -8.184057
v 21.302370 -13.166571 -8.472075
v 21.152706 -14.873409 -6.696046
v 25.542492 18.098715 0.908548
v 20.806763 -16.460920 -4.966502
v 21.897825 18.443069 11.178187
v 21.617859 18.885855 12.079706
v 22.985294 -3.237129 -10.188220
v 22.923973 -5.043022 -9.868364
v 22.404238 -7.748994 -9.839497
v 17.370918 -7.599058 19.371635
v 17.669012 -5.158587 19.861691
v 20.235630 -18.206854 0.494566
v 20.646091 -14.966066 -8.152634
v 20.191305 -18.082443 2.720134
v 21.426838 -11.232882 -9.800645
v 19.026197 -16.645609 10.022606
v 18.558178 -14.894627 13.056369
v 18.150682 -16.802423 11.334080
v 20.004129 -18.336163 -1.887730
v 16.779579 -11.670122 18.060398
v 17.377100 -13.193901 16.216881
v 17.398827 0.519630 20.319729
v 16.383478 -9.935413 19.472742
v 19.657225 -17.846121 6.109579
v 19.733067 -18.217636 4.817705
v 18.922714 -17.757442 8.253089
v 20.044847 -16.406582 -7.756998
v 19.887611 -18.232088 -3.511065
v 24.350853 17.612331 -8.030789
v 19.172888 19.279522 15.380238
v 16.604036 11.257976 17.941092
v 16.987484 -1.771762 20.911081
v 16.993256 4.737998 19.728382
v 25.702824 18.187943 -1.750801
v 15.556291 16.903301 17.891689
v 15.521043 15.224734 17.898125
v 15.441670 13.427584 18.393248
v 15.531151 18.398584 18.141476
v 16.301695 0.061730 21.355429
v 17.638243 -15.361858 13.820953
v 15.446660 2.015858 21.757042
v 16.509863 -7.374523 20.221985
v 16.749557 -4.620361 20.738216
v 17.764011 19.320778 16.771631
v 19.670984 -18.119904 -5.007960
v 14.499030 13.035269 19.303558
v 15.774448 7.322599 19.976599
v 14.685602 4.354766 21.812038
v 23.470676 18.499611 9.043893
v 14.459291 -0.426331 22.871775
v 15.524405 -11.467734 19.395872
v 14.303918 16.885935 18.871632
v 13.884308 2.122267 22.987362
v 13.953943 -1.507731 23.243305
v 13.779608 -3.891660 23.074312
v 12.948247 15.044262 19.852261
v 12.800271 12.761703 20.658039
v 15.301253 -13.347868 18.279980
v 17.389544 -18.523329 9.876655
v 12.782063 10.328117 21.466173
v 16.788759 -16.681349 13.370533
v 18.311049 -18.737362 7.458472
v 15.147183 -10.196584 20.343231
v 13.966960 -5.648667 22.560293
v 12.581178 -0.979082 24.232882
v 12.581271 1.654462 23.961119
v 12.366027 -3.164108 24.101980
v 13.060410 18.673246 19.931826
v 16.107689 19.268267 18.082520
v 15.544087 -14.909230 16.593019
v 13.484498 -11.417765 21.053225
v 12.728199 4.713698 23.176077
v 12.602679 17.080265 20.031040
v 13.273258 -10.202241 21.659128
v 12.435811 -7.868249 22.992565
v 17.071756 -17.771942 11.541397
v 20.410820 19.317381 14.183086
v 18.772108 -19.621746 2.730672
v 12.655598 -4.943047 23.609156
v 14.566065 19.616905 19.363274
v 14.042832 -13.095997 19.554049
v 15.891936 -16.339779 14.741496
v 18.203226 -19.624809 5.152173
v 18.831150 -19.728785 0.320016
v 11.486689 -10.158717 22.816391
v 13.773601 -15.008558 18.157705
v 25.513456 18.153034 -5.137984
v 15.425460 -18.250381 12.886782
v 16.605179 -20.069395 7.867644
v 12.961884 19.952793 20.478209
v 18.621180 -19.759809 -2.516734
v 18.928272 -17.977816 -7.712492
v 16.048166 -19.699265 9.820808
v 12.944906 -16.107685 17.787060
v 23.773220 18.862141 9.536189
v 16.060991 19.942862 18.718067
v 12.929275 -13.758826 19.871374
v 14.086116 -17.713182 14.902066
v 9.914797 -11.502777 23.071772
v 18.346127 -19.571589 -4.859274
v 17.884878 -19.476078 -6.564508
v 18.071573 19.759819 17.040735
v 9.829853 -13.511724 21.893749
v 10.227988 -16.384125 19.440466
v 9.845207 -15.031167 20.826792
v 14.273829 20.122189 19.948105
v -26.975285 7.657208 -10.098952
v -27.109476 9.539985 -8.281215
v -28.346451 5.625905 -8.017487
v -28.083609 7.900813 -6.722840
v -28.218662 3.457617 -9.696398
v -26.885809 5.594903 -11.629632
v -27.527145 3.124041 -11.474607
v -28.863482 3.055687 -8.090865
v -25.696186 14.016949 -8.221784
v -24.979836 13.956546 -10.015697
v -26.104334 6.772998 -12.475665
v -26.570148 4.288647 -12.932308
v -24.061216 14.762242 -11.261552
v -24.157972 17.959066 -8.259033
v -23.257143 18.295961 -10.094077
v -23.613108 20.065981 -8.194747
v -22.925705 20.251244 -9.794102
v -24.757656 10.244449 -12.774624
v -26.094271 14.005367 -6.835289
v -24.436222 18.318535 -6.888404
v -24.022114 19.998823 -6.782092
v -21.697548 18.433107 -12.747199
v -22.325359 18.612965 -11.617487
v -23.051811 15.035004 -12.779869
v -21.591034 20.578121 -12.249312
v -24.907131 6.225384 -14.667789
v -25.621878 3.924000 -14.641264
v -21.471249 19.753790 -12.587283
v -27.293032 0.743308 -12.792815
v -27.969728 0.430557 -11.449616
v -23.722958 9.091346 -14.906323
v -26.169411 1.347838 -14.546400
v -22.885763 11.912867 -14.560360
v -21.587769 14.844369 -14.929319
v -24.445498 4.422970 -16.118616
v -19.872553 19.875408 -14.900909
v -20.218241 18.327454 -14.924158
v -23.167347 7.177146 -16.579782
v -28.594675 0.527101 -9.852853
v -26.620977 -1.209316 -14.361070
v -24.710886 2.056079 -16.478725
v -21.378929 12.283113 -16.290710
v -28.034271 -1.498337 -11.701326
v -27.401663 -2.773896 -13.125573
v -23.020668 4.234497 -17.906237
v -25.036659 -1.312162 -16.585909
v -21.748219 7.578785 -18.044224
v -19.930790 15.440739 -16.572083
v -18.617483 18.253376 -16.829746
v -18.198812 19.998840 -16.879969
v -19.891354 12.689811 -17.721882
v -23.591494 0.894492 -18.037304
v -19.503147 21.540321 -15.309424
v -21.700155 4.002995 -19.318590
v -20.259655 6.497279 -19.895870
v -22.076845 0.920217 -19.588448
v -23.897066 -1.684857 -17.986776
v -19.771303 8.493423 -19.593447
v -18.226294 16.820246 -17.677774
v -16.957342 18.522415 -18.265303
v -26.496822 -3.171595 -14.572976
v -25.144030 -3.189227 -16.444942
v -21.976557 21.668661 -11.527444
v -21.039900 21.584314 -13.082124
v -22.678226 21.945656 -10.172525
v -23.566433 21.619001 -7.978579
v -28.777536 -1.498937 -9.730655
v -18.159346 12.614416 -19.280455
v -19.879187 4.065427 -20.931297
v -19.913359 2.339576 -21.267565
v -22.263887 -1.782192 -19.697201
v -16.601013 20.012085 -18.437876
v -16.585550 16.326288 -19.202248
v -20.254728 0.228308 -21.322351
v -18.032986 21.364737 -17.116989
v -18.344055 6.267083 -21.521309
v -18.406464 9.450382 -20.319899
v -24.118385 -3.654432 -17.652931
v -16.600241 11.564340 -20.838774
v -15.327649 16.508898 -20.112753
v -14.872593 18.236658 -20.003248
v -20.074329 -1.544876 -21.625654
v -22.418344 -3.517370 -19.488054
v -18.331383 3.544177 -22.208797
v -14.815891 19.972385 -19.948114
v -16.516123 6.486268 -22.703838
v -15.679533 10.849197 -21.692646
v -13.633621 16.131157 -21.362906
v -13.362370 18.009127 -21.079624
v -13.124813 19.088469 -21.196291
v -18.580336 0.113965 -22.549856
v -20.533594 -3.982185 -21.206301
v -16.257086 21.172884 -18.865778
v -27.979898 -3.754916 -11.769443
v -28.678499 -3.501666 -9.922630
v -26.045111 -6.159611 -14.648270
v -27.079834 -6.224072 -12.970201
v -13.981703 20.703432 -20.703836
v -29.300600 -1.108088 -7.957564
v -29.178701 4.922585 -5.333549
v -28.799103 6.844470 -5.006343
v -29.561090 0.153933 -6.546561
v -28.152874 9.298784 -4.607122
v -26.833929 12.939847 -5.124198
v -24.735775 18.809284 -4.938823
v -24.386435 20.417250 -4.884805
v -25.591141 16.358854 -5.020042
v -29.607321 2.907244 -4.935939
v -24.162086 21.745483 -5.447715
v -24.356741 22.016861 -4.460658
v -29.287962 -3.308323 -7.966474
v -27.805305 -6.850083 -11.152653
v -29.882217 0.058661 -5.004278
v -29.158243 6.210892 -3.712571
v -29.917557 -2.242321 -5.393461
v -28.810707 -5.248536 -9.029887
v -29.834341 3.530209 -2.697147
v -29.560871 5.309790 -2.059812
v -25.076612 18.881121 -2.455460
v -24.823484 20.181370 -2.265002
v -28.797920 8.243648 -1.939227
v -27.707529 11.383924 -2.562600
v -25.801596 16.479404 -3.028608
v -30.223396 0.564200 -2.538207
v -23.494059 22.135941 -8.365271
v -24.127378 22.696413 -6.671658
v -24.747173 22.166185 -1.516563
v -29.446098 -5.083968 -6.709273
v -29.883425 -3.967048 -5.051394
v -30.368071 -1.846784 -2.223700
v -28.837294 -6.828955 -8.189521
v -29.636272 5.657714 0.312350
v -30.163071 2.899029 0.269089
v -30.442892 0.598042 0.214597
v -26.763067 14.024745 -2.180907
v -28.853115 8.492414 0.357621
v -25.172770 19.032928 0.149281
v -24.898769 20.683186 -0.062209
v -24.835270 22.097080 0.626337
v -27.954725 11.126007 0.633099
v -25.844955 16.745161 -0.048148
v -26.820282 14.108198 0.292883
v -30.340689 -3.457159 -2.119518
v -29.840214 -5.341063 -4.476592
v -30.526026 -1.675301 0.342559
v -29.428888 -7.179360 -5.139136
v -28.932659 -8.057723 -6.693693
v -28.750687 8.666332 2.907033
v -29.566925 5.589942 3.219453
v -28.397919 -8.685941 -8.138062
v -25.863163 16.488054 1.925967
v -27.555235 12.007929 3.144513
v -30.133587 2.410897 2.975973
v -30.219744 -5.199730 -1.283838
v -30.439249 -3.809572 0.545653
v -25.069744 18.806715 2.627654
v -24.793634 20.263805 2.723298
v -25.780796 16.416908 3.242770
v -30.340050 0.422348 2.883613
v -30.423592 -1.828678 2.766923
v -29.921352 -6.782275 -1.854032
v -27.899040 10.553733 4.926427
v -28.792978 7.675593 5.181040
v -29.276096 -8.221034 -4.639619
v -29.841242 2.784408 5.120928
v -29.437166 5.137335 5.063394
v -24.604200 21.841362 3.240992
v -22.151798 22.552132 -11.799483
v -25.550943 16.470753 4.728812
v -24.714361 18.752596 4.873406
v -24.227432 20.307339 5.696324
v -24.191376 22.031078 5.333564
v -28.815872 6.490587 6.673243
v -29.925211 -7.105796 0.377859
v -30.082264 -0.640794 5.179304
v -29.443905 -8.761685 -1.832012
v -24.535606 22.720957 -4.465447
v -24.484789 23.029192 -5.579843
v -30.179564 -3.438866 4.261667
v -30.125793 -5.320680 2.790475
v -29.546871 3.017017 6.476344
v -28.812620 5.169868 7.937167
v -27.986183 9.148455 6.746778
v -21.132927 22.579954 -13.578505
v -25.004400 22.989805 -1.403987
v -24.919168 22.619009 0.800061
v -26.249071 13.719495 6.678889
v -24.716722 22.695696 3.239991
v -29.557579 0.604217 7.368012
v -25.059322 16.607323 6.523333
v -24.234125 18.752388 6.711775
v -28.273129 6.618752 8.607759
v -28.939877 3.500807 8.558477
v -29.733252 -7.389657 2.445673
v -29.570040 -1.886285 7.540526
v -29.182558 -9.810544 0.465078
v -29.798071 -5.315415 5.135394
v -23.204842 22.941940 -9.979794
v -23.900255 22.980930 -8.130915
v -29.385424 -3.499061 8.016852
v -29.355022 -8.704011 3.150254
v -27.333155 9.574521 8.363658
v -26.030973 13.076429 8.170956
v -29.406914 -5.119840 7.163407
v -29.474068 -7.012892 5.249442
v -23.508312 21.846563 7.780856
v -24.544037 16.411936 8.334971
v -29.345249 -0.164913 8.182393
v -28.436773 2.061309 10.552850
v -28.476604 -0.252958 10.950021
v -27.992580 4.423745 10.662490
v -23.622324 18.761581 8.402870
v -23.154203 20.800768 8.790633
v -28.475132 -1.759857 11.055865
v -28.958496 -6.215698 8.334865
v -28.989697 -9.987504 2.547069
v -28.883585 -9.513491 4.878915
v -26.851776 8.631258 10.438451
v -28.456533 -3.361949 10.902853
v -28.354477 -6.460180 10.050317
v -28.715130 -8.183702 7.599910
v -24.468723 22.983780 5.325392
v -25.869154 11.587142 9.901638
v -24.610037 13.471307 11.063913
v -23.758389 16.544704 9.996122
v -22.884647 18.751858 10.063365
v -26.715099 6.887117 12.017870
v -22.646215 22.076599 9.892365
v -27.030714 3.274689 13.284189
v -23.066643 20.016651 9.129214
v -24.650337 11.618070 12.525496
v -25.083382 9.200606 13.500039
v -26.378334 6.057574 13.224317
v -27.197485 1.617275 13.466032
v -27.292440 -0.412604 13.637819
v -23.845463 22.377247 6.961508
v -23.360754 22.701962 8.673143
v -28.367304 -9.986332 6.527389
v -27.359520 -1.922150 13.513066
v -27.969566 -3.877628 11.926677
v -22.160715 18.684439 11.511384
v -21.823717 20.217131 11.606223
v -22.904264 16.552334 11.667519
v -21.619684 21.716789 11.877013
v -26.267656 3.184005 14.756335
v -27.993900 -11.709927 4.907610
v -26.413036 0.630728 15.141803
v -23.880068 12.266822 13.419271
v -21.922766 16.698050 13.225204
v -27.966166 -9.900350 8.198550
v -27.795486 -8.562656 10.012021
v -24.958899 4.844879 16.210463
v -21.102213 18.658707 13.355622
v -20.858736 20.351458 13.257467
v -24.497351 8.432473 14.955802
v -23.980494 23.004446 7.381283
v -26.673937 -3.224278 14.664082
v -26.458067 -1.724379 15.175147
v -26.871832 -6.522647 13.344851
v -24.989979 3.365901 16.750559
v -25.399929 1.251521 16.622377
v -25.334023 23.415346 0.600727
v -20.725298 21.983599 13.431340
v -25.176655 23.432575 3.011325
v -20.661665 16.362646 15.335011
v -22.711546 12.357478 15.110488
v -22.989511 9.577519 16.460657
v -20.054731 18.851013 14.900173
v -19.590754 20.315697 15.124877
v -23.817856 6.616469 16.944469
v -27.040693 -8.398221 11.881001
v -21.894915 22.412813 11.615344
v -27.417484 -11.540150 7.658101
v -25.398527 -0.385293 16.804289
v -19.586760 16.524717 16.766760
v -20.628992 14.225797 16.760689
v -24.023800 3.698638 17.962320
v -22.799461 22.877451 10.183098
v -26.958761 -10.152900 10.649666
v -26.555189 -11.568686 10.025204
v -26.096972 -5.496889 15.004045
v -19.734247 21.915705 14.848549
v -19.166018 18.640129 16.180902
v -25.228775 -3.216052 16.926872
v -24.423269 -1.692825 18.178827
v -26.341167 -8.319077 13.350885
v -24.395012 0.738629 18.095884
v -22.831034 6.736707 18.152361
v -19.555454 14.284875 18.061529
v -21.266312 10.558817 18.024714
v -18.448214 19.327597 16.720963
v -24.910183 -6.224835 16.651579
v -24.619520 -8.058431 16.284227
v -18.655977 21.871634 16.093578
v -25.634130 -9.983187 13.462663
v -19.907341 22.550709 -15.547622
v -18.418591 22.090345 -17.050423
v -24.201992 -3.475065 18.261692
v -24.953505 23.367706 -4.786798
v -24.929878 -11.561949 13.387421
v -24.615192 -9.827163 15.249147
v -23.641138 23.415424 9.162243
v -24.791122 23.431919 5.260894
v -21.866899 23.065292 12.305753
v -20.668394 22.929394 14.133771
v -22.329437 22.948009 -12.077875
v -23.952658 -11.703848 14.843967
v -22.746252 23.376003 11.058029
v -23.324541 -10.222878 16.825369
v -22.890053 -11.486768 16.518101
v -6.827405 -9.306808 -26.566996
v -7.080722 -7.794412 -26.848063
v -8.309530 -8.364649 -26.260090
v -8.527405 -10.015993 -25.879921
v -9.477137 -7.875009 -25.962744
v -10.587214 -10.053967 -25.328928
v -11.489154 -8.239945 -25.353998
v -13.322893 -10.007932 -24.415754
v -13.548415 -7.935352 -24.693800
v -13.783947 -4.273892 -25.032442
v -12.459977 -4.306266 -25.407049
v -14.906059 -5.184368 -24.469475
v -9.258652 -5.216996 -26.225395
v -9.577499 -3.269767 -26.257050
v -10.779051 -4.512399 -25.820202
v -9.988126 -1.461845 -26.195602
v -6.949673 -3.413993 -27.088148
v -6.763321 -5.359736 -27.162905
v -4.766996 -6.032024 -27.770969
v -13.642605 -1.585282 -25.049765
v -14.983735 -3.744241 -24.558800
v -11.469059 -0.227426 -25.687040
v -5.348173 -6.728527 -27.710861
v -17.023726 -3.699780 -23.619486
v -15.105176 -8.234337 -23.909634
v -17.293266 -5.447752 -23.253571
v -17.019030 -1.870202 -23.599176
v -16.968927 -0.168637 -23.509375
v -10.197965 0.566709 -25.972559
v -8.647069 -0.154393 -26.431086
v -13.483393 4.029990 -24.589750
v -14.909332 3.720530 -24.069437
v -5.046309 -3.372022 -27.468243
v -7.144564 -0.560690 -26.776119
v -5.715027 -7.514565 -27.557991
v -5.469480 -8.084781 -27.699495
v -3.904321 -7.341534 -28.022696
v -4.518517 -6.455016 -27.984375
v -4.982656 -8.544974 -27.863283
v -18.486387 -2.036003 -22.768492
v -16.691416 3.948673 -23.145329
v -10.799277 4.760835 -25.173365
v -11.854599 6.052357 -24.665859
v -15.188036 6.585946 -23.391323
v -13.492353 6.820800 -24.032944
v -18.580336 0.113965 -22.549856
v -18.810966 -3.636968 -22.559414
v -8.334614 3.342960 -25.884706
v -18.331383 3.544177 -22.208797
v -16.516123 6.486268 -22.703838
v -11.651357 10.170832 -23.711088
v -10.188003 9.470878 -24.261665
v -9.106384 12.616896 -23.977871
v -8.720827 8.711862 -24.746292
v -7.587400 11.363271 -24.588039
v -7.122318 15.825058 -23.933273
v -7.357145 14.006450 -24.177696
v -4.856511 15.052508 -24.596031
v -5.153943 17.300619 -24.365026
v -7.137339 16.981689 -23.795509
v -8.539218 16.748604 -23.297283
v -8.977836 14.601009 -23.591547
v -11.387367 13.858637 -22.998426
v -5.386684 8.102901 -25.388897
v -13.365898 10.425103 -23.065428
v -6.953160 6.886796 -25.372419
v -6.181625 0.616405 -26.707701
v -3.043332 14.939233 -24.847578
v -3.438438 17.173553 -24.672998
v -3.493360 11.356833 -25.189426
v -5.235484 4.818324 -25.936277
v -5.028664 0.675550 -26.784903
v -9.701598 16.727804 -22.770117
v -11.938114 16.500315 -22.060358
v -13.435220 13.601562 -22.196173
v -11.922045 17.633032 -21.854727
v -13.362370 18.009127 -21.079624
v -13.633621 16.131157 -21.362906
v -8.604181 18.518301 -23.415417
v -3.188103 6.511690 -25.724205
v -14.486134 10.834651 -22.395430
v -1.940017 15.377796 -24.881056
v -1.785736 17.310369 -24.874065
v -2.090655 10.338115 -25.341925
v -10.361150 18.739658 -22.609688
v -13.124813 19.088469 -21.196291
v -3.552398 -5.396993 -27.733347
v -2.977656 3.571840 -26.181711
v -3.642953 -6.123621 -28.028900
v -15.679533 10.849197 -21.692646
v -0.100506 15.127470 -24.906246
v -0.190232 17.419104 -25.009535
v -0.307439 8.894585 -25.396326
v -3.406357 -1.007230 -27.031462
v -0.463374 6.231758 -25.680195
v -1.170028 2.383543 -26.246372
v -7.201042 19.299389 -24.114153
v -5.501849 19.268490 -24.638454
v -3.698868 18.488766 -24.886196
v -9.130798 19.686203 -23.421522
v -3.129060 -5.492572 -27.794531
v -2.626110 -4.453303 -27.492496
v -3.181296 -8.434583 -27.909346
v -3.551493 -9.445966 -28.054810
v -11.905302 20.137016 -21.995173
v -13.981703 20.703432 -20.703836
v -2.474062 19.114080 -25.319962
v -20.074329 -1.544876 -21.625654
v -0.118505 2.290166 -26.142120
v -1.237599 -1.462909 -26.728415
v 1.860461 3.395508 -25.706306
v 1.774505 12.909677 -24.860209
v 2.485909 7.662312 -25.161743
v 1.800788 15.627711 -24.780659
v 1.653207 17.437155 -24.989582
v -2.860180 -9.851583 -28.007784
v 0.751360 18.544163 -25.417549
v -6.914811 20.036001 -24.562601
v 4.095644 18.491129 -25.383741
v -9.197266 20.501972 -23.815538
v 1.588620 19.164526 -25.834553
v -11.806330 21.191664 -22.672842
v -13.236296 21.189226 -21.561943
v -5.544097 20.184473 -25.236898
v -3.739266 19.755005 -25.425135
v -2.165800 19.691040 -25.780571
v -14.724148 21.695406 -20.742414
v 5.737169 18.842451 -25.774723
v -7.121636 20.456900 -24.836655
v -16.257086 21.172884 -18.865778
v -16.152710 21.670170 -19.274929
v -17.546045 22.134981 -18.149542
v -18.418591 22.090345 -17.050423
v 12.758975 2.669596 -21.456778
v 11.688409 1.962242 -22.239582
v 12.413646 -1.425058 -21.832153
v 15.086457 -0.244860 -19.865007
v 15.187306 1.725156 -19.650709
v 15.087157 -2.573239 -19.827465
v 13.022714 -3.423657 -21.339087
v 13.972889 4.161114 -20.359522
v 17.099703 2.260861 -17.964201
v 17.178173 -0.382773 -18.053638
v 16.468523 4.478043 -18.230019
v 12.457914 5.716866 -21.257465
v 11.208065 5.211280 -22.204876
v 10.271017 3.133752 -23.011211
v 15.852057 9.865734 -17.806248
v 14.044730 9.445601 -19.316572
v 11.710770 10.085362 -20.972422
v 13.461536 11.978180 -19.502991
v 15.363125 11.745848 -18.027254
v 11.337973 11.831139 -21.042095
v 9.306566 10.666142 -22.499304
v 8.274123 12.307867 -22.956533
v 17.292454 9.059594 -16.618628
v 17.103189 11.414222 -16.456810
v 18.490360 2.967659 -16.503275
v 9.366164 6.252159 -23.146069
v 8.056161 10.098619 -23.291618
v 11.534688 13.313332 -20.944082
v 9.712463 13.363859 -22.082436
v 15.495950 13.165281 -17.980936
v 7.974433 13.854946 -23.079596
v 9.948487 0.475096 -23.294411
v 14.144601 13.261246 -19.075489
v 16.990004 -3.589854 -18.111462
v 18.586334 -0.004697 -16.609657
v 17.393909 13.284956 -16.221006
v 9.838303 -2.825008 -23.305010
v 10.972535 -3.405308 -22.638269
v 14.009080 -5.280709 -20.420395
v 7.836452 6.662213 -23.874718
v 8.223110 3.520585 -24.015039
v 15.499616 -6.000652 -19.162327
v 16.910223 -5.847119 -17.973240
v 12.138896 -5.043467 -21.757994
v 18.874081 4.330234 -15.830903
v 18.683828 -3.071793 -16.414574
v 18.274521 -5.548002 -16.576164
v 18.815205 9.881675 -14.775356
v 18.859310 11.716081 -14.520262
v 18.925844 13.550033 -14.555540
v 13.533121 -6.970852 -20.486643
v 6.673886 12.286282 -23.715441
v 10.015036 -4.985622 -23.017330
v 14.817063 -9.317071 -19.053402
v 7.796586 15.418546 -23.327856
v 8.265635 -0.133931 -24.091547
v 6.345906 14.347961 -23.814657
v 6.506526 9.824338 -23.995480
v 16.308435 -9.275858 -17.830835
v 10.109739 14.733973 -22.070353
v 6.681453 -4.088246 -24.708160
v 6.908528 -5.769484 -24.470552
v 11.488153 -7.260865 -21.755312
v 9.153276 -7.163245 -23.134838
v 6.506458 2.720809 -24.724878
v 6.570099 -0.247482 -24.776573
v 6.746891 6.527144 -24.284014
v 13.083824 -9.941974 -20.079987
v 18.012699 -8.311161 -16.289585
v 7.086475 -8.215435 -23.981991
v 20.216087 2.929587 -14.379880
v 20.194256 -0.643429 -14.646004
v 20.717581 -3.461614 -13.886098
v 20.750105 -5.082705 -13.603706
v 19.318361 -8.124839 -14.692535
v 9.206939 -9.701434 -22.487844
v 7.124559 -10.149419 -23.467060
v 13.235003 -11.555910 -19.516706
v 6.121783 15.636739 -23.981525
v 15.460503 -11.605996 -17.802780
v 14.789556 15.109324 -19.171089
v 16.557316 15.047469 -17.574165
v 13.049327 14.361181 -20.222654
v 11.256739 15.431234 -21.690722
v 17.642340 15.106100 -16.513083
v 5.069923 12.900719 -24.230652
v 19.339415 8.779448 -14.293007
v 21.374636 -0.789169 -13.070130
v 17.206572 -11.056663 -16.333353
v 5.194583 -8.501141 -24.696007
v 5.279931 -6.379207 -24.991077
v 9.078488 16.192944 -22.993212
v 8.403442 -11.318131 -22.409784
v 5.165648 -9.917265 -24.392075
v 12.785413 15.619188 -20.919737
v 6.682687 16.604536 -24.003624
v 14.817775 -13.058089 -17.715410
v 18.940659 15.247121 -15.124340
v 11.271667 -13.313111 -20.031738
v 4.229013 15.197436 -24.412783
v 4.587966 10.492032 -24.493876
v 4.931198 -4.023180 -25.208673
v 4.696609 -0.185397 -25.293451
v 4.805020 5.165470 -24.951862
v 3.900615 2.703768 -25.387075
v 13.060454 -13.284158 -18.937004
v 3.030598 -8.208008 -25.423035
v 2.621093 -9.838076 -25.302729
v 1.588544 -9.920289 -25.808483
v 2.351545 -6.422732 -25.735891
v 1.105813 -7.780418 -26.320477
v 0.663327 -10.113287 -26.375977
v 1.130491 -5.858077 -26.242134
v 0.644115 -6.766844 -26.595457
v 0.147446 -6.251198 -26.889002
v 0.987047 -3.465171 -26.184029
v -0.940226 -4.908052 -27.138315
v -1.435378 -5.689717 -27.583576
v -0.418966 -7.342828 -27.102945
v 2.295938 -2.490962 -25.784372
v 1.228923 -0.145180 -26.048491
v -0.056379 -1.801216 -26.456242
v -1.436156 -4.118546 -27.152815
v -1.613142 -7.128960 -27.509129
v -0.665277 -8.880954 -27.306355
v 0.236491 -7.864847 -26.893768
v 0.208797 -8.648328 -26.910706
v 0.574749 -8.172282 -26.744684
v 0.919644 -7.603385 -26.667652
v 0.492116 -6.755944 -26.987415
v -0.151666 -8.886396 -27.032242
v -0.529462 -10.252701 -27.221592
v -0.072983 -10.155290 -26.986126
v -1.613816 -10.138964 -27.808470
v -1.442183 -8.747248 -27.568420
v 0.551927 -9.538497 -26.856991
v -2.876608 -7.086435 -27.889095
v -2.088076 -8.516249 -27.650532
v 4.167840 17.046749 -24.634884
v 2.233019 -11.598019 -24.880255
v 4.401916 -11.838164 -24.030640
v -0.152594 -11.324537 -26.265539
v 3.053036 13.011910 -24.662924
v 6.080195 -11.715065 -23.404282
v 7.470416 -13.257806 -22.091249
v 10.932994 -14.962180 -19.510695
v 12.836431 -15.028638 -18.271084
v 5.660210 -14.464821 -22.409035
v 16.407814 -13.150338 -16.195538
v 7.009871 -15.345432 -21.371296
v 14.632818 -15.070917 -16.803366
v 18.729502 -11.186057 -14.464492
v 6.660522 -16.352266 -21.034191
v 10.116947 -16.587486 -19.089155
v 11.622638 -16.596216 -18.181810
v 4.325423 -15.121301 -22.573078
v 2.203727 -13.102962 -24.170124
v -0.053016 -12.990751 -25.094347
v 10.223644 16.408197 -22.623278
v 12.246629 16.340988 -21.667456
v 13.748839 16.493074 -20.895061
v 20.907730 -7.453522 -12.757639
v 21.964622 -3.199826 -12.129568
v 20.556076 13.415441 -12.231150
v 20.237225 11.792987 -12.621502
v 20.282967 9.504543 -12.733471
v 21.073147 4.552184 -12.785765
v 20.597950 15.314802 -12.954115
v 21.381977 1.950794 -12.804618
v 18.014414 -13.352969 -14.252753
v 13.185543 -16.661457 -16.986357
v 22.057119 -5.062582 -11.648975
v 17.031385 -14.890698 -14.489335
v 15.263763 16.423405 -19.636856
v 17.085482 16.521658 -18.055061
v 1.174958 -14.981400 -23.555428
v 18.154564 16.501984 -16.898748
v 19.804193 -11.332794 -12.834390
v 19.256397 -13.254667 -12.557507
v 19.891718 16.500853 -14.840137
v 22.532139 -1.016269 -11.201963
v 14.547864 -16.422863 -15.946646
v 4.587958 -16.696611 -21.587637
v 21.123423 11.267513 -11.053044
v 21.330633 8.551048 -11.122903
v 21.632029 -7.771605 -11.446536
v 16.368561 -16.398748 -14.070884
v 21.959494 3.010274 -11.600013
v 18.690374 -14.951956 -12.181041
v 7.309910 -17.832623 -19.676498
v 22.985294 -3.237129 -10.188220
v 21.323318 15.045710 -11.527832
v 9.944033 -18.079977 -18.095865
v 21.232664 16.439487 -12.814619
v 20.801165 -10.960108 -11.260382
v 22.394621 13.334229 -8.610300
v 22.254038 15.121582 -9.724555
v 9.356800 17.430660 -23.717146
v 11.564509 -18.244032 -16.891386
v 22.627644 2.468947 -10.369826
v 23.202995 -0.477136 -9.723462
v 22.257923 11.528179 -8.720047
v 21.825405 9.751089 -9.807813
v 22.668285 7.983612 -8.233507
v 23.451851 2.858100 -8.279993
v 23.837240 0.174545 -8.006272
v 22.923973 -5.043022 -9.868364
v 22.404238 -7.748994 -9.839497
v 22.337822 16.487684 -10.794340
v 17.935207 -16.444279 -11.961950
v 20.076851 -13.328836 -11.022607
v 21.426838 -11.232882 -9.800645
v 14.695873 -17.981091 -14.354485
v 7.271536 17.848356 -24.586544
v 5.544491 17.944393 -24.908150
v 13.111620 -18.621412 -15.242328
v 22.870401 15.011577 -8.234036
v 19.938511 -14.885257 -9.874557
v 21.302370 -13.166571 -8.472075
v 23.416481 16.484890 -8.184057
v 18.968243 -16.499430 -10.070806
v 11.974601 17.507439 -22.804361
v 13.815722 17.174538 -21.560959
v 16.389236 -18.055357 -12.207311
v 20.646091 -14.966066 -8.152634
v 20.044847 -16.406582 -7.756998
v 14.852061 -19.027489 -12.823274
v 17.782391 -18.021229 -10.010339
v 15.694628 17.142038 -20.193544
v 17.467556 17.185598 -18.689701
v 18.928272 -17.977816 -7.712492
v 12.212002 -19.713280 -14.636150
v 14.312299 -19.727695 -12.372146
v 22.871475 17.102884 -10.843046
v 16.111759 -19.311064 -10.550822
v 19.568241 17.126312 -16.303120
v 21.385305 17.090931 -13.710553
v 24.350853 17.612331 -8.030789
v 7.233782 18.542885 -25.272398
v 8.433888 18.095123 -24.573803
v 17.170294 -19.520082 -8.169991
v 17.884878 -19.476078 -6.564508
v 11.727058 -23.695137 4.216190
v 11.914868 -25.897528 3.915827
v 11.512429 -25.948317 4.959963
v 11.322316 -23.455065 5.039490
v 10.782519 -25.921036 6.181710
v 10.942402 -23.417940 5.694372
v 10.589081 -23.416389 6.231193
v 9.824388 -26.142223 7.458182
v 10.095959 -23.404589 6.976900
v 9.073012 -25.565445 8.169200
v 9.288694 -23.459505 7.792463
v 8.818641 -26.159601 8.589749
v 7.725545 -25.514137 9.362583
v 7.282506 -26.096239 9.964729
v 7.592788 -23.422470 9.093897
v 6.502837 -25.781878 10.316265
v 6.558026 -23.443829 9.723332
v 4.910234 -25.723717 11.208355
v 5.729550 -25.790506 10.845222
v 11.463529 -26.185472 5.277280
v 10.626019 -26.217415 6.618303
v 12.084884 -26.225103 3.922414
v 4.436280 -23.595980 10.656517
v 11.923498 -24.570215 3.616802
v 12.028651 -23.838490 3.096204
v 12.144195 -23.764883 2.777769
v 12.363832 -25.333158 1.550791
v 12.435684 -26.232647 2.249874
v 12.600232 -24.012150 0.331494
v 12.665614 -26.034592 0.572809
v 13.081093 -25.320896 -0.462780
v 12.983530 -24.621397 -0.455839
v 12.412168 -23.820665 0.967004
v 12.539749 -23.731436 0.547642
v 12.808814 -26.233631 -0.059206
v 12.947325 -26.228693 -0.846912
v 13.074694 -25.334038 -1.218629
v 13.012253 -24.193159 -1.198167
v 12.547392 -23.862404 -0.186022
v 13.044143 -24.567595 -1.487944
v 13.254265 -24.049732 -1.489068
v 13.088977 -23.608315 -1.526644
v 13.229134 -24.347109 -1.904705
v 11.568534 -23.396078 3.801489
v 12.734072 -23.809639 -1.367036
v 5.311570 -26.091379 11.506326
v 3.496312 -25.545732 11.560696
v 5.735226 -22.979929 9.735477
v 6.720770 -23.006523 9.144965
v 3.993706 -25.805908 11.583420
v 4.384201 -23.016102 10.211888
v 2.261671 -25.798122 11.927233
v 2.791791 -23.732286 10.989832
v -3.102293 19.965008 -26.395115
v -3.676834 20.058144 -26.019014
v -0.382209 19.657270 -26.158278
v -4.236269 19.986898 -26.508078
v -6.508756 20.413364 -25.810524
v -6.164012 20.413582 -25.422417
v -8.496666 20.816664 -24.860712
v -10.275311 20.947863 -24.610777
v -10.627237 21.177826 -23.850176
v -11.239772 21.192696 -23.927956
v -13.142853 21.613516 -22.412846
v -13.421218 21.428936 -22.924826
v -14.788999 21.902866 -21.423298
v 0.438486 19.616789 -26.488615
v -0.266382 19.451220 -27.009556
v 2.814989 19.272148 -26.512270
v 2.642975 19.253313 -26.149906
v 5.737169 18.842451 -25.774723
v 5.428735 18.828522 -26.489323
v 6.435700 18.774916 -25.962362
v 7.233782 18.542885 -25.272398
v 9.170039 18.373890 -24.945562
v 9.077289 18.354057 -25.443874
v 10.727855 18.237766 -24.499802
v -14.724148 21.695406 -20.742414
v -9.004511 20.814167 -24.322302
v -7.121636 20.456900 -24.836655
v -5.544097 20.184473 -25.236898
v -16.102291 22.082659 -19.923611
v -18.086996 22.458736 -18.235123
v -17.057533 22.177488 -19.970840
v -18.676880 22.537546 -17.959717
v -19.078066 22.563738 -16.865717
v -20.494455 22.829666 -15.766002
v -19.907341 22.550709 -15.547622
v -21.264202 22.881239 -14.002088
v -21.852509 22.986273 -13.798049
v -22.329437 22.948009 -12.077875
v -23.038145 23.131538 -12.192568
v -23.590439 23.238588 -10.700084
v -23.204842 22.941940 -9.979794
v -24.357862 23.343954 -8.158343
v -24.919992 23.422472 -7.469700
v -25.444265 23.544622 -5.300674
v -24.953505 23.367706 -4.786798
v -25.514261 23.560606 -2.942095
v -24.588955 23.200230 -9.372392
v -10.391155 20.961548 -23.499216
v -11.806330 21.191664 -22.672842
v 6.241029 18.470362 -26.661167
v -19.194262 22.440882 -17.896561
v -25.909184 23.395252 -4.988977
v -25.965427 23.621635 -0.838563
v -25.460783 23.495157 -1.062433
v -25.508530 23.657053 4.126694
v -25.723122 23.661980 4.582281
v -24.970819 23.686268 6.952107
v -24.791122 23.431919 5.260894
v -25.176655 23.432575 3.011325
v -24.382723 23.436882 7.048751
v -24.005919 23.699852 9.833192
v -23.641138 23.415424 9.162243
v -22.746252 23.376003 11.058029
v -25.752632 23.588535 5.856022
v -22.959127 23.696106 12.058320
v -24.051283 23.616482 10.848886
v -21.842279 23.404793 12.883128
v -21.384205 23.620388 14.757254
v -20.724831 23.383707 14.654277
v -19.721464 23.577070 16.934216
v -19.130669 23.347595 16.624037
v -17.614607 23.322538 18.182772
v -17.462296 23.454782 19.047802
v -16.019867 23.246174 19.643366
v -14.401354 23.191473 21.203434
v -22.098658 23.582037 14.353241
v -25.334023 23.415346 0.600727
v -15.642044 21.747993 -21.500504
v 9.662872 18.076916 -25.564323
v 11.509487 18.021448 -24.590189
v 12.369377 18.106123 -23.555580
v 13.591922 17.956285 -23.353512
v 14.459818 17.909178 -22.388172
v 15.263954 17.864111 -22.130829
v 16.401997 17.656687 -20.540739
v 17.019558 17.800423 -20.671385
v 18.568956 17.660875 -18.611944
v 19.484314 17.747726 -18.353197
v 21.772942 17.837601 -15.761595
v 19.139456 17.550426 -19.261335
v 17.704905 17.536310 -20.700312
v 20.691034 17.459913 -17.735552
v 11.037248 18.066851 -23.907343
v 8.433888 18.095123 -24.573803
v 15.565608 17.598328 -22.458683
v 13.759110 17.629845 -23.695312
v -15.156656 22.912405 19.816185
v -13.081192 22.951792 21.417528
v -12.803865 23.079227 22.070997
v -12.085980 22.981667 22.597122
v -10.535750 22.919294 22.812302
v -11.140395 22.674210 23.343164
v -8.984516 22.786289 23.695137
v -9.010451 22.831484 23.420403
v -6.987131 22.683973 24.152725
v -8.038458 22.570423 23.269819
v -5.154819 22.538317 24.260574
v -4.807103 22.531946 24.671051
v -2.905596 22.286379 24.280132
v -0.206912 22.106314 24.423552
v 0.945325 22.096893 24.802198
v 3.267950 21.830626 24.196312
v 3.505170 21.766760 24.886890
v 4.389774 21.748463 24.255213
v 6.524211 21.439386 24.473850
v -0.834813 22.145874 25.085255
v -9.479445 22.531904 22.685715
v 3.318370 18.893599 -27.020493
v -26.420303 23.439369 0.135018
v -22.903879 22.800854 -13.288268
v 20.242094 17.610609 -16.613087
v 22.693972 17.877317 -13.965620
v 23.188030 17.860645 -13.877847
v 24.033611 17.999102 -12.004231
v 24.092964 17.987276 -10.893487
v 24.752371 18.088993 -10.245045
v 24.823792 18.004984 -8.304536
v 25.150417 17.776064 -10.724407
v 25.396828 18.198101 -8.565426
v 25.952316 18.176401 -7.520844
v 25.943760 18.369595 -5.861272
v 26.508539 18.121107 -5.960561
v 26.406170 18.401134 -4.582734
v 26.178917 18.475191 -3.111787
v 26.803556 18.518839 -0.662299
v 26.346418 18.650024 2.211802
v 26.544680 18.538258 2.985854
v 25.819183 18.660608 5.309974
v 25.985933 18.540802 1.467140
v 25.489084 18.543797 4.638022
v 24.970680 18.561842 6.347212
v 24.400602 17.772057 -12.124825
v 25.788023 18.530834 6.530138
v 25.243605 18.768600 7.027264
v 25.045086 18.661879 8.730682
v 24.572012 18.842836 8.639584
v 24.524698 18.891329 9.644297
v 23.773220 18.862141 9.536189
v 23.588011 19.169302 11.055980
v 22.194788 19.243431 12.172698
v 21.835861 19.468960 13.408051
v 23.224499 19.114458 12.305622
v 20.410820 19.317381 14.183086
v 22.550388 19.112659 13.478798
v 20.480957 19.577093 15.790211
v 19.935249 19.662231 15.534451
v 16.818712 20.086458 18.712999
v 17.406488 20.004141 18.724361
v 14.754987 20.455212 20.722082
v 14.404863 20.411198 20.388014
v 12.717163 20.543129 21.177637
v 12.605526 20.747290 21.991817
v 11.483204 20.864344 22.323463
v 11.127111 20.853758 22.946472
v 9.657988 21.081335 23.192583
v 8.848207 21.236742 23.680090
v 10.752420 20.744133 22.159115
v 8.789157 20.940969 22.954063
v 7.139007 21.440891 23.725822
v 6.057594 21.607557 24.301910
v 18.071573 19.759819 17.040735
v 16.060991 19.942862 18.718067
v 26.981533 18.169567 -2.922174
v 22.376993 17.542637 -15.663723
v -25.477522 23.223372 -7.233373
v 25.513456 18.153034 -5.137984
v 24.526079 18.477057 7.167600
v 23.470676 18.499611 9.043893
v -24.054502 22.877003 -11.350908
v 1.588620 19.164526 -25.834553
v -1.625500 21.951935 24.098051
v -0.178411 18.932981 -27.439844
v -21.305969 22.513557 -15.771063
v -5.987138 20.037523 -26.396090
v -17.546045 22.134981 -18.149542
v 22.436985 17.618547 -13.075571
v 21.682209 17.660341 -14.701497
v -3.739266 19.755005 -25.425135
v -2.165800 19.691040 -25.780571
v 24.795527 18.568325 10.105051
v -25.004400 22.989805 -1.403987
v -3.371623 22.151783 25.252205
v -11.236783 22.523190 21.945911
v -13.393653 22.531366 20.747301
v 14.410374 17.699125 -21.925100
v 11.974601 17.507439 -22.804361
v 3.017843 21.411053 23.805099
v -18.418591 22.090345 -17.050423
v -17.101526 23.064518 20.084700
v 19.172888 19.279522 15.380238
v -3.140122 19.521135 -27.086250
v 14.273829 20.122189 19.948105
v -13.236296 21.189226 -21.561943
v 8.875045 20.879265 24.264860
v 13.296688 20.338612 22.161041
v 7.995013 18.042938 -26.317375
v 12.961884 19.952793 20.478209
v 25.702824 18.187943 -1.750801
v -9.103608 20.479053 -25.399075
v -23.900255 22.980930 -8.130915
v 11.872664 17.629725 -24.795149
v -24.127378 22.696413 -6.671658
v 11.543388 20.513803 23.163778
v 23.679705 17.532946 -13.754127
v 23.610121 17.615133 -10.384789
v -26.434647 23.358145 2.945568
v 16.856321 19.831118 19.619259
v -16.638496 22.949644 18.586643
v -7.329551 19.993341 -26.200344
v 25.542492 18.098715 0.908548
v 24.350853 17.612331 -8.030789
v -21.186712 23.101570 16.488232
v -4.624872 22.066540 23.809656
v -6.360425 22.129669 23.463186
v -19.225786 22.934210 18.646172
v -20.149328 22.946115 17.774717
v -25.446783 23.224133 8.613639
v -21.132927 22.579954 -13.578505
v 21.617859 18.885855 12.079706
v 21.207161 19.162701 15.493766
v 4.095644 18.491129 -25.383741
v -5.179247 22.159740 25.139812
v -18.898104 22.076075 -18.718884
v -14.631446 22.641991 21.973787
v -12.424041 20.882128 -23.870405
v 6.035841 20.985308 23.345097
v 18.352711 19.435589 18.554970
v -24.484789 23.029192 -5.579843
v 19.568241 17.126312 -16.303120
v 17.467556 17.185598 -18.689701
v 15.694628 17.142038 -20.193544
v 21.385305 17.090931 -13.710553
v -9.197266 20.501972 -23.815538
v -17.848608 22.901188 17.439213
v 5.430062 21.358543 24.873690
v -23.325882 23.089848 13.618009
v -16.152710 21.670170 -19.274929
v -22.503613 23.098053 14.905416
v 24.996302 18.009319 4.357683
v 14.922493 19.989805 21.210342
v -26.448084 23.163523 -2.928868
v -26.030354 23.328854 6.153090
v 9.356800 17.430660 -23.717146
v -0.443245 21.695683 25.530058
v -15.691916 22.503153 19.103371
v -24.632479 23.185547 10.876940
v -19.343405 22.887072 15.847849
v 13.815722 17.174538 -21.560959
v 22.871475 17.102884 -10.843046
v -14.350084 21.216959 -22.715143
v -20.668394 22.929394 14.133771
v -21.866899 23.065292 12.305753
v -17.714190 21.716158 -20.078773
v 19.323032 19.038998 17.828831
v -23.980494 23.004446 7.381283
v -10.835977 20.580322 -24.753740
v 11.428142 20.020401 21.265974
v -8.680766 -11.577320 -25.399115
v -10.819801 -11.417893 -24.845369
v -9.190784 -13.229661 -24.610954
v -6.923334 -13.239091 -25.144938
v -6.803487 -10.450901 -26.180901
v -5.232778 -11.973475 -25.880539
v -5.269866 -10.833479 -26.392555
v -5.069851 -13.312370 -25.387119
v -3.258507 -11.853064 -26.209940
v -8.527405 -10.015993 -25.879921
v -6.827405 -9.306808 -26.566996
v -10.587214 -10.053967 -25.328928
v -6.516265 -14.907683 -24.382853
v -5.084945 -14.971049 -24.528618
v -13.322893 -10.007932 -24.415754
v -13.236280 -11.616430 -23.821972
v -10.940193 -13.269156 -23.910824
v -4.902999 -9.887697 -27.137974
v -8.271702 -15.091973 -23.777088
v -5.469480 -8.084781 -27.699495
v -13.506051 -13.115926 -22.854015
v -15.014504 -10.074396 -23.560427
v -15.598168 -11.525612 -22.624355
v -16.353235 -9.931387 -22.832108
v -2.783253 -10.281962 -27.512886
v -15.105176 -8.234337 -23.909634
v -17.293266 -5.447752 -23.253571
v -18.672321 -6.061490 -22.250307
v -18.810966 -3.636968 -22.559414
v -18.668068 -9.987887 -21.137552
v -20.003248 -6.615440 -21.066965
v -20.533594 -3.982185 -21.206301
v -20.074329 -1.544876 -21.625654
v -3.335900 -14.961992 -24.556004
v -2.116515 -12.672542 -25.759687
v -4.982656 -8.544974 -27.863283
v -3.551493 -9.445966 -28.054810
v -2.860180 -9.851583 -28.007784
v -1.774595 -11.266774 -26.725563
v -5.005425 -16.726599 -23.215872
v -3.124886 -16.512424 -23.402058
v -6.857557 -16.636915 -22.973019
v -1.613816 -10.138964 -27.808470
v -1.278653 -14.721018 -24.433712
v -5.090400 -18.013697 -21.927635
v -7.872116 -18.065975 -21.249109
v -0.934081 -16.384972 -23.222612
v -3.260966 -18.195351 -21.815231
v -1.085659 -18.273302 -21.584639
v -4.961482 -18.680586 -21.093018
v 0.369844 -17.994268 -21.597588
v -0.053016 -12.990751 -25.094347
v -0.748198 -13.735132 -24.854650
v -7.868879 -19.010334 -19.859066
v -3.232854 -19.665340 -19.856909
v -0.774935 -19.665392 -19.888336
v -5.440652 -19.724667 -19.359587
v 1.586422 -16.678358 -22.391895
v 3.942639 -18.057653 -20.734180
v -0.152594 -11.324537 -26.265539
v 1.174958 -14.981400 -23.555428
v 4.587958 -16.696611 -21.587637
v -0.529462 -10.252701 -27.221592
v 1.949641 -19.644831 -19.559179
v 4.029852 -19.594452 -19.182600
v 6.101638 -18.433296 -19.688234
v -0.040010 -20.626543 -18.338558
v 1.577959 -20.589155 -18.256931
v 4.443927 -20.496073 -17.875317
v 6.970873 -19.710148 -18.022631
v 7.309910 -17.832623 -19.676498
v 6.660522 -16.352266 -21.034191
v 8.199485 -18.956367 -18.224592
v 7.459723 -20.544338 -16.664320
v 4.770989 -21.296783 -16.441236
v 9.944033 -18.079977 -18.095865
v 1.865361 -21.311859 -16.848160
v 10.537160 -19.500168 -16.280123
v 11.564509 -18.244032 -16.891386
v 8.120158 -21.369101 -14.838493
v 10.116364 -20.564840 -14.947386
v 13.111620 -18.621412 -15.242328
v 12.212002 -19.713280 -14.636150
v 10.698954 -21.394213 -12.876789
v 12.363285 -20.556692 -13.029824
v 12.495753 -21.328329 -11.201102
v 14.549465 -20.517704 -10.411119
v 14.312299 -19.727695 -12.372146
v 16.111759 -19.311064 -10.550822
v -9.969193 -15.001583 -23.160894
v -13.571051 -14.590950 -21.695293
v -9.928611 -16.562227 -21.911343
v -14.845847 -13.462890 -21.872955
v -8.428996 -16.634937 -22.506027
v -13.348945 -16.474022 -20.165239
v -15.302299 -15.276067 -20.084724
v -14.009179 -16.878704 -19.384144
v -17.058147 -14.462668 -19.613613
v -10.557444 -18.156658 -19.965759
v -16.613579 -16.241932 -18.292751
v -17.507086 -12.930993 -20.500311
v -15.936059 -17.212318 -17.702341
v -18.556463 -15.052517 -17.932314
v -14.374575 -18.008402 -17.851086
v -18.333883 -16.803894 -16.179510
v -20.113338 -13.221758 -18.100485
v -20.104792 -15.331513 -16.156044
v -19.559212 -11.671051 -19.607195
v -18.203728 -11.444872 -20.835468
v -21.690660 -13.125211 -16.499393
v -15.881763 -18.141270 -16.357759
v -20.222036 -16.531778 -14.432267
v -21.896538 -14.840043 -14.504931
v -21.311085 -11.771446 -17.852367
v -23.282578 -13.038050 -14.559749
v -22.943907 -11.496662 -16.206291
v -20.427525 -10.062117 -19.565023
v -21.835791 -9.899742 -18.245375
v -23.753239 -9.614018 -16.261124
v -24.297678 -11.426512 -14.416059
v -24.961596 -9.796716 -14.538496
v -21.932447 -6.255284 -19.432352
v -23.408636 -6.302847 -17.891201
v -24.561214 -6.677045 -16.433054
v -24.574625 -13.119947 -12.475729
v -25.499161 -8.496130 -14.439723
v -22.418344 -3.517370 -19.488054
v -26.045111 -6.159611 -14.648270
v -24.118385 -3.654432 -17.652931
v -25.144030 -3.189227 -16.444942
v -25.671602 -11.137380 -12.360314
v -26.847231 -8.205857 -12.373262
v -27.079834 -6.224072 -12.970201
v -23.034557 -15.062643 -12.392052
v -26.623178 -10.163810 -11.311770
v -25.876900 -13.075870 -9.874778
v -26.613152 -11.732325 -9.768044
v -24.552567 -14.694998 -10.012493
v -21.060911 -16.767113 -12.669842
v -27.628712 -9.134435 -9.935388
v -27.805305 -6.850083 -11.152653
v -27.492079 -11.170107 -8.198674
v -18.113529 -17.967182 -14.366914
v -25.127480 -14.890995 -8.217122
v -22.903515 -16.337364 -9.912049
v -26.606546 -13.407343 -7.193556
v -27.623987 -11.632113 -6.993524
v -28.397919 -8.685941 -8.138062
v -25.460558 -15.000984 -6.830811
v -11.102032 -18.963242 -18.360184
v -23.890631 -16.389900 -7.188035
v -19.642445 -18.024561 -11.741352
v -21.493525 -17.187666 -10.477288
v -22.037294 -17.335855 -8.578054
v -26.199286 -14.673538 -4.633825
v -27.282431 -13.073402 -5.014503
v -28.308022 -10.204339 -6.524486
v -27.983162 -11.756192 -5.010220
v -24.667601 -16.271740 -4.614947
v -13.846327 -18.784094 -16.733511
v -28.790901 -9.938498 -4.582971
v -23.144386 -17.297949 -5.419094
v -27.621122 -13.010777 -2.513193
v -28.932659 -8.057723 -6.693693
v -26.452499 -14.676223 -1.977331
v -24.732582 -16.418856 -2.707372
v -28.323936 -11.584373 -2.785424
v -29.276096 -8.221034 -4.639619
v -27.655275 -13.088997 0.419247
v -26.491159 -14.709451 0.363590
v -24.934162 -16.302429 0.508632
v -29.051392 -10.019107 -1.742281
v -28.450428 -11.576884 -0.196205
v -29.443905 -8.761685 -1.832012
v -24.829863 -16.301672 3.069330
v -27.498589 -13.132437 2.872829
v -26.129448 -14.787829 4.586115
v -29.182558 -9.810544 0.465078
v -28.259562 -11.657754 2.781443
v -28.989697 -9.987504 2.547069
v -24.626713 -16.290291 4.792343
v -27.249464 -13.091540 4.920229
v -25.303486 -14.812030 7.720908
v -24.009394 -16.191341 7.559273
v -26.806065 -13.176065 6.670740
v -24.657055 -14.680490 9.676564
v -22.927603 -16.393133 9.641763
v -27.993900 -11.709927 4.907610
v -26.393019 -13.149633 8.130812
v -23.458235 -14.824639 11.836812
v -22.361732 -16.251461 11.084948
v -22.329973 -15.030414 13.502177
v -25.148506 -13.248474 10.977840
v -27.417484 -11.540150 7.658101
v -24.000578 -13.135200 13.382697
v -26.555189 -11.568686 10.025204
v -23.003391 -13.138141 14.916117
v -21.119198 -14.752397 15.497310
v -21.693331 -13.253063 16.504934
v -24.929878 -11.561949 13.387421
v -23.952658 -11.703848 14.843967
v -22.890053 -11.486768 16.518101
v -21.347067 -11.679289 18.187756
v -20.171082 -13.183956 18.228588
v -3.585513 -22.408468 0.681940
v -6.289723 -22.139893 1.544115
v -3.406191 -22.274704 5.201257
v -5.612341 -22.074720 5.035684
v -9.921784 -21.637079 2.638510
v -7.510436 -21.766434 6.169943
v -11.645022 -21.295412 4.321336
v -10.805834 -21.617182 -0.615655
v -13.048947 -21.248817 0.758362
v -9.960724 -21.298567 7.308642
v -5.158092 -21.711676 9.350124
v -2.662649 -22.052441 8.348704
v -8.217332 -21.344557 9.131849
v -13.908430 -20.949125 2.987122
v -12.483931 -20.988241 5.869750
v 1.067527 -22.244123 9.053637
v 4.743119 -22.611195 6.776466
v -0.391295 -22.610144 1.688740
v 4.746995 -22.887918 1.841529
v 7.959434 -22.918936 4.091026
v 2.561150 -22.899172 -1.103427
v -2.467382 -22.524755 -3.700420
v 2.289921 -22.915121 -3.604630
v 0.543949 -22.772429 -8.404307
v 2.843149 -22.951260 -9.398300
v -6.641658 -22.087450 -3.932327
v -10.609850 -21.595642 -4.048080
v 4.317717 -23.041288 -4.184896
v 7.468607 -23.094063 -0.786113
v 5.976431 -23.088562 -7.049380
v 9.641653 -23.067707 0.748561
v 10.124392 -22.963997 3.363707
v 8.115553 -22.627441 7.504406
v 10.101245 -22.692877 6.444243
v 4.507991 -22.209789 10.472372
v 9.273166 -23.108690 -3.268574
v 3.236605 -22.933783 -10.486945
v 0.537154 -22.662621 -10.981993
v -3.895193 -22.256699 -7.468293
v -8.986122 -21.606237 -7.647186
v -13.352362 -21.158634 -3.719691
v 8.158771 -23.054110 -7.337080
v -0.856330 -21.734474 11.595366
v -11.835655 -21.306759 -5.780481
v -14.534348 -20.950743 -0.668207
v 7.517736 -22.921293 -9.601251
v 11.700673 -22.986399 0.468941
v 11.440727 -22.929150 2.514691
v -5.724497 -21.323236 11.500299
v -3.945716 -21.263288 12.849483
v -7.107294 -21.638315 -9.862728
v -4.197609 -22.012075 -9.977754
v 1.871112 -22.652557 -12.148756
v -10.684902 -20.952534 8.827726
v -11.317500 -21.061470 -9.296990
v -1.248476 -22.207726 -12.627190
v 0.020155 -22.237528 -13.547832
v 11.693080 -22.945000 -4.202282
v -8.154469 -21.177227 -12.375057
v -13.171673 -20.880911 -7.676483
v -4.712656 -21.635427 -12.375262
v -13.529984 -20.481827 7.913525
v -15.775392 -20.539288 -4.507086
v -16.604322 -20.389763 -2.096812
v -14.455893 -20.564547 -7.808046
v -15.657108 -20.355831 4.788726
v -15.658319 -19.981256 7.728745
v -16.358429 -20.438627 0.359251
v -16.171326 -20.381144 2.678807
v 4.416071 -21.753090 12.920877
v 0.025156 -21.321218 13.968800
v -8.234951 -20.646511 12.843619
v 8.122498 -22.143841 10.452350
v 9.597613 -22.918739 -7.779730
v 12.225949 -22.624649 4.951149
v 4.347972 -22.694246 -12.126410
v -13.203225 -20.222822 9.724486
v -9.983621 -20.117645 13.484748
v 7.679498 -21.798355 12.100379
v -18.129501 -19.651291 4.455884
v -10.763046 -20.539606 -13.282400
v -1.540366 -21.738213 -15.031926
v -17.019588 -19.861204 -7.894495
v -4.059325 -21.557590 -13.418998
v -5.754611 -20.698431 -16.463722
v -8.827088 -20.539625 -15.174014
v -13.902225 -20.349834 -10.216763
v -17.634159 -19.938583 -5.103212
v 1.653552 -22.211449 -14.203071
v -0.018392 -21.726782 -15.663463
v -18.631912 -19.670427 0.490216
v -13.223598 -20.071356 -12.711929
v -17.147331 -19.452686 8.377240
v -15.384957 -19.611362 9.965487
v -19.029247 -19.526833 -2.900976
v 4.249885 -21.277233 14.818554
v 6.261597 -21.259274 14.524772
v -4.667750 -20.515404 15.348266
v -20.078985 -18.955685 4.539712
v -20.056400 -18.564701 7.652664
v -16.650457 -19.527428 -10.533532
v -15.524326 -19.485149 -12.414696
v -10.548995 -20.112465 -15.508332
v -18.261831 -19.519287 -7.127021
v -2.221550 -21.300783 -16.412062
v -7.648823 -20.051422 15.351182
v -20.659807 -18.896940 0.358125
v -11.073410 -19.575985 14.464549
v -8.806294 -19.496061 16.287352
v 7.614883 -22.538734 -11.729626
v -17.504599 -18.900303 10.320192
v -13.679272 -18.835199 14.376270
v -20.016434 -19.018028 -5.010774
v -13.123129 -19.459930 -15.471646
v 4.385398 -22.166031 -14.350449
v -21.297657 -18.583895 -3.044998
v -0.190041 -20.611547 16.215137
v -21.881380 -18.196518 4.503141
v -18.432257 -19.156418 -9.112621
v 13.037766 -22.632853 2.807098
v 13.151337 -22.716892 0.590498
v 9.119487 -22.662737 -9.980868
v 12.201927 -22.118109 7.982558
v -9.256145 -19.735498 -17.710518
v -22.126312 -18.225512 0.456184
v -15.561248 -18.864174 -14.833688
v -4.658541 -20.393644 -18.049204
v -11.318534 -19.548513 -16.799480
v -20.052116 -18.776293 -6.900373
v -17.939192 -18.675777 -12.276762
v -19.719437 -18.060034 10.307071
v -3.614242 -19.739176 17.834785
v 11.548939 -22.615654 -7.296306
v 0.337266 -21.469114 -16.520086
v 8.078193 -21.322144 13.701142
v 9.764911 -21.711052 11.218581
v 13.316887 -22.628407 -2.585618
v -5.263318 -19.601135 17.655191
v 6.464816 -22.090096 -13.910197
v -21.259706 -17.953047 8.041647
v -21.833635 -18.169197 -4.857256
v -10.888375 -18.779633 16.787464
v -17.809221 -17.975492 12.818304
v -0.435234 -19.808521 18.261852
v 2.821840 -20.588169 16.530975
v -22.467962 -17.941719 3.369323
v 12.776852 -22.659403 -4.725371
v -13.863202 -18.042448 16.292259
v -22.824596 -17.770079 -2.976547
v -21.111950 -18.103050 -7.695160
v -2.431491 -20.618328 -18.170832
v 13.890703 -22.172131 5.237181
v -8.711135 -18.768198 18.027666
v 8.514895 -22.188627 -12.523424
v 11.055841 -22.143332 -10.407971
v 9.800786 -21.301985 12.633102
v -19.754507 -17.207508 12.686508
v -21.347530 -17.365448 9.942396
v -16.687160 -17.162493 15.899535
v -22.612238 -17.263298 7.539056
v -23.398706 -17.317730 4.138067
v -5.500406 -18.976561 18.876219
v -0.011694 -19.527729 18.883125
v 12.653100 -21.844316 8.581399
v -12.315207 -17.747747 18.033707
v 12.716595 -21.314846 10.189313
v 14.597488 -22.152697 2.761621
v 13.101104 -22.156055 -7.488423
v 4.970024 -20.245829 17.014149
v -2.405238 -18.807327 19.921200
v -23.512812 -17.356106 0.540984
v 14.922848 -22.122330 -1.755042
v 15.172771 -22.065687 0.452721
v 2.891191 -19.623713 18.525261
v -8.533988 -18.025206 19.537458
v 14.121883 -22.190840 -4.979122
v -18.255657 -16.434082 15.930047
v 14.418185 -21.380938 8.067813
v 13.725534 -21.192219 9.470785
v 14.889741 -21.473248 6.778603
v -4.052592 -18.028004 20.926012
v -20.774265 -16.427677 13.223016
v 7.932015 -20.620768 15.287591
v -10.463661 -17.289085 19.835104
v -15.934797 -16.411724 17.828472
v 0.010221 -18.128139 21.168926
v -2.170723 -17.984285 21.272337
v -13.731421 -16.126936 19.782860
v 5.020859 -19.536493 18.248165
v 15.865966 -21.387154 4.720097
v 16.335537 -21.357340 3.024702
v -8.028255 -16.791201 21.520676
v 10.150904 -20.765505 13.570864
v -5.132139 -17.354759 21.571753
v 8.286646 -19.512686 16.941053
v -10.839592 -16.317822 21.027168
v -17.536921 -15.544156 17.899694
v -20.033688 -15.525239 15.592650
v 4.464714 -18.720644 19.602983
v 2.260782 -18.026976 20.966230
v 12.615417 -20.641924 11.720766
v 15.803960 -21.429779 -4.741056
v -18.631670 -14.775314 17.989275
v 16.907253 -21.215666 0.486582
v 16.580862 -21.272549 -2.255680
v -5.087234 -16.410717 22.825062
v -3.221372 -16.357895 23.150463
v 14.227409 -21.251682 -8.967569
v 15.339896 -21.334641 -6.447724
v 9.880277 -19.794546 15.483865
v 14.693149 -20.402679 10.166961
v -16.985661 -14.627151 19.448223
v 4.792771 -18.128088 20.293560
v -0.325694 -16.570126 22.966356
v -8.577468 -15.184229 23.148560
v -13.655438 -14.750244 21.423077
v 12.455827 -19.821451 13.338845
v -10.592443 -14.683076 22.904066
v 14.599118 -19.703432 11.571751
v 7.940545 -18.112810 18.951277
v 17.084118 -20.590687 4.773901
v 16.605179 -20.069395 7.867644
v 17.648746 -20.563898 2.226998
v 16.048166 -19.699265 9.820808
v -5.120373 -15.084411 24.152573
v 2.284696 -16.411133 22.697916
v 17.853918 -20.410082 -2.321316
v 13.423620 -19.089537 13.651978
v 17.129358 -20.510521 -4.979103
v 10.482881 -17.969513 17.572662
v 12.513711 -17.783464 16.213373
v 16.329943 -20.368994 -7.630737
v -1.860856 -14.939908 24.487080
v 4.774963 -16.708967 21.740223
v 7.825913 -16.873796 20.277239
v -3.378755 -14.516242 24.798206
v 18.772108 -19.621746 2.730672
v 18.203226 -19.624809 5.152173
v 18.831150 -19.728785 0.320016
v -0.158740 -14.799732 24.543831
v -7.949520 -14.005306 24.338709
v -15.701325 -13.156528 21.641392
v -18.051861 -13.159064 20.070488
v -13.070896 -13.195217 23.060942
v 2.081248 -14.973642 23.968369
v 15.425460 -18.250381 12.886782
v 14.086116 -17.713182 14.902066
v 10.227988 -16.384125 19.440466
v 18.621180 -19.759809 -2.516734
v 18.346127 -19.571589 -4.859274
v 17.884878 -19.476078 -6.564508
v 4.721633 -15.149676 23.107431
v 12.944906 -16.107685 17.787060
v 17.170294 -19.520082 -8.169991
v 7.920901 -15.275943 21.587019
v 9.845207 -15.031167 20.826792
v -3.553062 -24.189024 -13.038292
v -4.871545 -24.199102 -12.565985
v -5.273535 -25.413960 -12.746524
v -6.083161 -24.247189 -12.132736
v -4.226294 -25.454071 -13.106426
v -6.542084 -25.431675 -12.383038
v -7.076152 -24.264311 -11.749817
v -7.463226 -25.124506 -11.918461
v -8.060436 -24.289455 -11.294847
v -2.438883 -24.521471 -13.321690
v -3.456450 -25.782539 -13.519641
v -7.882036 -25.456127 -12.003156
v -2.580204 -25.572901 -13.529488
v -8.569623 -25.058146 -11.288088
v -9.520637 -25.364098 -10.828144
v -0.718433 -25.656521 -13.507301
v -0.233530 -24.243385 -13.129401
v -2.562743 -26.073166 -13.963346
v -0.371537 -26.145224 -13.843167
v 0.916754 -24.332382 -12.918664
v -4.748596 -25.813457 -13.436077
v -6.811870 -23.956978 -11.459091
v 1.142201 -25.921162 -13.272277
v 1.030230 -25.591795 -13.100394
v 2.522223 -24.361603 -12.570503
v 2.823764 -25.801428 -12.683180
v 1.887796 -23.914478 -12.282079
v 3.818759 -24.199125 -12.172260
v 1.761834 -26.187969 -13.399747
v 4.720403 -23.855921 -11.607294
v 4.919471 -24.194468 -11.733075
v 3.433163 -26.172625 -12.731874
v 4.532211 -25.614431 -12.106593
v 4.567096 -26.184233 -12.343893
v 5.801970 -24.098104 -11.251623
v 5.908877 -23.731787 -10.897884
v 6.617766 -23.883608 -10.858665
v -9.692749 -24.966511 -10.008395
v -10.894043 -25.341808 -9.445727
v -11.196389 -24.917374 -8.086952
v -12.024426 -25.340548 -7.739676
v -12.168416 -24.993303 -5.560657
v -12.843521 -25.370670 -5.181284
v -12.677822 -24.991713 -2.755327
v -13.319324 -25.356468 -2.503554
v -13.512334 -25.356140 0.299356
v -12.789913 -24.938028 0.360802
v -12.954806 -25.364014 3.706081
v -12.514620 -24.951132 2.387538
v -8.700374 -24.225019 -10.553869
v -9.523154 -24.218067 -9.522790
v 12.947325 -26.228693 -0.846912
v 12.803074 -26.221750 -1.662766
v 13.039294 -26.392357 -3.165346
v 12.482664 -26.216002 -3.295194
v 12.076778 -26.402075 -4.767738
v 11.715540 -26.494987 -6.025144
v 11.110931 -26.291786 -6.175871
v 13.811113 -26.330734 -3.469329
v 14.074688 -26.294428 -0.369327
v 13.193624 -26.368977 1.010986
v 13.350924 -26.289017 -6.072134
v 11.261312 -26.494146 -7.967404
v 9.370817 -26.513710 -9.910640
v 11.868794 -26.326464 -9.097540
v 13.330782 -26.236509 3.696096
v 12.148602 -26.340740 4.824177
v 9.629189 -26.323013 -11.389803
v 5.854465 -26.220461 -13.859174
v 6.081732 -26.353399 -12.178581
v 8.546762 -26.476027 -9.691238
v 10.076843 -26.392410 -7.696004
v 3.720823 -26.323666 -13.505567
v 3.089531 -26.082237 -15.456034
v 1.427028 -26.285215 -13.955211
v -1.329659 -26.041882 -15.910583
v -2.753784 -26.132441 -14.798895
v -6.143124 -25.865396 -13.653498
v -8.638263 -25.787251 -13.417970
v -7.064935 -25.769697 -15.419334
v -10.632261 -25.690891 -13.085328
v -11.404632 -25.691355 -11.690469
v -13.636059 -25.555094 -11.050270
v -8.805939 -25.610104 -12.132755
v -11.539562 -25.551414 -9.980593
v -13.080586 -25.700214 -9.972032
v -15.187569 -25.644182 -8.214422
v -13.912284 -25.708055 -7.707644
v -15.233425 -25.746977 -5.139114
v -16.611515 -25.609686 -5.509965
v -17.089855 -25.658855 0.530729
v -15.791124 -25.732321 0.751130
v -15.012000 -25.676964 7.544425
v -14.598260 -25.719273 6.700450
v -13.182855 -25.691805 9.971573
v -11.069179 -25.706724 10.643856
v -10.510791 -25.646645 13.263363
v -8.199376 -25.764540 14.108218
v -8.678784 -25.767040 12.692271
v -4.693207 -25.821266 14.236454
v -3.206120 -25.866304 16.139978
v -1.811442 -25.941956 14.447598
v 0.016545 -26.110437 16.591637
v 3.974528 -26.305092 15.003202
v 1.774305 -26.209244 16.100563
v -6.721826 -25.694242 12.226018
v -3.658145 -25.699839 12.698412
v -17.356188 -25.564341 -2.994219
v -16.864721 -25.543545 4.868050
v 1.864193 -25.982931 12.731256
v 3.877534 -26.182011 13.241373
v 5.923428 -26.280382 13.713388
v 7.324545 -26.291931 12.076973
v -12.809912 -25.648605 7.414927
v -13.839780 -25.599760 4.842984
v -7.919343 -25.664438 15.213260
v 5.311570 -26.091379 11.506326
v 8.207326 -26.225281 9.886804
v 9.512951 -26.270256 10.250178
v 11.140158 -26.313822 6.913128
v -14.849312 -25.641220 0.074669
v -0.592790 -25.726101 12.395237
v -14.179998 -25.599897 -3.615297
v -15.601184 -25.505369 8.455400
v 9.996333 -26.045958 11.913049
v 12.281996 -26.097887 7.915197
v 10.626019 -26.217415 6.618303
v 9.824388 -26.142223 7.458182
v -13.152147 -25.590057 -7.404610
v 8.818641 -26.159601 8.589749
v 7.282506 -26.096239 9.964729
v -3.278632 -25.703093 -17.103741
v -9.160987 -25.608015 10.767764
v -10.936167 -25.528261 8.943428
v -11.853500 -25.483253 -13.282073
v -4.360785 -25.626980 16.807909
v -12.631945 -25.339077 12.965316
v -18.382896 -25.257168 3.324412
v 12.808814 -26.233631 -0.059206
v 12.435684 -26.232647 2.249874
v -18.611897 -25.278162 0.242295
v -10.158993 -25.364872 -15.145362
v -17.547680 -25.163540 7.136656
v -15.305017 -25.189091 10.705949
v 5.949742 -25.990751 -14.939682
v 8.797493 -26.057247 -13.198064
v -10.558317 -25.247818 15.197592
v -12.308440 -25.347513 5.750538
v 14.603436 -25.971390 3.721901
v -5.353851 -25.424873 11.508572
v -15.355550 -25.255507 -10.555144
v -16.687927 -25.218256 -8.757572
v -17.802801 -25.257416 -6.021068
v -18.498285 -25.242477 -3.294439
v 0.002393 -25.709587 -17.223799
v 15.130282 -26.036703 -2.838381
v 2.261671 -25.798122 11.927233
v 3.993706 -25.805908 11.583420
v 9.382816 -25.891005 13.081714
v 15.286571 -25.987720 -0.129372
v -13.311455 -25.211990 -13.073009
v 11.779428 -26.018797 -10.915677
v 14.663488 -26.000202 -5.447015
v 5.491080 -26.204943 -11.940127
v 6.945503 -26.196173 -10.748257
v -7.738359 -25.197205 16.892141
v 13.913492 -25.649626 8.276655
v 12.575913 -25.617657 10.598498
v -10.232084 -25.286428 8.409304
v -7.865423 -25.358778 10.431628
v -7.305147 -25.267498 -17.067951
v 3.617808 -25.590364 -17.048006
v 13.695240 -25.862690 -8.872659
v 15.741780 -25.463034 5.279084
v -19.202864 -24.779463 5.114964
v -17.678061 -24.718317 9.244177
v 16.481976 -25.459696 2.493721
v 7.192211 -25.617874 -15.544996
v -4.365248 -25.219481 -18.170010
v -12.847412 -24.771944 14.799478
v -15.738781 -24.755434 11.780704
v -3.251671 -25.385254 11.868013
v -19.818720 -24.766640 1.259719
v -0.138253 -25.293209 -18.368479
v 10.245619 -25.619638 -13.661068
v -19.708595 -24.752947 -2.993160
v -5.057897 -24.997746 18.272499
v -10.409400 -24.758413 16.663321
v 8.112535 -25.551090 14.903662
v -18.197519 -24.704988 -8.395332
v -18.918015 -24.791224 -6.102727
v 16.792955 -25.441498 0.019866
v 14.553056 -25.655581 -8.255407
v -3.348379 -25.102230 18.262745
v 16.147556 -25.456944 -5.464357
v 16.775501 -25.404579 -3.014961
v -10.725640 -24.775986 -16.437199
v -17.599930 -24.608236 -9.903504
v -15.923988 -24.740871 -11.711895
v -8.133352 -24.719500 17.936909
v 12.398594 -25.450994 -12.270539
v 15.351633 -25.142296 8.156459
v 11.661777 -25.263113 12.938529
v -13.448961 -24.742889 -14.308793
v -5.193473 -24.756069 -19.006533
v -8.242023 -24.682524 -18.021137
v 12.084884 -26.225103 3.922414
v 11.463529 -26.185472 5.277280
v 5.737356 -24.807240 -18.139202
v 4.660984 -25.544151 16.589329
v -0.876723 -24.735474 -19.523077
v 9.249497 -24.840677 -16.347446
v 2.156559 -24.737066 -19.198940
v 14.492364 -24.836979 10.833014
v 17.120514 -24.779013 5.926285
v 9.592542 -24.797178 15.840043
v 17.959761 -24.736256 3.120954
v 11.168421 -24.855490 -14.983290
v 18.285398 -24.740072 0.251186
v 8.191268 -24.887398 16.397747
v 15.060040 -24.801630 -10.850410
v 16.106665 -24.885622 -8.757144
v 18.011078 -24.774710 -3.608307
v -17.774532 -24.256397 10.591708
v -13.043189 -24.176018 16.068928
v 16.102039 -24.715759 8.594829
v 0.145726 -25.461222 17.866182
v -19.362362 -24.100437 8.101946
v 3.059172 -24.950098 18.245176
v 17.975176 -24.562845 -5.451123
v -15.997703 -24.061205 13.339762
v 13.263746 -24.784801 -13.226870
v 11.295448 -24.708437 14.628808
v -20.199223 -24.239677 4.935308
v -10.432959 -23.956028 18.273666
v 12.826606 -24.692352 13.214206
v -21.096523 -23.994913 0.074133
v 4.999330 -24.808304 17.865469
v -20.207655 -24.019163 -6.232280
v -20.753288 -24.078903 -3.393985
v -5.549987 -23.390888 20.959415
v -8.010911 -23.351919 20.387127
v -10.197660 -23.149134 19.806990
v -1.077625 -23.201248 21.580748
v -0.234918 -24.232328 19.849176
v 1.929766 -23.173183 21.236574
v -11.436910 -23.145195 19.177837
v -13.261205 -23.057055 18.108366
v -15.438700 -23.099573 16.071970
v -21.779346 -23.442118 2.370566
v -15.522229 -23.902506 -14.092134
v -16.998503 -23.903015 -12.504967
v -12.486134 -23.837107 -16.934916
v -14.186600 -23.405693 -16.287228
v -18.085127 -23.089771 13.060106
v -2.651217 -24.115231 -20.345493
v -10.640450 -23.729639 -18.392267
v -19.475828 -23.812727 -8.844287
v -16.674002 -23.047562 14.838728
v -19.768478 -23.177984 10.203933
v 4.457676 -23.304167 20.471804
v 7.811292 -23.671423 18.501797
v -20.998367 -23.119768 7.625593
v -21.774534 -23.140274 4.992074
v -21.937855 -23.261868 -2.941579
v 18.359838 -24.027088 5.906571
v -7.519640 -23.654367 -19.911095
v -9.974031 -23.336977 -19.285694
v -21.613667 -23.087278 -5.859831
v -18.719168 -23.357349 -11.373916
v 1.605989 -24.004778 -20.366198
v -22.239084 -23.152914 0.230710
v 8.047614 -23.992411 -18.385738
v 19.232203 -24.029684 -2.420482
v 5.389592 -23.876570 -19.649040
v 7.574421 -23.214363 -19.726667
v 3.879257 -23.208078 -20.934666
v 19.253002 -23.887548 3.071813
v 15.383798 -23.831242 -12.773333
v 11.371558 -23.965462 -16.422173
v 16.832190 -23.999523 -10.123528
v 16.070217 -23.758223 11.266353
v 14.417395 -23.789803 13.228781
v -4.913969 -23.445042 -20.907629
v -16.498327 -23.020172 -14.781358
v -18.031282 -23.024998 -13.064588
v -0.345565 -23.397505 -21.354649
v 20.113619 -23.472540 0.208447
v 17.978683 -23.717657 -8.621813
v 9.499006 -23.450554 17.954470
v -21.188450 -22.652569 -8.563786
v -8.961975 -24.860338 8.663598
v -11.227237 -24.945988 6.272189
v -12.065987 -24.974806 4.533710
v -6.908143 -24.926121 10.219468
v -20.152140 -22.673389 -10.622037
v -3.516562 -21.853754 23.172422
v 13.395648 -23.272417 -15.934205
v 16.017662 -23.170900 -13.337070
v -13.184847 -22.964922 -17.802954
v 11.097904 -23.160776 -17.873964
v -0.234408 -25.353752 11.916544
v 18.048338 -23.077269 9.667235
v 19.633474 -23.157160 5.669464
v -5.607178 -21.776018 23.046223
v -7.543555 -21.561073 22.859249
v -0.729040 -21.756384 23.430643
v 10.977795 -23.748833 16.512253
v 20.204796 -23.257242 -2.898672
v 20.345800 -23.093893 2.819669
v 12.824084 -23.672556 15.039261
v -9.842076 -21.687368 21.876631
v -2.697969 -22.990292 -21.774048
v -5.083246 -24.947031 10.991630
v 19.762257 -23.180395 -5.637522
v 3.031893 -21.617298 22.960608
v 4.446041 -21.535032 22.743748
v 7.663625 -21.788927 21.100029
v -15.772544 -21.536276 18.263735
v -23.579407 -21.917070 -1.994516
v -23.811357 -21.811810 0.322365
v -11.513464 -21.537418 21.267183
v -13.330712 -21.542353 20.188986
v -23.739847 -21.764711 2.512148
v -22.975700 -21.482244 7.671978
v -18.175457 -21.535629 15.776825
v -23.302851 -21.811728 -4.862888
v -21.551302 -21.564417 10.704992
v -19.795818 -21.554579 13.594107
v -23.513918 -21.601770 5.218529
v 9.705041 -22.126766 19.584686
v 17.855913 -23.143190 -10.476535
v 11.109898 -22.430931 18.304541
v 1.888903 -22.763216 -21.857605
v -22.848106 -21.446840 -7.926357
v 12.992349 -21.748507 17.882784
v 16.009346 -22.295048 14.074646
v 1.324657 -25.398813 11.821643
v -19.708872 -21.798838 -13.049158
v 14.368343 -21.786724 16.569580
v -16.758921 -21.779060 -16.419605
v -14.856544 -21.886829 -17.907215
v -18.288374 -21.689690 -14.993699
v -11.510701 -22.182755 -19.902504
v -10.139028 -22.052422 -20.778309
v -21.577660 -21.280807 -11.085803
v -8.514318 -21.947453 -21.541523
v 11.954836 -22.539810 -18.119499
v 19.864195 -22.441790 7.231174
v -0.284751 -22.152117 -22.745417
v -5.660420 -21.840946 -22.525040
v 4.910234 -25.723717 11.208355
v 17.975571 -21.534647 12.896359
v -13.402458 -21.272999 -19.757021
v 16.467377 -20.897701 15.763231
v 19.566751 -21.975849 9.179225
v 19.849230 -20.663664 11.327121
v 21.635412 -22.083576 0.102153
v 21.721111 -21.837759 2.479324
v 20.080910 -22.129150 -7.982144
v 18.740282 -22.250240 -10.780365
v 17.884027 -21.818333 -13.105552
v 15.219909 -21.941875 -16.080311
v 6.502988 -19.985868 23.607477
v 9.113789 -19.579876 22.907784
v 10.829492 -19.889105 21.572693
v 13.597301 -20.155993 19.414600
v -10.616616 -20.061829 23.301920
v -7.905383 -19.959980 24.372761
v -3.591444 -19.992212 25.019890
v -5.998868 -19.973253 24.761051
v 15.509111 -20.041454 17.914734
v -13.304018 -20.105700 21.802097
v -25.094379 -20.356106 -2.165301
v -25.321283 -20.235258 0.225336
v -24.816887 -20.229427 -5.159734
v -23.056026 -20.024277 10.936871
v -24.916658 -20.172316 5.128329
v -25.182524 -20.242146 2.571308
v -24.741156 -19.591133 7.989734
v -18.127638 -19.751394 18.202814
v -15.077284 -19.863430 20.784935
v -22.929895 -20.197182 -10.640865
v -19.823317 -20.713268 -14.593083
v -2.860151 -21.126539 -23.670258
v -23.213881 -18.436619 13.406399
v -19.873079 -19.823883 16.104147
v -19.848099 -18.140263 18.317858
v -24.580179 -19.652216 -7.969119
v -16.314938 -19.852379 19.773556
v 17.953321 -20.458744 14.616760
v -21.604980 -20.129456 -13.016471
v -24.762156 -18.255955 10.937220
v 16.859488 -21.444218 -15.074515
v 13.864359 -21.233652 -18.197037
v -21.423792 -18.126280 16.377186
v -17.602402 -19.982002 -17.878777
v -19.650272 -19.645359 -16.252239
v -26.585669 -18.596788 2.695180
v -26.455879 -18.908625 0.219715
v -11.424443 -20.816523 -21.385979
v -26.472141 -18.248703 5.554894
v -18.226723 -18.238152 19.840994
v -26.324623 -17.666233 8.101520
v -8.511678 -20.490175 -22.929371
v -10.567518 -19.680017 -22.848812
v -13.464934 -19.446104 -21.530376
v -23.090326 -17.204370 15.243452
v -17.915266 -18.174683 -19.541256
v -24.770708 -16.702724 13.323491
v -0.784286 -24.958658 11.620328
v -4.245011 -24.835077 11.152146
v -26.298119 -16.384274 10.761671
v 3.496312 -25.545732 11.560696
v 2.791791 -23.732286 10.989832
v 0.936500 -8.987966 -26.366657
v 1.024875 -8.727151 -26.488060
v 0.551927 -9.538497 -26.856991
v 0.663327 -10.113287 -26.375977
v 0.208797 -8.648328 -26.910706
v 0.574749 -8.172282 -26.744684
v 0.919644 -7.603385 -26.667652
v 1.105813 -7.780418 -26.320477
v 13.229134 -24.347109 -1.904705
v 12.698043 -23.473959 -2.108152
v 12.855783 -24.274265 -2.354351
v 13.088977 -23.608315 -1.526644
v 13.254265 -24.049732 -1.489068
v 12.356786 -23.561834 -2.419505
v 12.672414 -24.061459 -2.833383
v 12.490435 -23.766684 -2.916340
v 12.451655 -24.129116 -2.995586
v 12.079252 -23.906975 -4.012300
v 12.001800 -25.873556 -4.249664
v 11.655180 -25.339979 -4.964956
v 11.672681 -23.763590 -4.981100
v 12.639505 -25.482876 -2.289800
v 12.482664 -26.216002 -3.295194
v 11.189921 -23.812080 -5.664069
v 10.527159 -24.714792 -6.659637
v 10.463592 -25.935709 -6.764060
v 9.593514 -25.903950 -7.816847
v 8.992398 -24.279785 -8.461865
v 9.761184 -23.864618 -7.647471
v 13.074694 -25.334038 -1.218629
v 12.803074 -26.221750 -1.662766
v 13.044143 -24.567595 -1.487944
v 8.277380 -23.847576 -9.145060
v 7.319957 -25.858223 -10.229721
v 7.803145 -24.131943 -9.771038
v 8.778610 -23.845112 -8.566603
v 6.999356 -24.349566 -10.459843
v 10.286930 -23.886536 -7.127667
v 10.657276 -23.877117 -6.726384
v 10.952325 -23.798849 -6.396809
v 7.438089 -23.834476 -10.013282
v 6.617766 -23.883608 -10.858665
v 9.405766 -23.976894 -8.124106
v 5.786119 -25.751785 -11.318498
v 5.801970 -24.098104 -11.251623
v 12.947325 -26.228693 -0.846912
v 4.919471 -24.194468 -11.733075
v 4.532211 -25.614431 -12.106593
v 10.076843 -26.392410 -7.696004
v 11.110931 -26.291786 -6.175871
v 11.201762 -26.025627 -5.853440
v 9.079169 -26.192167 -8.508761
v 12.076778 -26.402075 -4.767738
v 8.217798 -26.212526 -9.433915
v 8.546762 -26.476027 -9.691238
v 6.945503 -26.196173 -10.748257
v 5.491080 -26.204943 -11.940127
v 4.567096 -26.184233 -12.343893
v -1.762692 -16.011892 27.584896
v -2.396710 -16.447599 27.344154
v -1.476948 -16.222343 27.652102
v -2.418113 -15.833472 27.755762
v -0.914324 -17.002451 27.225668
v -3.130259 -16.760965 27.213642
v -5.612438 -16.627996 27.180332
v -3.595138 -18.969997 25.775944
v -5.781215 -18.789824 25.709839
v -0.790402 -19.769953 25.354004
v -3.684666 -15.595860 27.911461
v -5.431185 -15.022520 28.167246
v -0.923772 -15.614608 28.084059
v -3.591444 -19.992212 25.019890
v -5.998868 -19.973253 24.761051
v -7.929933 -16.835745 26.644728
v -8.032602 -14.799917 27.829500
v -8.077448 -18.767311 25.278252
v -0.845627 -13.835070 29.005289
v -7.905383 -19.959980 24.372761
v -10.030069 -18.315514 25.036125
v -10.150958 -16.076725 26.491051
v -10.322405 -14.209760 27.469904
v -11.388552 -17.848360 24.882551
v -5.230649 -13.554061 28.809847
v -8.249395 -12.872501 28.581253
v -12.872044 -14.787800 26.209213
v -10.616616 -20.061829 23.301920
v -12.990333 -16.685863 24.942238
v -12.986597 -13.301306 26.900541
v -12.952819 -11.657818 27.639593
v -10.823294 -11.022161 28.548723
v -0.932311 -12.481355 29.470751
v -8.370543 -10.020368 29.454178
v -5.223180 -10.847780 29.663727
v -3.039453 -16.060780 27.515224
v -0.932269 -10.296432 30.072124
v -10.834038 -8.892512 29.113596
v -5.245129 -7.834071 30.407303
v -13.281554 -9.544011 28.160946
v -8.418519 -7.429846 30.000216
v -10.904284 -7.514631 29.389868
v -13.179740 -7.451209 28.660301
v -0.871693 -7.896594 30.572483
v 1.794339 -14.098655 28.460617
v -5.113710 -6.104799 30.631411
v -14.885927 -11.558397 26.605453
v 1.904187 -15.813404 27.473581
v 1.969106 -17.862440 26.089556
v 5.127901 -14.229051 27.969967
v 4.965728 -16.605026 26.587143
v 4.947228 -18.393574 25.394938
v 1.900953 -19.995817 24.750433
v 5.205863 -11.222161 28.818716
v 2.173728 -10.447464 29.506380
v 2.985466 -7.957550 29.986813
v 4.982864 -7.889439 29.656153
v -0.950868 -5.336911 30.813173
v 4.762246 -19.776876 24.420275
v 3.137226 -5.033545 30.263763
v 7.127036 -12.311158 27.929338
v 7.510095 -17.014448 25.542217
v 6.840683 -14.224645 27.364761
v 8.527785 -10.448727 27.942850
v 9.027607 -12.602291 27.142843
v 5.226372 -3.683300 29.989712
v 10.036068 -15.990918 25.209610
v 7.970760 -18.349253 24.451107
v 10.959199 -14.237823 25.774916
v 9.729795 -17.251970 24.577301
v 2.543790 -2.997057 30.433599
v 9.385283 -7.955615 28.154316
v 11.699582 -10.679252 26.636106
v 5.120413 -1.351174 30.042059
v 7.645625 -5.184041 29.129385
v 10.913056 -4.674339 28.035065
v 12.518362 -7.894256 26.877253
v 12.907704 -5.035773 27.142691
v 8.549931 -3.578773 28.954693
v 13.357596 -12.475518 25.252893
v 7.678913 -1.294168 29.314919
v 13.291275 -10.336160 25.969950
v 13.085026 -14.446202 24.615517
v 10.528664 -1.297374 28.325619
v 5.424551 1.233384 29.842766
v 6.928520 0.935921 29.442200
v 13.660852 -8.047871 26.263468
v 9.337502 0.694565 28.682995
v 12.915775 -1.550587 27.293303
v 11.115329 0.748404 28.024677
v 13.066825 0.306377 27.211763
v 8.755769 3.911729 28.519138
v 4.979015 4.978328 29.477835
v 10.320908 4.523531 27.894415
v 8.597000 7.146677 28.049341
v 12.590823 2.529173 27.244045
v 5.153132 8.772154 28.731787
v 14.568757 -5.286013 26.160297
v 7.943877 9.522837 27.764057
v 12.124735 5.590795 27.001804
v 14.810448 -2.878582 26.197376
v 15.114732 0.263788 26.080097
v 11.945511 8.795442 26.434593
v 14.199109 3.308662 26.333893
v 10.137890 15.284302 25.517488
v 8.662713 14.958943 26.138704
v 9.285130 18.776815 24.884535
v 12.851461 7.349521 26.305611
v 12.924822 8.039288 26.251245
v 12.465061 11.875387 25.354418
v 11.917712 18.448681 23.841637
v 14.789877 3.406790 25.971855
v 13.335886 17.045860 23.504745
v 9.598222 20.562023 24.126644
v 13.960586 8.373213 25.390987
v 11.983893 19.725388 23.304892
v 13.914528 10.542336 24.923616
v 15.460643 8.436994 24.273308
v 13.047509 14.637233 24.281033
v 14.602044 15.781544 23.010830
v 17.702143 -1.910463 24.129839
v 16.043850 -9.836048 24.171492
v 11.543388 20.513803 23.163778
v 19.392265 0.074563 22.885323
v 18.967934 -4.062894 23.012640
v 19.430435 -1.090268 22.810896
v 18.711740 -5.613671 23.023872
v 16.350409 -6.609653 24.480207
v 18.145422 -9.618126 22.731153
v 17.731829 -11.639415 22.362812
v 17.141132 -13.208204 22.200140
v 18.915323 2.157618 22.918627
v 15.996446 11.986721 22.983286
v 17.556873 6.447205 23.074368
v 13.054713 17.968927 23.266188
v 14.991606 19.024578 21.566450
v 14.827035 16.055241 22.617128
v 13.296688 20.338612 22.161041
v 14.922493 19.989805 21.210342
v 16.449116 15.382181 21.591251
v 17.616306 12.435848 21.476906
v 16.646553 19.415522 20.107042
v 8.875045 20.879265 24.264860
v 8.816921 19.865862 24.719501
v 9.400951 19.542976 24.498243
v 8.847889 19.281963 25.044350
v 16.535746 -14.740967 21.902267
v 10.830278 -17.979414 23.427658
v 13.261601 -17.262320 22.489628
v 6.502988 -19.985868 23.607477
v 9.113789 -19.579876 22.907784
v 16.598984 -16.327169 20.663834
v 16.856321 19.831118 19.619259
v 18.352711 19.435589 18.554970
v 13.033684 -18.429438 21.621195
v 10.829492 -19.889105 21.572693
v 15.516440 -18.126225 20.042002
v -0.729040 -21.756384 23.430643
v 3.031893 -21.617298 22.960608
v 4.446041 -21.535032 22.743748
v 13.597301 -20.155993 19.414600
v 15.509111 -20.041454 17.914734
v -10.067760 5.148276 29.124987
v -10.155432 3.292348 29.371016
v -7.803547 5.067156 29.647333
v -8.054992 0.835246 30.132702
v -7.119617 1.540184 30.255672
v -10.157895 1.228973 29.578133
v -13.189025 5.107250 28.279972
v -13.393967 1.330989 28.655323
v -11.354899 -1.775100 29.447235
v -8.069618 -1.822082 30.298428
v -13.418716 -2.726865 28.859047
v -4.900392 -1.302074 30.817884
v -11.078293 -5.343845 29.535583
v -8.237681 -4.660071 30.256002
v -5.223366 -3.765093 30.778515
v -4.716729 1.156851 30.649910
v -5.011240 5.078988 30.050529
v -10.210575 8.184106 28.495953
v -13.181226 8.163774 27.665085
v -7.725365 8.420499 28.955873
v -5.128828 8.220634 29.429657
v -14.958887 2.154698 27.944866
v -3.611086 0.656576 30.775024
v -3.656228 -1.137458 30.915232
v -13.381599 -5.782903 28.770580
v -15.317420 0.286702 27.922722
v -14.962234 -1.904142 28.168800
v -15.785027 4.996457 27.213665
v -10.141340 11.259357 27.679962
v -7.455959 12.650462 27.889227
v -5.007296 12.083915 28.465403
v -3.523970 4.733244 30.194174
v -8.299447 14.759418 27.045790
v -4.899426 14.945135 27.651539
v -2.885841 8.368115 29.534773
v -13.204192 10.714076 26.879372
v -10.577430 13.001172 26.988144
v -6.845499 17.709055 26.413670
v -5.071748 20.117401 25.954378
v -8.325376 19.343071 25.514986
v -6.529643 21.987997 25.013796
v -2.353560 12.397311 28.540169
v -11.167272 17.275621 25.275839
v -10.135065 22.224072 23.992912
v -13.128140 13.892460 25.791161
v -12.451848 22.407034 23.094330
v -8.429688 22.362677 24.343988
v -4.094532 21.342361 25.649355
v -2.329451 15.487408 27.653126
v -2.435922 20.402784 26.068911
v -0.602607 7.168980 29.821970
v -0.609914 5.115922 30.189062
v -0.911313 0.994423 30.769272
v -0.503724 11.594296 28.778807
v -13.037705 18.630266 24.064434
v -15.150044 8.090852 26.806257
v -5.179247 22.159740 25.139812
v -0.186892 15.916806 27.528021
v -0.147865 20.353662 26.073044
v -2.494232 21.585670 25.635994
v -0.968666 -1.029153 30.925142
v -15.136449 11.606223 25.691931
v -14.548608 18.641472 23.337759
v -14.631446 22.641991 21.973787
v -16.591633 8.127065 26.071833
v -17.826139 2.709452 26.474659
v -17.999121 5.244578 25.997429
v -16.376225 12.127316 24.863132
v -0.443245 21.695683 25.530058
v 2.197649 15.630905 27.447918
v 2.021420 20.044455 26.018625
v 1.799062 8.702819 29.269493
v 2.485234 13.218449 28.088224
v 1.314124 5.386118 29.956930
v -3.371623 22.151783 25.252205
v 3.301302 6.927223 29.411516
v 2.429929 21.300339 25.463976
v 2.878642 1.360864 30.246801
v 5.084379 12.999970 27.723761
v 5.197926 18.347054 26.115482
v 5.192761 20.374117 25.420126
v -17.862650 9.043723 25.045460
v -18.100214 0.686797 26.450443
v -17.474331 -1.653762 26.870102
v -16.334063 18.455830 22.412220
v -16.184458 22.731241 21.051611
v -16.268847 -4.403022 27.467995
v -17.791321 13.040887 23.645447
v -11.140395 22.674210 23.343164
v -17.841053 19.032366 21.225891
v -18.830675 13.891761 22.539898
v -19.581579 3.531942 25.206816
v -15.248638 -7.047592 27.727488
v -18.748693 -2.368488 26.104151
v -19.510895 7.381966 24.346107
v -19.636150 5.133266 24.878723
v -18.194000 22.740238 19.618656
v -17.765690 -5.358494 26.531855
v -20.081305 -0.444033 25.181671
v -19.597900 9.685528 23.512325
v 8.294643 19.031824 25.122648
v 7.322122 15.369336 26.453682
v 5.430062 21.358543 24.873690
v -20.002619 17.932339 19.937931
v -19.974829 14.038354 21.566236
v -21.500870 1.179281 24.002348
v -20.109320 -4.014296 25.094179
v -20.906832 7.009824 23.314299
v -21.394728 5.022182 23.480509
v -21.668982 3.518831 23.565660
v -17.801767 -7.657455 26.113831
v -19.225786 22.934210 18.646172
v -21.561733 10.653639 21.431313
v -21.962322 -1.777642 23.702433
v -23.004025 1.286810 22.700977
v -21.662756 14.534644 19.844164
v -22.730570 11.785639 19.910208
v -19.941597 -6.390735 24.894096
v -22.619522 6.840840 21.800293
v -23.623886 9.519311 19.848438
v -23.114376 4.976986 21.889500
v -20.149328 22.946115 17.774717
v -21.019402 16.588909 19.552813
v -15.670004 -9.689727 26.832275
v -21.959812 18.651184 17.693218
v -24.060034 2.983935 21.399672
v -22.409065 -3.889960 23.221342
v -8.984516 22.786289 23.695137
v -19.465643 -7.946803 24.911024
v -23.283657 -1.863970 22.510595
v -24.323879 6.631705 20.129351
v -24.894831 5.060056 19.985153
v -23.527277 13.364699 18.421137
v -21.703772 -6.228142 23.510569
v -17.101526 23.064518 20.084700
v -24.715002 1.777758 20.887283
v -17.910107 -10.342553 25.264040
v -21.609608 21.896761 16.636869
v -24.712429 0.309324 21.015684
v -24.702900 -1.449682 21.065979
v -24.749170 10.214220 18.313694
v -21.275711 -7.902988 23.488750
v -17.669466 -11.614291 24.940407
v -26.123762 5.609564 18.371510
v -21.186712 23.101570 16.488232
v -19.875786 -9.376780 24.166971
v -24.857225 -4.113816 20.715557
v -23.548748 -5.907068 21.812746
v -26.586939 3.290225 18.366257
v -22.503613 23.098053 14.905416
v -22.644167 19.342836 16.533543
v -24.805592 12.913053 16.997515
v -12.085980 22.981667 22.597122
v -26.966480 0.481506 18.268534
v -6.987131 22.683973 24.152725
v -23.187021 -7.777749 21.704027
v -27.243181 -1.666565 17.948933
v -26.710117 -3.901771 18.457504
v -20.048077 -11.216093 23.324675
v -17.276575 -12.975476 24.578436
v -23.776228 18.786743 15.274261
v -26.714884 7.829960 16.614153
v -27.379513 4.852605 16.833546
v -22.303270 -9.881340 21.824600
v -27.743120 2.487465 16.883665
v -24.602383 -7.613448 20.214090
v -19.675909 -12.915289 22.812708
v -15.699259 -14.643720 24.640369
v -26.409689 -6.173738 18.362795
v -27.795267 0.426653 17.059250
v -25.776800 12.915333 15.509603
v -24.340866 20.564419 13.363115
v -24.270308 -9.564288 19.840879
v -23.325882 23.089848 13.618009
v -21.259024 -12.813314 21.432989
v -27.706882 7.316808 15.214468
v -28.301792 4.690640 15.328888
v -28.617443 2.308931 15.444592
v -28.705376 0.419678 15.537126
v -26.120974 -7.897076 18.179832
v -27.730700 -3.923434 16.909645
v -27.562948 -5.989707 16.694376
v -23.093576 -11.962142 19.968067
v -27.230375 11.963927 13.485131
v -25.857302 16.108398 13.392899
v -17.883581 -14.877451 23.006672
v -28.697109 -1.707845 15.538464
v -24.358658 22.929466 11.810297
v 3.505170 21.766760 24.886890
v -28.622784 7.322183 13.426940
v -29.089376 5.120381 13.563155
v -25.649588 18.738592 11.972569
v -27.937044 12.303363 11.739282
v -29.481661 2.952005 13.543147
v -28.438324 -4.888783 15.501206
v -28.004141 -7.387290 15.471915
v -24.761612 -10.988105 18.441931
v -19.761009 -14.888248 21.438459
v -16.333265 -16.126831 23.221436
v -29.592039 0.421928 13.704269
v -29.586363 -1.399765 13.709760
v -26.536245 -10.052697 16.404850
v -27.657278 -9.681369 14.819261
v -23.261692 -13.672439 18.624094
v -29.253998 7.305529 12.011421
v -29.294285 9.555599 10.415936
v -21.452085 -14.845743 19.784246
v -29.448387 -4.000923 13.632809
v -27.850380 14.335830 10.353611
v -25.769753 20.423630 10.402636
v -30.243643 5.333371 10.716543
v -30.563961 3.533326 10.769395
v -30.317266 0.809215 11.993145
v -30.872786 2.010957 10.327311
v -24.632479 23.185547 10.876940
v -29.239023 -6.948423 13.173134
v -28.244030 -9.987804 13.454506
v -18.150879 -16.657896 21.409353
v -13.363335 -18.293518 23.473774
v -24.781223 -13.565813 16.535057
v -26.295897 -12.658142 14.879136
v -27.301708 -12.127594 13.574996
v -30.414421 -1.278533 11.684942
v -29.139666 12.218575 8.623396
v -22.906801 -14.953614 17.988461
v -19.873262 -16.635588 19.867142
v -30.067490 -4.274585 12.012208
v -29.948757 -6.505157 11.549119
v -16.045370 -18.309679 21.609055
v -28.003256 15.787007 8.594554
v -25.446783 23.224133 8.613639
v -26.343346 20.709866 8.548367
v -21.404848 -16.536438 18.280458
v -29.634785 -8.525946 11.270688
v -26.316046 -14.651953 13.055277
v -18.226723 -18.238152 19.840994
v -24.685553 -15.355165 14.988249
v -15.077284 -19.863430 20.784935
v -13.304018 -20.105700 21.802097
v -16.314938 -19.852379 19.773556
v -19.848099 -18.140263 18.317858
v -29.122587 -10.718354 10.764327
v -28.098120 -13.113547 10.904119
v -23.090326 -17.204370 15.243452
v -24.770708 -16.702724 13.323491
v -21.423792 -18.126280 16.377186
v -27.371687 -14.929674 10.245659
v -26.298119 -16.384274 10.761671
v 13.229134 -24.347109 -1.904705
v 12.855783 -24.274265 -2.354351
v 13.044143 -24.567595 -1.487944
v 1.105813 -7.780418 -26.320477
v 0.936500 -8.987966 -26.366657
v 0.663327 -10.113287 -26.375977
v 1.024875 -8.727151 -26.488060
v 16.083746 6.481873 -24.526241
v 15.617996 2.761583 -25.272831
v 14.307894 4.814720 -25.790968
v 4.940961 0.713106 -29.647682
v 8.255712 -3.081520 -28.796072
v 4.711968 -1.427865 -29.725540
v 5.644723 -4.000199 -29.475220
v 7.259879 2.526765 -28.938536
v 9.737773 -2.285019 -28.307196
v 10.035348 0.682099 -28.121677
v 4.422321 3.330238 -29.613441
v 8.500184 -5.741591 -28.634392
v 5.146145 -6.164761 -29.476332
v 2.318246 -3.854311 -30.106237
v 1.992235 -1.778488 -30.217901
v 2.017772 1.102955 -30.165825
v 1.847316 4.018262 -30.003155
v 4.913604 7.095587 -29.122810
v 1.910281 6.587699 -29.737062
v 7.503806 6.882566 -28.417608
v 10.052848 3.310105 -27.910540
v 6.993258 8.926565 -28.284929
v 5.076175 12.807292 -28.220541
v 2.021906 10.303514 -29.143526
v 7.339427 15.399146 -27.154743
v 4.856810 14.453232 -27.965929
v 6.275002 17.641977 -26.979906
v 10.794252 5.870065 -27.305984
v 8.540386 11.642380 -27.297741
v 9.187960 16.091417 -26.376308
v 11.694997 -0.603124 -27.494816
v 12.564097 2.629796 -26.924911
v 9.332623 17.597082 -25.996525
v 7.995013 18.042938 -26.317375
v 11.337280 8.800111 -26.594524
v 11.906363 14.776654 -25.408474
v 12.581828 11.413841 -25.561222
v 13.014135 6.742782 -26.184401
v 11.171733 16.831692 -25.376831
v 11.631880 -5.558839 -27.484894
v 13.250252 -0.269654 -26.751534
v 14.241443 10.568643 -24.884380
v 11.304056 -3.485670 -27.611305
v 11.253213 -4.761261 -27.599253
v 11.834150 -4.157176 -27.401974
v 13.384060 15.893818 -24.446211
v 4.336277 18.038910 -27.271006
v 14.961250 -3.314581 -25.784414
v 14.665200 -1.349087 -25.985027
v 16.210814 0.009391 -25.047039
v 15.361942 11.255185 -24.092028
v 14.218814 16.950382 -23.716486
v 11.872664 17.629725 -24.795149
v 15.813852 15.254517 -23.066706
v 11.504716 -3.990149 -27.420065
v 2.033891 14.899043 -28.278175
v 14.869775 -5.776797 -25.621616
v 8.525421 -7.487044 -28.341730
v 10.987818 -6.984224 -27.521534
v 6.012172 -7.648082 -29.034210
v 2.232198 -6.825753 -29.907867
v -0.066572 -0.761256 -30.420290
v -0.825274 1.209472 -30.419449
v 2.147461 18.455267 -27.438313
v -0.698877 7.566949 -29.814299
v -0.856572 4.495050 -30.171780
v -0.635523 12.462510 -28.955799
v 0.152283 -3.865744 -30.336687
v 0.272723 -6.212886 -30.168015
v 6.241029 18.470362 -26.661167
v -1.469502 -2.228616 -30.480169
v -0.499180 15.414873 -28.311495
v -0.178411 18.932981 -27.439844
v 4.081669 -9.343278 -29.159910
v 6.154481 -9.926064 -28.551710
v 2.061663 -10.100889 -29.355551
v -1.459936 -6.198426 -30.239742
v 8.273447 -9.795583 -27.903591
v 0.284212 -7.971999 -29.913967
v -3.322389 4.501396 -30.113234
v -3.415872 1.301585 -30.372570
v -3.392261 8.191335 -29.642540
v -3.263387 12.476150 -28.864359
v -4.779891 -1.430096 -30.339506
v -1.421854 -8.103883 -29.961306
v -3.502628 -3.806154 -30.343863
v 0.255206 -10.173676 -29.498356
v -1.680715 -9.861118 -29.636978
v -3.111027 15.862464 -28.113073
v -3.026566 19.072123 -27.357861
v -5.082463 3.042116 -30.077686
v -5.141748 6.532326 -29.649902
v -5.059164 0.481784 -30.255915
v -4.765236 -6.355799 -30.067253
v -4.729056 -7.868690 -29.844046
v -5.092199 -3.589275 -30.226976
v 4.685004 -12.618661 -28.141584
v 10.468073 -9.454306 -27.105419
v 2.627003 -12.817385 -28.462358
v 6.952871 -12.544715 -27.499908
v 17.176928 3.289914 -24.160431
v 17.240118 0.542709 -24.307941
v 16.813364 -3.858441 -24.523136
v 16.698774 -5.599256 -24.439194
v 14.066022 -9.557695 -25.193167
v 0.322604 -12.661139 -28.783558
v 12.133815 -10.215775 -26.063038
v 9.866140 -12.226209 -26.472145
v 16.482466 16.993429 -22.156475
v 18.250267 -1.286828 -23.529806
v 17.442360 10.105219 -22.765238
v 13.759110 17.629845 -23.695312
v 17.612844 6.157031 -23.410856
v 18.847637 3.702978 -22.795362
v 15.746009 -9.204997 -24.252396
v 18.773653 0.951893 -23.098246
v 16.478544 -7.162321 -24.275322
v 17.538715 14.764006 -21.828812
v 12.132703 -12.752803 -25.186287
v 19.244955 6.416923 -22.007030
v 18.900383 -3.345693 -22.905563
v 3.318370 18.893599 -27.020493
v -1.301767 -12.546809 -28.889063
v 15.070734 -10.322916 -24.334627
v 13.490670 -12.609734 -24.490543
v 18.486719 -5.857019 -22.994009
v 9.484920 -14.209577 -25.828503
v 11.469836 -14.718535 -24.660692
v 20.343863 2.996638 -21.565220
v 20.457561 -0.124973 -21.621305
v 19.558292 11.661109 -20.698540
v 17.837231 -9.165760 -22.717472
v 21.232203 7.009028 -20.101353
v 20.833868 11.040179 -19.658459
v 18.006647 16.982424 -20.810057
v 19.970911 -5.698249 -21.679512
v 15.565608 17.598328 -22.458683
v 19.751194 15.232007 -19.680244
v 9.662872 18.076916 -25.564323
v 20.545130 -3.968412 -21.317913
v 6.788522 -14.356445 -26.762922
v 4.613801 -15.604630 -26.837172
v 16.501944 -12.557895 -22.502165
v 19.396574 -8.886647 -21.443012
v 21.770937 2.894947 -20.153242
v 18.074642 -12.548364 -21.295679
v 12.769063 -14.726557 -23.937759
v 7.186152 -15.937685 -25.871845
v 2.097792 -15.212909 -27.540543
v 21.797579 -1.660565 -20.174574
v -5.081917 -9.897658 -29.398392
v 9.525361 -16.222130 -24.794918
v 15.423986 -14.355956 -22.381718
v 22.098358 0.142899 -19.889194
v -3.463952 -11.088621 -29.215895
v 0.129777 -15.269868 -27.706041
v -1.405807 -14.554466 -28.071625
v -7.237764 -1.431700 -29.959129
v -7.404923 0.751714 -29.865044
v -7.377479 -4.051485 -29.838665
v -7.336384 -6.272153 -29.683784
v -5.344061 9.680975 -29.078203
v -7.352097 3.355410 -29.668678
v -5.139102 19.313345 -26.998880
v -7.510249 -7.697128 -29.431570
v -4.757092 -12.630030 -28.636961
v 4.578854 -17.270706 -25.956148
v -5.400177 13.938819 -28.178091
v -7.002820 6.561857 -29.294586
v 7.197623 -17.665733 -24.887932
v 1.968721 -17.834858 -26.163719
v 19.520105 17.190605 -19.229912
v 20.735390 16.989462 -18.057795
v 21.044764 -7.470273 -20.140371
v 21.688524 -5.697251 -19.846729
v 16.756479 -15.031488 -21.046204
v 21.846428 -3.821494 -19.919117
v 21.373308 15.456130 -17.902719
v 22.856010 6.522740 -18.384916
v 22.219976 10.854720 -18.168344
v 19.723345 -12.088530 -19.917353
v 10.567307 -17.408953 -23.553606
v 20.687660 -9.499082 -19.909979
v 23.251999 4.526268 -18.218603
v 13.230165 -16.790476 -22.424072
v 14.668659 -17.215841 -21.146334
v 0.175328 -17.195900 -26.700121
v 23.400970 2.268928 -18.228642
v -1.250502 -16.213688 -27.288313
v -8.069282 -9.745448 -28.877722
v 4.498425 -18.715427 -25.054226
v -9.850777 -1.543293 -29.330702
v -10.118173 -3.788401 -29.180918
v -7.133086 9.096565 -28.792749
v -10.340200 -6.248239 -28.924164
v -3.089140 -15.469538 -27.547461
v -7.736718 -11.071559 -28.576548
v -10.066508 1.585161 -29.124136
v 8.290452 -19.140699 -23.389864
v -10.183613 4.373286 -28.779667
v -6.972608 14.008364 -27.775671
v 18.667934 -14.680198 -19.536684
v 23.013649 12.941469 -16.632423
v -10.686254 -7.974735 -28.533916
v -10.218798 -9.635819 -28.316151
v -7.630455 -12.832633 -27.999632
v -0.724041 -18.551632 -25.930273
v -8.007135 19.109913 -26.284687
v -10.370386 7.159235 -28.213509
v -10.025757 10.916722 -27.462967
v -8.362198 15.634274 -26.934080
v -5.045012 -15.691672 -27.182093
v -12.090559 -4.144122 -28.514105
v -13.076772 0.458572 -28.177834
v -13.267145 -1.453973 -28.174498
v -7.329551 19.993341 -26.200344
v -3.303603 -17.881714 -26.246778
v -12.102869 3.125811 -28.270651
v -10.405137 -11.210034 -27.793108
v 2.131058 -19.403181 -25.045097
v 6.260127 -19.735853 -23.703421
v -13.475921 -4.154620 -27.998446
v -3.140122 19.521135 -27.086250
v -0.266382 19.451220 -27.009556
v -9.085729 20.011263 -25.665249
v -13.264547 -6.874475 -27.783350
v -7.634099 -14.038668 -27.430822
v -13.407734 3.047134 -27.780857
v -13.350720 6.049809 -27.269876
v -13.193597 8.769435 -26.700502
v -5.006664 -18.140450 -25.865717
v -10.235744 -12.765438 -27.260796
v -12.633665 -9.623198 -27.436102
v -9.987581 16.476749 -26.119606
v 13.507436 -18.662617 -20.868286
v 11.091562 -19.375725 -21.786114
v 17.048281 -16.624138 -19.722902
v 17.704905 17.536310 -20.700312
v 23.520445 -0.445543 -18.049545
v 22.481297 16.871000 -16.042582
v 21.856560 -10.006338 -18.327459
v 23.606302 -3.669705 -17.618481
v 24.282963 6.794387 -16.479034
v 23.136288 -8.138805 -17.308399
v 24.441303 3.737674 -16.711161
v 23.872749 -5.936892 -16.880043
v 20.768459 -13.101055 -18.205854
v 3.449686 -20.421284 -23.939604
v 16.595053 -18.320148 -18.742168
v 8.524327 -20.672888 -21.968285
v 25.158085 0.942042 -15.757032
v 19.624950 -15.548685 -17.923170
v 23.251534 -9.811689 -16.537149
v 25.323032 -2.426068 -15.289777
v -6.907627 -17.555683 -25.745489
v -8.019562 -15.927627 -26.336426
v 5.501689 -21.096920 -22.756840
v 13.357127 -20.349960 -19.487450
v 11.472875 -20.744366 -20.353977
v 15.542555 -20.201790 -17.883348
v 18.850992 -17.674070 -17.106367
v -0.357423 -20.388779 -24.457987
v 22.164742 -12.689154 -16.598333
v -10.451258 -14.619835 -26.299425
v -2.970618 -19.526094 -25.077887
v 25.171934 -6.283185 -14.900331
v 25.426519 2.409830 -15.301459
v 1.760853 -20.944126 -23.755800
v 25.275381 5.056927 -15.257920
v 24.175079 12.742689 -14.972369
v 23.452364 16.856928 -14.606747
v 24.390221 -9.727179 -14.859677
v 21.465090 -14.538305 -16.321236
v 20.353472 -16.262856 -16.448669
v 9.880634 -21.983299 -19.958294
v 7.887090 -22.011616 -20.906849
v -13.067511 -12.886112 -26.147024
v -13.381068 -11.515884 -26.501732
v 13.864359 -21.233652 -18.197037
v 20.691034 17.459913 -17.735552
v 23.138784 -12.852232 -15.018370
v 17.970345 -19.828720 -15.905421
v 4.100039 -21.938894 -22.290298
v 22.376993 17.542637 -15.663723
v 11.954836 -22.539810 -18.119499
v -5.987138 20.037523 -26.396090
v -10.004707 -17.061604 -25.058380
v 21.771030 -15.621774 -14.989957
v 7.574421 -23.214363 -19.726667
v 3.879257 -23.208078 -20.934666
v -0.284751 -22.152117 -22.745417
v -2.860151 -21.126539 -23.670258
v 1.888903 -22.763216 -21.857605
v 20.219698 -17.936590 -15.025932
v -5.341227 -20.150642 -24.175144
v -13.076638 -15.027024 -25.030582
v -7.593047 -18.863605 -24.601740
v -10.441216 -17.853848 -24.374666
v -13.363591 -15.844977 -24.380949
v 15.219909 -21.941875 -16.080311
v 16.859488 -21.444218 -15.074515
v -9.103608 20.479053 -25.399075
v 19.139456 17.550426 -19.261335
v -5.660420 -21.840946 -22.525040
v -10.835977 20.580322 -24.753740
v 23.679705 17.532946 -13.754127
v 24.379532 17.205603 -12.885516
v -8.511678 -20.490175 -22.929371
v -10.567518 -19.680017 -22.848812
v -14.763886 -14.453060 -24.471537
v 19.742472 -20.008152 -13.061162
v -13.439048 -17.631069 -23.085909
v 17.884027 -21.818333 -13.105552
v -13.464934 -19.446104 -21.530376
vn -0.3653 0.1616 0.9168
vn -0.2392 -0.0171 0.9708
vn -0.2844 0.0845 0.9550
vn -0.3406 0.0796 0.9368
vn -0.1897 -0.1499 0.9703
vn -0.1760 -0.1462 0.9735
vn -0.4658 -0.1267 0.8758
vn -0.4708 0.0079 0.8822
vn 0.2668 0.1437 0.9530
vn -0.4754 0.0073 0.8798
vn -0.2064 0.1295 0.9699
vn -0.4112 -0.0052 0.9115
vn -0.4564 0.0409 0.8888
vn -0.3863 0.1102 0.9158
vn -0.1323 -0.0796 0.9880
vn -0.3358 -0.1197 0.9343
vn 0.0347 -0.1547 0.9873
vn -0.3326 -0.0711 0.9404
vn -0.4538 0.2505 0.8552
vn -0.4591 0.0038 0.8884
vn -0.3515 -0.0672 0.9338
vn -0.1326 0.0151 0.9911
vn 0.2415 -0.0884 0.9664
vn -0.3068 0.0869 0.9478
vn -0.3944 0.0246 0.9186
vn -0.1373 0.0345 0.9899
vn 0.0532 -0.0063 0.9986
vn -0.2372 -0.1207 0.9639
vn -0.2227 0.0216 0.9746
vn 0.0183 0.1151 0.9932
vn -0.2874 -0.0531 0.9563
vn 0.2069 -0.0103 0.9783
vn -0.2276 0.0368 0.9731
vn -0.0008 -0.1919 0.9814
vn 0.4422 -0.0320 0.8964
vn -0.2880 0.0010 0.9576
vn -0.4074 -0.0053 0.9133
vn -0.3038 -0.1043 0.9470
vn -0.1239 -0.0967 0.9876
vn -0.3322 -0.7071 0.6242
vn -0.1154 -0.5558 0.8233
vn 0.0656 -0.5540 0.8299
vn -0.0284 -0.3546 -0.9346
vn -0.2016 -0.3399 -0.9186
vn -0.1305 -0.1958 -0.9719
vn 0.6449 -0.0329 -0.7635
vn -0.7529 -0.3245 0.5726
vn -0.8049 -0.3842 0.4523
vn -0.9065 -0.3155 0.2806
vn -0.5839 -0.3416 0.7364
vn -0.8202 -0.5689 0.0612
vn -0.8495 -0.5275 -0.0110
vn 0.9973 0.0541 -0.0495
vn 0.9988 -0.0077 -0.0486
vn 0.9973 -0.0588 -0.0450
vn 0.9973 -0.0582 -0.0455
vn 0.9992 0.0222 -0.0318
vn 0.9959 0.0686 0.0584
vn 0.9990 0.0258 0.0369
vn 0.9982 0.0024 0.0592
vn 0.9894 0.0213 -0.1434
vn 0.9902 -0.0313 -0.1364
vn 0.9906 0.0563 -0.1249
vn 0.9854 -0.0300 -0.1674
vn 0.9949 0.0961 -0.0294
vn 0.9835 -0.1730 -0.0527
vn 0.9942 0.0974 0.0447
vn 0.9966 -0.0576 0.0595
vn 0.9966 -0.0616 0.0551
vn 0.9857 -0.0566 0.1585
vn 0.9880 0.0082 0.1542
vn 0.9893 0.0998 -0.1067
vn 0.9879 0.0793 -0.1334
vn 0.9771 -0.1552 -0.1454
vn 0.9770 -0.1678 -0.1314
vn 0.9909 0.1120 -0.0745
vn 0.9932 0.1114 -0.0323
vn 0.9924 0.1157 -0.0422
vn 0.9826 -0.1799 -0.0466
vn 0.9923 0.1173 0.0399
vn 0.9797 -0.1926 0.0559
vn 0.9928 0.1079 0.0528
vn 0.9797 -0.1928 0.0557
vn 0.9865 0.1079 0.1229
vn 0.9694 -0.1858 0.1602
vn 0.9878 0.0659 0.1408
vn 0.9860 0.0381 0.1624
vn 0.9805 -0.0890 0.1749
vn 0.9858 0.0942 0.1391
vn 0.9853 -0.0286 0.1687
vn 0.9714 -0.1621 0.1733
vn 0.9701 0.0359 0.2399
vn 0.9694 0.0501 -0.2402
vn 0.9658 -0.0156 -0.2589
vn 0.9722 0.0703 -0.2233
vn 0.9713 0.0208 -0.2369
vn 0.9692 -0.0524 -0.2408
vn 0.9787 0.0814 -0.1886
vn 0.9617 -0.1603 -0.2224
vn 0.9601 -0.1497 -0.2362
vn 0.9585 -0.2529 -0.1318
vn 0.9860 0.1269 -0.1078
vn 0.9621 -0.2672 -0.0544
vn 0.9640 -0.2612 -0.0493
vn 0.9904 0.1376 -0.0144
vn 0.9897 0.1357 0.0463
vn 0.9644 -0.2579 0.0578
vn 0.9878 0.1432 0.0620
vn 0.9613 -0.2675 0.0660
vn 0.9812 0.1325 0.1403
vn 0.9771 0.1428 0.1576
vn 0.9574 -0.2256 0.1804
vn 0.9606 0.1380 0.2412
vn 0.9568 0.1419 0.2540
vn 0.9711 0.1027 0.2156
vn 0.9646 0.0776 0.2519
vn 0.9697 -0.0304 0.2424
vn 0.9625 -0.0757 0.2605
vn 0.9702 0.0358 0.2396
vn 0.9656 -0.0454 0.2562
vn 0.9452 0.0315 -0.3249
vn 0.9554 -0.0171 -0.2947
vn 0.9395 -0.0609 -0.3372
vn 0.9511 0.0528 -0.3042
vn 0.9477 -0.0887 -0.3066
vn 0.9504 -0.0895 -0.2980
vn 0.9633 0.1362 -0.2311
vn 0.9600 0.0986 -0.2622
vn 0.9522 -0.1477 -0.2672
vn 0.9676 0.1356 -0.2129
vn 0.9417 -0.2501 -0.2249
vn 0.9704 0.1395 -0.1970
vn 0.9814 0.1394 -0.1316
vn 0.9558 -0.2596 -0.1382
vn 0.9834 0.1367 -0.1196
vn 0.9397 -0.3188 -0.1240
vn 0.9848 0.1501 -0.0876
vn 0.9531 -0.2979 -0.0538
vn 0.9837 0.1795 -0.0068
vn 0.9885 0.1490 -0.0247
vn 0.9806 0.1836 0.0693
vn 0.9849 0.1560 0.0753
vn 0.9393 -0.3336 0.0806
vn 0.9337 -0.3289 0.1415
vn 0.9718 0.1690 0.1645
vn 0.9467 -0.2809 0.1577
vn 0.9719 0.1693 0.1632
vn 0.9475 -0.2738 0.1650
vn 0.9433 -0.2122 0.2550
vn 0.9471 -0.1734 0.2702
vn 0.9498 0.1364 0.2814
vn 0.9531 -0.1092 0.2822
vn 0.9468 -0.1697 0.2736
vn 0.9423 0.1421 0.3032
vn 0.9594 0.0866 0.2683
vn 0.9441 0.0760 0.3209
vn 0.9522 0.0238 0.3044
vn 0.9496 0.0120 0.3131
vn 0.9420 -0.1069 0.3183
vn 0.9486 -0.0212 0.3157
vn 0.9374 -0.0515 0.3443
vn 0.9494 0.0972 -0.2987
vn 0.9453 0.0854 -0.3149
vn 0.9351 -0.1694 -0.3112
vn 0.9401 -0.2532 -0.2284
vn 0.9780 0.1850 -0.0960
vn 0.9807 0.1943 -0.0240
vn 0.9363 -0.3497 -0.0330
vn 0.9364 -0.3494 -0.0338
vn 0.9797 0.1863 0.0735
vn 0.9369 -0.3419 0.0728
vn 0.9706 0.1828 0.1564
vn 0.9641 0.1797 0.1956
vn 0.9476 0.1758 0.2669
vn 0.9332 0.1412 0.3303
vn 0.9430 0.0774 0.3235
vn 0.9173 -0.0199 -0.3976
vn 0.9341 0.0858 -0.3464
vn 0.9209 0.0590 -0.3852
vn 0.9326 0.0299 -0.3597
vn 0.9130 -0.0923 -0.3975
vn 0.9522 0.1487 -0.2669
vn 0.9154 -0.3261 -0.2360
vn 0.9714 0.1936 -0.1376
vn 0.9240 -0.3567 -0.1378
vn 0.9258 -0.3535 -0.1340
vn 0.9716 0.1814 0.1519
vn 0.9249 -0.3474 0.1546
vn 0.9397 0.1805 0.2904
vn 0.9247 -0.2897 0.2468
vn 0.9248 -0.2847 0.2525
vn 0.9333 0.1808 0.3102
vn 0.9325 -0.2428 0.2675
vn 0.9236 -0.1506 0.3525
vn 0.9254 -0.1748 0.3362
vn 0.9259 0.1471 0.3479
vn 0.9066 0.1391 0.3984
vn 0.9092 -0.1404 0.3919
vn 0.9154 0.0799 0.3945
vn 0.9178 0.0749 0.3900
vn 0.9192 0.0381 0.3919
vn 0.9227 -0.0538 0.3817
vn 0.9048 -0.1767 -0.3875
vn 0.9203 0.1378 -0.3662
vn 0.9174 -0.1558 -0.3661
vn 0.9404 0.1459 -0.3071
vn 0.9558 0.1750 -0.2361
vn 0.9567 0.1755 -0.2320
vn 0.9610 0.1879 -0.2028
vn 0.9122 -0.3439 -0.2229
vn 0.9727 0.1907 -0.1322
vn 0.9410 0.3196 -0.1116
vn 0.9416 0.3336 -0.0449
vn 0.9775 0.2103 -0.0153
vn 0.8303 0.5569 -0.0207
vn 0.9132 -0.4071 -0.0187
vn 0.7862 0.6158 0.0525
vn 0.9557 0.2814 0.0860
vn 0.9765 0.2065 0.0622
vn 0.9119 -0.4075 0.0496
vn 0.7741 0.6313 0.0468
vn 0.9187 -0.3862 0.0826
vn 0.9509 0.2840 0.1231
vn 0.9646 0.1840 0.1887
vn 0.9137 -0.3395 0.2232
vn 0.9307 0.1819 0.3173
vn 0.9115 0.1773 0.3711
vn 0.9144 -0.2150 0.3430
vn 0.9089 -0.0344 0.4155
vn 0.9130 -0.0201 -0.4075
vn 0.9089 -0.0247 -0.4164
vn 0.8958 -0.0774 -0.4377
vn 0.9032 -0.0917 -0.4193
vn 0.8995 -0.2023 -0.3872
vn 0.9251 0.1438 -0.3514
vn 0.9098 -0.2982 -0.2888
vn 0.9414 0.1923 -0.2772
vn 0.8915 0.4007 -0.2113
vn 0.8699 0.4721 -0.1429
vn 0.6276 0.7707 -0.1100
vn 0.5668 0.8198 -0.0821
vn 0.0670 0.9971 -0.0349
vn 0.4161 0.9090 0.0247
vn 0.8686 0.4419 0.2241
vn 0.9133 -0.3849 0.1331
vn 0.8905 0.4287 0.1524
vn 0.9438 0.2417 0.2256
vn 0.9341 0.2400 0.2645
vn 0.9061 -0.3528 0.2333
vn 0.9143 0.1807 0.3625
vn 0.8975 -0.3030 0.3204
vn 0.8969 0.1754 0.4059
vn 0.9060 -0.2256 0.3582
vn 0.8939 0.1525 0.4216
vn 0.9065 -0.0044 0.4222
vn 0.8978 -0.0627 0.4359
vn 0.8766 0.1128 -0.4678
vn 0.8961 0.1202 -0.4272
vn 0.8915 -0.1413 -0.4303
vn 0.9033 0.1380 -0.4062
vn 0.8793 -0.3046 -0.3662
vn 0.9333 0.1861 -0.3071
vn 0.9344 0.1903 -0.3011
vn 0.8176 0.5314 -0.2218
vn 0.8215 0.4994 -0.2752
vn 0.3850 0.9169 -0.1048
vn 0.3743 0.9138 -0.1579
vn 0.9034 -0.4056 -0.1391
vn 0.0496 0.9979 -0.0426
vn 0.9000 -0.4201 -0.1162
vn 0.0791 0.9961 -0.0379
vn 0.9073 -0.4159 -0.0620
vn -0.2438 0.9695 -0.0242
vn 0.9060 -0.4205 -0.0485
vn 0.3271 0.9435 0.0524
vn 0.8051 0.5674 0.1731
vn 0.4824 0.8696 0.1048
vn 0.9275 0.2516 0.2765
vn 0.9039 0.1713 0.3920
vn 0.8995 -0.2455 0.3615
vn 0.8870 0.1511 0.4364
vn 0.9055 -0.1425 0.3997
vn 0.8973 -0.1671 0.4087
vn 0.8859 0.1176 0.4487
vn 0.8907 0.0915 0.4452
vn 0.8930 -0.0995 0.4389
vn 0.8868 0.0784 0.4555
vn 0.8965 0.0102 0.4430
vn 0.8707 0.0577 -0.4884
vn 0.8614 0.0001 -0.5080
vn 0.8557 -0.0214 -0.5171
vn 0.8609 -0.0283 -0.5080
vn 0.8761 0.0458 -0.4799
vn 0.8612 -0.0754 -0.5027
vn 0.8664 -0.1496 -0.4764
vn 0.8955 0.1494 -0.4193
vn 0.8843 -0.2277 -0.4076
vn 0.8980 0.1541 -0.4122
vn 0.8710 -0.2918 -0.3954
vn 0.9085 0.1580 -0.3868
vn 0.9098 0.1810 -0.3734
vn 0.4485 0.8662 -0.2205
vn 0.8964 -0.3769 -0.2331
vn 0.2460 0.9629 -0.1108
vn -0.4447 0.8957 0.0036
vn -0.4789 0.8777 0.0177
vn -0.5227 0.8525 -0.0029
vn -0.6803 0.7319 -0.0392
vn -0.2216 0.9745 -0.0356
vn -0.2493 0.9674 -0.0457
vn 0.9019 -0.4051 0.1497
vn 0.4770 0.8726 0.1050
vn 0.8847 -0.4021 0.2359
vn 0.8745 -0.4333 0.2178
vn 0.8592 0.4465 0.2499
vn 0.9224 0.1999 0.3304
vn 0.8866 -0.3718 0.2751
vn 0.9179 0.1756 0.3558
vn 0.8888 0.1664 0.4270
vn 0.8988 -0.2467 0.3624
vn 0.8739 0.1659 0.4569
vn 0.8871 -0.1725 0.4282
vn 0.8671 -0.1268 0.4817
vn 0.8529 0.0850 0.5151
vn 0.8897 0.0041 0.4566
vn 0.8799 -0.0236 0.4745
vn 0.8534 -0.0854 -0.5143
vn 0.8450 -0.1984 -0.4966
vn 0.8766 0.3331 -0.3473
vn 0.8808 -0.3778 -0.2856
vn 0.8920 -0.3971 -0.2158
vn -0.3177 0.9482 0.0041
vn -0.3915 0.9192 0.0423
vn 0.8915 -0.4066 -0.1998
vn 0.8876 -0.4475 -0.1095
vn -0.7797 0.6240 0.0526
vn 0.8876 -0.4579 -0.0503
vn 0.8905 -0.4528 -0.0451
vn -0.7886 0.6144 -0.0269
vn 0.8895 -0.4542 0.0507
vn -0.6491 0.7562 -0.0832
vn -0.7011 0.7044 -0.1105
vn -0.2008 0.9770 -0.0712
vn -0.3071 0.9378 -0.1619
vn 0.4808 0.8698 0.1105
vn 0.8384 0.4820 0.2544
vn 0.9271 0.2007 0.3165
vn 0.8796 -0.3672 0.3024
vn 0.9183 0.1756 0.3549
vn 0.9056 0.1562 0.3944
vn 0.8808 -0.3372 0.3325
vn 0.8678 0.1385 0.4772
vn 0.8734 -0.1572 0.4609
vn 0.8595 0.1121 0.4986
vn 0.8289 0.0849 -0.5529
vn 0.8427 0.0569 -0.5353
vn 0.8290 0.0218 -0.5588
vn 0.8256 -0.0886 -0.5573
vn 0.8539 0.1344 -0.5027
vn 0.8599 0.1507 -0.4877
vn 0.8672 0.3087 -0.3908
vn 0.8840 0.2219 -0.4115
vn 0.4251 0.8780 -0.2201
vn 0.8694 -0.4125 -0.2721
vn -0.2975 0.9533 0.0522
vn -0.6030 0.7921 0.0943
vn -0.6747 0.7256 0.1355
vn 0.8611 -0.4671 -0.2009
vn 0.8727 -0.4712 -0.1277
vn -0.9632 0.2198 0.1547
vn -0.8996 0.4285 -0.0846
vn -0.9763 0.1729 -0.1300
vn 0.8722 -0.4649 0.1523
vn -0.6621 0.7198 -0.2084
vn 0.8614 -0.4474 0.2404
vn 0.8682 -0.4288 0.2497
vn 0.3390 0.9357 0.0981
vn 0.3618 0.9318 -0.0279
vn 0.8383 0.4827 0.2535
vn 0.7522 0.5973 0.2784
vn 0.9534 0.1330 0.2707
vn 0.8822 -0.3335 0.3325
vn 0.8810 -0.2539 0.3992
vn 0.8800 -0.2464 0.4060
vn 0.8173 0.1725 0.5498
vn 0.8437 0.1221 0.5227
vn 0.8710 -0.0279 0.4904
vn 0.8239 -0.0381 -0.5655
vn 0.8233 -0.0860 -0.5610
vn 0.8511 0.1434 -0.5051
vn 0.8174 -0.1920 -0.5431
vn 0.8708 0.1990 -0.4495
vn 0.8390 -0.3696 -0.3994
vn 0.4510 0.8585 -0.2439
vn -0.1713 0.9850 0.0196
vn 0.4263 0.8777 -0.2190
vn -0.1998 0.9786 0.0497
vn -0.8389 0.5148 0.1768
vn 0.8454 -0.4873 -0.2187
vn -0.9653 0.2600 0.0234
vn -0.8318 0.5079 -0.2237
vn -0.3937 0.9115 -0.1191
vn -0.4029 0.8911 -0.2089
vn 0.8392 0.5301 -0.1216
vn 0.8511 -0.4220 0.3122
vn 0.8849 0.1878 0.4263
vn 0.8684 0.1779 0.4629
vn 0.8675 0.1817 0.4630
vn 0.8677 -0.3371 0.3654
vn 0.8338 0.1738 0.5241
vn 0.8679 0.1823 0.4621
vn 0.8365 0.1382 0.5303
vn 0.8675 -0.2988 0.3977
vn 0.8285 0.1284 0.5451
vn 0.8200 0.1748 0.5450
vn 0.8524 -0.1575 0.4986
vn 0.8202 0.1638 0.5482
vn 0.8628 -0.1260 0.4896
vn 0.8471 0.0960 0.5227
vn 0.8482 0.0077 0.5296
vn 0.8036 0.0863 -0.5888
vn 0.8184 0.0138 -0.5744
vn 0.8144 -0.0024 -0.5803
vn 0.8175 -0.0549 -0.5733
vn 0.8181 0.1551 -0.5538
vn 0.8117 -0.1623 -0.5611
vn 0.8161 -0.1947 -0.5442
vn 0.8212 -0.3031 -0.4836
vn 0.8453 0.1992 -0.4957
vn 0.7501 0.5203 -0.4082
vn -0.4942 0.8551 0.1565
vn -0.5755 0.8026 0.1570
vn -0.9467 0.1884 0.2613
vn 0.8136 -0.5790 -0.0529
vn 0.8165 -0.5753 -0.0487
vn -0.9906 0.1356 0.0164
vn 0.8034 -0.5774 0.1454
vn 0.8204 -0.5018 0.2742
vn -0.3614 0.9075 -0.2142
vn -0.3980 0.8383 -0.3727
vn 0.8479 -0.4443 0.2893
vn -0.0316 0.9983 -0.0497
vn -0.0094 0.9799 -0.1992
vn 0.5686 0.7923 0.2212
vn 0.8424 -0.3205 0.4332
vn 0.7896 0.1862 0.5847
vn 0.8506 -0.1397 0.5069
vn 0.8157 0.0821 0.5727
vn 0.7887 0.1060 -0.6056
vn 0.7977 0.0553 -0.6005
vn 0.8139 0.1917 -0.5485
vn 0.7877 0.3630 -0.4978
vn 0.5783 0.7306 -0.3631
vn 0.4434 0.8567 -0.2634
vn -0.1148 0.9933 0.0167
vn 0.8177 -0.4319 -0.3805
vn 0.8041 -0.4761 -0.3562
vn -0.6397 0.7416 0.2022
vn 0.8241 -0.4816 -0.2983
vn 0.8222 -0.4900 -0.2896
vn -0.9524 -0.1077 0.2850
vn -0.9189 0.2881 0.2696
vn 0.8129 -0.5803 0.0498
vn -0.6803 0.6131 -0.4016
vn 0.8217 -0.4904 0.2904
vn 0.5570 0.8067 0.1974
vn 0.8333 -0.4282 0.3496
vn 0.7435 0.5379 0.3973
vn 0.7449 0.5252 0.4116
vn 0.8482 -0.3664 0.3825
vn 0.8141 0.1783 0.5526
vn 0.8286 0.1284 0.5449
vn 0.8346 -0.2351 0.4982
vn 0.8312 -0.2001 0.5188
vn 0.8117 0.1632 0.5608
vn 0.8198 0.1051 0.5629
vn 0.8412 -0.1401 0.5223
vn 0.8324 0.0128 0.5540
vn 0.8383 0.0214 0.5448
vn 0.8262 -0.1211 0.5503
vn 0.7820 0.1451 -0.6062
vn 0.7974 -0.1001 -0.5951
vn 0.8147 0.1925 -0.5470
vn 0.7979 -0.2928 -0.5269
vn 0.5766 0.7180 -0.3897
vn 0.0507 0.9941 -0.0963
vn -0.4569 0.8667 0.2003
vn -0.9216 0.0978 0.3756
vn -0.9248 0.2094 0.3176
vn 0.7670 -0.5841 -0.2653
vn 0.7776 -0.5864 -0.2269
vn 0.7845 -0.5811 -0.2164
vn 0.7946 -0.5917 -0.1362
vn -0.9319 0.3624 -0.0136
vn -0.6631 0.7363 -0.1347
vn -0.1170 0.9706 -0.2104
vn 0.8442 0.1990 0.4977
vn 0.8397 -0.3624 0.4045
vn 0.8351 -0.3429 0.4303
vn 0.8061 0.1716 0.5663
vn 0.8216 -0.2760 0.4988
vn 0.7936 0.2281 0.5640
vn 0.8094 0.1547 0.5666
vn 0.7903 -0.0056 -0.6127
vn 0.7856 -0.0332 -0.6179
vn 0.7948 -0.0535 -0.6045
vn 0.7814 -0.2160 -0.5854
vn 0.8006 -0.2912 -0.5236
vn 0.7591 0.4052 -0.5094
vn 0.7596 0.3956 -0.5162
vn 0.4561 0.8171 -0.3526
vn 0.7839 -0.4264 -0.4513
vn -0.3974 0.9056 0.1485
vn -0.6601 0.6935 0.2887
vn -0.8705 0.3354 0.3601
vn 0.7767 -0.5829 0.2388
vn 0.8265 -0.4857 0.2845
vn -0.5257 0.7205 -0.4522
vn 0.8013 -0.4780 0.3599
vn 0.8069 -0.4655 0.3638
vn 0.7286 0.5415 0.4195
vn 0.8199 0.1942 0.5385
vn 0.8129 0.1819 0.5533
vn 0.7776 -0.3489 0.5232
vn 0.8255 0.1111 0.5534
vn 0.8050 -0.1987 0.5591
vn 0.8079 -0.1815 0.5607
vn 0.7879 -0.1172 0.6045
vn 0.7528 -0.1529 0.6402
vn 0.7750 0.0139 0.6318
vn 0.7939 -0.0900 -0.6014
vn 0.7734 -0.3698 -0.5149
vn 0.7770 -0.3888 -0.4950
vn 0.7879 -0.3940 -0.4732
vn 0.0414 0.9982 -0.0433
vn 0.7386 -0.6609 0.1327
vn -0.8808 0.2027 -0.4278
vn -0.4417 0.8119 -0.3818
vn -0.1178 0.9703 -0.2114
vn 0.3494 0.9261 0.1423
vn 0.4142 0.8782 0.2393
vn 0.7216 0.5184 0.4588
vn 0.7891 0.2596 0.5567
vn 0.7793 -0.3040 0.5480
vn 0.8161 0.1550 0.5568
vn 0.7718 -0.1492 0.6182
vn 0.7807 0.0548 0.6226
vn 0.7508 -0.0531 0.6583
vn 0.7371 0.1049 -0.6676
vn 0.7705 0.0537 -0.6351
vn 0.7388 0.1414 -0.6589
vn -0.3269 0.9286 0.1756
vn 0.7618 -0.4719 -0.4438
vn -0.5628 0.7746 0.2885
vn -0.6897 0.6269 0.3623
vn 0.7417 -0.5781 -0.3400
vn 0.7431 -0.6565 -0.1298
vn 0.7489 -0.6602 0.0569
vn 0.7412 -0.6571 0.1372
vn 0.7297 -0.6426 0.2337
vn 0.7516 -0.6094 0.2523
vn 0.4214 0.8847 0.1995
vn 0.5690 0.7389 0.3609
vn 0.7027 0.5471 0.4549
vn 0.7897 -0.4486 0.4185
vn 0.7714 0.2437 0.5878
vn 0.7910 0.1754 0.5862
vn 0.7774 -0.3014 0.5521
vn 0.7827 -0.2223 0.5814
vn 0.7793 -0.2322 0.5820
vn 0.8305 0.1757 0.5285
vn 0.7868 0.1580 0.5967
vn 0.7490 -0.0289 0.6619
vn 0.7334 0.1454 -0.6641
vn 0.7708 -0.1786 -0.6115
vn 0.7568 0.1756 -0.6296
vn 0.4536 0.7959 -0.4009
vn -0.5602 0.7796 0.2801
vn -0.6818 0.6420 0.3507
vn 0.7360 -0.5821 -0.3458
vn 0.7263 -0.6543 -0.2107
vn -0.9085 0.3997 0.1222
vn -0.8664 0.3830 -0.3204
vn 0.7439 -0.6029 0.2882
vn 0.7256 -0.6118 0.3150
vn 0.7559 -0.5381 0.3729
vn 0.7521 -0.4602 0.4718
vn 0.7715 0.1874 0.6080
vn 0.7748 0.1903 0.6029
vn 0.7608 -0.3788 0.5270
vn 0.7723 0.1870 0.6071
vn 0.7766 0.1731 0.6057
vn 0.7758 0.1720 0.6071
vn 0.7483 0.1096 0.6543
vn 0.7307 -0.1075 0.6742
vn 0.7243 0.0200 -0.6892
vn 0.7034 0.1010 -0.7036
vn 0.7552 -0.2037 -0.6231
vn 0.7318 0.1727 -0.6592
vn 0.7581 -0.2895 -0.5843
vn 0.7399 0.2445 -0.6267
vn 0.6865 0.4538 -0.5681
vn -0.3828 0.8849 0.2653
vn -0.1864 0.9797 0.0739
vn -0.8236 0.1413 0.5493
vn 0.6911 -0.7212 -0.0474
vn -0.8746 0.2116 -0.4361
vn 0.7284 0.3425 0.5934
vn 0.7819 0.1677 0.6005
vn 0.7679 0.1863 0.6129
vn 0.7439 -0.2678 0.6124
vn 0.7568 -0.1743 0.6300
vn 0.7361 0.1708 0.6550
vn 0.7232 0.0407 0.6895
vn 0.7216 -0.1091 0.6837
vn 0.7261 -0.0988 -0.6804
vn 0.7351 -0.2827 -0.6162
vn 0.7053 0.2255 -0.6721
vn 0.7255 -0.4785 -0.4947
vn -0.4676 0.8197 0.3309
vn -0.5858 0.6997 0.4090
vn 0.7288 -0.5783 -0.3665
vn -0.8578 0.1993 0.4738
vn -0.2304 0.9433 -0.2391
vn 0.7046 -0.5294 0.4724
vn 0.1385 0.9898 0.0339
vn 0.7214 -0.4958 0.4835
vn 0.7335 -0.3919 0.5553
vn 0.7464 -0.3102 0.5888
vn 0.7329 0.1930 0.6524
vn 0.7136 0.1795 0.6771
vn 0.7265 -0.1756 0.6643
vn 0.7172 -0.0263 0.6963
vn 0.7042 0.0384 -0.7090
vn 0.7120 -0.0391 -0.7010
vn 0.7214 -0.1500 -0.6760
vn 0.7150 0.1812 -0.6753
vn 0.3926 0.8395 -0.3758
vn 0.7160 -0.4203 -0.5574
vn -0.4484 0.8324 0.3257
vn -0.5916 0.6858 0.4240
vn 0.6906 -0.7112 -0.1315
vn -0.7884 0.6006 -0.1335
vn 0.6672 -0.7096 0.2265
vn 0.6834 -0.6871 0.2465
vn -0.2742 0.9043 -0.3272
vn 0.7048 -0.5330 0.4680
vn 0.7195 0.3513 0.5991
vn -0.8254 0.1405 -0.5467
vn 0.7631 0.1914 0.6173
vn 0.7194 -0.2552 0.6460
vn 0.7105 -0.1574 0.6859
vn 0.7192 0.0989 0.6877
vn 0.7163 -0.0211 0.6975
vn 0.7081 -0.2015 -0.6768
vn 0.6874 -0.2541 -0.6804
vn 0.3758 0.8657 -0.3308
vn -0.7249 0.4274 0.5402
vn 0.6953 -0.5724 -0.4346
vn -0.8096 0.0179 0.5868
vn 0.6821 -0.6619 -0.3110
vn 0.6754 -0.6655 0.3178
vn 0.6763 -0.6326 0.3774
vn 0.6810 -0.6234 0.3843
vn 0.6627 -0.6122 0.4313
vn 0.5741 0.6501 0.4977
vn 0.7203 0.2079 0.6618
vn 0.7056 0.1792 0.6856
vn 0.6989 -0.0604 0.7127
vn 0.7020 -0.0866 0.7069
vn 0.6683 0.1199 -0.7342
vn 0.6633 -0.1735 -0.7280
vn 0.6944 0.2381 -0.6791
vn 0.6795 -0.3698 -0.6337
vn -0.2807 0.9244 0.2582
vn -0.1124 0.9915 0.0649
vn 0.6833 -0.4651 -0.5629
vn 0.6946 -0.4973 -0.5198
vn 0.6707 -0.5859 -0.4548
vn -0.7344 0.6767 -0.0525
vn -0.5307 0.6631 -0.5279
vn -0.3633 0.8641 -0.3484
vn -0.7991 0.2320 -0.5546
vn 0.6988 -0.4787 0.5316
vn 0.7045 0.2055 0.6793
vn 0.7049 0.2113 0.6771
vn 0.6765 0.1629 0.7182
vn 0.6810 0.1445 0.7179
vn 0.6725 0.0378 -0.7392
vn -0.4218 0.8261 0.3738
vn -0.7721 0.0866 0.6295
vn -0.8115 0.3708 0.4517
vn -0.7640 0.5524 0.3333
vn -0.7218 0.6746 0.1550
vn -0.7267 0.6854 0.0463
vn -0.7313 0.6804 -0.0481
vn -0.6902 0.6836 -0.2371
vn 0.6318 -0.6760 0.3792
vn -0.7823 0.3483 -0.5164
vn 0.6259 -0.6312 0.4582
vn 0.1481 0.9889 0.0132
vn 0.1387 0.9903 0.0012
vn 0.6714 -0.5531 0.4932
vn 0.6239 0.5917 0.5105
vn 0.6877 -0.2786 0.6704
vn 0.6891 -0.1568 0.7075
vn 0.6839 -0.1078 0.7216
vn 0.6778 -0.1485 0.7201
vn 0.6565 -0.0081 -0.7543
vn 0.6657 -0.0835 -0.7415
vn 0.6609 -0.2668 -0.7015
vn 0.5818 0.5644 -0.5856
vn 0.6853 0.2390 -0.6879
vn 0.3266 0.8841 -0.3343
vn 0.3145 0.8958 -0.3141
vn -0.7716 0.1375 0.6211
vn -0.7752 0.4564 0.4368
vn 0.6354 -0.7222 -0.2732
vn -0.7160 0.6841 0.1390
vn -0.6854 0.6897 -0.2334
vn -0.7042 0.6573 -0.2685
vn 0.6062 -0.7531 0.2554
vn 0.6207 -0.7358 0.2708
vn 0.6264 -0.6201 0.4723
vn -0.2413 0.9024 -0.3571
vn 0.5194 0.7341 0.4374
vn 0.6735 -0.5003 0.5441
vn 0.6717 0.2197 0.7074
vn 0.6729 0.2049 0.7108
vn 0.6770 0.2044 0.7070
vn 0.6789 -0.3108 0.6652
vn 0.6154 -0.0302 0.7876
vn 0.6189 -0.0431 0.7843
vn 0.6349 0.1284 -0.7619
vn 0.6623 0.1928 -0.7240
vn -0.3905 0.8453 0.3647
vn -0.7230 0.2252 0.6531
vn -0.6704 0.6687 0.3217
vn -0.6732 0.6840 0.2809
vn -0.6182 0.7727 -0.1442
vn -0.7076 0.4772 -0.5212
vn 0.6231 -0.6301 0.4634
vn 0.6442 0.2568 0.7205
vn 0.6259 -0.5008 0.5978
vn 0.6711 -0.3219 0.6678
vn 0.6778 -0.2638 0.6863
vn 0.6392 0.1752 0.7489
vn 0.6203 -0.0747 -0.7808
vn 0.6174 0.1427 -0.7736
vn -0.4937 0.7324 0.4689
vn -0.7118 -0.0481 0.7008
vn -0.7214 0.0743 0.6885
vn -0.7249 -0.1297 0.6766
vn -0.6136 0.7780 0.1346
vn -0.6102 0.7920 0.0215
vn -0.6382 0.7697 -0.0163
vn -0.6135 0.7881 -0.0500
vn -0.6039 0.7871 -0.1256
vn -0.6324 0.7324 -0.2523
vn -0.6822 0.6242 -0.3808
vn 0.5167 0.7236 0.4576
vn 0.6263 -0.4962 0.6012
vn -0.7147 0.2206 -0.6638
vn 0.6385 0.1946 0.7446
vn 0.6350 0.1912 0.7485
vn -0.1814 0.9625 0.2017
vn -0.1412 0.9749 0.1723
vn -0.3833 0.8180 0.4288
vn 0.5948 -0.5156 -0.6167
vn -0.6923 -0.1116 0.7130
vn 0.5845 -0.5640 -0.5833
vn -0.6477 0.4143 0.6394
vn -0.6899 0.2054 0.6941
vn -0.7153 0.3140 0.6243
vn -0.5886 0.7825 0.2030
vn -0.6193 0.7727 0.1396
vn -0.5929 0.7740 -0.2222
vn -0.6516 0.6370 -0.4119
vn -0.6397 0.6126 -0.4642
vn -0.6575 0.5853 -0.4745
vn 0.5711 -0.5533 0.6064
vn 0.6492 0.2541 0.7169
vn 0.6446 0.2270 0.7300
vn 0.6653 0.2192 0.7136
vn 0.6641 -0.3441 0.6637
vn 0.6314 -0.3807 0.6756
vn 0.6188 0.1681 0.7673
vn 0.6148 0.1283 0.7782
vn 0.5930 -0.0678 0.8024
vn 0.5963 -0.0927 0.7974
vn 0.5856 -0.2788 -0.7611
vn 0.6495 0.1999 -0.7336
vn 0.5659 -0.3742 -0.7347
vn -0.7119 0.0291 0.7017
vn -0.7164 0.0678 0.6944
vn -0.6962 -0.1235 0.7071
vn -0.6410 0.6856 0.3452
vn -0.6048 0.7566 0.2485
vn -0.6091 0.7607 0.2242
vn -0.5645 0.8171 -0.1166
vn -0.5381 0.8321 -0.1344
vn -0.6306 0.7143 -0.3035
vn 0.5670 -0.6707 0.4782
vn 0.5437 -0.6398 0.5432
vn 0.5360 -0.6283 0.5638
vn 0.5906 0.4710 0.6553
vn 0.6345 0.2394 0.7349
vn 0.6039 -0.4754 0.6398
vn 0.5642 -0.2583 0.7842
vn 0.5600 -0.1315 0.8180
vn 0.5696 -0.1398 0.8100
vn 0.5626 0.0572 -0.8248
vn 0.5907 0.1550 -0.7919
vn 0.5916 0.4543 -0.6660
vn 0.5542 0.5122 -0.6562
vn -0.4656 0.7367 0.4904
vn -0.6701 0.2250 0.7074
vn 0.5386 -0.6476 -0.5390
vn 0.5646 -0.7058 -0.4279
vn -0.6607 0.5574 0.5028
vn -0.5585 0.8281 0.0493
vn -0.5496 0.8318 -0.0774
vn -0.6187 0.7206 -0.3130
vn -0.6243 0.5442 -0.5605
vn -0.1787 0.9318 -0.3159
vn 0.6109 0.1789 0.7712
vn 0.5776 -0.2202 0.7860
vn 0.5985 0.0893 0.7961
vn 0.5982 -0.0069 0.8013
vn 0.3400 0.8588 -0.3833
vn 0.3238 0.8786 -0.3511
vn -0.3841 0.8175 0.4292
vn -0.4725 0.6991 0.5367
vn -0.6439 -0.0923 0.7595
vn -0.6620 0.0253 0.7491
vn -0.6474 0.0694 0.7590
vn -0.6038 0.4344 0.6684
vn -0.6655 0.0380 0.7454
vn -0.6683 0.2516 0.7000
vn -0.5446 0.8126 0.2076
vn -0.5513 0.8257 0.1191
vn -0.5525 0.8247 0.1205
vn -0.4475 0.8936 0.0347
vn -0.4403 0.8974 0.0268
vn -0.5811 0.6838 -0.4412
vn 0.5396 -0.6717 0.5076
vn 0.1393 0.9895 -0.0385
vn 0.4574 0.7775 0.4315
vn 0.6239 0.2238 0.7488
vn 0.6306 0.2209 0.7440
vn 0.6148 0.1858 0.7665
vn -0.1700 0.9542 0.2462
vn -0.6529 -0.0488 0.7559
vn -0.5898 0.4504 0.6703
vn -0.6514 0.2097 0.7292
vn -0.5614 0.7637 0.3186
vn -0.5359 0.8223 0.1916
vn -0.4388 0.8973 -0.0488
vn -0.5276 0.8216 -0.2159
vn 0.6071 0.2481 0.7549
vn 0.5959 -0.1324 0.7920
vn 0.5873 -0.0267 0.8089
vn 0.5960 -0.0721 0.7998
vn -0.2443 0.8926 0.3788
vn 0.0184 0.9930 0.1164
vn 0.5352 -0.4797 -0.6953
vn -0.6390 -0.0965 0.7632
vn -0.6289 0.1545 0.7620
vn -0.5990 0.2484 0.7613
vn -0.6767 -0.0901 0.7307
vn -0.6314 0.3674 0.6829
vn -0.5975 0.6324 0.4931
vn -0.4356 0.8966 0.0794
vn -0.5303 0.8187 -0.2201
vn -0.5108 0.8062 -0.2985
vn -0.5005 0.7612 -0.4124
vn -0.5416 0.7122 -0.4466
vn 0.4937 -0.7099 0.5024
vn 0.5808 0.4792 0.6581
vn 0.4805 0.7112 0.5131
vn 0.5839 0.3175 0.7472
vn 0.5882 0.2406 0.7721
vn 0.6032 0.4507 0.6580
vn 0.5654 -0.2929 0.7711
vn 0.5665 -0.2555 0.7835
vn 0.5814 0.1896 0.7912
vn -0.3330 0.7973 0.5035
vn -0.4126 0.6994 0.5836
vn -0.6212 0.0766 0.7799
vn -0.5863 0.2552 0.7688
vn -0.6082 0.5383 0.5834
vn -0.5473 0.7513 0.3688
vn -0.5218 0.8018 0.2913
vn -0.5058 0.8255 0.2505
vn -0.4068 0.9111 -0.0670
vn -0.4022 0.9106 -0.0954
vn -0.5149 0.8209 -0.2471
vn 0.4943 -0.6469 0.5807
vn -0.4275 0.5674 -0.7038
vn -0.1717 0.8911 -0.4202
vn 0.0246 0.9875 -0.1559
vn 0.5561 -0.3648 0.7468
vn 0.5932 0.1944 0.7812
vn 0.5824 0.1830 0.7921
vn 0.6062 -0.1702 0.7769
vn 0.5179 -0.3624 -0.7749
vn 0.3010 0.8572 -0.4179
vn -0.5991 0.1378 0.7887
vn -0.6145 -0.1447 0.7756
vn -0.6246 0.0734 0.7775
vn -0.6104 0.0313 0.7915
vn -0.6169 -0.0682 0.7841
vn -0.4232 0.8800 0.2158
vn -0.4259 0.8895 0.1654
vn -0.4207 0.9032 0.0853
vn -0.3908 0.9145 -0.1044
vn -0.3990 0.9044 -0.1514
vn -0.4424 0.8337 -0.3306
vn -0.5453 0.6106 -0.5742
vn -0.2459 0.8421 -0.4800
vn 0.5850 0.2093 0.7835
vn 0.5611 -0.2474 0.7899
vn 0.5108 0.0823 0.8558
vn 0.0567 0.9984 -0.0022
vn 0.4165 0.7505 -0.5130
vn -0.4740 0.6388 0.6061
vn -0.5586 0.4488 0.6975
vn -0.6076 0.0687 0.7912
vn -0.6083 -0.0522 0.7920
vn -0.6024 -0.1930 0.7745
vn -0.5775 0.3013 0.7587
vn -0.5884 0.4588 0.6657
vn -0.5608 0.5651 0.6051
vn -0.4114 0.8936 0.1797
vn -0.2952 0.9541 -0.0513
vn -0.3089 0.9502 -0.0412
vn 0.4604 0.7161 0.5246
vn 0.5283 0.3269 0.7836
vn 0.5586 0.2490 0.7912
vn 0.6568 0.3892 0.6459
vn 0.5041 0.2371 0.8305
vn 0.5551 -0.3245 0.7659
vn 0.5185 0.1842 0.8350
vn 0.4835 0.0727 0.8723
vn 0.4834 -0.0141 0.8753
vn 0.4993 -0.0026 0.8664
vn 0.4797 -0.0390 0.8766
vn 0.5009 -0.0636 0.8632
vn -0.6143 -0.0777 0.7853
vn -0.5964 0.0128 0.8026
vn -0.5840 0.2962 0.7557
vn -0.5758 0.2414 0.7812
vn -0.5556 0.2271 0.7998
vn -0.5690 0.3126 0.7606
vn -0.5637 0.3568 0.7449
vn -0.5799 0.3799 0.7207
vn -0.3289 0.9424 0.0617
vn -0.3055 0.9521 0.0106
vn -0.3060 0.9520 0.0102
vn -0.2954 0.9523 -0.0769
vn 0.3730 0.8147 0.4440
vn 0.6336 0.3688 0.6802
vn 0.5254 0.2034 0.8262
vn 0.4941 0.1707 0.8525
vn 0.4903 -0.1290 0.8619
vn -0.2213 0.8160 0.5340
vn -0.2098 0.8987 0.3852
vn -0.3948 0.6617 0.6375
vn -0.6095 -0.0548 0.7909
vn -0.5854 -0.0249 0.8104
vn -0.5704 0.1004 0.8152
vn -0.4853 0.5151 0.7065
vn -0.5369 0.1936 0.8211
vn -0.5656 0.5600 0.6054
vn -0.5188 0.7000 0.4908
vn -0.5153 0.7082 0.4826
vn -0.3171 0.9461 0.0663
vn -0.2456 0.9645 -0.0967
vn 0.2418 -0.9646 0.1048
vn -0.3173 0.9240 -0.2133
vn -0.3025 0.9323 -0.1984
vn -0.3044 0.9357 -0.1783
vn -0.3190 0.9056 -0.2793
vn -0.3921 0.8301 -0.3965
vn -0.4102 0.7965 -0.4443
vn -0.4303 0.7703 -0.4705
vn -0.2615 0.6906 -0.6743
vn -0.2946 0.8366 -0.4619
vn 0.4689 -0.6335 0.6155
vn 0.5289 0.3279 0.7828
vn 0.5093 -0.4979 0.7019
vn 0.4676 0.2328 0.8527
vn 0.4826 0.2538 0.8383
vn 0.5930 0.1816 0.7845
vn 0.4561 0.1582 0.8758
vn 0.4533 -0.1434 0.8797
vn 0.4590 0.0855 0.8843
vn 0.1329 0.9886 -0.0713
vn -0.5788 -0.0259 0.8150
vn -0.4416 0.4652 0.7672
vn -0.5883 -0.1105 0.8011
vn -0.5662 0.1275 0.8143
vn -0.5579 0.2648 0.7866
vn -0.5812 0.0386 0.8128
vn -0.5802 -0.0916 0.8093
vn -0.5643 0.4326 0.7031
vn -0.4675 0.7989 0.3784
vn -0.3741 0.8903 0.2595
vn -0.3029 0.9432 0.1363
vn -0.2583 0.8966 0.3597
vn -0.2328 0.9589 -0.1621
vn -0.3136 0.9055 -0.2858
vn -0.4995 0.6579 -0.5637
vn -0.0129 0.9695 -0.2449
vn 0.5288 0.3050 0.7920
vn 0.6403 -0.0076 0.7680
vn 0.4368 0.1368 0.8891
vn 0.4597 0.2228 -0.8597
vn 0.3284 0.7581 -0.5634
vn -0.5878 0.0245 0.8086
vn -0.4982 0.3205 0.8056
vn -0.4613 0.8050 0.3731
vn -0.3639 0.8948 0.2588
vn -0.2647 0.9537 0.1427
vn -0.5642 -0.1183 0.8171
vn -0.9575 0.0155 -0.2880
vn 0.0305 0.9705 -0.2392
vn 0.3556 0.8009 0.4818
vn 0.4367 -0.5244 0.7310
vn 0.5379 0.3608 0.7620
vn 0.5781 0.1868 0.7943
vn 0.3633 0.2532 0.8966
vn 0.4211 -0.2765 0.8638
vn 0.4458 -0.1844 0.8759
vn 0.4542 -0.3699 -0.8105
vn -0.3685 0.6034 0.7072
vn -0.5366 0.1585 0.8288
vn -0.4926 0.3526 0.7956
vn -0.4993 0.3642 0.7862
vn -0.5302 0.4514 0.7178
vn -0.4632 0.6643 0.5866
vn -0.2019 0.9729 0.1130
vn -0.2342 0.9711 0.0450
vn -0.2071 0.9782 0.0165
vn -0.1787 0.9828 -0.0464
vn -0.1734 0.9836 -0.0496
vn -0.3771 0.8105 -0.4482
vn 0.3890 -0.7111 0.5857
vn 0.3777 0.7807 0.4978
vn 0.4361 -0.5905 0.6791
vn 0.4835 0.4087 0.7741
vn -0.5177 0.2768 -0.8096
vn 0.5294 0.3053 0.7915
vn 0.4394 0.2361 0.8667
vn 0.4266 -0.3312 0.8416
vn 0.2231 0.0530 0.9733
vn 0.4145 -0.1988 0.8881
vn 0.3974 0.0718 0.9149
vn 0.1525 0.9666 -0.2059
vn -0.5344 0.0454 0.8440
vn -0.4438 0.4633 0.7671
vn -0.5719 -0.1097 0.8130
vn -0.5484 -0.0900 0.8313
vn -0.4553 0.3565 0.8158
vn -0.5379 0.2166 0.8147
vn -0.5009 0.2430 0.8307
vn -0.3871 0.8391 0.3821
vn -0.2579 0.9483 0.1848
vn -0.1699 0.9831 -0.0681
vn -0.2279 0.9275 -0.2964
vn -0.4200 0.7394 -0.5262
vn 0.4044 -0.2937 0.8661
vn 0.4158 0.1810 0.8913
vn 0.3769 0.1299 0.9171
vn 0.3602 0.1078 0.9266
vn 0.3837 -0.1371 0.9132
vn 0.3863 0.0091 0.9223
vn 0.3987 0.0205 0.9169
vn 0.4019 -0.0405 0.9148
vn -0.1148 0.9369 0.3302
vn 0.2283 0.9364 -0.2664
vn -0.3172 0.6230 0.7151
vn -0.5334 0.0731 0.8427
vn -0.4367 0.2476 0.8648
vn -0.5046 0.2212 0.8345
vn -0.4851 0.4193 0.7674
vn -0.4606 0.6897 0.5587
vn -0.3286 0.8895 0.3174
vn -0.4191 0.7402 -0.5258
vn -0.4408 0.6537 -0.6151
vn 0.3849 -0.7091 0.5908
vn -0.0764 0.9356 -0.3446
vn 0.1299 0.9873 0.0910
vn 0.4273 -0.5211 0.7388
vn 0.4087 0.2369 0.8814
vn 0.3893 -0.4620 0.7969
vn 0.4117 0.2390 0.8794
vn 0.3760 -0.1418 0.9157
vn 0.3738 -0.1885 0.9081
vn 0.3936 -0.0342 0.9186
vn 0.3610 0.6726 -0.6460
vn -0.5141 -0.0069 0.8577
vn -0.5021 0.0140 0.8647
vn -0.5017 0.0131 0.8649
vn -0.3819 0.3941 0.8360
vn -0.5014 0.1482 0.8524
vn -0.5584 -0.1488 0.8161
vn -0.4803 0.2944 0.8262
vn -0.4634 0.4332 0.7731
vn -0.4579 0.5581 0.6920
vn -0.3923 0.7987 0.4563
vn -0.3729 0.8203 0.4335
vn -0.7540 0.1677 0.6352
vn -0.1796 0.9773 0.1124
vn -0.0484 0.9982 -0.0341
vn -0.0879 0.9915 -0.0956
vn -0.0937 0.9917 -0.0880
vn -0.1467 0.9755 -0.1642
vn -0.2066 0.9393 -0.2738
vn -0.3298 0.8561 -0.3980
vn -0.4115 0.7596 -0.5036
vn 0.4098 0.3354 0.8483
vn 0.3834 0.3031 0.8724
vn 0.3763 -0.2912 0.8795
vn 0.4025 -0.3607 -0.8414
vn 0.2120 0.9124 -0.3500
vn -0.2276 0.7767 0.5873
vn -0.5001 -0.1079 0.8592
vn -0.5311 -0.0875 0.8428
vn -0.4981 -0.0319 0.8665
vn -0.5054 0.1007 0.8570
vn -0.4982 0.1511 0.8538
vn -0.5486 -0.0839 0.8319
vn -0.5556 -0.1495 0.8179
vn -0.5295 0.0142 0.8482
vn -0.4830 0.2801 0.8296
vn 0.3639 -0.6231 -0.6923
vn -0.4343 0.5334 0.7259
vn -0.3890 0.7757 0.4969
vn -0.2176 0.9593 0.1801
vn -0.0564 0.9980 0.0288
vn -0.0640 0.9979 0.0089
vn -0.0437 0.9985 -0.0315
vn -0.2188 0.9388 -0.2660
vn -0.0681 0.9250 -0.3739
vn 0.1707 0.9787 0.1142
vn 0.4177 0.3810 0.8248
vn 0.3834 0.2545 0.8878
vn 0.3508 0.1762 0.9197
vn 0.3096 0.8443 -0.4373
vn -0.2837 0.5780 0.7651
vn -0.3496 0.4265 0.8342
vn -0.4342 0.2419 0.8677
vn -0.4915 0.2053 0.8463
vn -0.5214 0.1438 0.8411
vn -0.5387 -0.1060 0.8358
vn -0.5280 0.0164 0.8491
vn -0.1887 0.9699 0.1538
vn -0.0775 0.9956 0.0527
vn -0.0403 0.9992 -0.0065
vn -0.1239 0.9731 -0.1944
vn -0.1458 0.9620 -0.2308
vn -0.3252 0.8680 -0.3752
vn -0.3757 0.8039 -0.4612
vn 0.3511 -0.7481 0.5631
vn 0.3333 0.7625 0.5545
vn 0.3823 0.5469 0.7448
vn 0.3438 0.2246 0.9118
vn 0.3529 0.1822 0.9178
vn 0.3426 0.1043 0.9337
vn 0.1036 0.9929 -0.0588
vn -0.0698 0.8595 0.5063
vn -0.0690 0.9484 0.3096
vn -0.4460 -0.0411 0.8941
vn -0.4753 0.0778 0.8764
vn -0.5090 -0.1315 0.8507
vn -0.4426 0.3486 0.8262
vn -0.4420 0.3515 0.8253
vn 0.3483 -0.6602 -0.6655
vn -0.3175 0.8461 0.4282
vn -0.2789 0.9070 0.3155
vn -0.3692 0.7500 -0.5488
vn 0.3450 -0.7143 0.6089
vn -0.2572 0.5741 -0.7774
vn 0.3970 -0.6396 0.6583
vn -0.0520 0.9319 -0.3591
vn 0.1388 0.9868 -0.0840
vn 0.2952 0.8211 0.4884
vn 0.3477 -0.6054 0.7159
vn -0.9186 0.2796 0.2792
vn 0.3606 -0.2013 0.9107
vn 0.3460 0.0387 0.9375
vn 0.3457 -0.0413 0.9374
vn 0.3822 0.1505 -0.9117
vn 0.3528 0.4805 -0.8030
vn -0.1755 0.6773 0.7145
vn -0.4523 -0.0929 0.8870
vn -0.4315 0.0115 0.9021
vn -0.3492 0.5304 0.7725
vn -0.3951 0.5402 0.7430
vn -0.3317 0.7854 0.5227
vn -0.1900 0.9595 0.2077
vn -0.2016 0.9494 0.2408
vn -0.5872 -0.0951 0.8039
vn -0.4852 -0.7752 0.4045
vn -0.6165 -0.4503 0.6459
vn -0.0087 0.9961 -0.0877
vn -0.0123 0.9963 -0.0845
vn -0.1780 0.9465 -0.2692
vn -0.2605 0.8739 -0.4104
vn -0.2608 0.8767 -0.4042
vn -0.3055 0.8309 -0.4650
vn -0.3533 0.7381 -0.5748
vn -0.4379 0.3552 -0.8259
vn 0.4523 0.2270 0.8625
vn 0.6020 0.2851 0.7459
vn 0.3222 -0.4399 0.8382
vn 0.3344 0.2291 0.9141
vn 0.3419 0.2041 0.9173
vn 0.3528 -0.2528 0.9009
vn 0.3319 0.1078 0.9371
vn 0.3278 -0.0239 0.9444
vn 0.3280 -0.0824 0.9411
vn -0.4867 -0.1331 0.8634
vn -0.3950 0.2752 0.8765
vn -0.4461 0.1215 0.8867
vn -0.3048 0.8218 0.4815
vn -0.2664 0.8934 0.3617
vn -0.6771 0.0412 0.7347
vn -0.0053 0.9999 -0.0097
vn 0.0070 0.9991 -0.0409
vn -0.0538 0.9854 -0.1615
vn -0.1453 0.9576 -0.2487
vn -0.2992 0.8211 -0.4861
vn -0.0471 0.9264 -0.3736
vn 0.3287 0.3708 0.8686
vn 0.5195 0.4363 0.7347
vn 0.3383 -0.3358 0.8791
vn 0.3148 0.1515 0.9370
vn 0.3279 0.0266 0.9443
vn 0.3321 -0.1206 0.9355
vn 0.2470 0.7748 -0.5820
vn -0.4140 0.0240 0.9099
vn -0.4487 -0.0949 0.8886
vn -0.4605 0.2101 0.8625
vn -0.4778 0.0845 0.8744
vn -0.5036 -0.0289 0.8635
vn -0.4225 0.4162 0.8052
vn -0.4230 0.4206 0.8026
vn -0.3397 0.7168 0.6089
vn -0.1250 0.9820 0.1414
vn -0.6880 -0.3273 0.6477
vn -0.1414 0.9606 -0.2394
vn -0.3688 0.5317 -0.7624
vn -0.0937 0.4802 0.8721
vn 0.1985 -0.1353 0.9707
vn 0.3045 -0.4850 0.8198
vn 0.3297 0.2457 0.9116
vn 0.3084 0.1039 0.9456
vn 0.1705 0.9828 -0.0708
vn -0.0242 0.8222 0.5686
vn -0.1548 0.6929 0.7042
vn -0.2339 0.5295 0.8154
vn -0.4326 0.0841 0.8976
vn -0.4367 0.0678 0.8970
vn -0.4467 0.1290 0.8853
vn -0.3537 0.1897 0.9159
vn -0.4531 -0.1209 0.8832
vn -0.5073 -0.0801 0.8580
vn -0.4535 0.2210 0.8634
vn -0.4566 0.2679 0.8484
vn -0.3615 0.6170 0.6990
vn -0.3261 0.7487 0.5772
vn -0.7278 -0.0232 0.6854
vn -0.0696 0.9945 0.0780
vn 0.0142 0.9992 -0.0373
vn -0.3629 0.6650 -0.6527
vn -0.3771 0.5390 -0.7532
vn 0.2830 -0.7118 0.6428
vn 0.0995 0.9187 -0.3823
vn 0.2841 -0.5461 0.7881
vn 0.2944 0.2546 0.9212
vn 0.2999 -0.4703 0.8300
vn 0.3353 -0.2587 0.9059
vn 0.0364 0.9592 0.2805
vn -0.2593 0.5078 0.8216
vn -0.3906 0.5233 0.7574
vn -0.1175 0.9783 0.1705
vn -0.6472 -0.0213 0.7620
vn -0.0135 0.9998 0.0171
vn 0.0070 1.0000 -0.0008
vn 0.0234 0.9960 -0.0861
vn 0.2426 0.8326 0.4979
vn 0.1207 0.9875 0.1012
vn 0.0557 0.4060 0.9122
vn 0.2907 0.2386 0.9266
vn 0.3046 0.0482 0.9513
vn -0.1542 0.6900 0.7072
vn -0.3725 -0.0238 0.9277
vn -0.3731 -0.0242 0.9275
vn -0.4377 0.1454 0.8873
vn -0.3834 0.1021 0.9179
vn -0.4284 -0.0111 0.9035
vn -0.4255 -0.0945 0.9000
vn -0.4011 -0.0766 0.9128
vn -0.3910 -0.1296 0.9112
vn -0.4186 0.3397 0.8423
vn -0.4267 0.3776 0.8218
vn -0.3253 0.6408 0.6953
vn -0.3025 0.6737 0.6743
vn -0.1975 0.9130 0.3569
vn -0.1351 0.9540 0.2676
vn -0.1554 0.8981 -0.4114
vn -0.2335 0.7885 -0.5690
vn -0.2519 0.7733 -0.5819
vn -0.0815 0.7479 -0.6588
vn 0.2908 -0.6314 0.7189
vn 0.2693 0.1592 0.9498
vn 0.3221 -0.3119 0.8938
vn 0.3146 -0.1872 0.9306
vn 0.2982 -0.0367 0.9538
vn 0.2250 0.8687 -0.4413
vn 0.1393 0.9760 0.1671
vn -0.3409 -0.0869 0.9361
vn -0.3469 -0.0844 0.9341
vn -0.3311 0.2129 0.9193
vn -0.3381 -0.1065 0.9351
vn -0.4170 -0.0226 0.9086
vn -0.4184 0.3133 0.8525
vn 0.2249 -0.8062 -0.5472
vn -0.0678 0.9825 0.1735
vn -0.0865 0.9606 -0.2642
vn -0.1411 0.8892 -0.4352
vn -0.1992 0.8531 -0.4822
vn -0.1956 0.8335 -0.5166
vn 0.2599 0.9413 0.2155
vn 0.2692 -0.6209 0.7362
vn 0.2191 0.6470 0.7303
vn 0.2371 0.3468 0.9075
vn 0.2426 -0.5624 0.7905
vn 0.2492 0.2830 0.9262
vn 0.2885 -0.2237 0.9310
vn 0.2986 -0.0646 0.9522
vn 0.2720 -0.1831 -0.9447
vn -0.1359 0.4724 0.8708
vn -0.3919 0.3654 0.8443
vn -0.3978 0.3763 0.8367
vn -0.2030 0.8627 0.4631
vn -0.1704 0.9020 0.3967
vn -0.5788 0.0014 0.8155
vn -0.5285 -0.4842 0.6973
vn -0.0160 0.9979 0.0631
vn 0.0213 0.9998 -0.0042
vn -0.0189 0.9866 -0.1618
vn -0.2899 0.6814 -0.6720
vn -0.3196 0.6120 -0.7234
vn 0.2150 0.4338 0.8750
vn 0.2671 -0.5787 0.7706
vn 0.2764 0.2381 0.9311
vn 0.3089 -0.2123 0.9271
vn 0.2832 0.1514 0.9470
vn 0.2772 0.1253 0.9526
vn 0.2526 -0.0026 -0.9676
vn 0.2796 0.8492 -0.4480
vn -0.0936 0.6970 0.7109
vn -0.3329 0.0877 0.9389
vn -0.3494 0.1428 0.9260
vn -0.2838 -0.1041 0.9532
vn -0.3693 0.1561 0.9161
vn -0.3724 0.2020 0.9058
vn -0.3069 -0.0030 0.9517
vn -0.3338 -0.0841 0.9389
vn -0.3933 0.2293 0.8904
vn -0.3737 0.4085 0.8327
vn -0.2990 0.5704 0.7650
vn -0.2146 0.7960 0.5660
vn -0.1920 0.8376 0.5114
vn -0.1809 -0.6553 0.7333
vn -0.4776 0.3119 0.8213
vn -0.5555 -0.0283 0.8310
vn -0.5289 -0.5465 0.6494
vn -0.0089 0.9986 0.0521
vn 0.0419 0.9985 -0.0349
vn 0.0488 0.9972 -0.0559
vn -0.0190 0.9775 -0.2100
vn -0.0328 0.9823 -0.1844
vn -0.0477 0.9688 -0.2433
vn 0.2175 -0.8276 0.5175
vn 0.2711 -0.7176 0.6415
vn 0.2254 0.3166 0.9214
vn 0.2638 0.2278 0.9373
vn 0.2760 0.1890 0.9424
vn 0.2785 0.1259 0.9521
vn 0.2634 0.0336 0.9641
vn 0.2723 0.0421 0.9613
vn 0.2736 -0.0092 0.9618
vn 0.2429 0.1798 -0.9532
vn 0.2100 0.3586 -0.9096
vn -0.0341 0.8104 0.5849
vn -0.0383 0.5961 0.8020
vn -0.2658 0.0050 0.9640
vn -0.2746 0.0092 0.9615
vn -0.2639 -0.0945 0.9599
vn -0.2163 0.1474 0.9651
vn -0.2398 0.0835 0.9672
vn -0.3805 0.2891 0.8784
vn -0.2942 0.5769 0.7620
vn -0.0871 0.9657 0.2446
vn 0.0411 0.9989 -0.0226
vn 0.2441 -0.5396 0.8058
vn 0.2654 -0.4819 0.8351
vn 0.2904 -0.4961 0.8183
vn 0.3173 -0.3117 0.8956
vn 0.2756 -0.2677 0.9232
vn 0.2697 0.1739 0.9471
vn 0.2824 -0.0921 0.9549
vn 0.0816 0.9952 -0.0546
vn -0.2450 -0.0808 0.9662
vn -0.2461 -0.0222 0.9690
vn -0.2730 0.0483 0.9608
vn -0.2647 -0.0933 0.9598
vn -0.2445 0.1076 0.9636
vn -0.3525 0.3065 0.8842
vn -0.3200 0.4411 0.8384
vn -0.2346 0.7085 0.6656
vn -0.2058 0.7739 0.5989
vn -0.0740 0.9705 0.2293
vn -0.3696 -0.5067 0.7789
vn -0.4761 -0.0310 0.8789
vn -0.5365 -0.0748 0.8406
vn -0.5251 -0.3544 0.7737
vn -0.3000 -0.6974 0.6508
vn -0.0288 0.9917 0.1254
vn -0.2282 0.7898 -0.5693
vn 0.2353 -0.6926 0.6819
vn 0.2374 0.2752 0.9316
vn -0.2670 -0.0424 0.9628
vn -0.1354 0.4728 0.8707
vn -0.2819 -0.0272 0.9591
vn -0.2679 -0.0515 0.9621
vn -0.3489 0.3656 0.8629
vn -0.3001 0.3929 0.8692
vn -0.2998 0.4695 0.8305
vn -0.2624 0.5989 0.7567
vn -0.2162 0.6876 0.6932
vn -0.1108 0.9248 0.3640
vn 0.0277 0.9940 -0.1062
vn -0.0447 0.9681 -0.2467
vn -0.0674 0.9114 -0.4060
vn 0.0870 0.9886 -0.1228
vn 0.0480 0.7760 0.6289
vn 0.1736 0.1823 0.9678
vn 0.1866 0.7356 -0.6512
vn 0.1674 0.9816 -0.0914
vn -0.1195 0.4523 0.8838
vn -0.2469 0.0528 0.9676
vn -0.2468 0.0754 0.9661
vn -0.3242 0.2048 0.9236
vn 0.0250 0.9994 0.0251
vn -0.0528 0.9104 -0.4104
vn -0.0169 0.8240 -0.5663
vn 0.1267 0.9807 0.1491
vn 0.1677 0.7708 0.6147
vn 0.1642 0.4482 0.8787
vn 0.1542 0.2315 0.9605
vn 0.1297 -0.2725 0.9534
vn 0.1855 -0.0883 0.9787
vn 0.1500 0.8583 -0.4907
vn -0.1963 -0.1003 0.9754
vn -0.1873 -0.0917 0.9780
vn -0.2095 0.0008 0.9778
vn -0.2125 -0.0640 0.9751
vn -0.2826 0.3947 0.8743
vn -0.3027 -0.3822 0.8731
vn -0.3213 -0.4900 0.8104
vn 0.0392 0.9992 0.0062
vn -0.0995 0.8644 -0.4928
vn -0.1049 0.8323 -0.5443
vn -0.1500 0.7239 -0.6734
vn -0.1814 0.7009 -0.6898
vn -0.2076 0.6409 -0.7390
vn 0.1656 0.2808 0.9454
vn 0.1560 0.2707 0.9499
vn 0.1666 -0.2298 0.9589
vn 0.1613 0.1147 0.9802
vn 0.1593 0.0573 0.9856
vn 0.1595 -0.0149 0.9871
vn 0.1538 -0.0375 0.9874
vn 0.1181 0.9872 0.1074
vn -0.2130 -0.0270 0.9767
vn -0.2183 -0.0676 0.9735
vn -0.3139 0.2946 0.9026
vn -0.2060 0.5881 0.7821
vn -0.2759 -0.1323 0.9521
vn -0.3069 -0.1108 0.9453
vn -0.2305 -0.4888 0.8414
vn 0.0585 0.9982 -0.0127
vn 0.1473 -0.9151 0.3753
vn -0.0459 0.8999 -0.4336
vn -0.1306 0.7822 -0.6092
vn 0.1348 -0.6904 0.7107
vn 0.0693 0.9953 0.0682
vn 0.1418 -0.2862 0.9476
vn 0.1658 -0.1015 0.9809
vn -0.2126 0.0133 0.9771
vn -0.2085 0.0089 0.9780
vn -0.2975 0.1444 0.9437
vn -0.3216 0.2875 0.9022
vn -0.2922 0.4128 0.8627
vn -0.0572 0.9256 0.3743
vn -0.0037 0.9729 0.2310
vn 0.0152 0.9879 0.1547
vn 0.0337 0.9938 -0.1058
vn 0.1262 0.9908 0.0483
vn 0.1385 0.6281 0.7657
vn 0.1081 -0.4907 0.8646
vn 0.1508 0.2049 0.9671
vn 0.0622 0.8869 0.4578
vn 0.0290 0.5304 0.8472
vn 0.0048 0.7338 0.6794
vn -0.2084 0.0091 0.9780
vn -0.0542 0.4575 0.8876
vn -0.1290 0.1140 0.9851
vn -0.1549 -0.0297 0.9875
vn -0.1461 -0.0765 0.9863
vn -0.0947 0.8598 0.5017
vn -0.0699 0.8817 0.4666
vn 0.0006 0.9524 0.3048
vn 0.0146 0.9779 0.2084
vn 0.0553 0.9975 -0.0448
vn 0.0491 0.9822 -0.1814
vn -0.0879 0.8229 -0.5613
vn 0.1363 0.3628 0.9218
vn 0.1432 0.3215 0.9360
vn 0.1014 -0.5312 0.8411
vn 0.1495 0.2289 0.9619
vn 0.1571 -0.2362 0.9589
vn 0.1453 0.1583 0.9766
vn -0.0038 0.3579 0.9337
vn -0.1231 0.1039 0.9869
vn -0.1545 0.7058 0.6913
vn -0.1437 0.6991 0.7005
vn -0.1261 0.7975 0.5900
vn -0.0228 0.9387 0.3440
vn -0.1789 -0.7304 0.6592
vn -0.2962 -0.5853 0.7547
vn -0.1402 -0.6695 0.7295
vn 0.0620 0.9981 -0.0003
vn 0.0546 0.9862 -0.1564
vn 0.0382 0.9700 -0.2399
vn 0.1370 0.3101 0.9408
vn 0.1424 0.1260 0.9818
vn -0.3109 0.0481 0.9492
vn -0.4443 0.1764 0.8783
vn -0.1503 -0.0275 0.9883
vn -0.2525 0.4231 0.8702
vn -0.2405 0.4856 0.8404
vn -0.2189 0.5151 0.8287
vn -0.1736 0.6216 0.7639
vn -0.1018 0.8189 0.5648
vn -0.2120 -0.1583 0.9644
vn -0.2387 -0.1253 0.9630
vn -0.2509 -0.5135 0.8206
vn 0.0296 0.9356 -0.3518
vn -0.0005 0.9114 -0.4115
vn -0.0238 0.9003 -0.4346
vn 0.1251 0.1838 0.9750
vn 0.1243 0.1192 0.9851
vn 0.1458 0.0459 0.9883
vn 0.1440 0.0099 0.9895
vn 0.0750 0.8339 -0.5468
vn 0.1437 0.9824 0.1193
vn -0.2972 0.0076 0.9548
vn -0.4007 -0.0462 0.9150
vn -0.3955 -0.0323 0.9179
vn -0.5034 0.0920 0.8591
vn -0.1299 -0.1068 0.9858
vn -0.4388 0.3001 0.8470
vn -0.0438 0.8852 0.4631
vn 0.0810 0.9916 0.1012
vn 0.0922 0.9948 0.0421
vn 0.0998 0.9936 0.0520
vn 0.0556 0.9969 -0.0559
vn 0.0497 0.9537 -0.2965
vn 0.1085 0.6646 0.7393
vn 0.1362 -0.0429 0.9898
vn 0.1580 0.6465 -0.7464
vn 0.1239 0.8850 -0.4489
vn -0.2798 -0.0192 0.9599
vn -0.2795 -0.0182 0.9600
vn -0.5543 -0.0268 0.8319
vn -0.5334 0.0811 0.8420
vn -0.4553 0.2907 0.8415
vn -0.1152 -0.0725 0.9907
vn -0.3285 0.4083 0.8517
vn 0.0190 0.9552 0.2952
vn 0.0781 0.9969 0.0012
vn 0.0778 -0.8407 0.5359
vn 0.0775 0.3816 0.9211
vn 0.1431 -0.5294 0.8362
vn 0.1778 -0.2880 0.9410
vn 0.1628 -0.2379 0.9576
vn 0.1478 -0.1009 0.9839
vn 0.1437 -0.2055 0.9681
vn 0.1291 0.9709 0.2017
vn 0.1061 0.8064 0.5817
vn -0.1772 -0.0697 0.9817
vn -0.1782 -0.0609 0.9821
vn -0.5358 0.4273 0.7282
vn -0.1097 -0.0990 0.9890
vn -0.0584 -0.0286 0.9979
vn -0.3196 0.4482 0.8348
vn -0.2131 0.5168 0.8291
vn -0.1781 0.6240 0.7609
vn -0.1316 0.7181 0.6834
vn -0.0728 0.8318 0.5503
vn -0.0480 0.8151 0.5774
vn -0.0030 0.9071 0.4209
vn 0.0658 0.9770 0.2028
vn 0.1149 0.9835 0.1398
vn 0.0512 0.9805 -0.1897
vn 0.0746 -0.8916 0.4466
vn 0.0307 0.9317 -0.3619
vn -0.0361 0.8524 -0.5216
vn -0.1169 0.6484 -0.7523
vn 0.0663 0.9819 -0.1773
vn 0.0690 0.3098 0.9483
vn 0.1595 -0.5491 0.8204
vn 0.0784 0.2645 0.9612
vn 0.0937 0.2386 0.9666
vn 0.1052 0.1871 0.9767
vn -0.5383 -0.0392 0.8419
vn -0.5846 0.4511 0.6744
vn -0.2387 -0.0535 0.9696
vn -0.3855 0.5151 0.7656
vn -0.0768 0.0419 0.9962
vn -0.0832 0.7628 0.6413
vn -0.2182 -0.1586 0.9629
vn -0.1783 -0.5022 0.8462
vn -0.0196 -0.9987 0.0477
vn 0.0550 0.9959 -0.0718
vn -0.1366 0.6662 -0.7332
vn 0.0317 0.8425 -0.5377
vn 0.0981 0.8800 0.4648
vn 0.0951 0.7403 0.6655
vn 0.0680 0.3103 0.9482
vn 0.1452 -0.5197 0.8419
vn 0.0650 0.2730 0.9598
vn 0.1517 -0.4858 0.8608
vn 0.1621 -0.3116 0.9363
vn 0.0937 0.1749 0.9801
vn 0.1005 0.1315 0.9862
vn -0.4718 -0.2237 0.8529
vn -0.5836 0.4545 0.6730
vn -0.2221 -0.0855 0.9713
vn -0.1448 -0.1277 0.9812
vn -0.0136 0.3509 0.9363
vn -0.0119 0.1137 0.9934
vn -0.1121 -0.0742 0.9909
vn -0.2426 0.4952 0.8342
vn -0.2472 0.4900 0.8360
vn -0.2321 0.5405 0.8087
vn 0.0778 0.9694 0.2326
vn -0.1912 -0.1918 0.9626
vn 0.0818 0.9967 -0.0001
vn 0.0819 0.9966 -0.0056
vn 0.0754 0.9970 -0.0145
vn 0.0716 0.9971 -0.0275
vn 0.0511 0.9974 -0.0514
vn 0.0745 0.3881 0.9186
vn 0.1600 -0.5481 0.8210
vn -0.0925 0.2515 -0.9634
vn 0.0783 0.2271 0.9707
vn 0.1293 0.0725 0.9889
vn 0.1391 -0.0884 0.9863
vn -0.4537 -0.2065 0.8669
vn -0.3541 -0.0695 0.9326
vn -0.3214 -0.1849 0.9287
vn -0.4806 0.4836 0.7316
vn 0.1004 0.9866 0.1286
vn 0.0030 -0.0785 0.9969
vn 0.0891 0.9686 0.2322
vn 0.1232 0.9827 0.1380
vn 0.1566 0.9824 0.1017
vn 0.1240 0.9914 0.0419
vn 0.0301 0.8523 -0.5222
vn 0.1351 -0.4602 0.8775
vn 0.1247 -0.0253 0.9919
vn -0.1951 0.6138 0.7650
vn 0.0794 0.9140 -0.3979
vn -0.1086 -0.1217 0.9866
vn -0.1089 -0.1251 0.9862
vn -0.2088 0.5540 0.8059
vn 0.1260 0.8452 0.5194
vn 0.0943 0.5899 0.8020
vn 0.1066 0.4516 0.8858
vn 0.0609 0.2949 0.9536
vn 0.0813 0.0481 0.9955
vn 0.0131 -0.0047 0.9999
vn 0.0322 0.9094 0.4147
vn 0.0762 0.9326 0.3528
vn 0.0756 0.9458 0.3159
vn 0.0990 0.9616 0.2559
vn 0.1478 0.9739 0.1722
vn -0.2904 0.6840 0.6692
vn -0.2587 -0.1335 0.9567
vn -0.1656 0.5855 0.7936
vn -0.0529 -0.1028 0.9933
vn -0.2049 0.4682 0.8595
vn 0.0762 0.2666 0.9608
vn -0.0423 -0.0897 0.9951
vn -0.1191 0.6560 0.7453
vn -0.0542 -0.2406 0.9691
vn 0.1519 0.9853 0.0777
vn 0.0696 0.9781 -0.1961
vn 0.0773 0.9528 -0.2936
vn 0.0313 0.8512 -0.5239
vn 0.0190 0.7573 -0.6528
vn 0.0771 0.9692 -0.2338
vn 0.0785 0.9735 -0.2147
vn 0.0671 0.9645 0.2553
vn 0.0300 0.3448 0.9382
vn 0.0064 0.3763 0.9265
vn 0.0050 0.3116 0.9502
vn -0.0852 -0.5245 0.8471
vn 0.0004 0.2779 0.9606
vn -0.0200 0.2421 0.9700
vn -0.0019 0.2295 0.9733
vn -0.0304 -0.1400 0.9897
vn -0.1996 0.4736 0.8578
vn -0.0401 0.7688 0.6383
vn 0.0067 0.8512 0.5247
vn 0.0366 0.8773 0.4785
vn -0.0203 -0.1912 0.9813
vn -0.0384 -0.6555 0.7542
vn -0.0635 -0.5955 0.8009
vn 0.0674 0.9940 -0.0861
vn -0.1405 -0.5510 0.8226
vn -0.0042 0.2759 0.9612
vn -0.0068 0.0770 0.9970
vn -0.2262 -0.1693 0.9593
vn -0.2500 -0.1395 0.9581
vn -0.1596 -0.4103 0.8979
vn 0.0711 0.7581 0.6482
vn -0.2364 -0.1361 0.9621
vn 0.0998 0.6817 0.7248
vn -0.1621 -0.1199 0.9795
vn 0.1178 0.9909 -0.0654
vn 0.1250 0.8485 0.5143
vn 0.0671 -0.0929 0.9934
vn -0.1150 0.5689 0.8143
vn -0.0994 0.6565 0.7477
vn 0.0683 0.9315 -0.3573
vn 0.0792 0.8923 -0.4444
vn 0.0721 0.8895 -0.4512
vn 0.0144 0.7598 -0.6500
vn 0.0038 0.6840 -0.7295
vn 0.0471 0.7225 0.6898
vn 0.0116 0.5733 0.8192
vn -0.0059 0.3066 0.9518
vn -0.2947 -0.0965 0.9507
vn -0.1142 -0.5044 0.8559
vn -0.0214 0.1761 0.9841
vn -0.0167 0.1406 0.9899
vn -0.0077 0.0781 0.9969
vn -0.0026 -0.0260 0.9997
vn -0.0260 -0.0944 0.9952
vn -0.1711 -0.1686 0.9707
vn 0.0624 0.8885 -0.4547
vn 0.0698 0.5533 0.8300
vn -0.0688 -0.1582 0.9850
vn -0.0255 -0.0921 0.9954
vn 0.1788 0.2999 0.9371
vn -0.1103 0.5079 0.8543
vn 0.1218 -0.0133 0.9925
vn -0.1000 0.5853 0.8047
vn 0.0111 -0.6269 0.7791
vn 0.0879 0.9610 -0.2622
vn 0.0839 0.9405 -0.3292
vn 0.0776 0.8454 -0.5285
vn -0.0015 0.2500 -0.9682
vn -0.0484 -0.7151 0.6973
vn -0.0275 0.1831 0.9827
vn -0.0156 0.1414 0.9898
vn -0.0797 -0.1747 0.9814
vn 0.0174 0.6351 0.7722
vn 0.1399 0.8759 0.4618
vn 0.2062 0.5408 0.8155
vn 0.0359 -0.0994 0.9944
vn -0.0522 0.6873 0.7245
vn 0.0077 0.7998 0.6002
vn 0.1770 0.9698 0.1679
vn 0.1623 -0.6433 0.7482
vn 0.0731 0.9968 -0.0324
vn 0.0771 0.9872 -0.1396
vn 0.0341 0.6680 -0.7434
vn 0.0341 0.8728 0.4868
vn -0.0209 -0.1428 0.9895
vn 0.0059 -0.3962 0.9181
vn -0.0588 0.2759 0.9594
vn 0.0473 -0.3814 0.9232
vn -0.0988 -0.1539 0.9831
vn 0.0675 -0.3084 0.9489
vn 0.0297 -0.1078 0.9937
vn 0.0048 0.4866 0.8736
vn 0.1042 0.1792 0.9783
vn 0.0571 -0.0677 0.9961
vn -0.0062 0.6863 0.7273
vn 0.0266 0.7997 0.5999
vn 0.1129 0.9308 0.3477
vn 0.1605 0.9610 0.2253
vn 0.1802 0.9683 0.1729
vn 0.0591 -0.2012 0.9778
vn 0.1731 0.9682 0.1805
vn 0.1702 0.9784 0.1172
vn 0.0785 0.9870 -0.1403
vn 0.1708 -0.6906 -0.7028
vn 0.0862 0.9841 -0.1551
vn 0.0862 0.9838 -0.1573
vn -0.0441 0.3414 0.9389
vn -0.0516 -0.5459 0.8363
vn 0.2441 -0.4101 0.8787
vn -0.0595 0.2752 0.9595
vn -0.0437 -0.4578 0.8880
vn -0.0563 0.2463 0.9676
vn 0.1935 -0.3902 0.9002
vn 0.3035 0.6028 0.7379
vn 0.2480 0.7498 0.6135
vn 0.2450 0.5739 0.7814
vn 0.0123 0.4602 0.8877
vn 0.0802 0.8836 0.4613
vn 0.1989 -0.1579 0.9672
vn 0.3048 -0.3828 0.8721
vn 0.1056 0.8837 -0.4559
vn 0.1157 0.8678 -0.4833
vn 0.0961 0.7784 -0.6203
vn -0.0668 0.4869 0.8709
vn -0.0677 0.3047 0.9500
vn -0.0650 0.3055 0.9500
vn -0.0396 -0.5272 0.8488
vn -0.0560 -0.5441 0.8371
vn -0.0630 -0.3281 0.9425
vn -0.0576 -0.2649 0.9625
vn -0.0399 -0.2030 0.9784
vn -0.0371 -0.1566 0.9870
vn 0.2079 0.5545 0.8058
vn 0.0375 0.9819 -0.1859
vn 0.1257 0.4099 0.9034
vn 0.0755 -0.1047 0.9916
vn 0.1325 0.3569 0.9247
vn 0.2136 0.5412 0.8133
vn 0.2102 0.5478 0.8098
vn 0.2249 0.2183 0.9496
vn 0.1298 -0.1103 0.9854
vn 0.1031 -0.1205 0.9873
vn 0.0115 0.4595 0.8881
vn 0.1872 0.1932 0.9631
vn 0.0112 0.5980 0.8014
vn 0.0267 0.7063 0.7074
vn 0.0397 0.7836 0.6200
vn 0.0975 0.8404 0.5331
vn 0.1136 0.9107 0.3971
vn 0.0618 -0.7220 0.6891
vn 0.1875 -0.8422 0.5055
vn 0.0979 0.9908 -0.0931
vn 0.1219 0.8930 -0.4331
vn -0.0341 -0.8605 0.5083
vn 0.1105 0.7745 -0.6228
vn 0.0824 0.7946 -0.6015
vn 0.1116 0.9906 -0.0792
vn 0.0569 0.6684 -0.7416
vn -0.0524 0.4772 0.8772
vn -0.0902 0.3078 0.9472
vn -0.0660 -0.3924 0.9174
vn -0.0614 0.2435 0.9680
vn -0.0791 0.0738 0.9941
vn -0.0882 0.0798 0.9929
vn -0.0772 -0.0058 0.9970
vn -0.0223 -0.0387 0.9990
vn -0.0889 0.0830 -0.9926
vn 0.0269 -0.1103 0.9935
vn -0.0227 -0.1663 0.9858
vn -0.0363 -0.1791 0.9832
vn 0.1017 0.9612 -0.2564
vn 0.0234 -0.1521 0.9881
vn 0.1732 -0.0462 0.9838
vn 0.0094 0.5991 0.8006
vn 0.1567 0.9442 0.2899
vn 0.3287 -0.2443 0.9123
vn 0.3100 -0.2149 0.9261
vn 0.1301 0.9882 0.0806
vn 0.1257 0.9908 0.0502
vn 0.1034 0.9945 0.0138
vn 0.0884 0.9955 -0.0330
vn 0.0929 0.9950 -0.0366
vn 0.0968 0.9909 -0.0936
vn -0.0341 0.7957 0.6047
vn -0.0455 -0.5194 0.8533
vn -0.0714 -0.2999 0.9513
vn -0.0585 0.1914 0.9798
vn -0.0513 0.1870 0.9810
vn -0.0614 -0.2395 0.9689
vn -0.0614 0.1463 0.9873
vn -0.0477 0.1419 0.9887
vn -0.0317 -0.0642 0.9974
vn 0.3731 -0.2338 0.8979
vn 0.3933 0.4549 0.7990
vn -0.0044 -0.2009 0.9796
vn 0.1163 0.9878 -0.1038
vn 0.0325 -0.1628 0.9861
vn 0.2506 0.8513 0.4609
vn 0.2192 0.8994 0.3781
vn 0.3284 0.5272 0.7837
vn 0.2061 0.1703 0.9636
vn 0.1318 -0.0841 0.9877
vn 0.0984 0.9951 -0.0013
vn 0.1152 0.9333 -0.3401
vn 0.1024 0.7050 -0.7018
vn -0.0892 -0.6130 0.7850
vn -0.0731 -0.5932 0.8017
vn -0.0709 -0.5572 0.8273
vn 0.2501 -0.1258 0.9600
vn 0.6110 0.4040 0.6808
vn 0.0744 -0.1663 0.9833
vn 0.1179 -0.1535 0.9811
vn -0.0108 0.8371 -0.5469
vn 0.2919 0.6185 0.7296
vn 0.1101 0.4561 0.8831
vn 0.1341 0.8321 0.5382
vn 0.1040 0.9946 0.0028
vn 0.1523 0.7669 -0.6234
vn 0.0823 0.9951 -0.0543
vn -0.1346 0.3895 0.9112
vn -0.1489 0.3492 0.9252
vn 0.1969 -0.0904 0.9762
vn 0.3666 0.3797 0.8493
vn 0.2457 0.5394 0.8054
vn 0.0848 -0.1959 0.9770
vn 0.1322 -0.1570 0.9787
vn 0.1506 0.3386 0.9288
vn 0.1349 0.3570 0.9243
vn 0.2745 0.4199 0.8650
vn 0.2455 0.1759 0.9533
vn 0.2598 -0.0646 0.9635
vn 0.2270 -0.1585 0.9609
vn 0.1073 0.5985 0.7939
vn 0.1320 0.6106 0.7809
vn 0.1331 0.7842 0.6061
vn 0.1701 0.9691 0.1787
vn 0.3350 -0.2460 0.9095
vn 0.1382 0.9591 -0.2471
vn 0.1673 0.8089 -0.5636
vn -0.1593 0.2757 0.9480
vn -0.1559 0.2438 0.9572
vn -0.1606 0.2029 0.9659
vn -0.1412 0.1868 0.9722
vn -0.1492 0.0785 0.9857
vn 0.1970 -0.0933 0.9760
vn 0.4683 -0.0470 0.8823
vn 0.4643 -0.0198 0.8854
vn 0.4870 0.2378 0.8404
vn 0.3545 0.3056 0.8837
vn 0.0756 -0.1988 0.9771
vn 0.2235 0.4054 0.8864
vn 0.1711 -0.1246 0.9773
vn 0.2405 0.9144 0.3256
vn 0.2309 -0.1689 0.9582
vn 0.1335 0.4385 0.8888
vn 0.2906 -0.1095 0.9506
vn 0.1263 0.6976 0.7053
vn 0.1530 0.7147 0.6825
vn 0.1431 0.8188 0.5559
vn 0.2668 -0.2971 0.9168
vn 0.1313 0.9833 0.1263
vn 0.1706 -0.8244 0.5397
vn 0.1390 0.9642 -0.2260
vn 0.1447 0.9321 -0.3320
vn -0.0812 0.8110 0.5794
vn -0.1534 -0.6008 0.7846
vn 0.1563 0.4548 -0.8768
vn -0.1510 -0.3789 0.9130
vn -0.1663 0.2511 0.9536
vn -0.1411 -0.2975 0.9442
vn -0.1386 0.1394 0.9805
vn -0.1410 -0.1167 0.9831
vn 0.2885 -0.0092 0.9574
vn 0.2943 0.1381 0.9457
vn 0.1565 0.9442 0.2897
vn 0.1296 0.9732 0.1900
vn 0.3456 -0.3203 0.8820
vn 0.1309 0.9834 0.1259
vn 0.1044 0.9900 -0.0943
vn 0.1280 0.9813 -0.1436
vn 0.1566 0.8495 -0.5037
vn 0.1714 0.8163 -0.5516
vn 0.1633 0.7852 -0.5973
vn -0.1912 0.3179 0.9286
vn -0.1778 0.2953 0.9387
vn -0.1511 -0.5052 0.8497
vn -0.1535 -0.5028 0.8507
vn -0.1537 -0.3740 0.9146
vn -0.1382 -0.2952 0.9454
vn -0.1421 0.1414 0.9797
vn -0.1268 -0.2385 0.9628
vn -0.1602 -0.0694 0.9846
vn 0.4133 0.0636 0.9084
vn 0.1475 -0.1772 0.9731
vn 0.1297 -0.1912 0.9729
vn 0.1397 0.9823 -0.1247
vn 0.1649 -0.1289 0.9779
vn 0.2350 0.9192 0.3161
vn 0.3372 -0.3250 0.8835
vn 0.2424 -0.5159 0.8216
vn 0.1231 0.9883 0.0901
vn 0.1139 0.9935 0.0022
vn 0.1262 0.9859 -0.1103
vn 0.1482 0.9539 -0.2610
vn 0.0907 0.9684 -0.2325
vn -0.1478 -0.6968 0.7018
vn -0.1549 0.7265 0.6695
vn -0.1620 -0.6114 0.7745
vn -0.1712 0.0609 0.9834
vn -0.1626 0.0056 0.9867
vn -0.1467 -0.0815 0.9858
vn 0.1989 -0.0931 0.9756
vn 0.3332 0.2259 0.9154
vn -0.1144 0.7866 -0.6068
vn 0.1534 -0.1845 0.9708
vn 0.2061 0.5936 0.7779
vn 0.2070 0.6899 0.6937
vn 0.1583 0.9145 0.3724
vn 0.4008 -0.3466 0.8480
vn 0.1247 0.9908 0.0533
vn 0.1215 0.9915 0.0469
vn 0.1959 0.7301 -0.6546
vn 0.1811 0.6980 -0.6928
vn -0.0814 0.7536 0.6523
vn -0.2103 0.3180 0.9245
vn -0.1581 -0.5622 0.8118
vn -0.1411 -0.5492 0.8237
vn -0.1503 -0.2066 0.9668
vn -0.1761 0.0622 0.9824
vn -0.1694 -0.0047 0.9855
vn 0.3032 0.0365 0.9522
vn 0.3011 -0.0078 0.9535
vn 0.3545 0.0743 0.9321
vn 0.3052 0.1752 0.9360
vn 0.2398 0.3149 0.9183
vn 0.2305 0.2656 0.9361
vn 0.2067 0.4478 0.8699
vn 0.2373 0.4921 0.8375
vn 0.3786 0.3695 0.8486
vn 0.3627 0.1683 0.9166
vn 0.3798 0.1362 0.9150
vn 0.3229 0.0748 0.9435
vn 0.3486 -0.1064 0.9312
vn 0.2275 0.6052 0.7629
vn 0.1770 0.8922 0.4154
vn 0.1302 0.9730 0.1904
vn 0.2110 -0.4835 0.8495
vn 0.1244 0.9913 -0.0426
vn 0.1642 0.9696 -0.1816
vn 0.1617 0.9235 -0.3479
vn 0.1695 0.8904 -0.4225
vn 0.0137 0.9869 0.1611
vn 0.1927 0.9177 -0.3474
vn -0.0970 0.7934 0.6009
vn -0.2221 0.3077 0.9252
vn 0.2390 -0.0707 0.9684
vn 0.3544 0.0732 0.9322
vn 0.3883 0.1070 0.9153
vn 0.1774 -0.1674 0.9698
vn 0.1835 0.3354 0.9240
vn -0.0727 0.8060 -0.5875
vn 0.0186 0.9337 -0.3575
vn 0.2148 0.3657 0.9056
vn 0.2423 0.9418 0.2330
vn 0.3021 0.7560 0.5807
vn 0.3550 0.6263 0.6940
vn 0.3589 0.4295 0.8287
vn 0.2437 -0.1695 0.9549
vn 0.3117 -0.1660 0.9356
vn 0.1635 0.9480 0.2729
vn 0.5611 -0.3652 0.7428
vn 0.1226 0.9924 0.0132
vn 0.1296 0.9902 -0.0522
vn 0.1382 0.9846 -0.1073
vn 0.1766 0.9046 -0.3880
vn 0.3220 0.4646 -0.8249
vn 0.2295 -0.3074 -0.9235
vn -0.2516 0.3424 0.9053
vn 0.2745 0.0722 0.9589
vn 0.1418 -0.1956 0.9704
vn 0.2672 -0.2008 0.9425
vn 0.2734 -0.1852 0.9439
vn -0.0184 -0.9908 0.1342
vn 0.6629 -0.4338 0.6102
vn 0.1285 0.9913 -0.0289
vn 0.1760 0.9676 -0.1811
vn 0.2203 0.8020 -0.5552
vn -0.2138 -0.7715 0.5993
vn -0.2282 -0.4983 0.8365
vn -0.2207 0.1241 0.9674
vn 0.1831 -0.1677 0.9687
vn 0.3109 0.1741 0.9344
vn 0.2448 0.2633 0.9331
vn 0.1680 -0.1929 0.9667
vn 0.2487 -0.1633 0.9547
vn 0.4107 0.0757 0.9086
vn 0.4073 -0.2051 0.8900
vn 0.3036 0.5872 0.7504
vn 0.2338 0.8045 0.5460
vn 0.5021 -0.4545 0.7357
vn 0.4665 -0.7534 0.4634
vn 0.1722 0.9751 -0.1400
vn 0.1875 0.9450 -0.2681
vn 0.2091 0.9325 -0.2946
vn 0.2327 0.7886 -0.5692
vn -0.2467 -0.7027 0.6674
vn 0.1631 0.8728 -0.4600
vn -0.2161 0.3465 0.9128
vn -0.2270 -0.5508 0.8031
vn -0.2203 0.2850 0.9329
vn -0.1968 0.2024 0.9593
vn -0.2143 0.1885 0.9584
vn -0.2179 0.1384 0.9661
vn -0.2073 0.1236 0.9704
vn 0.2140 -0.1531 0.9647
vn 0.2530 0.1492 0.9559
vn 0.2601 0.2830 0.9232
vn 0.2591 0.3495 0.9004
vn 0.0321 0.9607 -0.2756
vn 0.2309 -0.1659 0.9587
vn 0.2854 0.9186 0.2735
vn 0.4216 0.6916 0.5864
vn 0.4291 0.1981 0.8813
vn 0.4228 0.0666 0.9038
vn 0.3206 0.5971 0.7353
vn 0.2946 0.6928 0.6582
vn 0.2925 0.6911 0.6609
vn 0.2440 0.8309 0.5001
vn 0.2137 0.8755 0.4335
vn 0.1824 0.9457 0.2690
vn 0.1746 0.9683 0.1786
vn 0.6736 -0.5036 0.5409
vn 0.1503 0.9816 0.1175
vn 0.1497 0.9823 0.1128
vn 0.1364 -0.9714 -0.1944
vn 0.2020 0.9348 -0.2922
vn -0.2279 -0.7764 0.5875
vn 0.2448 0.6212 -0.7445
vn 0.2578 0.5991 -0.7580
vn -0.2349 -0.6090 0.7576
vn -0.2398 -0.5381 0.8081
vn -0.2555 0.3009 0.9188
vn 0.2204 0.2392 -0.9456
vn -0.2040 0.2516 0.9461
vn -0.1994 0.2555 0.9460
vn -0.2376 -0.3760 0.8956
vn -0.2231 -0.2939 0.9294
vn -0.2245 -0.2026 0.9532
vn -0.2367 0.0973 0.9667
vn -0.2437 0.0617 0.9679
vn -0.2496 0.0573 0.9666
vn -0.2282 -0.0747 0.9707
vn -0.2268 -0.2049 0.9521
vn 0.2480 -0.0805 0.9654
vn 0.2838 0.0620 0.9569
vn 0.2874 0.0708 0.9552
vn 0.2061 -0.2117 0.9554
vn 0.3157 0.5204 0.7934
vn 0.3093 0.5116 0.8016
vn 0.2999 0.8890 0.3461
vn 0.1388 0.9886 -0.0586
vn 0.2156 0.8966 -0.3868
vn 0.2424 0.8589 -0.4511
vn 0.2355 0.7302 -0.6414
vn -0.0082 0.9866 0.1631
vn -0.1931 0.7378 0.6468
vn -0.2954 0.3011 0.9067
vn -0.2601 -0.3460 0.9015
vn -0.2439 -0.2498 0.9371
vn -0.2458 0.0001 0.9693
vn 0.2626 0.1438 0.9541
vn -0.2345 0.6417 -0.7302
vn 0.0570 0.9626 -0.2647
vn 0.2921 -0.2010 0.9350
vn 0.1984 0.9588 0.2031
vn 0.1842 0.9709 0.1528
vn 0.6626 -0.5566 0.5011
vn 0.5477 -0.6749 -0.4946
vn 0.2497 0.8455 -0.4720
vn 0.2458 0.8325 -0.4964
vn -0.1517 0.6869 0.7107
vn -0.2737 0.3249 0.9053
vn -0.2349 -0.0838 0.9684
vn 0.2648 -0.0783 0.9611
vn 0.3070 0.0374 0.9510
vn 0.2752 0.0808 0.9580
vn 0.2014 -0.2113 0.9565
vn 0.2706 -0.1784 0.9460
vn 0.3037 -0.2516 0.9190
vn 0.4234 0.7432 0.5180
vn 0.4554 0.4506 0.7678
vn 0.4684 0.4149 0.7800
vn 0.4704 0.1364 0.8719
vn 0.4008 0.0585 0.9143
vn 0.3534 0.6643 0.6586
vn 0.2447 0.8962 0.3700
vn 0.2101 0.9357 0.2835
vn 0.1495 0.9853 -0.0832
vn 0.5451 -0.7140 -0.4395
vn 0.2067 0.9579 -0.1991
vn 0.2123 0.9547 -0.2085
vn 0.2347 0.9137 -0.3319
vn -0.2817 -0.7603 0.5854
vn -0.2978 -0.7056 0.6430
vn -0.0189 0.9158 0.4013
vn -0.1012 0.9421 0.3197
vn -0.2957 -0.6213 0.7256
vn -0.2923 0.2967 0.9091
vn 0.2647 -0.2775 -0.9235
vn -0.2742 -0.5344 0.7995
vn -0.2591 0.1843 0.9481
vn -0.2507 0.0045 0.9680
vn 0.2482 -0.1469 0.9575
vn 0.2445 0.0536 0.9682
vn 0.2442 -0.2304 0.9420
vn 0.3281 0.4054 0.8533
vn 0.3303 0.4132 0.8486
vn 0.3325 0.8863 0.3225
vn 0.4643 0.1277 0.8764
vn 0.3139 -0.1739 0.9334
vn 0.2286 0.9518 0.2046
vn 0.1639 0.9821 0.0927
vn 0.5385 -0.7779 0.3239
vn 0.6838 -0.6153 0.3921
vn 0.1934 0.9726 -0.1294
vn -0.2627 0.5537 0.7902
vn -0.3242 0.3002 0.8971
vn -0.2788 -0.3469 0.8955
vn 0.2835 -0.1113 0.9525
vn 0.2447 0.0557 0.9680
vn 0.3089 0.2706 0.9118
vn 0.3160 -0.2583 0.9129
vn 0.3614 0.5885 0.7233
vn 0.2405 0.9339 0.2646
vn 0.1446 0.9875 0.0623
vn 0.1425 0.9893 -0.0327
vn 0.1505 0.9875 -0.0464
vn 0.1767 0.9793 -0.0986
vn 0.2684 0.9045 -0.3315
vn 0.3405 0.7200 -0.6047
vn 0.0494 0.9965 -0.0669
vn -0.3059 -0.4640 0.8314
vn -0.2605 0.1390 0.9554
vn -0.2717 0.0664 0.9601
vn 0.2529 -0.1678 0.9528
vn 0.3146 0.1693 0.9340
vn -0.2301 0.7663 -0.5998
vn 0.0502 0.9768 -0.2083
vn 0.3498 0.5303 0.7723
vn 0.3421 0.8790 0.3322
vn 0.5590 0.4105 0.7204
vn 0.4522 -0.0296 0.8914
vn 0.2777 0.8862 0.3709
vn 0.2427 0.9452 0.2183
vn 0.2103 0.9652 0.1556
vn 0.1780 0.9795 0.0946
vn 0.8220 -0.4829 0.3018
vn 0.7979 -0.5491 0.2488
vn 0.6541 -0.7305 0.1961
vn 0.6560 -0.7328 -0.1808
vn 0.7138 -0.6397 -0.2850
vn 0.6647 -0.6979 -0.2664
vn 0.7271 -0.5958 -0.3409
vn 0.2155 0.9605 -0.1763
vn 0.2879 0.7849 -0.5487
vn 0.3552 0.8776 -0.3219
vn 0.3390 0.2600 -0.9041
vn -0.3121 0.3159 0.8960
vn -0.2622 0.2530 0.9313
vn -0.2701 0.0965 0.9580
vn 0.3000 -0.0328 0.9534
vn 0.2995 -0.0096 0.9541
vn 0.2728 0.0295 0.9616
vn 0.3296 -0.0864 0.9402
vn 0.2732 0.0804 0.9586
vn 0.3228 0.1603 0.9328
vn 0.2549 -0.2303 0.9391
vn 0.3800 -0.2364 0.8943
vn 0.3654 0.5650 0.7397
vn 0.3723 0.6113 0.6983
vn 0.3578 0.6706 0.6498
vn 0.2216 0.9606 0.1675
vn 0.1629 0.9854 0.0491
vn 0.7360 -0.6683 0.1084
vn 0.1591 0.9871 0.0153
vn 0.7351 -0.6766 0.0423
vn 0.7922 -0.5943 -0.1386
vn 0.8165 -0.5496 -0.1767
vn 0.2040 0.9695 -0.1358
vn 0.2794 0.8964 -0.3441
vn 0.2826 0.8724 -0.3988
vn 0.2955 0.8081 -0.5095
vn 0.3408 0.7167 -0.6085
vn 0.2984 0.6999 -0.6489
vn -0.3495 -0.6785 0.6461
vn -0.2681 0.7223 0.6375
vn -0.3389 -0.5076 0.7921
vn -0.3072 0.3148 0.8981
vn -0.3242 -0.4193 0.8480
vn -0.2900 0.2897 0.9121
vn -0.3162 -0.3837 0.8676
vn -0.2656 0.1908 0.9450
vn -0.2775 0.1099 0.9544
vn -0.2989 -0.0877 0.9502
vn -0.3063 -0.0996 0.9467
vn 0.3179 0.1076 0.9420
vn 0.2765 -0.1872 0.9426
vn 0.3426 0.3415 0.8752
vn 0.3070 -0.2568 0.9164
vn 0.3617 0.4588 0.8116
vn -0.0436 0.9472 -0.3178
vn 0.3800 -0.2382 0.8938
vn 0.3472 0.8235 0.4487
vn 0.4148 -0.2552 0.8734
vn 0.4721 -0.0086 0.8815
vn 0.4331 -0.1669 0.8858
vn 0.2817 0.9037 0.3225
vn 0.2010 0.9765 0.0777
vn 0.8414 -0.5389 0.0396
vn 0.1671 0.9859 0.0085
vn 0.8084 -0.5883 0.0208
vn 0.8072 -0.5792 -0.1134
vn 0.1856 0.9808 -0.0603
vn 0.1997 0.9761 -0.0854
vn -0.3548 -0.7615 0.5425
vn -0.3672 -0.6916 0.6220
vn 0.3138 0.7200 -0.6189
vn -0.3875 -0.5711 0.7237
vn -0.3343 0.3283 0.8834
vn -0.3078 -0.2727 0.9116
vn -0.3066 -0.2068 0.9291
vn -0.2949 0.0497 0.9542
vn -0.2751 0.0025 0.9614
vn -0.3097 -0.0313 0.9503
vn 0.4090 -0.1936 0.8918
vn 0.5596 0.4118 0.7192
vn 0.5328 0.0248 0.8459
vn 0.2176 0.9665 0.1362
vn 0.2224 0.9638 0.1470
vn 0.2501 0.9379 -0.2404
vn 0.4942 0.7551 0.4308
vn 0.3638 0.7063 0.6072
vn 0.3131 0.8018 0.5090
vn 0.3139 0.8430 0.4368
vn 0.2673 0.9387 0.2177
vn 0.1904 0.9817 0.0069
vn 0.2400 0.9540 -0.1797
vn 0.2381 0.9423 -0.2355
vn 0.2146 0.9375 -0.2739
vn -0.2542 0.7203 0.6454
vn 0.3878 -0.3306 -0.8604
vn 0.3622 -0.0130 0.9320
vn 0.3580 -0.0863 0.9297
vn 0.3735 0.1092 0.9212
vn 0.3699 -0.1806 0.9114
vn 0.3714 -0.1795 0.9110
vn 0.4182 0.1653 0.8932
vn 0.4147 0.3347 0.8462
vn 0.4200 0.4377 0.7950
vn 0.4368 -0.2286 0.8700
vn 0.3915 0.5577 0.7319
vn -0.0292 0.9453 -0.3249
vn 0.6224 0.0932 0.7772
vn 0.4089 0.6219 0.6679
vn 0.2881 0.9286 0.2340
vn 0.2338 0.9714 -0.0405
vn 0.2331 0.9650 -0.1198
vn 0.3226 0.8435 -0.4295
vn -0.4165 -0.7416 0.5259
vn -0.4368 -0.6682 0.6023
vn -0.1104 0.9393 0.3248
vn -0.4135 0.2861 0.8644
vn -0.4136 0.2862 0.8643
vn -0.4069 0.3203 0.8555
vn -0.3917 0.3064 0.8676
vn -0.4537 -0.2793 0.8462
vn -0.4624 -0.2955 0.8360
vn -0.3615 0.1116 0.9257
vn -0.4340 -0.1891 0.8808
vn -0.3860 0.0486 0.9212
vn -0.4264 -0.1109 0.8977
vn 0.3957 0.0781 0.9150
vn 0.4246 0.1366 0.8950
vn 0.4330 0.3591 0.8268
vn 0.4400 0.4681 0.7664
vn -0.1281 0.9063 -0.4027
vn 0.4896 -0.2462 0.8365
vn 0.4828 -0.2396 0.8423
vn 0.3113 0.9169 0.2497
vn 0.4181 0.5823 0.6972
vn 0.5482 -0.2016 0.8117
vn 0.3999 0.6059 0.6877
vn 0.5761 -0.0385 0.8165
vn 0.3399 0.8754 0.3437
vn 0.3015 0.9016 0.3101
vn 0.2229 0.9717 0.0784
vn 0.2268 0.9689 -0.0989
vn -0.1369 -0.9858 0.0971
vn 0.4630 0.6375 -0.6158
vn 0.2178 0.9271 -0.3051
vn -0.2363 0.8230 0.5165
vn 0.3885 0.5950 -0.7036
vn -0.4596 -0.4034 0.7912
vn -0.3936 0.2674 0.8795
vn -0.3802 0.1833 0.9066
vn -0.3849 0.0630 0.9208
vn 0.4372 0.1884 0.8794
vn 0.5434 0.4347 0.7181
vn 0.6090 0.4803 0.6312
vn 0.5533 -0.1970 0.8093
vn 0.3429 0.8398 0.4208
vn 0.2302 0.9695 0.0846
vn 0.2394 0.9705 0.0266
vn 0.2476 0.9679 -0.0428
vn 0.2373 0.9637 -0.1227
vn 0.2670 0.9271 -0.2631
vn 0.2717 0.9234 -0.2711
vn 0.3314 0.8284 -0.4517
vn 0.3989 0.8324 -0.3846
vn 0.3840 0.6984 -0.6040
vn 0.4178 0.4969 -0.7606
vn -0.4589 -0.4045 0.7910
vn -0.4068 0.2775 0.8704
vn -0.3980 0.1996 0.8954
vn -0.3815 0.1248 0.9159
vn -0.4226 -0.0330 0.9057
vn -0.4234 -0.0314 0.9054
vn -0.4425 -0.0831 0.8929
vn 0.3923 -0.0757 0.9167
vn 0.4186 -0.2722 0.8664
vn 0.3895 0.8907 0.2343
vn 0.5359 -0.2578 0.8040
vn 0.6555 0.3930 0.6449
vn 0.5780 -0.0448 0.8148
vn 0.4073 0.6862 0.6027
vn 0.2646 0.9475 0.1797
vn 0.2633 0.9483 0.1774
vn 0.1225 -0.9924 0.0111
vn 0.2489 0.9675 -0.0441
vn 0.2521 0.9649 -0.0730
vn 0.2458 0.9510 -0.1873
vn -0.2506 0.8220 0.5115
vn -0.4793 0.2743 0.8337
vn -0.4644 0.2833 0.8391
vn -0.4547 -0.5409 0.7076
vn -0.4606 -0.5029 0.7314
vn -0.4644 -0.2169 0.8586
vn 0.3983 -0.0600 0.9153
vn 0.3972 -0.0382 0.9170
vn 0.4370 -0.1667 0.8839
vn 0.4848 0.1861 0.8546
vn 0.4779 0.3323 0.8131
vn 0.4854 -0.2747 0.8300
vn 0.5422 -0.2570 0.7999
vn 0.4483 0.5679 0.6903
vn 0.4943 0.7156 0.4935
vn 0.6372 0.0932 0.7650
vn 0.6457 0.0508 0.7619
vn 0.4263 0.6284 0.6507
vn 0.2573 0.9555 0.1443
vn 0.2458 0.9690 0.0244
vn 0.2664 0.9638 -0.0075
vn 0.2548 0.9485 -0.1880
vn 0.3821 0.7499 -0.5400
vn 0.2178 0.9568 -0.1925
vn -0.2703 0.8020 0.5328
vn -0.4691 -0.5639 0.6796
vn -0.4306 0.3186 0.8444
vn -0.4639 -0.3692 0.8053
vn 0.4184 0.0787 0.9049
vn 0.4403 0.1184 0.8900
vn 0.4379 0.1346 0.8889
vn 0.4627 -0.1829 0.8674
vn -0.5590 0.2301 -0.7966
vn -0.5375 0.2150 -0.8154
vn 0.4768 0.4726 0.7412
vn 0.6091 -0.2089 0.7650
vn 0.4207 0.6675 0.6144
vn 0.4304 0.7507 0.5012
vn 0.2664 0.9509 0.1575
vn 0.2806 0.9558 0.0883
vn 0.2603 0.9607 0.0967
vn 0.2781 0.9362 -0.2150
vn -0.2107 0.8885 0.4077
vn -0.4618 0.3230 0.8261
vn 0.4905 -0.0033 -0.8715
vn -0.4492 0.2805 0.8483
vn -0.4311 0.2742 0.8597
vn -0.4381 0.1024 0.8931
vn 0.4180 -0.0112 0.9084
vn 0.4466 -0.1086 0.8881
vn 0.5225 -0.2863 0.8032
vn 0.4683 0.5415 0.6982
vn 0.0276 0.9892 -0.1439
vn 0.3199 0.9324 0.1684
vn 0.5904 -0.2639 0.7627
vn 0.4548 0.6013 0.6569
vn 0.5924 -0.2292 0.7724
vn 0.6340 -0.0624 0.7708
vn 0.6446 -0.0453 0.7632
vn 0.4430 0.7459 0.4974
vn 0.3011 0.9056 -0.2985
vn 0.5793 0.6308 -0.5162
vn -0.4435 0.0745 0.8931
vn -0.4571 0.0258 0.8891
vn -0.4599 -0.0085 0.8879
vn -0.4809 -0.1000 0.8710
vn -0.4052 0.7111 -0.5746
vn 0.5866 -0.2648 0.7654
vn 0.5940 0.6571 0.4640
vn 0.7036 0.0528 0.7087
vn 0.3663 0.8682 0.3348
vn 0.3210 0.9185 0.2309
vn 0.2950 0.9546 0.0422
vn 0.2871 0.9502 -0.1209
vn 0.2854 0.9509 -0.1197
vn 0.3122 0.8881 -0.3375
vn 0.3227 0.8796 -0.3496
vn 0.6767 0.1569 -0.7194
vn 0.4801 0.7303 -0.4860
vn 0.3919 0.7237 -0.5681
vn -0.4904 -0.4839 0.7249
vn -0.4742 0.2780 0.8354
vn -0.4753 -0.3517 0.8065
vn -0.4847 -0.3030 0.8205
vn -0.4860 -0.2099 0.8483
vn 0.4884 0.1826 0.8533
vn 0.5210 -0.1811 0.8341
vn 0.5368 0.3540 0.7659
vn 0.5448 -0.2811 0.7900
vn 0.5240 0.4136 0.7446
vn 0.4438 0.8305 0.3367
vn 0.6302 -0.2120 0.7469
vn 0.6534 0.3944 0.6461
vn 0.6974 0.0395 0.7156
vn 0.6960 -0.0839 0.7131
vn 0.4740 0.6750 0.5654
vn 0.4542 0.7739 0.4414
vn 0.3630 0.8913 0.2719
vn 0.3214 0.9226 0.2131
vn 0.3242 0.9318 0.1632
vn 0.2832 0.9557 -0.0805
vn 0.3670 0.8095 -0.4582
vn 0.3969 0.7734 -0.4943
vn 0.4861 0.6858 -0.5416
vn 0.2149 0.9591 -0.1845
vn 0.4429 0.6029 -0.6636
vn -0.5279 0.2743 0.8038
vn -0.4995 -0.5564 0.6641
vn -0.4926 0.3171 0.8104
vn -0.5080 0.2928 0.8101
vn -0.4866 -0.3008 0.8202
vn -0.5084 -0.2411 0.8266
vn -0.5031 -0.1470 0.8516
vn -0.4612 0.0519 0.8858
vn -0.4634 0.0348 0.8854
vn 0.5102 0.1001 0.8542
vn 0.5219 0.1876 0.8321
vn 0.5489 -0.2022 0.8110
vn 0.5514 0.3342 0.7644
vn 0.5565 -0.2838 0.7809
vn 0.6091 -0.2739 0.7443
vn 0.4839 0.5964 0.6405
vn 0.6567 -0.2432 0.7139
vn 0.6733 0.4893 0.5543
vn 0.6850 0.3033 0.6624
vn 0.5011 0.6431 0.5790
vn 0.3454 0.9183 0.1933
vn 0.3099 0.9495 -0.0485
vn -0.4569 0.6129 0.6446
vn -0.5556 0.2856 0.7809
vn -0.5148 0.3040 0.8016
vn -0.5179 -0.5268 0.6739
vn -0.5039 -0.4490 0.7379
vn -0.5078 0.2265 0.8312
vn -0.4545 0.1995 0.8681
vn -0.4657 0.1329 0.8749
vn -0.5017 -0.0320 0.8645
vn 0.5029 -0.0603 0.8623
vn 0.4972 -0.0662 0.8651
vn 0.5104 0.0088 0.8599
vn 0.4935 -0.0109 0.8696
vn 0.5132 -0.1099 0.8512
vn -0.5853 0.2541 -0.7700
vn 0.5721 0.2242 0.7890
vn 0.5280 0.5361 0.6586
vn 0.0794 0.9904 -0.1134
vn 0.4314 0.8202 0.3758
vn 0.6605 -0.1372 0.7382
vn 0.3424 0.9290 0.1404
vn 0.3191 0.9428 0.0964
vn 0.3263 0.9448 0.0300
vn 0.3351 0.9422 0.0006
vn 0.3194 0.9475 -0.0131
vn 0.3175 0.9472 -0.0448
vn 0.3315 0.9218 -0.2011
vn 0.6746 -0.1243 -0.7276
vn 0.6290 -0.3198 -0.7086
vn -0.5523 0.3236 0.7683
vn -0.5427 -0.2335 0.8068
vn -0.5092 -0.0445 0.8595
vn 0.4920 -0.1214 0.8621
vn 0.5423 0.1367 0.8290
vn 0.5678 0.4251 0.7049
vn -0.3736 0.7905 -0.4853
vn -0.2124 0.9178 -0.3354
vn 0.6069 0.6948 0.3859
vn 0.4152 0.8715 0.2608
vn 0.3283 0.9356 -0.1296
vn 0.3410 0.8944 -0.2895
vn 0.3637 0.8595 -0.3592
vn 0.3838 0.8424 -0.3782
vn 0.2257 0.9563 -0.1859
vn 0.5736 -0.0126 -0.8191
vn -0.5756 0.2794 0.7685
vn -0.5594 -0.1623 0.8129
vn -0.5208 0.0138 0.8536
vn -0.5738 0.2592 -0.7769
vn 0.5840 -0.1962 0.7877
vn 0.5956 0.2196 0.7727
vn 0.5944 -0.2737 0.7562
vn 0.5993 0.3411 0.7242
vn 0.6006 -0.2915 0.7445
vn 0.5448 0.5235 0.6551
vn 0.6709 -0.2778 0.6876
vn 0.6386 -0.2651 0.7225
vn 0.6583 -0.2421 0.7128
vn 0.1461 0.9888 0.0299
vn 0.5326 0.6316 0.5634
vn 0.7764 0.0151 0.6300
vn 0.7638 -0.0111 0.6453
vn 0.5008 0.7549 0.4236
vn 0.4039 0.8930 0.1986
vn 0.3620 0.9287 0.0801
vn 0.3618 0.9306 0.0552
vn 0.3171 0.9407 -0.1205
vn 0.3673 0.8773 -0.3089
vn 0.5593 0.6366 -0.5310
vn 0.6915 0.3103 -0.6523
vn 0.7835 -0.0877 -0.6152
vn 0.4675 0.7290 -0.5000
vn 0.5603 0.6326 -0.5348
vn 0.2475 0.9422 -0.2256
vn 0.6861 -0.2896 -0.6674
vn 0.7436 -0.3117 -0.5915
vn -0.3433 0.8422 0.4157
vn 0.6292 -0.3335 -0.7021
vn -0.3445 0.8328 0.4333
vn 0.4902 0.6170 -0.6157
vn 0.5223 0.5969 -0.6090
vn -0.4532 0.6496 0.6104
vn 0.5661 0.3827 -0.7301
vn -0.5808 0.2824 0.7634
vn -0.5588 -0.3600 0.7471
vn -0.5607 0.2202 0.7982
vn -0.5605 0.2203 0.7983
vn -0.5624 -0.2490 0.7885
vn -0.5649 0.1471 0.8120
vn -0.5440 0.1192 0.8306
vn -0.5519 -0.1408 0.8220
vn 0.5712 -0.0583 0.8187
vn 0.5817 -0.0117 0.8133
vn 0.5745 -0.1222 0.8093
vn 0.5822 -0.1150 0.8049
vn 0.5941 -0.1651 0.7872
vn 0.6144 -0.2258 0.7560
vn 0.6059 -0.2620 0.7512
vn 0.5752 0.4550 0.6798
vn 0.6306 -0.3010 0.7153
vn 0.6067 0.6935 0.3885
vn 0.7063 0.4173 0.5718
vn 0.7447 0.3432 0.5724
vn 0.3942 0.9094 0.1324
vn 0.3565 0.9343 -0.0022
vn 0.3339 0.9414 -0.0468
vn 0.3473 0.9122 -0.2175
vn 0.4211 0.8189 -0.3899
vn 0.7543 -0.0455 -0.6549
vn 0.7170 -0.2324 -0.6572
vn -0.5911 0.2728 0.7591
vn 0.6085 -0.3147 -0.7285
vn -0.5972 0.3046 0.7420
vn -0.5699 -0.5289 0.6289
vn -0.5700 -0.4529 0.6855
vn -0.5658 -0.3490 0.7470
vn -0.5850 0.2564 0.7694
vn -0.5648 0.0667 0.8225
vn -0.5479 0.0215 0.8363
vn -0.5469 -0.0603 0.8350
vn 0.5859 -0.0784 0.8066
vn 0.6152 0.0197 0.7882
vn 0.5952 0.1350 0.7922
vn 0.6243 0.3182 0.7135
vn 0.2297 0.9713 0.0610
vn 0.3475 0.9096 0.2276
vn 0.7583 -0.1637 0.6311
vn 0.5578 0.6629 0.4995
vn 0.5071 0.8031 0.3129
vn 0.4397 0.8806 0.1768
vn 0.3928 0.9131 0.1094
vn 0.4736 0.7636 -0.4388
vn 0.7977 -0.1636 -0.5805
vn 0.2638 0.9444 -0.1962
vn 0.5257 0.6744 -0.5185
vn -0.3859 0.8213 0.4201
vn -0.6287 0.2845 0.7238
vn 0.5861 0.3652 -0.7232
vn -0.6004 0.2825 0.7481
vn -0.5724 -0.2965 0.7645
vn -0.5638 0.0657 0.8233
vn -0.5840 -0.0153 0.8116
vn 0.6162 0.1648 0.7702
vn 0.6415 0.2387 0.7290
vn -0.5335 0.6851 -0.4961
vn 0.5840 0.5514 0.5957
vn -0.2104 0.9310 -0.2983
vn 0.7289 -0.2832 0.6233
vn 0.7502 -0.1771 0.6371
vn 0.7728 0.4211 0.4748
vn 0.5194 0.7790 0.3513
vn 0.4361 0.8842 0.1674
vn 0.3811 0.9235 0.0444
vn 0.3831 0.9236 0.0132
vn 0.3582 0.9329 -0.0367
vn 0.6293 0.6180 -0.4712
vn 0.7603 0.2913 -0.5805
vn 0.7350 -0.3316 -0.5915
vn 0.5572 0.6218 -0.5505
vn -0.3928 0.8203 0.4158
vn -0.6177 0.2469 0.7466
vn 0.6567 0.3367 0.6748
vn 0.6334 0.4109 0.6558
vn -0.3361 0.8688 -0.3637
vn 0.7052 -0.2648 0.6577
vn 0.3820 0.9135 0.1400
vn 0.5761 0.7397 0.3476
vn 0.7780 0.3370 0.5302
vn 0.8231 0.0189 0.5676
vn 0.8322 -0.0491 0.5523
vn 0.5396 0.8007 0.2601
vn 0.3848 0.8966 -0.2193
vn 0.4303 0.8518 -0.2988
vn 0.7770 0.3445 -0.5268
vn 0.8269 -0.0229 -0.5619
vn 0.8194 -0.0059 -0.5733
vn 0.8245 -0.1788 -0.5369
vn 0.8166 -0.1498 -0.5574
vn 0.3008 0.9300 -0.2113
vn 0.7813 -0.2874 -0.5540
vn 0.7685 -0.3470 -0.5377
vn 0.5914 0.5934 -0.5460
vn 0.6822 -0.3067 -0.6637
vn -0.6393 0.2928 0.7110
vn -0.6350 0.2688 0.7243
vn -0.6112 0.1555 0.7761
vn -0.6218 0.1368 0.7712
vn -0.6055 -0.2237 0.7637
vn -0.6153 0.1017 0.7817
vn 0.6607 0.0047 0.7507
vn 0.6578 -0.1566 0.7367
vn 0.6536 0.2333 0.7200
vn 0.6696 -0.2865 0.6853
vn 0.6181 0.5341 0.5768
vn 0.7246 -0.2858 0.6271
vn 0.8079 -0.1888 0.5582
vn 0.8203 -0.1108 0.5610
vn 0.5152 0.8326 0.2033
vn 0.4282 0.8974 0.1067
vn 0.4274 0.9006 0.0797
vn 0.3886 0.9205 -0.0410
vn 0.3875 0.9143 -0.1176
vn 0.4267 0.8694 -0.2491
vn 0.8090 -0.2870 -0.5129
vn -0.6327 -0.6465 0.4263
vn -0.3847 0.8516 0.3560
vn -0.1129 0.9879 0.1059
vn 0.6945 -0.3239 -0.6425
vn 0.6248 0.1319 -0.7696
vn -0.6358 -0.2714 0.7226
vn 0.6634 -0.0601 0.7458
vn 0.6644 -0.1454 0.7331
vn 0.6584 -0.1257 0.7421
vn 0.6553 0.1709 0.7358
vn 0.6525 -0.2082 0.7287
vn 0.6853 -0.2363 0.6889
vn 0.6659 0.3274 0.6703
vn 0.7030 -0.2962 0.6466
vn 0.6545 0.4347 0.6186
vn 0.7250 -0.2763 0.6310
vn 0.6438 0.5461 0.5360
vn 0.1943 0.9793 0.0562
vn 0.6135 0.6279 0.4789
vn 0.8102 -0.2053 0.5490
vn 0.4562 0.8793 0.1365
vn 0.4166 0.9091 0.0055
vn 0.4141 0.9002 -0.1347
vn 0.4650 0.8264 -0.3175
vn 0.8679 -0.0181 -0.4963
vn 0.8587 -0.1519 -0.4895
vn 0.5543 0.7054 -0.4419
vn 0.7305 -0.3295 -0.5981
vn -0.6257 -0.5956 0.5037
vn 0.6572 0.3752 -0.6537
vn -0.6511 0.2771 0.7066
vn 0.6711 -0.1359 -0.7289
vn -0.6395 -0.2726 0.7189
vn -0.6262 0.0187 0.7794
vn -0.6117 -0.0146 0.7910
vn -0.6323 -0.0425 0.7736
vn -0.6317 -0.0954 0.7693
vn -0.6201 -0.1092 0.7769
vn 0.6720 -0.0762 0.7366
vn 0.6780 0.2438 0.6935
vn 0.6906 -0.2345 0.6841
vn 0.6798 0.4142 0.6052
vn 0.6674 0.5293 0.5239
vn 0.7800 -0.3075 0.5450
vn 0.6326 0.6689 0.3904
vn 0.6386 0.6498 0.4124
vn 0.2012 0.9765 0.0775
vn 0.6198 0.7174 0.3182
vn 0.6926 0.5963 0.4060
vn 0.8218 0.3139 0.4756
vn 0.8216 0.3102 0.4782
vn 0.8549 -0.0402 0.5172
vn 0.5732 0.7764 0.2620
vn 0.4987 0.8413 0.2084
vn 0.4143 0.9096 -0.0316
vn 0.5160 0.7955 -0.3176
vn 0.8072 0.4123 -0.4224
vn 0.8471 0.1425 -0.5119
vn 0.5822 0.7226 -0.3727
vn 0.8555 -0.1576 -0.4932
vn 0.6741 0.6238 -0.3956
vn 0.6927 0.5789 -0.4302
vn 0.3068 0.9341 -0.1824
vn 0.5479 0.7162 -0.4323
vn 0.7536 -0.3466 -0.5586
vn -0.7084 0.2864 0.6451
vn 0.6691 0.3292 -0.6662
vn 0.6772 0.0283 0.7352
vn 0.6856 0.1362 0.7152
vn 0.6973 0.3292 0.6367
vn 0.7552 -0.2586 0.6023
vn -0.2954 0.9145 -0.2766
vn 0.7718 -0.3129 0.5535
vn 0.8414 -0.2047 0.5002
vn 0.8099 -0.1179 0.5746
vn 0.6443 0.6935 0.3224
vn 0.8789 -0.0051 0.4771
vn 0.5028 0.8517 0.1477
vn 0.4716 0.8796 0.0618
vn 0.4710 0.8819 0.0212
vn 0.4524 0.8912 -0.0338
vn 0.4918 0.8584 -0.1455
vn 0.5091 0.8287 -0.2327
vn 0.5410 0.7896 -0.2896
vn 0.8856 0.1910 -0.4234
vn 0.8997 -0.0440 -0.4343
vn 0.3811 0.9033 -0.1971
vn 0.7720 -0.3660 -0.5196
vn -0.4537 0.8081 0.3756
vn 0.6770 0.4629 -0.5722
vn 0.6949 0.4026 -0.5958
vn 0.7062 -0.3104 -0.6364
vn -0.6692 0.3056 0.6773
vn 0.7012 -0.2968 -0.6482
vn -0.6652 0.2229 0.7126
vn -0.6477 0.0946 0.7560
vn -0.6813 0.1905 -0.7068
vn 0.6976 0.2385 0.6756
vn 0.7037 0.3210 0.6338
vn 0.7258 -0.2896 0.6240
vn 0.7034 0.4410 0.5575
vn -0.6441 0.5930 -0.4832
vn 0.7827 -0.2764 0.5576
vn -0.3086 0.8995 -0.3093
vn 0.2365 0.9677 0.0871
vn 0.2473 0.9687 0.0220
vn 0.8721 0.2936 0.3916
vn 0.8855 -0.0257 0.4639
vn 0.5676 0.7921 0.2243
vn 0.5249 0.8332 0.1739
vn 0.5224 0.8474 0.0954
vn 0.5130 0.8553 -0.0732
vn 0.5206 0.8432 -0.1339
vn 0.5415 0.8024 -0.2508
vn 0.8448 0.3179 -0.4304
vn 0.8903 0.0373 -0.4538
vn 0.8930 -0.0906 -0.4408
vn 0.8864 -0.1682 -0.4312
vn 0.8719 -0.2035 -0.4454
vn 0.7937 0.5066 -0.3369
vn 0.7833 0.4357 -0.4435
vn 0.7286 0.5764 -0.3700
vn 0.3863 0.8992 -0.2055
vn 0.8149 -0.3196 -0.4836
vn -0.1028 0.9908 0.0878
vn 0.6519 0.5889 -0.4777
vn 0.6487 0.5797 -0.4930
vn -0.7722 0.2769 0.5719
vn -0.6741 -0.5484 0.4947
vn -0.6528 -0.5782 0.4895
vn 0.7301 -0.3191 -0.6042
vn 0.6851 0.3086 -0.6598
vn -0.6718 -0.4701 0.5724
vn 0.7048 0.2547 -0.6622
vn -0.6723 0.1635 0.7220
vn -0.6533 0.0252 0.7567
vn -0.6685 -0.0279 0.7432
vn 0.7189 -0.0776 0.6908
vn 0.7128 0.1405 0.6871
vn 0.7104 -0.1471 0.6883
vn 0.7088 -0.1482 0.6897
vn 0.7143 0.2479 0.6545
vn 0.8127 -0.3285 0.4813
vn 0.8576 -0.1306 0.4974
vn 0.7605 0.5656 0.3190
vn 0.3891 0.9063 0.1650
vn 0.8378 0.3641 0.4068
vn 0.8739 -0.1816 0.4509
vn 0.8522 -0.2175 0.4760
vn 0.5314 0.8471 0.0043
vn 0.5302 0.8476 -0.0204
vn 0.8426 -0.3253 -0.4291
vn 0.6434 0.6799 -0.3519
vn 0.6954 0.4752 -0.5390
vn 0.7098 0.3871 -0.5885
vn 0.7520 -0.3058 -0.5839
vn 0.7338 -0.2485 -0.6323
vn 0.7207 0.1623 -0.6740
vn 0.7070 -0.0370 -0.7062
vn -0.6831 -0.1733 0.7095
vn -0.6819 0.1475 0.7164
vn -0.6814 0.1285 0.7205
vn -0.6702 0.0146 0.7420
vn 0.7143 -0.0710 0.6963
vn 0.7237 0.0187 0.6899
vn 0.7320 0.0331 0.6805
vn 0.7222 0.1325 0.6789
vn 0.7509 -0.2952 0.5907
vn 0.8185 -0.3394 0.4636
vn 0.6599 0.6819 0.3156
vn 0.8556 0.3854 0.3456
vn 0.9052 0.1659 0.3912
vn 0.9281 -0.0786 0.3640
vn 0.9197 -0.0473 0.3898
vn 0.5701 0.7910 0.2219
vn 0.5528 0.8127 0.1840
vn 0.5417 0.8402 -0.0261
vn 0.8857 0.2532 -0.3892
vn 0.5901 0.7734 -0.2316
vn 0.9266 -0.0466 -0.3732
vn 0.7667 0.5397 -0.3477
vn 0.8821 0.3005 -0.3628
vn 0.7683 0.5349 -0.3515
vn 0.3954 0.9030 -0.1679
vn 0.8414 -0.3198 -0.4356
vn 0.4178 0.8874 -0.1951
vn -0.2120 0.9689 0.1276
vn -0.4995 0.8176 0.2863
vn 0.6996 0.5914 -0.4009
vn -0.5123 0.7961 0.3221
vn 0.6856 0.5763 -0.4447
vn -0.7548 0.3038 0.5814
vn 0.7294 0.3253 -0.6019
vn 0.7194 -0.2083 -0.6626
vn 0.7327 -0.1522 -0.6633
vn 0.7452 -0.1528 0.6491
vn 0.7311 0.2386 0.6391
vn 0.7461 -0.2424 0.6202
vn 0.7337 0.4142 0.5386
vn 0.7847 -0.2994 0.5428
vn 0.7810 -0.2775 0.5594
vn -0.4629 0.8313 -0.3076
vn 0.4734 0.8744 0.1067
vn 0.9069 -0.2098 0.3655
vn 0.6000 0.7721 0.2094
vn 0.8843 0.3348 0.3255
vn 0.9592 -0.0670 0.2745
vn 0.5854 0.8068 0.0793
vn 0.5795 0.8148 0.0175
vn 0.8598 0.3987 -0.3191
vn 0.9445 0.1447 -0.2949
vn 0.9446 0.0030 -0.3281
vn 0.8169 0.5081 -0.2729
vn 0.8715 -0.1091 -0.4781
vn 0.9007 -0.1667 -0.4011
vn 0.6627 0.6758 -0.3227
vn 0.6593 0.6780 -0.3251
vn -0.1538 0.9853 0.0740
vn 0.8189 -0.3805 -0.4296
vn -0.8113 0.2739 0.5164
vn 0.7833 -0.3358 -0.5232
vn 0.7418 0.4667 -0.4815
vn 0.7807 -0.3344 -0.5278
vn 0.7537 0.3054 -0.5820
vn 0.7446 0.0833 -0.6623
vn -0.7075 -0.2471 0.6621
vn -0.7231 -0.1786 0.6672
vn -0.7102 0.0205 0.7037
vn 0.7664 0.0227 0.6420
vn 0.7598 -0.1802 0.6246
vn 0.7804 -0.2675 0.5651
vn 0.7526 0.3400 0.5640
vn 0.7540 0.3490 0.5565
vn 0.6963 0.5708 0.4352
vn 0.6991 0.5515 0.4551
vn 0.8199 -0.2914 0.4927
vn -0.3987 0.8924 -0.2115
vn 0.8491 -0.3296 0.4129
vn -0.3593 0.9007 -0.2442
vn 0.8879 -0.2416 0.3915
vn 0.6549 0.7128 0.2511
vn 0.9333 -0.2493 0.2584
vn 0.9023 0.3745 0.2135
vn 0.9424 0.1055 0.3175
vn 0.9674 -0.1002 0.2327
vn 0.9586 -0.1626 0.2337
vn 0.9451 0.2718 0.1816
vn 0.9757 -0.0781 0.2046
vn 0.6048 0.7828 0.1467
vn 0.5837 0.8078 0.0822
vn 0.5954 0.8034 0.0082
vn 0.6151 0.7846 -0.0777
vn 0.5869 0.7960 -0.1484
vn 0.5992 0.7841 -0.1617
vn 0.9128 0.3439 -0.2202
vn 0.9441 0.2184 -0.2470
vn 0.9588 -0.0776 -0.2734
vn 0.9404 -0.1587 -0.3009
vn 0.9177 -0.2200 -0.3308
vn 0.8003 0.5326 -0.2754
vn 0.4321 0.8905 -0.1426
vn 0.8621 -0.3296 -0.3849
vn -0.6875 -0.6633 0.2956
vn 0.8262 -0.3750 -0.4205
vn -0.5601 0.7745 0.2940
vn 0.8186 -0.3666 -0.4422
vn 0.7572 0.3817 -0.5301
vn 0.7585 0.3880 -0.5236
vn 0.7789 -0.3072 -0.5467
vn 0.7703 0.3235 -0.5495
vn 0.7726 -0.2571 -0.5806
vn 0.7655 -0.1245 -0.6313
vn 0.7636 -0.0324 -0.6448
vn 0.7622 -0.0309 -0.6466
vn -0.7201 0.2573 0.6445
vn -0.7348 -0.3291 0.5931
vn 0.7761 0.0030 0.6306
vn 0.7738 -0.0948 0.6264
vn 0.7631 -0.0778 0.6415
vn 0.7691 -0.2695 0.5796
vn 0.7937 -0.2831 0.5384
vn 0.7580 0.4340 0.4870
vn 0.7205 0.5871 0.3690
vn -0.5850 0.7603 -0.2822
vn -0.2415 0.9581 -0.1539
vn 0.1397 0.9902 0.0011
vn 0.8679 -0.3380 0.3640
vn 0.6668 0.6871 0.2885
vn 0.6740 0.7058 0.2179
vn 0.5941 0.7671 0.2420
vn 0.8330 0.5428 0.1073
vn 0.9205 0.3363 0.1988
vn 0.9467 -0.2464 0.2075
vn 0.9630 0.2454 0.1118
vn 0.9743 -0.0745 0.2126
vn 0.5957 0.8027 -0.0275
vn 0.5907 0.8065 -0.0243
vn 0.9805 -0.0559 -0.1884
vn 0.9708 0.1276 -0.2031
vn 0.9808 -0.0596 -0.1859
vn 0.9495 0.2751 -0.1509
vn 0.7857 0.5915 -0.1811
vn 0.4018 0.9109 -0.0943
vn 0.8090 0.5536 -0.1977
vn 0.8855 -0.3382 -0.3185
vn 0.4060 0.9031 -0.1402
vn 0.8639 -0.3278 -0.3824
vn 0.6720 0.6844 -0.2828
vn 0.8202 -0.3341 -0.4644
vn 0.8034 -0.3284 -0.4967
vn -0.8062 0.2952 0.5128
vn 0.7609 0.4509 -0.4666
vn 0.7910 -0.2244 -0.5691
vn 0.7706 0.2404 -0.5902
vn 0.7783 0.1557 -0.6083
vn 0.7576 0.1458 0.6362
vn 0.7791 0.2480 0.5758
vn 0.7729 0.2760 0.5714
vn 0.7848 0.4071 0.4673
vn 0.8706 -0.3363 0.3590
vn 0.8970 -0.3474 0.2732
vn 0.0999 0.9945 -0.0319
vn 0.7066 0.6974 0.1199
vn 0.2962 0.9540 0.0456
vn 0.6744 0.7184 0.1706
vn 0.7741 0.6002 0.2013
vn 0.9668 -0.2147 0.1389
vn 0.8199 0.5674 0.0757
vn 0.9674 -0.2092 0.1426
vn 0.9854 -0.0604 0.1590
vn 0.9626 0.2453 0.1152
vn 0.9521 0.2808 0.1211
vn 0.9868 -0.0890 0.1354
vn 0.9973 -0.0560 0.0468
vn 0.9887 0.1301 -0.0746
vn 0.9786 0.1863 -0.0871
vn 0.9915 -0.0875 -0.0962
vn 0.9682 -0.1715 -0.1819
vn 0.9631 -0.2182 -0.1577
vn 0.3940 0.9167 -0.0673
vn 0.8132 0.5650 -0.1392
vn 0.8588 0.4836 -0.1689
vn 0.4253 0.9005 -0.0902
vn 0.9012 -0.3211 -0.2910
vn -0.2224 0.9725 0.0699
vn 0.6857 0.6752 -0.2721
vn -0.5741 0.7886 0.2200
vn 0.8522 -0.3660 -0.3738
vn -0.8549 0.2802 0.4366
vn 0.7841 0.3824 -0.4888
vn 0.7935 -0.2893 -0.5353
vn 0.7919 -0.1172 -0.5993
vn 0.7984 -0.1267 -0.5886
vn 0.8141 -0.0635 -0.5773
vn 0.8017 -0.0297 -0.5970
vn 0.8265 0.0252 -0.5624
vn 0.7978 0.1382 -0.5869
vn 0.7972 0.0711 -0.5995
vn 0.7802 0.1330 0.6112
vn 0.7807 0.1321 0.6108
vn 0.7982 -0.1771 0.5758
vn 0.7972 -0.2412 0.5534
vn 0.7695 0.2329 0.5947
vn 0.8144 -0.2718 0.5127
vn 0.8380 -0.2850 0.4653
vn 0.8119 0.4260 0.3993
vn 0.8502 -0.2847 0.4428
vn 0.7371 0.5723 0.3594
vn -0.6219 0.7364 -0.2663
vn -0.3958 0.9017 -0.1742
vn 0.9032 -0.3441 0.2565
vn -0.3866 0.9108 -0.1447
vn 0.9155 -0.3495 0.1994
vn 0.9337 -0.3305 0.1377
vn 0.3358 0.9419 0.0036
vn 0.5964 0.7967 0.0980
vn 0.7429 0.6694 0.0022
vn 0.9855 -0.1548 0.0689
vn 0.9791 -0.1976 0.0477
vn 0.7340 0.6787 -0.0234
vn 0.9553 0.2917 0.0487
vn 0.9972 -0.0637 0.0389
vn 0.8813 0.4704 0.0451
vn 0.9867 0.1622 -0.0109
vn 0.9988 -0.0247 -0.0414
vn 0.9837 -0.1706 -0.0565
vn 0.6798 0.7333 -0.0166
vn 0.8914 0.4490 -0.0614
vn 0.9812 -0.1817 -0.0644
vn 0.4714 0.8811 -0.0371
vn 0.8570 0.5079 -0.0871
vn 0.9306 -0.3314 -0.1553
vn 0.9164 -0.3208 -0.2394
vn 0.0007 0.9999 -0.0105
vn 0.9157 -0.3325 -0.2256
vn 0.7077 0.6829 -0.1812
vn 0.7064 0.6840 -0.1821
vn -0.1953 0.9794 0.0519
vn -0.2184 0.9734 0.0690
vn -0.5067 0.8456 0.1679
vn 0.8550 -0.3629 -0.3704
vn 0.8577 -0.3298 -0.3945
vn 0.7891 0.4673 -0.3987
vn 0.7905 0.3757 -0.4837
vn 0.8175 -0.2810 -0.5027
vn -0.7604 -0.2445 0.6017
vn 0.8086 -0.0967 0.5803
vn 0.8105 -0.0024 0.5857
vn 0.8116 -0.1016 0.5753
vn 0.8063 0.1072 0.5817
vn 0.8149 -0.1526 0.5592
vn 0.8223 -0.2495 0.5114
vn 0.7979 0.3613 0.4825
vn 0.8634 -0.2791 0.4202
vn 0.7499 0.5875 0.3043
vn 0.7641 0.6021 0.2314
vn -0.3892 0.9098 -0.1445
vn 0.7143 0.6862 0.1379
vn 0.7193 0.6903 0.0777
vn 0.9424 -0.3128 0.1185
vn -0.3154 0.9488 -0.0158
vn -0.1258 0.9905 -0.0557
vn 0.2540 0.9668 0.0264
vn 0.7161 0.6977 0.0217
vn 0.7141 0.6998 0.0194
vn 0.9525 -0.3001 0.0526
vn 0.9578 -0.2848 0.0393
vn 0.2312 0.9725 -0.0282
vn 0.9501 -0.3047 -0.0673
vn 0.7162 0.6973 -0.0294
vn 0.0065 0.9999 -0.0077
vn 0.9502 -0.3022 -0.0758
vn 0.9399 -0.3141 -0.1340
vn 0.7103 0.6983 -0.0884
vn 0.8984 -0.3818 -0.2171
vn -0.5703 0.8038 0.1695
vn 0.8790 -0.3778 -0.2908
vn 0.8790 -0.3775 -0.2912
vn 0.7655 0.5736 -0.2916
vn 0.8029 0.4517 -0.3890
vn 0.8451 -0.3231 -0.4260
vn 0.8218 -0.2959 -0.4869
vn 0.8131 0.3125 -0.4911
vn 0.8120 0.2963 -0.5029
vn 0.8325 -0.2054 -0.5146
vn 0.8401 -0.1310 -0.5263
vn 0.8315 0.1373 -0.5383
vn 0.8283 0.0254 -0.5596
vn -0.7906 0.2550 0.5567
vn -0.7417 0.2110 0.6367
vn 0.8143 -0.0112 0.5804
vn 0.8226 0.2383 0.5164
vn 0.8176 0.3006 0.4911
vn 0.8191 0.4176 0.3933
vn 0.8866 -0.2857 0.3637
vn 0.7695 0.5738 0.2804
vn -0.7879 0.5837 -0.1962
vn 0.9216 -0.3407 0.1862
vn 0.7806 0.6007 0.1729
vn 0.7245 0.6858 0.0697
vn -0.4696 0.8812 -0.0544
vn 0.9353 -0.3509 0.0449
vn -0.3554 0.9347 0.0089
vn 0.7324 0.6790 -0.0501
vn -0.5133 0.8574 0.0375
vn 0.7824 0.5892 -0.2016
vn 0.7861 0.5726 -0.2327
vn 0.8248 0.3875 -0.4118
vn 0.8407 -0.3072 -0.4459
vn 0.8393 -0.2302 -0.4925
vn 0.8271 0.2426 -0.5070
vn 0.8348 0.1995 -0.5132
vn 0.8426 -0.1270 -0.5233
vn 0.8353 -0.0600 -0.5464
vn 0.8469 -0.0237 -0.5313
vn 0.8411 0.0621 -0.5374
vn 0.8479 -0.1616 0.5050
vn 0.8268 0.2490 0.5044
vn 0.8236 -0.2482 0.5100
vn 0.8185 0.3303 0.4701
vn 0.8577 -0.2440 0.4525
vn 0.8314 0.3354 0.4431
vn 0.8325 0.3913 0.3922
vn 0.8880 -0.2851 0.3609
vn 0.9320 -0.3424 0.1192
vn 0.9388 -0.3429 0.0333
vn 0.9357 -0.3509 -0.0371
vn 0.7976 0.6005 -0.0572
vn -0.4112 0.9112 0.0242
vn -0.9308 0.3159 0.1839
vn 0.8072 0.4854 -0.3360
vn 0.8635 -0.3526 -0.3606
vn 0.8439 -0.3223 -0.4289
vn 0.8452 0.3329 -0.4181
vn 0.8451 0.3308 -0.4200
vn -0.8059 0.2204 0.5495
vn -0.7756 0.0830 0.6257
vn 0.8475 -0.0037 0.5308
vn 0.8539 -0.1140 0.5078
vn 0.8449 0.1025 0.5249
vn 0.8562 0.1168 0.5032
vn 0.8552 -0.1549 0.4946
vn 0.8793 -0.1616 0.4481
vn 0.8425 0.4366 0.3154
vn 0.8402 0.4609 0.2856
vn 0.9184 -0.2934 0.2654
vn 0.9191 -0.2947 0.2614
vn 0.7995 0.5791 0.1593
vn 0.9340 -0.3391 0.1126
vn 0.9366 -0.3444 0.0651
vn 0.8043 0.5892 0.0773
vn 0.9255 -0.3707 -0.0779
vn 0.9209 -0.3678 -0.1291
vn 0.9098 -0.3675 -0.1928
vn 0.8050 0.5663 -0.1766
vn 0.8945 -0.3480 -0.2807
vn 0.8485 0.4671 -0.2485
vn 0.8420 0.4475 -0.3013
vn 0.8622 -0.2120 -0.4600
vn 0.8757 -0.1389 -0.4625
vn 0.8592 0.1447 -0.4907
vn 0.8695 -0.1218 -0.4787
vn 0.8838 -0.0804 -0.4610
vn 0.8790 0.0003 -0.4768
vn 0.8766 0.0373 -0.4799
vn 0.8701 -0.0236 -0.4924
vn -0.8016 0.1588 0.5764
vn 0.8816 -0.0714 0.4666
vn 0.8734 0.2315 0.4284
vn 0.8851 -0.2035 0.4185
vn -0.8757 0.2795 -0.3936
vn 0.8631 0.3135 0.3961
vn 0.8609 0.3597 0.3599
vn 0.8630 0.3602 0.3543
vn 0.8486 0.4562 0.2678
vn 0.8603 0.4711 0.1946
vn 0.8136 0.5735 0.0958
vn 0.9395 -0.3408 0.0332
vn 0.8145 0.5796 0.0249
vn 0.8123 0.5828 0.0217
vn 0.9331 -0.3589 -0.0238
vn 0.8108 0.5839 -0.0414
vn 0.8192 0.5627 -0.1109
vn 0.9209 -0.3696 -0.1239
vn 0.9095 -0.3490 -0.2259
vn 0.8982 -0.3454 -0.2718
vn 0.8659 0.3921 -0.3107
vn 0.8664 0.3865 -0.3163
vn 0.8728 0.3071 -0.3795
vn 0.8829 -0.2338 -0.4072
vn 0.8823 -0.2158 -0.4183
vn 0.8677 0.2549 -0.4267
vn 0.8935 0.0798 -0.4419
vn 0.8846 0.1265 -0.4489
vn 0.8866 -0.0706 0.4571
vn 0.9172 0.0101 0.3984
vn 0.8859 0.1030 0.4523
vn 0.8977 -0.0864 0.4321
vn 0.8969 -0.1435 0.4184
vn 0.9041 0.1320 0.4063
vn 0.8805 0.2741 0.3867
vn 0.8976 -0.2086 0.3882
vn 0.9016 -0.2319 0.3652
vn 0.9296 -0.2990 0.2157
vn 0.8677 0.4610 0.1860
vn 0.9250 -0.3024 0.2301
vn 0.9384 -0.3223 0.1243
vn 0.8779 0.4667 0.1072
vn 0.9354 -0.3508 0.0440
vn 0.9335 -0.3577 -0.0229
vn 0.8749 0.4703 -0.1158
vn 0.8639 0.4637 -0.1964
vn 0.8676 0.4508 -0.2097
vn 0.8853 -0.3102 -0.3464
vn 0.8837 0.3331 -0.3289
vn 0.8822 -0.2762 -0.3813
vn 0.8884 -0.2481 -0.3864
vn 0.8916 0.2440 -0.3815
vn 0.9046 -0.1516 -0.3983
vn 0.9015 0.1582 -0.4027
vn 0.8893 0.2289 -0.3959
vn 0.9041 -0.1354 -0.4053
vn -0.8415 0.2241 0.4917
vn 0.9124 -0.1464 0.3823
vn 0.9008 -0.2315 0.3675
vn 0.9118 0.2458 0.3289
vn 0.8973 0.3198 0.3042
vn 0.9102 0.3257 0.2557
vn 0.9044 0.3559 0.2354
vn 0.9182 -0.2707 0.2892
vn 0.9084 0.3735 0.1879
vn 0.8848 0.4551 0.1004
vn 0.8930 0.4481 0.0423
vn 0.8810 0.4726 0.0229
vn 0.8888 0.4556 -0.0487
vn 0.9399 -0.3300 -0.0880
vn 0.8867 0.4514 -0.0997
vn 0.8949 0.3929 -0.2118
vn 0.9067 -0.3118 -0.2840
vn 0.8960 0.3771 -0.2345
vn 0.9122 -0.0845 -0.4009
vn 0.9107 -0.0769 -0.4058
vn 0.9142 -0.0275 -0.4044
vn 0.9107 0.0497 -0.4102
vn 0.9104 -0.0063 -0.4137
vn 0.9111 0.0478 -0.4093
vn -0.8928 0.2507 -0.3742
vn 0.9356 0.0119 0.3529
vn 0.9267 -0.0790 0.3675
vn 0.9358 0.0125 0.3523
vn 0.9294 0.1218 0.3483
vn 0.9195 -0.1376 0.3682
vn 0.9338 -0.0630 0.3522
vn 0.9349 0.1028 0.3396
vn 0.9331 0.1565 0.3239
vn 0.9203 0.2266 0.3189
vn 0.9260 -0.1955 0.3230
vn 0.9320 0.2885 0.2196
vn 0.9349 -0.2814 0.2165
vn 0.9141 0.3645 0.1774
vn 0.9176 0.3817 0.1111
vn 0.9456 -0.3071 0.1072
vn 0.9439 -0.3269 0.0466
vn 0.9466 -0.3173 0.0571
vn 0.8916 0.4506 -0.0449
vn 0.9468 -0.3213 -0.0161
vn 0.9418 -0.3346 -0.0323
vn 0.9210 0.3715 -0.1174
vn 0.9165 0.3859 -0.1050
vn 0.9458 -0.3039 -0.1148
vn 0.9125 0.3672 -0.1804
vn 0.9323 -0.3066 -0.1920
vn 0.9344 -0.2858 -0.2126
vn 0.9282 -0.2831 -0.2417
vn 0.9181 0.3180 -0.2367
vn 0.9172 0.2495 -0.3105
vn 0.9082 0.2915 -0.3005
vn 0.9249 -0.1926 -0.3279
vn 0.9236 -0.1923 -0.3315
vn 0.9245 -0.1577 -0.3471
vn 0.9193 0.1323 -0.3706
vn -0.8771 0.2580 0.4052
vn 0.9306 -0.1375 0.3393
vn 0.9527 -0.0681 0.2961
vn 0.9551 0.0189 0.2957
vn 0.9541 0.0759 0.2898
vn 0.9564 -0.0915 0.2773
vn 0.9410 0.2295 0.2486
vn 0.9497 -0.1980 0.2426
vn 0.9405 -0.2286 0.2514
vn 0.9406 0.2879 0.1801
vn 0.9418 0.2726 0.1969
vn 0.9532 -0.2723 0.1312
vn 0.9536 -0.2752 0.1217
vn 0.9255 0.3666 0.0953
vn -0.9412 0.3308 -0.0683
vn 0.9168 0.3970 0.0436
vn 0.9262 0.3766 0.0195
vn 0.9163 0.3977 -0.0479
vn 0.9177 0.3939 -0.0515
vn 0.9595 -0.2645 -0.0974
vn 0.9417 0.3186 -0.1076
vn 0.9311 0.3017 -0.2051
vn 0.9398 -0.2351 -0.2481
vn -0.9094 0.2920 0.2960
vn 0.9287 0.2250 -0.2949
vn 0.9443 0.1122 -0.3093
vn 0.9500 -0.0618 -0.3061
vn 0.9418 0.1177 -0.3148
vn 0.9513 -0.0680 -0.3007
vn 0.9537 -0.0201 -0.3000
vn 0.9506 0.0404 -0.3079
vn -0.9004 0.0630 0.4305
vn -0.9016 -0.0605 0.4282
vn 0.9594 0.0044 0.2821
vn 0.9611 -0.0926 0.2602
vn 0.9598 0.1191 0.2543
vn 0.9618 0.0960 0.2565
vn 0.9655 0.1677 0.1993
vn 0.9622 -0.1614 0.2193
vn 0.9681 -0.1141 0.2229
vn 0.9627 0.1673 0.2127
vn 0.9577 0.2259 0.1781
vn 0.9627 -0.2175 0.1607
vn 0.9556 0.2736 0.1098
vn 0.9624 -0.2542 0.0958
vn 0.9482 0.3028 0.0955
vn 0.9649 -0.2537 0.0679
vn 0.9536 0.2997 0.0283
vn 0.9518 0.3003 -0.0626
vn 0.9638 -0.2659 -0.0206
vn 0.9654 -0.2591 -0.0291
vn 0.9629 -0.2385 -0.1263
vn 0.9579 0.2477 -0.1452
vn 0.9567 -0.2348 -0.1718
vn 0.9507 0.2514 -0.1817
vn 0.9589 -0.1950 -0.2062
vn 0.9603 -0.1874 -0.2066
vn 0.9630 0.1740 -0.2059
vn 0.9568 -0.1627 -0.2411
vn 0.9613 -0.0993 -0.2572
vn 0.9596 0.1211 -0.2541
vn 0.9512 -0.0804 -0.2980
vn 0.9548 -0.0140 -0.2969
vn 0.9543 0.0212 -0.2980
vn 0.9718 0.0046 0.2359
vn 0.9751 0.0635 0.2123
vn 0.9754 -0.0409 0.2166
vn 0.9746 0.0620 0.2153
vn 0.9768 0.1081 0.1849
vn 0.9707 0.1492 0.1885
vn 0.9754 -0.0989 0.1970
vn 0.9729 -0.1777 0.1481
vn 0.9768 0.1733 0.1255
vn 0.9721 0.2008 0.1214
vn 0.9714 -0.1919 0.1402
vn 0.9720 -0.1959 0.1300
vn 0.9667 0.2343 0.1029
vn 0.9714 0.2347 0.0357
vn 0.9642 0.2651 0.0114
vn 0.9670 0.2484 -0.0557
vn 0.9636 0.2631 -0.0465
vn 0.9691 0.2064 -0.1352
vn 0.9713 0.2092 -0.1135
vn 0.9790 -0.1708 -0.1108
vn 0.9685 -0.1708 -0.1810
vn 0.9643 0.1705 -0.2024
vn 0.9762 0.0908 -0.1970
vn 0.9617 -0.0237 -0.2732
vn -0.9234 0.2614 0.2810
vn 0.9784 -0.0490 0.2007
vn 0.9864 0.0889 0.1384
vn 0.9828 -0.0986 0.1562
vn 0.9886 -0.0397 0.1449
vn 0.9835 -0.1218 0.1336
vn 0.9885 -0.0403 0.1455
vn 0.9902 0.0257 0.1375
vn 0.9881 0.0484 0.1457
vn 0.9862 0.1221 0.1118
vn 0.9832 0.1456 0.1104
vn 0.9797 -0.1882 0.0685
vn 0.9836 -0.1713 0.0564
vn 0.9841 0.1758 0.0272
vn 0.9873 0.1556 -0.0331
vn 0.9820 -0.1871 -0.0278
vn 0.9923 -0.1199 -0.0324
vn 0.9785 0.1963 -0.0639
vn 0.9842 -0.1722 -0.0418
vn 0.9804 -0.1668 -0.1046
vn 0.9883 -0.0971 -0.1178
vn 0.9869 -0.0719 -0.1441
vn 0.9916 -0.0303 -0.1254
vn 0.9812 0.1355 -0.1374
vn 0.9747 0.1769 -0.1366
vn 0.9891 0.0137 -0.1467
vn 0.9772 -0.0722 -0.1998
vn 0.9735 0.1028 -0.2042
vn 0.9785 -0.0752 -0.1918
vn 0.9748 -0.0203 -0.2222
vn 0.9800 0.0304 -0.1966
vn 0.9773 0.0511 -0.2058
vn 0.9956 -0.0493 0.0800
vn 0.9892 -0.1222 0.0804
vn 0.9945 0.0925 0.0490
vn 0.9974 -0.0329 0.0636
vn 0.9980 0.0209 0.0600
vn 0.9981 0.0447 0.0428
vn 0.9881 0.1540 0.0015
vn 0.9986 -0.0349 -0.0408
vn 0.9982 -0.0390 -0.0446
vn 0.9985 0.0368 -0.0399
vn 0.9939 -0.1011 -0.0449
vn 0.9939 0.0788 -0.0773
vn 0.9929 0.0896 -0.0783
vn -0.9298 0.2323 0.2855
vn -0.9716 0.1815 0.1517
vn -0.9625 -0.1629 0.2168
vn -0.9593 -0.0038 0.2823
vn 0.9904 -0.0330 -0.1340
vn 0.9669 -0.0489 -0.2504
vn 0.9342 -0.0600 -0.3516
vn 0.9321 -0.1544 -0.3277
vn 0.9291 -0.3648 -0.0613
vn 0.9221 -0.2362 -0.3064
vn 0.9219 -0.2403 -0.3039
vn 0.9207 0.0590 -0.3858
vn 0.9105 0.0455 -0.4109
vn 0.9391 0.1466 -0.3108
vn 0.9022 -0.3110 -0.2990
vn 0.7574 0.5971 -0.2642
vn 0.8887 -0.3692 -0.2717
vn 0.8601 -0.3724 -0.3487
vn -0.7348 0.6775 0.0341
vn -0.9949 -0.0821 0.0580
vn -0.9972 0.0074 0.0743
vn -0.9928 0.0953 0.0723
vn -0.9940 -0.1075 0.0216
vn -0.9983 -0.0215 0.0540
vn -0.9927 0.0974 0.0708
vn -0.9917 -0.1034 -0.0768
vn 0.8910 -0.4516 0.0473
vn -0.9964 -0.0347 -0.0776
vn -0.9939 0.0974 -0.0526
vn -0.9949 0.0420 -0.0921
vn -0.9955 -0.0080 -0.0943
vn 0.8865 -0.4425 0.1356
vn 0.8459 -0.1978 -0.4953
vn 0.8503 -0.3131 -0.4230
vn 0.7544 0.5163 -0.4054
vn 0.8422 -0.3835 -0.3789
vn -0.9728 -0.0661 0.2222
vn -0.9787 0.0101 0.2051
vn -0.9777 0.0048 0.2098
vn -0.9783 -0.0895 0.1866
vn -0.8874 0.4577 0.0546
vn -0.9734 0.1383 0.1826
vn -0.9900 -0.0674 0.1238
vn -0.9909 -0.0283 0.1315
vn -0.9930 -0.0855 0.0818
vn -0.8726 0.4885 -0.0025
vn -0.9777 0.1982 0.0686
vn -0.8659 0.5003 0.0032
vn -0.9792 0.1873 0.0779
vn -0.9815 0.1852 -0.0478
vn -0.9908 -0.1081 -0.0812
vn -0.9813 0.1865 -0.0487
vn -0.8323 0.5416 -0.1178
vn -0.9838 -0.1155 -0.1370
vn -0.9878 0.0830 -0.1316
vn -0.9841 -0.1024 -0.1451
vn -0.9887 -0.0474 -0.1424
vn -0.9806 0.0525 -0.1890
vn -0.9829 -0.0114 -0.1835
vn -0.9721 0.0997 0.2121
vn -0.8293 0.5505 0.0961
vn -0.9730 -0.1571 0.1693
vn -0.9652 0.1906 0.1792
vn -0.9804 -0.1766 0.0870
vn -0.9607 0.2325 0.1519
vn -0.9809 -0.1760 0.0833
vn -0.9611 0.2760 0.0105
vn -0.9829 -0.1813 0.0315
vn -0.9823 -0.1860 0.0206
vn -0.9642 0.2521 0.0825
vn -0.9627 0.2590 0.0779
vn -0.9808 -0.1850 -0.0622
vn -0.9590 0.2639 -0.1034
vn -0.9662 0.2547 -0.0399
vn -0.9815 -0.1746 -0.0783
vn -0.9583 0.2806 -0.0535
vn -0.8229 0.5393 -0.1787
vn -0.9784 -0.1510 -0.1410
vn -0.9626 0.2481 -0.1088
vn -0.9765 0.1722 -0.1293
vn -0.5692 0.7903 -0.2268
vn -0.9652 0.1739 -0.1955
vn -0.9648 0.1721 -0.1987
vn -0.9807 0.0606 -0.1860
vn -0.9738 -0.0865 -0.2104
vn -0.9760 -0.0553 -0.2108
vn 0.8411 0.1927 -0.5053
vn -0.9545 -0.0165 0.2977
vn -0.9563 0.0046 0.2924
vn -0.9583 -0.1004 0.2675
vn -0.9626 -0.0683 0.2622
vn -0.9564 0.1144 0.2686
vn -0.9441 0.1942 0.2663
vn 0.8071 -0.5784 -0.1183
vn -0.9469 0.2903 0.1381
vn -0.9516 0.2776 0.1319
vn -0.9457 0.2771 0.1697
vn -0.9355 0.3311 0.1235
vn -0.9948 -0.1020 0.0079
vn -0.9912 -0.1263 0.0408
vn -0.9426 0.3252 0.0764
vn -0.9893 0.1442 0.0226
vn -0.9410 0.3288 0.0796
vn -0.9859 0.1318 -0.1027
vn 0.8177 -0.5741 0.0414
vn -0.9604 0.2598 -0.1003
vn -0.9891 -0.1275 -0.0729
vn -0.9882 -0.1416 -0.0583
vn -0.9414 0.3368 -0.0185
vn -0.9497 0.3095 -0.0477
vn -0.9540 0.2549 -0.1580
vn 0.8023 -0.5796 0.1427
vn -0.9777 -0.1708 -0.1225
vn -0.7417 0.6001 -0.2996
vn -0.9718 -0.0937 -0.2162
vn -0.9668 -0.1368 -0.2159
vn -0.9603 -0.0118 -0.2788
vn -0.9585 0.0784 -0.2739
vn 0.8200 -0.3037 -0.4851
vn 0.8004 -0.3783 -0.4651
vn -0.7665 0.6065 0.2114
vn -0.9478 0.1012 0.3024
vn -0.9392 0.0397 0.3411
vn -0.9189 0.3006 0.2556
vn -0.9600 -0.1505 0.2360
vn -0.9311 0.2737 0.2412
vn -0.9648 -0.1422 0.2214
vn -0.9320 0.2925 0.2142
vn -0.9667 0.1778 0.1840
vn -0.9795 -0.1487 0.1360
vn -0.9339 0.2959 0.2005
vn -0.9830 0.0387 0.1794
vn -0.9806 -0.1100 0.1624
vn -0.9802 -0.1110 0.1637
vn -0.9813 0.1353 0.1366
vn -0.9859 0.0590 0.1564
vn -0.9876 -0.0241 0.1551
vn -0.9819 0.1596 0.1018
vn -0.9947 -0.0037 0.1031
vn -0.9907 -0.1066 0.0842
vn -0.9942 0.0241 0.1051
vn -0.9902 -0.0988 0.0985
vn -0.9986 0.0460 0.0257
vn -0.9998 -0.0116 0.0187
vn -0.9993 0.0357 0.0137
vn -0.9997 -0.0123 0.0198
vn -0.9943 0.0469 -0.0957
vn -0.9953 -0.0164 -0.0950
vn -0.9959 -0.0221 -0.0873
vn -0.9885 -0.1307 -0.0756
vn -0.9817 0.1502 -0.1172
vn -0.9931 0.0235 -0.1152
vn -0.9884 -0.1410 -0.0560
vn -0.9764 0.1200 -0.1794
vn -0.9439 0.2784 -0.1776
vn -0.9813 -0.1314 -0.1405
vn -0.9827 -0.1462 -0.1134
vn -0.8950 0.2907 -0.3383
vn -0.9420 0.2819 -0.1821
vn -0.9727 -0.1505 -0.1768
vn -0.9415 0.2832 -0.1829
vn -0.8769 0.3828 -0.2909
vn -0.9733 -0.1561 -0.1683
vn -0.6940 0.6003 -0.3976
vn -0.9680 -0.1501 -0.2010
vn -0.9535 0.1868 -0.2365
vn -0.9487 0.1770 -0.2621
vn -0.9241 0.2136 -0.3170
vn -0.9540 0.0977 -0.2835
vn -0.9508 -0.0366 -0.3076
vn 0.7919 -0.0602 -0.6077
vn 0.7905 -0.1488 -0.5941
vn 0.7833 0.1467 -0.6041
vn 0.7879 -0.4937 -0.3680
vn -0.7557 0.5867 0.2912
vn -0.9356 -0.0188 0.3527
vn -0.9218 0.0074 0.3876
vn -0.9218 -0.0940 0.3761
vn -0.9224 0.0963 0.3741
vn -0.9369 0.1880 0.2948
vn -0.8985 0.3229 0.2974
vn -0.9452 -0.1487 0.2907
vn -0.9487 0.1653 0.2695
vn -0.9633 -0.1233 0.2384
vn -0.9554 0.0598 0.2891
vn -0.9612 -0.0282 0.2745
vn -0.9566 -0.0181 0.2909
vn -0.9593 -0.1092 0.2606
vn -0.9833 -0.0123 0.1814
vn -0.9236 0.3529 0.1496
vn -0.9263 0.3505 0.1385
vn -0.9270 0.3684 0.0709
vn -0.9283 0.3639 0.0757
vn -0.9789 0.0479 -0.1988
vn -0.9855 0.0170 -0.1691
vn -0.9858 -0.0306 -0.1649
vn -0.9365 0.3406 -0.0839
vn -0.9704 0.1364 -0.1992
vn -0.9884 -0.0401 -0.1463
vn -0.9359 0.1222 -0.3304
vn -0.9563 0.0285 -0.2910
vn -0.9714 -0.0433 -0.2336
vn -0.9354 0.3229 -0.1443
vn -0.9206 0.2450 -0.3041
vn -0.9597 0.0491 -0.2767
vn -0.9757 -0.1427 -0.1661
vn -0.8165 0.3995 -0.4169
vn -0.9346 0.2751 -0.2255
vn -0.9491 -0.1444 -0.2799
vn -0.9530 -0.0764 -0.2932
vn -0.9448 -0.1162 -0.3065
vn -0.9430 -0.0185 -0.3321
vn -0.9371 0.0924 -0.3367
vn -0.9361 0.0947 -0.3387
vn -0.9110 0.0024 0.4125
vn -0.7103 0.6395 0.2942
vn -0.9197 -0.0961 0.3806
vn -0.8704 0.3096 0.3828
vn 0.7638 -0.5869 -0.2688
vn -0.9284 0.1920 0.3182
vn -0.9464 -0.1473 0.2875
vn -0.9289 0.1994 0.3120
vn -0.9459 0.0302 0.3230
vn -0.9416 -0.1236 0.3133
vn 0.7430 -0.6676 -0.0471
vn -0.9317 0.3570 -0.0666
vn -0.9666 -0.0592 -0.2494
vn -0.8740 0.2238 -0.4313
vn -0.9497 -0.1456 -0.2774
vn -0.7833 0.4412 -0.4379
vn -0.9588 -0.1679 -0.2292
vn -0.9315 0.2783 -0.2342
vn -0.6569 0.6229 -0.4248
vn -0.9145 0.2752 -0.2967
vn -0.9423 -0.1685 -0.2892
vn -0.9327 -0.1776 -0.3141
vn -0.9173 0.2091 -0.3389
vn -0.9157 0.1907 -0.3538
vn -0.9265 -0.1255 -0.3548
vn 0.7505 0.0944 -0.6541
vn 0.7675 0.0299 -0.6403
vn 0.7700 0.1955 -0.6073
vn 0.7752 -0.4976 -0.3892
vn -0.8965 -0.0795 0.4358
vn -0.8944 0.1073 0.4342
vn -0.8860 0.1748 0.4294
vn -0.9037 0.1777 0.3895
vn -0.9114 -0.1428 0.3860
vn -0.9116 0.2057 0.3559
vn -0.9391 0.0504 0.3399
vn -0.9398 -0.0263 0.3408
vn -0.9548 -0.0709 0.2885
vn -0.9213 0.2683 0.2815
vn -0.9216 0.2693 0.2797
vn -0.9345 0.3389 0.1093
vn -0.9388 0.3364 0.0743
vn 0.7478 -0.6627 -0.0413
vn -0.9371 0.3490 0.0010
vn 0.7402 -0.6710 0.0427
vn -0.9054 0.3754 -0.1982
vn -0.9413 -0.0455 -0.3344
vn -0.9379 -0.0644 -0.3409
vn -0.9172 0.0585 -0.3942
vn -0.9300 0.0347 -0.3659
vn -0.8875 0.2066 -0.4120
vn -0.9551 -0.1235 -0.2694
vn -0.8014 0.4462 -0.3983
vn -0.8949 0.2974 -0.3327
vn -0.7057 0.5243 -0.4766
vn -0.9297 -0.1825 -0.3198
vn -0.8890 0.1935 -0.4150
vn -0.9209 -0.1050 -0.3755
vn -0.9229 -0.0287 -0.3840
vn -0.9087 0.0950 -0.4066
vn -0.9006 0.1111 -0.4201
vn -0.9137 -0.0111 -0.4061
vn 0.7719 -0.2794 -0.5711
vn -0.8905 -0.0824 0.4474
vn -0.8844 0.0321 0.4656
vn -0.8819 0.0762 0.4651
vn -0.8890 0.1712 0.4248
vn -0.9084 -0.1452 0.3920
vn -0.9061 0.1702 0.3873
vn -0.8938 0.2549 0.3691
vn -0.8954 0.2597 0.3616
vn -0.9009 -0.0450 0.4318
vn -0.9189 0.3271 0.2206
vn -0.9319 0.3081 0.1913
vn 0.7361 -0.6629 -0.1365
vn -0.9429 0.3087 0.1254
vn -0.9353 0.3489 0.0591
vn -0.9334 0.3582 -0.0203
vn -0.9131 0.3937 -0.1059
vn -0.9044 0.3530 -0.2399
vn -0.9339 -0.1200 -0.3368
vn -0.8818 0.3586 -0.3064
vn -0.7506 0.4807 -0.4534
vn -0.8811 0.1906 -0.4328
vn -0.7756 0.4003 -0.4880
vn -0.8806 0.2920 -0.3733
vn -0.8798 0.2744 -0.3882
vn -0.9186 -0.1616 -0.3606
vn -0.9190 -0.1663 -0.3575
vn -0.8735 0.2150 -0.4367
vn -0.8799 -0.0016 -0.4752
vn -0.8625 0.1134 -0.4931
vn 0.7269 -0.0126 -0.6866
vn 0.7673 -0.1918 -0.6120
vn 0.6903 0.4338 -0.5790
vn 0.7378 -0.4872 -0.4672
vn -0.8714 -0.0760 0.4846
vn -0.8517 -0.0483 0.5218
vn -0.8502 -0.0027 0.5265
vn -0.8304 0.3742 0.4128
vn -0.8946 -0.1381 0.4251
vn -0.8741 0.2499 0.4165
vn -0.9104 -0.0712 0.4075
vn -0.9140 0.3207 0.2484
vn -0.9123 0.3030 0.2755
vn 0.7083 -0.6662 -0.2334
vn -0.9200 0.3436 0.1887
vn -0.9231 0.3635 0.1253
vn -0.9094 0.4122 0.0551
vn -0.9040 0.4275 -0.0112
vn -0.9048 0.4257 -0.0130
vn -0.8964 0.3999 -0.1911
vn -0.9256 -0.0312 -0.3773
vn -0.9139 -0.1459 -0.3789
vn -0.9204 -0.1554 -0.3586
vn -0.9132 -0.1974 -0.3566
vn -0.9097 -0.1962 -0.3661
vn -0.8616 0.2649 -0.4330
vn -0.8872 -0.1042 -0.4494
vn -0.8695 0.0272 -0.4932
vn 0.7340 -0.0633 -0.6762
vn 0.7339 -0.0878 -0.6735
vn 0.7470 -0.3658 -0.5551
vn 0.7339 -0.4344 -0.5222
vn -0.8169 0.0249 0.5762
vn -0.8184 0.0826 0.5687
vn -0.8275 0.1014 0.5522
vn -0.8073 0.4020 0.4320
vn -0.8574 -0.1054 0.5038
vn -0.8444 0.1705 0.5078
vn -0.8146 0.3306 0.4766
vn -0.8715 -0.1394 0.4702
vn -0.8729 0.2068 0.4418
vn -0.8685 0.2164 0.4459
vn -0.8914 0.0130 0.4529
vn -0.9068 -0.0798 0.4140
vn -0.9003 0.0418 0.4332
vn -0.8958 -0.0522 0.4414
vn -0.8716 0.2517 0.4206
vn -0.8855 0.3005 0.3543
vn 0.7090 -0.6559 -0.2592
vn -0.8917 0.3616 0.2724
vn -0.9034 0.3697 0.2173
vn -0.8991 0.4311 0.0756
vn 0.6752 -0.7358 0.0517
vn -0.8981 0.4334 -0.0747
vn -0.8738 0.4305 -0.2264
vn -0.8553 0.4451 -0.2652
vn -0.8443 0.4384 -0.3082
vn 0.6924 -0.6439 0.3255
vn -0.8946 0.0258 -0.4461
vn -0.9012 0.0017 -0.4334
vn -0.9023 -0.0830 -0.4229
vn -0.8416 0.2568 -0.4751
vn 0.7307 -0.5809 0.3588
vn -0.8468 0.2784 -0.4532
vn -0.8767 -0.1442 -0.4589
vn -0.8388 0.1925 -0.5092
vn -0.8733 -0.0677 -0.4825
vn -0.8434 0.1602 -0.5128
vn 0.7309 -0.2704 -0.6266
vn -0.8182 -0.0533 0.5725
vn -0.8289 -0.1024 0.5499
vn 0.7149 -0.5846 -0.3836
vn -0.8662 -0.1433 0.4787
vn -0.8836 0.3726 0.2836
vn -0.8803 0.4239 0.2130
vn -0.8902 0.4298 0.1512
vn 0.6850 -0.7178 -0.1247
vn 0.6726 -0.7393 -0.0315
vn -0.8370 0.5470 -0.0140
vn 0.6798 -0.7319 0.0457
vn -0.8186 0.5680 -0.0851
vn 0.6861 -0.7154 0.1320
vn 0.6651 -0.7315 0.1500
vn -0.8639 0.1079 -0.4920
vn -0.9026 -0.0836 -0.4222
vn -0.8980 -0.1800 -0.4015
vn -0.8365 0.3540 -0.4182
vn -0.8935 -0.1749 -0.4136
vn -0.8451 0.3281 -0.4221
vn -0.7953 0.4088 -0.4477
vn -0.6760 0.4808 -0.5584
vn -0.8397 0.3050 -0.4494
vn -0.4311 0.8027 -0.4121
vn -0.8908 -0.2111 -0.4023
vn -0.8732 -0.2117 -0.4391
vn -0.8537 -0.1821 -0.4879
vn -0.8596 -0.1566 -0.4864
vn 0.6857 -0.0417 -0.7267
vn 0.6617 0.1462 -0.7354
vn 0.6520 0.4694 -0.5955
vn 0.7168 -0.4008 -0.5706
vn -0.8015 -0.0395 0.5967
vn -0.7997 0.0133 0.6002
vn -0.7696 0.3697 0.5207
vn -0.8182 -0.1364 0.5585
vn -0.8286 0.2256 0.5125
vn -0.8563 -0.0784 0.5106
vn -0.8626 0.0484 0.5036
vn -0.8757 -0.0410 0.4811
vn -0.8439 0.2477 0.4759
vn -0.8539 0.3035 0.4227
vn -0.8603 0.3252 0.3927
vn -0.8497 0.3598 0.3854
vn 0.6819 -0.6681 -0.2978
vn -0.8509 0.3755 0.3673
vn -0.8595 0.4332 0.2714
vn -0.8583 0.4519 0.2431
vn 0.6822 -0.6973 -0.2199
vn -0.8280 0.5434 0.1384
vn -0.8361 0.5439 0.0719
vn 0.6103 -0.7913 -0.0369
vn -0.8274 0.5594 0.0500
vn -0.8182 0.5729 -0.0483
vn -0.7795 0.5883 -0.2150
vn -0.7780 0.5930 -0.2077
vn 0.6710 -0.6914 0.2678
vn -0.8218 0.4614 -0.3343
vn -0.8045 0.1810 -0.5657
vn -0.7741 0.3317 -0.5392
vn -0.6328 0.6022 -0.4867
vn -0.8145 0.2541 -0.5216
vn -0.8185 0.2349 -0.5243
vn -0.8345 -0.1221 -0.5374
vn -0.8385 -0.0984 -0.5360
vn -0.8391 0.0308 -0.5430
vn 0.7377 -0.3242 0.5922
vn 0.6995 -0.1774 -0.6922
vn 0.6663 0.1428 -0.7319
vn 0.6711 0.1696 -0.7218
vn 0.5904 0.5751 -0.5663
vn 0.6840 -0.3907 -0.6160
vn -0.8120 -0.1301 0.5690
vn -0.7893 0.1592 0.5931
vn -0.7897 0.2334 0.5674
vn -0.8361 0.3017 0.4582
vn -0.8056 0.5458 0.2306
vn -0.8164 0.5549 0.1597
vn -0.8276 0.5533 0.0949
vn 0.5960 -0.8005 0.0631
vn 0.6023 -0.7871 0.1331
vn -0.7642 0.5843 -0.2732
vn -0.8013 0.4203 -0.4258
vn -0.8374 0.1232 -0.5326
vn -0.8161 0.3841 -0.4318
vn -0.8383 0.1270 -0.5302
vn -0.8502 -0.0339 -0.5254
vn -0.7233 0.3096 -0.6173
vn -0.8677 -0.1900 -0.4593
vn -0.8619 -0.1857 -0.4719
vn -0.8519 -0.2309 -0.4700
vn -0.8331 -0.1958 -0.5173
vn -0.8260 -0.0722 -0.5591
vn -0.8303 0.0493 -0.5551
vn 0.7268 -0.3724 0.5771
vn 0.6598 -0.0194 -0.7512
vn 0.6632 0.1176 -0.7391
vn 0.6784 -0.0723 -0.7311
vn -0.7771 0.0253 0.6289
vn -0.7862 -0.1268 0.6048
vn -0.7743 0.1439 0.6162
vn -0.7810 0.2046 0.5900
vn -0.8169 0.0407 0.5753
vn -0.8158 -0.0604 0.5752
vn -0.8077 -0.0449 0.5879
vn -0.8160 -0.1429 0.5601
vn -0.8056 0.2183 0.5508
vn -0.8340 0.3040 0.4605
vn -0.8190 0.4488 0.3576
vn -0.8199 0.4421 0.3637
vn -0.7868 0.5661 0.2458
vn -0.7306 0.6728 -0.1162
vn -0.7563 0.5896 -0.2835
vn -0.7509 0.5781 -0.3193
vn -0.7692 0.5351 -0.3493
vn -0.8613 -0.0530 -0.5052
vn -0.8534 -0.1097 -0.5096
vn -0.8750 -0.1668 -0.4545
vn -0.7774 0.1261 -0.6162
vn -0.7128 0.4207 -0.5612
vn -0.8285 -0.2233 -0.5136
vn -0.7993 0.2718 -0.5359
vn -0.8042 0.1677 -0.5701
vn 0.6832 -0.3961 0.6135
vn 0.6520 0.0656 -0.7554
vn 0.6677 0.1706 -0.7247
vn 0.6551 -0.3640 -0.6621
vn -0.7736 -0.0916 0.6271
vn -0.7756 -0.0476 0.6295
vn -0.7796 -0.0418 0.6248
vn -0.7711 0.0160 0.6366
vn -0.7685 0.0948 0.6328
vn -0.7900 0.1953 0.5812
vn 0.6582 -0.6609 -0.3605
vn 0.6543 -0.6628 -0.3641
vn -0.8148 0.3893 0.4296
vn -0.7994 0.4294 0.4202
vn 0.6308 -0.7364 -0.2444
vn 0.5997 -0.7913 -0.1191
vn -0.7364 0.6756 0.0349
vn 0.5698 -0.8201 0.0524
vn 0.5762 -0.8049 0.1419
vn -0.7523 0.4795 -0.4518
vn -0.7861 0.1605 -0.5969
vn -0.8194 -0.1498 -0.5534
vn -0.7903 0.3232 -0.5205
vn -0.8166 -0.2322 -0.5284
vn -0.7897 0.3181 -0.5245
vn -0.7732 -0.1765 -0.6090
vn -0.7482 -0.1967 -0.6337
vn -0.7795 0.2611 -0.5694
vn -0.7748 -0.1576 -0.6122
vn -0.7467 -0.1390 -0.6505
vn -0.7562 -0.0862 -0.6486
vn -0.7536 -0.0897 -0.6511
vn -0.7663 0.0324 -0.6416
vn 0.6415 -0.1881 -0.7437
vn 0.6386 -0.2597 -0.7244
vn 0.6464 0.1481 -0.7484
vn 0.6101 0.4602 -0.6450
vn 0.6266 -0.4677 -0.6234
vn -0.5103 0.7442 0.4310
vn 0.6625 -0.5526 -0.5056
vn 0.6335 -0.6398 -0.4351
vn -0.7805 0.3106 0.5425
vn -0.7775 0.3011 0.5521
vn 0.6314 -0.7280 -0.2673
vn 0.5848 -0.7840 -0.2083
vn -0.7078 0.6683 0.2289
vn -0.7071 0.6689 0.2293
vn 0.5883 -0.8020 -0.1037
vn 0.5879 -0.8026 -0.1009
vn -0.7348 0.6715 0.0958
vn 0.5694 -0.8219 -0.0167
vn 0.5492 -0.8333 0.0634
vn 0.5474 -0.8264 0.1318
vn 0.5775 -0.7789 0.2446
vn -0.7203 0.5469 -0.4268
vn 0.6191 -0.7038 0.3485
vn 0.6212 -0.7016 0.3492
vn -0.8078 0.0227 -0.5890
vn -0.8021 -0.0929 -0.5900
vn -0.8031 -0.1744 -0.5697
vn -0.3243 0.8293 -0.4550
vn -0.7845 -0.2531 -0.5662
vn -0.7821 0.2664 -0.5633
vn -0.7462 0.0644 -0.6627
vn 0.6209 0.0693 -0.7808
vn 0.6306 0.1517 -0.7612
vn 0.6131 -0.3942 -0.6846
vn 0.6303 -0.4657 -0.6211
vn -0.6946 0.4169 0.5863
vn -0.6927 0.3876 0.6082
vn -0.7705 0.1935 0.6074
vn -0.7977 -0.1208 0.5909
vn 0.6153 -0.6514 -0.4439
vn -0.7590 0.3717 0.5345
vn -0.7310 0.5837 0.3535
vn 0.5424 -0.8396 -0.0310
vn -0.6403 0.7672 0.0390
vn -0.6870 0.7087 -0.1605
vn -0.6908 0.6297 -0.3553
vn -0.7296 0.5375 -0.4228
vn 0.6083 -0.6694 0.4265
vn -0.8003 -0.0903 -0.5927
vn -0.6111 0.4754 -0.6329
vn -0.6665 0.4019 -0.6279
vn -0.5052 0.6798 -0.5317
vn -0.7722 -0.2085 -0.6002
vn -0.7677 0.3200 -0.5552
vn -0.7359 0.2512 -0.6287
vn -0.7433 0.1330 -0.6555
vn -0.7277 0.1492 -0.6695
vn 0.6090 0.0565 -0.7911
vn 0.6182 0.0070 -0.7860
vn 0.6186 -0.0426 -0.7846
vn 0.6227 -0.0785 -0.7785
vn 0.6121 0.1116 -0.7829
vn 0.6110 -0.1843 -0.7699
vn 0.6049 -0.4404 -0.6634
vn -0.5148 0.7164 0.4709
vn -0.7337 -0.1344 0.6661
vn -0.7365 0.2039 0.6450
vn -0.7433 0.0398 0.6678
vn -0.7326 -0.0764 0.6763
vn -0.7507 0.2104 0.6263
vn -0.7425 0.3909 0.5440
vn 0.5577 -0.7817 -0.2790
vn 0.4450 -0.8952 -0.0236
vn 0.4191 -0.9068 0.0460
vn 0.4223 -0.9051 0.0491
vn 0.5152 -0.8454 0.1412
vn -0.6694 0.6730 -0.3147
vn -0.6774 0.5674 -0.4683
vn -0.6898 0.4979 -0.5257
vn -0.7359 0.1232 -0.6658
vn -0.7129 0.1450 -0.6861
vn -0.7322 0.4134 -0.5413
vn -0.7606 -0.2294 -0.6073
vn -0.7350 -0.2341 -0.6364
vn -0.6967 -0.1868 -0.6926
vn -0.7044 -0.1547 -0.6928
vn -0.7090 -0.0942 -0.6989
vn 0.6051 -0.1669 -0.7784
vn -0.7186 0.0214 0.6951
vn 0.5653 -0.5827 -0.5839
vn -0.7093 -0.0449 0.7035
vn -0.7431 -0.1051 0.6608
vn -0.7290 0.3007 0.6149
vn -0.7222 0.4434 0.5308
vn 0.6013 -0.7161 -0.3544
vn -0.7129 0.5717 0.4061
vn 0.4270 -0.9041 -0.0135
vn 0.5404 -0.8041 0.2478
vn 0.5152 -0.8048 0.2946
vn 0.5548 -0.7458 0.3688
vn -0.7523 0.0298 -0.6582
vn -0.7439 0.0433 -0.6669
vn -0.7410 -0.1123 -0.6620
vn -0.7514 -0.1331 -0.6463
vn -0.7412 -0.1676 -0.6500
vn -0.7186 0.4034 -0.5664
vn -0.7287 0.3644 -0.5798
vn -0.6970 -0.2438 -0.6744
vn -0.7073 0.2707 -0.6531
vn -0.6932 -0.1650 -0.7016
vn -0.6802 -0.0663 -0.7300
vn -0.6847 0.0452 -0.7275
vn -0.6443 0.0998 -0.7582
vn -0.6501 0.1131 -0.7514
vn 0.5893 -0.0181 -0.8077
vn 0.6013 0.1153 -0.7907
vn 0.5803 -0.2169 -0.7850
vn 0.5723 -0.2743 -0.7728
vn -0.6571 0.4360 0.6149
vn -0.7232 0.1549 0.6731
vn -0.7063 0.1389 0.6941
vn -0.7170 0.1999 0.6678
vn -0.7380 0.0297 0.6741
vn -0.7080 0.4599 0.5359
vn 0.5759 -0.7325 -0.3630
vn 0.5337 -0.7763 -0.3354
vn -0.6846 0.5922 0.4249
vn 0.5279 -0.8208 -0.2182
vn 0.4374 -0.8924 -0.1111
vn 0.4186 -0.9039 -0.0880
vn 0.4008 -0.9101 0.1054
vn 0.4015 -0.9097 0.1062
vn 0.5294 -0.7476 0.4010
vn 0.5527 -0.7034 0.4470
vn -0.6636 0.1237 -0.7378
vn -0.5943 0.4221 -0.6845
vn -0.6636 -0.2344 -0.7104
vn -0.6544 0.2249 -0.7220
vn -0.6689 -0.0709 -0.7399
vn 0.5564 0.0960 -0.8253
vn 0.5676 0.0549 -0.8215
vn 0.5896 -0.0175 -0.8075
vn 0.6038 0.1623 -0.7805
vn 0.6038 0.1451 -0.7838
vn 0.6063 0.1732 -0.7762
vn 0.5514 -0.3803 -0.7425
vn -0.6803 0.0134 0.7328
vn -0.7023 0.3539 0.6177
vn -0.6381 0.6613 0.3944
vn 0.5256 -0.8136 -0.2486
vn 0.4348 -0.8864 -0.1592
vn 0.5092 -0.8336 0.2141
vn -0.6096 0.5777 -0.5427
vn -0.6720 0.0438 -0.7393
vn -0.6893 0.0117 -0.7243
vn -0.6700 0.1113 -0.7340
vn -0.6785 -0.1510 -0.7189
vn -0.5899 0.3415 -0.7317
vn -0.7008 -0.2039 -0.6836
vn -0.4371 0.6724 -0.5974
vn -0.5230 0.5650 -0.6382
vn -0.6963 0.3508 -0.6262
vn -0.6494 -0.2369 -0.7226
vn -0.6640 -0.1660 -0.7290
vn 0.5576 -0.0255 -0.8297
vn 0.5858 0.1385 -0.7985
vn 0.5598 -0.2808 -0.7796
vn -0.6541 0.0120 0.7563
vn -0.6741 -0.1343 0.7264
vn -0.6668 -0.1043 0.7379
vn 0.5293 -0.6559 -0.5383
vn 0.5207 -0.7854 -0.3345
vn 0.4883 -0.8274 -0.2773
vn 0.3805 -0.9120 0.1533
vn -0.5565 0.7123 -0.4277
vn 0.5419 -0.7138 0.4437
vn -0.6096 0.5678 -0.5532
vn -0.6400 0.3920 -0.6609
vn -0.6488 0.2430 -0.7211
vn -0.6137 0.1967 -0.7646
vn -0.6275 -0.0463 -0.7773
vn 0.5459 -0.0762 -0.8344
vn 0.5465 -0.0755 -0.8340
vn 0.5468 -0.1631 -0.8212
vn -0.6557 -0.0450 0.7537
vn -0.6469 0.1446 0.7487
vn -0.6662 0.3350 0.6664
vn -0.6513 0.2945 0.6993
vn 0.5078 -0.7214 -0.4709
vn -0.6323 0.5755 0.5186
vn -0.5993 0.6831 0.4174
vn 0.4970 -0.8055 -0.3228
vn -0.5650 0.7613 0.3180
vn 0.3574 -0.9339 -0.0134
vn 0.3411 -0.9400 -0.0027
vn 0.3376 -0.9406 0.0355
vn 0.4065 -0.8965 0.1764
vn -0.5831 0.6549 -0.4807
vn 0.4998 -0.7636 0.4087
vn -0.5561 0.6448 -0.5244
vn -0.6166 0.5316 -0.5807
vn -0.6865 -0.1648 -0.7082
vn -0.6357 0.4811 -0.6037
vn -0.6801 -0.2185 -0.6998
vn -0.6587 -0.2314 -0.7159
vn -0.5921 0.2531 -0.7651
vn -0.6317 -0.2267 -0.7413
vn -0.6402 -0.1908 -0.7441
vn -0.6510 -0.1312 -0.7476
vn 0.5239 -0.0080 -0.8517
vn 0.5238 -0.1971 -0.8287
vn 0.5521 0.2101 -0.8069
vn 0.5146 0.4014 -0.7577
vn 0.5257 -0.5471 -0.6514
vn 0.5208 -0.5274 -0.6713
vn -0.6521 0.3986 0.6449
vn -0.6424 0.4537 0.6177
vn 0.3958 -0.9040 -0.1618
vn 0.3512 -0.9337 -0.0701
vn 0.3420 -0.9367 -0.0743
vn 0.2967 -0.9533 0.0567
vn 0.3112 -0.9468 0.0816
vn 0.4805 -0.8237 0.3010
vn 0.4914 -0.7318 0.4723
vn -0.4230 0.6057 -0.6740
vn -0.6406 -0.1881 -0.7444
vn -0.6131 0.4558 -0.6453
vn -0.5863 0.3650 -0.7232
vn -0.5872 0.1982 -0.7848
vn 0.5074 0.1080 -0.8549
vn 0.5060 0.1537 -0.8487
vn 0.5125 -0.2491 -0.8218
vn 0.5275 -0.3106 -0.7908
vn 0.5101 -0.4469 -0.7349
vn 0.5119 -0.4559 -0.7281
vn 0.5060 -0.5760 -0.6420
vn -0.6201 0.2347 0.7486
vn 0.5100 -0.6627 -0.5483
vn -0.6406 0.4393 0.6298
vn 0.4949 -0.7302 -0.4711
vn 0.4475 -0.7890 -0.4210
vn -0.5769 0.7076 0.4081
vn 0.3396 -0.9319 -0.1277
vn 0.2447 -0.9696 0.0034
vn 0.3400 -0.9284 0.1496
vn -0.4993 0.8085 -0.3114
vn 0.3793 -0.8977 0.2242
vn -0.5417 0.6499 -0.5332
vn -0.5614 0.3204 -0.7630
vn -0.5822 0.4650 -0.6670
vn -0.5590 0.2357 -0.7950
vn 0.5153 -0.5401 0.6654
vn -0.6159 -0.1824 -0.7664
vn -0.6145 -0.1083 -0.7815
vn -0.6002 0.0983 -0.7938
vn 0.5181 -0.5134 0.6841
vn 0.4961 0.0357 -0.8675
vn 0.4962 0.0344 -0.8675
vn 0.4935 -0.0756 -0.8664
vn 0.4825 0.1418 -0.8644
vn 0.5105 -0.2032 -0.8355
vn 0.5185 0.1569 -0.8406
vn 0.5270 0.3802 -0.7601
vn -0.3643 0.7732 0.5190
vn 0.5104 -0.5714 -0.6426
vn -0.6336 -0.1325 0.7622
vn -0.6020 0.1497 0.7843
vn 0.4932 -0.6151 -0.6151
vn 0.3752 -0.8995 -0.2237
vn 0.3754 -0.9005 -0.2195
vn 0.3187 -0.9392 -0.1278
vn 0.2365 -0.9705 0.0461
vn 0.2767 -0.9547 0.1094
vn 0.4534 -0.8114 0.3688
vn -0.4896 0.7215 -0.4896
vn 0.4654 -0.7561 0.4602
vn -0.5645 0.5637 -0.6030
vn -0.6128 0.1202 -0.7810
vn -0.6163 0.0099 -0.7875
vn -0.6057 0.0223 -0.7954
vn -0.5595 0.4409 -0.7019
vn -0.5807 0.3686 -0.7259
vn -0.5626 0.2421 -0.7905
vn -0.6088 0.0120 -0.7932
vn -0.6009 0.1002 -0.7930
vn 0.4759 0.1422 -0.8679
vn 0.4899 -0.2822 -0.8248
vn 0.5198 0.1679 -0.8377
vn 0.5071 -0.3755 -0.7758
vn 0.4455 -0.7907 -0.4200
vn 0.4454 -0.8273 -0.3425
vn 0.2647 -0.9577 -0.1132
vn 0.2409 -0.9688 -0.0581
vn 0.2431 -0.9683 -0.0571
vn 0.2209 -0.9753 -0.0074
vn 0.2027 -0.9779 0.0510
vn 0.3408 -0.9155 0.2138
vn -0.4912 0.7032 -0.5139
vn -0.5316 0.6332 -0.5626
vn -0.5198 0.3636 -0.7731
vn -0.5792 0.0783 -0.8114
vn -0.6448 -0.1764 -0.7437
vn -0.5779 -0.2324 -0.7823
vn -0.6060 -0.2252 -0.7630
vn -0.6197 -0.1045 -0.7779
vn -0.5831 0.1702 -0.7944
vn 0.5610 -0.1938 0.8048
vn 0.4717 0.0793 -0.8782
vn 0.4730 0.0594 -0.8791
vn 0.4800 -0.1989 -0.8544
vn 0.4720 -0.2813 -0.8355
vn 0.5072 0.1515 -0.8484
vn 0.4994 -0.4370 -0.7480
vn 0.4627 -0.7082 -0.5333
vn 0.4665 -0.6991 -0.5419
vn -0.5520 0.6612 0.5081
vn 0.0905 -0.9959 0.0040
vn 0.4562 -0.8101 0.3683
vn 0.4405 -0.7835 0.4384
vn 0.4669 -0.7554 0.4598
vn -0.5454 0.6064 -0.5787
vn 0.4754 -0.7106 0.5188
vn -0.5405 0.5444 -0.6415
vn 0.4670 -0.6987 0.5419
vn -0.5516 0.1070 -0.8272
vn -0.5499 0.2941 -0.7818
vn -0.6146 -0.2394 -0.7517
vn 0.4862 -0.5808 0.6529
vn -0.5846 -0.2036 -0.7853
vn 0.4641 -0.0205 -0.8855
vn 0.4637 -0.0207 -0.8857
vn 0.4388 0.1125 -0.8915
vn 0.4411 0.1587 -0.8833
vn -0.2790 0.7406 0.6113
vn 0.4767 -0.5190 -0.7095
vn -0.5952 0.0168 0.8034
vn -0.6106 -0.1453 0.7785
vn -0.5508 0.1944 0.8117
vn 0.3677 -0.8855 -0.2842
vn 0.3505 -0.9044 -0.2433
vn 0.2577 -0.9594 -0.1144
vn 0.0806 -0.9967 0.0026
vn 0.1481 -0.9881 0.0412
vn 0.2017 -0.9760 0.0822
vn 0.3463 -0.9138 0.2121
vn -0.4126 0.8042 -0.4279
vn 0.3598 -0.8817 0.3052
vn -0.4717 0.7064 -0.5278
vn 0.4416 -0.7550 0.4847
vn -0.5648 -0.0234 -0.8249
vn -0.3638 0.6072 -0.7064
vn -0.4988 0.3076 -0.8103
vn 0.0110 0.9898 -0.1419
vn -0.5778 -0.2533 -0.7759
vn -0.4934 0.4824 -0.7238
vn -0.5723 0.2422 -0.7834
vn -0.5541 0.1788 -0.8130
vn -0.5668 -0.0907 -0.8189
vn 0.4624 -0.0143 -0.8865
vn 0.4794 -0.1946 -0.8558
vn 0.4624 -0.2233 -0.8581
vn 0.4599 0.1461 -0.8759
vn 0.4604 -0.2901 -0.8390
vn 0.4727 0.3451 -0.8108
vn -0.4522 0.8318 0.3220
vn 0.1238 -0.9916 -0.0378
vn 0.0792 -0.9969 -0.0009
vn 0.3065 -0.8614 -0.4051
vn -0.6534 -0.3037 -0.6934
vn -0.1235 -0.4736 -0.8720
vn -0.9065 0.3674 -0.2080
vn -0.7997 0.3234 -0.5059
vn 0.1278 -0.9909 0.0424
vn -0.3815 0.8367 -0.3929
vn -0.4767 0.5817 -0.6591
vn -0.5152 0.5515 -0.6560
vn -0.5821 -0.2369 -0.7779
vn -0.5844 -0.2313 -0.7778
vn -0.5381 0.2124 -0.8157
vn -0.5453 -0.1837 -0.8179
vn -0.5321 0.1445 -0.8342
vn -0.5770 -0.0838 -0.8124
vn -0.5859 -0.0046 -0.8104
vn -0.5549 0.1041 -0.8254
vn -0.5513 0.0990 -0.8284
vn 0.4131 0.1579 -0.8969
vn 0.4293 0.1268 -0.8942
vn 0.4587 0.2304 -0.8582
vn 0.4507 -0.3662 -0.8141
vn 0.4260 -0.6596 -0.6192
vn -0.5260 0.5763 0.6254
vn -0.4734 0.7607 0.4440
vn 0.3254 -0.9159 -0.2351
vn 0.2624 -0.9492 -0.1735
vn -0.5701 0.6474 0.5058
vn -0.8145 0.1753 0.5530
vn -0.9194 0.1831 0.3481
vn -0.9265 0.1023 0.3622
vn -0.3138 -0.9477 0.0583
vn -0.1692 -0.9008 -0.3998
vn 0.1576 -0.9820 0.1044
vn -0.9735 0.0404 0.2253
vn -0.9977 -0.0539 -0.0402
vn -0.9628 0.2085 0.1720
vn -0.3427 -0.9380 0.0526
vn -0.6466 -0.7623 0.0282
vn -0.7680 -0.6228 -0.1492
vn -0.8734 -0.4065 -0.2683
vn -0.9962 -0.0533 -0.0693
vn -0.9903 -0.1382 0.0108
vn -0.9897 0.1433 0.0059
vn -0.9625 0.2129 -0.1679
vn -0.2188 -0.9747 -0.0446
vn -0.8736 -0.4839 -0.0508
vn -0.9268 -0.1258 -0.3539
vn -0.9052 -0.0791 -0.4177
vn -0.9494 0.1651 -0.2671
vn -0.2364 -0.9709 -0.0378
vn -0.2900 -0.9543 -0.0724
vn 0.1544 -0.9855 0.0708
vn 0.3352 -0.9033 0.2678
vn 0.4181 -0.7927 0.4435
vn -0.4638 0.5863 -0.6642
vn 0.4223 -0.6584 0.6230
vn 0.4227 0.0459 -0.9051
vn 0.4323 -0.0066 -0.9017
vn 0.4430 0.1719 -0.8799
vn 0.3884 0.6835 -0.6180
vn 0.4320 -0.5377 -0.7240
vn 0.4334 -0.5357 -0.7247
vn 0.4329 -0.5937 -0.6783
vn 0.4360 -0.5898 -0.6797
vn 0.4237 -0.6593 -0.6211
vn 0.4000 -0.7565 -0.5173
vn 0.3843 -0.8084 -0.4458
vn 0.3913 -0.8114 -0.4342
vn 0.3121 -0.8884 -0.3366
vn 0.1543 -0.9860 -0.0634
vn 0.1241 -0.9918 -0.0294
vn -0.2097 -0.9688 0.1318
vn -0.3394 -0.9170 0.2094
vn -0.9393 -0.0044 0.3431
vn -0.9370 0.0241 0.3485
vn -0.3470 -0.9050 0.2461
vn -0.8931 -0.2855 0.3475
vn -0.3591 -0.8929 0.2716
vn -0.9521 0.0266 0.3045
vn -0.9799 -0.0539 0.1921
vn -0.2793 -0.9563 -0.0869
vn -0.2229 -0.9745 -0.0245
vn -0.9718 -0.2337 0.0316
vn -0.2806 -0.9454 0.1658
vn -0.2326 -0.9499 0.2086
vn -0.9673 -0.1999 -0.1562
vn -0.3212 -0.9017 -0.2896
vn -0.9653 -0.0615 -0.2538
vn -0.4626 -0.8856 -0.0412
vn -0.9564 -0.1826 -0.2280
vn -0.9789 -0.0130 -0.2038
vn -0.4654 -0.8842 -0.0406
vn -0.9823 0.1141 -0.1489
vn -0.9676 -0.1986 -0.1561
vn -0.4917 -0.7922 -0.3615
vn -0.9228 -0.1264 -0.3640
vn -0.4263 -0.9005 -0.0854
vn 0.2317 -0.9617 0.1467
vn 0.4228 -0.7620 0.4905
vn -0.4548 0.6691 -0.5879
vn 0.3868 -0.7135 0.5843
vn -0.4233 0.3110 -0.8509
vn -0.4259 0.3274 -0.8434
vn -0.4871 -0.2625 -0.8330
vn -0.5147 -0.2453 -0.8216
vn -0.5114 0.3105 -0.8012
vn -0.4935 0.2147 -0.8428
vn -0.4729 -0.1976 -0.8587
vn 0.4105 0.1179 -0.9042
vn 0.4350 -0.4673 -0.7697
vn -0.1712 0.8124 0.5575
vn -0.5994 -0.1538 0.7855
vn 0.3860 -0.7741 -0.5018
vn -0.9212 0.0142 0.3887
vn -0.9044 -0.0159 0.4264
vn -0.5233 -0.8469 0.0943
vn -0.8660 -0.4073 0.2902
vn 0.0164 -0.9999 0.0051
vn -0.1834 0.9830 0.0090
vn -0.6191 -0.7806 0.0858
vn -0.9801 -0.0376 -0.1950
vn -0.9351 -0.2611 -0.2398
vn -0.8715 -0.4559 -0.1807
vn -0.7862 -0.6032 -0.1345
vn -0.9661 -0.0424 -0.2547
vn -0.2837 -0.9534 -0.1022
vn 0.1236 -0.9897 0.0724
vn 0.2342 -0.9611 0.1464
vn 0.3408 -0.8689 0.3590
vn 0.4060 -0.7847 0.4683
vn -0.5110 0.0936 -0.8545
vn -0.4930 -0.0073 -0.8700
vn -0.3168 0.6673 -0.6741
vn -0.5161 -0.2665 -0.8140
vn 0.4071 -0.6365 0.6551
vn -0.4899 -0.2361 -0.8392
vn -0.4782 -0.0901 -0.8736
vn 0.3877 0.1040 -0.9159
vn 0.3910 0.0568 -0.9186
vn 0.3558 -0.0105 -0.9345
vn -0.1551 -0.4035 -0.9017
vn 0.1443 0.1791 -0.9732
vn 0.3109 0.0114 -0.9504
vn 0.3743 -0.6818 -0.6286
vn -0.4942 0.5467 0.6759
vn 0.2810 -0.9028 -0.3256
vn 0.2502 -0.9284 -0.2747
vn -0.3608 -0.8770 0.3173
vn -0.8170 0.0150 0.5764
vn -0.7848 -0.3510 0.5108
vn -0.3516 -0.9208 0.1690
vn -0.8953 0.0152 0.4452
vn -0.7448 -0.5180 0.4207
vn -0.3490 -0.9311 0.1057
vn -0.1065 -0.9943 0.0070
vn -0.9681 -0.0491 -0.2457
vn -0.9322 -0.0303 -0.3608
vn -0.8313 -0.4383 -0.3417
vn -0.8595 -0.3370 -0.3843
vn -0.7449 -0.6428 -0.1788
vn -0.9023 -0.0552 -0.4275
vn 0.2814 -0.9264 0.2503
vn 0.3915 -0.7549 0.5262
vn -0.4490 0.5743 -0.6845
vn -0.5022 -0.0226 -0.8645
vn -0.3002 0.6173 -0.7273
vn -0.4504 0.4852 -0.7495
vn -0.4627 -0.2229 -0.8580
vn -0.4629 -0.2042 -0.8626
vn -0.4787 0.1612 -0.8630
vn -0.4772 -0.0896 -0.8742
vn -0.4735 0.0991 -0.8752
vn -0.4670 0.1051 -0.8780
vn 0.3954 -0.0165 -0.9184
vn 0.3903 -0.0243 -0.9204
vn 0.3811 0.0715 -0.9217
vn 0.4000 0.1456 -0.9049
vn 0.4348 -0.2378 -0.8686
vn 0.4105 -0.2869 -0.8656
vn 0.4181 -0.2969 -0.8585
vn 0.3988 -0.3515 -0.8470
vn 0.4288 -0.4630 -0.7757
vn 0.1752 -0.9693 -0.1726
vn 0.1039 -0.9904 -0.0911
vn 0.0142 -0.9999 -0.0038
vn -0.8959 0.3308 0.2965
vn -0.6039 -0.7760 0.1818
vn -0.8324 0.0001 0.5541
vn -0.8331 -0.0039 0.5531
vn -0.7620 -0.2629 0.5918
vn -0.0246 -0.9993 0.0266
vn -0.0249 -0.9992 0.0310
vn -0.0259 -0.9991 0.0349
vn -0.2275 -0.9707 -0.0769
vn -0.2309 -0.9686 -0.0921
vn -0.8579 -0.0491 -0.5114
vn -0.7730 -0.4452 -0.4519
vn -0.1965 -0.9723 -0.1265
vn -0.8653 -0.0420 -0.4996
vn -0.1506 -0.9868 -0.0600
vn -0.3694 -0.8944 -0.2520
vn 0.1171 -0.9899 0.0798
vn 0.2989 -0.8856 0.3554
vn -0.4881 0.1145 -0.8652
vn -0.5035 -0.2866 -0.8151
vn -0.4436 0.4672 -0.7648
vn -0.4608 0.3872 -0.7986
vn -0.4630 0.1523 -0.8732
vn 0.3981 -0.4866 0.7777
vn 0.3676 0.0213 -0.9297
vn 0.7000 0.2357 -0.6741
vn 0.3369 -0.1282 -0.9328
vn 0.3972 0.1676 -0.9023
vn 0.3976 0.1212 -0.9095
vn 0.4081 0.2759 -0.8703
vn 0.4111 -0.4614 -0.7862
vn 0.3139 -0.8041 -0.5049
vn 0.2052 -0.9457 -0.2521
vn 0.1851 -0.9565 -0.2257
vn 0.1093 -0.9881 -0.1083
vn -0.3938 -0.8356 0.3830
vn -0.3715 -0.8749 0.3106
vn -0.3909 -0.7533 0.5289
vn -0.2817 -0.9506 0.1306
vn -0.2469 -0.9463 0.2086
vn -0.0403 -0.9992 -0.0059
vn -0.8342 -0.0536 -0.5489
vn -0.7988 -0.3245 -0.5066
vn -0.0335 -0.9994 -0.0033
vn 0.2716 -0.9252 0.2652
vn 0.3761 -0.7984 0.4702
vn -0.3911 0.2972 -0.8710
vn 0.3462 -0.0352 -0.9375
vn 0.3484 -0.1501 -0.9253
vn 0.3735 0.4656 -0.8023
vn 0.3792 -0.4167 -0.8262
vn 0.3311 -0.7323 -0.5951
vn 0.3365 -0.7093 -0.6194
vn 0.3237 -0.8244 -0.4643
vn 0.2435 -0.9037 -0.3523
vn -0.1718 -0.9791 0.1084
vn -0.3997 -0.8391 0.3689
vn -0.7266 0.1660 0.6667
vn -0.7231 -0.4525 0.5218
vn -0.7262 -0.4156 0.5476
vn -0.0346 -0.9994 -0.0036
vn -0.0782 -0.9962 0.0391
vn -0.2740 -0.9564 -0.1007
vn -0.3402 -0.9165 -0.2105
vn -0.7947 -0.0494 -0.6050
vn -0.8341 -0.0142 -0.5514
vn -0.1523 -0.9867 -0.0570
vn 0.1541 -0.9841 0.0880
vn 0.2697 -0.9020 0.3372
vn 0.3441 -0.7850 0.5152
vn 0.3665 -0.7623 0.5335
vn -0.4400 0.5131 -0.7370
vn -0.2587 0.6454 -0.7187
vn -0.3940 0.3573 -0.8468
vn -0.4595 0.2558 -0.8506
vn -0.4622 0.2399 -0.8537
vn -0.4411 -0.1005 -0.8918
vn -0.4240 0.0913 -0.9010
vn 0.3639 -0.2287 -0.9029
vn 0.3974 0.1560 -0.9043
vn 0.3886 0.1323 -0.9118
vn 0.3839 0.1910 -0.9034
vn 0.3748 -0.5624 -0.7370
vn 0.3042 -0.7734 -0.5561
vn 0.3048 -0.8021 -0.5136
vn -0.4109 0.6481 0.6412
vn -0.0286 -0.9976 0.0638
vn -0.4635 -0.8178 0.3410
vn -0.6850 0.1975 0.7012
vn -0.7710 -0.0143 0.6367
vn -0.6638 -0.5250 0.5327
vn -0.6475 -0.5023 -0.5731
vn -0.2829 -0.8967 -0.3404
vn -0.1531 -0.9807 -0.1218
vn -0.2074 -0.9578 -0.1990
vn -0.3790 0.6793 -0.6284
vn -0.4118 0.2274 -0.8825
vn -0.4149 0.0880 -0.9056
vn -0.4412 0.0499 -0.8960
vn -0.4607 0.2597 -0.8487
vn -0.4254 -0.1908 -0.8847
vn -0.4441 0.1625 -0.8811
vn -0.4241 -0.1230 -0.8972
vn 0.3264 -0.0274 -0.9448
vn 0.3502 0.1180 -0.9292
vn 0.3664 -0.2821 -0.8867
vn 0.3565 -0.6056 -0.7114
vn -0.3810 0.6638 0.6436
vn -0.5219 -0.6571 0.5439
vn -0.4462 -0.7672 0.4607
vn -0.7344 0.5311 0.4225
vn -0.7471 0.0919 0.6584
vn -0.7643 -0.0270 0.6443
vn -0.3917 -0.8405 -0.3742
vn -0.7078 -0.0536 -0.7044
vn -0.7079 -0.0535 -0.7043
vn -0.7378 -0.1499 -0.6581
vn 0.2464 -0.9072 0.3410
vn -0.4518 -0.0180 -0.8919
vn -0.4459 -0.0277 -0.8947
vn -0.4548 -0.2960 -0.8400
vn -0.4344 -0.2267 -0.8717
vn -0.4386 0.3656 -0.8210
vn 0.3262 -0.6064 0.7252
vn -0.4078 0.0141 -0.9130
vn 0.3262 0.0735 -0.9424
vn 0.3475 -0.2113 -0.9136
vn 0.3455 -0.3491 -0.8711
vn 0.3495 -0.5131 -0.7839
vn 0.3469 -0.5293 -0.7742
vn 0.3238 -0.6776 -0.6603
vn 0.2116 -0.9149 -0.3437
vn -0.2984 -0.8497 0.4348
vn -0.0958 -0.9874 0.1257
vn -0.0286 -0.9976 0.0637
vn 0.3340 -0.7185 0.6101
vn -0.3040 0.3961 -0.8664
vn -0.4718 -0.2615 -0.8420
vn -0.4432 -0.2485 -0.8613
vn -0.4451 0.2150 -0.8693
vn 0.3002 0.0295 -0.9534
vn 0.3553 0.1401 -0.9242
vn 0.3142 0.2037 -0.9272
vn -0.4209 -0.0239 0.9068
vn 0.3127 -0.7054 -0.6361
vn 0.1859 -0.9349 -0.3022
vn -0.7386 -0.2089 0.6409
vn -0.3679 -0.8722 0.3225
vn -0.3829 -0.8442 0.3750
vn -0.0296 -0.9977 0.0614
vn -0.0233 -0.9989 -0.0398
vn 0.0976 -0.9897 0.1051
vn 0.2119 -0.8972 0.3874
vn 0.2617 -0.8088 0.5267
vn 0.2740 -0.8104 0.5178
vn 0.2881 -0.7609 0.5814
vn 0.2974 -0.7650 0.5712
vn -0.3685 0.6124 -0.6994
vn -0.4055 0.1888 -0.8944
vn -0.3129 0.5245 -0.7919
vn -0.4408 -0.2856 -0.8510
vn -0.4054 0.4751 -0.7810
vn -0.4057 -0.2205 -0.8870
vn -0.3931 -0.2104 -0.8951
vn -0.4060 0.1073 -0.9075
vn -0.4181 0.1408 -0.8974
vn 0.3203 0.0948 -0.9425
vn 0.2991 0.0289 -0.9538
vn 0.3387 0.1450 -0.9296
vn 0.3464 -0.2971 -0.8898
vn 0.3380 0.1434 -0.9302
vn 0.2965 0.2208 -0.9292
vn 0.2983 0.7204 -0.6262
vn 0.3354 -0.4250 -0.8407
vn 0.3224 -0.4668 -0.8235
vn -0.4077 -0.8574 0.3140
vn -0.6963 -0.3038 0.6503
vn 0.0101 -0.9997 -0.0222
vn 0.0042 -1.0000 0.0038
vn -0.0131 -0.9996 0.0244
vn -0.2935 -0.9102 -0.2922
vn -0.4421 -0.7038 -0.5561
vn -0.6048 -0.1391 -0.7841
vn -0.6630 -0.0655 -0.7458
vn -0.6496 -0.2339 -0.7234
vn -0.1470 -0.9819 -0.1190
vn -0.3580 0.6046 -0.7116
vn -0.4052 0.4748 -0.7813
vn -0.3999 0.1020 -0.9109
vn 0.2749 0.0244 -0.9612
vn 0.2629 -0.0344 -0.9642
vn 0.3063 0.2176 -0.9268
vn 0.3192 -0.4031 -0.8577
vn 0.2949 -0.6253 -0.7225
vn 0.2426 -0.8366 -0.4912
vn 0.0964 -0.9774 -0.1880
vn 0.0509 -0.9916 -0.1190
vn -0.6868 -0.3060 0.6593
vn -0.4436 -0.7933 0.4169
vn -0.8106 0.0725 0.5812
vn -0.3897 -0.8447 0.3668
vn -0.1264 -0.9844 0.1224
vn -0.6521 -0.2456 -0.7172
vn 0.0968 -0.9912 0.0899
vn 0.1464 -0.9677 0.2052
vn -0.5272 0.0319 -0.8491
vn -0.4799 -0.0200 -0.8771
vn -0.5385 -0.2373 -0.8085
vn 0.3183 -0.1305 0.9389
vn 0.2498 -0.0570 -0.9666
vn 0.2590 -0.1561 -0.9532
vn 0.3401 0.1441 -0.9293
vn 0.3211 -0.3817 -0.8667
vn 0.2736 -0.6742 -0.6861
vn 0.1894 -0.9020 -0.3881
vn 0.1486 -0.9486 -0.2793
vn 0.0064 -0.9968 -0.0797
vn -0.0465 -0.9989 -0.0031
vn -0.6229 -0.1372 0.7702
vn -0.6959 -0.2576 0.6704
vn -0.0026 -1.0000 -0.0045
vn 0.0089 -0.9997 0.0207
vn -0.0497 -0.9987 -0.0118
vn -0.3935 -0.7618 -0.5146
vn -0.5898 -0.1396 -0.7954
vn -0.5063 -0.4032 -0.7623
vn 0.1780 -0.9375 0.2990
vn -0.5536 -0.1024 -0.8264
vn -0.4185 -0.1934 -0.8874
vn -0.4184 -0.2862 -0.8620
vn -0.3766 -0.2667 -0.8872
vn -0.3808 -0.2425 -0.8923
vn -0.4178 0.2215 -0.8811
vn -0.3706 -0.1131 -0.9219
vn -0.3894 -0.0919 -0.9165
vn -0.3762 0.0095 -0.9265
vn 0.2710 -0.1262 -0.9543
vn 0.2978 -0.2093 -0.9314
vn 0.2966 -0.2767 -0.9140
vn -0.3749 0.0056 0.9270
vn 0.2861 -0.5702 -0.7701
vn 0.2761 -0.6477 -0.7101
vn 0.2255 -0.8053 -0.5483
vn -0.3611 -0.8779 0.3145
vn -0.7179 0.0079 0.6961
vn -0.4080 -0.7987 0.4423
vn -0.0550 -0.9982 0.0242
vn -0.5061 -0.2008 -0.8388
vn -0.0812 -0.9947 -0.0630
vn -0.2830 0.6885 -0.6678
vn -0.1228 0.3969 -0.9096
vn -0.1718 0.1303 -0.9765
vn -0.2170 -0.0370 -0.9755
vn -0.2136 -0.0456 -0.9759
vn -0.3517 0.5445 -0.7615
vn -0.3638 0.4986 -0.7868
vn -0.4079 0.2657 -0.8735
vn -0.3503 -0.2028 -0.9144
vn -0.3887 0.1869 -0.9022
vn -0.3659 0.0383 -0.9299
vn 0.2685 -0.5671 -0.7786
vn -0.3563 0.0588 0.9325
vn 0.2400 -0.7110 -0.6610
vn 0.0987 -0.9751 -0.1986
vn -0.2141 -0.9049 0.3678
vn -0.1476 -0.9425 0.2997
vn -0.0024 -1.0000 0.0071
vn -0.0131 -0.9996 0.0240
vn 0.0374 0.9985 -0.0396
vn -0.0324 -0.9961 0.0821
vn -0.3657 -0.6900 -0.6246
vn -0.1514 -0.9699 -0.1905
vn 0.1459 -0.9685 0.2019
vn 0.1888 -0.9011 0.3903
vn 0.1868 -0.8717 0.4531
vn 0.2539 -0.7763 0.5769
vn -0.3380 0.5585 -0.7575
vn -0.1134 0.4172 -0.9017
vn -0.1649 0.0929 -0.9819
vn -0.3486 -0.0892 -0.9330
vn -0.3716 -0.2184 -0.9023
vn 0.2570 0.0077 -0.9664
vn 0.2690 0.0995 -0.9580
vn 0.2704 0.1295 -0.9540
vn 0.2741 0.1512 -0.9497
vn 0.2695 -0.2871 -0.9192
vn 0.2396 0.1880 -0.9525
vn 0.2625 0.3559 -0.8969
vn 0.1485 -0.9172 -0.3698
vn -0.1607 -0.9659 0.2032
vn 0.0031 -1.0000 -0.0020
vn -0.0216 -0.9997 0.0090
vn -0.3913 -0.6777 -0.6225
vn -0.5086 -0.4222 -0.7504
vn -0.4656 -0.6567 -0.5933
vn 0.1755 -0.9151 0.3631
vn -0.2622 -0.0925 -0.9606
vn -0.2995 -0.2721 -0.9145
vn -0.3884 0.2859 -0.8760
vn -0.3848 0.3176 -0.8666
vn -0.3654 -0.1808 -0.9131
vn 0.2550 0.0921 -0.9625
vn 0.2475 0.0617 -0.9669
vn 0.2585 0.1435 -0.9553
vn 0.2630 -0.3839 -0.8851
vn 0.2553 -0.3922 -0.8838
vn 0.2707 -0.4201 -0.8662
vn 0.2700 -0.4751 -0.8375
vn 0.2123 -0.7269 -0.6531
vn 0.2230 -0.7295 -0.6466
vn 0.1267 -0.9394 -0.3186
vn -0.1040 -0.9567 0.2718
vn -0.3097 -0.5286 -0.7903
vn -0.3642 -0.3090 -0.8785
vn -0.4841 -0.2043 -0.8508
vn -0.2290 -0.9085 -0.3496
vn 0.2444 -0.7645 0.5965
vn -0.3116 0.6204 -0.7197
vn -0.2498 -0.2347 -0.9394
vn -0.3026 -0.2823 -0.9104
vn -0.3033 -0.2248 -0.9260
vn -0.3674 0.2695 -0.8902
vn -0.3685 0.1868 -0.9107
vn -0.3261 0.0361 -0.9447
vn -0.3466 0.1138 -0.9311
vn 0.2274 -0.1882 -0.9554
vn 0.1876 0.2131 -0.9589
vn 0.2605 -0.4556 -0.8512
vn 0.2533 -0.5224 -0.8142
vn 0.2047 -0.7491 -0.6300
vn -0.3685 -0.5879 0.7202
vn -0.1099 -0.9314 0.3471
vn -0.0182 -0.9890 0.1465
vn 0.0128 -0.9988 0.0462
vn -0.3063 -0.7784 -0.5479
vn -0.0682 -0.9918 -0.1081
vn -0.0415 -0.9987 -0.0284
vn 0.2158 -0.8256 0.5213
vn -0.2885 -0.2781 -0.9162
vn -0.3385 0.4721 -0.8140
vn -0.3115 -0.2412 -0.9191
vn -0.3530 0.3735 -0.8578
vn -0.3305 0.0993 -0.9386
vn -0.3603 0.1816 -0.9150
vn -0.3023 -0.0609 -0.9513
vn -0.3226 0.0339 -0.9459
vn 0.2083 -0.1657 -0.9639
vn 0.2052 -0.2559 -0.9447
vn 0.2152 -0.6235 -0.7517
vn 0.2173 -0.6360 -0.7404
vn 0.0677 -0.9771 -0.2018
vn 0.0343 -0.9959 -0.0834
vn -0.1352 -0.9560 0.2603
vn -0.1327 -0.9910 0.0199
vn -0.2509 -0.6031 -0.7572
vn -0.1977 -0.7383 -0.6448
vn -0.0323 -0.9972 -0.0679
vn -0.2980 -0.1362 -0.9448
vn -0.2933 -0.0658 -0.9538
vn 0.1844 -0.0420 -0.9819
vn 0.1891 -0.2596 -0.9470
vn 0.1738 0.4619 -0.8697
vn -0.2977 0.1432 0.9439
vn 0.0795 -0.9595 -0.2701
vn -0.1313 -0.9684 0.2119
vn -0.0059 -1.0000 0.0066
vn -0.0574 -0.9958 0.0710
vn -0.0191 0.6680 -0.7439
vn -0.0866 0.3808 -0.9206
vn -0.1435 -0.0355 -0.9890
vn -0.1821 -0.2937 -0.9384
vn 0.1851 -0.0285 -0.9823
vn 0.1794 -0.1568 -0.9712
vn 0.1722 0.1489 -0.9737
vn 0.1539 0.1710 -0.9732
vn 0.1893 -0.3969 -0.8981
vn 0.1790 -0.6878 -0.7035
vn 0.1445 -0.8271 -0.5431
vn -0.3663 -0.1420 0.9196
vn -0.0547 -0.9971 0.0533
vn -0.0257 -0.9886 -0.1480
vn -0.2659 -0.2971 -0.9171
vn -0.2653 -0.5747 -0.7742
vn -0.0702 -0.9915 -0.1098
vn 0.1543 -0.8731 0.4625
vn 0.1628 -0.8395 0.5183
vn -0.1218 -0.0789 -0.9894
vn -0.1446 -0.1589 -0.9766
vn -0.1589 -0.1727 -0.9721
vn -0.2052 -0.2342 -0.9503
vn -0.2203 0.5692 -0.7922
vn -0.2310 0.5016 -0.8337
vn -0.2185 0.4901 -0.8438
vn -0.2709 -0.2398 -0.9323
vn -0.2188 0.4086 -0.8861
vn -0.2762 -0.2341 -0.9321
vn -0.3211 -0.2576 -0.9113
vn 0.1399 0.2079 -0.9681
vn 0.1784 -0.3875 -0.9045
vn 0.0262 -0.9910 -0.1311
vn -0.0672 -0.9837 0.1670
vn -0.0572 -0.9968 0.0561
vn -0.0322 -0.9933 0.1108
vn -0.0259 -0.9981 -0.0559
vn -0.0195 -0.9830 -0.1825
vn -0.2100 -0.8295 -0.5175
vn 0.1388 -0.7810 0.6089
vn -0.1609 -0.2682 -0.9498
vn 0.1482 -0.6963 0.7023
vn -0.2197 0.5683 -0.7930
vn 0.1370 -0.5827 0.8010
vn 0.0945 -0.5528 0.8279
vn -0.3072 -0.1292 -0.9428
vn -0.1991 -0.0114 -0.9799
vn -0.2228 0.0248 -0.9745
vn 0.1743 0.0972 -0.9799
vn 0.1760 0.0170 -0.9842
vn 0.1811 -0.0244 -0.9832
vn 0.1825 0.1036 -0.9777
vn 0.1737 0.1502 -0.9733
vn 0.1167 0.2247 -0.9674
vn 0.1709 -0.4634 -0.8695
vn 0.1696 -0.4647 -0.8691
vn 0.1747 -0.6116 -0.7716
vn 0.1437 -0.7340 -0.6638
vn 0.1370 -0.8038 -0.5789
vn 0.1358 -0.8092 -0.5717
vn 0.1097 -0.8961 -0.4300
vn -0.0504 -0.9836 0.1733
vn -0.0614 -0.9382 0.3405
vn -0.0619 -0.9958 0.0672
vn -0.1142 -0.9922 0.0506
vn -0.1138 -0.6109 -0.7835
vn -0.1103 -0.6024 -0.7905
vn -0.1579 -0.3518 -0.9227
vn 0.1293 -0.8870 0.4433
vn 0.1203 -0.8329 0.5402
vn 0.1443 -0.7787 0.6105
vn -0.1007 0.1237 -0.9872
vn 0.0873 0.6510 -0.7540
vn -0.1953 -0.2640 -0.9445
vn 0.0957 -0.5551 0.8263
vn -0.2090 0.2017 -0.9569
vn -0.1710 -0.0856 -0.9815
vn -0.1849 0.0556 -0.9812
vn -0.1872 0.0858 -0.9786
vn 0.1168 -0.5055 0.8549
vn 0.1662 0.0646 -0.9840
vn 0.1806 0.0486 -0.9824
vn 0.1766 0.0162 -0.9841
vn 0.1617 -0.0704 -0.9843
vn 0.1366 0.1830 -0.9736
vn 0.1739 -0.2747 -0.9457
vn 0.1513 0.4397 -0.8853
vn 0.1801 -0.5281 -0.8299
vn 0.1602 -0.5621 -0.8114
vn -0.1860 -0.0975 0.9777
vn -0.1452 -0.7256 0.6726
vn -0.0615 -0.9386 0.3396
vn -0.0184 -0.9894 0.1439
vn -0.0272 -0.9980 -0.0574
vn -0.1349 -0.3448 -0.9289
vn -0.1786 -0.4192 -0.8902
vn -0.0537 -0.9671 -0.2488
vn -0.0875 0.8235 -0.5605
vn -0.2017 0.6324 -0.7479
vn -0.0466 0.4661 -0.8835
vn -0.1848 -0.2946 -0.9376
vn -0.2008 -0.2652 -0.9430
vn -0.1877 0.2804 -0.9413
vn -0.1490 -0.2887 -0.9457
vn -0.3766 0.0752 -0.9233
vn -0.1718 0.1072 -0.9793
vn 0.1587 -0.1722 -0.9722
vn 0.1212 -0.6539 -0.7468
vn 0.1406 -0.7003 -0.6998
vn 0.1301 -0.7115 -0.6906
vn 0.0721 -0.9094 -0.4097
vn 0.0079 -0.9921 -0.1254
vn -0.0779 -0.9730 0.2173
vn -0.0592 -0.9975 0.0389
vn -0.1363 -0.5396 -0.8308
vn 0.0948 -0.8822 0.4612
vn -0.1010 0.1262 -0.9868
vn -0.0664 -0.0393 -0.9970
vn -0.1820 0.2626 -0.9476
vn -0.1682 -0.0144 -0.9856
vn -0.1492 0.0274 -0.9884
vn -0.1683 0.1458 -0.9749
vn 0.1129 -0.2891 -0.9506
vn 0.1156 -0.7741 -0.6225
vn -0.0171 -0.9985 0.0520
vn -0.0205 -0.9988 0.0449
vn -0.0819 -0.9945 -0.0650
vn -0.0840 -0.0907 -0.9923
vn -0.1289 -0.2594 -0.9571
vn -0.1336 -0.3095 -0.9415
vn -0.1566 0.3441 -0.9258
vn -0.1150 -0.0292 -0.9929
vn -0.1113 -0.0621 -0.9918
vn 0.1059 -0.0693 -0.9920
vn 0.0866 -0.1418 -0.9861
vn 0.1028 -0.3769 -0.9205
vn 0.1075 0.5204 -0.8471
vn 0.0819 -0.5731 -0.8154
vn 0.0453 -0.9586 -0.2812
vn 0.0149 -0.9728 -0.2311
vn 0.0043 -0.9916 -0.1294
vn -0.1655 -0.6896 0.7051
vn 0.0258 -0.9586 0.2837
vn 0.0151 -0.5938 -0.8045
vn 0.0252 -0.6178 -0.7859
vn -0.0066 -0.4419 -0.8970
vn -0.0661 -0.9648 -0.2544
vn -0.1139 0.7272 -0.6769
vn 0.1070 -0.7712 0.6276
vn -0.0853 -0.1980 -0.9765
vn -0.1085 -0.2620 -0.9590
vn -0.1583 0.3489 -0.9237
vn 0.1038 0.0917 -0.9904
vn 0.0910 0.0608 -0.9940
vn 0.0901 0.0351 -0.9953
vn 0.1061 0.0170 -0.9942
vn 0.1059 -0.0368 -0.9937
vn 0.1111 -0.0656 -0.9916
vn 0.1035 -0.1706 -0.9799
vn 0.0805 0.1842 -0.9796
vn 0.0884 -0.3858 -0.9183
vn 0.0591 0.2277 -0.9719
vn 0.0875 -0.4665 -0.8802
vn 0.1006 -0.4587 -0.8829
vn 0.0592 -0.6170 -0.7847
vn 0.0796 -0.6509 -0.7550
vn 0.0813 -0.7169 -0.6925
vn -0.0079 -0.8304 0.5571
vn 0.0477 -0.9964 0.0702
vn -0.0351 -0.9993 0.0126
vn -0.0547 -0.9981 0.0275
vn -0.0203 -0.9972 0.0714
vn 0.0153 -0.4922 -0.8704
vn -0.1476 -0.5617 -0.8141
vn -0.0537 -0.9944 -0.0912
vn -0.0082 0.6845 -0.7289
vn -0.0083 0.3557 -0.9346
vn 0.1141 -0.6993 0.7056
vn -0.1644 0.5627 -0.8101
vn -0.1809 0.4918 -0.8517
vn -0.1354 -0.2785 -0.9509
vn -0.0714 -0.0997 -0.9925
vn 0.0867 -0.2730 -0.9581
vn -0.8829 -0.0076 0.4695
vn -0.9207 0.1430 -0.3631
vn 0.0664 -0.5256 -0.8481
vn -0.2797 0.0758 -0.9571
vn 0.0486 -0.8868 -0.4595
vn 0.0477 -0.9368 -0.3466
vn -0.0630 -0.9759 0.2088
vn 0.0535 -0.9742 0.2195
vn -0.0410 -0.9971 0.0648
vn -0.0648 -0.6547 -0.7531
vn -0.0611 -0.7652 -0.6409
vn -0.0595 -0.9977 -0.0322
vn 0.0739 -0.8449 0.5298
vn -0.0931 0.7437 -0.6620
vn -0.0441 0.1829 -0.9821
vn -0.0344 0.1308 -0.9908
vn -0.0791 -0.2829 -0.9559
vn -0.1697 0.5696 -0.8043
vn -0.0936 -0.3067 -0.9472
vn -0.1569 0.4493 -0.8795
vn -0.0921 -0.2779 -0.9562
vn -0.1032 0.2395 -0.9654
vn -0.0931 0.1740 -0.9803
vn -0.0659 -0.0272 -0.9975
vn -0.1122 0.0313 -0.9932
vn 0.1606 -0.2619 0.9516
vn 0.0877 -0.0206 -0.9959
vn 0.0796 0.1008 -0.9917
vn 0.0849 -0.1859 -0.9789
vn 0.0557 0.2104 -0.9760
vn 0.0491 0.2360 -0.9705
vn -0.8911 -0.3334 0.3078
vn -0.8882 -0.3135 0.3357
vn -0.8825 0.4080 0.2341
vn -0.8692 0.2073 0.4490
vn 0.0557 -0.6944 -0.7174
vn 0.0619 -0.7449 -0.6643
vn 0.0780 -0.7734 -0.6291
vn 0.0417 -0.8125 -0.5815
vn 0.0583 -0.8330 -0.5501
vn -0.0159 -0.9947 -0.1014
vn -0.1586 -0.7007 0.6956
vn -0.0183 -0.9971 0.0734
vn 0.0270 -0.9996 -0.0062
vn 0.0150 -0.9991 -0.0409
vn 0.0223 -0.9708 -0.2387
vn 0.0512 -0.8546 -0.5167
vn -0.0630 -0.9977 -0.0247
vn 0.0296 0.4882 -0.8722
vn -0.0781 -0.1882 -0.9790
vn -0.1048 -0.3118 -0.9444
vn -0.1211 0.3291 -0.9365
vn -0.0424 -0.2367 -0.9707
vn -0.0758 0.1596 -0.9843
vn -0.0760 0.0913 -0.9929
vn -0.0791 0.0893 -0.9929
vn 0.0754 0.0757 -0.9943
vn 0.0871 0.1546 -0.9841
vn 0.0713 0.1117 -0.9912
vn 0.0699 0.1714 -0.9827
vn -0.7661 -0.5780 0.2810
vn -0.4148 -0.0469 0.9087
vn -0.1401 -0.9149 0.3785
vn 0.0119 -0.9971 0.0749
vn -0.0354 -0.9985 0.0423
vn 0.0691 -0.8420 0.5350
vn 0.0766 -0.7927 0.6047
vn -0.0729 -0.0256 -0.9970
vn -0.0965 -0.2992 -0.9493
vn 0.1027 -0.6903 0.7162
vn -0.0436 -0.2095 -0.9768
vn -0.0261 -0.1336 -0.9907
vn 0.0403 -0.1859 -0.9818
vn 0.0430 -0.2749 -0.9605
vn 0.0475 -0.4615 -0.8858
vn 0.0319 -0.9886 -0.1474
vn -0.0821 -0.9849 -0.1523
vn 0.0658 -0.0222 -0.9976
vn 0.0407 -0.0695 -0.9967
vn 0.0397 -0.1437 -0.9888
vn 0.0385 -0.1426 -0.9890
vn 0.0417 -0.1873 -0.9814
vn 0.0263 -0.2647 -0.9640
vn 0.0329 -0.3836 -0.9229
vn 0.0437 -0.3787 -0.9245
vn 0.0172 -0.4255 -0.9048
vn 0.0127 -0.5001 -0.8659
vn -0.0259 -0.7858 -0.6179
vn -0.0078 -0.8064 -0.5913
vn -0.0143 -0.9402 -0.3402
vn -0.1853 -0.6425 0.7435
vn 0.0111 -0.9986 0.0525
vn -0.0021 -0.2160 -0.9764
vn -0.0301 0.6665 -0.7449
vn -0.0228 -0.3180 -0.9478
vn -0.0238 -0.3172 -0.9481
vn -0.0338 0.5852 -0.8102
vn -0.0265 0.4457 -0.8948
vn -0.0313 0.4396 -0.8977
vn 0.0022 -0.0317 -0.9995
vn -0.0164 -0.0462 -0.9988
vn 0.0301 0.0120 -0.9995
vn 0.0273 -0.0604 -0.9978
vn -0.0227 0.1730 -0.9847
vn -0.0333 0.1796 -0.9832
vn -0.0373 0.2147 -0.9760
vn -0.0320 0.2431 -0.9695
vn 0.0091 0.6397 -0.7686
vn 0.0355 0.5238 -0.8511
vn -0.0228 -0.6280 -0.7779
vn -0.0099 -0.7447 -0.6673
vn -0.0113 -0.9666 -0.2560
vn -0.0503 -0.9324 0.3578
vn -0.0200 -0.9436 0.3306
vn -0.0025 -0.9860 0.1669
vn 0.0381 -0.9891 0.1421
vn 0.0266 -0.9948 0.0988
vn -0.0395 -0.8887 0.4567
vn 0.0486 0.1932 -0.9800
vn -0.0050 -0.1080 -0.9941
vn -0.0014 -0.1181 -0.9930
vn -0.0222 0.5945 -0.8038
vn -0.0169 0.3416 -0.9397
vn -0.0158 -0.2257 -0.9741
vn -0.0013 -0.2385 -0.9711
vn 0.0116 0.0862 -0.9962
vn -0.0235 0.0749 -0.9969
vn -0.0328 0.2179 -0.9754
vn -0.0202 -0.6970 -0.7168
vn -0.0334 -0.7142 -0.6991
vn -0.0167 -0.9991 0.0379
vn 0.0146 -0.9993 0.0351
vn 0.0372 -0.9993 0.0037
vn 0.0180 -0.7957 -0.6054
vn -0.0448 -0.9267 -0.3730
vn -0.0200 -0.9930 -0.1163
vn -0.0733 -0.9972 -0.0158
vn -0.0299 -0.7850 0.6188
vn 0.0084 0.0405 -0.9991
vn 0.0188 0.0039 -0.9998
vn -0.0245 -0.2867 -0.9577
vn -0.0304 -0.6958 0.7176
vn -0.0486 -0.5941 0.8030
vn -0.0065 -0.2750 -0.9614
vn -0.0116 -0.2780 -0.9605
vn -0.0151 0.0812 -0.9966
vn -0.0173 0.0209 -0.9996
vn -0.0200 -0.0605 -0.9980
vn -0.0233 0.1167 -0.9929
vn -0.0389 -0.2732 -0.9612
vn -0.0168 0.2294 -0.9732
vn -0.0470 -0.4300 -0.9016
vn -0.0657 -0.4691 -0.8807
vn -0.0258 -0.5064 -0.8619
vn -0.0529 -0.5857 -0.8088
vn -0.0407 -0.6615 -0.7489
vn -0.0531 -0.9952 0.0827
vn 0.0449 -0.9865 -0.1574
vn 0.1072 -0.5768 -0.8098
vn 0.0947 -0.5327 -0.8410
vn 0.0192 -0.5826 -0.8126
vn 0.0693 -0.8420 0.5351
vn 0.0358 0.4990 -0.8659
vn -0.0410 -0.7047 0.7084
vn 0.0022 0.5971 -0.8022
vn -0.0356 -0.5610 0.8271
vn -0.0385 -0.3060 0.9512
vn 0.0036 0.1602 -0.9871
vn -0.3527 -0.6831 -0.6396
vn 0.0250 0.0548 -0.9982
vn 0.0209 0.1091 -0.9938
vn -0.0479 -0.0842 -0.9953
vn -0.0341 0.1258 -0.9915
vn -0.0454 -0.1453 -0.9883
vn -0.0446 -0.1468 -0.9882
vn -0.0620 -0.3049 -0.9504
vn -0.0585 -0.3738 -0.9256
vn 0.0353 0.8099 -0.5855
vn -0.0003 -0.8628 0.5055
vn -0.0019 -0.9862 0.1658
vn 0.0061 -0.9986 0.0533
vn -0.0004 -0.9998 0.0186
vn 0.1664 -0.6869 -0.7074
vn -0.0822 -0.9179 0.3883
vn -0.0300 -0.8583 0.5123
vn 0.0055 0.3251 -0.9457
vn 0.0133 -0.1287 -0.9916
vn -0.0405 0.0081 -0.9991
vn -0.0482 -0.0241 -0.9985
vn -0.0473 -0.1746 -0.9835
vn -0.0354 -0.9086 -0.4162
vn -0.0341 -0.9228 -0.3838
vn -0.0006 -0.9997 0.0252
vn 0.0628 -0.7473 -0.6615
vn 0.0964 0.6685 -0.7374
vn 0.0849 0.7471 -0.6593
vn 0.1029 0.3878 -0.9160
vn 0.0263 -0.1839 -0.9826
vn 0.0255 -0.3103 -0.9503
vn 0.0283 -0.1632 -0.9862
vn -0.0714 -0.3936 -0.9165
vn -0.0491 -0.8935 -0.4463
vn -0.0603 -0.9857 -0.1575
vn 0.0592 -0.7763 0.6276
vn 0.0056 -0.9938 0.1111
vn 0.1798 -0.7672 -0.6157
vn -0.0342 -0.9942 -0.1015
vn -0.0425 -0.9990 0.0096
vn -0.0993 -0.9788 0.1791
vn 0.0410 -0.2994 -0.9532
vn 0.0498 -0.3282 -0.9433
vn 0.0487 0.3490 -0.9359
vn 0.0199 0.2146 -0.9765
vn 0.0250 -0.1377 -0.9902
vn -0.0367 -0.6772 0.7348
vn 0.0574 -0.0307 -0.9979
vn -0.0580 -0.8532 -0.5184
vn 0.0462 -0.9988 0.0152
vn 0.0548 0.5641 -0.8239
vn 0.0664 0.4442 -0.8935
vn 0.0574 0.4581 -0.8870
vn -0.0861 0.0310 -0.9958
vn -0.0823 -0.0671 -0.9943
vn -0.1131 0.1236 -0.9859
vn -0.0663 -0.2030 -0.9769
vn -0.0654 -0.2374 -0.9692
vn -0.1432 0.1810 -0.9730
vn -0.1538 0.2206 -0.9632
vn 0.1632 -0.3663 0.9161
vn -0.0895 0.4988 -0.8621
vn -0.1115 -0.4640 -0.8788
vn -0.0902 -0.5891 -0.8030
vn -0.1281 -0.6258 -0.7694
vn -0.1088 -0.6607 -0.7427
vn -0.1013 -0.7138 -0.6930
vn -0.0795 -0.7844 -0.6151
vn -0.0979 -0.8125 -0.5747
vn -0.0506 -0.9953 0.0822
vn -0.0224 -0.9305 0.3657
vn 0.1808 -0.8698 0.4592
vn 0.0232 -0.9949 0.0983
vn 0.0600 -0.9982 -0.0025
vn 0.0597 -0.9961 -0.0652
vn 0.2271 -0.5940 -0.7717
vn -0.0491 -0.8518 0.5216
vn -0.0495 -0.7984 0.6001
vn 0.1071 0.3970 -0.9116
vn 0.1180 0.0381 -0.9923
vn 0.1026 0.0071 -0.9947
vn 0.0743 -0.1032 -0.9919
vn 0.0587 -0.2830 -0.9573
vn 0.0621 0.3425 -0.9375
vn 0.0519 -0.2279 -0.9723
vn 0.0129 0.2141 -0.9767
vn 0.0722 0.2554 -0.9641
vn 0.0679 0.1616 -0.9845
vn 0.0651 -0.0147 -0.9978
vn 0.0634 0.0301 -0.9975
vn -0.1044 0.0681 -0.9922
vn -0.0788 -0.0405 -0.9961
vn -0.1184 0.1188 -0.9858
vn -0.1542 0.1669 -0.9738
vn -0.0967 -0.2778 -0.9557
vn -0.1717 0.2016 -0.9643
vn -0.1593 0.2189 -0.9626
vn -0.1210 -0.4167 -0.9009
vn -0.1374 0.2303 -0.9634
vn -0.0196 0.7602 -0.6495
vn -0.0948 0.5689 -0.8169
vn -0.1238 -0.4713 -0.8732
vn -0.1212 -0.6816 -0.7216
vn -0.1131 -0.7311 -0.6729
vn -0.0618 -0.9821 -0.1778
vn 0.1234 -0.7601 -0.6380
vn 0.0728 -0.9440 -0.3219
vn 0.0093 -0.9973 -0.0724
vn -0.0545 -0.9266 0.3721
vn -0.0662 -0.7900 0.6095
vn 0.0745 -0.2287 -0.9706
vn 0.0979 0.6012 -0.7931
vn 0.0714 -0.3025 -0.9505
vn 0.0740 -0.2683 -0.9605
vn 0.0654 -0.2113 -0.9752
vn 0.0404 0.1066 -0.9935
vn -0.0392 -0.1255 0.9913
vn 0.1720 -0.7899 0.5886
vn 0.0486 -0.9947 0.0901
vn 0.0264 -0.9983 0.0514
vn 0.2781 -0.8147 -0.5089
vn 0.2247 -0.6752 -0.7026
vn -0.0158 -0.9998 -0.0113
vn 0.1011 -0.1438 -0.9844
vn 0.0885 0.7384 -0.6685
vn -0.0688 -0.7041 0.7067
vn -0.1559 -0.8023 -0.5762
vn -0.1047 -0.9415 -0.3203
vn 0.2001 -0.8631 0.4637
vn 0.0654 -0.9932 0.0959
vn 0.0470 -0.9988 0.0126
vn 0.0464 -0.9989 -0.0071
vn 0.0415 -0.9589 -0.2808
vn -0.1098 -0.9311 0.3478
vn 0.1207 -0.1995 -0.9724
vn 0.1218 -0.3067 -0.9440
vn -0.0822 -0.6962 0.7131
vn 0.1382 0.3432 -0.9290
vn 0.0665 -0.0960 -0.9932
vn -0.1529 -0.0294 -0.9878
vn -0.1604 0.1174 -0.9800
vn -0.1495 -0.0746 -0.9859
vn -0.1540 -0.1478 -0.9769
vn -0.1825 0.1643 -0.9694
vn -0.1554 -0.1861 -0.9702
vn -0.1699 -0.4099 -0.8962
vn -0.1393 0.5321 -0.8352
vn -0.1980 -0.4665 -0.8621
vn -0.1278 -0.9158 -0.3808
vn 0.1807 -0.7851 0.5924
vn 0.0309 -0.9981 0.0524
vn 0.1268 -0.9914 0.0339
vn 0.3101 -0.7966 -0.5189
vn 0.3152 -0.7897 -0.5263
vn 0.2803 -0.6768 -0.6807
vn 0.1320 -0.3008 -0.9445
vn 0.1296 -0.3100 -0.9419
vn 0.1287 -0.2642 -0.9558
vn 0.1403 0.2220 -0.9649
vn 0.0841 0.0456 -0.9954
vn 0.1040 0.1665 -0.9805
vn -0.1529 0.0209 -0.9880
vn -0.1565 0.0672 -0.9854
vn -0.1530 -0.0716 -0.9856
vn -0.1507 -0.1544 -0.9764
vn -0.1838 0.1336 -0.9738
vn -0.2175 0.1991 -0.9555
vn -0.1672 -0.2831 -0.9444
vn -0.2342 0.2045 -0.9504
vn -0.1820 -0.4190 -0.8896
vn -0.2328 0.2192 -0.9475
vn -0.2504 0.2245 -0.9418
vn -0.2506 0.2807 -0.9265
vn -0.2090 -0.4574 -0.8644
vn -0.2257 -0.5716 -0.7889
vn -0.2036 -0.6101 -0.7657
vn -0.1879 -0.7394 -0.6466
vn -0.1058 -0.9554 -0.2756
vn -0.0127 -0.9815 0.1913
vn 0.0490 -0.9951 0.0853
vn 0.3120 -0.7166 -0.6238
vn 0.2312 -0.7900 -0.5678
vn 0.2333 -0.7719 -0.5914
vn 0.0178 -0.9966 -0.0809
vn -0.0164 -0.9998 0.0073
vn -0.0824 -0.9749 0.2068
vn -0.1144 -0.9538 0.2778
vn 0.1980 0.2668 -0.9432
vn 0.1720 -0.2402 -0.9554
vn 0.1732 0.5902 -0.7884
vn 0.1443 -0.3039 -0.9417
vn 0.1762 0.4818 -0.8584
vn 0.1429 -0.2536 -0.9567
vn -0.1675 0.3023 0.9384
vn 0.1358 -0.2215 -0.9657
vn 0.1313 0.2564 -0.9576
vn 0.1548 0.2887 -0.9448
vn 0.1153 -0.2106 -0.9707
vn 0.0866 0.0619 -0.9943
vn -0.1664 0.0775 -0.9830
vn -0.1609 0.0302 -0.9865
vn -0.1602 -0.0368 -0.9864
vn -0.2119 0.1793 -0.9607
vn -0.1783 -0.2112 -0.9610
vn -0.1786 -0.2603 -0.9489
vn -0.1842 -0.3160 -0.9307
vn -0.1523 -0.9020 -0.4039
vn -0.0144 -0.9476 0.3190
vn 0.2417 -0.7684 0.5925
vn 0.0398 -0.9992 0.0086
vn 0.1066 -0.9932 -0.0466
vn 0.2395 -0.9633 -0.1211
vn -0.0633 -0.9924 0.1059
vn -0.1239 -0.9193 0.3735
vn -0.1315 -0.8612 0.4909
vn -0.1453 -0.7844 0.6030
vn 0.2032 -0.1222 -0.9715
vn 0.1728 0.5912 -0.7878
vn 0.1630 0.3703 -0.9145
vn 0.1119 -0.1041 -0.9883
vn 0.1200 -0.1135 -0.9863
vn 0.1042 0.0013 -0.9946
vn 0.1050 0.0208 -0.9943
vn 0.1122 -0.9291 0.3524
vn 0.1103 -0.9380 0.3285
vn 0.1042 -0.9479 -0.3012
vn 0.0862 -0.9756 -0.2019
vn -0.1272 -0.8634 0.4883
vn -0.1516 -0.7866 0.5985
vn 0.2292 0.0277 -0.9730
vn 0.2564 0.0613 -0.9646
vn 0.1989 -0.1152 -0.9732
vn 0.2533 0.6502 -0.7163
vn 0.1965 0.6428 -0.7404
vn -0.1452 -0.6983 0.7009
vn 0.1281 0.0920 -0.9875
vn -0.3198 0.2055 -0.9249
vn -0.2107 -0.4575 -0.8639
vn -0.2116 -0.6620 -0.7190
vn -0.1964 -0.7347 -0.6494
vn 0.2809 -0.7759 0.5649
vn 0.0464 -0.9980 0.0419
vn 0.1922 -0.9668 -0.1682
vn 0.2169 0.4445 -0.8691
vn 0.2734 0.3110 -0.9102
vn 0.1705 -0.1320 -0.9765
vn 0.1548 0.0912 -0.9837
vn -0.0829 0.7602 -0.6444
vn -0.2185 -0.6728 -0.7068
vn -0.1483 -0.9518 -0.2683
vn -0.0741 -0.9950 -0.0670
vn 0.1238 -0.9873 0.0992
vn 0.4092 -0.7304 -0.5469
vn 0.4120 -0.7078 -0.5738
vn 0.2934 -0.8570 -0.4236
vn 0.1760 0.8749 -0.4512
vn 0.2264 -0.2233 -0.9481
vn 0.2134 -0.2993 -0.9300
vn 0.1763 -0.2602 -0.9493
vn 0.2077 0.2918 -0.9337
vn -0.1944 0.2962 0.9351
vn -0.2347 0.0239 -0.9718
vn -0.2324 -0.0323 -0.9721
vn -0.2447 0.0779 -0.9665
vn -0.2725 0.1734 -0.9464
vn -0.2508 0.1391 -0.9580
vn -0.2754 0.2985 -0.9138
vn -0.2527 0.4712 -0.8451
vn -0.2227 -0.6349 -0.7398
vn -0.1894 -0.8303 -0.5241
vn 0.2830 -0.9031 0.3229
vn 0.2401 -0.9453 0.2210
vn 0.0971 -0.9942 -0.0458
vn 0.3170 -0.0606 -0.9465
vn 0.2744 -0.1668 -0.9470
vn -0.2414 -0.6949 0.6774
vn 0.2154 -0.3051 -0.9276
vn 0.1995 -0.3129 -0.9286
vn 0.1946 -0.2748 -0.9416
vn 0.2403 0.3454 -0.9072
vn 0.1266 -0.0281 -0.9916
vn -0.2393 -0.0720 -0.9683
vn -0.2636 -0.5530 -0.7904
vn 0.1250 -0.9603 0.2496
vn 0.0821 -0.9919 0.0967
vn 0.0741 -0.9972 0.0028
vn 0.1830 -0.9729 -0.1415
vn 0.3816 -0.8662 -0.3227
vn 0.4401 -0.7459 -0.4999
vn -0.1513 -0.9480 0.2801
vn 0.2967 0.3978 -0.8682
vn 0.3109 0.0365 -0.9497
vn 0.2905 -0.2486 -0.9240
vn 0.2379 0.3441 -0.9083
vn 0.1581 0.0617 -0.9855
vn -0.2365 -0.0366 -0.9709
vn -0.2625 0.1075 -0.9589
vn -0.2438 -0.1401 -0.9597
vn -0.3008 0.2028 -0.9319
vn -0.3111 0.2135 -0.9261
vn -0.2624 -0.4825 -0.8357
vn -0.2572 -0.5462 -0.7972
vn -0.2753 -0.6092 -0.7437
vn -0.1979 -0.9101 -0.3640
vn -0.1943 -0.9220 -0.3351
vn -0.0571 -0.9969 -0.0537
vn 0.6611 -0.4350 0.6113
vn 0.2820 -0.9311 0.2313
vn 0.0958 -0.9836 0.1528
vn 0.0688 -0.9967 0.0426
vn 0.0990 -0.9942 -0.0427
vn 0.3747 -0.8570 -0.3537
vn -0.0917 -0.9894 0.1129
vn -0.1804 -0.9273 0.3280
vn -0.1810 -0.9185 0.3515
vn -0.2266 -0.8731 0.4317
vn -0.2109 -0.8490 0.4844
vn 0.2964 -0.2441 -0.9234
vn 0.2611 0.4559 -0.8508
vn 0.2700 0.4006 -0.8756
vn 0.2200 0.2191 -0.9506
vn -0.2450 -0.0788 -0.9663
vn -0.2734 0.1739 -0.9461
vn -0.2572 -0.1862 -0.9482
vn -0.2509 -0.1949 -0.9482
vn -0.2561 -0.2747 -0.9268
vn -0.2942 0.2131 -0.9317
vn -0.2523 -0.3150 -0.9150
vn -0.2648 -0.3379 -0.9031
vn -0.2585 -0.4114 -0.8740
vn -0.3419 0.2229 -0.9129
vn -0.3507 0.2065 -0.9134
vn -0.2529 -0.4459 -0.8586
vn -0.2682 -0.4750 -0.8381
vn -0.2459 -0.7406 -0.6253
vn -0.2532 -0.7469 -0.6148
vn -0.2407 -0.8110 -0.5332
vn -0.2641 -0.8455 -0.4640
vn -0.1437 -0.9718 -0.1868
vn 0.2512 -0.9266 0.2797
vn 0.0830 -0.9965 -0.0044
vn 0.2949 -0.9317 -0.2120
vn 0.3638 -0.8129 -0.4548
vn 0.0236 -0.9981 -0.0569
vn -0.1541 -0.9684 0.1959
vn 0.3441 0.1018 -0.9334
vn 0.3299 -0.0876 -0.9400
vn 0.2900 -0.3112 -0.9050
vn 0.2849 -0.3133 -0.9059
vn 0.2490 0.5737 -0.7803
vn 0.2673 0.4710 -0.8407
vn 0.2102 -0.2339 -0.9493
vn 0.1705 -0.2071 -0.9633
vn 0.2171 0.1387 -0.9662
vn 0.2099 -0.0374 -0.9770
vn -0.2544 0.0462 -0.9660
vn -0.2550 -0.1643 -0.9529
vn -0.2574 -0.2771 -0.9257
vn -0.2623 -0.4199 -0.8688
vn -0.3514 0.2070 -0.9131
vn -0.2684 -0.6067 -0.7483
vn -0.2836 -0.6611 -0.6947
vn -0.2869 -0.6588 -0.6955
vn -0.2393 -0.8105 -0.5347
vn 0.2085 -0.9339 0.2903
vn 0.0952 -0.9877 0.1237
vn 0.1016 -0.9928 0.0640
vn 0.1719 -0.9626 -0.2093
vn 0.0614 -0.9850 -0.1610
vn -0.0376 -0.9992 0.0145
vn 0.2444 0.8656 -0.4370
vn -0.2065 -0.8525 0.4803
vn -0.2634 -0.6338 0.7273
vn 0.2676 -0.3144 -0.9108
vn 0.2338 -0.2657 -0.9353
vn 0.2110 -0.2200 -0.9524
vn 0.2259 0.2073 -0.9518
vn 0.2018 -0.0215 -0.9792
vn 0.2110 0.0395 -0.9767
vn -0.2535 -0.4673 0.8470
vn -0.3938 0.2184 -0.8929
vn -0.3687 0.2105 -0.9054
vn -0.2849 0.4658 -0.8378
vn 0.2918 -0.2016 0.9350
vn -0.0532 -0.9981 -0.0298
vn 0.4548 -0.7601 0.4641
vn 0.6742 -0.5034 0.5404
vn 0.4457 -0.8368 0.3181
vn 0.3172 -0.9305 -0.1832
vn 0.5420 -0.7186 -0.4357
vn -0.0642 -0.9973 0.0366
vn 0.3613 0.3545 -0.8624
vn 0.3608 -0.2601 -0.8956
vn 0.2819 -0.3257 -0.9025
vn 0.2644 0.3159 -0.9112
vn 0.2144 -0.2177 -0.9522
vn 0.1947 -0.1246 -0.9729
vn 0.2330 0.1232 -0.9646
vn -0.3136 0.0410 -0.9487
vn -0.3171 0.1032 -0.9428
vn -0.3079 -0.0712 -0.9487
vn -0.3509 0.3266 -0.8776
vn -0.3056 -0.6568 -0.6893
vn -0.3479 -0.6795 -0.6460
vn -0.3128 -0.7368 -0.5995
vn -0.3308 -0.7479 -0.5755
vn -0.1356 -0.9733 -0.1852
vn 0.0553 -0.9881 0.1434
vn 0.0456 -0.9953 0.0851
vn 0.1656 -0.9696 0.1801
vn 0.4262 -0.8322 0.3548
vn 0.4454 -0.8362 0.3198
vn 0.1764 -0.9826 0.0587
vn 0.2662 -0.9592 -0.0950
vn 0.3574 -0.8821 -0.3069
vn 0.0579 -0.9933 -0.0997
vn 0.4016 0.4492 -0.7980
vn 0.2282 0.8024 -0.5515
vn 0.2564 0.7119 -0.6538
vn 0.2773 -0.3023 -0.9120
vn 0.2137 -0.1445 -0.9662
vn 0.2306 0.0667 -0.9708
vn -0.3283 0.0871 -0.9406
vn -0.3193 -0.4066 -0.8560
vn -0.3905 0.2169 -0.8947
vn -0.3221 -0.4751 -0.8189
vn -0.4007 0.1953 -0.8951
vn -0.3388 -0.5007 -0.7965
vn -0.3137 -0.8314 -0.4586
vn 0.2065 -0.9770 0.0529
vn 0.1485 -0.9889 -0.0057
vn 0.2753 -0.9571 -0.0902
vn 0.5311 -0.7943 -0.2949
vn 0.4692 -0.8117 -0.3478
vn 0.2186 -0.9644 -0.1485
vn -0.1675 -0.9664 0.1951
vn -0.2467 -0.8415 0.4807
vn -0.2948 -0.7625 0.5759
vn 0.3934 -0.1407 -0.9085
vn 0.3047 0.5866 -0.7504
vn -0.3197 0.0302 -0.9470
vn -0.3160 -0.0256 -0.9484
vn -0.3210 -0.0209 -0.9469
vn -0.3510 0.1638 -0.9219
vn -0.3354 -0.2146 -0.9173
vn -0.3317 -0.2619 -0.9063
vn -0.3635 0.2144 -0.9066
vn -0.3320 -0.3376 -0.8808
vn -0.2481 -0.9179 -0.3096
vn 0.0962 -0.9914 0.0887
vn 0.2029 -0.9698 0.1352
vn 0.5396 -0.7620 0.3581
vn 0.6198 -0.7589 0.1998
vn 0.2253 -0.9728 0.0531
vn 0.3102 -0.9462 -0.0921
vn -0.2468 -0.9114 0.3294
vn -0.2857 -0.8594 0.4240
vn -0.2955 -0.8507 0.4347
vn 0.3952 0.3363 -0.8548
vn 0.4208 0.0416 -0.9062
vn 0.4147 0.0218 -0.9097
vn 0.4247 -0.0220 -0.9050
vn 0.3962 -0.1474 -0.9062
vn 0.3765 -0.2816 -0.8826
vn 0.3465 -0.3115 -0.8848
vn 0.3473 -0.3119 -0.8843
vn 0.3459 -0.3354 -0.8763
vn 0.3198 0.4744 -0.8201
vn 0.2834 -0.2691 -0.9205
vn 0.2688 -0.2306 -0.9352
vn -0.3727 0.2307 -0.8988
vn -0.2605 0.6684 -0.6967
vn -0.2119 -0.9441 -0.2527
vn 0.5036 -0.8474 0.1683
vn 0.6431 -0.7556 0.1244
vn 0.4398 -0.8978 0.0216
vn 0.4551 -0.8889 -0.0523
vn 0.4204 -0.8876 -0.1881
vn 0.1663 -0.9779 -0.1268
vn 0.1389 -0.9860 -0.0926
vn -0.2797 -0.8850 0.3723
vn 0.3327 0.4920 -0.8045
vn 0.3274 -0.3009 -0.8957
vn 0.3163 0.3984 -0.8610
vn 0.3307 0.2978 -0.8955
vn 0.3207 0.2295 -0.9190
vn -0.3216 -0.5035 0.8019
vn 0.2721 -0.1409 -0.9519
vn -0.3423 -0.1028 -0.9339
vn -0.3327 -0.1440 -0.9320
vn -0.3529 0.1646 -0.9211
vn -0.3503 -0.1961 -0.9159
vn -0.3656 0.2109 -0.9066
vn -0.3541 -0.2978 -0.8865
vn -0.3516 -0.3092 -0.8836
vn -0.4413 0.2041 -0.8739
vn -0.3461 -0.5060 -0.7900
vn -0.3967 0.3706 -0.8398
vn -0.3568 -0.5843 -0.7289
vn 0.3188 -0.2018 0.9261
vn -0.3663 -0.6186 -0.6951
vn -0.3723 -0.6718 -0.6404
vn -0.3536 -0.7868 -0.5059
vn -0.3342 -0.8465 -0.4145
vn -0.2592 -0.9122 -0.3174
vn -0.1430 -0.9789 -0.1457
vn -0.0725 -0.9966 -0.0405
vn 0.2546 -0.9561 0.1451
vn 0.5508 -0.8178 0.1667
vn 0.8482 -0.5068 0.1543
vn 0.8132 -0.5692 0.1212
vn 0.7972 -0.5910 -0.1229
vn 0.5810 -0.8034 -0.1303
vn -0.0154 -0.9995 0.0262
vn 0.4478 0.3929 -0.8032
vn 0.4126 -0.2513 -0.8756
vn -0.3569 -0.6221 0.6969
vn 0.2953 -0.1545 -0.9428
vn 0.2915 -0.0431 -0.9556
vn 0.3259 0.0861 -0.9415
vn 0.3259 0.1359 -0.9356
vn -0.2939 -0.2464 0.9235
vn -0.3041 -0.2022 0.9309
vn -0.3549 0.0972 -0.9298
vn -0.3484 -0.0341 -0.9367
vn -0.3553 0.1634 -0.9204
vn -0.4122 0.2433 -0.8780
vn -0.3365 -0.4343 -0.8356
vn -0.4468 0.2007 -0.8718
vn -0.3667 -0.5359 -0.7605
vn -0.2217 0.7244 -0.6527
vn -0.3706 -0.6013 -0.7078
vn -0.3892 -0.6484 -0.6543
vn -0.3894 -0.7173 -0.5777
vn -0.3547 -0.7477 -0.5614
vn -0.0862 -0.9923 -0.0892
vn 0.2335 -0.9703 0.0633
vn 0.5262 -0.8449 0.0960
vn 0.5450 -0.8347 -0.0794
vn 0.4392 -0.8887 -0.1317
vn 0.2235 -0.9687 -0.1079
vn 0.0593 -0.9970 -0.0499
vn -0.1619 -0.9761 0.1448
vn -0.2398 -0.9351 0.2610
vn -0.2961 -0.8504 0.4349
vn -0.3344 -0.7528 0.5670
vn 0.4470 0.2320 -0.8640
vn 0.4937 -0.1477 -0.8570
vn 0.4075 -0.3214 -0.8548
vn 0.3293 0.6233 -0.7093
vn -0.3677 -0.6370 0.6775
vn -0.3675 0.2844 0.8855
vn 0.3546 -0.3306 -0.8746
vn 0.3607 0.3511 -0.8641
vn 0.3320 -0.2918 -0.8970
vn 0.2826 -0.2194 -0.9338
vn 0.3506 0.1605 -0.9227
vn -0.3464 -0.1007 -0.9327
vn -0.4021 0.2205 -0.8887
vn -0.4136 0.3470 -0.8417
vn 0.0962 -0.9948 0.0319
vn 0.1277 -0.9897 0.0651
vn 0.5204 -0.8484 0.0970
vn 0.4986 -0.8662 0.0329
vn 0.5043 -0.8628 0.0348
vn 0.5045 -0.8593 -0.0845
vn 0.1928 -0.9798 -0.0531
vn -0.0113 -0.9998 0.0133
vn 0.5297 0.0441 -0.8471
vn 0.3883 0.3508 -0.8521
vn 0.3608 -0.1367 -0.9226
vn 0.3545 -0.0208 -0.9348
vn 0.3591 0.0586 -0.9315
vn -0.2891 0.2795 0.9156
vn -0.3054 0.6486 -0.6971
vn -0.4289 0.3726 -0.8230
vn -0.3705 -0.8278 -0.4213
vn -0.2064 -0.9587 -0.1957
vn 0.2393 -0.9689 0.0624
vn 0.2188 -0.9748 0.0440
vn 0.2512 -0.9678 0.0174
vn 0.2125 -0.9765 -0.0370
vn 0.4650 -0.0812 -0.8816
vn 0.3905 -0.3157 -0.8648
vn 0.4094 -0.3306 -0.8503
vn 0.3744 -0.2843 -0.8826
vn 0.3779 -0.2264 -0.8977
vn 0.3767 -0.0354 -0.9257
vn -0.4325 -0.2100 -0.8768
vn -0.4214 -0.2622 -0.8682
vn -0.4110 -0.4201 -0.8090
vn -0.4176 -0.4707 -0.7772
vn -0.4598 0.3312 -0.8239
vn -0.4215 -0.7083 -0.5663
vn -0.3836 -0.7875 -0.4825
vn -0.2232 -0.9545 -0.1977
vn 0.1395 -0.9896 0.0353
vn 0.2043 -0.9786 0.0261
vn 0.2143 -0.9761 -0.0369
vn 0.0559 -0.9976 -0.0413
vn -0.1664 -0.9753 0.1455
vn -0.2682 -0.9288 0.2557
vn -0.3724 -0.8299 0.4155
vn 0.4858 0.2800 -0.8280
vn 0.4729 -0.1730 -0.8640
vn 0.4563 -0.2771 -0.8456
vn -0.4548 -0.6119 0.6471
vn 0.4044 0.4680 -0.7858
vn 0.4237 0.4031 -0.8111
vn 0.4212 -0.3132 -0.8511
vn -0.4088 0.3194 0.8549
vn 0.3962 -0.2484 -0.8839
vn 0.4377 0.2280 -0.8697
vn 0.3856 -0.1505 -0.9103
vn 0.4342 0.1671 -0.8852
vn -0.4447 -0.4779 0.7575
vn -0.4548 -0.3575 0.8157
vn -0.4401 -0.1047 -0.8918
vn -0.4132 0.1604 -0.8964
vn -0.4137 0.2094 -0.8860
vn -0.4217 0.2417 -0.8739
vn -0.4445 -0.3185 -0.8372
vn -0.4306 -0.3993 -0.8094
vn -0.4826 0.2131 -0.8495
vn 0.3728 -0.2527 0.8928
vn -0.4442 -0.7379 -0.5081
vn -0.3785 -0.8262 -0.4173
vn -0.0963 -0.9918 -0.0839
vn -0.0425 -0.9989 -0.0191
vn -0.0365 -0.9988 -0.0339
vn -0.0452 -0.9986 0.0279
vn -0.1906 -0.9684 0.1612
vn 0.3267 0.8104 -0.4864
vn 0.4721 -0.2645 -0.8409
vn 0.4572 0.0981 -0.8839
vn 0.4560 0.1419 -0.8786
vn -0.3759 0.0430 0.9257
vn -0.4160 0.0856 -0.9053
vn -0.4177 0.0826 -0.9048
vn -0.4087 0.0391 -0.9118
vn -0.4191 0.0095 -0.9079
vn -0.4137 -0.0273 -0.9100
vn -0.4353 -0.0602 -0.8983
vn -0.4222 -0.1304 -0.8971
vn -0.4487 -0.1719 -0.8770
vn -0.4248 0.1940 -0.8842
vn -0.4355 -0.2074 -0.8760
vn -0.4501 -0.3097 -0.8376
vn -0.4399 0.2499 -0.8626
vn -0.4448 0.2362 -0.8639
vn -0.4891 0.2169 -0.8448
vn -0.4445 -0.5134 -0.7340
vn -0.3053 0.7096 -0.6350
vn 0.0922 -0.9952 0.0323
vn 0.0890 -0.9960 -0.0102
vn 0.1086 -0.9939 -0.0196
vn -0.2777 -0.9245 0.2610
vn -0.3579 -0.8653 0.3510
vn 0.4789 0.5564 -0.6790
vn 0.5694 0.1923 -0.7993
vn 0.5394 -0.0608 -0.8399
vn 0.5251 -0.2284 -0.8198
vn -0.4558 -0.6786 0.5760
vn 0.4453 -0.3226 -0.8352
vn -0.4453 -0.6201 0.6459
vn 0.4420 -0.3316 -0.8335
vn 0.4580 0.2870 -0.8414
vn -0.4234 0.1426 -0.8947
vn -0.4486 -0.4995 -0.7412
vn -0.4987 0.3580 -0.7894
vn -0.4602 -0.6264 -0.6291
vn -0.4160 -0.7992 -0.4340
vn -0.3205 -0.8969 -0.3048
vn -0.3512 -0.8756 0.3316
vn -0.3795 -0.8456 0.3753
vn -0.4329 -0.7638 0.4788
vn 0.5867 0.2492 -0.7705
vn 0.5812 -0.1017 -0.8074
vn 0.4626 -0.3310 -0.8225
vn 0.4633 0.2887 -0.8379
vn 0.4427 0.2341 -0.8656
vn 0.4599 -0.2350 -0.8563
vn 0.4773 -0.0206 -0.8785
vn -0.4623 0.5194 -0.7187
vn -0.1319 0.9158 -0.3792
vn -0.4689 -0.6406 -0.6081
vn -0.4408 -0.7385 -0.5102
vn -0.4463 -0.7460 -0.4942
vn -0.3823 -0.8494 -0.3637
vn -0.3010 -0.9174 -0.2602
vn -0.2103 -0.9668 -0.1454
vn -0.0898 -0.9954 -0.0346
vn 0.1051 -0.9944 0.0124
vn 0.5084 -0.2438 -0.8259
vn 0.5277 -0.2729 -0.8044
vn 0.5078 -0.3235 -0.7984
vn 0.4155 0.6240 -0.6618
vn -0.4961 -0.6274 0.6002
vn 0.4670 -0.3011 -0.8314
vn 0.4806 -0.1256 -0.8679
vn 0.4871 -0.1179 -0.8653
vn 0.4894 0.0449 -0.8709
vn -0.4947 0.2468 -0.8333
vn -0.4922 0.2307 -0.8394
vn -0.5286 0.2439 -0.8131
vn -0.4724 -0.4777 -0.7407
vn 0.4576 -0.2831 0.8429
vn -0.4597 -0.5381 -0.7065
vn -0.4562 -0.5753 -0.6789
vn -0.4659 -0.6628 -0.5862
vn -0.3908 -0.8455 -0.3638
vn -0.2216 -0.9644 -0.1442
vn -0.0692 -0.9975 0.0161
vn -0.1747 -0.9820 0.0720
vn 0.3824 0.6477 -0.6590
vn 0.6191 -0.2712 -0.7370
vn -0.4748 -0.6674 0.5737
vn 0.4627 0.3721 -0.8046
vn 0.4938 -0.2602 -0.8297
vn -0.4686 0.1973 -0.8611
vn -0.4589 0.2623 -0.8489
vn -0.4771 -0.3026 -0.8251
vn -0.4835 -0.4187 -0.7687
vn -0.4374 -0.8019 -0.4071
vn -0.3330 -0.9114 -0.2418
vn -0.2346 -0.9659 -0.1094
vn -0.2371 -0.9650 -0.1125
vn -0.0560 -0.9984 -0.0028
vn -0.0590 -0.9981 0.0149
vn -0.1185 -0.9924 0.0325
vn -0.2809 -0.9446 0.1697
vn -0.3274 -0.9147 0.2369
vn -0.3966 -0.8613 0.3176
vn -0.4107 -0.8305 0.3763
vn 0.6345 -0.0737 -0.7694
vn 0.6064 -0.2472 -0.7558
vn 0.5057 -0.3218 -0.8004
vn 0.5063 -0.3272 -0.7979
vn 0.4920 -0.3181 -0.8104
vn 0.4921 -0.3179 -0.8104
vn 0.4773 0.3230 -0.8172
vn 0.4930 -0.2509 -0.8330
vn 0.5202 -0.1106 -0.8468
vn -0.4402 0.2054 0.8741
vn -0.4847 0.5316 -0.6946
vn -0.4638 -0.5911 -0.6599
vn -0.4194 -0.8470 -0.3266
vn -0.3298 -0.9167 -0.2255
vn -0.0950 -0.9954 -0.0156
vn -0.1198 -0.9926 -0.0176
vn -0.2968 -0.9379 0.1798
vn -0.3778 -0.8838 0.2759
vn 0.5802 0.4279 -0.6931
vn 0.6342 0.3602 -0.6841
vn -0.5134 -0.6586 0.5501
vn 0.4750 0.4823 -0.7360
vn 0.5080 0.2125 -0.8347
vn 0.5141 0.2452 -0.8219
vn 0.5293 -0.0252 -0.8481
vn -0.4822 0.0721 -0.8731
vn -0.4793 0.0191 -0.8774
vn -0.4740 -0.0608 -0.8784
vn -0.4963 0.1425 -0.8564
vn -0.4832 -0.1676 -0.8593
vn -0.4816 0.1927 -0.8549
vn -0.5007 -0.2241 -0.8361
vn -0.4891 0.2570 -0.8335
vn -0.4994 -0.3254 -0.8029
vn -0.5350 0.2427 -0.8093
vn -0.4848 -0.4960 -0.7204
vn -0.5974 0.2318 -0.7677
vn -0.5942 0.3309 -0.7331
vn -0.4762 -0.6781 -0.5598
vn -0.4534 -0.7929 -0.4071
vn -0.4794 -0.7544 0.4484
vn -0.4773 -0.7482 0.4609
vn 0.6003 -0.2853 -0.7472
vn 0.4412 0.6945 -0.5683
vn 0.4817 0.4972 -0.7216
vn -0.5048 -0.6229 0.5976
vn 0.4994 0.3963 -0.7704
vn 0.5167 0.1605 -0.8410
vn -0.5013 -0.0251 -0.8649
vn -0.4884 0.0775 -0.8692
vn -0.4894 -0.1335 -0.8618
vn -0.4937 -0.1282 -0.8601
vn -0.5081 0.2108 -0.8351
vn -0.4965 -0.2194 -0.8399
vn -0.5008 -0.3920 -0.7717
vn 0.5677 -0.2966 0.7679
vn -0.4872 -0.7316 -0.4768
vn -0.3581 -0.9119 -0.2004
vn -0.3514 -0.9231 -0.1564
vn -0.2565 -0.9648 -0.0585
vn -0.2218 -0.9744 0.0374
vn -0.2325 -0.9682 0.0922
vn -0.4339 -0.8345 0.3398
vn -0.4327 -0.8253 0.3629
vn 0.6596 -0.0877 -0.7465
vn 0.6766 -0.2284 -0.7000
vn -0.5279 -0.6792 0.5099
vn 0.5926 -0.3403 -0.7301
vn 0.5705 -0.3277 -0.7530
vn -0.5205 -0.5888 0.6184
vn 0.5193 0.3757 -0.7676
vn 0.5320 -0.3025 -0.7909
vn 0.5222 0.3168 -0.7918
vn 0.5373 -0.2722 -0.7982
vn 0.5495 -0.1256 -0.8260
vn 0.5363 0.1422 -0.8320
vn -0.4934 0.1452 -0.8576
vn -0.5246 0.2653 -0.8090
vn -0.5792 0.2414 -0.7786
vn -0.4865 -0.7984 -0.3549
vn -0.4759 -0.8148 -0.3309
vn -0.3718 -0.9159 -0.1513
vn -0.2590 -0.9640 -0.0608
vn -0.2667 -0.9636 -0.0183
vn -0.2412 -0.9704 -0.0078
vn -0.2470 -0.9687 0.0250
vn -0.2641 -0.9610 0.0815
vn -0.4090 -0.8976 0.1643
vn -0.5025 -0.7575 0.4167
vn 0.7253 -0.0442 -0.6870
vn -0.5222 -0.6419 0.5614
vn 0.5376 -0.2955 -0.7898
vn 0.5530 0.2687 -0.7887
vn 0.5481 -0.1964 -0.8131
vn 0.5745 0.0386 -0.8176
vn 0.5500 0.0704 -0.8322
vn -0.6357 0.2423 -0.7330
vn -0.4161 0.7217 -0.5532
vn -0.5258 -0.6716 -0.5219
vn -0.4987 -0.7424 -0.4474
vn -0.4800 -0.8398 0.2535
vn 0.6515 0.3611 -0.6672
vn 0.5485 -0.3206 -0.7723
vn 0.5696 -0.3235 -0.7556
vn -0.5400 -0.0267 -0.8413
vn -0.5518 -0.2168 -0.8053
vn -0.5577 0.2059 -0.8041
vn -0.5622 -0.2969 -0.7719
vn -0.5696 0.2572 -0.7806
vn -0.5546 -0.3852 -0.7376
vn -0.5176 -0.4833 -0.7061
vn -0.5619 -0.5159 -0.6466
vn -0.6514 0.2558 -0.7143
vn -0.5401 -0.5690 -0.6201
vn -0.6354 0.3134 -0.7057
vn -0.5294 -0.6222 -0.5767
vn -0.5411 -0.6365 -0.5496
vn -0.5256 -0.6712 -0.5228
vn -0.5601 -0.6966 -0.4483
vn -0.5349 -0.7264 -0.4315
vn -0.5502 -0.7481 -0.3709
vn -0.4939 -0.8330 -0.2492
vn -0.3784 -0.9211 -0.0915
vn -0.3353 -0.9372 0.0965
vn -0.4422 -0.8794 0.1763
vn -0.4981 -0.8065 0.3185
vn -0.5373 -0.7397 0.4053
vn -0.5678 -0.6578 0.4949
vn 0.6759 -0.3618 -0.6421
vn 0.6296 -0.3330 -0.7020
vn -0.5522 -0.6288 0.5474
vn 0.5390 0.4762 -0.6948
vn 0.5598 0.2664 -0.7847
vn -0.5494 -0.5108 0.6613
vn 0.5806 -0.1006 -0.8080
vn 0.5854 -0.0271 -0.8103
vn -0.5435 -0.4248 0.7240
vn -0.5464 0.0763 -0.8341
vn -0.5698 0.0155 -0.8216
vn -0.5413 0.1404 -0.8290
vn -0.5703 0.1883 -0.7996
vn -0.5549 -0.4305 -0.7119
vn -0.5520 -0.5794 -0.5997
vn -0.6406 0.3907 -0.6611
vn -0.6365 0.3908 -0.6650
vn -0.5553 -0.6718 -0.4903
vn -0.5103 -0.8068 -0.2979
vn -0.4908 -0.8511 -0.1863
vn -0.3923 -0.9156 -0.0885
vn -0.3795 -0.9250 -0.0215
vn -0.3659 -0.9300 0.0335
vn -0.3999 -0.9145 0.0608
vn -0.4928 -0.8538 0.1678
vn -0.4981 -0.8253 0.2660
vn 0.7173 0.3381 -0.6092
vn 0.4692 0.7266 -0.5019
vn -0.5740 -0.6486 0.4998
vn 0.5626 0.5055 -0.6542
vn -0.5499 -0.5749 0.6059
vn 0.5896 -0.2791 -0.7580
vn 0.5807 -0.2365 -0.7790
vn 0.5876 -0.2160 -0.7798
vn -0.5644 -0.1087 0.8183
vn -0.5671 0.1050 -0.8169
vn -0.5690 -0.0704 -0.8193
vn -0.5590 -0.1259 -0.8196
vn -0.5740 -0.2314 -0.7855
vn -0.5765 0.2395 -0.7812
vn -0.5935 -0.3299 -0.7341
vn -0.5511 -0.7478 -0.3701
vn -0.5351 -0.7890 -0.3021
vn -0.5094 -0.8348 -0.2087
vn -0.5015 -0.8572 -0.1169
vn -0.3997 -0.9165 -0.0133
vn -0.5611 -0.7483 0.3538
vn -0.5918 -0.6720 0.4452
vn 0.6462 0.5654 -0.5126
vn 0.6296 -0.3228 -0.7067
vn 0.6163 -0.2922 -0.7313
vn 0.6032 0.3185 -0.7312
vn 0.5942 0.2822 -0.7532
vn -0.5937 0.3068 0.7439
vn 0.5983 -0.2056 -0.7744
vn 0.6106 -0.1236 -0.7822
vn 0.5864 0.1618 -0.7937
vn -0.5697 -0.3023 0.7642
vn -0.5511 -0.1331 -0.8238
vn -0.5930 -0.3301 -0.7345
vn -0.6210 0.2623 -0.7386
vn -0.5695 -0.7732 -0.2789
vn -0.5069 -0.8543 -0.1154
vn -0.4854 -0.8711 0.0746
vn -0.5499 -0.7987 0.2443
vn -0.5725 -0.7413 0.3504
vn 0.7564 -0.3100 -0.5759
vn -0.6564 0.2826 0.6995
vn -0.5694 -0.5943 0.5679
vn 0.6228 -0.0120 -0.7823
vn 0.6170 0.0423 -0.7858
vn -0.6070 -0.4364 0.6642
vn -0.6002 0.1026 -0.7932
vn -0.6237 0.0714 -0.7784
vn -0.6115 -0.0620 -0.7888
vn -0.6068 0.1829 -0.7735
vn -0.6388 0.2577 -0.7249
vn -0.6447 -0.3972 -0.6532
vn -0.6174 -0.4829 -0.6210
vn 0.6681 -0.2686 0.6939
vn -0.7075 0.2864 -0.6461
vn -0.5961 -0.5561 -0.5791
vn -0.5265 0.6521 -0.5454
vn -0.5861 -0.7222 -0.3673
vn -0.5715 -0.7898 -0.2225
vn -0.5061 -0.8623 -0.0159
vn -0.5437 -0.8198 0.1797
vn -0.6047 -0.6306 0.4864
vn 0.6173 0.4652 -0.6344
vn -0.6086 -0.5086 0.6091
vn 0.6406 -0.1069 -0.7604
vn -0.5896 0.0690 0.8047
vn -0.6023 0.0143 -0.7982
vn -0.6243 0.1348 -0.7694
vn -0.6005 -0.2271 -0.7666
vn -0.6262 0.2278 -0.7456
vn -0.6229 -0.2949 -0.7246
vn -0.6767 0.2587 -0.6893
vn -0.6199 -0.4393 -0.6502
vn -0.6836 0.2621 -0.6812
vn -0.6232 -0.4872 -0.6117
vn -0.6885 0.2545 -0.6791
vn -0.5980 -0.6441 -0.4770
vn -0.6114 -0.6511 -0.4498
vn -0.6009 -0.6741 -0.4295
vn -0.6096 -0.6846 -0.3996
vn -0.5786 -0.7861 -0.2174
vn -0.5711 -0.8110 -0.1269
vn -0.5331 -0.8454 -0.0323
vn -0.5436 -0.8384 0.0402
vn -0.5327 -0.8437 0.0658
vn 0.7342 -0.3347 -0.5907
vn 0.6432 0.3904 -0.6587
vn -0.6061 -0.5755 0.5491
vn 0.6594 -0.2748 -0.6997
vn -0.6617 0.3044 0.6852
vn 0.6476 0.2435 -0.7220
vn -0.6293 -0.4527 0.6317
vn 0.6246 0.0567 -0.7789
vn -0.6169 0.2138 0.7575
vn -0.6161 0.2146 0.7579
vn -0.6106 -0.1784 0.7716
vn -0.6302 -0.0298 -0.7759
vn -0.6337 -0.1223 -0.7639
vn -0.6178 -0.1374 -0.7743
vn -0.6277 0.2026 -0.7516
vn -0.6213 -0.2390 -0.7463
vn -0.6439 0.2439 -0.7252
vn -0.7169 0.2886 -0.6347
vn -0.7254 0.3199 -0.6095
vn -0.6825 0.4485 -0.5771
vn -0.5997 -0.6073 -0.5211
vn -0.6057 -0.6113 -0.5094
vn -0.5931 -0.7971 -0.1136
vn -0.5674 -0.8179 0.0952
vn -0.5597 -0.8108 0.1713
vn -0.6030 -0.7504 0.2707
vn 0.8020 0.3243 -0.5017
vn -0.6330 -0.6706 0.3869
vn 0.7974 -0.2989 -0.5242
vn -0.6181 -0.6511 0.4405
vn 0.7553 -0.3557 -0.5505
vn -0.7158 0.3274 0.6168
vn 0.6445 0.4878 -0.5888
vn -0.6462 0.2863 0.7074
vn -0.6276 -0.5271 0.5729
vn 0.6704 -0.2057 -0.7130
vn 0.6625 -0.2147 -0.7176
vn 0.6607 0.1535 -0.7348
vn 0.6424 -0.0310 -0.7657
vn -0.6183 -0.1680 0.7678
vn -0.6073 -0.5645 -0.5590
vn -0.6141 -0.7292 -0.3018
vn -0.5915 -0.8061 0.0181
vn 0.8640 -0.0268 -0.5028
vn -0.6948 0.2803 0.6623
vn -0.6509 -0.5146 0.5582
vn 0.6808 0.1459 -0.7177
vn -0.6480 0.2688 0.7126
vn -0.6492 -0.3232 0.6885
vn -0.6287 -0.3473 0.6957
vn -0.6393 0.2592 0.7239
vn -0.6776 0.2365 -0.6963
vn -0.7183 0.2588 -0.6458
vn -0.3419 0.8828 -0.3222
vn -0.6500 -0.6056 -0.4591
vn -0.6330 -0.7169 -0.2922
vn -0.5770 -0.8159 -0.0373
vn -0.5956 -0.8028 -0.0290
vn -0.6110 -0.7453 0.2667
vn 0.8220 -0.3123 -0.4762
vn -0.6278 -0.6724 0.3921
vn 0.6948 0.2662 -0.6682
vn 0.6987 -0.1254 -0.7043
vn 0.6844 -0.0149 -0.7289
vn 0.6967 0.0443 -0.7160
vn 0.6848 0.0592 -0.7263
vn -0.6549 0.2507 0.7129
vn -0.6538 0.0701 -0.7534
vn -0.6522 -0.1209 -0.7484
vn -0.6646 -0.1351 -0.7349
vn -0.6554 -0.2262 -0.7206
vn -0.6777 -0.2398 -0.6952
vn -0.6681 -0.2925 -0.6842
vn -0.6560 -0.3911 -0.6455
vn -0.6687 -0.4021 -0.6255
vn -0.6698 -0.4227 -0.6105
vn -0.6443 -0.4766 -0.5981
vn 0.7286 -0.2509 0.6373
vn -0.6433 -0.5906 -0.4872
vn -0.6910 0.5015 -0.5206
vn -0.6354 -0.6349 -0.4395
vn -0.6555 -0.6526 -0.3799
vn -0.6271 -0.7476 -0.2188
vn -0.6236 -0.7584 0.1897
vn -0.7262 0.3293 0.6035
vn -0.7578 0.2832 0.5878
vn -0.7457 0.2776 0.6056
vn -0.6898 0.2955 0.6609
vn -0.6680 -0.4295 0.6077
vn -0.6591 0.2096 0.7222
vn -0.6707 -0.2416 0.7013
vn -0.6774 -0.1824 0.7126
vn -0.6723 0.0167 -0.7401
vn -0.6538 -0.0283 -0.7561
vn -0.6677 -0.0561 -0.7423
vn -0.6647 0.1279 -0.7361
vn -0.6737 0.1122 -0.7305
vn -0.6890 0.2481 -0.6810
vn -0.6764 -0.3048 -0.6705
vn -0.6607 -0.4896 -0.5691
vn -0.7353 0.2687 -0.6223
vn 0.7518 -0.2967 0.5889
vn -0.7661 0.2935 -0.5718
vn -0.6547 -0.6939 -0.2997
vn -0.6593 -0.7288 -0.1847
vn -0.6414 -0.7583 -0.1166
vn -0.6454 -0.7631 -0.0351
vn -0.6497 -0.7596 -0.0305
vn -0.6473 -0.7614 0.0362
vn -0.6481 -0.7606 0.0375
vn -0.6438 -0.7600 0.0887
vn -0.6519 -0.7517 0.0997
vn -0.6391 -0.7486 0.1767
vn 0.7750 -0.3649 -0.5159
vn -0.6776 -0.4121 0.6091
vn -0.6716 0.2457 0.6989
vn -0.6729 0.2539 0.6947
vn -0.6777 -0.3292 0.6575
vn -0.6834 -0.1170 0.7206
vn -0.7099 0.1075 -0.6961
vn -0.6747 0.2011 -0.7102
vn -0.6528 -0.5280 -0.5432
vn -0.7610 0.2688 -0.5905
vn -0.6686 -0.5465 -0.5043
vn -0.7814 0.3067 -0.5435
vn -0.7790 0.3374 -0.5284
vn -0.6509 -0.6539 -0.3857
vn -0.6858 -0.6687 -0.2872
vn -0.6620 -0.7439 -0.0912
vn -0.6617 -0.6905 0.2921
vn 0.7270 0.5757 -0.3741
vn -0.6475 -0.6120 0.4541
vn 0.7247 0.4535 -0.5188
vn -0.7374 0.2918 0.6092
vn 0.7601 -0.2612 -0.5950
vn -0.6878 0.2832 0.6684
vn -0.6996 -0.3091 0.6443
vn -0.7147 0.1867 -0.6740
vn -0.7252 0.2503 -0.6414
vn -0.7250 0.2500 -0.6418
vn -0.6872 -0.5357 -0.4907
vn -0.6804 -0.6343 -0.3670
vn -0.6888 -0.6343 -0.3511
vn -0.7017 -0.6453 -0.3018
vn -0.6923 -0.6973 -0.1858
vn -0.6758 -0.6791 0.2866
vn 0.8024 -0.3659 -0.4714
vn -0.6680 -0.6446 0.3717
vn -0.8152 0.2838 0.5049
vn -0.6948 -0.5327 0.4832
vn -0.7715 0.2998 0.5612
vn 0.7429 0.1448 -0.6535
vn -0.6951 0.2346 0.6796
vn -0.6991 0.1907 0.6892
vn -0.7078 0.2200 0.6713
vn -0.7139 -0.2627 0.6492
vn -0.7084 -0.0566 -0.7036
vn -0.7023 -0.1350 -0.6990
vn -0.6970 -0.2312 -0.6788
vn -0.7090 -0.3000 -0.6382
vn -0.7112 -0.3535 -0.6076
vn -0.7567 0.2547 -0.6021
vn -0.7017 -0.4302 -0.5680
vn -0.7025 -0.4483 -0.5527
vn -0.7652 0.2662 -0.5862
vn -0.8078 0.3536 -0.4716
vn -0.6708 0.6096 -0.4224
vn 0.9351 -0.2466 0.2545
vn -0.7027 -0.6829 -0.1995
vn 0.9291 0.2683 -0.2545
vn -0.8413 0.2922 0.4547
vn -0.6785 -0.5882 0.4402
vn -0.6990 -0.5380 0.4712
vn -0.7313 -0.4680 0.4962
vn 0.7589 0.2588 -0.5976
vn -0.7311 -0.4548 0.5086
vn 0.7595 0.0642 -0.6473
vn -0.7082 0.2613 0.6559
vn -0.7156 0.1733 0.6766
vn -0.7120 0.0908 0.6963
vn -0.7180 0.0594 0.6935
vn -0.7069 0.0164 0.7071
vn -0.7112 -0.0613 0.7003
vn -0.7085 -0.0886 0.7001
vn -0.7123 0.0193 -0.7016
vn -0.7243 -0.0815 -0.6846
vn -0.7281 0.1288 -0.6733
vn -0.7167 -0.1786 -0.6741
vn -0.7248 -0.2585 -0.6386
vn -0.7170 -0.4567 -0.5266
vn -0.6990 -0.5428 -0.4655
vn -0.8121 0.2827 -0.5105
vn -0.6921 -0.5705 -0.4422
vn -0.7062 -0.5810 -0.4047
vn -0.7961 0.4170 -0.4385
vn -0.8056 0.3957 -0.4410
vn 0.9495 -0.2140 0.2295
vn -0.7093 -0.6987 -0.0940
vn -0.7148 -0.6981 -0.0398
vn -0.7133 -0.6935 0.1013
vn 0.9540 -0.1669 -0.2492
vn -0.7021 -0.6870 0.1875
vn 0.7274 0.5812 -0.3649
vn -0.7373 0.5644 0.3712
vn -0.6941 -0.6045 0.3910
vn -0.7354 -0.3725 0.5660
vn -0.7195 -0.0494 0.6927
vn -0.7296 0.0423 -0.6825
vn -0.7499 0.2211 -0.6235
vn -0.7273 -0.2716 -0.6303
vn -0.7250 -0.3637 -0.5849
vn -0.8309 0.2914 -0.4741
vn -0.7416 -0.6099 -0.2795
vn 0.9179 -0.3278 0.2236
vn -0.7102 -0.6975 -0.0953
vn -0.7208 -0.6924 -0.0334
vn -0.7228 -0.6899 0.0384
vn -0.7245 -0.6881 0.0408
vn -0.7209 -0.6867 0.0937
vn -0.7075 -0.6828 0.1821
vn -0.7355 -0.5691 0.3678
vn -0.8003 0.2936 0.5228
vn -0.7572 0.2735 0.5932
vn -0.7553 -0.3861 0.5297
vn -0.7283 0.2390 0.6422
vn -0.7463 -0.1474 0.6491
vn -0.7605 0.0424 -0.6479
vn -0.7679 0.1233 -0.6286
vn -0.7510 -0.1798 -0.6354
vn -0.7754 0.2114 -0.5950
vn -0.7925 0.2619 -0.5508
vn -0.8108 0.2686 -0.5201
vn -0.7626 -0.5365 -0.3613
vn -0.8491 0.3520 -0.3939
vn -0.8606 0.3626 -0.3576
vn -0.7539 -0.6107 -0.2422
vn -0.7460 -0.6423 0.1762
vn -0.8925 0.3114 0.3264
vn -0.8875 0.3063 0.3444
vn -0.8366 0.2878 0.4660
vn -0.7426 -0.5015 0.4439
vn -0.7708 -0.2909 0.5668
vn -0.7437 0.2299 0.6278
vn -0.7663 0.0352 -0.6415
vn -0.7570 -0.0775 -0.6489
vn -0.7790 0.1345 -0.6124
vn -0.7542 -0.1924 -0.6278
vn -0.7586 -0.2757 -0.5903
vn -0.7684 -0.3261 -0.5507
vn -0.7332 -0.4481 -0.5115
vn -0.7562 -0.4609 -0.4645
vn -0.7491 -0.4982 -0.4365
vn -0.8466 0.2841 -0.4500
vn -0.7736 -0.5134 -0.3715
vn -0.7636 -0.5463 -0.3442
vn -0.7558 0.5922 -0.2795
vn -0.7465 -0.6360 -0.1955
vn -0.7452 -0.6380 -0.1939
vn -0.7500 -0.6542 -0.0972
vn 0.9597 -0.2796 -0.0276
vn 0.8607 -0.3433 -0.3759
vn 0.7703 0.5529 -0.3175
vn -0.7344 -0.6202 0.2757
vn -0.8936 0.3102 0.3243
vn -0.7526 -0.5902 0.2919
vn -0.8819 0.2862 0.3746
vn -0.8581 0.2948 0.4205
vn -0.7597 -0.5217 0.3881
vn 0.8269 0.2336 -0.5116
vn -0.7718 -0.4249 0.4730
vn -0.7565 -0.4504 0.4742
vn 0.8352 0.1322 -0.5339
vn -0.7776 -0.3696 0.5087
vn -0.7780 -0.3698 0.5079
vn -0.7547 0.1341 0.6422
vn -0.7622 -0.1459 0.6307
vn -0.7543 0.1368 0.6421
vn -0.7742 -0.0382 0.6317
vn -0.7725 -0.1281 0.6219
vn -0.7771 -0.0382 -0.6283
vn -0.7711 -0.1200 -0.6253
vn -0.7855 0.2138 -0.5807
vn -0.7953 0.2276 -0.5619
vn -0.7735 -0.3808 -0.5066
vn -0.8191 0.2669 -0.5078
vn -0.8676 0.2917 -0.4028
vn -0.8677 0.2919 -0.4024
vn -0.8828 0.3308 -0.3335
vn -0.8999 0.3351 -0.2790
vn -0.7989 0.5453 -0.2538
vn -0.7527 -0.6506 -0.1010
vn -0.7566 -0.6529 -0.0357
vn -0.7593 -0.6496 -0.0392
vn -0.7586 -0.6502 0.0430
vn -0.7538 -0.6501 0.0961
vn -0.7612 -0.6395 0.1081
vn -0.8383 0.4988 0.2201
vn -0.9036 0.3147 0.2907
vn 0.8500 -0.3535 -0.3907
vn 0.8211 0.4095 -0.3977
vn -0.8076 0.2636 0.5276
vn -0.7856 0.2417 0.5696
vn -0.7833 -0.2982 0.5454
vn -0.7730 -0.1936 0.6041
vn -0.7703 0.0542 0.6354
vn -0.7729 0.0052 0.6345
vn -0.7756 0.0138 0.6311
vn -0.7744 -0.2068 -0.5979
vn -0.7807 -0.2398 -0.5771
vn -0.7982 0.2286 -0.5574
vn -0.7736 -0.3282 -0.5420
vn -0.8082 -0.3894 -0.4418
vn -0.7910 -0.4949 -0.3597
vn 0.8658 -0.2734 0.4190
vn -0.8883 0.2982 -0.3493
vn -0.7726 -0.5540 -0.3102
vn -0.7946 -0.5314 -0.2935
vn -0.8218 0.5425 -0.1742
vn -0.8261 0.5418 -0.1551
vn -0.5978 0.7989 -0.0665
vn -0.7594 -0.6493 0.0420
vn -0.7437 0.6573 0.1222
vn -0.6683 0.7434 0.0251
vn -0.8896 0.4195 0.1805
vn -0.7531 -0.6305 0.1878
vn 0.8623 -0.3412 -0.3743
vn -0.8084 -0.5271 0.2621
vn -0.8369 0.2876 0.4657
vn -0.7611 0.1506 0.6309
vn -0.7732 -0.0404 0.6329
vn -0.8034 -0.1180 -0.5836
vn -0.8091 -0.1324 -0.5725
vn -0.8043 -0.3086 -0.5078
vn -0.8304 0.2399 -0.5029
vn -0.8083 -0.3894 -0.4417
vn -0.8473 0.2750 -0.4544
vn -0.8992 0.2881 -0.3294
vn -0.8003 -0.5522 -0.2335
vn -0.9252 0.2956 -0.2380
vn -0.9279 0.3091 -0.2083
vn -0.9011 0.4166 -0.1203
vn -0.8690 0.4899 -0.0695
vn -0.7912 0.6097 -0.0477
vn -0.7928 0.6093 0.0136
vn -0.8514 0.5232 0.0370
vn -0.8660 0.4933 0.0815
vn -0.9310 0.3028 0.2038
vn -0.9118 0.3051 0.2747
vn -0.8745 0.2958 0.3844
vn -0.8624 0.2916 0.4138
vn -0.8642 0.2954 0.4072
vn -0.7965 -0.4037 0.4501
vn -0.8041 -0.3582 0.4744
vn -0.8002 -0.3563 0.4824
vn -0.8168 -0.1945 0.5431
vn -0.8155 0.0387 -0.5775
vn -0.8105 -0.0354 -0.5847
vn -0.8129 0.1325 -0.5672
vn -0.8129 0.1324 -0.5671
vn -0.8119 0.1777 -0.5560
vn -0.8119 -0.2398 -0.5323
vn -0.8093 0.2251 -0.5425
vn -0.8250 0.2280 -0.5171
vn -0.8250 -0.3633 -0.4330
vn -0.8597 0.2700 -0.4336
vn -0.8329 -0.4212 -0.3589
vn -0.8207 -0.4787 -0.3120
vn 0.9034 -0.2627 0.3388
vn -0.9170 0.2964 -0.2668
vn -0.9211 0.3124 -0.2323
vn -0.8093 -0.5472 -0.2135
vn -0.8010 -0.5703 -0.1821
vn -0.8124 -0.5713 -0.1163
vn -0.9448 0.2998 -0.1321
vn -0.9427 0.3105 -0.1223
vn -0.9498 0.3063 -0.0635
vn -0.8013 -0.5977 -0.0269
vn -0.9485 0.3128 -0.0500
vn -0.8015 -0.5970 0.0332
vn -0.8078 -0.5627 0.1755
vn -0.8200 -0.5381 0.1950
vn -0.9123 0.3101 0.2675
vn -0.8955 0.3050 0.3241
vn -0.8176 -0.5058 0.2751
vn -0.8948 0.3032 0.3279
vn -0.8753 0.2973 0.3814
vn -0.8086 -0.4725 0.3505
vn -0.8380 0.2637 0.4777
vn -0.8302 0.2602 0.4930
vn -0.8139 -0.2678 0.5156
vn -0.8211 -0.2063 0.5322
vn -0.8158 0.1373 0.5618
vn -0.8082 0.0890 0.5821
vn -0.8276 -0.1242 0.5474
vn -0.8222 -0.1318 0.5538
vn -0.8125 0.0332 -0.5821
vn -0.8181 -0.0504 -0.5729
vn -0.8188 0.1873 -0.5426
vn -0.8206 -0.2296 -0.5234
vn -0.8306 -0.3200 -0.4558
vn -0.8352 -0.4191 -0.3561
vn -0.8720 0.2729 -0.4064
vn -0.8187 -0.4817 -0.3125
vn -0.9249 0.3093 -0.2212
vn -0.9344 0.3307 -0.1321
vn -0.8067 -0.5820 -0.1026
vn -0.8135 -0.5799 -0.0444
vn -0.9498 0.3122 0.0198
vn -0.9495 0.3130 0.0213
vn -0.8125 -0.5809 0.0492
vn -0.9420 0.3164 0.1122
vn -0.9417 0.3197 0.1050
vn -0.8118 -0.5738 0.1080
vn -0.8086 -0.5793 0.1026
vn -0.9382 0.3099 0.1541
vn -0.8387 -0.4714 0.2728
vn -0.8179 -0.4549 0.3523
vn -0.8253 -0.4036 0.3951
vn -0.8150 -0.2692 0.5132
vn -0.8323 0.2109 0.5126
vn -0.8244 0.0687 0.5619
vn -0.8251 0.0223 0.5645
vn -0.8321 -0.0734 0.5497
vn -0.8393 0.1182 -0.5306
vn -0.8295 -0.1422 -0.5401
vn -0.8439 -0.3042 -0.4419
vn -0.8568 0.2485 -0.4517
vn -0.8491 -0.3750 -0.3719
vn -0.8380 -0.4352 -0.3292
vn -0.8988 0.2867 -0.3316
vn -0.8365 -0.5071 -0.2078
vn -0.9351 0.3276 0.1350
vn -0.9221 0.3222 0.2142
vn -0.8493 -0.4435 0.2862
vn -0.8525 -0.3538 0.3848
vn -0.8608 0.2527 0.4418
vn -0.8329 -0.3423 0.4349
vn -0.8556 0.0335 -0.5165
vn -0.8581 0.0306 -0.5125
vn -0.8506 -0.0542 -0.5229
vn -0.8635 -0.0746 -0.4988
vn -0.8613 -0.1092 -0.4962
vn -0.8607 0.1295 -0.4924
vn -0.8521 0.1799 -0.4915
vn -0.8525 -0.2300 -0.4694
vn -0.8512 0.2067 -0.4825
vn -0.8673 -0.3034 -0.3946
vn -0.8523 -0.4177 -0.3148
vn -0.9102 0.2678 -0.3159
vn 0.9433 -0.2397 0.2297
vn -0.8449 -0.4851 -0.2257
vn -0.8525 -0.5076 -0.1247
vn -0.9381 0.3226 -0.1261
vn -0.9445 0.3245 -0.0515
vn -0.8646 -0.4913 0.1054
vn -0.8599 -0.4765 0.1830
vn -0.8963 0.2753 0.3477
vn -0.8601 -0.3460 0.3748
vn -0.8695 -0.2450 0.4288
vn -0.8695 0.2119 0.4462
vn -0.8718 -0.2514 0.4203
vn -0.8709 0.2165 0.4412
vn -0.8510 0.1374 0.5068
vn -0.8537 0.1419 0.5011
vn -0.8690 -0.0764 0.4890
vn -0.8507 -0.1223 0.5112
vn -0.8593 -0.1550 0.4874
vn -0.8564 0.0649 0.5122
vn -0.8566 0.0653 0.5119
vn -0.8583 -0.0030 0.5132
vn -0.8562 -0.0063 0.5166
vn -0.8547 -0.0532 0.5164
vn -0.8734 0.0312 -0.4861
vn -0.8727 -0.1348 -0.4693
vn -0.8596 0.1665 -0.4830
vn -0.8695 -0.2051 -0.4493
vn -0.8831 0.2142 -0.4175
vn -0.8838 0.2164 -0.4148
vn -0.9261 0.2840 -0.2484
vn -0.9265 0.2805 -0.2508
vn -0.9299 0.3001 -0.2129
vn -0.9401 0.3024 -0.1574
vn -0.8611 -0.4955 -0.1143
vn 0.9624 -0.2667 0.0520
vn -0.8583 -0.5126 -0.0245
vn -0.8589 -0.5112 0.0300
vn -0.9371 0.3342 0.1008
vn -0.9202 0.3129 0.2351
vn -0.8574 -0.4829 0.1780
vn 0.9574 0.1972 -0.2109
vn -0.9137 0.3093 0.2636
vn -0.9027 0.2901 0.3177
vn -0.8729 -0.4044 0.2728
vn -0.9014 0.2766 0.3332
vn -0.8844 0.2544 0.3914
vn -0.8832 -0.2912 0.3675
vn -0.8821 -0.1585 0.4436
vn -0.8830 0.1388 0.4483
vn -0.8772 0.0246 -0.4794
vn -0.8799 -0.0518 -0.4723
vn -0.8772 0.1020 -0.4692
vn -0.8929 0.1712 -0.4165
vn -0.8892 -0.2093 -0.4069
vn -0.8849 -0.2623 -0.3849
vn -0.8863 0.2182 -0.4084
vn -0.8663 -0.3470 -0.3593
vn -0.8759 -0.3460 -0.3363
vn -0.9063 0.2544 -0.3376
vn -0.9223 0.2709 -0.2756
vn -0.8693 -0.4144 -0.2694
vn -0.8663 -0.4440 -0.2291
vn -0.8674 -0.4964 -0.0348
vn -0.9418 0.3354 0.0216
vn -0.9427 0.3325 0.0272
vn -0.8708 -0.4896 0.0456
vn -0.8680 -0.4867 0.0985
vn -0.9365 0.3263 0.1288
vn -0.8843 -0.3609 0.2964
vn -0.8884 0.2549 0.3819
vn -0.8931 0.2138 0.3958
vn -0.8838 -0.2529 0.3936
vn -0.8873 0.1565 0.4339
vn -0.8967 -0.1297 0.4232
vn -0.8982 0.0669 0.4346
vn -0.9002 -0.0015 0.4355
vn -0.8995 -0.0032 0.4369
vn -0.8920 -0.0778 0.4453
vn -0.9074 0.1050 -0.4071
vn -0.9083 -0.1296 -0.3977
vn -0.9028 0.1560 -0.4007
vn -0.8982 -0.1910 -0.3960
vn -0.8781 -0.3436 -0.3329
vn -0.8956 -0.3526 -0.2710
vn -0.8791 -0.4312 -0.2029
vn -0.8882 -0.4385 -0.1370
vn -0.8804 -0.4738 -0.0208
vn -0.8802 -0.4736 0.0299
vn -0.8865 -0.4162 0.2024
vn -0.9223 0.2621 0.2839
vn -0.9155 0.2599 0.3071
vn -0.9042 -0.3197 0.2832
vn -0.9110 -0.2823 0.3006
vn -0.9175 -0.1906 0.3490
vn -0.9021 0.2026 0.3810
vn -0.9103 0.1612 0.3812
vn -0.9205 -0.0352 -0.3892
vn -0.9166 0.0243 -0.3990
vn -0.9140 -0.0617 -0.4009
vn -0.9161 -0.1119 -0.3850
vn -0.9115 -0.2573 -0.3208
vn -0.9187 0.2044 -0.3381
vn -0.9234 0.2183 -0.3156
vn -0.9077 -0.3382 -0.2484
vn -0.9089 -0.3428 -0.2375
vn -0.8998 -0.4183 -0.1240
vn 0.9887 -0.1252 0.0829
vn -0.9525 0.3030 0.0295
vn -0.9473 0.2969 0.1203
vn -0.9397 0.2673 0.2131
vn -0.8987 -0.3965 0.1876
vn -0.9386 0.2638 0.2225
vn -0.9097 0.2292 0.3462
vn -0.9049 0.1724 0.3892
vn -0.9219 0.0862 0.3778
vn -0.9212 -0.1255 0.3683
vn -0.9258 -0.0127 0.3778
vn -0.9199 -0.1234 0.3723
vn -0.9133 0.0654 0.4019
vn -0.9209 -0.0017 0.3899
vn -0.9252 -0.0602 0.3748
vn -0.9282 -0.0675 0.3660
vn -0.9150 0.0876 -0.3938
vn -0.9181 0.0335 -0.3949
vn -0.9261 0.1635 -0.3399
vn -0.9106 -0.2589 -0.3221
vn -0.9389 0.2363 -0.2504
vn -0.9345 0.2205 -0.2795
vn -0.9403 0.2375 -0.2436
vn -0.9409 0.2554 -0.2226
vn -0.9501 0.2734 -0.1503
vn -0.9511 0.2589 -0.1684
vn -0.9045 -0.4246 -0.0389
vn -0.9589 0.2757 -0.0663
vn -0.9576 0.2838 -0.0506
vn -0.9588 0.2838 0.0138
vn -0.9085 -0.3970 0.1304
vn -0.9525 0.2743 0.1325
vn -0.9523 0.2697 0.1429
vn -0.9223 -0.3203 0.2163
vn -0.9197 0.2160 0.3279
vn -0.9223 0.2295 0.3109
vn -0.9251 -0.2449 0.2901
vn -0.9332 -0.1872 0.3066
vn -0.9265 0.0812 0.3675
vn -0.9411 -0.1160 0.3176
vn -0.9317 -0.1262 -0.3407
vn -0.9341 0.1087 -0.3400
vn -0.9269 0.1622 -0.3383
vn -0.9226 -0.1895 -0.3360
vn -0.9263 -0.1779 -0.3322
vn -0.9247 -0.2641 -0.2740
vn -0.9251 -0.2767 -0.2601
vn -0.9289 -0.3382 -0.1510
vn -0.9271 -0.3507 -0.1321
vn -0.9330 -0.3422 -0.1112
vn -0.9323 -0.3594 -0.0401
vn -0.9223 -0.3856 -0.0247
vn -0.9215 -0.3860 0.0422
vn -0.9257 -0.3740 0.0561
vn -0.9220 -0.3715 0.1093
vn -0.9268 -0.3106 0.2112
vn -0.9420 -0.1307 0.3093
vn -0.9362 -0.1768 0.3037
vn -0.9352 0.1755 0.3075
vn -0.9405 -0.0064 0.3398
vn -0.9419 -0.0733 0.3277
vn -0.9438 -0.0864 0.3190
vn -0.9411 0.0316 0.3367
vn -0.9487 0.0265 -0.3149
vn -0.9501 0.0205 -0.3112
vn -0.9413 -0.0444 -0.3346
vn -0.9455 0.0864 -0.3138
vn -0.9474 -0.0905 -0.3071
vn -0.9490 0.1690 -0.2660
vn -0.9455 -0.2001 -0.2568
vn -0.9455 -0.2515 -0.2070
vn -0.9481 0.2271 -0.2227
vn -0.9601 0.2265 -0.1642
vn -0.9619 0.2715 0.0330
vn -0.9381 -0.3166 0.1404
vn -0.9403 -0.2575 0.2226
vn -0.9425 0.2303 0.2421
vn -0.9407 -0.2524 0.2269
vn -0.9535 -0.1908 0.2332
vn -0.9411 0.1603 0.2979
vn -0.9459 0.1025 0.3079
vn -0.9452 -0.0277 0.3254
vn -0.9623 0.0997 -0.2532
vn -0.9527 -0.0893 -0.2906
vn -0.9677 0.0066 -0.2522
vn -0.9699 -0.0391 -0.2405
vn -0.9535 0.1629 -0.2534
vn -0.9534 0.1627 -0.2541
vn -0.9633 -0.1240 -0.2381
vn -0.9574 -0.1743 -0.2301
vn -0.9537 -0.1864 -0.2360
vn -0.9704 0.1591 -0.1819
vn -0.9518 -0.2650 -0.1541
vn -0.9578 0.2317 -0.1701
vn -0.9698 0.1884 -0.1550
vn -0.9610 -0.2477 -0.1232
vn -0.9598 -0.2595 -0.1067
vn -0.9706 0.2309 -0.0678
vn -0.9521 -0.3048 -0.0223
vn -0.9518 -0.3050 0.0327
vn -0.9556 -0.2644 0.1301
vn -0.9580 -0.2512 0.1386
vn -0.9693 0.2095 0.1289
vn -0.9628 0.1814 0.2004
vn -0.9613 0.1647 0.2209
vn -0.9613 -0.1379 0.2384
vn -0.9584 0.0551 0.2801
vn -0.9532 0.0656 0.2953
vn -0.9703 0.0759 -0.2296
vn -0.9749 -0.0457 -0.2178
vn -0.9728 -0.0960 -0.2110
vn -0.9733 0.0354 -0.2268
vn -0.9844 0.0129 -0.1752
vn -0.9810 0.1133 -0.1575
vn -0.9830 0.0872 -0.1615
vn -0.9829 0.0843 -0.1634
vn -0.9754 -0.1831 -0.1228
vn -0.9741 0.1809 -0.1358
vn -0.9798 -0.1661 -0.1115
vn -0.9800 0.1893 -0.0616
vn -0.9633 -0.2624 -0.0558
vn -0.9776 0.2056 -0.0442
vn -0.9802 -0.1951 -0.0325
vn -0.9774 0.2107 0.0175
vn -0.9787 0.2049 0.0103
vn -0.9813 -0.1888 0.0370
vn -0.9616 -0.2682 0.0589
vn -0.9826 0.1525 0.1059
vn -0.9682 -0.2074 0.1398
vn -0.9776 0.1629 0.1335
vn -0.9791 -0.1381 0.1491
vn -0.9720 -0.1647 0.1674
vn -0.9735 0.0621 0.2201
vn -0.9726 0.0643 0.2234
vn -0.9736 -0.0272 0.2266
vn -0.9705 -0.0062 0.2409
vn -0.9696 -0.0653 0.2357
vn -0.9681 -0.0703 0.2403
vn -0.9846 -0.0185 -0.1741
vn -0.9865 0.0273 -0.1612
vn -0.9856 -0.1060 -0.1317
vn -0.9826 0.1348 -0.1277
vn -0.9922 0.0034 -0.1242
vn -0.9901 -0.0428 -0.1334
vn -0.9907 -0.0678 -0.1181
vn -0.9845 -0.1655 -0.0586
vn -0.9894 0.1311 -0.0617
vn -0.9926 0.1127 -0.0449
vn -0.9948 -0.0982 -0.0265
vn -0.9890 -0.1390 0.0504
vn -0.9798 -0.1952 0.0426
vn -0.9932 0.1157 0.0127
vn -0.9865 0.1594 0.0374
vn -0.9906 0.0794 0.1117
vn -0.9889 -0.0054 0.1487
vn -0.9888 -0.0043 0.1493
vn -0.9851 0.0502 0.1647
vn -0.9871 0.0709 0.1439
vn -0.9856 -0.0684 0.1544
vn -0.9864 -0.0795 0.1440
vn -0.9954 0.0715 -0.0639
vn -0.9980 0.0212 -0.0592
vn -0.9989 0.0091 -0.0455
vn -0.9958 -0.0749 -0.0526
vn -0.9961 0.0772 0.0438
vn -0.9993 0.0084 0.0365
vn -0.9944 -0.1004 0.0331
vn -0.9996 -0.0004 0.0280
vn -0.9952 -0.0853 0.0484
vt 0.310316 0.732496
vt 0.314526 0.729075
vt 0.308463 0.728612
vt 0.303266 0.715060
vt 0.302194 0.723718
vt 0.311262 0.717031
vt 0.310719 0.709449
vt 0.319281 0.716937
vt 0.307027 0.730888
vt 0.294364 0.718610
vt 0.295213 0.711130
vt 0.302301 0.718928
vt 0.270469 0.704436
vt 0.273192 0.699034
vt 0.267734 0.699405
vt 0.294733 0.725779
vt 0.302601 0.727042
vt 0.308755 0.703675
vt 0.313328 0.699743
vt 0.311477 0.694855
vt 0.310889 0.724399
vt 0.304198 0.728979
vt 0.269657 0.696207
vt 0.271159 0.692480
vt 0.319407 0.707111
vt 0.303023 0.708483
vt 0.301454 0.698051
vt 0.297083 0.706887
vt 0.295685 0.728670
vt 0.303812 0.694810
vt 0.317347 0.727249
vt 0.315530 0.704496
vt 0.299681 0.731737
vt 0.306896 0.692879
vt 0.540693 0.248803
vt 0.544750 0.248334
vt 0.542741 0.244941
vt 0.543777 0.252133
vt 0.885817 0.718168
vt 0.886701 0.722466
vt 0.889709 0.718186
vt 0.887358 0.715333
vt 0.889679 0.722273
vt 0.655467 0.836444
vt 0.654237 0.840733
vt 0.653932 0.833758
vt 0.459958 0.597961
vt 0.465612 0.596305
vt 0.461036 0.594800
vt 0.464211 0.600101
vt 0.461553 0.600383
vt 0.465830 0.593646
vt 0.462228 0.591943
vt 0.463963 0.591046
vt 0.906647 0.551143
vt 0.898967 0.536241
vt 0.891271 0.552323
vt 0.881600 0.536156
vt 0.881203 0.550761
vt 0.869640 0.553958
vt 0.868017 0.537227
vt 0.904376 0.522519
vt 0.892030 0.523646
vt 0.881089 0.523570
vt 0.900806 0.569449
vt 0.888957 0.569801
vt 0.871076 0.567775
vt 0.915339 0.535629
vt 0.853844 0.555399
vt 0.867592 0.524170
vt 0.874623 0.507981
vt 0.886454 0.506884
vt 0.928788 0.558552
vt 0.928718 0.566977
vt 0.854414 0.568921
vt 0.948176 0.548146
vt 0.938245 0.534718
vt 0.852019 0.539940
vt 0.932573 0.520806
vt 0.851989 0.523936
vt 0.920960 0.506094
vt 0.858666 0.508817
vt 0.904223 0.505243
vt 0.866579 0.507282
vt 0.886111 0.493765
vt 0.914391 0.584752
vt 0.899396 0.586034
vt 0.881768 0.585705
vt 0.925097 0.576110
vt 0.868941 0.577671
vt 0.853466 0.582049
vt 0.843015 0.556708
vt 0.840491 0.539283
vt 0.960156 0.532606
vt 0.944124 0.518450
vt 0.842877 0.525901
vt 0.939905 0.503874
vt 0.846601 0.507493
vt 0.913788 0.497520
vt 0.934273 0.492106
vt 0.898716 0.490512
vt 0.876143 0.490560
vt 0.910752 0.596820
vt 0.893118 0.596690
vt 0.867973 0.598439
vt 0.864091 0.587424
vt 0.932447 0.584392
vt 0.959921 0.572510
vt 0.840502 0.570434
vt 0.966772 0.564382
vt 0.967353 0.555152
vt 0.835603 0.554393
vt 0.968923 0.546423
vt 0.982587 0.532489
vt 0.961886 0.520091
vt 0.828128 0.525515
vt 0.837588 0.510055
vt 0.966291 0.510861
vt 0.851936 0.492799
vt 0.910138 0.487379
vt 0.863636 0.490799
vt 0.932311 0.485296
vt 0.894574 0.480494
vt 0.886257 0.478498
vt 0.870748 0.480738
vt 0.930815 0.595436
vt 0.852964 0.597514
vt 0.842397 0.583720
vt 0.991729 0.547975
vt 0.825784 0.538576
vt 0.824030 0.547502
vt 0.989314 0.517370
vt 0.981622 0.499368
vt 0.908384 0.479008
vt 0.901940 0.607183
vt 0.881099 0.607227
vt 0.926819 0.606523
vt 0.863532 0.607563
vt 0.974904 0.584098
vt 0.829997 0.586359
vt 0.824392 0.556301
vt 0.825426 0.572578
vt 0.990394 0.511458
vt 0.819284 0.509128
vt 0.984512 0.490498
vt 0.829795 0.493363
vt 0.840018 0.489484
vt 0.854065 0.478143
vt 0.923326 0.475745
vt 0.906438 0.468038
vt 0.871434 0.471850
vt 0.893986 0.466297
vt 0.853381 0.615418
vt 0.957547 0.603873
vt 0.994305 0.574011
vt 0.994584 0.563468
vt 0.997043 0.548807
vt 0.994487 0.531118
vt 0.998768 0.534966
vt 0.807247 0.539165
vt 0.997565 0.512684
vt 0.994570 0.517448
vt 0.807376 0.526097
vt 0.977405 0.482141
vt 0.961699 0.471869
vt 0.880057 0.458708
vt 0.901678 0.616856
vt 0.885942 0.617711
vt 0.866273 0.618109
vt 0.842053 0.601646
vt 0.976188 0.594793
vt 0.827606 0.599573
vt 0.995585 0.584086
vt 0.998084 0.567377
vt 0.310843 0.528063
vt 0.318682 0.528765
vt 0.326875 0.534476
vt 0.339615 0.535621
vt 0.326964 0.529212
vt 0.355827 0.536346
vt 0.359821 0.538496
vt 0.993596 0.498308
vt 0.817800 0.500327
vt 0.833856 0.481360
vt 0.929762 0.464589
vt 0.843476 0.467422
vt 0.872097 0.452407
vt 0.942620 0.617807
vt 0.920721 0.615814
vt 0.926434 0.628628
vt 0.825974 0.607670
vt 0.992372 0.594537
vt 0.999559 0.577345
vt 0.303050 0.522749
vt 0.312215 0.524718
vt 0.803169 0.571413
vt 0.806192 0.554547
vt 0.352161 0.533385
vt 0.373407 0.536954
vt 0.996411 0.490644
vt 0.380135 0.538496
vt 0.993428 0.480481
vt 0.962360 0.458548
vt 0.910158 0.453644
vt 0.859739 0.461202
vt 0.902729 0.453742
vt 0.890149 0.453454
vt 0.910914 0.629458
vt 0.902343 0.633057
vt 0.882497 0.630540
vt 0.859663 0.628509
vt 0.976465 0.613827
vt 0.839469 0.618767
vt 0.983117 0.605338
vt 0.286200 0.514421
vt 0.298074 0.518205
vt 0.812793 0.589128
vt 0.316697 0.522837
vt 0.334969 0.527523
vt 0.349689 0.529288
vt 0.370072 0.534211
vt 0.801893 0.509857
vt 0.383480 0.535679
vt 0.810188 0.491826
vt 0.994041 0.470034
vt 0.948225 0.453490
vt 0.830595 0.471371
vt 0.936719 0.453966
vt 0.839144 0.454475
vt 0.852568 0.452682
vt 0.897465 0.439405
vt 0.886735 0.447343
vt 0.998392 0.597401
vt 0.809456 0.599701
vt 0.804079 0.585922
vt 0.300220 0.515099
vt 0.793298 0.557083
vt 0.059303 0.998392
vt 0.042196 0.995322
vt 0.059764 0.994055
vt 0.793037 0.539652
vt 0.074474 0.996986
vt 0.369042 0.529852
vt 0.379996 0.533184
vt 0.392994 0.536662
vt 0.996647 0.476523
vt 0.813371 0.475313
vt 0.977700 0.463058
vt 0.745420 0.767099
vt 0.755547 0.776786
vt 0.746498 0.785648
vt 0.757093 0.792878
vt 0.754555 0.802049
vt 0.758193 0.822311
vt 0.759948 0.845829
vt 0.746156 0.843772
vt 0.937440 0.636974
vt 0.971301 0.625947
vt 0.996216 0.611491
vt 0.289620 0.512435
vt 0.302535 0.512040
vt 0.039984 0.999345
vt 0.022374 0.995032
vt 0.792909 0.571635
vt 0.054762 0.858694
vt 0.040726 0.846604
vt 0.056961 0.850080
vt 0.084052 0.987095
vt 0.094541 0.995182
vt 0.070952 0.988728
vt 0.079476 0.857995
vt 0.080968 0.847470
vt 0.091721 0.857617
vt 0.791894 0.508473
vt 0.792400 0.525045
vt 0.796977 0.498927
vt 0.393035 0.533666
vt 0.398654 0.534489
vt 0.998223 0.470223
vt 0.995341 0.468022
vt 0.830220 0.454577
vt 0.933578 0.441786
vt 0.871123 0.436910
vt 0.738713 0.811230
vt 0.741674 0.830280
vt 0.757315 0.867126
vt 0.741623 0.857002
vt 0.821491 0.619644
vt 0.811065 0.616784
vt 0.279448 0.508367
vt 0.280805 0.506171
vt 0.286846 0.507839
vt 0.037995 0.987620
vt 0.793469 0.584562
vt 0.055978 0.977674
vt 0.070126 0.977027
vt 0.099619 0.988512
vt 0.110697 0.997587
vt 0.384888 0.531432
vt 0.798213 0.479818
vt 0.994094 0.458110
vt 0.975485 0.448984
vt 0.821331 0.461023
vt 0.948719 0.446090
vt 0.912721 0.437745
vt 0.845615 0.440594
vt 0.886516 0.438189
vt 0.735069 0.781879
vt 0.736552 0.795226
vt 0.736046 0.730667
vt 0.747823 0.730261
vt 0.745441 0.867266
vt 0.838721 0.629102
vt 0.995463 0.623410
vt 0.999250 0.617760
vt 0.999532 0.606915
vt 0.290471 0.505155
vt 0.028180 0.857732
vt 0.028576 0.843766
vt 0.777556 0.539557
vt 0.777216 0.556956
vt 0.058607 0.966855
vt 0.070753 0.966054
vt 0.777660 0.510927
vt 0.786320 0.491355
vt 0.396112 0.527389
vt 0.398770 0.530113
vt 0.407384 0.530478
vt 0.400948 0.537254
vt 0.820237 0.449340
vt 0.916251 0.428151
vt 0.892679 0.420215
vt 0.881419 0.426718
vt 0.731864 0.770193
vt 0.733934 0.706718
vt 0.743899 0.705346
vt 0.748115 0.700242
vt 0.754809 0.701332
vt 0.271470 0.499097
vt 0.271023 0.502581
vt 0.271559 0.496174
vt 0.801850 0.616166
vt 0.791352 0.599492
vt 0.289389 0.499426
vt 0.027090 0.905617
vt 0.018104 0.904230
vt 0.019871 0.888058
vt 0.020215 0.986592
vt 0.029502 0.978307
vt 0.778525 0.525708
vt 0.109798 0.989886
vt 0.119813 0.990764
vt 0.122666 0.996088
vt 0.414596 0.529873
vt 0.805982 0.460090
vt 0.998739 0.451598
vt 0.994584 0.446409
vt 0.970459 0.435544
vt 0.938077 0.431424
vt 0.830568 0.442301
vt 0.908341 0.420488
vt 0.855722 0.429446
vt 0.870928 0.428582
vt 0.727797 0.744418
vt 0.725250 0.842496
vt 0.751575 0.886899
vt 0.262116 0.492767
vt 0.276925 0.495470
vt 0.006488 0.867497
vt 0.008358 0.856545
vt 0.018713 0.854516
vt 0.018230 0.836974
vt 0.775805 0.583956
vt 0.776950 0.573209
vt 0.067562 0.815016
vt 0.079548 0.828058
vt 0.066904 0.830248
vt 0.124350 0.999552
vt 0.124692 0.992424
vt 0.414713 0.523590
vt 0.807701 0.452138
vt 0.725366 0.808496
vt 0.723550 0.819082
vt 0.725287 0.831586
vt 0.732439 0.868103
vt 0.740769 0.885095
vt 0.734762 0.702111
vt 0.262680 0.488857
vt 0.800580 0.632420
vt 0.463310 0.874541
vt 0.455531 0.880469
vt 0.464125 0.890711
vt 0.787455 0.479945
vt 0.142861 0.996088
vt 0.793535 0.457659
vt 0.998431 0.443264
vt 0.989897 0.436815
vt 0.811190 0.434353
vt 0.928357 0.418669
vt 0.844164 0.427533
vt 0.863173 0.422210
vt 0.883973 0.410850
vt 0.738886 0.897001
vt 0.745709 0.905008
vt 0.818853 0.631332
vt 0.764102 0.508976
vt 0.121460 0.974428
vt 0.128359 0.981201
vt 0.119976 0.985124
vt 0.414241 0.519686
vt 0.421924 0.522721
vt 0.421759 0.527347
vt 0.996178 0.433644
vt 0.849996 0.416178
vt 0.866460 0.411736
vt 0.718189 0.768606
vt 0.722037 0.792618
vt 0.268743 0.489372
vt 0.787438 0.621296
vt 0.275203 0.487940
vt 0.467742 0.875300
vt 0.462071 0.861355
vt 0.775601 0.599673
vt 0.788881 0.611691
vt 0.764655 0.557848
vt 0.764144 0.525830
vt 0.769588 0.489798
vt 0.436201 0.517102
vt 0.434196 0.521794
vt 0.998183 0.428367
vt 0.993148 0.423685
vt 0.824129 0.429213
vt 0.832471 0.419548
vt 0.898943 0.412312
vt 0.716071 0.744617
vt 0.721776 0.852921
vt 0.722659 0.716927
vt 0.252461 0.480821
vt 0.466617 0.857069
vt 0.772481 0.612434
vt 0.763311 0.574291
vt 0.037823 0.797738
vt 0.048521 0.788790
vt 0.055381 0.799526
vt 0.108125 0.810614
vt 0.123272 0.808502
vt 0.121137 0.818729
vt 0.776110 0.471165
vt 0.783609 0.458497
vt 0.800267 0.441082
vt 0.966774 0.422527
vt 0.958284 0.414433
vt 0.921359 0.410614
vt 0.900221 0.405482
vt 0.712173 0.810842
vt 0.710776 0.792896
vt 0.721429 0.864882
vt 0.728456 0.886993
vt 0.718495 0.707889
vt 0.719356 0.704550
vt 0.259718 0.479042
vt 0.341263 0.881849
vt 0.340218 0.868358
vt 0.327263 0.873789
vt 0.762682 0.540529
vt 0.752628 0.559671
vt 0.141357 0.972890
vt 0.816362 0.417484
vt 0.850535 0.402476
vt 0.714720 0.832789
vt 0.711376 0.842824
vt 0.717530 0.880349
vt 0.709007 0.719887
vt 0.738484 0.920528
vt 0.733495 0.908115
vt 0.461264 0.847366
vt 0.455042 0.859329
vt 0.444322 0.863814
vt 0.454199 0.868755
vt 0.427174 0.515065
vt 0.780092 0.447021
vt 0.435284 0.513717
vt 0.788489 0.439079
vt 0.797530 0.424982
vt 0.936004 0.403370
vt 0.828623 0.405761
vt 0.876933 0.392495
vt 0.250748 0.472939
vt 0.724644 0.902589
vt 0.262734 0.474964
vt 0.465524 0.839248
vt 0.752409 0.576811
vt 0.081724 0.778777
vt 0.093830 0.777549
vt 0.091783 0.792180
vt 0.751298 0.504965
vt 0.756079 0.495496
vt 0.997057 0.410057
vt 0.154396 0.863387
vt 0.158462 0.853024
vt 0.167247 0.861499
vt 0.883889 0.391347
vt 0.710363 0.861301
vt 0.245863 0.470147
vt 0.453121 0.843443
vt 0.771251 0.622531
vt 0.784142 0.634337
vt 0.433028 0.847997
vt 0.434820 0.861786
vt 0.755751 0.609551
vt 0.766396 0.470224
vt 0.758065 0.483196
vt 0.769153 0.457073
vt 0.449361 0.514238
vt 0.924345 0.394994
vt 0.859221 0.391719
vt 0.703021 0.773476
vt 0.700591 0.844098
vt 0.708618 0.707761
vt 0.714518 0.896458
vt 0.250309 0.467386
vt 0.724233 0.916907
vt 0.743993 0.937335
vt 0.724758 0.932697
vt 0.069116 0.777687
vt 0.082720 0.766320
vt 0.151936 0.993226
vt 0.166193 0.996675
vt 0.156586 0.998166
vt 0.434566 0.508760
vt 0.158279 0.842733
vt 0.169664 0.850058
vt 0.962851 0.398166
vt 0.896229 0.388288
vt 0.699456 0.805498
vt 0.349646 0.847644
vt 0.335933 0.846675
vt 0.293884 0.870932
vt 0.283759 0.871154
vt 0.293434 0.880962
vt 0.273883 0.882424
vt 0.262923 0.894232
vt 0.273541 0.897440
vt 0.037523 0.775668
vt 0.038128 0.763826
vt 0.046223 0.775901
vt 0.055552 0.775909
vt 0.051988 0.763980
vt 0.068579 0.765285
vt 0.110307 0.771870
vt 0.101138 0.779791
vt 0.756925 0.457470
vt 0.139150 0.817121
vt 0.141982 0.807227
vt 0.157560 0.815493
vt 0.763515 0.446889
vt 0.455712 0.498770
vt 0.455238 0.502182
vt 0.778476 0.428483
vt 0.453870 0.508504
vt 0.813669 0.397253
vt 0.825946 0.394838
vt 0.849789 0.391850
vt 0.696518 0.818436
vt 0.702027 0.829807
vt 0.705625 0.882991
vt 0.694905 0.706888
vt 0.706655 0.705332
vt 0.696159 0.710538
vt 0.239310 0.460452
vt 0.240448 0.456330
vt 0.320778 0.848207
vt 0.274470 0.869955
vt 0.716706 0.446372
vt 0.703075 0.433100
vt 0.711924 0.452625
vt 0.097315 0.765495
vt 0.113891 0.779246
vt 0.613142 0.409732
vt 0.597016 0.418537
vt 0.622068 0.415025
vt 0.601247 0.407616
vt 0.770726 0.432648
vt 0.445178 0.504347
vt 0.987470 0.396809
vt 0.957452 0.387203
vt 0.806485 0.418053
vt 0.643813 0.373447
vt 0.631167 0.362122
vt 0.636963 0.374664
vt 0.619366 0.373041
vt 0.691148 0.776070
vt 0.699740 0.789645
vt 0.691677 0.724662
vt 0.251688 0.460551
vt 0.451216 0.832463
vt 0.443511 0.847000
vt 0.263468 0.879096
vt 0.251485 0.886521
vt 0.250845 0.896923
vt 0.269714 0.095445
vt 0.277263 0.090105
vt 0.284614 0.103834
vt 0.140770 0.795876
vt 0.160109 0.804051
vt 0.999567 0.402716
vt 0.797453 0.411411
vt 0.784708 0.407115
vt 0.803646 0.397688
vt 0.921657 0.380767
vt 0.688112 0.843192
vt 0.690520 0.752716
vt 0.464346 0.821464
vt 0.459130 0.822970
vt 0.459810 0.831951
vt 0.382595 0.843221
vt 0.377598 0.832141
vt 0.366272 0.844811
vt 0.333350 0.835871
vt 0.390607 0.846712
vt 0.416353 0.834275
vt 0.294447 0.150537
vt 0.285509 0.153119
vt 0.291989 0.135837
vt 0.285821 0.136097
vt 0.274450 0.121413
vt 0.288642 0.118349
vt 0.277114 0.109544
vt 0.115198 0.759624
vt 0.123487 0.786273
vt 0.125240 0.771776
vt 0.132062 0.783879
vt 0.460966 0.500423
vt 0.177945 0.835474
vt 0.180618 0.849350
vt 0.954709 0.373769
vt 0.241914 0.452870
vt 0.706774 0.908937
vt 0.708182 0.920690
vt 0.389547 0.827155
vt 0.450009 0.823648
vt 0.440679 0.833798
vt 0.305311 0.846201
vt 0.293166 0.844635
vt 0.292903 0.858973
vt 0.294550 0.161667
vt 0.285105 0.170268
vt 0.262566 0.077262
vt 0.135160 0.775883
vt 0.145868 0.782176
vt 0.146613 0.791645
vt 0.771878 0.408764
vt 0.999532 0.388666
vt 0.975238 0.381563
vt 0.793672 0.398826
vt 0.679721 0.359540
vt 0.659188 0.338887
vt 0.655734 0.369753
vt 0.610606 0.341592
vt 0.610117 0.372317
vt 0.699381 0.863137
vt 0.694748 0.883241
vt 0.684459 0.711812
vt 0.700899 0.898441
vt 0.363123 0.833631
vt 0.345585 0.834432
vt 0.253689 0.871183
vt 0.292663 0.172633
vt 0.267096 0.107672
vt 0.261684 0.098651
vt 0.757425 0.436793
vt 0.760490 0.421690
vt 0.760813 0.353246
vt 0.757466 0.351085
vt 0.760783 0.364597
vt 0.584895 0.356112
vt 0.573980 0.370585
vt 0.586375 0.371343
vt 0.603527 0.356091
vt 0.682298 0.812062
vt 0.688035 0.792965
vt 0.688946 0.808568
vt 0.676045 0.747318
vt 0.678790 0.708276
vt 0.457219 0.809302
vt 0.438482 0.818601
vt 0.722935 0.945556
vt 0.706404 0.934483
vt 0.739516 0.464269
vt 0.729285 0.455153
vt 0.724757 0.468568
vt 0.274194 0.854839
vt 0.263325 0.863893
vt 0.276859 0.137958
vt 0.127362 0.761231
vt 0.166331 0.790824
vt 0.456166 0.494322
vt 0.689146 0.343646
vt 0.641761 0.342092
vt 0.231638 0.446392
vt 0.234082 0.444721
vt 0.245421 0.448782
vt 0.462650 0.808604
vt 0.373210 0.817967
vt 0.349683 0.819464
vt 0.331493 0.825639
vt 0.430303 0.818693
vt 0.429785 0.832736
vt 0.314422 0.835819
vt 0.301101 0.833722
vt 0.275931 0.164430
vt 0.275903 0.153717
vt 0.265648 0.137816
vt 0.263748 0.124747
vt 0.146193 0.769333
vt 0.468735 0.488648
vt 0.732346 0.349985
vt 0.731821 0.335817
vt 0.710997 0.347013
vt 0.716299 0.359435
vt 0.362331 0.817941
vt 0.449013 0.809748
vt 0.290308 0.188905
vt 0.278437 0.189469
vt 0.252716 0.088529
vt 0.752437 0.338611
vt 0.594904 0.337500
vt 0.624118 0.341793
vt 0.233395 0.439823
vt 0.236284 0.439955
vt 0.691260 0.912818
vt 0.385848 0.808539
vt 0.313086 0.825070
vt 0.437975 0.808293
vt 0.419875 0.822854
vt 0.292557 0.832195
vt 0.280959 0.836064
vt 0.263049 0.847918
vt 0.255715 0.855823
vt 0.248027 0.081896
vt 0.256285 0.066019
vt 0.246997 0.067788
vt 0.244607 0.058464
vt 0.248409 0.045778
vt 0.558151 0.414194
vt 0.543349 0.415008
vt 0.551763 0.427295
vt 0.758454 0.338279
vt 0.471852 0.491087
vt 0.734096 0.337900
vt 0.569519 0.339403
vt 0.564317 0.368104
vt 0.687108 0.332835
vt 0.461326 0.795792
vt 0.334265 0.814292
vt 0.299589 0.817957
vt 0.272879 0.839858
vt 0.281344 0.202368
vt 0.273303 0.180897
vt 0.256967 0.112482
vt 0.531100 0.366169
vt 0.516157 0.357903
vt 0.515395 0.372751
vt 0.200997 0.996045
vt 0.204444 0.999339
vt 0.192177 0.999359
vt 0.467163 0.486345
vt 0.557771 0.339856
vt 0.554622 0.365862
vt 0.699687 0.331982
vt 0.690540 0.894353
vt 0.675145 0.884128
vt 0.226133 0.434955
vt 0.324779 0.813001
vt 0.416128 0.809315
vt 0.430184 0.804362
vt 0.263687 0.173507
vt 0.265815 0.157573
vt 0.249108 0.099588
vt 0.242045 0.074796
vt 0.155413 0.782583
vt 0.179778 0.778399
vt 0.464394 0.485044
vt 0.581909 0.336871
vt 0.658194 0.335022
vt 0.228777 0.433934
vt 0.456672 0.798086
vt 0.343550 0.805624
vt 0.418044 0.792146
vt 0.270410 0.830179
vt 0.251874 0.127326
vt 0.247964 0.114942
vt 0.478468 0.482199
vt 0.758431 0.326691
vt 0.743230 0.324837
vt 0.723148 0.325371
vt 0.680157 0.325467
vt 0.640787 0.328744
vt 0.630517 0.328721
vt 0.611399 0.330509
vt 0.376598 0.800200
vt 0.353925 0.799960
vt 0.450571 0.794057
vt 0.443464 0.798428
vt 0.308279 0.814275
vt 0.289826 0.820318
vt 0.279741 0.822849
vt 0.257507 0.145072
vt 0.477820 0.477449
vt 0.737740 0.326559
vt 0.228710 0.426659
vt 0.234310 0.424989
vt 0.454527 0.788632
vt 0.334133 0.801252
vt 0.321596 0.799699
vt 0.257579 0.838032
vt 0.248702 0.837740
vt 0.250024 0.856170
vt 0.257570 0.158054
vt 0.240232 0.104163
vt 0.625745 0.451542
vt 0.599957 0.448396
vt 0.599677 0.458399
vt 0.235529 0.086808
vt 0.237173 0.082425
vt 0.232439 0.062997
vt 0.229237 0.052503
vt 0.234642 0.047257
vt 0.467741 0.477552
vt 0.473057 0.477342
vt 0.530153 0.348221
vt 0.752692 0.317255
vt 0.538646 0.346897
vt 0.706119 0.322119
vt 0.684003 0.325477
vt 0.669594 0.321257
vt 0.595446 0.330053
vt 0.652776 0.325002
vt 0.371904 0.793114
vt 0.393475 0.797520
vt 0.436357 0.789353
vt 0.427778 0.789001
vt 0.269209 0.208202
vt 0.266349 0.196393
vt 0.842009 0.017457
vt 0.838668 0.019248
vt 0.844723 0.019248
vt 0.235161 0.072616
vt 0.237233 0.035326
vt 0.225552 0.031354
vt 0.226031 0.016856
vt 0.668627 0.713595
vt 0.648628 0.716241
vt 0.653313 0.710778
vt 0.221286 0.423213
vt 0.287995 0.808486
vt 0.256222 0.193179
vt 0.254433 0.174478
vt 0.461867 0.590442
vt 0.580769 0.989545
vt 0.584525 0.990353
vt 0.582172 0.991060
vt 0.480734 0.471292
vt 0.485780 0.473010
vt 0.534201 0.331319
vt 0.744622 0.316826
vt 0.687696 0.319342
vt 0.579633 0.327088
vt 0.666969 0.885382
vt 0.665676 0.897311
vt 0.461957 0.783331
vt 0.278278 0.809865
vt 0.269391 0.818801
vt 0.273300 0.236876
vt 0.264001 0.231706
vt 0.280109 0.224082
vt 0.250706 0.156652
vt 0.244017 0.130287
vt 0.239595 0.119183
vt 0.215563 0.057344
vt 0.532219 0.424490
vt 0.538420 0.444816
vt 0.542476 0.433414
vt 0.484540 0.469854
vt 0.757306 0.314452
vt 0.200684 0.815073
vt 0.212761 0.812330
vt 0.211723 0.827360
vt 0.558872 0.325832
vt 0.642131 0.316628
vt 0.223577 0.420850
vt 0.342107 0.791977
vt 0.448276 0.784281
vt 0.389657 0.788850
vt 0.306320 0.788349
vt 0.258198 0.208567
vt 0.217183 0.072371
vt 0.211383 0.028334
vt 0.662435 0.310545
vt 0.612571 0.318072
vt 0.630710 0.313985
vt 0.224897 0.416250
vt 0.228098 0.418604
vt 0.453201 0.775847
vt 0.443405 0.777826
vt 0.271834 0.219283
vt 0.211068 0.045433
vt 0.207102 0.013847
vt 0.528876 0.450480
vt 0.480262 0.466900
vt 0.539467 0.322412
vt 0.723967 0.306303
vt 0.547719 0.322435
vt 0.594102 0.310987
vt 0.219413 0.409398
vt 0.362491 0.782535
vt 0.344401 0.784173
vt 0.332793 0.787339
vt 0.296596 0.785905
vt 0.267868 0.808678
vt 0.258248 0.812378
vt 0.258790 0.824442
vt 0.258465 0.222523
vt 0.464815 0.568802
vt 0.464363 0.566273
vt 0.459407 0.565996
vt 0.244199 0.179870
vt 0.231199 0.116470
vt 0.226423 0.099215
vt 0.215081 0.064004
vt 0.755346 0.301450
vt 0.744038 0.299763
vt 0.568059 0.312334
vt 0.653116 0.894963
vt 0.232310 0.408983
vt 0.394250 0.776275
vt 0.377371 0.783203
vt 0.320240 0.784352
vt 0.419550 0.775047
vt 0.435332 0.776628
vt 0.672480 0.928102
vt 0.678650 0.938219
vt 0.659309 0.938277
vt 0.244590 0.193076
vt 0.235743 0.179352
vt 0.236180 0.154912
vt 0.232435 0.131841
vt 0.487198 0.461459
vt 0.675901 0.299340
vt 0.220891 0.405859
vt 0.459032 0.768135
vt 0.451039 0.769089
vt 0.428266 0.767338
vt 0.209505 0.079774
vt 0.539516 0.456115
vt 0.494360 0.458361
vt 0.756700 0.296750
vt 0.688831 0.294655
vt 0.640871 0.306066
vt 0.223615 0.406782
vt 0.226828 0.402942
vt 0.378115 0.769912
vt 0.284616 0.783786
vt 0.671874 0.948476
vt 0.245957 0.223201
vt 0.244723 0.208589
vt 0.199830 0.039822
vt 0.515616 0.437119
vt 0.505090 0.444777
vt 0.993492 0.686361
vt 0.995863 0.690770
vt 0.996972 0.678539
vt 0.522246 0.323310
vt 0.519337 0.336576
vt 0.486316 0.456204
vt 0.490656 0.457132
vt 0.491782 0.143688
vt 0.492647 0.150210
vt 0.491782 0.155327
vt 0.580096 0.307600
vt 0.617493 0.303469
vt 0.633342 0.748944
vt 0.650753 0.764119
vt 0.647880 0.781483
vt 0.637015 0.712633
vt 0.628807 0.710550
vt 0.639467 0.709052
vt 0.357947 0.772356
vt 0.256971 0.794175
vt 0.245074 0.235752
vt 0.238593 0.205003
vt 0.464077 0.555392
vt 0.465142 0.551034
vt 0.462485 0.552230
vt 0.449408 0.559239
vt 0.451254 0.551881
vt 0.448596 0.544604
vt 0.452794 0.556996
vt 0.218435 0.115741
vt 0.214092 0.096431
vt 0.203995 0.061186
vt 0.200614 0.051679
vt 0.194557 0.026069
vt 0.806699 0.661410
vt 0.807922 0.680830
vt 0.815331 0.652479
vt 0.750167 0.296553
vt 0.748962 0.300590
vt 0.746405 0.296640
vt 0.558268 0.300513
vt 0.720803 0.297260
vt 0.658099 0.301452
vt 0.629322 0.297244
vt 0.608502 0.299069
vt 0.415376 0.766681
vt 0.445764 0.761941
vt 0.465273 0.546546
vt 0.222929 0.143666
vt 0.204474 0.071133
vt 0.215898 0.399307
vt 0.335062 0.765548
vt 0.395518 0.766206
vt 0.312734 0.772563
vt 0.436944 0.764462
vt 0.271988 0.785360
vt 0.265597 0.785477
vt 0.253210 0.247395
vt 0.244701 0.245857
vt 0.235249 0.192948
vt 0.451462 0.544473
vt 0.782489 0.655838
vt 0.780860 0.668476
vt 0.793142 0.658690
vt 0.744737 0.293586
vt 0.540650 0.308089
vt 0.640862 0.291959
vt 0.220075 0.389971
vt 0.223354 0.395273
vt 0.462948 0.761263
vt 0.460190 0.755190
vt 0.326036 0.768540
vt 0.451931 0.753719
vt 0.302025 0.775662
vt 0.265127 0.246668
vt 0.251173 0.260186
vt 0.453891 0.537538
vt 0.191676 0.015457
vt 0.795513 0.672085
vt 0.497983 0.459531
vt 0.517029 0.459434
vt 0.492518 0.447279
vt 0.531506 0.313073
vt 0.722109 0.288938
vt 0.569328 0.300649
vt 0.463796 0.541909
vt 0.462864 0.535649
vt 0.223564 0.180720
vt 0.197112 0.105776
vt 0.497255 0.444499
vt 0.465260 0.753554
vt 0.372516 0.759786
vt 0.356106 0.762018
vt 0.438728 0.753538
vt 0.427079 0.756823
vt 0.412796 0.756798
vt 0.292169 0.771843
vt 0.242886 0.259741
vt 0.235134 0.219095
vt 0.192922 0.059687
vt 0.179775 0.038674
vt 0.174765 0.024803
vt 0.490033 0.440456
vt 0.518965 0.306594
vt 0.738216 0.274955
vt 0.593050 0.285183
vt 0.615500 0.284375
vt 0.215844 0.388538
vt 0.221694 0.386094
vt 0.394091 0.759537
vt 0.445992 0.751187
vt 0.746523 0.529352
vt 0.738191 0.524342
vt 0.740726 0.542111
vt 0.221302 0.211269
vt 0.181723 0.046770
vt 0.496645 0.441528
vt 0.520873 0.294830
vt 0.500924 0.438835
vt 0.750588 0.274149
vt 0.626942 0.859312
vt 0.640576 0.857049
vt 0.629547 0.871835
vt 0.459415 0.745163
vt 0.275768 0.774820
vt 0.229080 0.236348
vt 0.455079 0.526472
vt 0.451866 0.533810
vt 0.213296 0.203490
vt 0.210767 0.167140
vt 0.190135 0.085592
vt 0.171795 0.012947
vt 0.189936 0.002774
vt 0.168650 0.000504
vt 0.757218 0.275368
vt 0.530789 0.294077
vt 0.706551 0.276465
vt 0.574909 0.288648
vt 0.661587 0.279120
vt 0.636387 0.833059
vt 0.622555 0.839499
vt 0.616048 0.825837
vt 0.217976 0.383724
vt 0.321300 0.759320
vt 0.309455 0.761274
vt 0.415484 0.744680
vt 0.301507 0.763066
vt 0.429621 0.746423
vt 0.250492 0.273749
vt 0.237595 0.277899
vt 0.229315 0.246181
vt 0.683496 0.520104
vt 0.682116 0.523968
vt 0.684691 0.525238
vt 0.465830 0.532616
vt 0.464750 0.527288
vt 0.451898 0.522830
vt 0.197050 0.152640
vt 0.204498 0.133107
vt 0.185705 0.071991
vt 0.547855 0.467559
vt 0.534411 0.465031
vt 0.535283 0.482858
vt 0.502692 0.475141
vt 0.682624 0.278599
vt 0.641656 0.283244
vt 0.627783 0.282666
vt 0.610775 0.734290
vt 0.625169 0.727264
vt 0.612518 0.744027
vt 0.618339 0.714109
vt 0.606795 0.712647
vt 0.618148 0.708725
vt 0.226279 0.377274
vt 0.461752 0.736273
vt 0.355138 0.750838
vt 0.334035 0.755122
vt 0.385206 0.748420
vt 0.452870 0.738225
vt 0.442324 0.739937
vt 0.224257 0.224016
vt 0.542886 0.291965
vt 0.558082 0.290275
vt 0.370746 0.744288
vt 0.289735 0.761669
vt 0.270305 0.768087
vt 0.228986 0.255951
vt 0.683490 0.531726
vt 0.685602 0.530891
vt 0.464530 0.521372
vt 0.456389 0.517817
vt 0.452882 0.517010
vt 0.174263 0.030551
vt 0.506264 0.295776
vt 0.260966 0.773509
vt 0.231383 0.269077
vt 0.181698 0.061458
vt 0.497995 0.431873
vt 0.671295 0.268885
vt 0.216348 0.371103
vt 0.220109 0.368390
vt 0.318547 0.741904
vt 0.309064 0.747787
vt 0.299394 0.747301
vt 0.209834 0.197991
vt 0.171067 0.053607
vt 0.495812 0.423527
vt 0.502423 0.427426
vt 0.754470 0.257074
vt 0.706109 0.261310
vt 0.557401 0.271275
vt 0.607441 0.273507
vt 0.398076 0.733384
vt 0.429083 0.734083
vt 0.279655 0.750953
vt 0.693334 0.533574
vt 0.696706 0.540466
vt 0.696588 0.533722
vt 0.685732 0.537426
vt 0.167818 0.041111
vt 0.159578 0.025581
vt 0.155903 0.011673
vt 0.719960 0.258416
vt 0.591897 0.274153
vt 0.641042 0.269091
vt 0.617892 0.269265
vt 0.222301 0.367743
vt 0.352936 0.730266
vt 0.219933 0.284979
vt 0.686443 0.544893
vt 0.694335 0.543696
vt 0.199106 0.166818
vt 0.542413 0.487220
vt 0.541651 0.504052
vt 0.550473 0.493812
vt 0.518296 0.277417
vt 0.505266 0.286821
vt 0.498811 0.425360
vt 0.578020 0.271166
vt 0.340541 0.738373
vt 0.288749 0.747876
vt 0.213552 0.241852
vt 0.209326 0.226417
vt 0.208053 0.214516
vt 0.173998 0.098911
vt 0.504185 0.412458
vt 0.758913 0.263527
vt 0.546607 0.273357
vt 0.680182 0.259590
vt 0.225317 0.362095
vt 0.465667 0.745292
vt 0.464379 0.721559
vt 0.459816 0.717152
vt 0.453698 0.723122
vt 0.443406 0.725109
vt 0.427779 0.726444
vt 0.213674 0.251158
vt 0.204895 0.241493
vt 0.177336 0.141667
vt 0.159671 0.087828
vt 0.146917 0.028956
vt 0.746332 0.255198
vt 0.532804 0.275758
vt 0.661736 0.258552
vt 0.211162 0.277126
vt 0.217485 0.259996
vt 0.694867 0.553919
vt 0.697226 0.550786
vt 0.683022 0.547773
vt 0.160481 0.073098
vt 0.298033 0.740559
vt 0.267076 0.748892
vt 0.219788 0.298284
vt 0.685825 0.553894
vt 0.692725 0.554131
vt 0.155419 0.060455
vt 0.150368 0.048667
vt 0.151477 0.044125
vt 0.637123 0.248512
vt 0.626533 0.249186
vt 0.215830 0.350447
vt 0.222283 0.354523
vt 0.334058 0.731180
vt 0.320683 0.733758
vt 0.309842 0.734952
vt 0.403541 0.716135
vt 0.373368 0.731853
vt 0.204841 0.253124
vt 0.199521 0.209809
vt 0.196274 0.195634
vt 0.755176 0.239465
vt 0.604119 0.251364
vt 0.219661 0.350065
vt 0.342650 0.723633
vt 0.315112 0.731166
vt 0.296204 0.734248
vt 0.288354 0.731409
vt 0.277823 0.736623
vt 0.202031 0.236874
vt 0.530705 0.493106
vt 0.516314 0.508500
vt 0.529276 0.509893
vt 0.746855 0.242032
vt 0.519347 0.260651
vt 0.565869 0.254900
vt 0.577889 0.253821
vt 0.590769 0.252981
vt 0.224849 0.350083
vt 0.365805 0.720770
vt 0.388185 0.716614
vt 0.439514 0.714049
vt 0.205479 0.292006
vt 0.202638 0.277228
vt 0.202478 0.264224
vt 0.199837 0.224767
vt 0.536553 0.512718
vt 0.140800 0.015804
vt 0.151688 0.000448
vt 0.503068 0.405478
vt 0.720180 0.244424
vt 0.538343 0.257774
vt 0.694993 0.245107
vt 0.670310 0.247012
vt 0.343723 0.716307
vt 0.452617 0.712272
vt 0.691898 0.564492
vt 0.392985 0.420775
vt 0.406959 0.408296
vt 0.384992 0.396470
vt 0.156143 0.127038
vt 0.137528 0.001370
vt 0.501993 0.397012
vt 0.507488 0.402506
vt 0.510476 0.405556
vt 0.547385 0.256693
vt 0.558311 0.256093
vt 0.659189 0.248066
vt 0.324246 0.719863
vt 0.214154 0.315702
vt 0.209087 0.311316
vt 0.204984 0.305012
vt 0.684702 0.560110
vt 0.173972 0.174147
vt 0.161893 0.151932
vt 0.819766 0.716425
vt 0.814865 0.726859
vt 0.827604 0.727828
vt 0.328411 0.716503
vt 0.225916 0.334054
vt 0.440002 0.702952
vt 0.193180 0.235158
vt 0.191986 0.221332
vt 0.173041 0.210815
vt 0.171466 0.196693
vt 0.136246 0.041462
vt 0.212885 0.338980
vt 0.204117 0.332320
vt 0.214614 0.329259
vt 0.365699 0.714527
vt 0.228763 0.340225
vt 0.465546 0.699939
vt 0.461433 0.698200
vt 0.451187 0.702872
vt 0.191691 0.254581
vt 0.191033 0.243879
vt 0.205796 0.342715
vt 0.201101 0.321126
vt 0.410873 0.704777
vt 0.683495 0.572288
vt 0.141105 0.085794
vt 0.132817 0.072782
vt 0.134607 0.032093
vt 0.504781 0.389762
vt 0.508838 0.379127
vt 0.753068 0.227079
vt 0.745786 0.228289
vt 0.543011 0.253985
vt 0.716438 0.232278
vt 0.698548 0.234139
vt 0.675681 0.233701
vt 0.388312 0.700381
vt 0.190559 0.280137
vt 0.188954 0.266155
vt 0.688843 0.574836
vt 0.692481 0.575870
vt 0.695673 0.563417
vt 0.155230 0.108647
vt 0.624680 0.234852
vt 0.325687 0.709565
vt 0.198000 0.345654
vt 0.198081 0.341222
vt 0.344897 0.703237
vt 0.228527 0.331024
vt 0.436924 0.696586
vt 0.192474 0.305341
vt 0.192716 0.293597
vt 0.133882 0.056501
vt 0.123941 0.019912
vt 0.127807 0.005562
vt 0.511105 0.388141
vt 0.756460 0.221231
vt 0.655653 0.232357
vt 0.634023 0.234150
vt 0.598231 0.229383
vt 0.226171 0.327382
vt 0.194204 0.327786
vt 0.371482 0.703250
vt 0.457120 0.691119
vt 0.449606 0.693050
vt 0.679583 0.577324
vt 0.124849 0.037564
vt 0.814895 0.746173
vt 0.545863 0.241023
vt 0.232272 0.331568
vt 0.464934 0.690863
vt 0.416028 0.695889
vt 0.177864 0.229574
vt 0.688167 0.580062
vt 0.117832 0.005653
vt 0.538477 0.244700
vt 0.538169 0.230124
vt 0.711812 0.217731
vt 0.319832 0.704608
vt 0.182603 0.317464
vt 0.181889 0.292900
vt 0.180609 0.276324
vt 0.179620 0.256487
vt 0.172212 0.248727
vt 0.173195 0.224679
vt 0.140393 0.107094
vt 0.434134 0.428630
vt 0.453345 0.424148
vt 0.446798 0.415879
vt 0.133854 0.096137
vt 0.750558 0.217566
vt 0.522931 0.243096
vt 0.695297 0.219278
vt 0.548774 0.230873
vt 0.193463 0.348258
vt 0.183945 0.342611
vt 0.176621 0.265311
vt 0.684192 0.583542
vt 0.121328 0.053111
vt 0.557606 0.231538
vt 0.572814 0.230638
vt 0.589122 0.229407
vt 0.330561 0.694916
vt 0.181311 0.334666
vt 0.181572 0.326539
vt 0.396365 0.686463
vt 0.466948 0.680461
vt 0.460856 0.680196
vt 0.436733 0.685607
vt 0.182191 0.305906
vt 0.449596 0.682616
vt 0.180532 0.282464
vt 0.685927 0.587208
vt 0.354268 0.323755
vt 0.360550 0.319404
vt 0.353315 0.322779
vt 0.125198 0.060232
vt 0.504205 0.510231
vt 0.501652 0.536393
vt 0.519159 0.537768
vt 0.117063 0.034653
vt 0.114033 0.025566
vt 0.506914 0.376703
vt 0.109587 0.014730
vt 0.755288 0.210095
vt 0.742551 0.212602
vt 0.673658 0.221346
vt 0.636097 0.227941
vt 0.623230 0.228275
vt 0.610326 0.227741
vt 0.570298 0.815421
vt 0.559992 0.806423
vt 0.568941 0.797009
vt 0.315677 0.697906
vt 0.353656 0.692869
vt 0.232215 0.314696
vt 0.377483 0.689258
vt 0.676139 0.583820
vt 0.680927 0.588792
vt 0.157587 0.214118
vt 0.152318 0.181392
vt 0.146407 0.151318
vt 0.144745 0.131360
vt 0.512543 0.377634
vt 0.656716 0.224024
vt 0.183396 0.352835
vt 0.234079 0.317039
vt 0.234655 0.321002
vt 0.465028 0.671930
vt 0.515175 0.243720
vt 0.522958 0.229497
vt 0.513661 0.228243
vt 0.318688 0.685461
vt 0.179487 0.354969
vt 0.352798 0.686155
vt 0.345700 0.681131
vt 0.227953 0.317247
vt 0.467949 0.671195
vt 0.173864 0.306031
vt 0.164024 0.271430
vt 0.502994 0.379448
vt 0.502595 0.369163
vt 0.508218 0.366021
vt 0.753411 0.201912
vt 0.329625 0.683620
vt 0.170518 0.344031
vt 0.171228 0.336068
vt 0.388635 0.677844
vt 0.171367 0.317140
vt 0.460375 0.669788
vt 0.446997 0.670429
vt 0.440291 0.671197
vt 0.429613 0.670962
vt 0.171414 0.293028
vt 0.164935 0.280779
vt 0.672834 0.589743
vt 0.118017 0.092669
vt 0.100446 0.039600
vt 0.697291 0.204726
vt 0.673468 0.206617
vt 0.655256 0.208646
vt 0.636941 0.214644
vt 0.304671 0.683925
vt 0.295853 0.685188
vt 0.414178 0.671320
vt 0.238335 0.312177
vt 0.677208 0.595111
vt 0.364218 0.321494
vt 0.372975 0.316694
vt 0.367153 0.316241
vt 0.116594 0.077532
vt 0.521660 0.215075
vt 0.790906 0.751318
vt 0.799466 0.766630
vt 0.801041 0.752008
vt 0.548722 0.215853
vt 0.575857 0.213100
vt 0.589710 0.212050
vt 0.154899 0.260176
vt 0.155092 0.229138
vt 0.669754 0.594359
vt 0.132973 0.128154
vt 0.124489 0.113147
vt 0.102731 0.053751
vt 0.727220 0.203903
vt 0.535469 0.216337
vt 0.559963 0.214374
vt 0.367579 0.671841
vt 0.239472 0.303960
vt 0.398399 0.666106
vt 0.672506 0.598690
vt 0.672936 0.601800
vt 0.144994 0.204723
vt 0.125883 0.169701
vt 0.504219 0.359121
vt 0.472428 0.532891
vt 0.471886 0.544783
vt 0.484853 0.544855
vt 0.759189 0.197577
vt 0.512417 0.215679
vt 0.618996 0.211356
vt 0.604214 0.211857
vt 0.347479 0.671998
vt 0.300938 0.676086
vt 0.229674 0.309455
vt 0.163514 0.303260
vt 0.162405 0.291678
vt 0.666275 0.598686
vt 0.131760 0.187719
vt 0.091887 0.028101
vt 0.755012 0.189471
vt 0.736381 0.193303
vt 0.632804 0.209931
vt 0.339659 0.664498
vt 0.329575 0.667456
vt 0.318621 0.669772
vt 0.291306 0.674619
vt 0.159820 0.337269
vt 0.159938 0.326741
vt 0.157697 0.315212
vt 0.461917 0.657673
vt 0.455319 0.660899
vt 0.445141 0.661618
vt 0.154666 0.245355
vt 0.125689 0.150948
vt 0.108386 0.073957
vt 0.105227 0.063418
vt 0.506214 0.353548
vt 0.507744 0.353978
vt 0.758562 0.184866
vt 0.709120 0.197917
vt 0.236314 0.299901
vt 0.242373 0.293859
vt 0.243000 0.301633
vt 0.246528 0.301693
vt 0.467011 0.658013
vt 0.420822 0.661188
vt 0.667291 0.603564
vt 0.118205 0.125846
vt 0.993298 0.800188
vt 0.994262 0.791026
vt 0.988834 0.789514
vt 0.958993 0.780097
vt 0.935278 0.789843
vt 0.957263 0.790087
vt 0.303416 0.668845
vt 0.432436 0.660488
vt 0.672267 0.607223
vt 0.679434 0.608556
vt 0.684899 0.595239
vt 0.661921 0.601085
vt 0.111821 0.118748
vt 0.090757 0.054703
vt 0.487160 0.559471
vt 0.501239 0.551003
vt 0.539094 0.203057
vt 0.374704 0.656319
vt 0.146709 0.334269
vt 0.444657 0.654033
vt 0.153381 0.301487
vt 0.149567 0.276030
vt 0.664052 0.608816
vt 0.659081 0.607852
vt 0.107324 0.091847
vt 0.085089 0.047179
vt 0.474137 0.562360
vt 0.502007 0.350385
vt 0.753219 0.178913
vt 0.523748 0.202882
vt 0.688055 0.190366
vt 0.670881 0.192754
vt 0.654576 0.195932
vt 0.644700 0.196732
vt 0.351050 0.662332
vt 0.290611 0.662089
vt 0.146586 0.324930
vt 0.247081 0.292427
vt 0.402196 0.656702
vt 0.248958 0.294422
vt 0.455950 0.649395
vt 0.153668 0.289958
vt 0.145613 0.266552
vt 0.145964 0.249459
vt 0.142467 0.237576
vt 0.655835 0.604180
vt 0.134924 0.216819
vt 0.556944 0.564981
vt 0.553044 0.571439
vt 0.563836 0.580837
vt 0.099439 0.088040
vt 0.500869 0.564090
vt 0.079943 0.032661
vt 0.091129 0.016861
vt 0.783389 0.769760
vt 0.776384 0.787161
vt 0.788436 0.784649
vt 0.697842 0.186040
vt 0.820503 0.785223
vt 0.820991 0.766109
vt 0.817431 0.779025
vt 0.550868 0.202459
vt 0.569002 0.199512
vt 0.587971 0.198380
vt 0.580642 0.199100
vt 0.633840 0.198026
vt 0.617576 0.193156
vt 0.599205 0.196553
vt 0.322184 0.660359
vt 0.147056 0.312177
vt 0.114068 0.144613
vt 0.095684 0.074291
vt 0.084586 0.068948
vt 0.504114 0.344134
vt 0.722808 0.177643
vt 0.300818 0.656591
vt 0.240965 0.290121
vt 0.247130 0.288811
vt 0.427181 0.646120
vt 0.400582 0.314940
vt 0.404895 0.311101
vt 0.391705 0.313722
vt 0.455698 0.384415
vt 0.462370 0.393416
vt 0.462370 0.373653
vt 0.755982 0.171595
vt 0.346169 0.655003
vt 0.322909 0.650193
vt 0.381712 0.649136
vt 0.405694 0.647240
vt 0.254816 0.286896
vt 0.470279 0.641301
vt 0.463454 0.639158
vt 0.449051 0.639516
vt 0.133614 0.283665
vt 0.143165 0.257728
vt 0.456410 0.370167
vt 0.096676 0.117880
vt 0.487743 0.570008
vt 0.504080 0.334933
vt 0.507880 0.341094
vt 0.526146 0.194512
vt 0.509360 0.197360
vt 0.910991 0.788284
vt 0.893281 0.793264
vt 0.903418 0.799299
vt 0.652713 0.178308
vt 0.369603 0.640583
vt 0.131893 0.319130
vt 0.456923 0.630974
vt 0.442491 0.640246
vt 0.128956 0.237899
vt 0.127734 0.198748
vt 0.407771 0.321068
vt 0.408327 0.317883
vt 0.107144 0.137627
vt 0.753405 0.163687
vt 0.564194 0.187238
vt 0.129373 0.329580
vt 0.131872 0.297350
vt 0.132385 0.252816
vt 0.112192 0.165819
vt 0.085016 0.092674
vt 0.498950 0.339731
vt 0.498179 0.328232
vt 0.545474 0.186877
vt 0.632695 0.179819
vt 0.290092 0.645120
vt 0.247472 0.281639
vt 0.257347 0.278992
vt 0.131578 0.308282
vt 0.469280 0.630786
vt 0.129654 0.261028
vt 0.122539 0.225437
vt 0.123256 0.210787
vt 0.419327 0.317550
vt 0.418726 0.323242
vt 0.415208 0.325257
vt 0.450234 0.364387
vt 0.452685 0.360515
vt 0.444552 0.353773
vt 0.459216 0.362299
vt 0.098122 0.128282
vt 0.071264 0.059838
vt 0.501745 0.330278
vt 0.827869 0.798993
vt 0.816884 0.801205
vt 0.683396 0.172799
vt 0.669181 0.175687
vt 0.337886 0.642219
vt 0.322737 0.642167
vt 0.301972 0.643828
vt 0.385543 0.638640
vt 0.425144 0.633218
vt 0.406622 0.636360
vt 0.129844 0.279001
vt 0.117067 0.190041
vt 0.428337 0.335326
vt 0.431218 0.332846
vt 0.440030 0.346574
vt 0.452678 0.350761
vt 0.079738 0.081843
vt 0.493713 0.326384
vt 0.065911 0.048007
vt 0.478620 0.580492
vt 0.758388 0.164311
vt 0.532781 0.184889
vt 0.701904 0.169522
vt 0.554481 0.186677
vt 0.595678 0.183810
vt 0.587061 0.185542
vt 0.254509 0.276961
vt 0.262620 0.280123
vt 0.439901 0.629554
vt 0.450760 0.629777
vt 0.432800 0.327551
vt 0.445582 0.340803
vt 0.104237 0.155322
vt 0.502466 0.571893
vt 0.491001 0.582001
vt 0.505357 0.583649
vt 0.520612 0.180603
vt 0.730198 0.164063
vt 0.575747 0.185296
vt 0.611554 0.182147
vt 0.465712 0.624463
vt 0.116725 0.213372
vt 0.268120 0.271521
vt 0.127530 0.268636
vt 0.116566 0.239645
vt 0.106528 0.175697
vt 0.086984 0.132755
vt 0.084367 0.120144
vt 0.498227 0.320246
vt 0.754186 0.148540
vt 0.956031 0.824524
vt 0.934264 0.812250
vt 0.934137 0.820303
vt 0.325358 0.634510
vt 0.367469 0.631828
vt 0.317231 0.635143
vt 0.383772 0.628092
vt 0.299666 0.633703
vt 0.118882 0.324556
vt 0.117398 0.313670
vt 0.408851 0.628630
vt 0.123763 0.302534
vt 0.264302 0.270220
vt 0.982029 0.110814
vt 0.976861 0.116627
vt 0.973900 0.103565
vt 0.121910 0.287912
vt 0.118877 0.252884
vt 0.092009 0.148516
vt 0.064129 0.088606
vt 0.497869 0.598810
vt 0.481083 0.592729
vt 0.729717 0.153979
vt 0.687680 0.159649
vt 0.573106 0.170551
vt 0.563095 0.175125
vt 0.636214 0.170127
vt 0.587853 0.173103
vt 0.614985 0.172646
vt 0.264264 0.265127
vt 0.408887 0.620480
vt 0.967051 0.115000
vt 0.956827 0.102310
vt 0.967623 0.103994
vt 0.118401 0.262111
vt 0.105487 0.197901
vt 0.551000 0.594272
vt 0.555070 0.609605
vt 0.560709 0.607875
vt 0.490734 0.314933
vt 0.503692 0.319455
vt 0.050316 0.047909
vt 0.062445 0.033983
vt 0.543549 0.168326
vt 0.667890 0.163803
vt 0.650834 0.163013
vt 0.626232 0.169231
vt 0.114447 0.335385
vt 0.471856 0.620597
vt 0.466741 0.606584
vt 0.956785 0.114952
vt 0.095316 0.173158
vt 0.072008 0.121724
vt 0.063385 0.075583
vt 0.490934 0.309411
vt 0.051014 0.066102
vt 0.794016 0.818622
vt 0.785439 0.802067
vt 0.783347 0.820071
vt 0.552593 0.159051
vt 0.601142 0.166014
vt 0.344957 0.620472
vt 0.273797 0.263940
vt 0.924455 0.104995
vt 0.470178 0.608372
vt 0.118581 0.270952
vt 0.108538 0.231231
vt 0.619335 0.622108
vt 0.599296 0.619392
vt 0.625436 0.630337
vt 0.092677 0.160579
vt 0.494974 0.303384
vt 0.754246 0.137327
vt 0.728025 0.141928
vt 0.532803 0.162352
vt 0.335329 0.620876
vt 0.368388 0.620063
vt 0.110435 0.321417
vt 0.927298 0.113025
vt 0.111167 0.288835
vt 0.277917 0.265310
vt 0.981973 0.128180
vt 0.974959 0.130289
vt 0.114572 0.276851
vt 0.103433 0.217730
vt 0.097695 0.186502
vt 0.077740 0.131718
vt 0.052920 0.077349
vt 0.489046 0.300397
vt 0.756739 0.129195
vt 0.516833 0.160967
vt 0.690177 0.150949
vt 0.325000 0.621396
vt 0.314905 0.619525
vt 0.383024 0.619324
vt 0.061322 0.726994
vt 0.064192 0.751057
vt 0.053853 0.749330
vt 0.049178 0.726556
vt 0.107342 0.298356
vt 0.966153 0.131165
vt 0.096498 0.203988
vt 0.863651 0.821305
vt 0.853524 0.806839
vt 0.851484 0.826032
vt 0.667433 0.154771
vt 0.637657 0.152313
vt 0.898619 0.100716
vt 0.274313 0.258325
vt 0.284910 0.253791
vt 0.954209 0.123828
vt 0.104361 0.266061
vt 0.064899 0.108260
vt 0.485050 0.305241
vt 0.486005 0.311967
vt 0.614845 0.157223
vt 0.595113 0.157024
vt 0.273289 0.253715
vt 0.931276 0.126876
vt 0.285034 0.257488
vt 0.981017 0.142779
vt 0.104746 0.254464
vt 0.103648 0.242675
vt 0.079225 0.154350
vt 0.986974 0.847507
vt 0.988374 0.859542
vt 0.991507 0.843325
vt 0.484305 0.298739
vt 0.539676 0.152896
vt 0.672012 0.145349
vt 0.560423 0.157178
vt 0.582704 0.157119
vt 0.094646 0.344317
vt 0.365814 0.609045
vt 0.101296 0.305616
vt 0.895124 0.113176
vt 0.955007 0.137425
vt 0.471886 0.597117
vt 0.973039 0.143373
vt 0.097414 0.226499
vt 0.054524 0.090869
vt 0.479484 0.297373
vt 0.040116 0.062218
vt 0.731141 0.130197
vt 0.526580 0.147949
vt 0.695026 0.139976
vt 0.567613 0.156040
vt 0.626815 0.151934
vt 0.324781 0.609180
vt 0.087659 0.335772
vt 0.879752 0.108060
vt 0.096102 0.312893
vt 0.913067 0.120969
vt 0.102637 0.279466
vt 0.962684 0.143854
vt 0.470213 0.588630
vt 0.985075 0.145125
vt 0.754004 0.122031
vt 0.699790 0.131057
vt 0.651066 0.149008
vt 0.610295 0.149526
vt 0.346186 0.609407
vt 0.333982 0.611044
vt 0.061889 0.701925
vt 0.070524 0.716990
vt 0.286957 0.250602
vt 0.292109 0.253991
vt 0.095851 0.215690
vt 0.085844 0.194731
vt 0.082837 0.176208
vt 0.062989 0.140487
vt 0.987525 0.868975
vt 0.974788 0.852614
vt 0.972446 0.865387
vt 0.966258 0.850735
vt 0.956726 0.858285
vt 0.579773 0.146075
vt 0.080478 0.348964
vt 0.093286 0.299073
vt 0.282288 0.248263
vt 0.287603 0.247574
vt 0.293391 0.249354
vt 0.093803 0.242791
vt 0.068397 0.157169
vt 0.059521 0.125490
vt 0.053836 0.112227
vt 0.479558 0.285208
vt 0.850554 0.841447
vt 0.863659 0.830220
vt 0.675121 0.132034
vt 0.587937 0.142838
vt 0.066941 0.675920
vt 0.881009 0.120305
vt 0.080416 0.327185
vt 0.906047 0.128827
vt 0.091736 0.286606
vt 0.945173 0.147875
vt 0.929643 0.140544
vt 0.093257 0.270882
vt 0.980345 0.156518
vt 0.970479 0.158598
vt 0.092489 0.259540
vt 0.083502 0.207518
vt 0.471946 0.287291
vt 0.477069 0.288441
vt 0.993715 0.872995
vt 0.993987 0.859817
vt 0.978850 0.350802
vt 0.988882 0.357027
vt 0.975217 0.363157
vt 0.043759 0.095416
vt 0.955377 0.870448
vt 0.970320 0.358868
vt 0.958068 0.362413
vt 0.489485 0.289390
vt 0.934251 0.854699
vt 0.941102 0.865152
vt 0.045137 0.078104
vt 0.031828 0.077669
vt 0.755226 0.113152
vt 0.789999 0.846700
vt 0.802559 0.837607
vt 0.791681 0.834549
vt 0.550450 0.142084
vt 0.662148 0.136026
vt 0.649718 0.138073
vt 0.571339 0.142865
vt 0.641122 0.140052
vt 0.336356 0.599420
vt 0.871239 0.117784
vt 0.859939 0.105098
vt 0.858954 0.117461
vt 0.894267 0.128006
vt 0.301522 0.246092
vt 0.986562 0.157547
vt 0.085805 0.217596
vt 0.071930 0.180352
vt 0.046164 0.110778
vt 0.987555 0.347507
vt 0.724066 0.115170
vt 0.906853 0.848581
vt 0.908816 0.861960
vt 0.537211 0.138668
vt 0.524201 0.134044
vt 0.560407 0.140721
vt 0.619659 0.139627
vt 0.600628 0.141234
vt 0.849010 0.114171
vt 0.065799 0.354969
vt 0.070305 0.339971
vt 0.085050 0.305231
vt 0.300821 0.242183
vt 0.086351 0.251088
vt 0.080857 0.223822
vt 0.970031 0.349577
vt 0.467802 0.277078
vt 0.036252 0.097401
vt 0.485638 0.283072
vt 0.798372 0.851066
vt 0.700402 0.122169
vt 0.088242 0.753580
vt 0.097352 0.750944
vt 0.093280 0.756043
vt 0.961313 0.158652
vt 0.985031 0.170877
vt 0.073636 0.199417
vt 0.463943 0.277766
vt 0.993369 0.886073
vt 0.987497 0.878923
vt 0.945909 0.371083
vt 0.943704 0.361394
vt 0.479343 0.275810
vt 0.659513 0.126344
vt 0.082265 0.290770
vt 0.301179 0.237127
vt 0.925712 0.152248
vt 0.311288 0.239484
vt 0.313665 0.241374
vt 0.978914 0.172388
vt 0.972621 0.177689
vt 0.081688 0.239794
vt 0.055333 0.140431
vt 0.050659 0.130202
vt 0.992623 0.340167
vt 0.986491 0.337424
vt 0.977048 0.337565
vt 0.967260 0.338814
vt 0.469268 0.273207
vt 0.955369 0.352182
vt 0.026921 0.091148
vt 0.932367 0.861429
vt 0.918349 0.872984
vt 0.703087 0.107759
vt 0.680149 0.115298
vt 0.648289 0.125554
vt 0.639962 0.125300
vt 0.578425 0.133309
vt 0.627450 0.128632
vt 0.845716 0.131287
vt 0.834578 0.116208
vt 0.878814 0.134400
vt 0.066888 0.320633
vt 0.898767 0.142541
vt 0.081550 0.279840
vt 0.939931 0.161047
vt 0.960350 0.174324
vt 0.968083 0.175159
vt 0.073178 0.209990
vt 0.058332 0.160460
vt 0.492471 0.638917
vt 0.516923 0.628377
vt 0.499926 0.627623
vt 0.467861 0.268621
vt 0.837110 0.857027
vt 0.837658 0.839134
vt 0.821599 0.847605
vt 0.861175 0.132706
vt 0.075570 0.299765
vt 0.081318 0.265292
vt 0.312990 0.236268
vt 0.063503 0.182430
vt 0.983516 0.327173
vt 0.974715 0.326414
vt 0.034191 0.111292
vt 0.922559 0.369226
vt 0.914235 0.357070
vt 0.522229 0.120599
vt 0.508585 0.114099
vt 0.511844 0.129610
vt 0.795954 0.866963
vt 0.787261 0.860988
vt 0.686449 0.103915
vt 0.874716 0.867206
vt 0.875608 0.853887
vt 0.861398 0.862370
vt 0.565814 0.124410
vt 0.611269 0.127154
vt 0.599524 0.124800
vt 0.587347 0.130357
vt 0.878833 0.145737
vt 0.071110 0.284249
vt 0.070735 0.271434
vt 0.073160 0.255160
vt 0.322938 0.235461
vt 0.986525 0.181918
vt 0.983738 0.182608
vt 0.978453 0.183056
vt 0.072538 0.239914
vt 0.076451 0.230519
vt 0.041200 0.125440
vt 0.987222 0.324499
vt 0.991715 0.327503
vt 0.965637 0.326249
vt 0.459227 0.268602
vt 0.455445 0.268536
vt 0.929901 0.348666
vt 0.748852 0.093596
vt 0.728457 0.096842
vt 0.755300 0.105142
vt 0.808561 0.854022
vt 0.835577 0.131710
vt 0.056061 0.333510
vt 0.922070 0.165355
vt 0.316615 0.230491
vt 0.939451 0.176397
vt 0.960751 0.182091
vt 0.969498 0.194105
vt 0.066228 0.215626
vt 0.064777 0.201934
vt 0.056737 0.167544
vt 0.048050 0.145456
vt 0.041091 0.134443
vt 0.983886 0.313807
vt 0.975760 0.307585
vt 0.456174 0.260934
vt 0.955075 0.337507
vt 0.472057 0.266332
vt 0.014005 0.091356
vt 0.020133 0.078359
vt 0.786001 0.874794
vt 0.894947 0.878933
vt 0.715705 0.109119
vt 0.888627 0.868944
vt 0.647228 0.112297
vt 0.627092 0.117484
vt 0.073885 0.660636
vt 0.070446 0.648225
vt 0.087908 0.657631
vt 0.056904 0.312876
vt 0.062134 0.291538
vt 0.895118 0.154031
vt 0.110673 0.753547
vt 0.128629 0.751115
vt 0.128140 0.753682
vt 0.323045 0.231188
vt 0.331815 0.229535
vt 0.979361 0.192118
vt 0.049717 0.165148
vt 0.988768 0.314358
vt 0.971496 0.310183
vt 0.964779 0.316606
vt 0.992647 0.318595
vt 0.450144 0.261283
vt 0.952608 0.326859
vt 0.022296 0.102975
vt 0.756789 0.081694
vt 0.729638 0.078130
vt 0.732880 0.088679
vt 0.531614 0.111217
vt 0.512849 0.100734
vt 0.898881 0.368501
vt 0.805618 0.871267
vt 0.540194 0.111105
vt 0.534970 0.124734
vt 0.817480 0.873942
vt 0.819838 0.859863
vt 0.609826 0.117283
vt 0.844898 0.145297
vt 0.859693 0.145329
vt 0.936880 0.186888
vt 0.958019 0.192522
vt 0.985222 0.194769
vt 0.335368 0.232970
vt 0.054932 0.184667
vt 0.951098 0.315825
vt 0.030455 0.122674
vt 0.793910 0.876620
vt 0.896674 0.359516
vt 0.876479 0.884123
vt 0.834877 0.866548
vt 0.861184 0.873367
vt 0.846317 0.871243
vt 0.587350 0.116132
vt 0.577113 0.118574
vt 0.635701 0.107331
vt 0.833343 0.146573
vt 0.044340 0.323722
vt 0.905359 0.164842
vt 0.061330 0.245342
vt 0.979852 0.203773
vt 0.976766 0.205945
vt 0.967872 0.204413
vt 0.063695 0.226967
vt 0.986607 0.305184
vt 0.981078 0.300588
vt 0.038571 0.147798
vt 0.991503 0.306615
vt 0.440816 0.253766
vt 0.445155 0.252210
vt 0.450834 0.253176
vt 0.465895 0.260001
vt 0.019637 0.113898
vt 0.692925 0.082408
vt 0.695708 0.093941
vt 0.865256 0.157046
vt 0.049574 0.304209
vt 0.878605 0.159003
vt 0.061424 0.276312
vt 0.910861 0.179044
vt 0.328474 0.225772
vt 0.346652 0.227969
vt 0.346251 0.231331
vt 0.984815 0.206022
vt 0.967218 0.213183
vt 0.055582 0.214720
vt 0.052434 0.204580
vt 0.983612 0.295087
vt 0.987572 0.296792
vt 0.971020 0.288392
vt 0.963556 0.305788
vt 0.027558 0.137052
vt 0.927448 0.336880
vt 0.922656 0.330770
vt 0.757179 0.072023
vt 0.741305 0.066568
vt 0.905573 0.346103
vt 0.011894 0.103904
vt 0.805722 0.886364
vt 0.834367 0.880105
vt 0.576387 0.106772
vt 0.565186 0.108201
vt 0.610962 0.105653
vt 0.835249 0.156354
vt 0.053745 0.282786
vt 0.061453 0.261629
vt 0.931478 0.195423
vt 0.340151 0.225188
vt 0.955291 0.204546
vt 0.056187 0.236263
vt 0.982785 0.214328
vt 0.977119 0.221290
vt 0.978587 0.227209
vt 0.969435 0.224722
vt 0.045783 0.187799
vt 0.042136 0.173701
vt 0.040310 0.163992
vt 0.986355 0.284670
vt 0.980788 0.285514
vt 0.962390 0.295063
vt 0.430087 0.246856
vt 0.430794 0.250742
vt 0.523323 0.653294
vt 0.517413 0.666248
vt 0.535594 0.668599
vt 0.932836 0.321823
vt 0.452189 0.249180
vt 0.788099 0.355891
vt 0.799920 0.355723
vt 0.789392 0.367830
vt 0.797399 0.367903
vt 0.810753 0.360799
vt 0.880107 0.366309
vt 0.885249 0.353767
vt 0.858967 0.884096
vt 0.844712 0.882594
vt 0.676664 0.089088
vt 0.672900 0.100462
vt 0.555418 0.101638
vt 0.551931 0.115675
vt 0.846143 0.156114
vt 0.888258 0.168264
vt 0.141451 0.752687
vt 0.148791 0.751249
vt 0.153652 0.754647
vt 0.351065 0.225516
vt 0.052551 0.229253
vt 0.354452 0.232940
vt 0.360879 0.231088
vt 0.984660 0.220966
vt 0.959958 0.224707
vt 0.957211 0.212933
vt 0.982740 0.227368
vt 0.978853 0.272984
vt 0.969547 0.270335
vt 0.983771 0.272583
vt 0.420778 0.242250
vt 0.430429 0.243082
vt 0.989308 0.283688
vt 0.948975 0.305105
vt 0.908872 0.336501
vt 0.693069 0.071612
vt 0.008623 0.114629
vt 0.877005 0.357417
vt 0.816766 0.887645
vt 0.036908 0.297707
vt 0.046911 0.287239
vt 0.050391 0.267612
vt 0.931237 0.206682
vt 0.363574 0.225008
vt 0.365789 0.228568
vt 0.987206 0.225894
vt 0.960411 0.239636
vt 0.984410 0.245381
vt 0.968086 0.240518
vt 0.979558 0.244704
vt 0.971265 0.253579
vt 0.979558 0.257354
vt 0.982641 0.258240
vt 0.960928 0.270066
vt 0.961448 0.283700
vt 0.408891 0.237277
vt 0.415517 0.236492
vt 0.988455 0.270639
vt 0.949101 0.293850
vt 0.027963 0.149282
vt 0.440524 0.241825
vt 0.756901 0.058782
vt 0.730451 0.054345
vt 0.788904 0.345306
vt 0.864694 0.356818
vt 0.862783 0.367718
vt 0.855418 0.358596
vt 0.848633 0.369251
vt 0.839267 0.360938
vt 0.838256 0.371083
vt 0.821703 0.361451
vt 0.035110 0.319941
vt 0.874896 0.169565
vt 0.890308 0.182790
vt 0.050726 0.249587
vt 0.167378 0.753424
vt 0.352887 0.222319
vt 0.930951 0.215076
vt 0.945072 0.225048
vt 0.376624 0.227547
vt 0.384201 0.233762
vt 0.386905 0.230337
vt 0.961634 0.255167
vt 0.395826 0.233388
vt 0.987620 0.256795
vt 0.947377 0.282912
vt 0.418282 0.235845
vt 0.029059 0.168335
vt 0.425359 0.237178
vt 0.928263 0.303440
vt 0.920560 0.314101
vt 0.018054 0.130137
vt 0.798777 0.343460
vt 0.889941 0.333909
vt 0.572609 0.092471
vt 0.845741 0.172080
vt 0.834737 0.170079
vt 0.860255 0.170676
vt 0.817482 0.167638
vt 0.894596 0.197504
vt 0.043494 0.235516
vt 0.365819 0.222568
vt 0.044399 0.219176
vt 0.945868 0.236852
vt 0.388778 0.227672
vt 0.038486 0.205266
vt 0.034273 0.192505
vt 0.947858 0.254429
vt 0.946688 0.266174
vt 0.946583 0.274016
vt 0.931341 0.294446
vt 0.427575 0.235532
vt 0.016223 0.149044
vt 0.005879 0.137984
vt 0.893956 0.326363
vt 0.808797 0.340611
vt 0.874478 0.343806
vt 0.825514 0.349238
vt 0.847000 0.347804
vt 0.662112 0.074248
vt 0.655987 0.099635
vt 0.649320 0.085250
vt 0.646810 0.097280
vt 0.028419 0.288883
vt 0.035374 0.278158
vt 0.043030 0.253189
vt 0.171088 0.748601
vt 0.181053 0.754025
vt 0.924513 0.225590
vt 0.394722 0.226057
vt 0.931145 0.242486
vt 0.016767 0.158295
vt 0.797239 0.325018
vt 0.819283 0.338746
vt 0.860237 0.346721
vt 0.838352 0.345149
vt 0.876208 0.180862
vt 0.883213 0.188719
vt 0.040823 0.265901
vt 0.905030 0.207953
vt 0.931935 0.256892
vt 0.019874 0.181562
vt 0.410237 0.229382
vt 0.238914 0.750501
vt 0.243032 0.733749
vt 0.253344 0.750616
vt 0.903117 0.316731
vt 0.907397 0.304184
vt 0.808026 0.331065
vt 0.644382 0.073748
vt 0.635874 0.084369
vt 0.619785 0.083828
vt 0.628668 0.103184
vt 0.836610 0.180134
vt 0.856207 0.182409
vt 0.816752 0.179456
vt 0.869190 0.190374
vt 0.034133 0.247030
vt 0.895280 0.217783
vt 0.035297 0.225362
vt 0.915363 0.240949
vt 0.028817 0.212262
vt 0.919762 0.273655
vt 0.911557 0.283975
vt 0.017228 0.169337
vt 0.005358 0.153965
vt 0.874078 0.334236
vt 0.864870 0.335596
vt 0.853634 0.337162
vt 0.845198 0.336955
vt 0.023043 0.277153
vt 0.142815 0.714230
vt 0.152834 0.689946
vt 0.151634 0.721360
vt 0.029670 0.262542
vt 0.032704 0.239513
vt 0.023439 0.195843
vt 0.904072 0.294555
vt 0.798166 0.309276
vt 0.788214 0.322849
vt 0.787793 0.307636
vt 0.806603 0.319301
vt 0.879090 0.317835
vt 0.833771 0.327877
vt 0.843427 0.189384
vt 0.830807 0.188511
vt 0.854126 0.190927
vt 0.812868 0.191144
vt 0.870643 0.201266
vt 0.027576 0.228824
vt 0.903138 0.229727
vt 0.914137 0.259346
vt 0.007992 0.171709
vt 0.890347 0.305352
vt 0.818731 0.317815
vt 0.865918 0.317436
vt 0.643032 0.063184
vt 0.882502 0.210851
vt 0.020280 0.254699
vt 0.023262 0.241227
vt 0.020908 0.217235
vt 0.015208 0.202699
vt 0.010569 0.184965
vt 0.900126 0.272580
vt 0.785900 0.290752
vt 0.797131 0.299164
vt 0.853363 0.320384
vt 0.845133 0.321495
vt 0.836269 0.321259
vt 0.143389 0.676323
vt 0.153402 0.663952
vt 0.843136 0.201475
vt 0.854379 0.200718
vt 0.831975 0.200049
vt 0.821990 0.205144
vt 0.812863 0.209905
vt 0.801806 0.209420
vt 0.868153 0.210978
vt 0.011814 0.248643
vt 0.889105 0.228083
vt 0.015973 0.231444
vt 0.897149 0.245235
vt 0.898755 0.258200
vt 0.795725 0.275151
vt 0.799499 0.288848
vt 0.000433 0.189752
vt 0.895037 0.285543
vt 0.888855 0.294137
vt 0.808156 0.304181
vt 0.881955 0.301517
vt 0.872981 0.305331
vt 0.687512 0.056271
vt 0.690075 0.044657
vt 0.658844 0.051611
vt 0.845171 0.212066
vt 0.832941 0.211925
vt 0.805549 0.218731
vt 0.878359 0.226628
vt 0.006354 0.236570
vt 0.885550 0.235595
vt 0.009132 0.215248
vt 0.198125 0.690820
vt 0.212370 0.695904
vt 0.211303 0.723366
vt 0.003058 0.202767
vt 0.882841 0.274675
vt 0.803706 0.278090
vt 0.261534 0.705606
vt 0.252660 0.686448
vt 0.261097 0.682634
vt 0.819604 0.307319
vt 0.834577 0.304074
vt 0.856748 0.299029
vt 0.852849 0.303997
vt 0.628902 0.063586
vt 0.632090 0.050605
vt 0.617819 0.064645
vt 0.605394 0.065950
vt 0.605891 0.053317
vt 0.590248 0.055289
vt 0.852099 0.220257
vt 0.822917 0.219225
vt 0.867209 0.229249
vt 0.810854 0.228452
vt 0.804688 0.231413
vt 0.001917 0.218940
vt 0.880589 0.245123
vt 0.882730 0.258392
vt 0.796340 0.262503
vt 0.880808 0.285100
vt 0.814140 0.289573
vt 0.869589 0.293402
vt 0.825368 0.299841
vt 0.843252 0.300720
vt 0.838880 0.227141
vt 0.829298 0.229127
vt 0.821585 0.232497
vt 0.851581 0.229183
vt 0.870716 0.241847
vt 0.813731 0.248023
vt 0.802001 0.248445
vt 0.812407 0.261149
vt 0.811197 0.273343
vt 0.823073 0.274550
vt 0.867912 0.285749
vt 0.823701 0.288109
vt 0.252127 0.660098
vt 0.259655 0.660812
vt 0.832479 0.246089
vt 0.854486 0.243191
vt 0.841331 0.245295
vt 0.822871 0.251117
vt 0.867522 0.258597
vt 0.831002 0.261318
vt 0.865355 0.273783
vt 0.854980 0.258667
vt 0.854539 0.273618
vt 0.849347 0.286794
vt 0.842308 0.273435
vt 0.833868 0.282352
vt 0.842656 0.259767
vt 0.252752 0.642059
vt 0.225701 0.642709
vt 0.239618 0.627000
vt 0.240628 0.653886
vt 0.246889 0.570787
vt 0.234992 0.584591
vt 0.232944 0.564457
vt 0.259973 0.610140
vt 0.248712 0.610743
vt 0.252310 0.598206
vt 0.058566 0.888234
vt 0.056533 0.875356
vt 0.066576 0.875897
vt 0.051570 0.867176
vt 0.067267 0.867366
vt 0.067399 0.889259
vt 0.067169 0.858832
vt 0.080677 0.875635
vt 0.087829 0.865939
vt 0.047549 0.877240
vt 0.038821 0.891577
vt 0.037802 0.874909
vt 0.037416 0.867627
vt 0.051406 0.888178
vt 0.056108 0.988448
vt 0.039934 0.857928
vt 0.067283 0.849266
vt 0.079360 0.889366
vt 0.098598 0.885904
vt 0.095296 0.874173
vt 0.104876 0.858471
vt 0.106651 0.865879
vt 0.045607 0.916740
vt 0.056525 0.917025
vt 0.054573 0.840869
vt 0.068369 0.912515
vt 0.067624 0.840496
vt 0.081916 0.910633
vt 0.087129 0.836787
vt 0.096278 0.903988
vt 0.090956 0.844711
vt 0.098764 0.843777
vt 0.111669 0.873279
vt 0.019247 0.869677
vt 0.038739 0.978723
vt 0.048033 0.835193
vt 0.056453 0.828932
vt 0.068897 0.933029
vt 0.056472 0.935197
vt 0.084469 0.976343
vt 0.079406 0.923348
vt 0.114781 0.884675
vt 0.113912 0.901589
vt 0.117707 0.864701
vt 0.037291 0.923251
vt 0.027173 0.924206
vt 0.027671 0.826071
vt 0.036321 0.824394
vt 0.037111 0.967798
vt 0.048314 0.966974
vt 0.039000 0.956414
vt 0.037630 0.938044
vt 0.047170 0.935907
vt 0.055261 0.955665
vt 0.069006 0.953431
vt 0.084610 0.952890
vt 0.085644 0.933994
vt 0.088869 0.965628
vt 0.097847 0.975934
vt 0.096014 0.933941
vt 0.108532 0.983976
vt 0.106017 0.917273
vt 0.101995 0.822365
vt 0.109901 0.842469
vt 0.118051 0.854432
vt 0.120008 0.839112
vt 0.128309 0.878277
vt 0.471886 0.893126
vt 0.009269 0.884093
vt 0.387846 0.898674
vt 0.368107 0.892707
vt 0.373006 0.902865
vt 0.019126 0.977368
vt 0.027729 0.939982
vt 0.027664 0.956392
vt 0.053385 0.815522
vt 0.098247 0.965281
vt 0.096461 0.953277
vt 0.093748 0.813900
vt 0.109303 0.973113
vt 0.107116 0.957793
vt 0.106927 0.940467
vt 0.126581 0.894629
vt 0.129783 0.864601
vt 0.129172 0.856171
vt 0.364181 0.883600
vt 0.352238 0.891171
vt 0.384128 0.885981
vt 0.455512 0.889767
vt 0.016165 0.967223
vt 0.018144 0.935169
vt 0.080684 0.799787
vt 0.115889 0.935882
vt 0.109867 0.823267
vt 0.132662 0.909838
vt 0.127953 0.845419
vt 0.142433 0.891251
vt 0.341982 0.893400
vt 0.326297 0.892935
vt 0.008410 0.839869
vt 0.416553 0.893364
vt 0.015214 0.956468
vt 0.017919 0.819808
vt 0.040459 0.808355
vt 0.068073 0.800647
vt 0.121753 0.962858
vt 0.117858 0.952624
vt 0.137505 0.993591
vt 0.124830 0.937374
vt 0.137590 0.855535
vt 0.141342 0.878543
vt 0.138515 0.864147
vt 0.386283 0.877586
vt 0.351494 0.878420
vt 0.325871 0.882513
vt 0.417581 0.874578
vt 0.445903 0.887439
vt 0.008493 0.818053
vt 0.435819 0.887494
vt 0.425229 0.881882
vt 0.027993 0.807304
vt 0.138166 0.988335
vt 0.129698 0.830155
vt 0.146322 0.905125
vt 0.139559 0.844850
vt 0.156087 0.875040
vt 0.379596 0.870599
vt 0.364309 0.870852
vt 0.305787 0.891026
vt 0.016742 0.806681
vt 0.759577 0.590943
vt 0.065853 0.789697
vt 0.079686 0.790564
vt 0.131937 0.950824
vt 0.137908 0.936087
vt 0.151517 0.887296
vt 0.349068 0.866221
vt 0.394023 0.868147
vt 0.432887 0.872635
vt 0.307376 0.881709
vt 0.027511 0.796842
vt 0.654270 0.421632
vt 0.658116 0.409502
vt 0.644601 0.404363
vt 0.100078 0.791991
vt 0.109792 0.793498
vt 0.143619 0.963825
vt 0.143949 0.979546
vt 0.143034 0.828841
vt 0.383903 0.858828
vt 0.421788 0.862779
vt 0.018692 0.795029
vt 0.037798 0.787586
vt 0.672500 0.425634
vt 0.639780 0.415057
vt 0.753270 0.522891
vt 0.145656 0.952158
vt 0.148517 0.937873
vt 0.156055 0.919785
vt 0.161429 0.901272
vt 0.364102 0.859554
vt 0.416571 0.852606
vt 0.305054 0.871002
vt 0.293956 0.897571
vt 0.283848 0.886356
vt 0.282798 0.897285
vt 0.021185 0.785553
vt 0.667562 0.432112
vt 0.126890 0.798790
vt 0.152988 0.986652
vt 0.166277 0.883828
vt 0.166672 0.871799
vt 0.706367 0.741838
vt 0.322605 0.859781
vt 0.636475 0.422824
vt 0.152173 0.973001
vt 0.161841 0.989191
vt 0.152961 0.949011
vt 0.159888 0.936136
vt 0.165848 0.919200
vt 0.422423 0.847773
vt 0.305437 0.859847
vt 0.021302 0.773890
vt 0.155679 0.961163
vt 0.166011 0.977415
vt 0.159240 0.825413
vt 0.756026 0.625060
vt 0.700813 0.449570
vt 0.687603 0.432908
vt 0.682076 0.445514
vt 0.650638 0.434587
vt 0.619010 0.424022
vt 0.165096 0.950960
vt 0.174528 0.901386
vt 0.177104 0.915194
vt 0.170038 0.824453
vt 0.178104 0.881772
vt 0.177783 0.869511
vt 0.735410 0.950523
vt 0.027826 0.762709
vt 0.671697 0.442495
vt 0.634116 0.431891
vt 0.588377 0.399731
vt 0.577434 0.410831
vt 0.165204 0.971581
vt 0.166647 0.963060
vt 0.173277 0.945199
vt 0.178763 0.859568
vt 0.177446 0.996032
vt 0.175361 0.989169
vt 0.177404 0.999552
vt 0.687875 0.833445
vt 0.688042 0.852038
vt 0.283577 0.854905
vt 0.706920 0.459247
vt 0.666102 0.449396
vt 0.649404 0.444418
vt 0.635299 0.442315
vt 0.617228 0.432544
vt 0.177117 0.981266
vt 0.177795 0.959165
vt 0.187955 0.905865
vt 0.186908 0.881116
vt 0.601030 0.434455
vt 0.585725 0.429061
vt 0.176467 0.970985
vt 0.171343 0.811984
vt 0.184353 0.945730
vt 0.180048 0.821245
vt 0.189527 0.867710
vt 0.187947 0.851382
vt 0.680495 0.775145
vt 0.685333 0.863814
vt 0.697043 0.462250
vt 0.678518 0.457075
vt 0.618881 0.442276
vt 0.568667 0.422331
vt 0.566364 0.405984
vt 0.191898 0.988979
vt 0.184676 0.835670
vt 0.195029 0.877724
vt 0.677800 0.796821
vt 0.679260 0.722973
vt 0.190326 0.980013
vt 0.189983 0.969853
vt 0.189452 0.994688
vt 0.194745 0.921198
vt 0.201108 0.888786
vt 0.675670 0.831163
vt 0.682326 0.870419
vt 0.711611 0.948967
vt 0.719469 0.472037
vt 0.706890 0.471681
vt 0.602502 0.439897
vt 0.181534 0.811306
vt 0.208230 0.873477
vt 0.676526 0.844838
vt 0.741515 0.476433
vt 0.662281 0.459066
vt 0.647778 0.453749
vt 0.572589 0.435654
vt 0.175969 0.799954
vt 0.191684 0.958720
vt 0.199141 0.955946
vt 0.187967 0.817964
vt 0.205484 0.902594
vt 0.673050 0.820380
vt 0.686804 0.922822
vt 0.691073 0.470966
vt 0.675747 0.465936
vt 0.586590 0.440527
vt 0.205497 0.842319
vt 0.669298 0.785762
vt 0.668691 0.752092
vt 0.675128 0.866344
vt 0.680607 0.910064
vt 0.697419 0.942417
vt 0.734763 0.488458
vt 0.647174 0.461175
vt 0.160856 0.770084
vt 0.186188 0.799389
vt 0.543470 0.369995
vt 0.212625 0.888559
vt 0.209608 0.852444
vt 0.663983 0.815054
vt 0.656611 0.844934
vt 0.662922 0.720644
vt 0.666018 0.709440
vt 0.239957 0.436598
vt 0.690612 0.935240
vt 0.692839 0.476977
vt 0.179395 0.787084
vt 0.199533 0.979380
vt 0.208643 0.967933
vt 0.196092 0.808444
vt 0.211145 0.866644
vt 0.661112 0.775275
vt 0.673760 0.897020
vt 0.716964 0.485935
vt 0.676915 0.474522
vt 0.663553 0.467690
vt 0.624004 0.458905
vt 0.209495 0.989430
vt 0.214131 0.938854
vt 0.659015 0.799099
vt 0.653995 0.853063
vt 0.664033 0.870764
vt 0.753028 0.487450
vt 0.746422 0.500108
vt 0.638336 0.463940
vt 0.571249 0.446225
vt 0.560292 0.441867
vt 0.211424 0.979852
vt 0.219317 0.904231
vt 0.657238 0.837195
vt 0.658227 0.747952
vt 0.709557 0.489681
vt 0.690834 0.487845
vt 0.660688 0.471533
vt 0.585544 0.452520
vt 0.571510 0.453853
vt 0.212244 0.997122
vt 0.211617 0.953860
vt 0.191107 0.793368
vt 0.215754 0.844946
vt 0.221321 0.868671
vt 0.653437 0.728286
vt 0.674016 0.483653
vt 0.328918 0.434507
vt 0.329288 0.438581
vt 0.331695 0.438182
vt 0.569567 0.992382
vt 0.569692 0.989921
vt 0.571795 0.989270
vt 0.571725 0.992219
vt 0.567907 0.988041
vt 0.570212 0.987054
vt 0.616168 0.463844
vt 0.904051 0.654998
vt 0.890164 0.645927
vt 0.885781 0.654954
vt 0.220285 0.855320
vt 0.221886 0.884769
vt 0.688038 0.953062
vt 0.700679 0.491220
vt 0.453894 0.594475
vt 0.454605 0.601240
vt 0.449510 0.598150
vt 0.660402 0.475004
vt 0.652118 0.470645
vt 0.335598 0.433342
vt 0.329195 0.431871
vt 0.459111 0.599873
vt 0.571176 0.982470
vt 0.449216 0.602954
vt 0.647913 0.468577
vt 0.578090 0.991007
vt 0.575701 0.986295
vt 0.575262 0.982234
vt 0.572928 0.977031
vt 0.577330 0.976640
vt 0.643468 0.467963
vt 0.581021 0.977508
vt 0.630485 0.466323
vt 0.561507 0.452768
vt 0.197353 0.771375
vt 0.654881 0.817650
vt 0.664798 0.914616
vt 0.742171 0.505220
vt 0.732889 0.501615
vt 0.723082 0.500895
vt 0.683736 0.489403
vt 0.667791 0.479562
vt 0.463359 0.584185
vt 0.451955 0.582350
vt 0.328234 0.424978
vt 0.323697 0.424243
vt 0.326503 0.430375
vt 0.449711 0.588498
vt 0.336963 0.442431
vt 0.342903 0.438086
vt 0.339960 0.445379
vt 0.343229 0.442911
vt 0.590262 0.975310
vt 0.341978 0.446879
vt 0.587012 0.981127
vt 0.350058 0.453427
vt 0.599103 0.984563
vt 0.353729 0.451136
vt 0.594685 0.989791
vt 0.351561 0.454593
vt 0.596520 0.989202
vt 0.620934 0.465714
vt 0.549809 0.450356
vt 0.992827 0.672031
vt 0.994160 0.661947
vt 0.988513 0.672911
vt 0.986856 0.658622
vt 0.966297 0.655397
vt 0.952399 0.656023
vt 0.963347 0.673870
vt 0.938438 0.673723
vt 0.937651 0.655799
vt 0.842282 0.659621
vt 0.846849 0.649625
vt 0.829320 0.648328
vt 0.884807 0.663488
vt 0.464422 0.578109
vt 0.455240 0.577786
vt 0.321855 0.418396
vt 0.448529 0.579696
vt 0.356831 0.455128
vt 0.600111 0.976511
vt 0.599694 0.974361
vt 0.603023 0.989436
vt 0.601215 0.991968
vt 0.612752 0.467123
vt 0.603460 0.466305
vt 0.575093 0.465312
vt 0.977401 0.659718
vt 0.975175 0.674962
vt 0.473127 0.469233
vt 0.933103 0.674081
vt 0.870263 0.653697
vt 0.644091 0.796499
vt 0.644795 0.811302
vt 0.713436 0.504207
vt 0.320938 0.413602
vt 0.324495 0.415115
vt 0.464339 0.573239
vt 0.451421 0.571820
vt 0.449858 0.569897
vt 0.673650 0.487445
vt 0.606351 0.975670
vt 0.607942 0.974011
vt 0.608224 0.990528
vt 0.206165 0.779336
vt 0.212293 0.788779
vt 0.903056 0.672763
vt 0.857278 0.653277
vt 0.869243 0.665798
vt 0.856553 0.668275
vt 0.644310 0.827929
vt 0.653374 0.867095
vt 0.652862 0.883160
vt 0.699592 0.504097
vt 0.691177 0.503117
vt 0.319247 0.409446
vt 0.452303 0.564989
vt 0.352036 0.427918
vt 0.362587 0.459474
vt 0.366699 0.460731
vt 0.367801 0.456405
vt 0.614355 0.975240
vt 0.370243 0.461626
vt 0.612477 0.990459
vt 0.604309 0.469640
vt 0.552775 0.460612
vt 0.218879 0.801231
vt 0.656317 0.907265
vt 0.727380 0.514133
vt 0.708161 0.511678
vt 0.318772 0.403634
vt 0.318878 0.406842
vt 0.323098 0.401600
vt 0.680346 0.495580
vt 0.324672 0.407439
vt 0.616083 0.990238
vt 0.616732 0.973120
vt 0.583420 0.478196
vt 0.583322 0.470464
vt 0.567970 0.466869
vt 0.988793 0.683091
vt 0.639134 0.847470
vt 0.660563 0.959678
vt 0.318947 0.399292
vt 0.464379 0.563134
vt 0.376284 0.460461
vt 0.375191 0.462852
vt 0.623270 0.973340
vt 0.621116 0.989992
vt 0.598713 0.472893
vt 0.815852 0.674853
vt 0.826988 0.676317
vt 0.871686 0.677029
vt 0.865185 0.677246
vt 0.641173 0.869999
vt 0.636284 0.721987
vt 0.654261 0.927067
vt 0.688706 0.507349
vt 0.322099 0.396488
vt 0.464635 0.558847
vt 0.381711 0.463295
vt 0.591223 0.476757
vt 0.984319 0.693563
vt 0.975207 0.690273
vt 0.884175 0.680804
vt 0.839004 0.679595
vt 0.628274 0.777444
vt 0.319511 0.391423
vt 0.385851 0.461577
vt 0.629289 0.976452
vt 0.627566 0.989299
vt 0.631775 0.972637
vt 0.556279 0.470837
vt 0.963704 0.687451
vt 0.954588 0.688699
vt 0.937156 0.685906
vt 0.628338 0.802405
vt 0.636555 0.886286
vt 0.644918 0.917439
vt 0.658946 0.949232
vt 0.718608 0.524567
vt 0.323419 0.390390
vt 0.377448 0.441876
vt 0.990862 0.693058
vt 0.319356 0.386955
vt 0.366872 0.417983
vt 0.570556 0.479827
vt 0.202584 0.002387
vt 0.924720 0.694193
vt 0.844792 0.690702
vt 0.624794 0.765852
vt 0.642222 0.906507
vt 0.322027 0.380534
vt 0.339396 0.384740
vt 0.397581 0.458130
vt 0.393783 0.462215
vt 0.639665 0.988984
vt 0.639497 0.976196
vt 0.581730 0.483233
vt 0.853715 0.693323
vt 0.616214 0.813801
vt 0.637862 0.897119
vt 0.643279 0.932133
vt 0.731250 0.537327
vt 0.706822 0.529168
vt 0.465686 0.539493
vt 0.319460 0.379849
vt 0.323952 0.378070
vt 0.643405 0.972285
vt 0.559963 0.485094
vt 0.968956 0.694643
vt 0.962537 0.693098
vt 0.621155 0.851640
vt 0.641738 0.942754
vt 0.712899 0.530499
vt 0.698198 0.525095
vt 0.391462 0.440312
vt 0.648258 0.974178
vt 0.954061 0.697072
vt 0.934264 0.698015
vt 0.828189 0.689828
vt 0.869445 0.694002
vt 0.878004 0.698116
vt 0.691643 0.518152
vt 0.319704 0.372898
vt 0.646508 0.988657
vt 0.570751 0.491740
vt 0.993234 0.706720
vt 0.985691 0.707018
vt 0.977411 0.705594
vt 0.795736 0.691949
vt 0.910832 0.705100
vt 0.631059 0.925823
vt 0.322692 0.369959
vt 0.358772 0.400436
vt 0.644177 0.992390
vt 0.518335 0.480593
vt 0.781741 0.690098
vt 0.990052 0.710078
vt 0.956630 0.708683
vt 0.886960 0.705544
vt 0.613440 0.777650
vt 0.624087 0.887916
vt 0.720552 0.547290
vt 0.695917 0.528026
vt 0.339470 0.368112
vt 0.403953 0.456611
vt 0.650745 0.992140
vt 0.653573 0.973755
vt 0.657505 0.970904
vt 0.965973 0.710197
vt 0.814993 0.698641
vt 0.612156 0.799406
vt 0.627215 0.905797
vt 0.629276 0.916247
vt 0.637573 0.961952
vt 0.635478 0.950632
vt 0.326800 0.365222
vt 0.659650 0.988011
vt 0.658634 0.974438
vt 0.930411 0.708881
vt 0.826996 0.700016
vt 0.852065 0.702672
vt 0.840803 0.702806
vt 0.617844 0.869841
vt 0.746595 0.553493
vt 0.324784 0.362103
vt 0.334204 0.359469
vt 0.559554 0.496945
vt 0.807210 0.696051
vt 0.866626 0.702760
vt 0.628196 0.938845
vt 0.710665 0.547281
vt 0.701331 0.540278
vt 0.401615 0.441047
vt 0.658891 0.992382
vt 0.568741 0.499084
vt 0.572308 0.494854
vt 0.877814 0.710939
vt 0.604494 0.840661
vt 0.607647 0.875372
vt 0.600727 0.707375
vt 0.993551 0.724901
vt 0.975624 0.722483
vt 0.951758 0.719055
vt 0.605999 0.857090
vt 0.595989 0.760417
vt 0.612941 0.905071
vt 0.730692 0.559668
vt 0.411373 0.453199
vt 0.420436 0.440021
vt 0.666834 0.976048
vt 0.664257 0.974022
vt 0.559329 0.508695
vt 0.985068 0.731396
vt 0.964895 0.724833
vt 0.782192 0.707149
vt 0.795061 0.706260
vt 0.805375 0.707364
vt 0.899994 0.714651
vt 0.594395 0.732967
vt 0.613193 0.890442
vt 0.408050 0.434222
vt 0.419272 0.447276
vt 0.499426 0.483249
vt 0.860232 0.710774
vt 0.596837 0.782186
vt 0.597641 0.796923
vt 0.601473 0.829374
vt 0.593894 0.711077
vt 0.615531 0.921656
vt 0.618807 0.932317
vt 0.624221 0.959673
vt 0.737394 0.565315
vt 0.699634 0.553665
vt 0.334724 0.353411
vt 0.402312 0.427236
vt 0.413993 0.456675
vt 0.422324 0.451409
vt 0.669205 0.988066
vt 0.510294 0.493625
vt 0.924135 0.723857
vt 0.831150 0.713909
vt 0.883239 0.717800
vt 0.849404 0.717888
vt 0.600021 0.813286
vt 0.333897 0.347922
vt 0.576593 0.509674
vt 0.568510 0.502137
vt 0.564411 0.513594
vt 0.674308 0.975135
vt 0.564226 0.507876
vt 0.990059 0.732374
vt 0.840546 0.718574
vt 0.619490 0.944355
vt 0.721203 0.570796
vt 0.979477 0.740621
vt 0.863613 0.720833
vt 0.600726 0.891278
vt 0.748879 0.567239
vt 0.354963 0.362660
vt 0.408733 0.420968
vt 0.973869 0.741222
vt 0.951779 0.729517
vt 0.803148 0.724290
vt 0.873757 0.730634
vt 0.592890 0.842121
vt 0.595134 0.855041
vt 0.596513 0.864808
vt 0.580164 0.709062
vt 0.601641 0.928982
vt 0.714887 0.567736
vt 0.705221 0.572592
vt 0.340601 0.339925
vt 0.432940 0.439813
vt 0.431708 0.435839
vt 0.562877 0.525526
vt 0.557584 0.522603
vt 0.491685 0.504625
vt 0.910651 0.735280
vt 0.584498 0.814359
vt 0.589760 0.824972
vt 0.580107 0.748895
vt 0.602387 0.907060
vt 0.579676 0.730951
vt 0.604884 0.919136
vt 0.606396 0.942116
vt 0.609984 0.956644
vt 0.335015 0.340827
vt 0.349187 0.340424
vt 0.391561 0.385847
vt 0.442094 0.441326
vt 0.544954 0.525959
vt 0.996972 0.723863
vt 0.990991 0.744944
vt 0.503028 0.263348
vt 0.782782 0.721389
vt 0.794573 0.723946
vt 0.598132 0.877132
vt 0.273605 0.693249
vt 0.461505 0.061325
vt 0.459775 0.067405
vt 0.461036 0.069135
vt 0.461505 0.076544
vt 0.726755 0.577357
vt 0.561316 0.521754
vt 0.986596 0.743917
vt 0.963210 0.743966
vt 0.947331 0.738870
vt 0.927605 0.737869
vt 0.855030 0.730018
vt 0.582558 0.795699
vt 0.273789 0.700740
vt 0.273605 0.707699
vt 0.750800 0.582256
vt 0.740192 0.578788
vt 0.696701 0.578421
vt 0.433439 0.421978
vt 0.993751 0.752745
vt 0.888190 0.733983
vt 0.839993 0.729097
vt 0.581925 0.777882
vt 0.339228 0.335588
vt 0.377258 0.350244
vt 0.587582 0.876934
vt 0.591970 0.891995
vt 0.595991 0.914226
vt 0.583099 0.834089
vt 0.585886 0.856220
vt 0.587539 0.866845
vt 0.593385 0.904137
vt 0.738667 0.593407
vt 0.728889 0.589328
vt 0.708315 0.585642
vt 0.417856 0.392337
vt 0.971813 0.756792
vt 0.945527 0.750582
vt 0.931118 0.751158
vt 0.793290 0.734756
vt 0.801039 0.735963
vt 0.870710 0.745351
vt 0.858341 0.741354
vt 0.566564 0.775532
vt 0.565151 0.749939
vt 0.564429 0.729201
vt 0.579367 0.705006
vt 0.563465 0.709337
vt 0.562498 0.706213
vt 0.590477 0.938905
vt 0.366567 0.341359
vt 0.521677 0.528398
vt 0.989005 0.760254
vt 0.980506 0.759566
vt 0.780702 0.731786
vt 0.907961 0.750421
vt 0.892246 0.749255
vt 0.845508 0.748227
vt 0.593240 0.951557
vt 0.753028 0.600261
vt 0.393147 0.371440
vt 0.556636 0.537971
vt 0.551356 0.538751
vt 0.533960 0.530876
vt 0.489375 0.521256
vt 0.573157 0.844373
vt 0.579095 0.885644
vt 0.585242 0.911653
vt 0.586658 0.927495
vt 0.440653 0.416707
vt 0.474375 0.518293
vt 0.783032 0.741474
vt 0.831609 0.748792
vt 0.641693 0.533124
vt 0.639706 0.534020
vt 0.645761 0.534020
vt 0.568203 0.859753
vt 0.569578 0.868322
vt 0.573486 0.896015
vt 0.221314 0.333295
vt 0.406315 0.370487
vt 0.528540 0.536129
vt 0.564572 0.831829
vt 0.712482 0.593880
vt 0.559930 0.544613
vt 0.992586 0.770578
vt 0.960982 0.765269
vt 0.882251 0.760118
vt 0.715930 0.600344
vt 0.692707 0.603407
vt 0.541698 0.541913
vt 0.939542 0.765086
vt 0.866355 0.763721
vt 0.436259 0.402399
vt 0.443798 0.407628
vt 0.561747 0.821129
vt 0.564328 0.844352
vt 0.557559 0.786087
vt 0.569323 0.880293
vt 0.554598 0.767472
vt 0.550862 0.708489
vt 0.574771 0.915547
vt 0.577494 0.931527
vt 0.577726 0.947353
vt 0.739433 0.613415
vt 0.728790 0.603817
vt 0.559081 0.549237
vt 0.987389 0.777718
vt 0.979093 0.775598
vt 0.970047 0.772764
vt 0.919792 0.765791
vt 0.813591 0.753412
vt 0.900122 0.762219
vt 0.824625 0.754703
vt 0.834813 0.757142
vt 0.856140 0.758174
vt 0.551929 0.741678
vt 0.545127 0.703582
vt 0.577630 0.961952
vt 0.555102 0.549832
vt 0.549118 0.556046
vt 0.487036 0.533468
vt 0.777713 0.752125
vt 0.401875 0.341996
vt 0.456407 0.419913
vt 0.537079 0.561068
vt 0.718079 0.616218
vt 0.701344 0.608002
vt 0.387238 0.327420
vt 0.432217 0.379151
vt 0.522787 0.554429
vt 0.809858 0.764228
vt 0.550834 0.833634
vt 0.546925 0.805897
vt 0.553936 0.861624
vt 0.554088 0.870078
vt 0.546852 0.786779
vt 0.557769 0.900935
vt 0.537188 0.704442
vt 0.566176 0.930741
vt 0.445724 0.397007
vt 0.450394 0.397234
vt 0.454580 0.406514
vt 0.460459 0.408791
vt 0.941006 0.778106
vt 0.914339 0.776152
vt 0.830971 0.766766
vt 0.846683 0.767792
vt 0.548374 0.821111
vt 0.551932 0.848867
vt 0.544480 0.771641
vt 0.555638 0.890301
vt 0.542499 0.741640
vt 0.558759 0.908653
vt 0.533579 0.710162
vt 0.563454 0.941593
vt 0.560213 0.560095
vt 0.543719 0.565854
vt 0.531702 0.557867
vt 0.991943 0.781000
vt 0.971829 0.785529
vt 0.790219 0.768677
vt 0.894598 0.778189
vt 0.880753 0.770379
vt 0.552627 0.882746
vt 0.705275 0.615410
vt 0.668228 0.592278
vt 0.420632 0.361256
vt 0.516194 0.555102
vt 0.866033 0.775780
vt 0.855268 0.775934
vt 0.982941 0.791720
vt 0.533071 0.731784
vt 0.558252 0.921726
vt 0.559482 0.956348
vt 0.728018 0.627582
vt 0.449817 0.388691
vt 0.879388 0.781498
vt 0.844497 0.779356
vt 0.738679 0.633044
vt 0.686170 0.620122
vt 0.390888 0.316845
vt 0.565067 0.573366
vt 0.901176 0.784869
vt 0.535802 0.836322
vt 0.532206 0.817955
vt 0.529513 0.801386
vt 0.526289 0.704491
vt 0.525756 0.701111
vt 0.378769 0.311986
vt 0.384279 0.312696
vt 0.447316 0.375760
vt 0.976815 0.802169
vt 0.967291 0.799482
vt 0.535878 0.849797
vt 0.547731 0.933046
vt 0.430103 0.349201
vt 0.527595 0.572219
vt 0.988504 0.803484
vt 0.809465 0.787122
vt 0.536597 0.864580
vt 0.525659 0.761369
vt 0.545831 0.939635
vt 0.692438 0.626065
vt 0.674357 0.618926
vt 0.397856 0.317836
vt 0.440135 0.360595
vt 0.453228 0.375128
vt 0.537982 0.574824
vt 0.519633 0.569366
vt 0.509970 0.567387
vt 0.956608 0.801401
vt 0.796789 0.786300
vt 0.526364 0.784615
vt 0.540096 0.884802
vt 0.535955 0.875335
vt 0.540344 0.894789
vt 0.542663 0.904408
vt 0.522396 0.726671
vt 0.542968 0.917030
vt 0.720423 0.635010
vt 0.710643 0.629109
vt 0.704107 0.630504
vt 0.550751 0.581899
vt 0.983323 0.807049
vt 0.935894 0.799520
vt 0.832562 0.789394
vt 0.853796 0.795073
vt 0.546436 0.954238
vt 0.735613 0.646322
vt 0.656483 0.618587
vt 0.559830 0.583847
vt 0.918223 0.800916
vt 0.865335 0.793477
vt 0.015908 0.731181
vt 0.006488 0.698041
vt 0.019591 0.713404
vt 0.030084 0.751099
vt 0.016450 0.753341
vt 0.514232 0.699642
vt 0.665725 0.620757
vt 0.654656 0.614073
vt 0.646978 0.612799
vt 0.992703 0.811513
vt 0.957556 0.809902
vt 0.877365 0.795448
vt 0.844158 0.792142
vt 0.514625 0.826783
vt 0.518618 0.809925
vt 0.524203 0.853855
vt 0.028377 0.754446
vt 0.723520 0.645920
vt 0.712866 0.640824
vt 0.673417 0.626044
vt 0.573736 0.589234
vt 0.990567 0.814692
vt 0.525660 0.910234
vt 0.028574 0.733735
vt 0.527478 0.925019
vt 0.692972 0.637962
vt 0.438164 0.349496
vt 0.574299 0.596247
vt 0.536172 0.586767
vt 0.967020 0.819375
vt 0.514902 0.838620
vt 0.525337 0.888260
vt 0.507353 0.775579
vt 0.669985 0.633853
vt 0.653957 0.626964
vt 0.644024 0.617347
vt 0.525815 0.585374
vt 0.518136 0.584849
vt 0.987648 0.821590
vt 0.979597 0.819862
vt 0.797976 0.799040
vt 0.886636 0.805204
vt 0.022348 0.681099
vt 0.632628 0.613947
vt 0.581255 0.596494
vt 0.564789 0.596358
vt 0.906821 0.810555
vt 0.865908 0.800601
vt 0.519196 0.871886
vt 0.508552 0.792515
vt 0.522386 0.901840
vt 0.042565 0.749986
vt 0.526325 0.931623
vt 0.039127 0.754227
vt 0.527255 0.945237
vt 0.722802 0.660960
vt 0.709984 0.653014
vt 0.697383 0.644862
vt 0.676556 0.637297
vt 0.658703 0.631860
vt 0.640499 0.623013
vt 0.629564 0.617512
vt 0.591530 0.602415
vt 0.992069 0.826242
vt 0.877819 0.805052
vt 0.843605 0.801927
vt 0.510488 0.811098
vt 0.515609 0.855345
vt 0.030080 0.703844
vt 0.528251 0.959968
vt 0.617502 0.611972
vt 0.601448 0.607230
vt 0.583774 0.603096
vt 0.576443 0.606035
vt 0.565688 0.607048
vt 0.974305 0.829014
vt 0.505941 0.178217
vt 0.640832 0.627639
vt 0.615069 0.615493
vt 0.600377 0.611748
vt 0.986148 0.832334
vt 0.805456 0.810437
vt 0.866308 0.809822
vt 0.255693 0.271382
vt 0.052403 0.753775
vt 0.686997 0.646940
vt 0.913579 0.824889
vt 0.891809 0.817683
vt 0.877362 0.813572
vt 0.010982 0.585269
vt 0.008578 0.567910
vt 0.027006 0.565947
vt 0.015222 0.555862
vt 0.516352 0.925015
vt 0.696371 0.656600
vt 0.653336 0.640544
vt 0.543749 0.604646
vt 0.512996 0.598743
vt 0.967242 0.834719
vt 0.505369 0.165166
vt 0.828632 0.816159
vt 0.012021 0.602122
vt 0.028877 0.588781
vt 0.034774 0.654030
vt 0.019165 0.664451
vt 0.015776 0.646205
vt 0.036136 0.672886
vt 0.014780 0.546872
vt 0.031766 0.547625
vt 0.028808 0.536777
vt 0.672494 0.649594
vt 0.641370 0.635336
vt 0.955474 0.835916
vt 0.842207 0.821530
vt 0.033171 0.640448
vt 0.011411 0.630661
vt 0.029279 0.624109
vt 0.011438 0.618796
vt 0.029911 0.614377
vt 0.028896 0.598549
vt 0.029809 0.578941
vt 0.042998 0.704972
vt 0.040428 0.527787
vt 0.022479 0.526311
vt 0.027721 0.513686
vt 0.594280 0.623275
vt 0.537159 0.605582
vt 0.527838 0.605149
vt 0.974071 0.841571
vt 0.936172 0.832086
vt 0.821795 0.817464
vt 0.705394 0.685886
vt 0.675212 0.657814
vt 0.658638 0.646248
vt 0.811721 0.824508
vt 0.877840 0.825301
vt 0.063102 0.755626
vt 0.693826 0.676650
vt 0.684941 0.664846
vt 0.625075 0.638343
vt 0.957880 0.844615
vt 0.938992 0.845664
vt 0.503322 0.155168
vt 0.897072 0.833134
vt 0.052396 0.700040
vt 0.050614 0.539604
vt 0.057610 0.523963
vt 0.033699 0.500223
vt 0.661447 0.654847
vt 0.641757 0.644630
vt 0.571436 0.622151
vt 0.484852 0.601647
vt 0.801967 0.824498
vt 0.886061 0.836854
vt 0.043218 0.672058
vt 0.043945 0.564207
vt 0.646338 0.652259
vt 0.625739 0.645840
vt 0.593290 0.630551
vt 0.558608 0.622241
vt 0.547295 0.619885
vt 0.539730 0.618725
vt 0.517562 0.607465
vt 0.916290 0.841505
vt 0.077524 0.752684
vt 0.062000 0.511126
vt 0.610923 0.638032
vt 0.994441 0.849749
vt 0.490847 0.614566
vt 0.825378 0.833537
vt 0.044218 0.621502
vt 0.042359 0.602020
vt 0.049509 0.655636
vt 0.043282 0.585181
vt 0.053345 0.673828
vt 0.048921 0.552497
vt 0.074640 0.747300
vt 0.663211 0.663202
vt 0.507742 0.616066
vt 0.781104 0.837104
vt 0.513854 0.143642
vt 0.045871 0.637066
vt 0.674406 0.671120
vt 0.637443 0.652723
vt 0.610532 0.644869
vt 0.576778 0.632931
vt 0.524879 0.617813
vt 0.894292 0.844333
vt 0.875653 0.840318
vt 0.652718 0.663296
vt 0.624297 0.652489
vt 0.592180 0.639368
vt 0.566043 0.634690
vt 0.477993 0.614915
vt 0.083625 0.723998
vt 0.681286 0.686371
vt 0.549906 0.631379
vt 0.054379 0.611224
vt 0.054627 0.585103
vt 0.062885 0.663205
vt 0.056962 0.563795
vt 0.063625 0.544116
vt 0.062616 0.534410
vt 0.068980 0.524234
vt 0.087234 0.746748
vt 0.067778 0.496761
vt 0.076824 0.511131
vt 0.083569 0.499690
vt 0.670332 0.681677
vt 0.661023 0.675349
vt 0.637790 0.661999
vt 0.537326 0.631335
vt 0.484044 0.626736
vt 0.862945 0.846832
vt 0.055815 0.625593
vt 0.058786 0.645548
vt 0.622757 0.660895
vt 0.606861 0.651365
vt 0.584764 0.644574
vt 0.564922 0.640964
vt 0.778315 0.853935
vt 0.889258 0.854527
vt 0.055738 0.597465
vt 0.646426 0.671323
vt 0.070216 0.552733
vt 0.633488 0.673267
vt 0.606995 0.658742
vt 0.548651 0.642297
vt 0.529543 0.642672
vt 0.847279 0.856767
vt 0.549135 0.129958
vt 0.067333 0.634373
vt 0.065626 0.619377
vt 0.065313 0.602189
vt 0.078598 0.677429
vt 0.076163 0.539504
vt 0.097860 0.730706
vt 0.082962 0.524895
vt 0.646930 0.683638
vt 0.588311 0.654638
vt 0.065534 0.583633
vt 0.069949 0.567037
vt 0.090200 0.690080
vt 0.097007 0.506077
vt 0.092032 0.490666
vt 0.106416 0.495061
vt 0.658503 0.690504
vt 0.618297 0.669665
vt 0.574881 0.655121
vt 0.108670 0.739659
vt 0.114735 0.749154
vt 0.090530 0.517166
vt 0.602324 0.665871
vt 0.561023 0.650954
vt 0.506735 0.653090
vt 0.756601 0.094759
vt 0.585027 0.662042
vt 0.104432 0.700313
vt 0.104376 0.516320
vt 0.112208 0.508820
vt 0.627109 0.684096
vt 0.543086 0.655671
vt 0.657891 0.113334
vt 0.079062 0.624060
vt 0.077855 0.598282
vt 0.077186 0.583499
vt 0.082140 0.566835
vt 0.083200 0.552940
vt 0.090353 0.546722
vt 0.088727 0.537466
vt 0.116144 0.484860
vt 0.078714 0.610702
vt 0.082357 0.642677
vt 0.097443 0.529521
vt 0.120960 0.728417
vt 0.642024 0.693304
vt 0.609719 0.680055
vt 0.593771 0.676077
vt 0.580828 0.673214
vt 0.569252 0.668768
vt 0.555205 0.662806
vt 0.091316 0.627492
vt 0.130126 0.741807
vt 0.123226 0.493652
vt 0.624103 0.698747
vt 0.494169 0.651930
vt 0.094102 0.643542
vt 0.103822 0.671237
vt 0.109158 0.530656
vt 0.124099 0.511845
vt 0.128875 0.509656
vt 0.142402 0.496623
vt 0.608146 0.693171
vt 0.524351 0.090967
vt 0.090010 0.609260
vt 0.090389 0.591189
vt 0.089504 0.578817
vt 0.095273 0.557898
vt 0.112207 0.684870
vt 0.103124 0.546088
vt 0.140933 0.742312
vt 0.501151 0.665621
vt 0.513070 0.084261
vt 0.537705 0.095724
vt 0.620613 0.104440
vt 0.596074 0.105269
vt 0.097376 0.575081
vt 0.117018 0.521944
vt 0.132774 0.719327
vt 0.591048 0.688814
vt 0.551394 0.673756
vt 0.759157 0.052817
vt 0.144182 0.512162
vt 0.577236 0.685719
vt 0.564688 0.680157
vt 0.512051 0.679508
vt 0.103286 0.623432
vt 0.102422 0.586133
vt 0.105283 0.640800
vt 0.124942 0.682690
vt 0.133620 0.523479
vt 0.150863 0.741541
vt 0.160011 0.748937
vt 0.153008 0.508371
vt 0.543479 0.686214
vt 0.760813 0.037566
vt 0.741837 0.045787
vt 0.713434 0.060769
vt 0.525772 0.074707
vt 0.102918 0.611388
vt 0.102713 0.598284
vt 0.108595 0.566787
vt 0.112690 0.541956
vt 0.121462 0.535979
vt 0.162924 0.503886
vt 0.158789 0.490125
vt 0.176639 0.486366
vt 0.178454 0.500548
vt 0.528955 0.681657
vt 0.744735 0.033717
vt 0.510756 0.065436
vt 0.540670 0.081279
vt 0.558122 0.084815
vt 0.582449 0.090779
vt 0.595246 0.088350
vt 0.115409 0.649277
vt 0.114429 0.551461
vt 0.134232 0.685184
vt 0.160232 0.737211
vt 0.193195 0.495474
vt 0.191079 0.484781
vt 0.559318 0.691897
vt 0.262690 0.753754
vt 0.247656 0.753525
vt 0.261977 0.737367
vt 0.607397 0.082634
vt 0.109388 0.581669
vt 0.131481 0.532750
vt 0.150429 0.524312
vt 0.180582 0.747848
vt 0.193553 0.751732
vt 0.377885 0.221576
vt 0.573520 0.695589
vt 0.246044 0.756043
vt 0.228363 0.753128
vt 0.242096 0.512010
vt 0.241120 0.495056
vt 0.258145 0.499952
vt 0.113490 0.594656
vt 0.118942 0.568629
vt 0.135314 0.666735
vt 0.125404 0.544057
vt 0.162955 0.698588
vt 0.178100 0.731612
vt 0.199557 0.747968
vt 0.211617 0.749374
vt 0.211665 0.753730
vt 0.224875 0.748423
vt 0.255576 0.727000
vt 0.703384 0.037672
vt 0.541935 0.070720
vt 0.558215 0.072868
vt 0.581760 0.078742
vt 0.115356 0.608898
vt 0.122235 0.635949
vt 0.116177 0.620685
vt 0.125033 0.649715
vt 0.128524 0.555853
vt 0.171316 0.710574
vt 0.165006 0.518627
vt 0.180141 0.517100
vt 0.198060 0.731919
vt 0.195424 0.509917
vt 0.208231 0.495144
vt 0.225666 0.509512
vt 0.225464 0.494265
vt 0.713446 0.027687
vt 0.256058 0.511456
vt 0.519020 0.057095
vt 0.658853 0.063930
vt 0.572377 0.072582
vt 0.630562 0.073610
vt 0.593739 0.077519
vt 0.119872 0.582094
vt 0.141827 0.545862
vt 0.151746 0.534386
vt 0.180733 0.719106
vt 0.226277 0.722179
vt 0.210638 0.511103
vt 0.234444 0.724367
vt 0.243335 0.519411
vt 0.531608 0.055593
vt 0.618744 0.075228
vt 0.124591 0.622088
vt 0.129348 0.570663
vt 0.166657 0.532112
vt 0.241732 0.692117
vt 0.261287 0.523088
vt 0.554543 0.064402
vt 0.123740 0.606926
vt 0.131597 0.593941
vt 0.135530 0.631917
vt 0.135765 0.645630
vt 0.142522 0.564301
vt 0.151842 0.546581
vt 0.163200 0.670155
vt 0.226809 0.526711
vt 0.673221 0.032905
vt 0.546018 0.048362
vt 0.572211 0.056314
vt 0.645331 0.051305
vt 0.586869 0.068985
vt 0.135087 0.618637
vt 0.131495 0.583913
vt 0.148823 0.646069
vt 0.180651 0.686622
vt 0.170333 0.675388
vt 0.182845 0.534732
vt 0.197182 0.523128
vt 0.227024 0.696764
vt 0.690794 0.023724
vt 0.243966 0.535668
vt 0.658816 0.041936
vt 0.560118 0.046693
vt 0.134195 0.607170
vt 0.142598 0.574121
vt 0.162106 0.544654
vt 0.213127 0.533465
vt 0.262133 0.539207
vt 0.616856 0.052160
vt 0.149433 0.629656
vt 0.143071 0.582463
vt 0.154902 0.559892
vt 0.169906 0.546038
vt 0.199336 0.537364
vt 0.271375 0.665947
vt 0.246501 0.549304
vt 0.266705 0.552736
vt 0.572791 0.044808
vt 0.646447 0.031936
vt 0.151543 0.608926
vt 0.148985 0.597948
vt 0.162880 0.645268
vt 0.170583 0.560058
vt 0.185019 0.545017
vt 0.226136 0.684284
vt 0.229683 0.543112
vt 0.635039 0.031674
vt 0.618402 0.040198
vt 0.586968 0.044714
vt 0.605157 0.039434
vt 0.152847 0.617253
vt 0.157747 0.574802
vt 0.173296 0.647903
vt 0.180825 0.661596
vt 0.197655 0.663506
vt 0.211429 0.662608
vt 0.226467 0.658052
vt 0.271397 0.639356
vt 0.247201 0.561238
vt 0.269791 0.565153
vt 0.625454 0.028693
vt 0.274091 0.578482
vt 0.247441 0.582852
vt 0.160823 0.583078
vt 0.163119 0.628791
vt 0.166969 0.570594
vt 0.181222 0.558760
vt 0.189657 0.556947
vt 0.201430 0.551169
vt 0.215376 0.553760
vt 0.230675 0.554796
vt 0.270862 0.627981
vt 0.277249 0.609844
vt 0.273962 0.597144
vt 0.267421 0.618491
vt 0.164716 0.616271
vt 0.161069 0.604192
vt 0.175322 0.573102
vt 0.179598 0.644422
vt 0.251392 0.625921
vt 0.177686 0.628214
vt 0.169035 0.593893
vt 0.173636 0.606458
vt 0.177189 0.583661
vt 0.189557 0.633942
vt 0.196765 0.649942
vt 0.192016 0.570642
vt 0.203303 0.564951
vt 0.216554 0.566864
vt 0.178670 0.616351
vt 0.179464 0.594256
vt 0.187484 0.605767
vt 0.196050 0.623094
vt 0.194488 0.615277
vt 0.197531 0.634962
vt 0.193535 0.587245
vt 0.209688 0.634239
vt 0.205098 0.579833
vt 0.219410 0.576047
vt 0.223054 0.625261
vt 0.231078 0.625276
vt 0.220402 0.584860
vt 0.237291 0.611354
vt 0.236202 0.601321
vt 0.196672 0.602953
vt 0.209349 0.615507
vt 0.207981 0.600865
vt 0.222490 0.611575
vt 0.221179 0.601322
s 0
usemtl Material_0.003
f 1961/1/1 1962/2/1 1958/3/1
f 1970/4/2 1957/5/2 1956/6/2
f 1969/7/3 1956/6/3 1950/8/3
f 1961/1/4 1958/3/4 1960/9/4
f 1966/10/5 1970/4/5 1815/11/5
f 1967/12/6 1970/4/6 1966/10/6
f 3272/13/7 3271/14/7 3274/15/7
f 1957/5/8 1964/16/8 1963/17/8
f 1736/18/9 1737/19/9 1722/20/9
f 1957/5/10 1966/10/10 1964/16/10
f 1951/21/11 1958/3/11 1962/2/11
f 1957/5/12 1959/22/12 1958/3/12
f 3275/23/13 3274/15/13 3271/14/13
f 3276/24/14 3275/23/14 3271/14/14
f 1950/8/15 1800/25/15 1969/7/15
f 1966/10/16 1957/5/16 1967/12/16
f 1802/26/17 1738/27/17 1803/28/17
f 1957/5/18 1951/21/18 1956/6/18
f 1959/22/19 1957/5/19 1963/17/19
f 1964/16/20 1965/29/20 1963/17/20
f 1951/21/21 1957/5/21 1958/3/21
f 1969/7/22 1736/18/22 1802/26/22
f 1738/27/23 1736/18/23 1735/30/23
f 1950/8/24 1956/6/24 1951/21/24
f 1947/31/25 1950/8/25 1951/21/25
f 1788/32/26 1736/18/26 1969/7/26
f 1736/18/27 1788/32/27 1737/19/27
f 1970/4/28 1802/26/28 1815/11/28
f 1968/33/29 1963/17/29 1965/29/29
f 1738/27/30 1802/26/30 1736/18/30
f 1959/22/31 1963/17/31 1968/33/31
f 1722/20/32 1735/30/32 1736/18/32
f 1969/7/33 1802/26/33 1970/4/33
f 1947/31/34 1951/21/34 1962/2/34
f 1734/34/35 1735/30/35 1722/20/35
f 1970/4/36 1956/6/36 1969/7/36
f 1958/3/37 1959/22/37 1960/9/37
f 1800/25/38 1788/32/38 1969/7/38
f 1802/26/39 1803/28/39 1815/11/39
f 1957/5/40 1970/4/40 1967/12/40
f 3329/35/41 3331/36/41 3363/37/41
f 3329/35/42 3328/38/42 3331/36/42
f 808/39/43 789/40/43 807/41/43
f 808/39/44 807/41/44 815/42/44
f 788/43/45 807/41/45 789/40/45
f 3799/44/46 3788/45/46 3787/46/46
f 3278/47/47 3279/48/47 3280/49/47
f 3281/50/48 3279/48/48 3278/47/48
f 3281/50/49 3278/47/49 3282/51/49
f 3279/48/50 3283/52/50 3280/49/50
f 3284/53/51 3280/49/51 3283/52/51
f 3284/53/52 3283/52/52 3285/54/52
f 151/55/53 147/56/53 150/57/53
f 150/57/54 148/58/54 152/59/54
f 152/59/55 148/58/55 182/60/55
f 182/60/56 148/58/56 180/61/56
f 150/57/57 147/56/57 148/58/57
f 145/62/58 146/63/58 147/56/58
f 147/56/59 146/63/59 148/58/59
f 146/63/60 149/64/60 148/58/60
f 170/65/61 150/57/61 183/66/61
f 150/57/62 182/60/62 184/67/62
f 170/65/63 151/55/63 150/57/63
f 150/57/64 152/59/64 182/60/64
f 151/55/65 153/68/65 147/56/65
f 182/60/66 180/61/66 217/69/66
f 153/68/67 145/62/67 147/56/67
f 149/64/68 179/70/68 148/58/68
f 148/58/69 179/70/69 180/61/69
f 149/64/70 188/71/70 179/70/70
f 146/63/71 177/72/71 149/64/71
f 159/73/72 151/55/72 165/74/72
f 165/74/73 151/55/73 170/65/73
f 184/67/74 182/60/74 251/75/74
f 251/75/75 182/60/75 217/69/75
f 156/76/76 151/55/76 159/73/76
f 156/76/77 155/77/77 151/55/77
f 151/55/78 155/77/78 153/68/78
f 217/69/79 180/61/79 216/78/79
f 155/77/80 154/79/80 153/68/80
f 180/61/81 215/80/81 216/78/81
f 154/79/82 145/62/82 153/68/82
f 180/61/83 179/70/83 215/80/83
f 154/79/84 169/81/84 145/62/84
f 179/70/85 213/82/85 215/80/85
f 145/62/86 172/83/86 146/63/86
f 146/63/87 172/83/87 177/72/87
f 179/70/88 188/71/88 198/84/88
f 169/81/89 172/83/89 145/62/89
f 177/72/90 188/71/90 149/64/90
f 179/70/91 198/84/91 213/82/91
f 172/83/92 195/85/92 177/72/92
f 190/86/93 170/65/93 193/87/93
f 193/87/94 183/66/94 335/88/94
f 190/86/95 185/89/95 170/65/95
f 193/87/96 170/65/96 183/66/96
f 335/88/97 183/66/97 334/90/97
f 185/89/98 165/74/98 170/65/98
f 334/90/99 184/67/99 336/91/99
f 184/67/100 251/75/100 336/91/100
f 217/69/101 280/92/101 251/75/101
f 165/74/102 156/76/102 159/73/102
f 216/78/103 240/93/103 217/69/103
f 217/69/104 240/93/104 280/92/104
f 156/76/105 157/94/105 155/77/105
f 157/94/106 154/79/106 155/77/106
f 216/78/107 215/80/107 240/93/107
f 157/94/108 160/95/108 154/79/108
f 215/80/109 241/96/109 240/93/109
f 160/95/110 169/81/110 154/79/110
f 160/95/111 173/97/111 169/81/111
f 215/80/112 213/82/112 227/98/112
f 173/97/113 181/99/113 169/81/113
f 173/97/114 194/100/114 181/99/114
f 169/81/115 181/99/115 172/83/115
f 181/99/116 196/101/116 172/83/116
f 177/72/117 195/85/117 188/71/117
f 188/71/118 201/102/118 198/84/118
f 172/83/119 196/101/119 195/85/119
f 195/85/120 201/102/120 188/71/120
f 356/103/121 193/87/121 353/104/121
f 193/87/122 335/88/122 353/104/122
f 353/104/123 335/88/123 355/105/123
f 356/103/124 190/86/124 193/87/124
f 355/105/125 335/88/125 341/106/125
f 335/88/126 334/90/126 341/106/126
f 191/107/127 186/108/127 185/89/127
f 191/107/128 185/89/128 190/86/128
f 334/90/129 336/91/129 341/106/129
f 186/108/130 165/74/130 185/89/130
f 336/91/131 251/75/131 305/109/131
f 186/108/132 166/110/132 165/74/132
f 166/110/133 164/111/133 165/74/133
f 251/75/134 280/92/134 305/109/134
f 165/74/135 164/111/135 156/76/135
f 280/92/136 299/112/136 305/109/136
f 164/111/137 158/113/137 156/76/137
f 280/92/138 240/93/138 299/112/138
f 161/114/139 157/94/139 158/113/139
f 158/113/140 157/94/140 156/76/140
f 161/114/141 162/115/141 157/94/141
f 162/115/142 160/95/142 157/94/142
f 241/96/143 270/116/143 240/93/143
f 241/96/144 242/117/144 270/116/144
f 174/118/145 160/95/145 162/115/145
f 241/96/146 215/80/146 242/117/146
f 174/118/147 173/97/147 160/95/147
f 215/80/148 227/98/148 242/117/148
f 213/82/149 224/119/149 227/98/149
f 198/84/150 224/119/150 213/82/150
f 181/99/151 194/100/151 199/120/151
f 201/102/152 214/121/152 198/84/152
f 198/84/153 214/121/153 224/119/153
f 194/100/154 202/122/154 199/120/154
f 181/99/155 199/120/155 196/101/155
f 199/120/156 205/123/156 196/101/156
f 196/101/157 205/123/157 195/85/157
f 205/123/158 208/124/158 195/85/158
f 201/102/159 218/125/159 214/121/159
f 195/85/160 208/124/160 201/102/160
f 201/102/161 208/124/161 218/125/161
f 357/126/162 191/107/162 190/86/162
f 357/126/163 190/86/163 356/103/163
f 362/127/164 341/106/164 336/91/164
f 336/91/165 305/109/165 337/128/165
f 164/111/166 163/129/166 158/113/166
f 163/129/167 161/114/167 158/113/167
f 240/93/168 271/130/168 300/131/168
f 299/112/169 240/93/169 300/131/169
f 161/114/170 168/132/170 162/115/170
f 240/93/171 270/116/171 271/130/171
f 168/132/172 174/118/172 162/115/172
f 174/118/173 178/133/173 173/97/173
f 178/133/174 194/100/174 173/97/174
f 202/122/175 206/134/175 199/120/175
f 199/120/176 206/134/176 205/123/176
f 371/135/177 353/104/177 368/136/177
f 365/137/178 357/126/178 356/103/178
f 365/137/179 356/103/179 371/135/179
f 371/135/180 356/103/180 353/104/180
f 368/136/181 355/105/181 377/138/181
f 192/139/182 186/108/182 191/107/182
f 337/128/183 305/109/183 361/140/183
f 166/110/184 163/129/184 164/111/184
f 305/109/185 322/141/185 339/142/185
f 305/109/186 299/112/186 322/141/186
f 168/132/187 175/143/187 174/118/187
f 270/116/188 242/117/188 272/144/188
f 178/133/189 200/145/189 194/100/189
f 242/117/190 227/98/190 250/146/190
f 227/98/191 239/147/191 250/146/191
f 200/145/192 202/122/192 194/100/192
f 227/98/193 224/119/193 239/147/193
f 218/125/194 233/148/194 214/121/194
f 214/121/195 233/148/195 224/119/195
f 202/122/196 209/149/196 206/134/196
f 209/149/197 220/150/197 206/134/197
f 218/125/198 225/151/198 233/148/198
f 220/150/199 219/152/199 206/134/199
f 206/134/200 219/152/200 205/123/200
f 219/152/201 208/124/201 205/123/201
f 208/124/202 225/151/202 218/125/202
f 377/138/203 362/127/203 385/153/203
f 365/137/204 375/154/204 357/126/204
f 377/138/205 355/105/205 362/127/205
f 357/126/206 192/139/206 191/107/206
f 187/155/207 186/108/207 192/139/207
f 187/155/208 166/110/208 186/108/208
f 187/155/209 171/156/209 166/110/209
f 361/140/210 305/109/210 339/142/210
f 171/156/211 163/129/211 166/110/211
f 171/156/212 189/157/212 163/129/212
f 189/157/213 167/158/213 163/129/213
f 163/129/214 167/158/214 161/114/214
f 189/157/215 382/159/215 167/158/215
f 271/130/216 306/160/216 300/131/216
f 382/159/217 223/161/217 167/158/217
f 167/158/218 176/162/218 168/132/218
f 167/158/219 168/132/219 161/114/219
f 271/130/220 294/163/220 306/160/220
f 167/158/221 223/161/221 176/162/221
f 271/130/222 270/116/222 294/163/222
f 176/162/223 175/143/223 168/132/223
f 175/143/224 178/133/224 174/118/224
f 242/117/225 250/146/225 272/144/225
f 203/164/226 202/122/226 200/145/226
f 202/122/227 210/165/227 209/149/227
f 224/119/228 233/148/228 239/147/228
f 208/124/229 229/166/229 225/151/229
f 371/135/230 368/136/230 380/167/230
f 380/167/231 368/136/231 381/168/231
f 381/168/232 368/136/232 387/169/232
f 387/169/233 368/136/233 377/138/233
f 385/153/234 362/127/234 366/170/234
f 375/154/235 359/171/235 357/126/235
f 366/170/236 361/140/236 373/172/236
f 358/173/237 187/155/237 192/139/237
f 187/155/238 374/174/238 171/156/238
f 374/174/239 189/157/239 171/156/239
f 2259/175/240 2260/176/240 2300/177/240
f 2260/176/241 2262/178/241 2300/177/241
f 2262/178/242 2261/179/242 2263/180/242
f 2262/178/243 2263/180/243 2264/181/243
f 223/161/244 175/143/244 176/162/244
f 270/116/245 272/144/245 294/163/245
f 223/161/246 197/182/246 175/143/246
f 197/182/247 178/133/247 175/143/247
f 197/182/248 200/145/248 178/133/248
f 272/144/249 250/146/249 278/183/249
f 203/164/250 210/165/250 202/122/250
f 239/147/251 252/184/251 250/146/251
f 210/165/252 222/185/252 209/149/252
f 233/148/253 244/186/253 239/147/253
f 222/185/254 220/150/254 209/149/254
f 219/152/255 229/166/255 208/124/255
f 229/166/256 237/187/256 225/151/256
f 388/188/257 372/189/257 402/190/257
f 388/188/258 365/137/258 372/189/258
f 387/169/259 377/138/259 385/153/259
f 388/188/260 375/154/260 365/137/260
f 366/170/261 373/172/261 392/191/261
f 360/192/262 192/139/262 359/171/262
f 360/192/263 358/173/263 192/139/263
f 419/193/264 187/155/264 358/173/264
f 419/193/265 374/174/265 187/155/265
f 2257/194/266 2258/195/266 2259/175/266
f 2259/175/267 2258/195/267 2260/176/267
f 322/141/268 354/196/268 339/142/268
f 2258/195/269 2261/179/269 2260/176/269
f 322/141/270 338/197/270 354/196/270
f 2261/179/271 2262/178/271 2260/176/271
f 300/131/272 338/197/272 322/141/272
f 2261/179/273 2266/198/273 2263/180/273
f 300/131/274 306/160/274 338/197/274
f 2264/181/275 2263/180/275 2265/199/275
f 223/161/276 247/200/276 197/182/276
f 2264/181/277 2265/199/277 2270/201/277
f 197/182/278 204/202/278 200/145/278
f 210/165/279 221/203/279 222/185/279
f 239/147/280 244/186/280 252/184/280
f 222/185/281 230/204/281 220/150/281
f 225/151/282 238/205/282 233/148/282
f 233/148/283 238/205/283 244/186/283
f 230/204/284 231/206/284 220/150/284
f 220/150/285 231/206/285 219/152/285
f 237/187/286 238/205/286 225/151/286
f 231/206/287 232/207/287 219/152/287
f 219/152/288 232/207/288 229/166/288
f 402/190/289 372/189/289 403/208/289
f 403/208/290 380/167/290 414/209/290
f 380/167/291 381/168/291 413/210/291
f 414/209/292 380/167/292 413/210/292
f 403/208/293 372/189/293 380/167/293
f 381/168/294 387/169/294 413/210/294
f 387/169/295 385/153/295 407/211/295
f 389/212/296 375/154/296 388/188/296
f 385/153/297 366/170/297 393/213/297
f 389/212/298 383/214/298 375/154/298
f 393/213/299 366/170/299 392/191/299
f 383/214/300 359/171/300 375/154/300
f 360/192/301 359/171/301 383/214/301
f 2257/194/302 2255/215/302 2256/216/302
f 361/140/303 339/142/303 370/217/303
f 2256/216/304 2258/195/304 2257/194/304
f 2258/195/305 2303/218/305 2261/179/305
f 2261/179/306 2303/218/306 2335/219/306
f 2335/219/307 2347/220/307 2261/179/307
f 2261/179/308 2347/220/308 2266/198/308
f 2266/198/309 2267/221/309 2263/180/309
f 2263/180/310 2267/221/310 2265/199/310
f 294/163/311 272/144/311 297/222/311
f 2270/201/312 2265/199/312 2271/223/312
f 272/144/313 288/224/313 297/222/313
f 272/144/314 278/183/314 288/224/314
f 197/182/315 247/200/315 204/202/315
f 204/202/316 203/164/316 200/145/316
f 250/146/317 288/224/317 278/183/317
f 207/225/318 210/165/318 203/164/318
f 221/203/319 226/226/319 222/185/319
f 244/186/320 253/227/320 252/184/320
f 234/228/321 230/204/321 222/185/321
f 238/205/322 249/229/322 244/186/322
f 238/205/323 237/187/323 255/230/323
f 231/206/324 243/231/324 232/207/324
f 232/207/325 235/232/325 229/166/325
f 235/232/326 237/187/326 229/166/326
f 413/210/327 387/169/327 407/211/327
f 407/211/328 385/153/328 393/213/328
f 395/233/329 358/173/329 360/192/329
f 373/172/330 370/217/330 384/234/330
f 370/217/331 339/142/331 369/235/331
f 2256/216/332 2254/236/332 2258/195/332
f 2258/195/333 2254/236/333 2303/218/333
f 339/142/334 354/196/334 369/235/334
f 338/197/335 340/237/335 354/196/335
f 1317/238/336 1280/239/336 1279/240/336
f 338/197/337 328/241/337 340/237/337
f 338/197/338 306/160/338 328/241/338
f 1317/238/339 1279/240/339 1286/242/339
f 294/163/340 328/241/340 306/160/340
f 2347/220/341 2376/243/341 2266/198/341
f 2266/198/342 2376/243/342 2267/221/342
f 2267/221/343 2268/244/343 2265/199/343
f 2265/199/344 2268/244/344 2271/223/344
f 2271/223/345 2272/245/345 2270/201/345
f 247/200/346 274/246/346 204/202/346
f 204/202/347 207/225/347 203/164/347
f 250/146/348 279/247/348 288/224/348
f 207/225/349 211/248/349 210/165/349
f 211/248/350 221/203/350 210/165/350
f 252/184/351 253/227/351 250/146/351
f 226/226/352 234/228/352 222/185/352
f 238/205/353 255/230/353 249/229/353
f 243/231/354 235/232/354 232/207/354
f 3987/249/355 4013/250/355 3989/251/355
f 3989/251/356 4013/250/356 4011/252/356
f 3989/251/357 4011/252/357 3995/253/357
f 3998/254/358 4010/255/358 3990/256/358
f 418/257/359 388/188/359 402/190/359
f 415/258/360 389/212/360 388/188/360
f 396/259/361 395/233/361 360/192/361
f 396/259/362 360/192/362 383/214/362
f 2255/215/363 2253/260/363 2256/216/363
f 384/234/364 370/217/364 369/235/364
f 2253/260/365 2254/236/365 2256/216/365
f 2254/236/366 2348/261/366 2303/218/366
f 1370/262/367 1312/263/367 1280/239/367
f 354/196/368 367/264/368 369/235/368
f 354/196/369 340/237/369 367/264/369
f 1174/265/370 1242/266/370 1206/267/370
f 1188/268/371 1250/269/371 1189/270/371
f 1124/271/372 1157/272/372 1123/273/372
f 297/222/373 307/274/373 308/275/373
f 2267/221/374 2376/243/374 2268/244/374
f 297/222/375 302/276/375 307/274/375
f 288/224/376 302/276/376 297/222/376
f 2271/223/377 2273/277/377 2272/245/377
f 2273/277/378 2274/278/378 2272/245/378
f 274/246/379 207/225/379 204/202/379
f 274/246/380 390/279/380 207/225/380
f 207/225/381 212/280/381 211/248/381
f 253/227/382 279/247/382 250/146/382
f 244/186/383 254/281/383 253/227/383
f 249/229/384 254/281/384 244/186/384
f 234/228/385 257/282/385 230/204/385
f 230/204/386 243/231/386 231/206/386
f 235/232/387 245/283/387 237/187/387
f 3995/253/388 3998/254/388 3983/284/388
f 3986/285/389 3998/254/389 3990/256/389
f 415/258/390 388/188/390 418/257/390
f 4010/255/391 4016/286/391 3988/287/391
f 396/259/392 383/214/392 389/212/392
f 408/288/393 392/191/393 406/289/393
f 2269/290/394 2251/291/394 2255/215/394
f 2251/291/395 2252/292/395 2253/260/395
f 2255/215/396 2251/291/396 2253/260/396
f 2253/260/397 2252/292/397 2254/236/397
f 1312/263/398 1249/293/398 1280/239/398
f 369/235/399 367/264/399 391/294/399
f 1189/270/400 1176/295/400 1158/296/400
f 1250/269/401 1187/297/401 1278/298/401
f 2268/244/402 2304/299/402 2271/223/402
f 2271/223/403 2304/299/403 2273/277/403
f 390/279/404 212/280/404 207/225/404
f 288/224/405 279/247/405 303/300/405
f 228/301/406 211/248/406 212/280/406
f 228/301/407 236/302/407 211/248/407
f 211/248/408 236/302/408 221/203/408
f 253/227/409 276/303/409 279/247/409
f 236/302/410 256/304/410 226/226/410
f 221/203/411 236/302/411 226/226/411
f 226/226/412 256/304/412 234/228/412
f 253/227/413 254/281/413 276/303/413
f 256/304/414 257/282/414 234/228/414
f 257/282/415 259/305/415 230/204/415
f 255/230/416 268/306/416 249/229/416
f 230/204/417 259/305/417 243/231/417
f 237/187/418 245/283/418 255/230/418
f 243/231/419 248/307/419 235/232/419
f 248/307/420 245/283/420 235/232/420
f 3928/308/421 3987/249/421 3989/251/421
f 3989/251/422 3995/253/422 3932/309/422
f 3932/309/423 3995/253/423 3983/284/423
f 3983/284/424 3998/254/424 3986/285/424
f 3947/310/425 4014/311/425 3987/249/425
f 3990/256/426 4010/255/426 3988/287/426
f 3988/287/427 4016/286/427 3997/312/427
f 417/313/428 393/213/428 408/288/428
f 396/259/429 389/212/429 421/314/429
f 446/315/430 445/316/430 396/259/430
f 2252/292/431 2342/317/431 2348/261/431
f 2252/292/432 2348/261/432 2254/236/432
f 1261/318/433 1269/319/433 1242/266/433
f 340/237/434 376/320/434 386/321/434
f 340/237/435 328/241/435 376/320/435
f 1176/295/436 1164/322/436 1120/323/436
f 308/275/437 307/274/437 363/324/437
f 307/274/438 302/276/438 325/325/438
f 2304/299/439 2305/326/439 2273/277/439
f 2273/277/440 2305/326/440 2275/327/440
f 302/276/441 288/224/441 303/300/441
f 2273/277/442 2275/327/442 2274/278/442
f 2275/327/443 2276/328/443 2274/278/443
f 2274/278/444 2276/328/444 2317/329/444
f 254/281/445 289/330/445 276/303/445
f 257/282/446 267/331/446 259/305/446
f 255/230/447 245/283/447 268/306/447
f 248/307/448 265/332/448 261/333/448
f 3923/334/449 3987/249/449 3928/308/449
f 3928/308/450 3989/251/450 3932/309/450
f 4014/311/451 3984/335/451 4015/336/451
f 4050/337/452 4051/338/452 4015/336/452
f 2250/339/453 2269/290/453 2341/340/453
f 2250/339/454 2251/291/454 2269/290/454
f 2251/291/455 2249/341/455 2252/292/455
f 406/289/456 384/234/456 416/342/456
f 384/234/457 404/343/457 416/342/457
f 2342/317/458 2386/344/458 2348/261/458
f 384/234/459 369/235/459 404/343/459
f 404/343/460 369/235/460 391/294/460
f 1243/345/461 1263/346/461 1255/347/461
f 1283/348/462 1266/349/462 1249/293/462
f 308/275/463 364/350/463 376/320/463
f 1224/351/464 1244/352/464 1332/353/464
f 302/276/465 303/300/465 325/325/465
f 2276/328/466 2279/354/466 2317/329/466
f 279/247/467 293/355/467 303/300/467
f 212/280/468 342/356/468 228/301/468
f 342/356/469 246/357/469 228/301/469
f 279/247/470 276/303/470 293/355/470
f 264/358/471 256/304/471 236/302/471
f 256/304/472 258/359/472 257/282/472
f 249/229/473 277/360/473 254/281/473
f 249/229/474 268/306/474 277/360/474
f 259/305/475 266/361/475 243/231/475
f 243/231/476 265/332/476 248/307/476
f 245/283/477 269/362/477 268/306/477
f 248/307/478 261/333/478 245/283/478
f 261/333/479 262/363/479 245/283/479
f 262/363/480 269/362/480 245/283/480
f 3924/364/481 3987/249/481 3923/334/481
f 3919/365/482 3986/285/482 3990/256/482
f 3984/335/483 4014/311/483 3947/310/483
f 4016/286/484 4025/366/484 3997/312/484
f 2341/340/485 2301/367/485 2250/339/485
f 2250/339/486 2249/341/486 2251/291/486
f 2252/292/487 2313/368/487 2342/317/487
f 1290/369/488 1291/370/488 1270/371/488
f 1270/371/489 1282/372/489 1269/319/489
f 404/343/490 391/294/490 401/373/490
f 391/294/491 400/374/491 401/373/491
f 391/294/492 367/264/492 400/374/492
f 367/264/493 386/321/493 400/374/493
f 1237/375/494 1211/376/494 1231/377/494
f 1378/378/495 1332/353/495 1276/379/495
f 2276/328/496 2275/327/496 2277/380/496
f 228/301/497 246/357/497 236/302/497
f 276/303/498 291/381/498 293/355/498
f 276/303/499 289/330/499 291/381/499
f 256/304/500 264/358/500 258/359/500
f 277/360/501 289/330/501 254/281/501
f 267/331/502 266/361/502 259/305/502
f 266/361/503 265/332/503 243/231/503
f 3932/309/504 3983/284/504 3898/382/504
f 3898/382/505 3983/284/505 3894/383/505
f 3894/383/506 3986/285/506 3921/384/506
f 3988/287/507 3997/312/507 3985/385/507
f 3997/312/508 4025/366/508 4007/386/508
f 4028/387/509 4015/336/509 3984/335/509
f 4028/387/510 4050/337/510 4015/336/510
f 2301/367/511 2216/388/511 2250/339/511
f 406/289/512 416/342/512 433/389/512
f 2249/341/513 2313/368/513 2252/292/513
f 2313/368/514 2386/344/514 2342/317/514
f 2041/390/515 2029/391/515 2052/392/515
f 307/274/516 325/325/516 363/324/516
f 325/325/517 303/300/517 324/393/517
f 1276/379/518 1289/394/518 1378/378/518
f 303/300/519 321/395/519 324/393/519
f 293/355/520 321/395/520 303/300/520
f 352/396/521 246/357/521 342/356/521
f 246/357/522 263/397/522 236/302/522
f 236/302/523 263/397/523 264/358/523
f 289/330/524 304/398/524 291/381/524
f 258/359/525 260/399/525 257/282/525
f 268/306/526 286/400/526 277/360/526
f 268/306/527 269/362/527 286/400/527
f 262/363/528 287/401/528 269/362/528
f 287/401/529 286/400/529 269/362/529
f 261/333/530 282/402/530 262/363/530
f 3921/384/531 3986/285/531 3919/365/531
f 4007/386/532 4025/366/532 4017/403/532
f 4025/366/533 4032/404/533 4017/403/533
f 423/405/534 406/289/534 433/389/534
f 2216/388/535 2249/341/535 2250/339/535
f 364/350/536 363/324/536 397/406/536
f 1135/407/537 1182/408/537 1178/409/537
f 2275/327/538 2356/410/538 2277/380/538
f 2276/328/539 2277/380/539 2278/411/539
f 2276/328/540 2278/411/540 2279/354/540
f 2279/354/541 2278/411/541 2281/412/541
f 352/396/542 273/413/542 246/357/542
f 273/413/543 263/397/543 246/357/543
f 277/360/544 304/398/544 289/330/544
f 257/282/545 260/399/545 267/331/545
f 287/401/546 292/414/546 286/400/546
f 265/332/547 282/402/547 261/333/547
f 262/363/548 298/415/548 287/401/548
f 3877/416/549 3923/334/549 3889/417/549
f 3928/308/550 3932/309/550 3889/417/550
f 3924/364/551 3923/334/551 3877/416/551
f 2249/341/552 2314/418/552 2313/368/552
f 433/389/553 416/342/553 431/419/553
f 2313/368/554 2369/420/554 2386/344/554
f 2066/421/555 2026/422/555 2041/390/555
f 404/343/556 405/423/556 425/424/556
f 386/321/557 412/425/557 400/374/557
f 376/320/558 364/350/558 399/426/558
f 364/350/559 397/406/559 399/426/559
f 379/427/560 397/406/560 363/324/560
f 325/325/561 379/427/561 363/324/561
f 2281/412/562 2278/411/562 2282/428/562
f 2282/428/563 2357/429/563 2281/412/563
f 352/396/564 313/430/564 273/413/564
f 293/355/565 291/381/565 321/395/565
f 273/413/566 285/431/566 263/397/566
f 264/358/567 260/399/567 258/359/567
f 277/360/568 296/432/568 304/398/568
f 286/400/569 295/433/569 277/360/569
f 277/360/570 295/433/570 296/432/570
f 260/399/571 266/361/571 267/331/571
f 266/361/572 275/434/572 265/332/572
f 262/363/573 282/402/573 298/415/573
f 3878/435/574 3924/364/574 3877/416/574
f 3919/365/575 3988/287/575 3918/436/575
f 3922/437/576 3947/310/576 3924/364/576
f 2301/367/577 2219/438/577 2216/388/577
f 2314/418/578 2369/420/578 2313/368/578
f 2069/439/579 2026/422/579 2066/421/579
f 425/424/580 405/423/580 436/440/580
f 400/374/581 424/441/581 401/373/581
f 1265/442/582 1275/443/582 1247/444/582
f 1213/445/583 1227/446/583 1198/447/583
f 325/325/584 324/393/584 379/427/584
f 324/393/585 378/448/585 379/427/585
f 324/393/586 321/395/586 343/449/586
f 291/381/587 319/450/587 321/395/587
f 285/431/588 264/358/588 263/397/588
f 285/431/589 284/451/589 264/358/589
f 291/381/590 304/398/590 319/450/590
f 264/358/591 283/452/591 260/399/591
f 260/399/592 281/453/592 266/361/592
f 266/361/593 281/453/593 275/434/593
f 265/332/594 290/454/594 282/402/594
f 287/401/595 298/415/595 292/414/595
f 3889/417/596 3898/382/596 3874/455/596
f 3873/456/597 3877/416/597 3889/417/597
f 3918/436/598 3985/385/598 3927/457/598
f 3878/435/599 3922/437/599 3924/364/599
f 3985/385/600 4007/386/600 3991/458/600
f 3917/459/601 3984/335/601 3922/437/601
f 4024/460/602 3984/335/602 3917/459/602
f 2248/461/603 2314/418/603 2249/341/603
f 2216/388/604 2248/461/604 2249/341/604
f 2004/462/605 1906/463/605 1994/464/605
f 412/425/606 411/465/606 434/466/606
f 1135/407/607 1140/467/607 1182/408/607
f 313/430/608 285/431/608 273/413/608
f 284/451/609 283/452/609 264/358/609
f 283/452/610 281/453/610 260/399/610
f 317/468/611 296/432/611 295/433/611
f 286/400/612 292/414/612 295/433/612
f 281/453/613 290/454/613 275/434/613
f 275/434/614 290/454/614 265/332/614
f 298/415/615 309/469/615 292/414/615
f 3884/470/616 3919/365/616 3880/471/616
f 3985/385/617 3991/458/617 3925/472/617
f 3917/459/618 3922/437/618 3882/473/618
f 4032/404/619 4038/474/619 4018/475/619
f 2314/418/620 2248/461/620 2369/420/620
f 2069/439/621 2012/476/621 2026/422/621
f 425/424/622 436/440/622 431/419/622
f 2000/477/623 1996/478/623 2024/479/623
f 2277/380/624 2280/480/624 2278/411/624
f 321/395/625 346/481/625 343/449/625
f 2278/411/626 2283/482/626 2282/428/626
f 321/395/627 319/450/627 345/483/627
f 304/398/628 329/484/628 319/450/628
f 296/432/629 317/468/629 304/398/629
f 283/452/630 301/485/630 281/453/630
f 281/453/631 301/485/631 290/454/631
f 292/414/632 316/486/632 295/433/632
f 282/402/633 311/487/633 298/415/633
f 3873/456/634 3889/417/634 3874/455/634
f 3874/455/635 3894/383/635 3884/470/635
f 3880/471/636 3919/365/636 3918/436/636
f 3882/473/637 3922/437/637 3878/435/637
f 2219/438/638 2215/488/638 2216/388/638
f 4017/403/639 4018/475/639 3996/489/639
f 2248/461/640 2366/490/640 2369/420/640
f 2068/491/641 2012/476/641 2069/439/641
f 412/425/642 434/466/642 435/492/642
f 1297/493/643 1308/494/643 1233/495/643
f 428/496/644 397/406/644 422/497/644
f 397/406/645 379/427/645 422/497/645
f 2278/411/646 2280/480/646 2283/482/646
f 321/395/647 345/483/647 346/481/647
f 313/430/648 312/498/648 285/431/648
f 1150/499/649 1195/500/649 1191/501/649
f 285/431/650 283/452/650 284/451/650
f 295/433/651 316/486/651 317/468/651
f 292/414/652 309/469/652 316/486/652
f 290/454/653 310/502/653 282/402/653
f 282/402/654 310/502/654 311/487/654
f 3918/436/655 3927/457/655 3888/503/655
f 3927/457/656 3925/472/656 3888/503/656
f 2219/438/657 2217/504/657 2215/488/657
f 2012/476/658 1930/505/658 2000/477/658
f 431/419/659 440/506/659 439/507/659
f 1996/478/660 1881/508/660 1997/509/660
f 436/440/661 405/423/661 442/510/661
f 379/427/662 409/511/662 420/512/662
f 378/448/663 410/513/663 409/511/663
f 378/448/664 343/449/664 410/513/664
f 346/481/665 410/513/665 343/449/665
f 2357/429/666 2282/428/666 2391/514/666
f 312/498/667 283/452/667 285/431/667
f 301/485/668 315/515/668 290/454/668
f 311/487/669 318/516/669 298/415/669
f 298/415/670 318/516/670 309/469/670
f 3864/517/671 3877/416/671 3873/456/671
f 3880/471/672 3888/503/672 3870/518/672
f 3916/519/673 3917/459/673 3882/473/673
f 3925/472/674 3991/458/674 3946/520/674
f 2214/521/675 2248/461/675 2216/388/675
f 2215/488/676 2214/521/676 2216/388/676
f 3996/489/677 4018/475/677 4005/522/677
f 4018/475/678 4038/474/678 4005/522/678
f 4038/474/679 4055/523/679 4026/524/679
f 1295/525/680 1361/526/680 1297/493/680
f 1251/527/681 1313/528/681 1360/529/681
f 2280/480/682 2327/530/682 2283/482/682
f 1215/531/683 1214/532/683 1195/500/683
f 319/450/684 329/484/684 345/483/684
f 312/498/685 314/533/685 283/452/685
f 283/452/686 314/533/686 301/485/686
f 315/515/687 323/534/687 290/454/687
f 323/534/688 310/502/688 290/454/688
f 3860/535/689 3873/456/689 3874/455/689
f 2214/521/690 2366/490/690 2248/461/690
f 1906/463/691 1878/536/691 1879/537/691
f 2011/538/692 2021/539/692 2043/540/692
f 2053/541/693 2063/542/693 2058/543/693
f 1328/544/694 1383/545/694 1311/546/694
f 1302/547/695 1374/548/695 1367/549/695
f 1295/525/696 1367/549/696 1361/526/696
f 1308/494/697 1345/550/697 1307/551/697
f 409/511/698 410/513/698 432/552/698
f 1216/553/699 1241/554/699 1226/555/699
f 346/481/700 430/556/700 410/513/700
f 2283/482/701 2284/557/701 2282/428/701
f 2282/428/702 2284/557/702 2285/558/702
f 345/483/703 394/559/703 346/481/703
f 2282/428/704 2364/560/704 2391/514/704
f 316/486/705 332/561/705 317/468/705
f 309/469/706 326/562/706 316/486/706
f 318/516/707 327/563/707 309/469/707
f 309/469/708 327/563/708 326/562/708
f 3854/564/709 3860/535/709 3874/455/709
f 3865/565/710 3880/471/710 3870/518/710
f 3888/503/711 3925/472/711 3890/566/711
f 3982/567/712 4047/568/712 3916/519/712
f 3879/569/713 3916/519/713 3882/473/713
f 2218/570/714 2213/571/714 2217/504/714
f 2217/504/715 2213/571/715 2215/488/715
f 1906/463/716 1879/537/716 1901/572/716
f 2021/539/717 2042/573/717 2053/541/717
f 3215/574/718 3214/575/718 3186/576/718
f 1383/545/719 1374/548/719 1311/546/719
f 1308/494/720 1366/577/720 1345/550/720
f 1307/551/721 1345/550/721 1309/578/721
f 3203/579/722 3157/580/722 3158/581/722
f 3203/579/723 3210/582/723 3157/580/723
f 346/481/724 394/559/724 429/583/724
f 2283/482/725 2298/584/725 2284/557/725
f 2282/428/726 2285/558/726 2364/560/726
f 329/484/727 394/559/727 345/483/727
f 331/585/728 314/533/728 312/498/728
f 314/533/729 330/586/729 315/515/729
f 314/533/730 315/515/730 301/485/730
f 317/468/731 332/561/731 320/587/731
f 3451/588/732 3448/589/732 3453/590/732
f 3453/590/733 3448/589/733 3452/591/733
f 3857/592/734 3864/517/734 3858/593/734
f 3879/569/735 3882/473/735 3862/594/735
f 2214/521/736 2367/595/736 2366/490/736
f 1930/505/737 1917/596/737 1882/597/737
f 2063/542/738 2060/598/738 2073/599/738
f 2063/542/739 2073/599/739 2074/600/739
f 2819/601/740 2836/602/740 2835/603/740
f 1300/604/741 1304/605/741 1241/554/741
f 346/481/742 429/583/742 430/556/742
f 312/498/743 350/606/743 331/585/743
f 344/607/744 426/608/744 329/484/744
f 332/561/745 333/609/745 320/587/745
f 316/486/746 326/562/746 332/561/746
f 347/610/747 323/534/747 315/515/747
f 3865/565/748 3870/518/748 3848/611/748
f 3862/594/749 3864/517/749 3855/612/749
f 2062/613/750 2007/614/750 2009/615/750
f 1857/616/751 1841/617/751 1867/618/751
f 1878/536/752 1875/619/752 1879/537/752
f 1877/620/753 1855/621/753 1857/616/753
f 2848/622/754 2827/623/754 2847/624/754
f 2825/625/755 2802/626/755 2837/627/755
f 2802/626/756 2821/628/756 2835/603/756
f 2837/627/757 2802/626/757 2835/603/757
f 2835/603/758 2821/628/758 2819/601/758
f 1372/629/759 1345/550/759 1366/577/759
f 1299/630/760 1342/631/760 1301/632/760
f 2364/560/761 2285/558/761 2344/633/761
f 329/484/762 426/608/762 394/559/762
f 1293/634/763 1294/635/763 1214/532/763
f 330/586/764 348/636/764 315/515/764
f 348/636/765 347/610/765 315/515/765
f 2213/571/766 2212/637/766 2214/521/766
f 2215/488/767 2213/571/767 2214/521/767
f 2212/637/768 2367/595/768 2214/521/768
f 3981/638/769 4005/522/769 3993/639/769
f 1857/616/770 1843/640/770 1841/617/770
f 4005/522/771 4026/524/771 3993/639/771
f 2009/615/772 1914/641/772 1917/596/772
f 1917/596/773 1914/641/773 1868/642/773
f 1921/643/774 1981/644/774 2002/645/774
f 2849/646/775 2830/647/775 2848/622/775
f 2827/623/776 2825/625/776 2847/624/776
f 2819/601/777 2820/648/777 2836/602/777
f 1342/631/778 1359/649/778 1301/632/778
f 1359/649/779 1344/650/779 1301/632/779
f 1301/632/780 1344/650/780 1323/651/780
f 426/608/781 438/652/781 394/559/781
f 350/606/782 351/653/782 331/585/782
f 331/585/783 349/654/783 330/586/783
f 331/585/784 330/586/784 314/533/784
f 320/587/785 333/609/785 344/607/785
f 333/609/786 398/655/786 344/607/786
f 3461/656/787 3439/657/787 3459/658/787
f 3459/658/788 3439/657/788 3451/588/788
f 3448/589/789 3425/659/789 3452/591/789
f 3452/591/790 3425/659/790 3454/660/790
f 3876/661/791 3890/566/791 3887/662/791
f 3853/663/792 3879/569/792 3862/594/792
f 3887/662/793 3890/566/793 3920/664/793
f 1878/536/794 1842/665/794 1866/666/794
f 1866/666/795 1875/619/795 1878/536/795
f 1855/621/796 1843/640/796 1857/616/796
f 2067/667/797 2073/599/797 2060/598/797
f 2849/646/798 2852/668/798 2830/647/798
f 2830/647/799 2827/623/799 2848/622/799
f 2821/628/800 2789/669/800 2819/601/800
f 2789/669/801 2788/670/801 2819/601/801
f 1345/550/802 1372/629/802 1342/631/802
f 430/556/803 429/583/803 441/671/803
f 394/559/804 443/672/804 429/583/804
f 394/559/805 438/652/805 443/672/805
f 3480/673/806 3469/674/806 3481/675/806
f 351/653/807 349/654/807 331/585/807
f 344/607/808 398/655/808 426/608/808
f 3449/676/809 3457/677/809 3456/678/809
f 3455/679/810 3449/676/810 3454/660/810
f 3454/660/811 3449/676/811 3456/678/811
f 3794/680/812 3845/681/812 3846/682/812
f 3795/683/813 3855/612/813 3857/592/813
f 3853/663/814 3982/567/814 3879/569/814
f 3853/663/815 3881/684/815 3982/567/815
f 2062/613/816 2006/685/816 2007/614/816
f 1914/641/817 1862/686/817 1868/642/817
f 4026/524/818 4045/687/818 4004/688/818
f 3248/689/819 3216/690/819 3153/691/819
f 2019/692/820 2056/693/820 2042/573/820
f 2825/625/821 2803/694/821 2802/626/821
f 2802/626/822 2789/669/822 2821/628/822
f 1372/629/823 1376/695/823 1342/631/823
f 1323/651/824 1353/696/824 1304/605/824
f 2298/584/825 2299/697/825 2284/557/825
f 3461/656/826 3445/698/826 3439/657/826
f 3454/660/827 3425/659/827 3455/679/827
f 3439/657/828 3429/699/828 3451/588/828
f 3429/699/829 3448/589/829 3451/588/829
f 2222/700/830 2211/701/830 2218/570/830
f 2218/570/831 2211/701/831 2213/571/831
f 2212/637/832 2368/702/832 2367/595/832
f 2062/613/833 2061/703/833 2006/685/833
f 1843/640/834 1837/704/834 1841/617/834
f 1838/705/835 1866/666/835 1842/665/835
f 1866/666/836 1874/706/836 1875/619/836
f 2006/685/837 1914/641/837 2007/614/837
f 1862/686/838 1851/707/838 1856/708/838
f 1891/709/839 1912/710/839 1921/643/839
f 2830/647/840 2807/711/840 2827/623/840
f 2827/623/841 2800/712/841 2825/625/841
f 2825/625/842 2800/712/842 2803/694/842
f 2803/694/843 2770/713/843 2802/626/843
f 2802/626/844 2770/713/844 2771/714/844
f 1342/631/845 1376/695/845 1371/715/845
f 429/583/846 443/672/846 441/671/846
f 2285/558/847 2284/557/847 2286/716/847
f 2285/558/848 2286/716/848 2344/633/848
f 3467/717/849 3447/718/849 3460/719/849
f 3467/717/850 3460/719/850 3468/720/850
f 3460/719/851 3445/698/851 3461/656/851
f 2211/701/852 2212/637/852 2213/571/852
f 1841/617/853 1837/704/853 1836/721/853
f 2006/685/854 1913/722/854 1914/641/854
f 1913/722/855 1862/686/855 1914/641/855
f 2483/723/856 2481/724/856 2830/647/856
f 2807/711/857 2800/712/857 2827/623/857
f 2771/714/858 2789/669/858 2802/626/858
f 2788/670/859 2778/725/859 2819/601/859
f 3469/674/860 3463/726/860 3467/717/860
f 3455/679/861 3414/727/861 3449/676/861
f 3429/699/862 3428/728/862 3448/589/862
f 3448/589/863 3428/728/863 3425/659/863
f 2210/729/864 2322/730/864 2212/637/864
f 2211/701/865 2210/729/865 2212/637/865
f 3920/664/866 3981/638/866 3930/731/866
f 1843/640/867 1840/732/867 1837/704/867
f 1874/706/868 1886/733/868 1891/709/868
f 1913/722/869 1865/734/869 1862/686/869
f 1856/708/870 1851/707/870 1847/735/870
f 1929/736/871 1983/737/871 1981/644/871
f 2045/738/872 2059/739/872 2056/693/872
f 2803/694/873 2800/712/873 2770/713/873
f 2819/601/874 2778/725/874 2820/648/874
f 2820/648/875 2776/740/875 2822/741/875
f 2809/742/876 2817/743/876 2822/741/876
f 2817/743/877 2844/744/877 2822/741/877
f 3209/745/878 3226/746/878 3194/747/878
f 3480/673/879 3466/748/879 3469/674/879
f 2344/633/880 2286/716/880 2377/749/880
f 3469/674/881 3466/748/881 3463/726/881
f 3463/726/882 3464/750/882 3467/717/882
f 3467/717/883 3464/750/883 3447/718/883
f 3457/677/884 3407/751/884 3458/752/884
f 3449/676/885 3407/751/885 3457/677/885
f 3445/698/886 3442/753/886 3439/657/886
f 2212/637/887 2322/730/887 2368/702/887
f 2061/703/888 2055/754/888 2006/685/888
f 1838/705/889 1871/755/889 1874/706/889
f 1886/733/890 1910/756/890 1912/710/890
f 2019/692/891 2014/757/891 2045/738/891
f 2482/758/892 2481/724/892 2483/723/892
f 2481/724/893 2806/759/893 2830/647/893
f 2806/759/894 2807/711/894 2830/647/894
f 2771/714/895 2765/760/895 2789/669/895
f 2765/760/896 2788/670/896 2789/669/896
f 2778/725/897 2776/740/897 2820/648/897
f 3484/761/898 3488/762/898 3489/763/898
f 1363/764/899 1389/765/899 1379/766/899
f 2299/697/900 2287/767/900 2284/557/900
f 2284/557/901 2287/767/901 2286/716/901
f 3458/752/902 3410/768/902 3474/769/902
f 3445/698/903 3460/719/903 3444/770/903
f 3445/698/904 3444/770/904 3442/753/904
f 3425/659/905 3414/727/905 3455/679/905
f 3887/662/906 3897/771/906 3869/772/906
f 2223/773/907 2211/701/907 2222/700/907
f 1871/755/908 1883/774/908 1874/706/908
f 1847/735/909 1848/775/909 1840/732/909
f 1865/734/910 1850/776/910 1862/686/910
f 1862/686/911 1850/776/911 1851/707/911
f 1851/707/912 1850/776/912 1847/735/912
f 2806/759/913 2766/777/913 2807/711/913
f 2807/711/914 2774/778/914 2800/712/914
f 2800/712/915 2774/778/915 2770/713/915
f 2788/670/916 2765/760/916 2750/779/916
f 2788/670/917 2750/779/917 2778/725/917
f 2776/740/918 2777/780/918 2809/742/918
f 1365/781/919 1377/782/919 1353/696/919
f 2299/697/920 2329/783/920 2287/767/920
f 3447/718/921 3444/770/921 3460/719/921
f 3449/676/922 3409/784/922 3407/751/922
f 3439/657/923 3431/785/923 3429/699/923
f 2209/786/924 2210/729/924 2211/701/924
f 2223/773/925 2209/786/925 2211/701/925
f 2055/754/926 1993/787/926 2006/685/926
f 2006/685/927 1993/787/927 1913/722/927
f 1838/705/928 1839/788/928 1871/755/928
f 1850/776/929 1849/789/929 1847/735/929
f 1847/735/930 1849/789/930 1848/775/930
f 1912/710/931 1910/756/931 1929/736/931
f 1983/737/932 2003/790/932 2014/757/932
f 2014/757/933 2003/790/933 2045/738/933
f 2807/711/934 2766/777/934 2774/778/934
f 2719/791/935 2718/792/935 2765/760/935
f 2771/714/936 2719/791/936 2765/760/936
f 2332/793/937 2377/749/937 2286/716/937
f 3466/748/938 3465/794/938 3463/726/938
f 3463/726/939 3462/795/939 3464/750/939
f 3464/750/940 3462/795/940 3447/718/940
f 3447/718/941 3446/796/941 3444/770/941
f 3458/752/942 3407/751/942 3410/768/942
f 3442/753/943 3435/797/943 3439/657/943
f 3431/785/944 3418/798/944 3429/699/944
f 3429/699/945 3418/798/945 3428/728/945
f 3428/728/946 3418/798/946 3416/799/946
f 3416/799/947 3405/800/947 3428/728/947
f 3428/728/948 3405/800/948 3425/659/948
f 1840/732/949 1833/801/949 1837/704/949
f 1836/721/950 1835/802/950 1838/705/950
f 1927/803/951 1915/804/951 1913/722/951
f 1913/722/952 1915/804/952 1865/734/952
f 1886/733/953 1900/805/953 1910/756/953
f 1929/736/954 1910/756/954 1938/806/954
f 1938/806/955 1979/807/955 1929/736/955
f 1929/736/956 1979/807/956 1983/737/956
f 2774/778/957 2735/808/957 2770/713/957
f 2770/713/958 2735/808/958 2719/791/958
f 2770/713/959 2719/791/959 2771/714/959
f 2718/792/960 2750/779/960 2765/760/960
f 2286/716/961 2289/809/961 2332/793/961
f 3462/795/962 3440/810/962 3447/718/962
f 3447/718/963 3440/810/963 3446/796/963
f 3439/657/964 3435/797/964 3431/785/964
f 3425/659/965 3405/800/965 3414/727/965
f 2210/729/966 2208/811/966 2323/812/966
f 2210/729/967 2323/812/967 2322/730/967
f 2055/754/968 1992/813/968 1993/787/968
f 1837/704/969 1833/801/969 1836/721/969
f 1833/801/970 1835/802/970 1836/721/970
f 1839/788/971 1876/814/971 1871/755/971
f 1993/787/972 1927/803/972 1913/722/972
f 1883/774/973 1895/815/973 1900/805/973
f 2045/738/974 2003/790/974 2048/816/974
f 2059/739/975 2048/816/975 2064/817/975
f 2059/739/976 2064/817/976 2065/818/976
f 2774/778/977 2745/819/977 2735/808/977
f 2718/792/978 2673/820/978 2750/779/978
f 3003/821/979 3021/822/979 2980/823/979
f 2750/779/980 2721/824/980 2778/725/980
f 2721/824/981 2762/825/981 2776/740/981
f 2778/725/982 2721/824/982 2776/740/982
f 2776/740/983 2762/825/983 2777/780/983
f 2777/780/984 2799/826/984 2809/742/984
f 2799/826/985 2815/827/985 2817/743/985
f 2817/743/986 2815/827/986 2826/828/986
f 2334/829/987 2288/830/987 2287/767/987
f 2329/783/988 2334/829/988 2287/767/988
f 3482/831/989 3488/762/989 3484/761/989
f 3465/794/990 3443/832/990 3463/726/990
f 3474/769/991 3410/768/991 3476/833/991
f 3446/796/992 3437/834/992 3444/770/992
f 3444/770/993 3437/834/993 3436/835/993
f 3444/770/994 3436/835/994 3442/753/994
f 3431/785/995 3435/797/995 3427/836/995
f 3405/800/996 3404/837/996 3414/727/996
f 3431/785/997 3423/838/997 3418/798/997
f 2209/786/998 2208/811/998 2210/729/998
f 1833/801/999 1834/839/999 1835/802/999
f 1993/787/1000 1992/813/1000 1927/803/1000
f 1844/840/1001 1833/801/1001 1840/732/1001
f 1871/755/1002 1876/814/1002 1883/774/1002
f 1915/804/1003 1860/841/1003 1865/734/1003
f 1865/734/1004 1860/841/1004 1850/776/1004
f 1850/776/1005 1852/842/1005 1849/789/1005
f 1983/737/1006 1979/807/1006 2003/790/1006
f 2482/758/1007 2479/843/1007 2481/724/1007
f 2806/759/1008 2480/844/1008 2766/777/1008
f 2766/777/1009 2745/819/1009 2774/778/1009
f 3738/845/1010 3739/846/1010 3740/847/1010
f 2750/779/1011 2673/820/1011 2721/824/1011
f 2777/780/1012 2762/825/1012 2764/848/1012
f 2845/849/1013 2829/850/1013 2851/851/1013
f 2288/830/1014 2289/809/1014 2286/716/1014
f 3463/726/1015 3443/832/1015 3462/795/1015
f 3442/753/1016 3436/835/1016 3435/797/1016
f 3427/836/1017 3423/838/1017 3431/785/1017
f 3796/852/1018 3783/853/1018 3797/854/1018
f 2223/773/1019 2338/855/1019 2209/786/1019
f 1860/841/1020 1852/842/1020 1850/776/1020
f 1910/756/1021 1931/856/1021 1938/806/1021
f 2479/843/1022 2480/844/1022 2481/724/1022
f 2480/844/1023 2753/857/1023 2766/777/1023
f 2766/777/1024 2731/858/1024 2745/819/1024
f 3285/54/1025 3286/859/1025 3284/53/1025
f 2103/860/1026 2107/861/1026 2108/862/1026
f 2288/830/1027 2290/863/1027 2289/809/1027
f 2332/793/1028 2289/809/1028 2340/864/1028
f 3410/768/1029 3475/865/1029 3476/833/1029
f 3462/795/1030 3438/866/1030 3440/810/1030
f 3440/810/1031 3437/834/1031 3446/796/1031
f 3437/834/1032 3430/867/1032 3436/835/1032
f 3409/784/1033 3400/868/1033 3407/751/1033
f 3414/727/1034 3404/837/1034 3409/784/1034
f 3863/869/1035 3869/772/1035 3872/870/1035
f 2054/871/1036 1992/813/1036 2055/754/1036
f 1876/814/1037 1895/815/1037 1883/774/1037
f 1931/856/1038 1978/872/1038 1938/806/1038
f 1938/806/1039 1978/872/1039 1979/807/1039
f 1979/807/1040 1987/873/1040 2003/790/1040
f 2473/874/1041 2472/875/1041 2476/876/1041
f 2731/858/1042 2656/877/1042 2745/819/1042
f 2745/819/1043 2656/877/1043 2735/808/1043
f 2735/808/1044 2656/877/1044 2719/791/1044
f 2719/791/1045 2645/878/1045 2718/792/1045
f 2718/792/1046 2645/878/1046 2646/879/1046
f 2799/826/1047 2791/880/1047 2815/827/1047
f 3221/881/1048 3187/882/1048 3190/883/1048
f 2289/809/1049 2291/884/1049 2340/864/1049
f 3482/831/1050 3476/833/1050 3475/865/1050
f 3465/794/1051 3450/885/1051 3443/832/1051
f 1357/886/1052 1368/887/1052 1358/888/1052
f 3443/832/1053 3438/866/1053 3462/795/1053
f 3440/810/1054 3438/866/1054 3437/834/1054
f 3407/751/1055 3396/889/1055 3410/768/1055
f 3436/835/1056 3430/867/1056 3435/797/1056
f 3404/837/1057 3400/868/1057 3409/784/1057
f 3423/838/1058 3417/890/1058 3418/798/1058
f 2209/786/1059 2207/891/1059 2208/811/1059
f 1835/802/1060 1870/892/1060 1839/788/1060
f 1992/813/1061 1916/893/1061 1927/803/1061
f 1844/840/1062 1845/894/1062 1833/801/1062
f 1833/801/1063 1845/894/1063 1834/839/1063
f 1927/803/1064 1916/893/1064 1915/804/1064
f 1915/804/1065 1916/893/1065 1860/841/1065
f 1900/805/1066 1908/895/1066 1910/756/1066
f 2479/843/1067 2478/896/1067 2480/844/1067
f 2766/777/1068 2753/857/1068 2731/858/1068
f 2646/879/1069 2673/820/1069 2718/792/1069
f 2762/825/1070 2734/897/1070 2764/848/1070
f 2826/828/1071 2828/898/1071 2829/850/1071
f 3400/868/1072 3396/889/1072 3407/751/1072
f 3435/797/1073 3430/867/1073 3427/836/1073
f 3427/836/1074 3421/899/1074 3423/838/1074
f 3423/838/1075 3421/899/1075 3417/890/1075
f 3405/800/1076 3403/900/1076 3404/837/1076
f 3418/798/1077 3417/890/1077 3416/799/1077
f 3416/799/1078 3417/890/1078 3411/901/1078
f 3416/799/1079 3403/900/1079 3405/800/1079
f 2151/902/1080 2220/903/1080 2208/811/1080
f 2207/891/1081 2151/902/1081 2208/811/1081
f 2054/871/1082 1991/904/1082 1992/813/1082
f 1839/788/1083 1870/892/1083 1876/814/1083
f 1916/893/1084 1892/905/1084 1860/841/1084
f 1895/815/1085 1908/895/1085 1900/805/1085
f 1979/807/1086 1978/872/1086 1987/873/1086
f 2472/875/1087 2477/906/1087 2476/876/1087
f 2478/896/1088 2753/857/1088 2480/844/1088
f 2826/828/1089 2808/907/1089 2828/898/1089
f 2828/898/1090 2846/908/1090 2851/851/1090
f 3221/881/1091 3185/909/1091 3187/882/1091
f 2288/830/1092 2294/910/1092 2290/863/1092
f 2289/809/1093 2290/863/1093 2291/884/1093
f 3410/768/1094 3397/911/1094 3475/865/1094
f 3438/866/1095 3432/912/1095 3437/834/1095
f 3396/889/1096 3394/913/1096 3410/768/1096
f 3437/834/1097 3432/912/1097 3430/867/1097
f 3403/900/1098 3399/914/1098 3404/837/1098
f 3404/837/1099 3399/914/1099 3400/868/1099
f 3416/799/1100 3411/901/1100 3403/900/1100
f 2206/915/1101 2207/891/1101 2338/855/1101
f 1834/839/1102 1864/916/1102 1835/802/1102
f 1864/916/1103 1869/917/1103 1835/802/1103
f 1835/802/1104 1869/917/1104 1870/892/1104
f 1991/904/1105 1916/893/1105 1992/813/1105
f 1876/814/1106 1885/918/1106 1895/815/1106
f 1849/789/1107 1845/894/1107 1844/840/1107
f 1910/756/1108 1925/919/1108 1931/856/1108
f 1978/872/1109 1986/920/1109 1987/873/1109
f 1987/873/1110 2025/921/1110 2031/922/1110
f 2477/906/1111 2475/923/1111 2479/843/1111
f 2479/843/1112 2475/923/1112 2478/896/1112
f 3309/924/1113 3308/925/1113 3294/926/1113
f 2731/858/1114 2672/927/1114 2656/877/1114
f 2646/879/1115 2645/878/1115 2630/928/1115
f 2646/879/1116 2630/928/1116 2673/820/1116
f 2630/928/1117 2632/929/1117 2673/820/1117
f 2673/820/1118 2632/929/1118 2721/824/1118
f 2721/824/1119 2734/897/1119 2762/825/1119
f 2764/848/1120 2754/930/1120 2799/826/1120
f 2815/827/1121 2808/907/1121 2826/828/1121
f 3443/832/1122 3441/931/1122 3438/866/1122
f 3441/931/1123 3434/932/1123 3438/866/1123
f 3400/868/1124 3392/933/1124 3396/889/1124
f 3863/869/1125 3872/870/1125 3871/934/1125
f 2206/915/1126 2151/902/1126 2207/891/1126
f 2220/903/1127 2380/935/1127 2323/812/1127
f 1845/894/1128 1858/936/1128 1846/937/1128
f 1845/894/1129 1846/937/1129 1834/839/1129
f 1834/839/1130 1846/937/1130 1864/916/1130
f 1870/892/1131 1885/918/1131 1876/814/1131
f 1885/918/1132 1896/938/1132 1895/815/1132
f 1849/789/1133 1852/842/1133 1853/939/1133
f 1849/789/1134 1853/939/1134 1845/894/1134
f 1860/841/1135 1861/940/1135 1852/842/1135
f 1908/895/1136 1925/919/1136 1910/756/1136
f 3980/941/1137 4003/942/1137 3994/943/1137
f 1987/873/1138 1986/920/1138 2025/921/1138
f 2477/906/1139 2472/875/1139 2475/923/1139
f 2753/857/1140 2720/944/1140 2731/858/1140
f 2640/945/1141 2634/946/1141 2656/877/1141
f 2656/877/1142 2634/946/1142 2645/878/1142
f 2629/947/1143 2630/928/1143 2645/878/1143
f 2734/897/1144 2754/930/1144 2764/848/1144
f 2290/863/1145 2294/910/1145 2292/948/1145
f 2290/863/1146 2292/948/1146 2291/884/1146
f 3450/885/1147 3441/931/1147 3443/832/1147
f 3438/866/1148 3434/932/1148 3432/912/1148
f 3427/836/1149 3422/949/1149 3421/899/1149
f 2206/915/1150 2150/950/1150 2151/902/1150
f 2030/951/1151 1991/904/1151 2054/871/1151
f 1991/904/1152 1924/952/1152 1916/893/1152
f 1916/893/1153 1924/952/1153 1892/905/1153
f 1896/938/1154 1908/895/1154 1895/815/1154
f 1892/905/1155 1861/940/1155 1860/841/1155
f 1854/953/1156 1853/939/1156 1852/842/1156
f 1861/940/1157 1854/953/1157 1852/842/1157
f 2720/944/1158 2672/927/1158 2731/858/1158
f 2672/927/1159 2640/945/1159 2656/877/1159
f 2645/878/1160 2634/946/1160 2629/947/1160
f 2632/929/1161 2671/954/1161 2721/824/1161
f 2721/824/1162 2671/954/1162 2734/897/1162
f 2799/826/1163 2754/930/1163 2791/880/1163
f 2791/880/1164 2808/907/1164 2815/827/1164
f 3185/909/1165 3144/955/1165 3187/882/1165
f 2291/884/1166 2331/956/1166 2340/864/1166
f 3470/957/1167 3441/931/1167 3450/885/1167
f 3432/912/1168 3426/958/1168 3430/867/1168
f 3430/867/1169 3422/949/1169 3427/836/1169
f 3421/899/1170 3415/959/1170 3417/890/1170
f 2150/950/1171 2149/960/1171 2151/902/1171
f 2149/960/1172 2221/961/1172 2151/902/1172
f 2151/902/1173 2221/961/1173 2220/903/1173
f 1846/937/1174 1873/962/1174 1864/916/1174
f 1870/892/1175 1869/917/1175 1885/918/1175
f 1853/939/1176 1858/936/1176 1845/894/1176
f 1925/919/1177 1977/963/1177 1931/856/1177
f 1931/856/1178 1977/963/1178 1978/872/1178
f 3994/943/1179 4003/942/1179 4019/964/1179
f 2475/923/1180 2474/965/1180 2478/896/1180
f 2478/896/1181 2752/966/1181 2753/857/1181
f 2808/907/1182 2793/967/1182 2828/898/1182
f 3185/909/1183 3220/968/1183 3219/969/1183
f 1044/970/1184 990/971/1184 1077/972/1184
f 3475/865/1185 3478/973/1185 3483/974/1185
f 2294/910/1186 2295/975/1186 2292/948/1186
f 2292/948/1187 2293/976/1187 2291/884/1187
f 2291/884/1188 2293/976/1188 2331/956/1188
f 3475/865/1189 3397/911/1189 3478/973/1189
f 4/977/1190 5/978/1190 6/979/1190
f 3400/868/1191 3399/914/1191 3391/980/1191
f 3417/890/1192 3415/959/1192 3411/901/1192
f 3411/901/1193 3406/981/1193 3403/900/1193
f 3773/982/1194 3779/983/1194 3772/984/1194
f 3777/985/1195 3778/986/1195 3883/987/1195
f 2220/903/1196 2221/961/1196 2380/935/1196
f 1858/936/1197 1873/962/1197 1846/937/1197
f 1864/916/1198 1888/988/1198 1869/917/1198
f 2030/951/1199 1924/952/1199 1991/904/1199
f 1986/920/1200 2022/989/1200 2025/921/1200
f 2472/875/1201 2468/990/1201 2475/923/1201
f 2753/857/1202 2752/966/1202 2708/991/1202
f 2753/857/1203 2708/991/1203 2720/944/1203
f 3312/992/1204 3305/993/1204 3297/994/1204
f 3318/995/1205 3321/996/1205 3324/997/1205
f 3296/998/1206 3321/996/1206 3318/995/1206
f 2630/928/1207 2618/999/1207 2632/929/1207
f 2618/999/1208 2631/1000/1208 2632/929/1208
f 2734/897/1209 2733/1001/1209 2754/930/1209
f 2733/1001/1210 2781/1002/1210 2791/880/1210
f 2754/930/1211 2733/1001/1211 2791/880/1211
f 2791/880/1212 2781/1002/1212 2808/907/1212
f 2793/967/1213 2818/1003/1213 2828/898/1213
f 1050/1004/1214 1039/1005/1214 1047/1006/1214
f 3441/931/1215 3471/1007/1215 3472/1008/1215
f 3472/1008/1216 3473/1009/1216 3434/932/1216
f 3390/1010/1217 3394/913/1217 3396/889/1217
f 3433/1011/1218 3426/958/1218 3432/912/1218
f 3430/867/1219 3426/958/1219 3422/949/1219
f 3400/868/1220 3391/980/1220 3392/933/1220
f 3421/899/1221 3419/1012/1221 3415/959/1221
f 3411/901/1222 3408/1013/1222 3406/981/1222
f 3406/981/1223 3402/1014/1223 3403/900/1223
f 1853/939/1224 1859/1015/1224 1858/936/1224
f 1924/952/1225 1887/1016/1225 1892/905/1225
f 1892/905/1226 1887/1016/1226 1861/940/1226
f 2468/990/1227 2474/965/1227 2475/923/1227
f 2478/896/1228 2474/965/1228 2752/966/1228
f 3302/1017/1229 3296/998/1229 3297/994/1229
f 2634/946/1230 2627/1018/1230 2629/947/1230
f 2630/928/1231 2629/947/1231 2618/999/1231
f 2632/929/1232 2631/1000/1232 2671/954/1232
f 2734/897/1233 2677/1019/1233 2733/1001/1233
f 2808/907/1234 2781/1002/1234 2793/967/1234
f 2292/948/1235 2295/975/1235 2293/976/1235
f 3441/931/1236 3470/957/1236 3471/1007/1236
f 3471/1007/1237 3473/1009/1237 3472/1008/1237
f 3392/933/1238 3390/1010/1238 3396/889/1238
f 3421/899/1239 3422/949/1239 3419/1012/1239
f 3415/959/1240 3408/1013/1240 3411/901/1240
f 3403/900/1241 3402/1014/1241 3399/914/1241
f 2333/1020/1242 2150/950/1242 2206/915/1242
f 1869/917/1243 1888/988/1243 1893/1021/1243
f 1858/936/1244 1872/1022/1244 1873/962/1244
f 1896/938/1245 1902/1023/1245 1908/895/1245
f 1887/1016/1246 1863/1024/1246 1861/940/1246
f 1861/940/1247 1863/1024/1247 1854/953/1247
f 1982/1025/1248 1985/1026/1248 1978/872/1248
f 1978/872/1249 1985/1026/1249 1986/920/1249
f 2467/1027/1250 2464/1028/1250 2472/875/1250
f 2720/944/1251 2644/1029/1251 2672/927/1251
f 3296/998/1252 3323/1030/1252 3321/996/1252
f 2671/954/1253 2677/1019/1253 2734/897/1253
f 1084/1031/1254 1083/1032/1254 1076/1033/1254
f 3473/1009/1255 3471/1007/1255 3590/1034/1255
f 3473/1009/1256 3590/1034/1256 3434/932/1256
f 3394/913/1257 3389/1035/1257 3397/911/1257
f 3434/932/1258 3433/1011/1258 3432/912/1258
f 3419/1012/1259 3413/1036/1259 3415/959/1259
f 2150/950/1260 2147/1037/1260 2149/960/1260
f 2149/960/1261 2148/1038/1261 2221/961/1261
f 2072/1039/1262 2046/1040/1262 2030/951/1262
f 2046/1040/1263 1924/952/1263 2030/951/1263
f 1869/917/1264 1893/1021/1264 1885/918/1264
f 1893/1021/1265 1894/1041/1265 1885/918/1265
f 1885/918/1266 1894/1041/1266 1896/938/1266
f 1928/1042/1267 1887/1016/1267 1924/952/1267
f 1859/1015/1268 1872/1022/1268 1858/936/1268
f 1854/953/1269 1859/1015/1269 1853/939/1269
f 1902/1023/1270 1909/1043/1270 1908/895/1270
f 1908/895/1271 1909/1043/1271 1925/919/1271
f 2470/1044/1272 2465/1045/1272 2467/1027/1272
f 2472/875/1273 2464/1028/1273 2468/990/1273
f 3296/998/1274 3302/1017/1274 3303/1046/1274
f 2644/1029/1275 2640/945/1275 2672/927/1275
f 2629/947/1276 2627/1018/1276 2618/999/1276
f 2846/908/1277 2818/1003/1277 2833/1047/1277
f 1083/1032/1278 1075/1048/1278 1076/1033/1278
f 3219/969/1279 3218/1049/1279 3172/1050/1279
f 2295/975/1280 2296/1051/1280 2293/976/1280
f 3389/1035/1281 3395/1052/1281 3397/911/1281
f 3434/932/1282 3591/1053/1282 3433/1011/1282
f 3390/1010/1283 3389/1035/1283 3394/913/1283
f 3391/980/1284 3388/1054/1284 3392/933/1284
f 2147/1037/1285 2148/1038/1285 2149/960/1285
f 2046/1040/1286 1928/1042/1286 1924/952/1286
f 1986/920/1287 1985/1026/1287 2022/989/1287
f 2720/944/1288 2708/991/1288 2644/1029/1288
f 3304/1055/1289 3306/1056/1289 3303/1046/1289
f 2640/945/1290 2628/1057/1290 2634/946/1290
f 2628/1057/1291 2627/1018/1291 2634/946/1291
f 2618/999/1292 2615/1058/1292 2631/1000/1292
f 2242/1059/1293 2331/956/1293 2293/976/1293
f 2293/976/1294 2296/1051/1294 2242/1059/1294
f 3470/957/1295 3590/1034/1295 3471/1007/1295
f 3433/1011/1296 3591/1053/1296 3426/958/1296
f 3415/959/1297 3413/1036/1297 3408/1013/1297
f 2071/1060/1298 2046/1040/1298 2072/1039/1298
f 1873/962/1299 1897/1061/1299 1888/988/1299
f 1888/988/1300 1897/1061/1300 1898/1062/1300
f 1894/1041/1301 1902/1023/1301 1896/938/1301
f 1887/1016/1302 1889/1063/1302 1863/1024/1302
f 1854/953/1303 1863/1024/1303 1884/1064/1303
f 1854/953/1304 1884/1064/1304 1859/1015/1304
f 1859/1015/1305 1884/1064/1305 1890/1065/1305
f 1859/1015/1306 1890/1065/1306 1872/1022/1306
f 1976/1066/1307 1977/963/1307 1925/919/1307
f 1977/963/1308 1982/1025/1308 1978/872/1308
f 2465/1045/1309 2460/1067/1309 2467/1027/1309
f 2460/1067/1310 2464/1028/1310 2467/1027/1310
f 2474/965/1311 2737/1068/1311 2752/966/1311
f 2737/1068/1312 2708/991/1312 2752/966/1312
f 2733/1001/1313 2695/1069/1313 2781/1002/1313
f 2787/1070/1314 2811/1071/1314 2793/967/1314
f 2793/967/1315 2811/1071/1315 2818/1003/1315
f 2295/975/1316 2363/1072/1316 2296/1051/1316
f 3478/973/1317 3395/1052/1317 3477/1073/1317
f 3590/1034/1318 3569/1074/1318 3434/932/1318
f 3392/933/1319 3388/1054/1319 3390/1010/1319
f 3399/914/1320 3384/1075/1320 3391/980/1320
f 3408/1013/1321 3393/1076/1321 3406/981/1321
f 2177/1077/1322 2147/1037/1322 2150/950/1322
f 2147/1037/1323 2145/1078/1323 2148/1038/1323
f 1872/1022/1324 1899/1079/1324 1897/1061/1324
f 1872/1022/1325 1897/1061/1325 1873/962/1325
f 1928/1042/1326 1911/1080/1326 1887/1016/1326
f 1890/1065/1327 1899/1079/1327 1872/1022/1327
f 1889/1063/1328 1884/1064/1328 1863/1024/1328
f 1909/1043/1329 1976/1066/1329 1925/919/1329
f 3130/1081/1330 3127/1082/1330 3129/1083/1330
f 2708/991/1331 2674/1084/1331 2644/1029/1331
f 2677/1019/1332 2695/1069/1332 2733/1001/1332
f 2781/1002/1333 2695/1069/1333 2767/1085/1333
f 2767/1085/1334 2787/1070/1334 2793/967/1334
f 2781/1002/1335 2767/1085/1335 2793/967/1335
f 2296/1051/1336 2297/1086/1336 2242/1059/1336
f 3395/1052/1337 3386/1087/1337 3477/1073/1337
f 2242/1059/1338 2372/1088/1338 2331/956/1338
f 3470/957/1339 3570/1089/1339 3590/1034/1339
f 3389/1035/1340 3386/1087/1340 3395/1052/1340
f 3434/932/1341 3569/1074/1341 3591/1053/1341
f 3391/980/1342 3384/1075/1342 3388/1054/1342
f 3406/981/1343 3393/1076/1343 3402/1014/1343
f 3804/1090/1344 3802/1091/1344 3819/1092/1344
f 2047/1093/1345 1928/1042/1345 2046/1040/1345
f 1976/1066/1346 1980/1094/1346 1977/963/1346
f 1977/963/1347 1980/1094/1347 1982/1025/1347
f 2468/990/1348 2469/1095/1348 2474/965/1348
f 2474/965/1349 2469/1095/1349 2737/1068/1349
f 3306/1056/1350 3313/1096/1350 3303/1046/1350
f 3303/1046/1351 3313/1096/1351 3325/1097/1351
f 2644/1029/1352 2635/1098/1352 2640/945/1352
f 2628/1057/1353 2626/1099/1353 2627/1018/1353
f 2631/1000/1354 2633/1100/1354 2671/954/1354
f 2818/1003/1355 2811/1071/1355 2832/1101/1355
f 2853/1102/1356 2833/1047/1356 2850/1103/1356
f 3592/1104/1357 3570/1089/1357 3470/957/1357
f 3389/1035/1358 3379/1105/1358 3386/1087/1358
f 3591/1053/1359 3568/1106/1359 3426/958/1359
f 3384/1075/1360 3381/1107/1360 3388/1054/1360
f 3422/949/1361 3420/1108/1361 3419/1012/1361
f 3419/1012/1362 3420/1108/1362 3413/1036/1362
f 3749/1109/1363 3751/1110/1363 3750/1111/1363
f 2177/1077/1364 2146/1112/1364 2147/1037/1364
f 2071/1060/1365 2047/1093/1365 2046/1040/1365
f 1893/1021/1366 1923/1113/1366 1894/1041/1366
f 1923/1113/1367 1922/1114/1367 1894/1041/1367
f 1899/1079/1368 1890/1065/1368 1933/1115/1368
f 1894/1041/1369 1922/1114/1369 1902/1023/1369
f 1902/1023/1370 1922/1114/1370 1926/1116/1370
f 1889/1063/1371 1918/1117/1371 1884/1064/1371
f 1918/1117/1372 1890/1065/1372 1884/1064/1372
f 1902/1023/1373 1926/1116/1373 1909/1043/1373
f 1980/1094/1374 1985/1026/1374 1982/1025/1374
f 2466/1118/1375 2456/1119/1375 2465/1045/1375
f 2464/1028/1376 2463/1120/1376 2468/990/1376
f 2463/1120/1377 2469/1095/1377 2468/990/1377
f 2891/1121/1378 2890/1122/1378 2889/1123/1378
f 3311/1124/1379 3314/1125/1379 3306/1056/1379
f 3314/1125/1380 3313/1096/1380 3306/1056/1380
f 3325/1097/1381 3313/1096/1381 3326/1126/1381
f 2635/1098/1382 2628/1057/1382 2640/945/1382
f 2619/1127/1383 2617/1128/1383 2627/1018/1383
f 2618/999/1384 2617/1128/1384 2615/1058/1384
f 2671/954/1385 2633/1100/1385 2677/1019/1385
f 2633/1100/1386 2668/1129/1386 2677/1019/1386
f 2677/1019/1387 2668/1129/1387 2695/1069/1387
f 3074/1130/1388 3116/1131/1388 3092/1132/1388
f 3218/1049/1389 3171/1133/1389 3172/1050/1389
f 3570/1089/1390 3569/1074/1390 3590/1034/1390
f 3568/1106/1391 3424/1134/1391 3426/958/1391
f 3426/958/1392 3424/1134/1392 3422/949/1392
f 3420/1108/1393 3412/1135/1393 3413/1036/1393
f 3413/1036/1394 3412/1135/1394 3408/1013/1394
f 3408/1013/1395 3412/1135/1395 3401/1136/1395
f 3408/1013/1396 3401/1136/1396 3393/1076/1396
f 3770/1137/1397 3769/1138/1397 3767/1139/1397
f 3771/1140/1398 3791/1141/1398 3814/1142/1398
f 2145/1078/1399 2358/1143/1399 2148/1038/1399
f 2071/1060/1400 1818/1144/1400 2047/1093/1400
f 1898/1062/1401 1935/1145/1401 1934/1146/1401
f 1898/1062/1402 1934/1146/1402 1893/1021/1402
f 1899/1079/1403 1936/1147/1403 1897/1061/1403
f 1928/1042/1404 1971/1148/1404 1911/1080/1404
f 1911/1080/1405 1932/1149/1405 1889/1063/1405
f 1909/1043/1406 1926/1116/1406 1976/1066/1406
f 2465/1045/1407 2456/1119/1407 2460/1067/1407
f 2737/1068/1408 2713/1150/1408 2708/991/1408
f 2627/1018/1409 2626/1099/1409 2619/1127/1409
f 3389/1035/1410 3378/1151/1410 3379/1105/1410
f 3390/1010/1411 3378/1151/1411 3389/1035/1411
f 3377/1152/1412 3378/1151/1412 3390/1010/1412
f 3388/1054/1413 3377/1152/1413 3390/1010/1413
f 3381/1107/1414 3377/1152/1414 3388/1054/1414
f 3422/949/1415 3424/1134/1415 3420/1108/1415
f 3402/1014/1416 3393/1076/1416 3384/1075/1416
f 2147/1037/1417 2146/1112/1417 2145/1078/1417
f 1936/1147/1418 1937/1153/1418 1897/1061/1418
f 1897/1061/1419 1937/1153/1419 1898/1062/1419
f 1893/1021/1420 1934/1146/1420 1923/1113/1420
f 1933/1115/1421 1936/1147/1421 1899/1079/1421
f 1971/1148/1422 1932/1149/1422 1911/1080/1422
f 1926/1116/1423 1973/1154/1423 1976/1066/1423
f 1980/1094/1424 1988/1155/1424 1985/1026/1424
f 2459/1156/1425 2464/1028/1425 2460/1067/1425
f 2464/1028/1426 2459/1156/1426 2463/1120/1426
f 2713/1150/1427 2674/1084/1427 2708/991/1427
f 2884/1157/1428 2885/1158/1428 2889/1123/1428
f 3314/1125/1429 3316/1159/1429 3313/1096/1429
f 3316/1159/1430 3317/1160/1430 3313/1096/1430
f 3313/1096/1431 3317/1160/1431 3327/1161/1431
f 3313/1096/1432 3327/1161/1432 3326/1126/1432
f 2674/1084/1433 2635/1098/1433 2644/1029/1433
f 2797/1162/1434 2811/1071/1434 2787/1070/1434
f 3386/1087/1435 3487/1163/1435 3477/1073/1435
f 3569/1074/1436 3568/1106/1436 3591/1053/1436
f 1898/1062/1437 1937/1153/1437 1935/1145/1437
f 2047/1093/1438 1971/1148/1438 1928/1042/1438
f 1932/1149/1439 1918/1117/1439 1889/1063/1439
f 1918/1117/1440 1933/1115/1440 1890/1065/1440
f 1976/1066/1441 1973/1154/1441 1980/1094/1441
f 1973/1154/1442 1988/1155/1442 1980/1094/1442
f 1988/1155/1443 2015/1164/1443 1985/1026/1443
f 2456/1119/1444 2453/1165/1444 2460/1067/1444
f 2453/1165/1445 2459/1156/1445 2460/1067/1445
f 2469/1095/1446 2713/1150/1446 2737/1068/1446
f 2615/1058/1447 2633/1100/1447 2631/1000/1447
f 2668/1129/1448 2694/1166/1448 2695/1069/1448
f 2695/1069/1449 2694/1166/1449 2767/1085/1449
f 2296/1051/1450 2241/1167/1450 2297/1086/1450
f 2297/1086/1451 2241/1167/1451 2242/1059/1451
f 3424/1134/1452 3565/1168/1452 3420/1108/1452
f 2177/1077/1453 2245/1169/1453 2146/1112/1453
f 2146/1112/1454 2143/1170/1454 2145/1078/1454
f 1818/1144/1455 1971/1148/1455 2047/1093/1455
f 1923/1113/1456 1934/1146/1456 1942/1171/1456
f 1942/1171/1457 1939/1172/1457 1923/1113/1457
f 1922/1114/1458 1940/1173/1458 1926/1116/1458
f 2635/1098/1459 2623/1174/1459 2628/1057/1459
f 2694/1166/1460 2743/1175/1460 2767/1085/1460
f 2296/1051/1461 2324/1176/1461 2241/1167/1461
f 2241/1167/1462 2240/1177/1462 2242/1059/1462
f 2242/1059/1463 2240/1177/1463 2372/1088/1463
f 3592/1104/1464 3566/1178/1464 3570/1089/1464
f 3568/1106/1465 3562/1179/1465 3424/1134/1465
f 3381/1107/1466 3372/1180/1466 3377/1152/1466
f 3393/1076/1467 3387/1181/1467 3384/1075/1467
f 2146/1112/1468 2245/1169/1468 2143/1170/1468
f 1812/1182/1469 1937/1153/1469 1936/1147/1469
f 1933/1115/1470 1812/1182/1470 1936/1147/1470
f 1932/1149/1471 1975/1183/1471 1918/1117/1471
f 1918/1117/1472 1975/1183/1472 1933/1115/1472
f 1973/1154/1473 1989/1184/1473 1988/1155/1473
f 2887/1185/1474 2886/1186/1474 2888/1187/1474
f 2884/1157/1475 2882/1188/1475 2885/1158/1475
f 2628/1057/1476 2623/1174/1476 2626/1099/1476
f 2767/1085/1477 2772/1189/1477 2787/1070/1477
f 2787/1070/1478 2772/1189/1478 2797/1162/1478
f 2798/1190/1479 2824/1191/1479 2811/1071/1479
f 2811/1071/1480 2824/1191/1480 2832/1101/1480
f 2832/1101/1481 2824/1191/1481 2850/1103/1481
f 3569/1074/1482 3559/1192/1482 3568/1106/1482
f 3568/1106/1483 3559/1192/1483 3562/1179/1483
f 3384/1075/1484 3383/1193/1484 3381/1107/1484
f 3420/1108/1485 3567/1194/1485 3412/1135/1485
f 3412/1135/1486 3567/1194/1486 3401/1136/1486
f 3401/1136/1487 3398/1195/1487 3393/1076/1487
f 3393/1076/1488 3398/1195/1488 3387/1181/1488
f 2143/1170/1489 2144/1196/1489 2145/1078/1489
f 1937/1153/1490 1953/1197/1490 1935/1145/1490
f 1933/1115/1491 1975/1183/1491 1812/1182/1491
f 1926/1116/1492 1940/1173/1492 1973/1154/1492
f 2452/1198/1493 2453/1165/1493 2456/1119/1493
f 2882/1188/1494 2879/1199/1494 2880/1200/1494
f 2882/1188/1495 2880/1200/1495 2887/1185/1495
f 2887/1185/1496 2880/1200/1496 2886/1186/1496
f 2626/1099/1497 2621/1201/1497 2619/1127/1497
f 3064/1202/1498 2959/1203/1498 2958/1204/1498
f 2743/1175/1499 2772/1189/1499 2767/1085/1499
f 2797/1162/1500 2798/1190/1500 2811/1071/1500
f 3380/1205/1501 3486/1206/1501 3386/1087/1501
f 2241/1167/1502 2239/1207/1502 2240/1177/1502
f 3381/1107/1503 3382/1208/1503 3372/1180/1503
f 3387/1181/1504 3383/1193/1504 3384/1075/1504
f 1935/1145/1505 1953/1197/1505 1952/1209/1505
f 1935/1145/1506 1952/1209/1506 1934/1146/1506
f 1939/1172/1507 1940/1173/1507 1922/1114/1507
f 1940/1173/1508 1972/1210/1508 1973/1154/1508
f 1972/1210/1509 1989/1184/1509 1973/1154/1509
f 2469/1095/1510 2471/1211/1510 2713/1150/1510
f 2713/1150/1511 2687/1212/1511 2674/1084/1511
f 2674/1084/1512 2651/1213/1512 2635/1098/1512
f 2615/1058/1513 2614/1214/1513 2633/1100/1513
f 2239/1207/1514 2238/1215/1514 2240/1177/1514
f 3592/1104/1515 3678/1216/1515 3566/1178/1515
f 3372/1180/1516 3375/1217/1516 3377/1152/1516
f 3424/1134/1517 3561/1218/1517 3565/1168/1517
f 2144/1196/1518 2307/1219/1518 2145/1078/1518
f 1827/1220/1519 1820/1221/1519 1816/1222/1519
f 1827/1220/1520 1816/1222/1520 1818/1144/1520
f 1952/1209/1521 1942/1171/1521 1934/1146/1521
f 1818/1144/1522 1814/1223/1522 1971/1148/1522
f 1971/1148/1523 1813/1224/1523 1932/1149/1523
f 1932/1149/1524 1813/1224/1524 1975/1183/1524
f 1975/1183/1525 1811/1225/1525 1812/1182/1525
f 2463/1120/1526 2462/1226/1526 2469/1095/1526
f 2469/1095/1527 2462/1226/1527 2471/1211/1527
f 2732/1227/1528 2687/1212/1528 2713/1150/1528
f 2687/1212/1529 2651/1213/1529 2674/1084/1529
f 2619/1127/1530 2616/1228/1530 2617/1128/1530
f 2633/1100/1531 2641/1229/1531 2668/1129/1531
f 2772/1189/1532 2784/1230/1532 2797/1162/1532
f 3570/1089/1533 3566/1178/1533 3560/1231/1533
f 3570/1089/1534 3560/1231/1534 3569/1074/1534
f 3379/1105/1535 3376/1232/1535 3380/1205/1535
f 3424/1134/1536 3562/1179/1536 3561/1218/1536
f 3383/1193/1537 3382/1208/1537 3381/1107/1537
f 3420/1108/1538 3565/1168/1538 3563/1233/1538
f 1818/1144/1539 1816/1222/1539 1814/1223/1539
f 1971/1148/1540 1814/1223/1540 1813/1224/1540
f 2453/1165/1541 2445/1234/1541 2458/1235/1541
f 2453/1165/1542 2458/1235/1542 2459/1156/1542
f 2459/1156/1543 2458/1235/1543 2463/1120/1543
f 2471/1211/1544 2732/1227/1544 2713/1150/1544
f 2880/1200/1545 2877/1236/1545 2883/1237/1545
f 2880/1200/1546 2883/1237/1546 2886/1186/1546
f 2881/1238/1547 2879/1199/1547 2882/1188/1547
f 2623/1174/1548 2621/1201/1548 2626/1099/1548
f 2633/1100/1549 2614/1214/1549 2641/1229/1549
f 2668/1129/1550 2669/1239/1550 2694/1166/1550
f 3560/1231/1551 3559/1192/1551 3569/1074/1551
f 3420/1108/1552 3563/1233/1552 3567/1194/1552
f 1942/1171/1553 1941/1240/1553 1939/1172/1553
f 1939/1172/1554 1941/1240/1554 1940/1173/1554
f 1813/1224/1555 1811/1225/1555 1975/1183/1555
f 1989/1184/1556 2008/1241/1556 1988/1155/1556
f 1988/1155/1557 2008/1241/1557 2015/1164/1557
f 2455/1242/1558 2452/1198/1558 2456/1119/1558
f 2452/1198/1559 2445/1234/1559 2453/1165/1559
f 2458/1235/1560 2462/1226/1560 2463/1120/1560
f 2879/1199/1561 2874/1243/1561 2878/1244/1561
f 2879/1199/1562 2878/1244/1562 2880/1200/1562
f 2880/1200/1563 2878/1244/1563 2877/1236/1563
f 2694/1166/1564 2715/1245/1564 2743/1175/1564
f 2743/1175/1565 2742/1246/1565 2761/1247/1565
f 2743/1175/1566 2761/1247/1566 2772/1189/1566
f 3561/1218/1567 3563/1233/1567 3565/1168/1567
f 3567/1194/1568 3563/1233/1568 3542/1248/1568
f 3567/1194/1569 3550/1249/1569 3401/1136/1569
f 3401/1136/1570 3550/1249/1570 3398/1195/1570
f 2245/1169/1571 2309/1250/1571 2143/1170/1571
f 2143/1170/1572 2141/1251/1572 2144/1196/1572
f 1952/1209/1573 1948/1252/1573 1942/1171/1573
f 1942/1171/1574 1948/1252/1574 1945/1253/1574
f 1945/1253/1575 1943/1254/1575 1942/1171/1575
f 1942/1171/1576 1943/1254/1576 1941/1240/1576
f 1812/1182/1577 1792/1255/1577 1810/1256/1577
f 1940/1173/1578 1941/1240/1578 1972/1210/1578
f 2462/1226/1579 2461/1257/1579 2471/1211/1579
f 2651/1213/1580 2636/1258/1580 2635/1098/1580
f 2635/1098/1581 2636/1258/1581 2622/1259/1581
f 2635/1098/1582 2622/1259/1582 2623/1174/1582
f 2617/1128/1583 2616/1228/1583 2615/1058/1583
f 2694/1166/1584 2669/1239/1584 2715/1245/1584
f 3678/1216/1585 3558/1260/1585 3566/1178/1585
f 3398/1195/1586 3385/1261/1586 3387/1181/1586
f 2142/1262/1587 2143/1170/1587 2309/1250/1587
f 2142/1262/1588 2141/1251/1588 2143/1170/1588
f 1952/1209/1589 1953/1197/1589 1954/1263/1589
f 1952/1209/1590 1954/1263/1590 1948/1252/1590
f 1945/1253/1591 1946/1264/1591 1943/1254/1591
f 1943/1254/1592 1944/1265/1592 1941/1240/1592
f 1941/1240/1593 1974/1266/1593 1972/1210/1593
f 1811/1225/1594 1792/1255/1594 1812/1182/1594
f 1972/1210/1595 1990/1267/1595 1989/1184/1595
f 2732/1227/1596 2688/1268/1596 2687/1212/1596
f 2621/1201/1597 2623/1174/1597 2622/1259/1597
f 3083/1269/1598 3099/1270/1598 3081/1271/1598
f 3566/1178/1599 3548/1272/1599 3560/1231/1599
f 3376/1232/1600 3337/1273/1600 3380/1205/1600
f 3382/1208/1601 3360/1274/1601 3372/1180/1601
f 3383/1193/1602 3364/1275/1602 3382/1208/1602
f 3387/1181/1603 3371/1276/1603 3383/1193/1603
f 3371/1276/1604 3364/1275/1604 3383/1193/1604
f 2141/1251/1605 2130/1277/1605 2144/1196/1605
f 2144/1196/1606 2130/1277/1606 2307/1219/1606
f 1810/1256/1607 1808/1278/1607 1937/1153/1607
f 1937/1153/1608 1808/1278/1608 1953/1197/1608
f 1941/1240/1609 1944/1265/1609 1974/1266/1609
f 1792/1255/1610 1794/1279/1610 1810/1256/1610
f 1813/1224/1611 1790/1280/1611 1811/1225/1611
f 1990/1267/1612 2008/1241/1612 1989/1184/1612
f 2455/1242/1613 2441/1281/1613 2452/1198/1613
f 2452/1198/1614 2441/1281/1614 2445/1234/1614
f 2445/1234/1615 2443/1282/1615 2458/1235/1615
f 2450/1283/1616 2461/1257/1616 2458/1235/1616
f 2458/1235/1617 2461/1257/1617 2462/1226/1617
f 2461/1257/1618 2732/1227/1618 2471/1211/1618
f 2687/1212/1619 2655/1284/1619 2651/1213/1619
f 2651/1213/1620 2655/1284/1620 2636/1258/1620
f 2668/1129/1621 2641/1229/1621 2669/1239/1621
f 3081/1271/1622 2957/1285/1622 2959/1203/1622
f 2743/1175/1623 2715/1245/1623 2742/1246/1623
f 2772/1189/1624 2761/1247/1624 2784/1230/1624
f 2824/1191/1625 2812/1286/1625 2843/1287/1625
f 2239/1207/1626 2237/1288/1626 2238/1215/1626
f 3560/1231/1627 3547/1289/1627 3559/1192/1627
f 3375/1217/1628 3332/1290/1628 3376/1232/1628
f 3559/1192/1629 3543/1291/1629 3562/1179/1629
f 3562/1179/1630 3543/1291/1630 3561/1218/1630
f 3563/1233/1631 3561/1218/1631 3540/1292/1631
f 1945/1253/1632 1947/31/1632 1946/1264/1632
f 1968/33/1633 1965/29/1633 1944/1265/1633
f 1953/1197/1634 1809/1293/1634 1954/1263/1634
f 1974/1266/1635 1990/1267/1635 1972/1210/1635
f 1813/1224/1636 1791/1294/1636 1790/1280/1636
f 2458/1235/1637 2443/1282/1637 2450/1283/1637
f 2874/1243/1638 2870/1295/1638 2878/1244/1638
f 2878/1244/1639 2870/1295/1639 2877/1236/1639
f 10/1296/1640 9/1297/1640 8/1298/1640
f 2615/1058/1641 2601/1299/1641 2614/1214/1641
f 2812/1286/1642 2838/1300/1642 2843/1287/1642
f 2239/1207/1643 2308/1301/1643 2237/1288/1643
f 2238/1215/1644 2243/1302/1644 2240/1177/1644
f 2240/1177/1645 2243/1302/1645 2381/1303/1645
f 3560/1231/1646 3548/1272/1646 3547/1289/1646
f 3340/1304/1647 3332/1290/1647 3375/1217/1647
f 3559/1192/1648 3547/1289/1648 3543/1291/1648
f 3372/1180/1649 3340/1304/1649 3375/1217/1649
f 3360/1274/1650 3346/1305/1650 3372/1180/1650
f 3563/1233/1651 3540/1292/1651 3541/1306/1651
f 3563/1233/1652 3541/1306/1652 3542/1248/1652
f 1945/1253/1653 1949/1307/1653 1947/31/1653
f 1944/1265/1654 1965/29/1654 1974/1266/1654
f 1808/1278/1655 1809/1293/1655 1953/1197/1655
f 1794/1279/1656 1808/1278/1656 1810/1256/1656
f 1816/1222/1657 1791/1294/1657 1814/1223/1657
f 1814/1223/1658 1791/1294/1658 1813/1224/1658
f 1811/1225/1659 1790/1280/1659 1792/1255/1659
f 2446/1308/1660 2447/1309/1660 2455/1242/1660
f 2447/1309/1661 2438/1310/1661 2455/1242/1661
f 2438/1310/1662 2441/1281/1662 2455/1242/1662
f 2687/1212/1663 2688/1268/1663 2655/1284/1663
f 2874/1243/1664 2871/1311/1664 2870/1295/1664
f 2622/1259/1665 2620/1312/1665 2621/1201/1665
f 2620/1312/1666 2599/1313/1666 2621/1201/1666
f 2621/1201/1667 2599/1313/1667 2619/1127/1667
f 2619/1127/1668 2599/1313/1668 2616/1228/1668
f 2616/1228/1669 2601/1299/1669 2615/1058/1669
f 3566/1178/1670 3558/1260/1670 3548/1272/1670
f 3332/1290/1671 3337/1273/1671 3376/1232/1671
f 938/1314/1672 935/1315/1672 902/1316/1672
f 3543/1291/1673 3540/1292/1673 3561/1218/1673
f 3567/1194/1674 3542/1248/1674 3550/1249/1674
f 3385/1261/1675 3371/1276/1675 3387/1181/1675
f 1949/1307/1676 1950/8/1676 1947/31/1676
f 1954/1263/1677 1955/1317/1677 1948/1252/1677
f 1948/1252/1678 1955/1317/1678 1949/1307/1678
f 1965/29/1679 1964/16/1679 1974/1266/1679
f 2141/1251/1680 2128/1318/1680 2130/1277/1680
f 1781/1319/1681 1792/1255/1681 1790/1280/1681
f 2688/1268/1682 2680/1320/1682 2655/1284/1682
f 2655/1284/1683 2654/1321/1683 2636/1258/1683
f 2654/1321/1684 2650/1322/1684 2636/1258/1684
f 2636/1258/1685 2637/1323/1685 2622/1259/1685
f 2761/1247/1686 2768/1324/1686 2784/1230/1686
f 3372/1180/1687 3346/1305/1687 3340/1304/1687
f 3398/1195/1688 3550/1249/1688 3385/1261/1688
f 2457/1325/1689 2433/1326/1689 2454/1327/1689
f 2141/1251/1690 2142/1262/1690 2128/1318/1690
f 1808/1278/1691 1795/1328/1691 1809/1293/1691
f 1794/1279/1692 1795/1328/1692 1808/1278/1692
f 2454/1327/1693 2433/1326/1693 2446/1308/1693
f 2130/1277/1694 2316/1329/1694 2307/1219/1694
f 1820/1221/1695 1825/1330/1695 1806/1331/1695
f 1820/1221/1696 1806/1331/1696 1816/1222/1696
f 1816/1222/1697 1782/1332/1697 1791/1294/1697
f 1791/1294/1698 1782/1332/1698 1790/1280/1698
f 1790/1280/1699 1782/1332/1699 1781/1319/1699
f 2461/1257/1700 2749/1333/1700 2732/1227/1700
f 2732/1227/1701 2749/1333/1701 2703/1334/1701
f 2732/1227/1702 2703/1334/1702 2688/1268/1702
f 2703/1334/1703 2680/1320/1703 2688/1268/1703
f 2680/1320/1704 2654/1321/1704 2655/1284/1704
f 2437/1335/1705 2433/1326/1705 2457/1325/1705
f 1954/1263/1706 1809/1293/1706 1955/1317/1706
f 2433/1326/1707 2429/1336/1707 2446/1308/1707
f 1792/1255/1708 1783/1337/1708 1794/1279/1708
f 2446/1308/1709 2429/1336/1709 2447/1309/1709
f 1806/1331/1710 1782/1332/1710 1816/1222/1710
f 1781/1319/1711 1783/1337/1711 1792/1255/1711
f 2441/1281/1712 2443/1282/1712 2445/1234/1712
f 2871/1311/1713 2864/1338/1713 2870/1295/1713
f 2636/1258/1714 2650/1322/1714 2637/1323/1714
f 2641/1229/1715 2648/1339/1715 2669/1239/1715
f 2669/1239/1716 2696/1340/1716 2715/1245/1716
f 2768/1324/1717 2785/1341/1717 2784/1230/1717
f 2784/1230/1718 2785/1341/1718 2812/1286/1718
f 2237/1288/1719 2236/1342/1719 2235/1343/1719
f 2237/1288/1720 2235/1343/1720 2238/1215/1720
f 2238/1215/1721 2235/1343/1721 2243/1302/1721
f 3558/1260/1722 3549/1344/1722 3539/1345/1722
f 3558/1260/1723 3539/1345/1723 3548/1272/1723
f 3548/1272/1724 3539/1345/1724 3547/1289/1724
f 3340/1304/1725 3330/1346/1725 3332/1290/1725
f 3547/1289/1726 3538/1347/1726 3543/1291/1726
f 3543/1291/1727 3531/1348/1727 3524/1349/1727
f 3543/1291/1728 3524/1349/1728 3540/1292/1728
f 1794/1279/1729 1779/1350/1729 1795/1328/1729
f 2429/1336/1730 2438/1310/1730 2447/1309/1730
f 2443/1282/1731 2442/1351/1731 2450/1283/1731
f 2450/1283/1732 2449/1352/1732 2461/1257/1732
f 2449/1352/1733 2749/1333/1733 2461/1257/1733
f 2864/1338/1734 2867/1353/1734 2870/1295/1734
f 2870/1295/1735 2867/1353/1735 2872/1354/1735
f 2870/1295/1736 2872/1354/1736 2873/1355/1736
f 2601/1299/1737 2610/1356/1737 2614/1214/1737
f 3330/1346/1738 3329/35/1738 3332/1290/1738
f 3538/1347/1739 3531/1348/1739 3543/1291/1739
f 3542/1248/1740 3513/1357/1740 3550/1249/1740
f 1955/1317/1741 1801/1358/1741 1800/25/1741
f 1955/1317/1742 1800/25/1742 1949/1307/1742
f 1949/1307/1743 1800/25/1743 1950/8/1743
f 2432/1359/1744 2419/1360/1744 2437/1335/1744
f 1809/1293/1745 1801/1358/1745 1955/1317/1745
f 2437/1335/1746 2419/1360/1746 2433/1326/1746
f 1809/1293/1747 1795/1328/1747 1793/1361/1747
f 2128/1318/1748 2129/1362/1748 2130/1277/1748
f 2130/1277/1749 2129/1362/1749 2316/1329/1749
f 1781/1319/1750 1767/1363/1750 1783/1337/1750
f 2438/1310/1751 2428/1364/1751 2441/1281/1751
f 2441/1281/1752 2435/1365/1752 2443/1282/1752
f 2715/1245/1753 2730/1366/1753 2742/1246/1753
f 2742/1246/1754 2730/1366/1754 2768/1324/1754
f 2742/1246/1755 2768/1324/1755 2761/1247/1755
f 2812/1286/1756 2785/1341/1756 2805/1367/1756
f 2812/1286/1757 2805/1367/1757 2831/1368/1757
f 2243/1302/1758 2319/1369/1758 2381/1303/1758
f 3558/1260/1759 3564/1370/1759 3549/1344/1759
f 3539/1345/1760 3538/1347/1760 3547/1289/1760
f 3328/38/1761 3329/35/1761 3330/1346/1761
f 3340/1304/1762 3331/36/1762 3330/1346/1762
f 3540/1292/1763 3521/1371/1763 3541/1306/1763
f 3541/1306/1764 3521/1371/1764 3542/1248/1764
f 3542/1248/1765 3512/1372/1765 3513/1357/1765
f 3550/1249/1766 3513/1357/1766 3385/1261/1766
f 3385/1261/1767 3373/1373/1767 3371/1276/1767
f 1809/1293/1768 1793/1361/1768 1801/1358/1768
f 2142/1262/1769 2131/1374/1769 2128/1318/1769
f 2433/1326/1770 2403/1375/1770 2429/1336/1770
f 1779/1350/1771 1787/1376/1771 1795/1328/1771
f 1783/1337/1772 1779/1350/1772 1794/1279/1772
f 1806/1331/1773 1798/1377/1773 1782/1332/1773
f 2429/1336/1774 2428/1364/1774 2438/1310/1774
f 1782/1332/1775 1768/1378/1775 1781/1319/1775
f 2428/1364/1776 2435/1365/1776 2441/1281/1776
f 2871/1311/1777 2855/1379/1777 2864/1338/1777
f 2669/1239/1778 2648/1339/1778 2696/1340/1778
f 2696/1340/1779 2730/1366/1779 2715/1245/1779
f 2768/1324/1780 2779/1380/1780 2785/1341/1780
f 935/1315/1781 910/1381/1781 902/1316/1781
f 3340/1304/1782 3338/1382/1782 3331/36/1782
f 3524/1349/1783 3521/1371/1783 3540/1292/1783
f 3542/1248/1784 3521/1371/1784 3512/1372/1784
f 1795/1328/1785 1787/1376/1785 1793/1361/1785
f 2433/1326/1786 2419/1360/1786 2403/1375/1786
f 2129/1362/1787 2315/1383/1787 2316/1329/1787
f 1825/1330/1788 1824/1384/1788 1806/1331/1788
f 1767/1363/1789 1769/1385/1789 1783/1337/1789
f 2435/1365/1790 2442/1351/1790 2443/1282/1790
f 2442/1351/1791 2449/1352/1791 2450/1283/1791
f 2680/1320/1792 2682/1386/1792 2654/1321/1792
f 2867/1353/1793 2865/1387/1793 2872/1354/1793
f 2616/1228/1794 2599/1313/1794 2601/1299/1794
f 2614/1214/1795 2610/1356/1795 2641/1229/1795
f 2831/1368/1796 2805/1367/1796 2834/1388/1796
f 2235/1343/1797 2319/1369/1797 2243/1302/1797
f 3332/1290/1798 3333/1389/1798 3334/1390/1798
f 3363/37/1799 3333/1389/1799 3329/35/1799
f 3538/1347/1800 3523/1391/1800 3531/1348/1800
f 1786/1392/1801 1788/32/1801 1800/25/1801
f 1801/1358/1802 1793/1361/1802 1786/1392/1802
f 1801/1358/1803 1786/1392/1803 1800/25/1803
f 1783/1337/1804 1769/1385/1804 1779/1350/1804
f 2403/1375/1805 2402/1393/1805 2429/1336/1805
f 1798/1377/1806 1768/1378/1806 1782/1332/1806
f 1768/1378/1807 1767/1363/1807 1781/1319/1807
f 2435/1365/1808 2434/1394/1808 2442/1351/1808
f 2442/1351/1809 2444/1395/1809 2449/1352/1809
f 2749/1333/1810 2725/1396/1810 2703/1334/1810
f 2703/1334/1811 2683/1397/1811 2680/1320/1811
f 2683/1397/1812 2682/1386/1812 2680/1320/1812
f 2864/1338/1813 2865/1387/1813 2867/1353/1813
f 2682/1386/1814 2659/1398/1814 2654/1321/1814
f 2654/1321/1815 2659/1398/1815 2650/1322/1815
f 2610/1356/1816 2609/1399/1816 2641/1229/1816
f 74/1400/1817 133/1401/1817 121/1402/1817
f 2641/1229/1818 2609/1399/1818 2647/1403/1818
f 2641/1229/1819 2647/1403/1819 2648/1339/1819
f 3549/1344/1820 3537/1404/1820 3539/1345/1820
f 3332/1290/1821 3334/1390/1821 3335/1405/1821
f 3363/37/1822 3338/1382/1822 3333/1389/1822
f 3523/1391/1823 3520/1406/1823 3531/1348/1823
f 3346/1305/1824 3339/1407/1824 3340/1304/1824
f 3531/1348/1825 3520/1406/1825 3524/1349/1825
f 1786/1392/1826 1737/19/1826 1788/32/1826
f 2432/1359/1827 2431/1408/1827 2412/1409/1827
f 2432/1359/1828 2412/1409/1828 2419/1360/1828
f 2419/1360/1829 2412/1409/1829 2403/1375/1829
f 2429/1336/1830 2402/1393/1830 2428/1364/1830
f 2449/1352/1831 2451/1410/1831 2749/1333/1831
f 2855/1379/1832 2859/1411/1832 2864/1338/1832
f 2864/1338/1833 2859/1411/1833 2865/1387/1833
f 2730/1366/1834 2760/1412/1834 2768/1324/1834
f 2768/1324/1835 2760/1412/1835 2779/1380/1835
f 2785/1341/1836 2779/1380/1836 2805/1367/1836
f 3564/1370/1837 3537/1404/1837 3549/1344/1837
f 3539/1345/1838 3537/1404/1838 3538/1347/1838
f 3537/1404/1839 3523/1391/1839 3538/1347/1839
f 3338/1382/1840 3334/1390/1840 3333/1389/1840
f 3340/1304/1841 3339/1407/1841 3338/1382/1841
f 3360/1274/1842 3352/1413/1842 3346/1305/1842
f 3364/1275/1843 3362/1414/1843 3360/1274/1843
f 3371/1276/1844 3366/1415/1844 3364/1275/1844
f 1793/1361/1845 1732/1416/1845 1786/1392/1845
f 2412/1409/1846 2401/1417/1846 2403/1375/1846
f 2128/1318/1847 2131/1374/1847 2129/1362/1847
f 2403/1375/1848 2401/1417/1848 2400/1418/1848
f 1769/1385/1849 1763/1419/1849 1779/1350/1849
f 2403/1375/1850 2400/1418/1850 2402/1393/1850
f 1824/1384/1851 1823/1420/1851 1797/1421/1851
f 1824/1384/1852 1797/1421/1852 1806/1331/1852
f 1806/1331/1853 1797/1421/1853 1798/1377/1853
f 1767/1363/1854 1757/1422/1854 1769/1385/1854
f 1757/1422/1855 1763/1419/1855 1769/1385/1855
f 2402/1393/1856 2408/1423/1856 2428/1364/1856
f 1798/1377/1857 1758/1424/1857 1768/1378/1857
f 2428/1364/1858 2434/1394/1858 2435/1365/1858
f 2434/1394/1859 2439/1425/1859 2442/1351/1859
f 2442/1351/1860 2439/1425/1860 2444/1395/1860
f 2444/1395/1861 2451/1410/1861 2449/1352/1861
f 2749/1333/1862 2451/1410/1862 2725/1396/1862
f 2865/1387/1863 2859/1411/1863 2875/1426/1863
f 63/1427/1864 107/1428/1864 109/1429/1864
f 2601/1299/1865 2609/1399/1865 2610/1356/1865
f 2730/1366/1866 2736/1430/1866 2760/1412/1866
f 3098/1431/1867 3095/1432/1867 3041/1433/1867
f 2779/1380/1868 2792/1434/1868 2805/1367/1868
f 2805/1367/1869 2792/1434/1869 2804/1435/1869
f 2236/1342/1870 2234/1436/1870 2235/1343/1870
f 2805/1367/1871 2823/1437/1871 2834/1388/1871
f 3564/1370/1872 3546/1438/1872 3537/1404/1872
f 3537/1404/1873 3528/1439/1873 3523/1391/1873
f 3352/1413/1874 3339/1407/1874 3346/1305/1874
f 3520/1406/1875 3510/1440/1875 3524/1349/1875
f 3512/1372/1876 3505/1441/1876 3501/1442/1876
f 3512/1372/1877 3501/1442/1877 3513/1357/1877
f 3513/1357/1878 3501/1442/1878 3504/1443/1878
f 3513/1357/1879 3504/1443/1879 3385/1261/1879
f 3825/1444/1880 3835/1445/1880 3824/1446/1880
f 1786/1392/1881 1732/1416/1881 1718/1447/1881
f 1793/1361/1882 1771/1448/1882 1732/1416/1882
f 1787/1376/1883 1771/1448/1883 1793/1361/1883
f 2131/1374/1884 2132/1449/1884 2129/1362/1884
f 1779/1350/1885 1770/1450/1885 1787/1376/1885
f 1768/1378/1886 1758/1424/1886 1767/1363/1886
f 2428/1364/1887 2408/1423/1887 2434/1394/1887
f 2725/1396/1888 2683/1397/1888 2703/1334/1888
f 2855/1379/1889 2856/1451/1889 2857/1452/1889
f 2855/1379/1890 2857/1452/1890 2859/1411/1890
f 2637/1323/1891 2650/1322/1891 2649/1453/1891
f 2622/1259/1892 2637/1323/1892 2624/1454/1892
f 2622/1259/1893 2624/1454/1893 2620/1312/1893
f 2599/1313/1894 2600/1455/1894 2601/1299/1894
f 2601/1299/1895 2600/1455/1895 2602/1456/1895
f 2601/1299/1896 2602/1456/1896 2609/1399/1896
f 2235/1343/1897 2359/1457/1897 2319/1369/1897
f 3338/1382/1898 3339/1407/1898 3334/1390/1898
f 3362/1414/1899 3352/1413/1899 3360/1274/1899
f 3510/1440/1900 3506/1458/1900 3524/1349/1900
f 3524/1349/1901 3506/1458/1901 3521/1371/1901
f 3364/1275/1902 3366/1415/1902 3362/1414/1902
f 3521/1371/1903 3506/1458/1903 3505/1441/1903
f 3521/1371/1904 3505/1441/1904 3512/1372/1904
f 3504/1443/1905 3373/1373/1905 3385/1261/1905
f 1718/1447/1906 1722/20/1906 1737/19/1906
f 2431/1408/1907 2430/1459/1907 2412/1409/1907
f 1787/1376/1908 1770/1450/1908 1771/1448/1908
f 2132/1449/1909 2133/1460/1909 2129/1362/1909
f 1763/1419/1910 1770/1450/1910 1779/1350/1910
f 2129/1362/1911 2155/1461/1911 2315/1383/1911
f 2129/1362/1912 2133/1460/1912 2155/1461/1912
f 1823/1420/1913 1817/1462/1913 1797/1421/1913
f 1798/1377/1914 1797/1421/1914 1758/1424/1914
f 1758/1424/1915 1757/1422/1915 1767/1363/1915
f 2620/1312/1916 2600/1455/1916 2599/1313/1916
f 2730/1366/1917 2696/1340/1917 2736/1430/1917
f 2804/1435/1918 2823/1437/1918 2805/1367/1918
f 3341/1463/1919 3336/1464/1919 3342/1465/1919
f 3335/1405/1920 3336/1464/1920 3341/1463/1920
f 3335/1405/1921 3334/1390/1921 3336/1464/1921
f 1717/1466/1922 1722/20/1922 1718/1447/1922
f 2430/1459/1923 2414/1467/1923 2412/1409/1923
f 1771/1448/1924 1766/1468/1924 1732/1416/1924
f 1766/1468/1925 1733/1469/1925 1732/1416/1925
f 2131/1374/1926 2311/1470/1926 2132/1449/1926
f 1823/1420/1927 1828/1471/1927 1817/1462/1927
f 2402/1393/1928 2407/1472/1928 2408/1423/1928
f 2444/1395/1929 2448/1473/1929 2451/1410/1929
f 2620/1312/1930 2624/1454/1930 2600/1455/1930
f 2350/1474/1931 2351/1475/1931 2234/1436/1931
f 2234/1436/1932 2232/1476/1932 2235/1343/1932
f 3546/1438/1933 3530/1477/1933 3537/1404/1933
f 3530/1477/1934 3528/1439/1934 3537/1404/1934
f 1732/1416/1935 1716/1478/1935 1718/1447/1935
f 2414/1467/1936 2405/1479/1936 2412/1409/1936
f 2412/1409/1937 2399/1480/1937 2401/1417/1937
f 1770/1450/1938 1765/1481/1938 1771/1448/1938
f 1763/1419/1939 1765/1481/1939 1770/1450/1939
f 2400/1418/1940 2399/1480/1940 2398/1482/1940
f 2400/1418/1941 2398/1482/1941 2402/1393/1941
f 1817/1462/1942 1796/1483/1942 1797/1421/1942
f 1797/1421/1943 1759/1484/1943 1758/1424/1943
f 1758/1424/1944 1755/1485/1944 1757/1422/1944
f 1755/1485/1945 1756/1486/1945 1757/1422/1945
f 2408/1423/1946 2407/1472/1946 2434/1394/1946
f 2434/1394/1947 2407/1472/1947 2436/1487/1947
f 2439/1425/1948 2440/1488/1948 2444/1395/1948
f 2682/1386/1949 2683/1397/1949 2659/1398/1949
f 2856/1451/1950 2858/1489/1950 2857/1452/1950
f 2648/1339/1951 2670/1490/1951 2696/1340/1951
f 2779/1380/1952 2790/1491/1952 2792/1434/1952
f 3523/1391/1953 3519/1492/1953 3520/1406/1953
f 3520/1406/1954 3509/1493/1954 3510/1440/1954
f 3509/1493/1955 3492/1494/1955 3510/1440/1955
f 3510/1440/1956 3492/1494/1956 3506/1458/1956
f 3494/1495/1957 3501/1442/1957 3505/1441/1957
f 1733/1469/1958 1716/1478/1958 1732/1416/1958
f 1722/20/1959 1701/1496/1959 1734/34/1959
f 1734/34/1960 1701/1496/1960 1735/30/1960
f 1735/30/1961 1701/1496/1961 1700/1497/1961
f 2405/1479/1962 2399/1480/1962 2412/1409/1962
f 1765/1481/1963 1766/1468/1963 1771/1448/1963
f 2401/1417/1964 2399/1480/1964 2400/1418/1964
f 1757/1422/1965 1754/1498/1965 1763/1419/1965
f 2155/1461/1966 2133/1460/1966 2154/1499/1966
f 1756/1486/1967 1754/1498/1967 1757/1422/1967
f 2402/1393/1968 2398/1482/1968 2407/1472/1968
f 1758/1424/1969 1759/1484/1969 1755/1485/1969
f 2434/1394/1970 2436/1487/1970 2439/1425/1970
f 2436/1487/1971 2440/1488/1971 2439/1425/1971
f 2444/1395/1972 2440/1488/1972 2448/1473/1972
f 2858/1489/1973 2860/1500/1973 2857/1452/1973
f 2659/1398/1974 2649/1453/1974 2650/1322/1974
f 52/1501/1975 56/1502/1975 110/1503/1975
f 2647/1403/1976 2670/1490/1976 2648/1339/1976
f 2696/1340/1977 2704/1504/1977 2736/1430/1977
f 2232/1476/1978 2359/1457/1978 2235/1343/1978
f 3336/1464/1979 3345/1505/1979 3342/1465/1979
f 998/1506/1980 959/1507/1980 957/1508/1980
f 3352/1413/1981 3344/1509/1981 3339/1407/1981
f 3519/1492/1982 3509/1493/1982 3520/1406/1982
f 3362/1414/1983 3361/1510/1983 3352/1413/1983
f 3505/1441/1984 3506/1458/1984 3494/1495/1984
f 3373/1373/1985 3368/1511/1985 3366/1415/1985
f 1718/1447/1986 1716/1478/1986 1717/1466/1986
f 1797/1421/1987 1796/1483/1987 1759/1484/1987
f 2725/1396/1988 2722/1512/1988 2683/1397/1988
f 2683/1397/1989 2657/1513/1989 2659/1398/1989
f 2858/1489/1990 2861/1514/1990 2860/1500/1990
f 2659/1398/1991 2657/1513/1991 2649/1453/1991
f 2602/1456/1992 2604/1515/1992 2609/1399/1992
f 2609/1399/1993 2611/1516/1993 2647/1403/1993
f 2760/1412/1994 2773/1517/1994 2779/1380/1994
f 2779/1380/1995 2773/1517/1995 2790/1491/1995
f 2792/1434/1996 2790/1491/1996 2804/1435/1996
f 3528/1439/1997 3530/1477/1997 3527/1518/1997
f 3523/1391/1998 3527/1518/1998 3519/1492/1998
f 3339/1407/1999 3343/1519/1999 3334/1390/1999
f 3339/1407/2000 3344/1509/2000 3343/1519/2000
f 3352/1413/2001 3353/1520/2001 3344/1509/2001
f 3361/1510/2002 3353/1520/2002 3352/1413/2002
f 3492/1494/2003 3494/1495/2003 3506/1458/2003
f 3366/1415/2004 3361/1510/2004 3362/1414/2004
f 3504/1443/2005 3368/1511/2005 3373/1373/2005
f 1717/1466/2006 1701/1496/2006 1722/20/2006
f 1747/1521/2007 1733/1469/2007 1766/1468/2007
f 1765/1481/2008 1747/1521/2008 1766/1468/2008
f 2132/1449/2009 2134/1522/2009 2133/1460/2009
f 1754/1498/2010 1753/1523/2010 1763/1419/2010
f 2134/1522/2011 2154/1499/2011 2133/1460/2011
f 2861/1514/2012 2862/1524/2012 2860/1500/2012
f 2860/1500/2013 2862/1524/2013 2866/1525/2013
f 2649/1453/2014 2638/1526/2014 2637/1323/2014
f 2624/1454/2015 2606/1527/2015 2600/1455/2015
f 2604/1515/2016 2611/1516/2016 2609/1399/2016
f 2696/1340/2017 2670/1490/2017 2704/1504/2017
f 2234/1436/2018 2233/1528/2018 2232/1476/2018
f 3225/1529/2019 3223/1530/2019 3160/1531/2019
f 3644/1532/2020 3530/1477/2020 3546/1438/2020
f 3345/1505/2021 3347/1533/2021 3342/1465/2021
f 3494/1495/2022 3499/1534/2022 3501/1442/2022
f 3501/1442/2023 3499/1534/2023 3504/1443/2023
f 3504/1443/2024 3503/1535/2024 3368/1511/2024
f 1733/1469/2025 1729/1536/2025 1716/1478/2025
f 1700/1497/2026 1701/1496/2026 1702/1537/2026
f 2311/1470/2027 2346/1538/2027 2132/1449/2027
f 1763/1419/2028 1753/1523/2028 1765/1481/2028
f 2407/1472/2029 2413/1539/2029 2436/1487/2029
f 2488/1540/2030 2440/1488/2030 2436/1487/2030
f 2451/1410/2031 2722/1512/2031 2725/1396/2031
f 2863/1541/2032 2862/1524/2032 2861/1514/2032
f 2638/1526/2033 2625/1542/2033 2637/1323/2033
f 2637/1323/2034 2625/1542/2034 2624/1454/2034
f 2804/1435/2035 2790/1491/2035 2813/1543/2035
f 2804/1435/2036 2813/1543/2036 2823/1437/2036
f 3644/1532/2037 3536/1544/2037 3530/1477/2037
f 3530/1477/2038 3529/1545/2038 3527/1518/2038
f 3336/1464/2039 3343/1519/2039 3345/1505/2039
f 3334/1390/2040 3343/1519/2040 3336/1464/2040
f 3368/1511/2041 3361/1510/2041 3366/1415/2041
f 3494/1495/2042 3493/1546/2042 3499/1534/2042
f 3504/1443/2043 3499/1534/2043 3503/1535/2043
f 1716/1478/2044 1715/1547/2044 1713/1548/2044
f 1716/1478/2045 1713/1548/2045 1717/1466/2045
f 1717/1466/2046 1712/1549/2046 1701/1496/2046
f 1702/1537/2047 1703/1550/2047 1700/1497/2047
f 2405/1479/2048 2404/1551/2048 2399/1480/2048
f 2399/1480/2049 2404/1551/2049 2395/1552/2049
f 2398/1482/2050 2397/1553/2050 2407/1472/2050
f 2407/1472/2051 2397/1553/2051 2413/1539/2051
f 1817/1462/2052 1799/1554/2052 1796/1483/2052
f 1796/1483/2053 1799/1554/2053 1778/1555/2053
f 1796/1483/2054 1778/1555/2054 1759/1484/2054
f 1759/1484/2055 1778/1555/2055 1760/1556/2055
f 1759/1484/2056 1760/1556/2056 1755/1485/2056
f 2413/1539/2057 2488/1540/2057 2436/1487/2057
f 2448/1473/2058 2722/1512/2058 2451/1410/2058
f 2683/1397/2059 2684/1557/2059 2657/1513/2059
f 2863/1541/2060 2866/1525/2060 2862/1524/2060
f 2600/1455/2061 2603/1558/2061 2602/1456/2061
f 2647/1403/2062 2611/1516/2062 2670/1490/2062
f 2704/1504/2063 2707/1559/2063 2736/1430/2063
f 2736/1430/2064 2751/1560/2064 2760/1412/2064
f 2231/1561/2065 2230/1562/2065 2232/1476/2065
f 2233/1528/2066 2231/1561/2066 2232/1476/2066
f 3644/1532/2067 3617/1563/2067 3536/1544/2067
f 3527/1518/2068 3529/1545/2068 3522/1564/2068
f 1729/1536/2069 1715/1547/2069 1716/1478/2069
f 1713/1548/2070 1712/1549/2070 1717/1466/2070
f 1701/1496/2071 1712/1549/2071 1702/1537/2071
f 1747/1521/2072 1729/1536/2072 1733/1469/2072
f 2399/1480/2073 2395/1552/2073 2398/1482/2073
f 2132/1449/2074 2336/1565/2074 2135/1566/2074
f 2132/1449/2075 2135/1566/2075 2134/1522/2075
f 2398/1482/2076 2395/1552/2076 2397/1553/2076
f 2134/1522/2077 2153/1567/2077 2154/1499/2077
f 2154/1499/2078 2153/1567/2078 2370/1568/2078
f 1828/1471/2079 1819/1569/2079 1817/1462/2079
f 1817/1462/2080 1819/1569/2080 1799/1554/2080
f 1756/1486/2081 1752/1570/2081 1754/1498/2081
f 1755/1485/2082 1760/1556/2082 1756/1486/2082
f 2722/1512/2083 2684/1557/2083 2683/1397/2083
f 2863/1541/2084 2868/1571/2084 2866/1525/2084
f 2624/1454/2085 2625/1542/2085 2606/1527/2085
f 2603/1558/2086 2604/1515/2086 2602/1456/2086
f 2604/1515/2087 2608/1572/2087 2611/1516/2087
f 2707/1559/2088 2751/1560/2088 2736/1430/2088
f 1001/1573/2089 1013/1574/2089 868/1575/2089
f 818/1576/2090 833/1577/2090 836/1578/2090
f 3530/1477/2091 3536/1544/2091 3529/1545/2091
f 1702/1537/2092 1712/1549/2092 1704/1579/2092
f 1753/1523/2093 1747/1521/2093 1765/1481/2093
f 1761/1580/2094 1752/1570/2094 1756/1486/2094
f 1760/1556/2095 1761/1580/2095 1756/1486/2095
f 2938/1581/2096 2933/1582/2096 2932/1583/2096
f 2904/1584/2097 2868/1571/2097 2863/1541/2097
f 2600/1455/2098 2606/1527/2098 2603/1558/2098
f 2652/1585/2099 2670/1490/2099 2611/1516/2099
f 2773/1517/2100 2782/1586/2100 2790/1491/2100
f 3160/1531/2101 3166/1587/2101 3096/1588/2101
f 3344/1509/2102 3349/1589/2102 3343/1519/2102
f 3494/1495/2103 3492/1494/2103 3493/1546/2103
f 1747/1521/2104 1741/1590/2104 1729/1536/2104
f 1702/1537/2105 1704/1579/2105 1703/1550/2105
f 2404/1551/2106 2406/1591/2106 2395/1552/2106
f 1753/1523/2107 1741/1590/2107 1747/1521/2107
f 1754/1498/2108 1752/1570/2108 1753/1523/2108
f 1778/1555/2109 1772/1592/2109 1760/1556/2109
f 1772/1592/2110 1761/1580/2110 1760/1556/2110
f 2413/1539/2111 2484/1593/2111 2488/1540/2111
f 2440/1488/2112 2493/1594/2112 2448/1473/2112
f 2866/1525/2113 2868/1571/2113 2869/1595/2113
f 2892/1596/2114 2869/1595/2114 2868/1571/2114
f 2608/1572/2115 2652/1585/2115 2611/1516/2115
f 2670/1490/2116 2676/1597/2116 2704/1504/2116
f 2704/1504/2117 2676/1597/2117 2707/1559/2117
f 2790/1491/2118 2782/1586/2118 2794/1598/2118
f 3160/1531/2119 3222/1599/2119 3166/1587/2119
f 2233/1528/2120 2244/1600/2120 2231/1561/2120
f 3536/1544/2121 3533/1601/2121 3529/1545/2121
f 3343/1519/2122 3348/1602/2122 3345/1505/2122
f 3522/1564/2123 3518/1603/2123 3519/1492/2123
f 3509/1493/2124 3507/1604/2124 3492/1494/2124
f 3507/1604/2125 3490/1605/2125 3492/1494/2125
f 3490/1605/2126 3491/1606/2126 3492/1494/2126
f 3492/1494/2127 3491/1606/2127 3493/1546/2127
f 1741/1590/2128 1728/1607/2128 1729/1536/2128
f 1703/1550/2129 1704/1579/2129 1705/1608/2129
f 2406/1591/2130 2396/1609/2130 2395/1552/2130
f 2395/1552/2131 2396/1609/2131 2397/1553/2131
f 2134/1522/2132 2135/1566/2132 2136/1610/2132
f 1752/1570/2133 1751/1611/2133 1753/1523/2133
f 2134/1522/2134 2136/1610/2134 2153/1567/2134
f 2153/1567/2135 2175/1612/2135 2370/1568/2135
f 1799/1554/2136 1784/1613/2136 1778/1555/2136
f 1784/1613/2137 1772/1592/2137 1778/1555/2137
f 2484/1593/2138 2486/1614/2138 2488/1540/2138
f 2488/1540/2139 2486/1614/2139 2440/1488/2139
f 2486/1614/2140 2493/1594/2140 2440/1488/2140
f 2493/1594/2141 2544/1615/2141 2448/1473/2141
f 2448/1473/2142 2544/1615/2142 2722/1512/2142
f 2722/1512/2143 2701/1616/2143 2684/1557/2143
f 2684/1557/2144 2679/1617/2144 2657/1513/2144
f 2904/1584/2145 2905/1618/2145 2892/1596/2145
f 2657/1513/2146 2653/1619/2146 2649/1453/2146
f 2649/1453/2147 2653/1619/2147 2638/1526/2147
f 3024/1620/2148 2987/1621/2148 3023/1622/2148
f 2676/1597/2149 2706/1623/2149 2707/1559/2149
f 3166/1587/2150 3097/1624/2150 3096/1588/2150
f 2816/1625/2151 2839/1626/2151 2813/1543/2151
f 1060/1627/2152 1067/1628/2152 1030/1629/2152
f 3345/1505/2153 3348/1602/2153 3347/1533/2153
f 3343/1519/2154 3349/1589/2154 3348/1602/2154
f 3526/1630/2155 3518/1603/2155 3522/1564/2155
f 921/1631/2156 920/1632/2156 933/1633/2156
f 3519/1492/2157 3518/1603/2157 3509/1493/2157
f 3509/1493/2158 3518/1603/2158 3507/1604/2158
f 3353/1520/2159 3350/1634/2159 3344/1509/2159
f 3361/1510/2160 3359/1635/2160 3353/1520/2160
f 3361/1510/2161 3369/1636/2161 3365/1637/2161
f 3491/1606/2162 3495/1638/2162 3493/1546/2162
f 3493/1546/2163 3495/1638/2163 3499/1534/2163
f 3495/1638/2164 3498/1639/2164 3499/1534/2164
f 3503/1535/2165 3502/1640/2165 3368/1511/2165
f 3368/1511/2166 3369/1636/2166 3361/1510/2166
f 1729/1536/2167 1728/1607/2167 1715/1547/2167
f 1713/1548/2168 1714/1641/2168 1712/1549/2168
f 1714/1641/2169 1704/1579/2169 1712/1549/2169
f 1751/1611/2170 1741/1590/2170 1753/1523/2170
f 2411/1642/2171 2484/1593/2171 2413/1539/2171
f 2397/1553/2172 2411/1642/2172 2413/1539/2172
f 2153/1567/2173 2136/1610/2173 2175/1612/2173
f 2603/1558/2174 2605/1643/2174 2604/1515/2174
f 2707/1559/2175 2740/1644/2175 2751/1560/2175
f 2751/1560/2176 2763/1645/2176 2773/1517/2176
f 2790/1491/2177 2794/1598/2177 2813/1543/2177
f 2228/1646/2178 2230/1562/2178 2231/1561/2178
f 3617/1563/2179 3533/1601/2179 3536/1544/2179
f 3529/1545/2180 3532/1647/2180 3522/1564/2180
f 3353/1520/2181 3359/1635/2181 3350/1634/2181
f 3361/1510/2182 3365/1637/2182 3359/1635/2182
f 3499/1534/2183 3502/1640/2183 3503/1535/2183
f 1704/1579/2184 1706/1648/2184 1705/1608/2184
f 2336/1565/2185 2393/1649/2185 2135/1566/2185
f 2135/1566/2186 2137/1650/2186 2136/1610/2186
f 1761/1580/2187 1762/1651/2187 1752/1570/2187
f 2701/1616/2188 2679/1617/2188 2684/1557/2188
f 2657/1513/2189 2679/1617/2189 2653/1619/2189
f 114/1652/2190 136/1653/2190 93/1654/2190
f 113/1655/2191 129/1656/2191 130/1657/2191
f 2773/1517/2192 2763/1645/2192 2782/1586/2192
f 2228/1646/2193 2231/1561/2193 2244/1600/2193
f 3617/1563/2194 3578/1658/2194 3533/1601/2194
f 3532/1647/2195 3526/1630/2195 3522/1564/2195
f 3368/1511/2196 3502/1640/2196 3369/1636/2196
f 1728/1607/2197 1721/1659/2197 1715/1547/2197
f 1715/1547/2198 1714/1641/2198 1713/1548/2198
f 1704/1579/2199 1710/1660/2199 1706/1648/2199
f 1751/1611/2200 1742/1661/2200 1741/1590/2200
f 1752/1570/2201 1750/1662/2201 1751/1611/2201
f 1772/1592/2202 1762/1651/2202 1761/1580/2202
f 2175/1612/2203 2176/1663/2203 2370/1568/2203
f 1821/1664/2204 1804/1665/2204 1819/1569/2204
f 1819/1569/2205 1804/1665/2205 1799/1554/2205
f 1799/1554/2206 1804/1665/2206 1784/1613/2206
f 1784/1613/2207 1775/1666/2207 1772/1592/2207
f 2486/1614/2208 2489/1667/2208 2493/1594/2208
f 2544/1615/2209 2726/1668/2209 2722/1512/2209
f 2722/1512/2210 2726/1668/2210 2701/1616/2210
f 2604/1515/2211 2605/1643/2211 2608/1572/2211
f 123/1669/2212 113/1655/2212 130/1657/2212
f 2652/1585/2213 2675/1670/2213 2670/1490/2213
f 2670/1490/2214 2675/1670/2214 2676/1597/2214
f 2706/1623/2215 2740/1644/2215 2707/1559/2215
f 3166/1587/2216 3176/1671/2216 3097/1624/2216
f 3166/1587/2217 3222/1599/2217 3176/1671/2217
f 2228/1646/2218 2227/1672/2218 2229/1673/2218
f 2228/1646/2219 2229/1673/2219 2230/1562/2219
f 3348/1602/2220 3351/1674/2220 3355/1675/2220
f 3533/1601/2221 3532/1647/2221 3529/1545/2221
f 832/1676/2222 834/1677/2222 843/1678/2222
f 3349/1589/2223 3351/1674/2223 3348/1602/2223
f 3507/1604/2224 3496/1679/2224 3490/1605/2224
f 3499/1534/2225 3498/1639/2225 3502/1640/2225
f 1741/1590/2226 1730/1680/2226 1728/1607/2226
f 1714/1641/2227 1710/1660/2227 1704/1579/2227
f 1751/1611/2228 1750/1662/2228 1742/1661/2228
f 2397/1553/2229 2396/1609/2229 2410/1681/2229
f 2397/1553/2230 2410/1681/2230 2411/1642/2230
f 2175/1612/2231 2136/1610/2231 2176/1663/2231
f 1804/1665/2232 1785/1682/2232 1784/1613/2232
f 1775/1666/2233 1773/1683/2233 1772/1592/2233
f 2701/1616/2234 2690/1684/2234 2679/1617/2234
f 2653/1619/2235 2642/1685/2235 2638/1526/2235
f 114/1652/2236 60/1686/2236 122/1687/2236
f 114/1652/2237 122/1687/2237 136/1653/2237
f 2613/1688/2238 2652/1585/2238 2608/1572/2238
f 3578/1658/2239 3535/1689/2239 3533/1601/2239
f 3535/1689/2240 3532/1647/2240 3533/1601/2240
f 3359/1635/2241 3358/1690/2241 3350/1634/2241
f 1730/1680/2242 1721/1659/2242 1728/1607/2242
f 1715/1547/2243 1710/1660/2243 1714/1641/2243
f 2406/1591/2244 2409/1691/2244 2396/1609/2244
f 1773/1683/2245 1762/1651/2245 1772/1592/2245
f 2484/1593/2246 2485/1692/2246 2486/1614/2246
f 2726/1668/2247 2712/1693/2247 2701/1616/2247
f 2638/1526/2248 2642/1685/2248 2625/1542/2248
f 2606/1527/2249 2607/1694/2249 2603/1558/2249
f 2603/1558/2250 2607/1694/2250 2605/1643/2250
f 2605/1643/2251 2613/1688/2251 2608/1572/2251
f 2706/1623/2252 2710/1695/2252 2740/1644/2252
f 2320/1696/2253 2225/1697/2253 2228/1646/2253
f 2228/1646/2254 2225/1697/2254 2227/1672/2254
f 3350/1634/2255 3354/1698/2255 3349/1589/2255
f 3490/1605/2256 3496/1679/2256 3491/1606/2256
f 3495/1638/2257 3497/1699/2257 3498/1639/2257
f 1742/1661/2258 1730/1680/2258 1741/1590/2258
f 1706/1648/2259 1707/1700/2259 1705/1608/2259
f 2135/1566/2260 2362/1701/2260 2137/1650/2260
f 2137/1650/2261 2138/1702/2261 2136/1610/2261
f 2411/1642/2262 2415/1703/2262 2484/1593/2262
f 2136/1610/2263 2138/1702/2263 2176/1663/2263
f 1821/1664/2264 1822/1704/2264 1804/1665/2264
f 1784/1613/2265 1785/1682/2265 1775/1666/2265
f 2544/1615/2266 2554/1705/2266 2726/1668/2266
f 2712/1693/2267 2690/1684/2267 2701/1616/2267
f 2679/1617/2268 2685/1706/2268 2653/1619/2268
f 2653/1619/2269 2658/1707/2269 2642/1685/2269
f 136/1653/2270 122/1687/2270 143/1708/2270
f 122/1687/2271 126/1709/2271 143/1708/2271
f 122/1687/2272 72/1710/2272 126/1709/2272
f 88/1711/2273 128/1712/2273 92/1713/2273
f 123/1669/2274 135/1714/2274 128/1712/2274
f 88/1711/2275 123/1669/2275 128/1712/2275
f 123/1669/2276 130/1657/2276 135/1714/2276
f 2652/1585/2277 2660/1715/2277 2675/1670/2277
f 2782/1586/2278 2786/1716/2278 2794/1598/2278
f 2225/1697/2279 2226/1717/2279 2227/1672/2279
f 923/1718/2280 921/1631/2280 947/1719/2280
f 3532/1647/2281 3525/1720/2281 3526/1630/2281
f 3518/1603/2282 3508/1721/2282 3507/1604/2282
f 3491/1606/2283 3497/1699/2283 3495/1638/2283
f 1721/1659/2284 1719/1722/2284 1715/1547/2284
f 1715/1547/2285 1719/1722/2285 1709/1723/2285
f 1715/1547/2286 1709/1723/2286 1710/1660/2286
f 1730/1680/2287 1719/1722/2287 1721/1659/2287
f 1710/1660/2288 1709/1723/2288 1706/1648/2288
f 1706/1648/2289 1708/1724/2289 1707/1700/2289
f 1750/1662/2290 1744/1725/2290 1742/1661/2290
f 1774/1726/2291 1764/1727/2291 1762/1651/2291
f 2484/1593/2292 2415/1703/2292 2485/1692/2292
f 2486/1614/2293 2485/1692/2293 2489/1667/2293
f 2489/1667/2294 2491/1728/2294 2493/1594/2294
f 2679/1617/2295 2690/1684/2295 2685/1706/2295
f 2642/1685/2296 2639/1729/2296 2625/1542/2296
f 126/1709/2297 76/1730/2297 132/1731/2297
f 2625/1542/2298 2639/1729/2298 2606/1527/2298
f 76/1730/2299 102/1732/2299 132/1731/2299
f 92/1713/2300 128/1712/2300 137/1733/2300
f 128/1712/2301 135/1714/2301 137/1733/2301
f 2613/1688/2302 2660/1715/2302 2652/1585/2302
f 2710/1695/2303 2746/1734/2303 2740/1644/2303
f 2740/1644/2304 2746/1734/2304 2763/1645/2304
f 2782/1586/2305 2763/1645/2305 2786/1716/2305
f 2320/1696/2306 2321/1735/2306 2225/1697/2306
f 2794/1598/2307 2814/1736/2307 2816/1625/2307
f 3222/1599/2308 3227/1737/2308 3176/1671/2308
f 3642/1738/2309 3535/1689/2309 3578/1658/2309
f 3354/1698/2310 3356/1739/2310 3351/1674/2310
f 3532/1647/2311 3534/1740/2311 3525/1720/2311
f 3350/1634/2312 3357/1741/2312 3354/1698/2312
f 3526/1630/2313 3525/1720/2313 3518/1603/2313
f 3350/1634/2314 3358/1690/2314 3357/1741/2314
f 3508/1721/2315 3496/1679/2315 3507/1604/2315
f 3496/1679/2316 3497/1699/2316 3491/1606/2316
f 3502/1640/2317 3514/1742/2317 3369/1636/2317
f 3369/1636/2318 3514/1742/2318 3370/1743/2318
f 1709/1723/2319 1708/1724/2319 1706/1648/2319
f 1744/1725/2320 1730/1680/2320 1742/1661/2320
f 2409/1691/2321 2410/1681/2321 2396/1609/2321
f 1764/1727/2322 1744/1725/2322 1750/1662/2322
f 2410/1681/2323 2415/1703/2323 2411/1642/2323
f 2137/1650/2324 2139/1744/2324 2138/1702/2324
f 1773/1683/2325 1774/1726/2325 1762/1651/2325
f 2176/1663/2326 2138/1702/2326 2330/1745/2326
f 1777/1746/2327 1774/1726/2327 1773/1683/2327
f 1785/1682/2328 1776/1747/2328 1775/1666/2328
f 1776/1747/2329 1773/1683/2329 1775/1666/2329
f 2726/1668/2330 2554/1705/2330 2712/1693/2330
f 2658/1707/2331 2639/1729/2331 2642/1685/2331
f 142/1748/2332 132/1731/2332 138/1749/2332
f 2606/1527/2333 2639/1729/2333 2607/1694/2333
f 132/1731/2334 102/1732/2334 138/1749/2334
f 102/1732/2335 137/1733/2335 138/1749/2335
f 2607/1694/2336 2612/1750/2336 2605/1643/2336
f 2605/1643/2337 2612/1750/2337 2613/1688/2337
f 3101/1751/2338 3177/1752/2338 3102/1753/2338
f 3227/1737/2339 3177/1752/2339 3176/1671/2339
f 2794/1598/2340 2786/1716/2340 2814/1736/2340
f 3356/1739/2341 3708/1754/2341 3351/1674/2341
f 3544/1755/2342 3534/1740/2342 3532/1647/2342
f 3359/1635/2343 3367/1756/2343 3358/1690/2343
f 3370/1743/2344 3367/1756/2344 3365/1637/2344
f 3498/1639/2345 3497/1699/2345 3500/1757/2345
f 3498/1639/2346 3500/1757/2346 3502/1640/2346
f 3500/1757/2347 3514/1742/2347 3502/1640/2347
f 1773/1683/2348 1776/1747/2348 1777/1746/2348
f 1822/1704/2349 1805/1758/2349 1804/1665/2349
f 1805/1758/2350 1785/1682/2350 1804/1665/2350
f 2685/1706/2351 2663/1759/2351 2653/1619/2351
f 2653/1619/2352 2663/1759/2352 2658/1707/2352
f 2676/1597/2353 2675/1670/2353 2706/1623/2353
f 2138/1702/2354 2152/1760/2354 2330/1745/2354
f 2491/1728/2355 2498/1761/2355 2493/1594/2355
f 2498/1761/2356 2544/1615/2356 2493/1594/2356
f 2544/1615/2357 2498/1761/2357 2554/1705/2357
f 2712/1693/2358 2700/1762/2358 2690/1684/2358
f 2639/1729/2359 2643/1763/2359 2607/1694/2359
f 2660/1715/2360 2665/1764/2360 2675/1670/2360
f 2675/1670/2361 2692/1765/2361 2706/1623/2361
f 2225/1697/2362 2202/1766/2362 2226/1717/2362
f 3642/1738/2363 3553/1767/2363 3535/1689/2363
f 887/1768/2364 864/1769/2364 888/1770/2364
f 1719/1722/2365 1720/1771/2365 1709/1723/2365
f 1730/1680/2366 1731/1772/2366 1719/1722/2366
f 1709/1723/2367 1711/1773/2367 1708/1724/2367
f 1744/1725/2368 1743/1774/2368 1730/1680/2368
f 1743/1774/2369 1731/1772/2369 1730/1680/2369
f 1708/1724/2370 1724/1775/2370 1707/1700/2370
f 2409/1691/2371 2416/1776/2371 2410/1681/2371
f 2410/1681/2372 2417/1777/2372 2415/1703/2372
f 1774/1726/2373 1780/1778/2373 1764/1727/2373
f 2415/1703/2374 2487/1779/2374 2485/1692/2374
f 2138/1702/2375 2139/1744/2375 2140/1780/2375
f 1487/1781/2376 1474/1782/2376 1479/1783/2376
f 2489/1667/2377 2490/1784/2377 2491/1728/2377
f 2712/1693/2378 2724/1785/2378 2700/1762/2378
f 2643/1763/2379 2612/1750/2379 2607/1694/2379
f 2664/1786/2380 2660/1715/2380 2613/1688/2380
f 2746/1734/2381 2757/1787/2381 2763/1645/2381
f 3177/1752/2382 3173/1788/2382 3102/1753/2382
f 3227/1737/2383 3236/1789/2383 3177/1752/2383
f 2226/1717/2384 2202/1766/2384 2227/1672/2384
f 3535/1689/2385 3553/1767/2385 3552/1790/2385
f 3535/1689/2386 3552/1790/2386 3544/1755/2386
f 3552/1790/2387 3551/1791/2387 3534/1740/2387
f 3551/1791/2388 3525/1720/2388 3534/1740/2388
f 3367/1756/2389 3613/1792/2389 3358/1690/2389
f 3358/1690/2390 3613/1792/2390 3374/1793/2390
f 3496/1679/2391 3511/1794/2391 3497/1699/2391
f 3370/1743/2392 3582/1795/2392 3367/1756/2392
f 3497/1699/2393 3516/1796/2393 3500/1757/2393
f 3514/1742/2394 3582/1795/2394 3370/1743/2394
f 1720/1771/2395 1711/1773/2395 1709/1723/2395
f 1711/1773/2396 1724/1775/2396 1708/1724/2396
f 2410/1681/2397 2416/1776/2397 2417/1777/2397
f 2415/1703/2398 2417/1777/2398 2487/1779/2398
f 2139/1744/2399 2205/1797/2399 2140/1780/2399
f 1774/1726/2400 1789/1798/2400 1780/1778/2400
f 1774/1726/2401 1777/1746/2401 1789/1798/2401
f 2138/1702/2402 2140/1780/2402 2152/1760/2402
f 2487/1779/2403 2490/1784/2403 2485/1692/2403
f 1470/1799/2404 1477/1800/2404 1478/1801/2404
f 2485/1692/2405 2490/1784/2405 2489/1667/2405
f 1479/1783/2406 1470/1799/2406 1478/1801/2406
f 2554/1705/2407 2505/1802/2407 2724/1785/2407
f 2554/1705/2408 2724/1785/2408 2712/1693/2408
f 2658/1707/2409 2661/1803/2409 2639/1729/2409
f 2612/1750/2410 2664/1786/2410 2613/1688/2410
f 2949/1804/2411 2978/1805/2411 2947/1806/2411
f 2224/1807/2412 2225/1697/2412 2321/1735/2412
f 2224/1807/2413 2202/1766/2413 2225/1697/2413
f 2202/1766/2414 2361/1808/2414 2227/1672/2414
f 2814/1736/2415 2840/1809/2415 2842/1810/2415
f 3357/1741/2416 3657/1811/2416 3354/1698/2416
f 3525/1720/2417 3545/1812/2417 3508/1721/2417
f 3508/1721/2418 3517/1813/2418 3496/1679/2418
f 3511/1794/2419 3515/1814/2419 3497/1699/2419
f 2420/1815/2420 2416/1776/2420 2409/1691/2420
f 1826/1816/2421 1805/1758/2421 1822/1704/2421
f 1826/1816/2422 1829/1817/2422 1805/1758/2422
f 1470/1799/2423 1469/1818/2423 1477/1800/2423
f 2554/1705/2424 2498/1761/2424 2505/1802/2424
f 2658/1707/2425 2663/1759/2425 2661/1803/2425
f 2639/1729/2426 2661/1803/2426 2643/1763/2426
f 2643/1763/2427 2666/1819/2427 2612/1750/2427
f 2664/1786/2428 2665/1764/2428 2660/1715/2428
f 2692/1765/2429 2709/1820/2429 2706/1623/2429
f 2709/1820/2430 2710/1695/2430 2706/1623/2430
f 2757/1787/2431 2783/1821/2431 2763/1645/2431
f 2224/1807/2432 2201/1822/2432 2202/1766/2432
f 2786/1716/2433 2810/1823/2433 2814/1736/2433
f 1033/1824/2434 1045/1825/2434 1055/1826/2434
f 3357/1741/2435 3649/1827/2435 3657/1811/2435
f 3525/1720/2436 3551/1791/2436 3545/1812/2436
f 3508/1721/2437 3545/1812/2437 3517/1813/2437
f 3496/1679/2438 3517/1813/2438 3511/1794/2438
f 3500/1757/2439 3516/1796/2439 3576/1828/2439
f 3500/1757/2440 3576/1828/2440 3514/1742/2440
f 3514/1742/2441 3576/1828/2441 3582/1795/2441
f 1731/1772/2442 1727/1829/2442 1719/1722/2442
f 1764/1727/2443 1780/1778/2443 1743/1774/2443
f 2140/1780/2444 2156/1830/2444 2152/1760/2444
f 1477/1800/2445 1469/1818/2445 1476/1831/2445
f 1826/1816/2446 1830/1832/2446 1829/1817/2446
f 1474/1782/2447 1470/1799/2447 1479/1783/2447
f 2491/1728/2448 2496/1833/2448 2498/1761/2448
f 2700/1762/2449 2699/1834/2449 2690/1684/2449
f 2690/1684/2450 2699/1834/2450 2685/1706/2450
f 2977/1835/2451 2975/1836/2451 2943/1837/2451
f 2666/1819/2452 2667/1838/2452 2612/1750/2452
f 2612/1750/2453 2667/1838/2453 2664/1786/2453
f 2675/1670/2454 2665/1764/2454 2692/1765/2454
f 2326/1839/2455 2361/1808/2455 2202/1766/2455
f 3553/1767/2456 3575/1840/2456 3552/1790/2456
f 3575/1840/2457 3574/1841/2457 3552/1790/2457
f 3356/1739/2458 3688/1842/2458 3708/1754/2458
f 3657/1811/2459 3688/1842/2459 3356/1739/2459
f 3582/1795/2460 3613/1792/2460 3367/1756/2460
f 1727/1829/2461 1726/1843/2461 1719/1722/2461
f 1719/1722/2462 1726/1843/2462 1720/1771/2462
f 1743/1774/2463 1740/1844/2463 1731/1772/2463
f 2420/1815/2464 2418/1845/2464 2416/1776/2464
f 2416/1776/2465 2418/1845/2465 2417/1777/2465
f 1780/1778/2466 1789/1798/2466 1743/1774/2466
f 1469/1818/2467 1468/1846/2467 1476/1831/2467
f 2490/1784/2468 2487/1779/2468 2492/1847/2468
f 2152/1760/2469 2156/1830/2469 2374/1848/2469
f 1487/1781/2470 1482/1849/2470 1461/1850/2470
f 1487/1781/2471 1461/1850/2471 1474/1782/2471
f 2490/1784/2472 2494/1851/2472 2491/1728/2472
f 2685/1706/2473 2681/1852/2473 2663/1759/2473
f 2661/1803/2474 2662/1853/2474 2643/1763/2474
f 2662/1853/2475 2666/1819/2475 2643/1763/2475
f 2665/1764/2476 2691/1854/2476 2692/1765/2476
f 2783/1821/2477 2795/1855/2477 2786/1716/2477
f 2201/1822/2478 2200/1856/2478 2202/1766/2478
f 3624/1857/2479 3575/1840/2479 3553/1767/2479
f 3708/1754/2480 3688/1842/2480 3718/1858/2480
f 3552/1790/2481 3557/1859/2481 3551/1791/2481
f 3374/1793/2482 3649/1827/2482 3357/1741/2482
f 1711/1773/2483 1720/1771/2483 1723/1860/2483
f 1711/1773/2484 1723/1860/2484 1725/1861/2484
f 1711/1773/2485 1725/1861/2485 1724/1775/2485
f 1743/1774/2486 1749/1862/2486 1740/1844/2486
f 592/1863/2487 590/1864/2487 604/1865/2487
f 611/1866/2488 592/1863/2488 604/1865/2488
f 2417/1777/2489 2495/1867/2489 2487/1779/2489
f 1470/1799/2490 1449/1868/2490 1469/1818/2490
f 2494/1851/2491 2496/1833/2491 2491/1728/2491
f 2496/1833/2492 2505/1802/2492 2498/1761/2492
f 2699/1834/2493 2681/1852/2493 2685/1706/2493
f 2681/1852/2494 2686/1869/2494 2661/1803/2494
f 2663/1759/2495 2681/1852/2495 2661/1803/2495
f 2692/1765/2496 2691/1854/2496 2709/1820/2496
f 2200/1856/2497 2326/1839/2497 2202/1766/2497
f 3552/1790/2498 3574/1841/2498 3557/1859/2498
f 919/1870/2499 886/1871/2499 928/1872/2499
f 3557/1859/2500 3554/1873/2500 3551/1791/2500
f 3551/1791/2501 3554/1873/2501 3545/1812/2501
f 3517/1813/2502 3555/1874/2502 3511/1794/2502
f 1726/1843/2503 1723/1860/2503 1720/1771/2503
f 1740/1844/2504 1727/1829/2504 1731/1772/2504
f 1476/1831/2505 1468/1846/2505 1475/1875/2505
f 2487/1779/2506 2495/1867/2506 2492/1847/2506
f 2140/1780/2507 2158/1876/2507 2157/1877/2507
f 2140/1780/2508 2157/1877/2508 2156/1830/2508
f 1469/1818/2509 1462/1878/2509 1468/1846/2509
f 2490/1784/2510 2492/1847/2510 2494/1851/2510
f 1469/1818/2511 1449/1868/2511 1462/1878/2511
f 1461/1850/2512 1449/1868/2512 1470/1799/2512
f 1474/1782/2513 1461/1850/2513 1470/1799/2513
f 2496/1833/2514 2499/1879/2514 2505/1802/2514
f 2709/1820/2515 2741/1880/2515 2710/1695/2515
f 2345/1881/2516 2201/1822/2516 2382/1882/2516
f 3511/1794/2517 3555/1874/2517 3515/1814/2517
f 3515/1814/2518 3573/1883/2518 3516/1796/2518
f 3516/1796/2519 3573/1883/2519 3576/1828/2519
f 3576/1828/2520 3587/1884/2520 3582/1795/2520
f 2205/1797/2521 2390/1885/2521 2158/1876/2521
f 1462/1878/2522 1457/1886/2522 1468/1846/2522
f 2156/1830/2523 2312/1887/2523 2374/1848/2523
f 1482/1849/2524 1464/1888/2524 1461/1850/2524
f 2505/1802/2525 2537/1889/2525 2724/1785/2525
f 2724/1785/2526 2728/1890/2526 2700/1762/2526
f 2661/1803/2527 2686/1869/2527 2662/1853/2527
f 2664/1786/2528 2678/1891/2528 2665/1764/2528
f 2665/1764/2529 2678/1891/2529 2691/1854/2529
f 2741/1880/2530 2746/1734/2530 2710/1695/2530
f 2746/1734/2531 2741/1880/2531 2757/1787/2531
f 945/1892/2532 1017/1893/2532 1016/1894/2532
f 2345/1881/2533 2199/1895/2533 2201/1822/2533
f 2786/1716/2534 2795/1855/2534 2810/1823/2534
f 3657/1811/2535 3675/1896/2535 3688/1842/2535
f 3571/1897/2536 3554/1873/2536 3557/1859/2536
f 3374/1793/2537 3632/1898/2537 3649/1827/2537
f 3613/1792/2538 3632/1898/2538 3374/1793/2538
f 3582/1795/2539 3600/1899/2539 3613/1792/2539
f 2421/1900/2540 2418/1845/2540 2420/1815/2540
f 1749/1862/2541 1748/1901/2541 1740/1844/2541
f 2418/1845/2542 2503/1902/2542 2417/1777/2542
f 1468/1846/2543 1465/1903/2543 1475/1875/2543
f 2417/1777/2544 2503/1902/2544 2495/1867/2544
f 2156/1830/2545 2157/1877/2545 2312/1887/2545
f 1462/1878/2546 1449/1868/2546 1448/1904/2546
f 1830/1832/2547 1831/1905/2547 1829/1817/2547
f 1464/1888/2548 1439/1906/2548 1461/1850/2548
f 1461/1850/2549 1439/1906/2549 1449/1868/2549
f 2494/1851/2550 2499/1879/2550 2496/1833/2550
f 2505/1802/2551 2499/1879/2551 2537/1889/2551
f 2537/1889/2552 2728/1890/2552 2724/1785/2552
f 2700/1762/2553 2728/1890/2553 2699/1834/2553
f 2699/1834/2554 2717/1907/2554 2681/1852/2554
f 2667/1838/2555 2678/1891/2555 2664/1786/2555
f 2757/1787/2556 2775/1908/2556 2783/1821/2556
f 2775/1908/2557 2795/1855/2557 2783/1821/2557
f 2371/1909/2558 2199/1895/2558 2345/1881/2558
f 2200/1856/2559 2201/1822/2559 2199/1895/2559
f 2810/1823/2560 2841/1910/2560 2840/1809/2560
f 3574/1841/2561 3575/1840/2561 3579/1911/2561
f 3688/1842/2562 3707/1912/2562 3718/1858/2562
f 3574/1841/2563 3577/1913/2563 3557/1859/2563
f 3557/1859/2564 3577/1913/2564 3571/1897/2564
f 3613/1792/2565 3626/1914/2565 3632/1898/2565
f 3613/1792/2566 3600/1899/2566 3626/1914/2566
f 3582/1795/2567 3587/1884/2567 3600/1899/2567
f 3555/1874/2568 3572/1915/2568 3515/1814/2568
f 3515/1814/2569 3572/1915/2569 3573/1883/2569
f 1725/1861/2570 1723/1860/2570 1746/1916/2570
f 2421/1900/2571 2422/1917/2571 2418/1845/2571
f 1475/1875/2572 1465/1903/2572 1473/1918/2572
f 2418/1845/2573 2424/1919/2573 2503/1902/2573
f 1466/1920/2574 1465/1903/2574 1468/1846/2574
f 1462/1878/2575 1448/1904/2575 1457/1886/2575
f 2492/1847/2576 2497/1921/2576 2494/1851/2576
f 1449/1868/2577 1438/1922/2577 1448/1904/2577
f 1831/1905/2578 1832/1923/2578 1829/1817/2578
f 1686/1924/2579 1464/1888/2579 1482/1849/2579
f 2494/1851/2580 2497/1921/2580 2499/1879/2580
f 2699/1834/2581 2728/1890/2581 2717/1907/2581
f 2666/1819/2582 2678/1891/2582 2667/1838/2582
f 3624/1857/2583 3586/1925/2583 3575/1840/2583
f 3575/1840/2584 3586/1925/2584 3579/1911/2584
f 3579/1911/2585 3580/1926/2585 3574/1841/2585
f 3675/1896/2586 3707/1912/2586 3688/1842/2586
f 3657/1811/2587 3649/1827/2587 3675/1896/2587
f 3554/1873/2588 3571/1897/2588 3556/1927/2588
f 3554/1873/2589 3556/1927/2589 3517/1813/2589
f 3517/1813/2590 3556/1927/2590 3555/1874/2590
f 3573/1883/2591 3583/1928/2591 3576/1828/2591
f 1727/1829/2592 1745/1929/2592 1726/1843/2592
f 1745/1929/2593 1739/1930/2593 1726/1843/2593
f 1739/1930/2594 1746/1916/2594 1723/1860/2594
f 1726/1843/2595 1739/1930/2595 1723/1860/2595
f 1740/1844/2596 1748/1901/2596 1727/1829/2596
f 596/1931/2597 578/1932/2597 592/1863/2597
f 2422/1917/2598 2424/1919/2598 2418/1845/2598
f 2492/1847/2599 2495/1867/2599 2497/1921/2599
f 2158/1876/2600 2159/1933/2600 2157/1877/2600
f 2157/1877/2601 2325/1934/2601 2312/1887/2601
f 1449/1868/2602 1439/1906/2602 1438/1922/2602
f 2681/1852/2603 2717/1907/2603 2702/1935/2603
f 2681/1852/2604 2702/1935/2604 2686/1869/2604
f 2686/1869/2605 2693/1936/2605 2662/1853/2605
f 2693/1936/2606 2689/1937/2606 2662/1853/2606
f 2662/1853/2607 2689/1937/2607 2666/1819/2607
f 2666/1819/2608 2689/1937/2608 2678/1891/2608
f 2691/1854/2609 2698/1938/2609 2709/1820/2609
f 1023/1939/2610 1010/1940/2610 1018/1941/2610
f 1018/1941/2611 1009/1942/2611 1008/1943/2611
f 3574/1841/2612 3580/1926/2612 3577/1913/2612
f 3600/1899/2613 3618/1944/2613 3626/1914/2613
f 3576/1828/2614 3583/1928/2614 3587/1884/2614
f 1748/1901/2615 1745/1929/2615 1727/1829/2615
f 2423/1945/2616 2422/1917/2616 2421/1900/2616
f 2503/1902/2617 2502/1946/2617 2495/1867/2617
f 2158/1876/2618 2360/1947/2618 2178/1948/2618
f 2158/1876/2619 2178/1948/2619 2159/1933/2619
f 2157/1877/2620 2160/1949/2620 2325/1934/2620
f 2537/1889/2621 2546/1950/2621 2728/1890/2621
f 2678/1891/2622 2697/1951/2622 2691/1854/2622
f 2709/1820/2623 2729/1952/2623 2741/1880/2623
f 2741/1880/2624 2755/1953/2624 2757/1787/2624
f 2757/1787/2625 2755/1953/2625 2775/1908/2625
f 2199/1895/2626 2197/1954/2626 2200/1856/2626
f 949/1955/2627 924/1956/2627 928/1872/2627
f 3577/1913/2628 3589/1957/2628 3571/1897/2628
f 3600/1899/2629 3607/1958/2629 3618/1944/2629
f 3572/1915/2630 3583/1928/2630 3573/1883/2630
f 596/1931/2631 577/1959/2631 578/1932/2631
f 1465/1903/2632 1458/1960/2632 1473/1918/2632
f 2422/1917/2633 2425/1961/2633 2424/1919/2633
f 1466/1920/2634 1447/1962/2634 1465/1903/2634
f 2424/1919/2635 2502/1946/2635 2503/1902/2635
f 1457/1886/2636 1447/1962/2636 1466/1920/2636
f 2495/1867/2637 2500/1963/2637 2497/1921/2637
f 1448/1904/2638 1437/1964/2638 1440/1965/2638
f 1448/1904/2639 1440/1965/2639 1457/1886/2639
f 1448/1904/2640 1438/1922/2640 1437/1964/2640
f 2157/1877/2641 2159/1933/2641 2160/1949/2641
f 2497/1921/2642 2501/1966/2642 2499/1879/2642
f 1464/1888/2643 1442/1967/2643 1439/1906/2643
f 1439/1906/2644 1442/1967/2644 1425/1968/2644
f 2499/1879/2645 2506/1969/2645 2537/1889/2645
f 2546/1950/2646 2717/1907/2646 2728/1890/2646
f 2702/1935/2647 2711/1970/2647 2686/1869/2647
f 2686/1869/2648 2711/1970/2648 2693/1936/2648
f 2697/1951/2649 2698/1938/2649 2691/1854/2649
f 2729/1952/2650 2755/1953/2650 2741/1880/2650
f 2384/1971/2651 2198/1972/2651 2371/1909/2651
f 1071/1973/2652 1069/1974/2652 1023/1939/2652
f 1658/1975/2653 1683/1976/2653 1680/1977/2653
f 2796/1978/2654 2795/1855/2654 2775/1908/2654
f 2198/1972/2655 2199/1895/2655 2371/1909/2655
f 2198/1972/2656 2197/1954/2656 2199/1895/2656
f 1018/1941/2657 1008/1943/2657 1036/1979/2657
f 1672/1980/2658 1680/1977/2658 1664/1981/2658
f 2197/1954/2659 2352/1982/2659 2200/1856/2659
f 1008/1943/2660 950/1983/2660 1020/1984/2660
f 2200/1856/2661 2352/1982/2661 2326/1839/2661
f 2801/1985/2662 2841/1910/2662 2810/1823/2662
f 2801/1985/2663 2598/1986/2663 2841/1910/2663
f 3624/1857/2664 3601/1987/2664 3586/1925/2664
f 1054/1988/2665 1028/1989/2665 1043/1990/2665
f 3580/1926/2666 3589/1957/2666 3577/1913/2666
f 3632/1898/2667 3656/1991/2667 3649/1827/2667
f 3571/1897/2668 3584/1992/2668 3556/1927/2668
f 3584/1992/2669 3585/1993/2669 3556/1927/2669
f 3618/1944/2670 3635/1994/2670 3626/1914/2670
f 3585/1993/2671 3581/1995/2671 3556/1927/2671
f 3556/1927/2672 3581/1995/2672 3555/1874/2672
f 3587/1884/2673 3607/1958/2673 3600/1899/2673
f 1745/1929/2674 1807/1996/2674 1739/1930/2674
f 1739/1930/2675 1807/1996/2675 1746/1916/2675
f 1473/1918/2676 1459/1997/2676 1480/1998/2676
f 1459/1997/2677 1463/1999/2677 1480/1998/2677
f 1473/1918/2678 1458/1960/2678 1459/1997/2678
f 1465/1903/2679 1444/2000/2679 1458/1960/2679
f 1465/1903/2680 1447/1962/2680 1444/2000/2680
f 2502/1946/2681 2500/1963/2681 2495/1867/2681
f 1457/1886/2682 1440/1965/2682 1447/1962/2682
f 2160/1949/2683 2162/2001/2683 2325/1934/2683
f 1685/2002/2684 1442/1967/2684 1686/1924/2684
f 1686/1924/2685 1442/1967/2685 1464/1888/2685
f 2717/1907/2686 2727/2003/2686 2702/1935/2686
f 2693/1936/2687 2705/2004/2687 2689/1937/2687
f 2689/1937/2688 2697/1951/2688 2678/1891/2688
f 2709/1820/2689 2698/1938/2689 2729/1952/2689
f 2755/1953/2690 2780/2005/2690 2775/1908/2690
f 1671/2006/2691 1683/1976/2691 1658/1975/2691
f 1658/1975/2692 1680/1977/2692 1672/1980/2692
f 3579/1911/2693 3586/1925/2693 3593/2007/2693
f 950/1983/2694 930/2008/2694 1011/2009/2694
f 3579/1911/2695 3593/2007/2695 3580/1926/2695
f 3687/2010/2696 3715/2011/2696 3707/1912/2696
f 3656/1991/2697 3687/2010/2697 3675/1896/2697
f 3632/1898/2698 3648/2012/2698 3656/1991/2698
f 3589/1957/2699 3584/1992/2699 3571/1897/2699
f 3555/1874/2700 3588/2013/2700 3572/1915/2700
f 3572/1915/2701 3588/2013/2701 3583/1928/2701
f 3583/1928/2702 3596/2014/2702 3587/1884/2702
f 1480/1998/2703 1463/1999/2703 1471/2015/2703
f 2427/2016/2704 2426/2017/2704 2423/1945/2704
f 2423/1945/2705 2426/2017/2705 2422/1917/2705
f 2424/1919/2706 2511/2018/2706 2502/1946/2706
f 2159/1933/2707 2161/2019/2707 2160/1949/2707
f 2160/1949/2708 2161/2019/2708 2162/2001/2708
f 1439/1906/2709 1425/1968/2709 1438/1922/2709
f 2499/1879/2710 2501/1966/2710 2506/1969/2710
f 2537/1889/2711 2533/2020/2711 2546/1950/2711
f 2546/1950/2712 2748/2021/2712 2717/1907/2712
f 2702/1935/2713 2727/2003/2713 2711/1970/2713
f 2775/1908/2714 2780/2005/2714 2796/1978/2714
f 1658/1975/2715 1672/1980/2715 1657/2022/2715
f 2198/1972/2716 2196/2023/2716 2197/1954/2716
f 2796/1978/2717 2592/2024/2717 2801/1985/2717
f 2197/1954/2718 2353/2025/2718 2352/1982/2718
f 3601/1987/2719 3593/2007/2719 3586/1925/2719
f 1052/2026/2720 1028/1989/2720 1054/1988/2720
f 3580/1926/2721 3594/2027/2721 3589/1957/2721
f 3626/1914/2722 3635/1994/2722 3648/2012/2722
f 3555/1874/2723 3581/1995/2723 3588/2013/2723
f 3588/2013/2724 3596/2014/2724 3583/1928/2724
f 2426/2017/2725 2425/1961/2725 2422/1917/2725
f 2425/1961/2726 2511/2018/2726 2424/1919/2726
f 575/2028/2727 552/2029/2727 673/2030/2727
f 2500/1963/2728 2501/1966/2728 2497/1921/2728
f 2159/1933/2729 2178/1948/2729 2161/2019/2729
f 1438/1922/2730 1426/2031/2730 1437/1964/2730
f 1425/1968/2731 1426/2031/2731 1438/1922/2731
f 1685/2002/2732 1573/2032/2732 1442/1967/2732
f 2537/1889/2733 2506/1969/2733 2533/2020/2733
f 2717/1907/2734 2748/2021/2734 2727/2003/2734
f 2711/1970/2735 2714/2033/2735 2693/1936/2735
f 2714/2033/2736 2705/2004/2736 2693/1936/2736
f 2689/1937/2737 2705/2004/2737 2697/1951/2737
f 2388/2034/2738 2196/2023/2738 2384/1971/2738
f 1082/2035/2739 1071/1973/2739 1080/2036/2739
f 1664/1981/2740 1678/2037/2740 1665/2038/2740
f 2592/2024/2741 2598/1986/2741 2801/1985/2741
f 2197/1954/2742 2349/2039/2742 2353/2025/2742
f 3589/1957/2743 3597/2040/2743 3584/1992/2743
f 2511/2018/2744 2508/2041/2744 2502/1946/2744
f 2502/1946/2745 2508/2041/2745 2500/1963/2745
f 2178/1948/2746 2310/2042/2746 2161/2019/2746
f 1437/1964/2747 1431/2043/2747 1440/1965/2747
f 2161/2019/2748 2163/2044/2748 2162/2001/2748
f 2162/2001/2749 2163/2044/2749 2355/2045/2749
f 1573/2032/2750 1453/2046/2750 1442/1967/2750
f 1442/1967/2751 1453/2046/2751 1414/2047/2751
f 1442/1967/2752 1414/2047/2752 1425/1968/2752
f 2533/2020/2753 2547/2048/2753 2546/1950/2753
f 2698/1938/2754 2738/2049/2754 2729/1952/2754
f 2756/2050/2755 2755/1953/2755 2729/1952/2755
f 1694/2051/2756 1671/2006/2756 1652/2052/2756
f 1671/2006/2757 1658/1975/2757 1643/2053/2757
f 1652/2052/2758 1671/2006/2758 1643/2053/2758
f 1658/1975/2759 1657/2022/2759 1642/2054/2759
f 1643/2053/2760 1658/1975/2760 1642/2054/2760
f 2196/2023/2761 2195/2055/2761 2197/1954/2761
f 1657/2022/2762 1664/1981/2762 1654/2056/2762
f 1654/2056/2763 1664/1981/2763 1665/2038/2763
f 2592/2024/2764 2593/2057/2764 2598/1986/2764
f 1020/1984/2765 1019/2058/2765 1037/2059/2765
f 3593/2007/2766 3605/2060/2766 3594/2027/2766
f 3594/2027/2767 3602/2061/2767 3589/1957/2767
f 3598/2062/2768 3599/2063/2768 3581/1995/2768
f 3585/1993/2769 3598/2062/2769 3581/1995/2769
f 3618/1944/2770 3631/2064/2770 3635/1994/2770
f 3599/2063/2771 3595/2065/2771 3581/1995/2771
f 1471/2015/2772 1460/2066/2772 1481/2067/2772
f 1458/1960/2773 1443/2068/2773 1459/1997/2773
f 2425/1961/2774 2516/2069/2774 2511/2018/2774
f 1447/1962/2775 1440/1965/2775 1436/2070/2775
f 2500/1963/2776 2504/2071/2776 2501/1966/2776
f 1437/1964/2777 1426/2031/2777 1423/2072/2777
f 1425/1968/2778 1411/2073/2778 1426/2031/2778
f 1425/1968/2779 1414/2047/2779 1417/2074/2779
f 2547/2048/2780 2748/2021/2780 2546/1950/2780
f 2727/2003/2781 2739/2075/2781 2711/1970/2781
f 2739/2075/2782 2714/2033/2782 2711/1970/2782
f 2705/2004/2783 2716/2076/2783 2697/1951/2783
f 2697/1951/2784 2716/2076/2784 2698/1938/2784
f 2729/1952/2785 2738/2049/2785 2756/2050/2785
f 1642/2054/2786 1657/2022/2786 1654/2056/2786
f 3250/2077/2787 3183/2078/2787 3241/2079/2787
f 2203/2080/2788 2349/2039/2788 2197/1954/2788
f 2195/2055/2789 2203/2080/2789 2197/1954/2789
f 1037/2059/2790 1019/2058/2790 1011/2009/2790
f 1014/2081/2791 952/2082/2791 1015/2083/2791
f 3635/1994/2792 3631/2064/2792 3648/2012/2792
f 1463/1999/2793 1460/2066/2793 1471/2015/2793
f 1443/2068/2794 1445/2084/2794 1459/1997/2794
f 1459/1997/2795 1445/2084/2795 1463/1999/2795
f 2426/2017/2796 2516/2069/2796 2425/1961/2796
f 1444/2000/2797 1443/2068/2797 1458/1960/2797
f 1444/2000/2798 1436/2070/2798 1443/2068/2798
f 2511/2018/2799 2512/2085/2799 2508/2041/2799
f 1431/2043/2800 1436/2070/2800 1440/1965/2800
f 2508/2041/2801 2504/2071/2801 2500/1963/2801
f 1437/1964/2802 1423/2072/2802 1431/2043/2802
f 2504/2071/2803 2507/2086/2803 2501/1966/2803
f 2161/2019/2804 2164/2087/2804 2163/2044/2804
f 2507/2086/2805 2506/1969/2805 2501/1966/2805
f 1425/1968/2806 1417/2074/2806 1411/2073/2806
f 2727/2003/2807 2748/2021/2807 2739/2075/2807
f 2714/2033/2808 2723/2088/2808 2705/2004/2808
f 2698/1938/2809 2716/2076/2809 2738/2049/2809
f 2756/2050/2810 2780/2005/2810 2755/1953/2810
f 1633/2089/2811 1652/2052/2811 1643/2053/2811
f 1631/2090/2812 1643/2053/2812 1642/2054/2812
f 2586/2091/2813 2796/1978/2813 2780/2005/2813
f 1678/2037/2814 1679/2092/2814 1656/2093/2814
f 3722/2094/2815 3735/2095/2815 3730/2096/2815
f 1070/2097/2816 1052/2026/2816 1073/2098/2816
f 3594/2027/2817 3606/2099/2817 3602/2061/2817
f 1021/2100/2818 951/2101/2818 1012/2102/2818
f 3631/2064/2819 3653/2103/2819 3648/2012/2819
f 3595/2065/2820 3603/2104/2820 3588/2013/2820
f 3588/2013/2821 3603/2104/2821 3596/2014/2821
f 3603/2104/2822 3616/2105/2822 3596/2014/2822
f 3596/2014/2823 3616/2105/2823 3623/2106/2823
f 3596/2014/2824 3623/2106/2824 3607/1958/2824
f 1445/2084/2825 1460/2066/2825 1463/1999/2825
f 2511/2018/2826 2516/2069/2826 2512/2085/2826
f 1436/2070/2827 1434/2107/2827 1443/2068/2827
f 2508/2041/2828 2510/2108/2828 2504/2071/2828
f 2504/2071/2829 2509/2109/2829 2507/2086/2829
f 1426/2031/2830 1411/2073/2830 1423/2072/2830
f 2528/2110/2831 2533/2020/2831 2506/1969/2831
f 2506/1969/2832 2507/2086/2832 2528/2110/2832
f 2164/2087/2833 2165/2111/2833 2163/2044/2833
f 2163/2044/2834 2165/2111/2834 2355/2045/2834
f 1573/2032/2835 1695/2112/2835 1557/2113/2835
f 1573/2032/2836 1557/2113/2836 1453/2046/2836
f 1557/2113/2837 1452/2114/2837 1453/2046/2837
f 1453/2046/2838 1452/2114/2838 1414/2047/2838
f 2533/2020/2839 2539/2115/2839 2547/2048/2839
f 2547/2048/2840 2548/2116/2840 2748/2021/2840
f 2723/2088/2841 2716/2076/2841 2705/2004/2841
f 2756/2050/2842 2585/2117/2842 2780/2005/2842
f 1661/2118/2843 1693/2119/2843 1652/2052/2843
f 1661/2118/2844 1652/2052/2844 1633/2089/2844
f 2585/2117/2845 2586/2091/2845 2780/2005/2845
f 1631/2090/2846 1642/2054/2846 1630/2120/2846
f 2194/2121/2847 2388/2034/2847 2389/2122/2847
f 2194/2121/2848 2196/2023/2848 2388/2034/2848
f 2194/2121/2849 2195/2055/2849 2196/2023/2849
f 2592/2024/2850 2796/1978/2850 2586/2091/2850
f 1665/2038/2851 1656/2093/2851 1655/2123/2851
f 3627/2124/2852 3614/2125/2852 3611/2126/2852
f 1070/2097/2853 1040/2127/2853 1052/2026/2853
f 1460/2066/2854 1472/2128/2854 1481/2067/2854
f 2521/2129/2855 2516/2069/2855 2426/2017/2855
f 2512/2085/2856 2510/2108/2856 2508/2041/2856
f 1423/2072/2857 1422/2130/2857 1431/2043/2857
f 2161/2019/2858 2247/2131/2858 2164/2087/2858
f 1423/2072/2859 1411/2073/2859 1413/2132/2859
f 1417/2074/2860 1412/2133/2860 1411/2073/2860
f 1417/2074/2861 1414/2047/2861 1412/2133/2861
f 2528/2110/2862 2539/2115/2862 2533/2020/2862
f 1452/2114/2863 1406/2134/2863 1414/2047/2863
f 2748/2021/2864 2556/2135/2864 2739/2075/2864
f 2739/2075/2865 2747/2136/2865 2714/2033/2865
f 2714/2033/2866 2747/2136/2866 2723/2088/2866
f 2723/2088/2867 2744/2137/2867 2716/2076/2867
f 2716/2076/2868 2758/2138/2868 2738/2049/2868
f 2738/2049/2869 2758/2138/2869 2756/2050/2869
f 2756/2050/2870 2581/2139/2870 2585/2117/2870
f 1661/2118/2871 1633/2089/2871 1617/2140/2871
f 1602/2141/2872 1633/2089/2872 1631/2090/2872
f 2192/2142/2873 2195/2055/2873 2194/2121/2873
f 1654/2056/2874 1655/2123/2874 1638/2143/2874
f 2203/2080/2875 2375/2144/2875 2349/2039/2875
f 2596/2145/2876 2597/2146/2876 2593/2057/2876
f 1085/2147/2877 1070/2097/2877 1073/2098/2877
f 1037/2059/2878 1011/2009/2878 1042/2148/2878
f 3614/2125/2879 3605/2060/2879 3612/2149/2879
f 1042/2148/2880 1011/2009/2880 1022/2150/2880
f 3597/2040/2881 3610/2151/2881 3598/2062/2881
f 3599/2063/2882 3604/2152/2882 3595/2065/2882
f 569/2153/2883 570/2154/2883 548/2155/2883
f 2516/2069/2884 2517/2156/2884 2512/2085/2884
f 2513/2157/2885 2510/2108/2885 2512/2085/2885
f 1431/2043/2886 1427/2158/2886 1436/2070/2886
f 2510/2108/2887 2509/2109/2887 2504/2071/2887
f 563/2159/2888 520/2160/2888 591/2161/2888
f 1423/2072/2889 1413/2132/2889 1422/2130/2889
f 2164/2087/2890 2247/2131/2890 2166/2162/2890
f 2164/2087/2891 2166/2162/2891 2165/2111/2891
f 2165/2111/2892 2166/2162/2892 2167/2163/2892
f 1557/2113/2893 1454/2164/2893 1452/2114/2893
f 1452/2114/2894 1454/2164/2894 1406/2134/2894
f 2547/2048/2895 2539/2115/2895 2548/2116/2895
f 2548/2116/2896 2556/2135/2896 2748/2021/2896
f 2739/2075/2897 2556/2135/2897 2747/2136/2897
f 2744/2137/2898 2759/2165/2898 2716/2076/2898
f 2716/2076/2899 2759/2165/2899 2758/2138/2899
f 2756/2050/2900 2758/2138/2900 2581/2139/2900
f 1667/2166/2901 1661/2118/2901 1617/2140/2901
f 1617/2140/2902 1633/2089/2902 1602/2141/2902
f 1602/2141/2903 1631/2090/2903 1619/2167/2903
f 1619/2167/2904 1631/2090/2904 1630/2120/2904
f 1619/2167/2905 1630/2120/2905 1615/2168/2905
f 1697/2169/2906 1661/2118/2906 1667/2166/2906
f 1697/2169/2907 1693/2119/2907 1661/2118/2907
f 2190/2170/2908 2194/2121/2908 2389/2122/2908
f 2190/2170/2909 2192/2142/2909 2194/2121/2909
f 1630/2120/2910 1638/2143/2910 1632/2171/2910
f 2192/2142/2911 2203/2080/2911 2195/2055/2911
f 2592/2024/2912 2586/2091/2912 2591/2172/2912
f 2591/2172/2913 2593/2057/2913 2592/2024/2913
f 3639/2173/2914 3650/2174/2914 3640/2175/2914
f 3722/2094/2915 3714/2176/2915 3733/2177/2915
f 3722/2094/2916 3733/2177/2916 3735/2095/2916
f 1679/2092/2917 1677/2178/2917 1656/2093/2917
f 1065/2179/2918 1040/2127/2918 1070/2097/2918
f 3693/2180/2919 3714/2176/2919 3696/2181/2919
f 1059/2182/2920 1038/2183/2920 1065/2179/2920
f 3598/2062/2921 3610/2151/2921 3599/2063/2921
f 3604/2152/2922 3603/2104/2922 3595/2065/2922
f 3603/2104/2923 3619/2184/2923 3616/2105/2923
f 1445/2084/2924 1446/2185/2924 1460/2066/2924
f 2521/2129/2925 2517/2156/2925 2516/2069/2925
f 1443/2068/2926 1434/2107/2926 1445/2084/2926
f 1434/2107/2927 1441/2186/2927 1445/2084/2927
f 2517/2156/2928 2513/2157/2928 2512/2085/2928
f 1411/2073/2929 1402/2187/2929 1413/2132/2929
f 1412/2133/2930 1404/2188/2930 1411/2073/2930
f 1587/2189/2931 1557/2113/2931 1695/2112/2931
f 2165/2111/2932 2167/2163/2932 2168/2190/2932
f 1557/2113/2933 1587/2189/2933 1454/2164/2933
f 1414/2047/2934 1406/2134/2934 1412/2133/2934
f 1412/2133/2935 1406/2134/2935 1404/2188/2935
f 2747/2136/2936 2769/2191/2936 2723/2088/2936
f 2723/2088/2937 2769/2191/2937 2744/2137/2937
f 1630/2120/2938 1632/2171/2938 1614/2192/2938
f 2584/2193/2939 2586/2091/2939 2585/2117/2939
f 2596/2145/2940 2593/2057/2940 2591/2172/2940
f 1081/2194/2941 1070/2097/2941 1085/2147/2941
f 1656/2093/2942 1677/2178/2942 1659/2195/2942
f 1042/2148/2943 1022/2150/2943 1041/2196/2943
f 1035/2197/2944 1038/2183/2944 1059/2182/2944
f 1032/2198/2945 1012/2102/2945 1029/2199/2945
f 3623/2106/2946 3637/2200/2946 3645/2201/2946
f 3610/2151/2947 3615/2202/2947 3599/2063/2947
f 3615/2202/2948 3604/2152/2948 3599/2063/2948
f 3604/2152/2949 3619/2184/2949 3603/2104/2949
f 1445/2084/2950 1441/2186/2950 1446/2185/2950
f 1460/2066/2951 1446/2185/2951 1472/2128/2951
f 1472/2128/2952 1446/2185/2952 1467/2203/2952
f 2521/2129/2953 2523/2204/2953 2517/2156/2953
f 1431/2043/2954 1422/2130/2954 1420/2205/2954
f 1411/2073/2955 1404/2188/2955 1402/2187/2955
f 2528/2110/2956 2532/2206/2956 2539/2115/2956
f 1587/2189/2957 1514/2207/2957 1454/2164/2957
f 1514/2207/2958 1455/2208/2958 1454/2164/2958
f 1454/2164/2959 1455/2208/2959 1405/2209/2959
f 1454/2164/2960 1405/2209/2960 1406/2134/2960
f 2539/2115/2961 2545/2210/2961 2548/2116/2961
f 2545/2210/2962 2556/2135/2962 2548/2116/2962
f 2769/2191/2963 2759/2165/2963 2744/2137/2963
f 1626/2211/2964 1617/2140/2964 1595/2212/2964
f 2758/2138/2965 2578/2213/2965 2581/2139/2965
f 1595/2212/2966 1617/2140/2966 1602/2141/2966
f 1626/2211/2967 1691/2214/2967 1667/2166/2967
f 1626/2211/2968 1667/2166/2968 1617/2140/2968
f 1691/2214/2969 1697/2169/2969 1667/2166/2969
f 2189/2215/2970 2188/2216/2970 2190/2170/2970
f 1630/2120/2971 1614/2192/2971 1615/2168/2971
f 2190/2170/2972 2188/2216/2972 2192/2142/2972
f 2192/2142/2973 2193/2217/2973 2203/2080/2973
f 2203/2080/2974 2193/2217/2974 2373/2218/2974
f 2589/2219/2975 2586/2091/2975 2584/2193/2975
f 2203/2080/2976 2373/2218/2976 2375/2144/2976
f 2589/2219/2977 2591/2172/2977 2586/2091/2977
f 3614/2125/2978 3641/2220/2978 3622/2221/2978
f 1081/2194/2979 1065/2179/2979 1070/2097/2979
f 1022/2150/2980 1021/2100/2980 1041/2196/2980
f 1041/2196/2981 1021/2100/2981 1032/2198/2981
f 1434/2107/2982 1430/2222/2982 1441/2186/2982
f 2517/2156/2983 2518/2223/2983 2513/2157/2983
f 1427/2158/2984 1424/2224/2984 1434/2107/2984
f 2514/2225/2985 2509/2109/2985 2510/2108/2985
f 1422/2130/2986 1407/2226/2986 1420/2205/2986
f 1413/2132/2987 1407/2226/2987 1422/2130/2987
f 2247/2131/2988 2306/2227/2988 2166/2162/2988
f 2167/2163/2989 2169/2228/2989 2168/2190/2989
f 1406/2134/2990 1405/2209/2990 1404/2188/2990
f 2168/2190/2991 2169/2228/2991 2337/2229/2991
f 1587/2189/2992 1588/2230/2992 1514/2207/2992
f 1455/2208/2993 1410/2231/2993 1405/2209/2993
f 2556/2135/2994 2553/2232/2994 2747/2136/2994
f 2747/2136/2995 2560/2233/2995 2769/2191/2995
f 1625/2234/2996 1645/2235/2996 1626/2211/2996
f 1625/2234/2997 1626/2211/2997 1595/2212/2997
f 1595/2212/2998 1602/2141/2998 1560/2236/2998
f 1645/2235/2999 1691/2214/2999 1626/2211/2999
f 1602/2141/3000 1619/2167/3000 1601/2237/3000
f 1619/2167/3001 1615/2168/3001 1601/2237/3001
f 2581/2139/3002 2580/2238/3002 2584/2193/3002
f 2581/2139/3003 2584/2193/3003 2585/2117/3003
f 2188/2216/3004 2193/2217/3004 2192/2142/3004
f 1638/2143/3005 1637/2239/3005 1620/2240/3005
f 3639/2173/3006 3663/2241/3006 3661/2242/3006
f 1637/2239/3007 1655/2123/3007 1644/2243/3007
f 2589/2219/3008 2595/2244/3008 2591/2172/3008
f 1655/2123/3009 1656/2093/3009 1644/2243/3009
f 1079/2245/3010 1065/2179/3010 1081/2194/3010
f 1029/2199/3011 1035/2197/3011 1056/2246/3011
f 3655/2247/3012 3662/2248/3012 3653/2103/3012
f 3637/2200/3013 3655/2247/3013 3645/2201/3013
f 3604/2152/3014 3629/2249/3014 3619/2184/3014
f 1446/2185/3015 1451/2250/3015 1467/2203/3015
f 1434/2107/3016 1424/2224/3016 1430/2222/3016
f 1427/2158/3017 1420/2205/3017 1424/2224/3017
f 2513/2157/3018 2515/2251/3018 2510/2108/3018
f 2515/2251/3019 2514/2225/3019 2510/2108/3019
f 2519/2252/3020 2528/2110/3020 2507/2086/3020
f 2509/2109/3021 2519/2252/3021 2507/2086/3021
f 1413/2132/3022 1402/2187/3022 1407/2226/3022
f 2166/2162/3023 2306/2227/3023 2167/2163/3023
f 1402/2187/3024 1404/2188/3024 1399/2253/3024
f 2167/2163/3025 2306/2227/3025 2174/2254/3025
f 1405/2209/3026 1403/2255/3026 1404/2188/3026
f 2539/2115/3027 2538/2256/3027 2545/2210/3027
f 1405/2209/3028 1410/2231/3028 1403/2255/3028
f 1588/2230/3029 1515/2257/3029 1514/2207/3029
f 1514/2207/3030 1515/2257/3030 1455/2208/3030
f 1455/2208/3031 1498/2258/3031 1410/2231/3031
f 1499/2259/3032 1498/2258/3032 1455/2208/3032
f 1515/2257/3033 1499/2259/3033 1455/2208/3033
f 1498/2258/3034 1495/2260/3034 1410/2231/3034
f 2545/2210/3035 2553/2232/3035 2556/2135/3035
f 2553/2232/3036 2560/2233/3036 2747/2136/3036
f 2560/2233/3037 2565/2261/3037 2769/2191/3037
f 2759/2165/3038 2569/2262/3038 2575/2263/3038
f 2759/2165/3039 2575/2263/3039 2758/2138/3039
f 2758/2138/3040 2575/2263/3040 2578/2213/3040
f 1625/2234/3041 1611/2264/3041 1645/2235/3041
f 1625/2234/3042 1595/2212/3042 1561/2265/3042
f 1595/2212/3043 1560/2236/3043 1561/2265/3043
f 1602/2141/3044 1601/2237/3044 1560/2236/3044
f 1560/2236/3045 1601/2237/3045 1580/2266/3045
f 2187/2267/3046 2189/2215/3046 2392/2268/3046
f 2187/2267/3047 2188/2216/3047 2189/2215/3047
f 1601/2237/3048 1615/2168/3048 1614/2192/3048
f 3231/2269/3049 3247/2270/3049 3234/2271/3049
f 1614/2192/3050 1632/2171/3050 1613/2272/3050
f 2193/2217/3051 2383/2273/3051 2373/2218/3051
f 1632/2171/3052 1620/2240/3052 1613/2272/3052
f 1696/2274/3053 1690/2275/3053 1699/2276/3053
f 1690/2275/3054 1698/2277/3054 1699/2276/3054
f 1644/2243/3055 1656/2093/3055 1659/2195/3055
f 1682/2278/3056 1698/2277/3056 1690/2275/3056
f 1659/2195/3057 1666/2279/3057 1641/2280/3057
f 1041/2196/3058 1032/2198/3058 1058/2281/3058
f 1032/2198/3059 1029/2199/3059 1057/2282/3059
f 1058/2281/3060 1032/2198/3060 1057/2282/3060
f 3622/2221/3061 3630/2283/3061 3609/2284/3061
f 3662/2248/3062 3686/2285/3062 3672/2286/3062
f 1446/2185/3063 1435/2287/3063 1451/2250/3063
f 1441/2186/3064 1430/2222/3064 1435/2287/3064
f 1441/2186/3065 1435/2287/3065 1446/2185/3065
f 1420/2205/3066 1415/2288/3066 1424/2224/3066
f 1407/2226/3067 1415/2288/3067 1420/2205/3067
f 2514/2225/3068 2519/2252/3068 2509/2109/3068
f 2519/2252/3069 2532/2206/3069 2528/2110/3069
f 522/2289/3070 473/2290/3070 721/2291/3070
f 2167/2163/3071 2174/2254/3071 2170/2292/3071
f 2167/2163/3072 2170/2292/3072 2169/2228/3072
f 1404/2188/3073 1403/2255/3073 1399/2253/3073
f 2532/2206/3074 2538/2256/3074 2539/2115/3074
f 2538/2256/3075 2543/2293/3075 2545/2210/3075
f 2169/2228/3076 2339/2294/3076 2337/2229/3076
f 2169/2228/3077 2365/2295/3077 2339/2294/3077
f 1567/2296/3078 1499/2259/3078 1515/2257/3078
f 1410/2231/3079 1494/2297/3079 1409/2298/3079
f 1567/2296/3080 1566/2299/3080 1499/2259/3080
f 1498/2258/3081 1499/2259/3081 1495/2260/3081
f 2565/2261/3082 2759/2165/3082 2769/2191/3082
f 2759/2165/3083 2565/2261/3083 2569/2262/3083
f 1556/2300/3084 1561/2265/3084 1546/2301/3084
f 1577/2302/3085 1561/2265/3085 1556/2300/3085
f 1561/2265/3086 1560/2236/3086 1546/2301/3086
f 1611/2264/3087 1561/2265/3087 1577/2302/3087
f 2187/2267/3088 2392/2268/3088 2185/2303/3088
f 2187/2267/3089 2185/2303/3089 2184/2304/3089
f 1692/2305/3090 1645/2235/3090 1611/2264/3090
f 1580/2266/3091 1601/2237/3091 1596/2306/3091
f 2187/2267/3092 2184/2304/3092 2188/2216/3092
f 1601/2237/3093 1614/2192/3093 1596/2306/3093
f 2578/2213/3094 2580/2238/3094 2581/2139/3094
f 1637/2239/3095 1621/2307/3095 1620/2240/3095
f 1637/2239/3096 1644/2243/3096 1621/2307/3096
f 3661/2242/3097 3660/2308/3097 3650/2174/3097
f 2594/2309/3098 2595/2244/3098 2589/2219/3098
f 1641/2280/3099 1666/2279/3099 1649/2310/3099
f 1074/2311/3100 1059/2182/3100 1079/2245/3100
f 1074/2311/3101 1056/2246/3101 1059/2182/3101
f 2517/2156/3102 2523/2204/3102 2518/2223/3102
f 2518/2223/3103 2522/2312/3103 2513/2157/3103
f 2513/2157/3104 2520/2313/3104 2515/2251/3104
f 2514/2225/3105 2525/2314/3105 2519/2252/3105
f 1403/2255/3106 1398/2315/3106 1399/2253/3106
f 1403/2255/3107 1409/2298/3107 1398/2315/3107
f 2169/2228/3108 2170/2292/3108 2171/2316/3108
f 2172/2317/3109 2365/2295/3109 2169/2228/3109
f 2169/2228/3110 2171/2316/3110 2172/2317/3110
f 2545/2210/3111 2543/2293/3111 2553/2232/3111
f 1567/2296/3112 1688/2318/3112 1566/2299/3112
f 1495/2260/3113 1508/2319/3113 1494/2297/3113
f 1688/2318/3114 1574/2320/3114 1566/2299/3114
f 1495/2260/3115 1509/2321/3115 1508/2319/3115
f 1495/2260/3116 1499/2259/3116 1509/2321/3116
f 1566/2299/3117 1516/2322/3117 1499/2259/3117
f 1566/2299/3118 1574/2320/3118 1516/2322/3118
f 1499/2259/3119 1516/2322/3119 1509/2321/3119
f 1516/2322/3120 1527/2323/3120 1509/2321/3120
f 1577/2302/3121 1556/2300/3121 1528/2324/3121
f 1575/2325/3122 1577/2302/3122 1528/2324/3122
f 1528/2324/3123 1556/2300/3123 1546/2301/3123
f 1546/2301/3124 1560/2236/3124 1545/2326/3124
f 1560/2236/3125 1559/2327/3125 1545/2326/3125
f 2185/2303/3126 2186/2328/3126 2182/2329/3126
f 1692/2305/3127 1611/2264/3127 1653/2330/3127
f 1653/2330/3128 1611/2264/3128 1577/2302/3128
f 2185/2303/3129 2182/2329/3129 2184/2304/3129
f 1580/2266/3130 1596/2306/3130 1579/2331/3130
f 2184/2304/3131 2193/2217/3131 2188/2216/3131
f 2577/2332/3132 2580/2238/3132 2578/2213/3132
f 2193/2217/3133 2354/2333/3133 2383/2273/3133
f 1614/2192/3134 1613/2272/3134 1596/2306/3134
f 3661/2242/3135 3677/2334/3135 3681/2335/3135
f 1690/2275/3136 1696/2274/3136 1689/2336/3136
f 1644/2243/3137 1659/2195/3137 1641/2280/3137
f 1649/2310/3138 1666/2279/3138 1650/2337/3138
f 1666/2279/3139 1676/2338/3139 1650/2337/3139
f 1650/2337/3140 1676/2338/3140 1663/2339/3140
f 1676/2338/3141 1674/2340/3141 1663/2339/3141
f 1663/2339/3142 1674/2340/3142 1673/2341/3142
f 1673/2341/3143 1687/2342/3143 1681/2343/3143
f 1673/2341/3144 1674/2340/3144 1687/2342/3144
f 2524/2344/3145 2522/2312/3145 2523/2204/3145
f 2523/2204/3146 2522/2312/3146 2518/2223/3146
f 1424/2224/3147 1416/2345/3147 1430/2222/3147
f 1424/2224/3148 1415/2288/3148 1416/2345/3148
f 2522/2312/3149 2520/2313/3149 2513/2157/3149
f 1415/2288/3150 1407/2226/3150 1400/2346/3150
f 1407/2226/3151 1402/2187/3151 1400/2346/3151
f 2525/2314/3152 2530/2347/3152 2519/2252/3152
f 1402/2187/3153 1399/2253/3153 1400/2346/3153
f 2530/2347/3154 2532/2206/3154 2519/2252/3154
f 473/2290/3155 545/2348/3155 721/2291/3155
f 2174/2254/3156 2302/2349/3156 2170/2292/3156
f 1398/2315/3157 1409/2298/3157 1408/2350/3157
f 2170/2292/3158 2302/2349/3158 2171/2316/3158
f 1409/2298/3159 1496/2351/3159 1408/2350/3159
f 1494/2297/3160 1508/2319/3160 1496/2351/3160
f 2171/2316/3161 2173/2352/3161 2172/2317/3161
f 2173/2352/3162 2318/2353/3162 2172/2317/3162
f 2173/2352/3163 2181/2354/3163 2318/2353/3163
f 1509/2321/3164 1527/2323/3164 1526/2355/3164
f 1509/2321/3165 1526/2355/3165 1508/2319/3165
f 2181/2354/3166 2204/2356/3166 2318/2353/3166
f 1574/2320/3167 1528/2324/3167 1516/2322/3167
f 1516/2322/3168 1528/2324/3168 1527/2323/3168
f 1651/2357/3169 1575/2325/3169 1574/2320/3169
f 1574/2320/3170 1575/2325/3170 1528/2324/3170
f 1528/2324/3171 1546/2301/3171 1527/2323/3171
f 1527/2323/3172 1545/2326/3172 1526/2355/3172
f 2204/2356/3173 2181/2354/3173 2182/2329/3173
f 1651/2357/3174 1653/2330/3174 1575/2325/3174
f 1527/2323/3175 1546/2301/3175 1545/2326/3175
f 2204/2356/3176 2182/2329/3176 2186/2328/3176
f 1653/2330/3177 1577/2302/3177 1575/2325/3177
f 1545/2326/3178 1559/2327/3178 1558/2358/3178
f 1559/2327/3179 1580/2266/3179 1558/2358/3179
f 2182/2329/3180 2183/2359/3180 2184/2304/3180
f 1580/2266/3181 1579/2331/3181 1558/2358/3181
f 2575/2263/3182 2571/2360/3182 2577/2332/3182
f 2575/2263/3183 2577/2332/3183 2578/2213/3183
f 2183/2359/3184 2191/2361/3184 2184/2304/3184
f 2184/2304/3185 2191/2361/3185 2193/2217/3185
f 2191/2361/3186 2354/2333/3186 2193/2217/3186
f 1596/2306/3187 1613/2272/3187 1592/2362/3187
f 1613/2272/3188 1620/2240/3188 1612/2363/3188
f 2594/2309/3189 2589/2219/3189 2587/2364/3189
f 1684/2365/3190 1690/2275/3190 1689/2336/3190
f 1644/2243/3191 1641/2280/3191 1622/2366/3191
f 3655/2247/3192 3669/2367/3192 3662/2248/3192
f 1430/2222/3193 1429/2368/3193 1435/2287/3193
f 1435/2287/3194 1450/2369/3194 1451/2250/3194
f 1421/2370/3195 1429/2368/3195 1430/2222/3195
f 1451/2250/3196 1450/2369/3196 1485/2371/3196
f 1430/2222/3197 1416/2345/3197 1421/2370/3197
f 1415/2288/3198 1400/2346/3198 1416/2345/3198
f 2515/2251/3199 2525/2314/3199 2514/2225/3199
f 1399/2253/3200 1390/2372/3200 1400/2346/3200
f 2530/2347/3201 2538/2256/3201 2532/2206/3201
f 2538/2256/3202 2540/2373/3202 2543/2293/3202
f 2302/2349/3203 2179/2374/3203 2171/2316/3203
f 2543/2293/3204 2549/2375/3204 2553/2232/3204
f 2553/2232/3205 2549/2375/3205 2560/2233/3205
f 1496/2351/3206 1508/2319/3206 1512/2376/3206
f 2171/2316/3207 2179/2374/3207 2173/2352/3207
f 2173/2352/3208 2179/2374/3208 2180/2377/3208
f 2173/2352/3209 2180/2377/3209 2181/2354/3209
f 2560/2233/3210 2559/2378/3210 2564/2379/3210
f 2560/2233/3211 2564/2379/3211 2565/2261/3211
f 1508/2319/3212 1526/2355/3212 1512/2376/3212
f 1526/2355/3213 1530/2380/3213 1512/2376/3213
f 2181/2354/3214 2180/2377/3214 2182/2329/3214
f 1545/2326/3215 1540/2381/3215 1526/2355/3215
f 2569/2262/3216 2565/2261/3216 2564/2379/3216
f 2180/2377/3217 2183/2359/3217 2182/2329/3217
f 1540/2381/3218 1545/2326/3218 1547/2382/3218
f 1545/2326/3219 1558/2358/3219 1547/2382/3219
f 2571/2360/3220 2575/2263/3220 2569/2262/3220
f 1579/2331/3221 1576/2383/3221 1558/2358/3221
f 2191/2361/3222 2379/2384/3222 2354/2333/3222
f 1579/2331/3223 1596/2306/3223 1576/2383/3223
f 1596/2306/3224 1592/2362/3224 1576/2383/3224
f 2583/2385/3225 2580/2238/3225 2577/2332/3225
f 2590/2386/3226 2594/2309/3226 2587/2364/3226
f 1620/2240/3227 1621/2307/3227 1616/2387/3227
f 1621/2307/3228 1644/2243/3228 1622/2366/3228
f 1675/2388/3229 1690/2275/3229 1684/2365/3229
f 1675/2388/3230 1682/2278/3230 1690/2275/3230
f 1641/2280/3231 1649/2310/3231 1634/2389/3231
f 1634/2389/3232 1649/2310/3232 1650/2337/3232
f 1673/2341/3233 1681/2343/3233 1670/2390/3233
f 1647/2391/3234 1663/2339/3234 1673/2341/3234
f 3641/2220/3235 3651/2392/3235 3630/2283/3235
f 3620/2393/3236 3633/2394/3236 3621/2395/3236
f 1435/2287/3237 1429/2368/3237 1450/2369/3237
f 2527/2396/3238 2520/2313/3238 2522/2312/3238
f 2526/2397/3239 2515/2251/3239 2520/2313/3239
f 2531/2398/3240 2530/2347/3240 2525/2314/3240
f 1399/2253/3241 1398/2315/3241 1390/2372/3241
f 2530/2347/3242 2540/2373/3242 2538/2256/3242
f 545/2348/3243 475/2399/3243 524/2400/3243
f 1408/2350/3244 1496/2351/3244 1493/2401/3244
f 2540/2373/3245 2549/2375/3245 2543/2293/3245
f 2559/2378/3246 2560/2233/3246 2549/2375/3246
f 2179/2374/3247 2246/2402/3247 2180/2377/3247
f 1512/2376/3248 1530/2380/3248 1524/2403/3248
f 2180/2377/3249 2246/2402/3249 2183/2359/3249
f 2564/2379/3250 2571/2360/3250 2569/2262/3250
f 2246/2402/3251 2191/2361/3251 2183/2359/3251
f 2571/2360/3252 2579/2404/3252 2577/2332/3252
f 2579/2404/3253 2583/2385/3253 2577/2332/3253
f 1668/2405/3254 1684/2365/3254 1689/2336/3254
f 1621/2307/3255 1622/2366/3255 1616/2387/3255
f 1622/2366/3256 1641/2280/3256 1634/2389/3256
f 1648/2406/3257 1682/2278/3257 1675/2388/3257
f 1670/2390/3258 1681/2343/3258 1648/2406/3258
f 1634/2389/3259 1650/2337/3259 1636/2407/3259
f 1650/2337/3260 1663/2339/3260 1636/2407/3260
f 1636/2407/3261 1663/2339/3261 1647/2391/3261
f 1647/2391/3262 1673/2341/3262 1646/2408/3262
f 1416/2345/3263 1401/2409/3263 1421/2370/3263
f 2527/2396/3264 2526/2397/3264 2520/2313/3264
f 1416/2345/3265 1400/2346/3265 1401/2409/3265
f 2515/2251/3266 2526/2397/3266 2525/2314/3266
f 1400/2346/3267 1395/2410/3267 1401/2409/3267
f 2526/2397/3268 2529/2411/3268 2525/2314/3268
f 2525/2314/3269 2529/2411/3269 2531/2398/3269
f 1390/2372/3270 1398/2315/3270 1391/2412/3270
f 1496/2351/3271 1512/2376/3271 1493/2401/3271
f 1530/2380/3272 1531/2413/3272 1524/2403/3272
f 1530/2380/3273 1540/2381/3273 1531/2413/3273
f 2564/2379/3274 2570/2414/3274 2571/2360/3274
f 2246/2402/3275 2343/2415/3275 2191/2361/3275
f 695/2416/3276 701/2417/3276 711/2418/3276
f 2590/2386/3277 2587/2364/3277 2583/2385/3277
f 1612/2363/3278 1607/2419/3278 1591/2420/3278
f 1620/2240/3279 1616/2387/3279 1607/2419/3279
f 1660/2421/3280 1684/2365/3280 1668/2405/3280
f 1660/2421/3281 1675/2388/3281 1684/2365/3281
f 3633/2394/3282 3651/2392/3282 3652/2422/3282
f 3638/2423/3283 3643/2424/3283 3625/2425/3283
f 1450/2369/3284 1429/2368/3284 1433/2426/3284
f 1421/2370/3285 1418/2427/3285 1429/2368/3285
f 1433/2426/3286 1486/2428/3286 1485/2371/3286
f 1450/2369/3287 1433/2426/3287 1485/2371/3287
f 1421/2370/3288 1401/2409/3288 1418/2427/3288
f 1396/2429/3289 1418/2427/3289 1401/2409/3289
f 2536/2430/3290 2530/2347/3290 2531/2398/3290
f 2536/2430/3291 2540/2373/3291 2530/2347/3291
f 1398/2315/3292 1393/2431/3292 1391/2412/3292
f 1398/2315/3293 1408/2350/3293 1393/2431/3293
f 2550/2432/3294 2549/2375/3294 2540/2373/3294
f 1512/2376/3295 1511/2433/3295 1493/2401/3295
f 1512/2376/3296 1524/2403/3296 1511/2433/3296
f 2557/2434/3297 2559/2378/3297 2549/2375/3297
f 1540/2381/3298 1547/2382/3298 1541/2435/3298
f 1547/2382/3299 1558/2358/3299 1541/2435/3299
f 1558/2358/3300 1576/2383/3300 1551/2436/3300
f 2576/2437/3301 2579/2404/3301 2571/2360/3301
f 1592/2362/3302 1591/2420/3302 1576/2383/3302
f 2579/2404/3303 2588/2438/3303 2583/2385/3303
f 2588/2438/3304 2590/2386/3304 2583/2385/3304
f 1622/2366/3305 1634/2389/3305 1618/2439/3305
f 1618/2439/3306 1634/2389/3306 1623/2440/3306
f 1648/2406/3307 1646/2408/3307 1670/2390/3307
f 1634/2389/3308 1636/2407/3308 1623/2440/3308
f 1623/2440/3309 1636/2407/3309 1624/2441/3309
f 1624/2441/3310 1647/2391/3310 1628/2442/3310
f 1628/2442/3311 1647/2391/3311 1646/2408/3311
f 1624/2441/3312 1636/2407/3312 1647/2391/3312
f 3633/2394/3313 3652/2422/3313 3638/2423/3313
f 1429/2368/3314 1418/2427/3314 1433/2426/3314
f 2527/2396/3315 2535/2443/3315 2526/2397/3315
f 1401/2409/3316 1395/2410/3316 1396/2429/3316
f 460/2444/3317 458/2445/3317 461/2446/3317
f 2526/2397/3318 2534/2447/3318 2529/2411/3318
f 2534/2447/3319 2531/2398/3319 2529/2411/3319
f 2534/2447/3320 2536/2430/3320 2531/2398/3320
f 2541/2448/3321 2540/2373/3321 2536/2430/3321
f 2541/2448/3322 2550/2432/3322 2540/2373/3322
f 2550/2432/3323 2557/2434/3323 2549/2375/3323
f 1524/2403/3324 1531/2413/3324 1511/2433/3324
f 2563/2449/3325 2559/2378/3325 2557/2434/3325
f 2563/2449/3326 2564/2379/3326 2559/2378/3326
f 1540/2381/3327 1541/2435/3327 1531/2413/3327
f 2563/2449/3328 2570/2414/3328 2564/2379/3328
f 2570/2414/3329 2576/2437/3329 2571/2360/3329
f 1541/2435/3330 1558/2358/3330 1551/2436/3330
f 1576/2383/3331 1572/2450/3331 1551/2436/3331
f 1576/2383/3332 1591/2420/3332 1572/2450/3332
f 1639/2451/3333 1669/2452/3333 1662/2453/3333
f 1639/2451/3334 1668/2405/3334 1669/2452/3334
f 1640/2454/3335 1660/2421/3335 1668/2405/3335
f 1616/2387/3336 1622/2366/3336 1600/2455/3336
f 1600/2455/3337 1622/2366/3337 1618/2439/3337
f 1648/2406/3338 1675/2388/3338 1660/2421/3338
f 1628/2442/3339 1646/2408/3339 1629/2456/3339
f 1629/2456/3340 1646/2408/3340 1648/2406/3340
f 1418/2427/3341 1432/2457/3341 1433/2426/3341
f 1433/2426/3342 1432/2457/3342 1483/2458/3342
f 1483/2458/3343 1486/2428/3343 1433/2426/3343
f 1418/2427/3344 1419/2459/3344 1432/2457/3344
f 1418/2427/3345 1396/2429/3345 1419/2459/3345
f 1483/2458/3346 1501/2460/3346 1486/2428/3346
f 2535/2443/3347 2534/2447/3347 2526/2397/3347
f 1395/2410/3348 1394/2461/3348 1396/2429/3348
f 1395/2410/3349 1390/2372/3349 1394/2461/3349
f 1408/2350/3350 1493/2401/3350 1393/2431/3350
f 2552/2462/3351 2550/2432/3351 2541/2448/3351
f 1493/2401/3352 1492/2463/3352 1393/2431/3352
f 1493/2401/3353 1511/2433/3353 1492/2463/3353
f 2552/2462/3354 2557/2434/3354 2550/2432/3354
f 1511/2433/3355 1531/2413/3355 1529/2464/3355
f 1531/2413/3356 1541/2435/3356 1529/2464/3356
f 2570/2414/3357 2582/2465/3357 2576/2437/3357
f 2582/2465/3358 2579/2404/3358 2576/2437/3358
f 2582/2465/3359 2588/2438/3359 2579/2404/3359
f 1591/2420/3360 1607/2419/3360 1581/2466/3360
f 1639/2451/3361 1640/2454/3361 1668/2405/3361
f 1607/2419/3362 1616/2387/3362 1581/2466/3362
f 1581/2466/3363 1616/2387/3363 1600/2455/3363
f 1609/2467/3364 1660/2421/3364 1640/2454/3364
f 1600/2455/3365 1618/2439/3365 1598/2468/3365
f 1629/2456/3366 1648/2406/3366 1609/2467/3366
f 1609/2467/3367 1648/2406/3367 1660/2421/3367
f 1618/2439/3368 1623/2440/3368 1598/2468/3368
f 3666/2469/3369 3652/2422/3369 3651/2392/3369
f 1396/2429/3370 1394/2461/3370 1419/2459/3370
f 1390/2372/3371 1392/2470/3371 1394/2461/3371
f 2535/2443/3372 2542/2471/3372 2534/2447/3372
f 2534/2447/3373 2542/2471/3373 2536/2430/3373
f 2542/2471/3374 2551/2472/3374 2536/2430/3374
f 2536/2430/3375 2551/2472/3375 2541/2448/3375
f 1393/2431/3376 1392/2470/3376 1391/2412/3376
f 2551/2472/3377 2552/2462/3377 2541/2448/3377
f 2561/2473/3378 2557/2434/3378 2552/2462/3378
f 2561/2473/3379 2567/2474/3379 2557/2434/3379
f 2567/2474/3380 2563/2449/3380 2557/2434/3380
f 2573/2475/3381 2570/2414/3381 2563/2449/3381
f 1541/2435/3382 1551/2436/3382 1537/2476/3382
f 2573/2475/3383 2582/2465/3383 2570/2414/3383
f 1635/2477/3384 1627/2478/3384 1662/2453/3384
f 1572/2450/3385 1591/2420/3385 1581/2466/3385
f 1627/2478/3386 1639/2451/3386 1662/2453/3386
f 1598/2468/3387 1623/2440/3387 1599/2479/3387
f 1623/2440/3388 1624/2441/3388 1599/2479/3388
f 1599/2479/3389 1624/2441/3389 1603/2480/3389
f 1603/2480/3390 1628/2442/3390 1608/2481/3390
f 1603/2480/3391 1624/2441/3391 1628/2442/3391
f 1628/2442/3392 1629/2456/3392 1608/2481/3392
f 456/2482/3393 455/2483/3393 458/2445/3393
f 1456/2484/3394 1483/2458/3394 1432/2457/3394
f 1419/2459/3395 1428/2485/3395 1432/2457/3395
f 1483/2458/3396 1456/2484/3396 1484/2486/3396
f 1483/2458/3397 1505/2487/3397 1501/2460/3397
f 1419/2459/3398 1394/2461/3398 1428/2485/3398
f 1428/2485/3399 1456/2484/3399 1432/2457/3399
f 1484/2486/3400 1505/2487/3400 1483/2458/3400
f 1505/2487/3401 1520/2488/3401 1501/2460/3401
f 1520/2488/3402 1539/2489/3402 1501/2460/3402
f 1392/2470/3403 1397/2490/3403 1394/2461/3403
f 2558/2491/3404 2551/2472/3404 2542/2471/3404
f 1393/2431/3405 1492/2463/3405 1490/2492/3405
f 2555/2493/3406 2552/2462/3406 2551/2472/3406
f 2555/2493/3407 2561/2473/3407 2552/2462/3407
f 1492/2463/3408 1511/2433/3408 1510/2494/3408
f 1511/2433/3409 1529/2464/3409 1525/2495/3409
f 1511/2433/3410 1525/2495/3410 1510/2494/3410
f 2567/2474/3411 2573/2475/3411 2563/2449/3411
f 1529/2464/3412 1537/2476/3412 1525/2495/3412
f 1529/2464/3413 1541/2435/3413 1537/2476/3413
f 1605/2496/3414 1606/2497/3414 1635/2477/3414
f 2574/2498/3415 2582/2465/3415 2573/2475/3415
f 1537/2476/3416 1551/2436/3416 1552/2499/3416
f 1606/2497/3417 1627/2478/3417 1635/2477/3417
f 1551/2436/3418 1572/2450/3418 1552/2499/3418
f 1552/2499/3419 1572/2450/3419 1562/2500/3419
f 1572/2450/3420 1581/2466/3420 1562/2500/3420
f 1610/2501/3421 1639/2451/3421 1627/2478/3421
f 1609/2467/3422 1640/2454/3422 1610/2501/3422
f 1610/2501/3423 1640/2454/3423 1639/2451/3423
f 1571/2502/3424 1581/2466/3424 1582/2503/3424
f 1581/2466/3425 1600/2455/3425 1582/2503/3425
f 1582/2503/3426 1600/2455/3426 1598/2468/3426
f 1608/2481/3427 1629/2456/3427 1609/2467/3427
f 3673/2504/3428 3682/2505/3428 3679/2506/3428
f 1394/2461/3429 1397/2490/3429 1428/2485/3429
f 1428/2485/3430 1488/2507/3430 1456/2484/3430
f 1456/2484/3431 1500/2508/3431 1484/2486/3431
f 1484/2486/3432 1500/2508/3432 1505/2487/3432
f 1428/2485/3433 1397/2490/3433 1488/2507/3433
f 1520/2488/3434 1536/2509/3434 1539/2489/3434
f 1392/2470/3435 1489/2510/3435 1397/2490/3435
f 1393/2431/3436 1490/2492/3436 1489/2510/3436
f 2558/2491/3437 2562/2511/3437 2551/2472/3437
f 2562/2511/3438 2555/2493/3438 2551/2472/3438
f 1492/2463/3439 1503/2512/3439 1490/2492/3439
f 1492/2463/3440 1510/2494/3440 1503/2512/3440
f 2566/2513/3441 2561/2473/3441 2555/2493/3441
f 486/2514/3442 496/2515/3442 495/2516/3442
f 2561/2473/3443 2566/2513/3443 2567/2474/3443
f 2566/2513/3444 2572/2517/3444 2567/2474/3444
f 2572/2517/3445 2573/2475/3445 2567/2474/3445
f 2572/2517/3446 2574/2498/3446 2573/2475/3446
f 1537/2476/3447 1552/2499/3447 1538/2518/3447
f 1590/2519/3448 1606/2497/3448 1605/2496/3448
f 1610/2501/3449 1627/2478/3449 1606/2497/3449
f 1562/2500/3450 1581/2466/3450 1571/2502/3450
f 740/2520/3451 719/2521/3451 744/2522/3451
f 1604/2523/3452 1609/2467/3452 1610/2501/3452
f 1589/2524/3453 1608/2481/3453 1604/2523/3453
f 1578/2525/3454 1598/2468/3454 1597/2526/3454
f 1604/2523/3455 1608/2481/3455 1609/2467/3455
f 1598/2468/3456 1599/2479/3456 1597/2526/3456
f 1597/2526/3457 1599/2479/3457 1603/2480/3457
f 1603/2480/3458 1608/2481/3458 1589/2524/3458
f 3667/2527/3459 3683/2528/3459 3668/2529/3459
f 3676/2530/3460 3690/2531/3460 3697/2532/3460
f 1456/2484/3461 1488/2507/3461 1500/2508/3461
f 1397/2490/3462 1491/2533/3462 1488/2507/3462
f 1505/2487/3463 1517/2534/3463 1520/2488/3463
f 1500/2508/3464 1517/2534/3464 1505/2487/3464
f 1517/2534/3465 1536/2509/3465 1520/2488/3465
f 1489/2510/3466 1497/2535/3466 1397/2490/3466
f 1397/2490/3467 1497/2535/3467 1491/2533/3467
f 1517/2534/3468 1535/2536/3468 1536/2509/3468
f 1536/2509/3469 1535/2536/3469 1553/2537/3469
f 1490/2492/3470 1503/2512/3470 1489/2510/3470
f 2562/2511/3471 2568/2538/3471 2555/2493/3471
f 1510/2494/3472 1507/2539/3472 1503/2512/3472
f 2568/2538/3473 2566/2513/3473 2555/2493/3473
f 1510/2494/3474 1521/2540/3474 1507/2539/3474
f 2568/2538/3475 2572/2517/3475 2566/2513/3475
f 1585/2541/3476 1590/2519/3476 1605/2496/3476
f 1525/2495/3477 1537/2476/3477 1521/2540/3477
f 1537/2476/3478 1538/2518/3478 1521/2540/3478
f 1552/2499/3479 1555/2542/3479 1538/2518/3479
f 1606/2497/3480 1590/2519/3480 1594/2543/3480
f 1552/2499/3481 1562/2500/3481 1555/2542/3481
f 1594/2543/3482 1610/2501/3482 1606/2497/3482
f 1555/2542/3483 1562/2500/3483 1571/2502/3483
f 1571/2502/3484 1570/2544/3484 1555/2542/3484
f 1593/2545/3485 1604/2523/3485 1594/2543/3485
f 1571/2502/3486 1582/2503/3486 1570/2544/3486
f 1582/2503/3487 1578/2525/3487 1570/2544/3487
f 1593/2545/3488 1589/2524/3488 1604/2523/3488
f 1582/2503/3489 1598/2468/3489 1578/2525/3489
f 1597/2526/3490 1603/2480/3490 1584/2546/3490
f 1584/2546/3491 1603/2480/3491 1589/2524/3491
f 1488/2507/3492 1504/2547/3492 1500/2508/3492
f 1500/2508/3493 1504/2547/3493 1517/2534/3493
f 1488/2507/3494 1491/2533/3494 1504/2547/3494
f 1504/2547/3495 1518/2548/3495 1517/2534/3495
f 1518/2548/3496 1533/2549/3496 1517/2534/3496
f 1517/2534/3497 1533/2549/3497 1535/2536/3497
f 1491/2533/3498 1497/2535/3498 1502/2550/3498
f 1489/2510/3499 1506/2551/3499 1497/2535/3499
f 1533/2549/3500 1550/2552/3500 1535/2536/3500
f 1535/2536/3501 1550/2552/3501 1553/2537/3501
f 1489/2510/3502 1503/2512/3502 1506/2551/3502
f 1503/2512/3503 1507/2539/3503 1506/2551/3503
f 1553/2537/3504 1550/2552/3504 1565/2553/3504
f 1565/2553/3505 1550/2552/3505 1563/2554/3505
f 1563/2554/3506 1585/2541/3506 1565/2553/3506
f 1563/2554/3507 1583/2555/3507 1590/2519/3507
f 1563/2554/3508 1590/2519/3508 1585/2541/3508
f 1569/2556/3509 1590/2519/3509 1583/2555/3509
f 1569/2556/3510 1594/2543/3510 1590/2519/3510
f 1538/2518/3511 1555/2542/3511 1554/2557/3511
f 1555/2542/3512 1570/2544/3512 1554/2557/3512
f 1586/2558/3513 1593/2545/3513 1594/2543/3513
f 1589/2524/3514 1593/2545/3514 1586/2558/3514
f 1578/2525/3515 1597/2526/3515 1584/2546/3515
f 719/2521/3516 720/2559/3516 743/2560/3516
f 1491/2533/3517 1502/2550/3517 1504/2547/3517
f 1518/2548/3518 1532/2561/3518 1533/2549/3518
f 1497/2535/3519 1513/2562/3519 1502/2550/3519
f 1502/2550/3520 1513/2562/3520 1504/2547/3520
f 1497/2535/3521 1506/2551/3521 1513/2562/3521
f 1513/2562/3522 1519/2563/3522 1504/2547/3522
f 1504/2547/3523 1519/2563/3523 1532/2561/3523
f 1504/2547/3524 1532/2561/3524 1518/2548/3524
f 1532/2561/3525 1543/2564/3525 1533/2549/3525
f 1533/2549/3526 1543/2564/3526 1550/2552/3526
f 1521/2540/3527 1522/2565/3527 1506/2551/3527
f 1507/2539/3528 1521/2540/3528 1506/2551/3528
f 1543/2564/3529 1563/2554/3529 1550/2552/3529
f 1544/2566/3530 1569/2556/3530 1563/2554/3530
f 1538/2518/3531 1522/2565/3531 1521/2540/3531
f 1522/2565/3532 1542/2567/3532 1523/2568/3532
f 1569/2556/3533 1583/2555/3533 1563/2554/3533
f 1538/2518/3534 1542/2567/3534 1522/2565/3534
f 1538/2518/3535 1554/2557/3535 1542/2567/3535
f 1542/2567/3536 1554/2557/3536 1548/2569/3536
f 1554/2557/3537 1564/2570/3537 1548/2569/3537
f 1548/2569/3538 1564/2570/3538 1549/2571/3538
f 1568/2572/3539 1586/2558/3539 1569/2556/3539
f 1586/2558/3540 1594/2543/3540 1569/2556/3540
f 1564/2570/3541 1568/2572/3541 1549/2571/3541
f 1570/2544/3542 1564/2570/3542 1554/2557/3542
f 1568/2572/3543 1589/2524/3543 1586/2558/3543
f 1570/2544/3544 1578/2525/3544 1564/2570/3544
f 1578/2525/3545 1584/2546/3545 1564/2570/3545
f 1564/2570/3546 1584/2546/3546 1568/2572/3546
f 1568/2572/3547 1584/2546/3547 1589/2524/3547
f 1513/2562/3548 1523/2568/3548 1519/2563/3548
f 1513/2562/3549 1522/2565/3549 1523/2568/3549
f 1532/2561/3550 1544/2566/3550 1543/2564/3550
f 1523/2568/3551 1534/2573/3551 1519/2563/3551
f 1519/2563/3552 1534/2573/3552 1532/2561/3552
f 1534/2573/3553 1544/2566/3553 1532/2561/3553
f 1544/2566/3554 1563/2554/3554 1543/2564/3554
f 1523/2568/3555 1548/2569/3555 1549/2571/3555
f 1523/2568/3556 1549/2571/3556 1534/2573/3556
f 1534/2573/3557 1549/2571/3557 1544/2566/3557
f 1523/2568/3558 1542/2567/3558 1548/2569/3558
f 1549/2571/3559 1568/2572/3559 1544/2566/3559
f 1544/2566/3560 1568/2572/3560 1569/2556/3560
f 720/2559/3561 710/2574/3561 743/2560/3561
f 506/2575/3562 697/2576/3562 696/2577/3562
f 728/2578/3563 704/2579/3563 712/2580/3563
f 735/2581/3564 717/2582/3564 724/2583/3564
f 183/66/3565 150/57/3565 184/67/3565
f 183/66/3566 184/67/3566 334/90/3566
f 353/104/3567 355/105/3567 368/136/3567
f 355/105/3568 341/106/3568 362/127/3568
f 322/141/3569 299/112/3569 300/131/3569
f 362/127/3570 336/91/3570 366/170/3570
f 366/170/3571 336/91/3571 337/128/3571
f 365/137/3572 371/135/3572 372/189/3572
f 372/189/3573 371/135/3573 380/167/3573
f 359/171/3574 192/139/3574 357/126/3574
f 366/170/3575 337/128/3575 361/140/3575
f 395/233/3576 419/193/3576 358/173/3576
f 373/172/3577 361/140/3577 370/217/3577
f 392/191/3578 373/172/3578 384/234/3578
f 1317/238/3579 1370/262/3579 1280/239/3579
f 1159/2584/3580 1165/2585/3580 1103/2586/3580
f 1165/2585/3581 1173/2587/3581 1110/2588/3581
f 1110/2588/3582 1173/2587/3582 1174/265/3582
f 1102/2589/3583 1159/2584/3583 1103/2586/3583
f 1103/2586/3584 1165/2585/3584 1110/2588/3584
f 1110/2588/3585 1174/265/3585 1160/2590/3585
f 1087/2591/3586 1102/2589/3586 1103/2586/3586
f 328/241/3587 294/163/3587 308/275/3587
f 1087/2591/3588 1103/2586/3588 1110/2588/3588
f 1110/2588/3589 1160/2590/3589 1124/271/3589
f 1088/2592/3590 1110/2588/3590 1124/271/3590
f 1087/2591/3591 1110/2588/3591 1088/2592/3591
f 308/275/3592 294/163/3592 297/222/3592
f 417/313/3593 407/211/3593 393/213/3593
f 393/213/3594 392/191/3594 408/288/3594
f 445/316/3595 395/233/3595 396/259/3595
f 392/191/3596 384/234/3596 406/289/3596
f 1179/2593/3597 1205/2594/3597 1235/2595/3597
f 1179/2593/3598 1235/2595/3598 1234/2596/3598
f 1179/2593/3599 1234/2596/3599 1173/2587/3599
f 1170/2597/3600 1205/2594/3600 1179/2593/3600
f 1279/240/3601 1280/239/3601 1210/2598/3601
f 1174/265/3602 1173/2587/3602 1238/2599/3602
f 1170/2597/3603 1179/2593/3603 1165/2585/3603
f 1165/2585/3604 1179/2593/3604 1173/2587/3604
f 1159/2584/3605 1170/2597/3605 1165/2585/3605
f 1189/270/3606 1279/240/3606 1210/2598/3606
f 1160/2590/3607 1174/265/3607 1206/267/3607
f 1286/242/3608 1279/240/3608 1189/270/3608
f 1160/2590/3609 1206/267/3609 1175/2600/3609
f 1124/271/3610 1160/2590/3610 1175/2600/3610
f 1090/2601/3611 1102/2589/3611 1087/2591/3611
f 1157/272/3612 1124/271/3612 1175/2600/3612
f 1286/242/3613 1189/270/3613 1250/269/3613
f 1089/2602/3614 1090/2601/3614 1087/2591/3614
f 1088/2592/3615 1124/271/3615 1123/273/3615
f 1089/2602/3616 1087/2591/3616 1086/2603/3616
f 1086/2603/3617 1087/2591/3617 1088/2592/3617
f 1122/2604/3618 1088/2592/3618 1123/273/3618
f 1086/2603/3619 1088/2592/3619 1101/2605/3619
f 1173/2587/3620 1234/2596/3620 1238/2599/3620
f 1210/2598/3621 1280/239/3621 1249/293/3621
f 1171/2606/3622 1205/2594/3622 1170/2597/3622
f 1238/2599/3623 1242/266/3623 1174/265/3623
f 1161/2607/3624 1171/2606/3624 1170/2597/3624
f 1206/267/3625 1242/266/3625 1230/2608/3625
f 1161/2607/3626 1170/2597/3626 1159/2584/3626
f 1189/270/3627 1210/2598/3627 1176/295/3627
f 1161/2607/3628 1159/2584/3628 1102/2589/3628
f 1107/2609/3629 1161/2607/3629 1102/2589/3629
f 1175/2600/3630 1206/267/3630 1230/2608/3630
f 1175/2600/3631 1230/2608/3631 1200/2610/3631
f 1092/2611/3632 1107/2609/3632 1102/2589/3632
f 1189/270/3633 1158/296/3633 1188/268/3633
f 1175/2600/3634 1200/2610/3634 1157/272/3634
f 1092/2611/3635 1102/2589/3635 1090/2601/3635
f 1157/272/3636 1200/2610/3636 1181/2612/3636
f 1187/297/3637 1250/269/3637 1188/268/3637
f 1091/2613/3638 1090/2601/3638 1089/2602/3638
f 1157/272/3639 1181/2612/3639 1156/2614/3639
f 1123/273/3640 1157/272/3640 1156/2614/3640
f 2268/244/3641 2376/243/3641 2304/299/3641
f 1123/273/3642 1156/2614/3642 1155/2615/3642
f 1122/2604/3643 1123/273/3643 1155/2615/3643
f 1101/2605/3644 1088/2592/3644 1122/2604/3644
f 1089/2602/3645 1086/2603/3645 1099/2616/3645
f 1099/2616/3646 1086/2603/3646 1101/2605/3646
f 421/314/3647 389/212/3647 415/258/3647
f 1255/347/3648 1264/2617/3648 1235/2595/3648
f 1235/2595/3649 1264/2617/3649 1234/2596/3649
f 1243/345/3650 1255/347/3650 1205/2594/3650
f 1205/2594/3651 1255/347/3651 1235/2595/3651
f 1234/2596/3652 1261/318/3652 1238/2599/3652
f 1238/2599/3653 1261/318/3653 1242/266/3653
f 367/264/3654 340/237/3654 386/321/3654
f 1249/293/3655 1208/2618/3655 1176/295/3655
f 1210/2598/3656 1249/293/3656 1176/295/3656
f 1230/2608/3657 1242/266/3657 1258/2619/3657
f 1230/2608/3658 1258/2619/3658 1232/2620/3658
f 1161/2607/3659 1108/2621/3659 1162/2622/3659
f 1108/2621/3660 1161/2607/3660 1107/2609/3660
f 1231/377/3661 1230/2608/3661 1232/2620/3661
f 1158/296/3662 1176/295/3662 1120/323/3662
f 1230/2608/3663 1231/377/3663 1200/2610/3663
f 1120/323/3664 1148/2623/3664 1158/296/3664
f 376/320/3665 328/241/3665 308/275/3665
f 1188/268/3666 1158/296/3666 1148/2623/3666
f 1108/2621/3667 1107/2609/3667 1106/2624/3667
f 1106/2624/3668 1107/2609/3668 1092/2611/3668
f 1200/2610/3669 1231/377/3669 1211/376/3669
f 1181/2612/3670 1200/2610/3670 1211/376/3670
f 1187/297/3671 1188/268/3671 1148/2623/3671
f 363/324/3672 364/350/3672 308/275/3672
f 1092/2611/3673 1090/2601/3673 1091/2613/3673
f 1278/298/3674 1187/297/3674 1224/351/3674
f 1098/2625/3675 1089/2602/3675 1099/2616/3675
f 1097/2626/3676 1089/2602/3676 1098/2625/3676
f 1099/2616/3677 1101/2605/3677 1116/2627/3677
f 1116/2627/3678 1101/2605/3678 1122/2604/3678
f 417/313/3679 408/288/3679 423/405/3679
f 423/405/3680 408/288/3680 406/289/3680
f 1249/293/3681 1312/263/3681 1283/348/3681
f 1264/2617/3682 1270/371/3682 1234/2596/3682
f 1234/2596/3683 1270/371/3683 1261/318/3683
f 1249/293/3684 1266/349/3684 1208/2618/3684
f 1203/2628/3685 1252/2629/3685 1243/345/3685
f 1242/266/3686 1269/319/3686 1271/2630/3686
f 1203/2628/3687 1243/345/3687 1205/2594/3687
f 1242/266/3688 1271/2630/3688 1257/2631/3688
f 1208/2618/3689 1209/2632/3689 1180/2633/3689
f 1203/2628/3690 1205/2594/3690 1171/2606/3690
f 1242/266/3691 1257/2631/3691 1258/2619/3691
f 1180/2633/3692 1209/2632/3692 1202/2634/3692
f 1204/2635/3693 1203/2628/3693 1172/2636/3693
f 1172/2636/3694 1203/2628/3694 1171/2606/3694
f 1176/295/3695 1208/2618/3695 1180/2633/3695
f 1180/2633/3696 1202/2634/3696 1163/2637/3696
f 1163/2637/3697 1202/2634/3697 1172/2636/3697
f 1176/295/3698 1180/2633/3698 1164/322/3698
f 1163/2637/3699 1172/2636/3699 1162/2622/3699
f 1172/2636/3700 1171/2606/3700 1161/2607/3700
f 1164/322/3701 1180/2633/3701 1163/2637/3701
f 1162/2622/3702 1172/2636/3702 1161/2607/3702
f 1164/322/3703 1163/2637/3703 1109/2638/3703
f 1163/2637/3704 1162/2622/3704 1109/2638/3704
f 1120/323/3705 1164/322/3705 1109/2638/3705
f 1109/2638/3706 1162/2622/3706 1108/2621/3706
f 1120/323/3707 1109/2638/3707 1105/2639/3707
f 1109/2638/3708 1108/2621/3708 1105/2639/3708
f 1105/2639/3709 1108/2621/3709 1094/2640/3709
f 1094/2640/3710 1108/2621/3710 1106/2624/3710
f 1148/2623/3711 1120/323/3711 1119/2641/3711
f 1119/2641/3712 1120/323/3712 1105/2639/3712
f 1094/2640/3713 1106/2624/3713 1092/2611/3713
f 1148/2623/3714 1119/2641/3714 1147/2642/3714
f 1187/297/3715 1148/2623/3715 1147/2642/3715
f 1093/2643/3716 1094/2640/3716 1092/2611/3716
f 1091/2613/3717 1093/2643/3717 1092/2611/3717
f 1187/297/3718 1147/2642/3718 1177/2644/3718
f 1155/2615/3719 1156/2614/3719 1181/2612/3719
f 1093/2643/3720 1091/2613/3720 1095/2645/3720
f 1155/2615/3721 1181/2612/3721 1185/2646/3721
f 1224/351/3722 1187/297/3722 1177/2644/3722
f 1095/2645/3723 1091/2613/3723 1089/2602/3723
f 1278/298/3724 1224/351/3724 1332/353/3724
f 1095/2645/3725 1089/2602/3725 1097/2626/3725
f 1122/2604/3726 1155/2615/3726 1154/2647/3726
f 1137/2648/3727 1122/2604/3727 1154/2647/3727
f 1137/2648/3728 1154/2647/3728 1167/2649/3728
f 1116/2627/3729 1122/2604/3729 1137/2648/3729
f 1115/2650/3730 1099/2616/3730 1116/2627/3730
f 3894/383/3731 3983/284/3731 3986/285/3731
f 3919/365/3732 3990/256/3732 3988/287/3732
f 3947/310/3733 3987/249/3733 3924/364/3733
f 425/424/3734 416/342/3734 404/343/3734
f 2070/2651/3735 2066/421/3735 2052/392/3735
f 1255/347/3736 1277/2652/3736 1264/2617/3736
f 1264/2617/3737 1277/2652/3737 1290/369/3737
f 2037/2653/3738 2033/2654/3738 2038/2655/3738
f 1264/2617/3739 1290/369/3739 1270/371/3739
f 1261/318/3740 1270/371/3740 1269/319/3740
f 1266/349/3741 1283/348/3741 1274/2656/3741
f 1252/2629/3742 1263/346/3742 1243/345/3742
f 1208/2618/3743 1266/349/3743 1209/2632/3743
f 1253/2657/3744 1252/2629/3744 1203/2628/3744
f 1209/2632/3745 1260/2658/3745 1202/2634/3745
f 1260/2658/3746 1253/2657/3746 1204/2635/3746
f 1202/2634/3747 1260/2658/3747 1204/2635/3747
f 1204/2635/3748 1253/2657/3748 1203/2628/3748
f 1202/2634/3749 1204/2635/3749 1172/2636/3749
f 1258/2619/3750 1257/2631/3750 1248/2659/3750
f 1232/2620/3751 1258/2619/3751 1248/2659/3751
f 1231/377/3752 1232/2620/3752 1248/2659/3752
f 1231/377/3753 1248/2659/3753 1237/375/3753
f 1119/2641/3754 1105/2639/3754 1114/2660/3754
f 1114/2660/3755 1105/2639/3755 1104/2661/3755
f 1104/2661/3756 1105/2639/3756 1094/2640/3756
f 1181/2612/3757 1211/376/3757 1207/2662/3757
f 1147/2642/3758 1119/2641/3758 1114/2660/3758
f 1104/2661/3759 1094/2640/3759 1093/2643/3759
f 1128/2663/3760 1147/2642/3760 1114/2660/3760
f 1111/2664/3761 1114/2660/3761 1104/2661/3761
f 1104/2661/3762 1093/2643/3762 1096/2665/3762
f 1181/2612/3763 1207/2662/3763 1185/2646/3763
f 1177/2644/3764 1147/2642/3764 1128/2663/3764
f 1128/2663/3765 1114/2660/3765 1111/2664/3765
f 1096/2665/3766 1093/2643/3766 1095/2645/3766
f 1224/351/3767 1177/2644/3767 1244/352/3767
f 1154/2647/3768 1155/2615/3768 1185/2646/3768
f 1113/2666/3769 1097/2626/3769 1098/2625/3769
f 1115/2650/3770 1098/2625/3770 1099/2616/3770
f 1113/2666/3771 1098/2625/3771 1115/2650/3771
f 1115/2650/3772 1116/2627/3772 1125/2667/3772
f 1116/2627/3773 1137/2648/3773 1125/2667/3773
f 1125/2667/3774 1137/2648/3774 1138/2668/3774
f 2033/2654/3775 2013/2669/3775 2023/2670/3775
f 2066/421/3776 2041/390/3776 2052/392/3776
f 2032/2671/3777 2033/2654/3777 2037/2653/3777
f 2052/392/3778 2029/391/3778 2049/2672/3778
f 405/423/3779 404/343/3779 401/373/3779
f 1266/349/3780 1274/2656/3780 1273/2673/3780
f 1252/2629/3781 1267/2674/3781 1263/346/3781
f 1266/349/3782 1273/2673/3782 1209/2632/3782
f 1209/2632/3783 1273/2673/3783 1260/2658/3783
f 1267/2674/3784 1252/2629/3784 1253/2657/3784
f 386/321/3785 376/320/3785 411/465/3785
f 1207/2662/3786 1211/376/3786 1229/2675/3786
f 1111/2664/3787 1104/2661/3787 1096/2665/3787
f 1178/409/3788 1177/2644/3788 1128/2663/3788
f 1096/2665/3789 1095/2645/3789 1100/2676/3789
f 1244/352/3790 1177/2644/3790 1178/409/3790
f 1100/2676/3791 1095/2645/3791 1097/2626/3791
f 1154/2647/3792 1185/2646/3792 1186/2677/3792
f 1332/353/3793 1244/352/3793 1276/379/3793
f 1167/2649/3794 1154/2647/3794 1186/2677/3794
f 1100/2676/3795 1097/2626/3795 1113/2666/3795
f 1100/2676/3796 1113/2666/3796 1117/2678/3796
f 1137/2648/3797 1167/2649/3797 1166/2679/3797
f 1138/2668/3798 1137/2648/3798 1166/2679/3798
f 1113/2666/3799 1115/2650/3799 1126/2680/3799
f 3923/334/3800 3928/308/3800 3889/417/3800
f 3889/417/3801 3932/309/3801 3898/382/3801
f 3922/437/3802 3984/335/3802 3947/310/3802
f 431/419/3803 416/342/3803 425/424/3803
f 2032/2671/3804 2013/2669/3804 2033/2654/3804
f 2039/2681/3805 2023/2670/3805 2004/462/3805
f 2039/2681/3806 2004/462/3806 2040/2682/3806
f 1291/370/3807 1292/2683/3807 1270/371/3807
f 2036/2684/3808 2032/2671/3808 2037/2653/3808
f 1270/371/3809 1292/2683/3809 1282/372/3809
f 1273/2673/3810 1268/2685/3810 1260/2658/3810
f 1260/2658/3811 1268/2685/3811 1253/2657/3811
f 1268/2685/3812 1267/2674/3812 1253/2657/3812
f 1269/319/3813 1282/372/3813 1281/2686/3813
f 1271/2630/3814 1269/319/3814 1281/2686/3814
f 1248/2659/3815 1256/2687/3815 1247/444/3815
f 1237/375/3816 1248/2659/3816 1247/444/3816
f 386/321/3817 411/465/3817 412/425/3817
f 1211/376/3818 1237/375/3818 1236/2688/3818
f 399/426/3819 411/465/3819 376/320/3819
f 1185/2646/3820 1207/2662/3820 1213/445/3820
f 1121/2689/3821 1111/2664/3821 1112/2690/3821
f 1111/2664/3822 1096/2665/3822 1112/2690/3822
f 1128/2663/3823 1111/2664/3823 1135/407/3823
f 1135/407/3824 1111/2664/3824 1121/2689/3824
f 1178/409/3825 1128/2663/3825 1135/407/3825
f 1112/2690/3826 1096/2665/3826 1100/2676/3826
f 1276/379/3827 1244/352/3827 1178/409/3827
f 1167/2649/3828 1186/2677/3828 1198/447/3828
f 1289/394/3829 1276/379/3829 1288/2691/3829
f 1100/2676/3830 1117/2678/3830 1118/2692/3830
f 1151/2693/3831 1138/2668/3831 1166/2679/3831
f 1129/2694/3832 1126/2680/3832 1115/2650/3832
f 1129/2694/3833 1115/2650/3833 1125/2667/3833
f 1125/2667/3834 1138/2668/3834 1136/2695/3834
f 1136/2695/3835 1138/2668/3835 1151/2693/3835
f 1136/2695/3836 1129/2694/3836 1125/2667/3836
f 3985/385/3837 3997/312/3837 4007/386/3837
f 2032/2671/3838 2020/2696/3838 2013/2669/3838
f 2013/2669/3839 1995/2697/3839 2023/2670/3839
f 2023/2670/3840 1995/2697/3840 2004/462/3840
f 2004/462/3841 2018/2698/3841 2040/2682/3841
f 2017/2699/3842 2032/2671/3842 2036/2684/3842
f 2049/2672/3843 2029/391/3843 2028/2700/3843
f 1282/372/3844 1292/2683/3844 1298/2701/3844
f 1282/372/3845 1298/2701/3845 1281/2686/3845
f 2034/2702/3846 2035/2703/3846 2036/2684/3846
f 1257/2631/3847 1271/2630/3847 1256/2687/3847
f 1256/2687/3848 1271/2630/3848 1272/2704/3848
f 424/441/3849 400/374/3849 412/425/3849
f 1248/2659/3850 1257/2631/3850 1256/2687/3850
f 1237/375/3851 1247/444/3851 1236/2688/3851
f 1211/376/3852 1236/2688/3852 1229/2675/3852
f 1207/2662/3853 1229/2675/3853 1233/495/3853
f 1186/2677/3854 1185/2646/3854 1213/445/3854
f 1118/2692/3855 1112/2690/3855 1100/2676/3855
f 1186/2677/3856 1213/445/3856 1198/447/3856
f 1276/379/3857 1178/409/3857 1183/2705/3857
f 1183/2705/3858 1178/409/3858 1182/408/3858
f 1288/2691/3859 1276/379/3859 1183/2705/3859
f 1197/2706/3860 1167/2649/3860 1198/447/3860
f 1166/2679/3861 1167/2649/3861 1197/2706/3861
f 1117/2678/3862 1113/2666/3862 1127/2707/3862
f 1127/2707/3863 1113/2666/3863 1126/2680/3863
f 1151/2693/3864 1166/2679/3864 1190/2708/3864
f 1145/2709/3865 1129/2694/3865 1136/2695/3865
f 1150/499/3866 1136/2695/3866 1151/2693/3866
f 3874/455/3867 3898/382/3867 3894/383/3867
f 3918/436/3868 3988/287/3868 3985/385/3868
f 4024/460/3869 4028/387/3869 3984/335/3869
f 433/389/3870 431/419/3870 439/507/3870
f 2020/2696/3871 2001/2710/3871 2013/2669/3871
f 2001/2710/3872 1920/2711/3872 2013/2669/3872
f 2013/2669/3873 1920/2711/3873 1995/2697/3873
f 2041/390/3874 2024/479/3874 2029/391/3874
f 2017/2699/3875 2020/2696/3875 2032/2671/3875
f 2040/2682/3876 2018/2698/3876 2044/2712/3876
f 2035/2703/3877 2017/2699/3877 2036/2684/3877
f 1271/2630/3878 1281/2686/3878 1284/2713/3878
f 1271/2630/3879 1284/2713/3879 1272/2704/3879
f 437/2714/3880 401/373/3880 424/441/3880
f 1256/2687/3881 1272/2704/3881 1265/442/3881
f 1256/2687/3882 1265/442/3882 1247/444/3882
f 1236/2688/3883 1247/444/3883 1259/2715/3883
f 1236/2688/3884 1259/2715/3884 1254/2716/3884
f 1229/2675/3885 1236/2688/3885 1254/2716/3885
f 1207/2662/3886 1233/495/3886 1213/445/3886
f 1121/2689/3887 1112/2690/3887 1131/2717/3887
f 1131/2717/3888 1112/2690/3888 1118/2692/3888
f 1130/2718/3889 1131/2717/3889 1118/2692/3889
f 1130/2718/3890 1118/2692/3890 1117/2678/3890
f 1127/2707/3891 1130/2718/3891 1117/2678/3891
f 1190/2708/3892 1166/2679/3892 1197/2706/3892
f 1139/2719/3893 1126/2680/3893 1129/2694/3893
f 1145/2709/3894 1136/2695/3894 1150/499/3894
f 3894/383/3895 3921/384/3895 3884/470/3895
f 3884/470/3896 3921/384/3896 3919/365/3896
f 3991/458/3897 4007/386/3897 4017/403/3897
f 4018/475/3898 4017/403/3898 4032/404/3898
f 1920/2711/3899 1905/2720/3899 1995/2697/3899
f 1995/2697/3900 1905/2720/3900 1906/463/3900
f 2004/462/3901 1995/2697/3901 1906/463/3901
f 2041/390/3902 2026/422/3902 2000/477/3902
f 1999/2721/3903 2001/2710/3903 2020/2696/3903
f 2004/462/3904 1994/464/3904 2018/2698/3904
f 2041/390/3905 2000/477/3905 2024/479/3905
f 2017/2699/3906 1999/2721/3906 2020/2696/3906
f 2029/391/3907 2024/479/3907 2028/2700/3907
f 2028/2700/3908 2024/479/3908 1996/478/3908
f 2028/2700/3909 1996/478/3909 2016/2722/3909
f 2016/2722/3910 2017/2699/3910 2035/2703/3910
f 2028/2700/3911 2016/2722/3911 2034/2702/3911
f 2034/2702/3912 2016/2722/3912 2035/2703/3912
f 2044/2712/3913 2018/2698/3913 2027/2723/3913
f 1281/2686/3914 1298/2701/3914 1284/2713/3914
f 405/423/3915 401/373/3915 437/2714/3915
f 1272/2704/3916 1284/2713/3916 1285/2724/3916
f 1265/442/3917 1272/2704/3917 1285/2724/3917
f 1247/444/3918 1275/443/3918 1259/2715/3918
f 3142/2725/3919 3212/2726/3919 3213/2727/3919
f 1229/2675/3920 1254/2716/3920 1233/495/3920
f 1213/445/3921 1233/495/3921 1240/2728/3921
f 1213/445/3922 1240/2728/3922 1245/2729/3922
f 1213/445/3923 1245/2729/3923 1227/446/3923
f 379/427/3924 378/448/3924 409/511/3924
f 1140/467/3925 1135/407/3925 1121/2689/3925
f 1140/467/3926 1121/2689/3926 1134/2730/3926
f 1134/2730/3927 1121/2689/3927 1131/2717/3927
f 1183/2705/3928 1182/408/3928 1184/2731/3928
f 378/448/3929 324/393/3929 343/449/3929
f 1190/2708/3930 1197/2706/3930 1212/2732/3930
f 1127/2707/3931 1126/2680/3931 1139/2719/3931
f 1151/2693/3932 1190/2708/3932 1195/500/3932
f 1139/2719/3933 1129/2694/3933 1145/2709/3933
f 1150/499/3934 1151/2693/3934 1195/500/3934
f 3927/457/3935 3985/385/3935 3925/472/3935
f 2001/2710/3936 1903/2733/3936 1920/2711/3936
f 1999/2721/3937 1903/2733/3937 2001/2710/3937
f 431/419/3938 436/440/3938 440/506/3938
f 1998/2734/3939 1999/2721/3939 2017/2699/3939
f 1285/2724/3940 1284/2713/3940 1296/2735/3940
f 1265/442/3941 1285/2724/3941 1287/2736/3941
f 1275/443/3942 1265/442/3942 1287/2736/3942
f 435/492/3943 424/441/3943 412/425/3943
f 3163/2737/3944 3212/2726/3944 3142/2725/3944
f 1254/2716/3945 1259/2715/3945 1295/525/3945
f 3164/2738/3946 3142/2725/3946 3213/2727/3946
f 1233/495/3947 1254/2716/3947 1297/493/3947
f 427/2739/3948 399/426/3948 397/406/3948
f 427/2739/3949 397/406/3949 428/496/3949
f 1184/2731/3950 1182/408/3950 1140/467/3950
f 1132/2740/3951 1134/2730/3951 1131/2717/3951
f 1132/2740/3952 1131/2717/3952 1130/2718/3952
f 1198/447/3953 1227/446/3953 1216/553/3953
f 1132/2740/3954 1130/2718/3954 1133/2741/3954
f 1197/2706/3955 1198/447/3955 1216/553/3955
f 1289/394/3956 1288/2691/3956 1183/2705/3956
f 1251/527/3957 1289/394/3957 1183/2705/3957
f 1212/2732/3958 1197/2706/3958 1216/553/3958
f 2280/480/3959 2277/380/3959 2356/410/3959
f 1133/2741/3960 1130/2718/3960 1127/2707/3960
f 1133/2741/3961 1127/2707/3961 1141/2742/3961
f 1141/2742/3962 1127/2707/3962 1146/2743/3962
f 1146/2743/3963 1127/2707/3963 1139/2719/3963
f 3865/565/3964 3874/455/3964 3884/470/3964
f 3864/517/3965 3878/435/3965 3877/416/3965
f 3916/519/3966 4024/460/3966 3917/459/3966
f 3991/458/3967 4017/403/3967 3996/489/3967
f 1903/2733/3968 1904/2744/3968 1920/2711/3968
f 1920/2711/3969 1904/2744/3969 1905/2720/3969
f 2026/422/3970 2012/476/3970 2000/477/3970
f 1998/2734/3971 1919/2745/3971 1999/2721/3971
f 1994/464/3972 2010/2746/3972 2018/2698/3972
f 2016/2722/3973 1998/2734/3973 2017/2699/3973
f 1996/478/3974 1997/509/3974 2016/2722/3974
f 2016/2722/3975 1997/509/3975 1998/2734/3975
f 2018/2698/3976 2010/2746/3976 2027/2723/3976
f 2044/2712/3977 2027/2723/3977 2043/540/3977
f 2044/2712/3978 2043/540/3978 2051/2747/3978
f 2051/2747/3979 2043/540/3979 2050/2748/3979
f 442/510/3980 405/423/3980 437/2714/3980
f 2051/2747/3981 2050/2748/3981 2057/2749/3981
f 1285/2724/3982 1296/2735/3982 1310/2750/3982
f 1287/2736/3983 1285/2724/3983 1310/2750/3983
f 435/492/3984 437/2714/3984 424/441/3984
f 1275/443/3985 1287/2736/3985 1311/546/3985
f 1259/2715/3986 1275/443/3986 1302/547/3986
f 3128/2751/3987 3163/2737/3987 3142/2725/3987
f 1295/525/3988 1259/2715/3988 1302/547/3988
f 1254/2716/3989 1295/525/3989 1297/493/3989
f 1233/495/3990 1308/494/3990 1307/551/3990
f 1240/2728/3991 1233/495/3991 1307/551/3991
f 422/497/3992 379/427/3992 420/512/3992
f 1227/446/3993 1245/2729/3993 1262/2752/3993
f 1192/2753/3994 1183/2705/3994 1184/2731/3994
f 1251/527/3995 1183/2705/3995 1192/2753/3995
f 1360/529/3996 1289/394/3996 1251/527/3996
f 1215/531/3997 1190/2708/3997 1212/2732/3997
f 1195/500/3998 1190/2708/3998 1215/531/3998
f 1153/2754/3999 1146/2743/3999 1139/2719/3999
f 1153/2754/4000 1139/2719/4000 1145/2709/4000
f 1145/2709/4001 1150/499/4001 1169/2755/4001
f 320/587/4002 304/398/4002 317/468/4002
f 3880/471/4003 3918/436/4003 3888/503/4003
f 3875/2756/4004 3878/435/4004 3864/517/4004
f 3882/473/4005 3878/435/4005 3875/2756/4005
f 4047/568/4006 4024/460/4006 3916/519/4006
f 3946/520/4007 3991/458/4007 3996/489/4007
f 1999/2721/4008 1919/2745/4008 1903/2733/4008
f 1906/463/4009 1907/2757/4009 1994/464/4009
f 2000/477/4010 1882/597/4010 1996/478/4010
f 2027/2723/4011 2010/2746/4011 2043/540/4011
f 1287/2736/4012 1310/2750/4012 1328/544/4012
f 1287/2736/4013 1328/544/4013 1311/546/4013
f 1302/547/4014 1275/443/4014 1311/546/4014
f 3142/2725/4015 3164/2738/4015 3132/2758/4015
f 3132/2758/4016 3164/2738/4016 3158/581/4016
f 1240/2728/4017 1307/551/4017 1245/2729/4017
f 1241/554/4018 1227/446/4018 1262/2752/4018
f 1184/2731/4019 1140/467/4019 1149/2759/4019
f 1216/553/4020 1227/446/4020 1241/554/4020
f 1192/2753/4021 1184/2731/4021 1149/2759/4021
f 1149/2759/4022 1140/467/4022 1134/2730/4022
f 1220/2760/4023 1251/527/4023 1192/2753/4023
f 1142/2761/4024 1132/2740/4024 1133/2741/4024
f 1144/2762/4025 1142/2761/4025 1133/2741/4025
f 1144/2762/4026 1133/2741/4026 1141/2742/4026
f 1152/2763/4027 1141/2742/4027 1146/2743/4027
f 1153/2754/4028 1145/2709/4028 1169/2755/4028
f 1169/2755/4029 1150/499/4029 1191/501/4029
f 329/484/4030 304/398/4030 320/587/4030
f 3854/564/4031 3874/455/4031 3865/565/4031
f 3864/517/4032 3873/456/4032 3858/593/4032
f 3880/471/4033 3865/565/4033 3884/470/4033
f 1904/2744/4034 1878/536/4034 1905/2720/4034
f 1919/2745/4035 1877/620/4035 1903/2733/4035
f 1906/463/4036 1901/572/4036 1907/2757/4036
f 2000/477/4037 1930/505/4037 1882/597/4037
f 1996/478/4038 1882/597/4038 1881/508/4038
f 1881/508/4039 1880/2764/4039 1998/2734/4039
f 1997/509/4040 1881/508/4040 1998/2734/4040
f 1880/2764/4041 1919/2745/4041 1998/2734/4041
f 1994/464/4042 1984/2765/4042 2010/2746/4042
f 2043/540/4043 2010/2746/4043 2011/538/4043
f 2057/2749/4044 2050/2748/4044 2053/541/4044
f 2057/2749/4045 2053/541/4045 2058/543/4045
f 1310/2750/4046 1375/2766/4046 1328/544/4046
f 1297/493/4047 1361/526/4047 1308/494/4047
f 1309/578/4048 1245/2729/4048 1307/551/4048
f 1245/2729/4049 1309/578/4049 1299/630/4049
f 1262/2752/4050 1245/2729/4050 1299/630/4050
f 1149/2759/4051 1134/2730/4051 1143/2767/4051
f 1143/2767/4052 1134/2730/4052 1132/2740/4052
f 1143/2767/4053 1132/2740/4053 1142/2761/4053
f 1196/2768/4054 1192/2753/4054 1149/2759/4054
f 1313/528/4055 1251/527/4055 1220/2760/4055
f 1144/2762/4056 1141/2742/4056 1152/2763/4056
f 1215/531/4057 1212/2732/4057 1225/2769/4057
f 1191/501/4058 1195/500/4058 1214/532/4058
f 329/484/4059 320/587/4059 344/607/4059
f 3858/593/4060 3873/456/4060 3860/535/4060
f 3862/594/4061 3882/473/4061 3875/2756/4061
f 3890/566/4062 3925/472/4062 3946/520/4062
f 1877/620/4063 1857/616/4063 1903/2733/4063
f 1857/616/4064 1867/618/4064 1903/2733/4064
f 1903/2733/4065 1867/618/4065 1904/2744/4065
f 1904/2744/4066 1867/618/4066 1878/536/4066
f 1905/2720/4067 1878/536/4067 1906/463/4067
f 1994/464/4068 1907/2757/4068 1984/2765/4068
f 440/506/4069 436/440/4069 442/510/4069
f 444/2770/4070 440/506/4070 442/510/4070
f 2050/2748/4071 2043/540/4071 2021/539/4071
f 2050/2748/4072 2021/539/4072 2053/541/4072
f 3143/2771/4073 3214/575/4073 3169/2772/4073
f 3084/2773/4074 3169/2772/4074 3163/2737/4074
f 1295/525/4075 1302/547/4075 1367/549/4075
f 3073/2774/4076 3142/2725/4076 3132/2758/4076
f 3132/2758/4077 3158/581/4077 3120/2775/4077
f 1241/554/4078 1262/2752/4078 1300/604/4078
f 1220/2760/4079 1192/2753/4079 1196/2768/4079
f 1143/2767/4080 1142/2761/4080 1168/2776/4080
f 1212/2732/4081 1216/553/4081 1226/555/4081
f 1168/2776/4082 1142/2761/4082 1144/2762/4082
f 1225/2769/4083 1212/2732/4083 1226/555/4083
f 1152/2763/4084 1146/2743/4084 1201/2777/4084
f 1222/2778/4085 1152/2763/4085 1201/2777/4085
f 1214/532/4086 1215/531/4086 1239/2779/4086
f 1201/2777/4087 1146/2743/4087 1153/2754/4087
f 1201/2777/4088 1153/2754/4088 1219/2780/4088
f 1153/2754/4089 1169/2755/4089 1218/2781/4089
f 1219/2780/4090 1153/2754/4090 1218/2781/4090
f 1218/2781/4091 1169/2755/4091 1191/501/4091
f 3870/518/4092 3888/503/4092 3876/661/4092
f 3876/661/4093 3888/503/4093 3890/566/4093
f 3875/2756/4094 3864/517/4094 3862/594/4094
f 3982/567/4095 3916/519/4095 3879/569/4095
f 3946/520/4096 3996/489/4096 4005/522/4096
f 2012/476/4097 2068/491/4097 2009/615/4097
f 4005/522/4098 4038/474/4098 4026/524/4098
f 4026/524/4099 4055/523/4099 4057/2782/4099
f 2010/2746/4100 1984/2765/4100 2002/645/4100
f 2010/2746/4101 2002/645/4101 2011/538/4101
f 3186/576/4102 3214/575/4102 3143/2771/4102
f 3143/2771/4103 3169/2772/4103 3084/2773/4103
f 1375/2766/4104 1384/2783/4104 1383/545/4104
f 1328/544/4105 1375/2766/4105 1383/545/4105
f 3084/2773/4106 3163/2737/4106 3077/2784/4106
f 3163/2737/4107 3128/2751/4107 3077/2784/4107
f 1302/547/4108 1311/546/4108 1374/548/4108
f 3073/2774/4109 3128/2751/4109 3142/2725/4109
f 3073/2774/4110 3132/2758/4110 3071/2785/4110
f 3071/2785/4111 3132/2758/4111 3120/2775/4111
f 3120/2775/4112 3158/581/4112 3157/580/4112
f 1262/2752/4113 1299/630/4113 1300/604/4113
f 3210/582/4114 3211/2786/4114 3207/2787/4114
f 3210/582/4115 3207/2787/4115 3157/580/4115
f 1196/2768/4116 1149/2759/4116 1194/2788/4116
f 1194/2788/4117 1149/2759/4117 1143/2767/4117
f 1193/2789/4118 1143/2767/4118 1168/2776/4118
f 2283/482/4119 2327/530/4119 2298/584/4119
f 1199/2790/4120 1144/2762/4120 1152/2763/4120
f 1239/2779/4121 1215/531/4121 1225/2769/4121
f 1218/2781/4122 1191/501/4122 1228/2791/4122
f 3845/681/4123 3858/593/4123 3860/535/4123
f 3855/612/4124 3864/517/4124 3857/592/4124
f 3890/566/4125 3946/520/4125 3920/664/4125
f 3946/520/4126 4005/522/4126 3981/638/4126
f 2012/476/4127 2009/615/4127 1917/596/4127
f 2012/476/4128 1917/596/4128 1930/505/4128
f 1907/2757/4129 1901/572/4129 1984/2765/4129
f 1919/2745/4130 1880/2764/4130 1877/620/4130
f 4045/687/4131 4026/524/4131 4057/2782/4131
f 2011/538/4132 2002/645/4132 2021/539/4132
f 2063/542/4133 2053/541/4133 2060/598/4133
f 3077/2784/4134 3128/2751/4134 3073/2774/4134
f 2837/627/4135 2847/624/4135 2825/625/4135
f 1366/577/4136 1308/494/4136 1361/526/4136
f 1342/631/4137 1299/630/4137 1309/578/4137
f 1300/604/4138 1299/630/4138 1301/632/4138
f 432/552/4139 410/513/4139 430/556/4139
f 1194/2788/4140 1143/2767/4140 1193/2789/4140
f 1327/2792/4141 1313/528/4141 1220/2760/4141
f 1327/2792/4142 1220/2760/4142 1246/2793/4142
f 1385/2794/4143 1313/528/4143 1327/2792/4143
f 1199/2790/4144 1168/2776/4144 1144/2762/4144
f 1239/2779/4145 1225/2769/4145 1226/555/4145
f 1293/634/4146 1214/532/4146 1239/2779/4146
f 1228/2791/4147 1191/501/4147 1214/532/4147
f 1228/2791/4148 1214/532/4148 1294/635/4148
f 3845/681/4149 3860/535/4149 3846/682/4149
f 3846/682/4150 3860/535/4150 3854/564/4150
f 3854/564/4151 3865/565/4151 3847/2795/4151
f 3847/2795/4152 3865/565/4152 3848/611/4152
f 3857/592/4153 3858/593/4153 3845/681/4153
f 3861/2796/4154 3870/518/4154 3876/661/4154
f 3920/664/4155 3946/520/4155 3981/638/4155
f 2068/491/4156 2062/613/4156 2009/615/4156
f 1880/2764/4157 1855/621/4157 1877/620/4157
f 1917/596/4158 1868/642/4158 1882/597/4158
f 1882/597/4159 1856/708/4159 1881/508/4159
f 1881/508/4160 1856/708/4160 1880/2764/4160
f 1984/2765/4161 1901/572/4161 1921/643/4161
f 2002/645/4162 2005/2797/4162 2021/539/4162
f 3186/576/4163 3143/2771/4163 3135/2798/4163
f 3050/2799/4164 3077/2784/4164 3073/2774/4164
f 3046/2800/4165 3073/2774/4165 3031/2801/4165
f 3031/2801/4166 3073/2774/4166 3071/2785/4166
f 3069/2802/4167 3071/2785/4167 3120/2775/4167
f 1309/578/4168 1345/550/4168 1342/631/4168
f 1300/604/4169 1301/632/4169 1323/651/4169
f 1300/604/4170 1323/651/4170 1304/605/4170
f 1246/2793/4171 1220/2760/4171 1196/2768/4171
f 1223/2803/4172 1246/2793/4172 1196/2768/4172
f 1226/555/4173 1241/554/4173 1304/605/4173
f 1217/2804/4174 1168/2776/4174 1199/2790/4174
f 1199/2790/4175 1152/2763/4175 1222/2778/4175
f 1222/2778/4176 1201/2777/4176 1316/2805/4176
f 1305/2806/4177 1201/2777/4177 1219/2780/4177
f 1219/2780/4178 1218/2781/4178 1305/2806/4178
f 3848/611/4179 3870/518/4179 3861/2796/4179
f 1867/618/4180 1842/665/4180 1878/536/4180
f 3993/639/4181 4026/524/4181 4004/688/4181
f 1841/617/4182 1842/665/4182 1867/618/4182
f 1880/2764/4183 1856/708/4183 1855/621/4183
f 1984/2765/4184 1921/643/4184 2002/645/4184
f 2021/539/4185 2005/2797/4185 2042/573/4185
f 3216/690/4186 3215/574/4186 3186/576/4186
f 2053/541/4187 2042/573/4187 2060/598/4187
f 3050/2799/4188 3073/2774/4188 3046/2800/4188
f 3080/2807/4189 3120/2775/4189 3157/580/4189
f 3080/2807/4190 3157/580/4190 3136/2808/4190
f 3136/2808/4191 3157/580/4191 3207/2787/4191
f 1223/2803/4192 1196/2768/4192 1194/2788/4192
f 1223/2803/4193 1194/2788/4193 1221/2809/4193
f 1221/2809/4194 1194/2788/4194 1193/2789/4194
f 1221/2809/4195 1193/2789/4195 1217/2804/4195
f 1217/2804/4196 1193/2789/4196 1168/2776/4196
f 1226/555/4197 1304/605/4197 1303/2810/4197
f 1239/2779/4198 1226/555/4198 1303/2810/4198
f 1314/2811/4199 1199/2790/4199 1222/2778/4199
f 1293/634/4200 1239/2779/4200 1306/2812/4200
f 1316/2805/4201 1201/2777/4201 1305/2806/4201
f 1305/2806/4202 1218/2781/4202 1315/2813/4202
f 1218/2781/4203 1228/2791/4203 1315/2813/4203
f 1315/2813/4204 1228/2791/4204 1326/2814/4204
f 1326/2814/4205 1228/2791/4205 1294/635/4205
f 3846/682/4206 3854/564/4206 3794/680/4206
f 3857/592/4207 3845/681/4207 3745/2815/4207
f 3861/2796/4208 3876/661/4208 3859/2816/4208
f 3859/2816/4209 3876/661/4209 3887/662/4209
f 2009/615/4210 2007/614/4210 1914/641/4210
f 1879/537/4211 1875/619/4211 1891/709/4211
f 1879/537/4212 1891/709/4212 1901/572/4212
f 1901/572/4213 1891/709/4213 1921/643/4213
f 1882/597/4214 1868/642/4214 1856/708/4214
f 2005/2797/4215 2019/692/4215 2042/573/4215
f 3153/691/4216 3216/690/4216 3186/576/4216
f 3153/691/4217 3186/576/4217 3135/2798/4217
f 2042/573/4218 2056/693/4218 2060/598/4218
f 3076/2817/4219 3143/2771/4219 3084/2773/4219
f 3049/2818/4220 3084/2773/4220 3077/2784/4220
f 3049/2818/4221 3077/2784/4221 3050/2799/4221
f 3031/2801/4222 3071/2785/4222 3028/2819/4222
f 3028/2819/4223 3071/2785/4223 3069/2802/4223
f 3136/2808/4224 3207/2787/4224 3191/2820/4224
f 3207/2787/4225 3245/2821/4225 3209/745/4225
f 1321/2822/4226 1246/2793/4226 1223/2803/4226
f 1327/2792/4227 1246/2793/4227 1321/2822/4227
f 1314/2811/4228 1222/2778/4228 1316/2805/4228
f 1325/2823/4229 1294/635/4229 1293/634/4229
f 1322/2824/4230 1305/2806/4230 1315/2813/4230
f 3745/2815/4231 3845/681/4231 3746/2825/4231
f 3746/2825/4232 3845/681/4232 3794/680/4232
f 3794/680/4233 3854/564/4233 3847/2795/4233
f 3795/683/4234 3857/592/4234 3745/2815/4234
f 3798/2826/4235 3862/594/4235 3855/612/4235
f 3853/663/4236 3862/594/4236 3798/2826/4236
f 3887/662/4237 3920/664/4237 3897/771/4237
f 1868/642/4238 1862/686/4238 1856/708/4238
f 2002/645/4239 1981/644/4239 2005/2797/4239
f 2067/667/4240 2060/598/4240 2056/693/4240
f 3135/2798/4241 3143/2771/4241 3076/2817/4241
f 3076/2817/4242 3084/2773/4242 3049/2818/4242
f 3069/2802/4243 3120/2775/4243 3080/2807/4243
f 1323/651/4244 1344/650/4244 1365/781/4244
f 1318/2827/4245 1223/2803/4245 1221/2809/4245
f 1318/2827/4246 1221/2809/4246 1319/2828/4246
f 1321/2822/4247 1223/2803/4247 1318/2827/4247
f 1319/2828/4248 1221/2809/4248 1217/2804/4248
f 1352/2829/4249 1327/2792/4249 1321/2822/4249
f 1217/2804/4250 1199/2790/4250 1314/2811/4250
f 1379/766/4251 1385/2794/4251 1327/2792/4251
f 1379/766/4252 1327/2792/4252 1352/2829/4252
f 1239/2779/4253 1303/2810/4253 1306/2812/4253
f 1330/2830/4254 1314/2811/4254 1316/2805/4254
f 1316/2805/4255 1305/2806/4255 1324/2831/4255
f 3794/680/4256 3847/2795/4256 3792/2832/4256
f 3798/2826/4257 3855/612/4257 3795/683/4257
f 3859/2816/4258 3887/662/4258 3868/2833/4258
f 1836/721/4259 1838/705/4259 1842/665/4259
f 1855/621/4260 1847/735/4260 1843/640/4260
f 1856/708/4261 1847/735/4261 1855/621/4261
f 4044/2834/4262 4004/688/4262 4045/687/4262
f 3153/691/4263 3135/2798/4263 3133/2835/4263
f 3135/2798/4264 3076/2817/4264 3075/2836/4264
f 3028/2819/4265 3069/2802/4265 3056/2837/4265
f 1359/649/4266 1342/631/4266 1371/715/4266
f 3191/2820/4267 3207/2787/4267 3209/745/4267
f 1353/696/4268 1323/651/4268 1365/781/4268
f 1306/2812/4269 1303/2810/4269 1334/2838/4269
f 1325/2823/4270 1293/634/4270 1306/2812/4270
f 1326/2814/4271 1294/635/4271 1325/2823/4271
f 1333/2839/4272 1322/2824/4272 1315/2813/4272
f 3792/2832/4273 3847/2795/4273 3848/611/4273
f 3792/2832/4274 3848/611/4274 3801/2840/4274
f 3801/2840/4275 3848/611/4275 3861/2796/4275
f 1841/617/4276 1836/721/4276 1842/665/4276
f 1875/619/4277 1874/706/4277 1891/709/4277
f 1921/643/4278 1912/710/4278 1929/736/4278
f 1921/643/4279 1929/736/4279 1981/644/4279
f 3248/689/4280 3153/691/4280 3217/2841/4280
f 2019/692/4281 2045/738/4281 2056/693/4281
f 2067/667/4282 2056/693/4282 2059/739/4282
f 3133/2835/4283 3135/2798/4283 3075/2836/4283
f 2852/668/4284 2483/723/4284 2830/647/4284
f 3050/2799/4285 3046/2800/4285 3010/2842/4285
f 3010/2842/4286 3046/2800/4286 3014/2843/4286
f 3014/2843/4287 3046/2800/4287 3031/2801/4287
f 3056/2837/4288 3069/2802/4288 3080/2807/4288
f 1344/650/4289 1359/649/4289 1371/715/4289
f 3137/2844/4290 3136/2808/4290 3191/2820/4290
f 1365/781/4291 1344/650/4291 1371/715/4291
f 1341/2845/4292 1304/605/4292 1353/696/4292
f 1319/2828/4293 1217/2804/4293 1320/2846/4293
f 1303/2810/4294 1304/605/4294 1341/2845/4294
f 1320/2846/4295 1217/2804/4295 1314/2811/4295
f 1329/2847/4296 1314/2811/4296 1330/2830/4296
f 1346/2848/4297 1325/2823/4297 1306/2812/4297
f 1330/2830/4298 1316/2805/4298 1331/2849/4298
f 1331/2849/4299 1316/2805/4299 1324/2831/4299
f 1324/2831/4300 1305/2806/4300 1322/2824/4300
f 3794/680/4301 3792/2832/4301 3793/2850/4301
f 3801/2840/4302 3861/2796/4302 3859/2816/4302
f 3796/852/4303 3853/663/4303 3798/2826/4303
f 3881/684/4304 3853/663/4304 3796/852/4304
f 3930/731/4305 3981/638/4305 3979/2851/4305
f 3979/2851/4306 3981/638/4306 3993/639/4306
f 1866/666/836 1838/705/836 1874/706/836
f 2005/2797/4307 1981/644/4307 1983/737/4307
f 2005/2797/4308 2014/757/4308 2019/692/4308
f 3076/2817/4309 3049/2818/4309 3047/2852/4309
f 3049/2818/4310 3050/2799/4310 3010/2842/4310
f 3017/2853/4311 3049/2818/4311 3010/2842/4311
f 3014/2843/4312 3031/2801/4312 3003/821/4312
f 3003/821/4313 3031/2801/4313 3028/2819/4313
f 3080/2807/4314 3136/2808/4314 3068/2854/4314
f 3191/2820/4315 3209/745/4315 3194/747/4315
f 1379/766/4316 1352/2829/4316 1363/764/4316
f 1320/2846/4317 1314/2811/4317 1329/2847/4317
f 1334/2838/4318 1303/2810/4318 1341/2845/4318
f 1346/2848/4319 1306/2812/4319 1334/2838/4319
f 1347/2855/4320 1326/2814/4320 1325/2823/4320
f 3745/2815/4321 3746/2825/4321 3747/2856/4321
f 3786/2857/4322 3795/683/4322 3745/2815/4322
f 3859/2816/4323 3868/2833/4323 3849/2858/4323
f 3869/772/4324 3868/2833/4324 3887/662/4324
f 3897/771/4325 3920/664/4325 3929/2859/4325
f 3929/2859/4326 3920/664/4326 3930/731/4326
f 3979/2851/4327 3993/639/4327 4004/688/4327
f 1891/709/4328 1886/733/4328 1912/710/4328
f 4023/2860/4329 4004/688/4329 4044/2834/4329
f 2005/2797/4330 1983/737/4330 2014/757/4330
f 3217/2841/4331 3153/691/4331 3152/2861/4331
f 3152/2861/4332 3153/691/4332 3133/2835/4332
f 2067/667/4333 2059/739/4333 2065/818/4333
f 3047/2852/4334 3049/2818/4334 3017/2853/4334
f 3010/2842/4335 3014/2843/4335 2914/2862/4335
f 3028/2819/4336 3056/2837/4336 3021/822/4336
f 2822/741/4337 2776/740/4337 2809/742/4337
f 3068/2854/4338 3056/2837/4338 3080/2807/4338
f 1365/781/4339 1371/715/4339 1381/2863/4339
f 1363/764/4340 1352/2829/4340 1321/2822/4340
f 1364/2864/4341 1334/2838/4341 1341/2845/4341
f 1357/886/4342 1325/2823/4342 1346/2848/4342
f 3476/833/4343 3484/761/4343 3479/2865/4343
f 1331/2849/4344 1324/2831/4344 1336/2866/4344
f 1324/2831/4345 1322/2824/4345 1333/2839/4345
f 1315/2813/4346 1326/2814/4346 1338/2867/4346
f 3476/833/4347 3479/2865/4347 3474/769/4347
f 3746/2825/4348 3794/680/4348 3785/2868/4348
f 3785/2868/4349 3794/680/4349 3793/2850/4349
f 3784/2869/4350 3792/2832/4350 3801/2840/4350
f 3786/2857/4351 3745/2815/4351 3747/2856/4351
f 3849/2858/4352 3801/2840/4352 3859/2816/4352
f 3790/2870/4353 3798/2826/4353 3795/683/4353
f 3856/2871/4354 3881/684/4354 3796/852/4354
f 2368/702/4355 2322/730/4355 2385/2872/4355
f 3979/2851/4356 4004/688/4356 4002/2873/4356
f 1847/735/4357 1840/732/4357 1843/640/4357
f 1874/706/4358 1883/774/4358 1886/733/4358
f 4002/2873/4359 4004/688/4359 4023/2860/4359
f 3075/2836/4360 3076/2817/4360 3027/2874/4360
f 3027/2874/4361 3076/2817/4361 3047/2852/4361
f 3027/2874/4362 3047/2852/4362 3017/2853/4362
f 2914/2862/4363 3014/2843/4363 3003/821/4363
f 3003/821/4364 3028/2819/4364 3021/822/4364
f 3068/2854/4365 3136/2808/4365 3137/2844/4365
f 2826/828/4366 2844/744/4366 2817/743/4366
f 3137/2844/4367 3191/2820/4367 3194/747/4367
f 1341/2845/4368 1353/696/4368 1369/2875/4368
f 1321/2822/4369 1318/2827/4369 1335/2876/4369
f 1335/2876/4370 1318/2827/4370 1319/2828/4370
f 1335/2876/4371 1319/2828/4371 1339/2877/4371
f 1354/2878/4372 1334/2838/4372 1364/2864/4372
f 1346/2848/4373 1334/2838/4373 1354/2878/4373
f 1347/2855/4374 1325/2823/4374 1357/886/4374
f 1333/2839/4375 1315/2813/4375 1337/2879/4375
f 1337/2879/4376 1315/2813/4376 1338/2867/4376
f 3782/2880/4377 3786/2857/4377 3747/2856/4377
f 3869/772/4378 3849/2858/4378 3868/2833/4378
f 3796/852/4379 3798/2826/4379 3790/2870/4379
f 3891/2881/4380 3869/772/4380 3897/771/4380
f 3152/2861/4381 3133/2835/4381 3086/2882/4381
f 3086/2882/4382 3133/2835/4382 3075/2836/4382
f 3027/2874/4383 3017/2853/4383 2916/2883/4383
f 2916/2883/4384 3017/2853/4384 2913/2884/4384
f 3017/2853/4385 3010/2842/4385 2913/2884/4385
f 2913/2884/4386 3010/2842/4386 2914/2862/4386
f 2914/2862/4387 3003/821/4387 2920/2885/4387
f 3021/822/4388 3056/2837/4388 3068/2854/4388
f 2845/849/4389 2844/744/4389 2826/828/4389
f 1365/781/4390 1381/2863/4390 1377/782/4390
f 1351/2886/4391 1363/764/4391 1321/2822/4391
f 1351/2886/4392 1321/2822/4392 1335/2876/4392
f 1319/2828/4393 1320/2846/4393 1329/2847/4393
f 1339/2877/4394 1319/2828/4394 1329/2847/4394
f 1329/2847/4395 1330/2830/4395 1343/2887/4395
f 1336/2866/4396 1324/2831/4396 1333/2839/4396
f 1338/2867/4397 1326/2814/4397 1347/2855/4397
f 3409/784/4398 3449/676/4398 3414/727/4398
f 3747/2856/4399 3746/2825/4399 3776/2888/4399
f 3776/2888/4400 3746/2825/4400 3785/2868/4400
f 3803/2889/4401 3801/2840/4401 3849/2858/4401
f 3849/2858/4402 3869/772/4402 3851/2890/4402
f 3790/2870/4403 3795/683/4403 3786/2857/4403
f 3891/2881/4404 3897/771/4404 3929/2859/4404
f 3249/2891/4405 3217/2841/4405 3202/2892/4405
f 3202/2892/4406 3217/2841/4406 3152/2861/4406
f 2059/739/4407 2045/738/4407 2048/816/4407
f 2913/2884/4408 2914/2862/4408 2915/2893/4408
f 3068/2854/4409 3137/2844/4409 3090/2894/4409
f 3090/2894/4410 3137/2844/4410 3165/2895/4410
f 3137/2844/4411 3194/747/4411 3165/2895/4411
f 1369/2875/4412 1353/696/4412 1377/782/4412
f 3194/747/4413 3226/746/4413 3190/883/4413
f 1364/2864/4414 1341/2845/4414 1369/2875/4414
f 3190/883/4415 3226/746/4415 3221/881/4415
f 1351/2886/4416 1335/2876/4416 1356/2896/4416
f 1354/2878/4417 1357/886/4417 1346/2848/4417
f 1343/2887/4418 1330/2830/4418 1331/2849/4418
f 3482/831/4419 3484/761/4419 3476/833/4419
f 1331/2849/4420 1336/2866/4420 1355/2897/4420
f 3793/2850/4421 3792/2832/4421 3785/2868/4421
f 3785/2868/4422 3792/2832/4422 3789/2898/4422
f 3782/2880/4423 3747/2856/4423 3776/2888/4423
f 3786/2857/4424 3782/2880/4424 3781/2899/4424
f 2322/730/4425 2323/812/4425 2385/2872/4425
f 3929/2859/4426 3930/731/4426 3979/2851/4426
f 1838/705/4427 1835/802/4427 1839/788/4427
f 1848/775/4428 1844/840/4428 1840/732/4428
f 1883/774/4429 1900/805/4429 1886/733/4429
f 3086/2882/4430 3075/2836/4430 3055/2900/4430
f 3055/2900/4431 3075/2836/4431 3027/2874/4431
f 2919/2901/4432 3027/2874/4432 2916/2883/4432
f 2908/2902/4433 2913/2884/4433 2915/2893/4433
f 2915/2893/4434 2914/2862/4434 2920/2885/4434
f 2920/2885/4435 3003/821/4435 2980/823/4435
f 3021/822/4436 3068/2854/4436 3022/2903/4436
f 2817/743/4437 2809/742/4437 2799/826/4437
f 3057/2904/4438 3068/2854/4438 3090/2894/4438
f 2845/849/4439 2826/828/4439 2829/850/4439
f 3165/2895/4440 3194/747/4440 3190/883/4440
f 1356/2896/4441 1335/2876/4441 1339/2877/4441
f 1373/2905/4442 1389/765/4442 1363/764/4442
f 1373/2905/4443 1363/764/4443 1351/2886/4443
f 2288/830/4444 2286/716/4444 2287/767/4444
f 1340/2906/4445 1329/2847/4445 1343/2887/4445
f 1354/2878/4446 1364/2864/4446 1380/2907/4446
f 1347/2855/4447 1357/886/4447 1358/888/4447
f 1338/2867/4448 1347/2855/4448 1362/2908/4448
f 1336/2866/4449 1333/2839/4449 1348/2909/4449
f 3789/2898/4450 3792/2832/4450 3784/2869/4450
f 3784/2869/4451 3801/2840/4451 3803/2889/4451
f 3803/2889/4452 3849/2858/4452 3851/2890/4452
f 3790/2870/4453 3786/2857/4453 3780/2910/4453
f 3851/2890/4454 3869/772/4454 3863/869/4454
f 3856/2871/4455 3796/852/4455 3797/854/4455
f 2806/759/4456 2481/724/4456 2480/844/4456
f 2911/2911/4457 2916/2883/4457 2913/2884/4457
f 2911/2911/4458 2913/2884/4458 2908/2902/4458
f 71/2912/4459 115/2913/4459 77/2914/4459
f 2116/2915/4460 2115/2916/4460 2112/2917/4460
f 2119/2918/4461 2116/2915/4461 2112/2917/4461
f 2115/2916/4462 2117/2919/4462 2114/2920/4462
f 2112/2917/4463 2115/2916/4463 2114/2920/4463
f 2915/2893/4464 2920/2885/4464 2921/2921/4464
f 2799/826/4465 2777/780/4465 2764/848/4465
f 1380/2907/4466 1369/2875/4466 1377/782/4466
f 1380/2907/4467 1364/2864/4467 1369/2875/4467
f 1339/2877/4468 1329/2847/4468 1340/2906/4468
f 1343/2887/4469 1331/2849/4469 1355/2897/4469
f 1362/2908/4470 1347/2855/4470 1358/888/4470
f 974/2922/4471 992/2923/4471 975/2924/4471
f 1350/2925/4472 1338/2867/4472 1362/2908/4472
f 1349/2926/4473 1336/2866/4473 1348/2909/4473
f 1333/2839/4474 1337/2879/4474 1348/2909/4474
f 1348/2909/4475 1337/2879/4475 1350/2925/4475
f 1350/2925/4476 1337/2879/4476 1338/2867/4476
f 3781/2899/4477 3782/2880/4477 3779/983/4477
f 3780/2910/4478 3786/2857/4478 3781/2899/4478
f 3783/853/4479 3796/852/4479 3790/2870/4479
f 3872/870/4480 3869/772/4480 3891/2881/4480
f 4002/2873/4481 4023/2860/4481 4029/2927/4481
f 2048/816/4482 2003/790/4482 2031/922/4482
f 2482/758/4483 2477/906/4483 2479/843/4483
f 3055/2900/4484 3027/2874/4484 3016/2928/4484
f 3016/2928/4485 3027/2874/4485 2919/2901/4485
f 3284/53/4486 3286/859/4486 3280/49/4486
f 3280/49/4487 3286/859/4487 3291/2929/4487
f 3280/49/4488 3291/2929/4488 3299/2930/4488
f 3299/2930/4489 3291/2929/4489 3300/2931/4489
f 2909/2932/4490 2908/2902/4490 2907/2933/4490
f 71/2912/4491 77/2914/4491 43/2934/4491
f 58/2935/4492 71/2912/4492 43/2934/4492
f 3301/2936/4493 3280/49/4493 3299/2930/4493
f 2112/2917/4494 2114/2920/4494 2111/2937/4494
f 3299/2930/4495 3300/2931/4495 3315/2938/4495
f 2906/2939/4496 2907/2933/4496 2908/2902/4496
f 2906/2939/4497 2908/2902/4497 2915/2893/4497
f 2113/2940/4498 2119/2918/4498 2112/2917/4498
f 2113/2940/4499 2112/2917/4499 2106/2941/4499
f 2106/2941/4500 2112/2917/4500 2111/2937/4500
f 2106/2941/4501 2111/2937/4501 2105/2942/4501
f 2105/2942/4502 2111/2937/4502 2110/2943/4502
f 2105/2942/4503 2110/2943/4503 2109/2944/4503
f 2993/2945/4504 2906/2939/4504 2915/2893/4504
f 2103/860/4505 2113/2940/4505 2106/2941/4505
f 2103/860/4506 2106/2941/4506 2105/2942/4506
f 2103/860/4507 2105/2942/4507 2104/2946/4507
f 2105/2942/4508 2109/2944/4508 2104/2946/4508
f 2993/2945/4509 2915/2893/4509 2994/2947/4509
f 2994/2947/4510 2915/2893/4510 2921/2921/4510
f 2921/2921/4511 2920/2885/4511 2980/823/4511
f 3022/2903/4512 3068/2854/4512 3057/2904/4512
f 3087/2948/4513 3090/2894/4513 3165/2895/4513
f 1380/2907/4514 1377/782/4514 1387/2949/4514
f 3488/762/4515 3482/831/4515 3483/974/4515
f 3776/2888/4516 3785/2868/4516 3775/2950/4516
f 3775/2950/4517 3785/2868/4517 3789/2898/4517
f 3783/853/4518 3790/2870/4518 3780/2910/4518
f 2209/786/4519 2338/855/4519 2207/891/4519
f 3926/2951/4520 3929/2859/4520 3979/2851/4520
f 3926/2951/4521 3979/2851/4521 3980/941/4521
f 3980/941/4522 3979/2851/4522 4002/2873/4522
f 3980/941/4523 4002/2873/4523 4003/942/4523
f 4003/942/4524 4002/2873/4524 4029/2927/4524
f 3155/2952/4525 3202/2892/4525 3152/2861/4525
f 3134/2953/4526 3152/2861/4526 3072/2954/4526
f 3152/2861/4527 3086/2882/4527 3072/2954/4527
f 3086/2882/4528 3055/2900/4528 3072/2954/4528
f 2919/2901/4529 2916/2883/4529 2917/2955/4529
f 2917/2955/4530 2916/2883/4530 2911/2911/4530
f 2911/2911/4531 2908/2902/4531 2910/2956/4531
f 2910/2956/4532 2908/2902/4532 2909/2932/4532
f 3286/859/4533 3287/2957/4533 3288/2958/4533
f 3285/54/4534 3287/2957/4534 3286/859/4534
f 57/2959/4535 101/2960/4535 100/2961/4535
f 3291/2929/4536 3288/2958/4536 3292/2962/4536
f 57/2959/4537 100/2961/4537 58/2935/4537
f 3286/859/4538 3288/2958/4538 3291/2929/4538
f 3291/2929/4539 3292/2962/4539 3300/2931/4539
f 77/2914/4540 85/2963/4540 42/2964/4540
f 43/2934/4541 77/2914/4541 42/2964/4541
f 2108/862/4542 2113/2940/4542 2103/860/4542
f 85/2963/4543 90/2965/4543 41/2966/4543
f 42/2964/4544 85/2963/4544 41/2966/4544
f 2104/2946/4545 2109/2944/4545 2102/2967/4545
f 90/2965/4546 104/2968/4546 41/2966/4546
f 2103/860/4547 2104/2946/4547 2101/2969/4547
f 41/2966/4548 104/2968/4548 105/2970/4548
f 2107/861/4549 2103/860/4549 2098/2971/4549
f 2098/2971/4550 2103/860/4550 2101/2969/4550
f 41/2966/4551 105/2970/4551 37/2972/4551
f 2100/2973/4552 2107/861/4552 2098/2971/4552
f 2101/2969/4553 2104/2946/4553 2102/2967/4553
f 37/2972/4554 105/2970/4554 124/2974/4554
f 2099/2975/4555 2100/2973/4555 2098/2971/4555
f 2994/2947/4556 2921/2921/4556 3061/2976/4556
f 2980/823/4557 3021/822/4557 3022/2903/4557
f 3165/2895/4558 3190/883/4558 3162/2977/4558
f 2828/898/4559 2851/851/4559 2829/850/4559
f 3185/909/4560 3221/881/4560 3220/968/4560
f 1034/2978/4561 1049/2979/4561 982/2980/4561
f 1049/2979/4562 1003/2981/4562 982/2980/4562
f 985/2982/4563 986/2983/4563 976/2984/4563
f 970/2985/4564 988/2986/4564 974/2922/4564
f 1368/887/4565 1357/886/4565 1354/2878/4565
f 991/2987/4566 1004/2988/4566 1046/2989/4566
f 974/2922/4567 975/2924/4567 967/2990/4567
f 3782/2880/4568 3776/2888/4568 3772/984/4568
f 3926/2951/4569 3891/2881/4569 3929/2859/4569
f 2208/811/4570 2220/903/4570 2323/812/4570
f 1849/789/4571 1844/840/4571 1848/775/4571
f 3155/2952/4572 3152/2861/4572 3134/2953/4572
f 3287/2957/4573 3290/2991/4573 3289/2992/4573
f 3287/2957/4574 3289/2992/4574 3288/2958/4574
f 94/2993/4575 101/2960/4575 57/2959/4575
f 3288/2958/4576 3322/2994/4576 3292/2962/4576
f 57/2959/4577 58/2935/4577 43/2934/4577
f 2719/791/4578 2656/877/4578 2645/878/4578
f 37/2972/4579 124/2974/4579 48/2995/4579
f 2098/2971/4580 2101/2969/4580 2076/2996/4580
f 2101/2969/4581 2102/2967/4581 2076/2996/4581
f 2076/2996/4582 2102/2967/4582 2096/2997/4582
f 2099/2975/4583 2075/2998/4583 2118/2999/4583
f 2075/2998/4584 2099/2975/4584 2098/2971/4584
f 3061/2976/4585 2921/2921/4585 3062/3000/4585
f 2921/2921/4586 2980/823/4586 2974/3001/4586
f 2979/3002/4587 2980/823/4587 3022/2903/4587
f 3057/2904/4588 3090/2894/4588 3087/2948/4588
f 3087/2948/4589 3165/2895/4589 3162/2977/4589
f 982/2980/4590 1003/2981/4590 987/3003/4590
f 980/3004/4591 987/3003/4591 985/2982/4591
f 2288/830/4592 2334/829/4592 2394/3005/4592
f 986/2983/4593 988/2986/4593 970/2985/4593
f 3483/974/4594 3482/831/4594 3475/865/4594
f 970/2985/4595 974/2922/4595 969/3006/4595
f 967/2990/4596 975/2924/4596 978/3007/4596
f 3772/984/4597 3776/2888/4597 3765/3008/4597
f 3776/2888/4598 3775/2950/4598 3754/3009/4598
f 3775/2950/4599 3789/2898/4599 3787/46/4599
f 3787/46/4600 3789/2898/4600 3799/44/4600
f 3799/44/4601 3789/2898/4601 3788/45/4601
f 3789/2898/4602 3784/2869/4602 3788/45/4602
f 4019/964/4603 4003/942/4603 4029/2927/4603
f 2003/790/4604 1987/873/4604 2031/922/4604
f 3072/2954/4605 3055/2900/4605 3039/3010/4605
f 3039/3010/4606 3055/2900/4606 3016/2928/4606
f 106/3011/4607 94/2993/4607 44/3012/4607
f 3290/2991/4608 3293/3013/4608 3289/2992/4608
f 3320/3014/4609 3319/3015/4609 3322/2994/4609
f 2912/3016/4610 2911/2911/4610 2910/2956/4610
f 3289/2992/4611 3320/3014/4611 3288/2958/4611
f 3288/2958/4612 3320/3014/4612 3322/2994/4612
f 94/2993/4613 57/2959/4613 44/3012/4613
f 44/3012/4614 57/2959/4614 43/2934/4614
f 2098/2971/4615 2076/2996/4615 2075/2998/4615
f 2075/2998/4616 2076/2996/4616 2077/3017/4616
f 2077/3017/4617 2076/2996/4617 2096/2997/4617
f 2077/3017/4618 2096/2997/4618 2094/3018/4618
f 2078/3019/4619 2118/2999/4619 2075/2998/4619
f 2078/3019/4620 2075/2998/4620 2077/3017/4620
f 2979/3002/4621 3022/2903/4621 3057/2904/4621
f 3162/2977/4622 3190/883/4622 3187/882/4622
f 1388/3020/4623 1380/2907/4623 1387/2949/4623
f 980/3004/4624 985/2982/4624 976/2984/4624
f 2294/910/4625 2288/830/4625 2394/3005/4625
f 1386/3021/4626 1354/2878/4626 1380/2907/4626
f 969/3006/4627 974/2922/4627 942/3022/4627
f 942/3022/4628 974/2922/4628 967/2990/4628
f 989/3023/4629 1004/2988/4629 991/2987/4629
f 967/2990/4630 978/3007/4630 968/3024/4630
f 968/3024/4631 978/3007/4631 989/3023/4631
f 968/3024/4632 989/3023/4632 973/3025/4632
f 3775/2950/4633 3787/46/4633 3753/3026/4633
f 3753/3026/4634 3787/46/4634 3788/45/4634
f 3765/3008/4635 3776/2888/4635 3754/3009/4635
f 3779/983/4636 3782/2880/4636 3772/984/4636
f 3803/2889/4637 3851/2890/4637 3842/3027/4637
f 3852/3028/4638 3842/3027/4638 3851/2890/4638
f 3851/2890/4639 3863/869/4639 3852/3028/4639
f 3852/3028/4640 3863/869/4640 3871/934/4640
f 3872/870/4641 3891/2881/4641 3926/2951/4641
f 3016/2928/4642 2919/2901/4642 2922/3029/4642
f 2918/3030/4643 2919/2901/4643 2917/2955/4643
f 2918/3030/4644 2917/2955/4644 2911/2911/4644
f 3293/3013/4645 3309/924/4645 3294/926/4645
f 87/3031/4646 106/3011/4646 44/3012/4646
f 3293/3013/4647 3294/926/4647 3289/2992/4647
f 3289/2992/4648 3294/926/4648 3295/3032/4648
f 3289/2992/4649 3295/3032/4649 3320/3014/4649
f 33/3033/4650 43/2934/4650 42/2964/4650
f 42/2964/4651 41/2966/4651 33/3033/4651
f 33/3033/4652 41/2966/4652 37/2972/4652
f 81/3034/4653 82/3035/4653 39/3036/4653
f 48/2995/4654 81/3034/4654 39/3036/4654
f 2078/3019/4655 2077/3017/4655 2079/3037/4655
f 2079/3037/4656 2077/3017/4656 2094/3018/4656
f 39/3036/4657 82/3035/4657 83/3038/4657
f 2078/3019/4658 2079/3037/4658 2080/3039/4658
f 2921/2921/4659 2974/3001/4659 2981/3040/4659
f 3062/3000/4660 2921/2921/4660 2981/3040/4660
f 2974/3001/4661 2980/823/4661 2979/3002/4661
f 3057/2904/4662 3087/2948/4662 3070/3041/4662
f 982/2980/4663 987/3003/4663 980/3004/4663
f 976/2984/4664 986/2983/4664 970/2985/4664
f 1382/3042/4665 1354/2878/4665 1386/3021/4665
f 1368/887/4666 1354/2878/4666 1382/3042/4666
f 973/3025/4667 989/3023/4667 991/2987/4667
f 3397/911/4668 3410/768/4668 3394/913/4668
f 3754/3009/4669 3775/2950/4669 3753/3026/4669
f 3788/45/4670 3784/2869/4670 3753/3026/4670
f 3784/2869/4671 3803/2889/4671 3802/1091/4671
f 3773/982/4672 3781/2899/4672 3779/983/4672
f 3773/982/4673 3780/2910/4673 3781/2899/4673
f 3797/854/4674 3783/853/4674 3777/985/4674
f 3896/3043/4675 3872/870/4675 3926/2951/4675
f 3066/3044/4676 3155/2952/4676 3134/2953/4676
f 3000/3045/4677 3039/3010/4677 3016/2928/4677
f 3000/3045/4678 3016/2928/4678 2922/3029/4678
f 2922/3029/4679 2919/2901/4679 2918/3030/4679
f 118/3046/4680 119/3047/4680 35/3048/4680
f 2926/3049/4681 2911/2911/4681 2912/3016/4681
f 35/3048/4682 119/3047/4682 87/3031/4682
f 35/3048/4683 87/3031/4683 32/3050/4683
f 32/3050/4684 87/3031/4684 44/3012/4684
f 44/3012/4685 43/2934/4685 33/3033/4685
f 2081/3051/4686 2080/3039/4686 2079/3037/4686
f 2079/3037/4687 2094/3018/4687 2095/3052/4687
f 2972/3053/4688 2974/3001/4688 2973/3054/4688
f 2979/3002/4689 3057/2904/4689 3013/3055/4689
f 3087/2948/4690 3162/2977/4690 3070/3041/4690
f 984/3056/4691 1034/2978/4691 982/2980/4691
f 3753/3026/4692 3784/2869/4692 3756/3057/4692
f 3756/3057/4693 3784/2869/4693 3802/1091/4693
f 3883/987/4694 3797/854/4694 3777/985/4694
f 3871/934/4695 3872/870/4695 3896/3043/4695
f 4019/964/4696 4029/2927/4696 4033/3058/4696
f 3202/2892/4697 3155/2952/4697 3130/1081/4697
f 3066/3044/4698 3134/2953/4698 3072/2954/4698
f 3066/3044/4699 3072/2954/4699 3039/3010/4699
f 2918/3030/4700 2911/2911/4700 2926/3049/4700
f 117/3059/4701 118/3046/4701 35/3048/4701
f 3308/925/4702 3307/3060/4702 3294/926/4702
f 3295/3032/4703 3318/995/4703 3319/3015/4703
f 3320/3014/4704 3295/3032/4704 3319/3015/4704
f 32/3050/4705 44/3012/4705 33/3033/4705
f 37/2972/4706 48/2995/4706 39/3036/4706
f 39/3036/4707 83/3038/4707 45/3061/4707
f 83/3038/4708 99/3062/4708 45/3061/4708
f 2081/3051/4709 2079/3037/4709 2082/3063/4709
f 2081/3051/4710 2082/3063/4710 2083/3064/4710
f 2981/3040/4711 2974/3001/4711 2982/3065/4711
f 2973/3054/4712 2974/3001/4712 2979/3002/4712
f 3013/3055/4713 3057/2904/4713 3070/3041/4713
f 3144/955/4714 3070/3041/4714 3162/2977/4714
f 3162/2977/4715 3187/882/4715 3144/955/4715
f 1386/3021/4716 1380/2907/4716 1388/3020/4716
f 1077/972/4717 1034/2978/4717 1044/970/4717
f 1044/970/4718 1034/2978/4718 984/3056/4718
f 1027/3066/4719 1046/2989/4719 1047/1006/4719
f 993/3067/4720 991/2987/4720 1046/2989/4720
f 967/2990/4721 968/3024/4721 939/3068/4721
f 960/3069/4722 968/3024/4722 973/3025/4722
f 3803/2889/4723 3842/3027/4723 3822/3070/4723
f 3783/853/4724 3780/2910/4724 3774/3071/4724
f 3774/3071/4725 3780/2910/4725 3773/982/4725
f 3777/985/4726 3783/853/4726 3774/3071/4726
f 3926/2951/4727 3980/941/4727 3943/3072/4727
f 3130/1081/4728 3155/2952/4728 3127/1082/4728
f 3127/1082/4729 3155/2952/4729 3066/3044/4729
f 2473/874/4730 2470/1044/4730 2472/875/4730
f 2925/3073/4731 2918/3030/4731 2926/3049/4731
f 61/3074/4732 117/3059/4732 35/3048/4732
f 3307/3060/4733 3298/3075/4733 3294/926/4733
f 3294/926/4734 3296/998/4734 3295/3032/4734
f 3295/3032/4735 3296/998/4735 3318/995/4735
f 2082/3063/4736 2079/3037/4736 2095/3052/4736
f 45/3061/4737 99/3062/4737 108/3076/4737
f 2974/3001/4738 2972/3053/4738 2984/3077/4738
f 2982/3065/4739 2974/3001/4739 2984/3077/4739
f 2846/908/4740 2828/898/4740 2818/1003/4740
f 984/3056/4741 982/2980/4741 882/3078/4741
f 882/3078/4742 982/2980/4742 980/3004/4742
f 882/3078/4743 980/3004/4743 981/3079/4743
f 993/3067/4744 1046/2989/4744 1027/3066/4744
f 942/3022/4745 967/2990/4745 908/3080/4745
f 973/3025/4746 991/2987/4746 983/3081/4746
f 908/3080/4747 967/2990/4747 939/3068/4747
f 3753/3026/4748 3756/3057/4748 3749/1109/4748
f 3764/3082/4749 3772/984/4749 3765/3008/4749
f 3822/3070/4750 3842/3027/4750 3852/3028/4750
f 3943/3072/4751 3980/941/4751 3994/943/4751
f 2472/875/4752 2470/1044/4752 2467/1027/4752
f 3305/993/4753 3312/992/4753 3298/3075/4753
f 112/3083/4754 117/3059/4754 61/3074/4754
f 3312/992/4755 3297/994/4755 3298/3075/4755
f 3298/3075/4756 3297/994/4756 3294/926/4756
f 3294/926/4757 3297/994/4757 3296/998/4757
f 45/3061/4758 108/3076/4758 103/3084/4758
f 2083/3064/4759 2082/3063/4759 2084/3085/4759
f 2085/3086/4760 2083/3064/4760 2084/3085/4760
f 2084/3085/4761 2082/3063/4761 2086/3087/4761
f 3043/3088/4762 3013/3055/4762 3070/3041/4762
f 981/3079/4763 980/3004/4763 979/3089/4763
f 980/3004/4764 976/2984/4764 979/3089/4764
f 963/3090/4765 976/2984/4765 970/2985/4765
f 941/3091/4766 969/3006/4766 942/3022/4766
f 1027/3066/4767 1047/1006/4767 1039/1005/4767
f 3478/973/4768 3397/911/4768 3395/1052/4768
f 939/3068/4769 968/3024/4769 960/3069/4769
f 3752/3092/4770 3765/3008/4770 3754/3009/4770
f 3802/1091/4771 3803/2889/4771 3822/3070/4771
f 3844/3093/4772 3852/3028/4772 3871/934/4772
f 3914/3094/4773 3896/3043/4773 3926/2951/4773
f 3914/3094/4774 3926/2951/4774 3943/3072/4774
f 3994/943/4775 4019/964/4775 4020/3095/4775
f 3066/3044/4776 3039/3010/4776 3032/3096/4776
f 31/3097/4777 112/3083/4777 61/3074/4777
f 31/3097/4778 61/3074/4778 35/3048/4778
f 38/3098/4779 37/2972/4779 39/3036/4779
f 3185/909/4780 3219/969/4780 3172/1050/4780
f 1044/970/4781 984/3056/4781 903/3099/4781
f 979/3089/4782 976/2984/4782 963/3090/4782
f 970/2985/4783 969/3006/4783 941/3091/4783
f 983/3081/4784 991/2987/4784 993/3067/4784
f 3752/3092/4785 3754/3009/4785 3753/3026/4785
f 3773/982/4786 3772/984/4786 3764/3082/4786
f 3777/985/4787 3774/3071/4787 3769/1138/4787
f 1873/962/4788 1888/988/4788 1864/916/4788
f 4020/3095/4789 4019/964/4789 4033/3058/4789
f 3032/3096/4790 3039/3010/4790 3000/3045/4790
f 3305/993/4791 3302/1017/4791 3297/994/4791
f 111/3100/4792 112/3083/4792 31/3097/4792
f 3324/997/4793 3321/996/4793 3323/1030/4793
f 37/2972/4794 38/3098/4794 36/3101/4794
f 2972/3053/4795 2973/3054/4795 2967/3102/4795
f 2967/3102/4796 2973/3054/4796 2979/3002/4796
f 3043/3088/4797 3070/3041/4797 3074/1130/4797
f 3074/1130/4798 3070/3041/4798 3144/955/4798
f 3074/1130/4799 3144/955/4799 3116/1131/4799
f 3116/1131/4800 3144/955/4800 3185/909/4800
f 3116/1131/4801 3185/909/4801 3172/1050/4801
f 2833/1047/4802 2854/3103/4802 2846/908/4802
f 882/3078/4803 903/3099/4803 984/3056/4803
f 990/971/4804 1044/970/4804 903/3099/4804
f 963/3090/4805 970/2985/4805 941/3091/4805
f 1050/1004/4806 1076/1033/4806 1075/1048/4806
f 894/3104/4807 941/3091/4807 942/3022/4807
f 894/3104/4808 942/3022/4808 908/3080/4808
f 960/3069/4809 973/3025/4809 964/3105/4809
f 964/3105/4810 973/3025/4810 983/3081/4810
f 3764/3082/4811 3765/3008/4811 3752/3092/4811
f 3752/3092/4812 3753/3026/4812 3749/1109/4812
f 3766/3106/4813 3773/982/4813 3764/3082/4813
f 3822/3070/4814 3852/3028/4814 3844/3093/4814
f 3769/1138/4815 3774/3071/4815 3773/982/4815
f 3778/986/4816 3777/985/4816 3769/1138/4816
f 2150/950/4817 2333/1020/4817 2177/1077/4817
f 3892/3107/4818 3871/934/4818 3896/3043/4818
f 3892/3107/4819 3896/3043/4819 3914/3094/4819
f 69/3108/4820 111/3100/4820 31/3097/4820
f 3296/998/4821 3303/1046/4821 3323/1030/4821
f 30/3109/4822 35/3048/4822 32/3050/4822
f 30/3109/4823 32/3050/4823 33/3033/4823
f 36/3101/4824 33/3033/4824 37/2972/4824
f 45/3061/4825 103/3084/4825 46/3110/4825
f 127/3111/4826 103/3084/4826 108/3076/4826
f 2089/3112/4827 2085/3086/4827 2087/3113/4827
f 2087/3113/4828 2085/3086/4828 2084/3085/4828
f 2087/3113/4829 2084/3085/4829 2086/3087/4829
f 2985/3114/4830 2984/3077/4830 2972/3053/4830
f 2853/1102/4831 2854/3103/4831 2833/1047/4831
f 1039/1005/4832 1050/1004/4832 1075/1048/4832
f 940/3115/4833 960/3069/4833 964/3105/4833
f 3748/3116/4834 3752/3092/4834 3749/1109/4834
f 3751/1110/4835 3749/1109/4835 3756/3057/4835
f 3771/1140/4836 3778/986/4836 3769/1138/4836
f 3885/3117/4837 3871/934/4837 3892/3107/4837
f 3965/3118/4838 3943/3072/4838 3994/943/4838
f 3127/1082/4839 3066/3044/4839 3063/3119/4839
f 3000/3045/4840 2922/3029/4840 2923/3120/4840
f 2923/3120/4841 2922/3029/4841 2918/3030/4841
f 3302/1017/4842 3310/3121/4842 3304/1055/4842
f 120/3122/4843 111/3100/4843 69/3108/4843
f 3302/1017/4844 3304/1055/4844 3303/1046/4844
f 3325/1097/4845 3324/997/4845 3323/1030/4845
f 69/3108/4846 31/3097/4846 29/3123/4846
f 2087/3113/4847 2086/3087/4847 2088/3124/4847
f 2967/3102/4848 2979/3002/4848 2966/3125/4848
f 2979/3002/4849 3013/3055/4849 2966/3125/4849
f 882/3078/4850 981/3079/4850 879/3126/4850
f 879/3126/4851 981/3079/4851 979/3089/4851
f 979/3089/4852 963/3090/4852 896/3127/4852
f 3399/914/4853 3402/1014/4853 3384/1075/4853
f 3751/1110/4854 3756/3057/4854 3757/3128/4854
f 3757/3128/4855 3756/3057/4855 3802/1091/4855
f 3769/1138/4856 3773/982/4856 3766/3106/4856
f 3844/3093/4857 3871/934/4857 3885/3117/4857
f 4001/3129/4858 3994/943/4858 4020/3095/4858
f 3063/3119/4859 3066/3044/4859 3032/3096/4859
f 3032/3096/4860 3000/3045/4860 2999/3130/4860
f 2924/3131/4861 2923/3120/4861 2918/3030/4861
f 2924/3131/4862 2918/3030/4862 2925/3073/4862
f 3310/3121/4863 3306/1056/4863 3304/1055/4863
f 3303/1046/4864 3325/1097/4864 3323/1030/4864
f 29/3123/4865 31/3097/4865 30/3109/4865
f 30/3109/4866 31/3097/4866 35/3048/4866
f 40/3132/4867 39/3036/4867 45/3061/4867
f 46/3110/4868 103/3084/4868 127/3111/4868
f 2089/3112/4869 2087/3113/4869 2090/3133/4869
f 2090/3133/4870 2087/3113/4870 2088/3124/4870
f 3013/3055/4871 3043/3088/4871 2958/1204/4871
f 879/3126/4872 979/3089/4872 896/3127/4872
f 896/3127/4873 963/3090/4873 895/3134/4873
f 895/3134/4874 963/3090/4874 941/3091/4874
f 895/3134/4875 941/3091/4875 891/3135/4875
f 891/3135/4876 941/3091/4876 894/3104/4876
f 983/3081/4877 993/3067/4877 971/3136/4877
f 908/3080/4878 939/3068/4878 899/3137/4878
f 898/3138/4879 908/3080/4879 899/3137/4879
f 899/3137/4880 939/3068/4880 960/3069/4880
f 3757/3128/4881 3802/1091/4881 3804/1090/4881
f 3802/1091/4882 3822/3070/4882 3819/1092/4882
f 3822/3070/4883 3844/3093/4883 3819/1092/4883
f 1898/1062/4884 1893/1021/4884 1888/988/4884
f 3914/3094/4885 3943/3072/4885 3965/3118/4885
f 3965/3118/4886 3994/943/4886 4001/3129/4886
f 3129/1083/4887 3127/1082/4887 3063/3119/4887
f 3019/3139/4888 2924/3131/4888 2925/3073/4888
f 3310/3121/4889 3311/1124/4889 3306/1056/4889
f 97/3140/4890 120/3122/4890 69/3108/4890
f 40/3132/4891 45/3061/4891 46/3110/4891
f 2091/3141/4892 2089/3112/4892 2090/3133/4892
f 2972/3053/4893 2967/3102/4893 2971/3142/4893
f 2832/1101/4894 2833/1047/4894 2818/1003/4894
f 977/3143/4895 990/971/4895 903/3099/4895
f 903/3099/4896 882/3078/4896 842/3144/4896
f 842/3144/4897 882/3078/4897 816/3145/4897
f 882/3078/4898 879/3126/4898 816/3145/4898
f 1075/1048/4899 1083/1032/4899 1053/3146/4899
f 1039/1005/4900 1075/1048/4900 1053/3146/4900
f 971/3136/4901 993/3067/4901 1027/3066/4901
f 894/3104/4902 908/3080/4902 883/3147/4902
f 964/3105/4903 983/3081/4903 971/3136/4903
f 899/3137/4904 960/3069/4904 940/3115/4904
f 3914/3094/4905 3965/3118/4905 3935/3148/4905
f 1887/1016/4906 1911/1080/4906 1889/1063/4906
f 4001/3129/4907 4020/3095/4907 4033/3058/4907
f 2999/3130/4908 3000/3045/4908 2923/3120/4908
f 79/3149/4909 97/3140/4909 69/3108/4909
f 79/3149/4910 69/3108/4910 29/3123/4910
f 34/3150/4911 30/3109/4911 33/3033/4911
f 34/3150/4912 33/3033/4912 36/3101/4912
f 2617/1128/4913 2618/999/4913 2627/1018/4913
f 38/3098/4914 39/3036/4914 40/3132/4914
f 2123/3151/4915 2089/3112/4915 2091/3141/4915
f 2985/3114/4916 2972/3053/4916 2971/3142/4916
f 2966/3125/4917 3013/3055/4917 2958/1204/4917
f 3064/1202/4918 3043/3088/4918 3074/1130/4918
f 3064/1202/4919 3074/1130/4919 3092/1132/4919
f 3115/3152/4920 3116/1131/4920 3172/1050/4920
f 1053/3146/4921 1083/1032/4921 1072/3153/4921
f 977/3143/4922 903/3099/4922 893/3154/4922
f 893/3154/4923 903/3099/4923 842/3144/4923
f 879/3126/4924 896/3127/4924 813/3155/4924
f 883/3147/4925 908/3080/4925 884/3156/4925
f 3748/3116/4926 3749/1109/4926 3750/1111/4926
f 3762/3157/4927 3764/3082/4927 3752/3092/4927
f 3762/3157/4928 3766/3106/4928 3764/3082/4928
f 3769/1138/4929 3766/3106/4929 3767/1139/4929
f 3841/3158/4930 3819/1092/4930 3844/3093/4930
f 3771/1140/4931 3769/1138/4931 3770/1137/4931
f 3778/986/4932 3771/1140/4932 3814/1142/4932
f 3063/3119/4933 3032/3096/4933 3026/3159/4933
f 2924/3131/4934 3019/3139/4934 3018/3160/4934
f 28/3161/4935 29/3123/4935 30/3109/4935
f 40/3132/4936 46/3110/4936 47/3162/4936
f 2123/3151/4937 2091/3141/4937 2122/3163/4937
f 2090/3133/4938 2088/3124/4938 2093/3164/4938
f 2093/3164/4939 2088/3124/4939 2120/3165/4939
f 2958/1204/4940 3043/3088/4940 3064/1202/4940
f 810/3166/4941 816/3145/4941 879/3126/4941
f 813/3155/4942 896/3127/4942 895/3134/4942
f 971/3136/4943 1027/3066/4943 965/3167/4943
f 965/3167/4944 1027/3066/4944 1039/1005/4944
f 884/3156/4945 908/3080/4945 898/3138/4945
f 3762/3157/4946 3752/3092/4946 3755/3168/4946
f 3755/3168/4947 3752/3092/4947 3748/3116/4947
f 3767/1139/4948 3766/3106/4948 3762/3157/4948
f 3841/3158/4949 3844/3093/4949 3885/3117/4949
f 3841/3158/4950 3885/3117/4950 3886/3169/4950
f 3886/3169/4951 3885/3117/4951 3892/3107/4951
f 3911/3170/4952 3892/3107/4952 3914/3094/4952
f 4001/3129/4953 4033/3058/4953 4034/3171/4953
f 4027/3172/4954 4001/3129/4954 4034/3171/4954
f 3026/3159/4955 3032/3096/4955 2999/3130/4955
f 59/3173/4956 79/3149/4956 29/3123/4956
f 2122/3163/4957 2091/3141/4957 2097/3174/4957
f 2097/3174/4958 2091/3141/4958 2092/3175/4958
f 2091/3141/4959 2090/3133/4959 2092/3175/4959
f 2092/3175/4960 2090/3133/4960 2093/3164/4960
f 3115/3152/4961 3172/1050/4961 3171/1133/4961
f 2850/1103/4962 2833/1047/4962 2832/1101/4962
f 879/3126/4963 813/3155/4963 810/3166/4963
f 813/3155/4964 895/3134/4964 891/3135/4964
f 812/3176/4965 891/3135/4965 894/3104/4965
f 943/3177/4966 971/3136/4966 965/3167/4966
f 964/3105/4967 971/3136/4967 943/3177/4967
f 899/3137/4968 940/3115/4968 897/3178/4968
f 940/3115/4969 964/3105/4969 904/3179/4969
f 3818/3180/4970 3804/1090/4970 3819/1092/4970
f 3791/1141/4971 3771/1140/4971 3770/1137/4971
f 3892/3107/4972 3911/3170/4972 3886/3169/4972
f 3911/3170/4973 3914/3094/4973 3935/3148/4973
f 3129/1083/4974 3131/3181/4974 3130/1081/4974
f 2890/1122/4975 2884/1157/4975 2889/1123/4975
f 91/3182/4976 79/3149/4976 59/3173/4976
f 59/3173/4977 29/3123/4977 27/3183/4977
f 27/3183/4978 29/3123/4978 28/3161/4978
f 2092/3175/4979 2093/3164/4979 2120/3165/4979
f 2971/3142/4980 2967/3102/4980 2965/3184/4980
f 2965/3184/4981 2967/3102/4981 2966/3125/4981
f 3092/1132/4982 3116/1131/4982 3115/3152/4982
f 813/3155/4983 891/3135/4983 812/3176/4983
f 1025/3185/4984 1039/1005/4984 1053/3146/4984
f 812/3176/4985 894/3104/4985 883/3147/4985
f 1025/3185/4986 965/3167/4986 1039/1005/4986
f 897/3178/4987 940/3115/4987 904/3179/4987
f 904/3179/4988 964/3105/4988 943/3177/4988
f 898/3138/4989 899/3137/4989 885/3186/4989
f 885/3186/4990 899/3137/4990 897/3178/4990
f 3757/3128/4991 3804/1090/4991 3818/3180/4991
f 3818/3180/4992 3819/1092/4992 3841/3158/4992
f 3935/3148/4993 3965/3118/4993 3992/3187/4993
f 3992/3187/4994 3965/3118/4994 4001/3129/4994
f 2928/3188/4995 2999/3130/4995 2923/3120/4995
f 2927/3189/4996 2923/3120/4996 2924/3131/4996
f 2924/3131/4997 3018/3160/4997 2888/1187/4997
f 49/3190/4998 40/3132/4998 47/3162/4998
f 2125/3191/4999 2122/3163/4999 2097/3174/4999
f 3012/3192/5000 3206/3193/5000 2971/3142/5000
f 2965/3184/5001 2966/3125/5001 2958/1204/5001
f 884/3156/5002 898/3138/5002 855/3194/5002
f 898/3138/5003 885/3186/5003 855/3194/5003
f 3758/3195/5004 3751/1110/5004 3757/3128/5004
f 3820/3196/5005 3818/3180/5005 3841/3158/5005
f 3866/3197/5006 3814/1142/5006 3791/1141/5006
f 1922/1114/5007 1923/1113/5007 1939/1172/5007
f 3026/3159/5008 2999/3130/5008 2928/3188/5008
f 2927/3189/5009 2924/3131/5009 2888/1187/5009
f 28/3161/5010 30/3109/5010 34/3150/5010
f 36/3101/5011 38/3098/5011 10/1296/5011
f 2324/1176/5012 2296/1051/5012 2363/1072/5012
f 962/3198/5013 977/3143/5013 893/3154/5013
f 842/3144/5014 816/3145/5014 806/3199/5014
f 813/3155/5015 812/3176/5015 809/3200/5015
f 3750/1111/5016 3751/1110/5016 3758/3195/5016
f 3805/3201/5017 3757/3128/5017 3818/3180/5017
f 3768/3202/5018 3767/1139/5018 3762/3157/5018
f 3770/1137/5019 3767/1139/5019 3768/3202/5019
f 3893/3203/5020 3841/3158/5020 3886/3169/5020
f 3992/3187/5021 4001/3129/5021 4027/3172/5021
f 3129/1083/5022 3063/3119/5022 3067/3204/5022
f 2885/1158/5023 2882/1188/5023 2887/1185/5023
f 38/3098/5024 40/3132/5024 10/1296/5024
f 47/3162/5025 73/3205/5025 50/3206/5025
f 2097/3174/5026 2092/3175/5026 2121/3207/5026
f 2121/3207/5027 2092/3175/5027 2124/3208/5027
f 2964/3209/5028 2971/3142/5028 2965/3184/5028
f 3064/1202/5029 3092/1132/5029 3083/1269/5029
f 3083/1269/5030 3092/1132/5030 3115/3152/5030
f 841/3210/5031 842/3144/5031 806/3199/5031
f 816/3145/5032 810/3166/5032 806/3199/5032
f 806/3199/5033 810/3166/5033 805/3211/5033
f 810/3166/5034 813/3155/5034 809/3200/5034
f 1053/3146/5035 1072/3153/5035 1063/3212/5035
f 1048/3213/5036 1025/3185/5036 1053/3146/5036
f 966/3214/5037 1025/3185/5037 1048/3213/5037
f 812/3176/5038 883/3147/5038 814/3215/5038
f 965/3167/5039 1025/3185/5039 966/3214/5039
f 883/3147/5040 884/3156/5040 814/3215/5040
f 814/3215/5041 884/3156/5041 815/42/5041
f 3791/1141/5042 3770/1137/5042 3800/3216/5042
f 3843/3217/5043 3841/3158/5043 3893/3203/5043
f 2928/3188/5044 2923/3120/5044 2927/3189/5044
f 2886/1186/5045 2927/3189/5045 2888/1187/5045
f 10/1296/5046 40/3132/5046 16/3218/5046
f 16/3218/5047 40/3132/5047 49/3190/5047
f 49/3190/5048 47/3162/5048 50/3206/5048
f 50/3206/5049 73/3205/5049 75/3219/5049
f 2964/3209/5050 3012/3192/5050 2971/3142/5050
f 3115/3152/5051 3171/1133/5051 3170/3220/5051
f 805/3211/5052 810/3166/5052 809/3200/5052
f 3486/1206/5053 3487/1163/5053 3386/1087/5053
f 1048/3213/5054 1053/3146/5054 1063/3212/5054
f 3386/1087/5055 3379/1105/5055 3380/1205/5055
f 3379/1105/5056 3378/1151/5056 3376/1232/5056
f 815/42/5057 884/3156/5057 855/3194/5057
f 855/3194/5058 885/3186/5058 878/3221/5058
f 878/3221/5059 885/3186/5059 897/3178/5059
f 3763/3222/5060 3755/3168/5060 3761/3223/5060
f 3748/3116/5061 3750/1111/5061 3759/3224/5061
f 3750/1111/5062 3758/3195/5062 3759/3224/5062
f 3763/3222/5063 3762/3157/5063 3755/3168/5063
f 3768/3202/5064 3762/3157/5064 3763/3222/5064
f 3808/3225/5065 3791/1141/5065 3800/3216/5065
f 3893/3203/5066 3886/3169/5066 3911/3170/5066
f 3893/3203/5067 3911/3170/5067 3915/3226/5067
f 3964/3227/5068 3935/3148/5068 3992/3187/5068
f 4037/3228/5069 4027/3172/5069 4034/3171/5069
f 3131/3181/5070 3129/1083/5070 3125/3229/5070
f 3125/3229/5071 3129/1083/5071 3067/3204/5071
f 3067/3204/5072 3063/3119/5072 3026/3159/5072
f 2929/3230/5073 2927/3189/5073 2886/1186/5073
f 54/3231/5074 91/3182/5074 59/3173/5074
f 8/1298/5075 36/3101/5075 10/1296/5075
f 12/3232/5076 10/1296/5076 16/3218/5076
f 73/3205/5077 140/3233/5077 75/3219/5077
f 75/3219/5078 140/3233/5078 141/3234/5078
f 2127/3235/5079 2097/3174/5079 2121/3207/5079
f 2959/1203/5080 3064/1202/5080 3083/1269/5080
f 3083/1269/5081 3115/3152/5081 3100/3236/5081
f 3100/3236/5082 3115/3152/5082 3170/3220/5082
f 893/3154/5083 842/3144/5083 841/3210/5083
f 2239/1207/5084 2241/1167/5084 2324/1176/5084
f 812/3176/5085 814/3215/5085 803/3237/5085
f 3376/1232/5086 3378/1151/5086 3375/1217/5086
f 909/3238/5087 904/3179/5087 943/3177/5087
f 826/3239/5088 815/42/5088 855/3194/5088
f 878/3221/5089 897/3178/5089 876/3240/5089
f 876/3240/5090 897/3178/5090 904/3179/5090
f 3375/1217/5091 3378/1151/5091 3377/1152/5091
f 3755/3168/5092 3760/3241/5092 3761/3223/5092
f 3755/3168/5093 3748/3116/5093 3760/3241/5093
f 3760/3241/5094 3748/3116/5094 3759/3224/5094
f 3805/3201/5095 3758/3195/5095 3757/3128/5095
f 3770/1137/5096 3768/3202/5096 3800/3216/5096
f 3820/3196/5097 3841/3158/5097 3843/3217/5097
f 3866/3197/5098 3791/1141/5098 3808/3225/5098
f 3915/3226/5099 3911/3170/5099 3935/3148/5099
f 3915/3226/5100 3935/3148/5100 3964/3227/5100
f 1810/1256/5101 1937/1153/5101 1812/1182/5101
f 2881/1238/5102 2882/1188/5102 2884/1157/5102
f 78/3242/5103 91/3182/5103 54/3231/5103
f 54/3231/5104 59/3173/5104 27/3183/5104
f 16/3218/5105 49/3190/5105 50/3206/5105
f 3269/3243/5106 3268/3244/5106 3192/3245/5106
f 2121/3207/5107 2124/3208/5107 2126/3246/5107
f 3011/3247/5108 3012/3192/5108 2964/3209/5108
f 2798/1190/5109 2797/1162/5109 2784/1230/5109
f 2843/1287/5110 2850/1103/5110 2824/1191/5110
f 962/3198/5111 893/3154/5111 892/3248/5111
f 809/3200/5112 812/3176/5112 803/3237/5112
f 803/3237/5113 814/3215/5113 807/41/5113
f 938/1314/5114 943/3177/5114 965/3167/5114
f 814/3215/5115 815/42/5115 807/41/5115
f 808/39/5116 815/42/5116 826/3239/5116
f 876/3240/5117 904/3179/5117 877/3249/5117
f 3805/3201/5118 3818/3180/5118 3820/3196/5118
f 3964/3227/5119 3992/3187/5119 4012/3250/5119
f 3992/3187/5120 4027/3172/5120 4012/3250/5120
f 4012/3250/5121 4027/3172/5121 4037/3228/5121
f 3067/3204/5122 3026/3159/5122 3038/3251/5122
f 2929/3230/5123 2928/3188/5123 2927/3189/5123
f 2929/3230/5124 2886/1186/5124 2883/1237/5124
f 34/3150/5125 36/3101/5125 8/1298/5125
f 3192/3245/5126 3268/3244/5126 3011/3247/5126
f 3081/1271/5127 2959/1203/5127 3083/1269/5127
f 892/3248/5128 893/3154/5128 841/3210/5128
f 823/3252/5129 841/3210/5129 806/3199/5129
f 909/3238/5130 943/3177/5130 938/1314/5130
f 855/3194/5131 878/3221/5131 854/3253/5131
f 854/3253/5132 878/3221/5132 876/3240/5132
f 877/3249/5133 904/3179/5133 909/3238/5133
f 3820/3196/5134 3843/3217/5134 3850/3254/5134
f 3188/3255/5135 3131/3181/5135 3125/3229/5135
f 27/3183/5136 28/3161/5136 24/3256/5136
f 12/3232/5137 16/3218/5137 11/3257/5137
f 2964/3209/5138 2965/3184/5138 2958/1204/5138
f 823/3252/5139 806/3199/5139 801/3258/5139
f 805/3211/5140 809/3200/5140 804/3259/5140
f 804/3259/5141 809/3200/5141 803/3237/5141
f 961/3260/5142 965/3167/5142 966/3214/5142
f 826/3239/5143 855/3194/5143 811/3261/5143
f 811/3261/5144 855/3194/5144 854/3253/5144
f 3812/3262/5145 3758/3195/5145 3805/3201/5145
f 3813/3263/5146 3805/3201/5146 3823/3264/5146
f 3843/3217/5147 3893/3203/5147 3850/3254/5147
f 3817/3265/5148 3866/3197/5148 3808/3225/5148
f 3915/3226/5149 3964/3227/5149 3951/3266/5149
f 3026/3159/5150 2928/3188/5150 3009/3267/5150
f 3009/3267/5151 2928/3188/5151 2930/3268/5151
f 2930/3268/5152 2928/3188/5152 2929/3230/5152
f 2874/1243/5153 2879/1199/5153 2881/1238/5153
f 64/3269/5154 78/3242/5154 54/3231/5154
f 75/3219/5155 141/3234/5155 139/3270/5155
f 116/3271/5156 75/3219/5156 139/3270/5156
f 3265/3272/5157 3269/3243/5157 3192/3245/5157
f 3011/3247/5158 2964/3209/5158 2976/3273/5158
f 2812/1286/5159 2824/1191/5159 2798/1190/5159
f 3100/3236/5160 3170/3220/5160 3161/3274/5160
f 801/3258/5161 806/3199/5161 805/3211/5161
f 803/3237/5162 807/41/5162 785/3275/5162
f 938/1314/5163 965/3167/5163 961/3260/5163
f 789/40/5164 808/39/5164 826/3239/5164
f 3761/3223/5165 3760/3241/5165 3807/3276/5165
f 3807/3276/5166 3760/3241/5166 3806/3277/5166
f 3806/3277/5167 3760/3241/5167 3759/3224/5167
f 3812/3262/5168 3759/3224/5168 3758/3195/5168
f 3812/3262/5169 3805/3201/5169 3813/3263/5169
f 3823/3264/5170 3805/3201/5170 3820/3196/5170
f 3811/3278/5171 3800/3216/5171 3768/3202/5171
f 3850/3254/5172 3893/3203/5172 3900/3279/5172
f 3808/3225/5173 3800/3216/5173 3816/3280/5173
f 3900/3279/5174 3893/3203/5174 3915/3226/5174
f 3900/3279/5175 3915/3226/5175 3931/3281/5175
f 3951/3266/5176 3964/3227/5176 4006/3282/5176
f 3964/3227/5177 4012/3250/5177 4006/3282/5177
f 4012/3250/5178 4037/3228/5178 4035/3283/5178
f 95/3284/5179 78/3242/5179 64/3269/5179
f 53/3285/5180 54/3231/5180 27/3183/5180
f 28/3161/5181 34/3150/5181 24/3256/5181
f 24/3256/5182 34/3150/5182 7/3286/5182
f 11/3257/5183 10/1296/5183 12/3232/5183
f 139/3270/5184 141/3234/5184 144/3287/5184
f 3192/3245/5185 3011/3247/5185 2976/3273/5185
f 2956/3288/5186 2964/3209/5186 2958/1204/5186
f 1031/3289/5187 962/3198/5187 906/3290/5187
f 906/3290/5188 962/3198/5188 892/3248/5188
f 3485/3291/5189 3486/1206/5189 3380/1205/5189
f 1048/3213/5190 1063/3212/5190 1062/3292/5190
f 996/3293/5191 966/3214/5191 1048/3213/5191
f 785/3275/5192 807/41/5192 788/43/5192
f 789/40/5193 826/3239/5193 811/3261/5193
f 3831/3294/5194 3820/3196/5194 3850/3254/5194
f 3276/24/5195 3271/14/5195 3277/3295/5195
f 3741/3296/5196 3744/3297/5196 3742/3298/5196
f 3931/3281/5197 3915/3226/5197 3951/3266/5197
f 3741/3296/5198 3742/3298/5198 3743/3299/5198
f 3065/3300/5199 3067/3204/5199 3038/3251/5199
f 3038/3251/5200 3026/3159/5200 3009/3267/5200
f 2873/1355/5201 2929/3230/5201 2883/1237/5201
f 64/3269/5202 54/3231/5202 53/3285/5202
f 7/3286/5203 34/3150/5203 8/1298/5203
f 3265/3272/5204 3192/3245/5204 3156/3301/5204
f 3156/3301/5205 3192/3245/5205 2976/3273/5205
f 2958/1204/5206 2959/1203/5206 2956/3288/5206
f 3083/1269/5207 3100/3236/5207 3099/1270/5207
f 2812/1286/5208 2798/1190/5208 2784/1230/5208
f 906/3290/5209 892/3248/5209 856/3302/5209
f 856/3302/5210 892/3248/5210 841/3210/5210
f 798/3303/5211 805/3211/5211 804/3259/5211
f 996/3293/5212 1048/3213/5212 1062/3292/5212
f 804/3259/5213 803/3237/5213 796/3304/5213
f 961/3260/5214 966/3214/5214 996/3293/5214
f 791/3305/5215 803/3237/5215 785/3275/5215
f 902/1316/5216 909/3238/5216 938/1314/5216
f 902/1316/5217 877/3249/5217 909/3238/5217
f 811/3261/5218 854/3253/5218 840/3306/5218
f 840/3306/5219 854/3253/5219 876/3240/5219
f 3360/1274/5220 3382/1208/5220 3364/1275/5220
f 3806/3277/5221 3759/3224/5221 3812/3262/5221
f 3763/3222/5222 3761/3223/5222 3810/3307/5222
f 3823/3264/5223 3820/3196/5223 3831/3294/5223
f 3816/3280/5224 3800/3216/5224 3811/3278/5224
f 3817/3265/5225 3808/3225/5225 3816/3280/5225
f 1962/2/5226 1961/1/5226 1943/1254/5226
f 1946/1264/5227 1962/2/5227 1943/1254/5227
f 3270/3308/5228 3271/14/5228 3272/13/5228
f 3270/3308/5229 3272/13/5229 3273/3309/5229
f 4006/3282/5230 4012/3250/5230 4035/3283/5230
f 3204/3310/5231 3188/3255/5231 3141/3311/5231
f 3188/3255/5232 3125/3229/5232 3141/3311/5232
f 3141/3311/5233 3125/3229/5233 3065/3300/5233
f 3125/3229/5234 3067/3204/5234 3065/3300/5234
f 2930/3268/5235 2929/3230/5235 2931/3312/5235
f 2877/1236/5236 2873/1355/5236 2883/1237/5236
f 9/1297/5237 10/1296/5237 11/3257/5237
f 11/3257/5238 16/3218/5238 17/3313/5238
f 17/3313/5239 16/3218/5239 50/3206/5239
f 74/1400/5240 50/3206/5240 75/3219/5240
f 74/1400/5241 75/3219/5241 116/3271/5241
f 2956/3288/5242 2959/1203/5242 2957/1285/5242
f 972/3314/5243 1031/3289/5243 906/3290/5243
f 801/3258/5244 805/3211/5244 798/3303/5244
f 796/3304/5245 803/3237/5245 791/3305/5245
f 935/1315/5246 938/1314/5246 961/3260/5246
f 785/3275/5247 788/43/5247 787/3315/5247
f 875/3316/5248 877/3249/5248 902/1316/5248
f 876/3240/5249 877/3249/5249 840/3306/5249
f 840/3306/5250 877/3249/5250 875/3316/5250
f 3810/3307/5251 3761/3223/5251 3807/3276/5251
f 3768/3202/5252 3763/3222/5252 3809/3317/5252
f 3809/3317/5253 3763/3222/5253 3810/3307/5253
f 3811/3278/5254 3768/3202/5254 3809/3317/5254
f 1947/31/5255 1962/2/5255 1946/1264/5255
f 1948/1252/5256 1949/1307/5256 1945/1253/5256
f 86/3318/5257 95/3284/5257 64/3269/5257
f 27/3183/5258 24/3256/5258 23/3319/5258
f 7/3286/5259 8/1298/5259 9/1297/5259
f 3099/1270/5260 3100/3236/5260 3098/1431/5260
f 3098/1431/5261 3100/3236/5261 3161/3274/5261
f 856/3302/5262 841/3210/5262 823/3252/5262
f 798/3303/5263 804/3259/5263 796/3304/5263
f 3485/3291/5264 3380/1205/5264 3337/1273/5264
f 787/3315/5265 788/43/5265 789/40/5265
f 787/3315/5266 789/40/5266 811/3261/5266
f 3823/3264/5267 3831/3294/5267 3832/3320/5267
f 3831/3294/5268 3850/3254/5268 3867/3321/5268
f 3933/3322/5269 3900/3279/5269 3931/3281/5269
f 17/3313/5270 50/3206/5270 74/1400/5270
f 2976/3273/5271 2964/3209/5271 2956/3288/5271
f 3806/3277/5272 3812/3262/5272 3815/3323/5272
f 3812/3262/5273 3813/3263/5273 3821/3324/5273
f 3821/3324/5274 3813/3263/5274 3829/3325/5274
f 3813/3263/5275 3823/3264/5275 3829/3325/5275
f 3829/3325/5276 3823/3264/5276 3832/3320/5276
f 3832/3320/5277 3831/3294/5277 3867/3321/5277
f 3867/3321/5278 3850/3254/5278 3900/3279/5278
f 3867/3321/5279 3900/3279/5279 3901/3326/5279
f 3901/3326/5280 3900/3279/5280 3933/3322/5280
f 3933/3322/5281 3931/3281/5281 3951/3266/5281
f 3167/3327/5282 3141/3311/5282 3110/3328/5282
f 3110/3328/5283 3141/3311/5283 3065/3300/5283
f 3038/3251/5284 3009/3267/5284 2986/3329/5284
f 2870/1295/5285 2873/1355/5285 2877/1236/5285
f 13/3330/5286 9/1297/5286 11/3257/5286
f 800/3331/5287 801/3258/5287 798/3303/5287
f 2838/1300/5288 2812/1286/5288 2831/1368/5288
f 797/3332/5289 796/3304/5289 790/3333/5289
f 796/3304/5290 791/3305/5290 790/3333/5290
f 996/3293/5291 1062/3292/5291 997/3334/5291
f 956/3335/5292 961/3260/5292 996/3293/5292
f 956/3335/5293 996/3293/5293 997/3334/5293
f 817/3336/5294 811/3261/5294 840/3306/5294
f 817/3336/5295 840/3306/5295 839/3337/5295
f 3807/3276/5296 3806/3277/5296 3815/3323/5296
f 3815/3323/5297 3812/3262/5297 3821/3324/5297
f 3826/3338/5298 3811/3278/5298 3809/3317/5298
f 3827/3339/5299 3811/3278/5299 3826/3338/5299
f 3833/3340/5300 3816/3280/5300 3811/3278/5300
f 3817/3265/5301 3816/3280/5301 3833/3340/5301
f 3968/3341/5302 3817/3265/5302 3834/3342/5302
f 3967/3343/5303 3968/3341/5303 3834/3342/5303
f 3951/3266/5304 4006/3282/5304 4009/3344/5304
f 3167/3327/5305 3204/3310/5305 3141/3311/5305
f 2986/3329/5306 3009/3267/5306 2930/3268/5306
f 2929/3230/5307 2873/1355/5307 2872/1354/5307
f 86/3318/5308 64/3269/5308 63/1427/5308
f 63/1427/5309 64/3269/5309 53/3285/5309
f 53/3285/5310 27/3183/5310 51/3345/5310
f 27/3183/5311 23/3319/5311 51/3345/5311
f 2957/1285/5312 3081/1271/5312 3048/3346/5312
f 906/3290/5313 856/3302/5313 862/3347/5313
f 823/3252/5314 801/3258/5314 800/3331/5314
f 824/3348/5315 823/3252/5315 800/3331/5315
f 997/3334/5316 1062/3292/5316 1064/3349/5316
f 935/1315/5317 961/3260/5317 956/3335/5317
f 784/3350/5318 785/3275/5318 786/3351/5318
f 785/3275/5319 787/3315/5319 786/3351/5319
f 860/3352/5320 840/3306/5320 875/3316/5320
f 3824/1446/5321 3810/3307/5321 3807/3276/5321
f 3827/3339/5322 3833/3340/5322 3811/3278/5322
f 4036/3353/5323 4006/3282/5323 4035/3283/5323
f 3239/3354/5324 3204/3310/5324 3167/3327/5324
f 24/3256/5325 7/3286/5325 15/3355/5325
f 7/3286/5326 9/1297/5326 13/3330/5326
f 13/3330/5327 11/3257/5327 17/3313/5327
f 3156/3301/5328 2976/3273/5328 3036/3356/5328
f 3036/3356/5329 2976/3273/5329 2961/3357/5329
f 2961/3357/5330 2976/3273/5330 2956/3288/5330
f 2956/3288/5331 2957/1285/5331 2955/3358/5331
f 3098/1431/5332 3161/3274/5332 3151/3359/5332
f 862/3347/5333 856/3302/5333 824/3348/5333
f 824/3348/5334 856/3302/5334 823/3252/5334
f 798/3303/5335 796/3304/5335 797/3332/5335
f 3485/3291/5336 3337/1273/5336 3341/1463/5336
f 3341/1463/5337 3337/1273/5337 3335/1405/5337
f 790/3333/5338 791/3305/5338 785/3275/5338
f 790/3333/5339 785/3275/5339 784/3350/5339
f 3824/1446/5340 3807/3276/5340 3825/1444/5340
f 3825/1444/5341 3807/3276/5341 3815/3323/5341
f 3830/3360/5342 3815/3323/5342 3821/3324/5342
f 3824/1446/5343 3809/3317/5343 3810/3307/5343
f 3832/3320/5344 3867/3321/5344 3899/3361/5344
f 3834/3342/5345 3817/3265/5345 3833/3340/5345
f 3901/3326/5346 3933/3322/5346 3940/3362/5346
f 3940/3362/5347 3933/3322/5347 3961/3363/5347
f 3933/3322/5348 3951/3266/5348 3961/3363/5348
f 3961/3363/5349 3951/3266/5349 4009/3344/5349
f 4009/3344/5350 4006/3282/5350 4036/3353/5350
f 2931/3312/5351 2929/3230/5351 2872/1354/5351
f 17/3313/5352 74/1400/5352 62/3364/5352
f 116/3271/5353 139/3270/5353 133/1401/5353
f 133/1401/5354 139/3270/5354 144/3287/5354
f 3265/3272/5355 3156/3301/5355 3036/3356/5355
f 3081/1271/5356 3099/1270/5356 3098/1431/5356
f 972/3314/5357 906/3290/5357 862/3347/5357
f 3151/3359/5358 3161/3274/5358 3224/3365/5358
f 997/3334/5359 1064/3349/5359 1051/3366/5359
f 3335/1405/5360 3337/1273/5360 3332/1290/5360
f 3332/1290/5361 3329/35/5361 3333/1389/5361
f 881/3367/5362 875/3316/5362 902/1316/5362
f 1/3368/5363 2/3369/5363 3/3370/5363
f 839/3337/5364 840/3306/5364 860/3352/5364
f 860/3352/5365 875/3316/5365 881/3367/5365
f 3830/3360/5366 3821/3324/5366 3838/3371/5366
f 3826/3338/5367 3809/3317/5367 3824/1446/5367
f 3821/3324/5368 3829/3325/5368 3839/3372/5368
f 3838/3371/5369 3821/3324/5369 3839/3372/5369
f 3899/3361/5370 3867/3321/5370 3910/3373/5370
f 3910/3373/5371 3867/3321/5371 3901/3326/5371
f 2131/1374/5372 2142/1262/5372 2328/3374/5372
f 109/1429/5373 86/3318/5373 63/1427/5373
f 63/1427/5374 53/3285/5374 52/1501/5374
f 23/3319/5375 24/3256/5375 15/3355/5375
f 15/3355/5376 7/3286/5376 14/3375/5376
f 74/1400/5377 116/3271/5377 133/1401/5377
f 2990/3376/5378 2957/1285/5378 3048/3346/5378
f 3048/3346/5379 3081/1271/5379 3098/1431/5379
f 910/1381/5380 935/1315/5380 956/3335/5380
f 787/3315/5381 811/3261/5381 817/3336/5381
f 3825/1444/5382 3815/3323/5382 3828/3377/5382
f 3828/3377/5383 3815/3323/5383 3830/3360/5383
f 3839/3372/5384 3829/3325/5384 3832/3320/5384
f 3065/3300/5385 3038/3251/5385 3033/3378/5385
f 3033/3378/5386 3038/3251/5386 2986/3329/5386
f 14/3375/5387 7/3286/5387 13/3330/5387
f 3266/3379/5388 3265/3272/5388 3036/3356/5388
f 2237/1288/5389 2308/1301/5389 2350/1474/5389
f 2236/1342/5390 2237/1288/5390 2350/1474/5390
f 954/3380/5391 972/3314/5391 862/3347/5391
f 800/3331/5392 798/3303/5392 799/3381/5392
f 799/3381/5393 798/3303/5393 797/3332/5393
f 794/3382/5394 786/3351/5394 787/3315/5394
f 3910/3373/5395 3901/3326/5395 3940/3362/5395
f 3059/3383/5396 3065/3300/5396 3033/3378/5396
f 2934/3384/5397 2930/3268/5397 2931/3312/5397
f 2872/1354/5398 2865/1387/5398 2875/1426/5398
f 52/1501/5399 53/3285/5399 51/3345/5399
f 62/3364/5400 74/1400/5400 121/1402/5400
f 2961/3357/5401 2956/3288/5401 2954/3385/5401
f 2954/3385/5402 2956/3288/5402 2955/3358/5402
f 2955/3358/5403 2957/1285/5403 2990/3376/5403
f 799/3381/5404 797/3332/5404 795/3386/5404
f 797/3332/5405 790/3333/5405 795/3386/5405
f 910/1381/5406 956/3335/5406 957/1508/5406
f 881/3367/5407 902/1316/5407 910/1381/5407
f 794/3382/5408 787/3315/5408 817/3336/5408
f 3363/37/5409 3331/36/5409 3338/1382/5409
f 830/3387/5410 817/3336/5410 839/3337/5410
f 3110/3328/5411 3065/3300/5411 3059/3383/5411
f 20/3388/5412 17/3313/5412 21/3389/5412
f 998/1506/5413 997/3334/5413 1051/3366/5413
f 956/3335/5414 997/3334/5414 998/1506/5414
f 957/1508/5415 956/3335/5415 998/1506/5415
f 3837/3390/5416 3825/1444/5416 3828/3377/5416
f 3840/3391/5417 3830/3360/5417 3838/3371/5417
f 3836/3392/5418 3826/3338/5418 3824/1446/5418
f 3839/3372/5419 3832/3320/5419 3895/3393/5419
f 3832/3320/5420 3899/3361/5420 3895/3393/5420
f 3827/3339/5421 3826/3338/5421 3906/3394/5421
f 3908/3395/5422 3833/3340/5422 3827/3339/5422
f 1737/19/5423 1786/1392/5423 1718/1447/5423
f 3908/3395/5424 3967/3343/5424 3834/3342/5424
f 3940/3362/5425 3961/3363/5425 3956/3396/5425
f 3961/3363/5426 4009/3344/5426 3975/3397/5426
f 3975/3397/5427 4009/3344/5427 4039/3398/5427
f 4039/3398/5428 4009/3344/5428 4036/3353/5428
f 3239/3354/5429 3167/3327/5429 3205/3399/5429
f 3138/3400/5430 3167/3327/5430 3110/3328/5430
f 3138/3400/5431 3110/3328/5431 3059/3383/5431
f 2931/3312/5432 2872/1354/5432 2932/1583/5432
f 2932/1583/5433 2872/1354/5433 2875/1426/5433
f 107/1428/5434 63/1427/5434 52/1501/5434
f 52/1501/5435 51/3345/5435 23/3319/5435
f 13/3330/5436 17/3313/5436 20/3388/5436
f 21/3389/5437 17/3313/5437 62/3364/5437
f 3168/3401/5438 3266/3379/5438 3036/3356/5438
f 3048/3346/5439 3098/1431/5439 3041/1433/5439
f 3095/1432/5440 3098/1431/5440 3151/3359/5440
f 954/3380/5441 862/3347/5441 857/3402/5441
f 857/3402/5442 862/3347/5442 824/3348/5442
f 857/3402/5443 824/3348/5443 825/3403/5443
f 824/3348/5444 800/3331/5444 802/3404/5444
f 793/3405/5445 790/3333/5445 784/3350/5445
f 934/3406/5446 910/1381/5446 957/1508/5446
f 792/3407/5447 784/3350/5447 786/3351/5447
f 881/3367/5448 910/1381/5448 900/3408/5448
f 900/3408/5449 910/1381/5449 934/3406/5449
f 863/3409/5450 881/3367/5450 900/3408/5450
f 846/3410/5451 830/3387/5451 839/3337/5451
f 839/3337/5452 860/3352/5452 846/3410/5452
f 3835/1445/5453 3825/1444/5453 3837/3390/5453
f 3828/3377/5454 3830/3360/5454 3840/3391/5454
f 3836/3392/5455 3824/1446/5455 3835/1445/5455
f 3906/3394/5456 3826/3338/5456 3836/3392/5456
f 3895/3393/5457 3899/3361/5457 3910/3373/5457
f 3912/3411/5458 3827/3339/5458 3906/3394/5458
f 3908/3395/5459 3827/3339/5459 3912/3411/5459
f 3910/3373/5460 3940/3362/5460 3956/3396/5460
f 3908/3395/5461 3834/3342/5461 3833/3340/5461
f 2311/1470/5462 2131/1374/5462 2328/3374/5462
f 4030/3412/5463 3967/3343/5463 3908/3395/5463
f 3956/3396/5464 3961/3363/5464 3975/3397/5464
f 4039/3398/5465 4036/3353/5465 4048/3413/5465
f 3205/3399/5466 3167/3327/5466 3138/3400/5466
f 2986/3329/5467 2930/3268/5467 2934/3384/5467
f 3168/3401/5468 3036/3356/5468 3004/3414/5468
f 3036/3356/5469 2961/3357/5469 3004/3414/5469
f 2960/3415/5470 2961/3357/5470 2954/3385/5470
f 2990/3376/5471 3048/3346/5471 3041/1433/5471
f 3095/1432/5472 3151/3359/5472 3159/3416/5472
f 802/3404/5473 800/3331/5473 799/3381/5473
f 998/1506/5474 1051/3366/5474 1061/3417/5474
f 795/3386/5475 790/3333/5475 793/3405/5475
f 793/3405/5476 784/3350/5476 792/3407/5476
f 792/3407/5477 786/3351/5477 794/3382/5477
f 860/3352/5478 881/3367/5478 863/3409/5478
f 3366/1415/5479 3371/1276/5479 3373/1373/5479
f 2875/1426/5480 2859/1411/5480 2857/1452/5480
f 52/1501/5481 23/3319/5481 22/3418/5481
f 23/3319/5482 15/3355/5482 14/3375/5482
f 21/3389/5483 62/3364/5483 121/1402/5483
f 121/1402/5484 133/1401/5484 134/3419/5484
f 2952/3420/5485 2954/3385/5485 2955/3358/5485
f 825/3403/5486 824/3348/5486 802/3404/5486
f 2234/1436/5487 2236/1342/5487 2350/1474/5487
f 3151/3359/5488 3224/3365/5488 3159/3416/5488
f 3138/3400/5489 3059/3383/5489 3121/3421/5489
f 3025/3422/5490 3033/3378/5490 2986/3329/5490
f 110/1503/5491 107/1428/5491 52/1501/5491
f 52/1501/5492 22/3418/5492 55/3423/5492
f 14/3375/5493 13/3330/5493 18/3424/5493
f 18/3424/5494 13/3330/5494 20/3388/5494
f 3004/3414/5495 2961/3357/5495 2960/3415/5495
f 2990/3376/5496 3041/1433/5496 3020/3425/5496
f 802/3404/5497 799/3381/5497 818/1576/5497
f 818/1576/5498 799/3381/5498 795/3386/5498
f 3159/3416/5499 3224/3365/5499 3225/1529/5499
f 934/3406/5500 957/1508/5500 937/3426/5500
f 794/3382/5501 817/3336/5501 830/3387/5501
f 3828/3377/5502 3840/3391/5502 3902/3427/5502
f 3836/3392/5503 3835/1445/5503 3907/3428/5503
f 3840/3391/5504 3838/3371/5504 3905/3429/5504
f 3838/3371/5505 3839/3372/5505 3909/3430/5505
f 3913/3431/5506 3906/3394/5506 3836/3392/5506
f 3909/3430/5507 3839/3372/5507 3895/3393/5507
f 3950/3432/5508 3910/3373/5508 3956/3396/5508
f 4030/3412/5509 3908/3395/5509 3960/3433/5509
f 3956/3396/5510 3975/3397/5510 3999/3434/5510
f 3059/3383/5511 3033/3378/5511 3025/3422/5511
f 2875/1426/5512 2857/1452/5512 2860/1500/5512
f 22/3418/5513 23/3319/5513 14/3375/5513
f 67/3435/5514 20/3388/5514 21/3389/5514
f 84/3436/5515 21/3389/5515 121/1402/5515
f 84/3436/5516 121/1402/5516 125/3437/5516
f 131/3438/5517 121/1402/5517 134/3419/5517
f 818/1576/5518 795/3386/5518 819/3439/5518
f 819/3439/5519 795/3386/5519 793/3405/5519
f 820/3440/5520 793/3405/5520 792/3407/5520
f 874/3441/5521 900/3408/5521 920/1632/5521
f 846/3410/5522 860/3352/5522 859/3442/5522
f 863/3409/5523 900/3408/5523 874/3441/5523
f 3902/3427/5524 3837/3390/5524 3828/3377/5524
f 3903/3443/5525 3835/1445/5525 3837/3390/5525
f 3904/3444/5526 3840/3391/5526 3905/3429/5526
f 3905/3429/5527 3838/3371/5527 3909/3430/5527
f 3913/3431/5528 3836/3392/5528 3907/3428/5528
f 3938/3445/5529 3912/3411/5529 3906/3394/5529
f 3941/3446/5530 3895/3393/5530 3910/3373/5530
f 3945/3447/5531 3912/3411/5531 3938/3445/5531
f 3950/3432/5532 3956/3396/5532 3971/3448/5532
f 3908/3395/5533 3912/3411/5533 3945/3447/5533
f 3952/3449/5534 3908/3395/5534 3945/3447/5534
f 3960/3433/5535 3908/3395/5535 3952/3449/5535
f 3971/3448/5536 3956/3396/5536 3999/3434/5536
f 3999/3434/5537 3975/3397/5537 4041/3450/5537
f 3975/3397/5538 4039/3398/5538 4041/3450/5538
f 3205/3399/5539 3138/3400/5539 3121/3421/5539
f 3025/3422/5540 2986/3329/5540 2934/3384/5540
f 2931/3312/5541 2932/1583/5541 2933/1582/5541
f 56/1502/5542 52/1501/5542 55/3423/5542
f 125/3437/5543 121/1402/5543 131/3438/5543
f 3149/3451/5544 3168/3401/5544 3024/1620/5544
f 3024/1620/5545 3168/3401/5545 3004/3414/5545
f 2960/3415/5546 2954/3385/5546 2953/3452/5546
f 2953/3452/5547 2954/3385/5547 2952/3420/5547
f 2955/3358/5548 2990/3376/5548 2970/3453/5548
f 2970/3453/5549 2990/3376/5549 3020/3425/5549
f 953/3454/5550 954/3380/5550 857/3402/5550
f 827/3455/5551 802/3404/5551 818/1576/5551
f 998/1506/5552 1061/3417/5552 1060/1627/5552
f 820/3440/5553 819/3439/5553 793/3405/5553
f 959/1507/5554 998/1506/5554 1026/3456/5554
f 820/3440/5555 792/3407/5555 822/3457/5555
f 3528/1439/5556 3527/1518/5556 3523/1391/5556
f 822/3457/5557 792/3407/5557 821/3458/5557
f 900/3408/5558 934/3406/5558 920/1632/5558
f 920/1632/5559 934/3406/5559 937/3426/5559
f 821/3458/5560 792/3407/5560 794/3382/5560
f 859/3442/5561 860/3352/5561 863/3409/5561
f 3907/3428/5562 3835/1445/5562 3903/3443/5562
f 3903/3443/5563 3837/3390/5563 3902/3427/5563
f 3902/3427/5564 3840/3391/5564 3904/3444/5564
f 3938/3445/5565 3906/3394/5565 3913/3431/5565
f 3909/3430/5566 3895/3393/5566 3934/3459/5566
f 3895/3393/5567 3941/3446/5567 3934/3459/5567
f 3941/3446/5568 3910/3373/5568 3950/3432/5568
f 3060/3460/5569 3059/3383/5569 3025/3422/5569
f 2932/1583/5570 2875/1426/5570 2860/1500/5570
f 2861/1514/5571 2858/1489/5571 2876/3461/5571
f 19/3462/5572 14/3375/5572 18/3424/5572
f 18/3424/5573 20/3388/5573 67/3435/5573
f 67/3435/5574 21/3389/5574 84/3436/5574
f 2952/3420/5575 2955/3358/5575 2970/3453/5575
f 3020/3425/5576 3041/1433/5576 3054/3463/5576
f 3054/3463/5577 3041/1433/5577 3095/1432/5577
f 3095/1432/5578 3159/3416/5578 3160/1531/5578
f 825/3403/5579 802/3404/5579 827/3455/5579
f 1026/3456/5580 998/1506/5580 1060/1627/5580
f 937/3426/5581 957/1508/5581 959/1507/5581
f 821/3458/5582 794/3382/5582 831/3464/5582
f 831/3464/5583 794/3382/5583 830/3387/5583
f 830/3387/5584 846/3410/5584 847/3465/5584
f 847/3465/5585 846/3410/5585 859/3442/5585
f 2932/1583/5586 2860/1500/5586 2938/1581/5586
f 2938/1581/5587 2860/1500/5587 2866/1525/5587
f 3024/1620/5588 3004/3414/5588 2987/1621/5588
f 2987/1621/5589 3004/3414/5589 2960/3415/5589
f 3096/1588/5590 3054/3463/5590 3095/1432/5590
f 3096/1588/5591 3095/1432/5591 3160/1531/5591
f 868/1575/5592 857/3402/5592 825/3403/5592
f 868/1575/5593 825/3403/5593 838/3466/5593
f 838/3466/5594 825/3403/5594 827/3455/5594
f 2234/1436/5595 2351/1475/5595 2233/1528/5595
f 2839/1626/5596 2823/1437/5596 2813/1543/5596
f 3159/3416/5597 3225/1529/5597 3160/1531/5597
f 859/3442/5598 863/3409/5598 874/3441/5598
f 3955/3467/5599 3952/3449/5599 3945/3447/5599
f 4000/3468/5600 3971/3448/5600 3999/3434/5600
f 4039/3398/5601 4048/3413/5601 4052/3469/5601
f 3201/3470/5602 3205/3399/5602 3121/3421/5602
f 2863/1541/5603 2861/1514/5603 2876/3461/5603
f 22/3418/5604 14/3375/5604 19/3462/5604
f 80/3471/5605 67/3435/5605 84/3436/5605
f 1013/1574/5606 953/3454/5606 868/1575/5606
f 953/3454/5607 857/3402/5607 868/1575/5607
f 829/3472/5608 821/3458/5608 831/3464/5608
f 869/3473/5609 859/3442/5609 874/3441/5609
f 2336/1565/5610 2132/1449/5610 2346/1538/5610
f 3259/3474/5611 3205/3399/5611 3201/3470/5611
f 3025/3422/5612 2934/3384/5612 2996/3475/5612
f 2934/3384/5613 2931/3312/5613 2933/1582/5613
f 56/1502/5614 55/3423/5614 68/3476/5614
f 84/3436/5615 125/3437/5615 129/1656/5615
f 125/3437/5616 131/3438/5616 129/1656/5616
f 3146/3477/5617 3149/3451/5617 3024/1620/5617
f 2773/1517/5618 2760/1412/5618 2751/1560/5618
f 827/3455/5619 818/1576/5619 836/1578/5619
f 833/1577/5620 818/1576/5620 819/3439/5620
f 828/3478/5621 820/3440/5621 822/3457/5621
f 920/1632/5622 937/3426/5622 933/1633/5622
f 3527/1518/5623 3522/1564/5623 3519/1492/5623
f 3936/3479/5624 3903/3443/5624 3902/3427/5624
f 3936/3479/5625 3902/3427/5625 3904/3444/5625
f 3942/3480/5626 3907/3428/5626 3903/3443/5626
f 3938/3445/5627 3913/3431/5627 3944/3481/5627
f 3944/3481/5628 3913/3431/5628 3907/3428/5628
f 3969/3482/5629 3960/3433/5629 3952/3449/5629
f 4046/3483/5630 3960/3433/5630 3969/3482/5630
f 4041/3450/5631 4039/3398/5631 4052/3469/5631
f 3060/3460/5632 3121/3421/5632 3059/3383/5632
f 98/3484/5633 56/1502/5633 89/3485/5633
f 89/3485/5634 56/1502/5634 68/3476/5634
f 18/3424/5635 67/3435/5635 66/3486/5635
f 852/3487/5636 838/3466/5636 827/3455/5636
f 852/3487/5637 827/3455/5637 849/3488/5637
f 3222/1599/5638 3160/1531/5638 3223/1530/5638
f 833/1577/5639 819/3439/5639 820/3440/5639
f 833/1577/5640 820/3440/5640 832/1676/5640
f 832/1676/5641 820/3440/5641 828/3478/5641
f 933/1633/5642 937/3426/5642 959/1507/5642
f 831/3464/5643 830/3387/5643 847/3465/5643
f 3937/3489/5644 3904/3444/5644 3905/3429/5644
f 4031/3490/5645 3999/3434/5645 4041/3450/5645
f 2938/1581/5646 2866/1525/5646 2869/1595/5646
f 60/1686/5647 55/3423/5647 22/3418/5647
f 25/3491/5648 19/3462/5648 18/3424/5648
f 66/3486/5649 67/3435/5649 80/3471/5649
f 80/3471/5650 84/3436/5650 113/1655/5650
f 84/3436/5651 129/1656/5651 113/1655/5651
f 2970/3453/5652 3020/3425/5652 3001/3492/5652
f 1001/1573/5653 868/1575/5653 890/3493/5653
f 890/3493/5654 868/1575/5654 838/3466/5654
f 849/3488/5655 827/3455/5655 836/1578/5655
f 933/1633/5656 959/1507/5656 955/3494/5656
f 847/3465/5657 859/3442/5657 869/3473/5657
f 3936/3479/5658 3904/3444/5658 3937/3489/5658
f 3907/3428/5659 3942/3480/5659 3944/3481/5659
f 3905/3429/5660 3909/3430/5660 3939/3495/5660
f 3945/3447/5661 3938/3445/5661 3954/3496/5661
f 3954/3496/5662 3955/3467/5662 3945/3447/5662
f 4000/3468/5663 3999/3434/5663 4031/3490/5663
f 4031/3490/5664 4041/3450/5664 4042/3497/5664
f 4042/3497/5665 4041/3450/5665 4052/3469/5665
f 3051/3498/5666 3060/3460/5666 3025/3422/5666
f 3051/3498/5667 3025/3422/5667 2996/3475/5667
f 2934/3384/5668 2933/1582/5668 2935/3499/5668
f 2892/1596/5669 2868/1571/5669 2904/1584/5669
f 89/3485/5670 68/3476/5670 93/1654/5670
f 68/3476/5671 55/3423/5671 65/3500/5671
f 22/3418/5672 19/3462/5672 25/3491/5672
f 26/3501/5673 18/3424/5673 66/3486/5673
f 96/3502/5674 80/3471/5674 113/1655/5674
f 2951/3503/5675 2952/3420/5675 2970/3453/5675
f 3001/3492/5676 3020/3425/5676 3042/3504/5676
f 3020/3425/5677 3054/3463/5677 3042/3504/5677
f 3042/3504/5678 3054/3463/5678 3089/3505/5678
f 3054/3463/5679 3096/1588/5679 3089/3505/5679
f 849/3488/5680 836/1578/5680 850/3506/5680
f 995/3507/5681 959/1507/5681 1026/3456/5681
f 955/3494/5682 959/1507/5682 995/3507/5682
f 874/3441/5683 920/1632/5683 921/1631/5683
f 3937/3489/5684 3905/3429/5684 3939/3495/5684
f 3953/3508/5685 3938/3445/5685 3944/3481/5685
f 3909/3430/5686 3934/3459/5686 3949/3509/5686
f 3948/3510/5687 3909/3430/5687 3949/3509/5687
f 3949/3509/5688 3934/3459/5688 3941/3446/5688
f 3954/3496/5689 3938/3445/5689 3953/3508/5689
f 3941/3446/5690 3950/3432/5690 3963/3511/5690
f 3963/3511/5691 3950/3432/5691 3976/3512/5691
f 3950/3432/5692 3971/3448/5692 3976/3512/5692
f 3978/3513/5693 3955/3467/5693 3954/3496/5693
f 3952/3449/5694 3955/3467/5694 3978/3513/5694
f 3971/3448/5695 4000/3468/5695 4008/3514/5695
f 4008/3514/5696 4000/3468/5696 4031/3490/5696
f 3199/3515/5697 3201/3470/5697 3121/3421/5697
f 3199/3515/5698 3121/3421/5698 3122/3516/5698
f 3122/3516/5699 3121/3421/5699 3060/3460/5699
f 3111/3517/5700 3060/3460/5700 3051/3498/5700
f 2996/3475/5701 2934/3384/5701 2935/3499/5701
f 93/1654/5702 68/3476/5702 65/3500/5702
f 25/3491/5703 18/3424/5703 26/3501/5703
f 66/3486/5704 80/3471/5704 96/3502/5704
f 3146/3477/5705 3024/1620/5705 3023/1622/5705
f 2950/3518/5706 2960/3415/5706 2953/3452/5706
f 2951/3503/5707 2970/3453/5707 3001/3492/5707
f 890/3493/5708 838/3466/5708 866/3519/5708
f 866/3519/5709 838/3466/5709 852/3487/5709
f 850/3506/5710 836/1578/5710 833/1577/5710
f 850/3506/5711 833/1577/5711 851/3520/5711
f 1026/3456/5712 1060/1627/5712 1030/1629/5712
f 995/3507/5713 1026/3456/5713 1030/1629/5713
f 834/1677/5714 828/3478/5714 822/3457/5714
f 822/3457/5715 821/3458/5715 829/3472/5715
f 869/3473/5716 874/3441/5716 901/3521/5716
f 831/3464/5717 847/3465/5717 858/3522/5717
f 3942/3480/5718 3903/3443/5718 3936/3479/5718
f 3939/3495/5719 3909/3430/5719 3948/3510/5719
f 3949/3509/5720 3941/3446/5720 3963/3511/5720
f 3976/3512/5721 3971/3448/5721 4008/3514/5721
f 3978/3513/5722 3969/3482/5722 3952/3449/5722
f 4042/3497/5723 4052/3469/5723 4053/3523/5723
f 3259/3474/5724 3201/3470/5724 3199/3515/5724
f 3260/3524/5725 3259/3474/5725 3199/3515/5725
f 3122/3516/5726 3060/3460/5726 3111/3517/5726
f 2939/3525/5727 2938/1581/5727 2869/1595/5727
f 65/3500/5728 55/3423/5728 60/1686/5728
f 60/1686/5729 22/3418/5729 25/3491/5729
f 3023/1622/5730 2987/1621/5730 2988/3526/5730
f 2987/1621/5731 2960/3415/5731 2950/3518/5731
f 2950/3518/5732 2953/3452/5732 2952/3420/5732
f 2763/1645/5733 2751/1560/5733 2740/1644/5733
f 3089/3505/5734 3096/1588/5734 3097/1624/5734
f 3355/1675/5735 3347/1533/5735 3348/1602/5735
f 833/1577/5736 832/1676/5736 845/3527/5736
f 832/1676/5737 828/3478/5737 834/1677/5737
f 834/1677/5738 822/3457/5738 829/3472/5738
f 901/3521/5739 874/3441/5739 921/1631/5739
f 837/3528/5740 831/3464/5740 858/3522/5740
f 858/3522/5741 847/3465/5741 869/3473/5741
f 3349/1589/5742 3344/1509/5742 3350/1634/5742
f 667/3529/5743 670/3530/5743 659/3531/5743
f 661/3532/5744 674/3533/5744 667/3529/5744
f 4049/3534/5745 4046/3483/5745 3969/3482/5745
f 1750/1662/5746 1752/1570/5746 1762/1651/5746
f 2935/3499/5747 2933/1582/5747 2936/3535/5747
f 2869/1595/5748 2892/1596/5748 2893/3536/5748
f 2892/1596/5749 2905/1618/5749 2894/3537/5749
f 114/1652/5750 93/1654/5750 65/3500/5750
f 88/1711/5751 66/3486/5751 96/3502/5751
f 123/1669/5752 96/3502/5752 113/1655/5752
f 2950/3518/5753 2952/3420/5753 2951/3503/5753
f 1002/3538/5754 1001/1573/5754 890/3493/5754
f 849/3488/5755 850/3506/5755 865/3539/5755
f 851/3520/5756 833/1577/5756 845/3527/5756
f 933/1633/5757 955/3494/5757 921/1631/5757
f 834/1677/5758 829/3472/5758 835/3540/5758
f 837/3528/5759 829/3472/5759 831/3464/5759
f 880/3541/5760 869/3473/5760 901/3521/5760
f 3942/3480/5761 3936/3479/5761 3958/3542/5761
f 3962/3543/5762 3944/3481/5762 3942/3480/5762
f 3937/3489/5763 3939/3495/5763 3957/3544/5763
f 672/3545/5764 674/3533/5764 661/3532/5764
f 3260/3524/5765 3199/3515/5765 3255/3546/5765
f 3255/3546/5766 3199/3515/5766 3198/3547/5766
f 3198/3547/5767 3199/3515/5767 3122/3516/5767
f 3198/3547/5768 3122/3516/5768 3111/3517/5768
f 2996/3475/5769 2935/3499/5769 2989/3548/5769
f 2933/1582/5770 2938/1581/5770 2936/3535/5770
f 2938/1581/5771 2939/3525/5771 2936/3535/5771
f 2939/3525/5772 2869/1595/5772 2893/3536/5772
f 2893/3536/5773 2892/1596/5773 2894/3537/5773
f 114/1652/5774 65/3500/5774 60/1686/5774
f 60/1686/5775 25/3491/5775 72/1710/5775
f 26/3501/5776 66/3486/5776 88/1711/5776
f 3147/3549/5777 3146/3477/5777 3023/1622/5777
f 2950/3518/5778 2988/3526/5778 2987/1621/5778
f 1002/3538/5779 890/3493/5779 999/3550/5779
f 2228/1646/5780 2244/1600/5780 2320/1696/5780
f 2813/1543/5781 2794/1598/5781 2816/1625/5781
f 845/3527/5782 832/1676/5782 843/1678/5782
f 835/3540/5783 829/3472/5783 837/3528/5783
f 858/3522/5784 869/3473/5784 880/3541/5784
f 3962/3543/5785 3942/3480/5785 3958/3542/5785
f 3976/3512/5786 4008/3514/5786 4021/3551/5786
f 660/3552/5787 667/3529/5787 659/3531/5787
f 4008/3514/5788 4031/3490/5788 4040/3553/5788
f 661/3532/5789 667/3529/5789 660/3552/5789
f 4040/3553/5790 4031/3490/5790 4042/3497/5790
f 3107/3554/5791 3111/3517/5791 3051/3498/5791
f 72/1710/5792 25/3491/5792 70/3555/5792
f 70/3555/5793 25/3491/5793 26/3501/5793
f 70/3555/5794 26/3501/5794 88/1711/5794
f 88/1711/5795 96/3502/5795 123/1669/5795
f 3147/3549/5796 3023/1622/5796 3002/3556/5796
f 3002/3556/5797 3023/1622/5797 2988/3526/5797
f 2951/3503/5798 3001/3492/5798 2991/3557/5798
f 3089/3505/5799 3097/1624/5799 3101/1751/5799
f 3097/1624/5800 3176/1671/5800 3101/1751/5800
f 852/3487/5801 849/3488/5801 872/3558/5801
f 1045/1825/5802 1030/1629/5802 1067/1628/5802
f 3958/3542/5803 3936/3479/5803 3959/3559/5803
f 3936/3479/5804 3937/3489/5804 3957/3544/5804
f 3959/3559/5805 3936/3479/5805 3957/3544/5805
f 3953/3508/5806 3944/3481/5806 3962/3543/5806
f 3948/3510/5807 3949/3509/5807 3977/3560/5807
f 3977/3560/5808 3949/3509/5808 3963/3511/5808
f 3974/3561/5809 3954/3496/5809 3953/3508/5809
f 3963/3511/5810 3976/3512/5810 4021/3551/5810
f 3051/3498/5811 2996/3475/5811 3015/3562/5811
f 2936/3535/5812 2939/3525/5812 2940/3563/5812
f 2939/3525/5813 2893/3536/5813 2895/3564/5813
f 2895/3564/5814 2893/3536/5814 2894/3537/5814
f 122/1687/5815 60/1686/5815 72/1710/5815
f 72/1710/5816 70/3555/5816 76/1730/5816
f 92/1713/5817 70/3555/5817 88/1711/5817
f 3034/3565/5818 3001/3492/5818 3042/3504/5818
f 3042/3504/5819 3089/3505/5819 3079/3566/5819
f 3079/3566/5820 3089/3505/5820 3101/1751/5820
f 999/3550/5821 890/3493/5821 914/3567/5821
f 914/3567/5822 890/3493/5822 866/3519/5822
f 914/3567/5823 866/3519/5823 873/3568/5823
f 873/3568/5824 866/3519/5824 852/3487/5824
f 873/3568/5825 852/3487/5825 872/3558/5825
f 872/3558/5826 849/3488/5826 865/3539/5826
f 864/1769/5827 865/3539/5827 850/3506/5827
f 864/1769/5828 850/3506/5828 851/3520/5828
f 864/1769/5829 851/3520/5829 845/3527/5829
f 995/3507/5830 1030/1629/5830 994/3569/5830
f 843/1678/5831 834/1677/5831 844/3570/5831
f 844/3570/5832 834/1677/5832 835/3540/5832
f 658/3571/5833 659/3531/5833 670/3530/5833
f 2362/1701/5834 2135/1566/5834 2393/1649/5834
f 3015/3562/5835 2996/3475/5835 2989/3548/5835
f 2895/3564/5836 2894/3537/5836 2896/3572/5836
f 126/1709/5837 72/1710/5837 76/1730/5837
f 76/1730/5838 70/3555/5838 102/1732/5838
f 102/1732/5839 70/3555/5839 92/1713/5839
f 3148/3573/5840 3147/3549/5840 3002/3556/5840
f 3002/3556/5841 2988/3526/5841 2968/3574/5841
f 2968/3574/5842 2988/3526/5842 2950/3518/5842
f 3034/3565/5843 3042/3504/5843 3079/3566/5843
f 994/3569/5844 1030/1629/5844 1045/1825/5844
f 845/3527/5845 843/1678/5845 861/3575/5845
f 955/3494/5846 995/3507/5846 994/3569/5846
f 947/1719/5847 921/1631/5847 955/3494/5847
f 901/3521/5848 921/1631/5848 923/1718/5848
f 3354/1698/5849 3351/1674/5849 3349/1589/5849
f 835/3540/5850 837/3528/5850 853/3576/5850
f 3957/3544/5851 3939/3495/5851 3970/3577/5851
f 3939/3495/5852 3948/3510/5852 3970/3577/5852
f 3973/3578/5853 3953/3508/5853 3962/3543/5853
f 3970/3577/5854 3948/3510/5854 3977/3560/5854
f 3974/3561/5855 3953/3508/5855 3973/3578/5855
f 3977/3560/5856 3963/3511/5856 4022/3579/5856
f 4022/3579/5857 3963/3511/5857 4021/3551/5857
f 636/3580/5858 660/3552/5858 659/3531/5858
f 4043/3581/5859 4040/3553/5859 4042/3497/5859
f 664/3582/5860 672/3545/5860 661/3532/5860
f 4056/3583/5861 4042/3497/5861 4053/3523/5861
f 1764/1727/5862 1750/1662/5862 1762/1651/5862
f 3260/3524/5863 3255/3546/5863 3261/3584/5863
f 3255/3546/5864 3198/3547/5864 3208/3585/5864
f 3154/3586/5865 3111/3517/5865 3107/3554/5865
f 3107/3554/5866 3051/3498/5866 3058/3587/5866
f 3051/3498/5867 3015/3562/5867 3058/3587/5867
f 2989/3548/5868 2935/3499/5868 2937/3588/5868
f 2935/3499/5869 2936/3535/5869 2937/3588/5869
f 2939/3525/5870 2895/3564/5870 2983/3589/5870
f 2895/3564/5871 2896/3572/5871 2897/3590/5871
f 143/1708/5872 126/1709/5872 142/1748/5872
f 142/1748/5873 126/1709/5873 132/1731/5873
f 102/1732/5874 92/1713/5874 137/1733/5874
f 2903/3591/5875 3148/3573/5875 3002/3556/5875
f 2949/1804/5876 2950/3518/5876 2951/3503/5876
f 1000/3592/5877 1002/3538/5877 999/3550/5877
f 887/1768/5878 872/3558/5878 865/3539/5878
f 3708/1754/5879 3355/1675/5879 3351/1674/5879
f 848/3593/5880 835/3540/5880 853/3576/5880
f 853/3576/5881 837/3528/5881 858/3522/5881
f 905/3594/5882 858/3522/5882 880/3541/5882
f 880/3541/5883 901/3521/5883 905/3594/5883
f 3367/1756/5884 3359/1635/5884 3365/1637/5884
f 3370/1743/5885 3365/1637/5885 3369/1636/5885
f 3972/3595/5886 3962/3543/5886 3958/3542/5886
f 3959/3559/5887 3957/3544/5887 3966/3596/5887
f 3973/3578/5888 3962/3543/5888 3972/3595/5888
f 637/3597/5889 659/3531/5889 658/3571/5889
f 4021/3551/5890 4008/3514/5890 4040/3553/5890
f 636/3580/5891 661/3532/5891 660/3552/5891
f 4043/3581/5892 4042/3497/5892 4056/3583/5892
f 2137/1650/5893 2362/1701/5893 2139/1744/5893
f 4056/3583/5894 4053/3523/5894 4058/3598/5894
f 3261/3584/5895 3255/3546/5895 3208/3585/5895
f 3208/3585/5896 3198/3547/5896 3154/3586/5896
f 3154/3586/5897 3198/3547/5897 3111/3517/5897
f 2937/3588/5898 2936/3535/5898 2940/3563/5898
f 2983/3589/5899 2895/3564/5899 2897/3590/5899
f 2897/3590/5900 2896/3572/5900 2898/3599/5900
f 2901/3600/5901 2903/3591/5901 2902/3601/5901
f 2903/3591/5902 3002/3556/5902 2902/3601/5902
f 2969/3602/5903 3002/3556/5903 2968/3574/5903
f 2948/3603/5904 2968/3574/5904 2950/3518/5904
f 2949/1804/5905 2951/3503/5905 2991/3557/5905
f 2991/3557/5906 3001/3492/5906 3034/3565/5906
f 3079/3566/5907 3101/1751/5907 3102/1753/5907
f 3101/1751/5908 3176/1671/5908 3177/1752/5908
f 1000/3592/5909 999/3550/5909 914/3567/5909
f 913/3604/5910 873/3568/5910 872/3558/5910
f 887/1768/5911 865/3539/5911 864/1769/5911
f 2842/1810/5912 2816/1625/5912 2814/1736/5912
f 3708/1754/5913 3728/3605/5913 3355/1675/5913
f 3535/1689/5914 3544/1755/5914 3532/1647/5914
f 861/3575/5915 864/1769/5915 845/3527/5915
f 947/1719/5916 955/3494/5916 994/3569/5916
f 861/3575/5917 843/1678/5917 844/3570/5917
f 848/3593/5918 844/3570/5918 835/3540/5918
f 905/3594/5919 901/3521/5919 923/1718/5919
f 3957/3544/5920 3970/3577/5920 3966/3596/5920
f 636/3580/5921 659/3531/5921 637/3597/5921
f 636/3580/5922 664/3582/5922 661/3532/5922
f 2940/3563/5923 2939/3525/5923 2942/3606/5923
f 2939/3525/5924 2983/3589/5924 2942/3606/5924
f 2897/3590/5925 2898/3599/5925 2899/3607/5925
f 2898/3599/5926 2901/3600/5926 2900/3608/5926
f 2899/3607/5927 2898/3599/5927 2900/3608/5927
f 2900/3608/5928 2901/3600/5928 2902/3601/5928
f 2902/3601/5929 3002/3556/5929 2969/3602/5929
f 2948/3603/5930 2950/3518/5930 2949/1804/5930
f 916/3609/5931 914/3567/5931 873/3568/5931
f 947/1719/5932 994/3569/5932 1005/3610/5932
f 867/3611/5933 848/3593/5933 853/3576/5933
f 886/1871/5934 853/3576/5934 858/3522/5934
f 858/3522/5935 905/3594/5935 886/1871/5935
f 3518/1603/5936 3525/1720/5936 3508/1721/5936
f 2139/1744/5937 2362/1701/5937 2387/3612/5937
f 633/3613/5938 664/3582/5938 636/3580/5938
f 3108/3614/5939 3107/3554/5939 3058/3587/5939
f 2989/3548/5940 2937/3588/5940 3015/3562/5940
f 2983/3589/5941 2897/3590/5941 2977/1835/5941
f 2977/1835/5942 2897/3590/5942 2899/3607/5942
f 2977/1835/5943 2899/3607/5943 2900/3608/5943
f 2900/3608/5944 2902/3601/5944 2969/3602/5944
f 916/3609/5945 873/3568/5945 913/3604/5945
f 888/1770/5946 864/1769/5946 889/3615/5946
f 889/3615/5947 864/1769/5947 861/3575/5947
f 871/3616/5948 861/3575/5948 844/3570/5948
f 844/3570/5949 848/3593/5949 870/3617/5949
f 867/3611/5950 853/3576/5950 886/1871/5950
f 671/3618/5951 677/3619/5951 666/3620/5951
f 666/3620/5952 677/3619/5952 688/3621/5952
f 4054/3622/5953 4021/3551/5953 4040/3553/5953
f 4040/3553/5954 4043/3581/5954 4054/3622/5954
f 633/3613/5955 636/3580/5955 604/1865/5955
f 3196/3623/5956 3208/3585/5956 3154/3586/5956
f 3154/3586/5957 3107/3554/5957 3108/3614/5957
f 3015/3562/5958 2937/3588/5958 3005/3624/5958
f 2942/3606/5959 2983/3589/5959 2977/1835/5959
f 2977/1835/5960 2900/3608/5960 2975/1836/5960
f 2975/1836/5961 2900/3608/5961 2969/3602/5961
f 2948/3603/5962 2969/3602/5962 2968/3574/5962
f 2978/1805/5963 2949/1804/5963 2991/3557/5963
f 2998/3625/5964 2991/3557/5964 3034/3565/5964
f 3079/3566/5965 3102/1753/5965 3103/3626/5965
f 1000/3592/5966 914/3567/5966 916/3609/5966
f 913/3604/5967 872/3558/5967 911/3627/5967
f 911/3627/5968 872/3558/5968 887/1768/5968
f 3727/3628/5969 3728/3605/5969 3708/1754/5969
f 994/3569/5970 1045/1825/5970 1033/1824/5970
f 1005/3610/5971 994/3569/5971 1033/1824/5971
f 889/3615/5972 861/3575/5972 871/3616/5972
f 3534/1740/5973 3544/1755/5973 3552/1790/5973
f 871/3616/5974 844/3570/5974 870/3617/5974
f 923/1718/5975 947/1719/5975 936/3629/5975
f 870/3617/5976 848/3593/5976 867/3611/5976
f 936/3629/5977 905/3594/5977 923/1718/5977
f 3657/1811/5978 3356/1739/5978 3354/1698/5978
f 3374/1793/5979 3357/1741/5979 3358/1690/5979
f 669/3630/5980 671/3618/5980 650/3631/5980
f 639/3632/5981 656/3633/5981 662/3634/5981
f 658/3571/5982 656/3633/5982 635/3635/5982
f 637/3597/5983 658/3571/5983 635/3635/5983
f 688/3621/5984 689/3636/5984 678/3637/5984
f 678/3637/5985 689/3636/5985 733/3638/5985
f 636/3580/5986 637/3597/5986 611/1866/5986
f 1743/1774/5987 1744/1725/5987 1764/1727/5987
f 3108/3614/5988 3196/3623/5988 3154/3586/5988
f 3108/3614/5989 3058/3587/5989 3105/3639/5989
f 2937/3588/5990 2940/3563/5990 2941/3640/5990
f 2940/3563/5991 2942/3606/5991 2941/3640/5991
f 2941/3640/5992 2942/3606/5992 2943/1837/5992
f 2947/1806/5993 2948/3603/5993 2949/1804/5993
f 2978/1805/5994 2991/3557/5994 2998/3625/5994
f 2786/1716/5995 2763/1645/5995 2783/1821/5995
f 911/3627/5996 887/1768/5996 915/3641/5996
f 886/1871/5997 905/3594/5997 932/3642/5997
f 932/3642/5998 905/3594/5998 936/3629/5998
f 3497/1699/5999 3515/1814/5999 3516/1796/5999
f 638/3643/6000 662/3634/6000 663/3644/6000
f 638/3643/6001 663/3644/6001 641/3645/6001
f 663/3644/6002 668/3646/6002 641/3645/6002
f 641/3645/6003 668/3646/6003 642/3647/6003
f 668/3646/6004 669/3630/6004 642/3647/6004
f 642/3647/6005 669/3630/6005 649/3648/6005
f 649/3648/6006 669/3630/6006 650/3631/6006
f 650/3631/6007 671/3618/6007 665/3649/6007
f 635/3635/6008 656/3633/6008 639/3632/6008
f 665/3649/6009 671/3618/6009 666/3620/6009
f 666/3620/6010 688/3621/6010 678/3637/6010
f 634/3650/6011 637/3597/6011 635/3635/6011
f 611/1866/6012 637/3597/6012 634/3650/6012
f 604/1865/6013 636/3580/6013 611/1866/6013
f 769/3651/6014 775/3652/6014 779/3653/6014
f 2205/1797/6015 2139/1744/6015 2387/3612/6015
f 2943/1837/6016 2942/3606/6016 2977/1835/6016
f 2975/1836/6017 2969/3602/6017 2946/3654/6017
f 2946/3654/6018 2969/3602/6018 2948/3603/6018
f 3035/3655/6019 2998/3625/6019 3034/3565/6019
f 3085/3656/6020 3034/3565/6020 3079/3566/6020
f 2224/1807/6021 2321/1735/6021 2382/1882/6021
f 1016/1894/6022 1000/3592/6022 916/3609/6022
f 916/3609/6023 913/3604/6023 925/3657/6023
f 925/3657/6024 913/3604/6024 911/3627/6024
f 3173/1788/6025 3177/1752/6025 3236/1789/6025
f 887/1768/6026 888/1770/6026 912/3658/6026
f 3727/3628/6027 3708/1754/6027 3718/1858/6027
f 912/3658/6028 888/1770/6028 889/3615/6028
f 948/3659/6029 947/1719/6029 1005/3610/6029
f 639/3632/6030 662/3634/6030 638/3643/6030
f 733/3638/6031 775/3652/6031 769/3651/6031
f 590/1864/6032 633/3613/6032 604/1865/6032
f 3261/3584/6033 3208/3585/6033 3263/3660/6033
f 3139/3661/6034 3108/3614/6034 3105/3639/6034
f 3058/3587/6035 3015/3562/6035 3053/3662/6035
f 3035/3655/6036 3034/3565/6036 3085/3656/6036
f 3085/3656/6037 3079/3566/6037 3103/3626/6037
f 3103/3626/6038 3102/1753/6038 3173/1788/6038
f 1016/1894/6039 916/3609/6039 945/1892/6039
f 945/1892/6040 916/3609/6040 925/3657/6040
f 915/3641/6041 887/1768/6041 912/3658/6041
f 948/3659/6042 1005/3610/6042 1006/3663/6042
f 936/3629/6043 947/1719/6043 948/3659/6043
f 871/3616/6044 870/3617/6044 907/3664/6044
f 919/1870/6045 867/3611/6045 886/1871/6045
f 646/3665/6046 633/3613/6046 590/1864/6046
f 2158/1876/6047 2140/1780/6047 2205/1797/6047
f 3263/3660/6048 3208/3585/6048 3251/3666/6048
f 3195/3667/6049 3196/3623/6049 3108/3614/6049
f 3195/3667/6050 3108/3614/6050 3139/3661/6050
f 3105/3639/6051 3058/3587/6051 3053/3662/6051
f 3053/3662/6052 3015/3562/6052 3005/3624/6052
f 3005/3624/6053 2937/3588/6053 2941/3640/6053
f 2941/3640/6054 2943/1837/6054 2944/3668/6054
f 2943/1837/6055 2975/1836/6055 2946/3654/6055
f 925/3657/6056 911/3627/6056 926/3669/6056
f 926/3669/6057 911/3627/6057 915/3641/6057
f 915/3641/6058 912/3658/6058 927/3670/6058
f 2840/1809/6059 2814/1736/6059 2810/1823/6059
f 3729/3671/6060 3727/3628/6060 3718/1858/6060
f 889/3615/6061 871/3616/6061 917/3672/6061
f 907/3664/6062 870/3617/6062 867/3611/6062
f 907/3664/6063 867/3611/6063 919/1870/6063
f 928/1872/6064 886/1871/6064 932/3642/6064
f 612/3673/6065 634/3650/6065 635/3635/6065
f 611/1866/6066 634/3650/6066 612/3673/6066
f 592/1863/6067 611/1866/6067 612/3673/6067
f 676/3674/6068 733/3638/6068 769/3651/6068
f 1749/1862/6069 1743/1774/6069 1789/1798/6069
f 769/3651/6070 779/3653/6070 730/3675/6070
f 730/3675/6071 779/3653/6071 780/3676/6071
f 3208/3585/6072 3196/3623/6072 3251/3666/6072
f 3106/3677/6073 3105/3639/6073 3053/3662/6073
f 3006/3678/6074 3005/3624/6074 2941/3640/6074
f 2946/3654/6075 2948/3603/6075 2947/1806/6075
f 2947/1806/6076 2978/1805/6076 2963/3679/6076
f 2201/1822/6077 2224/1807/6077 2382/1882/6077
f 1009/1942/6078 925/3657/6078 926/3669/6078
f 3173/1788/6079 3236/1789/6079 3244/3680/6079
f 1024/3681/6080 1005/3610/6080 1033/1824/6080
f 918/3682/6081 871/3616/6081 907/3664/6081
f 625/3683/6082 635/3635/6082 639/3632/6082
f 612/3673/6083 635/3635/6083 625/3683/6083
f 643/3684/6084 666/3620/6084 678/3637/6084
f 678/3637/6085 733/3638/6085 676/3674/6085
f 3139/3661/6086 3105/3639/6086 3106/3677/6086
f 3053/3662/6087 3005/3624/6087 3052/3685/6087
f 3006/3678/6088 2941/3640/6088 3007/3686/6088
f 3007/3686/6089 2941/3640/6089 2944/3668/6089
f 2943/1837/6090 2946/3654/6090 2945/3687/6090
f 2946/3654/6091 2947/1806/6091 2945/3687/6091
f 2945/3687/6092 2947/1806/6092 2963/3679/6092
f 2978/1805/6093 2998/3625/6093 2997/3688/6093
f 2998/3625/6094 3035/3655/6094 3030/3689/6094
f 3035/3655/6095 3085/3656/6095 3078/3690/6095
f 3085/3656/6096 3103/3626/6096 3113/3691/6096
f 945/1892/6097 925/3657/6097 1010/1940/6097
f 1010/1940/6098 925/3657/6098 1009/1942/6098
f 926/3669/6099 915/3641/6099 927/3670/6099
f 927/3670/6100 912/3658/6100 922/3692/6100
f 922/3692/6101 912/3658/6101 889/3615/6101
f 922/3692/6102 889/3615/6102 917/3672/6102
f 1006/3663/6103 1005/3610/6103 1024/3681/6103
f 917/3672/6104 871/3616/6104 918/3682/6104
f 907/3664/6105 919/1870/6105 924/1956/6105
f 3545/1812/6106 3554/1873/6106 3517/1813/6106
f 576/3693/6107 646/3665/6107 590/1864/6107
f 730/3675/6108 780/3676/6108 764/3694/6108
f 3106/3677/6109 3053/3662/6109 3052/3685/6109
f 3052/3685/6110 3005/3624/6110 3006/3678/6110
f 2944/3668/6111 2943/1837/6111 2945/3687/6111
f 2962/3695/6112 2944/3668/6112 2945/3687/6112
f 2997/3688/6113 2998/3625/6113 3030/3689/6113
f 3030/3689/6114 3035/3655/6114 3078/3690/6114
f 1068/3696/6115 1016/1894/6115 1017/1893/6115
f 1069/1974/6116 1068/3696/6116 1017/1893/6116
f 3235/3697/6117 3173/1788/6117 3244/3680/6117
f 1033/1824/6118 1055/1826/6118 1043/1990/6118
f 936/3629/6119 948/3659/6119 958/3698/6119
f 958/3698/6120 948/3659/6120 1006/3663/6120
f 924/1956/6121 919/1870/6121 928/1872/6121
f 638/3643/6122 641/3645/6122 613/3699/6122
f 613/3699/6123 641/3645/6123 642/3647/6123
f 624/3700/6124 642/3647/6124 649/3648/6124
f 602/3701/6125 639/3632/6125 638/3643/6125
f 640/3702/6126 650/3631/6126 665/3649/6126
f 602/3701/6127 625/3683/6127 639/3632/6127
f 640/3702/6128 665/3649/6128 666/3620/6128
f 612/3673/6129 625/3683/6129 597/3703/6129
f 643/3684/6130 678/3637/6130 653/3704/6130
f 592/1863/6131 612/3673/6131 596/1931/6131
f 769/3651/6132 730/3675/6132 676/3674/6132
f 573/3705/6133 590/1864/6133 592/1863/6133
f 576/3693/6134 590/1864/6134 573/3705/6134
f 3195/3667/6135 3251/3666/6135 3196/3623/6135
f 3140/3706/6136 3139/3661/6136 3106/3677/6136
f 3113/3691/6137 3103/3626/6137 3180/3707/6137
f 3180/3707/6138 3103/3626/6138 3173/1788/6138
f 1008/1943/6139 1009/1942/6139 926/3669/6139
f 2810/1823/6140 2795/1855/6140 2801/1985/6140
f 1043/1990/6141 1055/1826/6141 1066/3708/6141
f 3718/1858/6142 3725/3709/6142 3729/3671/6142
f 1024/3681/6143 1033/1824/6143 1043/1990/6143
f 932/3642/6144 936/3629/6144 958/3698/6144
f 613/3699/6145 642/3647/6145 624/3700/6145
f 608/3710/6146 638/3643/6146 613/3699/6146
f 624/3700/6147 649/3648/6147 640/3702/6147
f 649/3648/6148 650/3631/6148 640/3702/6148
f 597/3703/6149 625/3683/6149 602/3701/6149
f 640/3702/6150 666/3620/6150 643/3684/6150
f 653/3704/6151 678/3637/6151 676/3674/6151
f 1466/1920/6152 1468/1846/6152 1457/1886/6152
f 3195/3667/6153 3139/3661/6153 3197/3711/6153
f 3052/3685/6154 3006/3678/6154 3044/3712/6154
f 3006/3678/6155 3007/3686/6155 3044/3712/6155
f 2944/3668/6156 2962/3695/6156 3008/3713/6156
f 2945/3687/6157 2963/3679/6157 2992/3714/6157
f 2963/3679/6158 2978/1805/6158 2997/3688/6158
f 3078/3690/6159 3085/3656/6159 3109/3715/6159
f 3085/3656/6160 3113/3691/6160 3109/3715/6160
f 1017/1893/6161 945/1892/6161 1010/1940/6161
f 1018/1941/6162 1010/1940/6162 1009/1942/6162
f 3180/3707/6163 3173/1788/6163 3235/3697/6163
f 1008/1943/6164 926/3669/6164 950/1983/6164
f 926/3669/6165 927/3670/6165 950/1983/6165
f 3725/3709/6166 3718/1858/6166 3707/1912/6166
f 1028/1989/6167 1024/3681/6167 1043/1990/6167
f 922/3692/6168 917/3672/6168 930/2008/6168
f 1006/3663/6169 1024/3681/6169 1028/1989/6169
f 929/3716/6170 917/3672/6170 918/3682/6170
f 931/3717/6171 907/3664/6171 924/1956/6171
f 952/2082/6172 932/3642/6172 958/3698/6172
f 602/3701/6173 638/3643/6173 608/3710/6173
f 596/1931/6174 612/3673/6174 597/3703/6174
f 573/3705/6175 592/1863/6175 578/1932/6175
f 3140/3706/6176 3106/3677/6176 3124/3718/6176
f 3124/3718/6177 3106/3677/6177 3052/3685/6177
f 3044/3712/6178 3007/3686/6178 3045/3719/6178
f 3007/3686/6179 2944/3668/6179 3008/3713/6179
f 3008/3713/6180 2962/3695/6180 2995/3720/6180
f 2962/3695/6181 2945/3687/6181 2995/3720/6181
f 2995/3720/6182 2945/3687/6182 2992/3714/6182
f 2997/3688/6183 2992/3714/6183 2963/3679/6183
f 3029/3721/6184 2997/3688/6184 3030/3689/6184
f 3109/3715/6185 3113/3691/6185 3180/3707/6185
f 1023/1939/6186 1017/1893/6186 1010/1940/6186
f 3244/3680/6187 3257/3722/6187 3235/3697/6187
f 930/2008/6188 917/3672/6188 929/3716/6188
f 958/3698/6189 1006/3663/6189 1028/1989/6189
f 918/3682/6190 907/3664/6190 931/3717/6190
f 949/1955/6191 928/1872/6191 952/2082/6191
f 928/1872/6192 932/3642/6192 952/2082/6192
f 573/3705/6193 578/1932/6193 564/3723/6193
f 2158/1876/6194 2390/1885/6194 2360/1947/6194
f 3252/3724/6195 3195/3667/6195 3197/3711/6195
f 3140/3706/6196 3197/3711/6196 3139/3661/6196
f 3082/3725/6197 3030/3689/6197 3078/3690/6197
f 1069/1974/6198 1017/1893/6198 1023/1939/6198
f 927/3670/6199 922/3692/6199 930/2008/6199
f 950/1983/6200 927/3670/6200 930/2008/6200
f 613/3699/6201 624/3700/6201 601/3726/6201
f 614/3727/6202 640/3702/6202 643/3684/6202
f 581/3728/6203 597/3703/6203 602/3701/6203
f 632/3729/6204 643/3684/6204 653/3704/6204
f 577/1959/6205 596/1931/6205 597/3703/6205
f 653/3704/6206 676/3674/6206 652/3730/6206
f 675/3731/6207 676/3674/6207 730/3675/6207
f 675/3731/6208 730/3675/6208 681/3732/6208
f 560/3733/6209 573/3705/6209 564/3723/6209
f 730/3675/6210 764/3694/6210 681/3732/6210
f 576/3693/6211 573/3705/6211 560/3733/6211
f 764/3694/6212 774/3734/6212 732/3735/6212
f 732/3735/6213 774/3734/6213 738/3736/6213
f 3252/3724/6214 3251/3666/6214 3195/3667/6214
f 3238/3737/6215 3197/3711/6215 3193/3738/6215
f 3193/3738/6216 3197/3711/6216 3140/3706/6216
f 3193/3738/6217 3140/3706/6217 3124/3718/6217
f 3112/3739/6218 3052/3685/6218 3044/3712/6218
f 3045/3719/6219 3007/3686/6219 3008/3713/6219
f 2992/3714/6220 2997/3688/6220 3029/3721/6220
f 3029/3721/6221 3030/3689/6221 3082/3725/6221
f 3078/3690/6222 3109/3715/6222 3114/3740/6222
f 3109/3715/6223 3180/3707/6223 3183/2078/6223
f 3180/3707/6224 3235/3697/6224 3241/2079/6224
f 1036/1979/6225 1008/1943/6225 1020/1984/6225
f 1020/1984/6226 950/1983/6226 1019/2058/6226
f 3257/3722/6227 3242/3741/6227 3235/3697/6227
f 1043/1990/6228 1066/3708/6228 1054/1988/6228
f 1015/2083/6229 958/3698/6229 1028/1989/6229
f 3687/2010/6230 3707/1912/6230 3675/1896/6230
f 931/3717/6231 924/1956/6231 944/3742/6231
f 944/3742/6232 924/1956/6232 949/1955/6232
f 3649/1827/6233 3656/1991/6233 3675/1896/6233
f 594/3743/6234 608/3710/6234 613/3699/6234
f 594/3743/6235 613/3699/6235 601/3726/6235
f 589/3744/6236 602/3701/6236 608/3710/6236
f 581/3728/6237 602/3701/6237 589/3744/6237
f 652/3730/6238 676/3674/6238 675/3731/6238
f 681/3732/6239 764/3694/6239 732/3735/6239
f 575/2028/6240 576/3693/6240 560/3733/6240
f 575/2028/6241 560/3733/6241 552/2029/6241
f 3252/3724/6242 3197/3711/6242 3238/3737/6242
f 3124/3718/6243 3052/3685/6243 3112/3739/6243
f 3044/3712/6244 3045/3719/6244 3093/3745/6244
f 3045/3719/6245 3008/3713/6245 3040/3746/6245
f 3040/3746/6246 3008/3713/6246 2995/3720/6246
f 2995/3720/6247 2992/3714/6247 3037/3747/6247
f 3037/3747/6248 2992/3714/6248 3029/3721/6248
f 3088/3748/6249 3029/3721/6249 3082/3725/6249
f 3114/3740/6250 3082/3725/6250 3078/3690/6250
f 1071/1973/6251 1023/1939/6251 1080/2036/6251
f 2801/1985/6252 2795/1855/6252 2796/1978/6252
f 3241/2079/6253 3235/3697/6253 3242/3741/6253
f 1054/1988/6254 1066/3708/6254 1078/3749/6254
f 3725/3709/6255 3707/1912/6255 3715/2011/6255
f 930/2008/6256 929/3716/6256 946/3750/6256
f 929/3716/6257 918/3682/6257 946/3750/6257
f 946/3750/6258 918/3682/6258 931/3717/6258
f 3596/2014/6259 3607/1958/6259 3587/1884/6259
f 589/3744/6260 608/3710/6260 594/3743/6260
f 601/3726/6261 624/3700/6261 610/3751/6261
f 624/3700/6262 640/3702/6262 614/3727/6262
f 614/3727/6263 643/3684/6263 632/3729/6263
f 577/1959/6264 597/3703/6264 581/3728/6264
f 632/3729/6265 653/3704/6265 652/3730/6265
f 3150/3752/6266 3193/3738/6266 3124/3718/6266
f 3150/3752/6267 3124/3718/6267 3112/3739/6267
f 3112/3739/6268 3044/3712/6268 3093/3745/6268
f 3093/3745/6269 3045/3719/6269 3040/3746/6269
f 3040/3746/6270 2995/3720/6270 3037/3747/6270
f 3114/3740/6271 3109/3715/6271 3183/2078/6271
f 3241/2079/6272 3183/2078/6272 3180/3707/6272
f 2196/2023/6273 2198/1972/6273 2384/1971/6273
f 1019/2058/6274 950/1983/6274 1011/2009/6274
f 1011/2009/6275 930/2008/6275 946/3750/6275
f 1040/2127/6276 1028/1989/6276 1052/2026/6276
f 1015/2083/6277 1028/1989/6277 1040/2127/6277
f 3580/1926/6278 3593/2007/6278 3594/2027/6278
f 946/3750/6279 931/3717/6279 951/2101/6279
f 951/2101/6280 931/3717/6280 944/3742/6280
f 952/2082/6281 958/3698/6281 1015/2083/6281
f 3626/1914/6282 3648/2012/6282 3632/1898/6282
f 610/3751/6283 624/3700/6283 614/3727/6283
f 628/3753/6284 632/3729/6284 652/3730/6284
f 578/1932/6285 577/1959/6285 564/3723/6285
f 3150/3752/6286 3112/3739/6286 3145/3754/6286
f 3093/3745/6287 3040/3746/6287 3094/3755/6287
f 3037/3747/6288 3029/3721/6288 3088/3748/6288
f 3114/3740/6289 3117/3756/6289 3082/3725/6289
f 3182/3757/6290 3114/3740/6290 3183/2078/6290
f 1657/2022/6291 1672/1980/6291 1664/1981/6291
f 3601/1987/6292 3611/2126/6292 3593/2007/6292
f 3715/2011/6293 3730/2096/6293 3725/3709/6293
f 944/3742/6294 949/1955/6294 1007/3758/6294
f 1007/3758/6295 949/1955/6295 952/2082/6295
f 3687/2010/6296 3656/1991/6296 3664/3759/6296
f 574/3760/6297 589/3744/6297 594/3743/6297
f 574/3760/6298 594/3743/6298 582/3761/6298
f 593/3762/6299 601/3726/6299 610/3751/6299
f 581/3728/6300 589/3744/6300 570/2154/6300
f 565/3763/6301 564/3723/6301 577/1959/6301
f 628/3753/6302 652/3730/6302 648/3764/6302
f 648/3764/6303 675/3731/6303 681/3732/6303
f 1444/2000/6304 1447/1962/6304 1436/2070/6304
f 550/3765/6305 552/2029/6305 560/3733/6305
f 680/3766/6306 681/3732/6306 732/3735/6306
f 673/2030/6307 552/2029/6307 563/2159/6307
f 3193/3738/6308 3150/3752/6308 3200/3767/6308
f 3145/3754/6309 3112/3739/6309 3093/3745/6309
f 3040/3746/6310 3037/3747/6310 3091/3768/6310
f 3088/3748/6311 3082/3725/6311 3117/3756/6311
f 3250/2077/6312 3241/2079/6312 3242/3741/6312
f 1073/2098/6313 1054/1988/6313 1078/3749/6313
f 3687/2010/6314 3696/2181/6314 3715/2011/6314
f 951/2101/6315 944/3742/6315 1012/2102/6315
f 3581/1995/6316 3595/2065/6316 3588/2013/6316
f 582/3761/6317 594/3743/6317 601/3726/6317
f 570/2154/6318 589/3744/6318 574/3760/6318
f 614/3727/6319 632/3729/6319 603/3769/6319
f 569/2153/6320 577/1959/6320 581/3728/6320
f 615/3770/6321 632/3729/6321 628/3753/6321
f 551/3771/6322 564/3723/6322 565/3763/6322
f 648/3764/6323 652/3730/6323 675/3731/6323
f 550/3765/6324 564/3723/6324 551/3771/6324
f 648/3764/6325 681/3732/6325 680/3766/6325
f 560/3733/6326 564/3723/6326 550/3765/6326
f 734/3772/6327 738/3736/6327 770/3773/6327
f 734/3772/6328 770/3773/6328 762/3774/6328
f 3238/3737/6329 3193/3738/6329 3246/3775/6329
f 3246/3775/6330 3193/3738/6330 3200/3767/6330
f 3145/3754/6331 3093/3745/6331 3123/3776/6331
f 3123/3776/6332 3093/3745/6332 3094/3755/6332
f 3094/3755/6333 3040/3746/6333 3091/3768/6333
f 3091/3768/6334 3037/3747/6334 3104/3777/6334
f 3037/3747/6335 3088/3748/6335 3104/3777/6335
f 1665/2038/6336 1678/2037/6336 1656/2093/6336
f 1052/2026/6337 1054/1988/6337 1073/2098/6337
f 3722/2094/6338 3730/2096/6338 3715/2011/6338
f 1011/2009/6339 946/3750/6339 1022/2150/6339
f 3593/2007/6340 3612/2149/6340 3605/2060/6340
f 1038/2183/6341 1015/2083/6341 1040/2127/6341
f 3696/2181/6342 3687/2010/6342 3664/3759/6342
f 1007/3758/6343 952/2082/6343 1014/2081/6343
f 3584/1992/6344 3597/2040/6344 3585/1993/6344
f 3585/1993/6345 3597/2040/6345 3598/2062/6345
f 3607/1958/6346 3631/2064/6346 3618/1944/6346
f 582/3761/6347 601/3726/6347 593/3762/6347
f 593/3762/6348 610/3751/6348 603/3769/6348
f 610/3751/6349 614/3727/6349 603/3769/6349
f 569/2153/6350 581/3728/6350 570/2154/6350
f 615/3770/6351 603/3769/6351 632/3729/6351
f 565/3763/6352 577/1959/6352 569/2153/6352
f 552/2029/6353 550/3765/6353 542/3778/6353
f 539/3779/6354 552/2029/6354 542/3778/6354
f 563/2159/6355 552/2029/6355 539/3779/6355
f 692/3780/6356 732/3735/6356 738/3736/6356
f 692/3780/6357 738/3736/6357 734/3772/6357
f 3123/3776/6358 3094/3755/6358 3119/3781/6358
f 3104/3777/6359 3088/3748/6359 3118/3782/6359
f 3118/3782/6360 3088/3748/6360 3117/3756/6360
f 3117/3756/6361 3114/3740/6361 3182/3757/6361
f 1693/2119/6362 1694/2051/6362 1652/2052/6362
f 3182/3757/6363 3183/2078/6363 3240/3783/6363
f 1638/2143/6364 1642/2054/6364 1654/2056/6364
f 3240/3783/6365 3183/2078/6365 3250/2077/6365
f 1654/2056/6366 1665/2038/6366 1655/2123/6366
f 3611/2126/6367 3634/3784/6367 3627/2124/6367
f 2597/2146/6368 2598/1986/6368 2593/2057/6368
f 3593/2007/6369 3611/2126/6369 3612/2149/6369
f 3696/2181/6370 3722/2094/6370 3715/2011/6370
f 1022/2150/6371 946/3750/6371 951/2101/6371
f 1022/2150/6372 951/2101/6372 1021/2100/6372
f 1038/2183/6373 1014/2081/6373 1015/2083/6373
f 1012/2102/6374 944/3742/6374 1007/3758/6374
f 3623/2106/6375 3631/2064/6375 3607/1958/6375
f 680/3766/6376 732/3735/6376 692/3780/6376
f 3200/3767/6377 3150/3752/6377 3145/3754/6377
f 3126/3785/6378 3091/3768/6378 3104/3777/6378
f 1633/2089/6379 1643/2053/6379 1631/2090/6379
f 3611/2126/6380 3614/2125/6380 3612/2149/6380
f 3714/2176/6381 3722/2094/6381 3696/2181/6381
f 1014/2081/6382 1038/2183/6382 1035/2197/6382
f 3594/2027/6383 3605/2060/6383 3606/2099/6383
f 3664/3759/6384 3648/2012/6384 3653/2103/6384
f 3648/2012/6385 3664/3759/6385 3656/1991/6385
f 3589/1957/6386 3602/2061/6386 3597/2040/6386
f 565/3763/6387 569/2153/6387 548/2155/6387
f 550/3765/6388 551/3771/6388 543/3786/6388
f 2161/2019/6389 2310/2042/6389 2247/2131/6389
f 691/3787/6390 734/3772/6390 713/3788/6390
f 3189/3789/6391 3200/3767/6391 3145/3754/6391
f 3094/3755/6392 3091/3768/6392 3119/3781/6392
f 3119/3781/6393 3091/3768/6393 3126/3785/6393
f 3179/3790/6394 3117/3756/6394 3182/3757/6394
f 1630/2120/6395 1642/2054/6395 1638/2143/6395
f 3240/3783/6396 3231/2269/6396 3182/3757/6396
f 1038/2183/6397 1040/2127/6397 1065/2179/6397
f 1021/2100/6398 1012/2102/6398 1032/2198/6398
f 1012/2102/6399 1007/3758/6399 1029/2199/6399
f 1007/3758/6400 1014/2081/6400 1035/2197/6400
f 1029/2199/6401 1007/3758/6401 1035/2197/6401
f 3602/2061/6402 3608/3791/6402 3597/2040/6402
f 567/3792/6403 574/3760/6403 582/3761/6403
f 593/3762/6404 603/3769/6404 580/3793/6404
f 580/3793/6405 603/3769/6405 595/3794/6405
f 603/3769/6406 615/3770/6406 595/3794/6406
f 595/3794/6407 615/3770/6407 609/3795/6407
f 609/3795/6408 615/3770/6408 628/3753/6408
f 620/3796/6409 628/3753/6409 648/3764/6409
f 620/3796/6410 648/3764/6410 631/3797/6410
f 631/3797/6411 648/3764/6411 651/3798/6411
f 651/3798/6412 648/3764/6412 680/3766/6412
f 1434/2107/6413 1436/2070/6413 1427/2158/6413
f 691/3787/6414 692/3780/6414 734/3772/6414
f 520/2160/6415 563/2159/6415 539/3779/6415
f 713/3788/6416 734/3772/6416 762/3774/6416
f 713/3788/6417 762/3774/6417 763/3799/6417
f 3189/3789/6418 3145/3754/6418 3123/3776/6418
f 3118/3782/6419 3117/3756/6419 3179/3790/6419
f 3627/2124/6420 3634/3784/6420 3639/2173/6420
f 3627/2124/6421 3639/2173/6421 3640/2175/6421
f 3627/2124/6422 3640/2175/6422 3614/2125/6422
f 3614/2125/6423 3622/2221/6423 3605/2060/6423
f 3664/3759/6424 3693/2180/6424 3696/2181/6424
f 3597/2040/6425 3608/3791/6425 3610/2151/6425
f 3653/2103/6426 3631/2064/6426 3645/2201/6426
f 3623/2106/6427 3645/2201/6427 3631/2064/6427
f 567/3792/6428 582/3761/6428 572/3800/6428
f 572/3800/6429 582/3761/6429 593/3762/6429
f 572/3800/6430 593/3762/6430 580/3793/6430
f 561/3801/6431 570/2154/6431 574/3760/6431
f 561/3801/6432 574/3760/6432 567/3792/6432
f 551/3771/6433 565/3763/6433 548/2155/6433
f 609/3795/6434 628/3753/6434 620/3796/6434
f 657/3802/6435 651/3798/6435 680/3766/6435
f 542/3778/6436 550/3765/6436 543/3786/6436
f 1427/2158/6437 1431/2043/6437 1420/2205/6437
f 539/3779/6438 542/3778/6438 523/3803/6438
f 3237/3804/6439 3200/3767/6439 3189/3789/6439
f 3189/3789/6440 3123/3776/6440 3181/3805/6440
f 3181/3805/6441 3123/3776/6441 3119/3781/6441
f 3174/3806/6442 3119/3781/6442 3126/3785/6442
f 3174/3806/6443 3126/3785/6443 3175/3807/6443
f 3175/3807/6444 3126/3785/6444 3104/3777/6444
f 3178/3808/6445 3175/3807/6445 3104/3777/6445
f 3178/3808/6446 3104/3777/6446 3118/3782/6446
f 3178/3808/6447 3118/3782/6447 3184/3809/6447
f 3184/3809/6448 3118/3782/6448 3179/3790/6448
f 1637/2239/6449 1638/2143/6449 1655/2123/6449
f 3672/2286/6450 3693/2180/6450 3664/3759/6450
f 3602/2061/6451 3606/2099/6451 3609/2284/6451
f 3602/2061/6452 3609/2284/6452 3608/3791/6452
f 3653/2103/6453 3672/2286/6453 3664/3759/6453
f 3616/2105/6454 3637/2200/6454 3623/2106/6454
f 561/3801/6455 567/3792/6455 549/3810/6455
f 548/2155/6456 570/2154/6456 561/3801/6456
f 657/3802/6457 680/3766/6457 692/3780/6457
f 523/3803/6458 542/3778/6458 543/3786/6458
f 657/3802/6459 692/3780/6459 691/3787/6459
f 539/3779/6460 523/3803/6460 481/3811/6460
f 520/2160/6461 539/3779/6461 481/3811/6461
f 760/3812/6462 713/3788/6462 763/3799/6462
f 3243/3813/6463 3237/3804/6463 3189/3789/6463
f 3174/3806/6464 3181/3805/6464 3119/3781/6464
f 3231/2269/6465 3179/3790/6465 3182/3757/6465
f 2587/2364/6466 2589/2219/6466 2584/2193/6466
f 3262/3814/6467 3240/3783/6467 3250/2077/6467
f 2596/2145/6468 2591/2172/6468 2595/2244/6468
f 3614/2125/6469 3640/2175/6469 3641/2220/6469
f 1659/2195/6470 1677/2178/6470 1666/2279/6470
f 3605/2060/6471 3622/2221/6471 3606/2099/6471
f 3662/2248/6472 3672/2286/6472 3653/2103/6472
f 544/3815/6473 548/2155/6473 561/3801/6473
f 543/3786/6474 551/3771/6474 538/3816/6474
f 551/3771/6475 548/2155/6475 538/3816/6475
f 654/3817/6476 657/3802/6476 691/3787/6476
f 693/3818/6477 713/3788/6477 760/3812/6477
f 693/3818/6478 760/3812/6478 709/3819/6478
f 736/3820/6479 709/3819/6479 760/3812/6479
f 3230/3821/6480 3189/3789/6480 3181/3805/6480
f 3231/2269/6481 3234/2271/6481 3179/3790/6481
f 1632/2171/6482 1638/2143/6482 1620/2240/6482
f 3247/2270/6483 3231/2269/6483 3240/3783/6483
f 3639/2173/6484 3661/2242/6484 3650/2174/6484
f 3726/3822/6485 3733/2177/6485 3714/2176/6485
f 3640/2175/6486 3650/2174/6486 3641/2220/6486
f 1056/2246/6487 1035/2197/6487 1059/2182/6487
f 3609/2284/6488 3620/2393/6488 3608/3791/6488
f 3608/3791/6489 3620/2393/6489 3621/2395/6489
f 3608/3791/6490 3621/2395/6490 3610/2151/6490
f 3645/2201/6491 3655/2247/6491 3653/2103/6491
f 572/3800/6492 580/3793/6492 559/3823/6492
f 571/3824/6493 580/3793/6493 595/3794/6493
f 588/3825/6494 595/3794/6494 609/3795/6494
f 605/3826/6495 609/3795/6495 620/3796/6495
f 605/3826/6496 620/3796/6496 631/3797/6496
f 537/3827/6497 543/3786/6497 538/3816/6497
f 607/3828/6498 631/3797/6498 651/3798/6498
f 607/3828/6499 651/3798/6499 657/3802/6499
f 523/3803/6500 543/3786/6500 537/3827/6500
f 520/2160/6501 481/3811/6501 463/3829/6501
f 522/2289/6502 591/2161/6502 520/2160/6502
f 1409/2298/6503 1403/2255/6503 1410/2231/6503
f 3243/3813/6504 3189/3789/6504 3230/3821/6504
f 1611/2264/6505 1625/2234/6505 1561/2265/6505
f 3663/2241/6506 3677/2334/6506 3661/2242/6506
f 3264/3830/6507 3240/3783/6507 3262/3814/6507
f 3734/3831/6508 3733/2177/6508 3726/3822/6508
f 3726/3822/6509 3714/2176/6509 3709/3832/6509
f 1059/2182/6510 1065/2179/6510 1079/2245/6510
f 3709/3832/6511 3714/2176/6511 3693/2180/6511
f 1057/2282/6512 1029/2199/6512 1056/2246/6512
f 3606/2099/6513 3622/2221/6513 3609/2284/6513
f 3610/2151/6514 3621/2395/6514 3615/2202/6514
f 3615/2202/6515 3625/2425/6515 3604/2152/6515
f 3604/2152/6516 3625/2425/6516 3628/3833/6516
f 3604/2152/6517 3628/3833/6517 3629/2249/6517
f 3619/2184/6518 3636/3834/6518 3616/2105/6518
f 3636/3834/6519 3637/2200/6519 3616/2105/6519
f 559/3823/6520 567/3792/6520 572/3800/6520
f 559/3823/6521 580/3793/6521 571/3824/6521
f 544/3815/6522 561/3801/6522 549/3810/6522
f 571/3824/6523 595/3794/6523 588/3825/6523
f 588/3825/6524 609/3795/6524 587/3835/6524
f 607/3828/6525 657/3802/6525 654/3817/6525
f 679/3836/6526 654/3817/6526 691/3787/6526
f 481/3811/6527 523/3803/6527 467/3837/6527
f 679/3836/6528 691/3787/6528 713/3788/6528
f 679/3836/6529 713/3788/6529 693/3818/6529
f 522/2289/6530 520/2160/6530 473/2290/6530
f 473/2290/6531 520/2160/6531 463/3829/6531
f 1494/2297/6532 1410/2231/6532 1495/2260/6532
f 3181/3805/6533 3174/3806/6533 3228/3838/6533
f 3228/3838/6534 3174/3806/6534 3175/3807/6534
f 3178/3808/6535 3184/3809/6535 3232/3839/6535
f 1560/2236/6536 1580/2266/6536 1559/2327/6536
f 3184/3809/6537 3179/3790/6537 3234/2271/6537
f 2587/2364/6538 2584/2193/6538 2580/2238/6538
f 3663/2241/6539 3704/3840/6539 3677/2334/6539
f 3264/3830/6540 3247/2270/6540 3240/3783/6540
f 3672/2286/6541 3686/2285/6541 3693/2180/6541
f 3629/2249/6542 3636/3834/6542 3619/2184/6542
f 549/3810/6543 567/3792/6543 559/3823/6543
f 538/3816/6544 548/2155/6544 544/3815/6544
f 587/3835/6545 609/3795/6545 605/3826/6545
f 607/3828/6546 605/3826/6546 631/3797/6546
f 463/3829/6547 481/3811/6547 467/3837/6547
f 709/3819/6548 736/3820/6548 706/3841/6548
f 1409/2298/6549 1494/2297/6549 1496/2351/6549
f 3228/3838/6550 3230/3821/6550 3181/3805/6550
f 3229/3842/6551 3228/3838/6551 3175/3807/6551
f 3229/3842/6552 3175/3807/6552 3178/3808/6552
f 3233/3843/6553 3229/3842/6553 3178/3808/6553
f 3232/3839/6554 3233/3843/6554 3178/3808/6554
f 3234/2271/6555 3232/3839/6555 3184/3809/6555
f 3267/3844/6556 3247/2270/6556 3264/3830/6556
f 3650/2174/6557 3660/2308/6557 3641/2220/6557
f 3641/2220/6558 3630/2283/6558 3622/2221/6558
f 3686/2285/6559 3709/3832/6559 3693/2180/6559
f 3609/2284/6560 3630/2283/6560 3620/2393/6560
f 3637/2200/6561 3636/3834/6561 3655/2247/6561
f 549/3810/6562 559/3823/6562 536/3845/6562
f 544/3815/6563 549/3810/6563 536/3845/6563
f 566/3846/6564 571/3824/6564 588/3825/6564
f 538/3816/6565 544/3815/6565 535/3847/6565
f 523/3803/6566 537/3827/6566 519/3848/6566
f 467/3837/6567 523/3803/6567 519/3848/6567
f 679/3836/6568 693/3818/6568 684/3849/6568
f 473/2290/6569 463/3829/6569 464/3850/6569
f 473/2290/6570 464/3850/6570 468/3851/6570
f 706/3841/6571 736/3820/6571 715/3852/6571
f 3256/3853/6572 3232/3839/6572 3234/2271/6572
f 3704/3840/6573 3720/3854/6573 3699/3855/6573
f 3704/3840/6574 3699/3855/6574 3677/2334/6574
f 3660/2308/6575 3661/2242/6575 3674/3856/6575
f 3724/3857/6576 3734/3831/6576 3726/3822/6576
f 3669/2367/6577 3686/2285/6577 3662/2248/6577
f 3630/2283/6578 3633/2394/6578 3620/2393/6578
f 540/3858/6579 536/3845/6579 559/3823/6579
f 559/3823/6580 571/3824/6580 554/3859/6580
f 535/3847/6581 544/3815/6581 536/3845/6581
f 566/3846/6582 588/3825/6582 587/3835/6582
f 587/3835/6583 605/3826/6583 586/3860/6583
f 586/3860/6584 605/3826/6584 607/3828/6584
f 627/3861/6585 607/3828/6585 654/3817/6585
f 627/3861/6586 654/3817/6586 626/3862/6586
f 626/3862/6587 654/3817/6587 679/3836/6587
f 463/3829/6588 467/3837/6588 460/2444/6588
f 684/3849/6589 626/3862/6589 679/3836/6589
f 709/3819/6590 684/3849/6590 693/3818/6590
f 545/2348/6591 473/2290/6591 468/3851/6591
f 731/3863/6592 715/3852/6592 736/3820/6592
f 761/3864/6593 731/3863/6593 736/3820/6593
f 761/3864/6594 771/3865/6594 751/3866/6594
f 1526/2355/6595 1540/2381/6595 1530/2380/6595
f 1592/2362/6596 1613/2272/6596 1612/2363/6596
f 2587/2364/6597 2580/2238/6597 2583/2385/6597
f 3234/2271/6598 3247/2270/6598 3258/3867/6598
f 3720/3854/6599 3721/3868/6599 3699/3855/6599
f 3267/3844/6600 3258/3867/6600 3247/2270/6600
f 3677/2334/6601 3699/3855/6601 3681/2335/6601
f 3661/2242/6602 3681/2335/6602 3674/3856/6602
f 3724/3857/6603 3737/3869/6603 3734/3831/6603
f 1648/2406/6604 1681/2343/6604 1682/2278/6604
f 3710/3870/6605 3724/3857/6605 3709/3832/6605
f 3709/3832/6606 3724/3857/6606 3726/3822/6606
f 1646/2408/6607 1673/2341/6607 1670/2390/6607
f 3691/3871/6608 3710/3870/6608 3709/3832/6608
f 3686/2285/6609 3691/3871/6609 3709/3832/6609
f 3615/2202/6610 3621/2395/6610 3638/2423/6610
f 3636/3834/6611 3658/3872/6611 3655/2247/6611
f 3615/2202/6612 3638/2423/6612 3625/2425/6612
f 3629/2249/6613 3647/3873/6613 3636/3834/6613
f 3647/3873/6614 3658/3872/6614 3636/3834/6614
f 540/3858/6615 559/3823/6615 554/3859/6615
f 554/3859/6616 571/3824/6616 566/3846/6616
f 533/3874/6617 538/3816/6617 535/3847/6617
f 537/3827/6618 538/3816/6618 533/3874/6618
f 606/3875/6619 607/3828/6619 627/3861/6619
f 467/3837/6620 519/3848/6620 462/3876/6620
f 463/3829/6621 460/2444/6621 461/2446/6621
f 464/3850/6622 463/3829/6622 461/2446/6622
f 468/3851/6623 464/3850/6623 465/3877/6623
f 475/2399/6624 468/3851/6624 465/3877/6624
f 545/2348/6625 468/3851/6625 475/2399/6625
f 751/3866/6626 731/3863/6626 761/3864/6626
f 765/3878/6627 751/3866/6627 771/3865/6627
f 765/3878/6628 771/3865/6628 772/3879/6628
f 3253/3880/6629 3229/3842/6629 3233/3843/6629
f 3253/3880/6630 3233/3843/6630 3232/3839/6630
f 3256/3853/6631 3253/3880/6631 3232/3839/6631
f 754/3881/6632 726/3882/6632 711/2418/6632
f 754/3881/6633 711/2418/6633 741/3883/6633
f 1612/2363/6634 1620/2240/6634 1607/2419/6634
f 1668/2405/6635 1689/2336/6635 1669/2452/6635
f 3641/2220/6636 3660/2308/6636 3651/2392/6636
f 3630/2283/6637 3651/2392/6637 3633/2394/6637
f 3669/2367/6638 3691/3871/6638 3686/2285/6638
f 3658/3872/6639 3669/2367/6639 3655/2247/6639
f 3625/2425/6640 3643/2424/6640 3628/3833/6640
f 3628/3833/6641 3643/2424/6641 3646/3884/6641
f 3628/3833/6642 3646/3884/6642 3629/2249/6642
f 566/3846/6643 587/3835/6643 562/3885/6643
f 562/3885/6644 587/3835/6644 586/3860/6644
f 519/3848/6645 537/3827/6645 533/3874/6645
f 606/3875/6646 586/3860/6646 607/3828/6646
f 606/3875/6647 627/3861/6647 626/3862/6647
f 644/3886/6648 626/3862/6648 684/3849/6648
f 1395/2410/6649 1400/2346/6649 1390/2372/6649
f 465/3877/6650 464/3850/6650 461/2446/6650
f 684/3849/6651 709/3819/6651 706/3841/6651
f 684/3849/6652 706/3841/6652 683/3887/6652
f 524/2400/6653 475/2399/6653 480/3888/6653
f 497/3889/6654 524/2400/6654 480/3888/6654
f 2246/2402/6655 2179/2374/6655 2378/3890/6655
f 3253/3880/6656 3254/3891/6656 3229/3842/6656
f 778/3892/6657 703/3893/6657 695/2416/6657
f 726/3882/6658 778/3892/6658 695/2416/6658
f 726/3882/6659 695/2416/6659 711/2418/6659
f 3258/3867/6660 3256/3853/6660 3234/2271/6660
f 1592/2362/6661 1612/2363/6661 1591/2420/6661
f 767/3894/6662 781/3895/6662 783/3896/6662
f 3674/3856/6663 3673/2504/6663 3660/2308/6663
f 3621/2395/6664 3633/2394/6664 3638/2423/6664
f 3629/2249/6665 3646/3884/6665 3647/3873/6665
f 547/3897/6666 554/3859/6666 566/3846/6666
f 547/3897/6667 566/3846/6667 562/3885/6667
f 579/3898/6668 586/3860/6668 606/3875/6668
f 462/3876/6669 519/3848/6669 457/3899/6669
f 619/3900/6670 606/3875/6670 626/3862/6670
f 467/3837/6671 462/3876/6671 460/2444/6671
f 465/3877/6672 461/2446/6672 466/3901/6672
f 683/3887/6673 706/3841/6673 715/3852/6673
f 475/2399/6674 465/3877/6674 476/3902/6674
f 480/3888/6675 475/2399/6675 476/3902/6675
f 497/3889/6676 480/3888/6676 489/3903/6676
f 497/3889/6677 489/3903/6677 499/3904/6677
f 702/3905/6678 497/3889/6678 499/3904/6678
f 703/3893/6679 702/3905/6679 499/3904/6679
f 703/3893/6680 499/3904/6680 509/3906/6680
f 695/2416/6681 703/3893/6681 509/3906/6681
f 711/2418/6682 701/2417/6682 718/3907/6682
f 711/2418/6683 718/3907/6683 741/3883/6683
f 3681/2335/6684 3699/3855/6684 3698/3908/6684
f 3674/3856/6685 3681/2335/6685 3682/2505/6685
f 3674/3856/6686 3682/2505/6686 3673/2504/6686
f 3710/3870/6687 3711/3909/6687 3724/3857/6687
f 3692/3910/6688 3711/3909/6688 3710/3870/6688
f 3691/3871/6689 3692/3910/6689 3710/3870/6689
f 3669/2367/6690 3658/3872/6690 3671/3911/6690
f 536/3845/6691 540/3858/6691 532/3912/6691
f 532/3912/6692 540/3858/6692 554/3859/6692
f 535/3847/6693 536/3845/6693 517/3913/6693
f 517/3913/6694 536/3845/6694 531/3914/6694
f 533/3874/6695 535/3847/6695 517/3913/6695
f 562/3885/6696 586/3860/6696 579/3898/6696
f 519/3848/6697 533/3874/6697 482/3915/6697
f 519/3848/6698 482/3915/6698 457/3899/6698
f 619/3900/6699 599/3916/6699 606/3875/6699
f 456/2482/6700 460/2444/6700 462/3876/6700
f 619/3900/6701 626/3862/6701 644/3886/6701
f 683/3887/6702 644/3886/6702 684/3849/6702
f 1390/2372/6703 1391/2412/6703 1392/2470/6703
f 465/3877/6704 466/3901/6704 472/3917/6704
f 476/3902/6705 465/3877/6705 472/3917/6705
f 707/3918/6706 683/3887/6706 715/3852/6706
f 707/3918/6707 715/3852/6707 731/3863/6707
f 707/3918/6708 731/3863/6708 714/3919/6708
f 480/3888/6709 476/3902/6709 488/3920/6709
f 489/3903/6710 480/3888/6710 488/3920/6710
f 489/3903/6711 488/3920/6711 495/2516/6711
f 737/3921/6712 751/3866/6712 765/3878/6712
f 499/3904/6713 489/3903/6713 495/2516/6713
f 773/3922/6714 737/3921/6714 765/3878/6714
f 750/3923/6715 777/3924/6715 781/3895/6715
f 750/3923/6716 781/3895/6716 767/3894/6716
f 741/3883/6717 718/3907/6717 740/2520/6717
f 3699/3855/6718 3721/3868/6718 3719/3925/6718
f 782/3926/6719 767/3894/6719 783/3896/6719
f 3698/3908/6720 3699/3855/6720 3719/3925/6720
f 3681/2335/6721 3698/3908/6721 3682/2505/6721
f 3724/3857/6722 3736/3927/6722 3737/3869/6722
f 3660/2308/6723 3673/2504/6723 3665/3928/6723
f 3651/2392/6724 3660/2308/6724 3665/3928/6724
f 3669/2367/6725 3685/3929/6725 3691/3871/6725
f 3671/3911/6726 3685/3929/6726 3669/2367/6726
f 3638/2423/6727 3652/2422/6727 3654/3930/6727
f 3638/2423/6728 3654/3930/6728 3643/2424/6728
f 3647/3873/6729 3670/3931/6729 3671/3911/6729
f 3647/3873/6730 3671/3911/6730 3658/3872/6730
f 536/3845/6731 532/3912/6731 531/3914/6731
f 532/3912/6732 554/3859/6732 547/3897/6732
f 482/3915/6733 533/3874/6733 517/3913/6733
f 553/3932/6734 562/3885/6734 579/3898/6734
f 599/3916/6735 579/3898/6735 606/3875/6735
f 616/3933/6736 619/3900/6736 644/3886/6736
f 460/2444/6737 456/2482/6737 458/2445/6737
f 645/3934/6738 644/3886/6738 683/3887/6738
f 476/3902/6739 472/3917/6739 477/3935/6739
f 488/3920/6740 476/3902/6740 477/3935/6740
f 714/3919/6741 731/3863/6741 751/3866/6741
f 737/3921/6742 714/3919/6742 751/3866/6742
f 499/3904/6743 495/2516/6743 508/3936/6743
f 509/3906/6744 499/3904/6744 508/3936/6744
f 749/3937/6745 737/3921/6745 773/3922/6745
f 695/2416/6746 509/3906/6746 508/3936/6746
f 695/2416/6747 508/3936/6747 694/3938/6747
f 750/3923/6748 749/3937/6748 777/3924/6748
f 749/3937/6749 773/3922/6749 777/3924/6749
f 701/2417/6750 695/2416/6750 694/3938/6750
f 767/3894/6751 782/3926/6751 766/3939/6751
f 3732/3940/6752 3736/3927/6752 3724/3857/6752
f 3711/3909/6753 3732/3940/6753 3724/3857/6753
f 3685/3929/6754 3692/3910/6754 3691/3871/6754
f 3651/2392/6755 3665/3928/6755 3666/2469/6755
f 3643/2424/6756 3654/3930/6756 3659/3941/6756
f 3643/2424/6757 3659/3941/6757 3646/3884/6757
f 3646/3884/6758 3670/3931/6758 3647/3873/6758
f 518/3942/6759 517/3913/6759 531/3914/6759
f 553/3932/6760 547/3897/6760 562/3885/6760
f 568/3943/6761 579/3898/6761 599/3916/6761
f 462/3876/6762 457/3899/6762 456/2482/6762
f 599/3916/6763 619/3900/6763 616/3933/6763
f 645/3934/6764 616/3933/6764 644/3886/6764
f 461/2446/6765 458/2445/6765 466/3901/6765
f 682/3944/6766 683/3887/6766 707/3918/6766
f 701/2417/6767 694/3938/6767 698/3945/6767
f 701/2417/6768 698/3945/6768 718/3907/6768
f 776/3946/6769 766/3939/6769 782/3926/6769
f 3706/3947/6770 3732/3940/6770 3711/3909/6770
f 3665/3928/6771 3673/2504/6771 3679/2506/6771
f 3692/3910/6772 3706/3947/6772 3711/3909/6772
f 518/3942/6773 531/3914/6773 532/3912/6773
f 518/3942/6774 532/3912/6774 530/3948/6774
f 530/3948/6775 532/3912/6775 547/3897/6775
f 530/3948/6776 547/3897/6776 534/3949/6776
f 534/3949/6777 547/3897/6777 553/3932/6777
f 449/3950/6778 517/3913/6778 518/3942/6778
f 482/3915/6779 517/3913/6779 448/3951/6779
f 568/3943/6780 553/3932/6780 579/3898/6780
f 457/3899/6781 482/3915/6781 448/3951/6781
f 568/3943/6782 599/3916/6782 583/3952/6782
f 617/3953/6783 616/3933/6783 645/3934/6783
f 466/3901/6784 458/2445/6784 459/3954/6784
f 1392/2470/6785 1393/2431/6785 1489/2510/6785
f 682/3944/6786 645/3934/6786 683/3887/6786
f 714/3919/6787 682/3944/6787 707/3918/6787
f 488/3920/6788 477/3935/6788 486/2514/6788
f 495/2516/6789 488/3920/6789 486/2514/6789
f 748/3955/6790 749/3937/6790 750/3923/6790
f 748/3955/6791 767/3894/6791 766/3939/6791
f 3698/3908/6792 3695/3956/6792 3682/2505/6792
f 3731/3957/6793 3732/3940/6793 3706/3947/6793
f 3705/3958/6794 3706/3947/6794 3692/3910/6794
f 3665/3928/6795 3679/2506/6795 3680/3959/6795
f 3685/3929/6796 3705/3958/6796 3692/3910/6796
f 3666/2469/6797 3665/3928/6797 3680/3959/6797
f 3652/2422/6798 3666/2469/6798 3667/2527/6798
f 3652/2422/6799 3667/2527/6799 3654/3930/6799
f 3676/2530/6800 3684/3960/6800 3670/3931/6800
f 3670/3931/6801 3684/3960/6801 3671/3911/6801
f 3671/3911/6802 3684/3960/6802 3685/3929/6802
f 3654/3930/6803 3667/2527/6803 3668/2529/6803
f 3654/3930/6804 3668/2529/6804 3659/3941/6804
f 3668/2529/6805 3676/2530/6805 3659/3941/6805
f 3659/3941/6806 3676/2530/6806 3646/3884/6806
f 3646/3884/6807 3676/2530/6807 3670/3931/6807
f 451/3961/6808 518/3942/6808 530/3948/6808
f 534/3949/6809 553/3932/6809 546/3962/6809
f 448/3951/6810 517/3913/6810 449/3950/6810
f 546/3962/6811 553/3932/6811 568/3943/6811
f 457/3899/6812 448/3951/6812 447/3963/6812
f 456/2482/6813 457/3899/6813 447/3963/6813
f 472/3917/6814 466/3901/6814 474/3964/6814
f 474/3964/6815 466/3901/6815 469/3965/6815
f 477/3935/6816 472/3917/6816 474/3964/6816
f 486/2514/6817 477/3935/6817 474/3964/6817
f 690/3966/6818 682/3944/6818 714/3919/6818
f 1510/2494/6819 1525/2495/6819 1521/2540/6819
f 727/3967/6820 714/3919/6820 737/3921/6820
f 727/3967/6821 737/3921/6821 749/3937/6821
f 694/3938/6822 508/3936/6822 510/3968/6822
f 718/3907/6823 698/3945/6823 719/2521/6823
f 748/3955/6824 750/3923/6824 767/3894/6824
f 1604/2523/6825 1610/2501/6825 1594/2543/6825
f 718/3907/6826 719/2521/6826 740/2520/6826
f 3698/3908/6827 3719/3925/6827 3713/3969/6827
f 776/3946/6828 752/3970/6828 766/3939/6828
f 3698/3908/6829 3713/3969/6829 3695/3956/6829
f 3682/2505/6830 3694/3971/6830 3679/2506/6830
f 3723/3972/6831 3731/3957/6831 3706/3947/6831
f 3684/3960/6832 3705/3958/6832 3685/3929/6832
f 3666/2469/6833 3683/2528/6833 3667/2527/6833
f 451/3961/6834 530/3948/6834 514/3973/6834
f 514/3973/6835 530/3948/6835 534/3949/6835
f 449/3950/6836 518/3942/6836 451/3961/6836
f 447/3963/6837 448/3951/6837 449/3950/6837
f 546/3962/6838 568/3943/6838 556/3974/6838
f 556/3974/6839 568/3943/6839 583/3952/6839
f 455/2483/6840 456/2482/6840 447/3963/6840
f 583/3952/6841 599/3916/6841 616/3933/6841
f 583/3952/6842 616/3933/6842 617/3953/6842
f 459/3954/6843 458/2445/6843 455/2483/6843
f 466/3901/6844 459/3954/6844 469/3965/6844
f 621/3975/6845 617/3953/6845 645/3934/6845
f 682/3944/6846 621/3975/6846 645/3934/6846
f 727/3967/6847 690/3966/6847 714/3919/6847
f 508/3936/6848 495/2516/6848 496/2515/6848
f 508/3936/6849 496/2515/6849 510/3968/6849
f 723/3976/6850 727/3967/6850 749/3937/6850
f 748/3955/6851 723/3976/6851 749/3937/6851
f 698/3945/6852 694/3938/6852 510/3968/6852
f 768/3977/6853 752/3970/6853 776/3946/6853
f 3682/2505/6854 3695/3956/6854 3694/3971/6854
f 3679/2506/6855 3694/3971/6855 3680/3959/6855
f 3705/3958/6856 3723/3972/6856 3706/3947/6856
f 3680/3959/6857 3683/2528/6857 3666/2469/6857
f 3684/3960/6858 3697/2532/6858 3705/3958/6858
f 3683/2528/6859 3689/3978/6859 3668/2529/6859
f 3668/2529/6860 3689/3978/6860 3690/2531/6860
f 3668/2529/6861 3690/2531/6861 3676/2530/6861
f 3676/2530/6862 3697/2532/6862 3684/3960/6862
f 450/3979/6863 449/3950/6863 451/3961/6863
f 534/3949/6864 546/3962/6864 541/3980/6864
f 447/3963/6865 449/3950/6865 450/3979/6865
f 541/3980/6866 546/3962/6866 556/3974/6866
f 584/3981/6867 583/3952/6867 617/3953/6867
f 584/3981/6868 617/3953/6868 621/3975/6868
f 622/3982/6869 621/3975/6869 682/3944/6869
f 622/3982/6870 682/3944/6870 690/3966/6870
f 708/3983/6871 690/3966/6871 727/3967/6871
f 723/3976/6872 708/3983/6872 727/3967/6872
f 752/3970/6873 748/3955/6873 766/3939/6873
f 744/2522/6874 719/2521/6874 743/2560/6874
f 744/2522/6875 743/2560/6875 753/3984/6875
f 746/3985/6876 752/3970/6876 768/3977/6876
f 759/3986/6877 746/3985/6877 768/3977/6877
f 3717/3987/6878 3723/3972/6878 3705/3958/6878
f 3694/3971/6879 3700/3988/6879 3680/3959/6879
f 3680/3959/6880 3700/3988/6880 3683/2528/6880
f 501/3989/6881 514/3973/6881 521/3990/6881
f 451/3961/6882 514/3973/6882 501/3989/6882
f 514/3973/6883 534/3949/6883 521/3990/6883
f 521/3990/6884 534/3949/6884 541/3980/6884
f 556/3974/6885 583/3952/6885 584/3981/6885
f 455/2483/6886 447/3963/6886 453/3991/6886
f 459/3954/6887 455/2483/6887 453/3991/6887
f 598/3992/6888 584/3981/6888 621/3975/6888
f 622/3982/6889 598/3992/6889 621/3975/6889
f 655/3993/6890 622/3982/6890 690/3966/6890
f 1513/2562/6891 1506/2551/6891 1522/2565/6891
f 505/3994/6892 510/3968/6892 496/2515/6892
f 510/3968/6893 505/3994/6893 698/3945/6893
f 719/2521/6894 698/3945/6894 696/2577/6894
f 729/3995/6895 748/3955/6895 752/3970/6895
f 719/2521/6896 696/2577/6896 720/2559/6896
f 3695/3956/6897 3700/3988/6897 3694/3971/6897
f 3683/2528/6898 3700/3988/6898 3701/3996/6898
f 3683/2528/6899 3701/3996/6899 3702/3997/6899
f 3716/3998/6900 3717/3987/6900 3705/3958/6900
f 3702/3997/6901 3712/3999/6901 3690/2531/6901
f 3697/2532/6902 3716/3998/6902 3705/3958/6902
f 3683/2528/6903 3702/3997/6903 3689/3978/6903
f 3689/3978/6904 3702/3997/6904 3690/2531/6904
f 3690/2531/6905 3712/3999/6905 3697/2532/6905
f 3712/3999/6906 3716/3998/6906 3697/2532/6906
f 450/3979/6907 451/3961/6907 452/4000/6907
f 452/4000/6908 451/3961/6908 501/3989/6908
f 453/3991/6909 447/3963/6909 450/3979/6909
f 555/4001/6910 556/3974/6910 584/3981/6910
f 469/3965/6911 459/3954/6911 470/4002/6911
f 459/3954/6912 453/3991/6912 470/4002/6912
f 469/3965/6913 470/4002/6913 471/4003/6913
f 474/3964/6914 469/3965/6914 471/4003/6914
f 486/2514/6915 474/3964/6915 484/4004/6915
f 474/3964/6916 471/4003/6916 484/4004/6916
f 655/3993/6917 690/3966/6917 708/3983/6917
f 494/4005/6918 486/2514/6918 484/4004/6918
f 496/2515/6919 486/2514/6919 494/4005/6919
f 505/3994/6920 496/2515/6920 494/4005/6920
f 729/3995/6921 723/3976/6921 748/3955/6921
f 698/3945/6922 505/3994/6922 507/4006/6922
f 698/3945/6923 507/4006/6923 696/2577/6923
f 746/3985/6924 729/3995/6924 752/3970/6924
f 753/3984/6925 743/2560/6925 710/2574/6925
f 753/3984/6926 710/2574/6926 747/4007/6926
f 759/3986/6927 739/4008/6927 746/3985/6927
f 758/4009/6928 739/4008/6928 759/3986/6928
f 3701/3996/6929 3703/4010/6929 3702/3997/6929
f 757/4011/6930 725/4012/6930 758/4009/6930
f 528/4013/6931 521/3990/6931 541/3980/6931
f 454/4014/6932 450/3979/6932 452/4000/6932
f 453/3991/6933 450/3979/6933 454/4014/6933
f 555/4001/6934 541/3980/6934 556/3974/6934
f 528/4013/6935 541/3980/6935 555/4001/6935
f 558/4015/6936 555/4001/6936 584/3981/6936
f 558/4015/6937 584/3981/6937 598/3992/6937
f 618/4016/6938 598/3992/6938 622/3982/6938
f 618/4016/6939 622/3982/6939 655/3993/6939
f 623/4017/6940 618/4016/6940 655/3993/6940
f 687/4018/6941 623/4017/6941 655/3993/6941
f 687/4018/6942 655/3993/6942 708/3983/6942
f 687/4018/6943 708/3983/6943 723/3976/6943
f 705/4019/6944 687/4018/6944 723/3976/6944
f 705/4019/6945 723/3976/6945 729/3995/6945
f 722/4020/6946 729/3995/6946 746/3985/6946
f 725/4012/6947 728/2578/6947 758/4009/6947
f 758/4009/6948 728/2578/6948 739/4008/6948
f 747/4007/6949 710/2574/6949 745/4021/6949
f 756/4022/6950 735/2581/6950 755/4023/6950
f 755/4023/6951 724/2583/6951 757/4011/6951
f 757/4011/6952 724/2583/6952 725/4012/6952
f 756/4022/6953 742/4024/6953 735/2581/6953
f 483/4025/6954 452/4000/6954 501/3989/6954
f 483/4025/6955 501/3989/6955 502/4026/6955
f 502/4026/6956 501/3989/6956 521/3990/6956
f 454/4014/6957 452/4000/6957 483/4025/6957
f 502/4026/6958 521/3990/6958 528/4013/6958
f 470/4002/6959 453/3991/6959 454/4014/6959
f 528/4013/6960 555/4001/6960 558/4015/6960
f 557/4027/6961 558/4015/6961 598/3992/6961
f 471/4003/6962 470/4002/6962 478/4028/6962
f 484/4004/6963 471/4003/6963 478/4028/6963
f 505/3994/6964 494/4005/6964 507/4006/6964
f 722/4020/6965 705/4019/6965 729/3995/6965
f 712/2580/6966 722/4020/6966 746/3985/6966
f 720/2559/6967 696/2577/6967 710/2574/6967
f 712/2580/6968 746/3985/6968 739/4008/6968
f 728/2578/6969 712/2580/6969 739/4008/6969
f 745/4021/6970 710/2574/6970 716/4029/6970
f 745/4021/6971 716/4029/6971 742/4024/6971
f 755/4023/6972 735/2581/6972 724/2583/6972
f 479/4030/6973 454/4014/6973 483/4025/6973
f 502/4026/6974 528/4013/6974 515/4031/6974
f 483/4025/6975 502/4026/6975 500/4032/6975
f 500/4032/6976 502/4026/6976 515/4031/6976
f 470/4002/6977 454/4014/6977 479/4030/6977
f 470/4002/6978 479/4030/6978 478/4028/6978
f 515/4031/6979 528/4013/6979 529/4033/6979
f 529/4033/6980 528/4013/6980 557/4027/6980
f 557/4027/6981 528/4013/6981 558/4015/6981
f 487/4034/6982 478/4028/6982 479/4030/6982
f 557/4027/6983 598/3992/6983 618/4016/6983
f 484/4004/6984 478/4028/6984 485/4035/6984
f 485/4035/6985 478/4028/6985 487/4034/6985
f 585/4036/6986 557/4027/6986 618/4016/6986
f 585/4036/6987 618/4016/6987 623/4017/6987
f 494/4005/6988 484/4004/6988 485/4035/6988
f 629/4037/6989 623/4017/6989 687/4018/6989
f 705/4019/6990 629/4037/6990 687/4018/6990
f 686/4038/6991 705/4019/6991 722/4020/6991
f 712/2580/6992 686/4038/6992 722/4020/6992
f 696/2577/6993 507/4006/6993 506/2575/6993
f 710/2574/6994 696/2577/6994 697/2576/6994
f 710/2574/6995 697/2576/6995 716/4029/6995
f 725/4012/6996 704/2579/6996 728/2578/6996
f 716/4029/6997 717/2582/6997 735/2581/6997
f 742/4024/6998 716/4029/6998 735/2581/6998
f 479/4030/6999 483/4025/6999 491/4039/6999
f 500/4032/7000 515/4031/7000 513/4040/7000
f 513/4040/7001 515/4031/7001 529/4033/7001
f 491/4039/7002 483/4025/7002 500/4032/7002
f 491/4039/7003 500/4032/7003 503/4041/7003
f 487/4034/7004 479/4030/7004 492/4042/7004
f 479/4030/7005 491/4039/7005 493/4043/7005
f 492/4042/7006 479/4030/7006 493/4043/7006
f 529/4033/7007 557/4027/7007 585/4036/7007
f 485/4035/7008 487/4034/7008 490/4044/7008
f 527/4045/7009 529/4033/7009 585/4036/7009
f 485/4035/7010 490/4044/7010 498/4046/7010
f 585/4036/7011 623/4017/7011 629/4037/7011
f 494/4005/7012 485/4035/7012 498/4046/7012
f 629/4037/7013 600/4047/7013 585/4036/7013
f 507/4006/7014 494/4005/7014 506/2575/7014
f 506/2575/7015 494/4005/7015 498/4046/7015
f 685/4048/7016 629/4037/7016 686/4038/7016
f 686/4038/7017 629/4037/7017 705/4019/7017
f 506/2575/7018 511/4049/7018 647/4050/7018
f 685/4048/7019 686/4038/7019 712/2580/7019
f 697/2576/7020 506/2575/7020 647/4050/7020
f 630/4051/7021 685/4048/7021 704/2579/7021
f 704/2579/7022 685/4048/7022 712/2580/7022
f 716/4029/7023 697/2576/7023 717/2582/7023
f 717/2582/7024 697/2576/7024 699/4052/7024
f 717/2582/7025 699/4052/7025 724/2583/7025
f 699/4052/7026 700/4053/7026 724/2583/7026
f 700/4053/7027 704/2579/7027 724/2583/7027
f 724/2583/7028 704/2579/7028 725/4012/7028
f 503/4041/7029 500/4032/7029 513/4040/7029
f 493/4043/7030 491/4039/7030 503/4041/7030
f 527/4045/7031 513/4040/7031 529/4033/7031
f 490/4044/7032 487/4034/7032 492/4042/7032
f 493/4043/7033 503/4041/7033 512/4054/7033
f 503/4041/7034 513/4040/7034 512/4054/7034
f 512/4054/7035 513/4040/7035 527/4045/7035
f 527/4045/7036 585/4036/7036 600/4047/7036
f 498/4046/7037 490/4044/7037 492/4042/7037
f 498/4046/7038 492/4042/7038 504/4055/7038
f 516/4056/7039 527/4045/7039 600/4047/7039
f 630/4051/7040 600/4047/7040 685/4048/7040
f 685/4048/7041 600/4047/7041 629/4037/7041
f 511/4049/7042 498/4046/7042 504/4055/7042
f 511/4049/7043 506/2575/7043 498/4046/7043
f 647/4050/7044 511/4049/7044 525/4057/7044
f 525/4057/7045 526/4058/7045 700/4053/7045
f 699/4052/7046 525/4057/7046 700/4053/7046
f 697/2576/7047 647/4050/7047 525/4057/7047
f 697/2576/7048 525/4057/7048 699/4052/7048
f 700/4053/7049 526/4058/7049 704/2579/7049
f 526/4058/7050 630/4051/7050 704/2579/7050
f 492/4042/7051 493/4043/7051 504/4055/7051
f 504/4055/7052 493/4043/7052 512/4054/7052
f 504/4055/7053 512/4054/7053 516/4056/7053
f 516/4056/7054 512/4054/7054 527/4045/7054
f 511/4049/7055 504/4055/7055 525/4057/7055
f 504/4055/7056 516/4056/7056 526/4058/7056
f 516/4056/7057 600/4047/7057 630/4051/7057
f 525/4057/7058 504/4055/7058 526/4058/7058
f 526/4058/7059 516/4056/7059 630/4051/7059
