#
# A fatal error has been detected by the Java Runtime Environment:
#
#  SIGSEGV (0xb) at pc=0x00007f4de50bd404, pid=164229, tid=164301
#
# JRE version: OpenJDK Runtime Environment GraalVM CE 17.0.7+4.1 (17.0.7+4) (build 17.0.7+4-jvmci-23.0-b10)
# Java VM: OpenJDK 64-Bit Server VM GraalVM CE 17.0.7+4.1 (17.0.7+4-jvmci-23.0-b10, mixed mode, sharing, tiered, jvmci, jvmci compiler, compressed oops, compressed class ptrs, g1 gc, linux-amd64)
# Problematic frame:
# C  [libjvmcicompiler.so+0x982404]  NodeLIRBuilder_matchComplexExpressions_69b8c6daa4029f45e46151c99ac7018f843f1f0d+0x8c4
#
# Core dump will be written. Default location: Core dumps may be processed with "/usr/share/apport/apport -p%p -s%s -c%c -d%d -P%P -u%u -g%g -- %E" (or dumping to /home/a4090/ljc/AutoPoseEstimator/core.164229)
#
# If you would like to submit a bug report, please visit:
#   https://github.com/oracle/graal/issues
# The crash happened outside the Java Virtual Machine in native code.
# See problematic frame for where to report the bug.
#

---------------  S U M M A R Y ------------

Command Line: -XX:ThreadPriorityPolicy=1 -XX:+UnlockExperimentalVMOptions -XX:+EnableJVMCIProduct -XX:-UnlockExperimentalVMOptions -Dorg.graalvm.launcher.class=com.oracle.graal.python.shell.GraalPythonMain -Dorg.graalvm.launcher.executablename=python 

Host: Intel(R) Core(TM) i9-14900K, 32 cores, 125G, Ubuntu 20.04.6 LTS
Time: Thu Feb 27 16:43:59 2025 CST elapsed time: 1.388470 seconds (0d 0h 0m 1s)

---------------  T H R E A D  ---------------

Current thread (0x000055d7a3635490):  JavaThread "TruffleCompilerThread-40" daemon [_thread_in_native, id=164301, stack(0x00007f4cce7ff000,0x00007f4cce900000)]

Stack: [0x00007f4cce7ff000,0x00007f4cce900000],  sp=0x00007f4cce8fd970,  free space=1018k
Native frames: (J=compiled Java code, j=interpreted, Vv=VM code, C=native code)
C  [libjvmcicompiler.so+0x982404]  NodeLIRBuilder_matchComplexExpressions_69b8c6daa4029f45e46151c99ac7018f843f1f0d+0x8c4
C  [libjvmcicompiler.so+0x981aba]  NodeLIRBuilder_matchBlock_9b21d2f66edb9efe48fc419f941d77fcf2ae145f+0x4a
C  [libjvmcicompiler.so+0x8d9f75]  LIRGenerationPhase_run_3e70c0384b9eab293fef235c7e6bb525afe4c2a8+0xe5
C  [libjvmcicompiler.so+0x8d9e54]  LIRGenerationPhase_run_8d3849d5b0f911c885773d5ffe7c84c0203b7766+0x34
C  [libjvmcicompiler.so+0xd17f4c]  LIRPhase_apply_0abe16f130971cb2c2bcb3c0f4021bdff4124891+0x19c
C  [libjvmcicompiler.so+0x976a3f]  LIRCompilerBackend_emitLIR0_c096467aee01961813bd7a5ee02f31a7740311ed+0x9af
C  [libjvmcicompiler.so+0x975dbd]  LIRCompilerBackend_emitLIR_5a1d67efe06974514e1bfbc0ca7c180efcf37db0+0xed
C  [libjvmcicompiler.so+0x972a2f]  LIRCompilerBackend_emitBackEnd_a54c59324f9fd431297cec276b25f19491888c6d+0x10f
C  [libjvmcicompiler.so+0x8d75cc]  GraalCompiler_compile_ceb52c95b6a3c674ccaed5facbfe09d5e9f54cc5+0x1ac
C  [libjvmcicompiler.so+0x8d7c76]  GraalCompiler_compileGraph_f280e33c706d40a0afcca65e1d60adc30f56adda+0x216
C  [libjvmcicompiler.so+0x10ce10b]  TruffleCompilerImpl_compilePEGraph_ac6f5633ba11b596379d7202dfc395e0b8d7d2ed+0x42b
C  [libjvmcicompiler.so+0x10cd28c]  TruffleCompilerImpl_compileAST_bb1b8203f96b08420e94f7617aba16fbcfba3e02+0x3ec
C  [libjvmcicompiler.so+0x10cbdf7]  TruffleCompilerImpl$TruffleCompilationWrapper_performCompilation_62d795c442f5dcfdd795e8f785ce80286bb030e9+0x87
C  [libjvmcicompiler.so+0x10cbd47]  TruffleCompilerImpl$TruffleCompilationWrapper_performCompilation_944b1c54de06fc6d941347ed880c1f96e8fba7f4+0x17
C  [libjvmcicompiler.so+0x8d6204]  CompilationWrapper_run_d730478f4ce8f539b4955ca0a99f3c6f484bea17+0x64
C  [libjvmcicompiler.so+0x10ccc4a]  TruffleCompilerImpl_actuallyCompile_47fe4c83a8c6ea6532f4e7d0e1a892f465345bb3+0x27a
C  [libjvmcicompiler.so+0x10cf055]  TruffleCompilerImpl_doCompile_db634ab046aba6fdd1ed9944a7805e9b5ec88b34+0xe5
C  [libjvmcicompiler.so+0x10e6e9b]  TruffleToLibGraalEntryPoints_doCompile_1c2efe693f1a18150989da71a6494124dd5c5dc4+0x37b
C  [libjvmcicompiler.so+0x1d6819]  Java_org_graalvm_compiler_truffle_runtime_hotspot_libgraal_TruffleToLibGraalCalls_doCompile+0xd9
j  org.graalvm.compiler.truffle.runtime.hotspot.libgraal.TruffleToLibGraalCalls.doCompile(JJJJ[BLorg/graalvm/compiler/truffle/common/TruffleCompilationTask;Lorg/graalvm/compiler/truffle/common/TruffleCompilerListener;)V+0 jdk.internal.vm.compiler
j  org.graalvm.compiler.truffle.runtime.hotspot.libgraal.LibGraalHotSpotTruffleCompiler.doCompile(Lorg/graalvm/compiler/truffle/common/TruffleDebugContext;Lorg/graalvm/compiler/truffle/common/TruffleCompilation;Ljava/util/Map;Lorg/graalvm/compiler/truffle/common/TruffleCompilationTask;Lorg/graalvm/compiler/truffle/common/TruffleCompilerListener;)V+40 jdk.internal.vm.compiler
j  org.graalvm.compiler.truffle.runtime.GraalTruffleRuntime.compileImpl(Lorg/graalvm/compiler/truffle/common/TruffleDebugContext;Lorg/graalvm/compiler/truffle/runtime/OptimizedCallTarget;Lorg/graalvm/compiler/truffle/common/TruffleCompilationTask;)V+86 jdk.internal.vm.compiler
j  org.graalvm.compiler.truffle.runtime.GraalTruffleRuntime.doCompile(Lorg/graalvm/compiler/truffle/common/TruffleDebugContext;Lorg/graalvm/compiler/truffle/runtime/OptimizedCallTarget;Lorg/graalvm/compiler/truffle/common/TruffleCompilationTask;)V+154 jdk.internal.vm.compiler
j  org.graalvm.compiler.truffle.runtime.GraalTruffleRuntime.doCompile(Lorg/graalvm/compiler/truffle/runtime/OptimizedCallTarget;Lorg/graalvm/compiler/truffle/common/TruffleCompilationTask;)V+4 jdk.internal.vm.compiler
j  org.graalvm.compiler.truffle.runtime.CompilationTask$1.accept(Lorg/graalvm/compiler/truffle/runtime/CompilationTask;)V+30 jdk.internal.vm.compiler
j  org.graalvm.compiler.truffle.runtime.CompilationTask$1.accept(Ljava/lang/Object;)V+5 jdk.internal.vm.compiler
j  org.graalvm.compiler.truffle.runtime.CompilationTask.call()Ljava/lang/Void;+5 jdk.internal.vm.compiler
j  org.graalvm.compiler.truffle.runtime.CompilationTask.call()Ljava/lang/Object;+1 jdk.internal.vm.compiler
j  java.util.concurrent.FutureTask.run()V+39 java.base@17.0.7
j  java.util.concurrent.ThreadPoolExecutor.runWorker(Ljava/util/concurrent/ThreadPoolExecutor$Worker;)V+92 java.base@17.0.7
j  java.util.concurrent.ThreadPoolExecutor$Worker.run()V+5 java.base@17.0.7
j  java.lang.Thread.run()V+11 java.base@17.0.7
j  org.graalvm.compiler.truffle.runtime.BackgroundCompileQueue$TruffleCompilerThreadFactory$1.run()V+30 jdk.internal.vm.compiler
v  ~StubRoutines::call_stub
V  [libjvm.so+0x7fc225]  JavaCalls::call_helper(JavaValue*, methodHandle const&, JavaCallArguments*, JavaThread*)+0x315
V  [libjvm.so+0x7fda1b]  JavaCalls::call_virtual(JavaValue*, Handle, Klass*, Symbol*, Symbol*, JavaThread*)+0x1cb
V  [libjvm.so+0x8c68d3]  thread_entry(JavaThread*, JavaThread*)+0xa3
V  [libjvm.so+0xd8ccf0]  JavaThread::thread_main_inner()+0xd0
V  [libjvm.so+0xd902d0]  Thread::call_run()+0xc0
V  [libjvm.so+0xbe0f51]  thread_native_entry(Thread*)+0xe1

Java frames: (J=compiled Java code, j=interpreted, Vv=VM code)
j  org.graalvm.compiler.truffle.runtime.hotspot.libgraal.TruffleToLibGraalCalls.doCompile(JJJJ[BLorg/graalvm/compiler/truffle/common/TruffleCompilationTask;Lorg/graalvm/compiler/truffle/common/TruffleCompilerListener;)V+0 jdk.internal.vm.compiler
j  org.graalvm.compiler.truffle.runtime.hotspot.libgraal.LibGraalHotSpotTruffleCompiler.doCompile(Lorg/graalvm/compiler/truffle/common/TruffleDebugContext;Lorg/graalvm/compiler/truffle/common/TruffleCompilation;Ljava/util/Map;Lorg/graalvm/compiler/truffle/common/TruffleCompilationTask;Lorg/graalvm/compiler/truffle/common/TruffleCompilerListener;)V+40 jdk.internal.vm.compiler
j  org.graalvm.compiler.truffle.runtime.GraalTruffleRuntime.compileImpl(Lorg/graalvm/compiler/truffle/common/TruffleDebugContext;Lorg/graalvm/compiler/truffle/runtime/OptimizedCallTarget;Lorg/graalvm/compiler/truffle/common/TruffleCompilationTask;)V+86 jdk.internal.vm.compiler
j  org.graalvm.compiler.truffle.runtime.GraalTruffleRuntime.doCompile(Lorg/graalvm/compiler/truffle/common/TruffleDebugContext;Lorg/graalvm/compiler/truffle/runtime/OptimizedCallTarget;Lorg/graalvm/compiler/truffle/common/TruffleCompilationTask;)V+154 jdk.internal.vm.compiler
j  org.graalvm.compiler.truffle.runtime.GraalTruffleRuntime.doCompile(Lorg/graalvm/compiler/truffle/runtime/OptimizedCallTarget;Lorg/graalvm/compiler/truffle/common/TruffleCompilationTask;)V+4 jdk.internal.vm.compiler
j  org.graalvm.compiler.truffle.runtime.CompilationTask$1.accept(Lorg/graalvm/compiler/truffle/runtime/CompilationTask;)V+30 jdk.internal.vm.compiler
j  org.graalvm.compiler.truffle.runtime.CompilationTask$1.accept(Ljava/lang/Object;)V+5 jdk.internal.vm.compiler
j  org.graalvm.compiler.truffle.runtime.CompilationTask.call()Ljava/lang/Void;+5 jdk.internal.vm.compiler
j  org.graalvm.compiler.truffle.runtime.CompilationTask.call()Ljava/lang/Object;+1 jdk.internal.vm.compiler
j  java.util.concurrent.FutureTask.run()V+39 java.base@17.0.7
j  java.util.concurrent.ThreadPoolExecutor.runWorker(Ljava/util/concurrent/ThreadPoolExecutor$Worker;)V+92 java.base@17.0.7
j  java.util.concurrent.ThreadPoolExecutor$Worker.run()V+5 java.base@17.0.7
j  java.lang.Thread.run()V+11 java.base@17.0.7
j  org.graalvm.compiler.truffle.runtime.BackgroundCompileQueue$TruffleCompilerThreadFactory$1.run()V+30 jdk.internal.vm.compiler
v  ~StubRoutines::call_stub

siginfo: si_signo: 11 (SIGSEGV), si_code: 2 (SEGV_ACCERR), si_addr: 0x0000000100000000

Register to memory mapping:

RAX=
[error occurred during error reporting (printing register info), id 0xb, SIGSEGV (0xb) at pc=0x00007f4e72a87401]

Registers:
RAX=0x00000000ffffffff, RBX=0x0000000000000017, RCX=0x00007f4cce0c50b8, RDX=0x00007f4cce0c50b8
RSP=0x00007f4cce8fd970, RBP=0x00007f4cce8fda10, RSI=0x00000000007926e0, RDI=0xfffffffffffffff8
R8 =0x00007f4cce0c8a78, R9 =0x00007f4cce0c8a40, R10=0x00007f4cb4401208, R11=0x00007f4cce0c8a08
R12=0x00007f4cbfaea8f8, R13=0x00000000000001d6, R14=0x00007f4ccd500000, R15=0x00007f4cc8001640
RIP=0x00007f4de50bd404, EFLAGS=0x0000000000010287, CSGSFS=0x002b000000000033, ERR=0x0000000000000004
  TRAPNO=0x000000000000000e

Top of Stack: (sp=0x00007f4cce8fd970)
0x00007f4cce8fd970:   00007f4cbf0d9e08 00007f4cb44955b8
0x00007f4cce8fd980:   0000000000805708 00007f4de48d3c0a
0x00007f4cce8fd990:   00007f4cbf0d9da8 00007f4cb44a8870
0x00007f4cce8fd9a0:   00007f4cce8fd9d0 00007f4ccd500000 

Instructions: (pc=0x00007f4de50bd404)
0x00007f4de50bd304:   24 48 ff d0 90 48 8b 7c 24 40 49 8b 8c 3e 78 01
0x00007f4de50bd314:   00 00 48 89 8c 24 88 00 00 00 ff c8 48 8b 5c 24
0x00007f4de50bd324:   48 89 84 24 84 00 00 00 85 c0 0f 8c 38 02 00 00
0x00007f4de50bd334:   48 8b fb 8b f0 48 8b c1 ff d0 90 48 89 44 24 40
0x00007f4de50bd344:   49 3b c6 0f 84 26 00 00 00 48 c7 c7 f8 ff ff ff
0x00007f4de50bd354:   48 23 38 be ff ff 00 00 41 23 74 3e 10 8d be cc
0x00007f4de50bd364:   ef ff ff 81 ff c0 01 00 00 0f 83 0a 05 00 00 48
0x00007f4de50bd374:   8b 7c 24 70 48 8b f0 e8 00 f4 ff ff 90 8b 8c 24
0x00007f4de50bd384:   84 00 00 00 ff c9 49 3b c6 0f 84 0c 00 00 00 8b
0x00007f4de50bd394:   c1 48 8b 8c 24 88 00 00 00 eb 81 48 8b 44 24 40
0x00007f4de50bd3a4:   49 3b c6 0f 84 39 05 00 00 48 8b 7c 24 70 48 8b
0x00007f4de50bd3b4:   77 40 48 85 f6 0f 84 37 05 00 00 89 4c 24 7c 48
0x00007f4de50bd3c4:   c7 c2 f8 ff ff ff 49 23 14 36 49 8b 94 16 f8 00
0x00007f4de50bd3d4:   00 00 49 8d 34 36 48 c7 c3 f8 ff ff ff 48 23 18
0x00007f4de50bd3e4:   49 8d 1c 1e 48 8b fe 48 8b f3 48 8b c2 ff d0 90
0x00007f4de50bd3f4:   49 3b c6 0f 84 23 00 00 00 48 c7 c7 f8 ff ff ff
0x00007f4de50bd404:   48 23 38 b9 ff ff 00 00 41 23 4c 3e 12 8d b9 26
0x00007f4de50bd414:   fe ff ff 83 ff 02 0f 83 18 05 00 00 49 3b c6 0f
0x00007f4de50bd424:   84 10 01 00 00 48 c7 c7 f8 ff ff ff 48 23 38 49
0x00007f4de50bd434:   8b 8c 3e 08 01 00 00 48 8b f8 48 8b c1 ff d0 90
0x00007f4de50bd444:   49 3b c6 0f 84 0c 05 00 00 48 89 44 24 58 48 c7
0x00007f4de50bd454:   c7 f8 ff ff ff 48 23 38 b9 ff ff 00 00 41 23 4c
0x00007f4de50bd464:   3e 14 83 f9 25 0f 85 fc 04 00 00 48 c7 c7 f8 ff
0x00007f4de50bd474:   ff ff 48 23 38 48 89 7c 24 10 49 8b 8c 3e 00 01
0x00007f4de50bd484:   00 00 48 89 8c 24 90 00 00 00 e9 98 00 00 00 66
0x00007f4de50bd494:   0f 1f 84 00 00 00 00 00 66 66 66 90 85 c0 0f 84
0x00007f4de50bd4a4:   a2 00 00 00 48 8b 7c 24 10 49 8b 84 3e 08 01 00
0x00007f4de50bd4b4:   00 48 8b 7c 24 58 ff d0 90 66 66 90 49 3b c6 0f
0x00007f4de50bd4c4:   84 20 00 00 00 48 c7 c7 f8 ff ff ff 48 23 38 48
0x00007f4de50bd4d4:   be e8 b8 8a 00 00 00 00 00 66 66 90 48 3b f7 0f
0x00007f4de50bd4e4:   85 a2 04 00 00 49 3b c6 0f 84 89 04 00 00 48 8b
0x00007f4de50bd4f4:   f8 48 8b 74 24 70 8b 94 24 84 00 00 00 48 8b 4c 


Stack slot to memory mapping:
stack at sp + 0 slots: 0x00007f4cbf0d9e08 points into unknown readable memory: 0x00000000008a7bf8 | f8 7b 8a 00 00 00 00 00
stack at sp + 1 slots: 0x00007f4cb44955b8 points into unknown readable memory: 0x00000000008632fa | fa 32 86 00 00 00 00 00
stack at sp + 2 slots: 0x0000000000805708 is an unknown value
stack at sp + 3 slots: 0x00007f4de48d3c0a: <offset 0x0000000000198c0a> in /home/a4090/miniconda3/envs/auto/lib/jvm/lib/libjvmcicompiler.so at 0x00007f4de473b000
stack at sp + 4 slots: 0x00007f4cbf0d9da8 points into unknown readable memory: 0x00000000007efcd8 | d8 fc 7e 00 00 00 00 00
stack at sp + 5 slots: 0x00007f4cb44a8870 points into unknown readable memory: 0x000000000080c352 | 52 c3 80 00 00 00 00 00
stack at sp + 6 slots: 0x00007f4cce8fd9d0 is pointing into the stack for thread: 0x000055d7a3635490
stack at sp + 7 slots: 0x00007f4ccd500000 is an unknown value


---------------  P R O C E S S  ---------------

Threads class SMR info:
_java_thread_list=0x000055d7a3707640, length=35, elements={
0x000055d7a1e06860, 0x000055d7a1ffaa90, 0x000055d7a1ffbee0, 0x000055d7a2002730,
0x000055d7a2003b10, 0x000055d7a2004f50, 0x000055d7a2006970, 0x000055d7a2007ed0,
0x000055d7a2011360, 0x000055d7a201f860, 0x00007f4dd409e3f0, 0x00007f4dd409f580,
0x00007f4dd40a0bb0, 0x000055d7a20676e0, 0x00007f4dd0046290, 0x00007f4dd0047380,
0x00007f4dd004bcd0, 0x000055d7a23728c0, 0x00007f4dd4161f80, 0x00007f4dd4163150,
0x00007f4dc40fb1d0, 0x00007f4dc40fc300, 0x000055d7a2516d30, 0x000055d7a3411900,
0x000055d7a342cf20, 0x000055d7a34793a0, 0x000055d7a3480010, 0x000055d7a34b8fa0,
0x000055d7a34d5ad0, 0x000055d7a34dec70, 0x000055d7a36330d0, 0x000055d7a3635490,
0x000055d7a365cae0, 0x000055d7a36741e0, 0x000055d7a36f1f60
}

Java Threads: ( => current thread )
  0x000055d7a1e06860 JavaThread "main" [_thread_in_vm, id=164229, stack(0x00007ffdd70cd000,0x00007ffdd71cd000)]
  0x000055d7a1ffaa90 JavaThread "Reference Handler" daemon [_thread_blocked, id=164236, stack(0x00007f4e00734000,0x00007f4e00835000)]
  0x000055d7a1ffbee0 JavaThread "Finalizer" daemon [_thread_blocked, id=164237, stack(0x00007f4e00633000,0x00007f4e00734000)]
  0x000055d7a2002730 JavaThread "Signal Dispatcher" daemon [_thread_blocked, id=164238, stack(0x00007f4e00532000,0x00007f4e00633000)]
  0x000055d7a2003b10 JavaThread "Service Thread" daemon [_thread_blocked, id=164239, stack(0x00007f4e00431000,0x00007f4e00532000)]
  0x000055d7a2004f50 JavaThread "Monitor Deflation Thread" daemon [_thread_blocked, id=164240, stack(0x00007f4e00330000,0x00007f4e00431000)]
  0x000055d7a2006970 JavaThread "JVMCI-native CompilerThread0" daemon [_thread_in_vm, id=164241, stack(0x00007f4e0012f000,0x00007f4e00330000)]
  0x000055d7a2007ed0 JavaThread "C1 CompilerThread0" daemon [_thread_blocked, id=164242, stack(0x00007f4de758e000,0x00007f4de778f000)]
  0x000055d7a2011360 JavaThread "Sweeper thread" daemon [_thread_blocked, id=164243, stack(0x00007f4e0002e000,0x00007f4e0012f000)]
  0x000055d7a201f860 JavaThread "Common-Cleaner" daemon [_thread_blocked, id=164244, stack(0x00007f4de748d000,0x00007f4de758e000)]
  0x00007f4dd409e3f0 JavaThread "C1 CompilerThread1" daemon [_thread_blocked, id=164245, stack(0x00007f4de728c000,0x00007f4de748d000)]
  0x00007f4dd409f580 JavaThread "C1 CompilerThread2" daemon [_thread_blocked, id=164246, stack(0x00007f4de708b000,0x00007f4de728c000)]
  0x00007f4dd40a0bb0 JavaThread "C1 CompilerThread3" daemon [_thread_blocked, id=164247, stack(0x00007f4de6e8a000,0x00007f4de708b000)]
  0x000055d7a20676e0 JavaThread "Notification Thread" daemon [_thread_blocked, id=164248, stack(0x00007f4de6d89000,0x00007f4de6e8a000)]
  0x00007f4dd0046290 JavaThread "JVMCI-native CompilerThread1" daemon [_thread_in_native, id=164250, stack(0x00007f4db54ff000,0x00007f4db5700000)]
  0x00007f4dd0047380 JavaThread "JVMCI-native CompilerThread2" daemon [_thread_in_native, id=164251, stack(0x00007f4db52fe000,0x00007f4db54ff000)]
  0x00007f4dd004bcd0 JavaThread "JVMCI-native CompilerThread3" daemon [_thread_in_native, id=164252, stack(0x00007f4db50fd000,0x00007f4db52fe000)]
  0x000055d7a23728c0 JavaThread "process reaper" daemon [_thread_blocked, id=164254, stack(0x00007f4de467d000,0x00007f4de469f000)]
  0x00007f4dd4161f80 JavaThread "C1 CompilerThread4" daemon [_thread_blocked, id=164261, stack(0x00007f4d998ff000,0x00007f4d99b00000)]
  0x00007f4dd4163150 JavaThread "C1 CompilerThread5" daemon [_thread_in_native, id=164262, stack(0x00007f4d996fe000,0x00007f4d998ff000)]
  0x00007f4dc40fb1d0 JavaThread "C1 CompilerThread6" daemon [_thread_blocked, id=164263, stack(0x00007f4d994fd000,0x00007f4d996fe000)]
  0x00007f4dc40fc300 JavaThread "C1 CompilerThread7" daemon [_thread_blocked, id=164264, stack(0x00007f4d992fc000,0x00007f4d994fd000)]
  0x000055d7a2516d30 JavaThread "TruffleCompilerThread-30" daemon [_thread_in_native, id=164265, stack(0x00007f4d98fff000,0x00007f4d99100000)]
  0x000055d7a3411900 JavaThread "TruffleCompilerThread-32" daemon [_thread_in_native, id=164293, stack(0x00007f4d0faff000,0x00007f4d0fc00000)]
  0x000055d7a342cf20 JavaThread "TruffleCompilerThread-33" daemon [_thread_in_native, id=164294, stack(0x00007f4d0ccff000,0x00007f4d0ce00000)]
  0x000055d7a34793a0 JavaThread "TruffleCompilerThread-34" daemon [_thread_in_native, id=164295, stack(0x00007f4cffaff000,0x00007f4cffc00000)]
  0x000055d7a3480010 JavaThread "TruffleCompilerThread-35" daemon [_thread_in_native, id=164296, stack(0x00007f4cfceff000,0x00007f4cfd000000)]
  0x000055d7a34b8fa0 JavaThread "TruffleCompilerThread-36" daemon [_thread_in_native, id=164297, stack(0x00007f4cef0ff000,0x00007f4cef200000)]
  0x000055d7a34d5ad0 JavaThread "TruffleCompilerThread-37" daemon [_thread_in_native, id=164298, stack(0x00007f4ce44ff000,0x00007f4ce4600000)]
  0x000055d7a34dec70 JavaThread "TruffleCompilerThread-38" daemon [_thread_in_native, id=164299, stack(0x00007f4cde5ff000,0x00007f4cde700000)]
  0x000055d7a36330d0 JavaThread "TruffleCompilerThread-39" daemon [_thread_in_native, id=164300, stack(0x00007f4cd50ff000,0x00007f4cd5200000)]
=>0x000055d7a3635490 JavaThread "TruffleCompilerThread-40" daemon [_thread_in_native, id=164301, stack(0x00007f4cce7ff000,0x00007f4cce900000)]
  0x000055d7a365cae0 JavaThread "python-actions-pool-1-thread-1" daemon [_thread_blocked, id=164302, stack(0x00007f4cb67ff000,0x00007f4cb6900000)]
  0x000055d7a36741e0 JavaThread "nfi-gc" daemon [_thread_blocked, id=164303, stack(0x00007f4cb4aff000,0x00007f4cb4c00000)]
  0x000055d7a36f1f60 JavaThread "python-actions-pool-2-thread-1" daemon [_thread_blocked, id=164304, stack(0x00007f4cd77aa000,0x00007f4cd78ab000)]

Other Threads:
  0x000055d7a1ff6790 VMThread "VM Thread" [stack: 0x00007f4e00837000,0x00007f4e00937000] [id=164235]
  0x000055d7a2069050 WatcherThread [stack: 0x00007f4de6c89000,0x00007f4de6d89000] [id=164249]
  0x000055d7a1e3d040 GCTaskThread "GC Thread#0" [stack: 0x00007f4e10665000,0x00007f4e10765000] [id=164230]
  0x00007f4df0008e40 GCTaskThread "GC Thread#1" [stack: 0x00007f4d82a00000,0x00007f4d82b00000] [id=164266]
  0x00007f4df0009890 GCTaskThread "GC Thread#2" [stack: 0x00007f4d828fe000,0x00007f4d829fe000] [id=164267]
  0x00007f4df000a2e0 GCTaskThread "GC Thread#3" [stack: 0x00007f4d827fc000,0x00007f4d828fc000] [id=164268]
  0x00007f4df000ad30 GCTaskThread "GC Thread#4" [stack: 0x00007f4d826fa000,0x00007f4d827fa000] [id=164269]
  0x00007f4df000b780 GCTaskThread "GC Thread#5" [stack: 0x00007f4d825f8000,0x00007f4d826f8000] [id=164270]
  0x00007f4df000c1d0 GCTaskThread "GC Thread#6" [stack: 0x00007f4d824f6000,0x00007f4d825f6000] [id=164271]
  0x00007f4df000d010 GCTaskThread "GC Thread#7" [stack: 0x00007f4d823f4000,0x00007f4d824f4000] [id=164272]
  0x00007f4df000de50 GCTaskThread "GC Thread#8" [stack: 0x00007f4d822f2000,0x00007f4d823f2000] [id=164273]
  0x00007f4df000ec90 GCTaskThread "GC Thread#9" [stack: 0x00007f4d821f0000,0x00007f4d822f0000] [id=164274]
  0x00007f4df000fad0 GCTaskThread "GC Thread#10" [stack: 0x00007f4d820ee000,0x00007f4d821ee000] [id=164275]
  0x00007f4df0010910 GCTaskThread "GC Thread#11" [stack: 0x00007f4d81fec000,0x00007f4d820ec000] [id=164276]
  0x00007f4df0011790 GCTaskThread "GC Thread#12" [stack: 0x00007f4d81eea000,0x00007f4d81fea000] [id=164277]
  0x00007f4df0012610 GCTaskThread "GC Thread#13" [stack: 0x00007f4d81de8000,0x00007f4d81ee8000] [id=164278]
  0x00007f4df0013490 GCTaskThread "GC Thread#14" [stack: 0x00007f4d81ce6000,0x00007f4d81de6000] [id=164279]
  0x00007f4df0014310 GCTaskThread "GC Thread#15" [stack: 0x00007f4d81be4000,0x00007f4d81ce4000] [id=164280]
  0x00007f4df0015190 GCTaskThread "GC Thread#16" [stack: 0x00007f4d81ae2000,0x00007f4d81be2000] [id=164281]
  0x00007f4df0016010 GCTaskThread "GC Thread#17" [stack: 0x00007f4d819e0000,0x00007f4d81ae0000] [id=164282]
  0x00007f4df0016e90 GCTaskThread "GC Thread#18" [stack: 0x00007f4d818de000,0x00007f4d819de000] [id=164283]
  0x00007f4df0017d10 GCTaskThread "GC Thread#19" [stack: 0x00007f4d817dc000,0x00007f4d818dc000] [id=164284]
  0x00007f4df0018b90 GCTaskThread "GC Thread#20" [stack: 0x00007f4d816da000,0x00007f4d817da000] [id=164285]
  0x00007f4df0019a10 GCTaskThread "GC Thread#21" [stack: 0x00007f4d815d8000,0x00007f4d816d8000] [id=164286]
  0x00007f4df001a890 GCTaskThread "GC Thread#22" [stack: 0x00007f4d814d6000,0x00007f4d815d6000] [id=164287]
  0x000055d7a1e4d690 ConcurrentGCThread "G1 Main Marker" [stack: 0x00007f4e10563000,0x00007f4e10663000] [id=164231]
  0x000055d7a1e4e630 ConcurrentGCThread "G1 Conc#0" [stack: 0x00007f4e10461000,0x00007f4e10561000] [id=164232]
  0x00007f4e04000d30 ConcurrentGCThread "G1 Conc#1" [stack: 0x00007f4d813d4000,0x00007f4d814d4000] [id=164288]
  0x00007f4e04001790 ConcurrentGCThread "G1 Conc#2" [stack: 0x00007f4d812d2000,0x00007f4d813d2000] [id=164289]
  0x00007f4e04002220 ConcurrentGCThread "G1 Conc#3" [stack: 0x00007f4d811d0000,0x00007f4d812d0000] [id=164290]
  0x00007f4e04002cb0 ConcurrentGCThread "G1 Conc#4" [stack: 0x00007f4d810ce000,0x00007f4d811ce000] [id=164291]
  0x00007f4e04003740 ConcurrentGCThread "G1 Conc#5" [stack: 0x00007f4d80fcc000,0x00007f4d810cc000] [id=164292]
  0x000055d7a1fc2ae0 ConcurrentGCThread "G1 Refine#0" [stack: 0x00007f4e00bed000,0x00007f4e00ced000] [id=164233]
  0x000055d7a1fc39f0 ConcurrentGCThread "G1 Service" [stack: 0x00007f4e00aeb000,0x00007f4e00beb000] [id=164234]

Threads with active compile tasks:
JVMCI-native CompilerThread0     1392 6031       4       com.oracle.truffle.api.object.DynamicObjectLibraryGen$UncachedDispatch::getOrDefault (17 bytes)
JVMCI-native CompilerThread1     1392 6028       4       com.oracle.truffle.object.ShapeBasic::createShape (21 bytes)
JVMCI-native CompilerThread2     1392 6025       4       com.oracle.truffle.object.ShapeImpl::<init> (278 bytes)
JVMCI-native CompilerThread3     1392 6040       4       com.oracle.truffle.object.DynamicObjectLibraryImpl$AnyKey::getOrDefault (92 bytes)
C1 CompilerThread5     1392 6032       3       com.oracle.graal.python.nodes.argument.CreateArgumentsNodeGen::executeAndSpecialize (2050 bytes)

VM state: not at safepoint (normal execution)

VM Mutex/Monitor currently owned by a thread: None

Heap address: 0x0000000082000000, size: 30688 MB, Compressed Oops mode: Zero based, Oop shift amount: 3

CDS archive(s) mapped at: [0x0000000800000000-0x0000000800bcb000-0x0000000800bcb000), size 12365824, SharedBaseAddress: 0x0000000800000000, ArchiveRelocationMode: 0.
Compressed class space mapped at: 0x0000000801000000-0x0000000841000000, reserved size: 1073741824
Narrow klass base: 0x0000000800000000, Narrow klass shift: 0, Narrow klass range: 0x100000000

GC Precious Log:
 CPUs: 32 total, 32 available
 Memory: 125G
 Large Page Support: Disabled
 NUMA Support: Disabled
 Compressed Oops: Enabled (Zero based)
 Heap Region Size: 16M
 Heap Min Capacity: 16M
 Heap Initial Capacity: 2016M
 Heap Max Capacity: 30688M
 Pre-touch: Disabled
 Parallel Workers: 23
 Concurrent Workers: 6
 Concurrent Refinement Workers: 23
 Periodic GC: Disabled

Heap:
 garbage-first heap   total 229376K, used 100344K [0x0000000082000000, 0x0000000800000000)
  region size 16384K, 5 young (81920K), 1 survivors (16384K)
 Metaspace       used 69500K, committed 69824K, reserved 1114112K
  class space    used 9826K, committed 9984K, reserved 1048576K

Heap Regions: E=young(eden), S=young(survivor), O=old, HS=humongous(starts), HC=humongous(continues), CS=collection set, F=free, OA=open archive, CA=closed archive, TAMS=top-at-mark-start (previous, next)
|   0|0x0000000082000000, 0x0000000083000000, 0x0000000083000000|100%| O|  |TAMS 0x0000000082e22a00, 0x0000000082000000| Untracked 
|   1|0x0000000083000000, 0x000000008344d800, 0x0000000084000000| 26%| O|  |TAMS 0x0000000083000000, 0x0000000083000000| Untracked 
|   2|0x0000000084000000, 0x0000000084000000, 0x0000000085000000|  0%| F|  |TAMS 0x0000000084000000, 0x0000000084000000| Untracked 
|   3|0x0000000085000000, 0x0000000085000000, 0x0000000086000000|  0%| F|  |TAMS 0x0000000085000000, 0x0000000085000000| Untracked 
|   4|0x0000000086000000, 0x0000000086000000, 0x0000000087000000|  0%| F|  |TAMS 0x0000000086000000, 0x0000000086000000| Untracked 
|   5|0x0000000087000000, 0x0000000087ddd808, 0x0000000088000000| 86%| S|CS|TAMS 0x0000000087000000, 0x0000000087000000| Complete 
|   6|0x0000000088000000, 0x0000000088000000, 0x0000000089000000|  0%| F|  |TAMS 0x0000000088000000, 0x0000000088000000| Untracked 
|   7|0x0000000089000000, 0x0000000089000000, 0x000000008a000000|  0%| F|  |TAMS 0x0000000089000000, 0x0000000089000000| Untracked 
|   8|0x000000008a000000, 0x000000008a1edd60, 0x000000008b000000| 12%| E|  |TAMS 0x000000008a000000, 0x000000008a000000| Complete 
|   9|0x000000008b000000, 0x000000008c000000, 0x000000008c000000|100%| E|CS|TAMS 0x000000008b000000, 0x000000008b000000| Complete 
| 120|0x00000000fa000000, 0x00000000fb000000, 0x00000000fb000000|100%| E|CS|TAMS 0x00000000fa000000, 0x00000000fa000000| Complete 
| 125|0x00000000ff000000, 0x0000000100000000, 0x0000000100000000|100%| E|CS|TAMS 0x00000000ff000000, 0x00000000ff000000| Complete 
|1916|0x00000007fe000000, 0x00000007fef46000, 0x00000007ff000000| 95%|OA|  |TAMS 0x00000007fef46000, 0x00000007fe000000| Untracked 
|1917|0x00000007ff000000, 0x00000007ff08d000, 0x0000000800000000|  3%|CA|  |TAMS 0x00000007ff08d000, 0x00000007ff000000| Untracked 

Card table byte_map: [0x00007f4e503fd000,0x00007f4e53fed000] _byte_map_base: 0x00007f4e4ffed000

Marking Bits (Prev, Next): (CMBitMap*) 0x000055d7a1e3db20, (CMBitMap*) 0x000055d7a1e3dae0
 Prev Bits: [0x00007f4e1090d000, 0x00007f4e2e88d000)
 Next Bits: [0x00007f4e2e88d000, 0x00007f4e4c80d000)

Polling page: 0x00007f4e68614000

Metaspace:

Usage:
  Non-class:     58.28 MB used.
      Class:      9.60 MB used.
       Both:     67.87 MB used.

Virtual space:
  Non-class space:       64.00 MB reserved,      58.44 MB ( 91%) committed,  1 nodes.
      Class space:        1.00 GB reserved,       9.75 MB ( <1%) committed,  1 nodes.
             Both:        1.06 GB reserved,      68.19 MB (  6%) committed. 

Chunk freelists:
   Non-Class:  4.88 MB
       Class:  6.11 MB
        Both:  10.98 MB

MaxMetaspaceSize: unlimited
CompressedClassSpaceSize: 1.00 GB
Initial GC threshold: 21.00 MB
Current GC threshold: 99.38 MB
CDS: on
MetaspaceReclaimPolicy: balanced
 - commit_granule_bytes: 65536.
 - commit_granule_words: 8192.
 - virtual_space_node_default_size: 8388608.
 - enlarge_chunks_in_place: 1.
 - new_chunks_are_fully_committed: 0.
 - uncommit_free_chunks: 1.
 - use_allocation_guard: 0.
 - handle_deallocations: 1.


Internal statistics:

num_allocs_failed_limit: 9.
num_arena_births: 326.
num_arena_deaths: 0.
num_vsnodes_births: 2.
num_vsnodes_deaths: 0.
num_space_committed: 1091.
num_space_uncommitted: 0.
num_chunks_returned_to_freelist: 9.
num_chunks_taken_from_freelist: 2640.
num_chunk_merges: 3.
num_chunk_splits: 2067.
num_chunks_enlarged: 1708.
num_inconsistent_stats: 0.

CodeHeap 'non-profiled nmethods': size=117208Kb used=2269Kb max_used=2269Kb free=114938Kb
 bounds [0x00007f4e6134f000, 0x00007f4e615bf000, 0x00007f4e685c5000]
CodeHeap 'profiled nmethods': size=117208Kb used=14230Kb max_used=14230Kb free=102977Kb
 bounds [0x00007f4e595c5000, 0x00007f4e5a3e5000, 0x00007f4e6083b000]
CodeHeap 'non-nmethods': size=11344Kb used=5404Kb max_used=5418Kb free=5939Kb
 bounds [0x00007f4e6083b000, 0x00007f4e60d8b000, 0x00007f4e6134f000]
 total_blobs=6002 nmethods=5178 adapters=718
 compilation: enabled
              stopped_count=0, restarted_count=0
 full_count=0

JVMCI Events (20 events):
Event: 1.323 Thread 0x000055d7a3635490 compacted oop handles in JVMCI runtime 13 from 826 to 782
Event: 1.325 Thread 0x00007f4dd0047380 compacted oop handles in JVMCI runtime 2 from 275 to 265
Event: 1.331 Thread 0x000055d7a2006970 compacted oop handles in JVMCI runtime 0 from 156 to 150
Event: 1.333 Thread 0x000055d7a3635490 compacted oop handles in JVMCI runtime 13 from 1027 to 854
Event: 1.333 Thread 0x000055d7a3635490 compacted oop handles in JVMCI runtime 13 from 863 to 832
Event: 1.336 Thread 0x00007f4dd004bcd0 compacted oop handles in JVMCI runtime 3 from 191 to 185
Event: 1.340 Thread 0x000055d7a342cf20 compacted oop handles in JVMCI runtime 6 from 1324 to 1206
Event: 1.340 Thread 0x000055d7a3635490 compacted oop handles in JVMCI runtime 13 from 968 to 885
Event: 1.342 Thread 0x000055d7a34793a0 compacted oop handles in JVMCI runtime 7 from 1234 to 963
Event: 1.343 Thread 0x00007f4dd0046290 compacted oop handles in JVMCI runtime 1 from 169 to 166
Event: 1.343 Thread 0x000055d7a34793a0 compacted oop handles in JVMCI runtime 7 from 975 to 836
Event: 1.346 Thread 0x00007f4dd004bcd0 compacted oop handles in JVMCI runtime 3 from 186 to 161
Event: 1.347 Thread 0x00007f4dd004bcd0 compacted oop handles in JVMCI runtime 3 from 175 to 174
Event: 1.349 Thread 0x00007f4dd0046290 compacted oop handles in JVMCI runtime 1 from 167 to 116
Event: 1.350 Thread 0x00007f4dd0047380 compacted oop handles in JVMCI runtime 2 from 288 to 286
Event: 1.351 Thread 0x000055d7a36330d0 compacted oop handles in JVMCI runtime 12 from 2208 to 1181
Event: 1.352 Thread 0x00007f4dd0047380 compacted oop handles in JVMCI runtime 2 from 287 to 111
Event: 1.352 Thread 0x00007f4dd004bcd0 compacted oop handles in JVMCI runtime 3 from 187 to 185
Event: 1.352 Thread 0x00007f4dd0046290 compacted oop handles in JVMCI runtime 1 from 130 to 125
Event: 1.361 Thread 0x000055d7a2006970 compacted oop handles in JVMCI runtime 0 from 150 to 106

Compilation events (20 events):
Event: 1.352 Thread 0x00007f4dd0047380 nmethod 5931 0x00007f4e6152db10 code [0x00007f4e6152dc80, 0x00007f4e6152dcf0]
Event: 1.352 Thread 0x00007f4dd0046290 nmethod 5929 0x00007f4e61415c10 code [0x00007f4e61415da0, 0x00007f4e61416000]
Event: 1.354 Thread 0x000055d7a2007ed0 5932       3       com.oracle.truffle.nfi.Lexer::isIdentChar (38 bytes)
Event: 1.354 Thread 0x000055d7a2007ed0 nmethod 5932 0x00007f4e595ed090 code [0x00007f4e595ed2c0, 0x00007f4e595ede10]
Event: 1.357 Thread 0x00007f4dd0047380 5933   !   4       java.util.zip.ZipFile$ZipFileInputStream::read (135 bytes)
Event: 1.358 Thread 0x00007f4dd40a0bb0 5934       3       org.graalvm.compiler.truffle.runtime.GraalTruffleRuntime::createDirectCallNode (53 bytes)
Event: 1.358 Thread 0x00007f4dc40fc300 5935       3       org.graalvm.compiler.truffle.runtime.OptimizedDirectCallNode::<init> (27 bytes)
Event: 1.358 Thread 0x00007f4dc40fc300 nmethod 5935 0x00007f4e59c3d010 code [0x00007f4e59c3d1c0, 0x00007f4e59c3d3e0]
Event: 1.358 Thread 0x00007f4dd4163150 5936       1       com.oracle.truffle.polyglot.PolyglotContextImpl::getEngine (5 bytes)
Event: 1.358 Thread 0x00007f4dd4163150 nmethod 5936 0x00007f4e6152d810 code [0x00007f4e6152d9a0, 0x00007f4e6152da70]
Event: 1.358 Thread 0x00007f4dd40a0bb0 nmethod 5934 0x00007f4e59c9a810 code [0x00007f4e59c9aac0, 0x00007f4e59c9bfd0]
Event: 1.358 Thread 0x00007f4dd4161f80 5937       3       org.graalvm.compiler.truffle.runtime.OptimizedCallTarget$ReturnProfile::<init> (40 bytes)
Event: 1.358 Thread 0x00007f4dd40a0bb0 5938       1       java.util.Formatter$Flags::valueOf (5 bytes)
Event: 1.358 Thread 0x00007f4dd40a0bb0 nmethod 5938 0x00007f4e6152d510 code [0x00007f4e6152d6a0, 0x00007f4e6152d770]
Event: 1.359 Thread 0x00007f4dd4161f80 nmethod 5937 0x00007f4e59c99c90 code [0x00007f4e59c99e80, 0x00007f4e59c9a5d0]
Event: 1.361 Thread 0x000055d7a2006970 5939       4       java.lang.Class::isRecord (33 bytes)
Event: 1.362 Thread 0x000055d7a2006970 nmethod 5939 0x00007f4e61415910 code [0x00007f4e61415a80, 0x00007f4e61415b50]
Event: 1.363 Thread 0x00007f4dd0047380 nmethod 5933 0x00007f4e6157d610 code [0x00007f4e6157d820, 0x00007f4e6157e430]
Event: 1.364 Thread 0x00007f4dd40a0bb0 5940       3       com.oracle.graal.python.nodes.frame.ReadGlobalOrBuiltinNode$1::read (107 bytes)
Event: 1.365 Thread 0x00007f4dd40a0bb0 nmethod 5940 0x00007f4e59d1be90 code [0x00007f4e59d1c180, 0x00007f4e59d1dcc0]

GC Heap History (8 events):
Event: 0.401 GC heap before
{Heap before GC invocations=0 (full 0):
 garbage-first heap   total 2097152K, used 81740K [0x0000000082000000, 0x0000000800000000)
  region size 16384K, 5 young (81920K), 0 survivors (0K)
 Metaspace       used 21283K, committed 21504K, reserved 1114112K
  class space    used 2112K, committed 2240K, reserved 1048576K
}
Event: 0.404 GC heap after
{Heap after GC invocations=1 (full 0):
 garbage-first heap   total 2097152K, used 31091K [0x0000000082000000, 0x0000000800000000)
  region size 16384K, 1 young (16384K), 1 survivors (16384K)
 Metaspace       used 21283K, committed 21504K, reserved 1114112K
  class space    used 2112K, committed 2240K, reserved 1048576K
}
Event: 0.612 GC heap before
{Heap before GC invocations=2 (full 0):
 garbage-first heap   total 229376K, used 80243K [0x0000000082000000, 0x0000000800000000)
  region size 16384K, 5 young (81920K), 1 survivors (16384K)
 Metaspace       used 36054K, committed 36288K, reserved 1114112K
  class space    used 4475K, committed 4608K, reserved 1048576K
}
Event: 0.615 GC heap after
{Heap after GC invocations=3 (full 0):
 garbage-first heap   total 229376K, used 38091K [0x0000000082000000, 0x0000000800000000)
  region size 16384K, 1 young (16384K), 1 survivors (16384K)
 Metaspace       used 36054K, committed 36288K, reserved 1114112K
  class space    used 4475K, committed 4608K, reserved 1048576K
}
Event: 0.726 GC heap before
{Heap before GC invocations=4 (full 0):
 garbage-first heap   total 229376K, used 54475K [0x0000000082000000, 0x0000000800000000)
  region size 16384K, 3 young (49152K), 1 survivors (16384K)
 Metaspace       used 43763K, committed 44032K, reserved 1114112K
  class space    used 5940K, committed 6080K, reserved 1048576K
}
Event: 0.727 GC heap after
{Heap after GC invocations=5 (full 0):
 garbage-first heap   total 229376K, used 41443K [0x0000000082000000, 0x0000000800000000)
  region size 16384K, 1 young (16384K), 1 survivors (16384K)
 Metaspace       used 43763K, committed 44032K, reserved 1114112K
  class space    used 5940K, committed 6080K, reserved 1048576K
}
Event: 1.008 GC heap before
{Heap before GC invocations=5 (full 0):
 garbage-first heap   total 229376K, used 106979K [0x0000000082000000, 0x0000000800000000)
  region size 16384K, 6 young (98304K), 1 survivors (16384K)
 Metaspace       used 60542K, committed 60800K, reserved 1114112K
  class space    used 8858K, committed 9024K, reserved 1048576K
}
Event: 1.013 GC heap after
{Heap after GC invocations=6 (full 0):
 garbage-first heap   total 229376K, used 51192K [0x0000000082000000, 0x0000000800000000)
  region size 16384K, 1 young (16384K), 1 survivors (16384K)
 Metaspace       used 60542K, committed 60800K, reserved 1114112K
  class space    used 8858K, committed 9024K, reserved 1048576K
}

Dll operation events (11 events):
Event: 0.001 Loaded shared library /home/a4090/miniconda3/envs/auto/lib/jvm/lib/libjava.so
Event: 0.005 Loaded shared library /home/a4090/miniconda3/envs/auto/lib/jvm/lib/libjsvml.so
Event: 0.021 Loaded shared library /home/a4090/miniconda3/envs/auto/lib/jvm/lib/libjvmcicompiler.so
Event: 0.022 Loaded shared library /home/a4090/miniconda3/envs/auto/lib/jvm/lib/libnio.so
Event: 0.024 Loaded shared library /home/a4090/miniconda3/envs/auto/lib/jvm/lib/libzip.so
Event: 0.025 Loaded shared library /home/a4090/miniconda3/envs/auto/lib/jvm/lib/libjimage.so
Event: 0.029 Loaded shared library /home/a4090/miniconda3/envs/auto/lib/jvm/lib/libmanagement.so
Event: 0.030 Loaded shared library /home/a4090/miniconda3/envs/auto/lib/jvm/lib/libmanagement_ext.so
Event: 0.032 Loaded shared library /home/a4090/miniconda3/envs/auto/lib/jvm/lib/libnet.so
Event: 0.374 Loaded shared library /home/a4090/miniconda3/envs/auto/lib/jvm/lib/libverify.so
Event: 1.216 Loaded shared library /home/a4090/miniconda3/envs/auto/lib/jvm/lib/libtrufflenfi.so

Deoptimization events (20 events):
Event: 1.323 Thread 0x000055d7a3635490 Uncommon trap: trap_request=0xffffffcd fr.pc=0x00007f4e6153670f relative=0x000000000000044f
Event: 1.323 Thread 0x000055d7a3635490 Uncommon trap: reason=intrinsic_or_type_checked_inlining action=reinterpret pc=0x00007f4e6153670f method=com.oracle.truffle.api.nodes.NodeClassImpl.getFieldObject(Ljava/lang/Object;Lcom/oracle/truffle/api/nodes/Node;)Ljava/lang/Object; @ 8 jvmci
Event: 1.323 Thread 0x000055d7a3635490 DEOPT PACKING pc=0x00007f4e6153670f sp=0x00007f4cce8fd5f0
Event: 1.323 Thread 0x000055d7a3635490 DEOPT UNPACKING pc=0x00007f4e60891c25 sp=0x00007f4cce8fca10 mode 3
Event: 1.334 Thread 0x000055d7a1e06860 Uncommon trap: trap_request=0xffffffcd fr.pc=0x00007f4e61471cca relative=0x00000000000003ca
Event: 1.334 Thread 0x000055d7a1e06860 Uncommon trap: reason=intrinsic_or_type_checked_inlining action=reinterpret pc=0x00007f4e61471cca method=com.oracle.truffle.object.ShapeImpl.queryTransitionImpl(Lcom/oracle/truffle/object/Transition;)Lcom/oracle/truffle/object/ShapeImpl; @ 4 jvmci
Event: 1.334 Thread 0x000055d7a1e06860 DEOPT PACKING pc=0x00007f4e61471cca sp=0x00007ffdd71bde80
Event: 1.334 Thread 0x000055d7a1e06860 DEOPT UNPACKING pc=0x00007f4e60891c25 sp=0x00007ffdd71bd310 mode 3
Event: 1.337 Thread 0x000055d7a3635490 Uncommon trap: trap_request=0xffffff8f fr.pc=0x00007f4e614e780d relative=0x000000000000028d
Event: 1.337 Thread 0x000055d7a3635490 Uncommon trap: reason=constraint action=none pc=0x00007f4e614e780d method=java.lang.reflect.Constructor.newInstanceWithCaller([Ljava/lang/Object;ZLjava/lang/Class;)Ljava/lang/Object; @ 62 jvmci
Event: 1.337 Thread 0x000055d7a3635490 DEOPT PACKING pc=0x00007f4e614e780d sp=0x00007f4cce8fc3e0
Event: 1.337 Thread 0x000055d7a3635490 DEOPT UNPACKING pc=0x00007f4e60891c25 sp=0x00007f4cce8fb888 mode 3
Event: 1.344 Thread 0x000055d7a1e06860 Uncommon trap: trap_request=0xffffff25 fr.pc=0x00007f4e61416b61 relative=0x0000000000000681
Event: 1.344 Thread 0x000055d7a1e06860 Uncommon trap: reason=transfer_to_interpreter action=reinterpret pc=0x00007f4e61416b61 method=com.oracle.truffle.api.strings.TStringOps.runLastIndexOfWithOrMaskWithStride(Lcom/oracle/truffle/api/nodes/Node;[BJIZIIII)I @ 32 jvmci
Event: 1.344 Thread 0x000055d7a1e06860 DEOPT PACKING pc=0x00007f4e61416b61 sp=0x00007ffdd71bba20
Event: 1.344 Thread 0x000055d7a1e06860 DEOPT UNPACKING pc=0x00007f4e60891c25 sp=0x00007ffdd71ba538 mode 3
Event: 1.348 Thread 0x000055d7a1e06860 Uncommon trap: trap_request=0xffffff25 fr.pc=0x00007f4e6157980b relative=0x0000000000002a4b
Event: 1.348 Thread 0x000055d7a1e06860 Uncommon trap: reason=transfer_to_interpreter action=reinterpret pc=0x00007f4e6157980b method=com.oracle.graal.python.nodes.attributes.LookupAttributeInMRONode.findAttr(Lcom/oracle/graal/python/builtins/Python3Core;Lcom/oracle/graal/python/builtins/Python
Event: 1.348 Thread 0x000055d7a1e06860 DEOPT PACKING pc=0x00007f4e6157980b sp=0x00007ffdd71bf550
Event: 1.348 Thread 0x000055d7a1e06860 DEOPT UNPACKING pc=0x00007f4e60891c25 sp=0x00007ffdd71be700 mode 3

Classes unloaded (0 events):
No events

Classes redefined (0 events):
No events

Internal exceptions (20 events):
Event: 1.185 Thread 0x000055d7a1e06860 Exception <a 'sun/nio/fs/UnixException'{0x00000000fa8baaa0}> (0x00000000fa8baaa0) 
thrown [src/hotspot/share/prims/jni.cpp, line 516]
Event: 1.185 Thread 0x000055d7a1e06860 Exception <a 'sun/nio/fs/UnixException'{0x00000000fa8bb920}> (0x00000000fa8bb920) 
thrown [src/hotspot/share/prims/jni.cpp, line 516]
Event: 1.185 Thread 0x000055d7a1e06860 Exception <a 'sun/nio/fs/UnixException'{0x00000000fa8bbf10}> (0x00000000fa8bbf10) 
thrown [src/hotspot/share/prims/jni.cpp, line 516]
Event: 1.188 Thread 0x000055d7a1e06860 Exception <a 'sun/nio/fs/UnixException'{0x00000000fa8df050}> (0x00000000fa8df050) 
thrown [src/hotspot/share/prims/jni.cpp, line 516]
Event: 1.188 Thread 0x000055d7a1e06860 Exception <a 'sun/nio/fs/UnixException'{0x00000000fa8dfd20}> (0x00000000fa8dfd20) 
thrown [src/hotspot/share/prims/jni.cpp, line 516]
Event: 1.188 Thread 0x000055d7a1e06860 Exception <a 'sun/nio/fs/UnixException'{0x00000000fa8e0608}> (0x00000000fa8e0608) 
thrown [src/hotspot/share/prims/jni.cpp, line 516]
Event: 1.188 Thread 0x000055d7a1e06860 Exception <a 'sun/nio/fs/UnixException'{0x00000000fa8e1390}> (0x00000000fa8e1390) 
thrown [src/hotspot/share/prims/jni.cpp, line 516]
Event: 1.188 Thread 0x000055d7a1e06860 Exception <a 'sun/nio/fs/UnixException'{0x00000000fa8e1980}> (0x00000000fa8e1980) 
thrown [src/hotspot/share/prims/jni.cpp, line 516]
Event: 1.188 Thread 0x000055d7a1e06860 Exception <a 'sun/nio/fs/UnixException'{0x00000000fa8e21a0}> (0x00000000fa8e21a0) 
thrown [src/hotspot/share/prims/jni.cpp, line 516]
Event: 1.189 Thread 0x000055d7a1e06860 Exception <a 'sun/nio/fs/UnixException'{0x00000000fa8e3020}> (0x00000000fa8e3020) 
thrown [src/hotspot/share/prims/jni.cpp, line 516]
Event: 1.189 Thread 0x000055d7a1e06860 Exception <a 'sun/nio/fs/UnixException'{0x00000000fa8e3610}> (0x00000000fa8e3610) 
thrown [src/hotspot/share/prims/jni.cpp, line 516]
Event: 1.258 Thread 0x000055d7a1e06860 Exception <a 'sun/nio/fs/UnixException'{0x000000008b2d7258}> (0x000000008b2d7258) 
thrown [src/hotspot/share/prims/jni.cpp, line 516]
Event: 1.258 Thread 0x000055d7a1e06860 Exception <a 'sun/nio/fs/UnixException'{0x000000008b2d8ef8}> (0x000000008b2d8ef8) 
thrown [src/hotspot/share/prims/jni.cpp, line 516]
Event: 1.258 Thread 0x000055d7a1e06860 Exception <a 'sun/nio/fs/UnixException'{0x000000008b2da778}> (0x000000008b2da778) 
thrown [src/hotspot/share/prims/jni.cpp, line 516]
Event: 1.258 Thread 0x000055d7a1e06860 Exception <a 'sun/nio/fs/UnixException'{0x000000008b2dc4d8}> (0x000000008b2dc4d8) 
thrown [src/hotspot/share/prims/jni.cpp, line 516]
Event: 1.258 Thread 0x000055d7a1e06860 Exception <a 'sun/nio/fs/UnixException'{0x000000008b2ddab8}> (0x000000008b2ddab8) 
thrown [src/hotspot/share/prims/jni.cpp, line 516]
Event: 1.268 Thread 0x000055d7a1e06860 Exception <a 'sun/nio/fs/UnixException'{0x000000008b45de30}> (0x000000008b45de30) 
thrown [src/hotspot/share/prims/jni.cpp, line 516]
Event: 1.269 Thread 0x000055d7a1e06860 Exception <a 'sun/nio/fs/UnixException'{0x000000008b460558}> (0x000000008b460558) 
thrown [src/hotspot/share/prims/jni.cpp, line 516]
Event: 1.281 Thread 0x000055d7a1e06860 Exception <a 'sun/nio/fs/UnixException'{0x000000008b551f48}> (0x000000008b551f48) 
thrown [src/hotspot/share/prims/jni.cpp, line 516]
Event: 1.281 Thread 0x000055d7a1e06860 Exception <a 'sun/nio/fs/UnixException'{0x000000008b554eb8}> (0x000000008b554eb8) 
thrown [src/hotspot/share/prims/jni.cpp, line 516]

VM Operations (20 events):
Event: 1.072 Executing VM operation: HandshakeAllThreads
Event: 1.072 Executing VM operation: HandshakeAllThreads done
Event: 1.099 Executing VM operation: HandshakeAllThreads
Event: 1.099 Executing VM operation: HandshakeAllThreads done
Event: 1.119 Executing VM operation: ICBufferFull
Event: 1.119 Executing VM operation: ICBufferFull done
Event: 1.131 Executing VM operation: HandshakeAllThreads
Event: 1.131 Executing VM operation: HandshakeAllThreads done
Event: 1.155 Executing VM operation: HandshakeAllThreads
Event: 1.155 Executing VM operation: HandshakeAllThreads done
Event: 1.160 Executing VM operation: HandshakeAllThreads
Event: 1.160 Executing VM operation: HandshakeAllThreads done
Event: 1.168 Executing VM operation: HandshakeAllThreads
Event: 1.168 Executing VM operation: HandshakeAllThreads done
Event: 1.176 Executing VM operation: HandshakeAllThreads
Event: 1.176 Executing VM operation: HandshakeAllThreads done
Event: 1.188 Executing VM operation: ICBufferFull
Event: 1.188 Executing VM operation: ICBufferFull done
Event: 1.307 Executing VM operation: ICBufferFull
Event: 1.307 Executing VM operation: ICBufferFull done

Events (20 events):
Event: 1.226 loading class java/util/concurrent/atomic/AtomicIntegerFieldUpdater$AtomicIntegerFieldUpdaterImpl$1
Event: 1.226 loading class java/util/concurrent/atomic/AtomicIntegerFieldUpdater$AtomicIntegerFieldUpdaterImpl$1 done
Event: 1.285 loading class java/nio/charset/UnsupportedCharsetException
Event: 1.285 loading class java/nio/charset/UnsupportedCharsetException done
Event: 1.285 loading class sun/nio/cs/UTF_32
Event: 1.285 loading class sun/nio/cs/UTF_32 done
Event: 1.285 loading class sun/nio/cs/UTF_16LE_BOM
Event: 1.285 loading class sun/nio/cs/UTF_16LE_BOM done
Event: 1.285 loading class sun/nio/cs/UTF_32LE_BOM
Event: 1.285 loading class sun/nio/cs/UTF_32LE_BOM done
Event: 1.287 loading class java/io/NotSerializableException
Event: 1.287 loading class java/io/ObjectStreamException
Event: 1.287 loading class java/io/ObjectStreamException done
Event: 1.287 loading class java/io/NotSerializableException done
Event: 1.293 loading class java/util/concurrent/LinkedBlockingDeque$Itr
Event: 1.293 loading class java/util/concurrent/LinkedBlockingDeque$AbstractItr
Event: 1.293 loading class java/util/concurrent/LinkedBlockingDeque$AbstractItr done
Event: 1.293 loading class java/util/concurrent/LinkedBlockingDeque$Itr done
Event: 1.298 Thread 0x000055d7a36f1f60 Thread added: 0x000055d7a36f1f60
Event: 1.298 Protecting memory [0x00007f4cd77aa000,0x00007f4cd77ae000] with protection modes 0


Dynamic libraries:
82000000-8c000000 rw-p 00000000 00:00 0 
8c000000-fa000000 ---p 00000000 00:00 0 
fa000000-fb000000 rw-p 00000000 00:00 0 
fb000000-ff000000 ---p 00000000 00:00 0 
ff000000-100000000 rw-p 00000000 00:00 0 
100000000-7fe000000 ---p 00000000 00:00 0 
7fe000000-7fef00000 rw-p 00000000 00:00 0 
7fef00000-7fef46000 rw-p 00c8f000 103:02 51866601                        /home/a4090/miniconda3/envs/auto/lib/jvm/lib/server/classes.jsa
7fef46000-7ff000000 rw-p 00000000 00:00 0 
7ff000000-7ff08d000 rw-p 00c02000 103:02 51866601                        /home/a4090/miniconda3/envs/auto/lib/jvm/lib/server/classes.jsa
7ff08d000-800000000 rw-p 00000000 00:00 0 
800000000-80044a000 rw-p 00001000 103:02 51866601                        /home/a4090/miniconda3/envs/auto/lib/jvm/lib/server/classes.jsa
80044a000-800bcb000 r--p 0044b000 103:02 51866601                        /home/a4090/miniconda3/envs/auto/lib/jvm/lib/server/classes.jsa
800bcb000-801000000 ---p 00000000 00:00 0 
801000000-801040000 rw-p 00000000 00:00 0 
801040000-8010c0000 rw-p 00000000 00:00 0 
8010c0000-801100000 rw-p 00000000 00:00 0 
801100000-801180000 rw-p 00000000 00:00 0 
801180000-801240000 rw-p 00000000 00:00 0 
801240000-801250000 rw-p 00000000 00:00 0 
801250000-801280000 ---p 00000000 00:00 0 
801280000-8019f0000 rw-p 00000000 00:00 0 
8019f0000-841000000 ---p 00000000 00:00 0 
55d7a07c3000-55d7a07c6000 r--p 00000000 103:02 51868967                  /home/a4090/miniconda3/envs/auto/lib/jvm/languages/python/bin/python
55d7a07c6000-55d7a07ca000 r-xp 00003000 103:02 51868967                  /home/a4090/miniconda3/envs/auto/lib/jvm/languages/python/bin/python
55d7a07ca000-55d7a07cc000 r--p 00007000 103:02 51868967                  /home/a4090/miniconda3/envs/auto/lib/jvm/languages/python/bin/python
55d7a07cc000-55d7a07cd000 r--p 00008000 103:02 51868967                  /home/a4090/miniconda3/envs/auto/lib/jvm/languages/python/bin/python
55d7a07cd000-55d7a07ce000 rw-p 00009000 103:02 51868967                  /home/a4090/miniconda3/envs/auto/lib/jvm/languages/python/bin/python
55d7a1da9000-55d7a3756000 rw-p 00000000 00:00 0                          [heap]
7f4c9c000000-7f4c9c021000 rw-p 00000000 00:00 0 
7f4c9c021000-7f4ca0000000 ---p 00000000 00:00 0 
7f4ca2b00000-7f4ca2c00000 rw-p 00000000 00:00 0 
7f4ca2d00000-7f4ca2e00000 rw-p 00000000 00:00 0 
7f4ca2f00000-7f4ca3000000 rw-p 00000000 00:00 0 
7f4ca3100000-7f4ca3200000 rw-p 00000000 00:00 0 
7f4ca3300000-7f4ca3400000 rw-p 00000000 00:00 0 
7f4ca3500000-7f4ca3600000 rw-p 00000000 00:00 0 
7f4ca3700000-7f4ca3800000 rw-p 00000000 00:00 0 
7f4ca3900000-7f4ca3a00000 rw-p 00000000 00:00 0 
7f4ca3b00000-7f4ca3c00000 rw-p 00000000 00:00 0 
7f4ca3d00000-7f4ca3e00000 rw-p 00000000 00:00 0 
7f4ca3f00000-7f4ca4000000 rw-p 00000000 00:00 0 
7f4ca4100000-7f4ca4200000 rw-p 00000000 00:00 0 
7f4ca4300000-7f4ca4400000 rw-p 00000000 00:00 0 
7f4ca4500000-7f4ca4600000 rw-p 00000000 00:00 0 
7f4ca4700000-7f4ca4800000 rw-p 00000000 00:00 0 
7f4ca4900000-7f4ca4a00000 rw-p 00000000 00:00 0 
7f4ca4b00000-7f4ca4c00000 rw-p 00000000 00:00 0 
7f4ca4d00000-7f4ca4e00000 rw-p 00000000 00:00 0 
7f4ca4f00000-7f4ca5000000 rw-p 00000000 00:00 0 
7f4ca5100000-7f4ca5200000 rw-p 00000000 00:00 0 
7f4ca5300000-7f4ca5400000 rw-p 00000000 00:00 0 
7f4ca5500000-7f4ca5600000 rw-p 00000000 00:00 0 
7f4ca5700000-7f4ca5800000 rw-p 00000000 00:00 0 
7f4ca5900000-7f4ca5a00000 rw-p 00000000 00:00 0 
7f4ca5b00000-7f4ca5c00000 rw-p 00000000 00:00 0 
7f4ca5d00000-7f4ca5f00000 rw-p 00000000 00:00 0 
7f4ca6000000-7f4ca6100000 rw-p 00000000 00:00 0 
7f4ca6200000-7f4ca6300000 rw-p 00000000 00:00 0 
7f4ca6400000-7f4ca6500000 rw-p 00000000 00:00 0 
7f4ca6600000-7f4ca6700000 rw-p 00000000 00:00 0 
7f4ca6800000-7f4ca6900000 rw-p 00000000 00:00 0 
7f4ca6a00000-7f4ca6b00000 rw-p 00000000 00:00 0 
7f4ca6c00000-7f4ca6d00000 rw-p 00000000 00:00 0 
7f4ca6e00000-7f4ca6f00000 rw-p 00000000 00:00 0 
7f4ca7000000-7f4ca7100000 rw-p 00000000 00:00 0 
7f4ca7200000-7f4ca7300000 rw-p 00000000 00:00 0 
7f4ca7400000-7f4ca7500000 rw-p 00000000 00:00 0 
7f4ca7600000-7f4ca7700000 rw-p 00000000 00:00 0 
7f4ca7800000-7f4ca7900000 rw-p 00000000 00:00 0 
7f4ca7a00000-7f4ca7b00000 rw-p 00000000 00:00 0 
7f4ca7c00000-7f4ca7d00000 rw-p 00000000 00:00 0 
7f4ca7e00000-7f4ca7f00000 rw-p 00000000 00:00 0 
7f4ca8000000-7f4ca8021000 rw-p 00000000 00:00 0 
7f4ca8021000-7f4cac000000 ---p 00000000 00:00 0 
7f4cac100000-7f4cac200000 rw-p 00000000 00:00 0 
7f4cac300000-7f4cac400000 rw-p 00000000 00:00 0 
7f4cac500000-7f4cac600000 rw-p 00000000 00:00 0 
7f4cac700000-7f4cac800000 rw-p 00000000 00:00 0 
7f4cac900000-7f4caca00000 rw-p 00000000 00:00 0 
7f4cacb00000-7f4cacc00000 rw-p 00000000 00:00 0 
7f4cacd00000-7f4cace00000 rw-p 00000000 00:00 0 
7f4cacf00000-7f4cad000000 rw-p 00000000 00:00 0 
7f4cad100000-7f4cad200000 rw-p 00000000 00:00 0 
7f4cad300000-7f4cad400000 rw-p 00000000 00:00 0 
7f4cad500000-7f4cad600000 rw-p 00000000 00:00 0 
7f4cad700000-7f4cad800000 rw-p 00000000 00:00 0 
7f4cad900000-7f4cada00000 rw-p 00000000 00:00 0 
7f4cadb00000-7f4cadc00000 rw-p 00000000 00:00 0 
7f4cadd00000-7f4cade00000 rw-p 00000000 00:00 0 
7f4cadf00000-7f4cae000000 rw-p 00000000 00:00 0 
7f4cae100000-7f4cae200000 rw-p 00000000 00:00 0 
7f4cae300000-7f4cae400000 rw-p 00000000 00:00 0 
7f4cae500000-7f4cae600000 rw-p 00000000 00:00 0 
7f4cae700000-7f4cae800000 rw-p 00000000 00:00 0 
7f4cae900000-7f4caea00000 rw-p 00000000 00:00 0 
7f4caeb00000-7f4caec00000 rw-p 00000000 00:00 0 
7f4caecf7000-7f4caef00000 rw-p 00000000 00:00 0 
7f4caf000000-7f4caf100000 rw-p 00000000 00:00 0 
7f4caf200000-7f4caf300000 rw-p 00000000 00:00 0 
7f4caf400000-7f4caf500000 rw-p 00000000 00:00 0 
7f4caf600000-7f4caf700000 rw-p 00000000 00:00 0 
7f4caf800000-7f4caf900000 rw-p 00000000 00:00 0 
7f4cafa00000-7f4cafb00000 rw-p 00000000 00:00 0 
7f4cafc00000-7f4cafd00000 rw-p 00000000 00:00 0 
7f4cafe00000-7f4caff00000 rw-p 00000000 00:00 0 
7f4cb0000000-7f4cb0021000 rw-p 00000000 00:00 0 
7f4cb0021000-7f4cb4000000 ---p 00000000 00:00 0 
7f4cb4000000-7f4cb4100000 rw-p 00000000 00:00 0 
7f4cb4200000-7f4cb4300000 rw-p 00000000 00:00 0 
7f4cb4400000-7f4cb4500000 rw-p 00000000 00:00 0 
7f4cb4600000-7f4cb4700000 rw-p 00000000 00:00 0 
7f4cb4800000-7f4cb4900000 rw-p 00000000 00:00 0 
7f4cb493e000-7f4cb4aff000 rw-p 00000000 00:00 0 
7f4cb4aff000-7f4cb4b03000 ---p 00000000 00:00 0 
7f4cb4b03000-7f4cb4d00000 rw-p 00000000 00:00 0 
7f4cb4e00000-7f4cb4f00000 rw-p 00000000 00:00 0 
7f4cb5000000-7f4cb5100000 rw-p 00000000 00:00 0 
7f4cb5200000-7f4cb5300000 rw-p 00000000 00:00 0 
7f4cb5400000-7f4cb5500000 rw-p 00000000 00:00 0 
7f4cb5600000-7f4cb5700000 rw-p 00000000 00:00 0 
7f4cb5800000-7f4cb5900000 rw-p 00000000 00:00 0 
7f4cb5a00000-7f4cb5b00000 rw-p 00000000 00:00 0 
7f4cb5c00000-7f4cb5d00000 rw-p 00000000 00:00 0 
7f4cb5e00000-7f4cb5f00000 rw-p 00000000 00:00 0 
7f4cb6000000-7f4cb6100000 rw-p 00000000 00:00 0 
7f4cb6200000-7f4cb6300000 rw-p 00000000 00:00 0 
7f4cb6400000-7f4cb6500000 rw-p 00000000 00:00 0 
7f4cb6600000-7f4cb6700000 rw-p 00000000 00:00 0 
7f4cb67ff000-7f4cb6803000 ---p 00000000 00:00 0 
7f4cb6803000-7f4cb6a00000 rw-p 00000000 00:00 0 
7f4cb6b00000-7f4cb6c00000 rw-p 00000000 00:00 0 
7f4cb6d00000-7f4cb6e00000 rw-p 00000000 00:00 0 
7f4cb6f00000-7f4cb7000000 rw-p 00000000 00:00 0 
7f4cb7100000-7f4cb7200000 rw-p 00000000 00:00 0 
7f4cb7300000-7f4cb7400000 rw-p 00000000 00:00 0 
7f4cb7500000-7f4cb7600000 rw-p 00000000 00:00 0 
7f4cb7700000-7f4cb7800000 rw-p 00000000 00:00 0 
7f4cb7900000-7f4cb7a00000 rw-p 00000000 00:00 0 
7f4cb7b00000-7f4cb7c00000 rw-p 00000000 00:00 0 
7f4cb7d00000-7f4cb7e00000 rw-p 00000000 00:00 0 
7f4cb7f00000-7f4cb8000000 rw-p 00000000 00:00 0 
7f4cb8100000-7f4cb8200000 rw-p 00000000 00:00 0 
7f4cb8300000-7f4cb8400000 rw-p 00000000 00:00 0 
7f4cb8500000-7f4cb8600000 rw-p 00000000 00:00 0 
7f4cb8700000-7f4cb8800000 rw-p 00000000 00:00 0 
7f4cb8900000-7f4cb8a00000 rw-p 00000000 00:00 0 
7f4cb8b00000-7f4cb8c00000 rw-p 00000000 00:00 0 
7f4cb8d00000-7f4cb8e00000 rw-p 00000000 00:00 0 
7f4cb8f00000-7f4cb9000000 rw-p 00000000 00:00 0 
7f4cb9100000-7f4cb9200000 rw-p 00000000 00:00 0 
7f4cb9300000-7f4cb9400000 rw-p 00000000 00:00 0 
7f4cb9500000-7f4cb9600000 rw-p 00000000 00:00 0 
7f4cb9700000-7f4cb9800000 rw-p 00000000 00:00 0 
7f4cb9900000-7f4cb9a00000 rw-p 00000000 00:00 0 
7f4cb9b00000-7f4cb9c00000 rw-p 00000000 00:00 0 
7f4cb9d00000-7f4cb9e00000 rw-p 00000000 00:00 0 
7f4cb9f00000-7f4cba000000 rw-p 00000000 00:00 0 
7f4cba100000-7f4cba200000 rw-p 00000000 00:00 0 
7f4cba300000-7f4cba400000 rw-p 00000000 00:00 0 
7f4cba500000-7f4cba600000 rw-p 00000000 00:00 0 
7f4cba900000-7f4cbaa00000 rw-p 00000000 00:00 0 
7f4cbab00000-7f4cbac00000 rw-p 00000000 00:00 0 
7f4cbad00000-7f4cbae00000 rw-p 00000000 00:00 0 
7f4cbaf00000-7f4cbb000000 rw-p 00000000 00:00 0 
7f4cbb100000-7f4cbb200000 rw-p 00000000 00:00 0 
7f4cbb300000-7f4cbb400000 rw-p 00000000 00:00 0 
7f4cbb500000-7f4cbb600000 rw-p 00000000 00:00 0 
7f4cbb700000-7f4cbb800000 rw-p 00000000 00:00 0 
7f4cbb900000-7f4cbba00000 rw-p 00000000 00:00 0 
7f4cbbb00000-7f4cbbc00000 rw-p 00000000 00:00 0 
7f4cbbd00000-7f4cbbe00000 rw-p 00000000 00:00 0 
7f4cbc100000-7f4cbc200000 rw-p 00000000 00:00 0 
7f4cbc300000-7f4cbc400000 rw-p 00000000 00:00 0 
7f4cbc500000-7f4cbc600000 rw-p 00000000 00:00 0 
7f4cbc6f7000-7f4cbc900000 rw-p 00000000 00:00 0 
7f4cbca00000-7f4cbcb00000 rw-p 00000000 00:00 0 
7f4cbcc00000-7f4cbcd00000 rw-p 00000000 00:00 0 
7f4cbce00000-7f4cbcf00000 rw-p 00000000 00:00 0 
7f4cbd000000-7f4cbd100000 rw-p 00000000 00:00 0 
7f4cbd200000-7f4cbd300000 rw-p 00000000 00:00 0 
7f4cbd400000-7f4cbd500000 rw-p 00000000 00:00 0 
7f4cbd600000-7f4cbd700000 rw-p 00000000 00:00 0 
7f4cbd800000-7f4cbd900000 rw-p 00000000 00:00 0 
7f4cbda00000-7f4cbdb00000 rw-p 00000000 00:00 0 
7f4cbdc00000-7f4cbdd00000 rw-p 00000000 00:00 0 
7f4cbde00000-7f4cbdf00000 rw-p 00000000 00:00 0 
7f4cbe000000-7f4cbe100000 rw-p 00000000 00:00 0 
7f4cbe200000-7f4cbe300000 rw-p 00000000 00:00 0 
7f4cbe400000-7f4cbe500000 rw-p 00000000 00:00 0 
7f4cbe600000-7f4cbe700000 rw-p 00000000 00:00 0 
7f4cbe800000-7f4cbe900000 rw-p 00000000 00:00 0 
7f4cbea00000-7f4cbeb00000 rw-p 00000000 00:00 0 
7f4cbec00000-7f4cbed00000 rw-p 00000000 00:00 0 
7f4cbee00000-7f4cbef00000 rw-p 00000000 00:00 0 
7f4cbf000000-7f4cbf100000 rw-p 00000000 00:00 0 
7f4cbf200000-7f4cbf300000 rw-p 00000000 00:00 0 
7f4cbf400000-7f4cbf500000 rw-p 00000000 00:00 0 
7f4cbf600000-7f4cbf700000 rw-p 00000000 00:00 0 
7f4cbf800000-7f4cbf900000 rw-p 00000000 00:00 0 
7f4cbfa00000-7f4cbfb00000 rw-p 00000000 00:00 0 
7f4cbfc00000-7f4cbfd00000 rw-p 00000000 00:00 0 
7f4cbfe00000-7f4cbff00000 rw-p 00000000 00:00 0 
7f4cc0000000-7f4cc0100000 rw-p 00000000 00:00 0 
7f4cc0200000-7f4cc0300000 rw-p 00000000 00:00 0 
7f4cc0400000-7f4cc0500000 rw-p 00000000 00:00 0 
7f4cc0600000-7f4cc0700000 rw-p 00000000 00:00 0 
7f4cc0800000-7f4cc0900000 rw-p 00000000 00:00 0 
7f4cc0a00000-7f4cc0b00000 rw-p 00000000 00:00 0 
7f4cc0c00000-7f4cc0d00000 rw-p 00000000 00:00 0 
7f4cc0e00000-7f4cc0f00000 rw-p 00000000 00:00 0 
7f4cc1000000-7f4cc1100000 rw-p 00000000 00:00 0 
7f4cc1200000-7f4cc1300000 rw-p 00000000 00:00 0 
7f4cc1400000-7f4cc1500000 rw-p 00000000 00:00 0 
7f4cc1600000-7f4cc1700000 rw-p 00000000 00:00 0 
7f4cc1800000-7f4cc1900000 rw-p 00000000 00:00 0 
7f4cc1a00000-7f4cc1b00000 rw-p 00000000 00:00 0 
7f4cc1c00000-7f4cc1d00000 rw-p 00000000 00:00 0 
7f4cc1e00000-7f4cc1f00000 rw-p 00000000 00:00 0 
7f4cc2000000-7f4cc2100000 rw-p 00000000 00:00 0 
7f4cc2200000-7f4cc2300000 rw-p 00000000 00:00 0 
7f4cc2400000-7f4cc2500000 rw-p 00000000 00:00 0 
7f4cc2600000-7f4cc2700000 rw-p 00000000 00:00 0 
7f4cc2800000-7f4cc2900000 rw-p 00000000 00:00 0 
7f4cc2a00000-7f4cc2b00000 rw-p 00000000 00:00 0 
7f4cc2c00000-7f4cc2d00000 rw-p 00000000 00:00 0 
7f4cc2e00000-7f4cc2f00000 rw-p 00000000 00:00 0 
7f4cc3000000-7f4cc3100000 rw-p 00000000 00:00 0 
7f4cc3200000-7f4cc3300000 rw-p 00000000 00:00 0 
7f4cc3400000-7f4cc3500000 rw-p 00000000 00:00 0 
7f4cc3600000-7f4cc3700000 rw-p 00000000 00:00 0 
7f4cc3800000-7f4cc3900000 rw-p 00000000 00:00 0 
7f4cc3a00000-7f4cc3b00000 rw-p 00000000 00:00 0 
7f4cc3c00000-7f4cc3d00000 rw-p 00000000 00:00 0 
7f4cc3e00000-7f4cc3f00000 rw-p 00000000 00:00 0 
7f4cc4000000-7f4cc4100000 rw-p 00000000 00:00 0 
7f4cc4200000-7f4cc4300000 rw-p 00000000 00:00 0 
7f4cc4400000-7f4cc4500000 rw-p 00000000 00:00 0 
7f4cc4600000-7f4cc4700000 rw-p 00000000 00:00 0 
7f4cc4800000-7f4cc4900000 rw-p 00000000 00:00 0 
7f4cc4a00000-7f4cc4b00000 rw-p 00000000 00:00 0 
7f4cc4c00000-7f4cc4d00000 rw-p 00000000 00:00 0 
7f4cc4e00000-7f4cc4f00000 rw-p 00000000 00:00 0 
7f4cc5000000-7f4cc5100000 rw-p 00000000 00:00 0 
7f4cc5200000-7f4cc5300000 rw-p 00000000 00:00 0 
7f4cc5400000-7f4cc5500000 rw-p 00000000 00:00 0 
7f4cc5600000-7f4cc5700000 rw-p 00000000 00:00 0 
7f4cc5800000-7f4cc5900000 rw-p 00000000 00:00 0 
7f4cc5a00000-7f4cc5b00000 rw-p 00000000 00:00 0 
7f4cc5c00000-7f4cc5d00000 rw-p 00000000 00:00 0 
7f4cc5e00000-7f4cc5f00000 rw-p 00000000 00:00 0 
7f4cc6000000-7f4cc6100000 rw-p 00000000 00:00 0 
7f4cc6200000-7f4cc6300000 rw-p 00000000 00:00 0 
7f4cc6400000-7f4cc6500000 rw-p 00000000 00:00 0 
7f4cc6600000-7f4cc6700000 rw-p 00000000 00:00 0 
7f4cc6800000-7f4cc6900000 rw-p 00000000 00:00 0 
7f4cc6a00000-7f4cc6b00000 rw-p 00000000 00:00 0 
7f4cc6c00000-7f4cc6d00000 rw-p 00000000 00:00 0 
7f4cc6e00000-7f4cc6f00000 rw-p 00000000 00:00 0 
7f4cc7000000-7f4cc7100000 rw-p 00000000 00:00 0 
7f4cc7200000-7f4cc7300000 rw-p 00000000 00:00 0 
7f4cc7400000-7f4cc7500000 rw-p 00000000 00:00 0 
7f4cc7600000-7f4cc7700000 rw-p 00000000 00:00 0 
7f4cc7800000-7f4cc7900000 rw-p 00000000 00:00 0 
7f4cc7a00000-7f4cc7b00000 rw-p 00000000 00:00 0 
7f4cc7c00000-7f4cc7d00000 rw-p 00000000 00:00 0 
7f4cc7e00000-7f4cc7f00000 rw-p 00000000 00:00 0 
7f4cc8000000-7f4cc8078000 rw-p 00000000 00:00 0 
7f4cc8078000-7f4ccc000000 ---p 00000000 00:00 0 
7f4ccc100000-7f4ccc200000 rw-p 00000000 00:00 0 
7f4ccc300000-7f4ccc400000 rw-p 00000000 00:00 0 
7f4ccc500000-7f4ccc600000 rw-p 00000000 00:00 0 
7f4ccc700000-7f4ccc800000 rw-p 00000000 00:00 0 
7f4ccc900000-7f4ccca00000 rw-p 00000000 00:00 0 
7f4cccb00000-7f4cccc00000 rw-p 00000000 00:00 0 
7f4cccd00000-7f4ccce00000 rw-p 00000000 00:00 0 
7f4cccf00000-7f4ccd000000 rw-p 00000000 00:00 0 
7f4ccd100000-7f4ccd200000 rw-p 00000000 00:00 0 
7f4ccd300000-7f4ccd400000 rw-p 00000000 00:00 0 
7f4ccd500000-7f4ccd600000 ---p 00000000 00:00 0 
7f4ccd600000-7f4ccdc5f000 r--p 01362000 103:02 51870081                  /home/a4090/miniconda3/envs/auto/lib/jvm/lib/libjvmcicompiler.so
7f4ccdc5f000-7f4ccde00000 r--p 00000000 00:00 0 
7f4ccde00000-7f4ccde0e000 rw-p 00000000 00:00 0 
7f4ccde0e000-7f4cce363000 rw-p 01b70000 103:02 51870081                  /home/a4090/miniconda3/envs/auto/lib/jvm/lib/libjvmcicompiler.so
7f4cce363000-7f4cce7dd000 r--p 020c5000 103:02 51870081                  /home/a4090/miniconda3/envs/auto/lib/jvm/lib/libjvmcicompiler.so
7f4cce7ff000-7f4cce803000 ---p 00000000 00:00 0 
7f4cce803000-7f4ccea00000 rw-p 00000000 00:00 0 
7f4cceb00000-7f4ccec00000 rw-p 00000000 00:00 0 
7f4cced00000-7f4ccee00000 ---p 00000000 00:00 0 
7f4ccee00000-7f4ccf45f000 r--p 01362000 103:02 51870081                  /home/a4090/miniconda3/envs/auto/lib/jvm/lib/libjvmcicompiler.so
7f4ccf45f000-7f4ccf600000 r--p 00000000 00:00 0 
7f4ccf600000-7f4ccf60e000 rw-p 00000000 00:00 0 
7f4ccf60e000-7f4ccfb63000 rw-p 01b70000 103:02 51870081                  /home/a4090/miniconda3/envs/auto/lib/jvm/lib/libjvmcicompiler.so
7f4ccfb63000-7f4ccffdd000 r--p 020c5000 103:02 51870081                  /home/a4090/miniconda3/envs/auto/lib/jvm/lib/libjvmcicompiler.so
7f4cd0000000-7f4cd00b6000 rw-p 00000000 00:00 0 
7f4cd00b6000-7f4cd4000000 ---p 00000000 00:00 0 
7f4cd4100000-7f4cd4200000 rw-p 00000000 00:00 0 
7f4cd4300000-7f4cd4400000 rw-p 00000000 00:00 0 
7f4cd4500000-7f4cd4600000 rw-p 00000000 00:00 0 
7f4cd4700000-7f4cd4800000 rw-p 00000000 00:00 0 
7f4cd4900000-7f4cd4a00000 rw-p 00000000 00:00 0 
7f4cd4b00000-7f4cd4c00000 rw-p 00000000 00:00 0 
7f4cd4d00000-7f4cd4e00000 rw-p 00000000 00:00 0 
7f4cd4f00000-7f4cd5000000 rw-p 00000000 00:00 0 
7f4cd50ff000-7f4cd5103000 ---p 00000000 00:00 0 
7f4cd5103000-7f4cd5300000 rw-p 00000000 00:00 0 
7f4cd5400000-7f4cd5500000 rw-p 00000000 00:00 0 
7f4cd5600000-7f4cd5700000 rw-p 00000000 00:00 0 
7f4cd5a00000-7f4cd5b00000 rw-p 00000000 00:00 0 
7f4cd5c00000-7f4cd5d00000 rw-p 00000000 00:00 0 
7f4cd6000000-7f4cd6100000 rw-p 00000000 00:00 0 
7f4cd6200000-7f4cd6300000 rw-p 00000000 00:00 0 
7f4cd6600000-7f4cd6700000 rw-p 00000000 00:00 0 
7f4cd6a00000-7f4cd6b00000 rw-p 00000000 00:00 0 
7f4cd6c00000-7f4cd6d00000 rw-p 00000000 00:00 0 
7f4cd6e00000-7f4cd6f00000 rw-p 00000000 00:00 0 
7f4cd7000000-7f4cd7100000 rw-p 00000000 00:00 0 
7f4cd7200000-7f4cd7300000 rw-p 00000000 00:00 0 
7f4cd7400000-7f4cd7500000 rw-p 00000000 00:00 0 
7f4cd7600000-7f4cd7700000 rw-p 00000000 00:00 0 
7f4cd77aa000-7f4cd77ae000 ---p 00000000 00:00 0 
7f4cd77ae000-7f4cd78ab000 rw-p 00000000 00:00 0 
7f4cd7a00000-7f4cd7b00000 rw-p 00000000 00:00 0 
7f4cd7c00000-7f4cd7d00000 rw-p 00000000 00:00 0 
7f4cd7e00000-7f4cd7f00000 rw-p 00000000 00:00 0 
7f4cd8000000-7f4cd808c000 rw-p 00000000 00:00 0 
7f4cd808c000-7f4cdc000000 ---p 00000000 00:00 0 
7f4cdc100000-7f4cdc200000 rw-p 00000000 00:00 0 
7f4cdc300000-7f4cdc400000 rw-p 00000000 00:00 0 
7f4cdc500000-7f4cdc600000 rw-p 00000000 00:00 0 
7f4cdc700000-7f4cdc800000 rw-p 00000000 00:00 0 
7f4cdc900000-7f4cdca00000 rw-p 00000000 00:00 0 
7f4cdcb00000-7f4cdcc00000 rw-p 00000000 00:00 0 
7f4cdcd00000-7f4cdce00000 rw-p 00000000 00:00 0 
7f4cdcf00000-7f4cdd000000 ---p 00000000 00:00 0 
7f4cdd000000-7f4cdd65f000 r--p 01362000 103:02 51870081                  /home/a4090/miniconda3/envs/auto/lib/jvm/lib/libjvmcicompiler.so
7f4cdd65f000-7f4cdd800000 r--p 00000000 00:00 0 
7f4cdd800000-7f4cdd80e000 rw-p 00000000 00:00 0 
7f4cdd80e000-7f4cddd63000 rw-p 01b70000 103:02 51870081                  /home/a4090/miniconda3/envs/auto/lib/jvm/lib/libjvmcicompiler.so
7f4cddd63000-7f4cde1dd000 r--p 020c5000 103:02 51870081                  /home/a4090/miniconda3/envs/auto/lib/jvm/lib/libjvmcicompiler.so
7f4cde200000-7f4cde300000 rw-p 00000000 00:00 0 
7f4cde400000-7f4cde500000 rw-p 00000000 00:00 0 
7f4cde5ff000-7f4cde603000 ---p 00000000 00:00 0 
7f4cde603000-7f4cde800000 rw-p 00000000 00:00 0 
7f4cde900000-7f4cdea00000 rw-p 00000000 00:00 0 
7f4cdeb00000-7f4cdec00000 rw-p 00000000 00:00 0 
7f4cded00000-7f4cdee00000 ---p 00000000 00:00 0 
7f4cdee00000-7f4cdf45f000 r--p 01362000 103:02 51870081                  /home/a4090/miniconda3/envs/auto/lib/jvm/lib/libjvmcicompiler.so
7f4cdf45f000-7f4cdf600000 r--p 00000000 00:00 0 
7f4cdf600000-7f4cdf60e000 rw-p 00000000 00:00 0 
7f4cdf60e000-7f4cdfb63000 rw-p 01b70000 103:02 51870081                  /home/a4090/miniconda3/envs/auto/lib/jvm/lib/libjvmcicompiler.so
7f4cdfb63000-7f4cdffdd000 r--p 020c5000 103:02 51870081                  /home/a4090/miniconda3/envs/auto/lib/jvm/lib/libjvmcicompiler.so
7f4ce0000000-7f4ce0050000 rw-p 00000000 00:00 0 
7f4ce0050000-7f4ce4000000 ---p 00000000 00:00 0 
7f4ce4100000-7f4ce4200000 rw-p 00000000 00:00 0 
7f4ce4300000-7f4ce4400000 rw-p 00000000 00:00 0 
7f4ce44ff000-7f4ce4503000 ---p 00000000 00:00 0 
7f4ce4503000-7f4ce4700000 rw-p 00000000 00:00 0 
7f4ce4800000-7f4ce4900000 rw-p 00000000 00:00 0 
7f4ce4a00000-7f4ce4b00000 rw-p 00000000 00:00 0 
7f4ce4c00000-7f4ce4d00000 rw-p 00000000 00:00 0 
7f4ce5000000-7f4ce5100000 rw-p 00000000 00:00 0 
7f4ce5200000-7f4ce5300000 rw-p 00000000 00:00 0 
7f4ce5400000-7f4ce5500000 rw-p 00000000 00:00 0 
7f4ce5600000-7f4ce5700000 rw-p 00000000 00:00 0 
7f4ce5800000-7f4ce5900000 rw-p 00000000 00:00 0 
7f4ce5a00000-7f4ce5b00000 rw-p 00000000 00:00 0 
7f4ce5c00000-7f4ce5d00000 rw-p 00000000 00:00 0 
7f4ce5e00000-7f4ce5f00000 rw-p 00000000 00:00 0 
7f4ce6000000-7f4ce6100000 rw-p 00000000 00:00 0 
7f4ce6200000-7f4ce6300000 rw-p 00000000 00:00 0 
7f4ce6400000-7f4ce6500000 rw-p 00000000 00:00 0 
7f4ce6600000-7f4ce6700000 rw-p 00000000 00:00 0 
7f4ce6800000-7f4ce6900000 rw-p 00000000 00:00 0 
7f4ce6a00000-7f4ce6b00000 rw-p 00000000 00:00 0 
7f4ce6c00000-7f4ce6d00000 rw-p 00000000 00:00 0 
7f4ce6e00000-7f4ce6f00000 rw-p 00000000 00:00 0 
7f4ce7000000-7f4ce7100000 rw-p 00000000 00:00 0 
7f4ce7200000-7f4ce7300000 rw-p 00000000 00:00 0 
7f4ce7400000-7f4ce7500000 rw-p 00000000 00:00 0 
7f4ce7600000-7f4ce7700000 rw-p 00000000 00:00 0 
7f4ce7800000-7f4ce7900000 rw-p 00000000 00:00 0 
7f4ce7a00000-7f4ce7b00000 rw-p 00000000 00:00 0 
7f4ce7c00000-7f4ce7d00000 rw-p 00000000 00:00 0 
7f4ce7e00000-7f4ce7f00000 rw-p 00000000 00:00 0 
7f4ce8000000-7f4ce8021000 rw-p 00000000 00:00 0 
7f4ce8021000-7f4cec000000 ---p 00000000 00:00 0 
7f4cec000000-7f4cec100000 rw-p 00000000 00:00 0 
7f4cec200000-7f4cec300000 rw-p 00000000 00:00 0 
7f4cec400000-7f4cec500000 rw-p 00000000 00:00 0 
7f4cec800000-7f4cec900000 rw-p 00000000 00:00 0 
7f4ceca00000-7f4cecb00000 rw-p 00000000 00:00 0 
7f4cecc00000-7f4cecd00000 rw-p 00000000 00:00 0 
7f4cece00000-7f4cecf00000 rw-p 00000000 00:00 0 
7f4ced000000-7f4ced100000 rw-p 00000000 00:00 0 
7f4ced200000-7f4ced300000 rw-p 00000000 00:00 0 
7f4ced400000-7f4ced500000 rw-p 00000000 00:00 0 
7f4ced600000-7f4ced700000 rw-p 00000000 00:00 0 
7f4ced800000-7f4ced900000 rw-p 00000000 00:00 0 
7f4ceda00000-7f4cedb00000 rw-p 00000000 00:00 0 
7f4cedc00000-7f4cedd00000 rw-p 00000000 00:00 0 
7f4cede00000-7f4cedf00000 ---p 00000000 00:00 0 
7f4cedf00000-7f4cee55f000 r--p 01362000 103:02 51870081                  /home/a4090/miniconda3/envs/auto/lib/jvm/lib/libjvmcicompiler.so
7f4cee55f000-7f4cee700000 r--p 00000000 00:00 0 
7f4cee700000-7f4cee70e000 rw-p 00000000 00:00 0 
7f4cee70e000-7f4ceec63000 rw-p 01b70000 103:02 51870081                  /home/a4090/miniconda3/envs/auto/lib/jvm/lib/libjvmcicompiler.so
7f4ceec63000-7f4cef0dd000 r--p 020c5000 103:02 51870081                  /home/a4090/miniconda3/envs/auto/lib/jvm/lib/libjvmcicompiler.so
7f4cef0ff000-7f4cef103000 ---p 00000000 00:00 0 
7f4cef103000-7f4cef300000 rw-p 00000000 00:00 0 
7f4cef400000-7f4cef500000 rw-p 00000000 00:00 0 
7f4cef600000-7f4cef700000 rw-p 00000000 00:00 0 
7f4cef800000-7f4cef900000 rw-p 00000000 00:00 0 
7f4cefa00000-7f4cefb00000 rw-p 00000000 00:00 0 
7f4cefc00000-7f4cefd00000 rw-p 00000000 00:00 0 
7f4cefe00000-7f4ceff00000 rw-p 00000000 00:00 0 
7f4cf0000000-7f4cf0029000 rw-p 00000000 00:00 0 
7f4cf0029000-7f4cf4000000 ---p 00000000 00:00 0 
7f4cf4100000-7f4cf4200000 rw-p 00000000 00:00 0 
7f4cf4300000-7f4cf4400000 rw-p 00000000 00:00 0 
7f4cf4500000-7f4cf4600000 rw-p 00000000 00:00 0 
7f4cf4700000-7f4cf4800000 rw-p 00000000 00:00 0 
7f4cf4900000-7f4cf4a00000 rw-p 00000000 00:00 0 
7f4cf4b00000-7f4cf4c00000 rw-p 00000000 00:00 0 
7f4cf4d00000-7f4cf4e00000 rw-p 00000000 00:00 0 
7f4cf4f00000-7f4cf5000000 rw-p 00000000 00:00 0 
7f4cf5100000-7f4cf5200000 rw-p 00000000 00:00 0 
7f4cf5300000-7f4cf5400000 rw-p 00000000 00:00 0 
7f4cf5500000-7f4cf5600000 rw-p 00000000 00:00 0 
7f4cf5700000-7f4cf5800000 rw-p 00000000 00:00 0 
7f4cf5900000-7f4cf5a00000 rw-p 00000000 00:00 0 
7f4cf5b00000-7f4cf5c00000 rw-p 00000000 00:00 0 
7f4cf5d00000-7f4cf5e00000 rw-p 00000000 00:00 0 
7f4cf5f00000-7f4cf6000000 rw-p 00000000 00:00 0 
7f4cf6100000-7f4cf6200000 rw-p 00000000 00:00 0 
7f4cf6300000-7f4cf6400000 rw-p 00000000 00:00 0 
7f4cf6500000-7f4cf6600000 rw-p 00000000 00:00 0 
7f4cf6700000-7f4cf6800000 rw-p 00000000 00:00 0 
7f4cf6900000-7f4cf6a00000 rw-p 00000000 00:00 0 
7f4cf6b00000-7f4cf6c00000 rw-p 00000000 00:00 0 
7f4cf6d00000-7f4cf6e00000 ---p 00000000 00:00 0 
7f4cf6e00000-7f4cf745f000 r--p 01362000 103:02 51870081                  /home/a4090/miniconda3/envs/auto/lib/jvm/lib/libjvmcicompiler.so
7f4cf745f000-7f4cf7600000 r--p 00000000 00:00 0 
7f4cf7600000-7f4cf760e000 rw-p 00000000 00:00 0 
7f4cf760e000-7f4cf7b63000 rw-p 01b70000 103:02 51870081                  /home/a4090/miniconda3/envs/auto/lib/jvm/lib/libjvmcicompiler.so
7f4cf7b63000-7f4cf7fdd000 r--p 020c5000 103:02 51870081                  /home/a4090/miniconda3/envs/auto/lib/jvm/lib/libjvmcicompiler.so
7f4cf8000000-7f4cf8090000 rw-p 00000000 00:00 0 
7f4cf8090000-7f4cfc000000 ---p 00000000 00:00 0 
7f4cfc100000-7f4cfc200000 rw-p 00000000 00:00 0 
7f4cfc300000-7f4cfc400000 rw-p 00000000 00:00 0 
7f4cfc500000-7f4cfc600000 rw-p 00000000 00:00 0 
7f4cfc700000-7f4cfc800000 rw-p 00000000 00:00 0 
7f4cfc900000-7f4cfca00000 rw-p 00000000 00:00 0 
7f4cfcb00000-7f4cfcc00000 rw-p 00000000 00:00 0 
7f4cfcd00000-7f4cfce00000 rw-p 00000000 00:00 0 
7f4cfceff000-7f4cfcf03000 ---p 00000000 00:00 0 
7f4cfcf03000-7f4cfd100000 rw-p 00000000 00:00 0 
7f4cfd200000-7f4cfd300000 rw-p 00000000 00:00 0 
7f4cfd400000-7f4cfd500000 rw-p 00000000 00:00 0 
7f4cfd600000-7f4cfd700000 rw-p 00000000 00:00 0 
7f4cfd800000-7f4cfd900000 rw-p 00000000 00:00 0 
7f4cfda00000-7f4cfdb00000 rw-p 00000000 00:00 0 
7f4cfdc00000-7f4cfdd00000 rw-p 00000000 00:00 0 
7f4cfde00000-7f4cfdf00000 rw-p 00000000 00:00 0 
7f4cfe000000-7f4cfe100000 rw-p 00000000 00:00 0 
7f4cfe200000-7f4cfe300000 rw-p 00000000 00:00 0 
7f4cfe400000-7f4cfe500000 rw-p 00000000 00:00 0 
7f4cfe600000-7f4cfe700000 rw-p 00000000 00:00 0 
7f4cfe800000-7f4cfe900000 ---p 00000000 00:00 0 
7f4cfe900000-7f4cfef5f000 r--p 01362000 103:02 51870081                  /home/a4090/miniconda3/envs/auto/lib/jvm/lib/libjvmcicompiler.so
7f4cfef5f000-7f4cff100000 r--p 00000000 00:00 0 
7f4cff100000-7f4cff10e000 rw-p 00000000 00:00 0 
7f4cff10e000-7f4cff663000 rw-p 01b70000 103:02 51870081                  /home/a4090/miniconda3/envs/auto/lib/jvm/lib/libjvmcicompiler.so
7f4cff663000-7f4cffadd000 r--p 020c5000 103:02 51870081                  /home/a4090/miniconda3/envs/auto/lib/jvm/lib/libjvmcicompiler.so
7f4cffaff000-7f4cffb03000 ---p 00000000 00:00 0 
7f4cffb03000-7f4cffd00000 rw-p 00000000 00:00 0 
7f4cffe00000-7f4cfff00000 rw-p 00000000 00:00 0 
7f4d00000000-7f4d000c4000 rw-p 00000000 00:00 0 
7f4d000c4000-7f4d04000000 ---p 00000000 00:00 0 
7f4d04100000-7f4d04200000 rw-p 00000000 00:00 0 
7f4d04300000-7f4d04400000 rw-p 00000000 00:00 0 
7f4d04500000-7f4d04600000 rw-p 00000000 00:00 0 
7f4d04700000-7f4d04800000 rw-p 00000000 00:00 0 
7f4d04b00000-7f4d04c00000 rw-p 00000000 00:00 0 
7f4d04d00000-7f4d04e00000 rw-p 00000000 00:00 0 
7f4d04f00000-7f4d05000000 rw-p 00000000 00:00 0 
7f4d05700000-7f4d05800000 rw-p 00000000 00:00 0 
7f4d05d00000-7f4d05e00000 rw-p 00000000 00:00 0 
7f4d05f00000-7f4d06000000 rw-p 00000000 00:00 0 
7f4d06100000-7f4d06200000 rw-p 00000000 00:00 0 
7f4d062a7000-7f4d06600000 rw-p 00000000 00:00 0 
7f4d067be000-7f4d06a00000 rw-p 00000000 00:00 0 
7f4d06b00000-7f4d06c00000 rw-p 00000000 00:00 0 
7f4d06d00000-7f4d06e00000 ---p 00000000 00:00 0 
7f4d06e00000-7f4d0745f000 r--p 01362000 103:02 51870081                  /home/a4090/miniconda3/envs/auto/lib/jvm/lib/libjvmcicompiler.so
7f4d0745f000-7f4d07600000 r--p 00000000 00:00 0 
7f4d07600000-7f4d0760e000 rw-p 00000000 00:00 0 
7f4d0760e000-7f4d07b63000 rw-p 01b70000 103:02 51870081                  /home/a4090/miniconda3/envs/auto/lib/jvm/lib/libjvmcicompiler.so
7f4d07b63000-7f4d07fdd000 r--p 020c5000 103:02 51870081                  /home/a4090/miniconda3/envs/auto/lib/jvm/lib/libjvmcicompiler.so
7f4d08000000-7f4d080b4000 rw-p 00000000 00:00 0 
7f4d080b4000-7f4d0c000000 ---p 00000000 00:00 0 
7f4d0c100000-7f4d0c200000 rw-p 00000000 00:00 0 
7f4d0c300000-7f4d0c400000 rw-p 00000000 00:00 0 
7f4d0c500000-7f4d0c600000 rw-p 00000000 00:00 0 
7f4d0c700000-7f4d0c800000 rw-p 00000000 00:00 0 
7f4d0c900000-7f4d0ca00000 rw-p 00000000 00:00 0 
7f4d0cb00000-7f4d0cc00000 rw-p 00000000 00:00 0 
7f4d0ccff000-7f4d0cd03000 ---p 00000000 00:00 0 
7f4d0cd03000-7f4d0cf00000 rw-p 00000000 00:00 0 
7f4d0d000000-7f4d0d100000 rw-p 00000000 00:00 0 
7f4d0d200000-7f4d0d300000 rw-p 00000000 00:00 0 
7f4d0d400000-7f4d0d500000 rw-p 00000000 00:00 0 
7f4d0d600000-7f4d0d700000 rw-p 00000000 00:00 0 
7f4d0d800000-7f4d0d900000 rw-p 00000000 00:00 0 
7f4d0da00000-7f4d0db00000 rw-p 00000000 00:00 0 
7f4d0dc00000-7f4d0dd00000 rw-p 00000000 00:00 0 
7f4d0de00000-7f4d0df00000 rw-p 00000000 00:00 0 
7f4d0e000000-7f4d0e100000 rw-p 00000000 00:00 0 
7f4d0e200000-7f4d0e300000 rw-p 00000000 00:00 0 
7f4d0e400000-7f4d0e500000 rw-p 00000000 00:00 0 
7f4d0e600000-7f4d0e700000 rw-p 00000000 00:00 0 
7f4d0e800000-7f4d0e900000 ---p 00000000 00:00 0 
7f4d0e900000-7f4d0ef5f000 r--p 01362000 103:02 51870081                  /home/a4090/miniconda3/envs/auto/lib/jvm/lib/libjvmcicompiler.so
7f4d0ef5f000-7f4d0f100000 r--p 00000000 00:00 0 
7f4d0f100000-7f4d0f10e000 rw-p 00000000 00:00 0 
7f4d0f10e000-7f4d0f663000 rw-p 01b70000 103:02 51870081                  /home/a4090/miniconda3/envs/auto/lib/jvm/lib/libjvmcicompiler.so
7f4d0f663000-7f4d0fadd000 r--p 020c5000 103:02 51870081                  /home/a4090/miniconda3/envs/auto/lib/jvm/lib/libjvmcicompiler.so
7f4d0faff000-7f4d0fb03000 ---p 00000000 00:00 0 
7f4d0fb03000-7f4d0fd00000 rw-p 00000000 00:00 0 
7f4d0fe00000-7f4d0ff00000 rw-p 00000000 00:00 0 
7f4d10000000-7f4d10021000 rw-p 00000000 00:00 0 
7f4d10021000-7f4d14000000 ---p 00000000 00:00 0 
7f4d14000000-7f4d14021000 rw-p 00000000 00:00 0 
7f4d14021000-7f4d18000000 ---p 00000000 00:00 0 
7f4d18000000-7f4d18021000 rw-p 00000000 00:00 0 
7f4d18021000-7f4d1c000000 ---p 00000000 00:00 0 
7f4d1c000000-7f4d1c021000 rw-p 00000000 00:00 0 
7f4d1c021000-7f4d20000000 ---p 00000000 00:00 0 
7f4d20000000-7f4d20021000 rw-p 00000000 00:00 0 
7f4d20021000-7f4d24000000 ---p 00000000 00:00 0 
7f4d24000000-7f4d24021000 rw-p 00000000 00:00 0 
7f4d24021000-7f4d28000000 ---p 00000000 00:00 0 
7f4d28000000-7f4d28021000 rw-p 00000000 00:00 0 
7f4d28021000-7f4d2c000000 ---p 00000000 00:00 0 
7f4d2c000000-7f4d2c021000 rw-p 00000000 00:00 0 
7f4d2c021000-7f4d30000000 ---p 00000000 00:00 0 
7f4d30000000-7f4d30021000 rw-p 00000000 00:00 0 
7f4d30021000-7f4d34000000 ---p 00000000 00:00 0 
7f4d34000000-7f4d34021000 rw-p 00000000 00:00 0 
7f4d34021000-7f4d38000000 ---p 00000000 00:00 0 
7f4d38000000-7f4d38021000 rw-p 00000000 00:00 0 
7f4d38021000-7f4d3c000000 ---p 00000000 00:00 0 
7f4d3c000000-7f4d3c021000 rw-p 00000000 00:00 0 
7f4d3c021000-7f4d40000000 ---p 00000000 00:00 0 
7f4d40000000-7f4d40021000 rw-p 00000000 00:00 0 
7f4d40021000-7f4d44000000 ---p 00000000 00:00 0 
7f4d44000000-7f4d44021000 rw-p 00000000 00:00 0 
7f4d44021000-7f4d48000000 ---p 00000000 00:00 0 
7f4d48000000-7f4d48021000 rw-p 00000000 00:00 0 
7f4d48021000-7f4d4c000000 ---p 00000000 00:00 0 
7f4d4c000000-7f4d4c021000 rw-p 00000000 00:00 0 
7f4d4c021000-7f4d50000000 ---p 00000000 00:00 0 
7f4d50000000-7f4d50021000 rw-p 00000000 00:00 0 
7f4d50021000-7f4d54000000 ---p 00000000 00:00 0 
7f4d54000000-7f4d54021000 rw-p 00000000 00:00 0 
7f4d54021000-7f4d58000000 ---p 00000000 00:00 0 
7f4d58000000-7f4d58021000 rw-p 00000000 00:00 0 
7f4d58021000-7f4d5c000000 ---p 00000000 00:00 0 
7f4d5c000000-7f4d5c021000 rw-p 00000000 00:00 0 
7f4d5c021000-7f4d60000000 ---p 00000000 00:00 0 
7f4d60000000-7f4d60021000 rw-p 00000000 00:00 0 
7f4d60021000-7f4d64000000 ---p 00000000 00:00 0 
7f4d64000000-7f4d64051000 rw-p 00000000 00:00 0 
7f4d64051000-7f4d68000000 ---p 00000000 00:00 0 
7f4d68000000-7f4d68021000 rw-p 00000000 00:00 0 
7f4d68021000-7f4d6c000000 ---p 00000000 00:00 0 
7f4d6c000000-7f4d6c021000 rw-p 00000000 00:00 0 
7f4d6c021000-7f4d70000000 ---p 00000000 00:00 0 
7f4d70000000-7f4d70021000 rw-p 00000000 00:00 0 
7f4d70021000-7f4d74000000 ---p 00000000 00:00 0 
7f4d74000000-7f4d74021000 rw-p 00000000 00:00 0 
7f4d74021000-7f4d78000000 ---p 00000000 00:00 0 
7f4d78000000-7f4d78021000 rw-p 00000000 00:00 0 
7f4d78021000-7f4d7c000000 ---p 00000000 00:00 0 
7f4d7c000000-7f4d7c02d000 rw-p 00000000 00:00 0 
7f4d7c02d000-7f4d80000000 ---p 00000000 00:00 0 
7f4d80000000-7f4d80100000 rw-p 00000000 00:00 0 
7f4d80200000-7f4d80300000 rw-p 00000000 00:00 0 
7f4d80400000-7f4d80500000 rw-p 00000000 00:00 0 
7f4d80600000-7f4d80700000 rw-p 00000000 00:00 0 
7f4d80800000-7f4d80900000 rw-p 00000000 00:00 0 
7f4d80a00000-7f4d80b00000 rw-p 00000000 00:00 0 
7f4d80c00000-7f4d80d00000 rw-p 00000000 00:00 0 
7f4d80e00000-7f4d80f00000 rw-p 00000000 00:00 0 
7f4d80fca000-7f4d80fcb000 ---p 00000000 00:00 0 
7f4d80fcb000-7f4d810cc000 rw-p 00000000 00:00 0 
7f4d810cc000-7f4d810cd000 ---p 00000000 00:00 0 
7f4d810cd000-7f4d811ce000 rw-p 00000000 00:00 0 
7f4d811ce000-7f4d811cf000 ---p 00000000 00:00 0 
7f4d811cf000-7f4d812d0000 rw-p 00000000 00:00 0 
7f4d812d0000-7f4d812d1000 ---p 00000000 00:00 0 
7f4d812d1000-7f4d813d2000 rw-p 00000000 00:00 0 
7f4d813d2000-7f4d813d3000 ---p 00000000 00:00 0 
7f4d813d3000-7f4d814d4000 rw-p 00000000 00:00 0 
7f4d814d4000-7f4d814d5000 ---p 00000000 00:00 0 
7f4d814d5000-7f4d815d6000 rw-p 00000000 00:00 0 
7f4d815d6000-7f4d815d7000 ---p 00000000 00:00 0 
7f4d815d7000-7f4d816d8000 rw-p 00000000 00:00 0 
7f4d816d8000-7f4d816d9000 ---p 00000000 00:00 0 
7f4d816d9000-7f4d817da000 rw-p 00000000 00:00 0 
7f4d817da000-7f4d817db000 ---p 00000000 00:00 0 
7f4d817db000-7f4d818dc000 rw-p 00000000 00:00 0 
7f4d818dc000-7f4d818dd000 ---p 00000000 00:00 0 
7f4d818dd000-7f4d819de000 rw-p 00000000 00:00 0 
7f4d819de000-7f4d819df000 ---p 00000000 00:00 0 
7f4d819df000-7f4d81ae0000 rw-p 00000000 00:00 0 
7f4d81ae0000-7f4d81ae1000 ---p 00000000 00:00 0 
7f4d81ae1000-7f4d81be2000 rw-p 00000000 00:00 0 
7f4d81be2000-7f4d81be3000 ---p 00000000 00:00 0 
7f4d81be3000-7f4d81ce4000 rw-p 00000000 00:00 0 
7f4d81ce4000-7f4d81ce5000 ---p 00000000 00:00 0 
7f4d81ce5000-7f4d81de6000 rw-p 00000000 00:00 0 
7f4d81de6000-7f4d81de7000 ---p 00000000 00:00 0 
7f4d81de7000-7f4d81ee8000 rw-p 00000000 00:00 0 
7f4d81ee8000-7f4d81ee9000 ---p 00000000 00:00 0 
7f4d81ee9000-7f4d81fea000 rw-p 00000000 00:00 0 
7f4d81fea000-7f4d81feb000 ---p 00000000 00:00 0 
7f4d81feb000-7f4d820ec000 rw-p 00000000 00:00 0 
7f4d820ec000-7f4d820ed000 ---p 00000000 00:00 0 
7f4d820ed000-7f4d821ee000 rw-p 00000000 00:00 0 
7f4d821ee000-7f4d821ef000 ---p 00000000 00:00 0 
7f4d821ef000-7f4d822f0000 rw-p 00000000 00:00 0 
7f4d822f0000-7f4d822f1000 ---p 00000000 00:00 0 
7f4d822f1000-7f4d823f2000 rw-p 00000000 00:00 0 
7f4d823f2000-7f4d823f3000 ---p 00000000 00:00 0 
7f4d823f3000-7f4d824f4000 rw-p 00000000 00:00 0 
7f4d824f4000-7f4d824f5000 ---p 00000000 00:00 0 
7f4d824f5000-7f4d825f6000 rw-p 00000000 00:00 0 
7f4d825f6000-7f4d825f7000 ---p 00000000 00:00 0 
7f4d825f7000-7f4d826f8000 rw-p 00000000 00:00 0 
7f4d826f8000-7f4d826f9000 ---p 00000000 00:00 0 
7f4d826f9000-7f4d827fa000 rw-p 00000000 00:00 0 
7f4d827fa000-7f4d827fb000 ---p 00000000 00:00 0 
7f4d827fb000-7f4d828fc000 rw-p 00000000 00:00 0 
7f4d828fc000-7f4d828fd000 ---p 00000000 00:00 0 
7f4d828fd000-7f4d829fe000 rw-p 00000000 00:00 0 
7f4d829fe000-7f4d829ff000 ---p 00000000 00:00 0 
7f4d829ff000-7f4d82c00000 rw-p 00000000 00:00 0 
7f4d82d00000-7f4d82e00000 ---p 00000000 00:00 0 
7f4d82e00000-7f4d8345f000 r--p 01362000 103:02 51870081                  /home/a4090/miniconda3/envs/auto/lib/jvm/lib/libjvmcicompiler.so
7f4d8345f000-7f4d83600000 r--p 00000000 00:00 0 
7f4d83600000-7f4d8360e000 rw-p 00000000 00:00 0 
7f4d8360e000-7f4d83b63000 rw-p 01b70000 103:02 51870081                  /home/a4090/miniconda3/envs/auto/lib/jvm/lib/libjvmcicompiler.so
7f4d83b63000-7f4d83fdd000 r--p 020c5000 103:02 51870081                  /home/a4090/miniconda3/envs/auto/lib/jvm/lib/libjvmcicompiler.so
7f4d84000000-7f4d84143000 rw-p 00000000 00:00 0 
7f4d84143000-7f4d88000000 ---p 00000000 00:00 0 
7f4d88000000-7f4d880cd000 rw-p 00000000 00:00 0 
7f4d880cd000-7f4d8c000000 ---p 00000000 00:00 0 
7f4d8c000000-7f4d8c118000 rw-p 00000000 00:00 0 
7f4d8c118000-7f4d90000000 ---p 00000000 00:00 0 
7f4d90000000-7f4d90161000 rw-p 00000000 00:00 0 
7f4d90161000-7f4d94000000 ---p 00000000 00:00 0 
7f4d94000000-7f4d94021000 rw-p 00000000 00:00 0 
7f4d94021000-7f4d98000000 ---p 00000000 00:00 0 
7f4d98000000-7f4d98100000 rw-p 00000000 00:00 0 
7f4d98200000-7f4d98300000 rw-p 00000000 00:00 0 
7f4d98400000-7f4d98500000 rw-p 00000000 00:00 0 
7f4d98600000-7f4d98700000 rw-p 00000000 00:00 0 
7f4d98800000-7f4d98900000 rw-p 00000000 00:00 0 
7f4d98a00000-7f4d98b00000 rw-p 00000000 00:00 0 
7f4d98c00000-7f4d98d00000 rw-p 00000000 00:00 0 
7f4d98e00000-7f4d98f00000 rw-p 00000000 00:00 0 
7f4d98fff000-7f4d99003000 ---p 00000000 00:00 0 
7f4d99003000-7f4d99200000 rw-p 00000000 00:00 0 
7f4d992fc000-7f4d99300000 ---p 00000000 00:00 0 
7f4d99300000-7f4d994fd000 rw-p 00000000 00:00 0 
7f4d994fd000-7f4d99501000 ---p 00000000 00:00 0 
7f4d99501000-7f4d996fe000 rw-p 00000000 00:00 0 
7f4d996fe000-7f4d99702000 ---p 00000000 00:00 0 
7f4d99702000-7f4d998ff000 rw-p 00000000 00:00 0 
7f4d998ff000-7f4d99903000 ---p 00000000 00:00 0 
7f4d99903000-7f4d99c00000 rw-p 00000000 00:00 0 
7f4d99d00000-7f4d99e00000 rw-p 00000000 00:00 0 
7f4d99f00000-7f4d9a000000 rw-p 00000000 00:00 0 
7f4d9a100000-7f4d9a200000 rw-p 00000000 00:00 0 
7f4d9a300000-7f4d9a400000 rw-p 00000000 00:00 0 
7f4d9a500000-7f4d9a600000 rw-p 00000000 00:00 0 
7f4d9a700000-7f4d9a800000 rw-p 00000000 00:00 0 
7f4d9a900000-7f4d9aa00000 rw-p 00000000 00:00 0 
7f4d9ab00000-7f4d9ac00000 rw-p 00000000 00:00 0 
7f4d9ad00000-7f4d9af00000 rw-p 00000000 00:00 0 
7f4d9b000000-7f4d9b100000 rw-p 00000000 00:00 0 
7f4d9b200000-7f4d9b300000 rw-p 00000000 00:00 0 
7f4d9b400000-7f4d9b500000 rw-p 00000000 00:00 0 
7f4d9b600000-7f4d9b700000 rw-p 00000000 00:00 0 
7f4d9b800000-7f4d9b900000 rw-p 00000000 00:00 0 
7f4d9ba00000-7f4d9bb00000 rw-p 00000000 00:00 0 
7f4d9bc00000-7f4d9bd00000 rw-p 00000000 00:00 0 
7f4d9be00000-7f4d9bf00000 rw-p 00000000 00:00 0 
7f4d9c000000-7f4d9c100000 rw-p 00000000 00:00 0 
7f4d9c200000-7f4d9c300000 rw-p 00000000 00:00 0 
7f4d9c400000-7f4d9c500000 rw-p 00000000 00:00 0 
7f4d9c600000-7f4d9c700000 rw-p 00000000 00:00 0 
7f4d9c800000-7f4d9c900000 rw-p 00000000 00:00 0 
7f4d9ca00000-7f4d9cb00000 rw-p 00000000 00:00 0 
7f4d9cc00000-7f4d9cd00000 rw-p 00000000 00:00 0 
7f4d9ce00000-7f4d9cf00000 rw-p 00000000 00:00 0 
7f4d9d000000-7f4d9d100000 rw-p 00000000 00:00 0 
7f4d9d200000-7f4d9d300000 rw-p 00000000 00:00 0 
7f4d9d400000-7f4d9d500000 rw-p 00000000 00:00 0 
7f4d9d600000-7f4d9d700000 rw-p 00000000 00:00 0 
7f4d9d800000-7f4d9d900000 rw-p 00000000 00:00 0 
7f4d9da00000-7f4d9db00000 rw-p 00000000 00:00 0 
7f4d9dc00000-7f4d9dd00000 rw-p 00000000 00:00 0 
7f4d9de00000-7f4d9df00000 rw-p 00000000 00:00 0 
7f4d9e000000-7f4d9e100000 rw-p 00000000 00:00 0 
7f4d9e200000-7f4d9e300000 rw-p 00000000 00:00 0 
7f4d9e400000-7f4d9e500000 rw-p 00000000 00:00 0 
7f4d9e600000-7f4d9e700000 rw-p 00000000 00:00 0 
7f4d9e800000-7f4d9e900000 rw-p 00000000 00:00 0 
7f4d9ea00000-7f4d9eb00000 rw-p 00000000 00:00 0 
7f4d9ec00000-7f4d9ed00000 rw-p 00000000 00:00 0 
7f4d9ee00000-7f4d9ef00000 rw-p 00000000 00:00 0 
7f4d9f000000-7f4d9f100000 rw-p 00000000 00:00 0 
7f4d9f200000-7f4d9f300000 rw-p 00000000 00:00 0 
7f4d9f400000-7f4d9f500000 rw-p 00000000 00:00 0 
7f4d9f600000-7f4d9f700000 rw-p 00000000 00:00 0 
7f4d9f800000-7f4d9f900000 rw-p 00000000 00:00 0 
7f4d9fa00000-7f4d9fb00000 rw-p 00000000 00:00 0 
7f4d9fc00000-7f4d9fd00000 rw-p 00000000 00:00 0 
7f4d9fe00000-7f4d9ff00000 rw-p 00000000 00:00 0 
7f4da0000000-7f4da0029000 rw-p 00000000 00:00 0 
7f4da0029000-7f4da4000000 ---p 00000000 00:00 0 
7f4da4000000-7f4da403a000 rw-p 00000000 00:00 0 
7f4da403a000-7f4da8000000 ---p 00000000 00:00 0 
7f4da8100000-7f4da8200000 rw-p 00000000 00:00 0 
7f4da8300000-7f4da8400000 rw-p 00000000 00:00 0 
7f4da8500000-7f4da8600000 rw-p 00000000 00:00 0 
7f4da8700000-7f4da8800000 ---p 00000000 00:00 0 
7f4da8800000-7f4da8e5f000 r--p 01362000 103:02 51870081                  /home/a4090/miniconda3/envs/auto/lib/jvm/lib/libjvmcicompiler.so
7f4da8e5f000-7f4da9000000 r--p 00000000 00:00 0 
7f4da9000000-7f4da900e000 rw-p 00000000 00:00 0 
7f4da900e000-7f4da9563000 rw-p 01b70000 103:02 51870081                  /home/a4090/miniconda3/envs/auto/lib/jvm/lib/libjvmcicompiler.so
7f4da9563000-7f4da99dd000 r--p 020c5000 103:02 51870081                  /home/a4090/miniconda3/envs/auto/lib/jvm/lib/libjvmcicompiler.so
7f4da9a00000-7f4da9b00000 ---p 00000000 00:00 0 
7f4da9b00000-7f4daa15f000 r--p 01362000 103:02 51870081                  /home/a4090/miniconda3/envs/auto/lib/jvm/lib/libjvmcicompiler.so
7f4daa15f000-7f4daa300000 r--p 00000000 00:00 0 
7f4daa300000-7f4daa30e000 rw-p 00000000 00:00 0 
7f4daa30e000-7f4daa863000 rw-p 01b70000 103:02 51870081                  /home/a4090/miniconda3/envs/auto/lib/jvm/lib/libjvmcicompiler.so
7f4daa863000-7f4daacdd000 r--p 020c5000 103:02 51870081                  /home/a4090/miniconda3/envs/auto/lib/jvm/lib/libjvmcicompiler.so
7f4daad00000-7f4daae00000 ---p 00000000 00:00 0 
7f4daae00000-7f4dab45f000 r--p 01362000 103:02 51870081                  /home/a4090/miniconda3/envs/auto/lib/jvm/lib/libjvmcicompiler.so
7f4dab45f000-7f4dab600000 r--p 00000000 00:00 0 
7f4dab600000-7f4dab60e000 rw-p 00000000 00:00 0 
7f4dab60e000-7f4dabb63000 rw-p 01b70000 103:02 51870081                  /home/a4090/miniconda3/envs/auto/lib/jvm/lib/libjvmcicompiler.so
7f4dabb63000-7f4dabfdd000 r--p 020c5000 103:02 51870081                  /home/a4090/miniconda3/envs/auto/lib/jvm/lib/libjvmcicompiler.so
7f4dac000000-7f4dac042000 rw-p 00000000 00:00 0 
7f4dac042000-7f4db0000000 ---p 00000000 00:00 0 
7f4db0000000-7f4db0021000 rw-p 00000000 00:00 0 
7f4db0021000-7f4db4000000 ---p 00000000 00:00 0 
7f4db4100000-7f4db4200000 rw-p 00000000 00:00 0 
7f4db4300000-7f4db4400000 rw-p 00000000 00:00 0 
7f4db4500000-7f4db4600000 rw-p 00000000 00:00 0 
7f4db4700000-7f4db4800000 rw-p 00000000 00:00 0 
7f4db4900000-7f4db4a00000 rw-p 00000000 00:00 0 
7f4db4b00000-7f4db4c00000 rw-p 00000000 00:00 0 
7f4db4d00000-7f4db4e00000 rw-p 00000000 00:00 0 
7f4db4f00000-7f4db5000000 rw-p 00000000 00:00 0 
7f4db50fd000-7f4db5101000 ---p 00000000 00:00 0 
7f4db5101000-7f4db52fe000 rw-p 00000000 00:00 0 
7f4db52fe000-7f4db5302000 ---p 00000000 00:00 0 
7f4db5302000-7f4db54ff000 rw-p 00000000 00:00 0 
7f4db54ff000-7f4db5503000 ---p 00000000 00:00 0 
7f4db5503000-7f4db5800000 rw-p 00000000 00:00 0 
7f4db5900000-7f4db5a00000 rw-p 00000000 00:00 0 
7f4db5b00000-7f4db5c00000 rw-p 00000000 00:00 0 
7f4db5d00000-7f4db5e00000 rw-p 00000000 00:00 0 
7f4db5f00000-7f4db6000000 rw-p 00000000 00:00 0 
7f4db6100000-7f4db6200000 rw-p 00000000 00:00 0 
7f4db6300000-7f4db6400000 rw-p 00000000 00:00 0 
7f4db641f000-7f4db6600000 rw-p 00000000 00:00 0 
7f4db661c000-7f4db664f000 rw-p 00000000 00:00 0 
7f4db665a000-7f4db6800000 rw-p 00000000 00:00 0 
7f4db6806000-7f4db6830000 rw-p 00000000 00:00 0 
7f4db6846000-7f4db68ab000 rw-p 00000000 00:00 0 
7f4db68b2000-7f4db6a00000 rw-p 00000000 00:00 0 
7f4db6a07000-7f4db6c00000 rw-p 00000000 00:00 0 
7f4db6c2f000-7f4db6cb5000 rw-p 00000000 00:00 0 
7f4db6d00000-7f4db6e00000 ---p 00000000 00:00 0 
7f4db6e00000-7f4db745f000 r--p 01362000 103:02 51870081                  /home/a4090/miniconda3/envs/auto/lib/jvm/lib/libjvmcicompiler.so
7f4db745f000-7f4db7600000 r--p 00000000 00:00 0 
7f4db7600000-7f4db760e000 rw-p 00000000 00:00 0 
7f4db760e000-7f4db7b63000 rw-p 01b70000 103:02 51870081                  /home/a4090/miniconda3/envs/auto/lib/jvm/lib/libjvmcicompiler.so
7f4db7b63000-7f4db7fdd000 r--p 020c5000 103:02 51870081                  /home/a4090/miniconda3/envs/auto/lib/jvm/lib/libjvmcicompiler.so
7f4db7fde000-7f4db8000000 rw-p 00000000 00:00 0 
7f4db8000000-7f4db8207000 rw-p 00000000 00:00 0 
7f4db8207000-7f4dbc000000 ---p 00000000 00:00 0 
7f4dbc000000-7f4dbc021000 rw-p 00000000 00:00 0 
7f4dbc021000-7f4dc0000000 ---p 00000000 00:00 0 
7f4dc0000000-7f4dc036b000 rw-p 00000000 00:00 0 
7f4dc036b000-7f4dc4000000 ---p 00000000 00:00 0 
7f4dc4000000-7f4dc41a8000 rw-p 00000000 00:00 0 
7f4dc41a8000-7f4dc8000000 ---p 00000000 00:00 0 
7f4dc8000000-7f4dc8021000 rw-p 00000000 00:00 0 
7f4dc8021000-7f4dcc000000 ---p 00000000 00:00 0 
7f4dcc000000-7f4dcc021000 rw-p 00000000 00:00 0 
7f4dcc021000-7f4dd0000000 ---p 00000000 00:00 0 
7f4dd0000000-7f4dd0094000 rw-p 00000000 00:00 0 
7f4dd0094000-7f4dd4000000 ---p 00000000 00:00 0 
7f4dd4000000-7f4dd43d6000 rw-p 00000000 00:00 0 
7f4dd43d6000-7f4dd8000000 ---p 00000000 00:00 0 
7f4dd8000000-7f4dd8021000 rw-p 00000000 00:00 0 
7f4dd8021000-7f4ddc000000 ---p 00000000 00:00 0 
7f4ddc000000-7f4ddc021000 rw-p 00000000 00:00 0 
7f4ddc021000-7f4de0000000 ---p 00000000 00:00 0 
7f4de0000000-7f4de0021000 rw-p 00000000 00:00 0 
7f4de0021000-7f4de4000000 ---p 00000000 00:00 0 
7f4de4000000-7f4de4072000 rw-p 00000000 00:00 0 
7f4de4097000-7f4de4200000 rw-p 00000000 00:00 0 
7f4de421a000-7f4de421c000 r--p 00000000 103:02 39852051                  /usr/lib/x86_64-linux-gnu/libcrypt.so.1.1.0
7f4de421c000-7f4de4231000 r-xp 00002000 103:02 39852051                  /usr/lib/x86_64-linux-gnu/libcrypt.so.1.1.0
7f4de4231000-7f4de424b000 r--p 00017000 103:02 39852051                  /usr/lib/x86_64-linux-gnu/libcrypt.so.1.1.0
7f4de424b000-7f4de424c000 r--p 00030000 103:02 39852051                  /usr/lib/x86_64-linux-gnu/libcrypt.so.1.1.0
7f4de424c000-7f4de424d000 rw-p 00031000 103:02 39852051                  /usr/lib/x86_64-linux-gnu/libcrypt.so.1.1.0
7f4de424d000-7f4de4255000 rw-p 00000000 00:00 0 
7f4de4267000-7f4de4400000 rw-p 00000000 00:00 0 
7f4de440e000-7f4de4441000 rw-p 00000000 00:00 0 
7f4de4444000-7f4de4466000 rw-p 00000000 00:00 0 
7f4de4466000-7f4de446b000 r--p 00000000 103:02 51867375                  /home/a4090/miniconda3/envs/auto/lib/jvm/languages/python/lib/graalpy23.0/libposix.graalpy230-310-native-x86_64-linux.so
7f4de446b000-7f4de446f000 r-xp 00004000 103:02 51867375                  /home/a4090/miniconda3/envs/auto/lib/jvm/languages/python/lib/graalpy23.0/libposix.graalpy230-310-native-x86_64-linux.so
7f4de446f000-7f4de4470000 r--p 00007000 103:02 51867375                  /home/a4090/miniconda3/envs/auto/lib/jvm/languages/python/lib/graalpy23.0/libposix.graalpy230-310-native-x86_64-linux.so
7f4de4470000-7f4de4471000 rw-p 00007000 103:02 51867375                  /home/a4090/miniconda3/envs/auto/lib/jvm/languages/python/lib/graalpy23.0/libposix.graalpy230-310-native-x86_64-linux.so
7f4de4471000-7f4de4474000 rw-p 00039000 103:02 51867375                  /home/a4090/miniconda3/envs/auto/lib/jvm/languages/python/lib/graalpy23.0/libposix.graalpy230-310-native-x86_64-linux.so
7f4de4495000-7f4de4498000 r--p 00000000 103:02 51869393                  /home/a4090/miniconda3/envs/auto/lib/jvm/lib/libtrufflenfi.so
7f4de4498000-7f4de44a5000 r-xp 00003000 103:02 51869393                  /home/a4090/miniconda3/envs/auto/lib/jvm/lib/libtrufflenfi.so
7f4de44a5000-7f4de44a8000 r--p 00010000 103:02 51869393                  /home/a4090/miniconda3/envs/auto/lib/jvm/lib/libtrufflenfi.so
7f4de44a8000-7f4de44a9000 r--p 00012000 103:02 51869393                  /home/a4090/miniconda3/envs/auto/lib/jvm/lib/libtrufflenfi.so
7f4de44a9000-7f4de44aa000 rw-p 00013000 103:02 51869393                  /home/a4090/miniconda3/envs/auto/lib/jvm/lib/libtrufflenfi.so
7f4de44aa000-7f4de44ab000 rw-p 0004a000 103:02 51869393                  /home/a4090/miniconda3/envs/auto/lib/jvm/lib/libtrufflenfi.so
7f4de44ab000-7f4de4600000 rw-p 00000000 00:00 0 
7f4de4616000-7f4de466b000 rw-p 00000000 00:00 0 
7f4de466b000-7f4de4678000 r-xp 00000000 103:02 51866632                  /home/a4090/miniconda3/envs/auto/lib/jvm/lib/libverify.so
7f4de4678000-7f4de467a000 r--p 0000c000 103:02 51866632                  /home/a4090/miniconda3/envs/auto/lib/jvm/lib/libverify.so
7f4de467a000-7f4de467b000 rw-p 0000e000 103:02 51866632                  /home/a4090/miniconda3/envs/auto/lib/jvm/lib/libverify.so
7f4de467b000-7f4de467d000 rw-p 00010000 103:02 51866632                  /home/a4090/miniconda3/envs/auto/lib/jvm/lib/libverify.so
7f4de467d000-7f4de4681000 ---p 00000000 00:00 0 
7f4de4681000-7f4de46d0000 rw-p 00000000 00:00 0 
7f4de46d0000-7f4de46e5000 r-xp 00000000 103:02 51865979                  /home/a4090/miniconda3/envs/auto/lib/jvm/lib/libnet.so
7f4de46e5000-7f4de46e6000 ---p 00015000 103:02 51865979                  /home/a4090/miniconda3/envs/auto/lib/jvm/lib/libnet.so
7f4de46e6000-7f4de46e7000 r--p 00015000 103:02 51865979                  /home/a4090/miniconda3/envs/auto/lib/jvm/lib/libnet.so
7f4de46e7000-7f4de46e8000 rw-p 00016000 103:02 51865979                  /home/a4090/miniconda3/envs/auto/lib/jvm/lib/libnet.so
7f4de46e8000-7f4de46ed000 rw-p 0001b000 103:02 51865979                  /home/a4090/miniconda3/envs/auto/lib/jvm/lib/libnet.so
7f4de46ed000-7f4de4700000 r-xp 00000000 103:02 51865608                  /home/a4090/miniconda3/envs/auto/lib/jvm/lib/libnio.so
7f4de4700000-7f4de4701000 r--p 00012000 103:02 51865608                  /home/a4090/miniconda3/envs/auto/lib/jvm/lib/libnio.so
7f4de4701000-7f4de4702000 rw-p 00013000 103:02 51865608                  /home/a4090/miniconda3/envs/auto/lib/jvm/lib/libnio.so
7f4de4702000-7f4de470a000 rw-p 00019000 103:02 51865608                  /home/a4090/miniconda3/envs/auto/lib/jvm/lib/libnio.so
7f4de470a000-7f4de473b000 rw-p 00000000 00:00 0 
7f4de473b000-7f4de48be000 r--p 00000000 103:02 51870081                  /home/a4090/miniconda3/envs/auto/lib/jvm/lib/libjvmcicompiler.so
7f4de48be000-7f4de5a94000 r-xp 00183000 103:02 51870081                  /home/a4090/miniconda3/envs/auto/lib/jvm/lib/libjvmcicompiler.so
7f4de5a94000-7f4de6c7e000 r--p 01359000 103:02 51870081                  /home/a4090/miniconda3/envs/auto/lib/jvm/lib/libjvmcicompiler.so
7f4de6c7e000-7f4de6c82000 rw-p 02543000 103:02 51870081                  /home/a4090/miniconda3/envs/auto/lib/jvm/lib/libjvmcicompiler.so
7f4de6c82000-7f4de6c87000 rw-p 027b8000 103:02 51870081                  /home/a4090/miniconda3/envs/auto/lib/jvm/lib/libjvmcicompiler.so
7f4de6c87000-7f4de6c88000 ---p 00000000 00:00 0 
7f4de6c88000-7f4de6d89000 rw-p 00000000 00:00 0 
7f4de6d89000-7f4de6d8d000 ---p 00000000 00:00 0 
7f4de6d8d000-7f4de6e8a000 rw-p 00000000 00:00 0 
7f4de6e8a000-7f4de6e8e000 ---p 00000000 00:00 0 
7f4de6e8e000-7f4de708b000 rw-p 00000000 00:00 0 
7f4de708b000-7f4de708f000 ---p 00000000 00:00 0 
7f4de708f000-7f4de728c000 rw-p 00000000 00:00 0 
7f4de728c000-7f4de7290000 ---p 00000000 00:00 0 
7f4de7290000-7f4de748d000 rw-p 00000000 00:00 0 
7f4de748d000-7f4de7491000 ---p 00000000 00:00 0 
7f4de7491000-7f4de758e000 rw-p 00000000 00:00 0 
7f4de758e000-7f4de7592000 ---p 00000000 00:00 0 
7f4de7592000-7f4de778f000 rw-p 00000000 00:00 0 
7f4de778f000-7f4de8000000 r--p 00000000 103:02 39848971                  /usr/lib/locale/locale-archive
7f4de8000000-7f4de8021000 rw-p 00000000 00:00 0 
7f4de8021000-7f4dec000000 ---p 00000000 00:00 0 
7f4dec000000-7f4dec021000 rw-p 00000000 00:00 0 
7f4dec021000-7f4df0000000 ---p 00000000 00:00 0 
7f4df0000000-7f4df0026000 rw-p 00000000 00:00 0 
7f4df0026000-7f4df4000000 ---p 00000000 00:00 0 
7f4df4000000-7f4df4021000 rw-p 00000000 00:00 0 
7f4df4021000-7f4df8000000 ---p 00000000 00:00 0 
7f4df8000000-7f4df8400000 rw-p 00000000 00:00 0 
7f4df8400000-7f4df8900000 rw-p 00000000 00:00 0 
7f4df8900000-7f4df8b00000 rw-p 00000000 00:00 0 
7f4df8b00000-7f4df8b80000 rw-p 00000000 00:00 0 
7f4df8b80000-7f4df8c00000 rw-p 00000000 00:00 0 
7f4df8c00000-7f4df8f00000 rw-p 00000000 00:00 0 
7f4df8f00000-7f4df9000000 rw-p 00000000 00:00 0 
7f4df9000000-7f4df9160000 rw-p 00000000 00:00 0 
7f4df9160000-7f4df9180000 rw-p 00000000 00:00 0 
7f4df9180000-7f4df9300000 rw-p 00000000 00:00 0 
7f4df9300000-7f4dfb300000 rw-p 00000000 00:00 0 
7f4dfb300000-7f4dfb350000 rw-p 00000000 00:00 0 
7f4dfb350000-7f4dfb400000 ---p 00000000 00:00 0 
7f4dfb400000-7f4dfbb30000 rw-p 00000000 00:00 0 
7f4dfbb30000-7f4dfc000000 ---p 00000000 00:00 0 
7f4dfc000000-7f4dfc021000 rw-p 00000000 00:00 0 
7f4dfc021000-7f4e00000000 ---p 00000000 00:00 0 
7f4e00001000-7f4e00008000 r--s 00000000 103:02 40504943                  /usr/lib/x86_64-linux-gnu/gconv/gconv-modules.cache
7f4e00008000-7f4e0000e000 r-xp 00000000 103:02 51869757                  /home/a4090/miniconda3/envs/auto/lib/jvm/lib/libmanagement_ext.so
7f4e0000e000-7f4e0000f000 r--p 00005000 103:02 51869757                  /home/a4090/miniconda3/envs/auto/lib/jvm/lib/libmanagement_ext.so
7f4e0000f000-7f4e00010000 rw-p 00006000 103:02 51869757                  /home/a4090/miniconda3/envs/auto/lib/jvm/lib/libmanagement_ext.so
7f4e00010000-7f4e00013000 rw-p 00009000 103:02 51869757                  /home/a4090/miniconda3/envs/auto/lib/jvm/lib/libmanagement_ext.so
7f4e00013000-7f4e00016000 r--p 00000000 103:02 65812693                  /home/a4090/miniconda3/envs/auto/lib/libz.so.1.2.13
7f4e00016000-7f4e00025000 r-xp 00003000 103:02 65812693                  /home/a4090/miniconda3/envs/auto/lib/libz.so.1.2.13
7f4e00025000-7f4e0002c000 r--p 00012000 103:02 65812693                  /home/a4090/miniconda3/envs/auto/lib/libz.so.1.2.13
7f4e0002c000-7f4e0002d000 r--p 00018000 103:02 65812693                  /home/a4090/miniconda3/envs/auto/lib/libz.so.1.2.13
7f4e0002d000-7f4e0002e000 rw-p 00019000 103:02 65812693                  /home/a4090/miniconda3/envs/auto/lib/libz.so.1.2.13
7f4e0002e000-7f4e00032000 ---p 00000000 00:00 0 
7f4e00032000-7f4e0012f000 rw-p 00000000 00:00 0 
7f4e0012f000-7f4e00133000 ---p 00000000 00:00 0 
7f4e00133000-7f4e00330000 rw-p 00000000 00:00 0 
7f4e00330000-7f4e00334000 ---p 00000000 00:00 0 
7f4e00334000-7f4e00431000 rw-p 00000000 00:00 0 
7f4e00431000-7f4e00435000 ---p 00000000 00:00 0 
7f4e00435000-7f4e00532000 rw-p 00000000 00:00 0 
7f4e00532000-7f4e00536000 ---p 00000000 00:00 0 
7f4e00536000-7f4e00633000 rw-p 00000000 00:00 0 
7f4e00633000-7f4e00637000 ---p 00000000 00:00 0 
7f4e00637000-7f4e00734000 rw-p 00000000 00:00 0 
7f4e00734000-7f4e00738000 ---p 00000000 00:00 0 
7f4e00738000-7f4e00835000 rw-p 00000000 00:00 0 
7f4e00835000-7f4e00836000 ---p 00000000 00:00 0 
7f4e00836000-7f4e00937000 rw-p 00000000 00:00 0 
7f4e00937000-7f4e00a05000 r-xp 00000000 103:02 51869100                  /home/a4090/miniconda3/envs/auto/lib/jvm/lib/libjsvml.so
7f4e00a05000-7f4e00a06000 r--p 000cd000 103:02 51869100                  /home/a4090/miniconda3/envs/auto/lib/jvm/lib/libjsvml.so
7f4e00a06000-7f4e00a07000 rw-p 000ce000 103:02 51869100                  /home/a4090/miniconda3/envs/auto/lib/jvm/lib/libjsvml.so
7f4e00a07000-7f4e00a0d000 rw-p 000d4000 103:02 51869100                  /home/a4090/miniconda3/envs/auto/lib/jvm/lib/libjsvml.so
7f4e00a0d000-7f4e00ae9000 rw-p 00000000 00:00 0 
7f4e00ae9000-7f4e00aea000 ---p 00000000 00:00 0 
7f4e00aea000-7f4e00beb000 rw-p 00000000 00:00 0 
7f4e00beb000-7f4e00bec000 ---p 00000000 00:00 0 
7f4e00bec000-7f4e04000000 rw-p 00000000 00:00 0 
7f4e04000000-7f4e04021000 rw-p 00000000 00:00 0 
7f4e04021000-7f4e08000000 ---p 00000000 00:00 0 
7f4e08000000-7f4e08021000 rw-p 00000000 00:00 0 
7f4e08021000-7f4e0c000000 ---p 00000000 00:00 0 
7f4e0c000000-7f4e0c021000 rw-p 00000000 00:00 0 
7f4e0c021000-7f4e10000000 ---p 00000000 00:00 0 
7f4e10003000-7f4e10004000 r--p 00000000 00:00 0 
7f4e10004000-7f4e10008000 r-xp 00000000 103:02 51871985                  /home/a4090/miniconda3/envs/auto/lib/jvm/lib/libmanagement.so
7f4e10008000-7f4e10009000 r--p 00003000 103:02 51871985                  /home/a4090/miniconda3/envs/auto/lib/jvm/lib/libmanagement.so
7f4e10009000-7f4e1000a000 rw-p 00004000 103:02 51871985                  /home/a4090/miniconda3/envs/auto/lib/jvm/lib/libmanagement.so
7f4e1000a000-7f4e1000d000 rw-p 00007000 103:02 51871985                  /home/a4090/miniconda3/envs/auto/lib/jvm/lib/libmanagement.so
7f4e1000d000-7f4e10014000 r-xp 00000000 103:02 51866985                  /home/a4090/miniconda3/envs/auto/lib/jvm/lib/libzip.so
7f4e10014000-7f4e10015000 ---p 00007000 103:02 51866985                  /home/a4090/miniconda3/envs/auto/lib/jvm/lib/libzip.so
7f4e10015000-7f4e10016000 r--p 00007000 103:02 51866985                  /home/a4090/miniconda3/envs/auto/lib/jvm/lib/libzip.so
7f4e10016000-7f4e10017000 rw-p 00008000 103:02 51866985                  /home/a4090/miniconda3/envs/auto/lib/jvm/lib/libzip.so
7f4e10017000-7f4e1001a000 rw-p 0000b000 103:02 51866985                  /home/a4090/miniconda3/envs/auto/lib/jvm/lib/libzip.so
7f4e1001a000-7f4e1045f000 rw-p 00000000 00:00 0 
7f4e1045f000-7f4e10460000 ---p 00000000 00:00 0 
7f4e10460000-7f4e10561000 rw-p 00000000 00:00 0 
7f4e10561000-7f4e10562000 ---p 00000000 00:00 0 
7f4e10562000-7f4e10663000 rw-p 00000000 00:00 0 
7f4e10663000-7f4e10664000 ---p 00000000 00:00 0 
7f4e10664000-7f4e10b8d000 rw-p 00000000 00:00 0 
7f4e10b8d000-7f4e1270d000 ---p 00000000 00:00 0 
7f4e1270d000-7f4e1274d000 rw-p 00000000 00:00 0 
7f4e1274d000-7f4e1284d000 ---p 00000000 00:00 0 
7f4e1284d000-7f4e1288d000 rw-p 00000000 00:00 0 
7f4e1288d000-7f4e2e80d000 ---p 00000000 00:00 0 
7f4e2e80d000-7f4e2eb0d000 rw-p 00000000 00:00 0 
7f4e2eb0d000-7f4e3068d000 ---p 00000000 00:00 0 
7f4e3068d000-7f4e306cd000 rw-p 00000000 00:00 0 
7f4e306cd000-7f4e307cd000 ---p 00000000 00:00 0 
7f4e307cd000-7f4e3080d000 rw-p 00000000 00:00 0 
7f4e3080d000-7f4e4c78d000 ---p 00000000 00:00 0 
7f4e4c78d000-7f4e4c85d000 rw-p 00000000 00:00 0 
7f4e4c85d000-7f4e4cbcd000 ---p 00000000 00:00 0 
7f4e4cbcd000-7f4e4cbd5000 rw-p 00000000 00:00 0 
7f4e4cbd5000-7f4e4cbf5000 ---p 00000000 00:00 0 
7f4e4cbf5000-7f4e4cbfd000 rw-p 00000000 00:00 0 
7f4e4cbfd000-7f4e503ed000 ---p 00000000 00:00 0 
7f4e503ed000-7f4e5044d000 rw-p 00000000 00:00 0 
7f4e5044d000-7f4e507bd000 ---p 00000000 00:00 0 
7f4e507bd000-7f4e507c5000 rw-p 00000000 00:00 0 
7f4e507c5000-7f4e507e5000 ---p 00000000 00:00 0 
7f4e507e5000-7f4e507ed000 rw-p 00000000 00:00 0 
7f4e507ed000-7f4e53fdd000 ---p 00000000 00:00 0 
7f4e53fdd000-7f4e5403d000 rw-p 00000000 00:00 0 
7f4e5403d000-7f4e543ad000 ---p 00000000 00:00 0 
7f4e543ad000-7f4e543b5000 rw-p 00000000 00:00 0 
7f4e543b5000-7f4e543d5000 ---p 00000000 00:00 0 
7f4e543d5000-7f4e543dd000 rw-p 00000000 00:00 0 
7f4e543dd000-7f4e57bcd000 ---p 00000000 00:00 0 
7f4e57bcd000-7f4e593e9000 rw-p 00000000 00:00 0 
7f4e593e9000-7f4e594c9000 ---p 00000000 00:00 0 
7f4e594c9000-7f4e594e6000 rw-p 00000000 00:00 0 
7f4e594e6000-7f4e595ae000 ---p 00000000 00:00 0 
7f4e595ae000-7f4e595b9000 rw-p 00000000 00:00 0 
7f4e595b9000-7f4e595c5000 ---p 00000000 00:00 0 
7f4e595c5000-7f4e5a3e5000 rwxp 00000000 00:00 0 
7f4e5a3e5000-7f4e6083b000 ---p 00000000 00:00 0 
7f4e6083b000-7f4e60d8b000 rwxp 00000000 00:00 0 
7f4e60d8b000-7f4e6134f000 ---p 00000000 00:00 0 
7f4e6134f000-7f4e615bf000 rwxp 00000000 00:00 0 
7f4e615bf000-7f4e685c5000 ---p 00000000 00:00 0 
7f4e685c5000-7f4e685e9000 r-xp 00000000 103:02 51869794                  /home/a4090/miniconda3/envs/auto/lib/jvm/lib/libjava.so
7f4e685e9000-7f4e685ea000 ---p 00024000 103:02 51869794                  /home/a4090/miniconda3/envs/auto/lib/jvm/lib/libjava.so
7f4e685ea000-7f4e685eb000 r--p 00024000 103:02 51869794                  /home/a4090/miniconda3/envs/auto/lib/jvm/lib/libjava.so
7f4e685eb000-7f4e685ec000 rw-p 00025000 103:02 51869794                  /home/a4090/miniconda3/envs/auto/lib/jvm/lib/libjava.so
7f4e685ec000-7f4e685ed000 rw-p 00000000 00:00 0 
7f4e685ed000-7f4e685f8000 rw-p 0002f000 103:02 51869794                  /home/a4090/miniconda3/envs/auto/lib/jvm/lib/libjava.so
7f4e685f8000-7f4e68600000 rw-s 00000000 103:02 63966922                  /tmp/hsperfdata_a4090/164229
7f4e68600000-7f4e68603000 r--p 00000000 103:02 39848170                  /usr/lib/x86_64-linux-gnu/libnss_files-2.31.so
7f4e68603000-7f4e6860a000 r-xp 00003000 103:02 39848170                  /usr/lib/x86_64-linux-gnu/libnss_files-2.31.so
7f4e6860a000-7f4e6860c000 r--p 0000a000 103:02 39848170                  /usr/lib/x86_64-linux-gnu/libnss_files-2.31.so
7f4e6860c000-7f4e6860d000 r--p 0000b000 103:02 39848170                  /usr/lib/x86_64-linux-gnu/libnss_files-2.31.so
7f4e6860d000-7f4e6860e000 rw-p 0000c000 103:02 39848170                  /usr/lib/x86_64-linux-gnu/libnss_files-2.31.so
7f4e6860e000-7f4e68614000 rw-p 00000000 00:00 0 
7f4e68614000-7f4e68615000 ---p 00000000 00:00 0 
7f4e68615000-7f4e68616000 r--p 00000000 00:00 0 
7f4e68616000-7f4e723ae000 r--s 00000000 103:02 51868487                  /home/a4090/miniconda3/envs/auto/lib/jvm/lib/modules
7f4e723ae000-7f4e723c9000 r-xp 00000000 103:02 51869974                  /home/a4090/miniconda3/envs/auto/lib/jvm/lib/libjimage.so
7f4e723c9000-7f4e723ca000 ---p 0001b000 103:02 51869974                  /home/a4090/miniconda3/envs/auto/lib/jvm/lib/libjimage.so
7f4e723ca000-7f4e723cc000 r--p 0001b000 103:02 51869974                  /home/a4090/miniconda3/envs/auto/lib/jvm/lib/libjimage.so
7f4e723cc000-7f4e723cd000 rw-p 0001d000 103:02 51869974                  /home/a4090/miniconda3/envs/auto/lib/jvm/lib/libjimage.so
7f4e723cd000-7f4e723cf000 rw-p 00024000 103:02 51869974                  /home/a4090/miniconda3/envs/auto/lib/jvm/lib/libjimage.so
7f4e723cf000-7f4e723d1000 r--p 00000000 103:02 39848193                  /usr/lib/x86_64-linux-gnu/librt-2.31.so
7f4e723d1000-7f4e723d5000 r-xp 00002000 103:02 39848193                  /usr/lib/x86_64-linux-gnu/librt-2.31.so
7f4e723d5000-7f4e723d7000 r--p 00006000 103:02 39848193                  /usr/lib/x86_64-linux-gnu/librt-2.31.so
7f4e723d7000-7f4e723d8000 r--p 00007000 103:02 39848193                  /usr/lib/x86_64-linux-gnu/librt-2.31.so
7f4e723d8000-7f4e723d9000 rw-p 00008000 103:02 39848193                  /usr/lib/x86_64-linux-gnu/librt-2.31.so
7f4e723d9000-7f4e734f8000 r-xp 00000000 103:02 51866492                  /home/a4090/miniconda3/envs/auto/lib/jvm/lib/server/libjvm.so
7f4e734f8000-7f4e734f9000 ---p 0111f000 103:02 51866492                  /home/a4090/miniconda3/envs/auto/lib/jvm/lib/server/libjvm.so
7f4e734f9000-7f4e735ae000 r--p 0111f000 103:02 51866492                  /home/a4090/miniconda3/envs/auto/lib/jvm/lib/server/libjvm.so
7f4e735ae000-7f4e735e2000 rw-p 011d4000 103:02 51866492                  /home/a4090/miniconda3/envs/auto/lib/jvm/lib/server/libjvm.so
7f4e735e2000-7f4e7363b000 rw-p 00000000 00:00 0 
7f4e7363b000-7f4e73641000 rw-p 015a3000 103:02 51866492                  /home/a4090/miniconda3/envs/auto/lib/jvm/lib/server/libjvm.so
7f4e73641000-7f4e73644000 rw-p 00000000 00:00 0 
7f4e73644000-7f4e73666000 r--p 00000000 103:02 39848138                  /usr/lib/x86_64-linux-gnu/libc-2.31.so
7f4e73666000-7f4e737de000 r-xp 00022000 103:02 39848138                  /usr/lib/x86_64-linux-gnu/libc-2.31.so
7f4e737de000-7f4e7382c000 r--p 0019a000 103:02 39848138                  /usr/lib/x86_64-linux-gnu/libc-2.31.so
7f4e7382c000-7f4e73830000 r--p 001e7000 103:02 39848138                  /usr/lib/x86_64-linux-gnu/libc-2.31.so
7f4e73830000-7f4e73832000 rw-p 001eb000 103:02 39848138                  /usr/lib/x86_64-linux-gnu/libc-2.31.so
7f4e73832000-7f4e73838000 rw-p 00000000 00:00 0 
7f4e73838000-7f4e7383e000 r--p 00000000 103:02 39848188                  /usr/lib/x86_64-linux-gnu/libpthread-2.31.so
7f4e7383e000-7f4e7384f000 r-xp 00006000 103:02 39848188                  /usr/lib/x86_64-linux-gnu/libpthread-2.31.so
7f4e7384f000-7f4e73855000 r--p 00017000 103:02 39848188                  /usr/lib/x86_64-linux-gnu/libpthread-2.31.so
7f4e73855000-7f4e73856000 r--p 0001c000 103:02 39848188                  /usr/lib/x86_64-linux-gnu/libpthread-2.31.so
7f4e73856000-7f4e73857000 rw-p 0001d000 103:02 39848188                  /usr/lib/x86_64-linux-gnu/libpthread-2.31.so
7f4e73857000-7f4e7385b000 rw-p 00000000 00:00 0 
7f4e7385b000-7f4e7385f000 r--p 00000000 103:02 51864144                  /home/a4090/miniconda3/envs/auto/lib/libgcc_s.so.1
7f4e7385f000-7f4e73874000 r-xp 00004000 103:02 51864144                  /home/a4090/miniconda3/envs/auto/lib/libgcc_s.so.1
7f4e73874000-7f4e73878000 r--p 00019000 103:02 51864144                  /home/a4090/miniconda3/envs/auto/lib/libgcc_s.so.1
7f4e73878000-7f4e73879000 r--p 0001c000 103:02 51864144                  /home/a4090/miniconda3/envs/auto/lib/libgcc_s.so.1
7f4e73879000-7f4e7387a000 rw-p 0001d000 103:02 51864144                  /home/a4090/miniconda3/envs/auto/lib/libgcc_s.so.1
7f4e7387a000-7f4e73887000 r--p 00000000 103:02 39848143                  /usr/lib/x86_64-linux-gnu/libm-2.31.so
7f4e73887000-7f4e7392e000 r-xp 0000d000 103:02 39848143                  /usr/lib/x86_64-linux-gnu/libm-2.31.so
7f4e7392e000-7f4e739c7000 r--p 000b4000 103:02 39848143                  /usr/lib/x86_64-linux-gnu/libm-2.31.so
7f4e739c7000-7f4e739c8000 r--p 0014c000 103:02 39848143                  /usr/lib/x86_64-linux-gnu/libm-2.31.so
7f4e739c8000-7f4e739c9000 rw-p 0014d000 103:02 39848143                  /usr/lib/x86_64-linux-gnu/libm-2.31.so
7f4e739c9000-7f4e73a72000 r--p 00000000 103:02 51864761                  /home/a4090/miniconda3/envs/auto/lib/libstdc++.so.6.0.33
7f4e73a72000-7f4e73b12000 r-xp 000a9000 103:02 51864761                  /home/a4090/miniconda3/envs/auto/lib/libstdc++.so.6.0.33
7f4e73b12000-7f4e73b98000 r--p 00149000 103:02 51864761                  /home/a4090/miniconda3/envs/auto/lib/libstdc++.so.6.0.33
7f4e73b98000-7f4e73ba3000 r--p 001cf000 103:02 51864761                  /home/a4090/miniconda3/envs/auto/lib/libstdc++.so.6.0.33
7f4e73ba3000-7f4e73ba7000 rw-p 001da000 103:02 51864761                  /home/a4090/miniconda3/envs/auto/lib/libstdc++.so.6.0.33
7f4e73ba7000-7f4e73bab000 rw-p 00000000 00:00 0 
7f4e73bab000-7f4e73bac000 r--p 00000000 103:02 39848142                  /usr/lib/x86_64-linux-gnu/libdl-2.31.so
7f4e73bac000-7f4e73bae000 r-xp 00001000 103:02 39848142                  /usr/lib/x86_64-linux-gnu/libdl-2.31.so
7f4e73bae000-7f4e73baf000 r--p 00003000 103:02 39848142                  /usr/lib/x86_64-linux-gnu/libdl-2.31.so
7f4e73baf000-7f4e73bb0000 r--p 00003000 103:02 39848142                  /usr/lib/x86_64-linux-gnu/libdl-2.31.so
7f4e73bb0000-7f4e73bb1000 rw-p 00004000 103:02 39848142                  /usr/lib/x86_64-linux-gnu/libdl-2.31.so
7f4e73bb1000-7f4e73bb3000 rw-p 00000000 00:00 0 
7f4e73bb3000-7f4e73bb4000 r--p 00000000 103:02 39848110                  /usr/lib/x86_64-linux-gnu/ld-2.31.so
7f4e73bb4000-7f4e73bd7000 r-xp 00001000 103:02 39848110                  /usr/lib/x86_64-linux-gnu/ld-2.31.so
7f4e73bd7000-7f4e73bdf000 r--p 00024000 103:02 39848110                  /usr/lib/x86_64-linux-gnu/ld-2.31.so
7f4e73bdf000-7f4e73be0000 ---p 00000000 00:00 0 
7f4e73be0000-7f4e73be1000 r--p 0002c000 103:02 39848110                  /usr/lib/x86_64-linux-gnu/ld-2.31.so
7f4e73be1000-7f4e73be2000 rw-p 0002d000 103:02 39848110                  /usr/lib/x86_64-linux-gnu/ld-2.31.so
7f4e73be2000-7f4e73be3000 rw-p 00000000 00:00 0 
7ffdd70cd000-7ffdd70d1000 ---p 00000000 00:00 0 
7ffdd70d1000-7ffdd71cd000 rw-p 00000000 00:00 0                          [stack]
7ffdd71e7000-7ffdd71eb000 r--p 00000000 00:00 0                          [vvar]
7ffdd71eb000-7ffdd71ed000 r-xp 00000000 00:00 0                          [vdso]
ffffffffff600000-ffffffffff601000 --xp 00000000 00:00 0                  [vsyscall]


VM Arguments:
jvm_args: -XX:ThreadPriorityPolicy=1 -XX:+UnlockExperimentalVMOptions -XX:+EnableJVMCIProduct -XX:-UnlockExperimentalVMOptions -Dorg.graalvm.launcher.class=com.oracle.graal.python.shell.GraalPythonMain -Dorg.graalvm.launcher.executablename=python 
java_command: <unknown>
java_class_path (initial): /home/a4090/miniconda3/envs/auto/lib/jvm/languages/python/bin/../../../lib/graalvm/graalpython-launcher.jar:/home/a4090/miniconda3/envs/auto/lib/jvm/languages/python/bin/../../../lib/graalvm/launcher-common.jar
Launcher Type: generic

[Global flags]
     intx CICompilerCount                          = 15                                        {product} {ergonomic}
     uint ConcGCThreads                            = 6                                         {product} {ergonomic}
     bool EnableJVMCIProduct                       = true                                {JVMCI product} {jimage}
     uint G1ConcRefinementThreads                  = 23                                        {product} {ergonomic}
   size_t G1HeapRegionSize                         = 16777216                                  {product} {ergonomic}
    uintx GCDrainStackTargetSize                   = 64                                        {product} {ergonomic}
   size_t InitialHeapSize                          = 2113929216                                {product} {ergonomic}
   size_t MarkStackSize                            = 4194304                                   {product} {ergonomic}
   size_t MaxHeapSize                              = 32178700288                               {product} {ergonomic}
   size_t MaxNewSize                               = 19293798400                               {product} {ergonomic}
   size_t MinHeapDeltaBytes                        = 16777216                                  {product} {ergonomic}
   size_t MinHeapSize                              = 16777216                                  {product} {ergonomic}
    uintx NonNMethodCodeHeapSize                   = 11613124                               {pd product} {ergonomic}
    uintx NonProfiledCodeHeapSize                  = 120022558                              {pd product} {ergonomic}
    uintx ProfiledCodeHeapSize                     = 120022558                              {pd product} {ergonomic}
    uintx ReservedCodeCacheSize                    = 251658240                              {pd product} {ergonomic}
     bool SegmentedCodeCache                       = true                                      {product} {ergonomic}
   size_t SoftMaxHeapSize                          = 32178700288                            {manageable} {ergonomic}
     intx ThreadPriorityPolicy                     = 1                                         {product} {jimage}
     bool UseCompressedClassPointers               = true                           {product lp64_product} {ergonomic}
     bool UseCompressedOops                        = true                           {product lp64_product} {ergonomic}
     bool UseG1GC                                  = true                                      {product} {ergonomic}

Logging:
Log output configuration:
 #0: stdout all=warning uptime,level,tags
 #1: stderr all=off uptime,level,tags

Environment Variables:
PATH=/home/a4090/miniconda3/envs/auto/bin:/usr/local/cuda-11.8/bin:/opt/ros/noetic/bin:/home/a4090/miniconda3/condabin:/home/a4090/.local/bin:/home/a4090/bin:/usr/local/sbin:/usr/local/bin:/usr/sbin:/usr/bin:/sbin:/bin:/usr/games:/usr/local/games:/snap/bin
LD_LIBRARY_PATH=/usr/local/cuda-11.8/lib64:/home/a4090/CoppeliaSim:/usr/lib/x86_64-linux-gnu:/opt/ros/noetic/lib:/opt/ros/noetic/lib/x86_64-linux-gnu
SHELL=/bin/bash
DISPLAY=:0
LANG=en_US.UTF-8
LC_NUMERIC=zh_CN.UTF-8
LC_TIME=zh_CN.UTF-8
TERM=xterm-256color

Active Locale:
LC_ALL=LC_CTYPE=en_US.UTF-8;LC_NUMERIC=zh_CN.UTF-8;LC_TIME=zh_CN.UTF-8;LC_COLLATE=en_US.UTF-8;LC_MONETARY=zh_CN.UTF-8;LC_MESSAGES=en_US.UTF-8;LC_PAPER=zh_CN.UTF-8;LC_NAME=zh_CN.UTF-8;LC_ADDRESS=zh_CN.UTF-8;LC_TELEPHONE=zh_CN.UTF-8;LC_MEASUREMENT=zh_CN.UTF-8;LC_IDENTIFICATION=zh_CN.UTF-8
LC_COLLATE=en_US.UTF-8
LC_CTYPE=en_US.UTF-8
LC_MESSAGES=en_US.UTF-8
LC_MONETARY=zh_CN.UTF-8
LC_NUMERIC=zh_CN.UTF-8
LC_TIME=zh_CN.UTF-8

Signal Handlers:
   SIGSEGV: crash_handler in libjvm.so, mask=11100100010111111101111111111110, flags=SA_RESTART|SA_SIGINFO, unblocked
    SIGBUS: crash_handler in libjvm.so, mask=11100100010111111101111111111110, flags=SA_RESTART|SA_SIGINFO, unblocked
    SIGFPE: crash_handler in libjvm.so, mask=11100100010111111101111111111110, flags=SA_RESTART|SA_SIGINFO, unblocked
   SIGPIPE: javaSignalHandler in libjvm.so, mask=11100100010111111101111111111110, flags=SA_RESTART|SA_SIGINFO, blocked
   SIGXFSZ: javaSignalHandler in libjvm.so, mask=11100100010111111101111111111110, flags=SA_RESTART|SA_SIGINFO, blocked
    SIGILL: crash_handler in libjvm.so, mask=11100100010111111101111111111110, flags=SA_RESTART|SA_SIGINFO, unblocked
   SIGUSR2: SR_handler in libjvm.so, mask=00000000000000000000000000000000, flags=SA_RESTART|SA_SIGINFO, blocked
    SIGHUP: UserHandler in libjvm.so, mask=11100100010111111101111111111110, flags=SA_RESTART|SA_SIGINFO, blocked
    SIGINT: UserHandler in libjvm.so, mask=11100100010111111101111111111110, flags=SA_RESTART|SA_SIGINFO, blocked
   SIGTERM: UserHandler in libjvm.so, mask=11100100010111111101111111111110, flags=SA_RESTART|SA_SIGINFO, blocked
   SIGQUIT: UserHandler in libjvm.so, mask=11100100010111111101111111111110, flags=SA_RESTART|SA_SIGINFO, blocked
   SIGTRAP: crash_handler in libjvm.so, mask=11100100010111111101111111111110, flags=SA_RESTART|SA_SIGINFO, unblocked


---------------  S Y S T E M  ---------------

OS:
DISTRIB_ID=Ubuntu
DISTRIB_RELEASE=20.04
DISTRIB_CODENAME=focal
DISTRIB_DESCRIPTION="Ubuntu 20.04.6 LTS"
uname: Linux 5.15.0-119-generic #129~20.04.1-Ubuntu SMP Wed Aug 7 13:07:13 UTC 2024 x86_64
OS uptime: 1 days 20:15 hours
libc: glibc 2.31 NPTL 2.31 
rlimit (soft/hard): STACK 8192k/infinity , CORE 0k/infinity , NPROC 513269/513269 , NOFILE 1048576/1048576 , AS infinity/infinity , CPU infinity/infinity , DATA infinity/infinity , FSIZE infinity/infinity , MEMLOCK 65536k/65536k
load average: 1049.77 1049.08 1048.90

/proc/meminfo:
MemTotal:       131491188 kB
MemFree:        34287596 kB
MemAvailable:   96224720 kB
Buffers:         7346176 kB
Cached:         36311964 kB
SwapCached:            0 kB
Active:         25933600 kB
Inactive:       47956824 kB
Active(anon):      15752 kB
Inactive(anon): 31292840 kB
Active(file):   25917848 kB
Inactive(file): 16663984 kB
Unevictable:        1140 kB
Mlocked:            1140 kB
SwapTotal:       4194300 kB
SwapFree:        4194300 kB
Dirty:              2384 kB
Writeback:             0 kB
AnonPages:      30224268 kB
Mapped:          3116376 kB
Shmem:           1076424 kB
KReclaimable:   20606144 kB
Slab:           22177704 kB
SReclaimable:   20606144 kB
SUnreclaim:      1571560 kB
KernelStack:      108464 kB
PageTables:       406460 kB
NFS_Unstable:          0 kB
Bounce:                0 kB
WritebackTmp:          0 kB
CommitLimit:    69939892 kB
Committed_AS:   106406184 kB
VmallocTotal:   34359738367 kB
VmallocUsed:      237620 kB
VmallocChunk:          0 kB
Percpu:            46208 kB
HardwareCorrupted:     0 kB
AnonHugePages:     45056 kB
ShmemHugePages:        0 kB
ShmemPmdMapped:        0 kB
FileHugePages:         0 kB
FilePmdMapped:         0 kB
HugePages_Total:       0
HugePages_Free:        0
HugePages_Rsvd:        0
HugePages_Surp:        0
Hugepagesize:       2048 kB
Hugetlb:               0 kB
DirectMap4k:     3791692 kB
DirectMap2M:    30402560 kB
DirectMap1G:    99614720 kB

/sys/kernel/mm/transparent_hugepage/enabled: always [madvise] never
/sys/kernel/mm/transparent_hugepage/defrag (defrag/compaction efforts parameter): always defer defer+madvise [madvise] never

Process Memory:
Virtual Size: 39654440K (peak: 39731868K)
Resident Set Size: 1051508K (peak: 1069840K) (anon: 825932K, file: 225576K, shmem: 0K)
Swapped out: 0K
C-Heap outstanding allocations: 101525K, retained: 9106K
glibc malloc tunables: (default)

/proc/sys/kernel/threads-max (system-wide limit on the number of threads): 1026538
/proc/sys/vm/max_map_count (maximum number of memory map areas a process may have): 65530
/proc/sys/kernel/pid_max (system-wide limit on number of process identifiers): 4194304

container (cgroup) information:
container_type: cgroupv1
cpu_cpuset_cpus: 0-31
cpu_memory_nodes: 0
active_processor_count: 32
cpu_quota: no quota
cpu_period: 100000
cpu_shares: no shares
memory_limit_in_bytes: unlimited
memory_and_swap_limit_in_bytes: unlimited
memory_soft_limit_in_bytes: unlimited
memory_usage_in_bytes: 81889624 k
memory_max_usage_in_bytes: 82793844 k
kernel_memory_usage_in_bytes: 19246340 k
kernel_memory_max_usage_in_bytes: unlimited
kernel_memory_limit_in_bytes: 19251476 k
maximum number of tasks: unlimited
current number of tasks: 5646

Steal ticks since vm start: 0
Steal ticks percentage since vm start:  0.000

CPU: total 32 (initial active 32) (16 cores per cpu, 2 threads per core) family 6 model 183 stepping 1 microcode 0x123, cx8, cmov, fxsr, ht, mmx, 3dnowpref, sse, sse2, sse3, ssse3, sse4.1, sse4.2, popcnt, lzcnt, tsc, tscinvbit, avx, avx2, aes, erms, clmul, bmi1, bmi2, adx, sha, fma, vzeroupper, clflush, clflushopt, clwb
CPU Model and flags from /proc/cpuinfo:
model name	: Intel(R) Core(TM) i9-14900K
flags		: fpu vme de pse tsc msr pae mce cx8 apic sep mtrr pge mca cmov pat pse36 clflush dts acpi mmx fxsr sse sse2 ss ht tm pbe syscall nx pdpe1gb rdtscp lm constant_tsc art arch_perfmon pebs bts rep_good nopl xtopology nonstop_tsc cpuid aperfmperf tsc_known_freq pni pclmulqdq dtes64 monitor ds_cpl vmx smx est tm2 ssse3 sdbg fma cx16 xtpr pdcm sse4_1 sse4_2 x2apic movbe popcnt tsc_deadline_timer aes xsave avx f16c rdrand lahf_lm abm 3dnowprefetch cpuid_fault epb ssbd ibrs ibpb stibp ibrs_enhanced tpr_shadow vnmi flexpriority ept vpid ept_ad fsgsbase tsc_adjust bmi1 avx2 smep bmi2 erms invpcid rdseed adx smap clflushopt clwb intel_pt sha_ni xsaveopt xsavec xgetbv1 xsaves split_lock_detect avx_vnni dtherm ida arat pln pts hwp hwp_notify hwp_act_window hwp_epp hwp_pkg_req umip pku ospke waitpkg gfni vaes vpclmulqdq tme rdpid movdiri movdir64b fsrm md_clear serialize pconfig arch_lbr flush_l1d arch_capabilities

Online cpus: 0-31
Offline cpus: 
BIOS frequency limitation: <Not Available>
Frequency switch latency (ns): 0
Available cpu frequencies: <Not Available>
Current governor: performance
Core performance/turbo boost: <Not Available>

Memory: 4k page, physical 131491188k(34271468k free), swap 4194300k(4194300k free)
Page Sizes: 4k

vm_info: OpenJDK 64-Bit Server VM (17.0.7+4-jvmci-23.0-b10) for linux-amd64 JRE (17.0.7+4-jvmci-23.0-b10), built on Mar 24 2023 22:17:53 by "buildslave" with gcc 10.3.0

END.
