#
# A fatal error has been detected by the Java Runtime Environment:
#
#  SIGSEGV (0xb) at pc=0x00007ff826658980, pid=162460, tid=162547
#
# JRE version: OpenJDK Runtime Environment GraalVM CE 17.0.7+4.1 (17.0.7+4) (build 17.0.7+4-jvmci-23.0-b10)
# Java VM: OpenJDK 64-Bit Server VM GraalVM CE 17.0.7+4.1 (17.0.7+4-jvmci-23.0-b10, mixed mode, sharing, tiered, jvmci, jvmci compiler, compressed oops, compressed class ptrs, g1 gc, linux-amd64)
# Problematic frame:
# C  [libjvmcicompiler.so+0xba4980]  LIRIntrospection_visitEach_8b2384cc70641e745b6e26681112a30f29f1a5f8+0x80
#
# Core dump will be written. Default location: Core dumps may be processed with "/usr/share/apport/apport -p%p -s%s -c%c -d%d -P%P -u%u -g%g -- %E" (or dumping to /home/a4090/ljc/AutoPoseEstimator/core.162460)
#
# If you would like to submit a bug report, please visit:
#   https://github.com/oracle/graal/issues
# The crash happened outside the Java Virtual Machine in native code.
# See problematic frame for where to report the bug.
#

---------------  S U M M A R Y ------------

Command Line: -XX:ThreadPriorityPolicy=1 -XX:+UnlockExperimentalVMOptions -XX:+EnableJVMCIProduct -XX:-UnlockExperimentalVMOptions -Dorg.graalvm.launcher.class=com.oracle.graal.python.shell.GraalPythonMain -Dorg.graalvm.launcher.executablename=/home/a4090/miniconda3/envs/auto_pose/bin/python 

Host: Intel(R) Core(TM) i9-14900K, 32 cores, 125G, Ubuntu 20.04.6 LTS
Time: Thu Feb 27 16:29:04 2025 CST elapsed time: 1.707273 seconds (0d 0h 0m 1s)

---------------  T H R E A D  ---------------

Current thread (0x00005567d5ff5b00):  JavaThread "TruffleCompilerThread-34" daemon [_thread_in_native, id=162547, stack(0x00007ff764eff000,0x00007ff765000000)]

Stack: [0x00007ff764eff000,0x00007ff765000000],  sp=0x00007ff764ffd570,  free space=1017k
Native frames: (J=compiled Java code, j=interpreted, Vv=VM code, C=native code)
C  [libjvmcicompiler.so+0xba4980]  LIRIntrospection_visitEach_8b2384cc70641e745b6e26681112a30f29f1a5f8+0x80
C  [libjvmcicompiler.so+0xbcbbc9]  LinearScanLifetimeAnalysisPhase_buildIntervals_fb20750cc8d8cd8743c45e3643a2b27d1fc4d326+0xf39
C  [libjvmcicompiler.so+0xbd5d56]  LinearScanLifetimeAnalysisPhase_run_fe906bc5273754c013b5dd28221c474246bd5d17+0xa6
C  [libjvmcicompiler.so+0xbc311a]  LinearScanAllocationPhase_apply_0f8205cebf9bde531c92d49e4e20eabf617855ad+0x14a
C  [libjvmcicompiler.so+0xbbbd19]  LinearScan_allocate_845da561cafe3d4c9ce664f5527073b68f8cdd86+0x119
C  [libjvmcicompiler.so+0xbd930f]  LinearScanPhase_run_3f892f37981c2cadab0669e09926284ea4f5b98d+0xff
C  [libjvmcicompiler.so+0xbd91d4]  LinearScanPhase_run_6f0119fc1771156cc65e3a52f5cd5be0fb352bc6+0x34
C  [libjvmcicompiler.so+0xd17f4c]  LIRPhase_apply_0abe16f130971cb2c2bcb3c0f4021bdff4124891+0x19c
C  [libjvmcicompiler.so+0xd190b7]  LIRPhaseSuite_run_9cddc92170efe0084e0ca63abc797866785fc034+0x217
C  [libjvmcicompiler.so+0xd17f4c]  LIRPhase_apply_0abe16f130971cb2c2bcb3c0f4021bdff4124891+0x19c
C  [libjvmcicompiler.so+0x977882]  LIRCompilerBackend_emitLowLevel_ede5cdd27aeb67eebff0ae177b2ade6c0dd6e3c9+0x232
C  [libjvmcicompiler.so+0x976b35]  LIRCompilerBackend_emitLIR0_c096467aee01961813bd7a5ee02f31a7740311ed+0xaa5
C  [libjvmcicompiler.so+0x975dbd]  LIRCompilerBackend_emitLIR_5a1d67efe06974514e1bfbc0ca7c180efcf37db0+0xed
C  [libjvmcicompiler.so+0x972a2f]  LIRCompilerBackend_emitBackEnd_a54c59324f9fd431297cec276b25f19491888c6d+0x10f
C  [libjvmcicompiler.so+0x8d75cc]  GraalCompiler_compile_ceb52c95b6a3c674ccaed5facbfe09d5e9f54cc5+0x1ac
C  [libjvmcicompiler.so+0x8d7c76]  GraalCompiler_compileGraph_f280e33c706d40a0afcca65e1d60adc30f56adda+0x216
C  [libjvmcicompiler.so+0x10ce10b]  TruffleCompilerImpl_compilePEGraph_ac6f5633ba11b596379d7202dfc395e0b8d7d2ed+0x42b
C  [libjvmcicompiler.so+0x10cd28c]  TruffleCompilerImpl_compileAST_bb1b8203f96b08420e94f7617aba16fbcfba3e02+0x3ec
C  [libjvmcicompiler.so+0x10cbdf7]  TruffleCompilerImpl$TruffleCompilationWrapper_performCompilation_62d795c442f5dcfdd795e8f785ce80286bb030e9+0x87
C  [libjvmcicompiler.so+0x10cbd47]  TruffleCompilerImpl$TruffleCompilationWrapper_performCompilation_944b1c54de06fc6d941347ed880c1f96e8fba7f4+0x17
C  [libjvmcicompiler.so+0x8d6204]  CompilationWrapper_run_d730478f4ce8f539b4955ca0a99f3c6f484bea17+0x64
C  [libjvmcicompiler.so+0x10ccc4a]  TruffleCompilerImpl_actuallyCompile_47fe4c83a8c6ea6532f4e7d0e1a892f465345bb3+0x27a
C  [libjvmcicompiler.so+0x10cf055]  TruffleCompilerImpl_doCompile_db634ab046aba6fdd1ed9944a7805e9b5ec88b34+0xe5
C  [libjvmcicompiler.so+0x10e6e9b]  TruffleToLibGraalEntryPoints_doCompile_1c2efe693f1a18150989da71a6494124dd5c5dc4+0x37b
C  [libjvmcicompiler.so+0x1d6819]  Java_org_graalvm_compiler_truffle_runtime_hotspot_libgraal_TruffleToLibGraalCalls_doCompile+0xd9
j  org.graalvm.compiler.truffle.runtime.hotspot.libgraal.TruffleToLibGraalCalls.doCompile(JJJJ[BLorg/graalvm/compiler/truffle/common/TruffleCompilationTask;Lorg/graalvm/compiler/truffle/common/TruffleCompilerListener;)V+0 jdk.internal.vm.compiler
j  org.graalvm.compiler.truffle.runtime.hotspot.libgraal.LibGraalHotSpotTruffleCompiler.doCompile(Lorg/graalvm/compiler/truffle/common/TruffleDebugContext;Lorg/graalvm/compiler/truffle/common/TruffleCompilation;Ljava/util/Map;Lorg/graalvm/compiler/truffle/common/TruffleCompilationTask;Lorg/graalvm/compiler/truffle/common/TruffleCompilerListener;)V+40 jdk.internal.vm.compiler
j  org.graalvm.compiler.truffle.runtime.GraalTruffleRuntime.compileImpl(Lorg/graalvm/compiler/truffle/common/TruffleDebugContext;Lorg/graalvm/compiler/truffle/runtime/OptimizedCallTarget;Lorg/graalvm/compiler/truffle/common/TruffleCompilationTask;)V+86 jdk.internal.vm.compiler
j  org.graalvm.compiler.truffle.runtime.GraalTruffleRuntime.doCompile(Lorg/graalvm/compiler/truffle/common/TruffleDebugContext;Lorg/graalvm/compiler/truffle/runtime/OptimizedCallTarget;Lorg/graalvm/compiler/truffle/common/TruffleCompilationTask;)V+154 jdk.internal.vm.compiler
j  org.graalvm.compiler.truffle.runtime.GraalTruffleRuntime.doCompile(Lorg/graalvm/compiler/truffle/runtime/OptimizedCallTarget;Lorg/graalvm/compiler/truffle/common/TruffleCompilationTask;)V+4 jdk.internal.vm.compiler
j  org.graalvm.compiler.truffle.runtime.CompilationTask$1.accept(Lorg/graalvm/compiler/truffle/runtime/CompilationTask;)V+30 jdk.internal.vm.compiler
j  org.graalvm.compiler.truffle.runtime.CompilationTask$1.accept(Ljava/lang/Object;)V+5 jdk.internal.vm.compiler
j  org.graalvm.compiler.truffle.runtime.CompilationTask.call()Ljava/lang/Void;+5 jdk.internal.vm.compiler
j  org.graalvm.compiler.truffle.runtime.CompilationTask.call()Ljava/lang/Object;+1 jdk.internal.vm.compiler
j  java.util.concurrent.FutureTask.run()V+39 java.base@17.0.7
j  java.util.concurrent.ThreadPoolExecutor.runWorker(Ljava/util/concurrent/ThreadPoolExecutor$Worker;)V+92 java.base@17.0.7
j  java.util.concurrent.ThreadPoolExecutor$Worker.run()V+5 java.base@17.0.7
j  java.lang.Thread.run()V+11 java.base@17.0.7
j  org.graalvm.compiler.truffle.runtime.BackgroundCompileQueue$TruffleCompilerThreadFactory$1.run()V+30 jdk.internal.vm.compiler
v  ~StubRoutines::call_stub
V  [libjvm.so+0x7fc225]  JavaCalls::call_helper(JavaValue*, methodHandle const&, JavaCallArguments*, JavaThread*)+0x315
V  [libjvm.so+0x7fda1b]  JavaCalls::call_virtual(JavaValue*, Handle, Klass*, Symbol*, Symbol*, JavaThread*)+0x1cb
V  [libjvm.so+0x8c68d3]  thread_entry(JavaThread*, JavaThread*)+0xa3
V  [libjvm.so+0xd8ccf0]  JavaThread::thread_main_inner()+0xd0
V  [libjvm.so+0xd902d0]  Thread::call_run()+0xc0
V  [libjvm.so+0xbe0f51]  thread_native_entry(Thread*)+0xe1

Java frames: (J=compiled Java code, j=interpreted, Vv=VM code)
j  org.graalvm.compiler.truffle.runtime.hotspot.libgraal.TruffleToLibGraalCalls.doCompile(JJJJ[BLorg/graalvm/compiler/truffle/common/TruffleCompilationTask;Lorg/graalvm/compiler/truffle/common/TruffleCompilerListener;)V+0 jdk.internal.vm.compiler
j  org.graalvm.compiler.truffle.runtime.hotspot.libgraal.LibGraalHotSpotTruffleCompiler.doCompile(Lorg/graalvm/compiler/truffle/common/TruffleDebugContext;Lorg/graalvm/compiler/truffle/common/TruffleCompilation;Ljava/util/Map;Lorg/graalvm/compiler/truffle/common/TruffleCompilationTask;Lorg/graalvm/compiler/truffle/common/TruffleCompilerListener;)V+40 jdk.internal.vm.compiler
j  org.graalvm.compiler.truffle.runtime.GraalTruffleRuntime.compileImpl(Lorg/graalvm/compiler/truffle/common/TruffleDebugContext;Lorg/graalvm/compiler/truffle/runtime/OptimizedCallTarget;Lorg/graalvm/compiler/truffle/common/TruffleCompilationTask;)V+86 jdk.internal.vm.compiler
j  org.graalvm.compiler.truffle.runtime.GraalTruffleRuntime.doCompile(Lorg/graalvm/compiler/truffle/common/TruffleDebugContext;Lorg/graalvm/compiler/truffle/runtime/OptimizedCallTarget;Lorg/graalvm/compiler/truffle/common/TruffleCompilationTask;)V+154 jdk.internal.vm.compiler
j  org.graalvm.compiler.truffle.runtime.GraalTruffleRuntime.doCompile(Lorg/graalvm/compiler/truffle/runtime/OptimizedCallTarget;Lorg/graalvm/compiler/truffle/common/TruffleCompilationTask;)V+4 jdk.internal.vm.compiler
j  org.graalvm.compiler.truffle.runtime.CompilationTask$1.accept(Lorg/graalvm/compiler/truffle/runtime/CompilationTask;)V+30 jdk.internal.vm.compiler
j  org.graalvm.compiler.truffle.runtime.CompilationTask$1.accept(Ljava/lang/Object;)V+5 jdk.internal.vm.compiler
j  org.graalvm.compiler.truffle.runtime.CompilationTask.call()Ljava/lang/Void;+5 jdk.internal.vm.compiler
j  org.graalvm.compiler.truffle.runtime.CompilationTask.call()Ljava/lang/Object;+1 jdk.internal.vm.compiler
j  java.util.concurrent.FutureTask.run()V+39 java.base@17.0.7
j  java.util.concurrent.ThreadPoolExecutor.runWorker(Ljava/util/concurrent/ThreadPoolExecutor$Worker;)V+92 java.base@17.0.7
j  java.util.concurrent.ThreadPoolExecutor$Worker.run()V+5 java.base@17.0.7
j  java.lang.Thread.run()V+11 java.base@17.0.7
j  org.graalvm.compiler.truffle.runtime.BackgroundCompileQueue$TruffleCompilerThreadFactory$1.run()V+30 jdk.internal.vm.compiler
v  ~StubRoutines::call_stub

siginfo: si_signo: 11 (SIGSEGV), si_code: 128 (SI_KERNEL), si_addr: 0x0000000000000000

Register to memory mapping:

RAX=0x0000000000007ff7 is an unknown value
RBX=0x0000000000007ff7 is an unknown value
RCX=0x00007ff764ffd5e0 is pointing into the stack for thread: 0x00005567d5ff5b00
RDX=0x00000000008a9188 is an unknown value
RSP=0x00007ff764ffd570 is pointing into the stack for thread: 0x00005567d5ff5b00
RBP=0x00007ff764ffd6e0 is pointing into the stack for thread: 0x00005567d5ff5b00
RSI=0x00007ff74c509f80 points into unknown readable memory: 0x00000000008b5fc8 | c8 5f 8b 00 00 00 00 00
RDI=0x00007ff74c509e30 points into unknown readable memory: 0x00000000008268e0 | e0 68 82 00 00 00 00 00
R8 =0x00007ff74eb2f6a0 points into unknown readable memory: 0x00000000007fe238 | 38 e2 7f 00 00 00 00 00
R9 =0x00007ff74fa8dd00 points into unknown readable memory: 0x000000000084a70a | 0a a7 84 00 00 00 00 00
R10=0x00007ff74fa8eaa0 points into unknown readable memory: 0x000000000084a60a | 0a a6 84 00 00 00 00 00
R11=0x00007ff74fa8dd80 points into unknown readable memory: 0x0000000000885462 | 62 54 88 00 00 00 00 00
R12=0x00007ff74c509e30 points into unknown readable memory: 0x00000000008268e0 | e0 68 82 00 00 00 00 00
R13=0x0000000000000001 is an unknown value
R14=0x00007ff74ed00000 is an unknown value
R15=0x00007ff754003640 points into unknown readable memory: 0x00007ff74f45f010 | 10 f0 45 4f f7 7f 00 00


Registers:
RAX=0x0000000000007ff7, RBX=0x0000000000007ff7, RCX=0x00007ff764ffd5e0, RDX=0x00000000008a9188
RSP=0x00007ff764ffd570, RBP=0x00007ff764ffd6e0, RSI=0x00007ff74c509f80, RDI=0x00007ff74c509e30
R8 =0x00007ff74eb2f6a0, R9 =0x00007ff74fa8dd00, R10=0x00007ff74fa8eaa0, R11=0x00007ff74fa8dd80
R12=0x00007ff74c509e30, R13=0x0000000000000001, R14=0x00007ff74ed00000, R15=0x00007ff754003640
RIP=0x00007ff826658980, EFLAGS=0x0000000000010206, CSGSFS=0x002b000000000033, ERR=0x0000000000000000
  TRAPNO=0x000000000000000d

Top of Stack: (sp=0x00007ff764ffd570)
0x00007ff764ffd570:   00007ff764ffd5c0 00007ff74eb26430
0x00007ff764ffd580:   00007ff74c507b88 00007ff77ba37e80
0x00007ff764ffd590:   00007ff764ffd5e0 00007ff82667e13a
0x00007ff764ffd5a0:   00007ff74fa8dd00 00007ff74eb2f6a0 

Instructions: (pc=0x00007ff826658980)
0x00007ff826658880:   e9 18 fe ff ff 48 be a0 17 52 00 00 00 00 00 49
0x00007ff826658890:   8d 34 36 48 8b 7c 24 10 e8 73 f8 7b ff 90 e9 5c
0x00007ff8266588a0:   fe ff ff 48 8b fe be 10 00 00 00 e8 20 9f 65 ff
0x00007ff8266588b0:   90 48 8b c8 48 8b 44 24 10 48 8b 7c 24 18 e9 c4
0x00007ff8266588c0:   fd ff ff 48 8b fe e8 25 a6 65 ff 90 48 8b 7c 24
0x00007ff8266588d0:   18 e9 48 fd ff ff e8 c5 34 70 ff 90 e9 2b ff ff
0x00007ff8266588e0:   ff e8 1a c2 66 ff 90 e8 f4 be 6f ff 90 48 8b df
0x00007ff8266588f0:   8b f9 8b f0 e8 77 c1 6f ff 90 cc cc cc cc cc cc
0x00007ff826658900:   55 48 8b ec 48 81 ec 90 00 00 00 48 89 7c 24 60
0x00007ff826658910:   48 89 74 24 58 48 89 54 24 50 48 89 4c 24 48 90
0x00007ff826658920:   49 3b 67 08 0f 86 b3 04 00 00 49 3b f6 0f 84 b3
0x00007ff826658930:   04 00 00 48 8b 46 30 48 89 44 24 40 8b 5e 0c 89
0x00007ff826658940:   9c 24 8c 00 00 00 4c 8b 46 10 4c 89 44 24 38 4f
0x00007ff826658950:   8d 0c 06 4c 89 4c 24 30 4d 8d 14 06 4c 89 54 24
0x00007ff826658960:   28 b8 00 00 00 00 66 66 0f 1f 84 00 00 00 00 00
0x00007ff826658970:   89 84 24 88 00 00 00 4d 85 c0 0f 84 57 04 00 00
0x00007ff826658980:   47 8b 64 06 0c 44 3b e0 0f 8e 31 04 00 00 44 8b
0x00007ff826658990:   e8 41 ff c5 44 89 ac 24 84 00 00 00 0f 1f 40 00
0x00007ff8266589a0:   3b d8 0f 8f 04 02 00 00 44 3b e0 0f 86 3b 04 00
0x00007ff8266589b0:   00 49 3b fe 0f 84 52 04 00 00 44 8b e0 4b 8b 74
0x00007ff8266589c0:   e1 10 48 8b 34 37 49 8d 0c 36 48 85 f6 0f 84 24
0x00007ff8266589d0:   00 00 00 48 c7 c2 f8 ff ff ff 49 23 14 36 bb ff
0x00007ff8266589e0:   ff 00 00 41 23 5c 16 10 8d 93 f6 e1 ff ff 83 fa
0x00007ff8266589f0:   04 0f 83 3e 04 00 00 48 85 f6 0f 84 18 04 00 00
0x00007ff826658a00:   41 8b 5c 36 0c 85 db 0f 84 a6 02 00 00 4c 89 64
0x00007ff826658a10:   24 78 48 89 4c 24 20 89 5c 24 74 48 ba 88 91 8a
0x00007ff826658a20:   00 00 00 00 00 49 8b 74 36 10 49 8d 3c 36 48 85
0x00007ff826658a30:   f6 0f 84 2e 03 00 00 48 89 7c 24 18 48 c7 c7 f8
0x00007ff826658a40:   ff ff ff 49 23 3c 36 48 3b d7 0f 84 e9 02 00 00
0x00007ff826658a50:   48 8b 44 24 40 48 85 c0 0f 84 31 04 00 00 41 8b
0x00007ff826658a60:   4c 06 0c 3b 8c 24 88 00 00 00 0f 86 2a 04 00 00
0x00007ff826658a70:   48 8b 4c 24 48 49 3b ce 0f 84 30 04 00 00 4c 8b 


Stack slot to memory mapping:
stack at sp + 0 slots: 0x00007ff764ffd5c0 is pointing into the stack for thread: 0x00005567d5ff5b00
stack at sp + 1 slots: 0x00007ff74eb26430 points into unknown readable memory: 0x00000000008913f8 | f8 13 89 00 00 00 00 00
stack at sp + 2 slots: 0x00007ff74c507b88 points into unknown readable memory: 0x00000000008b6838 | 38 68 8b 00 00 00 00 00
stack at sp + 3 slots: 0x00007ff77ba37e80 points into unknown readable memory: 0x00000000008914ea | ea 14 89 00 00 00 00 00
stack at sp + 4 slots: 0x00007ff764ffd5e0 is pointing into the stack for thread: 0x00005567d5ff5b00
stack at sp + 5 slots: 0x00007ff82667e13a: <offset 0x0000000000bca13a> in /home/a4090/miniconda3/envs/auto_pose/lib/jvm/lib/libjvmcicompiler.so at 0x00007ff825ab4000
stack at sp + 6 slots: 0x00007ff74fa8dd00 points into unknown readable memory: 0x000000000084a70a | 0a a7 84 00 00 00 00 00
stack at sp + 7 slots: 0x00007ff74eb2f6a0 points into unknown readable memory: 0x00000000007fe238 | 38 e2 7f 00 00 00 00 00


---------------  P R O C E S S  ---------------

Threads class SMR info:
_java_thread_list=0x00005567d614d130, length=37, elements={
0x00005567d48ef9d0, 0x00005567d4ae3b70, 0x00005567d4ae4fc0, 0x00005567d4aeb810,
0x00005567d4aecbf0, 0x00005567d4aee030, 0x00005567d4aefa50, 0x00005567d4af0fb0,
0x00005567d4afa440, 0x00005567d4b088f0, 0x00007ff84009e1f0, 0x00007ff83c001840,
0x00007ff84009fb10, 0x00005567d4b50800, 0x00007ff84c044cd0, 0x00007ff84c045e30,
0x00007ff84c046fd0, 0x00005567d4e74230, 0x00007ff83c0e7e30, 0x00007ff8401abe70,
0x00005567d50188a0, 0x00007ff834127920, 0x00007ff8300dfc70, 0x00007ff8300e0e60,
0x00007ff8300e2040, 0x00005567d5f8e840, 0x00005567d5357cf0, 0x00005567d5ff5b00,
0x00005567d5ffc610, 0x00005567d6039bf0, 0x00005567d606e0b0, 0x00005567d607b630,
0x00005567d607d0e0, 0x00005567d607e270, 0x00005567d60a6210, 0x00005567d60bd240,
0x00005567d614c3a0
}

Java Threads: ( => current thread )
  0x00005567d48ef9d0 JavaThread "main" [_thread_in_Java, id=162460, stack(0x00007ffcec7c5000,0x00007ffcec8c5000)]
  0x00005567d4ae3b70 JavaThread "Reference Handler" daemon [_thread_blocked, id=162467, stack(0x00007ff880065000,0x00007ff880166000)]
  0x00005567d4ae4fc0 JavaThread "Finalizer" daemon [_thread_blocked, id=162468, stack(0x00007ff871eff000,0x00007ff872000000)]
  0x00005567d4aeb810 JavaThread "Signal Dispatcher" daemon [_thread_blocked, id=162469, stack(0x00007ff87158d000,0x00007ff87168e000)]
  0x00005567d4aecbf0 JavaThread "Service Thread" daemon [_thread_blocked, id=162470, stack(0x00007ff87148c000,0x00007ff87158d000)]
  0x00005567d4aee030 JavaThread "Monitor Deflation Thread" daemon [_thread_blocked, id=162471, stack(0x00007ff87138b000,0x00007ff87148c000)]
  0x00005567d4aefa50 JavaThread "JVMCI-native CompilerThread0" daemon [_thread_blocked, id=162472, stack(0x00007ff87118a000,0x00007ff87138b000)]
  0x00005567d4af0fb0 JavaThread "C1 CompilerThread0" daemon [_thread_blocked, id=162473, stack(0x00007ff870f89000,0x00007ff87118a000)]
  0x00005567d4afa440 JavaThread "Sweeper thread" daemon [_thread_blocked, id=162474, stack(0x00007ff870e88000,0x00007ff870f89000)]
  0x00005567d4b088f0 JavaThread "Common-Cleaner" daemon [_thread_blocked, id=162475, stack(0x00007ff870d87000,0x00007ff870e88000)]
  0x00007ff84009e1f0 JavaThread "C1 CompilerThread1" daemon [_thread_blocked, id=162476, stack(0x00007ff870b86000,0x00007ff870d87000)]
  0x00007ff83c001840 JavaThread "C1 CompilerThread2" daemon [_thread_in_native, id=162477, stack(0x00007ff870985000,0x00007ff870b86000)]
  0x00007ff84009fb10 JavaThread "C1 CompilerThread3" daemon [_thread_blocked, id=162478, stack(0x00007ff870784000,0x00007ff870985000)]
  0x00005567d4b50800 JavaThread "Notification Thread" daemon [_thread_blocked, id=162479, stack(0x00007ff870683000,0x00007ff870784000)]
  0x00007ff84c044cd0 JavaThread "JVMCI-native CompilerThread1" daemon [_thread_in_native, id=162481, stack(0x00007ff8244ff000,0x00007ff824700000)]
  0x00007ff84c045e30 JavaThread "JVMCI-native CompilerThread2" daemon [_thread_in_native, id=162482, stack(0x00007ff8242fe000,0x00007ff8244ff000)]
  0x00007ff84c046fd0 JavaThread "JVMCI-native CompilerThread3" daemon [_thread_in_native, id=162483, stack(0x00007ff8240fd000,0x00007ff8242fe000)]
  0x00005567d4e74230 JavaThread "process reaper" daemon [_thread_blocked, id=162487, stack(0x00007ff8703de000,0x00007ff870400000)]
  0x00007ff83c0e7e30 JavaThread "C1 CompilerThread4" daemon [_thread_blocked, id=162494, stack(0x00007ff8079ff000,0x00007ff807c00000)]
  0x00007ff8401abe70 JavaThread "C1 CompilerThread5" daemon [_thread_blocked, id=162495, stack(0x00007ff8077fe000,0x00007ff8079ff000)]
  0x00005567d50188a0 JavaThread "TruffleCompilerThread-30" daemon [_thread_in_native, id=162496, stack(0x00007ff8076fd000,0x00007ff8077fe000)]
  0x00007ff834127920 JavaThread "C1 CompilerThread6" daemon [_thread_blocked, id=162526, stack(0x00007ff7edbff000,0x00007ff7ede00000)]
  0x00007ff8300dfc70 JavaThread "C1 CompilerThread7" daemon [_thread_blocked, id=162527, stack(0x00007ff7ed9fe000,0x00007ff7edbff000)]
  0x00007ff8300e0e60 JavaThread "C1 CompilerThread8" daemon [_thread_blocked, id=162528, stack(0x00007ff7ed7fd000,0x00007ff7ed9fe000)]
  0x00007ff8300e2040 JavaThread "C1 CompilerThread9" daemon [_thread_blocked, id=162529, stack(0x00007ff7ed5fc000,0x00007ff7ed7fd000)]
  0x00005567d5f8e840 JavaThread "TruffleCompilerThread-32" daemon [_thread_in_native, id=162540, stack(0x00007ff81c1ff000,0x00007ff81c300000)]
  0x00005567d5357cf0 JavaThread "TruffleCompilerThread-33" daemon [_thread_in_native, id=162541, stack(0x00007ff81c0fe000,0x00007ff81c1ff000)]
=>0x00005567d5ff5b00 JavaThread "TruffleCompilerThread-34" daemon [_thread_in_native, id=162547, stack(0x00007ff764eff000,0x00007ff765000000)]
  0x00005567d5ffc610 JavaThread "TruffleCompilerThread-35" daemon [_thread_in_native, id=162548, stack(0x00007ff74e9ff000,0x00007ff74eb00000)]
  0x00005567d6039bf0 JavaThread "TruffleCompilerThread-36" daemon [_thread_in_vm, id=162549, stack(0x00007ff745eff000,0x00007ff746000000)]
  0x00005567d606e0b0 JavaThread "TruffleCompilerThread-37" daemon [_thread_in_native, id=162550, stack(0x00007ff73aeff000,0x00007ff73b000000)]
  0x00005567d607b630 JavaThread "TruffleCompilerThread-38" daemon [_thread_in_native, id=162551, stack(0x00007ff7328ff000,0x00007ff732a00000)]
  0x00005567d607d0e0 JavaThread "TruffleCompilerThread-39" daemon [_thread_in_native, id=162552, stack(0x00007ff7306ff000,0x00007ff730800000)]
  0x00005567d607e270 JavaThread "TruffleCompilerThread-40" daemon [_thread_in_native, id=162553, stack(0x00007ff7303fe000,0x00007ff7304ff000)]
  0x00005567d60a6210 JavaThread "python-actions-pool-1-thread-1" daemon [_thread_blocked, id=162554, stack(0x00007ff713eff000,0x00007ff714000000)]
  0x00005567d60bd240 JavaThread "nfi-gc" daemon [_thread_blocked, id=162555, stack(0x00007ff7111ff000,0x00007ff711300000)]
  0x00005567d614c3a0 JavaThread "python-actions-pool-2-thread-1" daemon [_thread_blocked, id=162556, stack(0x00007ff6f88ff000,0x00007ff6f8a00000)]

Other Threads:
  0x00005567d4adf870 VMThread "VM Thread" [stack: 0x00007ff880168000,0x00007ff880268000] [id=162466]
  0x00005567d4b52170 WatcherThread [stack: 0x00007ff870583000,0x00007ff870683000] [id=162480]
  0x00005567d4926120 GCTaskThread "GC Thread#0" [stack: 0x00007ff881f7c000,0x00007ff88207c000] [id=162461]
  0x00007ff860008e40 GCTaskThread "GC Thread#1" [stack: 0x00007ff804300000,0x00007ff804400000] [id=162499]
  0x00007ff860009890 GCTaskThread "GC Thread#2" [stack: 0x00007ff8041fe000,0x00007ff8042fe000] [id=162500]
  0x00007ff86000a2e0 GCTaskThread "GC Thread#3" [stack: 0x00007ff8040fc000,0x00007ff8041fc000] [id=162501]
  0x00007ff86000ad30 GCTaskThread "GC Thread#4" [stack: 0x00007ff7eff00000,0x00007ff7f0000000] [id=162502]
  0x00007ff86000b780 GCTaskThread "GC Thread#5" [stack: 0x00007ff7efdfe000,0x00007ff7efefe000] [id=162503]
  0x00007ff86000c1d0 GCTaskThread "GC Thread#6" [stack: 0x00007ff7efcfc000,0x00007ff7efdfc000] [id=162504]
  0x00007ff86000cc20 GCTaskThread "GC Thread#7" [stack: 0x00007ff7efbfa000,0x00007ff7efcfa000] [id=162505]
  0x00007ff86000d670 GCTaskThread "GC Thread#8" [stack: 0x00007ff7efaf8000,0x00007ff7efbf8000] [id=162506]
  0x00007ff86000e0c0 GCTaskThread "GC Thread#9" [stack: 0x00007ff7ef9f6000,0x00007ff7efaf6000] [id=162507]
  0x00007ff86000eb10 GCTaskThread "GC Thread#10" [stack: 0x00007ff7ef8f4000,0x00007ff7ef9f4000] [id=162508]
  0x00007ff86000f990 GCTaskThread "GC Thread#11" [stack: 0x00007ff7ef7f2000,0x00007ff7ef8f2000] [id=162509]
  0x00007ff860010810 GCTaskThread "GC Thread#12" [stack: 0x00007ff7ef6f0000,0x00007ff7ef7f0000] [id=162510]
  0x00007ff860011690 GCTaskThread "GC Thread#13" [stack: 0x00007ff7ef5ee000,0x00007ff7ef6ee000] [id=162511]
  0x00007ff860012510 GCTaskThread "GC Thread#14" [stack: 0x00007ff7ef4ec000,0x00007ff7ef5ec000] [id=162512]
  0x00007ff860013390 GCTaskThread "GC Thread#15" [stack: 0x00007ff7ef3ea000,0x00007ff7ef4ea000] [id=162513]
  0x00007ff860014210 GCTaskThread "GC Thread#16" [stack: 0x00007ff7ef2e8000,0x00007ff7ef3e8000] [id=162514]
  0x00007ff860015090 GCTaskThread "GC Thread#17" [stack: 0x00007ff7ef1e6000,0x00007ff7ef2e6000] [id=162515]
  0x00007ff860015f10 GCTaskThread "GC Thread#18" [stack: 0x00007ff7ef0e4000,0x00007ff7ef1e4000] [id=162516]
  0x00007ff860016d90 GCTaskThread "GC Thread#19" [stack: 0x00007ff7eefe2000,0x00007ff7ef0e2000] [id=162517]
  0x00007ff860017c10 GCTaskThread "GC Thread#20" [stack: 0x00007ff7eeee0000,0x00007ff7eefe0000] [id=162518]
  0x00007ff860018a90 GCTaskThread "GC Thread#21" [stack: 0x00007ff7eedde000,0x00007ff7eeede000] [id=162519]
  0x00007ff860019910 GCTaskThread "GC Thread#22" [stack: 0x00007ff7eecdc000,0x00007ff7eeddc000] [id=162520]
  0x00005567d4936770 ConcurrentGCThread "G1 Main Marker" [stack: 0x00007ff881e7a000,0x00007ff881f7a000] [id=162462]
  0x00005567d4937710 ConcurrentGCThread "G1 Conc#0" [stack: 0x00007ff881d78000,0x00007ff881e78000] [id=162463]
  0x00007ff874000d30 ConcurrentGCThread "G1 Conc#1" [stack: 0x00007ff7eebda000,0x00007ff7eecda000] [id=162521]
  0x00007ff874001b80 ConcurrentGCThread "G1 Conc#2" [stack: 0x00007ff7ee700000,0x00007ff7ee800000] [id=162522]
  0x00007ff874002610 ConcurrentGCThread "G1 Conc#3" [stack: 0x00007ff7ee5fe000,0x00007ff7ee6fe000] [id=162523]
  0x00007ff8740030a0 ConcurrentGCThread "G1 Conc#4" [stack: 0x00007ff7ee4fc000,0x00007ff7ee5fc000] [id=162524]
  0x00007ff874003b30 ConcurrentGCThread "G1 Conc#5" [stack: 0x00007ff7ee3fa000,0x00007ff7ee4fa000] [id=162525]
  0x00005567d4aabbc0 ConcurrentGCThread "G1 Refine#0" [stack: 0x00007ff88055f000,0x00007ff88065f000] [id=162464]
  0x00007ff86c000d30 ConcurrentGCThread "G1 Refine#1" [stack: 0x00007ff778100000,0x00007ff778200000] [id=162542]
  0x00007ff76c000d30 ConcurrentGCThread "G1 Refine#2" [stack: 0x00007ff767f00000,0x00007ff768000000] [id=162543]
  0x00007ff760000d30 ConcurrentGCThread "G1 Refine#3" [stack: 0x00007ff767dfe000,0x00007ff767efe000] [id=162544]
  0x00007ff758000d30 ConcurrentGCThread "G1 Refine#4" [stack: 0x00007ff767cfc000,0x00007ff767dfc000] [id=162545]
  0x00007ff75c000d30 ConcurrentGCThread "G1 Refine#5" [stack: 0x00007ff767bfa000,0x00007ff767cfa000] [id=162546]
  0x00005567d4aacad0 ConcurrentGCThread "G1 Service" [stack: 0x00007ff88045d000,0x00007ff88055d000] [id=162465]

Threads with active compile tasks:
C1 CompilerThread2     1710 6761   !   3       com.oracle.graal.python.nodes.call.special.CallUnaryMethodNodeGen::executeAndSpecialize (3362 bytes)
JVMCI-native CompilerThread1     1710 6769       4       jdk.vm.ci.hotspot.HotSpotResolvedObjectTypeImpl::getFields (233 bytes)
JVMCI-native CompilerThread2     1710 6025   !   4       com.oracle.graal.python.nodes.bytecode.PBytecodeRootNode::bytecodeLoop (7783 bytes)
JVMCI-native CompilerThread3     1710 6741       4       com.oracle.truffle.api.strings.TruffleStringBuilder$AppendStringNode::append (108 bytes)

VM state: not at safepoint (normal execution)

VM Mutex/Monitor currently owned by a thread: None

Heap address: 0x0000000082000000, size: 30688 MB, Compressed Oops mode: Zero based, Oop shift amount: 3

CDS archive(s) mapped at: [0x0000000800000000-0x0000000800bcb000-0x0000000800bcb000), size 12365824, SharedBaseAddress: 0x0000000800000000, ArchiveRelocationMode: 0.
Compressed class space mapped at: 0x0000000801000000-0x0000000841000000, reserved size: 1073741824
Narrow klass base: 0x0000000800000000, Narrow klass shift: 0, Narrow klass range: 0x100000000

GC Precious Log:
 CPUs: 32 total, 32 available
 Memory: 125G
 Large Page Support: Disabled
 NUMA Support: Disabled
 Compressed Oops: Enabled (Zero based)
 Heap Region Size: 16M
 Heap Min Capacity: 16M
 Heap Initial Capacity: 2016M
 Heap Max Capacity: 30688M
 Pre-touch: Disabled
 Parallel Workers: 23
 Concurrent Workers: 6
 Concurrent Refinement Workers: 23
 Periodic GC: Disabled

Heap:
 garbage-first heap   total 393216K, used 150227K [0x0000000082000000, 0x0000000800000000)
  region size 16384K, 8 young (131072K), 1 survivors (16384K)
 Metaspace       used 72657K, committed 72960K, reserved 1114112K
  class space    used 10135K, committed 10304K, reserved 1048576K

Heap Regions: E=young(eden), S=young(survivor), O=old, HS=humongous(starts), HC=humongous(continues), CS=collection set, F=free, OA=open archive, CA=closed archive, TAMS=top-at-mark-start (previous, next)
|   0|0x0000000082000000, 0x0000000083000000, 0x0000000083000000|100%| O|  |TAMS 0x0000000083000000, 0x0000000082000000| Untracked 
|   1|0x0000000083000000, 0x0000000083000000, 0x0000000084000000|  0%| F|  |TAMS 0x0000000083000000, 0x0000000083000000| Untracked 
|   2|0x0000000084000000, 0x0000000085000000, 0x0000000085000000|100%| O|  |TAMS 0x0000000085000000, 0x0000000084000000| Untracked 
|   3|0x0000000085000000, 0x0000000085199e00, 0x0000000086000000| 10%| O|  |TAMS 0x0000000085199e00, 0x0000000085000000| Complete 
|   4|0x0000000086000000, 0x0000000086000000, 0x0000000087000000|  0%| F|  |TAMS 0x0000000086000000, 0x0000000086000000| Untracked 
|   5|0x0000000087000000, 0x0000000087000000, 0x0000000088000000|  0%| F|  |TAMS 0x0000000087000000, 0x0000000087000000| Untracked 
|   6|0x0000000088000000, 0x0000000088000000, 0x0000000089000000|  0%| F|  |TAMS 0x0000000088000000, 0x0000000088000000| Untracked 
|   7|0x0000000089000000, 0x0000000089000000, 0x000000008a000000|  0%| F|  |TAMS 0x0000000089000000, 0x0000000089000000| Untracked 
|   8|0x000000008a000000, 0x000000008a000000, 0x000000008b000000|  0%| F|  |TAMS 0x000000008a000000, 0x000000008a000000| Untracked 
|   9|0x000000008b000000, 0x000000008b000000, 0x000000008c000000|  0%| F|  |TAMS 0x000000008b000000, 0x000000008b000000| Untracked 
|  10|0x000000008c000000, 0x000000008c000000, 0x000000008d000000|  0%| F|  |TAMS 0x000000008c000000, 0x000000008c000000| Untracked 
|  11|0x000000008d000000, 0x000000008d000000, 0x000000008e000000|  0%| F|  |TAMS 0x000000008d000000, 0x000000008d000000| Untracked 
|  12|0x000000008e000000, 0x000000008e147e48, 0x000000008f000000|  8%| S|CS|TAMS 0x000000008e000000, 0x000000008e000000| Complete 
|  13|0x000000008f000000, 0x000000008f000000, 0x0000000090000000|  0%| F|  |TAMS 0x000000008f000000, 0x000000008f000000| Untracked 
|  14|0x0000000090000000, 0x0000000090000000, 0x0000000091000000|  0%| F|  |TAMS 0x0000000090000000, 0x0000000090000000| Untracked 
|  15|0x0000000091000000, 0x0000000091a53078, 0x0000000092000000| 64%| E|  |TAMS 0x0000000091000000, 0x0000000091000000| Complete 
|  16|0x0000000092000000, 0x0000000093000000, 0x0000000093000000|100%| E|CS|TAMS 0x0000000092000000, 0x0000000092000000| Complete 
|  17|0x0000000093000000, 0x0000000094000000, 0x0000000094000000|100%| E|CS|TAMS 0x0000000093000000, 0x0000000093000000| Complete 
|  18|0x0000000094000000, 0x0000000095000000, 0x0000000095000000|100%| E|CS|TAMS 0x0000000094000000, 0x0000000094000000| Complete 
|  19|0x0000000095000000, 0x0000000096000000, 0x0000000096000000|100%| E|CS|TAMS 0x0000000095000000, 0x0000000095000000| Complete 
|  20|0x0000000096000000, 0x0000000097000000, 0x0000000097000000|100%| E|CS|TAMS 0x0000000096000000, 0x0000000096000000| Complete 
| 125|0x00000000ff000000, 0x0000000100000000, 0x0000000100000000|100%| E|CS|TAMS 0x00000000ff000000, 0x00000000ff000000| Complete 
|1916|0x00000007fe000000, 0x00000007fef46000, 0x00000007ff000000| 95%|OA|  |TAMS 0x00000007fef46000, 0x00000007fe000000| Untracked 
|1917|0x00000007ff000000, 0x00000007ff08d000, 0x0000000800000000|  3%|CA|  |TAMS 0x00000007ff08d000, 0x00000007ff000000| Untracked 

Card table byte_map: [0x00007ff8c1d14000,0x00007ff8c5904000] _byte_map_base: 0x00007ff8c1904000

Marking Bits (Prev, Next): (CMBitMap*) 0x00005567d4926c00, (CMBitMap*) 0x00005567d4926bc0
 Prev Bits: [0x00007ff882224000, 0x00007ff8a01a4000)
 Next Bits: [0x00007ff8a01a4000, 0x00007ff8be124000)

Polling page: 0x00007ff8d9f2b000

Metaspace:

Usage:
  Non-class:     61.06 MB used.
      Class:      9.90 MB used.
       Both:     70.95 MB used.

Virtual space:
  Non-class space:       64.00 MB reserved,      61.19 MB ( 96%) committed,  1 nodes.
      Class space:        1.00 GB reserved,      10.06 MB ( <1%) committed,  1 nodes.
             Both:        1.06 GB reserved,      71.25 MB (  7%) committed. 

Chunk freelists:
   Non-Class:  2.52 MB
       Class:  5.86 MB
        Both:  8.38 MB

MaxMetaspaceSize: unlimited
CompressedClassSpaceSize: 1.00 GB
Initial GC threshold: 21.00 MB
Current GC threshold: 102.31 MB
CDS: on
MetaspaceReclaimPolicy: balanced
 - commit_granule_bytes: 65536.
 - commit_granule_words: 8192.
 - virtual_space_node_default_size: 8388608.
 - enlarge_chunks_in_place: 1.
 - new_chunks_are_fully_committed: 0.
 - uncommit_free_chunks: 1.
 - use_allocation_guard: 0.
 - handle_deallocations: 1.


Internal statistics:

num_allocs_failed_limit: 24.
num_arena_births: 324.
num_arena_deaths: 0.
num_vsnodes_births: 2.
num_vsnodes_deaths: 0.
num_space_committed: 1140.
num_space_uncommitted: 0.
num_chunks_returned_to_freelist: 24.
num_chunks_taken_from_freelist: 2763.
num_chunk_merges: 24.
num_chunk_splits: 2172.
num_chunks_enlarged: 1767.
num_inconsistent_stats: 0.

CodeHeap 'non-profiled nmethods': size=117208Kb used=3029Kb max_used=3029Kb free=114179Kb
 bounds [0x00007ff8d2c66000, 0x00007ff8d2f66000, 0x00007ff8d9edc000]
CodeHeap 'profiled nmethods': size=117208Kb used=17879Kb max_used=17879Kb free=99328Kb
 bounds [0x00007ff8caedc000, 0x00007ff8cc05c000, 0x00007ff8d2152000]
CodeHeap 'non-nmethods': size=11344Kb used=6548Kb max_used=6579Kb free=4796Kb
 bounds [0x00007ff8d2152000, 0x00007ff8d27c2000, 0x00007ff8d2c66000]
 total_blobs=6750 nmethods=5909 adapters=732
 compilation: enabled
              stopped_count=0, restarted_count=0
 full_count=0

JVMCI Events (20 events):
Event: 1.628 Thread 0x00005567d5ff5b00 compacted oop handles in JVMCI runtime 7 from 1693 to 1534
Event: 1.631 Thread 0x00005567d4aefa50 compacted oop handles in JVMCI runtime 0 from 389 to 338
Event: 1.633 Thread 0x00005567d4aefa50 compacted oop handles in JVMCI runtime 0 from 343 to 341
Event: 1.637 Thread 0x00007ff84c046fd0 compacted oop handles in JVMCI runtime 3 from 158 to 153
Event: 1.637 Thread 0x00005567d4aefa50 compacted oop handles in JVMCI runtime 0 from 345 to 92
Event: 1.638 Thread 0x00007ff84c044cd0 compacted oop handles in JVMCI runtime 1 from 334 to 210
Event: 1.648 Thread 0x00007ff84c044cd0 compacted oop handles in JVMCI runtime 1 from 211 to 171
Event: 1.648 Thread 0x00007ff84c046fd0 compacted oop handles in JVMCI runtime 3 from 154 to 105
Event: 1.651 Thread 0x00005567d4aefa50 compacted oop handles in JVMCI runtime 0 from 137 to 117
Event: 1.660 Thread 0x00005567d4aefa50 compacted oop handles in JVMCI runtime 0 from 143 to 141
Event: 1.660 Thread 0x00005567d4aefa50 compacted oop handles in JVMCI runtime 0 from 142 to 114
Event: 1.661 Thread 0x00005567d4aefa50 compacted oop handles in JVMCI runtime 0 from 122 to 121
Event: 1.664 Thread 0x00007ff84c046fd0 compacted oop handles in JVMCI runtime 3 from 183 to 158
Event: 1.664 Thread 0x00007ff84c046fd0 compacted oop handles in JVMCI runtime 3 from 159 to 125
Event: 1.669 Thread 0x00005567d5357cf0 compacted oop handles in JVMCI runtime 6 from 1967 to 1552
Event: 1.670 Thread 0x00007ff84c044cd0 compacted oop handles in JVMCI runtime 1 from 221 to 209
Event: 1.670 Thread 0x00007ff84c044cd0 compacted oop handles in JVMCI runtime 1 from 210 to 200
Event: 1.670 Thread 0x00005567d5357cf0 compacted oop handles in JVMCI runtime 6 from 1556 to 1487
Event: 1.673 Thread 0x00007ff84c044cd0 compacted oop handles in JVMCI runtime 1 from 203 to 202
Event: 1.676 Thread 0x00005567d5357cf0 compacted oop handles in JVMCI runtime 6 from 1527 to 1497

Compilation events (20 events):
Event: 1.678 Thread 0x00007ff84009fb10 6725       3       com.oracle.graal.python.builtins.objects.common.IndexNodesFactory$NormalizeIndexWithBoundsCheckNodeGen::execute (54 bytes)
Event: 1.678 Thread 0x00007ff8300e2040 6726       3       com.oracle.graal.python.builtins.objects.common.IndexNodesFactory$BoundsCheckNodeGen$Inlined::execute (58 bytes)
Event: 1.678 Thread 0x00007ff834127920 nmethod 6724 0x00007ff8cbfdce10 code [0x00007ff8cbfdd020, 0x00007ff8cbfdda80]
Event: 1.678 Thread 0x00007ff84009e1f0 nmethod 6723 0x00007ff8cbfddc90 code [0x00007ff8cbfddec0, 0x00007ff8cbfdefd0]
Event: 1.678 Thread 0x00007ff84009fb10 nmethod 6725 0x00007ff8cbfdf310 code [0x00007ff8cbfdf580, 0x00007ff8cbfe0300]
Event: 1.678 Thread 0x00007ff8300e2040 nmethod 6726 0x00007ff8cbfe0710 code [0x00007ff8cbfe09a0, 0x00007ff8cbfe1760]
Event: 1.678 Thread 0x00005567d4af0fb0 6727       3       com.oracle.graal.python.builtins.objects.type.PythonClass::getSlotsFinalAssumption (51 bytes)
Event: 1.678 Thread 0x00007ff83c001840 6728       3       com.oracle.graal.python.nodes.builtins.FunctionNodesFactory$GetFunctionCodeNodeGen::executeAndSpecialize (213 bytes)
Event: 1.679 Thread 0x00005567d4af0fb0 nmethod 6727 0x00007ff8cbfe1c10 code [0x00007ff8cbfe1ec0, 0x00007ff8cbfe3400]
Event: 1.679 Thread 0x00007ff83c0e7e30 6729       3       com.oracle.graal.python.lib.PyNumberAsSizeNodeGen::execute (272 bytes)
Event: 1.679 Thread 0x00007ff8300e0e60 6730       3       com.oracle.graal.python.lib.PyNumberAsSizeNode::doInt (2 bytes)
Event: 1.679 Thread 0x00007ff8300e0e60 nmethod 6730 0x00007ff8cb92fa10 code [0x00007ff8cb92fba0, 0x00007ff8cb92fc90]
Event: 1.679 Thread 0x00007ff83c001840 nmethod 6728 0x00007ff8cbfe3990 code [0x00007ff8cbfe3ca0, 0x00007ff8cbfe5360]
Event: 1.679 Thread 0x00005567d4af0fb0 6731       3       com.oracle.graal.python.builtins.objects.str.StringBuiltinsFactory$StrGetItemNodeFactory$StrGetItemNodeGen::execute (190 bytes)
Event: 1.679 Thread 0x00007ff83c0e7e30 nmethod 6729 0x00007ff8cbfe5a10 code [0x00007ff8cbfe5d00, 0x00007ff8cbfe85f0]
Event: 1.680 Thread 0x00007ff84009e1f0 6732       3       com.oracle.truffle.api.strings.TStringInternalNodes$SubstringNode::materializeSubstring (202 bytes)
Event: 1.680 Thread 0x00005567d4af0fb0 nmethod 6731 0x00007ff8cbfe8990 code [0x00007ff8cbfe8be0, 0x00007ff8cbfea150]
Event: 1.681 Thread 0x00007ff83c0e7e30 6733       3       com.oracle.graal.python.runtime.object.PythonObjectFactoryNodeGen$Uncached::executeTrace (10 bytes)
Event: 1.681 Thread 0x00007ff84009e1f0 nmethod 6732 0x00007ff8cbfea410 code [0x00007ff8cbfea6a0, 0x00007ff8cbfeb660]
Event: 1.682 Thread 0x00007ff83c0e7e30 nmethod 6733 0x00007ff8cbfebd10 code [0x00007ff8cbfebee0, 0x00007ff8cbfec570]

GC Heap History (14 events):
Event: 0.378 GC heap before
{Heap before GC invocations=0 (full 0):
 garbage-first heap   total 2097152K, used 81740K [0x0000000082000000, 0x0000000800000000)
  region size 16384K, 5 young (81920K), 0 survivors (0K)
 Metaspace       used 21301K, committed 21504K, reserved 1114112K
  class space    used 2085K, committed 2176K, reserved 1048576K
}
Event: 0.381 GC heap after
{Heap after GC invocations=1 (full 0):
 garbage-first heap   total 2097152K, used 34289K [0x0000000082000000, 0x0000000800000000)
  region size 16384K, 1 young (16384K), 1 survivors (16384K)
 Metaspace       used 21301K, committed 21504K, reserved 1114112K
  class space    used 2085K, committed 2176K, reserved 1048576K
}
Event: 0.625 GC heap before
{Heap before GC invocations=2 (full 0):
 garbage-first heap   total 278528K, used 83441K [0x0000000082000000, 0x0000000800000000)
  region size 16384K, 5 young (81920K), 1 survivors (16384K)
 Metaspace       used 35830K, committed 36160K, reserved 1114112K
  class space    used 4360K, committed 4544K, reserved 1048576K
}
Event: 0.628 GC heap after
{Heap after GC invocations=3 (full 0):
 garbage-first heap   total 278528K, used 39325K [0x0000000082000000, 0x0000000800000000)
  region size 16384K, 1 young (16384K), 1 survivors (16384K)
 Metaspace       used 35830K, committed 36160K, reserved 1114112K
  class space    used 4360K, committed 4544K, reserved 1048576K
}
Event: 0.637 GC heap before
{Heap before GC invocations=3 (full 0):
 garbage-first heap   total 278528K, used 39325K [0x0000000082000000, 0x0000000800000000)
  region size 16384K, 2 young (32768K), 1 survivors (16384K)
 Metaspace       used 36150K, committed 36480K, reserved 1114112K
  class space    used 4423K, committed 4608K, reserved 1048576K
}
Event: 0.638 GC heap after
{Heap after GC invocations=4 (full 0):
 garbage-first heap   total 278528K, used 38850K [0x0000000082000000, 0x0000000800000000)
  region size 16384K, 1 young (16384K), 1 survivors (16384K)
 Metaspace       used 36150K, committed 36480K, reserved 1114112K
  class space    used 4423K, committed 4608K, reserved 1048576K
}
Event: 0.646 GC heap before
{Heap before GC invocations=4 (full 0):
 garbage-first heap   total 278528K, used 38850K [0x0000000082000000, 0x0000000800000000)
  region size 16384K, 2 young (32768K), 1 survivors (16384K)
 Metaspace       used 36482K, committed 36800K, reserved 1114112K
  class space    used 4486K, committed 4608K, reserved 1048576K
}
Event: 0.647 GC heap after
{Heap after GC invocations=5 (full 0):
 garbage-first heap   total 278528K, used 38971K [0x0000000082000000, 0x0000000800000000)
  region size 16384K, 1 young (16384K), 1 survivors (16384K)
 Metaspace       used 36482K, committed 36800K, reserved 1114112K
  class space    used 4486K, committed 4608K, reserved 1048576K
}
Event: 1.058 GC heap before
{Heap before GC invocations=6 (full 0):
 garbage-first heap   total 278528K, used 153659K [0x0000000082000000, 0x0000000800000000)
  region size 16384K, 8 young (131072K), 1 survivors (16384K)
 Metaspace       used 61624K, committed 61888K, reserved 1114112K
  class space    used 9025K, committed 9152K, reserved 1048576K
}
Event: 1.062 GC heap after
{Heap after GC invocations=7 (full 0):
 garbage-first heap   total 278528K, used 51556K [0x0000000082000000, 0x0000000800000000)
  region size 16384K, 1 young (16384K), 1 survivors (16384K)
 Metaspace       used 61624K, committed 61888K, reserved 1114112K
  class space    used 9025K, committed 9152K, reserved 1048576K
}
Event: 1.065 GC heap before
{Heap before GC invocations=7 (full 0):
 garbage-first heap   total 278528K, used 51556K [0x0000000082000000, 0x0000000800000000)
  region size 16384K, 2 young (32768K), 1 survivors (16384K)
 Metaspace       used 61726K, committed 62016K, reserved 1114112K
  class space    used 9032K, committed 9152K, reserved 1048576K
}
Event: 1.072 GC heap after
{Heap after GC invocations=8 (full 0):
 garbage-first heap   total 278528K, used 53362K [0x0000000082000000, 0x0000000800000000)
  region size 16384K, 1 young (16384K), 1 survivors (16384K)
 Metaspace       used 61726K, committed 62016K, reserved 1114112K
  class space    used 9032K, committed 9152K, reserved 1048576K
}
Event: 1.082 GC heap before
{Heap before GC invocations=8 (full 0):
 garbage-first heap   total 278528K, used 53362K [0x0000000082000000, 0x0000000800000000)
  region size 16384K, 2 young (32768K), 1 survivors (16384K)
 Metaspace       used 62071K, committed 62336K, reserved 1114112K
  class space    used 9079K, committed 9216K, reserved 1048576K
}
Event: 1.084 GC heap after
{Heap after GC invocations=9 (full 0):
 garbage-first heap   total 1179648K, used 51923K [0x0000000082000000, 0x0000000800000000)
  region size 16384K, 1 young (16384K), 1 survivors (16384K)
 Metaspace       used 62071K, committed 62336K, reserved 1114112K
  class space    used 9079K, committed 9216K, reserved 1048576K
}

Dll operation events (11 events):
Event: 0.001 Loaded shared library /home/a4090/miniconda3/envs/auto_pose/lib/jvm/lib/libjava.so
Event: 0.005 Loaded shared library /home/a4090/miniconda3/envs/auto_pose/lib/jvm/lib/libjsvml.so
Event: 0.019 Loaded shared library /home/a4090/miniconda3/envs/auto_pose/lib/jvm/lib/libnio.so
Event: 0.022 Loaded shared library /home/a4090/miniconda3/envs/auto_pose/lib/jvm/lib/libjvmcicompiler.so
Event: 0.022 Loaded shared library /home/a4090/miniconda3/envs/auto_pose/lib/jvm/lib/libzip.so
Event: 0.023 Loaded shared library /home/a4090/miniconda3/envs/auto_pose/lib/jvm/lib/libjimage.so
Event: 0.027 Loaded shared library /home/a4090/miniconda3/envs/auto_pose/lib/jvm/lib/libmanagement.so
Event: 0.028 Loaded shared library /home/a4090/miniconda3/envs/auto_pose/lib/jvm/lib/libmanagement_ext.so
Event: 0.030 Loaded shared library /home/a4090/miniconda3/envs/auto_pose/lib/jvm/lib/libnet.so
Event: 0.400 Loaded shared library /home/a4090/miniconda3/envs/auto_pose/lib/jvm/lib/libverify.so
Event: 1.234 Loaded shared library /home/a4090/miniconda3/envs/auto_pose/lib/jvm/lib/libtrufflenfi.so

Deoptimization events (20 events):
Event: 1.594 Thread 0x00005567d48ef9d0 DEOPT PACKING pc=0x00007ff8d2f023a3 sp=0x00007ffcec8b0ef0
Event: 1.594 Thread 0x00005567d48ef9d0 DEOPT UNPACKING pc=0x00007ff8d21a8c25 sp=0x00007ffcec8b02a8 mode 3
Event: 1.648 Thread 0x00005567d48ef9d0 Uncommon trap: trap_request=0xffffffed fr.pc=0x00007ff8d2f37550 relative=0x0000000000000cf0
Event: 1.648 Thread 0x00005567d48ef9d0 Uncommon trap: reason=null_assert_or_unreached0 action=reinterpret pc=0x00007ff8d2f37550 method=org.graalvm.compiler.truffle.runtime.OptimizedAssumption.isValid()Z @ 4 jvmci
Event: 1.648 Thread 0x00005567d48ef9d0 DEOPT PACKING pc=0x00007ff8d2f37550 sp=0x00007ffcec8b12e0
Event: 1.648 Thread 0x00005567d48ef9d0 DEOPT UNPACKING pc=0x00007ff8d21a8c25 sp=0x00007ffcec8b06f0 mode 3
Event: 1.657 Thread 0x00005567d48ef9d0 Uncommon trap: trap_request=0xffffff25 fr.pc=0x00007ff8d2ebfcb1 relative=0x0000000000003f11
Event: 1.657 Thread 0x00005567d48ef9d0 Uncommon trap: reason=transfer_to_interpreter action=reinterpret pc=0x00007ff8d2ebfcb1 method=org.graalvm.compiler.truffle.runtime.OptimizedCallTarget.doInvoke([Ljava/lang/Object;)Ljava/lang/Object; @ 5 jvmci
Event: 1.657 Thread 0x00005567d48ef9d0 DEOPT PACKING pc=0x00007ff8d2ebfcb1 sp=0x00007ffcec8ad7b0
Event: 1.657 Thread 0x00005567d48ef9d0 DEOPT UNPACKING pc=0x00007ff8d21a8c25 sp=0x00007ffcec8ac208 mode 3
Event: 1.659 Thread 0x00005567d48ef9d0 DEOPT PACKING pc=0x00007ff8cb7390d5 sp=0x00007ffcec8a8420
Event: 1.659 Thread 0x00005567d48ef9d0 DEOPT UNPACKING pc=0x00007ff8d21a8c25 sp=0x00007ffcec8a78c8 mode 0
Event: 1.662 Thread 0x00005567d48ef9d0 DEOPT PACKING pc=0x00007ff8cb7390d5 sp=0x00007ffcec8a1a70
Event: 1.662 Thread 0x00005567d48ef9d0 DEOPT UNPACKING pc=0x00007ff8d21a8c25 sp=0x00007ffcec8a0f18 mode 0
Event: 1.663 Thread 0x00005567d48ef9d0 DEOPT PACKING pc=0x00007ff8cb7390d5 sp=0x00007ffcec89b0c0
Event: 1.663 Thread 0x00005567d48ef9d0 DEOPT UNPACKING pc=0x00007ff8d21a8c25 sp=0x00007ffcec89a568 mode 0
Event: 1.665 Thread 0x00005567d48ef9d0 Uncommon trap: trap_request=0xffffff25 fr.pc=0x00007ff8d2e67923 relative=0x0000000000002843
Event: 1.665 Thread 0x00005567d48ef9d0 Uncommon trap: reason=transfer_to_interpreter action=reinterpret pc=0x00007ff8d2e67923 method=com.oracle.graal.python.nodes.argument.ReadVarKeywordsNode.extractVariableKwargs(Lcom/oracle/truffle/api/frame/VirtualFrame;Lcom/oracle/truffle/api/strings/Truff
Event: 1.665 Thread 0x00005567d48ef9d0 DEOPT PACKING pc=0x00007ff8d2e67923 sp=0x00007ffcec8950d0
Event: 1.665 Thread 0x00005567d48ef9d0 DEOPT UNPACKING pc=0x00007ff8d21a8c25 sp=0x00007ffcec8943b8 mode 3

Classes unloaded (0 events):
No events

Classes redefined (0 events):
No events

Internal exceptions (20 events):
Event: 1.444 Thread 0x00005567d48ef9d0 Exception <a 'sun/nio/fs/UnixException'{0x0000000092299f70}> (0x0000000092299f70) 
thrown [src/hotspot/share/prims/jni.cpp, line 516]
Event: 1.444 Thread 0x00005567d48ef9d0 Exception <a 'sun/nio/fs/UnixException'{0x000000009229d180}> (0x000000009229d180) 
thrown [src/hotspot/share/prims/jni.cpp, line 516]
Event: 1.488 Thread 0x00005567d48ef9d0 Implicit null exception at 0x00007ff8d2e0b12b to 0x00007ff8d2e0b3f3
Event: 1.488 Thread 0x00005567d48ef9d0 Implicit null exception at 0x00007ff8d2debaa0 to 0x00007ff8d2debd12
Event: 1.538 Thread 0x00005567d48ef9d0 Exception <a 'java/lang/ClassNotFoundException'{0x0000000092c2e7d8}: jdk/jfr/internal/handlers/EventHandler2816_1740644942483-162460> (0x0000000092c2e7d8) 
thrown [src/hotspot/share/classfile/systemDictionary.cpp, line 256]
Event: 1.540 Thread 0x00005567d48ef9d0 Implicit null exception at 0x00007ff8d2e2bfaa to 0x00007ff8d2e2c530
Event: 1.556 Thread 0x00005567d48ef9d0 Exception <a 'sun/nio/fs/UnixException'{0x0000000092ce7390}> (0x0000000092ce7390) 
thrown [src/hotspot/share/prims/jni.cpp, line 516]
Event: 1.556 Thread 0x00005567d48ef9d0 Exception <a 'sun/nio/fs/UnixException'{0x0000000092cea570}> (0x0000000092cea570) 
thrown [src/hotspot/share/prims/jni.cpp, line 516]
Event: 1.559 Thread 0x00005567d48ef9d0 Exception <a 'sun/nio/fs/UnixException'{0x0000000092d0f868}> (0x0000000092d0f868) 
thrown [src/hotspot/share/prims/jni.cpp, line 516]
Event: 1.559 Thread 0x00005567d48ef9d0 Exception <a 'sun/nio/fs/UnixException'{0x0000000092d134e8}> (0x0000000092d134e8) 
thrown [src/hotspot/share/prims/jni.cpp, line 516]
Event: 1.587 Thread 0x00005567d48ef9d0 Exception <a 'sun/nio/fs/UnixException'{0x0000000092e87b08}> (0x0000000092e87b08) 
thrown [src/hotspot/share/prims/jni.cpp, line 516]
Event: 1.587 Thread 0x00005567d48ef9d0 Exception <a 'sun/nio/fs/UnixException'{0x0000000092e89fa0}> (0x0000000092e89fa0) 
thrown [src/hotspot/share/prims/jni.cpp, line 516]
Event: 1.591 Thread 0x00005567d48ef9d0 Exception <a 'sun/nio/fs/UnixException'{0x0000000092eb5268}> (0x0000000092eb5268) 
thrown [src/hotspot/share/prims/jni.cpp, line 516]
Event: 1.591 Thread 0x00005567d48ef9d0 Exception <a 'sun/nio/fs/UnixException'{0x0000000092eb76c8}> (0x0000000092eb76c8) 
thrown [src/hotspot/share/prims/jni.cpp, line 516]
Event: 1.658 Thread 0x00005567d48ef9d0 Exception <a 'sun/nio/fs/UnixException'{0x000000009137d630}> (0x000000009137d630) 
thrown [src/hotspot/share/prims/jni.cpp, line 516]
Event: 1.659 Thread 0x00005567d48ef9d0 Exception <a 'sun/nio/fs/UnixException'{0x0000000091380aa0}> (0x0000000091380aa0) 
thrown [src/hotspot/share/prims/jni.cpp, line 516]
Event: 1.661 Thread 0x00005567d48ef9d0 Exception <a 'sun/nio/fs/UnixException'{0x00000000913deba0}> (0x00000000913deba0) 
thrown [src/hotspot/share/prims/jni.cpp, line 516]
Event: 1.661 Thread 0x00005567d48ef9d0 Exception <a 'sun/nio/fs/UnixException'{0x00000000913e2d38}> (0x00000000913e2d38) 
thrown [src/hotspot/share/prims/jni.cpp, line 516]
Event: 1.663 Thread 0x00005567d48ef9d0 Exception <a 'sun/nio/fs/UnixException'{0x0000000091444738}> (0x0000000091444738) 
thrown [src/hotspot/share/prims/jni.cpp, line 516]
Event: 1.663 Thread 0x00005567d48ef9d0 Exception <a 'sun/nio/fs/UnixException'{0x0000000091449370}> (0x0000000091449370) 
thrown [src/hotspot/share/prims/jni.cpp, line 516]

VM Operations (20 events):
Event: 1.388 Executing VM operation: ICBufferFull
Event: 1.388 Executing VM operation: ICBufferFull done
Event: 1.416 Executing VM operation: HandshakeAllThreads
Event: 1.416 Executing VM operation: HandshakeAllThreads done
Event: 1.416 Executing VM operation: HandshakeAllThreads
Event: 1.416 Executing VM operation: HandshakeAllThreads done
Event: 1.448 Executing VM operation: HandshakeAllThreads
Event: 1.448 Executing VM operation: HandshakeAllThreads done
Event: 1.507 Executing VM operation: ICBufferFull
Event: 1.508 Executing VM operation: ICBufferFull done
Event: 1.536 Executing VM operation: HandshakeAllThreads
Event: 1.536 Executing VM operation: HandshakeAllThreads done
Event: 1.600 Executing VM operation: ICBufferFull
Event: 1.600 Executing VM operation: ICBufferFull done
Event: 1.638 Executing VM operation: HandshakeAllThreads
Event: 1.638 Executing VM operation: HandshakeAllThreads done
Event: 1.673 Executing VM operation: HandshakeAllThreads
Event: 1.673 Executing VM operation: HandshakeAllThreads done
Event: 1.673 Executing VM operation: HandshakeAllThreads
Event: 1.676 Executing VM operation: HandshakeAllThreads done

Events (20 events):
Event: 1.328 loading class java/util/concurrent/LinkedBlockingDeque$AbstractItr done
Event: 1.328 loading class java/util/concurrent/LinkedBlockingDeque$Itr done
Event: 1.409 loading class java/util/MissingResourceException
Event: 1.409 loading class java/util/MissingResourceException done
Event: 1.412 loading class java/io/FileNotFoundException
Event: 1.412 loading class java/io/FileNotFoundException done
Event: 1.414 loading class java/util/concurrent/ConcurrentHashMap$TreeNode
Event: 1.414 loading class java/util/concurrent/ConcurrentHashMap$TreeNode done
Event: 1.414 loading class java/util/concurrent/ConcurrentHashMap$TreeBin
Event: 1.414 loading class java/util/concurrent/ConcurrentHashMap$TreeBin done
Event: 1.415 loading class java/nio/ByteBufferAsIntBufferB
Event: 1.415 loading class java/nio/ByteBufferAsIntBufferB done
Event: 1.538 loading class jdk/jfr/internal/handlers/EventHandler2816_1740644942483-162460
Event: 1.538 loading class jdk/jfr/internal/handlers/EventHandler2816_1740644942483-162460 done
Event: 1.641 loading class java/nio/StringCharBuffer
Event: 1.641 loading class java/nio/StringCharBuffer done
Event: 1.642 Thread 0x00005567d4afa440 flushing nmethod 0x00007ff8cb64da90
Event: 1.642 Thread 0x00005567d4afa440 flushing nmethod 0x00007ff8cb911b10
Event: 1.650 loading class java/lang/StringIndexOutOfBoundsException
Event: 1.650 loading class java/lang/StringIndexOutOfBoundsException done


Dynamic libraries:
82000000-97000000 rw-p 00000000 00:00 0 
97000000-ff000000 ---p 00000000 00:00 0 
ff000000-100000000 rw-p 00000000 00:00 0 
100000000-7fe000000 ---p 00000000 00:00 0 
7fe000000-7fef00000 rw-p 00000000 00:00 0 
7fef00000-7fef46000 rw-p 00c8f000 103:02 51866601                        /home/a4090/miniconda3/envs/auto_pose/lib/jvm/lib/server/classes.jsa
7fef46000-7ff000000 rw-p 00000000 00:00 0 
7ff000000-7ff08d000 rw-p 00c02000 103:02 51866601                        /home/a4090/miniconda3/envs/auto_pose/lib/jvm/lib/server/classes.jsa
7ff08d000-800000000 rw-p 00000000 00:00 0 
800000000-80044a000 rw-p 00001000 103:02 51866601                        /home/a4090/miniconda3/envs/auto_pose/lib/jvm/lib/server/classes.jsa
80044a000-800bcb000 r--p 0044b000 103:02 51866601                        /home/a4090/miniconda3/envs/auto_pose/lib/jvm/lib/server/classes.jsa
800bcb000-801000000 ---p 00000000 00:00 0 
801000000-801040000 rw-p 00000000 00:00 0 
801040000-8010c0000 rw-p 00000000 00:00 0 
8010c0000-801100000 rw-p 00000000 00:00 0 
801100000-801180000 rw-p 00000000 00:00 0 
801180000-801240000 rw-p 00000000 00:00 0 
801240000-801260000 rw-p 00000000 00:00 0 
801260000-801280000 ---p 00000000 00:00 0 
801280000-801a30000 rw-p 00000000 00:00 0 
801a30000-841000000 ---p 00000000 00:00 0 
5567d3b22000-5567d3b25000 r--p 00000000 103:02 51868967                  /home/a4090/miniconda3/envs/auto_pose/lib/jvm/languages/python/bin/python
5567d3b25000-5567d3b29000 r-xp 00003000 103:02 51868967                  /home/a4090/miniconda3/envs/auto_pose/lib/jvm/languages/python/bin/python
5567d3b29000-5567d3b2b000 r--p 00007000 103:02 51868967                  /home/a4090/miniconda3/envs/auto_pose/lib/jvm/languages/python/bin/python
5567d3b2b000-5567d3b2c000 r--p 00008000 103:02 51868967                  /home/a4090/miniconda3/envs/auto_pose/lib/jvm/languages/python/bin/python
5567d3b2c000-5567d3b2d000 rw-p 00009000 103:02 51868967                  /home/a4090/miniconda3/envs/auto_pose/lib/jvm/languages/python/bin/python
5567d4892000-5567d6241000 rw-p 00000000 00:00 0                          [heap]
7ff6cbb00000-7ff6cbc00000 rw-p 00000000 00:00 0 
7ff6cbd00000-7ff6cbe00000 rw-p 00000000 00:00 0 
7ff6cbf00000-7ff6cc000000 rw-p 00000000 00:00 0 
7ff6cc065000-7ff6cc500000 rw-p 00000000 00:00 0 
7ff6cc600000-7ff6cc700000 rw-p 00000000 00:00 0 
7ff6cc800000-7ff6cc900000 rw-p 00000000 00:00 0 
7ff6cca00000-7ff6ccb00000 rw-p 00000000 00:00 0 
7ff6ccc00000-7ff6ccd00000 rw-p 00000000 00:00 0 
7ff6cce00000-7ff6ccf00000 rw-p 00000000 00:00 0 
7ff6cd000000-7ff6cd100000 rw-p 00000000 00:00 0 
7ff6cd200000-7ff6cd300000 rw-p 00000000 00:00 0 
7ff6cd3f6000-7ff6cd700000 rw-p 00000000 00:00 0 
7ff6cd800000-7ff6cd900000 rw-p 00000000 00:00 0 
7ff6cda00000-7ff6cdb00000 rw-p 00000000 00:00 0 
7ff6cdc00000-7ff6cdd00000 rw-p 00000000 00:00 0 
7ff6cde00000-7ff6cdf00000 rw-p 00000000 00:00 0 
7ff6ce000000-7ff6ce100000 rw-p 00000000 00:00 0 
7ff6ce200000-7ff6ce300000 rw-p 00000000 00:00 0 
7ff6ce400000-7ff6ce500000 rw-p 00000000 00:00 0 
7ff6ce600000-7ff6ce700000 rw-p 00000000 00:00 0 
7ff6ce800000-7ff6ce900000 rw-p 00000000 00:00 0 
7ff6cea00000-7ff6ceb00000 rw-p 00000000 00:00 0 
7ff6cec00000-7ff6ced00000 rw-p 00000000 00:00 0 
7ff6cedf6000-7ff6cf100000 rw-p 00000000 00:00 0 
7ff6cf12b000-7ff6cf800000 rw-p 00000000 00:00 0 
7ff6cf8f6000-7ff6cfc00000 rw-p 00000000 00:00 0 
7ff6cfd00000-7ff6cfe00000 rw-p 00000000 00:00 0 
7ff6cfee0000-7ff6d0700000 rw-p 00000000 00:00 0 
7ff6d0800000-7ff6d0900000 rw-p 00000000 00:00 0 
7ff6d0a00000-7ff6d0b00000 rw-p 00000000 00:00 0 
7ff6d0c00000-7ff6d0d00000 rw-p 00000000 00:00 0 
7ff6d0e00000-7ff6d0f00000 rw-p 00000000 00:00 0 
7ff6d1000000-7ff6d1100000 rw-p 00000000 00:00 0 
7ff6d1200000-7ff6d1300000 rw-p 00000000 00:00 0 
7ff6d1400000-7ff6d1500000 rw-p 00000000 00:00 0 
7ff6d1600000-7ff6d1700000 rw-p 00000000 00:00 0 
7ff6d1800000-7ff6d1900000 rw-p 00000000 00:00 0 
7ff6d1a00000-7ff6d1b00000 rw-p 00000000 00:00 0 
7ff6d1c00000-7ff6d1d00000 rw-p 00000000 00:00 0 
7ff6d1e00000-7ff6d1f00000 rw-p 00000000 00:00 0 
7ff6d1fff000-7ff6d2300000 rw-p 00000000 00:00 0 
7ff6d2400000-7ff6d2500000 rw-p 00000000 00:00 0 
7ff6d2600000-7ff6d2700000 rw-p 00000000 00:00 0 
7ff6d2800000-7ff6d2900000 rw-p 00000000 00:00 0 
7ff6d2a00000-7ff6d2b00000 rw-p 00000000 00:00 0 
7ff6d2c00000-7ff6d2d00000 rw-p 00000000 00:00 0 
7ff6d2e00000-7ff6d2f00000 rw-p 00000000 00:00 0 
7ff6d3000000-7ff6d3100000 rw-p 00000000 00:00 0 
7ff6d3200000-7ff6d3300000 rw-p 00000000 00:00 0 
7ff6d3400000-7ff6d3500000 rw-p 00000000 00:00 0 
7ff6d3600000-7ff6d3700000 rw-p 00000000 00:00 0 
7ff6d3800000-7ff6d3900000 rw-p 00000000 00:00 0 
7ff6d3a00000-7ff6d3b00000 rw-p 00000000 00:00 0 
7ff6d3c00000-7ff6d3d00000 rw-p 00000000 00:00 0 
7ff6d3e00000-7ff6d3f00000 rw-p 00000000 00:00 0 
7ff6d4000000-7ff6d4100000 rw-p 00000000 00:00 0 
7ff6d4200000-7ff6d4300000 rw-p 00000000 00:00 0 
7ff6d4400000-7ff6d4500000 rw-p 00000000 00:00 0 
7ff6d4600000-7ff6d4700000 rw-p 00000000 00:00 0 
7ff6d4800000-7ff6d4900000 rw-p 00000000 00:00 0 
7ff6d4a00000-7ff6d4b00000 rw-p 00000000 00:00 0 
7ff6d4c00000-7ff6d4d00000 rw-p 00000000 00:00 0 
7ff6d4e00000-7ff6d5300000 rw-p 00000000 00:00 0 
7ff6d5400000-7ff6d5700000 rw-p 00000000 00:00 0 
7ff6d5800000-7ff6d5b00000 rw-p 00000000 00:00 0 
7ff6d5c00000-7ff6d5d00000 rw-p 00000000 00:00 0 
7ff6d5e00000-7ff6d5f00000 rw-p 00000000 00:00 0 
7ff6d6000000-7ff6d6300000 rw-p 00000000 00:00 0 
7ff6d6400000-7ff6d6500000 rw-p 00000000 00:00 0 
7ff6d6600000-7ff6d6700000 rw-p 00000000 00:00 0 
7ff6d6800000-7ff6d6900000 rw-p 00000000 00:00 0 
7ff6d6a00000-7ff6d6b00000 rw-p 00000000 00:00 0 
7ff6d6c00000-7ff6d6d00000 rw-p 00000000 00:00 0 
7ff6d6e00000-7ff6d6f00000 rw-p 00000000 00:00 0 
7ff6d7000000-7ff6d7100000 rw-p 00000000 00:00 0 
7ff6d7200000-7ff6d7300000 rw-p 00000000 00:00 0 
7ff6d7400000-7ff6d7500000 rw-p 00000000 00:00 0 
7ff6d7600000-7ff6d7700000 rw-p 00000000 00:00 0 
7ff6d7800000-7ff6d7900000 rw-p 00000000 00:00 0 
7ff6d7a00000-7ff6d7b00000 rw-p 00000000 00:00 0 
7ff6d7c00000-7ff6d7d00000 rw-p 00000000 00:00 0 
7ff6d7e00000-7ff6d7f00000 rw-p 00000000 00:00 0 
7ff6d8000000-7ff6d8100000 rw-p 00000000 00:00 0 
7ff6d8106000-7ff6d8400000 rw-p 00000000 00:00 0 
7ff6d8504000-7ff6d8800000 rw-p 00000000 00:00 0 
7ff6d8900000-7ff6d8a00000 rw-p 00000000 00:00 0 
7ff6d8b00000-7ff6d8c00000 rw-p 00000000 00:00 0 
7ff6d8d00000-7ff6d8e00000 rw-p 00000000 00:00 0 
7ff6d8f00000-7ff6d9000000 rw-p 00000000 00:00 0 
7ff6d9100000-7ff6d9200000 rw-p 00000000 00:00 0 
7ff6d9204000-7ff6d9500000 rw-p 00000000 00:00 0 
7ff6d9600000-7ff6d9700000 rw-p 00000000 00:00 0 
7ff6d9800000-7ff6d9900000 rw-p 00000000 00:00 0 
7ff6d9a00000-7ff6d9b00000 rw-p 00000000 00:00 0 
7ff6d9c00000-7ff6d9d00000 rw-p 00000000 00:00 0 
7ff6d9e00000-7ff6d9f00000 rw-p 00000000 00:00 0 
7ff6da000000-7ff6da100000 rw-p 00000000 00:00 0 
7ff6da200000-7ff6da300000 rw-p 00000000 00:00 0 
7ff6da400000-7ff6da500000 rw-p 00000000 00:00 0 
7ff6da600000-7ff6da700000 rw-p 00000000 00:00 0 
7ff6da800000-7ff6da900000 rw-p 00000000 00:00 0 
7ff6daa00000-7ff6dab00000 rw-p 00000000 00:00 0 
7ff6dac00000-7ff6dad00000 rw-p 00000000 00:00 0 
7ff6dae00000-7ff6daf00000 rw-p 00000000 00:00 0 
7ff6db000000-7ff6db100000 rw-p 00000000 00:00 0 
7ff6db200000-7ff6db300000 rw-p 00000000 00:00 0 
7ff6db400000-7ff6db500000 rw-p 00000000 00:00 0 
7ff6db600000-7ff6db700000 rw-p 00000000 00:00 0 
7ff6db800000-7ff6db900000 rw-p 00000000 00:00 0 
7ff6dba00000-7ff6dbb00000 rw-p 00000000 00:00 0 
7ff6dbc00000-7ff6dbd00000 rw-p 00000000 00:00 0 
7ff6dbe00000-7ff6dbf00000 rw-p 00000000 00:00 0 
7ff6dc000000-7ff6dc100000 rw-p 00000000 00:00 0 
7ff6dc200000-7ff6dc300000 rw-p 00000000 00:00 0 
7ff6dc400000-7ff6dc500000 rw-p 00000000 00:00 0 
7ff6dc600000-7ff6dc700000 rw-p 00000000 00:00 0 
7ff6dc800000-7ff6dc900000 rw-p 00000000 00:00 0 
7ff6dca00000-7ff6dcb00000 rw-p 00000000 00:00 0 
7ff6dcc00000-7ff6dcd00000 rw-p 00000000 00:00 0 
7ff6dce00000-7ff6dcf00000 rw-p 00000000 00:00 0 
7ff6dd000000-7ff6dd100000 rw-p 00000000 00:00 0 
7ff6dd200000-7ff6dd300000 rw-p 00000000 00:00 0 
7ff6dd400000-7ff6dd500000 rw-p 00000000 00:00 0 
7ff6dd600000-7ff6dd700000 rw-p 00000000 00:00 0 
7ff6dd800000-7ff6dd900000 rw-p 00000000 00:00 0 
7ff6dda00000-7ff6ddb00000 rw-p 00000000 00:00 0 
7ff6ddc00000-7ff6ddd00000 rw-p 00000000 00:00 0 
7ff6dde00000-7ff6ddf00000 rw-p 00000000 00:00 0 
7ff6de000000-7ff6de100000 rw-p 00000000 00:00 0 
7ff6de200000-7ff6de300000 rw-p 00000000 00:00 0 
7ff6de400000-7ff6de500000 rw-p 00000000 00:00 0 
7ff6de600000-7ff6de700000 rw-p 00000000 00:00 0 
7ff6de800000-7ff6de900000 rw-p 00000000 00:00 0 
7ff6dea00000-7ff6deb00000 rw-p 00000000 00:00 0 
7ff6dec00000-7ff6ded00000 rw-p 00000000 00:00 0 
7ff6dee00000-7ff6def00000 rw-p 00000000 00:00 0 
7ff6df000000-7ff6df100000 rw-p 00000000 00:00 0 
7ff6df200000-7ff6df300000 rw-p 00000000 00:00 0 
7ff6df400000-7ff6df500000 rw-p 00000000 00:00 0 
7ff6df600000-7ff6df700000 rw-p 00000000 00:00 0 
7ff6df800000-7ff6df900000 rw-p 00000000 00:00 0 
7ff6dfa00000-7ff6dfb00000 rw-p 00000000 00:00 0 
7ff6dfc00000-7ff6dfd00000 rw-p 00000000 00:00 0 
7ff6dfe00000-7ff6dff00000 rw-p 00000000 00:00 0 
7ff6e0000000-7ff6e0100000 rw-p 00000000 00:00 0 
7ff6e0200000-7ff6e0300000 rw-p 00000000 00:00 0 
7ff6e0400000-7ff6e0500000 rw-p 00000000 00:00 0 
7ff6e0600000-7ff6e0700000 rw-p 00000000 00:00 0 
7ff6e0800000-7ff6e0900000 rw-p 00000000 00:00 0 
7ff6e0a00000-7ff6e0b00000 rw-p 00000000 00:00 0 
7ff6e0c00000-7ff6e0d00000 rw-p 00000000 00:00 0 
7ff6e0e00000-7ff6e0f00000 rw-p 00000000 00:00 0 
7ff6e1000000-7ff6e1100000 rw-p 00000000 00:00 0 
7ff6e1200000-7ff6e1300000 rw-p 00000000 00:00 0 
7ff6e1400000-7ff6e1500000 rw-p 00000000 00:00 0 
7ff6e1600000-7ff6e1700000 rw-p 00000000 00:00 0 
7ff6e1800000-7ff6e1900000 rw-p 00000000 00:00 0 
7ff6e1a00000-7ff6e1b00000 rw-p 00000000 00:00 0 
7ff6e1c00000-7ff6e1d00000 rw-p 00000000 00:00 0 
7ff6e1e00000-7ff6e1f00000 rw-p 00000000 00:00 0 
7ff6e2000000-7ff6e2100000 rw-p 00000000 00:00 0 
7ff6e21f6000-7ff6e2500000 rw-p 00000000 00:00 0 
7ff6e2600000-7ff6e2700000 rw-p 00000000 00:00 0 
7ff6e2800000-7ff6e2900000 rw-p 00000000 00:00 0 
7ff6e2a00000-7ff6e2b00000 rw-p 00000000 00:00 0 
7ff6e2c00000-7ff6e2d00000 rw-p 00000000 00:00 0 
7ff6e2df6000-7ff6e3100000 rw-p 00000000 00:00 0 
7ff6e3200000-7ff6e3300000 rw-p 00000000 00:00 0 
7ff6e3400000-7ff6e3500000 rw-p 00000000 00:00 0 
7ff6e3600000-7ff6e3700000 rw-p 00000000 00:00 0 
7ff6e3800000-7ff6e3900000 rw-p 00000000 00:00 0 
7ff6e3a00000-7ff6e3b00000 rw-p 00000000 00:00 0 
7ff6e3c00000-7ff6e3d00000 rw-p 00000000 00:00 0 
7ff6e3e00000-7ff6e3f00000 rw-p 00000000 00:00 0 
7ff6e4000000-7ff6e4100000 rw-p 00000000 00:00 0 
7ff6e4200000-7ff6e4300000 rw-p 00000000 00:00 0 
7ff6e4400000-7ff6e4500000 rw-p 00000000 00:00 0 
7ff6e4600000-7ff6e4700000 rw-p 00000000 00:00 0 
7ff6e4800000-7ff6e4900000 rw-p 00000000 00:00 0 
7ff6e4a00000-7ff6e4b00000 rw-p 00000000 00:00 0 
7ff6e4c00000-7ff6e4d00000 rw-p 00000000 00:00 0 
7ff6e4e00000-7ff6e4f00000 rw-p 00000000 00:00 0 
7ff6e5000000-7ff6e5100000 rw-p 00000000 00:00 0 
7ff6e5200000-7ff6e5300000 rw-p 00000000 00:00 0 
7ff6e5400000-7ff6e5500000 rw-p 00000000 00:00 0 
7ff6e5600000-7ff6e5700000 rw-p 00000000 00:00 0 
7ff6e5800000-7ff6e5900000 rw-p 00000000 00:00 0 
7ff6e5a00000-7ff6e5b00000 rw-p 00000000 00:00 0 
7ff6e5c00000-7ff6e5d00000 rw-p 00000000 00:00 0 
7ff6e5e00000-7ff6e5f00000 rw-p 00000000 00:00 0 
7ff6e6000000-7ff6e6100000 rw-p 00000000 00:00 0 
7ff6e6200000-7ff6e6300000 rw-p 00000000 00:00 0 
7ff6e6400000-7ff6e6500000 rw-p 00000000 00:00 0 
7ff6e6600000-7ff6e6700000 rw-p 00000000 00:00 0 
7ff6e6800000-7ff6e6a00000 rw-p 00000000 00:00 0 
7ff6e6b00000-7ff6e6c00000 rw-p 00000000 00:00 0 
7ff6e6d00000-7ff6e6e00000 rw-p 00000000 00:00 0 
7ff6e6f00000-7ff6e7000000 rw-p 00000000 00:00 0 
7ff6e7100000-7ff6e7200000 rw-p 00000000 00:00 0 
7ff6e7300000-7ff6e7400000 rw-p 00000000 00:00 0 
7ff6e7500000-7ff6e7600000 rw-p 00000000 00:00 0 
7ff6e7700000-7ff6e7800000 rw-p 00000000 00:00 0 
7ff6e7900000-7ff6e7a00000 rw-p 00000000 00:00 0 
7ff6e7b00000-7ff6e7c00000 rw-p 00000000 00:00 0 
7ff6e7d00000-7ff6e7e00000 rw-p 00000000 00:00 0 
7ff6e7f00000-7ff6e8000000 rw-p 00000000 00:00 0 
7ff6e8100000-7ff6e8200000 rw-p 00000000 00:00 0 
7ff6e8300000-7ff6e8400000 rw-p 00000000 00:00 0 
7ff6e8500000-7ff6e8600000 rw-p 00000000 00:00 0 
7ff6e8700000-7ff6e8800000 rw-p 00000000 00:00 0 
7ff6e8900000-7ff6e8a00000 rw-p 00000000 00:00 0 
7ff6e8b00000-7ff6e8c00000 rw-p 00000000 00:00 0 
7ff6e8d00000-7ff6e8e00000 rw-p 00000000 00:00 0 
7ff6e8f00000-7ff6e9000000 rw-p 00000000 00:00 0 
7ff6e9100000-7ff6e9200000 rw-p 00000000 00:00 0 
7ff6e9300000-7ff6e9400000 rw-p 00000000 00:00 0 
7ff6e9500000-7ff6e9600000 rw-p 00000000 00:00 0 
7ff6e9700000-7ff6e9800000 rw-p 00000000 00:00 0 
7ff6e9900000-7ff6e9a00000 rw-p 00000000 00:00 0 
7ff6e9b00000-7ff6e9c00000 rw-p 00000000 00:00 0 
7ff6e9d00000-7ff6e9e00000 rw-p 00000000 00:00 0 
7ff6e9f00000-7ff6ea000000 rw-p 00000000 00:00 0 
7ff6ea100000-7ff6ea200000 rw-p 00000000 00:00 0 
7ff6ea300000-7ff6ea400000 rw-p 00000000 00:00 0 
7ff6ea500000-7ff6ea600000 rw-p 00000000 00:00 0 
7ff6ea700000-7ff6ea800000 rw-p 00000000 00:00 0 
7ff6ea900000-7ff6eaa00000 rw-p 00000000 00:00 0 
7ff6eab00000-7ff6eac00000 rw-p 00000000 00:00 0 
7ff6ead00000-7ff6eae00000 rw-p 00000000 00:00 0 
7ff6eaf00000-7ff6eb000000 rw-p 00000000 00:00 0 
7ff6eb100000-7ff6eb200000 rw-p 00000000 00:00 0 
7ff6eb300000-7ff6eb400000 rw-p 00000000 00:00 0 
7ff6eb500000-7ff6eb600000 rw-p 00000000 00:00 0 
7ff6eb700000-7ff6eb800000 rw-p 00000000 00:00 0 
7ff6eb900000-7ff6eba00000 rw-p 00000000 00:00 0 
7ff6ebb00000-7ff6ebc00000 rw-p 00000000 00:00 0 
7ff6ebd00000-7ff6ebe00000 rw-p 00000000 00:00 0 
7ff6ebf00000-7ff6ec000000 rw-p 00000000 00:00 0 
7ff6ec100000-7ff6ec200000 rw-p 00000000 00:00 0 
7ff6ec300000-7ff6ec400000 rw-p 00000000 00:00 0 
7ff6ec500000-7ff6ec600000 rw-p 00000000 00:00 0 
7ff6ec700000-7ff6ec800000 rw-p 00000000 00:00 0 
7ff6ec900000-7ff6eca00000 rw-p 00000000 00:00 0 
7ff6ecb00000-7ff6ecc00000 rw-p 00000000 00:00 0 
7ff6ecd00000-7ff6ece00000 rw-p 00000000 00:00 0 
7ff6ecf00000-7ff6ed000000 rw-p 00000000 00:00 0 
7ff6ed100000-7ff6ed200000 rw-p 00000000 00:00 0 
7ff6ed300000-7ff6ed400000 rw-p 00000000 00:00 0 
7ff6ed500000-7ff6ed600000 rw-p 00000000 00:00 0 
7ff6ed700000-7ff6ed800000 rw-p 00000000 00:00 0 
7ff6ed900000-7ff6edb00000 rw-p 00000000 00:00 0 
7ff6edc00000-7ff6edd00000 rw-p 00000000 00:00 0 
7ff6ede00000-7ff6edf00000 rw-p 00000000 00:00 0 
7ff6ee000000-7ff6ee100000 rw-p 00000000 00:00 0 
7ff6ee200000-7ff6ee300000 rw-p 00000000 00:00 0 
7ff6ee400000-7ff6ee500000 rw-p 00000000 00:00 0 
7ff6ee600000-7ff6ee700000 rw-p 00000000 00:00 0 
7ff6ee800000-7ff6ee900000 rw-p 00000000 00:00 0 
7ff6eea00000-7ff6eeb00000 rw-p 00000000 00:00 0 
7ff6eec00000-7ff6eed00000 rw-p 00000000 00:00 0 
7ff6eee00000-7ff6eef00000 rw-p 00000000 00:00 0 
7ff6ef000000-7ff6ef100000 rw-p 00000000 00:00 0 
7ff6ef200000-7ff6ef300000 rw-p 00000000 00:00 0 
7ff6ef400000-7ff6ef500000 rw-p 00000000 00:00 0 
7ff6ef600000-7ff6ef700000 rw-p 00000000 00:00 0 
7ff6ef800000-7ff6ef900000 rw-p 00000000 00:00 0 
7ff6efa00000-7ff6efb00000 rw-p 00000000 00:00 0 
7ff6efc00000-7ff6efd00000 rw-p 00000000 00:00 0 
7ff6efe00000-7ff6eff00000 rw-p 00000000 00:00 0 
7ff6f0000000-7ff6f0100000 rw-p 00000000 00:00 0 
7ff6f0200000-7ff6f0300000 rw-p 00000000 00:00 0 
7ff6f0400000-7ff6f0500000 rw-p 00000000 00:00 0 
7ff6f0600000-7ff6f0700000 rw-p 00000000 00:00 0 
7ff6f0800000-7ff6f0900000 rw-p 00000000 00:00 0 
7ff6f0a00000-7ff6f0b00000 rw-p 00000000 00:00 0 
7ff6f0c00000-7ff6f0d00000 rw-p 00000000 00:00 0 
7ff6f0e00000-7ff6f0f00000 rw-p 00000000 00:00 0 
7ff6f1000000-7ff6f1100000 rw-p 00000000 00:00 0 
7ff6f1200000-7ff6f1300000 rw-p 00000000 00:00 0 
7ff6f1400000-7ff6f1500000 rw-p 00000000 00:00 0 
7ff6f1600000-7ff6f1700000 rw-p 00000000 00:00 0 
7ff6f1800000-7ff6f1900000 rw-p 00000000 00:00 0 
7ff6f1a00000-7ff6f1b00000 rw-p 00000000 00:00 0 
7ff6f1c00000-7ff6f1d00000 rw-p 00000000 00:00 0 
7ff6f1e00000-7ff6f1f00000 rw-p 00000000 00:00 0 
7ff6f2000000-7ff6f2100000 rw-p 00000000 00:00 0 
7ff6f2200000-7ff6f2300000 rw-p 00000000 00:00 0 
7ff6f2400000-7ff6f2500000 rw-p 00000000 00:00 0 
7ff6f2600000-7ff6f2700000 rw-p 00000000 00:00 0 
7ff6f2800000-7ff6f2900000 rw-p 00000000 00:00 0 
7ff6f2a00000-7ff6f2b00000 rw-p 00000000 00:00 0 
7ff6f2c00000-7ff6f2d00000 rw-p 00000000 00:00 0 
7ff6f2e00000-7ff6f2f00000 rw-p 00000000 00:00 0 
7ff6f3000000-7ff6f3100000 rw-p 00000000 00:00 0 
7ff6f3200000-7ff6f3300000 rw-p 00000000 00:00 0 
7ff6f3400000-7ff6f3500000 rw-p 00000000 00:00 0 
7ff6f3600000-7ff6f3700000 rw-p 00000000 00:00 0 
7ff6f3800000-7ff6f3900000 rw-p 00000000 00:00 0 
7ff6f3a00000-7ff6f3b00000 rw-p 00000000 00:00 0 
7ff6f3c00000-7ff6f3d00000 rw-p 00000000 00:00 0 
7ff6f3e00000-7ff6f3f00000 rw-p 00000000 00:00 0 
7ff6f4000000-7ff6f4021000 rw-p 00000000 00:00 0 
7ff6f4021000-7ff6f8000000 ---p 00000000 00:00 0 
7ff6f8100000-7ff6f8200000 rw-p 00000000 00:00 0 
7ff6f8300000-7ff6f8400000 rw-p 00000000 00:00 0 
7ff6f8500000-7ff6f8600000 rw-p 00000000 00:00 0 
7ff6f8700000-7ff6f8800000 rw-p 00000000 00:00 0 
7ff6f88ff000-7ff6f8903000 ---p 00000000 00:00 0 
7ff6f8903000-7ff6f8b00000 rw-p 00000000 00:00 0 
7ff6f8c00000-7ff6f8d00000 rw-p 00000000 00:00 0 
7ff6f8e00000-7ff6f8f00000 rw-p 00000000 00:00 0 
7ff6f9000000-7ff6f9100000 rw-p 00000000 00:00 0 
7ff6f9200000-7ff6f9300000 rw-p 00000000 00:00 0 
7ff6f9400000-7ff6f9600000 rw-p 00000000 00:00 0 
7ff6f9700000-7ff6f9800000 rw-p 00000000 00:00 0 
7ff6f9900000-7ff6f9a00000 rw-p 00000000 00:00 0 
7ff6f9b00000-7ff6f9c00000 rw-p 00000000 00:00 0 
7ff6f9d00000-7ff6f9e00000 rw-p 00000000 00:00 0 
7ff6f9f00000-7ff6fa000000 rw-p 00000000 00:00 0 
7ff6fa100000-7ff6fa200000 rw-p 00000000 00:00 0 
7ff6fa300000-7ff6fa400000 rw-p 00000000 00:00 0 
7ff6fa500000-7ff6fa600000 rw-p 00000000 00:00 0 
7ff6fa700000-7ff6fa800000 rw-p 00000000 00:00 0 
7ff6fa900000-7ff6faa00000 rw-p 00000000 00:00 0 
7ff6fab00000-7ff6fac00000 rw-p 00000000 00:00 0 
7ff6fad00000-7ff6fae00000 rw-p 00000000 00:00 0 
7ff6faf00000-7ff6fb000000 rw-p 00000000 00:00 0 
7ff6fb100000-7ff6fb200000 rw-p 00000000 00:00 0 
7ff6fb300000-7ff6fb400000 rw-p 00000000 00:00 0 
7ff6fb500000-7ff6fb600000 rw-p 00000000 00:00 0 
7ff6fb700000-7ff6fb800000 rw-p 00000000 00:00 0 
7ff6fb900000-7ff6fba00000 rw-p 00000000 00:00 0 
7ff6fbb00000-7ff6fbc00000 rw-p 00000000 00:00 0 
7ff6fbd00000-7ff6fbe00000 rw-p 00000000 00:00 0 
7ff6fbf00000-7ff6fc000000 rw-p 00000000 00:00 0 
7ff6fc100000-7ff6fc200000 rw-p 00000000 00:00 0 
7ff6fc300000-7ff6fc400000 rw-p 00000000 00:00 0 
7ff6fc500000-7ff6fc600000 rw-p 00000000 00:00 0 
7ff6fc700000-7ff6fc800000 rw-p 00000000 00:00 0 
7ff6fc900000-7ff6fca00000 rw-p 00000000 00:00 0 
7ff6fcb00000-7ff6fcc00000 rw-p 00000000 00:00 0 
7ff6fcd00000-7ff6fce00000 rw-p 00000000 00:00 0 
7ff6fcf00000-7ff6fd000000 rw-p 00000000 00:00 0 
7ff6fd100000-7ff6fd200000 rw-p 00000000 00:00 0 
7ff6fd300000-7ff6fd400000 rw-p 00000000 00:00 0 
7ff6fd500000-7ff6fd600000 rw-p 00000000 00:00 0 
7ff6fd700000-7ff6fd800000 rw-p 00000000 00:00 0 
7ff6fd900000-7ff6fda00000 rw-p 00000000 00:00 0 
7ff6fdb00000-7ff6fdc00000 rw-p 00000000 00:00 0 
7ff6fdd00000-7ff6fde00000 rw-p 00000000 00:00 0 
7ff6fdf00000-7ff6fe000000 rw-p 00000000 00:00 0 
7ff6fe100000-7ff6fe200000 rw-p 00000000 00:00 0 
7ff6fe2f7000-7ff6fe500000 rw-p 00000000 00:00 0 
7ff6fe600000-7ff6fe700000 rw-p 00000000 00:00 0 
7ff6fe800000-7ff6fe900000 rw-p 00000000 00:00 0 
7ff6fea00000-7ff6feb00000 rw-p 00000000 00:00 0 
7ff6fec00000-7ff6fed00000 rw-p 00000000 00:00 0 
7ff6fee00000-7ff6fef00000 rw-p 00000000 00:00 0 
7ff6ff000000-7ff6ff100000 rw-p 00000000 00:00 0 
7ff6ff200000-7ff6ff300000 rw-p 00000000 00:00 0 
7ff6ff400000-7ff6ff500000 rw-p 00000000 00:00 0 
7ff6ff600000-7ff6ff700000 rw-p 00000000 00:00 0 
7ff6ff800000-7ff6ff900000 rw-p 00000000 00:00 0 
7ff6ffa00000-7ff6ffb00000 rw-p 00000000 00:00 0 
7ff6ffc00000-7ff6ffd00000 rw-p 00000000 00:00 0 
7ff6ffe00000-7ff6fff00000 rw-p 00000000 00:00 0 
7ff700000000-7ff700100000 rw-p 00000000 00:00 0 
7ff700200000-7ff700300000 rw-p 00000000 00:00 0 
7ff700400000-7ff700500000 rw-p 00000000 00:00 0 
7ff700600000-7ff700700000 rw-p 00000000 00:00 0 
7ff700800000-7ff700900000 rw-p 00000000 00:00 0 
7ff700a00000-7ff700b00000 rw-p 00000000 00:00 0 
7ff700c00000-7ff700d00000 rw-p 00000000 00:00 0 
7ff700e00000-7ff700f00000 rw-p 00000000 00:00 0 
7ff701000000-7ff701100000 rw-p 00000000 00:00 0 
7ff701200000-7ff701300000 rw-p 00000000 00:00 0 
7ff701400000-7ff701500000 rw-p 00000000 00:00 0 
7ff701600000-7ff701700000 rw-p 00000000 00:00 0 
7ff701800000-7ff701900000 rw-p 00000000 00:00 0 
7ff701a00000-7ff701b00000 rw-p 00000000 00:00 0 
7ff701c00000-7ff701d00000 rw-p 00000000 00:00 0 
7ff701e00000-7ff701f00000 rw-p 00000000 00:00 0 
7ff702000000-7ff702100000 rw-p 00000000 00:00 0 
7ff702200000-7ff702300000 rw-p 00000000 00:00 0 
7ff702400000-7ff702500000 rw-p 00000000 00:00 0 
7ff702600000-7ff702700000 rw-p 00000000 00:00 0 
7ff702800000-7ff702900000 rw-p 00000000 00:00 0 
7ff702a00000-7ff702b00000 rw-p 00000000 00:00 0 
7ff702c00000-7ff702d00000 rw-p 00000000 00:00 0 
7ff702e00000-7ff702f00000 rw-p 00000000 00:00 0 
7ff703000000-7ff703100000 rw-p 00000000 00:00 0 
7ff703200000-7ff703300000 rw-p 00000000 00:00 0 
7ff703400000-7ff703500000 rw-p 00000000 00:00 0 
7ff703600000-7ff703700000 rw-p 00000000 00:00 0 
7ff703800000-7ff703900000 rw-p 00000000 00:00 0 
7ff703a00000-7ff703b00000 rw-p 00000000 00:00 0 
7ff703c00000-7ff703d00000 rw-p 00000000 00:00 0 
7ff703e00000-7ff703f00000 rw-p 00000000 00:00 0 
7ff704000000-7ff704021000 rw-p 00000000 00:00 0 
7ff704021000-7ff708000000 ---p 00000000 00:00 0 
7ff708000000-7ff708100000 rw-p 00000000 00:00 0 
7ff708200000-7ff708300000 rw-p 00000000 00:00 0 
7ff708400000-7ff708500000 rw-p 00000000 00:00 0 
7ff708600000-7ff708700000 rw-p 00000000 00:00 0 
7ff708800000-7ff708900000 rw-p 00000000 00:00 0 
7ff708a00000-7ff708b00000 rw-p 00000000 00:00 0 
7ff708c00000-7ff708d00000 rw-p 00000000 00:00 0 
7ff708e00000-7ff708f00000 rw-p 00000000 00:00 0 
7ff709000000-7ff709100000 rw-p 00000000 00:00 0 
7ff709200000-7ff709300000 rw-p 00000000 00:00 0 
7ff709400000-7ff709500000 rw-p 00000000 00:00 0 
7ff709600000-7ff709700000 rw-p 00000000 00:00 0 
7ff709800000-7ff709900000 rw-p 00000000 00:00 0 
7ff709a00000-7ff709b00000 rw-p 00000000 00:00 0 
7ff709c00000-7ff709d00000 rw-p 00000000 00:00 0 
7ff709e00000-7ff709f00000 rw-p 00000000 00:00 0 
7ff70a000000-7ff70a100000 rw-p 00000000 00:00 0 
7ff70a200000-7ff70a300000 rw-p 00000000 00:00 0 
7ff70a400000-7ff70a500000 rw-p 00000000 00:00 0 
7ff70a600000-7ff70a700000 rw-p 00000000 00:00 0 
7ff70a800000-7ff70a900000 rw-p 00000000 00:00 0 
7ff70aa00000-7ff70ab00000 rw-p 00000000 00:00 0 
7ff70ac00000-7ff70ad00000 rw-p 00000000 00:00 0 
7ff70ae00000-7ff70af00000 rw-p 00000000 00:00 0 
7ff70b000000-7ff70b100000 rw-p 00000000 00:00 0 
7ff70b200000-7ff70b300000 rw-p 00000000 00:00 0 
7ff70b400000-7ff70b500000 rw-p 00000000 00:00 0 
7ff70b600000-7ff70b700000 rw-p 00000000 00:00 0 
7ff70b800000-7ff70b900000 rw-p 00000000 00:00 0 
7ff70ba00000-7ff70bb00000 rw-p 00000000 00:00 0 
7ff70bc00000-7ff70bd00000 rw-p 00000000 00:00 0 
7ff70be00000-7ff70bf00000 rw-p 00000000 00:00 0 
7ff70c000000-7ff70c021000 rw-p 00000000 00:00 0 
7ff70c021000-7ff710000000 ---p 00000000 00:00 0 
7ff710000000-7ff710100000 rw-p 00000000 00:00 0 
7ff710200000-7ff710300000 rw-p 00000000 00:00 0 
7ff710400000-7ff710500000 rw-p 00000000 00:00 0 
7ff710600000-7ff710700000 rw-p 00000000 00:00 0 
7ff710800000-7ff710900000 rw-p 00000000 00:00 0 
7ff710a00000-7ff710b00000 rw-p 00000000 00:00 0 
7ff710c00000-7ff710d00000 rw-p 00000000 00:00 0 
7ff710e00000-7ff710f00000 rw-p 00000000 00:00 0 
7ff711000000-7ff711100000 rw-p 00000000 00:00 0 
7ff7111ff000-7ff711203000 ---p 00000000 00:00 0 
7ff711203000-7ff711400000 rw-p 00000000 00:00 0 
7ff711500000-7ff711600000 rw-p 00000000 00:00 0 
7ff711700000-7ff711800000 rw-p 00000000 00:00 0 
7ff711900000-7ff711a00000 rw-p 00000000 00:00 0 
7ff711b00000-7ff711c00000 rw-p 00000000 00:00 0 
7ff711d00000-7ff711e00000 rw-p 00000000 00:00 0 
7ff711f00000-7ff712000000 rw-p 00000000 00:00 0 
7ff712100000-7ff712200000 rw-p 00000000 00:00 0 
7ff712300000-7ff712400000 rw-p 00000000 00:00 0 
7ff712500000-7ff712600000 rw-p 00000000 00:00 0 
7ff712700000-7ff712800000 rw-p 00000000 00:00 0 
7ff712900000-7ff712a00000 rw-p 00000000 00:00 0 
7ff712b00000-7ff712c00000 rw-p 00000000 00:00 0 
7ff712d00000-7ff712e00000 rw-p 00000000 00:00 0 
7ff712f00000-7ff713000000 rw-p 00000000 00:00 0 
7ff713100000-7ff713200000 rw-p 00000000 00:00 0 
7ff713300000-7ff713400000 rw-p 00000000 00:00 0 
7ff713500000-7ff713600000 rw-p 00000000 00:00 0 
7ff713700000-7ff713800000 rw-p 00000000 00:00 0 
7ff713900000-7ff713a00000 rw-p 00000000 00:00 0 
7ff713b00000-7ff713c00000 rw-p 00000000 00:00 0 
7ff713d00000-7ff713e00000 rw-p 00000000 00:00 0 
7ff713eff000-7ff713f03000 ---p 00000000 00:00 0 
7ff713f03000-7ff714100000 rw-p 00000000 00:00 0 
7ff714200000-7ff714300000 rw-p 00000000 00:00 0 
7ff714400000-7ff714500000 rw-p 00000000 00:00 0 
7ff714600000-7ff714700000 rw-p 00000000 00:00 0 
7ff714800000-7ff714900000 rw-p 00000000 00:00 0 
7ff714a00000-7ff714b00000 rw-p 00000000 00:00 0 
7ff714c00000-7ff714d00000 rw-p 00000000 00:00 0 
7ff714e00000-7ff714f00000 rw-p 00000000 00:00 0 
7ff715000000-7ff715100000 rw-p 00000000 00:00 0 
7ff715200000-7ff715300000 rw-p 00000000 00:00 0 
7ff715400000-7ff715500000 rw-p 00000000 00:00 0 
7ff715600000-7ff715700000 rw-p 00000000 00:00 0 
7ff715800000-7ff715900000 rw-p 00000000 00:00 0 
7ff715a00000-7ff715b00000 rw-p 00000000 00:00 0 
7ff715c00000-7ff715d00000 rw-p 00000000 00:00 0 
7ff715e00000-7ff715f00000 rw-p 00000000 00:00 0 
7ff716000000-7ff716100000 rw-p 00000000 00:00 0 
7ff716200000-7ff716300000 rw-p 00000000 00:00 0 
7ff716400000-7ff716500000 rw-p 00000000 00:00 0 
7ff716600000-7ff716700000 rw-p 00000000 00:00 0 
7ff716800000-7ff716900000 rw-p 00000000 00:00 0 
7ff716a00000-7ff716b00000 rw-p 00000000 00:00 0 
7ff716c00000-7ff716d00000 rw-p 00000000 00:00 0 
7ff716e00000-7ff716f00000 rw-p 00000000 00:00 0 
7ff717000000-7ff717100000 rw-p 00000000 00:00 0 
7ff717200000-7ff717300000 rw-p 00000000 00:00 0 
7ff717400000-7ff717500000 rw-p 00000000 00:00 0 
7ff717600000-7ff717700000 rw-p 00000000 00:00 0 
7ff717800000-7ff717900000 rw-p 00000000 00:00 0 
7ff717a00000-7ff717b00000 rw-p 00000000 00:00 0 
7ff717c00000-7ff717d00000 rw-p 00000000 00:00 0 
7ff717e00000-7ff717f00000 rw-p 00000000 00:00 0 
7ff718000000-7ff718100000 rw-p 00000000 00:00 0 
7ff718200000-7ff718300000 rw-p 00000000 00:00 0 
7ff718400000-7ff718500000 rw-p 00000000 00:00 0 
7ff718600000-7ff718700000 rw-p 00000000 00:00 0 
7ff718800000-7ff718900000 rw-p 00000000 00:00 0 
7ff718a00000-7ff718b00000 rw-p 00000000 00:00 0 
7ff718c00000-7ff718d00000 rw-p 00000000 00:00 0 
7ff718e00000-7ff718f00000 rw-p 00000000 00:00 0 
7ff719000000-7ff719100000 rw-p 00000000 00:00 0 
7ff719200000-7ff719300000 rw-p 00000000 00:00 0 
7ff719400000-7ff719500000 rw-p 00000000 00:00 0 
7ff719600000-7ff719700000 rw-p 00000000 00:00 0 
7ff719800000-7ff719900000 rw-p 00000000 00:00 0 
7ff719a00000-7ff719b00000 rw-p 00000000 00:00 0 
7ff719c00000-7ff719d00000 rw-p 00000000 00:00 0 
7ff719e00000-7ff719f00000 rw-p 00000000 00:00 0 
7ff71a000000-7ff71a100000 rw-p 00000000 00:00 0 
7ff71a200000-7ff71a300000 rw-p 00000000 00:00 0 
7ff71a400000-7ff71a500000 rw-p 00000000 00:00 0 
7ff71a600000-7ff71a700000 rw-p 00000000 00:00 0 
7ff71a800000-7ff71a900000 rw-p 00000000 00:00 0 
7ff71aa00000-7ff71ab00000 rw-p 00000000 00:00 0 
7ff71ac00000-7ff71ad00000 rw-p 00000000 00:00 0 
7ff71ae00000-7ff71af00000 rw-p 00000000 00:00 0 
7ff71b000000-7ff71b100000 rw-p 00000000 00:00 0 
7ff71b200000-7ff71b300000 rw-p 00000000 00:00 0 
7ff71b400000-7ff71b500000 rw-p 00000000 00:00 0 
7ff71b600000-7ff71b700000 rw-p 00000000 00:00 0 
7ff71b800000-7ff71b900000 rw-p 00000000 00:00 0 
7ff71ba00000-7ff71bb00000 rw-p 00000000 00:00 0 
7ff71bc00000-7ff71bd00000 rw-p 00000000 00:00 0 
7ff71be00000-7ff71bf00000 rw-p 00000000 00:00 0 
7ff71c000000-7ff71c100000 rw-p 00000000 00:00 0 
7ff71c200000-7ff71c300000 rw-p 00000000 00:00 0 
7ff71c400000-7ff71c500000 rw-p 00000000 00:00 0 
7ff71c600000-7ff71c700000 rw-p 00000000 00:00 0 
7ff71c800000-7ff71c900000 rw-p 00000000 00:00 0 
7ff71ca00000-7ff71cb00000 rw-p 00000000 00:00 0 
7ff71cc00000-7ff71cd00000 rw-p 00000000 00:00 0 
7ff71ce00000-7ff71cf00000 rw-p 00000000 00:00 0 
7ff71d000000-7ff71d100000 rw-p 00000000 00:00 0 
7ff71d200000-7ff71d300000 rw-p 00000000 00:00 0 
7ff71d400000-7ff71d500000 rw-p 00000000 00:00 0 
7ff71d600000-7ff71d700000 rw-p 00000000 00:00 0 
7ff71d800000-7ff71d900000 rw-p 00000000 00:00 0 
7ff71da00000-7ff71db00000 rw-p 00000000 00:00 0 
7ff71dc00000-7ff71dd00000 rw-p 00000000 00:00 0 
7ff71de00000-7ff71df00000 rw-p 00000000 00:00 0 
7ff71e000000-7ff71e100000 rw-p 00000000 00:00 0 
7ff71e200000-7ff71e300000 rw-p 00000000 00:00 0 
7ff71e400000-7ff71e500000 rw-p 00000000 00:00 0 
7ff71e600000-7ff71e700000 rw-p 00000000 00:00 0 
7ff71e800000-7ff71e900000 rw-p 00000000 00:00 0 
7ff71ea00000-7ff71eb00000 rw-p 00000000 00:00 0 
7ff71ec00000-7ff71ed00000 rw-p 00000000 00:00 0 
7ff71ee00000-7ff71ef00000 rw-p 00000000 00:00 0 
7ff71f000000-7ff71f100000 rw-p 00000000 00:00 0 
7ff71f200000-7ff71f300000 rw-p 00000000 00:00 0 
7ff71f400000-7ff71f500000 rw-p 00000000 00:00 0 
7ff71f600000-7ff71f700000 rw-p 00000000 00:00 0 
7ff71f800000-7ff71f900000 rw-p 00000000 00:00 0 
7ff71fa00000-7ff71fb00000 rw-p 00000000 00:00 0 
7ff71fc00000-7ff71fd00000 rw-p 00000000 00:00 0 
7ff71fe00000-7ff71ff00000 rw-p 00000000 00:00 0 
7ff720000000-7ff72004a000 rw-p 00000000 00:00 0 
7ff72004a000-7ff724000000 ---p 00000000 00:00 0 
7ff724000000-7ff724035000 rw-p 00000000 00:00 0 
7ff724035000-7ff728000000 ---p 00000000 00:00 0 
7ff728000000-7ff728100000 rw-p 00000000 00:00 0 
7ff728200000-7ff728300000 rw-p 00000000 00:00 0 
7ff7283ef000-7ff728700000 rw-p 00000000 00:00 0 
7ff728800000-7ff728900000 rw-p 00000000 00:00 0 
7ff728a00000-7ff728b00000 rw-p 00000000 00:00 0 
7ff728c00000-7ff728d00000 rw-p 00000000 00:00 0 
7ff728e00000-7ff728f00000 rw-p 00000000 00:00 0 
7ff729000000-7ff729100000 rw-p 00000000 00:00 0 
7ff729200000-7ff729300000 rw-p 00000000 00:00 0 
7ff729400000-7ff729500000 rw-p 00000000 00:00 0 
7ff729600000-7ff729700000 rw-p 00000000 00:00 0 
7ff729800000-7ff729900000 rw-p 00000000 00:00 0 
7ff729a00000-7ff729b00000 ---p 00000000 00:00 0 
7ff729b00000-7ff72a15f000 r--p 01362000 103:02 51870081                  /home/a4090/miniconda3/envs/auto_pose/lib/jvm/lib/libjvmcicompiler.so
7ff72a15f000-7ff72a300000 r--p 00000000 00:00 0 
7ff72a300000-7ff72a30e000 rw-p 00000000 00:00 0 
7ff72a30e000-7ff72a863000 rw-p 01b70000 103:02 51870081                  /home/a4090/miniconda3/envs/auto_pose/lib/jvm/lib/libjvmcicompiler.so
7ff72a863000-7ff72acdd000 r--p 020c5000 103:02 51870081                  /home/a4090/miniconda3/envs/auto_pose/lib/jvm/lib/libjvmcicompiler.so
7ff72ad00000-7ff72ae00000 ---p 00000000 00:00 0 
7ff72ae00000-7ff72b45f000 r--p 01362000 103:02 51870081                  /home/a4090/miniconda3/envs/auto_pose/lib/jvm/lib/libjvmcicompiler.so
7ff72b45f000-7ff72b600000 r--p 00000000 00:00 0 
7ff72b600000-7ff72b60e000 rw-p 00000000 00:00 0 
7ff72b60e000-7ff72bb63000 rw-p 01b70000 103:02 51870081                  /home/a4090/miniconda3/envs/auto_pose/lib/jvm/lib/libjvmcicompiler.so
7ff72bb63000-7ff72bfdd000 r--p 020c5000 103:02 51870081                  /home/a4090/miniconda3/envs/auto_pose/lib/jvm/lib/libjvmcicompiler.so
7ff72c000000-7ff72c114000 rw-p 00000000 00:00 0 
7ff72c114000-7ff730000000 ---p 00000000 00:00 0 
7ff730000000-7ff730100000 rw-p 00000000 00:00 0 
7ff730200000-7ff730300000 rw-p 00000000 00:00 0 
7ff7303fe000-7ff730402000 ---p 00000000 00:00 0 
7ff730402000-7ff7304ff000 rw-p 00000000 00:00 0 
7ff730500000-7ff730600000 rw-p 00000000 00:00 0 
7ff7306ff000-7ff730703000 ---p 00000000 00:00 0 
7ff730703000-7ff730900000 rw-p 00000000 00:00 0 
7ff730a00000-7ff730b00000 rw-p 00000000 00:00 0 
7ff730c00000-7ff730d00000 rw-p 00000000 00:00 0 
7ff730e00000-7ff730f00000 rw-p 00000000 00:00 0 
7ff731000000-7ff731100000 rw-p 00000000 00:00 0 
7ff731200000-7ff731300000 rw-p 00000000 00:00 0 
7ff731400000-7ff731500000 ---p 00000000 00:00 0 
7ff731500000-7ff731b5f000 r--p 01362000 103:02 51870081                  /home/a4090/miniconda3/envs/auto_pose/lib/jvm/lib/libjvmcicompiler.so
7ff731b5f000-7ff731d00000 r--p 00000000 00:00 0 
7ff731d00000-7ff731d0e000 rw-p 00000000 00:00 0 
7ff731d0e000-7ff732263000 rw-p 01b70000 103:02 51870081                  /home/a4090/miniconda3/envs/auto_pose/lib/jvm/lib/libjvmcicompiler.so
7ff732263000-7ff7326dd000 r--p 020c5000 103:02 51870081                  /home/a4090/miniconda3/envs/auto_pose/lib/jvm/lib/libjvmcicompiler.so
7ff732700000-7ff732800000 rw-p 00000000 00:00 0 
7ff7328ff000-7ff732903000 ---p 00000000 00:00 0 
7ff732903000-7ff732b00000 rw-p 00000000 00:00 0 
7ff732c00000-7ff732d00000 rw-p 00000000 00:00 0 
7ff732e00000-7ff732f00000 rw-p 00000000 00:00 0 
7ff733000000-7ff733100000 rw-p 00000000 00:00 0 
7ff733103000-7ff733500000 rw-p 00000000 00:00 0 
7ff733600000-7ff733700000 rw-p 00000000 00:00 0 
7ff733800000-7ff733900000 rw-p 00000000 00:00 0 
7ff733a00000-7ff733b00000 rw-p 00000000 00:00 0 
7ff733c00000-7ff733d00000 rw-p 00000000 00:00 0 
7ff733e00000-7ff733f00000 rw-p 00000000 00:00 0 
7ff734000000-7ff7340c3000 rw-p 00000000 00:00 0 
7ff7340c3000-7ff738000000 ---p 00000000 00:00 0 
7ff738000000-7ff738100000 rw-p 00000000 00:00 0 
7ff738200000-7ff738300000 rw-p 00000000 00:00 0 
7ff738400000-7ff738500000 rw-p 00000000 00:00 0 
7ff738600000-7ff738700000 rw-p 00000000 00:00 0 
7ff738800000-7ff738900000 rw-p 00000000 00:00 0 
7ff738a00000-7ff738b00000 rw-p 00000000 00:00 0 
7ff738c00000-7ff738d00000 rw-p 00000000 00:00 0 
7ff738e00000-7ff738f00000 rw-p 00000000 00:00 0 
7ff739000000-7ff739100000 rw-p 00000000 00:00 0 
7ff739200000-7ff739300000 rw-p 00000000 00:00 0 
7ff739400000-7ff739500000 rw-p 00000000 00:00 0 
7ff739600000-7ff739700000 rw-p 00000000 00:00 0 
7ff739800000-7ff739900000 rw-p 00000000 00:00 0 
7ff739a00000-7ff739b00000 rw-p 00000000 00:00 0 
7ff739c00000-7ff739d00000 ---p 00000000 00:00 0 
7ff739d00000-7ff73a35f000 r--p 01362000 103:02 51870081                  /home/a4090/miniconda3/envs/auto_pose/lib/jvm/lib/libjvmcicompiler.so
7ff73a35f000-7ff73a500000 r--p 00000000 00:00 0 
7ff73a500000-7ff73a50e000 rw-p 00000000 00:00 0 
7ff73a50e000-7ff73aa63000 rw-p 01b70000 103:02 51870081                  /home/a4090/miniconda3/envs/auto_pose/lib/jvm/lib/libjvmcicompiler.so
7ff73aa63000-7ff73aedd000 r--p 020c5000 103:02 51870081                  /home/a4090/miniconda3/envs/auto_pose/lib/jvm/lib/libjvmcicompiler.so
7ff73aeff000-7ff73af03000 ---p 00000000 00:00 0 
7ff73af03000-7ff73b100000 rw-p 00000000 00:00 0 
7ff73b200000-7ff73b300000 rw-p 00000000 00:00 0 
7ff73b400000-7ff73b500000 rw-p 00000000 00:00 0 
7ff73b600000-7ff73b700000 rw-p 00000000 00:00 0 
7ff73b800000-7ff73b900000 rw-p 00000000 00:00 0 
7ff73ba00000-7ff73bb00000 rw-p 00000000 00:00 0 
7ff73bc00000-7ff73bd00000 rw-p 00000000 00:00 0 
7ff73be00000-7ff73bf00000 rw-p 00000000 00:00 0 
7ff73c000000-7ff73c100000 rw-p 00000000 00:00 0 
7ff73c200000-7ff73c300000 rw-p 00000000 00:00 0 
7ff73c400000-7ff73c500000 rw-p 00000000 00:00 0 
7ff73c600000-7ff73c700000 rw-p 00000000 00:00 0 
7ff73c800000-7ff73c900000 rw-p 00000000 00:00 0 
7ff73ca00000-7ff73cb00000 rw-p 00000000 00:00 0 
7ff73cc00000-7ff73cd00000 rw-p 00000000 00:00 0 
7ff73ce00000-7ff73cf00000 rw-p 00000000 00:00 0 
7ff73d000000-7ff73d100000 rw-p 00000000 00:00 0 
7ff73d200000-7ff73d300000 rw-p 00000000 00:00 0 
7ff73d400000-7ff73d500000 rw-p 00000000 00:00 0 
7ff73d600000-7ff73d700000 rw-p 00000000 00:00 0 
7ff73d800000-7ff73d900000 rw-p 00000000 00:00 0 
7ff73da00000-7ff73db00000 rw-p 00000000 00:00 0 
7ff73dc00000-7ff73dd00000 rw-p 00000000 00:00 0 
7ff73de00000-7ff73df00000 rw-p 00000000 00:00 0 
7ff73e000000-7ff73e100000 rw-p 00000000 00:00 0 
7ff73e200000-7ff73e300000 rw-p 00000000 00:00 0 
7ff73e400000-7ff73e500000 rw-p 00000000 00:00 0 
7ff73e600000-7ff73e700000 rw-p 00000000 00:00 0 
7ff73e800000-7ff73e900000 rw-p 00000000 00:00 0 
7ff73ea00000-7ff73eb00000 rw-p 00000000 00:00 0 
7ff73ec00000-7ff73ed00000 rw-p 00000000 00:00 0 
7ff73ee00000-7ff73ef00000 rw-p 00000000 00:00 0 
7ff73f000000-7ff73f100000 rw-p 00000000 00:00 0 
7ff73f200000-7ff73f300000 rw-p 00000000 00:00 0 
7ff73f400000-7ff73f500000 rw-p 00000000 00:00 0 
7ff73f600000-7ff73f700000 rw-p 00000000 00:00 0 
7ff73f800000-7ff73f900000 rw-p 00000000 00:00 0 
7ff73fa00000-7ff73fb00000 rw-p 00000000 00:00 0 
7ff73fc00000-7ff73fd00000 rw-p 00000000 00:00 0 
7ff73fe00000-7ff73ff00000 rw-p 00000000 00:00 0 
7ff740000000-7ff740075000 rw-p 00000000 00:00 0 
7ff740075000-7ff744000000 ---p 00000000 00:00 0 
7ff744000000-7ff744100000 rw-p 00000000 00:00 0 
7ff744200000-7ff744300000 rw-p 00000000 00:00 0 
7ff744400000-7ff744500000 rw-p 00000000 00:00 0 
7ff744600000-7ff744700000 rw-p 00000000 00:00 0 
7ff744800000-7ff744900000 rw-p 00000000 00:00 0 
7ff744a00000-7ff744b00000 ---p 00000000 00:00 0 
7ff744b00000-7ff74515f000 r--p 01362000 103:02 51870081                  /home/a4090/miniconda3/envs/auto_pose/lib/jvm/lib/libjvmcicompiler.so
7ff74515f000-7ff745300000 r--p 00000000 00:00 0 
7ff745300000-7ff74530e000 rw-p 00000000 00:00 0 
7ff74530e000-7ff745863000 rw-p 01b70000 103:02 51870081                  /home/a4090/miniconda3/envs/auto_pose/lib/jvm/lib/libjvmcicompiler.so
7ff745863000-7ff745cdd000 r--p 020c5000 103:02 51870081                  /home/a4090/miniconda3/envs/auto_pose/lib/jvm/lib/libjvmcicompiler.so
7ff745d00000-7ff745e00000 rw-p 00000000 00:00 0 
7ff745eff000-7ff745f03000 ---p 00000000 00:00 0 
7ff745f03000-7ff746100000 rw-p 00000000 00:00 0 
7ff746200000-7ff746300000 rw-p 00000000 00:00 0 
7ff746400000-7ff746500000 rw-p 00000000 00:00 0 
7ff746600000-7ff746700000 rw-p 00000000 00:00 0 
7ff746800000-7ff746900000 rw-p 00000000 00:00 0 
7ff746a00000-7ff746b00000 rw-p 00000000 00:00 0 
7ff746c00000-7ff746d00000 rw-p 00000000 00:00 0 
7ff746e00000-7ff746f00000 rw-p 00000000 00:00 0 
7ff747000000-7ff747100000 rw-p 00000000 00:00 0 
7ff747200000-7ff747300000 rw-p 00000000 00:00 0 
7ff747400000-7ff747500000 rw-p 00000000 00:00 0 
7ff747600000-7ff747700000 rw-p 00000000 00:00 0 
7ff747800000-7ff747900000 rw-p 00000000 00:00 0 
7ff747a00000-7ff747b00000 rw-p 00000000 00:00 0 
7ff747c00000-7ff747d00000 rw-p 00000000 00:00 0 
7ff747e00000-7ff747f00000 rw-p 00000000 00:00 0 
7ff748000000-7ff748057000 rw-p 00000000 00:00 0 
7ff748057000-7ff74c000000 ---p 00000000 00:00 0 
7ff74c100000-7ff74c200000 rw-p 00000000 00:00 0 
7ff74c300000-7ff74c400000 rw-p 00000000 00:00 0 
7ff74c500000-7ff74c600000 rw-p 00000000 00:00 0 
7ff74c700000-7ff74c800000 rw-p 00000000 00:00 0 
7ff74c900000-7ff74ca00000 rw-p 00000000 00:00 0 
7ff74cb00000-7ff74cc00000 rw-p 00000000 00:00 0 
7ff74cd00000-7ff74ce00000 rw-p 00000000 00:00 0 
7ff74cf00000-7ff74d000000 rw-p 00000000 00:00 0 
7ff74d100000-7ff74d200000 rw-p 00000000 00:00 0 
7ff74d300000-7ff74d400000 rw-p 00000000 00:00 0 
7ff74d500000-7ff74d600000 rw-p 00000000 00:00 0 
7ff74d700000-7ff74d800000 ---p 00000000 00:00 0 
7ff74d800000-7ff74de5f000 r--p 01362000 103:02 51870081                  /home/a4090/miniconda3/envs/auto_pose/lib/jvm/lib/libjvmcicompiler.so
7ff74de5f000-7ff74e000000 r--p 00000000 00:00 0 
7ff74e000000-7ff74e00e000 rw-p 00000000 00:00 0 
7ff74e00e000-7ff74e563000 rw-p 01b70000 103:02 51870081                  /home/a4090/miniconda3/envs/auto_pose/lib/jvm/lib/libjvmcicompiler.so
7ff74e563000-7ff74e9dd000 r--p 020c5000 103:02 51870081                  /home/a4090/miniconda3/envs/auto_pose/lib/jvm/lib/libjvmcicompiler.so
7ff74e9ff000-7ff74ea03000 ---p 00000000 00:00 0 
7ff74ea03000-7ff74ec00000 rw-p 00000000 00:00 0 
7ff74ed00000-7ff74ee00000 ---p 00000000 00:00 0 
7ff74ee00000-7ff74f45f000 r--p 01362000 103:02 51870081                  /home/a4090/miniconda3/envs/auto_pose/lib/jvm/lib/libjvmcicompiler.so
7ff74f45f000-7ff74f600000 r--p 00000000 00:00 0 
7ff74f600000-7ff74f60e000 rw-p 00000000 00:00 0 
7ff74f60e000-7ff74fb63000 rw-p 01b70000 103:02 51870081                  /home/a4090/miniconda3/envs/auto_pose/lib/jvm/lib/libjvmcicompiler.so
7ff74fb63000-7ff74ffdd000 r--p 020c5000 103:02 51870081                  /home/a4090/miniconda3/envs/auto_pose/lib/jvm/lib/libjvmcicompiler.so
7ff750000000-7ff750021000 rw-p 00000000 00:00 0 
7ff750021000-7ff754000000 ---p 00000000 00:00 0 
7ff754000000-7ff7540b4000 rw-p 00000000 00:00 0 
7ff7540b4000-7ff758000000 ---p 00000000 00:00 0 
7ff758000000-7ff758021000 rw-p 00000000 00:00 0 
7ff758021000-7ff75c000000 ---p 00000000 00:00 0 
7ff75c000000-7ff75c021000 rw-p 00000000 00:00 0 
7ff75c021000-7ff760000000 ---p 00000000 00:00 0 
7ff760000000-7ff760021000 rw-p 00000000 00:00 0 
7ff760021000-7ff764000000 ---p 00000000 00:00 0 
7ff764100000-7ff764200000 rw-p 00000000 00:00 0 
7ff764300000-7ff764400000 rw-p 00000000 00:00 0 
7ff764500000-7ff764600000 rw-p 00000000 00:00 0 
7ff764700000-7ff764800000 rw-p 00000000 00:00 0 
7ff764900000-7ff764a00000 rw-p 00000000 00:00 0 
7ff764b00000-7ff764c00000 rw-p 00000000 00:00 0 
7ff764d00000-7ff764e00000 rw-p 00000000 00:00 0 
7ff764eff000-7ff764f03000 ---p 00000000 00:00 0 
7ff764f03000-7ff765100000 rw-p 00000000 00:00 0 
7ff765200000-7ff765300000 rw-p 00000000 00:00 0 
7ff765400000-7ff765500000 rw-p 00000000 00:00 0 
7ff765600000-7ff765700000 rw-p 00000000 00:00 0 
7ff765800000-7ff765900000 rw-p 00000000 00:00 0 
7ff765a00000-7ff765b00000 rw-p 00000000 00:00 0 
7ff765c00000-7ff765d00000 rw-p 00000000 00:00 0 
7ff765e00000-7ff765f00000 rw-p 00000000 00:00 0 
7ff766000000-7ff766100000 rw-p 00000000 00:00 0 
7ff766200000-7ff766300000 rw-p 00000000 00:00 0 
7ff766400000-7ff766500000 rw-p 00000000 00:00 0 
7ff766600000-7ff766700000 rw-p 00000000 00:00 0 
7ff766800000-7ff766900000 rw-p 00000000 00:00 0 
7ff766a00000-7ff766b00000 rw-p 00000000 00:00 0 
7ff766c00000-7ff766d00000 rw-p 00000000 00:00 0 
7ff766e00000-7ff766f00000 rw-p 00000000 00:00 0 
7ff767000000-7ff767100000 rw-p 00000000 00:00 0 
7ff767200000-7ff767300000 rw-p 00000000 00:00 0 
7ff767400000-7ff767500000 rw-p 00000000 00:00 0 
7ff767600000-7ff767700000 rw-p 00000000 00:00 0 
7ff767800000-7ff767900000 rw-p 00000000 00:00 0 
7ff767a00000-7ff767b00000 rw-p 00000000 00:00 0 
7ff767bf8000-7ff767bf9000 ---p 00000000 00:00 0 
7ff767bf9000-7ff767cfa000 rw-p 00000000 00:00 0 
7ff767cfa000-7ff767cfb000 ---p 00000000 00:00 0 
7ff767cfb000-7ff767dfc000 rw-p 00000000 00:00 0 
7ff767dfc000-7ff767dfd000 ---p 00000000 00:00 0 
7ff767dfd000-7ff767efe000 rw-p 00000000 00:00 0 
7ff767efe000-7ff767eff000 ---p 00000000 00:00 0 
7ff767eff000-7ff768000000 rw-p 00000000 00:00 0 
7ff768000000-7ff7680dc000 rw-p 00000000 00:00 0 
7ff7680dc000-7ff76c000000 ---p 00000000 00:00 0 
7ff76c000000-7ff76c021000 rw-p 00000000 00:00 0 
7ff76c021000-7ff770000000 ---p 00000000 00:00 0 
7ff770000000-7ff7700b7000 rw-p 00000000 00:00 0 
7ff7700b7000-7ff774000000 ---p 00000000 00:00 0 
7ff774000000-7ff7740b3000 rw-p 00000000 00:00 0 
7ff7740b3000-7ff778000000 ---p 00000000 00:00 0 
7ff7780fe000-7ff7780ff000 ---p 00000000 00:00 0 
7ff7780ff000-7ff778300000 rw-p 00000000 00:00 0 
7ff778400000-7ff778500000 rw-p 00000000 00:00 0 
7ff778600000-7ff778700000 rw-p 00000000 00:00 0 
7ff778800000-7ff778900000 rw-p 00000000 00:00 0 
7ff778a00000-7ff778b00000 rw-p 00000000 00:00 0 
7ff778c00000-7ff778d00000 rw-p 00000000 00:00 0 
7ff778e00000-7ff778f00000 ---p 00000000 00:00 0 
7ff778f00000-7ff77955f000 r--p 01362000 103:02 51870081                  /home/a4090/miniconda3/envs/auto_pose/lib/jvm/lib/libjvmcicompiler.so
7ff77955f000-7ff779700000 r--p 00000000 00:00 0 
7ff779700000-7ff77970e000 rw-p 00000000 00:00 0 
7ff77970e000-7ff779c63000 rw-p 01b70000 103:02 51870081                  /home/a4090/miniconda3/envs/auto_pose/lib/jvm/lib/libjvmcicompiler.so
7ff779c63000-7ff77a0dd000 r--p 020c5000 103:02 51870081                  /home/a4090/miniconda3/envs/auto_pose/lib/jvm/lib/libjvmcicompiler.so
7ff77a100000-7ff77a200000 ---p 00000000 00:00 0 
7ff77a200000-7ff77a85f000 r--p 01362000 103:02 51870081                  /home/a4090/miniconda3/envs/auto_pose/lib/jvm/lib/libjvmcicompiler.so
7ff77a85f000-7ff77aa00000 r--p 00000000 00:00 0 
7ff77aa00000-7ff77aa0e000 rw-p 00000000 00:00 0 
7ff77aa0e000-7ff77af63000 rw-p 01b70000 103:02 51870081                  /home/a4090/miniconda3/envs/auto_pose/lib/jvm/lib/libjvmcicompiler.so
7ff77af63000-7ff77b3dd000 r--p 020c5000 103:02 51870081                  /home/a4090/miniconda3/envs/auto_pose/lib/jvm/lib/libjvmcicompiler.so
7ff77b400000-7ff77b500000 rw-p 00000000 00:00 0 
7ff77b600000-7ff77b700000 rw-p 00000000 00:00 0 
7ff77b800000-7ff77b900000 rw-p 00000000 00:00 0 
7ff77ba00000-7ff77bb00000 rw-p 00000000 00:00 0 
7ff77bc00000-7ff77bd00000 rw-p 00000000 00:00 0 
7ff77be00000-7ff77bf00000 rw-p 00000000 00:00 0 
7ff77c000000-7ff77c0ba000 rw-p 00000000 00:00 0 
7ff77c0ba000-7ff780000000 ---p 00000000 00:00 0 
7ff780000000-7ff7801a3000 rw-p 00000000 00:00 0 
7ff7801a3000-7ff784000000 ---p 00000000 00:00 0 
7ff784000000-7ff784021000 rw-p 00000000 00:00 0 
7ff784021000-7ff788000000 ---p 00000000 00:00 0 
7ff788000000-7ff788243000 rw-p 00000000 00:00 0 
7ff788243000-7ff78c000000 ---p 00000000 00:00 0 
7ff78c000000-7ff78c021000 rw-p 00000000 00:00 0 
7ff78c021000-7ff790000000 ---p 00000000 00:00 0 
7ff790000000-7ff790021000 rw-p 00000000 00:00 0 
7ff790021000-7ff794000000 ---p 00000000 00:00 0 
7ff794000000-7ff794021000 rw-p 00000000 00:00 0 
7ff794021000-7ff798000000 ---p 00000000 00:00 0 
7ff798000000-7ff798021000 rw-p 00000000 00:00 0 
7ff798021000-7ff79c000000 ---p 00000000 00:00 0 
7ff79c000000-7ff79c021000 rw-p 00000000 00:00 0 
7ff79c021000-7ff7a0000000 ---p 00000000 00:00 0 
7ff7a0000000-7ff7a0021000 rw-p 00000000 00:00 0 
7ff7a0021000-7ff7a4000000 ---p 00000000 00:00 0 
7ff7a4000000-7ff7a4021000 rw-p 00000000 00:00 0 
7ff7a4021000-7ff7a8000000 ---p 00000000 00:00 0 
7ff7a8000000-7ff7a8021000 rw-p 00000000 00:00 0 
7ff7a8021000-7ff7ac000000 ---p 00000000 00:00 0 
7ff7ac000000-7ff7ac021000 rw-p 00000000 00:00 0 
7ff7ac021000-7ff7b0000000 ---p 00000000 00:00 0 
7ff7b0000000-7ff7b0021000 rw-p 00000000 00:00 0 
7ff7b0021000-7ff7b4000000 ---p 00000000 00:00 0 
7ff7b4000000-7ff7b4021000 rw-p 00000000 00:00 0 
7ff7b4021000-7ff7b8000000 ---p 00000000 00:00 0 
7ff7b8000000-7ff7b8021000 rw-p 00000000 00:00 0 
7ff7b8021000-7ff7bc000000 ---p 00000000 00:00 0 
7ff7bc000000-7ff7bc021000 rw-p 00000000 00:00 0 
7ff7bc021000-7ff7c0000000 ---p 00000000 00:00 0 
7ff7c0000000-7ff7c0021000 rw-p 00000000 00:00 0 
7ff7c0021000-7ff7c4000000 ---p 00000000 00:00 0 
7ff7c4000000-7ff7c4021000 rw-p 00000000 00:00 0 
7ff7c4021000-7ff7c8000000 ---p 00000000 00:00 0 
7ff7c8000000-7ff7c8021000 rw-p 00000000 00:00 0 
7ff7c8021000-7ff7cc000000 ---p 00000000 00:00 0 
7ff7cc000000-7ff7cc021000 rw-p 00000000 00:00 0 
7ff7cc021000-7ff7d0000000 ---p 00000000 00:00 0 
7ff7d0000000-7ff7d0021000 rw-p 00000000 00:00 0 
7ff7d0021000-7ff7d4000000 ---p 00000000 00:00 0 
7ff7d4000000-7ff7d4021000 rw-p 00000000 00:00 0 
7ff7d4021000-7ff7d8000000 ---p 00000000 00:00 0 
7ff7d8000000-7ff7d8021000 rw-p 00000000 00:00 0 
7ff7d8021000-7ff7dc000000 ---p 00000000 00:00 0 
7ff7dc000000-7ff7dc021000 rw-p 00000000 00:00 0 
7ff7dc021000-7ff7e0000000 ---p 00000000 00:00 0 
7ff7e0000000-7ff7e0021000 rw-p 00000000 00:00 0 
7ff7e0021000-7ff7e4000000 ---p 00000000 00:00 0 
7ff7e4000000-7ff7e4021000 rw-p 00000000 00:00 0 
7ff7e4021000-7ff7e8000000 ---p 00000000 00:00 0 
7ff7e8000000-7ff7e8053000 rw-p 00000000 00:00 0 
7ff7e8053000-7ff7ec000000 ---p 00000000 00:00 0 
7ff7ec000000-7ff7ec100000 rw-p 00000000 00:00 0 
7ff7ec200000-7ff7ec300000 rw-p 00000000 00:00 0 
7ff7ec400000-7ff7ec500000 rw-p 00000000 00:00 0 
7ff7ec600000-7ff7ec700000 rw-p 00000000 00:00 0 
7ff7ec800000-7ff7ec900000 rw-p 00000000 00:00 0 
7ff7eca00000-7ff7ecb00000 rw-p 00000000 00:00 0 
7ff7ecc00000-7ff7ecd00000 rw-p 00000000 00:00 0 
7ff7ece00000-7ff7ecf00000 rw-p 00000000 00:00 0 
7ff7ed000000-7ff7ed100000 rw-p 00000000 00:00 0 
7ff7ed200000-7ff7ed300000 rw-p 00000000 00:00 0 
7ff7ed400000-7ff7ed500000 rw-p 00000000 00:00 0 
7ff7ed5fc000-7ff7ed600000 ---p 00000000 00:00 0 
7ff7ed600000-7ff7ed7fd000 rw-p 00000000 00:00 0 
7ff7ed7fd000-7ff7ed801000 ---p 00000000 00:00 0 
7ff7ed801000-7ff7ed9fe000 rw-p 00000000 00:00 0 
7ff7ed9fe000-7ff7eda02000 ---p 00000000 00:00 0 
7ff7eda02000-7ff7edbff000 rw-p 00000000 00:00 0 
7ff7edbff000-7ff7edc03000 ---p 00000000 00:00 0 
7ff7edc03000-7ff7edf00000 rw-p 00000000 00:00 0 
7ff7ee000000-7ff7ee100000 rw-p 00000000 00:00 0 
7ff7ee200000-7ff7ee300000 rw-p 00000000 00:00 0 
7ff7ee3f8000-7ff7ee3f9000 ---p 00000000 00:00 0 
7ff7ee3f9000-7ff7ee4fa000 rw-p 00000000 00:00 0 
7ff7ee4fa000-7ff7ee4fb000 ---p 00000000 00:00 0 
7ff7ee4fb000-7ff7ee5fc000 rw-p 00000000 00:00 0 
7ff7ee5fc000-7ff7ee5fd000 ---p 00000000 00:00 0 
7ff7ee5fd000-7ff7ee6fe000 rw-p 00000000 00:00 0 
7ff7ee6fe000-7ff7ee6ff000 ---p 00000000 00:00 0 
7ff7ee6ff000-7ff7ee900000 rw-p 00000000 00:00 0 
7ff7eea00000-7ff7eeb00000 rw-p 00000000 00:00 0 
7ff7eebd8000-7ff7eebd9000 ---p 00000000 00:00 0 
7ff7eebd9000-7ff7eecda000 rw-p 00000000 00:00 0 
7ff7eecda000-7ff7eecdb000 ---p 00000000 00:00 0 
7ff7eecdb000-7ff7eeddc000 rw-p 00000000 00:00 0 
7ff7eeddc000-7ff7eeddd000 ---p 00000000 00:00 0 
7ff7eeddd000-7ff7eeede000 rw-p 00000000 00:00 0 
7ff7eeede000-7ff7eeedf000 ---p 00000000 00:00 0 
7ff7eeedf000-7ff7eefe0000 rw-p 00000000 00:00 0 
7ff7eefe0000-7ff7eefe1000 ---p 00000000 00:00 0 
7ff7eefe1000-7ff7ef0e2000 rw-p 00000000 00:00 0 
7ff7ef0e2000-7ff7ef0e3000 ---p 00000000 00:00 0 
7ff7ef0e3000-7ff7ef1e4000 rw-p 00000000 00:00 0 
7ff7ef1e4000-7ff7ef1e5000 ---p 00000000 00:00 0 
7ff7ef1e5000-7ff7ef2e6000 rw-p 00000000 00:00 0 
7ff7ef2e6000-7ff7ef2e7000 ---p 00000000 00:00 0 
7ff7ef2e7000-7ff7ef3e8000 rw-p 00000000 00:00 0 
7ff7ef3e8000-7ff7ef3e9000 ---p 00000000 00:00 0 
7ff7ef3e9000-7ff7ef4ea000 rw-p 00000000 00:00 0 
7ff7ef4ea000-7ff7ef4eb000 ---p 00000000 00:00 0 
7ff7ef4eb000-7ff7ef5ec000 rw-p 00000000 00:00 0 
7ff7ef5ec000-7ff7ef5ed000 ---p 00000000 00:00 0 
7ff7ef5ed000-7ff7ef6ee000 rw-p 00000000 00:00 0 
7ff7ef6ee000-7ff7ef6ef000 ---p 00000000 00:00 0 
7ff7ef6ef000-7ff7ef7f0000 rw-p 00000000 00:00 0 
7ff7ef7f0000-7ff7ef7f1000 ---p 00000000 00:00 0 
7ff7ef7f1000-7ff7ef8f2000 rw-p 00000000 00:00 0 
7ff7ef8f2000-7ff7ef8f3000 ---p 00000000 00:00 0 
7ff7ef8f3000-7ff7ef9f4000 rw-p 00000000 00:00 0 
7ff7ef9f4000-7ff7ef9f5000 ---p 00000000 00:00 0 
7ff7ef9f5000-7ff7efaf6000 rw-p 00000000 00:00 0 
7ff7efaf6000-7ff7efaf7000 ---p 00000000 00:00 0 
7ff7efaf7000-7ff7efbf8000 rw-p 00000000 00:00 0 
7ff7efbf8000-7ff7efbf9000 ---p 00000000 00:00 0 
7ff7efbf9000-7ff7efcfa000 rw-p 00000000 00:00 0 
7ff7efcfa000-7ff7efcfb000 ---p 00000000 00:00 0 
7ff7efcfb000-7ff7efdfc000 rw-p 00000000 00:00 0 
7ff7efdfc000-7ff7efdfd000 ---p 00000000 00:00 0 
7ff7efdfd000-7ff7efefe000 rw-p 00000000 00:00 0 
7ff7efefe000-7ff7efeff000 ---p 00000000 00:00 0 
7ff7efeff000-7ff7f0000000 rw-p 00000000 00:00 0 
7ff7f0000000-7ff7f0021000 rw-p 00000000 00:00 0 
7ff7f0021000-7ff7f4000000 ---p 00000000 00:00 0 
7ff7f4000000-7ff7f4021000 rw-p 00000000 00:00 0 
7ff7f4021000-7ff7f8000000 ---p 00000000 00:00 0 
7ff7f8000000-7ff7f810e000 rw-p 00000000 00:00 0 
7ff7f810e000-7ff7fc000000 ---p 00000000 00:00 0 
7ff7fc000000-7ff7fc12f000 rw-p 00000000 00:00 0 
7ff7fc12f000-7ff800000000 ---p 00000000 00:00 0 
7ff800000000-7ff80016f000 rw-p 00000000 00:00 0 
7ff80016f000-7ff804000000 ---p 00000000 00:00 0 
7ff8040fa000-7ff8040fb000 ---p 00000000 00:00 0 
7ff8040fb000-7ff8041fc000 rw-p 00000000 00:00 0 
7ff8041fc000-7ff8041fd000 ---p 00000000 00:00 0 
7ff8041fd000-7ff8042fe000 rw-p 00000000 00:00 0 
7ff8042fe000-7ff8042ff000 ---p 00000000 00:00 0 
7ff8042ff000-7ff804500000 rw-p 00000000 00:00 0 
7ff804600000-7ff804700000 rw-p 00000000 00:00 0 
7ff804800000-7ff804900000 rw-p 00000000 00:00 0 
7ff804a00000-7ff804b00000 rw-p 00000000 00:00 0 
7ff804c00000-7ff804d00000 rw-p 00000000 00:00 0 
7ff804e00000-7ff804f00000 rw-p 00000000 00:00 0 
7ff805000000-7ff805100000 rw-p 00000000 00:00 0 
7ff805200000-7ff805300000 rw-p 00000000 00:00 0 
7ff805400000-7ff805500000 rw-p 00000000 00:00 0 
7ff805600000-7ff805700000 rw-p 00000000 00:00 0 
7ff805800000-7ff805900000 rw-p 00000000 00:00 0 
7ff805a00000-7ff805b00000 rw-p 00000000 00:00 0 
7ff805c00000-7ff805d00000 rw-p 00000000 00:00 0 
7ff805e00000-7ff805f00000 rw-p 00000000 00:00 0 
7ff806000000-7ff806100000 rw-p 00000000 00:00 0 
7ff806200000-7ff806300000 rw-p 00000000 00:00 0 
7ff806400000-7ff806500000 ---p 00000000 00:00 0 
7ff806500000-7ff806b5f000 r--p 01362000 103:02 51870081                  /home/a4090/miniconda3/envs/auto_pose/lib/jvm/lib/libjvmcicompiler.so
7ff806b5f000-7ff806d00000 r--p 00000000 00:00 0 
7ff806d00000-7ff806d0e000 rw-p 00000000 00:00 0 
7ff806d0e000-7ff807263000 rw-p 01b70000 103:02 51870081                  /home/a4090/miniconda3/envs/auto_pose/lib/jvm/lib/libjvmcicompiler.so
7ff807263000-7ff8076dd000 r--p 020c5000 103:02 51870081                  /home/a4090/miniconda3/envs/auto_pose/lib/jvm/lib/libjvmcicompiler.so
7ff8076fd000-7ff807701000 ---p 00000000 00:00 0 
7ff807701000-7ff8077fe000 rw-p 00000000 00:00 0 
7ff8077fe000-7ff807802000 ---p 00000000 00:00 0 
7ff807802000-7ff8079ff000 rw-p 00000000 00:00 0 
7ff8079ff000-7ff807a03000 ---p 00000000 00:00 0 
7ff807a03000-7ff807d00000 rw-p 00000000 00:00 0 
7ff807e00000-7ff807f00000 rw-p 00000000 00:00 0 
7ff808000000-7ff808021000 rw-p 00000000 00:00 0 
7ff808021000-7ff80c000000 ---p 00000000 00:00 0 
7ff80c100000-7ff80c200000 rw-p 00000000 00:00 0 
7ff80c300000-7ff80c400000 rw-p 00000000 00:00 0 
7ff80c500000-7ff80c600000 rw-p 00000000 00:00 0 
7ff80c700000-7ff80c800000 rw-p 00000000 00:00 0 
7ff80c900000-7ff80ca00000 rw-p 00000000 00:00 0 
7ff80cb00000-7ff80cc00000 rw-p 00000000 00:00 0 
7ff80cd00000-7ff80ce00000 rw-p 00000000 00:00 0 
7ff80cf00000-7ff80d000000 rw-p 00000000 00:00 0 
7ff80d100000-7ff80d300000 rw-p 00000000 00:00 0 
7ff80d400000-7ff80d500000 rw-p 00000000 00:00 0 
7ff80d600000-7ff80d700000 rw-p 00000000 00:00 0 
7ff80d800000-7ff80d900000 rw-p 00000000 00:00 0 
7ff80da00000-7ff80db00000 rw-p 00000000 00:00 0 
7ff80dc00000-7ff80dd00000 rw-p 00000000 00:00 0 
7ff80de00000-7ff80df00000 rw-p 00000000 00:00 0 
7ff80e000000-7ff80e100000 rw-p 00000000 00:00 0 
7ff80e200000-7ff80e300000 rw-p 00000000 00:00 0 
7ff80e400000-7ff80e500000 rw-p 00000000 00:00 0 
7ff80e600000-7ff80e700000 rw-p 00000000 00:00 0 
7ff80e800000-7ff80e900000 rw-p 00000000 00:00 0 
7ff80ea00000-7ff80eb00000 rw-p 00000000 00:00 0 
7ff80ec00000-7ff80ed00000 rw-p 00000000 00:00 0 
7ff80ee00000-7ff80ef00000 rw-p 00000000 00:00 0 
7ff80f000000-7ff80f100000 rw-p 00000000 00:00 0 
7ff80f200000-7ff80f300000 rw-p 00000000 00:00 0 
7ff80f400000-7ff80f500000 rw-p 00000000 00:00 0 
7ff80f600000-7ff80f700000 rw-p 00000000 00:00 0 
7ff80f800000-7ff80f900000 rw-p 00000000 00:00 0 
7ff80fa00000-7ff80fb00000 rw-p 00000000 00:00 0 
7ff80fc00000-7ff80fd00000 rw-p 00000000 00:00 0 
7ff80fe00000-7ff80ff00000 rw-p 00000000 00:00 0 
7ff810000000-7ff810100000 rw-p 00000000 00:00 0 
7ff810200000-7ff810300000 rw-p 00000000 00:00 0 
7ff810400000-7ff810500000 rw-p 00000000 00:00 0 
7ff810600000-7ff810700000 rw-p 00000000 00:00 0 
7ff810800000-7ff810900000 rw-p 00000000 00:00 0 
7ff810a00000-7ff810b00000 rw-p 00000000 00:00 0 
7ff810c00000-7ff810d00000 rw-p 00000000 00:00 0 
7ff810e00000-7ff810f00000 rw-p 00000000 00:00 0 
7ff811000000-7ff811100000 rw-p 00000000 00:00 0 
7ff811200000-7ff811300000 rw-p 00000000 00:00 0 
7ff811400000-7ff811500000 rw-p 00000000 00:00 0 
7ff81157e000-7ff811700000 rw-p 00000000 00:00 0 
7ff811800000-7ff811900000 rw-p 00000000 00:00 0 
7ff8119bd000-7ff811b00000 rw-p 00000000 00:00 0 
7ff811b72000-7ff811d00000 rw-p 00000000 00:00 0 
7ff811d7e000-7ff811f00000 rw-p 00000000 00:00 0 
7ff811f7e000-7ff812100000 rw-p 00000000 00:00 0 
7ff81217e000-7ff812300000 rw-p 00000000 00:00 0 
7ff812400000-7ff812500000 rw-p 00000000 00:00 0 
7ff812555000-7ff812700000 rw-p 00000000 00:00 0 
7ff81270c000-7ff812900000 rw-p 00000000 00:00 0 
7ff81292f000-7ff812b00000 rw-p 00000000 00:00 0 
7ff812b2f000-7ff812bb4000 rw-p 00000000 00:00 0 
7ff812c00000-7ff812d00000 rw-p 00000000 00:00 0 
7ff812d6c000-7ff812f00000 rw-p 00000000 00:00 0 
7ff812f3f000-7ff813100000 rw-p 00000000 00:00 0 
7ff81310d000-7ff81312e000 rw-p 00000000 00:00 0 
7ff81314a000-7ff813200000 rw-p 00000000 00:00 0 
7ff813219000-7ff81329a000 rw-p 00000000 00:00 0 
7ff813305000-7ff813362000 rw-p 00000000 00:00 0 
7ff81336c000-7ff81338d000 rw-p 00000000 00:00 0 
7ff8133b4000-7ff813522000 rw-p 00000000 00:00 0 
7ff81357f000-7ff813700000 rw-p 00000000 00:00 0 
7ff8137be000-7ff813900000 rw-p 00000000 00:00 0 
7ff813908000-7ff813929000 rw-p 00000000 00:00 0 
7ff813935000-7ff813998000 rw-p 00000000 00:00 0 
7ff813999000-7ff8139ba000 rw-p 00000000 00:00 0 
7ff8139e0000-7ff813a01000 rw-p 00000000 00:00 0 
7ff813a89000-7ff813b7b000 rw-p 00000000 00:00 0 
7ff813bab000-7ff813d00000 rw-p 00000000 00:00 0 
7ff813d07000-7ff813d28000 rw-p 00000000 00:00 0 
7ff813d5d000-7ff813f00000 rw-p 00000000 00:00 0 
7ff813f06000-7ff813f90000 rw-p 00000000 00:00 0 
7ff813f90000-7ff813f92000 r--p 00000000 103:02 39852051                  /usr/lib/x86_64-linux-gnu/libcrypt.so.1.1.0
7ff813f92000-7ff813fa7000 r-xp 00002000 103:02 39852051                  /usr/lib/x86_64-linux-gnu/libcrypt.so.1.1.0
7ff813fa7000-7ff813fc1000 r--p 00017000 103:02 39852051                  /usr/lib/x86_64-linux-gnu/libcrypt.so.1.1.0
7ff813fc1000-7ff813fc2000 r--p 00030000 103:02 39852051                  /usr/lib/x86_64-linux-gnu/libcrypt.so.1.1.0
7ff813fc2000-7ff813fc3000 rw-p 00031000 103:02 39852051                  /usr/lib/x86_64-linux-gnu/libcrypt.so.1.1.0
7ff813fc3000-7ff813fcb000 rw-p 00000000 00:00 0 
7ff813fcd000-7ff814000000 rw-p 00000000 00:00 0 
7ff814000000-7ff81403c000 rw-p 00000000 00:00 0 
7ff81403c000-7ff818000000 ---p 00000000 00:00 0 
7ff818000000-7ff818034000 rw-p 00000000 00:00 0 
7ff818034000-7ff81c000000 ---p 00000000 00:00 0 
7ff81c004000-7ff81c026000 rw-p 00000000 00:00 0 
7ff81c05a000-7ff81c0fe000 rw-p 00000000 00:00 0 
7ff81c0fe000-7ff81c102000 ---p 00000000 00:00 0 
7ff81c102000-7ff81c1ff000 rw-p 00000000 00:00 0 
7ff81c1ff000-7ff81c203000 ---p 00000000 00:00 0 
7ff81c203000-7ff81c400000 rw-p 00000000 00:00 0 
7ff81c40f000-7ff81c500000 rw-p 00000000 00:00 0 
7ff81c500000-7ff81c600000 ---p 00000000 00:00 0 
7ff81c600000-7ff81cc5f000 r--p 01362000 103:02 51870081                  /home/a4090/miniconda3/envs/auto_pose/lib/jvm/lib/libjvmcicompiler.so
7ff81cc5f000-7ff81ce00000 r--p 00000000 00:00 0 
7ff81ce00000-7ff81ce0e000 rw-p 00000000 00:00 0 
7ff81ce0e000-7ff81d363000 rw-p 01b70000 103:02 51870081                  /home/a4090/miniconda3/envs/auto_pose/lib/jvm/lib/libjvmcicompiler.so
7ff81d363000-7ff81d7dd000 r--p 020c5000 103:02 51870081                  /home/a4090/miniconda3/envs/auto_pose/lib/jvm/lib/libjvmcicompiler.so
7ff81d7de000-7ff81d800000 rw-p 00000000 00:00 0 
7ff81d800000-7ff81d900000 ---p 00000000 00:00 0 
7ff81d900000-7ff81df5f000 r--p 01362000 103:02 51870081                  /home/a4090/miniconda3/envs/auto_pose/lib/jvm/lib/libjvmcicompiler.so
7ff81df5f000-7ff81e100000 r--p 00000000 00:00 0 
7ff81e100000-7ff81e10e000 rw-p 00000000 00:00 0 
7ff81e10e000-7ff81e663000 rw-p 01b70000 103:02 51870081                  /home/a4090/miniconda3/envs/auto_pose/lib/jvm/lib/libjvmcicompiler.so
7ff81e663000-7ff81eadd000 r--p 020c5000 103:02 51870081                  /home/a4090/miniconda3/envs/auto_pose/lib/jvm/lib/libjvmcicompiler.so
7ff81eade000-7ff81ec00000 rw-p 00000000 00:00 0 
7ff81ec1e000-7ff81ec51000 rw-p 00000000 00:00 0 
7ff81ec5e000-7ff81ecb0000 rw-p 00000000 00:00 0 
7ff81ecb9000-7ff81ed00000 rw-p 00000000 00:00 0 
7ff81ed00000-7ff81ee00000 ---p 00000000 00:00 0 
7ff81ee00000-7ff81f45f000 r--p 01362000 103:02 51870081                  /home/a4090/miniconda3/envs/auto_pose/lib/jvm/lib/libjvmcicompiler.so
7ff81f45f000-7ff81f600000 r--p 00000000 00:00 0 
7ff81f600000-7ff81f60e000 rw-p 00000000 00:00 0 
7ff81f60e000-7ff81fb63000 rw-p 01b70000 103:02 51870081                  /home/a4090/miniconda3/envs/auto_pose/lib/jvm/lib/libjvmcicompiler.so
7ff81fb63000-7ff81ffdd000 r--p 020c5000 103:02 51870081                  /home/a4090/miniconda3/envs/auto_pose/lib/jvm/lib/libjvmcicompiler.so
7ff81ffdf000-7ff820000000 rw-p 00000000 00:00 0 
7ff820000000-7ff82002b000 rw-p 00000000 00:00 0 
7ff82002b000-7ff824000000 ---p 00000000 00:00 0 
7ff824015000-7ff82403c000 rw-p 00000000 00:00 0 
7ff824055000-7ff82407f000 rw-p 00000000 00:00 0 
7ff824082000-7ff8240fd000 rw-p 00000000 00:00 0 
7ff8240fd000-7ff824101000 ---p 00000000 00:00 0 
7ff824101000-7ff8242fe000 rw-p 00000000 00:00 0 
7ff8242fe000-7ff824302000 ---p 00000000 00:00 0 
7ff824302000-7ff8244ff000 rw-p 00000000 00:00 0 
7ff8244ff000-7ff824503000 ---p 00000000 00:00 0 
7ff824503000-7ff824700000 rw-p 00000000 00:00 0 
7ff824700000-7ff824800000 ---p 00000000 00:00 0 
7ff824800000-7ff824e5f000 r--p 01362000 103:02 51870081                  /home/a4090/miniconda3/envs/auto_pose/lib/jvm/lib/libjvmcicompiler.so
7ff824e5f000-7ff825000000 r--p 00000000 00:00 0 
7ff825000000-7ff82500e000 rw-p 00000000 00:00 0 
7ff82500e000-7ff825563000 rw-p 01b70000 103:02 51870081                  /home/a4090/miniconda3/envs/auto_pose/lib/jvm/lib/libjvmcicompiler.so
7ff825563000-7ff8259dd000 r--p 020c5000 103:02 51870081                  /home/a4090/miniconda3/envs/auto_pose/lib/jvm/lib/libjvmcicompiler.so
7ff8259ee000-7ff825a18000 rw-p 00000000 00:00 0 
7ff825a27000-7ff825ab4000 rw-p 00000000 00:00 0 
7ff825ab4000-7ff825c37000 r--p 00000000 103:02 51870081                  /home/a4090/miniconda3/envs/auto_pose/lib/jvm/lib/libjvmcicompiler.so
7ff825c37000-7ff826e0d000 r-xp 00183000 103:02 51870081                  /home/a4090/miniconda3/envs/auto_pose/lib/jvm/lib/libjvmcicompiler.so
7ff826e0d000-7ff827ff7000 r--p 01359000 103:02 51870081                  /home/a4090/miniconda3/envs/auto_pose/lib/jvm/lib/libjvmcicompiler.so
7ff827ff7000-7ff827ffb000 rw-p 02543000 103:02 51870081                  /home/a4090/miniconda3/envs/auto_pose/lib/jvm/lib/libjvmcicompiler.so
7ff827ffb000-7ff828000000 rw-p 027b8000 103:02 51870081                  /home/a4090/miniconda3/envs/auto_pose/lib/jvm/lib/libjvmcicompiler.so
7ff828000000-7ff828021000 rw-p 00000000 00:00 0 
7ff828021000-7ff82c000000 ---p 00000000 00:00 0 
7ff82c000000-7ff82c021000 rw-p 00000000 00:00 0 
7ff82c021000-7ff830000000 ---p 00000000 00:00 0 
7ff830000000-7ff8302e7000 rw-p 00000000 00:00 0 
7ff8302e7000-7ff834000000 ---p 00000000 00:00 0 
7ff834000000-7ff8343af000 rw-p 00000000 00:00 0 
7ff8343af000-7ff838000000 ---p 00000000 00:00 0 
7ff838000000-7ff838021000 rw-p 00000000 00:00 0 
7ff838021000-7ff83c000000 ---p 00000000 00:00 0 
7ff83c000000-7ff83c35b000 rw-p 00000000 00:00 0 
7ff83c35b000-7ff840000000 ---p 00000000 00:00 0 
7ff840000000-7ff84031b000 rw-p 00000000 00:00 0 
7ff84031b000-7ff844000000 ---p 00000000 00:00 0 
7ff844000000-7ff844021000 rw-p 00000000 00:00 0 
7ff844021000-7ff848000000 ---p 00000000 00:00 0 
7ff848000000-7ff848021000 rw-p 00000000 00:00 0 
7ff848021000-7ff84c000000 ---p 00000000 00:00 0 
7ff84c000000-7ff84c0a3000 rw-p 00000000 00:00 0 
7ff84c0a3000-7ff850000000 ---p 00000000 00:00 0 
7ff850000000-7ff850021000 rw-p 00000000 00:00 0 
7ff850021000-7ff854000000 ---p 00000000 00:00 0 
7ff854000000-7ff854021000 rw-p 00000000 00:00 0 
7ff854021000-7ff858000000 ---p 00000000 00:00 0 
7ff858000000-7ff858021000 rw-p 00000000 00:00 0 
7ff858021000-7ff85c000000 ---p 00000000 00:00 0 
7ff85c000000-7ff85c021000 rw-p 00000000 00:00 0 
7ff85c021000-7ff860000000 ---p 00000000 00:00 0 
7ff860000000-7ff860026000 rw-p 00000000 00:00 0 
7ff860026000-7ff864000000 ---p 00000000 00:00 0 
7ff864000000-7ff864021000 rw-p 00000000 00:00 0 
7ff864021000-7ff868000000 ---p 00000000 00:00 0 
7ff868000000-7ff868400000 rw-p 00000000 00:00 0 
7ff868400000-7ff868900000 rw-p 00000000 00:00 0 
7ff868900000-7ff868b00000 rw-p 00000000 00:00 0 
7ff868b00000-7ff868b80000 rw-p 00000000 00:00 0 
7ff868b80000-7ff868c00000 rw-p 00000000 00:00 0 
7ff868c00000-7ff868f00000 rw-p 00000000 00:00 0 
7ff868f00000-7ff869000000 rw-p 00000000 00:00 0 
7ff869000000-7ff869300000 rw-p 00000000 00:00 0 
7ff869300000-7ff8693c0000 rw-p 00000000 00:00 0 
7ff8693c0000-7ff869400000 rw-p 00000000 00:00 0 
7ff869400000-7ff8697e0000 rw-p 00000000 00:00 0 
7ff8697e0000-7ff869800000 rw-p 00000000 00:00 0 
7ff869800000-7ff86ab80000 rw-p 00000000 00:00 0 
7ff86ab80000-7ff86ac00000 rw-p 00000000 00:00 0 
7ff86ac00000-7ff86b7b0000 rw-p 00000000 00:00 0 
7ff86b7b0000-7ff86b800000 ---p 00000000 00:00 0 
7ff86b800000-7ff86bd80000 rw-p 00000000 00:00 0 
7ff86bd80000-7ff86c000000 ---p 00000000 00:00 0 
7ff86c000000-7ff86c021000 rw-p 00000000 00:00 0 
7ff86c021000-7ff870000000 ---p 00000000 00:00 0 
7ff870000000-7ff870100000 rw-p 00000000 00:00 0 
7ff87010a000-7ff87010d000 r--p 00000000 103:02 51869393                  /home/a4090/miniconda3/envs/auto_pose/lib/jvm/lib/libtrufflenfi.so
7ff87010d000-7ff87011a000 r-xp 00003000 103:02 51869393                  /home/a4090/miniconda3/envs/auto_pose/lib/jvm/lib/libtrufflenfi.so
7ff87011a000-7ff87011d000 r--p 00010000 103:02 51869393                  /home/a4090/miniconda3/envs/auto_pose/lib/jvm/lib/libtrufflenfi.so
7ff87011d000-7ff87011e000 r--p 00012000 103:02 51869393                  /home/a4090/miniconda3/envs/auto_pose/lib/jvm/lib/libtrufflenfi.so
7ff87011e000-7ff87011f000 rw-p 00013000 103:02 51869393                  /home/a4090/miniconda3/envs/auto_pose/lib/jvm/lib/libtrufflenfi.so
7ff87011f000-7ff870120000 rw-p 0004a000 103:02 51869393                  /home/a4090/miniconda3/envs/auto_pose/lib/jvm/lib/libtrufflenfi.so
7ff870123000-7ff8701de000 rw-p 00000000 00:00 0 
7ff8701df000-7ff870300000 rw-p 00000000 00:00 0 
7ff87030e000-7ff870313000 r--p 00000000 103:02 51867375                  /home/a4090/miniconda3/envs/auto_pose/lib/jvm/languages/python/lib/graalpy23.0/libposix.graalpy230-310-native-x86_64-linux.so
7ff870313000-7ff870317000 r-xp 00004000 103:02 51867375                  /home/a4090/miniconda3/envs/auto_pose/lib/jvm/languages/python/lib/graalpy23.0/libposix.graalpy230-310-native-x86_64-linux.so
7ff870317000-7ff870318000 r--p 00007000 103:02 51867375                  /home/a4090/miniconda3/envs/auto_pose/lib/jvm/languages/python/lib/graalpy23.0/libposix.graalpy230-310-native-x86_64-linux.so
7ff870318000-7ff870319000 rw-p 00007000 103:02 51867375                  /home/a4090/miniconda3/envs/auto_pose/lib/jvm/languages/python/lib/graalpy23.0/libposix.graalpy230-310-native-x86_64-linux.so
7ff870319000-7ff87031c000 rw-p 00039000 103:02 51867375                  /home/a4090/miniconda3/envs/auto_pose/lib/jvm/languages/python/lib/graalpy23.0/libposix.graalpy230-310-native-x86_64-linux.so
7ff87032f000-7ff870384000 rw-p 00000000 00:00 0 
7ff870388000-7ff8703cc000 rw-p 00000000 00:00 0 
7ff8703cc000-7ff8703d9000 r-xp 00000000 103:02 51866632                  /home/a4090/miniconda3/envs/auto_pose/lib/jvm/lib/libverify.so
7ff8703d9000-7ff8703db000 r--p 0000c000 103:02 51866632                  /home/a4090/miniconda3/envs/auto_pose/lib/jvm/lib/libverify.so
7ff8703db000-7ff8703dc000 rw-p 0000e000 103:02 51866632                  /home/a4090/miniconda3/envs/auto_pose/lib/jvm/lib/libverify.so
7ff8703dc000-7ff8703de000 rw-p 00010000 103:02 51866632                  /home/a4090/miniconda3/envs/auto_pose/lib/jvm/lib/libverify.so
7ff8703de000-7ff8703e2000 ---p 00000000 00:00 0 
7ff8703e2000-7ff870500000 rw-p 00000000 00:00 0 
7ff870504000-7ff87050b000 r--s 00000000 103:02 40504943                  /usr/lib/x86_64-linux-gnu/gconv/gconv-modules.cache
7ff87050b000-7ff870511000 r-xp 00000000 103:02 51869757                  /home/a4090/miniconda3/envs/auto_pose/lib/jvm/lib/libmanagement_ext.so
7ff870511000-7ff870512000 r--p 00005000 103:02 51869757                  /home/a4090/miniconda3/envs/auto_pose/lib/jvm/lib/libmanagement_ext.so
7ff870512000-7ff870513000 rw-p 00006000 103:02 51869757                  /home/a4090/miniconda3/envs/auto_pose/lib/jvm/lib/libmanagement_ext.so
7ff870513000-7ff870516000 rw-p 00009000 103:02 51869757                  /home/a4090/miniconda3/envs/auto_pose/lib/jvm/lib/libmanagement_ext.so
7ff870516000-7ff87051a000 r-xp 00000000 103:02 51871985                  /home/a4090/miniconda3/envs/auto_pose/lib/jvm/lib/libmanagement.so
7ff87051a000-7ff87051b000 r--p 00003000 103:02 51871985                  /home/a4090/miniconda3/envs/auto_pose/lib/jvm/lib/libmanagement.so
7ff87051b000-7ff87051c000 rw-p 00004000 103:02 51871985                  /home/a4090/miniconda3/envs/auto_pose/lib/jvm/lib/libmanagement.so
7ff87051c000-7ff87051f000 rw-p 00007000 103:02 51871985                  /home/a4090/miniconda3/envs/auto_pose/lib/jvm/lib/libmanagement.so
7ff87051f000-7ff870581000 rw-p 00000000 00:00 0 
7ff870581000-7ff870582000 ---p 00000000 00:00 0 
7ff870582000-7ff870683000 rw-p 00000000 00:00 0 
7ff870683000-7ff870687000 ---p 00000000 00:00 0 
7ff870687000-7ff870784000 rw-p 00000000 00:00 0 
7ff870784000-7ff870788000 ---p 00000000 00:00 0 
7ff870788000-7ff870985000 rw-p 00000000 00:00 0 
7ff870985000-7ff870989000 ---p 00000000 00:00 0 
7ff870989000-7ff870b86000 rw-p 00000000 00:00 0 
7ff870b86000-7ff870b8a000 ---p 00000000 00:00 0 
7ff870b8a000-7ff870d87000 rw-p 00000000 00:00 0 
7ff870d87000-7ff870d8b000 ---p 00000000 00:00 0 
7ff870d8b000-7ff870e88000 rw-p 00000000 00:00 0 
7ff870e88000-7ff870e8c000 ---p 00000000 00:00 0 
7ff870e8c000-7ff870f89000 rw-p 00000000 00:00 0 
7ff870f89000-7ff870f8d000 ---p 00000000 00:00 0 
7ff870f8d000-7ff87118a000 rw-p 00000000 00:00 0 
7ff87118a000-7ff87118e000 ---p 00000000 00:00 0 
7ff87118e000-7ff87138b000 rw-p 00000000 00:00 0 
7ff87138b000-7ff87138f000 ---p 00000000 00:00 0 
7ff87138f000-7ff87148c000 rw-p 00000000 00:00 0 
7ff87148c000-7ff871490000 ---p 00000000 00:00 0 
7ff871490000-7ff87158d000 rw-p 00000000 00:00 0 
7ff87158d000-7ff871591000 ---p 00000000 00:00 0 
7ff871591000-7ff87168e000 rw-p 00000000 00:00 0 
7ff87168e000-7ff871eff000 r--p 00000000 103:02 39848971                  /usr/lib/locale/locale-archive
7ff871eff000-7ff871f03000 ---p 00000000 00:00 0 
7ff871f03000-7ff874000000 rw-p 00000000 00:00 0 
7ff874000000-7ff874021000 rw-p 00000000 00:00 0 
7ff874021000-7ff878000000 ---p 00000000 00:00 0 
7ff878000000-7ff878021000 rw-p 00000000 00:00 0 
7ff878021000-7ff87c000000 ---p 00000000 00:00 0 
7ff87c000000-7ff87c021000 rw-p 00000000 00:00 0 
7ff87c021000-7ff880000000 ---p 00000000 00:00 0 
7ff880002000-7ff880003000 r--p 00000000 00:00 0 
7ff880003000-7ff88000a000 r-xp 00000000 103:02 51866985                  /home/a4090/miniconda3/envs/auto_pose/lib/jvm/lib/libzip.so
7ff88000a000-7ff88000b000 ---p 00007000 103:02 51866985                  /home/a4090/miniconda3/envs/auto_pose/lib/jvm/lib/libzip.so
7ff88000b000-7ff88000c000 r--p 00007000 103:02 51866985                  /home/a4090/miniconda3/envs/auto_pose/lib/jvm/lib/libzip.so
7ff88000c000-7ff88000d000 rw-p 00008000 103:02 51866985                  /home/a4090/miniconda3/envs/auto_pose/lib/jvm/lib/libzip.so
7ff88000d000-7ff880010000 rw-p 0000b000 103:02 51866985                  /home/a4090/miniconda3/envs/auto_pose/lib/jvm/lib/libzip.so
7ff880010000-7ff880013000 r--p 00000000 103:02 65812693                  /home/a4090/miniconda3/envs/auto_pose/lib/libz.so.1.2.13
7ff880013000-7ff880022000 r-xp 00003000 103:02 65812693                  /home/a4090/miniconda3/envs/auto_pose/lib/libz.so.1.2.13
7ff880022000-7ff880029000 r--p 00012000 103:02 65812693                  /home/a4090/miniconda3/envs/auto_pose/lib/libz.so.1.2.13
7ff880029000-7ff88002a000 r--p 00018000 103:02 65812693                  /home/a4090/miniconda3/envs/auto_pose/lib/libz.so.1.2.13
7ff88002a000-7ff88002b000 rw-p 00019000 103:02 65812693                  /home/a4090/miniconda3/envs/auto_pose/lib/libz.so.1.2.13
7ff88002b000-7ff880040000 r-xp 00000000 103:02 51865979                  /home/a4090/miniconda3/envs/auto_pose/lib/jvm/lib/libnet.so
7ff880040000-7ff880041000 ---p 00015000 103:02 51865979                  /home/a4090/miniconda3/envs/auto_pose/lib/jvm/lib/libnet.so
7ff880041000-7ff880042000 r--p 00015000 103:02 51865979                  /home/a4090/miniconda3/envs/auto_pose/lib/jvm/lib/libnet.so
7ff880042000-7ff880043000 rw-p 00016000 103:02 51865979                  /home/a4090/miniconda3/envs/auto_pose/lib/jvm/lib/libnet.so
7ff880043000-7ff880048000 rw-p 0001b000 103:02 51865979                  /home/a4090/miniconda3/envs/auto_pose/lib/jvm/lib/libnet.so
7ff880048000-7ff88005b000 r-xp 00000000 103:02 51865608                  /home/a4090/miniconda3/envs/auto_pose/lib/jvm/lib/libnio.so
7ff88005b000-7ff88005c000 r--p 00012000 103:02 51865608                  /home/a4090/miniconda3/envs/auto_pose/lib/jvm/lib/libnio.so
7ff88005c000-7ff88005d000 rw-p 00013000 103:02 51865608                  /home/a4090/miniconda3/envs/auto_pose/lib/jvm/lib/libnio.so
7ff88005d000-7ff880065000 rw-p 00019000 103:02 51865608                  /home/a4090/miniconda3/envs/auto_pose/lib/jvm/lib/libnio.so
7ff880065000-7ff880069000 ---p 00000000 00:00 0 
7ff880069000-7ff880166000 rw-p 00000000 00:00 0 
7ff880166000-7ff880167000 ---p 00000000 00:00 0 
7ff880167000-7ff880268000 rw-p 00000000 00:00 0 
7ff880268000-7ff880336000 r-xp 00000000 103:02 51869100                  /home/a4090/miniconda3/envs/auto_pose/lib/jvm/lib/libjsvml.so
7ff880336000-7ff880337000 r--p 000cd000 103:02 51869100                  /home/a4090/miniconda3/envs/auto_pose/lib/jvm/lib/libjsvml.so
7ff880337000-7ff880338000 rw-p 000ce000 103:02 51869100                  /home/a4090/miniconda3/envs/auto_pose/lib/jvm/lib/libjsvml.so
7ff880338000-7ff88033e000 rw-p 000d4000 103:02 51869100                  /home/a4090/miniconda3/envs/auto_pose/lib/jvm/lib/libjsvml.so
7ff88033e000-7ff88045b000 rw-p 00000000 00:00 0 
7ff88045b000-7ff88045c000 ---p 00000000 00:00 0 
7ff88045c000-7ff88055d000 rw-p 00000000 00:00 0 
7ff88055d000-7ff88055e000 ---p 00000000 00:00 0 
7ff88055e000-7ff881d76000 rw-p 00000000 00:00 0 
7ff881d76000-7ff881d77000 ---p 00000000 00:00 0 
7ff881d77000-7ff881e78000 rw-p 00000000 00:00 0 
7ff881e78000-7ff881e79000 ---p 00000000 00:00 0 
7ff881e79000-7ff881f7a000 rw-p 00000000 00:00 0 
7ff881f7a000-7ff881f7b000 ---p 00000000 00:00 0 
7ff881f7b000-7ff882764000 rw-p 00000000 00:00 0 
7ff882764000-7ff884164000 ---p 00000000 00:00 0 
7ff884164000-7ff8841a4000 rw-p 00000000 00:00 0 
7ff8841a4000-7ff8a0124000 ---p 00000000 00:00 0 
7ff8a0124000-7ff8a06e4000 rw-p 00000000 00:00 0 
7ff8a06e4000-7ff8a20e4000 ---p 00000000 00:00 0 
7ff8a20e4000-7ff8a2124000 rw-p 00000000 00:00 0 
7ff8a2124000-7ff8be0a4000 ---p 00000000 00:00 0 
7ff8be0a4000-7ff8be1cc000 rw-p 00000000 00:00 0 
7ff8be1cc000-7ff8be50c000 ---p 00000000 00:00 0 
7ff8be50c000-7ff8be514000 rw-p 00000000 00:00 0 
7ff8be514000-7ff8c1d04000 ---p 00000000 00:00 0 
7ff8c1d04000-7ff8c1dbc000 rw-p 00000000 00:00 0 
7ff8c1dbc000-7ff8c20fc000 ---p 00000000 00:00 0 
7ff8c20fc000-7ff8c2104000 rw-p 00000000 00:00 0 
7ff8c2104000-7ff8c58f4000 ---p 00000000 00:00 0 
7ff8c58f4000-7ff8c59ac000 rw-p 00000000 00:00 0 
7ff8c59ac000-7ff8c5cec000 ---p 00000000 00:00 0 
7ff8c5cec000-7ff8c5cf4000 rw-p 00000000 00:00 0 
7ff8c5cf4000-7ff8c94e4000 ---p 00000000 00:00 0 
7ff8c94e4000-7ff8cad01000 rw-p 00000000 00:00 0 
7ff8cad01000-7ff8cade0000 ---p 00000000 00:00 0 
7ff8cade0000-7ff8cae04000 rw-p 00000000 00:00 0 
7ff8cae04000-7ff8caec5000 ---p 00000000 00:00 0 
7ff8caec5000-7ff8caed2000 rw-p 00000000 00:00 0 
7ff8caed2000-7ff8caedc000 ---p 00000000 00:00 0 
7ff8caedc000-7ff8cc08c000 rwxp 00000000 00:00 0 
7ff8cc08c000-7ff8d2152000 ---p 00000000 00:00 0 
7ff8d2152000-7ff8d27c2000 rwxp 00000000 00:00 0 
7ff8d27c2000-7ff8d2c66000 ---p 00000000 00:00 0 
7ff8d2c66000-7ff8d2f66000 rwxp 00000000 00:00 0 
7ff8d2f66000-7ff8d9edc000 ---p 00000000 00:00 0 
7ff8d9edc000-7ff8d9f00000 r-xp 00000000 103:02 51869794                  /home/a4090/miniconda3/envs/auto_pose/lib/jvm/lib/libjava.so
7ff8d9f00000-7ff8d9f01000 ---p 00024000 103:02 51869794                  /home/a4090/miniconda3/envs/auto_pose/lib/jvm/lib/libjava.so
7ff8d9f01000-7ff8d9f02000 r--p 00024000 103:02 51869794                  /home/a4090/miniconda3/envs/auto_pose/lib/jvm/lib/libjava.so
7ff8d9f02000-7ff8d9f03000 rw-p 00025000 103:02 51869794                  /home/a4090/miniconda3/envs/auto_pose/lib/jvm/lib/libjava.so
7ff8d9f03000-7ff8d9f04000 rw-p 00000000 00:00 0 
7ff8d9f04000-7ff8d9f0f000 rw-p 0002f000 103:02 51869794                  /home/a4090/miniconda3/envs/auto_pose/lib/jvm/lib/libjava.so
7ff8d9f0f000-7ff8d9f17000 rw-s 00000000 103:02 63966921                  /tmp/hsperfdata_a4090/162460
7ff8d9f17000-7ff8d9f1a000 r--p 00000000 103:02 39848170                  /usr/lib/x86_64-linux-gnu/libnss_files-2.31.so
7ff8d9f1a000-7ff8d9f21000 r-xp 00003000 103:02 39848170                  /usr/lib/x86_64-linux-gnu/libnss_files-2.31.so
7ff8d9f21000-7ff8d9f23000 r--p 0000a000 103:02 39848170                  /usr/lib/x86_64-linux-gnu/libnss_files-2.31.so
7ff8d9f23000-7ff8d9f24000 r--p 0000b000 103:02 39848170                  /usr/lib/x86_64-linux-gnu/libnss_files-2.31.so
7ff8d9f24000-7ff8d9f25000 rw-p 0000c000 103:02 39848170                  /usr/lib/x86_64-linux-gnu/libnss_files-2.31.so
7ff8d9f25000-7ff8d9f2b000 rw-p 00000000 00:00 0 
7ff8d9f2b000-7ff8d9f2c000 ---p 00000000 00:00 0 
7ff8d9f2c000-7ff8d9f2d000 r--p 00000000 00:00 0 
7ff8d9f2d000-7ff8e3cc5000 r--s 00000000 103:02 51868487                  /home/a4090/miniconda3/envs/auto_pose/lib/jvm/lib/modules
7ff8e3cc5000-7ff8e3ce0000 r-xp 00000000 103:02 51869974                  /home/a4090/miniconda3/envs/auto_pose/lib/jvm/lib/libjimage.so
7ff8e3ce0000-7ff8e3ce1000 ---p 0001b000 103:02 51869974                  /home/a4090/miniconda3/envs/auto_pose/lib/jvm/lib/libjimage.so
7ff8e3ce1000-7ff8e3ce3000 r--p 0001b000 103:02 51869974                  /home/a4090/miniconda3/envs/auto_pose/lib/jvm/lib/libjimage.so
7ff8e3ce3000-7ff8e3ce4000 rw-p 0001d000 103:02 51869974                  /home/a4090/miniconda3/envs/auto_pose/lib/jvm/lib/libjimage.so
7ff8e3ce4000-7ff8e3ce6000 rw-p 00024000 103:02 51869974                  /home/a4090/miniconda3/envs/auto_pose/lib/jvm/lib/libjimage.so
7ff8e3ce6000-7ff8e3ce8000 r--p 00000000 103:02 39848193                  /usr/lib/x86_64-linux-gnu/librt-2.31.so
7ff8e3ce8000-7ff8e3cec000 r-xp 00002000 103:02 39848193                  /usr/lib/x86_64-linux-gnu/librt-2.31.so
7ff8e3cec000-7ff8e3cee000 r--p 00006000 103:02 39848193                  /usr/lib/x86_64-linux-gnu/librt-2.31.so
7ff8e3cee000-7ff8e3cef000 r--p 00007000 103:02 39848193                  /usr/lib/x86_64-linux-gnu/librt-2.31.so
7ff8e3cef000-7ff8e3cf0000 rw-p 00008000 103:02 39848193                  /usr/lib/x86_64-linux-gnu/librt-2.31.so
7ff8e3cf0000-7ff8e4e0f000 r-xp 00000000 103:02 51866492                  /home/a4090/miniconda3/envs/auto_pose/lib/jvm/lib/server/libjvm.so
7ff8e4e0f000-7ff8e4e10000 ---p 0111f000 103:02 51866492                  /home/a4090/miniconda3/envs/auto_pose/lib/jvm/lib/server/libjvm.so
7ff8e4e10000-7ff8e4ec5000 r--p 0111f000 103:02 51866492                  /home/a4090/miniconda3/envs/auto_pose/lib/jvm/lib/server/libjvm.so
7ff8e4ec5000-7ff8e4ef9000 rw-p 011d4000 103:02 51866492                  /home/a4090/miniconda3/envs/auto_pose/lib/jvm/lib/server/libjvm.so
7ff8e4ef9000-7ff8e4f52000 rw-p 00000000 00:00 0 
7ff8e4f52000-7ff8e4f58000 rw-p 015a3000 103:02 51866492                  /home/a4090/miniconda3/envs/auto_pose/lib/jvm/lib/server/libjvm.so
7ff8e4f58000-7ff8e4f5b000 rw-p 00000000 00:00 0 
7ff8e4f5b000-7ff8e4f7d000 r--p 00000000 103:02 39848138                  /usr/lib/x86_64-linux-gnu/libc-2.31.so
7ff8e4f7d000-7ff8e50f5000 r-xp 00022000 103:02 39848138                  /usr/lib/x86_64-linux-gnu/libc-2.31.so
7ff8e50f5000-7ff8e5143000 r--p 0019a000 103:02 39848138                  /usr/lib/x86_64-linux-gnu/libc-2.31.so
7ff8e5143000-7ff8e5147000 r--p 001e7000 103:02 39848138                  /usr/lib/x86_64-linux-gnu/libc-2.31.so
7ff8e5147000-7ff8e5149000 rw-p 001eb000 103:02 39848138                  /usr/lib/x86_64-linux-gnu/libc-2.31.so
7ff8e5149000-7ff8e514f000 rw-p 00000000 00:00 0 
7ff8e514f000-7ff8e5155000 r--p 00000000 103:02 39848188                  /usr/lib/x86_64-linux-gnu/libpthread-2.31.so
7ff8e5155000-7ff8e5166000 r-xp 00006000 103:02 39848188                  /usr/lib/x86_64-linux-gnu/libpthread-2.31.so
7ff8e5166000-7ff8e516c000 r--p 00017000 103:02 39848188                  /usr/lib/x86_64-linux-gnu/libpthread-2.31.so
7ff8e516c000-7ff8e516d000 r--p 0001c000 103:02 39848188                  /usr/lib/x86_64-linux-gnu/libpthread-2.31.so
7ff8e516d000-7ff8e516e000 rw-p 0001d000 103:02 39848188                  /usr/lib/x86_64-linux-gnu/libpthread-2.31.so
7ff8e516e000-7ff8e5172000 rw-p 00000000 00:00 0 
7ff8e5172000-7ff8e5176000 r--p 00000000 103:02 51864144                  /home/a4090/miniconda3/envs/auto_pose/lib/libgcc_s.so.1
7ff8e5176000-7ff8e518b000 r-xp 00004000 103:02 51864144                  /home/a4090/miniconda3/envs/auto_pose/lib/libgcc_s.so.1
7ff8e518b000-7ff8e518f000 r--p 00019000 103:02 51864144                  /home/a4090/miniconda3/envs/auto_pose/lib/libgcc_s.so.1
7ff8e518f000-7ff8e5190000 r--p 0001c000 103:02 51864144                  /home/a4090/miniconda3/envs/auto_pose/lib/libgcc_s.so.1
7ff8e5190000-7ff8e5191000 rw-p 0001d000 103:02 51864144                  /home/a4090/miniconda3/envs/auto_pose/lib/libgcc_s.so.1
7ff8e5191000-7ff8e519e000 r--p 00000000 103:02 39848143                  /usr/lib/x86_64-linux-gnu/libm-2.31.so
7ff8e519e000-7ff8e5245000 r-xp 0000d000 103:02 39848143                  /usr/lib/x86_64-linux-gnu/libm-2.31.so
7ff8e5245000-7ff8e52de000 r--p 000b4000 103:02 39848143                  /usr/lib/x86_64-linux-gnu/libm-2.31.so
7ff8e52de000-7ff8e52df000 r--p 0014c000 103:02 39848143                  /usr/lib/x86_64-linux-gnu/libm-2.31.so
7ff8e52df000-7ff8e52e0000 rw-p 0014d000 103:02 39848143                  /usr/lib/x86_64-linux-gnu/libm-2.31.so
7ff8e52e0000-7ff8e5389000 r--p 00000000 103:02 51864761                  /home/a4090/miniconda3/envs/auto_pose/lib/libstdc++.so.6.0.33
7ff8e5389000-7ff8e5429000 r-xp 000a9000 103:02 51864761                  /home/a4090/miniconda3/envs/auto_pose/lib/libstdc++.so.6.0.33
7ff8e5429000-7ff8e54af000 r--p 00149000 103:02 51864761                  /home/a4090/miniconda3/envs/auto_pose/lib/libstdc++.so.6.0.33
7ff8e54af000-7ff8e54ba000 r--p 001cf000 103:02 51864761                  /home/a4090/miniconda3/envs/auto_pose/lib/libstdc++.so.6.0.33
7ff8e54ba000-7ff8e54be000 rw-p 001da000 103:02 51864761                  /home/a4090/miniconda3/envs/auto_pose/lib/libstdc++.so.6.0.33
7ff8e54be000-7ff8e54c2000 rw-p 00000000 00:00 0 
7ff8e54c2000-7ff8e54c3000 r--p 00000000 103:02 39848142                  /usr/lib/x86_64-linux-gnu/libdl-2.31.so
7ff8e54c3000-7ff8e54c5000 r-xp 00001000 103:02 39848142                  /usr/lib/x86_64-linux-gnu/libdl-2.31.so
7ff8e54c5000-7ff8e54c6000 r--p 00003000 103:02 39848142                  /usr/lib/x86_64-linux-gnu/libdl-2.31.so
7ff8e54c6000-7ff8e54c7000 r--p 00003000 103:02 39848142                  /usr/lib/x86_64-linux-gnu/libdl-2.31.so
7ff8e54c7000-7ff8e54c8000 rw-p 00004000 103:02 39848142                  /usr/lib/x86_64-linux-gnu/libdl-2.31.so
7ff8e54c8000-7ff8e54ca000 rw-p 00000000 00:00 0 
7ff8e54ca000-7ff8e54cb000 r--p 00000000 103:02 39848110                  /usr/lib/x86_64-linux-gnu/ld-2.31.so
7ff8e54cb000-7ff8e54ee000 r-xp 00001000 103:02 39848110                  /usr/lib/x86_64-linux-gnu/ld-2.31.so
7ff8e54ee000-7ff8e54f6000 r--p 00024000 103:02 39848110                  /usr/lib/x86_64-linux-gnu/ld-2.31.so
7ff8e54f6000-7ff8e54f7000 ---p 00000000 00:00 0 
7ff8e54f7000-7ff8e54f8000 r--p 0002c000 103:02 39848110                  /usr/lib/x86_64-linux-gnu/ld-2.31.so
7ff8e54f8000-7ff8e54f9000 rw-p 0002d000 103:02 39848110                  /usr/lib/x86_64-linux-gnu/ld-2.31.so
7ff8e54f9000-7ff8e54fa000 rw-p 00000000 00:00 0 
7ffcec7c5000-7ffcec7c9000 ---p 00000000 00:00 0 
7ffcec7c9000-7ffcec8c5000 rw-p 00000000 00:00 0                          [stack]
7ffcec9a1000-7ffcec9a5000 r--p 00000000 00:00 0                          [vvar]
7ffcec9a5000-7ffcec9a7000 r-xp 00000000 00:00 0                          [vdso]
ffffffffff600000-ffffffffff601000 --xp 00000000 00:00 0                  [vsyscall]


VM Arguments:
jvm_args: -XX:ThreadPriorityPolicy=1 -XX:+UnlockExperimentalVMOptions -XX:+EnableJVMCIProduct -XX:-UnlockExperimentalVMOptions -Dorg.graalvm.launcher.class=com.oracle.graal.python.shell.GraalPythonMain -Dorg.graalvm.launcher.executablename=/home/a4090/miniconda3/envs/auto_pose/bin/python 
java_command: <unknown>
java_class_path (initial): /home/a4090/miniconda3/envs/auto_pose/lib/jvm/languages/python/bin/../../../lib/graalvm/graalpython-launcher.jar:/home/a4090/miniconda3/envs/auto_pose/lib/jvm/languages/python/bin/../../../lib/graalvm/launcher-common.jar
Launcher Type: generic

[Global flags]
     intx CICompilerCount                          = 15                                        {product} {ergonomic}
     uint ConcGCThreads                            = 6                                         {product} {ergonomic}
     bool EnableJVMCIProduct                       = true                                {JVMCI product} {jimage}
     uint G1ConcRefinementThreads                  = 23                                        {product} {ergonomic}
   size_t G1HeapRegionSize                         = 16777216                                  {product} {ergonomic}
    uintx GCDrainStackTargetSize                   = 64                                        {product} {ergonomic}
   size_t InitialHeapSize                          = 2113929216                                {product} {ergonomic}
   size_t MarkStackSize                            = 4194304                                   {product} {ergonomic}
   size_t MaxHeapSize                              = 32178700288                               {product} {ergonomic}
   size_t MaxNewSize                               = 19293798400                               {product} {ergonomic}
   size_t MinHeapDeltaBytes                        = 16777216                                  {product} {ergonomic}
   size_t MinHeapSize                              = 16777216                                  {product} {ergonomic}
    uintx NonNMethodCodeHeapSize                   = 11613124                               {pd product} {ergonomic}
    uintx NonProfiledCodeHeapSize                  = 120022558                              {pd product} {ergonomic}
    uintx ProfiledCodeHeapSize                     = 120022558                              {pd product} {ergonomic}
    uintx ReservedCodeCacheSize                    = 251658240                              {pd product} {ergonomic}
     bool SegmentedCodeCache                       = true                                      {product} {ergonomic}
   size_t SoftMaxHeapSize                          = 32178700288                            {manageable} {ergonomic}
     intx ThreadPriorityPolicy                     = 1                                         {product} {jimage}
     bool UseCompressedClassPointers               = true                           {product lp64_product} {ergonomic}
     bool UseCompressedOops                        = true                           {product lp64_product} {ergonomic}
     bool UseG1GC                                  = true                                      {product} {ergonomic}

Logging:
Log output configuration:
 #0: stdout all=warning uptime,level,tags
 #1: stderr all=off uptime,level,tags

Environment Variables:
PATH=/home/a4090/miniconda3/envs/auto_pose/bin:/opt/ros/noetic/bin:/home/a4090/miniconda3/condabin:/home/a4090/.local/bin:/home/a4090/bin:/usr/local/sbin:/usr/local/bin:/usr/sbin:/usr/bin:/sbin:/bin:/usr/games:/usr/local/games:/snap/bin
LD_LIBRARY_PATH=/home/a4090/CoppeliaSim:/usr/lib/x86_64-linux-gnu:/opt/ros/noetic/lib:/opt/ros/noetic/lib/x86_64-linux-gnu
SHELL=/bin/bash
DISPLAY=:0
LANG=en_US.UTF-8
LC_NUMERIC=zh_CN.UTF-8
LC_TIME=zh_CN.UTF-8
TERM=xterm-256color

Active Locale:
LC_ALL=LC_CTYPE=en_US.UTF-8;LC_NUMERIC=zh_CN.UTF-8;LC_TIME=zh_CN.UTF-8;LC_COLLATE=en_US.UTF-8;LC_MONETARY=zh_CN.UTF-8;LC_MESSAGES=en_US.UTF-8;LC_PAPER=zh_CN.UTF-8;LC_NAME=zh_CN.UTF-8;LC_ADDRESS=zh_CN.UTF-8;LC_TELEPHONE=zh_CN.UTF-8;LC_MEASUREMENT=zh_CN.UTF-8;LC_IDENTIFICATION=zh_CN.UTF-8
LC_COLLATE=en_US.UTF-8
LC_CTYPE=en_US.UTF-8
LC_MESSAGES=en_US.UTF-8
LC_MONETARY=zh_CN.UTF-8
LC_NUMERIC=zh_CN.UTF-8
LC_TIME=zh_CN.UTF-8

Signal Handlers:
   SIGSEGV: crash_handler in libjvm.so, mask=11100100010111111101111111111110, flags=SA_RESTART|SA_SIGINFO, unblocked
    SIGBUS: crash_handler in libjvm.so, mask=11100100010111111101111111111110, flags=SA_RESTART|SA_SIGINFO, unblocked
    SIGFPE: crash_handler in libjvm.so, mask=11100100010111111101111111111110, flags=SA_RESTART|SA_SIGINFO, unblocked
   SIGPIPE: javaSignalHandler in libjvm.so, mask=11100100010111111101111111111110, flags=SA_RESTART|SA_SIGINFO, blocked
   SIGXFSZ: javaSignalHandler in libjvm.so, mask=11100100010111111101111111111110, flags=SA_RESTART|SA_SIGINFO, blocked
    SIGILL: crash_handler in libjvm.so, mask=11100100010111111101111111111110, flags=SA_RESTART|SA_SIGINFO, unblocked
   SIGUSR2: SR_handler in libjvm.so, mask=00000000000000000000000000000000, flags=SA_RESTART|SA_SIGINFO, blocked
    SIGHUP: UserHandler in libjvm.so, mask=11100100010111111101111111111110, flags=SA_RESTART|SA_SIGINFO, blocked
    SIGINT: UserHandler in libjvm.so, mask=11100100010111111101111111111110, flags=SA_RESTART|SA_SIGINFO, blocked
   SIGTERM: UserHandler in libjvm.so, mask=11100100010111111101111111111110, flags=SA_RESTART|SA_SIGINFO, blocked
   SIGQUIT: UserHandler in libjvm.so, mask=11100100010111111101111111111110, flags=SA_RESTART|SA_SIGINFO, blocked
   SIGTRAP: crash_handler in libjvm.so, mask=11100100010111111101111111111110, flags=SA_RESTART|SA_SIGINFO, unblocked


---------------  S Y S T E M  ---------------

OS:
DISTRIB_ID=Ubuntu
DISTRIB_RELEASE=20.04
DISTRIB_CODENAME=focal
DISTRIB_DESCRIPTION="Ubuntu 20.04.6 LTS"
uname: Linux 5.15.0-119-generic #129~20.04.1-Ubuntu SMP Wed Aug 7 13:07:13 UTC 2024 x86_64
OS uptime: 1 days 20:01 hours
libc: glibc 2.31 NPTL 2.31 
rlimit (soft/hard): STACK 8192k/infinity , CORE 0k/infinity , NPROC 513269/513269 , NOFILE 1048576/1048576 , AS infinity/infinity , CPU infinity/infinity , DATA infinity/infinity , FSIZE infinity/infinity , MEMLOCK 65536k/65536k
load average: 1048.94 1050.69 1049.17

/proc/meminfo:
MemTotal:       131491188 kB
MemFree:        33857924 kB
MemAvailable:   95771044 kB
Buffers:         7343416 kB
Cached:         36301488 kB
SwapCached:            0 kB
Active:         25430336 kB
Inactive:       48886384 kB
Active(anon):      15796 kB
Inactive(anon): 31741256 kB
Active(file):   25414540 kB
Inactive(file): 17145128 kB
Unevictable:        1084 kB
Mlocked:            1084 kB
SwapTotal:       4194300 kB
SwapFree:        4194300 kB
Dirty:               532 kB
Writeback:             0 kB
AnonPages:      30662448 kB
Mapped:          3114192 kB
Shmem:           1085352 kB
KReclaimable:   20604304 kB
Slab:           22176636 kB
SReclaimable:   20604304 kB
SUnreclaim:      1572332 kB
KernelStack:      108896 kB
PageTables:       408960 kB
NFS_Unstable:          0 kB
Bounce:                0 kB
WritebackTmp:          0 kB
CommitLimit:    69939892 kB
Committed_AS:   107649600 kB
VmallocTotal:   34359738367 kB
VmallocUsed:      237972 kB
VmallocChunk:          0 kB
Percpu:            46208 kB
HardwareCorrupted:     0 kB
AnonHugePages:     40960 kB
ShmemHugePages:        0 kB
ShmemPmdMapped:        0 kB
FileHugePages:         0 kB
FilePmdMapped:         0 kB
HugePages_Total:       0
HugePages_Free:        0
HugePages_Rsvd:        0
HugePages_Surp:        0
Hugepagesize:       2048 kB
Hugetlb:               0 kB
DirectMap4k:     3691340 kB
DirectMap2M:    29454336 kB
DirectMap1G:    100663296 kB

/sys/kernel/mm/transparent_hugepage/enabled: always [madvise] never
/sys/kernel/mm/transparent_hugepage/defrag (defrag/compaction efforts parameter): always defer defer+madvise [madvise] never

Process Memory:
Virtual Size: 40504716K (peak: 40505740K)
Resident Set Size: 1555964K (peak: 1555964K) (anon: 1328016K, file: 227948K, shmem: 0K)
Swapped out: 0K
C-Heap outstanding allocations: 105950K, retained: 13017K
glibc malloc tunables: (default)

/proc/sys/kernel/threads-max (system-wide limit on the number of threads): 1026538
/proc/sys/vm/max_map_count (maximum number of memory map areas a process may have): 65530
/proc/sys/kernel/pid_max (system-wide limit on number of process identifiers): 4194304

container (cgroup) information:
container_type: cgroupv1
cpu_cpuset_cpus: 0-31
cpu_memory_nodes: 0
active_processor_count: 32
cpu_quota: no quota
cpu_period: 100000
cpu_shares: no shares
memory_limit_in_bytes: unlimited
memory_and_swap_limit_in_bytes: unlimited
memory_soft_limit_in_bytes: unlimited
memory_usage_in_bytes: 82321224 k
memory_max_usage_in_bytes: 82321224 k
kernel_memory_usage_in_bytes: 19248460 k
kernel_memory_max_usage_in_bytes: unlimited
kernel_memory_limit_in_bytes: 19248460 k
maximum number of tasks: unlimited
current number of tasks: 5670

Steal ticks since vm start: 0
Steal ticks percentage since vm start:  0.000

CPU: total 32 (initial active 32) (16 cores per cpu, 2 threads per core) family 6 model 183 stepping 1 microcode 0x123, cx8, cmov, fxsr, ht, mmx, 3dnowpref, sse, sse2, sse3, ssse3, sse4.1, sse4.2, popcnt, lzcnt, tsc, tscinvbit, avx, avx2, aes, erms, clmul, bmi1, bmi2, adx, sha, fma, vzeroupper, clflush, clflushopt, clwb
CPU Model and flags from /proc/cpuinfo:
model name	: Intel(R) Core(TM) i9-14900K
flags		: fpu vme de pse tsc msr pae mce cx8 apic sep mtrr pge mca cmov pat pse36 clflush dts acpi mmx fxsr sse sse2 ss ht tm pbe syscall nx pdpe1gb rdtscp lm constant_tsc art arch_perfmon pebs bts rep_good nopl xtopology nonstop_tsc cpuid aperfmperf tsc_known_freq pni pclmulqdq dtes64 monitor ds_cpl vmx smx est tm2 ssse3 sdbg fma cx16 xtpr pdcm sse4_1 sse4_2 x2apic movbe popcnt tsc_deadline_timer aes xsave avx f16c rdrand lahf_lm abm 3dnowprefetch cpuid_fault epb ssbd ibrs ibpb stibp ibrs_enhanced tpr_shadow vnmi flexpriority ept vpid ept_ad fsgsbase tsc_adjust bmi1 avx2 smep bmi2 erms invpcid rdseed adx smap clflushopt clwb intel_pt sha_ni xsaveopt xsavec xgetbv1 xsaves split_lock_detect avx_vnni dtherm ida arat pln pts hwp hwp_notify hwp_act_window hwp_epp hwp_pkg_req umip pku ospke waitpkg gfni vaes vpclmulqdq tme rdpid movdiri movdir64b fsrm md_clear serialize pconfig arch_lbr flush_l1d arch_capabilities

Online cpus: 0-31
Offline cpus: 
BIOS frequency limitation: <Not Available>
Frequency switch latency (ns): 0
Available cpu frequencies: <Not Available>
Current governor: performance
Core performance/turbo boost: <Not Available>

Memory: 4k page, physical 131491188k(33892952k free), swap 4194300k(4194300k free)
Page Sizes: 4k

vm_info: OpenJDK 64-Bit Server VM (17.0.7+4-jvmci-23.0-b10) for linux-amd64 JRE (17.0.7+4-jvmci-23.0-b10), built on Mar 24 2023 22:17:53 by "buildslave" with gcc 10.3.0

END.
