#
# A fatal error has been detected by the Java Runtime Environment:
#
#  SIGSEGV (0xb) at pc=0x00007f595aa34fc2, pid=164108, tid=164177
#
# JRE version: OpenJDK Runtime Environment GraalVM CE 17.0.7+4.1 (17.0.7+4) (build 17.0.7+4-jvmci-23.0-b10)
# Java VM: OpenJDK 64-Bit Server VM GraalVM CE 17.0.7+4.1 (17.0.7+4-jvmci-23.0-b10, mixed mode, sharing, tiered, jvmci, jvmci compiler, compressed oops, compressed class ptrs, g1 gc, linux-amd64)
# Problematic frame:
# C  [libjvmcicompiler.so+0xf80fc2]  SchedulePhase$Instance_selectLatestBlock_30971faadfe0605799d329fad463d1393274c496+0x172
#
# Core dump will be written. Default location: Core dumps may be processed with "/usr/share/apport/apport -p%p -s%s -c%c -d%d -P%P -u%u -g%g -- %E" (or dumping to /home/a4090/ljc/AutoPoseEstimator/core.164108)
#
# If you would like to submit a bug report, please visit:
#   https://github.com/oracle/graal/issues
# The crash happened outside the Java Virtual Machine in native code.
# See problematic frame for where to report the bug.
#

---------------  S U M M A R Y ------------

Command Line: -XX:ThreadPriorityPolicy=1 -XX:+UnlockExperimentalVMOptions -XX:+EnableJVMCIProduct -XX:-UnlockExperimentalVMOptions -Dorg.graalvm.launcher.class=com.oracle.graal.python.shell.GraalPythonMain -Dorg.graalvm.launcher.executablename=python 

Host: Intel(R) Core(TM) i9-14900K, 32 cores, 125G, Ubuntu 20.04.6 LTS
Time: Thu Feb 27 16:43:12 2025 CST elapsed time: 1.602399 seconds (0d 0h 0m 1s)

---------------  T H R E A D  ---------------

Current thread (0x000055ebd5e4c230):  JavaThread "TruffleCompilerThread-38" daemon [_thread_in_native, id=164177, stack(0x00007f58820ff000,0x00007f5882200000)]

Stack: [0x00007f58820ff000,0x00007f5882200000],  sp=0x00007f58821fd7a0,  free space=1017k
Native frames: (J=compiled Java code, j=interpreted, Vv=VM code, C=native code)
C  [libjvmcicompiler.so+0xf80fc2]  SchedulePhase$Instance_selectLatestBlock_30971faadfe0605799d329fad463d1393274c496+0x172
C  [libjvmcicompiler.so+0xf78bd9]  SchedulePhase$Instance_calcLatestBlock_2f40a3156790fa91767f7403ffcf0588ff0f6b00+0x239
C  [libjvmcicompiler.so+0xf79bde]  SchedulePhase$Instance_calcLatestBlocks_62c71a520ed0daef41f066e5b8f46bc9117a93da+0x6de
C  [libjvmcicompiler.so+0xf7d787]  SchedulePhase$Instance_run_7e73e271807aba71da4cb7355ab6e9f58cd76cae+0xa67
C  [libjvmcicompiler.so+0xf82e25]  SchedulePhase_run_f19d7b05b2ea319c51aa14418566626476b918a7+0xe5
C  [libjvmcicompiler.so+0xf82d17]  SchedulePhase_run_5ecf94e1cc15110764cade05bd1e67992f8cbec2+0x17
C  [libjvmcicompiler.so+0xedf9f2]  BasePhase_apply_a7a34a5581cb5bc9dd94a67363b0d35949922111+0x812
C  [libjvmcicompiler.so+0xf28cd8]  LoweringPhase_lower_4c5bde07a86f3c2198e155b3c26ebfdc6cafe6ef+0xd8
C  [libjvmcicompiler.so+0xf2ae5d]  LoweringPhase_run_750042402ca9279471f6ea6386601e212ff07524+0x3d
C  [libjvmcicompiler.so+0xedf9f2]  BasePhase_apply_a7a34a5581cb5bc9dd94a67363b0d35949922111+0x812
C  [libjvmcicompiler.so+0x98fc46]  BaseTier_run_452c2cb1b8cbe93c2c1e0721e00f05de04a0754a+0x1d6
C  [libjvmcicompiler.so+0xedf9f2]  BasePhase_apply_a7a34a5581cb5bc9dd94a67363b0d35949922111+0x812
C  [libjvmcicompiler.so+0x8d87d6]  GraalCompiler_emitFrontEnd_ca4f472adcd3262192293d187aa8b916d506307f+0x386
C  [libjvmcicompiler.so+0x8d7565]  GraalCompiler_compile_ceb52c95b6a3c674ccaed5facbfe09d5e9f54cc5+0x145
C  [libjvmcicompiler.so+0x8d7c76]  GraalCompiler_compileGraph_f280e33c706d40a0afcca65e1d60adc30f56adda+0x216
C  [libjvmcicompiler.so+0x10ce10b]  TruffleCompilerImpl_compilePEGraph_ac6f5633ba11b596379d7202dfc395e0b8d7d2ed+0x42b
C  [libjvmcicompiler.so+0x10cd28c]  TruffleCompilerImpl_compileAST_bb1b8203f96b08420e94f7617aba16fbcfba3e02+0x3ec
C  [libjvmcicompiler.so+0x10cbdf7]  TruffleCompilerImpl$TruffleCompilationWrapper_performCompilation_62d795c442f5dcfdd795e8f785ce80286bb030e9+0x87
C  [libjvmcicompiler.so+0x10cbd47]  TruffleCompilerImpl$TruffleCompilationWrapper_performCompilation_944b1c54de06fc6d941347ed880c1f96e8fba7f4+0x17
C  [libjvmcicompiler.so+0x8d6204]  CompilationWrapper_run_d730478f4ce8f539b4955ca0a99f3c6f484bea17+0x64
C  [libjvmcicompiler.so+0x10ccc4a]  TruffleCompilerImpl_actuallyCompile_47fe4c83a8c6ea6532f4e7d0e1a892f465345bb3+0x27a
C  [libjvmcicompiler.so+0x10cf055]  TruffleCompilerImpl_doCompile_db634ab046aba6fdd1ed9944a7805e9b5ec88b34+0xe5
C  [libjvmcicompiler.so+0x10e6e9b]  TruffleToLibGraalEntryPoints_doCompile_1c2efe693f1a18150989da71a6494124dd5c5dc4+0x37b
C  [libjvmcicompiler.so+0x1d6819]  Java_org_graalvm_compiler_truffle_runtime_hotspot_libgraal_TruffleToLibGraalCalls_doCompile+0xd9
j  org.graalvm.compiler.truffle.runtime.hotspot.libgraal.TruffleToLibGraalCalls.doCompile(JJJJ[BLorg/graalvm/compiler/truffle/common/TruffleCompilationTask;Lorg/graalvm/compiler/truffle/common/TruffleCompilerListener;)V+0 jdk.internal.vm.compiler
j  org.graalvm.compiler.truffle.runtime.hotspot.libgraal.LibGraalHotSpotTruffleCompiler.doCompile(Lorg/graalvm/compiler/truffle/common/TruffleDebugContext;Lorg/graalvm/compiler/truffle/common/TruffleCompilation;Ljava/util/Map;Lorg/graalvm/compiler/truffle/common/TruffleCompilationTask;Lorg/graalvm/compiler/truffle/common/TruffleCompilerListener;)V+40 jdk.internal.vm.compiler
j  org.graalvm.compiler.truffle.runtime.GraalTruffleRuntime.compileImpl(Lorg/graalvm/compiler/truffle/common/TruffleDebugContext;Lorg/graalvm/compiler/truffle/runtime/OptimizedCallTarget;Lorg/graalvm/compiler/truffle/common/TruffleCompilationTask;)V+86 jdk.internal.vm.compiler
j  org.graalvm.compiler.truffle.runtime.GraalTruffleRuntime.doCompile(Lorg/graalvm/compiler/truffle/common/TruffleDebugContext;Lorg/graalvm/compiler/truffle/runtime/OptimizedCallTarget;Lorg/graalvm/compiler/truffle/common/TruffleCompilationTask;)V+154 jdk.internal.vm.compiler
j  org.graalvm.compiler.truffle.runtime.GraalTruffleRuntime.doCompile(Lorg/graalvm/compiler/truffle/runtime/OptimizedCallTarget;Lorg/graalvm/compiler/truffle/common/TruffleCompilationTask;)V+4 jdk.internal.vm.compiler
j  org.graalvm.compiler.truffle.runtime.CompilationTask$1.accept(Lorg/graalvm/compiler/truffle/runtime/CompilationTask;)V+30 jdk.internal.vm.compiler
j  org.graalvm.compiler.truffle.runtime.CompilationTask$1.accept(Ljava/lang/Object;)V+5 jdk.internal.vm.compiler
j  org.graalvm.compiler.truffle.runtime.CompilationTask.call()Ljava/lang/Void;+5 jdk.internal.vm.compiler
j  org.graalvm.compiler.truffle.runtime.CompilationTask.call()Ljava/lang/Object;+1 jdk.internal.vm.compiler
j  java.util.concurrent.FutureTask.run()V+39 java.base@17.0.7
j  java.util.concurrent.ThreadPoolExecutor.runWorker(Ljava/util/concurrent/ThreadPoolExecutor$Worker;)V+92 java.base@17.0.7
j  java.util.concurrent.ThreadPoolExecutor$Worker.run()V+5 java.base@17.0.7
j  java.lang.Thread.run()V+11 java.base@17.0.7
j  org.graalvm.compiler.truffle.runtime.BackgroundCompileQueue$TruffleCompilerThreadFactory$1.run()V+30 jdk.internal.vm.compiler
v  ~StubRoutines::call_stub
V  [libjvm.so+0x7fc225]  JavaCalls::call_helper(JavaValue*, methodHandle const&, JavaCallArguments*, JavaThread*)+0x315
V  [libjvm.so+0x7fda1b]  JavaCalls::call_virtual(JavaValue*, Handle, Klass*, Symbol*, Symbol*, JavaThread*)+0x1cb
V  [libjvm.so+0x8c68d3]  thread_entry(JavaThread*, JavaThread*)+0xa3
V  [libjvm.so+0xd8ccf0]  JavaThread::thread_main_inner()+0xd0
V  [libjvm.so+0xd902d0]  Thread::call_run()+0xc0
V  [libjvm.so+0xbe0f51]  thread_native_entry(Thread*)+0xe1

Java frames: (J=compiled Java code, j=interpreted, Vv=VM code)
j  org.graalvm.compiler.truffle.runtime.hotspot.libgraal.TruffleToLibGraalCalls.doCompile(JJJJ[BLorg/graalvm/compiler/truffle/common/TruffleCompilationTask;Lorg/graalvm/compiler/truffle/common/TruffleCompilerListener;)V+0 jdk.internal.vm.compiler
j  org.graalvm.compiler.truffle.runtime.hotspot.libgraal.LibGraalHotSpotTruffleCompiler.doCompile(Lorg/graalvm/compiler/truffle/common/TruffleDebugContext;Lorg/graalvm/compiler/truffle/common/TruffleCompilation;Ljava/util/Map;Lorg/graalvm/compiler/truffle/common/TruffleCompilationTask;Lorg/graalvm/compiler/truffle/common/TruffleCompilerListener;)V+40 jdk.internal.vm.compiler
j  org.graalvm.compiler.truffle.runtime.GraalTruffleRuntime.compileImpl(Lorg/graalvm/compiler/truffle/common/TruffleDebugContext;Lorg/graalvm/compiler/truffle/runtime/OptimizedCallTarget;Lorg/graalvm/compiler/truffle/common/TruffleCompilationTask;)V+86 jdk.internal.vm.compiler
j  org.graalvm.compiler.truffle.runtime.GraalTruffleRuntime.doCompile(Lorg/graalvm/compiler/truffle/common/TruffleDebugContext;Lorg/graalvm/compiler/truffle/runtime/OptimizedCallTarget;Lorg/graalvm/compiler/truffle/common/TruffleCompilationTask;)V+154 jdk.internal.vm.compiler
j  org.graalvm.compiler.truffle.runtime.GraalTruffleRuntime.doCompile(Lorg/graalvm/compiler/truffle/runtime/OptimizedCallTarget;Lorg/graalvm/compiler/truffle/common/TruffleCompilationTask;)V+4 jdk.internal.vm.compiler
j  org.graalvm.compiler.truffle.runtime.CompilationTask$1.accept(Lorg/graalvm/compiler/truffle/runtime/CompilationTask;)V+30 jdk.internal.vm.compiler
j  org.graalvm.compiler.truffle.runtime.CompilationTask$1.accept(Ljava/lang/Object;)V+5 jdk.internal.vm.compiler
j  org.graalvm.compiler.truffle.runtime.CompilationTask.call()Ljava/lang/Void;+5 jdk.internal.vm.compiler
j  org.graalvm.compiler.truffle.runtime.CompilationTask.call()Ljava/lang/Object;+1 jdk.internal.vm.compiler
j  java.util.concurrent.FutureTask.run()V+39 java.base@17.0.7
j  java.util.concurrent.ThreadPoolExecutor.runWorker(Ljava/util/concurrent/ThreadPoolExecutor$Worker;)V+92 java.base@17.0.7
j  java.util.concurrent.ThreadPoolExecutor$Worker.run()V+5 java.base@17.0.7
j  java.lang.Thread.run()V+11 java.base@17.0.7
j  org.graalvm.compiler.truffle.runtime.BackgroundCompileQueue$TruffleCompilerThreadFactory$1.run()V+30 jdk.internal.vm.compiler
v  ~StubRoutines::call_stub

siginfo: si_signo: 11 (SIGSEGV), si_code: 1 (SEGV_MAPERR), si_addr: 0x00007f5800000010

Register to memory mapping:

RAX=0x00007f5800000000 is an unknown value
RBX=0x00007f5852af99e8 points into unknown readable memory: 0x00000000007d5b58 | 58 5b 7d 00 00 00 00 00
RCX=0x00007f58530383a8 points into unknown readable memory: 0x000000000088f238 | 38 f2 88 00 00 00 00 00
RDX=0x00007f5852af99e8 points into unknown readable memory: 0x00000000007d5b58 | 58 5b 7d 00 00 00 00 00
RSP=0x00007f58821fd7a0 is pointing into the stack for thread: 0x000055ebd5e4c230
RBP=0x00007f58821fd6f0 is pointing into the stack for thread: 0x000055ebd5e4c230
RSI=0xffffffffd1cf99e8 is an unknown value
RDI=0x000000000088f238 is an unknown value
R8 =0x00007f5852ac44c0 points into unknown readable memory: 0x0000000000765888 | 88 58 76 00 00 00 00 00
R9 =0x00007f5880e00000 is an unknown value
R10=0x00007f5855876d48 points into unknown readable memory: 0x0000000000771152 | 52 11 77 00 00 00 00 00
R11=0x00007f58530f5080 points into unknown readable memory: 0x0000000000799bf8 | f8 9b 79 00 00 00 00 00
R12=0x0000000000791ba8 is an unknown value
R13=0x00000000008157c8 is an unknown value
R14=0x00007f5880e00000 is an unknown value
R15=0x00007f587c001640 points into unknown readable memory: 0x00007f588155f010 | 10 f0 55 81 58 7f 00 00


Registers:
RAX=0x00007f5800000000, RBX=0x00007f5852af99e8, RCX=0x00007f58530383a8, RDX=0x00007f5852af99e8
RSP=0x00007f58821fd7a0, RBP=0x00007f58821fd6f0, RSI=0xffffffffd1cf99e8, RDI=0x000000000088f238
R8 =0x00007f5852ac44c0, R9 =0x00007f5880e00000, R10=0x00007f5855876d48, R11=0x00007f58530f5080
R12=0x0000000000791ba8, R13=0x00000000008157c8, R14=0x00007f5880e00000, R15=0x00007f587c001640
RIP=0x00007f595aa34fc2, EFLAGS=0x0000000000010287, CSGSFS=0x002b000000000033, ERR=0x0000000000000004
  TRAPNO=0x000000000000000e

Top of Stack: (sp=0x00007f58821fd7a0)
0x00007f58821fd7a0:   ffffffffd22c6c40 00007f58530f5060
0x00007f58821fd7b0:   00007f58530f32b0 00007f5853043f38
0x00007f58821fd7c0:   00007f5800000000 00007f58530f5080
0x00007f58821fd7d0:   00007f5852afa288 00007f5852ada660 

Instructions: (pc=0x00007f595aa34fc2)
0x00007f595aa34ec2:   49 3b d6 0f 84 42 03 00 00 48 8b fa 49 8b f1 e8
0x00007f595aa34ed2:   9a ef ea ff 90 85 c0 0f 84 86 01 00 00 4c 8b 44
0x00007f595aa34ee2:   24 28 49 8b 78 10 0f 1f 84 00 00 00 00 00 48 85
0x00007f595aa34ef2:   ff 0f 84 1d 03 00 00 48 8b 54 24 30 8b 4a 0c 41
0x00007f595aa34f02:   8b 5c 3e 0c 3b d9 0f 86 0e 03 00 00 49 8d 3c 3e
0x00007f595aa34f12:   8b c9 48 8b 74 cf 10 48 85 f6 0f 84 4d 01 00 00
0x00007f595aa34f22:   48 8b 7c cf 10 49 8d 04 3e 0f 1f 44 00 00 48 85
0x00007f595aa34f32:   ff 0f 84 20 00 00 00 48 c7 c6 f8 ff ff ff 49 23
0x00007f595aa34f42:   34 3e 48 b9 e0 26 79 00 00 00 00 00 66 90 48 3b
0x00007f595aa34f52:   ce 0f 85 d3 02 00 00 48 8b 5c 24 38 49 3b de 0f
0x00007f595aa34f62:   84 1d 00 00 00 48 c7 c6 f8 ff ff ff 48 23 33 48
0x00007f595aa34f72:   b9 e0 83 76 00 00 00 00 00 48 3b ce 0f 85 bf 02
0x00007f595aa34f82:   00 00 48 85 ff 0f 84 99 02 00 00 41 ff 44 3e 0c
0x00007f595aa34f92:   49 8b 74 3e 10 41 8b 4c 3e 18 4d 8d 04 36 48 8b
0x00007f595aa34fa2:   f8 48 8b f3 49 8b d0 e8 52 57 60 ff 90 48 8b 54
0x00007f595aa34fb2:   24 30 49 3b d6 0f 84 19 02 00 00 48 8b 44 24 20
0x00007f595aa34fc2:   48 8b 78 10 48 85 ff 0f 84 0d 02 00 00 8b 42 0c
0x00007f595aa34fd2:   41 8b 4c 3e 0c 3b c8 0f 86 03 02 00 00 49 8d 3c
0x00007f595aa34fe2:   3e 8b f0 48 8b 7c f7 10 49 8d 04 3e 66 90 48 85
0x00007f595aa34ff2:   ff 0f 84 24 00 00 00 48 c7 c6 f8 ff ff ff 49 23
0x00007f595aa35002:   34 3e b9 ff ff 00 00 41 23 4c 36 12 8d b1 26 fe
0x00007f595aa35012:   ff ff 83 fe 02 0f 83 d9 01 00 00 48 85 ff 0f 84
0x00007f595aa35022:   c6 01 00 00 48 c7 c6 f8 ff ff ff 49 23 34 3e 49
0x00007f595aa35032:   8b 8c 36 f0 00 00 00 48 8b f8 48 8b 74 24 38 48
0x00007f595aa35042:   8b c1 ff d0 90 41 83 6f 10 01 0f 1f 40 00 0f 8e
0x00007f595aa35052:   37 01 00 00 48 8b e5 5d c3 48 8b 54 24 30 e9 4f
0x00007f595aa35062:   ff ff ff 48 8b 54 24 30 e9 45 ff ff ff 48 be e0
0x00007f595aa35072:   26 79 00 00 00 00 00 49 8d 34 36 49 8b 5f 28 4c
0x00007f595aa35082:   8d 4b 28 49 2b f6 0f 1f 84 00 00 00 00 00 4d 3b
0x00007f595aa35092:   4f 20 0f 87 01 01 00 00 4d 89 4f 28 0f 18 83 e8
0x00007f595aa350a2:   00 00 00 48 89 33 c7 43 08 00 00 00 00 c7 43 0c
0x00007f595aa350b2:   00 00 00 00 48 c7 43 10 00 00 00 00 48 c7 43 18 


Stack slot to memory mapping:
stack at sp + 0 slots: 0xffffffffd22c6c40 is an unknown value
stack at sp + 1 slots: 0x00007f58530f5060 points into unknown readable memory: 0x00000000008a99f8 | f8 99 8a 00 00 00 00 00
stack at sp + 2 slots: 0x00007f58530f32b0 points into unknown readable memory: 0x00000000008a99f8 | f8 99 8a 00 00 00 00 00
stack at sp + 3 slots: 0x00007f5853043f38 points into unknown readable memory: 0x0000000000799bf8 | f8 9b 79 00 00 00 00 00
stack at sp + 4 slots: 0x00007f5800000000 is an unknown value
stack at sp + 5 slots: 0x00007f58530f5080 points into unknown readable memory: 0x0000000000799bf8 | f8 9b 79 00 00 00 00 00
stack at sp + 6 slots: 0x00007f5852afa288 points into unknown readable memory: 0x00000000008ba438 | 38 a4 8b 00 00 00 00 00
stack at sp + 7 slots: 0x00007f5852ada660 points into unknown readable memory: 0x00000000007d5b58 | 58 5b 7d 00 00 00 00 00


---------------  P R O C E S S  ---------------

Threads class SMR info:
_java_thread_list=0x00007f58600043e0, length=36, elements={
0x000055ebd46d5860, 0x000055ebd48c9a90, 0x000055ebd48caee0, 0x000055ebd48d1730,
0x000055ebd48d2b10, 0x000055ebd48d3f50, 0x000055ebd48d5970, 0x000055ebd48d6ed0,
0x000055ebd48e0360, 0x00007f596c04c0c0, 0x000055ebd48ee950, 0x00007f59640327f0,
0x000055ebd4936100, 0x00007f5978046180, 0x00007f5978047360, 0x00007f597804be20,
0x00007f596c117f40, 0x000055ebd4c595a0, 0x00007f596413caa0, 0x00007f596413dc70,
0x00007f596413ed80, 0x000055ebd4dfdeb0, 0x000055ebd5cfe920, 0x000055ebd5056ca0,
0x000055ebd5d669e0, 0x000055ebd5d71830, 0x000055ebd5d8a7f0, 0x000055ebd5da6590,
0x000055ebd5e4c230, 0x000055ebd5e4e210, 0x000055ebd5e4f290, 0x000055ebd5e77840,
0x000055ebd5e8e2b0, 0x000055ebd5f1e8f0, 0x00007f5848000f50, 0x00007f58600033b0
}

Java Threads: ( => current thread )
  0x000055ebd46d5860 JavaThread "main" [_thread_in_vm, id=164108, stack(0x00007fff07199000,0x00007fff07299000)]
  0x000055ebd48c9a90 JavaThread "Reference Handler" daemon [_thread_blocked, id=164115, stack(0x00007f599ee3b000,0x00007f599ef3c000)]
  0x000055ebd48caee0 JavaThread "Finalizer" daemon [_thread_blocked, id=164116, stack(0x00007f599ed3a000,0x00007f599ee3b000)]
  0x000055ebd48d1730 JavaThread "Signal Dispatcher" daemon [_thread_blocked, id=164117, stack(0x00007f599e3c8000,0x00007f599e4c9000)]
  0x000055ebd48d2b10 JavaThread "Service Thread" daemon [_thread_blocked, id=164118, stack(0x00007f599e2c7000,0x00007f599e3c8000)]
  0x000055ebd48d3f50 JavaThread "Monitor Deflation Thread" daemon [_thread_blocked, id=164119, stack(0x00007f599e1c6000,0x00007f599e2c7000)]
  0x000055ebd48d5970 JavaThread "JVMCI-native CompilerThread0" daemon [_thread_in_native, id=164120, stack(0x00007f599dfc5000,0x00007f599e1c6000)]
  0x000055ebd48d6ed0 JavaThread "C1 CompilerThread0" daemon [_thread_blocked, id=164121, stack(0x00007f599ddc4000,0x00007f599dfc5000)]
  0x000055ebd48e0360 JavaThread "Sweeper thread" daemon [_thread_blocked, id=164122, stack(0x00007f599dcc3000,0x00007f599ddc4000)]
  0x00007f596c04c0c0 JavaThread "C1 CompilerThread1" daemon [_thread_blocked, id=164123, stack(0x00007f599dac2000,0x00007f599dcc3000)]
  0x000055ebd48ee950 JavaThread "Common-Cleaner" daemon [_thread_blocked, id=164124, stack(0x00007f599d9c1000,0x00007f599dac2000)]
  0x00007f59640327f0 JavaThread "C1 CompilerThread2" daemon [_thread_blocked, id=164125, stack(0x00007f599d7c0000,0x00007f599d9c1000)]
  0x000055ebd4936100 JavaThread "Notification Thread" daemon [_thread_blocked, id=164126, stack(0x00007f599d6bf000,0x00007f599d7c0000)]
  0x00007f5978046180 JavaThread "JVMCI-native CompilerThread1" daemon [_thread_in_native, id=164128, stack(0x00007f5953dff000,0x00007f5954000000)]
  0x00007f5978047360 JavaThread "JVMCI-native CompilerThread2" daemon [_thread_in_native, id=164129, stack(0x00007f5953bfe000,0x00007f5953dff000)]
  0x00007f597804be20 JavaThread "JVMCI-native CompilerThread3" daemon [_thread_in_native, id=164130, stack(0x00007f59539fd000,0x00007f5953bfe000)]
  0x00007f596c117f40 JavaThread "C1 CompilerThread3" daemon [_thread_blocked, id=164131, stack(0x00007f593e5ff000,0x00007f593e800000)]
  0x000055ebd4c595a0 JavaThread "process reaper" daemon [_thread_blocked, id=164133, stack(0x00007f599d4de000,0x00007f599d500000)]
  0x00007f596413caa0 JavaThread "C1 CompilerThread4" daemon [_thread_blocked, id=164140, stack(0x00007f593c8ff000,0x00007f593cb00000)]
  0x00007f596413dc70 JavaThread "C1 CompilerThread5" daemon [_thread_blocked, id=164141, stack(0x00007f593c6fe000,0x00007f593c8ff000)]
  0x00007f596413ed80 JavaThread "C1 CompilerThread6" daemon [_thread_blocked, id=164142, stack(0x00007f593c4fd000,0x00007f593c6fe000)]
  0x000055ebd4dfdeb0 JavaThread "TruffleCompilerThread-30" daemon [_thread_in_native, id=164143, stack(0x00007f593c3fc000,0x00007f593c4fd000)]
  0x000055ebd5cfe920 JavaThread "TruffleCompilerThread-32" daemon [_thread_in_native, id=164171, stack(0x00007f59434ff000,0x00007f5943600000)]
  0x000055ebd5056ca0 JavaThread "TruffleCompilerThread-33" daemon [_thread_in_native, id=164172, stack(0x00007f59433fe000,0x00007f59434ff000)]
  0x000055ebd5d669e0 JavaThread "TruffleCompilerThread-34" daemon [_thread_in_native, id=164173, stack(0x00007f59240c9000,0x00007f59241ca000)]
  0x000055ebd5d71830 JavaThread "TruffleCompilerThread-35" daemon [_thread_in_native, id=164174, stack(0x00007f58a09ff000,0x00007f58a0b00000)]
  0x000055ebd5d8a7f0 JavaThread "TruffleCompilerThread-36" daemon [_thread_in_native, id=164175, stack(0x00007f58983ff000,0x00007f5898500000)]
  0x000055ebd5da6590 JavaThread "TruffleCompilerThread-37" daemon [_thread_in_native, id=164176, stack(0x00007f588abff000,0x00007f588ad00000)]
=>0x000055ebd5e4c230 JavaThread "TruffleCompilerThread-38" daemon [_thread_in_native, id=164177, stack(0x00007f58820ff000,0x00007f5882200000)]
  0x000055ebd5e4e210 JavaThread "TruffleCompilerThread-39" daemon [_thread_in_native, id=164178, stack(0x00007f58800ff000,0x00007f5880200000)]
  0x000055ebd5e4f290 JavaThread "TruffleCompilerThread-40" daemon [_thread_in_native, id=164179, stack(0x00007f587a9ff000,0x00007f587ab00000)]
  0x000055ebd5e77840 JavaThread "python-actions-pool-1-thread-1" daemon [_thread_blocked, id=164180, stack(0x00007f58658ff000,0x00007f5865a00000)]
  0x000055ebd5e8e2b0 JavaThread "nfi-gc" daemon [_thread_blocked, id=164181, stack(0x00007f585feff000,0x00007f5860000000)]
  0x000055ebd5f1e8f0 JavaThread "python-actions-pool-2-thread-1" daemon [_thread_blocked, id=164182, stack(0x00007f584f0ff000,0x00007f584f200000)]
  0x00007f5848000f50 JavaThread "python-actions-pool-3-thread-1" daemon [_thread_blocked, id=164183, stack(0x00007f583beff000,0x00007f583c000000)]
  0x00007f58600033b0 JavaThread "python-actions-pool-4-thread-1" daemon [_thread_blocked, id=164184, stack(0x00007f583b9ff000,0x00007f583bb00000)]

Other Threads:
  0x000055ebd48c5790 VMThread "VM Thread" [stack: 0x00007f599ef3e000,0x00007f599f03e000] [id=164114]
  0x000055ebd4937a70 WatcherThread [stack: 0x00007f599d5bf000,0x00007f599d6bf000] [id=164127]
  0x000055ebd470c040 GCTaskThread "GC Thread#0" [stack: 0x00007f59aed6f000,0x00007f59aee6f000] [id=164109]
  0x00007f598c008e60 GCTaskThread "GC Thread#1" [stack: 0x00007f5925c00000,0x00007f5925d00000] [id=164144]
  0x00007f598c0098b0 GCTaskThread "GC Thread#2" [stack: 0x00007f5925afe000,0x00007f5925bfe000] [id=164145]
  0x00007f598c00a300 GCTaskThread "GC Thread#3" [stack: 0x00007f59259fc000,0x00007f5925afc000] [id=164146]
  0x00007f598c00b140 GCTaskThread "GC Thread#4" [stack: 0x00007f59258fa000,0x00007f59259fa000] [id=164147]
  0x00007f598c00bf80 GCTaskThread "GC Thread#5" [stack: 0x00007f59257f8000,0x00007f59258f8000] [id=164148]
  0x00007f598c00cdc0 GCTaskThread "GC Thread#6" [stack: 0x00007f59256f6000,0x00007f59257f6000] [id=164149]
  0x00007f598c00dc00 GCTaskThread "GC Thread#7" [stack: 0x00007f59255f4000,0x00007f59256f4000] [id=164150]
  0x00007f598c00ea40 GCTaskThread "GC Thread#8" [stack: 0x00007f59254f2000,0x00007f59255f2000] [id=164151]
  0x00007f598c00f880 GCTaskThread "GC Thread#9" [stack: 0x00007f59253f0000,0x00007f59254f0000] [id=164152]
  0x00007f598c0106c0 GCTaskThread "GC Thread#10" [stack: 0x00007f59252ee000,0x00007f59253ee000] [id=164153]
  0x00007f598c011540 GCTaskThread "GC Thread#11" [stack: 0x00007f59251ec000,0x00007f59252ec000] [id=164154]
  0x00007f598c0123c0 GCTaskThread "GC Thread#12" [stack: 0x00007f59250ea000,0x00007f59251ea000] [id=164155]
  0x00007f598c013240 GCTaskThread "GC Thread#13" [stack: 0x00007f5924fe8000,0x00007f59250e8000] [id=164156]
  0x00007f598c0140c0 GCTaskThread "GC Thread#14" [stack: 0x00007f5924ee6000,0x00007f5924fe6000] [id=164157]
  0x00007f598c014f40 GCTaskThread "GC Thread#15" [stack: 0x00007f5924de4000,0x00007f5924ee4000] [id=164158]
  0x00007f598c015dc0 GCTaskThread "GC Thread#16" [stack: 0x00007f5924ce2000,0x00007f5924de2000] [id=164159]
  0x00007f598c016c40 GCTaskThread "GC Thread#17" [stack: 0x00007f5924be0000,0x00007f5924ce0000] [id=164160]
  0x00007f598c017ac0 GCTaskThread "GC Thread#18" [stack: 0x00007f5924ade000,0x00007f5924bde000] [id=164161]
  0x00007f598c018940 GCTaskThread "GC Thread#19" [stack: 0x00007f59249dc000,0x00007f5924adc000] [id=164162]
  0x00007f598c0197c0 GCTaskThread "GC Thread#20" [stack: 0x00007f59248da000,0x00007f59249da000] [id=164163]
  0x00007f598c01a640 GCTaskThread "GC Thread#21" [stack: 0x00007f59247d8000,0x00007f59248d8000] [id=164164]
  0x00007f598c01b4c0 GCTaskThread "GC Thread#22" [stack: 0x00007f59246d6000,0x00007f59247d6000] [id=164165]
  0x000055ebd471c690 ConcurrentGCThread "G1 Main Marker" [stack: 0x00007f59aec6d000,0x00007f59aed6d000] [id=164110]
  0x000055ebd471d630 ConcurrentGCThread "G1 Conc#0" [stack: 0x00007f59aeb6b000,0x00007f59aec6b000] [id=164111]
  0x00007f59a0000d30 ConcurrentGCThread "G1 Conc#1" [stack: 0x00007f59245d4000,0x00007f59246d4000] [id=164166]
  0x00007f59a0001790 ConcurrentGCThread "G1 Conc#2" [stack: 0x00007f59244d2000,0x00007f59245d2000] [id=164167]
  0x00007f59a0002220 ConcurrentGCThread "G1 Conc#3" [stack: 0x00007f59243d0000,0x00007f59244d0000] [id=164168]
  0x00007f59a0002cb0 ConcurrentGCThread "G1 Conc#4" [stack: 0x00007f59242ce000,0x00007f59243ce000] [id=164169]
  0x00007f59a0003740 ConcurrentGCThread "G1 Conc#5" [stack: 0x00007f59241cc000,0x00007f59242cc000] [id=164170]
  0x000055ebd4891ae0 ConcurrentGCThread "G1 Refine#0" [stack: 0x00007f599f2f4000,0x00007f599f3f4000] [id=164112]
  0x000055ebd48929f0 ConcurrentGCThread "G1 Service" [stack: 0x00007f599f1f2000,0x00007f599f2f2000] [id=164113]

Threads with active compile tasks:
JVMCI-native CompilerThread0     1608 6868       4       com.oracle.truffle.object.ShapeBasic::createShape (21 bytes)
JVMCI-native CompilerThread1     1608 6722       4       com.oracle.graal.python.nodes.call.special.CallBinaryMethodNodeGen::executeObject (1350 bytes)
JVMCI-native CompilerThread2     1608 6830   !   4       com.oracle.graal.python.nodes.frame.ReadGlobalOrBuiltinNodeGen::executeWithGlobals (510 bytes)
JVMCI-native CompilerThread3     1608 6880       4       com.oracle.truffle.api.exception.AbstractTruffleException::fillInStackTrace (2 bytes)

VM state: not at safepoint (normal execution)

VM Mutex/Monitor currently owned by a thread: None

Heap address: 0x0000000082000000, size: 30688 MB, Compressed Oops mode: Zero based, Oop shift amount: 3

CDS archive(s) mapped at: [0x0000000800000000-0x0000000800bcb000-0x0000000800bcb000), size 12365824, SharedBaseAddress: 0x0000000800000000, ArchiveRelocationMode: 0.
Compressed class space mapped at: 0x0000000801000000-0x0000000841000000, reserved size: 1073741824
Narrow klass base: 0x0000000800000000, Narrow klass shift: 0, Narrow klass range: 0x100000000

GC Precious Log:
 CPUs: 32 total, 32 available
 Memory: 125G
 Large Page Support: Disabled
 NUMA Support: Disabled
 Compressed Oops: Enabled (Zero based)
 Heap Region Size: 16M
 Heap Min Capacity: 16M
 Heap Initial Capacity: 2016M
 Heap Max Capacity: 30688M
 Pre-touch: Disabled
 Parallel Workers: 23
 Concurrent Workers: 6
 Concurrent Refinement Workers: 23
 Periodic GC: Disabled

Heap:
 garbage-first heap   total 229376K, used 65517K [0x0000000082000000, 0x0000000800000000)
  region size 16384K, 2 young (32768K), 1 survivors (16384K)
 Metaspace       used 72409K, committed 72704K, reserved 1114112K
  class space    used 10051K, committed 10176K, reserved 1048576K

Heap Regions: E=young(eden), S=young(survivor), O=old, HS=humongous(starts), HC=humongous(continues), CS=collection set, F=free, OA=open archive, CA=closed archive, TAMS=top-at-mark-start (previous, next)
|   0|0x0000000082000000, 0x0000000083000000, 0x0000000083000000|100%| O|  |TAMS 0x0000000083000000, 0x0000000082000000| Untracked 
|   1|0x0000000083000000, 0x0000000084000000, 0x0000000084000000|100%| O|  |TAMS 0x000000008387d600, 0x0000000083000000| Untracked 
|   2|0x0000000084000000, 0x0000000084028600, 0x0000000085000000|  0%| O|  |TAMS 0x0000000084000000, 0x0000000084000000| Untracked 
|   3|0x0000000085000000, 0x0000000085000000, 0x0000000086000000|  0%| F|  |TAMS 0x0000000085000000, 0x0000000085000000| Untracked 
|   4|0x0000000086000000, 0x0000000086000000, 0x0000000087000000|  0%| F|  |TAMS 0x0000000086000000, 0x0000000086000000| Untracked 
|   5|0x0000000087000000, 0x0000000087000000, 0x0000000088000000|  0%| F|  |TAMS 0x0000000087000000, 0x0000000087000000| Untracked 
|   6|0x0000000088000000, 0x0000000089000000, 0x0000000089000000|100%| S|CS|TAMS 0x0000000088000000, 0x0000000088000000| Complete 
|   7|0x0000000089000000, 0x0000000089000000, 0x000000008a000000|  0%| F|  |TAMS 0x0000000089000000, 0x0000000089000000| Untracked 
|   8|0x000000008a000000, 0x000000008a000000, 0x000000008b000000|  0%| F|  |TAMS 0x000000008a000000, 0x000000008a000000| Untracked 
|   9|0x000000008b000000, 0x000000008b000000, 0x000000008c000000|  0%| F|  |TAMS 0x000000008b000000, 0x000000008b000000| Untracked 
| 120|0x00000000fa000000, 0x00000000fa000000, 0x00000000fb000000|  0%| F|  |TAMS 0x00000000fa000000, 0x00000000fa000000| Untracked 
| 125|0x00000000ff000000, 0x00000000ffbf4fb8, 0x0000000100000000| 74%| E|  |TAMS 0x00000000ff000000, 0x00000000ff000000| Complete 
|1916|0x00000007fe000000, 0x00000007fef46000, 0x00000007ff000000| 95%|OA|  |TAMS 0x00000007fef46000, 0x00000007fe000000| Untracked 
|1917|0x00000007ff000000, 0x00000007ff08d000, 0x0000000800000000|  3%|CA|  |TAMS 0x00000007ff08d000, 0x00000007ff000000| Untracked 

Card table byte_map: [0x00007f59eeb07000,0x00007f59f26f7000] _byte_map_base: 0x00007f59ee6f7000

Marking Bits (Prev, Next): (CMBitMap*) 0x000055ebd470cae0, (CMBitMap*) 0x000055ebd470cb20
 Prev Bits: [0x00007f59ccf97000, 0x00007f59eaf17000)
 Next Bits: [0x00007f59af017000, 0x00007f59ccf97000)

Polling page: 0x00007f5a06d1e000

Metaspace:

Usage:
  Non-class:     60.90 MB used.
      Class:      9.82 MB used.
       Both:     70.71 MB used.

Virtual space:
  Non-class space:       64.00 MB reserved,      61.06 MB ( 95%) committed,  1 nodes.
      Class space:        1.00 GB reserved,       9.94 MB ( <1%) committed,  1 nodes.
             Both:        1.06 GB reserved,      71.00 MB (  7%) committed. 

Chunk freelists:
   Non-Class:  2.36 MB
       Class:  5.89 MB
        Both:  8.25 MB

MaxMetaspaceSize: unlimited
CompressedClassSpaceSize: 1.00 GB
Initial GC threshold: 21.00 MB
Current GC threshold: 117.31 MB
CDS: on
MetaspaceReclaimPolicy: balanced
 - commit_granule_bytes: 65536.
 - commit_granule_words: 8192.
 - virtual_space_node_default_size: 8388608.
 - enlarge_chunks_in_place: 1.
 - new_chunks_are_fully_committed: 0.
 - uncommit_free_chunks: 1.
 - use_allocation_guard: 0.
 - handle_deallocations: 1.


Internal statistics:

num_allocs_failed_limit: 12.
num_arena_births: 326.
num_arena_deaths: 0.
num_vsnodes_births: 2.
num_vsnodes_deaths: 0.
num_space_committed: 1136.
num_space_uncommitted: 0.
num_chunks_returned_to_freelist: 12.
num_chunks_taken_from_freelist: 2765.
num_chunk_merges: 9.
num_chunk_splits: 2168.
num_chunks_enlarged: 1764.
num_inconsistent_stats: 0.

CodeHeap 'non-profiled nmethods': size=117208Kb used=3094Kb max_used=3094Kb free=114113Kb
 bounds [0x00007f59ffa59000, 0x00007f59ffd69000, 0x00007f5a06ccf000]
CodeHeap 'profiled nmethods': size=117208Kb used=18973Kb max_used=18973Kb free=98234Kb
 bounds [0x00007f59f7ccf000, 0x00007f59f8f5f000, 0x00007f59fef45000]
CodeHeap 'non-nmethods': size=11344Kb used=4862Kb max_used=4963Kb free=6481Kb
 bounds [0x00007f59fef45000, 0x00007f59ff425000, 0x00007f59ffa59000]
 total_blobs=6825 nmethods=5985 adapters=732
 compilation: enabled
              stopped_count=0, restarted_count=0
 full_count=0

JVMCI Events (20 events):
Event: 1.555 Thread 0x00007f5978047360 compacted oop handles in JVMCI runtime 2 from 209 to 204
Event: 1.555 Thread 0x00007f5978047360 compacted oop handles in JVMCI runtime 2 from 205 to 103
Event: 1.558 Thread 0x00007f597804be20 compacted oop handles in JVMCI runtime 3 from 255 to 237
Event: 1.558 Thread 0x00007f5978047360 compacted oop handles in JVMCI runtime 2 from 185 to 169
Event: 1.558 Thread 0x00007f597804be20 compacted oop handles in JVMCI runtime 3 from 238 to 154
Event: 1.561 Thread 0x00007f597804be20 compacted oop handles in JVMCI runtime 3 from 168 to 166
Event: 1.562 Thread 0x00007f5978046180 compacted oop handles in JVMCI runtime 1 from 279 to 235
Event: 1.562 Thread 0x00007f5978046180 compacted oop handles in JVMCI runtime 1 from 236 to 204
Event: 1.570 Thread 0x000055ebd5056ca0 compacted oop handles in JVMCI runtime 6 from 1955 to 1618
Event: 1.571 Thread 0x000055ebd5056ca0 compacted oop handles in JVMCI runtime 6 from 1636 to 1555
Event: 1.575 Thread 0x00007f597804be20 compacted oop handles in JVMCI runtime 3 from 262 to 233
Event: 1.575 Thread 0x00007f597804be20 compacted oop handles in JVMCI runtime 3 from 233 to 194
Event: 1.577 Thread 0x000055ebd48d5970 compacted oop handles in JVMCI runtime 0 from 424 to 297
Event: 1.577 Thread 0x000055ebd48d5970 compacted oop handles in JVMCI runtime 0 from 298 to 182
Event: 1.577 Thread 0x00007f597804be20 compacted oop handles in JVMCI runtime 3 from 200 to 197
Event: 1.579 Thread 0x000055ebd48d5970 compacted oop handles in JVMCI runtime 0 from 184 to 183
Event: 1.581 Thread 0x00007f5978047360 compacted oop handles in JVMCI runtime 2 from 304 to 251
Event: 1.581 Thread 0x00007f5978047360 compacted oop handles in JVMCI runtime 2 from 252 to 172
Event: 1.583 Thread 0x00007f5978047360 compacted oop handles in JVMCI runtime 2 from 187 to 185
Event: 1.583 Thread 0x000055ebd48d5970 compacted oop handles in JVMCI runtime 0 from 195 to 193

Compilation events (20 events):
Event: 1.578 Thread 0x00007f596c117f40 nmethod 6815 0x00007f59f8edaa90 code [0x00007f59f8edac40, 0x00007f59f8edad80]
Event: 1.579 Thread 0x000055ebd48d5970 nmethod 6792 0x00007f59ffd3f490 code [0x00007f59ffd3f620, 0x00007f59ffd3f960]
Event: 1.579 Thread 0x000055ebd48d5970 6805       4       com.oracle.truffle.api.impl.FrameWithoutBoxing::isObject (14 bytes)
Event: 1.580 Thread 0x00007f59640327f0 nmethod 6816 0x00007f59f8edae10 code [0x00007f59f8edb9c0, 0x00007f59f8ee3940]
Event: 1.580 Thread 0x000055ebd48d5970 nmethod 6805 0x00007f59ffd3fb10 code [0x00007f59ffd3fc80, 0x00007f59ffd3fd60]
Event: 1.580 Thread 0x000055ebd48d5970 6803       4       com.oracle.truffle.api.profiles.InlinedBranchProfile::enter (34 bytes)
Event: 1.581 Thread 0x00007f5978047360 nmethod 6721 0x00007f59ffd3fe90 code [0x00007f59ffd401a0, 0x00007f59ffd41358]
Event: 1.581 Thread 0x00007f5978047360 6772       4       org.graalvm.compiler.truffle.runtime.hotspot.HotSpotThreadLocalHandshake::poll (55 bytes)
Event: 1.582 Thread 0x000055ebd48d6ed0 6817       3       com.oracle.graal.python.nodes.call.special.CallQuaternaryMethodNodeGen::execute (732 bytes)
Event: 1.582 Thread 0x00007f596c117f40 6819       3       com.oracle.graal.python.builtins.objects.common.SequenceStorageNodesFactory$ToArrayNodeGen$Inlined::execute (123 bytes)
Event: 1.582 Thread 0x00007f596413caa0 6820       3       com.oracle.graal.python.nodes.builtins.FunctionNodesFactory$GetCallTargetNodeGen::execute (230 bytes)
Event: 1.582 Thread 0x00007f596c117f40 nmethod 6819 0x00007f59f8ee5d10 code [0x00007f59f8ee5fe0, 0x00007f59f8ee7830]
Event: 1.583 Thread 0x00007f5978047360 nmethod 6772 0x00007f59ffd41f90 code [0x00007f59ffd42120, 0x00007f59ffd421d0]
Event: 1.583 Thread 0x000055ebd48d6ed0 nmethod 6817 0x00007f59f8ee7d10 code [0x00007f59f8ee80a0, 0x00007f59f8eebf10]
Event: 1.583 Thread 0x00007f596413caa0 nmethod 6820 0x00007f59f8eec590 code [0x00007f59f8eec8e0, 0x00007f59f8eef840]
Event: 1.583 Thread 0x00007f5978047360 6748       4       com.oracle.truffle.api.strings.TStringInternalNodes$CodePointAtNode::utf32 (18 bytes)
Event: 1.583 Thread 0x00007f596c117f40 6822       3       java.nio.Buffer::flip (20 bytes)
Event: 1.583 Thread 0x00007f596c117f40 nmethod 6822 0x00007f59f8eefd90 code [0x00007f59f8eeff20, 0x00007f59f8ef0030]
Event: 1.583 Thread 0x000055ebd48d5970 nmethod 6803 0x00007f59ffd42290 code [0x00007f59ffd42440, 0x00007f59ffd426e0]
Event: 1.583 Thread 0x000055ebd48d5970 6749       4       com.oracle.truffle.api.strings.TStringInternalNodes$CodePointAtRawNode::utf32 (115 bytes)

GC Heap History (12 events):
Event: 0.397 GC heap before
{Heap before GC invocations=0 (full 0):
 garbage-first heap   total 2097152K, used 65356K [0x0000000082000000, 0x0000000800000000)
  region size 16384K, 5 young (81920K), 0 survivors (0K)
 Metaspace       used 21284K, committed 21568K, reserved 1114112K
  class space    used 2112K, committed 2240K, reserved 1048576K
}
Event: 0.400 GC heap after
{Heap after GC invocations=1 (full 0):
 garbage-first heap   total 2097152K, used 31039K [0x0000000082000000, 0x0000000800000000)
  region size 16384K, 1 young (16384K), 1 survivors (16384K)
 Metaspace       used 21284K, committed 21568K, reserved 1114112K
  class space    used 2112K, committed 2240K, reserved 1048576K
}
Event: 0.617 GC heap before
{Heap before GC invocations=2 (full 0):
 garbage-first heap   total 229376K, used 80191K [0x0000000082000000, 0x0000000800000000)
  region size 16384K, 5 young (81920K), 1 survivors (16384K)
 Metaspace       used 36197K, committed 36416K, reserved 1114112K
  class space    used 4490K, committed 4608K, reserved 1048576K
}
Event: 0.620 GC heap after
{Heap after GC invocations=3 (full 0):
 garbage-first heap   total 229376K, used 38164K [0x0000000082000000, 0x0000000800000000)
  region size 16384K, 1 young (16384K), 1 survivors (16384K)
 Metaspace       used 36197K, committed 36416K, reserved 1114112K
  class space    used 4490K, committed 4608K, reserved 1048576K
}
Event: 0.737 GC heap before
{Heap before GC invocations=4 (full 0):
 garbage-first heap   total 229376K, used 70932K [0x0000000082000000, 0x0000000800000000)
  region size 16384K, 3 young (49152K), 1 survivors (16384K)
 Metaspace       used 43742K, committed 43968K, reserved 1114112K
  class space    used 5934K, committed 6080K, reserved 1048576K
}
Event: 0.739 GC heap after
{Heap after GC invocations=5 (full 0):
 garbage-first heap   total 229376K, used 41339K [0x0000000082000000, 0x0000000800000000)
  region size 16384K, 1 young (16384K), 1 survivors (16384K)
 Metaspace       used 43742K, committed 43968K, reserved 1114112K
  class space    used 5934K, committed 6080K, reserved 1048576K
}
Event: 0.964 GC heap before
{Heap before GC invocations=5 (full 0):
 garbage-first heap   total 229376K, used 106875K [0x0000000082000000, 0x0000000800000000)
  region size 16384K, 5 young (81920K), 1 survivors (16384K)
 Metaspace       used 58332K, committed 58624K, reserved 1114112K
  class space    used 8631K, committed 8768K, reserved 1048576K
}
Event: 0.969 GC heap after
{Heap after GC invocations=6 (full 0):
 garbage-first heap   total 229376K, used 49070K [0x0000000082000000, 0x0000000800000000)
  region size 16384K, 1 young (16384K), 1 survivors (16384K)
 Metaspace       used 58332K, committed 58624K, reserved 1114112K
  class space    used 8631K, committed 8768K, reserved 1048576K
}
Event: 1.028 GC heap before
{Heap before GC invocations=6 (full 0):
 garbage-first heap   total 229376K, used 49070K [0x0000000082000000, 0x0000000800000000)
  region size 16384K, 2 young (32768K), 1 survivors (16384K)
 Metaspace       used 60875K, committed 61120K, reserved 1114112K
  class space    used 8908K, committed 9024K, reserved 1048576K
}
Event: 1.031 GC heap after
{Heap after GC invocations=7 (full 0):
 garbage-first heap   total 229376K, used 52552K [0x0000000082000000, 0x0000000800000000)
  region size 16384K, 1 young (16384K), 1 survivors (16384K)
 Metaspace       used 60875K, committed 61120K, reserved 1114112K
  class space    used 8908K, committed 9024K, reserved 1048576K
}
Event: 1.483 GC heap before
{Heap before GC invocations=8 (full 0):
 garbage-first heap   total 229376K, used 118088K [0x0000000082000000, 0x0000000800000000)
  region size 16384K, 5 young (81920K), 1 survivors (16384K)
 Metaspace       used 71584K, committed 71872K, reserved 1114112K
  class space    used 9997K, committed 10112K, reserved 1048576K
}
Event: 1.490 GC heap after
{Heap after GC invocations=9 (full 0):
 garbage-first heap   total 229376K, used 65517K [0x0000000082000000, 0x0000000800000000)
  region size 16384K, 1 young (16384K), 1 survivors (16384K)
 Metaspace       used 71584K, committed 71872K, reserved 1114112K
  class space    used 9997K, committed 10112K, reserved 1048576K
}

Dll operation events (11 events):
Event: 0.001 Loaded shared library /home/a4090/miniconda3/envs/auto/lib/jvm/lib/libjava.so
Event: 0.005 Loaded shared library /home/a4090/miniconda3/envs/auto/lib/jvm/lib/libjsvml.so
Event: 0.020 Loaded shared library /home/a4090/miniconda3/envs/auto/lib/jvm/lib/libjvmcicompiler.so
Event: 0.020 Loaded shared library /home/a4090/miniconda3/envs/auto/lib/jvm/lib/libnio.so
Event: 0.022 Loaded shared library /home/a4090/miniconda3/envs/auto/lib/jvm/lib/libzip.so
Event: 0.024 Loaded shared library /home/a4090/miniconda3/envs/auto/lib/jvm/lib/libjimage.so
Event: 0.028 Loaded shared library /home/a4090/miniconda3/envs/auto/lib/jvm/lib/libmanagement.so
Event: 0.029 Loaded shared library /home/a4090/miniconda3/envs/auto/lib/jvm/lib/libmanagement_ext.so
Event: 0.031 Loaded shared library /home/a4090/miniconda3/envs/auto/lib/jvm/lib/libnet.so
Event: 0.370 Loaded shared library /home/a4090/miniconda3/envs/auto/lib/jvm/lib/libverify.so
Event: 1.179 Loaded shared library /home/a4090/miniconda3/envs/auto/lib/jvm/lib/libtrufflenfi.so

Deoptimization events (20 events):
Event: 1.537 Thread 0x000055ebd46d5860 DEOPT PACKING pc=0x00007f59ffd220a4 sp=0x00007fff0726a3a0
Event: 1.537 Thread 0x000055ebd46d5860 DEOPT UNPACKING pc=0x00007f59fef9bc25 sp=0x00007fff07269790 mode 3
Event: 1.537 Thread 0x000055ebd46d5860 Uncommon trap: trap_request=0xffffffed fr.pc=0x00007f59ffceaaa3 relative=0x00000000000001e3
Event: 1.537 Thread 0x000055ebd46d5860 Uncommon trap: reason=null_assert_or_unreached0 action=reinterpret pc=0x00007f59ffceaaa3 method=com.oracle.graal.python.nodes.call.special.MaybeBindDescriptorNodeGen.execute(Lcom/oracle/truffle/api/frame/Frame;Ljava/lang/Object;Ljava/lang/Object;Ljava/lan
Event: 1.537 Thread 0x000055ebd46d5860 DEOPT PACKING pc=0x00007f59ffceaaa3 sp=0x00007fff0726a270
Event: 1.537 Thread 0x000055ebd46d5860 DEOPT UNPACKING pc=0x00007f59fef9bc25 sp=0x00007fff07269708 mode 3
Event: 1.544 Thread 0x000055ebd46d5860 Uncommon trap: trap_request=0xffffff25 fr.pc=0x00007f59ffd293b6 relative=0x00000000000029f6
Event: 1.544 Thread 0x000055ebd46d5860 Uncommon trap: reason=transfer_to_interpreter action=reinterpret pc=0x00007f59ffd293b6 method=com.oracle.graal.python.builtins.objects.common.HashingStorageNodes$HashingStorageSetItem.economicMap(Lcom/oracle/truffle/api/frame/Frame;Lcom/oracle/graal/pytho
Event: 1.544 Thread 0x000055ebd46d5860 DEOPT PACKING pc=0x00007f59ffd293b6 sp=0x00007fff0726a4f0
Event: 1.544 Thread 0x000055ebd46d5860 DEOPT UNPACKING pc=0x00007f59fef9bc25 sp=0x00007fff07269558 mode 3
Event: 1.557 Thread 0x000055ebd46d5860 Uncommon trap: trap_request=0xffffffed fr.pc=0x00007f59ffa792d3 relative=0x00000000000002d3
Event: 1.557 Thread 0x000055ebd46d5860 Uncommon trap: reason=null_assert_or_unreached0 action=reinterpret pc=0x00007f59ffa792d3 method=java.lang.String.hashCode()I @ 0 jvmci
Event: 1.557 Thread 0x000055ebd46d5860 DEOPT PACKING pc=0x00007f59ffa792d3 sp=0x00007fff0726f290
Event: 1.557 Thread 0x000055ebd46d5860 DEOPT UNPACKING pc=0x00007f59fef9bc25 sp=0x00007fff0726e760 mode 3
Event: 1.562 Thread 0x000055ebd46d5860 DEOPT PACKING pc=0x00007f59f83a18d5 sp=0x00007fff07269a00
Event: 1.562 Thread 0x000055ebd46d5860 DEOPT UNPACKING pc=0x00007f59fef9bc25 sp=0x00007fff07268ea8 mode 0
Event: 1.568 Thread 0x000055ebd46d5860 Uncommon trap: trap_request=0xffffff25 fr.pc=0x00007f59ffabfe0b relative=0x000000000000276b
Event: 1.568 Thread 0x000055ebd46d5860 Uncommon trap: reason=transfer_to_interpreter action=reinterpret pc=0x00007f59ffabfe0b method=com.oracle.graal.python.builtins.objects.dict.DictBuiltinsFactory$UpdateNodeFactory$UpdateNodeGen.execute(Lcom/oracle/truffle/api/frame/VirtualFrame;)Ljava/lang/
Event: 1.568 Thread 0x000055ebd46d5860 DEOPT PACKING pc=0x00007f59ffabfe0b sp=0x00007fff072619d0
Event: 1.568 Thread 0x000055ebd46d5860 DEOPT UNPACKING pc=0x00007f59fef9bc25 sp=0x00007fff07260d90 mode 3

Classes unloaded (0 events):
No events

Classes redefined (0 events):
No events

Internal exceptions (20 events):
Event: 1.419 Thread 0x000055ebd46d5860 Exception <a 'sun/nio/fs/UnixException'{0x00000000898a5828}> (0x00000000898a5828) 
thrown [src/hotspot/share/prims/jni.cpp, line 516]
Event: 1.435 Thread 0x000055ebd46d5860 Exception <a 'sun/nio/fs/UnixException'{0x0000000089a49e98}> (0x0000000089a49e98) 
thrown [src/hotspot/share/prims/jni.cpp, line 516]
Event: 1.435 Thread 0x000055ebd46d5860 Exception <a 'sun/nio/fs/UnixException'{0x0000000089a4c5d8}> (0x0000000089a4c5d8) 
thrown [src/hotspot/share/prims/jni.cpp, line 516]
Event: 1.437 Thread 0x000055ebd46d5860 Exception <a 'sun/nio/fs/UnixException'{0x0000000089a784d8}> (0x0000000089a784d8) 
thrown [src/hotspot/share/prims/jni.cpp, line 516]
Event: 1.437 Thread 0x000055ebd46d5860 Exception <a 'sun/nio/fs/UnixException'{0x0000000089a7abe0}> (0x0000000089a7abe0) 
thrown [src/hotspot/share/prims/jni.cpp, line 516]
Event: 1.477 Thread 0x000055ebd46d5860 Exception <a 'sun/nio/fs/UnixException'{0x0000000089ea7d98}> (0x0000000089ea7d98) 
thrown [src/hotspot/share/prims/jni.cpp, line 516]
Event: 1.477 Thread 0x000055ebd46d5860 Exception <a 'sun/nio/fs/UnixException'{0x0000000089eab208}> (0x0000000089eab208) 
thrown [src/hotspot/share/prims/jni.cpp, line 516]
Event: 1.479 Thread 0x000055ebd46d5860 Exception <a 'sun/nio/fs/UnixException'{0x0000000089f08e18}> (0x0000000089f08e18) 
thrown [src/hotspot/share/prims/jni.cpp, line 516]
Event: 1.479 Thread 0x000055ebd46d5860 Exception <a 'sun/nio/fs/UnixException'{0x0000000089f0cfb0}> (0x0000000089f0cfb0) 
thrown [src/hotspot/share/prims/jni.cpp, line 516]
Event: 1.480 Thread 0x000055ebd46d5860 Exception <a 'sun/nio/fs/UnixException'{0x0000000089f6f660}> (0x0000000089f6f660) 
thrown [src/hotspot/share/prims/jni.cpp, line 516]
Event: 1.480 Thread 0x000055ebd46d5860 Exception <a 'sun/nio/fs/UnixException'{0x0000000089f74298}> (0x0000000089f74298) 
thrown [src/hotspot/share/prims/jni.cpp, line 516]
Event: 1.499 Thread 0x000055ebd46d5860 Implicit null exception at 0x00007f59ffb609c8 to 0x00007f59fef9b868
Event: 1.556 Thread 0x000055ebd46d5860 Exception <a 'sun/nio/fs/UnixException'{0x00000000ff42b450}> (0x00000000ff42b450) 
thrown [src/hotspot/share/prims/jni.cpp, line 516]
Event: 1.556 Thread 0x000055ebd46d5860 Exception <a 'sun/nio/fs/UnixException'{0x00000000ff4300c0}> (0x00000000ff4300c0) 
thrown [src/hotspot/share/prims/jni.cpp, line 516]
Event: 1.561 Thread 0x000055ebd46d5860 Exception <a 'sun/nio/fs/UnixException'{0x00000000ff4dcf08}> (0x00000000ff4dcf08) 
thrown [src/hotspot/share/prims/jni.cpp, line 516]
Event: 1.561 Thread 0x000055ebd46d5860 Exception <a 'sun/nio/fs/UnixException'{0x00000000ff4e2618}> (0x00000000ff4e2618) 
thrown [src/hotspot/share/prims/jni.cpp, line 516]
Event: 1.563 Thread 0x000055ebd46d5860 Exception <a 'sun/nio/fs/UnixException'{0x00000000ff5157b0}> (0x00000000ff5157b0) 
thrown [src/hotspot/share/prims/jni.cpp, line 516]
Event: 1.564 Thread 0x000055ebd46d5860 Exception <a 'sun/nio/fs/UnixException'{0x00000000ff51b410}> (0x00000000ff51b410) 
thrown [src/hotspot/share/prims/jni.cpp, line 516]
Event: 1.582 Thread 0x000055ebd46d5860 Exception <a 'sun/nio/fs/UnixException'{0x00000000ff7e81e0}> (0x00000000ff7e81e0) 
thrown [src/hotspot/share/prims/jni.cpp, line 516]
Event: 1.583 Thread 0x000055ebd46d5860 Exception <a 'sun/nio/fs/UnixException'{0x00000000ff7ece50}> (0x00000000ff7ece50) 
thrown [src/hotspot/share/prims/jni.cpp, line 516]

VM Operations (20 events):
Event: 1.347 Executing VM operation: HandshakeAllThreads
Event: 1.347 Executing VM operation: HandshakeAllThreads done
Event: 1.365 Executing VM operation: HandshakeAllThreads
Event: 1.365 Executing VM operation: HandshakeAllThreads done
Event: 1.372 Executing VM operation: ICBufferFull
Event: 1.373 Executing VM operation: ICBufferFull done
Event: 1.409 Executing VM operation: HandshakeAllThreads
Event: 1.409 Executing VM operation: HandshakeAllThreads done
Event: 1.455 Executing VM operation: ICBufferFull
Event: 1.455 Executing VM operation: ICBufferFull done
Event: 1.483 Executing VM operation: HandshakeAllThreads
Event: 1.483 Executing VM operation: HandshakeAllThreads done
Event: 1.483 Executing VM operation: G1CollectForAllocation
Event: 1.490 Executing VM operation: G1CollectForAllocation done
Event: 1.505 Executing VM operation: G1Concurrent
Event: 1.509 Executing VM operation: G1Concurrent done
Event: 1.513 Executing VM operation: G1Concurrent
Event: 1.515 Executing VM operation: G1Concurrent done
Event: 1.530 Executing VM operation: HandshakeAllThreads
Event: 1.530 Executing VM operation: HandshakeAllThreads done

Events (20 events):
Event: 1.344 loading class java/util/concurrent/ConcurrentHashMap$TreeNode
Event: 1.344 loading class java/util/concurrent/ConcurrentHashMap$TreeNode done
Event: 1.344 loading class java/util/concurrent/ConcurrentHashMap$TreeBin
Event: 1.344 loading class java/util/concurrent/ConcurrentHashMap$TreeBin done
Event: 1.346 loading class java/nio/ByteBufferAsIntBufferB
Event: 1.346 loading class java/nio/ByteBufferAsIntBufferB done
Event: 1.410 loading class jdk/jfr/internal/handlers/EventHandler2816_1740645790612-164108
Event: 1.410 loading class jdk/jfr/internal/handlers/EventHandler2816_1740645790612-164108 done
Event: 1.463 loading class java/nio/StringCharBuffer
Event: 1.463 loading class java/nio/StringCharBuffer done
Event: 1.472 loading class java/lang/StringIndexOutOfBoundsException
Event: 1.472 loading class java/lang/StringIndexOutOfBoundsException done
Event: 1.490 Thread 0x00007f5848000f50 Thread added: 0x00007f5848000f50
Event: 1.490 Protecting memory [0x00007f583beff000,0x00007f583bf03000] with protection modes 0
Event: 1.492 loading class java/util/concurrent/Phaser
Event: 1.492 loading class java/util/concurrent/Phaser done
Event: 1.493 Thread 0x00007f58600033b0 Thread added: 0x00007f58600033b0
Event: 1.493 Protecting memory [0x00007f583b9ff000,0x00007f583ba03000] with protection modes 0
Event: 1.533 Thread 0x000055ebd48e0360 flushing nmethod 0x00007f59f8092590
Event: 1.537 Thread 0x000055ebd48e0360 flushing nmethod 0x00007f59f8648590


Dynamic libraries:
82000000-8c000000 rw-p 00000000 00:00 0 
8c000000-fa000000 ---p 00000000 00:00 0 
fa000000-fb000000 rw-p 00000000 00:00 0 
fb000000-ff000000 ---p 00000000 00:00 0 
ff000000-100000000 rw-p 00000000 00:00 0 
100000000-7fe000000 ---p 00000000 00:00 0 
7fe000000-7fef00000 rw-p 00000000 00:00 0 
7fef00000-7fef46000 rw-p 00c8f000 103:02 51866601                        /home/a4090/miniconda3/envs/auto/lib/jvm/lib/server/classes.jsa
7fef46000-7ff000000 rw-p 00000000 00:00 0 
7ff000000-7ff08d000 rw-p 00c02000 103:02 51866601                        /home/a4090/miniconda3/envs/auto/lib/jvm/lib/server/classes.jsa
7ff08d000-800000000 rw-p 00000000 00:00 0 
800000000-80044a000 rw-p 00001000 103:02 51866601                        /home/a4090/miniconda3/envs/auto/lib/jvm/lib/server/classes.jsa
80044a000-800bcb000 r--p 0044b000 103:02 51866601                        /home/a4090/miniconda3/envs/auto/lib/jvm/lib/server/classes.jsa
800bcb000-801000000 ---p 00000000 00:00 0 
801000000-801040000 rw-p 00000000 00:00 0 
801040000-8010c0000 rw-p 00000000 00:00 0 
8010c0000-801100000 rw-p 00000000 00:00 0 
801100000-801180000 rw-p 00000000 00:00 0 
801180000-801240000 rw-p 00000000 00:00 0 
801240000-801250000 rw-p 00000000 00:00 0 
801250000-801280000 ---p 00000000 00:00 0 
801280000-801a20000 rw-p 00000000 00:00 0 
801a20000-841000000 ---p 00000000 00:00 0 
55ebd2a0b000-55ebd2a0e000 r--p 00000000 103:02 51868967                  /home/a4090/miniconda3/envs/auto/lib/jvm/languages/python/bin/python
55ebd2a0e000-55ebd2a12000 r-xp 00003000 103:02 51868967                  /home/a4090/miniconda3/envs/auto/lib/jvm/languages/python/bin/python
55ebd2a12000-55ebd2a14000 r--p 00007000 103:02 51868967                  /home/a4090/miniconda3/envs/auto/lib/jvm/languages/python/bin/python
55ebd2a14000-55ebd2a15000 r--p 00008000 103:02 51868967                  /home/a4090/miniconda3/envs/auto/lib/jvm/languages/python/bin/python
55ebd2a15000-55ebd2a16000 rw-p 00009000 103:02 51868967                  /home/a4090/miniconda3/envs/auto/lib/jvm/languages/python/bin/python
55ebd4678000-55ebd603d000 rw-p 00000000 00:00 0                          [heap]
7f5823500000-7f5823600000 rw-p 00000000 00:00 0 
7f5823700000-7f5823800000 rw-p 00000000 00:00 0 
7f5823900000-7f5823a00000 rw-p 00000000 00:00 0 
7f5823b00000-7f5823c00000 rw-p 00000000 00:00 0 
7f5823d00000-7f5823e00000 rw-p 00000000 00:00 0 
7f5823f00000-7f5824000000 rw-p 00000000 00:00 0 
7f5824100000-7f5824200000 rw-p 00000000 00:00 0 
7f58242a7000-7f5824600000 rw-p 00000000 00:00 0 
7f58246be000-7f5824900000 rw-p 00000000 00:00 0 
7f5824a00000-7f5824b00000 rw-p 00000000 00:00 0 
7f5824c00000-7f5824d00000 rw-p 00000000 00:00 0 
7f5824e00000-7f5824f00000 rw-p 00000000 00:00 0 
7f5825000000-7f5825100000 rw-p 00000000 00:00 0 
7f5825200000-7f5825300000 rw-p 00000000 00:00 0 
7f5825400000-7f5825500000 rw-p 00000000 00:00 0 
7f5825600000-7f5825700000 rw-p 00000000 00:00 0 
7f5825800000-7f5825900000 rw-p 00000000 00:00 0 
7f5825a00000-7f5825b00000 rw-p 00000000 00:00 0 
7f5825c00000-7f5825d00000 rw-p 00000000 00:00 0 
7f5825e00000-7f5825f00000 rw-p 00000000 00:00 0 
7f5826000000-7f5826100000 rw-p 00000000 00:00 0 
7f5826200000-7f5826300000 rw-p 00000000 00:00 0 
7f5826400000-7f5826500000 rw-p 00000000 00:00 0 
7f5826600000-7f5826700000 rw-p 00000000 00:00 0 
7f5826800000-7f5826900000 rw-p 00000000 00:00 0 
7f5826a00000-7f5826b00000 rw-p 00000000 00:00 0 
7f5826c00000-7f5826d00000 rw-p 00000000 00:00 0 
7f5826e00000-7f5826f00000 rw-p 00000000 00:00 0 
7f5827000000-7f5827100000 rw-p 00000000 00:00 0 
7f5827200000-7f5827300000 rw-p 00000000 00:00 0 
7f5827400000-7f5827500000 rw-p 00000000 00:00 0 
7f5827600000-7f5827700000 rw-p 00000000 00:00 0 
7f5827800000-7f5827900000 rw-p 00000000 00:00 0 
7f5827a00000-7f5827b00000 rw-p 00000000 00:00 0 
7f5827c00000-7f5827d00000 rw-p 00000000 00:00 0 
7f5827e00000-7f5827f00000 rw-p 00000000 00:00 0 
7f5828000000-7f5828100000 rw-p 00000000 00:00 0 
7f5828200000-7f5828300000 rw-p 00000000 00:00 0 
7f5828400000-7f5828500000 rw-p 00000000 00:00 0 
7f5828600000-7f5828700000 rw-p 00000000 00:00 0 
7f5828800000-7f5828900000 rw-p 00000000 00:00 0 
7f5828a00000-7f5828b00000 rw-p 00000000 00:00 0 
7f5828c00000-7f5828d00000 rw-p 00000000 00:00 0 
7f5828e00000-7f5828f00000 rw-p 00000000 00:00 0 
7f5829000000-7f5829100000 rw-p 00000000 00:00 0 
7f5829200000-7f5829300000 rw-p 00000000 00:00 0 
7f5829400000-7f5829500000 rw-p 00000000 00:00 0 
7f5829600000-7f5829700000 rw-p 00000000 00:00 0 
7f5829800000-7f5829900000 rw-p 00000000 00:00 0 
7f5829a00000-7f5829b00000 rw-p 00000000 00:00 0 
7f5829c00000-7f5829d00000 rw-p 00000000 00:00 0 
7f5829e00000-7f5829f00000 rw-p 00000000 00:00 0 
7f582a000000-7f582a100000 rw-p 00000000 00:00 0 
7f582a200000-7f582a300000 rw-p 00000000 00:00 0 
7f582a400000-7f582a500000 rw-p 00000000 00:00 0 
7f582a600000-7f582a700000 rw-p 00000000 00:00 0 
7f582a800000-7f582a900000 rw-p 00000000 00:00 0 
7f582aa00000-7f582ab00000 rw-p 00000000 00:00 0 
7f582ab8b000-7f582af00000 rw-p 00000000 00:00 0 
7f582b000000-7f582b100000 rw-p 00000000 00:00 0 
7f582b200000-7f582b300000 rw-p 00000000 00:00 0 
7f582b400000-7f582b500000 rw-p 00000000 00:00 0 
7f582b600000-7f582b700000 rw-p 00000000 00:00 0 
7f582b800000-7f582b900000 rw-p 00000000 00:00 0 
7f582ba00000-7f582bb00000 rw-p 00000000 00:00 0 
7f582bc00000-7f582bd00000 rw-p 00000000 00:00 0 
7f582be00000-7f582bf00000 rw-p 00000000 00:00 0 
7f582c000000-7f582c021000 rw-p 00000000 00:00 0 
7f582c021000-7f5830000000 ---p 00000000 00:00 0 
7f5830000000-7f5830100000 rw-p 00000000 00:00 0 
7f5830200000-7f5830300000 rw-p 00000000 00:00 0 
7f5830400000-7f5830500000 rw-p 00000000 00:00 0 
7f5830600000-7f5830700000 rw-p 00000000 00:00 0 
7f5830800000-7f5830900000 rw-p 00000000 00:00 0 
7f5830a00000-7f5830b00000 rw-p 00000000 00:00 0 
7f5830c00000-7f5830d00000 rw-p 00000000 00:00 0 
7f5830e00000-7f5830f00000 rw-p 00000000 00:00 0 
7f5831000000-7f5831100000 rw-p 00000000 00:00 0 
7f5831200000-7f5831300000 rw-p 00000000 00:00 0 
7f5831400000-7f5831500000 rw-p 00000000 00:00 0 
7f5831600000-7f5831700000 rw-p 00000000 00:00 0 
7f5831800000-7f5831900000 rw-p 00000000 00:00 0 
7f5831a00000-7f5831b00000 rw-p 00000000 00:00 0 
7f5831c00000-7f5831d00000 rw-p 00000000 00:00 0 
7f5831e00000-7f5831f00000 rw-p 00000000 00:00 0 
7f5832000000-7f5832100000 rw-p 00000000 00:00 0 
7f5832200000-7f5832300000 rw-p 00000000 00:00 0 
7f5832400000-7f5832500000 rw-p 00000000 00:00 0 
7f5832600000-7f5832700000 rw-p 00000000 00:00 0 
7f5832800000-7f5832900000 rw-p 00000000 00:00 0 
7f5832a00000-7f5832b00000 rw-p 00000000 00:00 0 
7f5832c00000-7f5832d00000 rw-p 00000000 00:00 0 
7f5832e00000-7f5832f00000 rw-p 00000000 00:00 0 
7f5833000000-7f5833100000 rw-p 00000000 00:00 0 
7f5833200000-7f5833300000 rw-p 00000000 00:00 0 
7f5833400000-7f5833500000 rw-p 00000000 00:00 0 
7f5833600000-7f5833700000 rw-p 00000000 00:00 0 
7f5833800000-7f5833900000 rw-p 00000000 00:00 0 
7f5833a00000-7f5833b00000 rw-p 00000000 00:00 0 
7f5833c00000-7f5833d00000 rw-p 00000000 00:00 0 
7f5833e00000-7f5833f00000 rw-p 00000000 00:00 0 
7f5834000000-7f5834021000 rw-p 00000000 00:00 0 
7f5834021000-7f5838000000 ---p 00000000 00:00 0 
7f5838000000-7f5838100000 rw-p 00000000 00:00 0 
7f5838200000-7f5838300000 rw-p 00000000 00:00 0 
7f5838400000-7f5838500000 rw-p 00000000 00:00 0 
7f5838600000-7f5838700000 rw-p 00000000 00:00 0 
7f5838800000-7f5838900000 rw-p 00000000 00:00 0 
7f5838a00000-7f5838b00000 rw-p 00000000 00:00 0 
7f5838c00000-7f5838d00000 rw-p 00000000 00:00 0 
7f5838e00000-7f5838f00000 rw-p 00000000 00:00 0 
7f5839000000-7f5839100000 rw-p 00000000 00:00 0 
7f5839200000-7f5839300000 rw-p 00000000 00:00 0 
7f5839400000-7f5839500000 rw-p 00000000 00:00 0 
7f5839600000-7f5839700000 rw-p 00000000 00:00 0 
7f5839800000-7f5839900000 rw-p 00000000 00:00 0 
7f5839a00000-7f5839b00000 rw-p 00000000 00:00 0 
7f5839c00000-7f5839d00000 rw-p 00000000 00:00 0 
7f5839e00000-7f5839f00000 rw-p 00000000 00:00 0 
7f583a000000-7f583a100000 rw-p 00000000 00:00 0 
7f583a200000-7f583a300000 rw-p 00000000 00:00 0 
7f583a400000-7f583a500000 rw-p 00000000 00:00 0 
7f583a600000-7f583a700000 rw-p 00000000 00:00 0 
7f583a800000-7f583a900000 rw-p 00000000 00:00 0 
7f583aa00000-7f583ab00000 rw-p 00000000 00:00 0 
7f583ac00000-7f583ad00000 rw-p 00000000 00:00 0 
7f583ae00000-7f583af00000 rw-p 00000000 00:00 0 
7f583b000000-7f583b100000 rw-p 00000000 00:00 0 
7f583b200000-7f583b300000 rw-p 00000000 00:00 0 
7f583b400000-7f583b500000 rw-p 00000000 00:00 0 
7f583b600000-7f583b700000 rw-p 00000000 00:00 0 
7f583b800000-7f583b900000 rw-p 00000000 00:00 0 
7f583b9ff000-7f583ba03000 ---p 00000000 00:00 0 
7f583ba03000-7f583bc00000 rw-p 00000000 00:00 0 
7f583bd00000-7f583be00000 rw-p 00000000 00:00 0 
7f583beff000-7f583bf03000 ---p 00000000 00:00 0 
7f583bf03000-7f583c100000 rw-p 00000000 00:00 0 
7f583c200000-7f583c300000 rw-p 00000000 00:00 0 
7f583c400000-7f583c500000 rw-p 00000000 00:00 0 
7f583c600000-7f583c700000 rw-p 00000000 00:00 0 
7f583c800000-7f583c900000 rw-p 00000000 00:00 0 
7f583ca00000-7f583cb00000 rw-p 00000000 00:00 0 
7f583cc00000-7f583cd00000 rw-p 00000000 00:00 0 
7f583ce00000-7f583cf00000 rw-p 00000000 00:00 0 
7f583d000000-7f583d100000 rw-p 00000000 00:00 0 
7f583d200000-7f583d300000 rw-p 00000000 00:00 0 
7f583d400000-7f583d500000 rw-p 00000000 00:00 0 
7f583d600000-7f583d700000 rw-p 00000000 00:00 0 
7f583d800000-7f583d900000 rw-p 00000000 00:00 0 
7f583da00000-7f583db00000 rw-p 00000000 00:00 0 
7f583dc00000-7f583dd00000 rw-p 00000000 00:00 0 
7f583de00000-7f583df00000 rw-p 00000000 00:00 0 
7f583e000000-7f583e100000 rw-p 00000000 00:00 0 
7f583e200000-7f583e300000 rw-p 00000000 00:00 0 
7f583e400000-7f583e500000 rw-p 00000000 00:00 0 
7f583e600000-7f583e700000 rw-p 00000000 00:00 0 
7f583e800000-7f583e900000 rw-p 00000000 00:00 0 
7f583ea00000-7f583eb00000 rw-p 00000000 00:00 0 
7f583ec00000-7f583ed00000 rw-p 00000000 00:00 0 
7f583ee00000-7f583ef00000 rw-p 00000000 00:00 0 
7f583f000000-7f583f100000 rw-p 00000000 00:00 0 
7f583f200000-7f583f300000 rw-p 00000000 00:00 0 
7f583f400000-7f583f500000 rw-p 00000000 00:00 0 
7f583f600000-7f583f700000 rw-p 00000000 00:00 0 
7f583f800000-7f583f900000 rw-p 00000000 00:00 0 
7f583fa00000-7f583fb00000 rw-p 00000000 00:00 0 
7f583fc00000-7f583fd00000 rw-p 00000000 00:00 0 
7f583fe00000-7f583ff00000 rw-p 00000000 00:00 0 
7f5840000000-7f5840100000 rw-p 00000000 00:00 0 
7f5840200000-7f5840300000 rw-p 00000000 00:00 0 
7f5840400000-7f5840500000 rw-p 00000000 00:00 0 
7f5840600000-7f5840700000 rw-p 00000000 00:00 0 
7f5840800000-7f5840900000 rw-p 00000000 00:00 0 
7f5840a00000-7f5840b00000 rw-p 00000000 00:00 0 
7f5840c00000-7f5840d00000 rw-p 00000000 00:00 0 
7f5840e00000-7f5840f00000 rw-p 00000000 00:00 0 
7f5841000000-7f5841100000 rw-p 00000000 00:00 0 
7f5841200000-7f5841300000 rw-p 00000000 00:00 0 
7f5841400000-7f5841500000 rw-p 00000000 00:00 0 
7f5841600000-7f5841700000 rw-p 00000000 00:00 0 
7f5841800000-7f5841900000 rw-p 00000000 00:00 0 
7f5841a00000-7f5841b00000 rw-p 00000000 00:00 0 
7f5841c00000-7f5841d00000 rw-p 00000000 00:00 0 
7f5841e00000-7f5841f00000 rw-p 00000000 00:00 0 
7f5842000000-7f5842100000 rw-p 00000000 00:00 0 
7f5842200000-7f5842300000 rw-p 00000000 00:00 0 
7f5842400000-7f5842500000 rw-p 00000000 00:00 0 
7f5842600000-7f5842700000 rw-p 00000000 00:00 0 
7f5842800000-7f5842900000 rw-p 00000000 00:00 0 
7f5842a00000-7f5842b00000 rw-p 00000000 00:00 0 
7f5842c00000-7f5842d00000 rw-p 00000000 00:00 0 
7f5842e00000-7f5842f00000 rw-p 00000000 00:00 0 
7f5843000000-7f5843100000 rw-p 00000000 00:00 0 
7f5843200000-7f5843300000 rw-p 00000000 00:00 0 
7f5843400000-7f5843500000 rw-p 00000000 00:00 0 
7f5843600000-7f5843700000 rw-p 00000000 00:00 0 
7f5843800000-7f5843900000 rw-p 00000000 00:00 0 
7f5843a00000-7f5843b00000 rw-p 00000000 00:00 0 
7f5843c00000-7f5843d00000 rw-p 00000000 00:00 0 
7f5843e00000-7f5843f00000 rw-p 00000000 00:00 0 
7f5844000000-7f5844100000 rw-p 00000000 00:00 0 
7f5844200000-7f5844300000 rw-p 00000000 00:00 0 
7f5844400000-7f5844500000 rw-p 00000000 00:00 0 
7f5844600000-7f5844700000 rw-p 00000000 00:00 0 
7f5844800000-7f5844900000 rw-p 00000000 00:00 0 
7f5844a00000-7f5844b00000 rw-p 00000000 00:00 0 
7f5844c00000-7f5844d00000 rw-p 00000000 00:00 0 
7f5844e00000-7f5844f00000 rw-p 00000000 00:00 0 
7f5845000000-7f5845100000 rw-p 00000000 00:00 0 
7f5845200000-7f5845300000 rw-p 00000000 00:00 0 
7f5845400000-7f5845500000 rw-p 00000000 00:00 0 
7f5845600000-7f5845700000 rw-p 00000000 00:00 0 
7f5845800000-7f5845900000 rw-p 00000000 00:00 0 
7f5845a00000-7f5845b00000 rw-p 00000000 00:00 0 
7f5845c00000-7f5845d00000 rw-p 00000000 00:00 0 
7f5845e00000-7f5845f00000 rw-p 00000000 00:00 0 
7f5846000000-7f5846100000 rw-p 00000000 00:00 0 
7f5846200000-7f5846300000 rw-p 00000000 00:00 0 
7f5846400000-7f5846500000 rw-p 00000000 00:00 0 
7f5846600000-7f5846700000 rw-p 00000000 00:00 0 
7f5846800000-7f5846900000 rw-p 00000000 00:00 0 
7f5846a00000-7f5846b00000 rw-p 00000000 00:00 0 
7f5846c00000-7f5846d00000 rw-p 00000000 00:00 0 
7f5846e00000-7f5846f00000 rw-p 00000000 00:00 0 
7f5847000000-7f5847100000 rw-p 00000000 00:00 0 
7f5847200000-7f5847300000 rw-p 00000000 00:00 0 
7f5847400000-7f5847500000 rw-p 00000000 00:00 0 
7f5847600000-7f5847700000 rw-p 00000000 00:00 0 
7f5847800000-7f5847900000 rw-p 00000000 00:00 0 
7f5847a00000-7f5847b00000 rw-p 00000000 00:00 0 
7f5847c00000-7f5847d00000 rw-p 00000000 00:00 0 
7f5847e00000-7f5847f00000 rw-p 00000000 00:00 0 
7f5848000000-7f5848021000 rw-p 00000000 00:00 0 
7f5848021000-7f584c000000 ---p 00000000 00:00 0 
7f584c100000-7f584c200000 rw-p 00000000 00:00 0 
7f584c300000-7f584c400000 rw-p 00000000 00:00 0 
7f584c500000-7f584c600000 rw-p 00000000 00:00 0 
7f584c700000-7f584c800000 rw-p 00000000 00:00 0 
7f584c900000-7f584ca00000 rw-p 00000000 00:00 0 
7f584cb00000-7f584cc00000 rw-p 00000000 00:00 0 
7f584cd00000-7f584ce00000 rw-p 00000000 00:00 0 
7f584cf00000-7f584d000000 rw-p 00000000 00:00 0 
7f584d100000-7f584d200000 rw-p 00000000 00:00 0 
7f584d300000-7f584d400000 rw-p 00000000 00:00 0 
7f584d500000-7f584d600000 rw-p 00000000 00:00 0 
7f584d700000-7f584d800000 rw-p 00000000 00:00 0 
7f584d900000-7f584da00000 rw-p 00000000 00:00 0 
7f584db00000-7f584dc00000 rw-p 00000000 00:00 0 
7f584dd00000-7f584de00000 rw-p 00000000 00:00 0 
7f584df00000-7f584e000000 rw-p 00000000 00:00 0 
7f584e100000-7f584e200000 rw-p 00000000 00:00 0 
7f584e300000-7f584e400000 rw-p 00000000 00:00 0 
7f584e500000-7f584e600000 rw-p 00000000 00:00 0 
7f584e700000-7f584e800000 rw-p 00000000 00:00 0 
7f584e900000-7f584ea00000 rw-p 00000000 00:00 0 
7f584eb00000-7f584ec00000 rw-p 00000000 00:00 0 
7f584ed00000-7f584ee00000 rw-p 00000000 00:00 0 
7f584ef00000-7f584f000000 rw-p 00000000 00:00 0 
7f584f0ff000-7f584f103000 ---p 00000000 00:00 0 
7f584f103000-7f584f300000 rw-p 00000000 00:00 0 
7f584f400000-7f584f500000 rw-p 00000000 00:00 0 
7f584f600000-7f584f700000 rw-p 00000000 00:00 0 
7f584f800000-7f584f900000 rw-p 00000000 00:00 0 
7f584fa00000-7f584fb00000 rw-p 00000000 00:00 0 
7f584fc00000-7f584fd00000 rw-p 00000000 00:00 0 
7f584fe00000-7f584ff00000 rw-p 00000000 00:00 0 
7f5850000000-7f5850100000 rw-p 00000000 00:00 0 
7f5850200000-7f5850300000 rw-p 00000000 00:00 0 
7f5850400000-7f5850500000 rw-p 00000000 00:00 0 
7f5850600000-7f5850700000 rw-p 00000000 00:00 0 
7f5850800000-7f5850900000 rw-p 00000000 00:00 0 
7f5850a00000-7f5850b00000 rw-p 00000000 00:00 0 
7f5850c00000-7f5850d00000 rw-p 00000000 00:00 0 
7f5850e00000-7f5850f00000 rw-p 00000000 00:00 0 
7f5851000000-7f5851100000 rw-p 00000000 00:00 0 
7f5851200000-7f5851300000 rw-p 00000000 00:00 0 
7f5851400000-7f5851500000 rw-p 00000000 00:00 0 
7f5851600000-7f5851700000 rw-p 00000000 00:00 0 
7f5851800000-7f5851900000 rw-p 00000000 00:00 0 
7f5851a00000-7f5851b00000 rw-p 00000000 00:00 0 
7f5851c00000-7f5851d00000 rw-p 00000000 00:00 0 
7f5851e00000-7f5851f00000 rw-p 00000000 00:00 0 
7f5852000000-7f5852100000 rw-p 00000000 00:00 0 
7f5852200000-7f5852300000 rw-p 00000000 00:00 0 
7f5852400000-7f5852500000 rw-p 00000000 00:00 0 
7f5852600000-7f5852700000 rw-p 00000000 00:00 0 
7f5852800000-7f5852900000 rw-p 00000000 00:00 0 
7f5852a00000-7f5852b00000 rw-p 00000000 00:00 0 
7f5852c00000-7f5852d00000 rw-p 00000000 00:00 0 
7f5852e00000-7f5852f00000 rw-p 00000000 00:00 0 
7f5853000000-7f5853100000 rw-p 00000000 00:00 0 
7f5853200000-7f5853300000 rw-p 00000000 00:00 0 
7f5853400000-7f5853500000 rw-p 00000000 00:00 0 
7f5853600000-7f5853700000 rw-p 00000000 00:00 0 
7f5853800000-7f5853900000 rw-p 00000000 00:00 0 
7f5853a00000-7f5853b00000 rw-p 00000000 00:00 0 
7f5853c00000-7f5853d00000 rw-p 00000000 00:00 0 
7f5853e00000-7f5853f00000 rw-p 00000000 00:00 0 
7f5854000000-7f5854100000 rw-p 00000000 00:00 0 
7f5854200000-7f5854300000 rw-p 00000000 00:00 0 
7f5854400000-7f5854500000 rw-p 00000000 00:00 0 
7f5854600000-7f5854700000 rw-p 00000000 00:00 0 
7f5854800000-7f5854900000 rw-p 00000000 00:00 0 
7f5854a00000-7f5854b00000 rw-p 00000000 00:00 0 
7f5854c3f000-7f5854f00000 rw-p 00000000 00:00 0 
7f5855000000-7f5855100000 rw-p 00000000 00:00 0 
7f5855200000-7f5855300000 rw-p 00000000 00:00 0 
7f5855400000-7f5855500000 rw-p 00000000 00:00 0 
7f5855600000-7f5855700000 rw-p 00000000 00:00 0 
7f5855800000-7f5855900000 rw-p 00000000 00:00 0 
7f5855a00000-7f5855b00000 rw-p 00000000 00:00 0 
7f5855c00000-7f5855d00000 rw-p 00000000 00:00 0 
7f5855e00000-7f5855f00000 rw-p 00000000 00:00 0 
7f5856000000-7f5856100000 rw-p 00000000 00:00 0 
7f5856200000-7f5856300000 rw-p 00000000 00:00 0 
7f5856400000-7f5856500000 rw-p 00000000 00:00 0 
7f5856600000-7f5856700000 rw-p 00000000 00:00 0 
7f5856800000-7f5856900000 rw-p 00000000 00:00 0 
7f5856a00000-7f5856b00000 rw-p 00000000 00:00 0 
7f5856c00000-7f5856d00000 rw-p 00000000 00:00 0 
7f5856e00000-7f5856f00000 rw-p 00000000 00:00 0 
7f5857000000-7f5857100000 rw-p 00000000 00:00 0 
7f5857200000-7f5857300000 rw-p 00000000 00:00 0 
7f5857400000-7f5857500000 rw-p 00000000 00:00 0 
7f5857600000-7f5857700000 rw-p 00000000 00:00 0 
7f5857800000-7f5857900000 rw-p 00000000 00:00 0 
7f5857a00000-7f5857b00000 rw-p 00000000 00:00 0 
7f5857c00000-7f5857d00000 rw-p 00000000 00:00 0 
7f5857e00000-7f5857f00000 rw-p 00000000 00:00 0 
7f5858000000-7f5858021000 rw-p 00000000 00:00 0 
7f5858021000-7f585c000000 ---p 00000000 00:00 0 
7f585c100000-7f585c200000 rw-p 00000000 00:00 0 
7f585c300000-7f585c400000 rw-p 00000000 00:00 0 
7f585c500000-7f585c600000 rw-p 00000000 00:00 0 
7f585c700000-7f585c800000 rw-p 00000000 00:00 0 
7f585c900000-7f585ca00000 rw-p 00000000 00:00 0 
7f585cb00000-7f585cc00000 rw-p 00000000 00:00 0 
7f585cd00000-7f585ce00000 rw-p 00000000 00:00 0 
7f585cf00000-7f585d000000 rw-p 00000000 00:00 0 
7f585d100000-7f585d200000 rw-p 00000000 00:00 0 
7f585d300000-7f585d400000 rw-p 00000000 00:00 0 
7f585d500000-7f585d600000 rw-p 00000000 00:00 0 
7f585d700000-7f585d800000 rw-p 00000000 00:00 0 
7f585d900000-7f585da00000 rw-p 00000000 00:00 0 
7f585db00000-7f585dc00000 rw-p 00000000 00:00 0 
7f585dd00000-7f585de00000 rw-p 00000000 00:00 0 
7f585df00000-7f585e000000 rw-p 00000000 00:00 0 
7f585e100000-7f585e200000 rw-p 00000000 00:00 0 
7f585e300000-7f585e400000 rw-p 00000000 00:00 0 
7f585e500000-7f585e600000 rw-p 00000000 00:00 0 
7f585e700000-7f585e800000 rw-p 00000000 00:00 0 
7f585e900000-7f585ea00000 rw-p 00000000 00:00 0 
7f585eb00000-7f585ec00000 rw-p 00000000 00:00 0 
7f585ed00000-7f585ee00000 rw-p 00000000 00:00 0 
7f585ef00000-7f585f000000 rw-p 00000000 00:00 0 
7f585f100000-7f585f200000 rw-p 00000000 00:00 0 
7f585f300000-7f585f400000 rw-p 00000000 00:00 0 
7f585f500000-7f585f600000 rw-p 00000000 00:00 0 
7f585f700000-7f585f800000 rw-p 00000000 00:00 0 
7f585f900000-7f585fa00000 rw-p 00000000 00:00 0 
7f585fb00000-7f585fc00000 rw-p 00000000 00:00 0 
7f585fd00000-7f585fe00000 rw-p 00000000 00:00 0 
7f585feff000-7f585ff03000 ---p 00000000 00:00 0 
7f585ff03000-7f5860000000 rw-p 00000000 00:00 0 
7f5860000000-7f5860021000 rw-p 00000000 00:00 0 
7f5860021000-7f5864000000 ---p 00000000 00:00 0 
7f5864100000-7f5864200000 rw-p 00000000 00:00 0 
7f5864300000-7f5864400000 rw-p 00000000 00:00 0 
7f5864500000-7f5864600000 rw-p 00000000 00:00 0 
7f5864700000-7f5864800000 rw-p 00000000 00:00 0 
7f5864900000-7f5864a00000 rw-p 00000000 00:00 0 
7f5864b00000-7f5864c00000 rw-p 00000000 00:00 0 
7f5864d00000-7f5864e00000 rw-p 00000000 00:00 0 
7f5864f00000-7f5865000000 rw-p 00000000 00:00 0 
7f5865100000-7f5865200000 rw-p 00000000 00:00 0 
7f5865300000-7f5865400000 rw-p 00000000 00:00 0 
7f5865500000-7f5865600000 rw-p 00000000 00:00 0 
7f5865700000-7f5865800000 rw-p 00000000 00:00 0 
7f58658ff000-7f5865903000 ---p 00000000 00:00 0 
7f5865903000-7f5865b00000 rw-p 00000000 00:00 0 
7f5865c00000-7f5865d00000 rw-p 00000000 00:00 0 
7f5865e00000-7f5865f00000 rw-p 00000000 00:00 0 
7f5866000000-7f5866100000 rw-p 00000000 00:00 0 
7f5866200000-7f5866300000 rw-p 00000000 00:00 0 
7f5866400000-7f5866500000 rw-p 00000000 00:00 0 
7f5866600000-7f5866700000 rw-p 00000000 00:00 0 
7f5866800000-7f5866900000 rw-p 00000000 00:00 0 
7f5866a00000-7f5866b00000 rw-p 00000000 00:00 0 
7f5866c00000-7f5866d00000 rw-p 00000000 00:00 0 
7f5866e00000-7f5866f00000 rw-p 00000000 00:00 0 
7f5867000000-7f5867100000 rw-p 00000000 00:00 0 
7f5867200000-7f5867300000 rw-p 00000000 00:00 0 
7f5867400000-7f5867500000 rw-p 00000000 00:00 0 
7f5867600000-7f5867700000 rw-p 00000000 00:00 0 
7f5867800000-7f5867900000 rw-p 00000000 00:00 0 
7f5867a00000-7f5867b00000 rw-p 00000000 00:00 0 
7f5867c00000-7f5867d00000 rw-p 00000000 00:00 0 
7f5867e00000-7f5867f00000 rw-p 00000000 00:00 0 
7f5868000000-7f5868100000 rw-p 00000000 00:00 0 
7f5868200000-7f5868300000 rw-p 00000000 00:00 0 
7f5868400000-7f5868500000 rw-p 00000000 00:00 0 
7f5868600000-7f5868700000 rw-p 00000000 00:00 0 
7f5868800000-7f5868900000 rw-p 00000000 00:00 0 
7f5868a00000-7f5868b00000 rw-p 00000000 00:00 0 
7f5868c00000-7f5868d00000 rw-p 00000000 00:00 0 
7f5868e00000-7f5868f00000 rw-p 00000000 00:00 0 
7f5869000000-7f5869100000 rw-p 00000000 00:00 0 
7f5869200000-7f5869300000 rw-p 00000000 00:00 0 
7f5869400000-7f5869500000 rw-p 00000000 00:00 0 
7f5869600000-7f5869700000 rw-p 00000000 00:00 0 
7f5869800000-7f5869900000 rw-p 00000000 00:00 0 
7f5869a00000-7f5869b00000 rw-p 00000000 00:00 0 
7f5869c00000-7f5869d00000 rw-p 00000000 00:00 0 
7f5869e00000-7f5869f00000 rw-p 00000000 00:00 0 
7f586a000000-7f586a100000 rw-p 00000000 00:00 0 
7f586a200000-7f586a300000 rw-p 00000000 00:00 0 
7f586a400000-7f586a500000 rw-p 00000000 00:00 0 
7f586a600000-7f586a700000 rw-p 00000000 00:00 0 
7f586a800000-7f586a900000 rw-p 00000000 00:00 0 
7f586aa00000-7f586ab00000 rw-p 00000000 00:00 0 
7f586ac00000-7f586ad00000 rw-p 00000000 00:00 0 
7f586ae00000-7f586af00000 rw-p 00000000 00:00 0 
7f586b000000-7f586b100000 rw-p 00000000 00:00 0 
7f586b200000-7f586b300000 rw-p 00000000 00:00 0 
7f586b400000-7f586b500000 rw-p 00000000 00:00 0 
7f586b600000-7f586b700000 rw-p 00000000 00:00 0 
7f586b800000-7f586b900000 rw-p 00000000 00:00 0 
7f586ba00000-7f586bb00000 rw-p 00000000 00:00 0 
7f586bc00000-7f586bd00000 rw-p 00000000 00:00 0 
7f586be00000-7f586bf00000 rw-p 00000000 00:00 0 
7f586c000000-7f586c100000 rw-p 00000000 00:00 0 
7f586c200000-7f586c300000 rw-p 00000000 00:00 0 
7f586c400000-7f586c500000 rw-p 00000000 00:00 0 
7f586c600000-7f586c700000 rw-p 00000000 00:00 0 
7f586c800000-7f586c900000 rw-p 00000000 00:00 0 
7f586ca00000-7f586cb00000 rw-p 00000000 00:00 0 
7f586cc00000-7f586cd00000 rw-p 00000000 00:00 0 
7f586ce00000-7f586cf00000 rw-p 00000000 00:00 0 
7f586d000000-7f586d100000 rw-p 00000000 00:00 0 
7f586d200000-7f586d300000 rw-p 00000000 00:00 0 
7f586d400000-7f586d500000 rw-p 00000000 00:00 0 
7f586d600000-7f586d700000 rw-p 00000000 00:00 0 
7f586d800000-7f586d900000 rw-p 00000000 00:00 0 
7f586da00000-7f586db00000 rw-p 00000000 00:00 0 
7f586dc00000-7f586dd00000 rw-p 00000000 00:00 0 
7f586de00000-7f586df00000 rw-p 00000000 00:00 0 
7f586e000000-7f586e100000 rw-p 00000000 00:00 0 
7f586e200000-7f586e300000 rw-p 00000000 00:00 0 
7f586e400000-7f586e500000 rw-p 00000000 00:00 0 
7f586e600000-7f586e700000 rw-p 00000000 00:00 0 
7f586e800000-7f586e900000 rw-p 00000000 00:00 0 
7f586ea00000-7f586eb00000 rw-p 00000000 00:00 0 
7f586ec00000-7f586ed00000 rw-p 00000000 00:00 0 
7f586ee00000-7f586ef00000 rw-p 00000000 00:00 0 
7f586f000000-7f586f100000 rw-p 00000000 00:00 0 
7f586f200000-7f586f300000 rw-p 00000000 00:00 0 
7f586f400000-7f586f500000 rw-p 00000000 00:00 0 
7f586f600000-7f586f700000 rw-p 00000000 00:00 0 
7f586f800000-7f586f900000 rw-p 00000000 00:00 0 
7f586fa00000-7f586fb00000 rw-p 00000000 00:00 0 
7f586fc00000-7f586fd00000 rw-p 00000000 00:00 0 
7f586fdef000-7f5870000000 rw-p 00000000 00:00 0 
7f5870000000-7f587007c000 rw-p 00000000 00:00 0 
7f587007c000-7f5874000000 ---p 00000000 00:00 0 
7f5874000000-7f5874046000 rw-p 00000000 00:00 0 
7f5874046000-7f5878000000 ---p 00000000 00:00 0 
7f5878100000-7f5878200000 rw-p 00000000 00:00 0 
7f5878300000-7f5878400000 rw-p 00000000 00:00 0 
7f5878500000-7f5878600000 rw-p 00000000 00:00 0 
7f5878700000-7f5878800000 rw-p 00000000 00:00 0 
7f58788ee000-7f5878c00000 rw-p 00000000 00:00 0 
7f5878d00000-7f5878e00000 rw-p 00000000 00:00 0 
7f5878f00000-7f5879000000 rw-p 00000000 00:00 0 
7f5879100000-7f5879200000 rw-p 00000000 00:00 0 
7f5879300000-7f5879400000 rw-p 00000000 00:00 0 
7f5879500000-7f5879600000 rw-p 00000000 00:00 0 
7f5879700000-7f5879800000 ---p 00000000 00:00 0 
7f5879800000-7f5879e5f000 r--p 01362000 103:02 51870081                  /home/a4090/miniconda3/envs/auto/lib/jvm/lib/libjvmcicompiler.so
7f5879e5f000-7f587a000000 r--p 00000000 00:00 0 
7f587a000000-7f587a00e000 rw-p 00000000 00:00 0 
7f587a00e000-7f587a563000 rw-p 01b70000 103:02 51870081                  /home/a4090/miniconda3/envs/auto/lib/jvm/lib/libjvmcicompiler.so
7f587a563000-7f587a9dd000 r--p 020c5000 103:02 51870081                  /home/a4090/miniconda3/envs/auto/lib/jvm/lib/libjvmcicompiler.so
7f587a9ff000-7f587aa03000 ---p 00000000 00:00 0 
7f587aa03000-7f587ab00000 rw-p 00000000 00:00 0 
7f587ab00000-7f587ac00000 ---p 00000000 00:00 0 
7f587ac00000-7f587b25f000 r--p 01362000 103:02 51870081                  /home/a4090/miniconda3/envs/auto/lib/jvm/lib/libjvmcicompiler.so
7f587b25f000-7f587b400000 r--p 00000000 00:00 0 
7f587b400000-7f587b40e000 rw-p 00000000 00:00 0 
7f587b40e000-7f587b963000 rw-p 01b70000 103:02 51870081                  /home/a4090/miniconda3/envs/auto/lib/jvm/lib/libjvmcicompiler.so
7f587b963000-7f587bddd000 r--p 020c5000 103:02 51870081                  /home/a4090/miniconda3/envs/auto/lib/jvm/lib/libjvmcicompiler.so
7f587be00000-7f587bf00000 rw-p 00000000 00:00 0 
7f587c000000-7f587c084000 rw-p 00000000 00:00 0 
7f587c084000-7f5880000000 ---p 00000000 00:00 0 
7f58800ff000-7f5880103000 ---p 00000000 00:00 0 
7f5880103000-7f5880300000 rw-p 00000000 00:00 0 
7f5880400000-7f5880500000 rw-p 00000000 00:00 0 
7f5880600000-7f5880700000 rw-p 00000000 00:00 0 
7f5880800000-7f5880900000 rw-p 00000000 00:00 0 
7f5880a00000-7f5880b00000 rw-p 00000000 00:00 0 
7f5880c00000-7f5880d00000 rw-p 00000000 00:00 0 
7f5880e00000-7f5880f00000 ---p 00000000 00:00 0 
7f5880f00000-7f588155f000 r--p 01362000 103:02 51870081                  /home/a4090/miniconda3/envs/auto/lib/jvm/lib/libjvmcicompiler.so
7f588155f000-7f5881700000 r--p 00000000 00:00 0 
7f5881700000-7f588170e000 rw-p 00000000 00:00 0 
7f588170e000-7f5881c63000 rw-p 01b70000 103:02 51870081                  /home/a4090/miniconda3/envs/auto/lib/jvm/lib/libjvmcicompiler.so
7f5881c63000-7f58820dd000 r--p 020c5000 103:02 51870081                  /home/a4090/miniconda3/envs/auto/lib/jvm/lib/libjvmcicompiler.so
7f58820ff000-7f5882103000 ---p 00000000 00:00 0 
7f5882103000-7f5882300000 rw-p 00000000 00:00 0 
7f5882400000-7f5882500000 rw-p 00000000 00:00 0 
7f5882600000-7f5882700000 rw-p 00000000 00:00 0 
7f5882800000-7f5882900000 rw-p 00000000 00:00 0 
7f5882a00000-7f5882b00000 rw-p 00000000 00:00 0 
7f5882c00000-7f5882d00000 rw-p 00000000 00:00 0 
7f5882e00000-7f5882f00000 rw-p 00000000 00:00 0 
7f5883000000-7f5883100000 rw-p 00000000 00:00 0 
7f5883200000-7f5883300000 rw-p 00000000 00:00 0 
7f5883400000-7f5883500000 rw-p 00000000 00:00 0 
7f5883600000-7f5883700000 rw-p 00000000 00:00 0 
7f5883800000-7f5883900000 rw-p 00000000 00:00 0 
7f5883a00000-7f5883b00000 rw-p 00000000 00:00 0 
7f5883c00000-7f5883d00000 rw-p 00000000 00:00 0 
7f5883e00000-7f5883f00000 rw-p 00000000 00:00 0 
7f5884000000-7f5884048000 rw-p 00000000 00:00 0 
7f5884048000-7f5888000000 ---p 00000000 00:00 0 
7f5888100000-7f5888200000 rw-p 00000000 00:00 0 
7f5888300000-7f5888400000 rw-p 00000000 00:00 0 
7f5888500000-7f5888600000 rw-p 00000000 00:00 0 
7f5888700000-7f5888800000 rw-p 00000000 00:00 0 
7f5888900000-7f5888a00000 rw-p 00000000 00:00 0 
7f5888b00000-7f5888c00000 rw-p 00000000 00:00 0 
7f5888d00000-7f5888e00000 rw-p 00000000 00:00 0 
7f5888f00000-7f5889000000 rw-p 00000000 00:00 0 
7f5889100000-7f5889200000 rw-p 00000000 00:00 0 
7f5889300000-7f5889400000 rw-p 00000000 00:00 0 
7f5889500000-7f5889600000 rw-p 00000000 00:00 0 
7f5889700000-7f5889800000 ---p 00000000 00:00 0 
7f5889800000-7f5889e5f000 r--p 01362000 103:02 51870081                  /home/a4090/miniconda3/envs/auto/lib/jvm/lib/libjvmcicompiler.so
7f5889e5f000-7f588a000000 r--p 00000000 00:00 0 
7f588a000000-7f588a00e000 rw-p 00000000 00:00 0 
7f588a00e000-7f588a563000 rw-p 01b70000 103:02 51870081                  /home/a4090/miniconda3/envs/auto/lib/jvm/lib/libjvmcicompiler.so
7f588a563000-7f588a9dd000 r--p 020c5000 103:02 51870081                  /home/a4090/miniconda3/envs/auto/lib/jvm/lib/libjvmcicompiler.so
7f588aa00000-7f588ab00000 rw-p 00000000 00:00 0 
7f588abff000-7f588ac03000 ---p 00000000 00:00 0 
7f588ac03000-7f588ae00000 rw-p 00000000 00:00 0 
7f588af00000-7f588b000000 rw-p 00000000 00:00 0 
7f588b100000-7f588b200000 rw-p 00000000 00:00 0 
7f588b300000-7f588b400000 rw-p 00000000 00:00 0 
7f588b500000-7f588b600000 rw-p 00000000 00:00 0 
7f588b700000-7f588b800000 rw-p 00000000 00:00 0 
7f588b900000-7f588ba00000 rw-p 00000000 00:00 0 
7f588bb00000-7f588bc00000 rw-p 00000000 00:00 0 
7f588bd00000-7f588be00000 rw-p 00000000 00:00 0 
7f588bf00000-7f588c000000 rw-p 00000000 00:00 0 
7f588c100000-7f588c200000 rw-p 00000000 00:00 0 
7f588c300000-7f588c400000 rw-p 00000000 00:00 0 
7f588c500000-7f588c600000 rw-p 00000000 00:00 0 
7f588c700000-7f588c800000 rw-p 00000000 00:00 0 
7f588c900000-7f588ca00000 rw-p 00000000 00:00 0 
7f588cb00000-7f588cc00000 rw-p 00000000 00:00 0 
7f588cd00000-7f588ce00000 rw-p 00000000 00:00 0 
7f588cf00000-7f588d000000 rw-p 00000000 00:00 0 
7f588d100000-7f588d200000 rw-p 00000000 00:00 0 
7f588d300000-7f588d400000 rw-p 00000000 00:00 0 
7f588d500000-7f588d600000 rw-p 00000000 00:00 0 
7f588d700000-7f588d800000 rw-p 00000000 00:00 0 
7f588d900000-7f588da00000 rw-p 00000000 00:00 0 
7f588db00000-7f588dc00000 rw-p 00000000 00:00 0 
7f588dd00000-7f588de00000 rw-p 00000000 00:00 0 
7f588df00000-7f588e000000 rw-p 00000000 00:00 0 
7f588e100000-7f588e200000 rw-p 00000000 00:00 0 
7f588e300000-7f588e400000 rw-p 00000000 00:00 0 
7f588e500000-7f588e600000 rw-p 00000000 00:00 0 
7f588e700000-7f588e800000 rw-p 00000000 00:00 0 
7f588e900000-7f588ea00000 rw-p 00000000 00:00 0 
7f588eb00000-7f588ec00000 rw-p 00000000 00:00 0 
7f588ed00000-7f588ee00000 ---p 00000000 00:00 0 
7f588ee00000-7f588f45f000 r--p 01362000 103:02 51870081                  /home/a4090/miniconda3/envs/auto/lib/jvm/lib/libjvmcicompiler.so
7f588f45f000-7f588f600000 r--p 00000000 00:00 0 
7f588f600000-7f588f60e000 rw-p 00000000 00:00 0 
7f588f60e000-7f588fb63000 rw-p 01b70000 103:02 51870081                  /home/a4090/miniconda3/envs/auto/lib/jvm/lib/libjvmcicompiler.so
7f588fb63000-7f588ffdd000 r--p 020c5000 103:02 51870081                  /home/a4090/miniconda3/envs/auto/lib/jvm/lib/libjvmcicompiler.so
7f5890000000-7f5890084000 rw-p 00000000 00:00 0 
7f5890084000-7f5894000000 ---p 00000000 00:00 0 
7f5894000000-7f589404a000 rw-p 00000000 00:00 0 
7f589404a000-7f5898000000 ---p 00000000 00:00 0 
7f5898000000-7f5898100000 rw-p 00000000 00:00 0 
7f5898200000-7f5898300000 rw-p 00000000 00:00 0 
7f58983ff000-7f5898403000 ---p 00000000 00:00 0 
7f5898403000-7f5898600000 rw-p 00000000 00:00 0 
7f5898700000-7f5898800000 rw-p 00000000 00:00 0 
7f5898900000-7f5898a00000 rw-p 00000000 00:00 0 
7f5898b00000-7f5898c00000 rw-p 00000000 00:00 0 
7f5898d00000-7f5898e00000 rw-p 00000000 00:00 0 
7f5898f00000-7f5899000000 rw-p 00000000 00:00 0 
7f5899100000-7f5899200000 rw-p 00000000 00:00 0 
7f5899300000-7f5899400000 rw-p 00000000 00:00 0 
7f5899500000-7f5899600000 rw-p 00000000 00:00 0 
7f5899700000-7f5899800000 rw-p 00000000 00:00 0 
7f5899900000-7f5899a00000 rw-p 00000000 00:00 0 
7f5899b00000-7f5899c00000 rw-p 00000000 00:00 0 
7f5899d00000-7f5899e00000 rw-p 00000000 00:00 0 
7f5899f00000-7f589a000000 rw-p 00000000 00:00 0 
7f589a100000-7f589a200000 rw-p 00000000 00:00 0 
7f589a300000-7f589a400000 rw-p 00000000 00:00 0 
7f589a500000-7f589a600000 rw-p 00000000 00:00 0 
7f589a700000-7f589a800000 rw-p 00000000 00:00 0 
7f589a900000-7f589aa00000 rw-p 00000000 00:00 0 
7f589ab00000-7f589ac00000 rw-p 00000000 00:00 0 
7f589ad00000-7f589ae00000 ---p 00000000 00:00 0 
7f589ae00000-7f589b45f000 r--p 01362000 103:02 51870081                  /home/a4090/miniconda3/envs/auto/lib/jvm/lib/libjvmcicompiler.so
7f589b45f000-7f589b600000 r--p 00000000 00:00 0 
7f589b600000-7f589b60e000 rw-p 00000000 00:00 0 
7f589b60e000-7f589bb63000 rw-p 01b70000 103:02 51870081                  /home/a4090/miniconda3/envs/auto/lib/jvm/lib/libjvmcicompiler.so
7f589bb63000-7f589bfdd000 r--p 020c5000 103:02 51870081                  /home/a4090/miniconda3/envs/auto/lib/jvm/lib/libjvmcicompiler.so
7f589c000000-7f589c11a000 rw-p 00000000 00:00 0 
7f589c11a000-7f58a0000000 ---p 00000000 00:00 0 
7f58a0000000-7f58a0100000 rw-p 00000000 00:00 0 
7f58a0200000-7f58a0300000 rw-p 00000000 00:00 0 
7f58a0400000-7f58a0500000 rw-p 00000000 00:00 0 
7f58a0600000-7f58a0700000 rw-p 00000000 00:00 0 
7f58a0800000-7f58a0900000 rw-p 00000000 00:00 0 
7f58a09ff000-7f58a0a03000 ---p 00000000 00:00 0 
7f58a0a03000-7f58a0c00000 rw-p 00000000 00:00 0 
7f58a0d00000-7f58a0e00000 rw-p 00000000 00:00 0 
7f58a0f00000-7f58a1000000 rw-p 00000000 00:00 0 
7f58a1100000-7f58a1200000 rw-p 00000000 00:00 0 
7f58a1300000-7f58a1400000 rw-p 00000000 00:00 0 
7f58a1500000-7f58a1600000 rw-p 00000000 00:00 0 
7f58a1700000-7f58a1800000 ---p 00000000 00:00 0 
7f58a1800000-7f58a1e5f000 r--p 01362000 103:02 51870081                  /home/a4090/miniconda3/envs/auto/lib/jvm/lib/libjvmcicompiler.so
7f58a1e5f000-7f58a2000000 r--p 00000000 00:00 0 
7f58a2000000-7f58a200e000 rw-p 00000000 00:00 0 
7f58a200e000-7f58a2563000 rw-p 01b70000 103:02 51870081                  /home/a4090/miniconda3/envs/auto/lib/jvm/lib/libjvmcicompiler.so
7f58a2563000-7f58a29dd000 r--p 020c5000 103:02 51870081                  /home/a4090/miniconda3/envs/auto/lib/jvm/lib/libjvmcicompiler.so
7f58a2a00000-7f58a2b00000 rw-p 00000000 00:00 0 
7f58a2c00000-7f58a2d00000 rw-p 00000000 00:00 0 
7f58a2e00000-7f58a2f00000 rw-p 00000000 00:00 0 
7f58a3000000-7f58a3100000 rw-p 00000000 00:00 0 
7f58a3200000-7f58a3300000 rw-p 00000000 00:00 0 
7f58a3400000-7f58a3500000 rw-p 00000000 00:00 0 
7f58a3600000-7f58a3700000 rw-p 00000000 00:00 0 
7f58a3800000-7f58a3900000 rw-p 00000000 00:00 0 
7f58a3a00000-7f58a3b00000 rw-p 00000000 00:00 0 
7f58a3c00000-7f58a3d00000 rw-p 00000000 00:00 0 
7f58a3e00000-7f58a3f00000 rw-p 00000000 00:00 0 
7f58a4000000-7f58a4163000 rw-p 00000000 00:00 0 
7f58a4163000-7f58a8000000 ---p 00000000 00:00 0 
7f58a8100000-7f58a8200000 rw-p 00000000 00:00 0 
7f58a8300000-7f58a8400000 rw-p 00000000 00:00 0 
7f58a8500000-7f58a8600000 rw-p 00000000 00:00 0 
7f58a8700000-7f58a8800000 rw-p 00000000 00:00 0 
7f58a8900000-7f58a8a00000 rw-p 00000000 00:00 0 
7f58a8b00000-7f58a8c00000 rw-p 00000000 00:00 0 
7f58a8d00000-7f58a8e00000 rw-p 00000000 00:00 0 
7f58a8f00000-7f58a9000000 rw-p 00000000 00:00 0 
7f58a9100000-7f58a9200000 rw-p 00000000 00:00 0 
7f58a9300000-7f58a9400000 rw-p 00000000 00:00 0 
7f58a9500000-7f58a9600000 rw-p 00000000 00:00 0 
7f58a9700000-7f58a9800000 rw-p 00000000 00:00 0 
7f58a9900000-7f58a9a00000 rw-p 00000000 00:00 0 
7f58a9b00000-7f58a9c00000 rw-p 00000000 00:00 0 
7f58a9d00000-7f58a9e00000 rw-p 00000000 00:00 0 
7f58a9f00000-7f58aa000000 rw-p 00000000 00:00 0 
7f58aa100000-7f58aa200000 rw-p 00000000 00:00 0 
7f58aa300000-7f58aa400000 rw-p 00000000 00:00 0 
7f58aa500000-7f58aa600000 rw-p 00000000 00:00 0 
7f58aa700000-7f58aa800000 rw-p 00000000 00:00 0 
7f58aa900000-7f58aaa00000 rw-p 00000000 00:00 0 
7f58aab00000-7f58aac00000 rw-p 00000000 00:00 0 
7f58aad00000-7f58aae00000 ---p 00000000 00:00 0 
7f58aae00000-7f58ab45f000 r--p 01362000 103:02 51870081                  /home/a4090/miniconda3/envs/auto/lib/jvm/lib/libjvmcicompiler.so
7f58ab45f000-7f58ab600000 r--p 00000000 00:00 0 
7f58ab600000-7f58ab60e000 rw-p 00000000 00:00 0 
7f58ab60e000-7f58abb63000 rw-p 01b70000 103:02 51870081                  /home/a4090/miniconda3/envs/auto/lib/jvm/lib/libjvmcicompiler.so
7f58abb63000-7f58abfdd000 r--p 020c5000 103:02 51870081                  /home/a4090/miniconda3/envs/auto/lib/jvm/lib/libjvmcicompiler.so
7f58ac000000-7f58ac0ab000 rw-p 00000000 00:00 0 
7f58ac0ab000-7f58b0000000 ---p 00000000 00:00 0 
7f58b0100000-7f58b0200000 rw-p 00000000 00:00 0 
7f58b0300000-7f58b0400000 rw-p 00000000 00:00 0 
7f58b0500000-7f58b0600000 rw-p 00000000 00:00 0 
7f58b0700000-7f58b0800000 rw-p 00000000 00:00 0 
7f58b0900000-7f58b0a00000 ---p 00000000 00:00 0 
7f58b0a00000-7f58b105f000 r--p 01362000 103:02 51870081                  /home/a4090/miniconda3/envs/auto/lib/jvm/lib/libjvmcicompiler.so
7f58b105f000-7f58b1200000 r--p 00000000 00:00 0 
7f58b1200000-7f58b120e000 rw-p 00000000 00:00 0 
7f58b120e000-7f58b1763000 rw-p 01b70000 103:02 51870081                  /home/a4090/miniconda3/envs/auto/lib/jvm/lib/libjvmcicompiler.so
7f58b1763000-7f58b1bdd000 r--p 020c5000 103:02 51870081                  /home/a4090/miniconda3/envs/auto/lib/jvm/lib/libjvmcicompiler.so
7f58b1c00000-7f58b1d00000 rw-p 00000000 00:00 0 
7f58b1e00000-7f58b1f00000 rw-p 00000000 00:00 0 
7f58b2000000-7f58b2100000 rw-p 00000000 00:00 0 
7f58b2200000-7f58b2300000 rw-p 00000000 00:00 0 
7f58b2400000-7f58b2500000 rw-p 00000000 00:00 0 
7f58b2600000-7f58b2700000 rw-p 00000000 00:00 0 
7f58b2800000-7f58b2900000 rw-p 00000000 00:00 0 
7f58b2a00000-7f58b2b00000 rw-p 00000000 00:00 0 
7f58b2c00000-7f58b2d00000 rw-p 00000000 00:00 0 
7f58b2e00000-7f58b2f00000 rw-p 00000000 00:00 0 
7f58b3000000-7f58b3100000 rw-p 00000000 00:00 0 
7f58b3200000-7f58b3300000 rw-p 00000000 00:00 0 
7f58b3400000-7f58b3500000 rw-p 00000000 00:00 0 
7f58b3600000-7f58b3700000 rw-p 00000000 00:00 0 
7f58b3800000-7f58b3900000 rw-p 00000000 00:00 0 
7f58b3a00000-7f58b3b00000 rw-p 00000000 00:00 0 
7f58b3c00000-7f58b3d00000 rw-p 00000000 00:00 0 
7f58b3e00000-7f58b3f00000 rw-p 00000000 00:00 0 
7f58b4000000-7f58b4021000 rw-p 00000000 00:00 0 
7f58b4021000-7f58b8000000 ---p 00000000 00:00 0 
7f58b8000000-7f58b8021000 rw-p 00000000 00:00 0 
7f58b8021000-7f58bc000000 ---p 00000000 00:00 0 
7f58bc000000-7f58bc021000 rw-p 00000000 00:00 0 
7f58bc021000-7f58c0000000 ---p 00000000 00:00 0 
7f58c0000000-7f58c0021000 rw-p 00000000 00:00 0 
7f58c0021000-7f58c4000000 ---p 00000000 00:00 0 
7f58c4000000-7f58c4021000 rw-p 00000000 00:00 0 
7f58c4021000-7f58c8000000 ---p 00000000 00:00 0 
7f58c8000000-7f58c8021000 rw-p 00000000 00:00 0 
7f58c8021000-7f58cc000000 ---p 00000000 00:00 0 
7f58cc000000-7f58cc021000 rw-p 00000000 00:00 0 
7f58cc021000-7f58d0000000 ---p 00000000 00:00 0 
7f58d0000000-7f58d0021000 rw-p 00000000 00:00 0 
7f58d0021000-7f58d4000000 ---p 00000000 00:00 0 
7f58d4000000-7f58d4021000 rw-p 00000000 00:00 0 
7f58d4021000-7f58d8000000 ---p 00000000 00:00 0 
7f58d8000000-7f58d8021000 rw-p 00000000 00:00 0 
7f58d8021000-7f58dc000000 ---p 00000000 00:00 0 
7f58dc000000-7f58dc021000 rw-p 00000000 00:00 0 
7f58dc021000-7f58e0000000 ---p 00000000 00:00 0 
7f58e0000000-7f58e0021000 rw-p 00000000 00:00 0 
7f58e0021000-7f58e4000000 ---p 00000000 00:00 0 
7f58e4000000-7f58e4021000 rw-p 00000000 00:00 0 
7f58e4021000-7f58e8000000 ---p 00000000 00:00 0 
7f58e8000000-7f58e8021000 rw-p 00000000 00:00 0 
7f58e8021000-7f58ec000000 ---p 00000000 00:00 0 
7f58ec000000-7f58ec021000 rw-p 00000000 00:00 0 
7f58ec021000-7f58f0000000 ---p 00000000 00:00 0 
7f58f0000000-7f58f0021000 rw-p 00000000 00:00 0 
7f58f0021000-7f58f4000000 ---p 00000000 00:00 0 
7f58f4000000-7f58f4021000 rw-p 00000000 00:00 0 
7f58f4021000-7f58f8000000 ---p 00000000 00:00 0 
7f58f8000000-7f58f8021000 rw-p 00000000 00:00 0 
7f58f8021000-7f58fc000000 ---p 00000000 00:00 0 
7f58fc000000-7f58fc021000 rw-p 00000000 00:00 0 
7f58fc021000-7f5900000000 ---p 00000000 00:00 0 
7f5900000000-7f5900021000 rw-p 00000000 00:00 0 
7f5900021000-7f5904000000 ---p 00000000 00:00 0 
7f5904000000-7f5904021000 rw-p 00000000 00:00 0 
7f5904021000-7f5908000000 ---p 00000000 00:00 0 
7f5908000000-7f5908021000 rw-p 00000000 00:00 0 
7f5908021000-7f590c000000 ---p 00000000 00:00 0 
7f590c000000-7f590c021000 rw-p 00000000 00:00 0 
7f590c021000-7f5910000000 ---p 00000000 00:00 0 
7f5910000000-7f5910021000 rw-p 00000000 00:00 0 
7f5910021000-7f5914000000 ---p 00000000 00:00 0 
7f5914000000-7f5914051000 rw-p 00000000 00:00 0 
7f5914051000-7f5918000000 ---p 00000000 00:00 0 
7f5918000000-7f5918021000 rw-p 00000000 00:00 0 
7f5918021000-7f591c000000 ---p 00000000 00:00 0 
7f591c000000-7f591c021000 rw-p 00000000 00:00 0 
7f591c021000-7f5920000000 ---p 00000000 00:00 0 
7f5920000000-7f5920049000 rw-p 00000000 00:00 0 
7f5920049000-7f5924000000 ---p 00000000 00:00 0 
7f59240c9000-7f59240cd000 ---p 00000000 00:00 0 
7f59240cd000-7f59241ca000 rw-p 00000000 00:00 0 
7f59241ca000-7f59241cb000 ---p 00000000 00:00 0 
7f59241cb000-7f59242cc000 rw-p 00000000 00:00 0 
7f59242cc000-7f59242cd000 ---p 00000000 00:00 0 
7f59242cd000-7f59243ce000 rw-p 00000000 00:00 0 
7f59243ce000-7f59243cf000 ---p 00000000 00:00 0 
7f59243cf000-7f59244d0000 rw-p 00000000 00:00 0 
7f59244d0000-7f59244d1000 ---p 00000000 00:00 0 
7f59244d1000-7f59245d2000 rw-p 00000000 00:00 0 
7f59245d2000-7f59245d3000 ---p 00000000 00:00 0 
7f59245d3000-7f59246d4000 rw-p 00000000 00:00 0 
7f59246d4000-7f59246d5000 ---p 00000000 00:00 0 
7f59246d5000-7f59247d6000 rw-p 00000000 00:00 0 
7f59247d6000-7f59247d7000 ---p 00000000 00:00 0 
7f59247d7000-7f59248d8000 rw-p 00000000 00:00 0 
7f59248d8000-7f59248d9000 ---p 00000000 00:00 0 
7f59248d9000-7f59249da000 rw-p 00000000 00:00 0 
7f59249da000-7f59249db000 ---p 00000000 00:00 0 
7f59249db000-7f5924adc000 rw-p 00000000 00:00 0 
7f5924adc000-7f5924add000 ---p 00000000 00:00 0 
7f5924add000-7f5924bde000 rw-p 00000000 00:00 0 
7f5924bde000-7f5924bdf000 ---p 00000000 00:00 0 
7f5924bdf000-7f5924ce0000 rw-p 00000000 00:00 0 
7f5924ce0000-7f5924ce1000 ---p 00000000 00:00 0 
7f5924ce1000-7f5924de2000 rw-p 00000000 00:00 0 
7f5924de2000-7f5924de3000 ---p 00000000 00:00 0 
7f5924de3000-7f5924ee4000 rw-p 00000000 00:00 0 
7f5924ee4000-7f5924ee5000 ---p 00000000 00:00 0 
7f5924ee5000-7f5924fe6000 rw-p 00000000 00:00 0 
7f5924fe6000-7f5924fe7000 ---p 00000000 00:00 0 
7f5924fe7000-7f59250e8000 rw-p 00000000 00:00 0 
7f59250e8000-7f59250e9000 ---p 00000000 00:00 0 
7f59250e9000-7f59251ea000 rw-p 00000000 00:00 0 
7f59251ea000-7f59251eb000 ---p 00000000 00:00 0 
7f59251eb000-7f59252ec000 rw-p 00000000 00:00 0 
7f59252ec000-7f59252ed000 ---p 00000000 00:00 0 
7f59252ed000-7f59253ee000 rw-p 00000000 00:00 0 
7f59253ee000-7f59253ef000 ---p 00000000 00:00 0 
7f59253ef000-7f59254f0000 rw-p 00000000 00:00 0 
7f59254f0000-7f59254f1000 ---p 00000000 00:00 0 
7f59254f1000-7f59255f2000 rw-p 00000000 00:00 0 
7f59255f2000-7f59255f3000 ---p 00000000 00:00 0 
7f59255f3000-7f59256f4000 rw-p 00000000 00:00 0 
7f59256f4000-7f59256f5000 ---p 00000000 00:00 0 
7f59256f5000-7f59257f6000 rw-p 00000000 00:00 0 
7f59257f6000-7f59257f7000 ---p 00000000 00:00 0 
7f59257f7000-7f59258f8000 rw-p 00000000 00:00 0 
7f59258f8000-7f59258f9000 ---p 00000000 00:00 0 
7f59258f9000-7f59259fa000 rw-p 00000000 00:00 0 
7f59259fa000-7f59259fb000 ---p 00000000 00:00 0 
7f59259fb000-7f5925afc000 rw-p 00000000 00:00 0 
7f5925afc000-7f5925afd000 ---p 00000000 00:00 0 
7f5925afd000-7f5925bfe000 rw-p 00000000 00:00 0 
7f5925bfe000-7f5925bff000 ---p 00000000 00:00 0 
7f5925bff000-7f5925e00000 rw-p 00000000 00:00 0 
7f5925f00000-7f5926000000 rw-p 00000000 00:00 0 
7f5926100000-7f5926200000 rw-p 00000000 00:00 0 
7f5926300000-7f5926400000 rw-p 00000000 00:00 0 
7f5926500000-7f5926600000 rw-p 00000000 00:00 0 
7f5926700000-7f5926800000 rw-p 00000000 00:00 0 
7f5926900000-7f5926a00000 rw-p 00000000 00:00 0 
7f5926b00000-7f5926c00000 rw-p 00000000 00:00 0 
7f5926d00000-7f5926e00000 ---p 00000000 00:00 0 
7f5926e00000-7f592745f000 r--p 01362000 103:02 51870081                  /home/a4090/miniconda3/envs/auto/lib/jvm/lib/libjvmcicompiler.so
7f592745f000-7f5927600000 r--p 00000000 00:00 0 
7f5927600000-7f592760e000 rw-p 00000000 00:00 0 
7f592760e000-7f5927b63000 rw-p 01b70000 103:02 51870081                  /home/a4090/miniconda3/envs/auto/lib/jvm/lib/libjvmcicompiler.so
7f5927b63000-7f5927fdd000 r--p 020c5000 103:02 51870081                  /home/a4090/miniconda3/envs/auto/lib/jvm/lib/libjvmcicompiler.so
7f5928000000-7f592867d000 rw-p 00000000 00:00 0 
7f592867d000-7f592c000000 ---p 00000000 00:00 0 
7f592c000000-7f592c28a000 rw-p 00000000 00:00 0 
7f592c28a000-7f5930000000 ---p 00000000 00:00 0 
7f5930000000-7f5930021000 rw-p 00000000 00:00 0 
7f5930021000-7f5934000000 ---p 00000000 00:00 0 
7f5934000000-7f5934487000 rw-p 00000000 00:00 0 
7f5934487000-7f5938000000 ---p 00000000 00:00 0 
7f5938000000-7f5938310000 rw-p 00000000 00:00 0 
7f5938310000-7f593c000000 ---p 00000000 00:00 0 
7f593c000000-7f593c100000 rw-p 00000000 00:00 0 
7f593c200000-7f593c300000 rw-p 00000000 00:00 0 
7f593c3fc000-7f593c400000 ---p 00000000 00:00 0 
7f593c400000-7f593c4fd000 rw-p 00000000 00:00 0 
7f593c4fd000-7f593c501000 ---p 00000000 00:00 0 
7f593c501000-7f593c6fe000 rw-p 00000000 00:00 0 
7f593c6fe000-7f593c702000 ---p 00000000 00:00 0 
7f593c702000-7f593c8ff000 rw-p 00000000 00:00 0 
7f593c8ff000-7f593c903000 ---p 00000000 00:00 0 
7f593c903000-7f593cc00000 rw-p 00000000 00:00 0 
7f593cd00000-7f593ce00000 rw-p 00000000 00:00 0 
7f593cf00000-7f593d000000 rw-p 00000000 00:00 0 
7f593d100000-7f593d200000 rw-p 00000000 00:00 0 
7f593d300000-7f593d400000 rw-p 00000000 00:00 0 
7f593d500000-7f593d600000 rw-p 00000000 00:00 0 
7f593d700000-7f593d900000 rw-p 00000000 00:00 0 
7f593da00000-7f593db00000 rw-p 00000000 00:00 0 
7f593dc00000-7f593dd00000 rw-p 00000000 00:00 0 
7f593de00000-7f593df00000 rw-p 00000000 00:00 0 
7f593e000000-7f593e100000 rw-p 00000000 00:00 0 
7f593e200000-7f593e300000 rw-p 00000000 00:00 0 
7f593e400000-7f593e500000 rw-p 00000000 00:00 0 
7f593e5ff000-7f593e603000 ---p 00000000 00:00 0 
7f593e603000-7f593e900000 rw-p 00000000 00:00 0 
7f593ea00000-7f593eb00000 rw-p 00000000 00:00 0 
7f593ec00000-7f593ed00000 rw-p 00000000 00:00 0 
7f593ee00000-7f593ef00000 rw-p 00000000 00:00 0 
7f593f000000-7f593f100000 rw-p 00000000 00:00 0 
7f593f200000-7f593f300000 rw-p 00000000 00:00 0 
7f593f400000-7f593f500000 rw-p 00000000 00:00 0 
7f593f600000-7f593f700000 rw-p 00000000 00:00 0 
7f593f800000-7f593f900000 rw-p 00000000 00:00 0 
7f593fa00000-7f593fb00000 rw-p 00000000 00:00 0 
7f593fc00000-7f593fd00000 rw-p 00000000 00:00 0 
7f593fe00000-7f593ff00000 rw-p 00000000 00:00 0 
7f5940000000-7f5940100000 rw-p 00000000 00:00 0 
7f5940200000-7f5940300000 rw-p 00000000 00:00 0 
7f5940400000-7f5940500000 rw-p 00000000 00:00 0 
7f5940600000-7f5940700000 rw-p 00000000 00:00 0 
7f5940800000-7f5940900000 rw-p 00000000 00:00 0 
7f5940a00000-7f5940b00000 rw-p 00000000 00:00 0 
7f5940c00000-7f5940d00000 rw-p 00000000 00:00 0 
7f5940e00000-7f5940f00000 rw-p 00000000 00:00 0 
7f5941000000-7f5941100000 rw-p 00000000 00:00 0 
7f5941200000-7f5941300000 rw-p 00000000 00:00 0 
7f5941400000-7f5941500000 rw-p 00000000 00:00 0 
7f5941600000-7f5941700000 rw-p 00000000 00:00 0 
7f5941800000-7f5941900000 rw-p 00000000 00:00 0 
7f5941a00000-7f5941b00000 rw-p 00000000 00:00 0 
7f5941c00000-7f5941d00000 rw-p 00000000 00:00 0 
7f5941dc0000-7f5941f00000 rw-p 00000000 00:00 0 
7f5942000000-7f5942100000 rw-p 00000000 00:00 0 
7f5942200000-7f5942300000 rw-p 00000000 00:00 0 
7f5942400000-7f5942500000 rw-p 00000000 00:00 0 
7f5942520000-7f5942700000 rw-p 00000000 00:00 0 
7f5942800000-7f5942900000 rw-p 00000000 00:00 0 
7f594290c000-7f5942b00000 rw-p 00000000 00:00 0 
7f5942bcb000-7f5942d00000 rw-p 00000000 00:00 0 
7f5942e00000-7f5942f00000 rw-p 00000000 00:00 0 
7f5943000000-7f5943100000 rw-p 00000000 00:00 0 
7f594310c000-7f594319a000 rw-p 00000000 00:00 0 
7f5943200000-7f5943300000 rw-p 00000000 00:00 0 
7f594330a000-7f59433fe000 rw-p 00000000 00:00 0 
7f59433fe000-7f5943402000 ---p 00000000 00:00 0 
7f5943402000-7f59434ff000 rw-p 00000000 00:00 0 
7f59434ff000-7f5943503000 ---p 00000000 00:00 0 
7f5943503000-7f5943700000 rw-p 00000000 00:00 0 
7f594370c000-7f5943900000 rw-p 00000000 00:00 0 
7f5943908000-7f594398e000 rw-p 00000000 00:00 0 
7f5943a00000-7f5943b00000 rw-p 00000000 00:00 0 
7f5943b0c000-7f5943d00000 rw-p 00000000 00:00 0 
7f5943d26000-7f5943d65000 rw-p 00000000 00:00 0 
7f5943d7b000-7f5943f00000 rw-p 00000000 00:00 0 
7f5943f1d000-7f5944000000 rw-p 00000000 00:00 0 
7f5944000000-7f594408d000 rw-p 00000000 00:00 0 
7f594408d000-7f5948000000 ---p 00000000 00:00 0 
7f5948000000-7f5948057000 rw-p 00000000 00:00 0 
7f5948057000-7f594c000000 ---p 00000000 00:00 0 
7f594c000000-7f594c08e000 rw-p 00000000 00:00 0 
7f594c08e000-7f5950000000 ---p 00000000 00:00 0 
7f595000c000-7f5950100000 rw-p 00000000 00:00 0 
7f5950100000-7f5950200000 ---p 00000000 00:00 0 
7f5950200000-7f595085f000 r--p 01362000 103:02 51870081                  /home/a4090/miniconda3/envs/auto/lib/jvm/lib/libjvmcicompiler.so
7f595085f000-7f5950a00000 r--p 00000000 00:00 0 
7f5950a00000-7f5950a0e000 rw-p 00000000 00:00 0 
7f5950a0e000-7f5950f63000 rw-p 01b70000 103:02 51870081                  /home/a4090/miniconda3/envs/auto/lib/jvm/lib/libjvmcicompiler.so
7f5950f63000-7f59513dd000 r--p 020c5000 103:02 51870081                  /home/a4090/miniconda3/envs/auto/lib/jvm/lib/libjvmcicompiler.so
7f5951400000-7f5951500000 ---p 00000000 00:00 0 
7f5951500000-7f5951b5f000 r--p 01362000 103:02 51870081                  /home/a4090/miniconda3/envs/auto/lib/jvm/lib/libjvmcicompiler.so
7f5951b5f000-7f5951d00000 r--p 00000000 00:00 0 
7f5951d00000-7f5951d0e000 rw-p 00000000 00:00 0 
7f5951d0e000-7f5952263000 rw-p 01b70000 103:02 51870081                  /home/a4090/miniconda3/envs/auto/lib/jvm/lib/libjvmcicompiler.so
7f5952263000-7f59526dd000 r--p 020c5000 103:02 51870081                  /home/a4090/miniconda3/envs/auto/lib/jvm/lib/libjvmcicompiler.so
7f5952700000-7f5952800000 ---p 00000000 00:00 0 
7f5952800000-7f5952e5f000 r--p 01362000 103:02 51870081                  /home/a4090/miniconda3/envs/auto/lib/jvm/lib/libjvmcicompiler.so
7f5952e5f000-7f5953000000 r--p 00000000 00:00 0 
7f5953000000-7f595300e000 rw-p 00000000 00:00 0 
7f595300e000-7f5953563000 rw-p 01b70000 103:02 51870081                  /home/a4090/miniconda3/envs/auto/lib/jvm/lib/libjvmcicompiler.so
7f5953563000-7f59539dd000 r--p 020c5000 103:02 51870081                  /home/a4090/miniconda3/envs/auto/lib/jvm/lib/libjvmcicompiler.so
7f59539fd000-7f5953a01000 ---p 00000000 00:00 0 
7f5953a01000-7f5953bfe000 rw-p 00000000 00:00 0 
7f5953bfe000-7f5953c02000 ---p 00000000 00:00 0 
7f5953c02000-7f5953dff000 rw-p 00000000 00:00 0 
7f5953dff000-7f5953e03000 ---p 00000000 00:00 0 
7f5953e03000-7f5954000000 rw-p 00000000 00:00 0 
7f5954000000-7f5954021000 rw-p 00000000 00:00 0 
7f5954021000-7f5958000000 ---p 00000000 00:00 0 
7f595800d000-7f5958100000 rw-p 00000000 00:00 0 
7f595823a000-7f5958300000 rw-p 00000000 00:00 0 
7f5958358000-7f5958600000 rw-p 00000000 00:00 0 
7f595860d000-7f5958800000 rw-p 00000000 00:00 0 
7f5958805000-7f5958848000 rw-p 00000000 00:00 0 
7f5958853000-7f5958a00000 rw-p 00000000 00:00 0 
7f5958a02000-7f5958a87000 rw-p 00000000 00:00 0 
7f5958a98000-7f5958c00000 rw-p 00000000 00:00 0 
7f5958c2e000-7f5958c61000 rw-p 00000000 00:00 0 
7f5958c7b000-7f5958e00000 rw-p 00000000 00:00 0 
7f5958e24000-7f5958e9a000 rw-p 00000000 00:00 0 
7f5958ec1000-7f5959000000 rw-p 00000000 00:00 0 
7f5959018000-7f5959062000 rw-p 00000000 00:00 0 
7f595907b000-7f5959200000 rw-p 00000000 00:00 0 
7f5959201000-7f5959240000 rw-p 00000000 00:00 0 
7f5959257000-7f59592b6000 rw-p 00000000 00:00 0 
7f59592c2000-7f5959400000 rw-p 00000000 00:00 0 
7f5959406000-7f595949b000 rw-p 00000000 00:00 0 
7f59594cd000-7f5959633000 rw-p 00000000 00:00 0 
7f5959646000-7f5959800000 rw-p 00000000 00:00 0 
7f5959806000-7f5959828000 rw-p 00000000 00:00 0 
7f5959828000-7f595982a000 r--p 00000000 103:02 39852051                  /usr/lib/x86_64-linux-gnu/libcrypt.so.1.1.0
7f595982a000-7f595983f000 r-xp 00002000 103:02 39852051                  /usr/lib/x86_64-linux-gnu/libcrypt.so.1.1.0
7f595983f000-7f5959859000 r--p 00017000 103:02 39852051                  /usr/lib/x86_64-linux-gnu/libcrypt.so.1.1.0
7f5959859000-7f595985a000 r--p 00030000 103:02 39852051                  /usr/lib/x86_64-linux-gnu/libcrypt.so.1.1.0
7f595985a000-7f595985b000 rw-p 00031000 103:02 39852051                  /usr/lib/x86_64-linux-gnu/libcrypt.so.1.1.0
7f595985b000-7f5959896000 rw-p 00000000 00:00 0 
7f59598a3000-7f5959900000 rw-p 00000000 00:00 0 
7f5959908000-7f5959a01000 rw-p 00000000 00:00 0 
7f5959a01000-7f5959a06000 r--p 00000000 103:02 51867375                  /home/a4090/miniconda3/envs/auto/lib/jvm/languages/python/lib/graalpy23.0/libposix.graalpy230-310-native-x86_64-linux.so
7f5959a06000-7f5959a0a000 r-xp 00004000 103:02 51867375                  /home/a4090/miniconda3/envs/auto/lib/jvm/languages/python/lib/graalpy23.0/libposix.graalpy230-310-native-x86_64-linux.so
7f5959a0a000-7f5959a0b000 r--p 00007000 103:02 51867375                  /home/a4090/miniconda3/envs/auto/lib/jvm/languages/python/lib/graalpy23.0/libposix.graalpy230-310-native-x86_64-linux.so
7f5959a0b000-7f5959a0c000 rw-p 00007000 103:02 51867375                  /home/a4090/miniconda3/envs/auto/lib/jvm/languages/python/lib/graalpy23.0/libposix.graalpy230-310-native-x86_64-linux.so
7f5959a0c000-7f5959a0f000 rw-p 00039000 103:02 51867375                  /home/a4090/miniconda3/envs/auto/lib/jvm/languages/python/lib/graalpy23.0/libposix.graalpy230-310-native-x86_64-linux.so
7f5959a0f000-7f5959a12000 r--p 00000000 103:02 51869393                  /home/a4090/miniconda3/envs/auto/lib/jvm/lib/libtrufflenfi.so
7f5959a12000-7f5959a1f000 r-xp 00003000 103:02 51869393                  /home/a4090/miniconda3/envs/auto/lib/jvm/lib/libtrufflenfi.so
7f5959a1f000-7f5959a22000 r--p 00010000 103:02 51869393                  /home/a4090/miniconda3/envs/auto/lib/jvm/lib/libtrufflenfi.so
7f5959a22000-7f5959a23000 r--p 00012000 103:02 51869393                  /home/a4090/miniconda3/envs/auto/lib/jvm/lib/libtrufflenfi.so
7f5959a23000-7f5959a24000 rw-p 00013000 103:02 51869393                  /home/a4090/miniconda3/envs/auto/lib/jvm/lib/libtrufflenfi.so
7f5959a24000-7f5959a25000 rw-p 0004a000 103:02 51869393                  /home/a4090/miniconda3/envs/auto/lib/jvm/lib/libtrufflenfi.so
7f5959a3d000-7f5959ab4000 rw-p 00000000 00:00 0 
7f5959ab4000-7f5959c37000 r--p 00000000 103:02 51870081                  /home/a4090/miniconda3/envs/auto/lib/jvm/lib/libjvmcicompiler.so
7f5959c37000-7f595ae0d000 r-xp 00183000 103:02 51870081                  /home/a4090/miniconda3/envs/auto/lib/jvm/lib/libjvmcicompiler.so
7f595ae0d000-7f595bff7000 r--p 01359000 103:02 51870081                  /home/a4090/miniconda3/envs/auto/lib/jvm/lib/libjvmcicompiler.so
7f595bff7000-7f595bffb000 rw-p 02543000 103:02 51870081                  /home/a4090/miniconda3/envs/auto/lib/jvm/lib/libjvmcicompiler.so
7f595bffb000-7f595c000000 rw-p 027b8000 103:02 51870081                  /home/a4090/miniconda3/envs/auto/lib/jvm/lib/libjvmcicompiler.so
7f595c000000-7f595c54f000 rw-p 00000000 00:00 0 
7f595c54f000-7f5960000000 ---p 00000000 00:00 0 
7f5960000000-7f5960021000 rw-p 00000000 00:00 0 
7f5960021000-7f5964000000 ---p 00000000 00:00 0 
7f5964000000-7f59643d0000 rw-p 00000000 00:00 0 
7f59643d0000-7f5968000000 ---p 00000000 00:00 0 
7f5968000000-7f5968021000 rw-p 00000000 00:00 0 
7f5968021000-7f596c000000 ---p 00000000 00:00 0 
7f596c000000-7f596c41e000 rw-p 00000000 00:00 0 
7f596c41e000-7f5970000000 ---p 00000000 00:00 0 
7f5970000000-7f59700f1000 rw-p 00000000 00:00 0 
7f59700f1000-7f5974000000 ---p 00000000 00:00 0 
7f5974000000-7f5974021000 rw-p 00000000 00:00 0 
7f5974021000-7f5978000000 ---p 00000000 00:00 0 
7f5978000000-7f597808a000 rw-p 00000000 00:00 0 
7f597808a000-7f597c000000 ---p 00000000 00:00 0 
7f597c000000-7f597c021000 rw-p 00000000 00:00 0 
7f597c021000-7f5980000000 ---p 00000000 00:00 0 
7f5980000000-7f5980021000 rw-p 00000000 00:00 0 
7f5980021000-7f5984000000 ---p 00000000 00:00 0 
7f5984000000-7f5984021000 rw-p 00000000 00:00 0 
7f5984021000-7f5988000000 ---p 00000000 00:00 0 
7f5988000000-7f5988021000 rw-p 00000000 00:00 0 
7f5988021000-7f598c000000 ---p 00000000 00:00 0 
7f598c000000-7f598c027000 rw-p 00000000 00:00 0 
7f598c027000-7f5990000000 ---p 00000000 00:00 0 
7f5990000000-7f5990021000 rw-p 00000000 00:00 0 
7f5990021000-7f5994000000 ---p 00000000 00:00 0 
7f5994000000-7f5994400000 rw-p 00000000 00:00 0 
7f5994400000-7f5994900000 rw-p 00000000 00:00 0 
7f5994900000-7f5994b00000 rw-p 00000000 00:00 0 
7f5994b00000-7f5994b80000 rw-p 00000000 00:00 0 
7f5994b80000-7f5994c00000 rw-p 00000000 00:00 0 
7f5994c00000-7f5994f00000 rw-p 00000000 00:00 0 
7f5994f00000-7f5995000000 rw-p 00000000 00:00 0 
7f5995000000-7f5995160000 rw-p 00000000 00:00 0 
7f5995160000-7f5995180000 rw-p 00000000 00:00 0 
7f5995180000-7f5995300000 rw-p 00000000 00:00 0 
7f5995300000-7f5997300000 rw-p 00000000 00:00 0 
7f5997300000-7f5997360000 rw-p 00000000 00:00 0 
7f5997360000-7f5997400000 ---p 00000000 00:00 0 
7f5997400000-7f5997db0000 rw-p 00000000 00:00 0 
7f5997db0000-7f5998000000 ---p 00000000 00:00 0 
7f5998000000-7f5998021000 rw-p 00000000 00:00 0 
7f5998021000-7f599c000000 ---p 00000000 00:00 0 
7f599c000000-7f599c100000 rw-p 00000000 00:00 0 
7f599c103000-7f599c12f000 rw-p 00000000 00:00 0 
7f599c14a000-7f599c151000 r--s 00000000 103:02 40504943                  /usr/lib/x86_64-linux-gnu/gconv/gconv-modules.cache
7f599c151000-7f599c1a6000 rw-p 00000000 00:00 0 
7f599c1ab000-7f599c1ee000 rw-p 00000000 00:00 0 
7f599c1ee000-7f599c1fb000 r-xp 00000000 103:02 51866632                  /home/a4090/miniconda3/envs/auto/lib/jvm/lib/libverify.so
7f599c1fb000-7f599c1fd000 r--p 0000c000 103:02 51866632                  /home/a4090/miniconda3/envs/auto/lib/jvm/lib/libverify.so
7f599c1fd000-7f599c1fe000 rw-p 0000e000 103:02 51866632                  /home/a4090/miniconda3/envs/auto/lib/jvm/lib/libverify.so
7f599c1fe000-7f599c200000 rw-p 00010000 103:02 51866632                  /home/a4090/miniconda3/envs/auto/lib/jvm/lib/libverify.so
7f599c200000-7f599c300000 ---p 00000000 00:00 0 
7f599c300000-7f599c95f000 r--p 01362000 103:02 51870081                  /home/a4090/miniconda3/envs/auto/lib/jvm/lib/libjvmcicompiler.so
7f599c95f000-7f599cb00000 r--p 00000000 00:00 0 
7f599cb00000-7f599cb0e000 rw-p 00000000 00:00 0 
7f599cb0e000-7f599d063000 rw-p 01b70000 103:02 51870081                  /home/a4090/miniconda3/envs/auto/lib/jvm/lib/libjvmcicompiler.so
7f599d063000-7f599d4dd000 r--p 020c5000 103:02 51870081                  /home/a4090/miniconda3/envs/auto/lib/jvm/lib/libjvmcicompiler.so
7f599d4de000-7f599d4e2000 ---p 00000000 00:00 0 
7f599d4e2000-7f599d500000 rw-p 00000000 00:00 0 
7f599d500000-7f599d506000 r-xp 00000000 103:02 51869757                  /home/a4090/miniconda3/envs/auto/lib/jvm/lib/libmanagement_ext.so
7f599d506000-7f599d507000 r--p 00005000 103:02 51869757                  /home/a4090/miniconda3/envs/auto/lib/jvm/lib/libmanagement_ext.so
7f599d507000-7f599d508000 rw-p 00006000 103:02 51869757                  /home/a4090/miniconda3/envs/auto/lib/jvm/lib/libmanagement_ext.so
7f599d508000-7f599d50b000 rw-p 00009000 103:02 51869757                  /home/a4090/miniconda3/envs/auto/lib/jvm/lib/libmanagement_ext.so
7f599d50b000-7f599d50f000 r-xp 00000000 103:02 51871985                  /home/a4090/miniconda3/envs/auto/lib/jvm/lib/libmanagement.so
7f599d50f000-7f599d510000 r--p 00003000 103:02 51871985                  /home/a4090/miniconda3/envs/auto/lib/jvm/lib/libmanagement.so
7f599d510000-7f599d511000 rw-p 00004000 103:02 51871985                  /home/a4090/miniconda3/envs/auto/lib/jvm/lib/libmanagement.so
7f599d511000-7f599d514000 rw-p 00007000 103:02 51871985                  /home/a4090/miniconda3/envs/auto/lib/jvm/lib/libmanagement.so
7f599d514000-7f599d51b000 r-xp 00000000 103:02 51866985                  /home/a4090/miniconda3/envs/auto/lib/jvm/lib/libzip.so
7f599d51b000-7f599d51c000 ---p 00007000 103:02 51866985                  /home/a4090/miniconda3/envs/auto/lib/jvm/lib/libzip.so
7f599d51c000-7f599d51d000 r--p 00007000 103:02 51866985                  /home/a4090/miniconda3/envs/auto/lib/jvm/lib/libzip.so
7f599d51d000-7f599d51e000 rw-p 00008000 103:02 51866985                  /home/a4090/miniconda3/envs/auto/lib/jvm/lib/libzip.so
7f599d51e000-7f599d521000 rw-p 0000b000 103:02 51866985                  /home/a4090/miniconda3/envs/auto/lib/jvm/lib/libzip.so
7f599d521000-7f599d552000 rw-p 00000000 00:00 0 
7f599d552000-7f599d567000 r-xp 00000000 103:02 51865979                  /home/a4090/miniconda3/envs/auto/lib/jvm/lib/libnet.so
7f599d567000-7f599d568000 ---p 00015000 103:02 51865979                  /home/a4090/miniconda3/envs/auto/lib/jvm/lib/libnet.so
7f599d568000-7f599d569000 r--p 00015000 103:02 51865979                  /home/a4090/miniconda3/envs/auto/lib/jvm/lib/libnet.so
7f599d569000-7f599d56a000 rw-p 00016000 103:02 51865979                  /home/a4090/miniconda3/envs/auto/lib/jvm/lib/libnet.so
7f599d56a000-7f599d56f000 rw-p 0001b000 103:02 51865979                  /home/a4090/miniconda3/envs/auto/lib/jvm/lib/libnet.so
7f599d56f000-7f599d582000 r-xp 00000000 103:02 51865608                  /home/a4090/miniconda3/envs/auto/lib/jvm/lib/libnio.so
7f599d582000-7f599d583000 r--p 00012000 103:02 51865608                  /home/a4090/miniconda3/envs/auto/lib/jvm/lib/libnio.so
7f599d583000-7f599d584000 rw-p 00013000 103:02 51865608                  /home/a4090/miniconda3/envs/auto/lib/jvm/lib/libnio.so
7f599d584000-7f599d58c000 rw-p 00019000 103:02 51865608                  /home/a4090/miniconda3/envs/auto/lib/jvm/lib/libnio.so
7f599d58c000-7f599d5bd000 rw-p 00000000 00:00 0 
7f599d5bd000-7f599d5be000 ---p 00000000 00:00 0 
7f599d5be000-7f599d6bf000 rw-p 00000000 00:00 0 
7f599d6bf000-7f599d6c3000 ---p 00000000 00:00 0 
7f599d6c3000-7f599d7c0000 rw-p 00000000 00:00 0 
7f599d7c0000-7f599d7c4000 ---p 00000000 00:00 0 
7f599d7c4000-7f599d9c1000 rw-p 00000000 00:00 0 
7f599d9c1000-7f599d9c5000 ---p 00000000 00:00 0 
7f599d9c5000-7f599dac2000 rw-p 00000000 00:00 0 
7f599dac2000-7f599dac6000 ---p 00000000 00:00 0 
7f599dac6000-7f599dcc3000 rw-p 00000000 00:00 0 
7f599dcc3000-7f599dcc7000 ---p 00000000 00:00 0 
7f599dcc7000-7f599ddc4000 rw-p 00000000 00:00 0 
7f599ddc4000-7f599ddc8000 ---p 00000000 00:00 0 
7f599ddc8000-7f599dfc5000 rw-p 00000000 00:00 0 
7f599dfc5000-7f599dfc9000 ---p 00000000 00:00 0 
7f599dfc9000-7f599e1c6000 rw-p 00000000 00:00 0 
7f599e1c6000-7f599e1ca000 ---p 00000000 00:00 0 
7f599e1ca000-7f599e2c7000 rw-p 00000000 00:00 0 
7f599e2c7000-7f599e2cb000 ---p 00000000 00:00 0 
7f599e2cb000-7f599e3c8000 rw-p 00000000 00:00 0 
7f599e3c8000-7f599e3cc000 ---p 00000000 00:00 0 
7f599e3cc000-7f599e4c9000 rw-p 00000000 00:00 0 
7f599e4c9000-7f599ed3a000 r--p 00000000 103:02 39848971                  /usr/lib/locale/locale-archive
7f599ed3a000-7f599ed3e000 ---p 00000000 00:00 0 
7f599ed3e000-7f599ee3b000 rw-p 00000000 00:00 0 
7f599ee3b000-7f599ee3f000 ---p 00000000 00:00 0 
7f599ee3f000-7f599ef3c000 rw-p 00000000 00:00 0 
7f599ef3c000-7f599ef3d000 ---p 00000000 00:00 0 
7f599ef3d000-7f599f03e000 rw-p 00000000 00:00 0 
7f599f03e000-7f599f10c000 r-xp 00000000 103:02 51869100                  /home/a4090/miniconda3/envs/auto/lib/jvm/lib/libjsvml.so
7f599f10c000-7f599f10d000 r--p 000cd000 103:02 51869100                  /home/a4090/miniconda3/envs/auto/lib/jvm/lib/libjsvml.so
7f599f10d000-7f599f10e000 rw-p 000ce000 103:02 51869100                  /home/a4090/miniconda3/envs/auto/lib/jvm/lib/libjsvml.so
7f599f10e000-7f599f114000 rw-p 000d4000 103:02 51869100                  /home/a4090/miniconda3/envs/auto/lib/jvm/lib/libjsvml.so
7f599f114000-7f599f1f0000 rw-p 00000000 00:00 0 
7f599f1f0000-7f599f1f1000 ---p 00000000 00:00 0 
7f599f1f1000-7f599f2f2000 rw-p 00000000 00:00 0 
7f599f2f2000-7f599f2f3000 ---p 00000000 00:00 0 
7f599f2f3000-7f59a0000000 rw-p 00000000 00:00 0 
7f59a0000000-7f59a0021000 rw-p 00000000 00:00 0 
7f59a0021000-7f59a4000000 ---p 00000000 00:00 0 
7f59a4000000-7f59a4021000 rw-p 00000000 00:00 0 
7f59a4021000-7f59a8000000 ---p 00000000 00:00 0 
7f59a8000000-7f59a8021000 rw-p 00000000 00:00 0 
7f59a8021000-7f59ac000000 ---p 00000000 00:00 0 
7f59ac001000-7f59ac002000 r--p 00000000 00:00 0 
7f59ac002000-7f59ac005000 r--p 00000000 103:02 65812693                  /home/a4090/miniconda3/envs/auto/lib/libz.so.1.2.13
7f59ac005000-7f59ac014000 r-xp 00003000 103:02 65812693                  /home/a4090/miniconda3/envs/auto/lib/libz.so.1.2.13
7f59ac014000-7f59ac01b000 r--p 00012000 103:02 65812693                  /home/a4090/miniconda3/envs/auto/lib/libz.so.1.2.13
7f59ac01b000-7f59ac01c000 r--p 00018000 103:02 65812693                  /home/a4090/miniconda3/envs/auto/lib/libz.so.1.2.13
7f59ac01c000-7f59ac01d000 rw-p 00019000 103:02 65812693                  /home/a4090/miniconda3/envs/auto/lib/libz.so.1.2.13
7f59ac01d000-7f59aeb69000 rw-p 00000000 00:00 0 
7f59aeb69000-7f59aeb6a000 ---p 00000000 00:00 0 
7f59aeb6a000-7f59aec6b000 rw-p 00000000 00:00 0 
7f59aec6b000-7f59aec6c000 ---p 00000000 00:00 0 
7f59aec6c000-7f59aed6d000 rw-p 00000000 00:00 0 
7f59aed6d000-7f59aed6e000 ---p 00000000 00:00 0 
7f59aed6e000-7f59af297000 rw-p 00000000 00:00 0 
7f59af297000-7f59b0e17000 ---p 00000000 00:00 0 
7f59b0e17000-7f59b0e57000 rw-p 00000000 00:00 0 
7f59b0e57000-7f59b0f57000 ---p 00000000 00:00 0 
7f59b0f57000-7f59b0f97000 rw-p 00000000 00:00 0 
7f59b0f97000-7f59ccf17000 ---p 00000000 00:00 0 
7f59ccf17000-7f59cd217000 rw-p 00000000 00:00 0 
7f59cd217000-7f59ced97000 ---p 00000000 00:00 0 
7f59ced97000-7f59cedd7000 rw-p 00000000 00:00 0 
7f59cedd7000-7f59ceed7000 ---p 00000000 00:00 0 
7f59ceed7000-7f59cef17000 rw-p 00000000 00:00 0 
7f59cef17000-7f59eae97000 ---p 00000000 00:00 0 
7f59eae97000-7f59eaf67000 rw-p 00000000 00:00 0 
7f59eaf67000-7f59eb2d7000 ---p 00000000 00:00 0 
7f59eb2d7000-7f59eb2df000 rw-p 00000000 00:00 0 
7f59eb2df000-7f59eb2ff000 ---p 00000000 00:00 0 
7f59eb2ff000-7f59eb307000 rw-p 00000000 00:00 0 
7f59eb307000-7f59eeaf7000 ---p 00000000 00:00 0 
7f59eeaf7000-7f59eeb57000 rw-p 00000000 00:00 0 
7f59eeb57000-7f59eeec7000 ---p 00000000 00:00 0 
7f59eeec7000-7f59eeecf000 rw-p 00000000 00:00 0 
7f59eeecf000-7f59eeeef000 ---p 00000000 00:00 0 
7f59eeeef000-7f59eeef7000 rw-p 00000000 00:00 0 
7f59eeef7000-7f59f26e7000 ---p 00000000 00:00 0 
7f59f26e7000-7f59f2747000 rw-p 00000000 00:00 0 
7f59f2747000-7f59f2ab7000 ---p 00000000 00:00 0 
7f59f2ab7000-7f59f2abf000 rw-p 00000000 00:00 0 
7f59f2abf000-7f59f2adf000 ---p 00000000 00:00 0 
7f59f2adf000-7f59f2ae7000 rw-p 00000000 00:00 0 
7f59f2ae7000-7f59f62d7000 ---p 00000000 00:00 0 
7f59f62d7000-7f59f7af5000 rw-p 00000000 00:00 0 
7f59f7af5000-7f59f7bd3000 ---p 00000000 00:00 0 
7f59f7bd3000-7f59f7bf9000 rw-p 00000000 00:00 0 
7f59f7bf9000-7f59f7cb8000 ---p 00000000 00:00 0 
7f59f7cb8000-7f59f7cc2000 rw-p 00000000 00:00 0 
7f59f7cc2000-7f59f7ccf000 ---p 00000000 00:00 0 
7f59f7ccf000-7f59f8f5f000 rwxp 00000000 00:00 0 
7f59f8f5f000-7f59fef45000 ---p 00000000 00:00 0 
7f59fef45000-7f59ff425000 rwxp 00000000 00:00 0 
7f59ff425000-7f59ffa59000 ---p 00000000 00:00 0 
7f59ffa59000-7f59ffd69000 rwxp 00000000 00:00 0 
7f59ffd69000-7f5a06ccf000 ---p 00000000 00:00 0 
7f5a06ccf000-7f5a06cf3000 r-xp 00000000 103:02 51869794                  /home/a4090/miniconda3/envs/auto/lib/jvm/lib/libjava.so
7f5a06cf3000-7f5a06cf4000 ---p 00024000 103:02 51869794                  /home/a4090/miniconda3/envs/auto/lib/jvm/lib/libjava.so
7f5a06cf4000-7f5a06cf5000 r--p 00024000 103:02 51869794                  /home/a4090/miniconda3/envs/auto/lib/jvm/lib/libjava.so
7f5a06cf5000-7f5a06cf6000 rw-p 00025000 103:02 51869794                  /home/a4090/miniconda3/envs/auto/lib/jvm/lib/libjava.so
7f5a06cf6000-7f5a06cf7000 rw-p 00000000 00:00 0 
7f5a06cf7000-7f5a06d02000 rw-p 0002f000 103:02 51869794                  /home/a4090/miniconda3/envs/auto/lib/jvm/lib/libjava.so
7f5a06d02000-7f5a06d0a000 rw-s 00000000 103:02 63966922                  /tmp/hsperfdata_a4090/164108
7f5a06d0a000-7f5a06d0d000 r--p 00000000 103:02 39848170                  /usr/lib/x86_64-linux-gnu/libnss_files-2.31.so
7f5a06d0d000-7f5a06d14000 r-xp 00003000 103:02 39848170                  /usr/lib/x86_64-linux-gnu/libnss_files-2.31.so
7f5a06d14000-7f5a06d16000 r--p 0000a000 103:02 39848170                  /usr/lib/x86_64-linux-gnu/libnss_files-2.31.so
7f5a06d16000-7f5a06d17000 r--p 0000b000 103:02 39848170                  /usr/lib/x86_64-linux-gnu/libnss_files-2.31.so
7f5a06d17000-7f5a06d18000 rw-p 0000c000 103:02 39848170                  /usr/lib/x86_64-linux-gnu/libnss_files-2.31.so
7f5a06d18000-7f5a06d1e000 rw-p 00000000 00:00 0 
7f5a06d1e000-7f5a06d1f000 ---p 00000000 00:00 0 
7f5a06d1f000-7f5a06d20000 r--p 00000000 00:00 0 
7f5a06d20000-7f5a10ab8000 r--s 00000000 103:02 51868487                  /home/a4090/miniconda3/envs/auto/lib/jvm/lib/modules
7f5a10ab8000-7f5a10ad3000 r-xp 00000000 103:02 51869974                  /home/a4090/miniconda3/envs/auto/lib/jvm/lib/libjimage.so
7f5a10ad3000-7f5a10ad4000 ---p 0001b000 103:02 51869974                  /home/a4090/miniconda3/envs/auto/lib/jvm/lib/libjimage.so
7f5a10ad4000-7f5a10ad6000 r--p 0001b000 103:02 51869974                  /home/a4090/miniconda3/envs/auto/lib/jvm/lib/libjimage.so
7f5a10ad6000-7f5a10ad7000 rw-p 0001d000 103:02 51869974                  /home/a4090/miniconda3/envs/auto/lib/jvm/lib/libjimage.so
7f5a10ad7000-7f5a10ad9000 rw-p 00024000 103:02 51869974                  /home/a4090/miniconda3/envs/auto/lib/jvm/lib/libjimage.so
7f5a10ad9000-7f5a10adb000 r--p 00000000 103:02 39848193                  /usr/lib/x86_64-linux-gnu/librt-2.31.so
7f5a10adb000-7f5a10adf000 r-xp 00002000 103:02 39848193                  /usr/lib/x86_64-linux-gnu/librt-2.31.so
7f5a10adf000-7f5a10ae1000 r--p 00006000 103:02 39848193                  /usr/lib/x86_64-linux-gnu/librt-2.31.so
7f5a10ae1000-7f5a10ae2000 r--p 00007000 103:02 39848193                  /usr/lib/x86_64-linux-gnu/librt-2.31.so
7f5a10ae2000-7f5a10ae3000 rw-p 00008000 103:02 39848193                  /usr/lib/x86_64-linux-gnu/librt-2.31.so
7f5a10ae3000-7f5a11c02000 r-xp 00000000 103:02 51866492                  /home/a4090/miniconda3/envs/auto/lib/jvm/lib/server/libjvm.so
7f5a11c02000-7f5a11c03000 ---p 0111f000 103:02 51866492                  /home/a4090/miniconda3/envs/auto/lib/jvm/lib/server/libjvm.so
7f5a11c03000-7f5a11cb8000 r--p 0111f000 103:02 51866492                  /home/a4090/miniconda3/envs/auto/lib/jvm/lib/server/libjvm.so
7f5a11cb8000-7f5a11cec000 rw-p 011d4000 103:02 51866492                  /home/a4090/miniconda3/envs/auto/lib/jvm/lib/server/libjvm.so
7f5a11cec000-7f5a11d45000 rw-p 00000000 00:00 0 
7f5a11d45000-7f5a11d4b000 rw-p 015a3000 103:02 51866492                  /home/a4090/miniconda3/envs/auto/lib/jvm/lib/server/libjvm.so
7f5a11d4b000-7f5a11d4e000 rw-p 00000000 00:00 0 
7f5a11d4e000-7f5a11d70000 r--p 00000000 103:02 39848138                  /usr/lib/x86_64-linux-gnu/libc-2.31.so
7f5a11d70000-7f5a11ee8000 r-xp 00022000 103:02 39848138                  /usr/lib/x86_64-linux-gnu/libc-2.31.so
7f5a11ee8000-7f5a11f36000 r--p 0019a000 103:02 39848138                  /usr/lib/x86_64-linux-gnu/libc-2.31.so
7f5a11f36000-7f5a11f3a000 r--p 001e7000 103:02 39848138                  /usr/lib/x86_64-linux-gnu/libc-2.31.so
7f5a11f3a000-7f5a11f3c000 rw-p 001eb000 103:02 39848138                  /usr/lib/x86_64-linux-gnu/libc-2.31.so
7f5a11f3c000-7f5a11f42000 rw-p 00000000 00:00 0 
7f5a11f42000-7f5a11f48000 r--p 00000000 103:02 39848188                  /usr/lib/x86_64-linux-gnu/libpthread-2.31.so
7f5a11f48000-7f5a11f59000 r-xp 00006000 103:02 39848188                  /usr/lib/x86_64-linux-gnu/libpthread-2.31.so
7f5a11f59000-7f5a11f5f000 r--p 00017000 103:02 39848188                  /usr/lib/x86_64-linux-gnu/libpthread-2.31.so
7f5a11f5f000-7f5a11f60000 r--p 0001c000 103:02 39848188                  /usr/lib/x86_64-linux-gnu/libpthread-2.31.so
7f5a11f60000-7f5a11f61000 rw-p 0001d000 103:02 39848188                  /usr/lib/x86_64-linux-gnu/libpthread-2.31.so
7f5a11f61000-7f5a11f65000 rw-p 00000000 00:00 0 
7f5a11f65000-7f5a11f69000 r--p 00000000 103:02 51864144                  /home/a4090/miniconda3/envs/auto/lib/libgcc_s.so.1
7f5a11f69000-7f5a11f7e000 r-xp 00004000 103:02 51864144                  /home/a4090/miniconda3/envs/auto/lib/libgcc_s.so.1
7f5a11f7e000-7f5a11f82000 r--p 00019000 103:02 51864144                  /home/a4090/miniconda3/envs/auto/lib/libgcc_s.so.1
7f5a11f82000-7f5a11f83000 r--p 0001c000 103:02 51864144                  /home/a4090/miniconda3/envs/auto/lib/libgcc_s.so.1
7f5a11f83000-7f5a11f84000 rw-p 0001d000 103:02 51864144                  /home/a4090/miniconda3/envs/auto/lib/libgcc_s.so.1
7f5a11f84000-7f5a11f91000 r--p 00000000 103:02 39848143                  /usr/lib/x86_64-linux-gnu/libm-2.31.so
7f5a11f91000-7f5a12038000 r-xp 0000d000 103:02 39848143                  /usr/lib/x86_64-linux-gnu/libm-2.31.so
7f5a12038000-7f5a120d1000 r--p 000b4000 103:02 39848143                  /usr/lib/x86_64-linux-gnu/libm-2.31.so
7f5a120d1000-7f5a120d2000 r--p 0014c000 103:02 39848143                  /usr/lib/x86_64-linux-gnu/libm-2.31.so
7f5a120d2000-7f5a120d3000 rw-p 0014d000 103:02 39848143                  /usr/lib/x86_64-linux-gnu/libm-2.31.so
7f5a120d3000-7f5a1217c000 r--p 00000000 103:02 51864761                  /home/a4090/miniconda3/envs/auto/lib/libstdc++.so.6.0.33
7f5a1217c000-7f5a1221c000 r-xp 000a9000 103:02 51864761                  /home/a4090/miniconda3/envs/auto/lib/libstdc++.so.6.0.33
7f5a1221c000-7f5a122a2000 r--p 00149000 103:02 51864761                  /home/a4090/miniconda3/envs/auto/lib/libstdc++.so.6.0.33
7f5a122a2000-7f5a122ad000 r--p 001cf000 103:02 51864761                  /home/a4090/miniconda3/envs/auto/lib/libstdc++.so.6.0.33
7f5a122ad000-7f5a122b1000 rw-p 001da000 103:02 51864761                  /home/a4090/miniconda3/envs/auto/lib/libstdc++.so.6.0.33
7f5a122b1000-7f5a122b5000 rw-p 00000000 00:00 0 
7f5a122b5000-7f5a122b6000 r--p 00000000 103:02 39848142                  /usr/lib/x86_64-linux-gnu/libdl-2.31.so
7f5a122b6000-7f5a122b8000 r-xp 00001000 103:02 39848142                  /usr/lib/x86_64-linux-gnu/libdl-2.31.so
7f5a122b8000-7f5a122b9000 r--p 00003000 103:02 39848142                  /usr/lib/x86_64-linux-gnu/libdl-2.31.so
7f5a122b9000-7f5a122ba000 r--p 00003000 103:02 39848142                  /usr/lib/x86_64-linux-gnu/libdl-2.31.so
7f5a122ba000-7f5a122bb000 rw-p 00004000 103:02 39848142                  /usr/lib/x86_64-linux-gnu/libdl-2.31.so
7f5a122bb000-7f5a122bd000 rw-p 00000000 00:00 0 
7f5a122bd000-7f5a122be000 r--p 00000000 103:02 39848110                  /usr/lib/x86_64-linux-gnu/ld-2.31.so
7f5a122be000-7f5a122e1000 r-xp 00001000 103:02 39848110                  /usr/lib/x86_64-linux-gnu/ld-2.31.so
7f5a122e1000-7f5a122e9000 r--p 00024000 103:02 39848110                  /usr/lib/x86_64-linux-gnu/ld-2.31.so
7f5a122e9000-7f5a122ea000 ---p 00000000 00:00 0 
7f5a122ea000-7f5a122eb000 r--p 0002c000 103:02 39848110                  /usr/lib/x86_64-linux-gnu/ld-2.31.so
7f5a122eb000-7f5a122ec000 rw-p 0002d000 103:02 39848110                  /usr/lib/x86_64-linux-gnu/ld-2.31.so
7f5a122ec000-7f5a122ed000 rw-p 00000000 00:00 0 
7fff07199000-7fff0719d000 ---p 00000000 00:00 0 
7fff0719d000-7fff07299000 rw-p 00000000 00:00 0                          [stack]
7fff073f2000-7fff073f6000 r--p 00000000 00:00 0                          [vvar]
7fff073f6000-7fff073f8000 r-xp 00000000 00:00 0                          [vdso]
ffffffffff600000-ffffffffff601000 --xp 00000000 00:00 0                  [vsyscall]


VM Arguments:
jvm_args: -XX:ThreadPriorityPolicy=1 -XX:+UnlockExperimentalVMOptions -XX:+EnableJVMCIProduct -XX:-UnlockExperimentalVMOptions -Dorg.graalvm.launcher.class=com.oracle.graal.python.shell.GraalPythonMain -Dorg.graalvm.launcher.executablename=python 
java_command: <unknown>
java_class_path (initial): /home/a4090/miniconda3/envs/auto/lib/jvm/languages/python/bin/../../../lib/graalvm/graalpython-launcher.jar:/home/a4090/miniconda3/envs/auto/lib/jvm/languages/python/bin/../../../lib/graalvm/launcher-common.jar
Launcher Type: generic

[Global flags]
     intx CICompilerCount                          = 15                                        {product} {ergonomic}
     uint ConcGCThreads                            = 6                                         {product} {ergonomic}
     bool EnableJVMCIProduct                       = true                                {JVMCI product} {jimage}
     uint G1ConcRefinementThreads                  = 23                                        {product} {ergonomic}
   size_t G1HeapRegionSize                         = 16777216                                  {product} {ergonomic}
    uintx GCDrainStackTargetSize                   = 64                                        {product} {ergonomic}
   size_t InitialHeapSize                          = 2113929216                                {product} {ergonomic}
   size_t MarkStackSize                            = 4194304                                   {product} {ergonomic}
   size_t MaxHeapSize                              = 32178700288                               {product} {ergonomic}
   size_t MaxNewSize                               = 19293798400                               {product} {ergonomic}
   size_t MinHeapDeltaBytes                        = 16777216                                  {product} {ergonomic}
   size_t MinHeapSize                              = 16777216                                  {product} {ergonomic}
    uintx NonNMethodCodeHeapSize                   = 11613124                               {pd product} {ergonomic}
    uintx NonProfiledCodeHeapSize                  = 120022558                              {pd product} {ergonomic}
    uintx ProfiledCodeHeapSize                     = 120022558                              {pd product} {ergonomic}
    uintx ReservedCodeCacheSize                    = 251658240                              {pd product} {ergonomic}
     bool SegmentedCodeCache                       = true                                      {product} {ergonomic}
   size_t SoftMaxHeapSize                          = 32178700288                            {manageable} {ergonomic}
     intx ThreadPriorityPolicy                     = 1                                         {product} {jimage}
     bool UseCompressedClassPointers               = true                           {product lp64_product} {ergonomic}
     bool UseCompressedOops                        = true                           {product lp64_product} {ergonomic}
     bool UseG1GC                                  = true                                      {product} {ergonomic}

Logging:
Log output configuration:
 #0: stdout all=warning uptime,level,tags
 #1: stderr all=off uptime,level,tags

Environment Variables:
PATH=/home/a4090/miniconda3/envs/auto/bin:/usr/local/cuda-11.8/bin:/opt/ros/noetic/bin:/home/a4090/miniconda3/condabin:/home/a4090/.local/bin:/home/a4090/bin:/usr/local/sbin:/usr/local/bin:/usr/sbin:/usr/bin:/sbin:/bin:/usr/games:/usr/local/games:/snap/bin
LD_LIBRARY_PATH=/usr/local/cuda-11.8/lib64:/home/a4090/CoppeliaSim:/usr/lib/x86_64-linux-gnu:/opt/ros/noetic/lib:/opt/ros/noetic/lib/x86_64-linux-gnu
SHELL=/bin/bash
DISPLAY=:0
LANG=en_US.UTF-8
LC_NUMERIC=zh_CN.UTF-8
LC_TIME=zh_CN.UTF-8
TERM=xterm-256color

Active Locale:
LC_ALL=LC_CTYPE=en_US.UTF-8;LC_NUMERIC=zh_CN.UTF-8;LC_TIME=zh_CN.UTF-8;LC_COLLATE=en_US.UTF-8;LC_MONETARY=zh_CN.UTF-8;LC_MESSAGES=en_US.UTF-8;LC_PAPER=zh_CN.UTF-8;LC_NAME=zh_CN.UTF-8;LC_ADDRESS=zh_CN.UTF-8;LC_TELEPHONE=zh_CN.UTF-8;LC_MEASUREMENT=zh_CN.UTF-8;LC_IDENTIFICATION=zh_CN.UTF-8
LC_COLLATE=en_US.UTF-8
LC_CTYPE=en_US.UTF-8
LC_MESSAGES=en_US.UTF-8
LC_MONETARY=zh_CN.UTF-8
LC_NUMERIC=zh_CN.UTF-8
LC_TIME=zh_CN.UTF-8

Signal Handlers:
   SIGSEGV: crash_handler in libjvm.so, mask=11100100010111111101111111111110, flags=SA_RESTART|SA_SIGINFO, unblocked
    SIGBUS: crash_handler in libjvm.so, mask=11100100010111111101111111111110, flags=SA_RESTART|SA_SIGINFO, unblocked
    SIGFPE: crash_handler in libjvm.so, mask=11100100010111111101111111111110, flags=SA_RESTART|SA_SIGINFO, unblocked
   SIGPIPE: javaSignalHandler in libjvm.so, mask=11100100010111111101111111111110, flags=SA_RESTART|SA_SIGINFO, blocked
   SIGXFSZ: javaSignalHandler in libjvm.so, mask=11100100010111111101111111111110, flags=SA_RESTART|SA_SIGINFO, blocked
    SIGILL: crash_handler in libjvm.so, mask=11100100010111111101111111111110, flags=SA_RESTART|SA_SIGINFO, unblocked
   SIGUSR2: SR_handler in libjvm.so, mask=00000000000000000000000000000000, flags=SA_RESTART|SA_SIGINFO, blocked
    SIGHUP: UserHandler in libjvm.so, mask=11100100010111111101111111111110, flags=SA_RESTART|SA_SIGINFO, blocked
    SIGINT: UserHandler in libjvm.so, mask=11100100010111111101111111111110, flags=SA_RESTART|SA_SIGINFO, blocked
   SIGTERM: UserHandler in libjvm.so, mask=11100100010111111101111111111110, flags=SA_RESTART|SA_SIGINFO, blocked
   SIGQUIT: UserHandler in libjvm.so, mask=11100100010111111101111111111110, flags=SA_RESTART|SA_SIGINFO, blocked
   SIGTRAP: crash_handler in libjvm.so, mask=11100100010111111101111111111110, flags=SA_RESTART|SA_SIGINFO, unblocked


---------------  S Y S T E M  ---------------

OS:
DISTRIB_ID=Ubuntu
DISTRIB_RELEASE=20.04
DISTRIB_CODENAME=focal
DISTRIB_DESCRIPTION="Ubuntu 20.04.6 LTS"
uname: Linux 5.15.0-119-generic #129~20.04.1-Ubuntu SMP Wed Aug 7 13:07:13 UTC 2024 x86_64
OS uptime: 1 days 20:15 hours
libc: glibc 2.31 NPTL 2.31 
rlimit (soft/hard): STACK 8192k/infinity , CORE 0k/infinity , NPROC 513269/513269 , NOFILE 1048576/1048576 , AS infinity/infinity , CPU infinity/infinity , DATA infinity/infinity , FSIZE infinity/infinity , MEMLOCK 65536k/65536k
load average: 1050.44 1049.07 1048.89

/proc/meminfo:
MemTotal:       131491188 kB
MemFree:        34066864 kB
MemAvailable:   95999292 kB
Buffers:         7346024 kB
Cached:         36312360 kB
SwapCached:            0 kB
Active:         25930608 kB
Inactive:       48202340 kB
Active(anon):      15752 kB
Inactive(anon): 31540504 kB
Active(file):   25914856 kB
Inactive(file): 16661836 kB
Unevictable:        1140 kB
Mlocked:            1140 kB
SwapTotal:       4194300 kB
SwapFree:        4194300 kB
Dirty:             25592 kB
Writeback:           160 kB
AnonPages:      30467044 kB
Mapped:          3118700 kB
Shmem:           1081808 kB
KReclaimable:   20606588 kB
Slab:           22177972 kB
SReclaimable:   20606588 kB
SUnreclaim:      1571384 kB
KernelStack:      108752 kB
PageTables:       407940 kB
NFS_Unstable:          0 kB
Bounce:                0 kB
WritebackTmp:          0 kB
CommitLimit:    69939892 kB
Committed_AS:   107344056 kB
VmallocTotal:   34359738367 kB
VmallocUsed:      237876 kB
VmallocChunk:          0 kB
Percpu:            46208 kB
HardwareCorrupted:     0 kB
AnonHugePages:     45056 kB
ShmemHugePages:        0 kB
ShmemPmdMapped:        0 kB
FileHugePages:         0 kB
FilePmdMapped:         0 kB
HugePages_Total:       0
HugePages_Free:        0
HugePages_Rsvd:        0
HugePages_Surp:        0
Hugepagesize:       2048 kB
Hugetlb:               0 kB
DirectMap4k:     3791692 kB
DirectMap2M:    30402560 kB
DirectMap1G:    99614720 kB

/sys/kernel/mm/transparent_hugepage/enabled: always [madvise] never
/sys/kernel/mm/transparent_hugepage/defrag (defrag/compaction efforts parameter): always defer defer+madvise [madvise] never

Process Memory:
Virtual Size: 39932372K (peak: 39937528K)
Resident Set Size: 1288536K (peak: 1292044K) (anon: 1061404K, file: 227132K, shmem: 0K)
Swapped out: 0K
C-Heap outstanding allocations: 117112K, retained: 11519K
glibc malloc tunables: (default)

/proc/sys/kernel/threads-max (system-wide limit on the number of threads): 1026538
/proc/sys/vm/max_map_count (maximum number of memory map areas a process may have): 65530
/proc/sys/kernel/pid_max (system-wide limit on number of process identifiers): 4194304

container (cgroup) information:
container_type: cgroupv1
cpu_cpuset_cpus: 0-31
cpu_memory_nodes: 0
active_processor_count: 32
cpu_quota: no quota
cpu_period: 100000
cpu_shares: no shares
memory_limit_in_bytes: unlimited
memory_and_swap_limit_in_bytes: unlimited
memory_soft_limit_in_bytes: unlimited
memory_usage_in_bytes: 82135940 k
memory_max_usage_in_bytes: 82793844 k
kernel_memory_usage_in_bytes: 19248776 k
kernel_memory_max_usage_in_bytes: unlimited
kernel_memory_limit_in_bytes: 19251476 k
maximum number of tasks: unlimited
current number of tasks: 5661

Steal ticks since vm start: 0
Steal ticks percentage since vm start:  0.000

CPU: total 32 (initial active 32) (16 cores per cpu, 2 threads per core) family 6 model 183 stepping 1 microcode 0x123, cx8, cmov, fxsr, ht, mmx, 3dnowpref, sse, sse2, sse3, ssse3, sse4.1, sse4.2, popcnt, lzcnt, tsc, tscinvbit, avx, avx2, aes, erms, clmul, bmi1, bmi2, adx, sha, fma, vzeroupper, clflush, clflushopt, clwb
CPU Model and flags from /proc/cpuinfo:
model name	: Intel(R) Core(TM) i9-14900K
flags		: fpu vme de pse tsc msr pae mce cx8 apic sep mtrr pge mca cmov pat pse36 clflush dts acpi mmx fxsr sse sse2 ss ht tm pbe syscall nx pdpe1gb rdtscp lm constant_tsc art arch_perfmon pebs bts rep_good nopl xtopology nonstop_tsc cpuid aperfmperf tsc_known_freq pni pclmulqdq dtes64 monitor ds_cpl vmx smx est tm2 ssse3 sdbg fma cx16 xtpr pdcm sse4_1 sse4_2 x2apic movbe popcnt tsc_deadline_timer aes xsave avx f16c rdrand lahf_lm abm 3dnowprefetch cpuid_fault epb ssbd ibrs ibpb stibp ibrs_enhanced tpr_shadow vnmi flexpriority ept vpid ept_ad fsgsbase tsc_adjust bmi1 avx2 smep bmi2 erms invpcid rdseed adx smap clflushopt clwb intel_pt sha_ni xsaveopt xsavec xgetbv1 xsaves split_lock_detect avx_vnni dtherm ida arat pln pts hwp hwp_notify hwp_act_window hwp_epp hwp_pkg_req umip pku ospke waitpkg gfni vaes vpclmulqdq tme rdpid movdiri movdir64b fsrm md_clear serialize pconfig arch_lbr flush_l1d arch_capabilities

Online cpus: 0-31
Offline cpus: 
BIOS frequency limitation: <Not Available>
Frequency switch latency (ns): 0
Available cpu frequencies: <Not Available>
Current governor: performance
Core performance/turbo boost: <Not Available>

Memory: 4k page, physical 131491188k(34056532k free), swap 4194300k(4194300k free)
Page Sizes: 4k

vm_info: OpenJDK 64-Bit Server VM (17.0.7+4-jvmci-23.0-b10) for linux-amd64 JRE (17.0.7+4-jvmci-23.0-b10), built on Mar 24 2023 22:17:53 by "buildslave" with gcc 10.3.0

END.
