#
# A fatal error has been detected by the Java Runtime Environment:
#
#  SIGSEGV (0xb) at pc=0x00007fcbfe257860, pid=161934, tid=162008
#
# JRE version: OpenJDK Runtime Environment GraalVM CE 17.0.7+4.1 (17.0.7+4) (build 17.0.7+4-jvmci-23.0-b10)
# Java VM: OpenJDK 64-Bit Server VM GraalVM CE 17.0.7+4.1 (17.0.7+4-jvmci-23.0-b10, mixed mode, sharing, tiered, jvmci, jvmci compiler, compressed oops, compressed class ptrs, g1 gc, linux-amd64)
# Problematic frame:
# C  0x00007fcbfe257860
#
# Core dump will be written. Default location: Core dumps may be processed with "/usr/share/apport/apport -p%p -s%s -c%c -d%d -P%P -u%u -g%g -- %E" (or dumping to /home/a4090/ljc/AutoPoseEstimator/core.161934)
#
# If you would like to submit a bug report, please visit:
#   https://github.com/oracle/graal/issues
# The crash happened outside the Java Virtual Machine in native code.
# See problematic frame for where to report the bug.
#

---------------  S U M M A R Y ------------

Command Line: -XX:ThreadPriorityPolicy=1 -XX:+UnlockExperimentalVMOptions -XX:+EnableJVMCIProduct -XX:-UnlockExperimentalVMOptions -Dorg.graalvm.launcher.class=com.oracle.graal.python.shell.GraalPythonMain -Dorg.graalvm.launcher.executablename=python 

Host: Intel(R) Core(TM) i9-14900K, 32 cores, 125G, Ubuntu 20.04.6 LTS
Time: Thu Feb 27 16:25:13 2025 CST elapsed time: 1.164375 seconds (0d 0h 0m 1s)

---------------  T H R E A D  ---------------

Current thread (0x000055870ff1bc10):  JavaThread "TruffleCompilerThread-36" daemon [_thread_in_native, id=162008, stack(0x00007fcc072ff000,0x00007fcc07400000)]

Stack: [0x00007fcc072ff000,0x00007fcc07400000],  sp=0x00007fcc073fd308,  free space=1016k
Native frames: (J=compiled Java code, j=interpreted, Vv=VM code, C=native code)
C  0x00007fcbfe257860
C  [libjvmcicompiler.so+0xe1d713]  ControlFlowGraph$RPOLoopVerification_loopFullyProcessed_463a63c21a260651e8b214ce1d339b5c03bc2ff1+0xd3
C  [libjvmcicompiler.so+0xe271f1]  ControlFlowGraph_rpoInnerLoopsFirst_d18d07e00a91c2cc6c5e65bd12ba58d572ef7043+0x751
C  [libjvmcicompiler.so+0xe1fe86]  ControlFlowGraph_computeFrequencies_ddc2498898fe28f6481961651385c86aef7f6631+0x186
C  [libjvmcicompiler.so+0xe1f482]  ControlFlowGraph_compute_669901a6ae2cfc46f2f30de6af99f1f9b38e933d+0x312
C  [libjvmcicompiler.so+0xea6a47]  LoopsData_constructor_82cd895aac747ab5fbf5383b064f8202d323a30c+0x107
C  [libjvmcicompiler.so+0xf0894d]  DominatorBasedGlobalValueNumberingPhase_runFixedNodeGVN_31c76c287c8ddbab692211e363f6642a7e144f61+0xbd
C  [libjvmcicompiler.so+0xf08865]  DominatorBasedGlobalValueNumberingPhase_run_ef0a186090c1abd4ebc8c33e20d171980502374f+0x25
C  [libjvmcicompiler.so+0xedf9f2]  BasePhase_apply_a7a34a5581cb5bc9dd94a67363b0d35949922111+0x812
C  [libjvmcicompiler.so+0xface4f]  CachingPEGraphDecoder_createGraph_2193d4a2f46f72cf1f9c2ae75dab48c6b6e0ee22+0x3ef
C  [libjvmcicompiler.so+0xfad7b5]  CachingPEGraphDecoder_lookupOrCreatePersistentEncodedGraph_8f70979cc06d0ba88cdf3c58b2d7b02a32aa8af7+0x125
C  [libjvmcicompiler.so+0xfad57f]  CachingPEGraphDecoder_lookupEncodedGraph_93a6603b22d4172a5847a0a1e6041f95c6b853d7+0x9f
C  [libjvmcicompiler.so+0xfdbbd4]  PEGraphDecoder_doInline_7239fbb81140b727994353019904811ea4be6aa0+0xd4
C  [libjvmcicompiler.so+0xfe2dfc]  PEGraphDecoder_tryInline_18abbe22604286a2989eb9e0e1e481090900989c+0x35c
C  [libjvmcicompiler.so+0xfe4b65]  PEGraphDecoder_trySimplifyInvoke_e43da03d3cfdbb1f816a05410b1494ca116c6274+0x85
C  [libjvmcicompiler.so+0xfe070b]  PEGraphDecoder_handleInvoke_34b2884debe7e352472227cdeb648b1fb9fc15f0+0x23b
C  [libjvmcicompiler.so+0xd7a790]  GraphDecoder_processNextNode_86ca473af99cf2d6ebed9f9072c30958d55c24e7+0xfa0
C  [libjvmcicompiler.so+0xd72bb7]  GraphDecoder_decode_6772f99e1c932b8170d29b0d4edb3738c283d24a+0xf7
C  [libjvmcicompiler.so+0xfdb7ad]  PEGraphDecoder_decode_221a6a9f09808542188716cd2981734188678c1c+0x15d
C  [libjvmcicompiler.so+0x10c0205]  PartialEvaluator_doGraphPE_b049177c27c9e6a87126eab19bbe3ad867cb6600+0x405
C  [libjvmcicompiler.so+0x112af89]  GraphManager_peRoot_6c39a752278c448d0081b8bb8138430af81ea797+0x59
C  [libjvmcicompiler.so+0x1125555]  CallNode_makeRoot_46f734d5e8d94b01561133a084b93fe3a7d5e0c8+0x195
C  [libjvmcicompiler.so+0x1126ea1]  CallTree_constructor_33ff7f242150943726e6e23fecc0c674e6e7a03a+0x1f1
C  [libjvmcicompiler.so+0x11215e5]  AgnosticInliningPhase_run_45135e98714397d031047fe76a86e08c3d46cd88+0x125
C  [libjvmcicompiler.so+0x112147d]  AgnosticInliningPhase_run_733f304abbff9bfdec9bd5b6daf13cac32927ec3+0x3d
C  [libjvmcicompiler.so+0xedf9f2]  BasePhase_apply_a7a34a5581cb5bc9dd94a67363b0d35949922111+0x812
C  [libjvmcicompiler.so+0x98fbb0]  BaseTier_run_452c2cb1b8cbe93c2c1e0721e00f05de04a0754a+0x140
C  [libjvmcicompiler.so+0xedf9f2]  BasePhase_apply_a7a34a5581cb5bc9dd94a67363b0d35949922111+0x812
C  [libjvmcicompiler.so+0x10d3282]  TruffleCompilerImpl_truffleTier_d6375ac00dde012c9c1533dc343939a49df1117c+0x1d2
C  [libjvmcicompiler.so+0x10ccfa5]  TruffleCompilerImpl_compileAST_bb1b8203f96b08420e94f7617aba16fbcfba3e02+0x105
C  [libjvmcicompiler.so+0x10cbdf7]  TruffleCompilerImpl$TruffleCompilationWrapper_performCompilation_62d795c442f5dcfdd795e8f785ce80286bb030e9+0x87
C  [libjvmcicompiler.so+0x10cbd47]  TruffleCompilerImpl$TruffleCompilationWrapper_performCompilation_944b1c54de06fc6d941347ed880c1f96e8fba7f4+0x17
C  [libjvmcicompiler.so+0x8d6204]  CompilationWrapper_run_d730478f4ce8f539b4955ca0a99f3c6f484bea17+0x64
C  [libjvmcicompiler.so+0x10ccc4a]  TruffleCompilerImpl_actuallyCompile_47fe4c83a8c6ea6532f4e7d0e1a892f465345bb3+0x27a
C  [libjvmcicompiler.so+0x10cf055]  TruffleCompilerImpl_doCompile_db634ab046aba6fdd1ed9944a7805e9b5ec88b34+0xe5
C  [libjvmcicompiler.so+0x10e6e9b]  TruffleToLibGraalEntryPoints_doCompile_1c2efe693f1a18150989da71a6494124dd5c5dc4+0x37b
C  [libjvmcicompiler.so+0x1d6819]  Java_org_graalvm_compiler_truffle_runtime_hotspot_libgraal_TruffleToLibGraalCalls_doCompile+0xd9
j  org.graalvm.compiler.truffle.runtime.hotspot.libgraal.TruffleToLibGraalCalls.doCompile(JJJJ[BLorg/graalvm/compiler/truffle/common/TruffleCompilationTask;Lorg/graalvm/compiler/truffle/common/TruffleCompilerListener;)V+0 jdk.internal.vm.compiler
j  org.graalvm.compiler.truffle.runtime.hotspot.libgraal.LibGraalHotSpotTruffleCompiler.doCompile(Lorg/graalvm/compiler/truffle/common/TruffleDebugContext;Lorg/graalvm/compiler/truffle/common/TruffleCompilation;Ljava/util/Map;Lorg/graalvm/compiler/truffle/common/TruffleCompilationTask;Lorg/graalvm/compiler/truffle/common/TruffleCompilerListener;)V+40 jdk.internal.vm.compiler
j  org.graalvm.compiler.truffle.runtime.GraalTruffleRuntime.compileImpl(Lorg/graalvm/compiler/truffle/common/TruffleDebugContext;Lorg/graalvm/compiler/truffle/runtime/OptimizedCallTarget;Lorg/graalvm/compiler/truffle/common/TruffleCompilationTask;)V+86 jdk.internal.vm.compiler
j  org.graalvm.compiler.truffle.runtime.GraalTruffleRuntime.doCompile(Lorg/graalvm/compiler/truffle/common/TruffleDebugContext;Lorg/graalvm/compiler/truffle/runtime/OptimizedCallTarget;Lorg/graalvm/compiler/truffle/common/TruffleCompilationTask;)V+154 jdk.internal.vm.compiler
j  org.graalvm.compiler.truffle.runtime.GraalTruffleRuntime.doCompile(Lorg/graalvm/compiler/truffle/runtime/OptimizedCallTarget;Lorg/graalvm/compiler/truffle/common/TruffleCompilationTask;)V+4 jdk.internal.vm.compiler
j  org.graalvm.compiler.truffle.runtime.CompilationTask$1.accept(Lorg/graalvm/compiler/truffle/runtime/CompilationTask;)V+30 jdk.internal.vm.compiler
j  org.graalvm.compiler.truffle.runtime.CompilationTask$1.accept(Ljava/lang/Object;)V+5 jdk.internal.vm.compiler
j  org.graalvm.compiler.truffle.runtime.CompilationTask.call()Ljava/lang/Void;+5 jdk.internal.vm.compiler
j  org.graalvm.compiler.truffle.runtime.CompilationTask.call()Ljava/lang/Object;+1 jdk.internal.vm.compiler
j  java.util.concurrent.FutureTask.run()V+39 java.base@17.0.7
j  java.util.concurrent.ThreadPoolExecutor.runWorker(Ljava/util/concurrent/ThreadPoolExecutor$Worker;)V+92 java.base@17.0.7
j  java.util.concurrent.ThreadPoolExecutor$Worker.run()V+5 java.base@17.0.7
j  java.lang.Thread.run()V+11 java.base@17.0.7
j  org.graalvm.compiler.truffle.runtime.BackgroundCompileQueue$TruffleCompilerThreadFactory$1.run()V+30 jdk.internal.vm.compiler
v  ~StubRoutines::call_stub
V  [libjvm.so+0x7fc225]  JavaCalls::call_helper(JavaValue*, methodHandle const&, JavaCallArguments*, JavaThread*)+0x315
V  [libjvm.so+0x7fda1b]  JavaCalls::call_virtual(JavaValue*, Handle, Klass*, Symbol*, Symbol*, JavaThread*)+0x1cb
V  [libjvm.so+0x8c68d3]  thread_entry(JavaThread*, JavaThread*)+0xa3
V  [libjvm.so+0xd8ccf0]  JavaThread::thread_main_inner()+0xd0
V  [libjvm.so+0xd902d0]  Thread::call_run()+0xc0
V  [libjvm.so+0xbe0f51]  thread_native_entry(Thread*)+0xe1

Java frames: (J=compiled Java code, j=interpreted, Vv=VM code)
j  org.graalvm.compiler.truffle.runtime.hotspot.libgraal.TruffleToLibGraalCalls.doCompile(JJJJ[BLorg/graalvm/compiler/truffle/common/TruffleCompilationTask;Lorg/graalvm/compiler/truffle/common/TruffleCompilerListener;)V+0 jdk.internal.vm.compiler
j  org.graalvm.compiler.truffle.runtime.hotspot.libgraal.LibGraalHotSpotTruffleCompiler.doCompile(Lorg/graalvm/compiler/truffle/common/TruffleDebugContext;Lorg/graalvm/compiler/truffle/common/TruffleCompilation;Ljava/util/Map;Lorg/graalvm/compiler/truffle/common/TruffleCompilationTask;Lorg/graalvm/compiler/truffle/common/TruffleCompilerListener;)V+40 jdk.internal.vm.compiler
j  org.graalvm.compiler.truffle.runtime.GraalTruffleRuntime.compileImpl(Lorg/graalvm/compiler/truffle/common/TruffleDebugContext;Lorg/graalvm/compiler/truffle/runtime/OptimizedCallTarget;Lorg/graalvm/compiler/truffle/common/TruffleCompilationTask;)V+86 jdk.internal.vm.compiler
j  org.graalvm.compiler.truffle.runtime.GraalTruffleRuntime.doCompile(Lorg/graalvm/compiler/truffle/common/TruffleDebugContext;Lorg/graalvm/compiler/truffle/runtime/OptimizedCallTarget;Lorg/graalvm/compiler/truffle/common/TruffleCompilationTask;)V+154 jdk.internal.vm.compiler
j  org.graalvm.compiler.truffle.runtime.GraalTruffleRuntime.doCompile(Lorg/graalvm/compiler/truffle/runtime/OptimizedCallTarget;Lorg/graalvm/compiler/truffle/common/TruffleCompilationTask;)V+4 jdk.internal.vm.compiler
j  org.graalvm.compiler.truffle.runtime.CompilationTask$1.accept(Lorg/graalvm/compiler/truffle/runtime/CompilationTask;)V+30 jdk.internal.vm.compiler
j  org.graalvm.compiler.truffle.runtime.CompilationTask$1.accept(Ljava/lang/Object;)V+5 jdk.internal.vm.compiler
j  org.graalvm.compiler.truffle.runtime.CompilationTask.call()Ljava/lang/Void;+5 jdk.internal.vm.compiler
j  org.graalvm.compiler.truffle.runtime.CompilationTask.call()Ljava/lang/Object;+1 jdk.internal.vm.compiler
j  java.util.concurrent.FutureTask.run()V+39 java.base@17.0.7
j  java.util.concurrent.ThreadPoolExecutor.runWorker(Ljava/util/concurrent/ThreadPoolExecutor$Worker;)V+92 java.base@17.0.7
j  java.util.concurrent.ThreadPoolExecutor$Worker.run()V+5 java.base@17.0.7
j  java.lang.Thread.run()V+11 java.base@17.0.7
j  org.graalvm.compiler.truffle.runtime.BackgroundCompileQueue$TruffleCompilerThreadFactory$1.run()V+30 jdk.internal.vm.compiler
v  ~StubRoutines::call_stub

siginfo: si_signo: 11 (SIGSEGV), si_code: 2 (SEGV_ACCERR), si_addr: 0x00007fcbfe257860

Register to memory mapping:

RAX=0x00007fcbfe257860 points into unknown readable memory: 0x0000000000816268 | 68 62 81 00 00 00 00 00
RBX=0x00007fcc04c829a8 points into unknown readable memory: 0x00000000007671a2 | a2 71 76 00 00 00 00 00
RCX=0x00007fcbfe257860 points into unknown readable memory: 0x0000000000816268 | 68 62 81 00 00 00 00 00
RDX=0x0000000000001087 is an unknown value
RSP=0x00007fcc073fd308 is pointing into the stack for thread: 0x000055870ff1bc10
RBP=0x00007fcc073fd380 is pointing into the stack for thread: 0x000055870ff1bc10
RSI=0x00007fcc04c78fa8 points into unknown readable memory: 0x00000000007671a2 | a2 71 76 00 00 00 00 00
RDI=0x00007fcc073fd340 is pointing into the stack for thread: 0x000055870ff1bc10
R8 =0x0000000000000001 is an unknown value
R9 =0x0 is NULL
R10=0xfffffffff8237720 is an unknown value
R11=0xfffffffff809c6c8 is an unknown value
R12=0x00007fcbfe237720 points into unknown readable memory: 0x00000000008ba7f8 | f8 a7 8b 00 00 00 00 00
R13=0xfffffffffec829a8 is an unknown value
R14=0x00007fcc06000000 is an unknown value
R15=0x00007fcc00001640 points into unknown readable memory: 0x00007fcc0675f010 | 10 f0 75 06 cc 7f 00 00


Registers:
RAX=0x00007fcbfe257860, RBX=0x00007fcc04c829a8, RCX=0x00007fcbfe257860, RDX=0x0000000000001087
RSP=0x00007fcc073fd308, RBP=0x00007fcc073fd380, RSI=0x00007fcc04c78fa8, RDI=0x00007fcc073fd340
R8 =0x0000000000000001, R9 =0x0000000000000000, R10=0xfffffffff8237720, R11=0xfffffffff809c6c8
R12=0x00007fcbfe237720, R13=0xfffffffffec829a8, R14=0x00007fcc06000000, R15=0x00007fcc00001640
RIP=0x00007fcbfe257860, EFLAGS=0x0000000000010202, CSGSFS=0x002b000000000033, ERR=0x0000000000000015
  TRAPNO=0x000000000000000e

Top of Stack: (sp=0x00007fcc073fd308)
0x00007fcc073fd308:   00007fccfe4e2a09 00007fcc073fd340
0x00007fcc073fd318:   00007fcbfe257860 00007fcc073fd340
0x00007fcc073fd328:   00007fcdfdba76a7 00007fcc073fd360
0x00007fcc073fd338:   00007fcbfe257860 00007fcc073fd380 

Instructions: (pc=0x00007fcbfe257860)
0x00007fcbfe257760:   20 77 25 f8 ff ff ff ff 00 00 00 00 00 00 00 00
0x00007fcbfe257770:   c8 57 81 00 00 00 00 00 00 00 00 00 30 04 00 00
0x00007fcbfe257780:   30 f6 88 ff ff ff ff ff 00 00 00 00 00 00 00 00
0x00007fcbfe257790:   00 00 00 00 00 00 00 00 68 62 81 00 00 00 00 00
0x00007fcbfe2577a0:   00 00 00 00 00 00 00 00 00 00 00 00 00 00 00 00
0x00007fcbfe2577b0:   70 77 25 f8 ff ff ff ff 20 77 25 f8 ff ff ff ff
0x00007fcbfe2577c0:   00 00 00 00 00 00 00 00 f8 97 79 00 00 00 00 00
0x00007fcbfe2577d0:   00 00 00 00 00 00 00 00 30 f6 88 ff ff ff ff ff
0x00007fcbfe2577e0:   00 00 00 00 00 00 00 00 50 56 82 00 00 00 00 00
0x00007fcbfe2577f0:   00 00 00 00 00 00 00 00 a0 71 76 00 00 00 00 00
0x00007fcbfe257800:   00 00 00 00 00 00 00 00 00 00 00 00 00 00 00 00
0x00007fcbfe257810:   f8 a9 79 00 00 00 00 00 00 00 00 00 00 00 00 00
0x00007fcbfe257820:   c8 77 25 f8 ff ff ff ff e8 77 25 f8 ff ff ff ff
0x00007fcbfe257830:   00 00 00 00 00 00 00 00 c8 57 81 00 00 00 00 00
0x00007fcbfe257840:   00 00 00 00 2b 00 00 00 30 f6 88 ff ff ff ff ff
0x00007fcbfe257850:   28 90 c7 fe ff ff ff ff 00 00 00 00 00 00 00 00
0x00007fcbfe257860:   68 62 81 00 00 00 00 00 00 00 00 00 00 00 00 00
0x00007fcbfe257870:   a8 8f c7 fe ff ff ff ff 38 78 25 f8 ff ff ff ff
0x00007fcbfe257880:   e8 77 25 f8 ff ff ff ff 00 00 00 00 00 00 00 00
0x00007fcbfe257890:   00 00 00 00 00 00 00 00 00 00 00 00 00 00 00 00
0x00007fcbfe2578a0:   00 00 00 00 00 00 00 00 00 00 00 00 00 00 00 00
0x00007fcbfe2578b0:   b8 fd 6a f8 ff ff ff ff 00 00 00 00 00 00 00 00
0x00007fcbfe2578c0:   00 00 00 00 00 00 00 00 00 00 00 00 00 00 00 00
0x00007fcbfe2578d0:   00 00 00 00 00 00 00 00 00 00 00 00 00 00 00 00
0x00007fcbfe2578e0:   00 00 00 00 00 00 00 00 ec 78 05 ff ff ff ff ff
0x00007fcbfe2578f0:   00 00 00 00 0d 00 00 00 e0 15 69 f8 ff ff ff ff
0x00007fcbfe257900:   c0 f9 6a f8 ff ff ff ff b8 ba 68 f8 ff ff ff ff
0x00007fcbfe257910:   38 fd 6a f8 ff ff ff ff d8 1d 09 f8 ff ff ff ff
0x00007fcbfe257920:   b8 fd 6a f8 ff ff ff ff 00 00 00 00 00 00 00 00
0x00007fcbfe257930:   00 00 00 00 00 00 00 00 00 00 00 00 00 00 00 00
0x00007fcbfe257940:   00 00 00 00 00 00 00 00 00 00 00 00 00 00 00 00
0x00007fcbfe257950:   00 00 00 00 00 00 00 00 00 00 00 00 00 00 00 00 


Stack slot to memory mapping:
stack at sp + 0 slots: 0x00007fccfe4e2a09: <offset 0x0000000001335a09> in /home/a4090/miniconda3/envs/auto_pose/lib/jvm/lib/libjvmcicompiler.so at 0x00007fccfd1ad000
stack at sp + 1 slots: 0x00007fcc073fd340 is pointing into the stack for thread: 0x000055870ff1bc10
stack at sp + 2 slots: 0x00007fcbfe257860 points into unknown readable memory: 0x0000000000816268 | 68 62 81 00 00 00 00 00
stack at sp + 3 slots: 0x00007fcc073fd340 is pointing into the stack for thread: 0x000055870ff1bc10
stack at sp + 4 slots: 0x00007fcdfdba76a7 is an unknown value
stack at sp + 5 slots: 0x00007fcc073fd360 is pointing into the stack for thread: 0x000055870ff1bc10
stack at sp + 6 slots: 0x00007fcbfe257860 points into unknown readable memory: 0x0000000000816268 | 68 62 81 00 00 00 00 00
stack at sp + 7 slots: 0x00007fcc073fd380 is pointing into the stack for thread: 0x000055870ff1bc10


---------------  P R O C E S S  ---------------

Threads class SMR info:
_java_thread_list=0x000055870ff1d210, length=31, elements={
0x000055870e7c1960, 0x000055870e9b5b00, 0x000055870e9b6f50, 0x000055870e9bd7a0,
0x000055870e9beb80, 0x000055870e9bffc0, 0x000055870e9c19e0, 0x000055870e9c2f40,
0x000055870e9cc3d0, 0x00007fccf804c0e0, 0x000055870e9da9a0, 0x00007fccf807eb20,
0x000055870ea222f0, 0x00007fcd04045210, 0x00007fcd040463f0, 0x00007fcd0404b280,
0x00007fccf8129b00, 0x000055870ed36d20, 0x00007fccf4149a00, 0x00007fccf8182a60,
0x00007fccf8183b80, 0x000055870eed2c50, 0x000055870fe974f0, 0x000055870f266de0,
0x000055870feca9b0, 0x000055870ff0aec0, 0x000055870ff1bc10, 0x000055870ff8eae0,
0x000055870ff91cb0, 0x000055870ff9ea20, 0x000055870ff9ffb0
}

Java Threads: ( => current thread )
  0x000055870e7c1960 JavaThread "main" [_thread_in_vm, id=161934, stack(0x00007fff366cb000,0x00007fff367cb000)]
  0x000055870e9b5b00 JavaThread "Reference Handler" daemon [_thread_blocked, id=161941, stack(0x00007fcd28ffc000,0x00007fcd290fd000)]
  0x000055870e9b6f50 JavaThread "Finalizer" daemon [_thread_blocked, id=161942, stack(0x00007fcd28efb000,0x00007fcd28ffc000)]
  0x000055870e9bd7a0 JavaThread "Signal Dispatcher" daemon [_thread_blocked, id=161943, stack(0x00007fcd28589000,0x00007fcd2868a000)]
  0x000055870e9beb80 JavaThread "Service Thread" daemon [_thread_blocked, id=161944, stack(0x00007fcd28488000,0x00007fcd28589000)]
  0x000055870e9bffc0 JavaThread "Monitor Deflation Thread" daemon [_thread_blocked, id=161945, stack(0x00007fcd28387000,0x00007fcd28488000)]
  0x000055870e9c19e0 JavaThread "JVMCI-native CompilerThread0" daemon [_thread_in_native, id=161946, stack(0x00007fcd28186000,0x00007fcd28387000)]
  0x000055870e9c2f40 JavaThread "C1 CompilerThread0" daemon [_thread_in_native, id=161947, stack(0x00007fccffdff000,0x00007fcd00000000)]
  0x000055870e9cc3d0 JavaThread "Sweeper thread" daemon [_thread_blocked, id=161948, stack(0x00007fcd28085000,0x00007fcd28186000)]
  0x00007fccf804c0e0 JavaThread "C1 CompilerThread1" daemon [_thread_blocked, id=161949, stack(0x00007fccffbfe000,0x00007fccffdff000)]
  0x000055870e9da9a0 JavaThread "Common-Cleaner" daemon [_thread_blocked, id=161950, stack(0x00007fccffafd000,0x00007fccffbfe000)]
  0x00007fccf807eb20 JavaThread "C1 CompilerThread2" daemon [_thread_blocked, id=161951, stack(0x00007fccff8fc000,0x00007fccffafd000)]
  0x000055870ea222f0 JavaThread "Notification Thread" daemon [_thread_blocked, id=161952, stack(0x00007fccff7fb000,0x00007fccff8fc000)]
  0x00007fcd04045210 JavaThread "JVMCI-native CompilerThread1" daemon [_thread_in_native, id=161954, stack(0x00007fccde0ff000,0x00007fccde300000)]
  0x00007fcd040463f0 JavaThread "JVMCI-native CompilerThread2" daemon [_thread_in_native, id=161955, stack(0x00007fccddefe000,0x00007fccde0ff000)]
  0x00007fcd0404b280 JavaThread "JVMCI-native CompilerThread3" daemon [_thread_in_native, id=161956, stack(0x00007fccddcfd000,0x00007fccddefe000)]
  0x00007fccf8129b00 JavaThread "C1 CompilerThread3" daemon [_thread_blocked, id=161957, stack(0x00007fccc8bff000,0x00007fccc8e00000)]
  0x000055870ed36d20 JavaThread "process reaper" daemon [_thread_blocked, id=161959, stack(0x00007fccfd13d000,0x00007fccfd15f000)]
  0x00007fccf4149a00 JavaThread "C1 CompilerThread4" daemon [_thread_in_native, id=161966, stack(0x00007fccc2dff000,0x00007fccc3000000)]
  0x00007fccf8182a60 JavaThread "C1 CompilerThread5" daemon [_thread_in_native, id=161967, stack(0x00007fccc2bfe000,0x00007fccc2dff000)]
  0x00007fccf8183b80 JavaThread "C1 CompilerThread6" daemon [_thread_blocked, id=161968, stack(0x00007fccc29fd000,0x00007fccc2bfe000)]
  0x000055870eed2c50 JavaThread "TruffleCompilerThread-30" daemon [_thread_blocked, id=161969, stack(0x00007fccc28fc000,0x00007fccc29fd000)]
  0x000055870fe974f0 JavaThread "TruffleCompilerThread-32" daemon [_thread_in_Java, id=161999, stack(0x00007fcca91ff000,0x00007fcca9300000)]
  0x000055870f266de0 JavaThread "TruffleCompilerThread-33" daemon [_thread_in_native, id=162000, stack(0x00007fcca90fe000,0x00007fcca91ff000)]
  0x000055870feca9b0 JavaThread "TruffleCompilerThread-34" daemon [_thread_in_native, id=162006, stack(0x00007fcc17cff000,0x00007fcc17e00000)]
  0x000055870ff0aec0 JavaThread "TruffleCompilerThread-35" daemon [_thread_in_vm, id=162007, stack(0x00007fcc15aff000,0x00007fcc15c00000)]
=>0x000055870ff1bc10 JavaThread "TruffleCompilerThread-36" daemon [_thread_in_native, id=162008, stack(0x00007fcc072ff000,0x00007fcc07400000)]
  0x000055870ff8eae0 JavaThread "TruffleCompilerThread-37" daemon [_thread_in_native, id=162009, stack(0x00007fcbfd6ff000,0x00007fcbfd800000)]
  0x000055870ff91cb0 JavaThread "TruffleCompilerThread-38" daemon [_thread_in_Java, id=162010, stack(0x00007fcbf7aff000,0x00007fcbf7c00000)]
  0x000055870ff9ea20 JavaThread "TruffleCompilerThread-39" daemon [_thread_in_native, id=162011, stack(0x00007fcbef8ff000,0x00007fcbefa00000)]
  0x000055870ff9ffb0 JavaThread "TruffleCompilerThread-40" daemon [_thread_blocked, id=162012, stack(0x00007fcbed8ff000,0x00007fcbeda00000)]

Other Threads:
  0x000055870e9b1800 VMThread "VM Thread" [stack: 0x00007fcd290ff000,0x00007fcd291ff000] [id=161940]
  0x000055870ea23c60 WatcherThread [stack: 0x00007fccff6fb000,0x00007fccff7fb000] [id=161953]
  0x000055870e7f80b0 GCTaskThread "GC Thread#0" [stack: 0x00007fcd38f2c000,0x00007fcd3902c000] [id=161935]
  0x00007fcd18008ec0 GCTaskThread "GC Thread#1" [stack: 0x00007fccabf00000,0x00007fccac000000] [id=161972]
  0x00007fcd18009910 GCTaskThread "GC Thread#2" [stack: 0x00007fccabdfe000,0x00007fccabefe000] [id=161973]
  0x00007fcd1800a360 GCTaskThread "GC Thread#3" [stack: 0x00007fccabcfc000,0x00007fccabdfc000] [id=161974]
  0x00007fcd1800adb0 GCTaskThread "GC Thread#4" [stack: 0x00007fccabbfa000,0x00007fccabcfa000] [id=161975]
  0x00007fcd1800b800 GCTaskThread "GC Thread#5" [stack: 0x00007fccabaf8000,0x00007fccabbf8000] [id=161976]
  0x00007fcd1800c250 GCTaskThread "GC Thread#6" [stack: 0x00007fccab9f6000,0x00007fccabaf6000] [id=161977]
  0x00007fcd1800cca0 GCTaskThread "GC Thread#7" [stack: 0x00007fccab8f4000,0x00007fccab9f4000] [id=161978]
  0x00007fcd1800d6f0 GCTaskThread "GC Thread#8" [stack: 0x00007fccab7f2000,0x00007fccab8f2000] [id=161979]
  0x00007fcd1800e140 GCTaskThread "GC Thread#9" [stack: 0x00007fccab6f0000,0x00007fccab7f0000] [id=161980]
  0x00007fcd1800eb90 GCTaskThread "GC Thread#10" [stack: 0x00007fccab5ee000,0x00007fccab6ee000] [id=161981]
  0x00007fcd1800f5e0 GCTaskThread "GC Thread#11" [stack: 0x00007fccab4ec000,0x00007fccab5ec000] [id=161982]
  0x00007fcd18010460 GCTaskThread "GC Thread#12" [stack: 0x00007fccab3ea000,0x00007fccab4ea000] [id=161983]
  0x00007fcd180112e0 GCTaskThread "GC Thread#13" [stack: 0x00007fccab2e8000,0x00007fccab3e8000] [id=161984]
  0x00007fcd18012160 GCTaskThread "GC Thread#14" [stack: 0x00007fccab1e6000,0x00007fccab2e6000] [id=161985]
  0x00007fcd18012fe0 GCTaskThread "GC Thread#15" [stack: 0x00007fccab0e4000,0x00007fccab1e4000] [id=161986]
  0x00007fcd18013e60 GCTaskThread "GC Thread#16" [stack: 0x00007fccaafe2000,0x00007fccab0e2000] [id=161987]
  0x00007fcd18014ce0 GCTaskThread "GC Thread#17" [stack: 0x00007fccaaee0000,0x00007fccaafe0000] [id=161988]
  0x00007fcd18015b60 GCTaskThread "GC Thread#18" [stack: 0x00007fccaadde000,0x00007fccaaede000] [id=161989]
  0x00007fcd180169e0 GCTaskThread "GC Thread#19" [stack: 0x00007fccaacdc000,0x00007fccaaddc000] [id=161990]
  0x00007fcd18017860 GCTaskThread "GC Thread#20" [stack: 0x00007fccaabda000,0x00007fccaacda000] [id=161991]
  0x00007fcd180186e0 GCTaskThread "GC Thread#21" [stack: 0x00007fccaaad8000,0x00007fccaabd8000] [id=161992]
  0x00007fcd18019560 GCTaskThread "GC Thread#22" [stack: 0x00007fccaa9d6000,0x00007fccaaad6000] [id=161993]
  0x000055870e808700 ConcurrentGCThread "G1 Main Marker" [stack: 0x00007fcd38e2a000,0x00007fcd38f2a000] [id=161936]
  0x000055870e8096a0 ConcurrentGCThread "G1 Conc#0" [stack: 0x00007fcd38d28000,0x00007fcd38e28000] [id=161937]
  0x00007fcd2c000d30 ConcurrentGCThread "G1 Conc#1" [stack: 0x00007fccaa8d4000,0x00007fccaa9d4000] [id=161994]
  0x00007fcd2c001b80 ConcurrentGCThread "G1 Conc#2" [stack: 0x00007fccaa7d2000,0x00007fccaa8d2000] [id=161995]
  0x00007fcd2c002610 ConcurrentGCThread "G1 Conc#3" [stack: 0x00007fccaa6d0000,0x00007fccaa7d0000] [id=161996]
  0x00007fcd2c0030a0 ConcurrentGCThread "G1 Conc#4" [stack: 0x00007fccaa5ce000,0x00007fccaa6ce000] [id=161997]
  0x00007fcd2c003b30 ConcurrentGCThread "G1 Conc#5" [stack: 0x00007fccaa4cc000,0x00007fccaa5cc000] [id=161998]
  0x000055870e97db50 ConcurrentGCThread "G1 Refine#0" [stack: 0x00007fcd294f6000,0x00007fcd295f6000] [id=161938]
  0x00007fcd24000d30 ConcurrentGCThread "G1 Refine#1" [stack: 0x00007fcc32500000,0x00007fcc32600000] [id=162001]
  0x00007fcc28000d30 ConcurrentGCThread "G1 Refine#2" [stack: 0x00007fcc323fe000,0x00007fcc324fe000] [id=162002]
  0x00007fcc20000d30 ConcurrentGCThread "G1 Refine#3" [stack: 0x00007fcc322fc000,0x00007fcc323fc000] [id=162003]
  0x00007fcc24000d30 ConcurrentGCThread "G1 Refine#4" [stack: 0x00007fcc321fa000,0x00007fcc322fa000] [id=162004]
  0x00007fcc18000d30 ConcurrentGCThread "G1 Refine#5" [stack: 0x00007fcc320f8000,0x00007fcc321f8000] [id=162005]
  0x000055870e97ea60 ConcurrentGCThread "G1 Service" [stack: 0x00007fcd293f4000,0x00007fcd294f4000] [id=161939]

Threads with active compile tasks:
JVMCI-native CompilerThread0     1167 5206  s    4       jdk.vm.ci.hotspot.HotSpotJVMCIRuntime::fromMetaspace (120 bytes)
C1 CompilerThread1     1167 5253       3       com.oracle.graal.python.nodes.call.CallNode::doGeneric (216 bytes)
JVMCI-native CompilerThread1     1167 5211       4       com.oracle.graal.python.nodes.attributes.ReadAttributeFromDynamicObjectNodeGen::execute (695 bytes)
JVMCI-native CompilerThread2     1167 5227       4       com.oracle.truffle.api.strings.TruffleString$EqualNode::checkContentEquals (228 bytes)
JVMCI-native CompilerThread3     1167 5203       4       jdk.vm.ci.hotspot.HotSpotResolvedObjectTypeImpl::fromMetaspace (8 bytes)
C1 CompilerThread3     1167 5260       3       com.oracle.graal.python.nodes.frame.WriteNameNode::writeLocalsDict (24 bytes)
C1 CompilerThread4     1167 5254       3       com.oracle.graal.python.nodes.call.CallNodeGen$Uncached::executeInternal (164 bytes)

VM state: not at safepoint (normal execution)

VM Mutex/Monitor currently owned by a thread:  ([mutex/lock_event])
[0x000055870e7bf540] MethodCompileQueue_lock - owner thread: 0x0000000000000000

Heap address: 0x0000000082000000, size: 30688 MB, Compressed Oops mode: Zero based, Oop shift amount: 3

CDS archive(s) mapped at: [0x0000000800000000-0x0000000800bcb000-0x0000000800bcb000), size 12365824, SharedBaseAddress: 0x0000000800000000, ArchiveRelocationMode: 0.
Compressed class space mapped at: 0x0000000801000000-0x0000000841000000, reserved size: 1073741824
Narrow klass base: 0x0000000800000000, Narrow klass shift: 0, Narrow klass range: 0x100000000

GC Precious Log:
 CPUs: 32 total, 32 available
 Memory: 125G
 Large Page Support: Disabled
 NUMA Support: Disabled
 Compressed Oops: Enabled (Zero based)
 Heap Region Size: 16M
 Heap Min Capacity: 16M
 Heap Initial Capacity: 2016M
 Heap Max Capacity: 30688M
 Pre-touch: Disabled
 Parallel Workers: 23
 Concurrent Workers: 6
 Concurrent Refinement Workers: 23
 Periodic GC: Disabled

Heap:
 garbage-first heap   total 393216K, used 101043K [0x0000000082000000, 0x0000000800000000)
  region size 16384K, 5 young (81920K), 1 survivors (16384K)
 Metaspace       used 65738K, committed 66048K, reserved 1114112K
  class space    used 9375K, committed 9536K, reserved 1048576K

Heap Regions: E=young(eden), S=young(survivor), O=old, HS=humongous(starts), HC=humongous(continues), CS=collection set, F=free, OA=open archive, CA=closed archive, TAMS=top-at-mark-start (previous, next)
|   0|0x0000000082000000, 0x0000000083000000, 0x0000000083000000|100%| O|  |TAMS 0x0000000083000000, 0x0000000082000000| Untracked 
|   1|0x0000000083000000, 0x0000000083000000, 0x0000000084000000|  0%| F|  |TAMS 0x0000000083000000, 0x0000000083000000| Untracked 
|   2|0x0000000084000000, 0x0000000085000000, 0x0000000085000000|100%| O|  |TAMS 0x0000000085000000, 0x0000000084000000| Untracked 
|   3|0x0000000085000000, 0x00000000851ad400, 0x0000000086000000| 10%| O|  |TAMS 0x00000000851ad400, 0x0000000085000000| Complete 
|   4|0x0000000086000000, 0x0000000086000000, 0x0000000087000000|  0%| F|  |TAMS 0x0000000086000000, 0x0000000086000000| Untracked 
|   5|0x0000000087000000, 0x0000000087000000, 0x0000000088000000|  0%| F|  |TAMS 0x0000000087000000, 0x0000000087000000| Untracked 
|   6|0x0000000088000000, 0x0000000088000000, 0x0000000089000000|  0%| F|  |TAMS 0x0000000088000000, 0x0000000088000000| Untracked 
|   7|0x0000000089000000, 0x0000000089000000, 0x000000008a000000|  0%| F|  |TAMS 0x0000000089000000, 0x0000000089000000| Untracked 
|   8|0x000000008a000000, 0x000000008a000000, 0x000000008b000000|  0%| F|  |TAMS 0x000000008a000000, 0x000000008a000000| Untracked 
|   9|0x000000008b000000, 0x000000008b000000, 0x000000008c000000|  0%| F|  |TAMS 0x000000008b000000, 0x000000008b000000| Untracked 
|  10|0x000000008c000000, 0x000000008c000000, 0x000000008d000000|  0%| F|  |TAMS 0x000000008c000000, 0x000000008c000000| Untracked 
|  11|0x000000008d000000, 0x000000008d000000, 0x000000008e000000|  0%| F|  |TAMS 0x000000008d000000, 0x000000008d000000| Untracked 
|  12|0x000000008e000000, 0x000000008e000000, 0x000000008f000000|  0%| F|  |TAMS 0x000000008e000000, 0x000000008e000000| Untracked 
|  13|0x000000008f000000, 0x000000008f000000, 0x0000000090000000|  0%| F|  |TAMS 0x000000008f000000, 0x000000008f000000| Untracked 
|  14|0x0000000090000000, 0x0000000090000000, 0x0000000091000000|  0%| F|  |TAMS 0x0000000090000000, 0x0000000090000000| Untracked 
|  15|0x0000000091000000, 0x0000000091000000, 0x0000000092000000|  0%| F|  |TAMS 0x0000000091000000, 0x0000000091000000| Untracked 
|  16|0x0000000092000000, 0x0000000092000000, 0x0000000093000000|  0%| F|  |TAMS 0x0000000092000000, 0x0000000092000000| Untracked 
|  17|0x0000000093000000, 0x0000000093420060, 0x0000000094000000| 25%| E|  |TAMS 0x0000000093000000, 0x0000000093000000| Complete 
|  18|0x0000000094000000, 0x0000000095000000, 0x0000000095000000|100%| E|CS|TAMS 0x0000000094000000, 0x0000000094000000| Complete 
|  19|0x0000000095000000, 0x0000000096000000, 0x0000000096000000|100%| E|CS|TAMS 0x0000000095000000, 0x0000000095000000| Complete 
|  67|0x00000000c5000000, 0x00000000c512c8d8, 0x00000000c6000000|  7%| S|CS|TAMS 0x00000000c5000000, 0x00000000c5000000| Complete 
| 125|0x00000000ff000000, 0x0000000100000000, 0x0000000100000000|100%| E|CS|TAMS 0x00000000ff000000, 0x00000000ff000000| Complete 
|1916|0x00000007fe000000, 0x00000007fef46000, 0x00000007ff000000| 95%|OA|  |TAMS 0x00000007fef46000, 0x00000007fe000000| Untracked 
|1917|0x00000007ff000000, 0x00000007ff08d000, 0x0000000800000000|  3%|CA|  |TAMS 0x00000007ff08d000, 0x00000007ff000000| Untracked 

Card table byte_map: [0x00007fcd78cc4000,0x00007fcd7c8b4000] _byte_map_base: 0x00007fcd788b4000

Marking Bits (Prev, Next): (CMBitMap*) 0x000055870e7f8b90, (CMBitMap*) 0x000055870e7f8b50
 Prev Bits: [0x00007fcd391d4000, 0x00007fcd57154000)
 Next Bits: [0x00007fcd57154000, 0x00007fcd750d4000)

Polling page: 0x00007fcd90edb000

Metaspace:

Usage:
  Non-class:     55.04 MB used.
      Class:      9.16 MB used.
       Both:     64.20 MB used.

Virtual space:
  Non-class space:       64.00 MB reserved,      55.19 MB ( 86%) committed,  1 nodes.
      Class space:        1.00 GB reserved,       9.31 MB ( <1%) committed,  1 nodes.
             Both:        1.06 GB reserved,      64.50 MB (  6%) committed. 

Chunk freelists:
   Non-Class:  7.97 MB
       Class:  6.60 MB
        Both:  14.57 MB

MaxMetaspaceSize: unlimited
CompressedClassSpaceSize: 1.00 GB
Initial GC threshold: 21.00 MB
Current GC threshold: 102.44 MB
CDS: on
MetaspaceReclaimPolicy: balanced
 - commit_granule_bytes: 65536.
 - commit_granule_words: 8192.
 - virtual_space_node_default_size: 8388608.
 - enlarge_chunks_in_place: 1.
 - new_chunks_are_fully_committed: 0.
 - uncommit_free_chunks: 1.
 - use_allocation_guard: 0.
 - handle_deallocations: 1.


Internal statistics:

num_allocs_failed_limit: 24.
num_arena_births: 302.
num_arena_deaths: 0.
num_vsnodes_births: 2.
num_vsnodes_deaths: 0.
num_space_committed: 1032.
num_space_uncommitted: 0.
num_chunks_returned_to_freelist: 24.
num_chunks_taken_from_freelist: 2462.
num_chunk_merges: 24.
num_chunk_splits: 1943.
num_chunks_enlarged: 1591.
num_inconsistent_stats: 0.

CodeHeap 'non-profiled nmethods': size=117208Kb used=1970Kb max_used=1970Kb free=115237Kb
 bounds [0x00007fcd89c16000, 0x00007fcd89e86000, 0x00007fcd90e8c000]
CodeHeap 'profiled nmethods': size=117208Kb used=14283Kb max_used=14283Kb free=102924Kb
 bounds [0x00007fcd81e8c000, 0x00007fcd82c8c000, 0x00007fcd89102000]
CodeHeap 'non-nmethods': size=11344Kb used=4818Kb max_used=4821Kb free=6525Kb
 bounds [0x00007fcd89102000, 0x00007fcd895c2000, 0x00007fcd89c16000]
 total_blobs=6025 nmethods=5240 adapters=681
 compilation: enabled
              stopped_count=0, restarted_count=0
 full_count=0

JVMCI Events (20 events):
Event: 1.133 Thread 0x000055870ff91cb0 created new Compiler JVMCI runtime 11 (0x00007fcbf0000fb0)
Event: 1.133 Thread 0x000055870ff91cb0 attached to JVMCI runtime 11
Event: 1.134 Thread 0x000055870ff91cb0 created JavaVM[14]@0x00007fcbf75b65a8 for JVMCI runtime 11
Event: 1.134 Thread 0x000055870ff91cb0 initializing JVMCI runtime 11
Event: 1.134 Thread 0x000055870ff91cb0 done waiting for JavaVM references initialization in JVMCI runtime 11
Event: 1.134 Thread 0x000055870ff91cb0 initialized JVMCI runtime 11
Event: 1.135 Thread 0x000055870ff91cb0 attached to JavaVM[14] for JVMCI runtime 11
Event: 1.136 Thread 0x000055870e9c19e0 compacted oop handles in JVMCI runtime 0 from 118 to 117
Event: 1.136 Thread 0x00007fcd04045210 compacted oop handles in JVMCI runtime 1 from 210 to 208
Event: 1.141 Thread 0x000055870e9c19e0 compacted oop handles in JVMCI runtime 0 from 124 to 123
Event: 1.145 Thread 0x00007fcd0404b280 compacted oop handles in JVMCI runtime 3 from 131 to 124
Event: 1.145 Thread 0x000055870e9c19e0 compacted oop handles in JVMCI runtime 0 from 154 to 146
Event: 1.145 Thread 0x000055870ff9ea20 created new Compiler JVMCI runtime 12 (0x00007fcbe8000fb0)
Event: 1.145 Thread 0x000055870ff9ea20 attached to JVMCI runtime 12
Event: 1.146 Thread 0x000055870ff9ea20 created JavaVM[15]@0x00007fcbef3b65a8 for JVMCI runtime 12
Event: 1.146 Thread 0x000055870ff9ea20 initializing JVMCI runtime 12
Event: 1.146 Thread 0x000055870ff9ea20 done waiting for JavaVM references initialization in JVMCI runtime 12
Event: 1.146 Thread 0x000055870ff9ea20 initialized JVMCI runtime 12
Event: 1.147 Thread 0x00007fcd04045210 compacted oop handles in JVMCI runtime 1 from 224 to 222
Event: 1.147 Thread 0x000055870ff9ea20 attached to JavaVM[15] for JVMCI runtime 12

Compilation events (20 events):
Event: 1.146 Thread 0x00007fccf4149a00 nmethod 5083 0x00007fcd82bd3890 code [0x00007fcd82bd3a20, 0x00007fcd82bd3b10]
Event: 1.146 Thread 0x000055870e9c2f40 nmethod 5080 0x00007fcd82bd3b90 code [0x00007fcd82bd3da0, 0x00007fcd82bd4ae0]
Event: 1.146 Thread 0x00007fccf8129b00 nmethod 5082 0x00007fcd82bd4e10 code [0x00007fcd82bd4fc0, 0x00007fcd82bd5110]
Event: 1.146 Thread 0x00007fccf8182a60 nmethod 5079 0x00007fcd82bd5210 code [0x00007fcd82bd5500, 0x00007fcd82bd6910]
Event: 1.146 Thread 0x000055870e9c19e0 5084       4       com.oracle.truffle.api.dsl.InlineSupport$ReferenceField::getVolatile (10 bytes)
Event: 1.147 Thread 0x00007fccf8183b80 nmethod 5068 0x00007fcd82bd7010 code [0x00007fcd82bd7e40, 0x00007fcd82be5230]
Event: 1.147 Thread 0x00007fccf8182a60 5085       3       com.oracle.graal.python.builtins.objects.type.TypeNodesFactory$GetMroStorageNodeGen::execute (166 bytes)
Event: 1.147 Thread 0x00007fcd0404b280 nmethod 5075 0x00007fcd89df8e10 code [0x00007fcd89df8fe0, 0x00007fcd89df9190]
Event: 1.147 Thread 0x00007fcd0404b280 5086       4       jdk.vm.ci.hotspot.HotSpotResolvedObjectTypeImpl$SortByOffset::compare (13 bytes)
Event: 1.147 Thread 0x00007fccf8183b80 5087       3       com.oracle.graal.python.nodes.call.special.AbstractCallMethodNode::<init> (5 bytes)
Event: 1.147 Thread 0x00007fccf4149a00 5088       3       com.oracle.graal.python.builtins.objects.type.TypeNodes$GetMroStorageNode::doPythonClass (13 bytes)
Event: 1.147 Thread 0x00007fcd04045210 nmethod 5067 0x00007fcd89df9390 code [0x00007fcd89df9520, 0x00007fcd89df97e8]
Event: 1.147 Thread 0x00007fccf8183b80 nmethod 5087 0x00007fcd82be7f90 code [0x00007fcd82be8140, 0x00007fcd82be82c0]
Event: 1.147 Thread 0x00007fccf807eb20 nmethod 5081 0x00007fcd82be8390 code [0x00007fcd82be8940, 0x00007fcd82bed810]
Event: 1.147 Thread 0x00007fcd04045210 5089       4       java.util.concurrent.locks.ReentrantLock$NonfairSync::initialTryLock (58 bytes)
Event: 1.147 Thread 0x00007fccf4149a00 nmethod 5088 0x00007fcd82bee610 code [0x00007fcd82bee7e0, 0x00007fcd82beec90]
Event: 1.147 Thread 0x00007fccf8183b80 5091   !   3       com.oracle.graal.python.nodes.bytecode.PBytecodeRootNode::bytecodeBinaryOpOOO (106 bytes)
Event: 1.147 Thread 0x00007fccf8182a60 nmethod 5085 0x00007fcd82beee10 code [0x00007fcd82bef0e0, 0x00007fcd82bf11e0]
Event: 1.147 Thread 0x00007fccf8182a60 5092       1       com.oracle.graal.python.nodes.object.IsForeignObjectNode::doPythonObject (2 bytes)
Event: 1.147 Thread 0x00007fccf8182a60 nmethod 5092 0x00007fcd89df9990 code [0x00007fcd89df9b20, 0x00007fcd89df9bd0]

GC Heap History (14 events):
Event: 0.376 GC heap before
{Heap before GC invocations=0 (full 0):
 garbage-first heap   total 2097152K, used 81740K [0x0000000082000000, 0x0000000800000000)
  region size 16384K, 5 young (81920K), 0 survivors (0K)
 Metaspace       used 21330K, committed 21504K, reserved 1114112K
  class space    used 2088K, committed 2176K, reserved 1048576K
}
Event: 0.379 GC heap after
{Heap after GC invocations=1 (full 0):
 garbage-first heap   total 2097152K, used 34302K [0x0000000082000000, 0x0000000800000000)
  region size 16384K, 1 young (16384K), 1 survivors (16384K)
 Metaspace       used 21330K, committed 21504K, reserved 1114112K
  class space    used 2088K, committed 2176K, reserved 1048576K
}
Event: 0.610 GC heap before
{Heap before GC invocations=2 (full 0):
 garbage-first heap   total 278528K, used 99838K [0x0000000082000000, 0x0000000800000000)
  region size 16384K, 6 young (98304K), 1 survivors (16384K)
 Metaspace       used 35870K, committed 36160K, reserved 1114112K
  class space    used 4370K, committed 4544K, reserved 1048576K
}
Event: 0.612 GC heap after
{Heap after GC invocations=3 (full 0):
 garbage-first heap   total 278528K, used 39509K [0x0000000082000000, 0x0000000800000000)
  region size 16384K, 1 young (16384K), 1 survivors (16384K)
 Metaspace       used 35870K, committed 36160K, reserved 1114112K
  class space    used 4370K, committed 4544K, reserved 1048576K
}
Event: 0.617 GC heap before
{Heap before GC invocations=3 (full 0):
 garbage-first heap   total 278528K, used 39509K [0x0000000082000000, 0x0000000800000000)
  region size 16384K, 2 young (32768K), 1 survivors (16384K)
 Metaspace       used 36186K, committed 36480K, reserved 1114112K
  class space    used 4430K, committed 4608K, reserved 1048576K
}
Event: 0.618 GC heap after
{Heap after GC invocations=4 (full 0):
 garbage-first heap   total 278528K, used 39289K [0x0000000082000000, 0x0000000800000000)
  region size 16384K, 1 young (16384K), 1 survivors (16384K)
 Metaspace       used 36186K, committed 36480K, reserved 1114112K
  class space    used 4430K, committed 4608K, reserved 1048576K
}
Event: 0.622 GC heap before
{Heap before GC invocations=4 (full 0):
 garbage-first heap   total 278528K, used 39289K [0x0000000082000000, 0x0000000800000000)
  region size 16384K, 2 young (32768K), 1 survivors (16384K)
 Metaspace       used 36505K, committed 36800K, reserved 1114112K
  class space    used 4493K, committed 4672K, reserved 1048576K
}
Event: 0.623 GC heap after
{Heap after GC invocations=5 (full 0):
 garbage-first heap   total 278528K, used 38938K [0x0000000082000000, 0x0000000800000000)
  region size 16384K, 1 young (16384K), 1 survivors (16384K)
 Metaspace       used 36505K, committed 36800K, reserved 1114112K
  class space    used 4493K, committed 4672K, reserved 1048576K
}
Event: 1.029 GC heap before
{Heap before GC invocations=6 (full 0):
 garbage-first heap   total 278528K, used 153626K [0x0000000082000000, 0x0000000800000000)
  region size 16384K, 8 young (131072K), 1 survivors (16384K)
 Metaspace       used 61665K, committed 61952K, reserved 1114112K
  class space    used 9029K, committed 9152K, reserved 1048576K
}
Event: 1.034 GC heap after
{Heap after GC invocations=7 (full 0):
 garbage-first heap   total 278528K, used 52018K [0x0000000082000000, 0x0000000800000000)
  region size 16384K, 1 young (16384K), 1 survivors (16384K)
 Metaspace       used 61665K, committed 61952K, reserved 1114112K
  class space    used 9029K, committed 9152K, reserved 1048576K
}
Event: 1.042 GC heap before
{Heap before GC invocations=7 (full 0):
 garbage-first heap   total 278528K, used 52018K [0x0000000082000000, 0x0000000800000000)
  region size 16384K, 2 young (32768K), 1 survivors (16384K)
 Metaspace       used 61925K, committed 62208K, reserved 1114112K
  class space    used 9063K, committed 9216K, reserved 1048576K
}
Event: 1.049 GC heap after
{Heap after GC invocations=8 (full 0):
 garbage-first heap   total 1179648K, used 53427K [0x0000000082000000, 0x0000000800000000)
  region size 16384K, 1 young (16384K), 1 survivors (16384K)
 Metaspace       used 61925K, committed 62208K, reserved 1114112K
  class space    used 9063K, committed 9216K, reserved 1048576K
}
Event: 1.060 GC heap before
{Heap before GC invocations=8 (full 0):
 garbage-first heap   total 1179648K, used 53427K [0x0000000082000000, 0x0000000800000000)
  region size 16384K, 2 young (32768K), 1 survivors (16384K)
 Metaspace       used 62282K, committed 62528K, reserved 1114112K
  class space    used 9110K, committed 9216K, reserved 1048576K
}
Event: 1.061 GC heap after
{Heap after GC invocations=9 (full 0):
 garbage-first heap   total 1179648K, used 51891K [0x0000000082000000, 0x0000000800000000)
  region size 16384K, 1 young (16384K), 1 survivors (16384K)
 Metaspace       used 62282K, committed 62528K, reserved 1114112K
  class space    used 9110K, committed 9216K, reserved 1048576K
}

Dll operation events (10 events):
Event: 0.001 Loaded shared library /home/a4090/miniconda3/envs/auto_pose/lib/jvm/lib/libjava.so
Event: 0.005 Loaded shared library /home/a4090/miniconda3/envs/auto_pose/lib/jvm/lib/libjsvml.so
Event: 0.020 Loaded shared library /home/a4090/miniconda3/envs/auto_pose/lib/jvm/lib/libjvmcicompiler.so
Event: 0.020 Loaded shared library /home/a4090/miniconda3/envs/auto_pose/lib/jvm/lib/libnio.so
Event: 0.022 Loaded shared library /home/a4090/miniconda3/envs/auto_pose/lib/jvm/lib/libzip.so
Event: 0.023 Loaded shared library /home/a4090/miniconda3/envs/auto_pose/lib/jvm/lib/libjimage.so
Event: 0.027 Loaded shared library /home/a4090/miniconda3/envs/auto_pose/lib/jvm/lib/libmanagement.so
Event: 0.028 Loaded shared library /home/a4090/miniconda3/envs/auto_pose/lib/jvm/lib/libmanagement_ext.so
Event: 0.030 Loaded shared library /home/a4090/miniconda3/envs/auto_pose/lib/jvm/lib/libnet.so
Event: 0.394 Loaded shared library /home/a4090/miniconda3/envs/auto_pose/lib/jvm/lib/libverify.so

Deoptimization events (20 events):
Event: 1.121 Thread 0x000055870e7c1960 Uncommon trap: trap_request=0xffffffcd fr.pc=0x00007fcd89d372fb relative=0x000000000000015b
Event: 1.121 Thread 0x000055870e7c1960 Uncommon trap: reason=intrinsic_or_type_checked_inlining action=reinterpret pc=0x00007fcd89d372fb method=com.oracle.truffle.api.strings.TruffleString$CodePointAtIndexNode.execute(Lcom/oracle/truffle/api/strings/AbstractTruffleString;ILcom/oracle/truffle/a
Event: 1.121 Thread 0x000055870e7c1960 DEOPT PACKING pc=0x00007fcd89d372fb sp=0x00007fff367c12c0
Event: 1.121 Thread 0x000055870e7c1960 DEOPT UNPACKING pc=0x00007fcd89158c25 sp=0x00007fff367c0748 mode 3
Event: 1.134 Thread 0x000055870e7c1960 Uncommon trap: trap_request=0xffffffcd fr.pc=0x00007fcd89dbce6e relative=0x000000000000028e
Event: 1.134 Thread 0x000055870e7c1960 Uncommon trap: reason=intrinsic_or_type_checked_inlining action=reinterpret pc=0x00007fcd89dbce6e method=com.oracle.truffle.object.TriePropertyMap.get(Ljava/lang/Object;)Lcom/oracle/truffle/api/object/Property; @ 18 jvmci
Event: 1.134 Thread 0x000055870e7c1960 DEOPT PACKING pc=0x00007fcd89dbce6e sp=0x00007fff367bff90
Event: 1.134 Thread 0x000055870e7c1960 DEOPT UNPACKING pc=0x00007fcd89158c25 sp=0x00007fff367bf0f0 mode 3
Event: 1.134 Thread 0x000055870e7c1960 Uncommon trap: trap_request=0xffffffcd fr.pc=0x00007fcd89dc1c21 relative=0x0000000000000541
Event: 1.134 Thread 0x000055870e7c1960 Uncommon trap: reason=intrinsic_or_type_checked_inlining action=reinterpret pc=0x00007fcd89dc1c21 method=com.oracle.truffle.object.TriePropertyMap.get(Ljava/lang/Object;)Lcom/oracle/truffle/api/object/Property; @ 18 jvmci
Event: 1.134 Thread 0x000055870e7c1960 DEOPT PACKING pc=0x00007fcd89dc1c21 sp=0x00007fff367bfed0
Event: 1.135 Thread 0x000055870e7c1960 DEOPT UNPACKING pc=0x00007fcd89158c25 sp=0x00007fff367bf0e0 mode 3
Event: 1.143 Thread 0x000055870e7c1960 Uncommon trap: trap_request=0xffffffed fr.pc=0x00007fcd89dc34c5 relative=0x00000000000000c5
Event: 1.143 Thread 0x000055870e7c1960 Uncommon trap: reason=null_assert_or_unreached0 action=reinterpret pc=0x00007fcd89dc34c5 method=com.oracle.truffle.api.strings.TStringOps.runCalcStringAttributesUTF8(Lcom/oracle/truffle/api/nodes/Node;[BJIZZ)J @ 8 jvmci
Event: 1.143 Thread 0x000055870e7c1960 DEOPT PACKING pc=0x00007fcd89dc34c5 sp=0x00007fff367c4d90
Event: 1.143 Thread 0x000055870e7c1960 DEOPT UNPACKING pc=0x00007fcd89158c25 sp=0x00007fff367c41d0 mode 3
Event: 1.143 Thread 0x000055870e7c1960 Uncommon trap: trap_request=0xffffffed fr.pc=0x00007fcd89d25e00 relative=0x0000000000000080
Event: 1.143 Thread 0x000055870e7c1960 Uncommon trap: reason=null_assert_or_unreached0 action=reinterpret pc=0x00007fcd89d25e00 method=com.oracle.truffle.api.strings.TStringOps.writeValue(Ljava/lang/Object;JIIZI)V @ 0 jvmci
Event: 1.143 Thread 0x000055870e7c1960 DEOPT PACKING pc=0x00007fcd89d25e00 sp=0x00007fff367c4c00
Event: 1.143 Thread 0x000055870e7c1960 DEOPT UNPACKING pc=0x00007fcd89158c25 sp=0x00007fff367c40a8 mode 3

Classes unloaded (0 events):
No events

Classes redefined (0 events):
No events

Internal exceptions (20 events):
Event: 0.843 Thread 0x000055870e7c1960 Exception <a 'java/lang/NoSuchMethodError'{0x000000008b04ef70}: 'java.lang.Object java.lang.invoke.DirectMethodHandle$Holder.invokeStaticInit(java.lang.Object, java.lang.Object, java.lang.Object, java.lang.Object, java.lang.Object)'> (0x000000008b04ef70) 
thrown [src/hotspot/share/interpreter/linkResolver.cpp, line 758]
Event: 0.911 Thread 0x000055870e7c1960 Exception <a 'java/lang/NoSuchMethodError'{0x000000008a7eb160}: 'java.lang.Object java.lang.invoke.DirectMethodHandle$Holder.newInvokeSpecial(java.lang.Object, java.lang.Object, int, int)'> (0x000000008a7eb160) 
thrown [src/hotspot/share/interpreter/linkResolver.cpp, line 758]
Event: 0.915 Thread 0x000055870e7c1960 Exception <a 'sun/nio/fs/UnixException'{0x000000008a86d140}> (0x000000008a86d140) 
thrown [src/hotspot/share/prims/jni.cpp, line 516]
Event: 0.916 Thread 0x000055870e7c1960 Exception <a 'sun/nio/fs/UnixException'{0x000000008a879b38}> (0x000000008a879b38) 
thrown [src/hotspot/share/prims/jni.cpp, line 516]
Event: 0.916 Thread 0x000055870e7c1960 Implicit null exception at 0x00007fcd89cad5fa to 0x00007fcd89cad74c
Event: 0.945 Thread 0x000055870e7c1960 Exception <a 'java/lang/NoSuchMethodError'{0x000000008aea3a70}: 'java.lang.Object java.lang.invoke.DirectMethodHandle$Holder.invokeStaticInit(java.lang.Object, int)'> (0x000000008aea3a70) 
thrown [src/hotspot/share/interpreter/linkResolver.cpp, line 758]
Event: 0.991 Thread 0x000055870e7c1960 Exception <a 'java/lang/NoSuchMethodError'{0x00000000898a6a30}: 'void java.lang.invoke.DirectMethodHandle$Holder.invokeStatic(java.lang.Object, java.lang.Object, int, java.lang.Object)'> (0x00000000898a6a30) 
thrown [src/hotspot/share/interpreter/linkResolver.cpp, line 758]
Event: 0.991 Thread 0x000055870e7c1960 Exception <a 'java/lang/NoSuchMethodError'{0x00000000898ae1f0}: 'java.lang.Object java.lang.invoke.DirectMethodHandle$Holder.newInvokeSpecial(java.lang.Object, java.lang.Object, int)'> (0x00000000898ae1f0) 
thrown [src/hotspot/share/interpreter/linkResolver.cpp, line 758]
Event: 0.996 Thread 0x000055870fe974f0 Exception <a 'java/lang/NoSuchMethodError'{0x000000008990c1b0}: 'void java.lang.invoke.DirectMethodHandle$Holder.invokeStatic(java.lang.Object, java.lang.Object, java.lang.Object, java.lang.Object)'> (0x000000008990c1b0) 
thrown [src/hotspot/share/interpreter/linkResolver.cpp, line 758]
Event: 0.997 Thread 0x000055870fe974f0 Exception <a 'java/lang/ClassNotFoundException'{0x0000000089937088}: jdk/jfr/internal/handlers/EventHandler2813_1740644712234-161934> (0x0000000089937088) 
thrown [src/hotspot/share/classfile/systemDictionary.cpp, line 256]
Event: 1.012 Thread 0x000055870e7c1960 Implicit null exception at 0x00007fcd89d6f5d3 to 0x00007fcd89d6f842
Event: 1.027 Thread 0x000055870e7c1960 Exception <a 'sun/nio/fs/UnixException'{0x0000000089edf470}> (0x0000000089edf470) 
thrown [src/hotspot/share/prims/jni.cpp, line 516]
Event: 1.027 Thread 0x000055870e7c1960 Exception <a 'sun/nio/fs/UnixException'{0x0000000089ee0190}> (0x0000000089ee0190) 
thrown [src/hotspot/share/prims/jni.cpp, line 516]
Event: 1.092 Thread 0x000055870ff0aec0 Exception <a 'java/lang/NoSuchMethodError'{0x0000000095237760}: 'java.lang.Object java.lang.invoke.DirectMethodHandle$Holder.invokeStatic(java.lang.Object, java.lang.Object, int)'> (0x0000000095237760) 
thrown [src/hotspot/share/interpreter/linkResolver.cpp, line 758]
Event: 1.116 Thread 0x000055870ff0aec0 Exception <a 'java/lang/NoSuchMethodError'{0x00000000952ce8e0}: 'java.lang.Object java.lang.invoke.DirectMethodHandle$Holder.newInvokeSpecial(java.lang.Object, java.lang.Object, java.lang.Object, java.lang.Object, java.lang.Object, int)'> (0x00000000952ce8e0) 
thrown [src/hotspot/share/interpreter/linkResolver.cpp, line 758]
Event: 1.116 Thread 0x000055870ff0aec0 Exception <a 'java/lang/NoSuchMethodError'{0x00000000952d2d48}: 'java.lang.Object java.lang.invoke.DirectMethodHandle$Holder.invokeSpecial(java.lang.Object, java.lang.Object, java.lang.Object, java.lang.Object, java.lang.Object, java.lang.Object, int)'> (0x00000000952d2d48) 
thrown [src/hotspot/share/interpreter/linkResolver.cpp, line 758]
Event: 1.128 Thread 0x000055870e7c1960 Exception <a 'java/lang/NoSuchMethodError'{0x0000000095e92d90}: 'int java.lang.invoke.DirectMethodHandle$Holder.invokeStaticInit(java.lang.Object, int, int, java.lang.Object, int)'> (0x0000000095e92d90) 
thrown [src/hotspot/share/interpreter/linkResolver.cpp, line 758]
Event: 1.128 Thread 0x000055870e7c1960 Exception <a 'java/lang/NoSuchMethodError'{0x0000000095e9edc8}: 'int java.lang.invoke.DirectMethodHandle$Holder.invokeStaticInit(java.lang.Object, int, java.lang.Object, int)'> (0x0000000095e9edc8) 
thrown [src/hotspot/share/interpreter/linkResolver.cpp, line 758]
Event: 1.144 Thread 0x000055870e7c1960 Exception <a 'sun/nio/fs/UnixException'{0x0000000094570448}> (0x0000000094570448) 
thrown [src/hotspot/share/prims/jni.cpp, line 516]
Event: 1.144 Thread 0x000055870e7c1960 Exception <a 'sun/nio/fs/UnixException'{0x00000000945710f8}> (0x00000000945710f8) 
thrown [src/hotspot/share/prims/jni.cpp, line 516]

VM Operations (20 events):
Event: 1.042 Executing VM operation: HandshakeAllThreads
Event: 1.042 Executing VM operation: HandshakeAllThreads done
Event: 1.042 Executing VM operation: CollectForMetadataAllocation
Event: 1.049 Executing VM operation: CollectForMetadataAllocation done
Event: 1.059 Executing VM operation: HandshakeAllThreads
Event: 1.059 Executing VM operation: HandshakeAllThreads done
Event: 1.060 Executing VM operation: CollectForMetadataAllocation
Event: 1.061 Executing VM operation: CollectForMetadataAllocation done
Event: 1.068 Executing VM operation: CollectForMetadataAllocation
Event: 1.069 Executing VM operation: CollectForMetadataAllocation done
Event: 1.071 Executing VM operation: G1Concurrent
Event: 1.072 Executing VM operation: G1Concurrent done
Event: 1.078 Executing VM operation: G1Concurrent
Event: 1.078 Executing VM operation: G1Concurrent done
Event: 1.086 Executing VM operation: HandshakeAllThreads
Event: 1.086 Executing VM operation: HandshakeAllThreads done
Event: 1.104 Executing VM operation: HandshakeAllThreads
Event: 1.104 Executing VM operation: HandshakeAllThreads done
Event: 1.144 Executing VM operation: ICBufferFull
Event: 1.144 Executing VM operation: ICBufferFull done

Events (20 events):
Event: 1.067 Thread 0x000055870feca9b0 Thread added: 0x000055870feca9b0
Event: 1.067 Protecting memory [0x00007fcc17cff000,0x00007fcc17d03000] with protection modes 0
Event: 1.081 Thread 0x000055870ff0aec0 Thread added: 0x000055870ff0aec0
Event: 1.081 Protecting memory [0x00007fcc15aff000,0x00007fcc15b03000] with protection modes 0
Event: 1.092 loading class jdk/internal/vm/annotation/Hidden
Event: 1.092 loading class jdk/internal/vm/annotation/Hidden done
Event: 1.093 loading class java/lang/invoke/LambdaForm$Compiled
Event: 1.093 loading class java/lang/invoke/LambdaForm$Compiled done
Event: 1.093 loading class jdk/internal/vm/annotation/ForceInline
Event: 1.093 loading class jdk/internal/vm/annotation/ForceInline done
Event: 1.093 loading class java/util/BitSet
Event: 1.093 loading class java/util/BitSet done
Event: 1.107 Thread 0x000055870ff1bc10 Thread added: 0x000055870ff1bc10
Event: 1.107 Protecting memory [0x00007fcc072ff000,0x00007fcc07303000] with protection modes 0
Event: 1.130 Thread 0x000055870ff8eae0 Thread added: 0x000055870ff8eae0
Event: 1.130 Protecting memory [0x00007fcbfd6ff000,0x00007fcbfd703000] with protection modes 0
Event: 1.133 Thread 0x000055870ff91cb0 Thread added: 0x000055870ff91cb0
Event: 1.133 Protecting memory [0x00007fcbf7aff000,0x00007fcbf7b03000] with protection modes 0
Event: 1.145 Thread 0x000055870ff9ea20 Thread added: 0x000055870ff9ea20
Event: 1.145 Protecting memory [0x00007fcbef8ff000,0x00007fcbef903000] with protection modes 0


Dynamic libraries:
82000000-c6000000 rw-p 00000000 00:00 0 
c6000000-fa000000 ---p 00000000 00:00 0 
fa000000-fb000000 rw-p 00000000 00:00 0 
fb000000-ff000000 ---p 00000000 00:00 0 
ff000000-100000000 rw-p 00000000 00:00 0 
100000000-7fe000000 ---p 00000000 00:00 0 
7fe000000-7fef00000 rw-p 00000000 00:00 0 
7fef00000-7fef46000 rw-p 00c8f000 103:02 51866601                        /home/a4090/miniconda3/envs/auto_pose/lib/jvm/lib/server/classes.jsa
7fef46000-7ff000000 rw-p 00000000 00:00 0 
7ff000000-7ff08d000 rw-p 00c02000 103:02 51866601                        /home/a4090/miniconda3/envs/auto_pose/lib/jvm/lib/server/classes.jsa
7ff08d000-800000000 rw-p 00000000 00:00 0 
800000000-80044a000 rw-p 00001000 103:02 51866601                        /home/a4090/miniconda3/envs/auto_pose/lib/jvm/lib/server/classes.jsa
80044a000-800bcb000 r--p 0044b000 103:02 51866601                        /home/a4090/miniconda3/envs/auto_pose/lib/jvm/lib/server/classes.jsa
800bcb000-801000000 ---p 00000000 00:00 0 
801000000-801040000 rw-p 00000000 00:00 0 
801040000-8010c0000 rw-p 00000000 00:00 0 
8010c0000-801100000 rw-p 00000000 00:00 0 
801100000-801180000 rw-p 00000000 00:00 0 
801180000-801240000 rw-p 00000000 00:00 0 
801240000-801260000 rw-p 00000000 00:00 0 
801260000-801280000 ---p 00000000 00:00 0 
801280000-801970000 rw-p 00000000 00:00 0 
801970000-841000000 ---p 00000000 00:00 0 
55870d857000-55870d85a000 r--p 00000000 103:02 51868967                  /home/a4090/miniconda3/envs/auto_pose/lib/jvm/languages/python/bin/python
55870d85a000-55870d85e000 r-xp 00003000 103:02 51868967                  /home/a4090/miniconda3/envs/auto_pose/lib/jvm/languages/python/bin/python
55870d85e000-55870d860000 r--p 00007000 103:02 51868967                  /home/a4090/miniconda3/envs/auto_pose/lib/jvm/languages/python/bin/python
55870d860000-55870d861000 r--p 00008000 103:02 51868967                  /home/a4090/miniconda3/envs/auto_pose/lib/jvm/languages/python/bin/python
55870d861000-55870d862000 rw-p 00009000 103:02 51868967                  /home/a4090/miniconda3/envs/auto_pose/lib/jvm/languages/python/bin/python
55870e764000-55870ffd2000 rw-p 00000000 00:00 0                          [heap]
7fcbde000000-7fcbde100000 rw-p 00000000 00:00 0 
7fcbde200000-7fcbde300000 rw-p 00000000 00:00 0 
7fcbde400000-7fcbde500000 rw-p 00000000 00:00 0 
7fcbde565000-7fcbdea00000 rw-p 00000000 00:00 0 
7fcbdeb00000-7fcbdec00000 rw-p 00000000 00:00 0 
7fcbdec3f000-7fcbdef00000 rw-p 00000000 00:00 0 
7fcbdf000000-7fcbdf100000 rw-p 00000000 00:00 0 
7fcbdf200000-7fcbdf300000 rw-p 00000000 00:00 0 
7fcbdf400000-7fcbdf500000 rw-p 00000000 00:00 0 
7fcbdf600000-7fcbdf700000 rw-p 00000000 00:00 0 
7fcbdf800000-7fcbdf900000 rw-p 00000000 00:00 0 
7fcbdfa00000-7fcbdfb00000 rw-p 00000000 00:00 0 
7fcbdfc00000-7fcbdfd00000 rw-p 00000000 00:00 0 
7fcbdfe00000-7fcbdff00000 rw-p 00000000 00:00 0 
7fcbe0000000-7fcbe0021000 rw-p 00000000 00:00 0 
7fcbe0021000-7fcbe4000000 ---p 00000000 00:00 0 
7fcbe4000000-7fcbe4100000 rw-p 00000000 00:00 0 
7fcbe4200000-7fcbe4300000 rw-p 00000000 00:00 0 
7fcbe4400000-7fcbe4500000 rw-p 00000000 00:00 0 
7fcbe4600000-7fcbe4700000 rw-p 00000000 00:00 0 
7fcbe4800000-7fcbe4900000 rw-p 00000000 00:00 0 
7fcbe4a00000-7fcbe4b00000 rw-p 00000000 00:00 0 
7fcbe4c00000-7fcbe4d00000 rw-p 00000000 00:00 0 
7fcbe4e00000-7fcbe4f00000 rw-p 00000000 00:00 0 
7fcbe5000000-7fcbe5100000 rw-p 00000000 00:00 0 
7fcbe5200000-7fcbe5300000 rw-p 00000000 00:00 0 
7fcbe5400000-7fcbe5500000 rw-p 00000000 00:00 0 
7fcbe5600000-7fcbe5700000 rw-p 00000000 00:00 0 
7fcbe5800000-7fcbe5900000 rw-p 00000000 00:00 0 
7fcbe5a00000-7fcbe5b00000 rw-p 00000000 00:00 0 
7fcbe5c00000-7fcbe5d00000 rw-p 00000000 00:00 0 
7fcbe5e00000-7fcbe5f00000 rw-p 00000000 00:00 0 
7fcbe6000000-7fcbe6100000 rw-p 00000000 00:00 0 
7fcbe6200000-7fcbe6300000 rw-p 00000000 00:00 0 
7fcbe6400000-7fcbe6500000 rw-p 00000000 00:00 0 
7fcbe6600000-7fcbe6700000 rw-p 00000000 00:00 0 
7fcbe6800000-7fcbe6900000 rw-p 00000000 00:00 0 
7fcbe6a00000-7fcbe6b00000 rw-p 00000000 00:00 0 
7fcbe6c00000-7fcbe6d00000 rw-p 00000000 00:00 0 
7fcbe6e00000-7fcbe6f00000 rw-p 00000000 00:00 0 
7fcbe7000000-7fcbe7100000 rw-p 00000000 00:00 0 
7fcbe7200000-7fcbe7300000 rw-p 00000000 00:00 0 
7fcbe7400000-7fcbe7500000 rw-p 00000000 00:00 0 
7fcbe7600000-7fcbe7700000 rw-p 00000000 00:00 0 
7fcbe7800000-7fcbe7900000 rw-p 00000000 00:00 0 
7fcbe7a00000-7fcbe7b00000 rw-p 00000000 00:00 0 
7fcbe7c00000-7fcbe7d00000 rw-p 00000000 00:00 0 
7fcbe7e00000-7fcbe7f00000 rw-p 00000000 00:00 0 
7fcbe8000000-7fcbe8021000 rw-p 00000000 00:00 0 
7fcbe8021000-7fcbec000000 ---p 00000000 00:00 0 
7fcbec000000-7fcbec100000 rw-p 00000000 00:00 0 
7fcbec200000-7fcbec300000 rw-p 00000000 00:00 0 
7fcbec400000-7fcbec500000 rw-p 00000000 00:00 0 
7fcbec600000-7fcbec700000 ---p 00000000 00:00 0 
7fcbec700000-7fcbecd5f000 r--p 01362000 103:02 51870081                  /home/a4090/miniconda3/envs/auto_pose/lib/jvm/lib/libjvmcicompiler.so
7fcbecd5f000-7fcbecf00000 r--p 00000000 00:00 0 
7fcbecf00000-7fcbecf0e000 rw-p 00000000 00:00 0 
7fcbecf0e000-7fcbed463000 rw-p 01b70000 103:02 51870081                  /home/a4090/miniconda3/envs/auto_pose/lib/jvm/lib/libjvmcicompiler.so
7fcbed463000-7fcbed8dd000 r--p 020c5000 103:02 51870081                  /home/a4090/miniconda3/envs/auto_pose/lib/jvm/lib/libjvmcicompiler.so
7fcbed8ff000-7fcbed903000 ---p 00000000 00:00 0 
7fcbed903000-7fcbedb00000 rw-p 00000000 00:00 0 
7fcbedc00000-7fcbedd00000 rw-p 00000000 00:00 0 
7fcbede00000-7fcbedf00000 rw-p 00000000 00:00 0 
7fcbee000000-7fcbee100000 rw-p 00000000 00:00 0 
7fcbee200000-7fcbee300000 rw-p 00000000 00:00 0 
7fcbee400000-7fcbee500000 rw-p 00000000 00:00 0 
7fcbee600000-7fcbee700000 ---p 00000000 00:00 0 
7fcbee700000-7fcbeed5f000 r--p 01362000 103:02 51870081                  /home/a4090/miniconda3/envs/auto_pose/lib/jvm/lib/libjvmcicompiler.so
7fcbeed5f000-7fcbeef00000 r--p 00000000 00:00 0 
7fcbeef00000-7fcbeef0e000 rw-p 00000000 00:00 0 
7fcbeef0e000-7fcbef463000 rw-p 01b70000 103:02 51870081                  /home/a4090/miniconda3/envs/auto_pose/lib/jvm/lib/libjvmcicompiler.so
7fcbef463000-7fcbef8dd000 r--p 020c5000 103:02 51870081                  /home/a4090/miniconda3/envs/auto_pose/lib/jvm/lib/libjvmcicompiler.so
7fcbef8ff000-7fcbef903000 ---p 00000000 00:00 0 
7fcbef903000-7fcbefb00000 rw-p 00000000 00:00 0 
7fcbefc00000-7fcbefd00000 rw-p 00000000 00:00 0 
7fcbefe00000-7fcbeff00000 rw-p 00000000 00:00 0 
7fcbf0000000-7fcbf0021000 rw-p 00000000 00:00 0 
7fcbf0021000-7fcbf4000000 ---p 00000000 00:00 0 
7fcbf4000000-7fcbf4100000 rw-p 00000000 00:00 0 
7fcbf4200000-7fcbf4300000 rw-p 00000000 00:00 0 
7fcbf4400000-7fcbf4500000 rw-p 00000000 00:00 0 
7fcbf4600000-7fcbf4700000 rw-p 00000000 00:00 0 
7fcbf4800000-7fcbf4900000 rw-p 00000000 00:00 0 
7fcbf4a00000-7fcbf4b00000 rw-p 00000000 00:00 0 
7fcbf4c00000-7fcbf4d00000 rw-p 00000000 00:00 0 
7fcbf4e00000-7fcbf4f00000 rw-p 00000000 00:00 0 
7fcbf5000000-7fcbf5100000 rw-p 00000000 00:00 0 
7fcbf5200000-7fcbf5300000 rw-p 00000000 00:00 0 
7fcbf5400000-7fcbf5500000 rw-p 00000000 00:00 0 
7fcbf5600000-7fcbf5700000 rw-p 00000000 00:00 0 
7fcbf5800000-7fcbf5900000 rw-p 00000000 00:00 0 
7fcbf5a00000-7fcbf5b00000 rw-p 00000000 00:00 0 
7fcbf5c00000-7fcbf5d00000 rw-p 00000000 00:00 0 
7fcbf5e00000-7fcbf5f00000 rw-p 00000000 00:00 0 
7fcbf6000000-7fcbf6100000 rw-p 00000000 00:00 0 
7fcbf6200000-7fcbf6300000 rw-p 00000000 00:00 0 
7fcbf6400000-7fcbf6500000 rw-p 00000000 00:00 0 
7fcbf6600000-7fcbf6700000 rw-p 00000000 00:00 0 
7fcbf6800000-7fcbf6900000 ---p 00000000 00:00 0 
7fcbf6900000-7fcbf6f5f000 r--p 01362000 103:02 51870081                  /home/a4090/miniconda3/envs/auto_pose/lib/jvm/lib/libjvmcicompiler.so
7fcbf6f5f000-7fcbf7100000 r--p 00000000 00:00 0 
7fcbf7100000-7fcbf710e000 rw-p 00000000 00:00 0 
7fcbf710e000-7fcbf7663000 rw-p 01b70000 103:02 51870081                  /home/a4090/miniconda3/envs/auto_pose/lib/jvm/lib/libjvmcicompiler.so
7fcbf7663000-7fcbf7add000 r--p 020c5000 103:02 51870081                  /home/a4090/miniconda3/envs/auto_pose/lib/jvm/lib/libjvmcicompiler.so
7fcbf7aff000-7fcbf7b03000 ---p 00000000 00:00 0 
7fcbf7b03000-7fcbf7d00000 rw-p 00000000 00:00 0 
7fcbf7e00000-7fcbf7f00000 rw-p 00000000 00:00 0 
7fcbf8000000-7fcbf8021000 rw-p 00000000 00:00 0 
7fcbf8021000-7fcbfc000000 ---p 00000000 00:00 0 
7fcbfc000000-7fcbfc100000 rw-p 00000000 00:00 0 
7fcbfc200000-7fcbfc300000 rw-p 00000000 00:00 0 
7fcbfc400000-7fcbfc500000 ---p 00000000 00:00 0 
7fcbfc500000-7fcbfcb5f000 r--p 01362000 103:02 51870081                  /home/a4090/miniconda3/envs/auto_pose/lib/jvm/lib/libjvmcicompiler.so
7fcbfcb5f000-7fcbfcd00000 r--p 00000000 00:00 0 
7fcbfcd00000-7fcbfcd0e000 rw-p 00000000 00:00 0 
7fcbfcd0e000-7fcbfd263000 rw-p 01b70000 103:02 51870081                  /home/a4090/miniconda3/envs/auto_pose/lib/jvm/lib/libjvmcicompiler.so
7fcbfd263000-7fcbfd6dd000 r--p 020c5000 103:02 51870081                  /home/a4090/miniconda3/envs/auto_pose/lib/jvm/lib/libjvmcicompiler.so
7fcbfd6ff000-7fcbfd703000 ---p 00000000 00:00 0 
7fcbfd703000-7fcbfd900000 rw-p 00000000 00:00 0 
7fcbfda00000-7fcbfdb00000 rw-p 00000000 00:00 0 
7fcbfdc00000-7fcbfdd00000 rw-p 00000000 00:00 0 
7fcbfde00000-7fcbfdf00000 rw-p 00000000 00:00 0 
7fcbfe000000-7fcbfe100000 rw-p 00000000 00:00 0 
7fcbfe200000-7fcbfe300000 rw-p 00000000 00:00 0 
7fcbfe400000-7fcbfe500000 rw-p 00000000 00:00 0 
7fcbfe600000-7fcbfe700000 rw-p 00000000 00:00 0 
7fcbfe800000-7fcbfe900000 rw-p 00000000 00:00 0 
7fcbfea00000-7fcbfeb00000 rw-p 00000000 00:00 0 
7fcbfec00000-7fcbfed00000 rw-p 00000000 00:00 0 
7fcbfee00000-7fcbfef00000 rw-p 00000000 00:00 0 
7fcbff000000-7fcbff100000 rw-p 00000000 00:00 0 
7fcbff200000-7fcbff300000 rw-p 00000000 00:00 0 
7fcbff400000-7fcbff500000 rw-p 00000000 00:00 0 
7fcbff600000-7fcbff700000 rw-p 00000000 00:00 0 
7fcbff800000-7fcbff900000 rw-p 00000000 00:00 0 
7fcbffa00000-7fcbffb00000 rw-p 00000000 00:00 0 
7fcbffc00000-7fcbffd00000 rw-p 00000000 00:00 0 
7fcbffe00000-7fcbfff00000 rw-p 00000000 00:00 0 
7fcc00000000-7fcc00021000 rw-p 00000000 00:00 0 
7fcc00021000-7fcc04000000 ---p 00000000 00:00 0 
7fcc04000000-7fcc04100000 rw-p 00000000 00:00 0 
7fcc04200000-7fcc04300000 rw-p 00000000 00:00 0 
7fcc04400000-7fcc04500000 rw-p 00000000 00:00 0 
7fcc04600000-7fcc04700000 rw-p 00000000 00:00 0 
7fcc04800000-7fcc04900000 rw-p 00000000 00:00 0 
7fcc04a00000-7fcc04b00000 rw-p 00000000 00:00 0 
7fcc04c00000-7fcc04d00000 rw-p 00000000 00:00 0 
7fcc04e00000-7fcc04f00000 rw-p 00000000 00:00 0 
7fcc05000000-7fcc05100000 rw-p 00000000 00:00 0 
7fcc05200000-7fcc05300000 rw-p 00000000 00:00 0 
7fcc05400000-7fcc05500000 rw-p 00000000 00:00 0 
7fcc05600000-7fcc05700000 rw-p 00000000 00:00 0 
7fcc05800000-7fcc05900000 rw-p 00000000 00:00 0 
7fcc05a00000-7fcc05b00000 rw-p 00000000 00:00 0 
7fcc05c00000-7fcc05d00000 rw-p 00000000 00:00 0 
7fcc05e00000-7fcc05f00000 rw-p 00000000 00:00 0 
7fcc06000000-7fcc06100000 ---p 00000000 00:00 0 
7fcc06100000-7fcc0675f000 r--p 01362000 103:02 51870081                  /home/a4090/miniconda3/envs/auto_pose/lib/jvm/lib/libjvmcicompiler.so
7fcc0675f000-7fcc06900000 r--p 00000000 00:00 0 
7fcc06900000-7fcc0690e000 rw-p 00000000 00:00 0 
7fcc0690e000-7fcc06e63000 rw-p 01b70000 103:02 51870081                  /home/a4090/miniconda3/envs/auto_pose/lib/jvm/lib/libjvmcicompiler.so
7fcc06e63000-7fcc072dd000 r--p 020c5000 103:02 51870081                  /home/a4090/miniconda3/envs/auto_pose/lib/jvm/lib/libjvmcicompiler.so
7fcc072ff000-7fcc07303000 ---p 00000000 00:00 0 
7fcc07303000-7fcc07500000 rw-p 00000000 00:00 0 
7fcc07600000-7fcc07700000 rw-p 00000000 00:00 0 
7fcc07800000-7fcc07900000 rw-p 00000000 00:00 0 
7fcc07a00000-7fcc07b00000 rw-p 00000000 00:00 0 
7fcc07c00000-7fcc07d00000 rw-p 00000000 00:00 0 
7fcc07e00000-7fcc07f00000 rw-p 00000000 00:00 0 
7fcc08000000-7fcc08024000 rw-p 00000000 00:00 0 
7fcc08024000-7fcc0c000000 ---p 00000000 00:00 0 
7fcc0c000000-7fcc0c100000 rw-p 00000000 00:00 0 
7fcc0c200000-7fcc0c300000 rw-p 00000000 00:00 0 
7fcc0c400000-7fcc0c500000 rw-p 00000000 00:00 0 
7fcc0c600000-7fcc0c700000 rw-p 00000000 00:00 0 
7fcc0c800000-7fcc0c900000 rw-p 00000000 00:00 0 
7fcc0ca00000-7fcc0cb00000 rw-p 00000000 00:00 0 
7fcc0cc00000-7fcc0cd00000 rw-p 00000000 00:00 0 
7fcc0ce00000-7fcc0cf00000 rw-p 00000000 00:00 0 
7fcc0d000000-7fcc0d100000 rw-p 00000000 00:00 0 
7fcc0d200000-7fcc0d300000 rw-p 00000000 00:00 0 
7fcc0d400000-7fcc0d500000 rw-p 00000000 00:00 0 
7fcc0d600000-7fcc0d700000 rw-p 00000000 00:00 0 
7fcc0d800000-7fcc0d900000 rw-p 00000000 00:00 0 
7fcc0da00000-7fcc0db00000 rw-p 00000000 00:00 0 
7fcc0dc00000-7fcc0dd00000 rw-p 00000000 00:00 0 
7fcc0de00000-7fcc0df00000 rw-p 00000000 00:00 0 
7fcc0e000000-7fcc0e100000 rw-p 00000000 00:00 0 
7fcc0e200000-7fcc0e300000 rw-p 00000000 00:00 0 
7fcc0e400000-7fcc0e500000 rw-p 00000000 00:00 0 
7fcc0e600000-7fcc0e700000 rw-p 00000000 00:00 0 
7fcc0e800000-7fcc0e900000 rw-p 00000000 00:00 0 
7fcc0ea00000-7fcc0eb00000 rw-p 00000000 00:00 0 
7fcc0ec00000-7fcc0ed00000 rw-p 00000000 00:00 0 
7fcc0ee00000-7fcc0ef00000 rw-p 00000000 00:00 0 
7fcc0f000000-7fcc0f100000 rw-p 00000000 00:00 0 
7fcc0f200000-7fcc0f300000 rw-p 00000000 00:00 0 
7fcc0f400000-7fcc0f500000 rw-p 00000000 00:00 0 
7fcc0f600000-7fcc0f700000 rw-p 00000000 00:00 0 
7fcc0f800000-7fcc0f900000 rw-p 00000000 00:00 0 
7fcc0fa00000-7fcc0fb00000 rw-p 00000000 00:00 0 
7fcc0fc00000-7fcc0fd00000 rw-p 00000000 00:00 0 
7fcc0fe00000-7fcc0ff00000 rw-p 00000000 00:00 0 
7fcc10000000-7fcc10021000 rw-p 00000000 00:00 0 
7fcc10021000-7fcc14000000 ---p 00000000 00:00 0 
7fcc14000000-7fcc14100000 rw-p 00000000 00:00 0 
7fcc14200000-7fcc14300000 rw-p 00000000 00:00 0 
7fcc14400000-7fcc14500000 rw-p 00000000 00:00 0 
7fcc14600000-7fcc14700000 rw-p 00000000 00:00 0 
7fcc14800000-7fcc14900000 ---p 00000000 00:00 0 
7fcc14900000-7fcc14f5f000 r--p 01362000 103:02 51870081                  /home/a4090/miniconda3/envs/auto_pose/lib/jvm/lib/libjvmcicompiler.so
7fcc14f5f000-7fcc15100000 r--p 00000000 00:00 0 
7fcc15100000-7fcc1510e000 rw-p 00000000 00:00 0 
7fcc1510e000-7fcc15663000 rw-p 01b70000 103:02 51870081                  /home/a4090/miniconda3/envs/auto_pose/lib/jvm/lib/libjvmcicompiler.so
7fcc15663000-7fcc15add000 r--p 020c5000 103:02 51870081                  /home/a4090/miniconda3/envs/auto_pose/lib/jvm/lib/libjvmcicompiler.so
7fcc15aff000-7fcc15b03000 ---p 00000000 00:00 0 
7fcc15b03000-7fcc15d00000 rw-p 00000000 00:00 0 
7fcc15e00000-7fcc15f00000 rw-p 00000000 00:00 0 
7fcc16000000-7fcc16100000 rw-p 00000000 00:00 0 
7fcc16200000-7fcc16300000 rw-p 00000000 00:00 0 
7fcc16400000-7fcc16500000 rw-p 00000000 00:00 0 
7fcc16600000-7fcc16700000 rw-p 00000000 00:00 0 
7fcc16800000-7fcc16900000 rw-p 00000000 00:00 0 
7fcc16a00000-7fcc16b00000 ---p 00000000 00:00 0 
7fcc16b00000-7fcc1715f000 r--p 01362000 103:02 51870081                  /home/a4090/miniconda3/envs/auto_pose/lib/jvm/lib/libjvmcicompiler.so
7fcc1715f000-7fcc17300000 r--p 00000000 00:00 0 
7fcc17300000-7fcc1730e000 rw-p 00000000 00:00 0 
7fcc1730e000-7fcc17863000 rw-p 01b70000 103:02 51870081                  /home/a4090/miniconda3/envs/auto_pose/lib/jvm/lib/libjvmcicompiler.so
7fcc17863000-7fcc17cdd000 r--p 020c5000 103:02 51870081                  /home/a4090/miniconda3/envs/auto_pose/lib/jvm/lib/libjvmcicompiler.so
7fcc17cff000-7fcc17d03000 ---p 00000000 00:00 0 
7fcc17d03000-7fcc17f00000 rw-p 00000000 00:00 0 
7fcc18000000-7fcc18021000 rw-p 00000000 00:00 0 
7fcc18021000-7fcc1c000000 ---p 00000000 00:00 0 
7fcc1c000000-7fcc1c021000 rw-p 00000000 00:00 0 
7fcc1c021000-7fcc20000000 ---p 00000000 00:00 0 
7fcc20000000-7fcc20021000 rw-p 00000000 00:00 0 
7fcc20021000-7fcc24000000 ---p 00000000 00:00 0 
7fcc24000000-7fcc24021000 rw-p 00000000 00:00 0 
7fcc24021000-7fcc28000000 ---p 00000000 00:00 0 
7fcc28000000-7fcc28021000 rw-p 00000000 00:00 0 
7fcc28021000-7fcc2c000000 ---p 00000000 00:00 0 
7fcc2c000000-7fcc2c031000 rw-p 00000000 00:00 0 
7fcc2c031000-7fcc30000000 ---p 00000000 00:00 0 
7fcc30100000-7fcc30200000 rw-p 00000000 00:00 0 
7fcc30300000-7fcc30400000 rw-p 00000000 00:00 0 
7fcc30500000-7fcc30600000 rw-p 00000000 00:00 0 
7fcc30700000-7fcc30800000 rw-p 00000000 00:00 0 
7fcc30900000-7fcc30a00000 rw-p 00000000 00:00 0 
7fcc30b00000-7fcc30c00000 rw-p 00000000 00:00 0 
7fcc30d00000-7fcc30e00000 rw-p 00000000 00:00 0 
7fcc30f00000-7fcc31000000 rw-p 00000000 00:00 0 
7fcc31100000-7fcc31200000 rw-p 00000000 00:00 0 
7fcc31300000-7fcc31400000 rw-p 00000000 00:00 0 
7fcc31500000-7fcc31600000 rw-p 00000000 00:00 0 
7fcc31700000-7fcc31800000 rw-p 00000000 00:00 0 
7fcc31900000-7fcc31a00000 rw-p 00000000 00:00 0 
7fcc31b00000-7fcc31c00000 rw-p 00000000 00:00 0 
7fcc31d00000-7fcc31e00000 rw-p 00000000 00:00 0 
7fcc31f00000-7fcc32000000 rw-p 00000000 00:00 0 
7fcc320f6000-7fcc320f7000 ---p 00000000 00:00 0 
7fcc320f7000-7fcc321f8000 rw-p 00000000 00:00 0 
7fcc321f8000-7fcc321f9000 ---p 00000000 00:00 0 
7fcc321f9000-7fcc322fa000 rw-p 00000000 00:00 0 
7fcc322fa000-7fcc322fb000 ---p 00000000 00:00 0 
7fcc322fb000-7fcc323fc000 rw-p 00000000 00:00 0 
7fcc323fc000-7fcc323fd000 ---p 00000000 00:00 0 
7fcc323fd000-7fcc324fe000 rw-p 00000000 00:00 0 
7fcc324fe000-7fcc324ff000 ---p 00000000 00:00 0 
7fcc324ff000-7fcc32700000 rw-p 00000000 00:00 0 
7fcc32800000-7fcc32900000 rw-p 00000000 00:00 0 
7fcc32a00000-7fcc32b00000 rw-p 00000000 00:00 0 
7fcc32c00000-7fcc32d00000 rw-p 00000000 00:00 0 
7fcc32e00000-7fcc32f00000 rw-p 00000000 00:00 0 
7fcc33000000-7fcc33100000 rw-p 00000000 00:00 0 
7fcc33200000-7fcc33300000 rw-p 00000000 00:00 0 
7fcc33400000-7fcc33500000 rw-p 00000000 00:00 0 
7fcc33600000-7fcc33700000 rw-p 00000000 00:00 0 
7fcc33800000-7fcc33900000 rw-p 00000000 00:00 0 
7fcc33a00000-7fcc33b00000 rw-p 00000000 00:00 0 
7fcc33c00000-7fcc33d00000 rw-p 00000000 00:00 0 
7fcc33e00000-7fcc33f00000 rw-p 00000000 00:00 0 
7fcc34000000-7fcc34092000 rw-p 00000000 00:00 0 
7fcc34092000-7fcc38000000 ---p 00000000 00:00 0 
7fcc38000000-7fcc38100000 rw-p 00000000 00:00 0 
7fcc38200000-7fcc38300000 rw-p 00000000 00:00 0 
7fcc38400000-7fcc38500000 ---p 00000000 00:00 0 
7fcc38500000-7fcc38b5f000 r--p 01362000 103:02 51870081                  /home/a4090/miniconda3/envs/auto_pose/lib/jvm/lib/libjvmcicompiler.so
7fcc38b5f000-7fcc38d00000 r--p 00000000 00:00 0 
7fcc38d00000-7fcc38d0e000 rw-p 00000000 00:00 0 
7fcc38d0e000-7fcc39263000 rw-p 01b70000 103:02 51870081                  /home/a4090/miniconda3/envs/auto_pose/lib/jvm/lib/libjvmcicompiler.so
7fcc39263000-7fcc396dd000 r--p 020c5000 103:02 51870081                  /home/a4090/miniconda3/envs/auto_pose/lib/jvm/lib/libjvmcicompiler.so
7fcc39700000-7fcc39800000 rw-p 00000000 00:00 0 
7fcc39900000-7fcc39a00000 rw-p 00000000 00:00 0 
7fcc39b00000-7fcc39c00000 rw-p 00000000 00:00 0 
7fcc39d00000-7fcc39e00000 rw-p 00000000 00:00 0 
7fcc39f00000-7fcc3a000000 rw-p 00000000 00:00 0 
7fcc3a100000-7fcc3a200000 rw-p 00000000 00:00 0 
7fcc3a300000-7fcc3a400000 rw-p 00000000 00:00 0 
7fcc3a500000-7fcc3a600000 rw-p 00000000 00:00 0 
7fcc3a700000-7fcc3a800000 rw-p 00000000 00:00 0 
7fcc3a900000-7fcc3aa00000 ---p 00000000 00:00 0 
7fcc3aa00000-7fcc3b05f000 r--p 01362000 103:02 51870081                  /home/a4090/miniconda3/envs/auto_pose/lib/jvm/lib/libjvmcicompiler.so
7fcc3b05f000-7fcc3b200000 r--p 00000000 00:00 0 
7fcc3b200000-7fcc3b20e000 rw-p 00000000 00:00 0 
7fcc3b20e000-7fcc3b763000 rw-p 01b70000 103:02 51870081                  /home/a4090/miniconda3/envs/auto_pose/lib/jvm/lib/libjvmcicompiler.so
7fcc3b763000-7fcc3bbdd000 r--p 020c5000 103:02 51870081                  /home/a4090/miniconda3/envs/auto_pose/lib/jvm/lib/libjvmcicompiler.so
7fcc3bc00000-7fcc3bd00000 rw-p 00000000 00:00 0 
7fcc3be00000-7fcc3bf00000 rw-p 00000000 00:00 0 
7fcc3c000000-7fcc3c021000 rw-p 00000000 00:00 0 
7fcc3c021000-7fcc40000000 ---p 00000000 00:00 0 
7fcc40000000-7fcc40021000 rw-p 00000000 00:00 0 
7fcc40021000-7fcc44000000 ---p 00000000 00:00 0 
7fcc44000000-7fcc44021000 rw-p 00000000 00:00 0 
7fcc44021000-7fcc48000000 ---p 00000000 00:00 0 
7fcc48000000-7fcc48021000 rw-p 00000000 00:00 0 
7fcc48021000-7fcc4c000000 ---p 00000000 00:00 0 
7fcc4c000000-7fcc4c021000 rw-p 00000000 00:00 0 
7fcc4c021000-7fcc50000000 ---p 00000000 00:00 0 
7fcc50000000-7fcc50021000 rw-p 00000000 00:00 0 
7fcc50021000-7fcc54000000 ---p 00000000 00:00 0 
7fcc54000000-7fcc54021000 rw-p 00000000 00:00 0 
7fcc54021000-7fcc58000000 ---p 00000000 00:00 0 
7fcc58000000-7fcc58021000 rw-p 00000000 00:00 0 
7fcc58021000-7fcc5c000000 ---p 00000000 00:00 0 
7fcc5c000000-7fcc5c053000 rw-p 00000000 00:00 0 
7fcc5c053000-7fcc60000000 ---p 00000000 00:00 0 
7fcc60000000-7fcc60021000 rw-p 00000000 00:00 0 
7fcc60021000-7fcc64000000 ---p 00000000 00:00 0 
7fcc64000000-7fcc64021000 rw-p 00000000 00:00 0 
7fcc64021000-7fcc68000000 ---p 00000000 00:00 0 
7fcc68000000-7fcc68021000 rw-p 00000000 00:00 0 
7fcc68021000-7fcc6c000000 ---p 00000000 00:00 0 
7fcc6c000000-7fcc6c021000 rw-p 00000000 00:00 0 
7fcc6c021000-7fcc70000000 ---p 00000000 00:00 0 
7fcc70000000-7fcc70021000 rw-p 00000000 00:00 0 
7fcc70021000-7fcc74000000 ---p 00000000 00:00 0 
7fcc74000000-7fcc74021000 rw-p 00000000 00:00 0 
7fcc74021000-7fcc78000000 ---p 00000000 00:00 0 
7fcc78000000-7fcc78021000 rw-p 00000000 00:00 0 
7fcc78021000-7fcc7c000000 ---p 00000000 00:00 0 
7fcc7c000000-7fcc7c021000 rw-p 00000000 00:00 0 
7fcc7c021000-7fcc80000000 ---p 00000000 00:00 0 
7fcc80000000-7fcc80021000 rw-p 00000000 00:00 0 
7fcc80021000-7fcc84000000 ---p 00000000 00:00 0 
7fcc84000000-7fcc84021000 rw-p 00000000 00:00 0 
7fcc84021000-7fcc88000000 ---p 00000000 00:00 0 
7fcc88000000-7fcc88021000 rw-p 00000000 00:00 0 
7fcc88021000-7fcc8c000000 ---p 00000000 00:00 0 
7fcc8c000000-7fcc8c021000 rw-p 00000000 00:00 0 
7fcc8c021000-7fcc90000000 ---p 00000000 00:00 0 
7fcc90000000-7fcc90021000 rw-p 00000000 00:00 0 
7fcc90021000-7fcc94000000 ---p 00000000 00:00 0 
7fcc94000000-7fcc94021000 rw-p 00000000 00:00 0 
7fcc94021000-7fcc98000000 ---p 00000000 00:00 0 
7fcc98000000-7fcc98021000 rw-p 00000000 00:00 0 
7fcc98021000-7fcc9c000000 ---p 00000000 00:00 0 
7fcc9c000000-7fcc9c021000 rw-p 00000000 00:00 0 
7fcc9c021000-7fcca0000000 ---p 00000000 00:00 0 
7fcca0000000-7fcca0021000 rw-p 00000000 00:00 0 
7fcca0021000-7fcca4000000 ---p 00000000 00:00 0 
7fcca4000000-7fcca4021000 rw-p 00000000 00:00 0 
7fcca4021000-7fcca8000000 ---p 00000000 00:00 0 
7fcca8100000-7fcca8200000 rw-p 00000000 00:00 0 
7fcca8300000-7fcca8400000 rw-p 00000000 00:00 0 
7fcca8500000-7fcca8600000 rw-p 00000000 00:00 0 
7fcca8700000-7fcca8800000 rw-p 00000000 00:00 0 
7fcca8900000-7fcca8a00000 rw-p 00000000 00:00 0 
7fcca8b00000-7fcca8c00000 rw-p 00000000 00:00 0 
7fcca8d00000-7fcca8e00000 rw-p 00000000 00:00 0 
7fcca8f00000-7fcca9000000 rw-p 00000000 00:00 0 
7fcca90fe000-7fcca9102000 ---p 00000000 00:00 0 
7fcca9102000-7fcca91ff000 rw-p 00000000 00:00 0 
7fcca91ff000-7fcca9203000 ---p 00000000 00:00 0 
7fcca9203000-7fcca9400000 rw-p 00000000 00:00 0 
7fcca9500000-7fcca9600000 rw-p 00000000 00:00 0 
7fcca9700000-7fcca9800000 rw-p 00000000 00:00 0 
7fcca9900000-7fcca9a00000 rw-p 00000000 00:00 0 
7fcca9b00000-7fcca9c00000 rw-p 00000000 00:00 0 
7fcca9d00000-7fcca9e00000 rw-p 00000000 00:00 0 
7fcca9f00000-7fccaa000000 rw-p 00000000 00:00 0 
7fccaa100000-7fccaa200000 rw-p 00000000 00:00 0 
7fccaa300000-7fccaa400000 rw-p 00000000 00:00 0 
7fccaa4ca000-7fccaa4cb000 ---p 00000000 00:00 0 
7fccaa4cb000-7fccaa5cc000 rw-p 00000000 00:00 0 
7fccaa5cc000-7fccaa5cd000 ---p 00000000 00:00 0 
7fccaa5cd000-7fccaa6ce000 rw-p 00000000 00:00 0 
7fccaa6ce000-7fccaa6cf000 ---p 00000000 00:00 0 
7fccaa6cf000-7fccaa7d0000 rw-p 00000000 00:00 0 
7fccaa7d0000-7fccaa7d1000 ---p 00000000 00:00 0 
7fccaa7d1000-7fccaa8d2000 rw-p 00000000 00:00 0 
7fccaa8d2000-7fccaa8d3000 ---p 00000000 00:00 0 
7fccaa8d3000-7fccaa9d4000 rw-p 00000000 00:00 0 
7fccaa9d4000-7fccaa9d5000 ---p 00000000 00:00 0 
7fccaa9d5000-7fccaaad6000 rw-p 00000000 00:00 0 
7fccaaad6000-7fccaaad7000 ---p 00000000 00:00 0 
7fccaaad7000-7fccaabd8000 rw-p 00000000 00:00 0 
7fccaabd8000-7fccaabd9000 ---p 00000000 00:00 0 
7fccaabd9000-7fccaacda000 rw-p 00000000 00:00 0 
7fccaacda000-7fccaacdb000 ---p 00000000 00:00 0 
7fccaacdb000-7fccaaddc000 rw-p 00000000 00:00 0 
7fccaaddc000-7fccaaddd000 ---p 00000000 00:00 0 
7fccaaddd000-7fccaaede000 rw-p 00000000 00:00 0 
7fccaaede000-7fccaaedf000 ---p 00000000 00:00 0 
7fccaaedf000-7fccaafe0000 rw-p 00000000 00:00 0 
7fccaafe0000-7fccaafe1000 ---p 00000000 00:00 0 
7fccaafe1000-7fccab0e2000 rw-p 00000000 00:00 0 
7fccab0e2000-7fccab0e3000 ---p 00000000 00:00 0 
7fccab0e3000-7fccab1e4000 rw-p 00000000 00:00 0 
7fccab1e4000-7fccab1e5000 ---p 00000000 00:00 0 
7fccab1e5000-7fccab2e6000 rw-p 00000000 00:00 0 
7fccab2e6000-7fccab2e7000 ---p 00000000 00:00 0 
7fccab2e7000-7fccab3e8000 rw-p 00000000 00:00 0 
7fccab3e8000-7fccab3e9000 ---p 00000000 00:00 0 
7fccab3e9000-7fccab4ea000 rw-p 00000000 00:00 0 
7fccab4ea000-7fccab4eb000 ---p 00000000 00:00 0 
7fccab4eb000-7fccab5ec000 rw-p 00000000 00:00 0 
7fccab5ec000-7fccab5ed000 ---p 00000000 00:00 0 
7fccab5ed000-7fccab6ee000 rw-p 00000000 00:00 0 
7fccab6ee000-7fccab6ef000 ---p 00000000 00:00 0 
7fccab6ef000-7fccab7f0000 rw-p 00000000 00:00 0 
7fccab7f0000-7fccab7f1000 ---p 00000000 00:00 0 
7fccab7f1000-7fccab8f2000 rw-p 00000000 00:00 0 
7fccab8f2000-7fccab8f3000 ---p 00000000 00:00 0 
7fccab8f3000-7fccab9f4000 rw-p 00000000 00:00 0 
7fccab9f4000-7fccab9f5000 ---p 00000000 00:00 0 
7fccab9f5000-7fccabaf6000 rw-p 00000000 00:00 0 
7fccabaf6000-7fccabaf7000 ---p 00000000 00:00 0 
7fccabaf7000-7fccabbf8000 rw-p 00000000 00:00 0 
7fccabbf8000-7fccabbf9000 ---p 00000000 00:00 0 
7fccabbf9000-7fccabcfa000 rw-p 00000000 00:00 0 
7fccabcfa000-7fccabcfb000 ---p 00000000 00:00 0 
7fccabcfb000-7fccabdfc000 rw-p 00000000 00:00 0 
7fccabdfc000-7fccabdfd000 ---p 00000000 00:00 0 
7fccabdfd000-7fccabefe000 rw-p 00000000 00:00 0 
7fccabefe000-7fccabeff000 ---p 00000000 00:00 0 
7fccabeff000-7fccac000000 rw-p 00000000 00:00 0 
7fccac000000-7fccac1c6000 rw-p 00000000 00:00 0 
7fccac1c6000-7fccb0000000 ---p 00000000 00:00 0 
7fccb0000000-7fccb0021000 rw-p 00000000 00:00 0 
7fccb0021000-7fccb4000000 ---p 00000000 00:00 0 
7fccb4000000-7fccb41ac000 rw-p 00000000 00:00 0 
7fccb41ac000-7fccb8000000 ---p 00000000 00:00 0 
7fccb8000000-7fccb82d3000 rw-p 00000000 00:00 0 
7fccb82d3000-7fccbc000000 ---p 00000000 00:00 0 
7fccbc000000-7fccbc021000 rw-p 00000000 00:00 0 
7fccbc021000-7fccc0000000 ---p 00000000 00:00 0 
7fccc0000000-7fccc0100000 rw-p 00000000 00:00 0 
7fccc0200000-7fccc0300000 rw-p 00000000 00:00 0 
7fccc0400000-7fccc0500000 rw-p 00000000 00:00 0 
7fccc0600000-7fccc0700000 rw-p 00000000 00:00 0 
7fccc0800000-7fccc0900000 rw-p 00000000 00:00 0 
7fccc0a00000-7fccc0b00000 rw-p 00000000 00:00 0 
7fccc0c00000-7fccc0d00000 rw-p 00000000 00:00 0 
7fccc0e00000-7fccc0f00000 rw-p 00000000 00:00 0 
7fccc1000000-7fccc1100000 rw-p 00000000 00:00 0 
7fccc1200000-7fccc1300000 rw-p 00000000 00:00 0 
7fccc1400000-7fccc1500000 rw-p 00000000 00:00 0 
7fccc1600000-7fccc1700000 ---p 00000000 00:00 0 
7fccc1700000-7fccc1d5f000 r--p 01362000 103:02 51870081                  /home/a4090/miniconda3/envs/auto_pose/lib/jvm/lib/libjvmcicompiler.so
7fccc1d5f000-7fccc1f00000 r--p 00000000 00:00 0 
7fccc1f00000-7fccc1f0e000 rw-p 00000000 00:00 0 
7fccc1f0e000-7fccc2463000 rw-p 01b70000 103:02 51870081                  /home/a4090/miniconda3/envs/auto_pose/lib/jvm/lib/libjvmcicompiler.so
7fccc2463000-7fccc28dd000 r--p 020c5000 103:02 51870081                  /home/a4090/miniconda3/envs/auto_pose/lib/jvm/lib/libjvmcicompiler.so
7fccc28fc000-7fccc2900000 ---p 00000000 00:00 0 
7fccc2900000-7fccc29fd000 rw-p 00000000 00:00 0 
7fccc29fd000-7fccc2a01000 ---p 00000000 00:00 0 
7fccc2a01000-7fccc2bfe000 rw-p 00000000 00:00 0 
7fccc2bfe000-7fccc2c02000 ---p 00000000 00:00 0 
7fccc2c02000-7fccc2dff000 rw-p 00000000 00:00 0 
7fccc2dff000-7fccc2e03000 ---p 00000000 00:00 0 
7fccc2e03000-7fccc3100000 rw-p 00000000 00:00 0 
7fccc3200000-7fccc3300000 rw-p 00000000 00:00 0 
7fccc3400000-7fccc3500000 rw-p 00000000 00:00 0 
7fccc3600000-7fccc3700000 rw-p 00000000 00:00 0 
7fccc3800000-7fccc3900000 rw-p 00000000 00:00 0 
7fccc3a00000-7fccc3b00000 rw-p 00000000 00:00 0 
7fccc3c00000-7fccc3d00000 rw-p 00000000 00:00 0 
7fccc3e00000-7fccc3f00000 rw-p 00000000 00:00 0 
7fccc4000000-7fccc4188000 rw-p 00000000 00:00 0 
7fccc4188000-7fccc8000000 ---p 00000000 00:00 0 
7fccc8000000-7fccc8100000 rw-p 00000000 00:00 0 
7fccc8200000-7fccc8300000 rw-p 00000000 00:00 0 
7fccc8400000-7fccc8500000 rw-p 00000000 00:00 0 
7fccc8600000-7fccc8700000 rw-p 00000000 00:00 0 
7fccc8800000-7fccc8900000 rw-p 00000000 00:00 0 
7fccc8a00000-7fccc8b00000 rw-p 00000000 00:00 0 
7fccc8bff000-7fccc8c03000 ---p 00000000 00:00 0 
7fccc8c03000-7fccc8f00000 rw-p 00000000 00:00 0 
7fccc9000000-7fccc9100000 rw-p 00000000 00:00 0 
7fccc9200000-7fccc9300000 rw-p 00000000 00:00 0 
7fccc9400000-7fccc9500000 rw-p 00000000 00:00 0 
7fccc9600000-7fccc9700000 rw-p 00000000 00:00 0 
7fccc9800000-7fccc9900000 rw-p 00000000 00:00 0 
7fccc9a00000-7fccc9b00000 rw-p 00000000 00:00 0 
7fccc9c00000-7fccc9d00000 rw-p 00000000 00:00 0 
7fccc9e00000-7fccc9f00000 rw-p 00000000 00:00 0 
7fccca000000-7fccca100000 rw-p 00000000 00:00 0 
7fccca200000-7fccca300000 rw-p 00000000 00:00 0 
7fccca400000-7fccca500000 rw-p 00000000 00:00 0 
7fccca600000-7fccca700000 rw-p 00000000 00:00 0 
7fccca800000-7fccca900000 rw-p 00000000 00:00 0 
7fcccaa00000-7fcccab00000 rw-p 00000000 00:00 0 
7fcccac00000-7fcccad00000 rw-p 00000000 00:00 0 
7fcccae00000-7fcccaf00000 rw-p 00000000 00:00 0 
7fcccb000000-7fcccb100000 rw-p 00000000 00:00 0 
7fcccb200000-7fcccb300000 rw-p 00000000 00:00 0 
7fcccb400000-7fcccb500000 rw-p 00000000 00:00 0 
7fcccb600000-7fcccb700000 rw-p 00000000 00:00 0 
7fcccb800000-7fcccb900000 rw-p 00000000 00:00 0 
7fcccba00000-7fcccbb00000 rw-p 00000000 00:00 0 
7fcccbc00000-7fcccbd00000 rw-p 00000000 00:00 0 
7fcccbe00000-7fcccbf00000 rw-p 00000000 00:00 0 
7fcccc000000-7fcccc100000 rw-p 00000000 00:00 0 
7fcccc200000-7fcccc300000 rw-p 00000000 00:00 0 
7fcccc400000-7fcccc500000 rw-p 00000000 00:00 0 
7fcccc600000-7fcccc700000 rw-p 00000000 00:00 0 
7fcccc800000-7fcccc900000 rw-p 00000000 00:00 0 
7fcccca00000-7fccccb00000 rw-p 00000000 00:00 0 
7fccccc00000-7fccccd00000 rw-p 00000000 00:00 0 
7fcccce00000-7fccccf00000 rw-p 00000000 00:00 0 
7fcccd000000-7fcccd100000 rw-p 00000000 00:00 0 
7fcccd200000-7fcccd300000 rw-p 00000000 00:00 0 
7fcccd400000-7fcccd500000 rw-p 00000000 00:00 0 
7fcccd600000-7fcccd700000 rw-p 00000000 00:00 0 
7fcccd800000-7fcccd900000 rw-p 00000000 00:00 0 
7fcccda00000-7fcccdb00000 ---p 00000000 00:00 0 
7fcccdb00000-7fccce15f000 r--p 01362000 103:02 51870081                  /home/a4090/miniconda3/envs/auto_pose/lib/jvm/lib/libjvmcicompiler.so
7fccce15f000-7fccce300000 r--p 00000000 00:00 0 
7fccce300000-7fccce30e000 rw-p 00000000 00:00 0 
7fccce30e000-7fccce863000 rw-p 01b70000 103:02 51870081                  /home/a4090/miniconda3/envs/auto_pose/lib/jvm/lib/libjvmcicompiler.so
7fccce863000-7fcccecdd000 r--p 020c5000 103:02 51870081                  /home/a4090/miniconda3/envs/auto_pose/lib/jvm/lib/libjvmcicompiler.so
7fccced00000-7fcccee00000 ---p 00000000 00:00 0 
7fcccee00000-7fcccf45f000 r--p 01362000 103:02 51870081                  /home/a4090/miniconda3/envs/auto_pose/lib/jvm/lib/libjvmcicompiler.so
7fcccf45f000-7fcccf600000 r--p 00000000 00:00 0 
7fcccf600000-7fcccf60e000 rw-p 00000000 00:00 0 
7fcccf60e000-7fcccfb63000 rw-p 01b70000 103:02 51870081                  /home/a4090/miniconda3/envs/auto_pose/lib/jvm/lib/libjvmcicompiler.so
7fcccfb63000-7fcccffdd000 r--p 020c5000 103:02 51870081                  /home/a4090/miniconda3/envs/auto_pose/lib/jvm/lib/libjvmcicompiler.so
7fccd0000000-7fccd0021000 rw-p 00000000 00:00 0 
7fccd0021000-7fccd4000000 ---p 00000000 00:00 0 
7fccd4000000-7fccd4032000 rw-p 00000000 00:00 0 
7fccd4032000-7fccd8000000 ---p 00000000 00:00 0 
7fccd8000000-7fccd8021000 rw-p 00000000 00:00 0 
7fccd8021000-7fccdc000000 ---p 00000000 00:00 0 
7fccdc000000-7fccdc100000 rw-p 00000000 00:00 0 
7fccdc200000-7fccdc300000 rw-p 00000000 00:00 0 
7fccdc400000-7fccdc500000 rw-p 00000000 00:00 0 
7fccdc600000-7fccdc700000 rw-p 00000000 00:00 0 
7fccdc800000-7fccdc900000 rw-p 00000000 00:00 0 
7fccdca00000-7fccdcb00000 ---p 00000000 00:00 0 
7fccdcb00000-7fccdd15f000 r--p 01362000 103:02 51870081                  /home/a4090/miniconda3/envs/auto_pose/lib/jvm/lib/libjvmcicompiler.so
7fccdd15f000-7fccdd300000 r--p 00000000 00:00 0 
7fccdd300000-7fccdd30e000 rw-p 00000000 00:00 0 
7fccdd30e000-7fccdd863000 rw-p 01b70000 103:02 51870081                  /home/a4090/miniconda3/envs/auto_pose/lib/jvm/lib/libjvmcicompiler.so
7fccdd863000-7fccddcdd000 r--p 020c5000 103:02 51870081                  /home/a4090/miniconda3/envs/auto_pose/lib/jvm/lib/libjvmcicompiler.so
7fccddcfd000-7fccddd01000 ---p 00000000 00:00 0 
7fccddd01000-7fccddefe000 rw-p 00000000 00:00 0 
7fccddefe000-7fccddf02000 ---p 00000000 00:00 0 
7fccddf02000-7fccde0ff000 rw-p 00000000 00:00 0 
7fccde0ff000-7fccde103000 ---p 00000000 00:00 0 
7fccde103000-7fccde400000 rw-p 00000000 00:00 0 
7fccde500000-7fccde600000 rw-p 00000000 00:00 0 
7fccde700000-7fccde800000 rw-p 00000000 00:00 0 
7fccde900000-7fccdea00000 rw-p 00000000 00:00 0 
7fccdeb00000-7fccdec00000 rw-p 00000000 00:00 0 
7fccded00000-7fccdee00000 ---p 00000000 00:00 0 
7fccdee00000-7fccdf45f000 r--p 01362000 103:02 51870081                  /home/a4090/miniconda3/envs/auto_pose/lib/jvm/lib/libjvmcicompiler.so
7fccdf45f000-7fccdf600000 r--p 00000000 00:00 0 
7fccdf600000-7fccdf60e000 rw-p 00000000 00:00 0 
7fccdf60e000-7fccdfb63000 rw-p 01b70000 103:02 51870081                  /home/a4090/miniconda3/envs/auto_pose/lib/jvm/lib/libjvmcicompiler.so
7fccdfb63000-7fccdffdd000 r--p 020c5000 103:02 51870081                  /home/a4090/miniconda3/envs/auto_pose/lib/jvm/lib/libjvmcicompiler.so
7fcce0000000-7fcce0021000 rw-p 00000000 00:00 0 
7fcce0021000-7fcce4000000 ---p 00000000 00:00 0 
7fcce4000000-7fcce4021000 rw-p 00000000 00:00 0 
7fcce4021000-7fcce8000000 ---p 00000000 00:00 0 
7fcce8000000-7fcce8021000 rw-p 00000000 00:00 0 
7fcce8021000-7fccec000000 ---p 00000000 00:00 0 
7fccec000000-7fccec304000 rw-p 00000000 00:00 0 
7fccec304000-7fccf0000000 ---p 00000000 00:00 0 
7fccf0000000-7fccf0021000 rw-p 00000000 00:00 0 
7fccf0021000-7fccf4000000 ---p 00000000 00:00 0 
7fccf4000000-7fccf4282000 rw-p 00000000 00:00 0 
7fccf4282000-7fccf8000000 ---p 00000000 00:00 0 
7fccf8000000-7fccf8285000 rw-p 00000000 00:00 0 
7fccf8285000-7fccfc000000 ---p 00000000 00:00 0 
7fccfc000000-7fccfc100000 rw-p 00000000 00:00 0 
7fccfc200000-7fccfc300000 rw-p 00000000 00:00 0 
7fccfc400000-7fccfc500000 rw-p 00000000 00:00 0 
7fccfc600000-7fccfc700000 rw-p 00000000 00:00 0 
7fccfc800000-7fccfc900000 rw-p 00000000 00:00 0 
7fccfca00000-7fccfcb00000 rw-p 00000000 00:00 0 
7fccfcc00000-7fccfcd00000 rw-p 00000000 00:00 0 
7fccfcd72000-7fccfcf00000 rw-p 00000000 00:00 0 
7fccfcf3d000-7fccfcfda000 rw-p 00000000 00:00 0 
7fccfcfde000-7fccfd100000 rw-p 00000000 00:00 0 
7fccfd109000-7fccfd12b000 rw-p 00000000 00:00 0 
7fccfd12b000-7fccfd138000 r-xp 00000000 103:02 51866632                  /home/a4090/miniconda3/envs/auto_pose/lib/jvm/lib/libverify.so
7fccfd138000-7fccfd13a000 r--p 0000c000 103:02 51866632                  /home/a4090/miniconda3/envs/auto_pose/lib/jvm/lib/libverify.so
7fccfd13a000-7fccfd13b000 rw-p 0000e000 103:02 51866632                  /home/a4090/miniconda3/envs/auto_pose/lib/jvm/lib/libverify.so
7fccfd13b000-7fccfd13d000 rw-p 00010000 103:02 51866632                  /home/a4090/miniconda3/envs/auto_pose/lib/jvm/lib/libverify.so
7fccfd13d000-7fccfd141000 ---p 00000000 00:00 0 
7fccfd141000-7fccfd190000 rw-p 00000000 00:00 0 
7fccfd190000-7fccfd1a5000 r-xp 00000000 103:02 51865979                  /home/a4090/miniconda3/envs/auto_pose/lib/jvm/lib/libnet.so
7fccfd1a5000-7fccfd1a6000 ---p 00015000 103:02 51865979                  /home/a4090/miniconda3/envs/auto_pose/lib/jvm/lib/libnet.so
7fccfd1a6000-7fccfd1a7000 r--p 00015000 103:02 51865979                  /home/a4090/miniconda3/envs/auto_pose/lib/jvm/lib/libnet.so
7fccfd1a7000-7fccfd1a8000 rw-p 00016000 103:02 51865979                  /home/a4090/miniconda3/envs/auto_pose/lib/jvm/lib/libnet.so
7fccfd1a8000-7fccfd1ad000 rw-p 0001b000 103:02 51865979                  /home/a4090/miniconda3/envs/auto_pose/lib/jvm/lib/libnet.so
7fccfd1ad000-7fccfd330000 r--p 00000000 103:02 51870081                  /home/a4090/miniconda3/envs/auto_pose/lib/jvm/lib/libjvmcicompiler.so
7fccfd330000-7fccfe506000 r-xp 00183000 103:02 51870081                  /home/a4090/miniconda3/envs/auto_pose/lib/jvm/lib/libjvmcicompiler.so
7fccfe506000-7fccff6f0000 r--p 01359000 103:02 51870081                  /home/a4090/miniconda3/envs/auto_pose/lib/jvm/lib/libjvmcicompiler.so
7fccff6f0000-7fccff6f4000 rw-p 02543000 103:02 51870081                  /home/a4090/miniconda3/envs/auto_pose/lib/jvm/lib/libjvmcicompiler.so
7fccff6f4000-7fccff6f9000 rw-p 027b8000 103:02 51870081                  /home/a4090/miniconda3/envs/auto_pose/lib/jvm/lib/libjvmcicompiler.so
7fccff6f9000-7fccff6fa000 ---p 00000000 00:00 0 
7fccff6fa000-7fccff7fb000 rw-p 00000000 00:00 0 
7fccff7fb000-7fccff7ff000 ---p 00000000 00:00 0 
7fccff7ff000-7fccff8fc000 rw-p 00000000 00:00 0 
7fccff8fc000-7fccff900000 ---p 00000000 00:00 0 
7fccff900000-7fccffafd000 rw-p 00000000 00:00 0 
7fccffafd000-7fccffb01000 ---p 00000000 00:00 0 
7fccffb01000-7fccffbfe000 rw-p 00000000 00:00 0 
7fccffbfe000-7fccffc02000 ---p 00000000 00:00 0 
7fccffc02000-7fccffdff000 rw-p 00000000 00:00 0 
7fccffdff000-7fccffe03000 ---p 00000000 00:00 0 
7fccffe03000-7fcd00000000 rw-p 00000000 00:00 0 
7fcd00000000-7fcd00021000 rw-p 00000000 00:00 0 
7fcd00021000-7fcd04000000 ---p 00000000 00:00 0 
7fcd04000000-7fcd04079000 rw-p 00000000 00:00 0 
7fcd04079000-7fcd08000000 ---p 00000000 00:00 0 
7fcd08000000-7fcd08021000 rw-p 00000000 00:00 0 
7fcd08021000-7fcd0c000000 ---p 00000000 00:00 0 
7fcd0c000000-7fcd0c021000 rw-p 00000000 00:00 0 
7fcd0c021000-7fcd10000000 ---p 00000000 00:00 0 
7fcd10000000-7fcd10021000 rw-p 00000000 00:00 0 
7fcd10021000-7fcd14000000 ---p 00000000 00:00 0 
7fcd14000000-7fcd14021000 rw-p 00000000 00:00 0 
7fcd14021000-7fcd18000000 ---p 00000000 00:00 0 
7fcd18000000-7fcd18025000 rw-p 00000000 00:00 0 
7fcd18025000-7fcd1c000000 ---p 00000000 00:00 0 
7fcd1c000000-7fcd1c021000 rw-p 00000000 00:00 0 
7fcd1c021000-7fcd20000000 ---p 00000000 00:00 0 
7fcd20000000-7fcd20400000 rw-p 00000000 00:00 0 
7fcd20400000-7fcd20900000 rw-p 00000000 00:00 0 
7fcd20900000-7fcd20a80000 rw-p 00000000 00:00 0 
7fcd20a80000-7fcd20b00000 rw-p 00000000 00:00 0 
7fcd20b00000-7fcd20f00000 rw-p 00000000 00:00 0 
7fcd20f00000-7fcd21000000 rw-p 00000000 00:00 0 
7fcd21000000-7fcd21300000 rw-p 00000000 00:00 0 
7fcd21300000-7fcd213c0000 rw-p 00000000 00:00 0 
7fcd213c0000-7fcd21400000 rw-p 00000000 00:00 0 
7fcd21400000-7fcd21800000 rw-p 00000000 00:00 0 
7fcd21800000-7fcd23500000 rw-p 00000000 00:00 0 
7fcd23500000-7fcd23520000 rw-p 00000000 00:00 0 
7fcd23520000-7fcd23600000 ---p 00000000 00:00 0 
7fcd23600000-7fcd23810000 rw-p 00000000 00:00 0 
7fcd23810000-7fcd24000000 ---p 00000000 00:00 0 
7fcd24000000-7fcd24021000 rw-p 00000000 00:00 0 
7fcd24021000-7fcd28000000 ---p 00000000 00:00 0 
7fcd2800a000-7fcd28011000 r--s 00000000 103:02 40504943                  /usr/lib/x86_64-linux-gnu/gconv/gconv-modules.cache
7fcd28011000-7fcd28017000 r-xp 00000000 103:02 51869757                  /home/a4090/miniconda3/envs/auto_pose/lib/jvm/lib/libmanagement_ext.so
7fcd28017000-7fcd28018000 r--p 00005000 103:02 51869757                  /home/a4090/miniconda3/envs/auto_pose/lib/jvm/lib/libmanagement_ext.so
7fcd28018000-7fcd28019000 rw-p 00006000 103:02 51869757                  /home/a4090/miniconda3/envs/auto_pose/lib/jvm/lib/libmanagement_ext.so
7fcd28019000-7fcd2801c000 rw-p 00009000 103:02 51869757                  /home/a4090/miniconda3/envs/auto_pose/lib/jvm/lib/libmanagement_ext.so
7fcd2801c000-7fcd2802f000 r-xp 00000000 103:02 51865608                  /home/a4090/miniconda3/envs/auto_pose/lib/jvm/lib/libnio.so
7fcd2802f000-7fcd28030000 r--p 00012000 103:02 51865608                  /home/a4090/miniconda3/envs/auto_pose/lib/jvm/lib/libnio.so
7fcd28030000-7fcd28031000 rw-p 00013000 103:02 51865608                  /home/a4090/miniconda3/envs/auto_pose/lib/jvm/lib/libnio.so
7fcd28031000-7fcd28039000 rw-p 00019000 103:02 51865608                  /home/a4090/miniconda3/envs/auto_pose/lib/jvm/lib/libnio.so
7fcd28039000-7fcd2806a000 rw-p 00000000 00:00 0 
7fcd2806a000-7fcd2806d000 r--p 00000000 103:02 65812693                  /home/a4090/miniconda3/envs/auto_pose/lib/libz.so.1.2.13
7fcd2806d000-7fcd2807c000 r-xp 00003000 103:02 65812693                  /home/a4090/miniconda3/envs/auto_pose/lib/libz.so.1.2.13
7fcd2807c000-7fcd28083000 r--p 00012000 103:02 65812693                  /home/a4090/miniconda3/envs/auto_pose/lib/libz.so.1.2.13
7fcd28083000-7fcd28084000 r--p 00018000 103:02 65812693                  /home/a4090/miniconda3/envs/auto_pose/lib/libz.so.1.2.13
7fcd28084000-7fcd28085000 rw-p 00019000 103:02 65812693                  /home/a4090/miniconda3/envs/auto_pose/lib/libz.so.1.2.13
7fcd28085000-7fcd28089000 ---p 00000000 00:00 0 
7fcd28089000-7fcd28186000 rw-p 00000000 00:00 0 
7fcd28186000-7fcd2818a000 ---p 00000000 00:00 0 
7fcd2818a000-7fcd28387000 rw-p 00000000 00:00 0 
7fcd28387000-7fcd2838b000 ---p 00000000 00:00 0 
7fcd2838b000-7fcd28488000 rw-p 00000000 00:00 0 
7fcd28488000-7fcd2848c000 ---p 00000000 00:00 0 
7fcd2848c000-7fcd28589000 rw-p 00000000 00:00 0 
7fcd28589000-7fcd2858d000 ---p 00000000 00:00 0 
7fcd2858d000-7fcd2868a000 rw-p 00000000 00:00 0 
7fcd2868a000-7fcd28efb000 r--p 00000000 103:02 39848971                  /usr/lib/locale/locale-archive
7fcd28efb000-7fcd28eff000 ---p 00000000 00:00 0 
7fcd28eff000-7fcd28ffc000 rw-p 00000000 00:00 0 
7fcd28ffc000-7fcd29000000 ---p 00000000 00:00 0 
7fcd29000000-7fcd290fd000 rw-p 00000000 00:00 0 
7fcd290fd000-7fcd290fe000 ---p 00000000 00:00 0 
7fcd290fe000-7fcd291ff000 rw-p 00000000 00:00 0 
7fcd291ff000-7fcd292cd000 r-xp 00000000 103:02 51869100                  /home/a4090/miniconda3/envs/auto_pose/lib/jvm/lib/libjsvml.so
7fcd292cd000-7fcd292ce000 r--p 000cd000 103:02 51869100                  /home/a4090/miniconda3/envs/auto_pose/lib/jvm/lib/libjsvml.so
7fcd292ce000-7fcd292cf000 rw-p 000ce000 103:02 51869100                  /home/a4090/miniconda3/envs/auto_pose/lib/jvm/lib/libjsvml.so
7fcd292cf000-7fcd292d5000 rw-p 000d4000 103:02 51869100                  /home/a4090/miniconda3/envs/auto_pose/lib/jvm/lib/libjsvml.so
7fcd292d5000-7fcd293f2000 rw-p 00000000 00:00 0 
7fcd293f2000-7fcd293f3000 ---p 00000000 00:00 0 
7fcd293f3000-7fcd294f4000 rw-p 00000000 00:00 0 
7fcd294f4000-7fcd294f5000 ---p 00000000 00:00 0 
7fcd294f5000-7fcd2c000000 rw-p 00000000 00:00 0 
7fcd2c000000-7fcd2c021000 rw-p 00000000 00:00 0 
7fcd2c021000-7fcd30000000 ---p 00000000 00:00 0 
7fcd30000000-7fcd30021000 rw-p 00000000 00:00 0 
7fcd30021000-7fcd34000000 ---p 00000000 00:00 0 
7fcd34000000-7fcd34021000 rw-p 00000000 00:00 0 
7fcd34021000-7fcd38000000 ---p 00000000 00:00 0 
7fcd38002000-7fcd38003000 r--p 00000000 00:00 0 
7fcd38003000-7fcd38007000 r-xp 00000000 103:02 51871985                  /home/a4090/miniconda3/envs/auto_pose/lib/jvm/lib/libmanagement.so
7fcd38007000-7fcd38008000 r--p 00003000 103:02 51871985                  /home/a4090/miniconda3/envs/auto_pose/lib/jvm/lib/libmanagement.so
7fcd38008000-7fcd38009000 rw-p 00004000 103:02 51871985                  /home/a4090/miniconda3/envs/auto_pose/lib/jvm/lib/libmanagement.so
7fcd38009000-7fcd3800c000 rw-p 00007000 103:02 51871985                  /home/a4090/miniconda3/envs/auto_pose/lib/jvm/lib/libmanagement.so
7fcd3800c000-7fcd38013000 r-xp 00000000 103:02 51866985                  /home/a4090/miniconda3/envs/auto_pose/lib/jvm/lib/libzip.so
7fcd38013000-7fcd38014000 ---p 00007000 103:02 51866985                  /home/a4090/miniconda3/envs/auto_pose/lib/jvm/lib/libzip.so
7fcd38014000-7fcd38015000 r--p 00007000 103:02 51866985                  /home/a4090/miniconda3/envs/auto_pose/lib/jvm/lib/libzip.so
7fcd38015000-7fcd38016000 rw-p 00008000 103:02 51866985                  /home/a4090/miniconda3/envs/auto_pose/lib/jvm/lib/libzip.so
7fcd38016000-7fcd38019000 rw-p 0000b000 103:02 51866985                  /home/a4090/miniconda3/envs/auto_pose/lib/jvm/lib/libzip.so
7fcd38019000-7fcd38d26000 rw-p 00000000 00:00 0 
7fcd38d26000-7fcd38d27000 ---p 00000000 00:00 0 
7fcd38d27000-7fcd38e28000 rw-p 00000000 00:00 0 
7fcd38e28000-7fcd38e29000 ---p 00000000 00:00 0 
7fcd38e29000-7fcd38f2a000 rw-p 00000000 00:00 0 
7fcd38f2a000-7fcd38f2b000 ---p 00000000 00:00 0 
7fcd38f2b000-7fcd3a2d4000 rw-p 00000000 00:00 0 
7fcd3a2d4000-7fcd3afd4000 ---p 00000000 00:00 0 
7fcd3afd4000-7fcd3b014000 rw-p 00000000 00:00 0 
7fcd3b014000-7fcd3b114000 ---p 00000000 00:00 0 
7fcd3b114000-7fcd3b154000 rw-p 00000000 00:00 0 
7fcd3b154000-7fcd570d4000 ---p 00000000 00:00 0 
7fcd570d4000-7fcd58254000 rw-p 00000000 00:00 0 
7fcd58254000-7fcd58f54000 ---p 00000000 00:00 0 
7fcd58f54000-7fcd58f94000 rw-p 00000000 00:00 0 
7fcd58f94000-7fcd59094000 ---p 00000000 00:00 0 
7fcd59094000-7fcd590d4000 rw-p 00000000 00:00 0 
7fcd590d4000-7fcd75054000 ---p 00000000 00:00 0 
7fcd75054000-7fcd752f4000 rw-p 00000000 00:00 0 
7fcd752f4000-7fcd75494000 ---p 00000000 00:00 0 
7fcd75494000-7fcd7549c000 rw-p 00000000 00:00 0 
7fcd7549c000-7fcd754bc000 ---p 00000000 00:00 0 
7fcd754bc000-7fcd754c4000 rw-p 00000000 00:00 0 
7fcd754c4000-7fcd78cb4000 ---p 00000000 00:00 0 
7fcd78cb4000-7fcd78ee4000 rw-p 00000000 00:00 0 
7fcd78ee4000-7fcd79084000 ---p 00000000 00:00 0 
7fcd79084000-7fcd7908c000 rw-p 00000000 00:00 0 
7fcd7908c000-7fcd790ac000 ---p 00000000 00:00 0 
7fcd790ac000-7fcd790b4000 rw-p 00000000 00:00 0 
7fcd790b4000-7fcd7c8a4000 ---p 00000000 00:00 0 
7fcd7c8a4000-7fcd7cad4000 rw-p 00000000 00:00 0 
7fcd7cad4000-7fcd7cc74000 ---p 00000000 00:00 0 
7fcd7cc74000-7fcd7cc7c000 rw-p 00000000 00:00 0 
7fcd7cc7c000-7fcd7cc9c000 ---p 00000000 00:00 0 
7fcd7cc9c000-7fcd7cca4000 rw-p 00000000 00:00 0 
7fcd7cca4000-7fcd80494000 ---p 00000000 00:00 0 
7fcd80494000-7fcd81cb0000 rw-p 00000000 00:00 0 
7fcd81cb0000-7fcd81d90000 ---p 00000000 00:00 0 
7fcd81d90000-7fcd81dac000 rw-p 00000000 00:00 0 
7fcd81dac000-7fcd81e75000 ---p 00000000 00:00 0 
7fcd81e75000-7fcd81e7f000 rw-p 00000000 00:00 0 
7fcd81e7f000-7fcd81e8c000 ---p 00000000 00:00 0 
7fcd81e8c000-7fcd82c8c000 rwxp 00000000 00:00 0 
7fcd82c8c000-7fcd89102000 ---p 00000000 00:00 0 
7fcd89102000-7fcd895c2000 rwxp 00000000 00:00 0 
7fcd895c2000-7fcd89c16000 ---p 00000000 00:00 0 
7fcd89c16000-7fcd89e86000 rwxp 00000000 00:00 0 
7fcd89e86000-7fcd90e8c000 ---p 00000000 00:00 0 
7fcd90e8c000-7fcd90eb0000 r-xp 00000000 103:02 51869794                  /home/a4090/miniconda3/envs/auto_pose/lib/jvm/lib/libjava.so
7fcd90eb0000-7fcd90eb1000 ---p 00024000 103:02 51869794                  /home/a4090/miniconda3/envs/auto_pose/lib/jvm/lib/libjava.so
7fcd90eb1000-7fcd90eb2000 r--p 00024000 103:02 51869794                  /home/a4090/miniconda3/envs/auto_pose/lib/jvm/lib/libjava.so
7fcd90eb2000-7fcd90eb3000 rw-p 00025000 103:02 51869794                  /home/a4090/miniconda3/envs/auto_pose/lib/jvm/lib/libjava.so
7fcd90eb3000-7fcd90eb4000 rw-p 00000000 00:00 0 
7fcd90eb4000-7fcd90ebf000 rw-p 0002f000 103:02 51869794                  /home/a4090/miniconda3/envs/auto_pose/lib/jvm/lib/libjava.so
7fcd90ebf000-7fcd90ec7000 rw-s 00000000 103:02 63966921                  /tmp/hsperfdata_a4090/161934
7fcd90ec7000-7fcd90eca000 r--p 00000000 103:02 39848170                  /usr/lib/x86_64-linux-gnu/libnss_files-2.31.so
7fcd90eca000-7fcd90ed1000 r-xp 00003000 103:02 39848170                  /usr/lib/x86_64-linux-gnu/libnss_files-2.31.so
7fcd90ed1000-7fcd90ed3000 r--p 0000a000 103:02 39848170                  /usr/lib/x86_64-linux-gnu/libnss_files-2.31.so
7fcd90ed3000-7fcd90ed4000 r--p 0000b000 103:02 39848170                  /usr/lib/x86_64-linux-gnu/libnss_files-2.31.so
7fcd90ed4000-7fcd90ed5000 rw-p 0000c000 103:02 39848170                  /usr/lib/x86_64-linux-gnu/libnss_files-2.31.so
7fcd90ed5000-7fcd90edb000 rw-p 00000000 00:00 0 
7fcd90edb000-7fcd90edc000 ---p 00000000 00:00 0 
7fcd90edc000-7fcd90edd000 r--p 00000000 00:00 0 
7fcd90edd000-7fcd9ac75000 r--s 00000000 103:02 51868487                  /home/a4090/miniconda3/envs/auto_pose/lib/jvm/lib/modules
7fcd9ac75000-7fcd9ac90000 r-xp 00000000 103:02 51869974                  /home/a4090/miniconda3/envs/auto_pose/lib/jvm/lib/libjimage.so
7fcd9ac90000-7fcd9ac91000 ---p 0001b000 103:02 51869974                  /home/a4090/miniconda3/envs/auto_pose/lib/jvm/lib/libjimage.so
7fcd9ac91000-7fcd9ac93000 r--p 0001b000 103:02 51869974                  /home/a4090/miniconda3/envs/auto_pose/lib/jvm/lib/libjimage.so
7fcd9ac93000-7fcd9ac94000 rw-p 0001d000 103:02 51869974                  /home/a4090/miniconda3/envs/auto_pose/lib/jvm/lib/libjimage.so
7fcd9ac94000-7fcd9ac96000 rw-p 00024000 103:02 51869974                  /home/a4090/miniconda3/envs/auto_pose/lib/jvm/lib/libjimage.so
7fcd9ac96000-7fcd9ac98000 r--p 00000000 103:02 39848193                  /usr/lib/x86_64-linux-gnu/librt-2.31.so
7fcd9ac98000-7fcd9ac9c000 r-xp 00002000 103:02 39848193                  /usr/lib/x86_64-linux-gnu/librt-2.31.so
7fcd9ac9c000-7fcd9ac9e000 r--p 00006000 103:02 39848193                  /usr/lib/x86_64-linux-gnu/librt-2.31.so
7fcd9ac9e000-7fcd9ac9f000 r--p 00007000 103:02 39848193                  /usr/lib/x86_64-linux-gnu/librt-2.31.so
7fcd9ac9f000-7fcd9aca0000 rw-p 00008000 103:02 39848193                  /usr/lib/x86_64-linux-gnu/librt-2.31.so
7fcd9aca0000-7fcd9bdbf000 r-xp 00000000 103:02 51866492                  /home/a4090/miniconda3/envs/auto_pose/lib/jvm/lib/server/libjvm.so
7fcd9bdbf000-7fcd9bdc0000 ---p 0111f000 103:02 51866492                  /home/a4090/miniconda3/envs/auto_pose/lib/jvm/lib/server/libjvm.so
7fcd9bdc0000-7fcd9be75000 r--p 0111f000 103:02 51866492                  /home/a4090/miniconda3/envs/auto_pose/lib/jvm/lib/server/libjvm.so
7fcd9be75000-7fcd9bea9000 rw-p 011d4000 103:02 51866492                  /home/a4090/miniconda3/envs/auto_pose/lib/jvm/lib/server/libjvm.so
7fcd9bea9000-7fcd9bf02000 rw-p 00000000 00:00 0 
7fcd9bf02000-7fcd9bf08000 rw-p 015a3000 103:02 51866492                  /home/a4090/miniconda3/envs/auto_pose/lib/jvm/lib/server/libjvm.so
7fcd9bf08000-7fcd9bf0b000 rw-p 00000000 00:00 0 
7fcd9bf0b000-7fcd9bf2d000 r--p 00000000 103:02 39848138                  /usr/lib/x86_64-linux-gnu/libc-2.31.so
7fcd9bf2d000-7fcd9c0a5000 r-xp 00022000 103:02 39848138                  /usr/lib/x86_64-linux-gnu/libc-2.31.so
7fcd9c0a5000-7fcd9c0f3000 r--p 0019a000 103:02 39848138                  /usr/lib/x86_64-linux-gnu/libc-2.31.so
7fcd9c0f3000-7fcd9c0f7000 r--p 001e7000 103:02 39848138                  /usr/lib/x86_64-linux-gnu/libc-2.31.so
7fcd9c0f7000-7fcd9c0f9000 rw-p 001eb000 103:02 39848138                  /usr/lib/x86_64-linux-gnu/libc-2.31.so
7fcd9c0f9000-7fcd9c0ff000 rw-p 00000000 00:00 0 
7fcd9c0ff000-7fcd9c105000 r--p 00000000 103:02 39848188                  /usr/lib/x86_64-linux-gnu/libpthread-2.31.so
7fcd9c105000-7fcd9c116000 r-xp 00006000 103:02 39848188                  /usr/lib/x86_64-linux-gnu/libpthread-2.31.so
7fcd9c116000-7fcd9c11c000 r--p 00017000 103:02 39848188                  /usr/lib/x86_64-linux-gnu/libpthread-2.31.so
7fcd9c11c000-7fcd9c11d000 r--p 0001c000 103:02 39848188                  /usr/lib/x86_64-linux-gnu/libpthread-2.31.so
7fcd9c11d000-7fcd9c11e000 rw-p 0001d000 103:02 39848188                  /usr/lib/x86_64-linux-gnu/libpthread-2.31.so
7fcd9c11e000-7fcd9c122000 rw-p 00000000 00:00 0 
7fcd9c122000-7fcd9c126000 r--p 00000000 103:02 51864144                  /home/a4090/miniconda3/envs/auto_pose/lib/libgcc_s.so.1
7fcd9c126000-7fcd9c13b000 r-xp 00004000 103:02 51864144                  /home/a4090/miniconda3/envs/auto_pose/lib/libgcc_s.so.1
7fcd9c13b000-7fcd9c13f000 r--p 00019000 103:02 51864144                  /home/a4090/miniconda3/envs/auto_pose/lib/libgcc_s.so.1
7fcd9c13f000-7fcd9c140000 r--p 0001c000 103:02 51864144                  /home/a4090/miniconda3/envs/auto_pose/lib/libgcc_s.so.1
7fcd9c140000-7fcd9c141000 rw-p 0001d000 103:02 51864144                  /home/a4090/miniconda3/envs/auto_pose/lib/libgcc_s.so.1
7fcd9c141000-7fcd9c14e000 r--p 00000000 103:02 39848143                  /usr/lib/x86_64-linux-gnu/libm-2.31.so
7fcd9c14e000-7fcd9c1f5000 r-xp 0000d000 103:02 39848143                  /usr/lib/x86_64-linux-gnu/libm-2.31.so
7fcd9c1f5000-7fcd9c28e000 r--p 000b4000 103:02 39848143                  /usr/lib/x86_64-linux-gnu/libm-2.31.so
7fcd9c28e000-7fcd9c28f000 r--p 0014c000 103:02 39848143                  /usr/lib/x86_64-linux-gnu/libm-2.31.so
7fcd9c28f000-7fcd9c290000 rw-p 0014d000 103:02 39848143                  /usr/lib/x86_64-linux-gnu/libm-2.31.so
7fcd9c290000-7fcd9c339000 r--p 00000000 103:02 51864761                  /home/a4090/miniconda3/envs/auto_pose/lib/libstdc++.so.6.0.33
7fcd9c339000-7fcd9c3d9000 r-xp 000a9000 103:02 51864761                  /home/a4090/miniconda3/envs/auto_pose/lib/libstdc++.so.6.0.33
7fcd9c3d9000-7fcd9c45f000 r--p 00149000 103:02 51864761                  /home/a4090/miniconda3/envs/auto_pose/lib/libstdc++.so.6.0.33
7fcd9c45f000-7fcd9c46a000 r--p 001cf000 103:02 51864761                  /home/a4090/miniconda3/envs/auto_pose/lib/libstdc++.so.6.0.33
7fcd9c46a000-7fcd9c46e000 rw-p 001da000 103:02 51864761                  /home/a4090/miniconda3/envs/auto_pose/lib/libstdc++.so.6.0.33
7fcd9c46e000-7fcd9c472000 rw-p 00000000 00:00 0 
7fcd9c472000-7fcd9c473000 r--p 00000000 103:02 39848142                  /usr/lib/x86_64-linux-gnu/libdl-2.31.so
7fcd9c473000-7fcd9c475000 r-xp 00001000 103:02 39848142                  /usr/lib/x86_64-linux-gnu/libdl-2.31.so
7fcd9c475000-7fcd9c476000 r--p 00003000 103:02 39848142                  /usr/lib/x86_64-linux-gnu/libdl-2.31.so
7fcd9c476000-7fcd9c477000 r--p 00003000 103:02 39848142                  /usr/lib/x86_64-linux-gnu/libdl-2.31.so
7fcd9c477000-7fcd9c478000 rw-p 00004000 103:02 39848142                  /usr/lib/x86_64-linux-gnu/libdl-2.31.so
7fcd9c478000-7fcd9c47a000 rw-p 00000000 00:00 0 
7fcd9c47a000-7fcd9c47b000 r--p 00000000 103:02 39848110                  /usr/lib/x86_64-linux-gnu/ld-2.31.so
7fcd9c47b000-7fcd9c49e000 r-xp 00001000 103:02 39848110                  /usr/lib/x86_64-linux-gnu/ld-2.31.so
7fcd9c49e000-7fcd9c4a6000 r--p 00024000 103:02 39848110                  /usr/lib/x86_64-linux-gnu/ld-2.31.so
7fcd9c4a6000-7fcd9c4a7000 ---p 00000000 00:00 0 
7fcd9c4a7000-7fcd9c4a8000 r--p 0002c000 103:02 39848110                  /usr/lib/x86_64-linux-gnu/ld-2.31.so
7fcd9c4a8000-7fcd9c4a9000 rw-p 0002d000 103:02 39848110                  /usr/lib/x86_64-linux-gnu/ld-2.31.so
7fcd9c4a9000-7fcd9c4aa000 rw-p 00000000 00:00 0 
7fff366cb000-7fff366cf000 ---p 00000000 00:00 0 
7fff366cf000-7fff367cb000 rw-p 00000000 00:00 0                          [stack]
7fff367e9000-7fff367ed000 r--p 00000000 00:00 0                          [vvar]
7fff367ed000-7fff367ef000 r-xp 00000000 00:00 0                          [vdso]
ffffffffff600000-ffffffffff601000 --xp 00000000 00:00 0                  [vsyscall]


VM Arguments:
jvm_args: -XX:ThreadPriorityPolicy=1 -XX:+UnlockExperimentalVMOptions -XX:+EnableJVMCIProduct -XX:-UnlockExperimentalVMOptions -Dorg.graalvm.launcher.class=com.oracle.graal.python.shell.GraalPythonMain -Dorg.graalvm.launcher.executablename=python 
java_command: <unknown>
java_class_path (initial): /home/a4090/miniconda3/envs/auto_pose/lib/jvm/languages/python/bin/../../../lib/graalvm/graalpython-launcher.jar:/home/a4090/miniconda3/envs/auto_pose/lib/jvm/languages/python/bin/../../../lib/graalvm/launcher-common.jar
Launcher Type: generic

[Global flags]
     intx CICompilerCount                          = 15                                        {product} {ergonomic}
     uint ConcGCThreads                            = 6                                         {product} {ergonomic}
     bool EnableJVMCIProduct                       = true                                {JVMCI product} {jimage}
     uint G1ConcRefinementThreads                  = 23                                        {product} {ergonomic}
   size_t G1HeapRegionSize                         = 16777216                                  {product} {ergonomic}
    uintx GCDrainStackTargetSize                   = 64                                        {product} {ergonomic}
   size_t InitialHeapSize                          = 2113929216                                {product} {ergonomic}
   size_t MarkStackSize                            = 4194304                                   {product} {ergonomic}
   size_t MaxHeapSize                              = 32178700288                               {product} {ergonomic}
   size_t MaxNewSize                               = 19293798400                               {product} {ergonomic}
   size_t MinHeapDeltaBytes                        = 16777216                                  {product} {ergonomic}
   size_t MinHeapSize                              = 16777216                                  {product} {ergonomic}
    uintx NonNMethodCodeHeapSize                   = 11613124                               {pd product} {ergonomic}
    uintx NonProfiledCodeHeapSize                  = 120022558                              {pd product} {ergonomic}
    uintx ProfiledCodeHeapSize                     = 120022558                              {pd product} {ergonomic}
    uintx ReservedCodeCacheSize                    = 251658240                              {pd product} {ergonomic}
     bool SegmentedCodeCache                       = true                                      {product} {ergonomic}
   size_t SoftMaxHeapSize                          = 32178700288                            {manageable} {ergonomic}
     intx ThreadPriorityPolicy                     = 1                                         {product} {jimage}
     bool UseCompressedClassPointers               = true                           {product lp64_product} {ergonomic}
     bool UseCompressedOops                        = true                           {product lp64_product} {ergonomic}
     bool UseG1GC                                  = true                                      {product} {ergonomic}

Logging:
Log output configuration:
 #0: stdout all=warning uptime,level,tags
 #1: stderr all=off uptime,level,tags

Environment Variables:
PATH=/home/a4090/miniconda3/envs/auto_pose/bin:/opt/ros/noetic/bin:/home/a4090/miniconda3/condabin:/home/a4090/.local/bin:/home/a4090/bin:/usr/local/sbin:/usr/local/bin:/usr/sbin:/usr/bin:/sbin:/bin:/usr/games:/usr/local/games:/snap/bin
LD_LIBRARY_PATH=/home/a4090/CoppeliaSim:/usr/lib/x86_64-linux-gnu:/opt/ros/noetic/lib:/opt/ros/noetic/lib/x86_64-linux-gnu
SHELL=/bin/bash
DISPLAY=:0
LANG=en_US.UTF-8
LC_NUMERIC=zh_CN.UTF-8
LC_TIME=zh_CN.UTF-8
TERM=xterm-256color

Active Locale:
LC_ALL=LC_CTYPE=en_US.UTF-8;LC_NUMERIC=zh_CN.UTF-8;LC_TIME=zh_CN.UTF-8;LC_COLLATE=en_US.UTF-8;LC_MONETARY=zh_CN.UTF-8;LC_MESSAGES=en_US.UTF-8;LC_PAPER=zh_CN.UTF-8;LC_NAME=zh_CN.UTF-8;LC_ADDRESS=zh_CN.UTF-8;LC_TELEPHONE=zh_CN.UTF-8;LC_MEASUREMENT=zh_CN.UTF-8;LC_IDENTIFICATION=zh_CN.UTF-8
LC_COLLATE=en_US.UTF-8
LC_CTYPE=en_US.UTF-8
LC_MESSAGES=en_US.UTF-8
LC_MONETARY=zh_CN.UTF-8
LC_NUMERIC=zh_CN.UTF-8
LC_TIME=zh_CN.UTF-8

Signal Handlers:
   SIGSEGV: crash_handler in libjvm.so, mask=11100100010111111101111111111110, flags=SA_RESTART|SA_SIGINFO, unblocked
    SIGBUS: crash_handler in libjvm.so, mask=11100100010111111101111111111110, flags=SA_RESTART|SA_SIGINFO, unblocked
    SIGFPE: crash_handler in libjvm.so, mask=11100100010111111101111111111110, flags=SA_RESTART|SA_SIGINFO, unblocked
   SIGPIPE: javaSignalHandler in libjvm.so, mask=11100100010111111101111111111110, flags=SA_RESTART|SA_SIGINFO, blocked
   SIGXFSZ: javaSignalHandler in libjvm.so, mask=11100100010111111101111111111110, flags=SA_RESTART|SA_SIGINFO, blocked
    SIGILL: crash_handler in libjvm.so, mask=11100100010111111101111111111110, flags=SA_RESTART|SA_SIGINFO, unblocked
   SIGUSR2: SR_handler in libjvm.so, mask=00000000000000000000000000000000, flags=SA_RESTART|SA_SIGINFO, blocked
    SIGHUP: UserHandler in libjvm.so, mask=11100100010111111101111111111110, flags=SA_RESTART|SA_SIGINFO, blocked
    SIGINT: UserHandler in libjvm.so, mask=11100100010111111101111111111110, flags=SA_RESTART|SA_SIGINFO, blocked
   SIGTERM: UserHandler in libjvm.so, mask=11100100010111111101111111111110, flags=SA_RESTART|SA_SIGINFO, blocked
   SIGQUIT: UserHandler in libjvm.so, mask=11100100010111111101111111111110, flags=SA_RESTART|SA_SIGINFO, blocked
   SIGTRAP: crash_handler in libjvm.so, mask=11100100010111111101111111111110, flags=SA_RESTART|SA_SIGINFO, unblocked


---------------  S Y S T E M  ---------------

OS:
DISTRIB_ID=Ubuntu
DISTRIB_RELEASE=20.04
DISTRIB_CODENAME=focal
DISTRIB_DESCRIPTION="Ubuntu 20.04.6 LTS"
uname: Linux 5.15.0-119-generic #129~20.04.1-Ubuntu SMP Wed Aug 7 13:07:13 UTC 2024 x86_64
OS uptime: 1 days 19:57 hours
libc: glibc 2.31 NPTL 2.31 
rlimit (soft/hard): STACK 8192k/infinity , CORE 0k/infinity , NPROC 513269/513269 , NOFILE 1048576/1048576 , AS infinity/infinity , CPU infinity/infinity , DATA infinity/infinity , FSIZE infinity/infinity , MEMLOCK 65536k/65536k
load average: 1048.56 1048.49 1047.87

/proc/meminfo:
MemTotal:       131491188 kB
MemFree:        34879388 kB
MemAvailable:   96392312 kB
Buffers:         7342836 kB
Cached:         35916580 kB
SwapCached:            0 kB
Active:         25307056 kB
Inactive:       48011484 kB
Active(anon):      15808 kB
Inactive(anon): 31132700 kB
Active(file):   25291248 kB
Inactive(file): 16878784 kB
Unevictable:        1008 kB
Mlocked:            1008 kB
SwapTotal:       4194300 kB
SwapFree:        4194300 kB
Dirty:            937676 kB
Writeback:             0 kB
AnonPages:      30052520 kB
Mapped:          3117748 kB
Shmem:           1089500 kB
KReclaimable:   20593744 kB
Slab:           22165472 kB
SReclaimable:   20593744 kB
SUnreclaim:      1571728 kB
KernelStack:      108832 kB
PageTables:       406480 kB
NFS_Unstable:          0 kB
Bounce:                0 kB
WritebackTmp:          0 kB
CommitLimit:    69939892 kB
Committed_AS:   107896180 kB
VmallocTotal:   34359738367 kB
VmallocUsed:      237988 kB
VmallocChunk:          0 kB
Percpu:            46208 kB
HardwareCorrupted:     0 kB
AnonHugePages:     45056 kB
ShmemHugePages:        0 kB
ShmemPmdMapped:        0 kB
FileHugePages:         0 kB
FilePmdMapped:         0 kB
HugePages_Total:       0
HugePages_Free:        0
HugePages_Rsvd:        0
HugePages_Surp:        0
Hugepagesize:       2048 kB
Hugetlb:               0 kB
DirectMap4k:     3691340 kB
DirectMap2M:    29454336 kB
DirectMap1G:    100663296 kB

/sys/kernel/mm/transparent_hugepage/enabled: always [madvise] never
/sys/kernel/mm/transparent_hugepage/defrag (defrag/compaction efforts parameter): always defer defer+madvise [madvise] never

Process Memory:
Virtual Size: 39512208K (peak: 39513232K)
Resident Set Size: 912144K (peak: 912144K) (anon: 690408K, file: 221736K, shmem: 0K)
Swapped out: 0K
C-Heap outstanding allocations: 99093K, retained: 7810K
glibc malloc tunables: (default)

/proc/sys/kernel/threads-max (system-wide limit on the number of threads): 1026538
/proc/sys/vm/max_map_count (maximum number of memory map areas a process may have): 65530
/proc/sys/kernel/pid_max (system-wide limit on number of process identifiers): 4194304

container (cgroup) information:
container_type: cgroupv1
cpu_cpuset_cpus: 0-31
cpu_memory_nodes: 0
active_processor_count: 32
cpu_quota: no quota
cpu_period: 100000
cpu_shares: no shares
memory_limit_in_bytes: unlimited
memory_and_swap_limit_in_bytes: unlimited
memory_soft_limit_in_bytes: unlimited
memory_usage_in_bytes: 81688692 k
memory_max_usage_in_bytes: 81720772 k
kernel_memory_usage_in_bytes: 19245880 k
kernel_memory_max_usage_in_bytes: unlimited
kernel_memory_limit_in_bytes: 19246932 k
maximum number of tasks: unlimited
current number of tasks: 5672

Steal ticks since vm start: 0
Steal ticks percentage since vm start:  0.000

CPU: total 32 (initial active 32) (16 cores per cpu, 2 threads per core) family 6 model 183 stepping 1 microcode 0x123, cx8, cmov, fxsr, ht, mmx, 3dnowpref, sse, sse2, sse3, ssse3, sse4.1, sse4.2, popcnt, lzcnt, tsc, tscinvbit, avx, avx2, aes, erms, clmul, bmi1, bmi2, adx, sha, fma, vzeroupper, clflush, clflushopt, clwb
CPU Model and flags from /proc/cpuinfo:
model name	: Intel(R) Core(TM) i9-14900K
flags		: fpu vme de pse tsc msr pae mce cx8 apic sep mtrr pge mca cmov pat pse36 clflush dts acpi mmx fxsr sse sse2 ss ht tm pbe syscall nx pdpe1gb rdtscp lm constant_tsc art arch_perfmon pebs bts rep_good nopl xtopology nonstop_tsc cpuid aperfmperf tsc_known_freq pni pclmulqdq dtes64 monitor ds_cpl vmx smx est tm2 ssse3 sdbg fma cx16 xtpr pdcm sse4_1 sse4_2 x2apic movbe popcnt tsc_deadline_timer aes xsave avx f16c rdrand lahf_lm abm 3dnowprefetch cpuid_fault epb ssbd ibrs ibpb stibp ibrs_enhanced tpr_shadow vnmi flexpriority ept vpid ept_ad fsgsbase tsc_adjust bmi1 avx2 smep bmi2 erms invpcid rdseed adx smap clflushopt clwb intel_pt sha_ni xsaveopt xsavec xgetbv1 xsaves split_lock_detect avx_vnni dtherm ida arat pln pts hwp hwp_notify hwp_act_window hwp_epp hwp_pkg_req umip pku ospke waitpkg gfni vaes vpclmulqdq tme rdpid movdiri movdir64b fsrm md_clear serialize pconfig arch_lbr flush_l1d arch_capabilities

Online cpus: 0-31
Offline cpus: 
BIOS frequency limitation: <Not Available>
Frequency switch latency (ns): 0
Available cpu frequencies: <Not Available>
Current governor: performance
Core performance/turbo boost: <Not Available>

Memory: 4k page, physical 131491188k(34859228k free), swap 4194300k(4194300k free)
Page Sizes: 4k

vm_info: OpenJDK 64-Bit Server VM (17.0.7+4-jvmci-23.0-b10) for linux-amd64 JRE (17.0.7+4-jvmci-23.0-b10), built on Mar 24 2023 22:17:53 by "buildslave" with gcc 10.3.0

END.
