#
# A fatal error has been detected by the Java Runtime Environment:
#
#  SIGSEGV (0xb) at pc=0x00007efd9e8e7d90, pid=164005, tid=164027
#
# JRE version: OpenJDK Runtime Environment GraalVM CE 17.0.7+4.1 (17.0.7+4) (build 17.0.7+4-jvmci-23.0-b10)
# Java VM: OpenJDK 64-Bit Server VM GraalVM CE 17.0.7+4.1 (17.0.7+4-jvmci-23.0-b10, mixed mode, sharing, tiered, jvmci, jvmci compiler, compressed oops, compressed class ptrs, g1 gc, linux-amd64)
# Problematic frame:
# C  [libjvmcicompiler.so+0xe33d90]  ReversePostOrder_compute_22a3ad287169c4622df430b4d5fe4ea6f9af204c+0x500
#
# Core dump will be written. Default location: Core dumps may be processed with "/usr/share/apport/apport -p%p -s%s -c%c -d%d -P%P -u%u -g%g -- %E" (or dumping to /home/a4090/ljc/AutoPoseEstimator/core.164005)
#
# If you would like to submit a bug report, please visit:
#   https://github.com/oracle/graal/issues
# The crash happened outside the Java Virtual Machine in native code.
# See problematic frame for where to report the bug.
#

---------------  S U M M A R Y ------------

Command Line: -XX:ThreadPriorityPolicy=1 -XX:+UnlockExperimentalVMOptions -XX:+EnableJVMCIProduct -XX:-UnlockExperimentalVMOptions -Dorg.graalvm.launcher.class=com.oracle.graal.python.shell.GraalPythonMain -Dorg.graalvm.launcher.executablename=python 

Host: Intel(R) Core(TM) i9-14900K, 32 cores, 125G, Ubuntu 20.04.6 LTS
Time: Thu Feb 27 16:43:01 2025 CST elapsed time: 2.121131 seconds (0d 0h 0m 2s)

---------------  T H R E A D  ---------------

Current thread (0x00007efdbc04b4f0):  JavaThread "JVMCI-native CompilerThread3" daemon [_thread_in_native, id=164027, stack(0x00007efd96dfd000,0x00007efd96ffe000)]


Current CompileTask:
JVMCI-native:   2121 7873       4       com.oracle.graal.python.pegparser.Parser::bitwise_or_rule (104 bytes)

Stack: [0x00007efd96dfd000,0x00007efd96ffe000],  sp=0x00007efd96ffaf60,  free space=2039k
Native frames: (J=compiled Java code, j=interpreted, Vv=VM code, C=native code)
C  [libjvmcicompiler.so+0xe33d90]  ReversePostOrder_compute_22a3ad287169c4622df430b4d5fe4ea6f9af204c+0x500
C  [libjvmcicompiler.so+0xe35e3d]  ReversePostOrder_identifyBlocks_629b47907d9fb02ad451e80c07c58a27d2eb2f05+0x10d
C  [libjvmcicompiler.so+0xe2546c]  ControlFlowGraph_identifyBlocks_1528316fdf7ce7677bd1187bdf865aecdb8b2aa3+0x30c
C  [libjvmcicompiler.so+0xe1f3d7]  ControlFlowGraph_compute_669901a6ae2cfc46f2f30de6af99f1f9b38e933d+0x267
C  [libjvmcicompiler.so+0xf6d7be]  FixedNodeRelativeFrequencyCache_applyAsDouble_0a73083f08524c77b268fe47c932728dca756328+0x15e
C  [libjvmcicompiler.so+0xf6df60]  FixedNodeRelativeFrequencyCache_handleMerge_78c09b02cf9e93222b937c132550a8e52722c101+0xb0
C  [libjvmcicompiler.so+0xf6d92a]  FixedNodeRelativeFrequencyCache_applyAsDouble_0a73083f08524c77b268fe47c932728dca756328+0x2ca
C  [libjvmcicompiler.so+0xf6d82f]  FixedNodeRelativeFrequencyCache_applyAsDouble_0a73083f08524c77b268fe47c932728dca756328+0x1cf
C  [libjvmcicompiler.so+0xf6df60]  FixedNodeRelativeFrequencyCache_handleMerge_78c09b02cf9e93222b937c132550a8e52722c101+0xb0
C  [libjvmcicompiler.so+0xf6d92a]  FixedNodeRelativeFrequencyCache_applyAsDouble_0a73083f08524c77b268fe47c932728dca756328+0x2ca
C  [libjvmcicompiler.so+0xf6e005]  FixedNodeRelativeFrequencyCache_handleMerge_78c09b02cf9e93222b937c132550a8e52722c101+0x155
C  [libjvmcicompiler.so+0xf6d92a]  FixedNodeRelativeFrequencyCache_applyAsDouble_0a73083f08524c77b268fe47c932728dca756328+0x2ca
C  [libjvmcicompiler.so+0xf6d82f]  FixedNodeRelativeFrequencyCache_applyAsDouble_0a73083f08524c77b268fe47c932728dca756328+0x1cf
C  [libjvmcicompiler.so+0xf6e005]  FixedNodeRelativeFrequencyCache_handleMerge_78c09b02cf9e93222b937c132550a8e52722c101+0x155
C  [libjvmcicompiler.so+0xf6d92a]  FixedNodeRelativeFrequencyCache_applyAsDouble_0a73083f08524c77b268fe47c932728dca756328+0x2ca
C  [libjvmcicompiler.so+0xf6d82f]  FixedNodeRelativeFrequencyCache_applyAsDouble_0a73083f08524c77b268fe47c932728dca756328+0x1cf
C  [libjvmcicompiler.so+0xf6e005]  FixedNodeRelativeFrequencyCache_handleMerge_78c09b02cf9e93222b937c132550a8e52722c101+0x155
C  [libjvmcicompiler.so+0xf6d92a]  FixedNodeRelativeFrequencyCache_applyAsDouble_0a73083f08524c77b268fe47c932728dca756328+0x2ca
C  [libjvmcicompiler.so+0xf6df60]  FixedNodeRelativeFrequencyCache_handleMerge_78c09b02cf9e93222b937c132550a8e52722c101+0xb0
C  [libjvmcicompiler.so+0xf6d92a]  FixedNodeRelativeFrequencyCache_applyAsDouble_0a73083f08524c77b268fe47c932728dca756328+0x2ca
C  [libjvmcicompiler.so+0xf6d82f]  FixedNodeRelativeFrequencyCache_applyAsDouble_0a73083f08524c77b268fe47c932728dca756328+0x1cf
C  [libjvmcicompiler.so+0xf6d82f]  FixedNodeRelativeFrequencyCache_applyAsDouble_0a73083f08524c77b268fe47c932728dca756328+0x1cf
C  [libjvmcicompiler.so+0xf6df60]  FixedNodeRelativeFrequencyCache_handleMerge_78c09b02cf9e93222b937c132550a8e52722c101+0xb0
C  [libjvmcicompiler.so+0xf6d92a]  FixedNodeRelativeFrequencyCache_applyAsDouble_0a73083f08524c77b268fe47c932728dca756328+0x2ca
C  [libjvmcicompiler.so+0xf6d82f]  FixedNodeRelativeFrequencyCache_applyAsDouble_0a73083f08524c77b268fe47c932728dca756328+0x1cf
C  [libjvmcicompiler.so+0xf6d82f]  FixedNodeRelativeFrequencyCache_applyAsDouble_0a73083f08524c77b268fe47c932728dca756328+0x1cf
C  [libjvmcicompiler.so+0xf6d82f]  FixedNodeRelativeFrequencyCache_applyAsDouble_0a73083f08524c77b268fe47c932728dca756328+0x1cf
C  [libjvmcicompiler.so+0xf6d82f]  FixedNodeRelativeFrequencyCache_applyAsDouble_0a73083f08524c77b268fe47c932728dca756328+0x1cf
C  [libjvmcicompiler.so+0xf6d82f]  FixedNodeRelativeFrequencyCache_applyAsDouble_0a73083f08524c77b268fe47c932728dca756328+0x1cf
C  [libjvmcicompiler.so+0xf6d82f]  FixedNodeRelativeFrequencyCache_applyAsDouble_0a73083f08524c77b268fe47c932728dca756328+0x1cf
C  [libjvmcicompiler.so+0xf6d82f]  FixedNodeRelativeFrequencyCache_applyAsDouble_0a73083f08524c77b268fe47c932728dca756328+0x1cf
C  [libjvmcicompiler.so+0xf6d82f]  FixedNodeRelativeFrequencyCache_applyAsDouble_0a73083f08524c77b268fe47c932728dca756328+0x1cf
C  [libjvmcicompiler.so+0xf5bc00]  ComputeInliningRelevance$Scope_computeInvokeRelevance_f7f353d4000d82755774c7d4bbff9aecb25e424a+0x50
C  [libjvmcicompiler.so+0xf5c27e]  ComputeInliningRelevance$Scope_process_3022065bf7f7ce85e706ad7436285a4817fc0b91+0x2de
C  [libjvmcicompiler.so+0xf5d75f]  ComputeInliningRelevance_compute_dadf612bb10682c9574a89ed22b634a823108fc1+0x73f
C  [libjvmcicompiler.so+0xf5ad05]  CallsiteHolderExplorable_constructor_95cd0c6ca66fc6bede7690d468fd6ef83885bb2e+0x2d5
C  [libjvmcicompiler.so+0xf6a9b7]  MethodInvocation_buildCallsiteHolderForElement_fba6193dbc169b5bc6f0420f4904badea4272b96+0x1d7
C  [libjvmcicompiler.so+0xf683b8]  InliningData_pushInvocationAndGraphs_3dd4e9391512d80f162ecc38486e2a3f203a5d20+0xb8
C  [libjvmcicompiler.so+0xf681d7]  InliningData_processNextInvoke_64a9bc47b14b993de0d6226a28df35306f7d5acb+0x277
C  [libjvmcicompiler.so+0xf67678]  InliningData_moveForward_b7d91350e64dbb1981896e43b64db0b8c05dfe9d+0x2d8
C  [libjvmcicompiler.so+0xf3c2f3]  InliningPhase_run_8d564573dbddaf9a8430502820dff164777ea734+0x1b3
C  [libjvmcicompiler.so+0xf3c105]  InliningPhase_run_0d2d23dda587f4023fadfdcf4bb044a5b9b7e8cd+0x45
C  [libjvmcicompiler.so+0xedf9f2]  BasePhase_apply_a7a34a5581cb5bc9dd94a67363b0d35949922111+0x812
C  [libjvmcicompiler.so+0x98fc46]  BaseTier_run_452c2cb1b8cbe93c2c1e0721e00f05de04a0754a+0x1d6
C  [libjvmcicompiler.so+0xedf9f2]  BasePhase_apply_a7a34a5581cb5bc9dd94a67363b0d35949922111+0x812
C  [libjvmcicompiler.so+0x8d8675]  GraalCompiler_emitFrontEnd_ca4f472adcd3262192293d187aa8b916d506307f+0x225
C  [libjvmcicompiler.so+0x8d7565]  GraalCompiler_compile_ceb52c95b6a3c674ccaed5facbfe09d5e9f54cc5+0x145
C  [libjvmcicompiler.so+0x8d7c76]  GraalCompiler_compileGraph_f280e33c706d40a0afcca65e1d60adc30f56adda+0x216
C  [libjvmcicompiler.so+0xa38d99]  HotSpotGraalCompiler_compileHelper_0a0161871a4bb826d56e510d05c94651b1b1ca6e+0x349
C  [libjvmcicompiler.so+0xa389c7]  HotSpotGraalCompiler_compile_1975ef7445a45fb1cdca640e8d6289875c5e729a+0x107
C  [libjvmcicompiler.so+0xa0377c]  CompilationTask$HotSpotCompilationWrapper_performCompilation_427b3010ad884e165b85b188dcc115cc72ac542f+0x27c
C  [libjvmcicompiler.so+0xa034d7]  CompilationTask$HotSpotCompilationWrapper_performCompilation_26176fc97ea6d28eeb5ead39f5243f562b8f8a7a+0x17
C  [libjvmcicompiler.so+0x8d6204]  CompilationWrapper_run_d730478f4ce8f539b4955ca0a99f3c6f484bea17+0x64
C  [libjvmcicompiler.so+0xa05ec6]  CompilationTask_runCompilation_b757e01c868ec3e0e8fed71a764850de44da1a1b+0x206
C  [libjvmcicompiler.so+0xa05a35]  CompilationTask_runCompilation_d1bd90bb87908e90179175e8d6c5e780d0547ca2+0xf5
C  [libjvmcicompiler.so+0xa39b4b]  HotSpotGraalCompiler_compileMethod_0ff35a48b2496422594578a94354f0ef9b35beb7+0x53b
C  [libjvmcicompiler.so+0xa3951b]  HotSpotGraalCompiler_compileMethod_1d8dfc2fbb5478d3b7400bbb97604e7defc50a57+0xcb
C  [libjvmcicompiler.so+0xa39427]  HotSpotGraalCompiler_compileMethod_fa2dc57660c63e427b85f2d1f6729a672f5660c9+0x17
C  [libjvmcicompiler.so+0x8265be]  HotSpotJVMCIRuntime_compileMethod_d0551eb00a95b4c222b2a67a9746353d2d54cfa9+0xee
C  [libjvmcicompiler.so+0x246852]  JNIJavaCallWrapperHolder_invoke_933534d18920673463b37187ac6a37fffc051899_d7572e28f4028f5f5b18a826fd2d7af0608204fc+0x1e2
C  [libjvmcicompiler.so+0x235194]  JNIJavaCallVariantWrapperHolder_invokeJJIJIJI_J_VA_LIST_Nonvirtual_6f4000c7b26b332becfc76557b165731801a6b35+0x164
V  [libjvm.so+0x94f19a]  JNIEnv_::CallNonvirtualObjectMethod(_jobject*, _jclass*, _jmethodID*, ...)+0x7a
V  [libjvm.so+0x94042b]  JVMCIEnv::call_HotSpotJVMCIRuntime_compileMethod(JVMCIObject, JVMCIObject, int, long, int)+0x2cb
V  [libjvm.so+0x97b50d]  JVMCIRuntime::compile_method(JVMCIEnv*, JVMCICompiler*, methodHandle const&, int)+0x1ed
V  [libjvm.so+0x5b4790]  CompileBroker::invoke_compiler_on_method(CompileTask*)+0x1470
V  [libjvm.so+0x5b4d58]  CompileBroker::compiler_thread_loop()+0x528
V  [libjvm.so+0xd8ccf0]  JavaThread::thread_main_inner()+0xd0
V  [libjvm.so+0xd902d0]  Thread::call_run()+0xc0
V  [libjvm.so+0xbe0f51]  thread_native_entry(Thread*)+0xe1


siginfo: si_signo: 11 (SIGSEGV), si_code: 1 (SEGV_MAPERR), si_addr: 0x0000000000000001

Register to memory mapping:

RAX=0x0000000000000001 is an unknown value
RBX=0x00007efc5e0bd3b0 points into unknown readable memory: 0x0000000000825650 | 50 56 82 00 00 00 00 00
RCX=0x0 is NULL
RDX=0x0000000000001087 is an unknown value
RSP=0x00007efd96ffaf60 is pointing into the stack for thread: 0x00007efdbc04b4f0
RBP=0x00007efd96ffb000 is pointing into the stack for thread: 0x00007efdbc04b4f0
RSI=0x00007efd2cea83e8 points into unknown readable memory: 0x00000000007671a0 | a0 71 76 00 00 00 00 00
RDI=0xfffffffffffffff8 is an unknown value
R8 =0x00007efd2cea9068 points into unknown readable memory: 0x0000000000774810 | 10 48 77 00 00 00 00 00
R9 =0x00007efc5e0bccd0 points into unknown readable memory: 0x00000000008babb8 | b8 ab 8b 00 00 00 00 00
R10=0x00007efc5e0bcc30 points into unknown readable memory: 0x00000000008babb8 | b8 ab 8b 00 00 00 00 00
R11=0xfffffffed73bcb88 is an unknown value
R12=0x00000000008baca8 is an unknown value
R13=0x00007efc5e0bcc50 points into unknown readable memory: 0x00000000008baca8 | a8 ac 8b 00 00 00 00 00
R14=0x00007efd86d00000 is an unknown value
R15=0x00007efd8c049240 points into unknown readable memory: 0x00007efd8745f010 | 10 f0 45 87 fd 7e 00 00


Registers:
RAX=0x0000000000000001, RBX=0x00007efc5e0bd3b0, RCX=0x0000000000000000, RDX=0x0000000000001087
RSP=0x00007efd96ffaf60, RBP=0x00007efd96ffb000, RSI=0x00007efd2cea83e8, RDI=0xfffffffffffffff8
R8 =0x00007efd2cea9068, R9 =0x00007efc5e0bccd0, R10=0x00007efc5e0bcc30, R11=0xfffffffed73bcb88
R12=0x00000000008baca8, R13=0x00007efc5e0bcc50, R14=0x00007efd86d00000, R15=0x00007efd8c049240
RIP=0x00007efd9e8e7d90, EFLAGS=0x0000000000010283, CSGSFS=0x002b000000000033, ERR=0x0000000000000004
  TRAPNO=0x000000000000000e

Top of Stack: (sp=0x00007efd96ffaf60)
0x00007efd96ffaf60:   00007efd96ffaf80 00007efd9e4aab7d
0x00007efd96ffaf70:   00007efd96ffafa0 00007efd9e03c56a
0x00007efd96ffaf80:   00007efc5e0bd0a0 00007efc5e0bd0a0
0x00007efd96ffaf90:   00007efd2cea9068 00007efd875baca8 

Instructions: (pc=0x00007efd9e8e7d90)
0x00007efd9e8e7c90:   e8 8b 76 ba ff 90 49 3b c6 0f 84 07 0f 00 00 48
0x00007efd9e8e7ca0:   be 98 ad 8b 00 00 00 00 00 48 c7 c7 f8 ff ff ff
0x00007efd9e8e7cb0:   48 23 38 48 3b f7 0f 85 2e 1e 00 00 48 89 44 24
0x00007efd9e8e7cc0:   28 49 3b c6 0f 84 0d 1e 00 00 48 8b f8 66 66 90
0x00007efd9e8e7cd0:   e8 ab f3 ff ff 90 85 c0 0f 84 e8 02 00 00 48 8b
0x00007efd9e8e7ce0:   4c 24 28 48 8b 51 10 48 85 d2 0f 84 28 1e 00 00
0x00007efd9e8e7cf0:   48 bf f8 97 79 00 00 00 00 00 49 8d 3c 3e 49 8b
0x00007efd9e8e7d00:   77 28 48 8d 5e 20 49 2b fe 0f 1f 80 00 00 00 00
0x00007efd9e8e7d10:   49 3b 5f 20 0f 87 2b 17 00 00 49 89 5f 28 0f 18
0x00007efd9e8e7d20:   86 e0 00 00 00 48 89 3e c7 46 08 00 00 00 00 c7
0x00007efd9e8e7d30:   46 0c 00 00 00 00 48 c7 46 10 00 00 00 00 48 c7
0x00007efd9e8e7d40:   46 18 00 00 00 00 48 89 56 10 66 0f 1f 44 00 00
0x00007efd9e8e7d50:   48 f7 06 02 00 00 00 0f 85 18 12 00 00 48 b8 a0
0x00007efd9e8e7d60:   71 76 00 00 00 00 00 49 8d 04 06 48 8b fe 48 8b
0x00007efd9e8e7d70:   f0 e8 ca 1c 50 00 90 48 8b f8 e8 41 20 50 00 90
0x00007efd9e8e7d80:   49 3b c6 0f 84 26 00 00 00 48 c7 c7 f8 ff ff ff
0x00007efd9e8e7d90:   48 23 38 b9 ff ff 00 00 41 23 4c 3e 10 8d b9 bc
0x00007efd9e8e7da0:   ef ff ff 81 ff 0c 01 00 00 0f 83 ac 1d 00 00 90
0x00007efd9e8e7db0:   49 3b c6 0f 84 9c 01 00 00 49 3b c6 0f 84 24 19
0x00007efd9e8e7dc0:   00 00 48 89 44 24 30 48 b9 30 2d 76 00 00 00 00
0x00007efd9e8e7dd0:   00 48 c7 c7 f8 ff ff ff 48 23 38 48 3b cf 0f 84
0x00007efd9e8e7de0:   e7 01 00 00 48 8b 54 24 48 4c 8b 44 24 58 48 bb
0x00007efd9e8e7df0:   a0 71 76 00 00 00 00 00 48 3b df 0f 84 21 03 00
0x00007efd9e8e7e00:   00 48 8b 7c 24 70 48 8b f0 e8 d2 9c fe ff 90 90
0x00007efd9e8e7e10:   49 3b c6 0f 84 0e 1d 00 00 48 89 44 24 50 48 8b
0x00007efd9e8e7e20:   78 30 49 8d 3c 3e 66 66 0f 1f 84 00 00 00 00 00
0x00007efd9e8e7e30:   48 3b 7c 24 30 0f 84 11 0a 00 00 48 89 84 24 98
0x00007efd9e8e7e40:   00 00 00 8b 84 24 90 00 00 00 89 84 24 84 00 00
0x00007efd9e8e7e50:   00 48 8b 84 24 98 00 00 00 48 8b 7c 24 58 48 8b
0x00007efd9e8e7e60:   74 24 30 e8 48 14 bb ff 90 48 8b 44 24 50 48 8b
0x00007efd9e8e7e70:   78 38 49 8d 3c 3e 48 3b 7c 24 30 0f 84 a6 08 00
0x00007efd9e8e7e80:   00 48 8b 54 24 30 48 c7 c7 f8 ff ff ff 48 23 3a 


Stack slot to memory mapping:
stack at sp + 0 slots: 0x00007efd96ffaf80 is pointing into the stack for thread: 0x00007efdbc04b4f0
stack at sp + 1 slots: 0x00007efd9e4aab7d: <offset 0x00000000009f6b7d> in /home/a4090/miniconda3/envs/auto/lib/jvm/lib/libjvmcicompiler.so at 0x00007efd9dab4000
stack at sp + 2 slots: 0x00007efd96ffafa0 is pointing into the stack for thread: 0x00007efdbc04b4f0
stack at sp + 3 slots: 0x00007efd9e03c56a: <offset 0x000000000058856a> in /home/a4090/miniconda3/envs/auto/lib/jvm/lib/libjvmcicompiler.so at 0x00007efd9dab4000
stack at sp + 4 slots: 0x00007efc5e0bd0a0 points into unknown readable memory: 0x00000000008bad98 | 98 ad 8b 00 00 00 00 00
stack at sp + 5 slots: 0x00007efc5e0bd0a0 points into unknown readable memory: 0x00000000008bad98 | 98 ad 8b 00 00 00 00 00
stack at sp + 6 slots: 0x00007efd2cea9068 points into unknown readable memory: 0x0000000000774810 | 10 48 77 00 00 00 00 00
stack at sp + 7 slots: 0x00007efd875baca8 points into unknown readable memory: 0x0000000000812a18 | 18 2a 81 00 00 00 00 00


---------------  P R O C E S S  ---------------

Threads class SMR info:
_java_thread_list=0x00007efc900043a0, length=36, elements={
0x000055a9ebb9f860, 0x000055a9ebd93a90, 0x000055a9ebd94ee0, 0x000055a9ebd9b730,
0x000055a9ebd9cb10, 0x000055a9ebd9df50, 0x000055a9ebd9f970, 0x000055a9ebda0ed0,
0x000055a9ebdaa360, 0x00007efdb004c030, 0x000055a9ebdb8be0, 0x00007efda8052710,
0x000055a9ebe00280, 0x00007efdbc045730, 0x00007efdbc046910, 0x00007efdbc04b4f0,
0x00007efda007a110, 0x000055a9ec10c390, 0x00007efd7c06bf80, 0x00007efda00edca0,
0x00007efda00eedc0, 0x000055a9ec2b08b0, 0x000055a9ed1a5e30, 0x000055a9ec565f70,
0x000055a9ed20c620, 0x000055a9ed216980, 0x000055a9ed235a80, 0x000055a9ed272990,
0x000055a9ed274350, 0x000055a9ed27faa0, 0x000055a9ed2822f0, 0x000055a9ed2aa110,
0x000055a9ed2c1360, 0x000055a9ed342990, 0x00007efc78000f50, 0x00007efc90003370
}

Java Threads: ( => current thread )
  0x000055a9ebb9f860 JavaThread "main" [_thread_in_Java, id=164005, stack(0x00007fffcbf83000,0x00007fffcc083000)]
  0x000055a9ebd93a90 JavaThread "Reference Handler" daemon [_thread_blocked, id=164012, stack(0x00007efde2330000,0x00007efde2431000)]
  0x000055a9ebd94ee0 JavaThread "Finalizer" daemon [_thread_blocked, id=164013, stack(0x00007efde222f000,0x00007efde2330000)]
  0x000055a9ebd9b730 JavaThread "Signal Dispatcher" daemon [_thread_blocked, id=164014, stack(0x00007efde18bd000,0x00007efde19be000)]
  0x000055a9ebd9cb10 JavaThread "Service Thread" daemon [_thread_blocked, id=164015, stack(0x00007efde17bc000,0x00007efde18bd000)]
  0x000055a9ebd9df50 JavaThread "Monitor Deflation Thread" daemon [_thread_blocked, id=164016, stack(0x00007efde16bb000,0x00007efde17bc000)]
  0x000055a9ebd9f970 JavaThread "JVMCI-native CompilerThread0" daemon [_thread_in_native, id=164017, stack(0x00007efde14ba000,0x00007efde16bb000)]
  0x000055a9ebda0ed0 JavaThread "C1 CompilerThread0" daemon [_thread_blocked, id=164018, stack(0x00007efde12b9000,0x00007efde14ba000)]
  0x000055a9ebdaa360 JavaThread "Sweeper thread" daemon [_thread_blocked, id=164019, stack(0x00007efde11b8000,0x00007efde12b9000)]
  0x00007efdb004c030 JavaThread "C1 CompilerThread1" daemon [_thread_in_native, id=164020, stack(0x00007efde0fb7000,0x00007efde11b8000)]
  0x000055a9ebdb8be0 JavaThread "Common-Cleaner" daemon [_thread_blocked, id=164021, stack(0x00007efde0eb6000,0x00007efde0fb7000)]
  0x00007efda8052710 JavaThread "C1 CompilerThread2" daemon [_thread_blocked, id=164022, stack(0x00007efde0cb5000,0x00007efde0eb6000)]
  0x000055a9ebe00280 JavaThread "Notification Thread" daemon [_thread_blocked, id=164023, stack(0x00007efde0bb4000,0x00007efde0cb5000)]
  0x00007efdbc045730 JavaThread "JVMCI-native CompilerThread1" daemon [_thread_in_native, id=164025, stack(0x00007efd971ff000,0x00007efd97400000)]
  0x00007efdbc046910 JavaThread "JVMCI-native CompilerThread2" daemon [_thread_in_native, id=164026, stack(0x00007efd96ffe000,0x00007efd971ff000)]
=>0x00007efdbc04b4f0 JavaThread "JVMCI-native CompilerThread3" daemon [_thread_in_native, id=164027, stack(0x00007efd96dfd000,0x00007efd96ffe000)]
  0x00007efda007a110 JavaThread "C1 CompilerThread3" daemon [_thread_blocked, id=164028, stack(0x00007efd80bff000,0x00007efd80e00000)]
  0x000055a9ec10c390 JavaThread "process reaper" daemon [_thread_blocked, id=164030, stack(0x00007efde08de000,0x00007efde0900000)]
  0x00007efd7c06bf80 JavaThread "C1 CompilerThread4" daemon [_thread_blocked, id=164037, stack(0x00007efd7bdff000,0x00007efd7c000000)]
  0x00007efda00edca0 JavaThread "C1 CompilerThread5" daemon [_thread_blocked, id=164038, stack(0x00007efd7bbfe000,0x00007efd7bdff000)]
  0x00007efda00eedc0 JavaThread "C1 CompilerThread6" daemon [_thread_blocked, id=164039, stack(0x00007efd7b9fd000,0x00007efd7bbfe000)]
  0x000055a9ec2b08b0 JavaThread "TruffleCompilerThread-30" daemon [_thread_in_native, id=164040, stack(0x00007efd7b8fc000,0x00007efd7b9fd000)]
  0x000055a9ed1a5e30 JavaThread "TruffleCompilerThread-32" daemon [_thread_in_native, id=164070, stack(0x00007efd2cbff000,0x00007efd2cd00000)]
  0x000055a9ec565f70 JavaThread "TruffleCompilerThread-33" daemon [_thread_in_native, id=164071, stack(0x00007efcee5ff000,0x00007efcee700000)]
  0x000055a9ed20c620 JavaThread "TruffleCompilerThread-34" daemon [_thread_in_native_trans, id=164076, stack(0x00007efce4aff000,0x00007efce4c00000)]
  0x000055a9ed216980 JavaThread "TruffleCompilerThread-35" daemon [_thread_in_native, id=164077, stack(0x00007efcce5ff000,0x00007efcce700000)]
  0x000055a9ed235a80 JavaThread "TruffleCompilerThread-36" daemon [_thread_in_native, id=164078, stack(0x00007efcc5aff000,0x00007efcc5c00000)]
  0x000055a9ed272990 JavaThread "TruffleCompilerThread-37" daemon [_thread_in_native, id=164079, stack(0x00007efcbd8ff000,0x00007efcbda00000)]
  0x000055a9ed274350 JavaThread "TruffleCompilerThread-38" daemon [_thread_in_native, id=164080, stack(0x00007efcb7eff000,0x00007efcb8000000)]
  0x000055a9ed27faa0 JavaThread "TruffleCompilerThread-39" daemon [_thread_in_native, id=164081, stack(0x00007efcaeaff000,0x00007efcaec00000)]
  0x000055a9ed2822f0 JavaThread "TruffleCompilerThread-40" daemon [_thread_in_native, id=164082, stack(0x00007efcac2ff000,0x00007efcac400000)]
  0x000055a9ed2aa110 JavaThread "python-actions-pool-1-thread-1" daemon [_thread_blocked, id=164083, stack(0x00007efc978ff000,0x00007efc97a00000)]
  0x000055a9ed2c1360 JavaThread "nfi-gc" daemon [_thread_blocked, id=164084, stack(0x00007efc961ff000,0x00007efc96300000)]
  0x000055a9ed342990 JavaThread "python-actions-pool-2-thread-1" daemon [_thread_blocked, id=164085, stack(0x00007efc7d9ff000,0x00007efc7db00000)]
  0x00007efc78000f50 JavaThread "python-actions-pool-3-thread-1" daemon [_thread_blocked, id=164086, stack(0x00007efc8edf6000,0x00007efc8eef7000)]
  0x00007efc90003370 JavaThread "python-actions-pool-4-thread-1" daemon [_thread_blocked, id=164087, stack(0x00007efcec3ff000,0x00007efcec500000)]

Other Threads:
  0x000055a9ebd8f790 VMThread "VM Thread" [stack: 0x00007efde2433000,0x00007efde2533000] [id=164011]
  0x000055a9ebe01bf0 WatcherThread [stack: 0x00007efde0ab4000,0x00007efde0bb4000] [id=164024]
  0x000055a9ebbd6040 GCTaskThread "GC Thread#0" [stack: 0x00007efdf227b000,0x00007efdf237b000] [id=164006]
  0x00007efdd0008ea0 GCTaskThread "GC Thread#1" [stack: 0x00007efd78d00000,0x00007efd78e00000] [id=164043]
  0x00007efdd00098f0 GCTaskThread "GC Thread#2" [stack: 0x00007efd78bfe000,0x00007efd78cfe000] [id=164044]
  0x00007efdd000a340 GCTaskThread "GC Thread#3" [stack: 0x00007efd78afc000,0x00007efd78bfc000] [id=164045]
  0x00007efdd000ad90 GCTaskThread "GC Thread#4" [stack: 0x00007efd789fa000,0x00007efd78afa000] [id=164046]
  0x00007efdd000b7e0 GCTaskThread "GC Thread#5" [stack: 0x00007efd788f8000,0x00007efd789f8000] [id=164047]
  0x00007efdd000c230 GCTaskThread "GC Thread#6" [stack: 0x00007efd787f6000,0x00007efd788f6000] [id=164048]
  0x00007efdd000cc80 GCTaskThread "GC Thread#7" [stack: 0x00007efd786f4000,0x00007efd787f4000] [id=164049]
  0x00007efdd000d6d0 GCTaskThread "GC Thread#8" [stack: 0x00007efd785f2000,0x00007efd786f2000] [id=164050]
  0x00007efdd000e120 GCTaskThread "GC Thread#9" [stack: 0x00007efd784f0000,0x00007efd785f0000] [id=164051]
  0x00007efdd000eb70 GCTaskThread "GC Thread#10" [stack: 0x00007efd783ee000,0x00007efd784ee000] [id=164052]
  0x00007efdd000f600 GCTaskThread "GC Thread#11" [stack: 0x00007efd782ec000,0x00007efd783ec000] [id=164053]
  0x00007efdd0010090 GCTaskThread "GC Thread#12" [stack: 0x00007efd781ea000,0x00007efd782ea000] [id=164054]
  0x00007efdd0010b20 GCTaskThread "GC Thread#13" [stack: 0x00007efd780e8000,0x00007efd781e8000] [id=164055]
  0x00007efdd00115b0 GCTaskThread "GC Thread#14" [stack: 0x00007efd2ff00000,0x00007efd30000000] [id=164056]
  0x00007efdd0012430 GCTaskThread "GC Thread#15" [stack: 0x00007efd2fdfe000,0x00007efd2fefe000] [id=164057]
  0x00007efdd00132b0 GCTaskThread "GC Thread#16" [stack: 0x00007efd2fcfc000,0x00007efd2fdfc000] [id=164058]
  0x00007efdd0014130 GCTaskThread "GC Thread#17" [stack: 0x00007efd2fbfa000,0x00007efd2fcfa000] [id=164059]
  0x00007efdd0014fb0 GCTaskThread "GC Thread#18" [stack: 0x00007efd2faf8000,0x00007efd2fbf8000] [id=164060]
  0x00007efdd0015e30 GCTaskThread "GC Thread#19" [stack: 0x00007efd2f9f6000,0x00007efd2faf6000] [id=164061]
  0x00007efdd0016cb0 GCTaskThread "GC Thread#20" [stack: 0x00007efd2f8f4000,0x00007efd2f9f4000] [id=164062]
  0x00007efdd0017b30 GCTaskThread "GC Thread#21" [stack: 0x00007efd2f7f2000,0x00007efd2f8f2000] [id=164063]
  0x00007efdd00189b0 GCTaskThread "GC Thread#22" [stack: 0x00007efd2f6f0000,0x00007efd2f7f0000] [id=164064]
  0x000055a9ebbe6690 ConcurrentGCThread "G1 Main Marker" [stack: 0x00007efdf2179000,0x00007efdf2279000] [id=164007]
  0x000055a9ebbe7630 ConcurrentGCThread "G1 Conc#0" [stack: 0x00007efdf2077000,0x00007efdf2177000] [id=164008]
  0x00007efde4000d30 ConcurrentGCThread "G1 Conc#1" [stack: 0x00007efd2f5ee000,0x00007efd2f6ee000] [id=164065]
  0x00007efde4001b80 ConcurrentGCThread "G1 Conc#2" [stack: 0x00007efd2f4ec000,0x00007efd2f5ec000] [id=164066]
  0x00007efde4002610 ConcurrentGCThread "G1 Conc#3" [stack: 0x00007efd2f3ea000,0x00007efd2f4ea000] [id=164067]
  0x00007efde40030a0 ConcurrentGCThread "G1 Conc#4" [stack: 0x00007efd2f2e8000,0x00007efd2f3e8000] [id=164068]
  0x00007efde4003b30 ConcurrentGCThread "G1 Conc#5" [stack: 0x00007efd2f1e6000,0x00007efd2f2e6000] [id=164069]
  0x000055a9ebd5bae0 ConcurrentGCThread "G1 Refine#0" [stack: 0x00007efde27e9000,0x00007efde28e9000] [id=164009]
  0x00007efddc000d30 ConcurrentGCThread "G1 Refine#1" [stack: 0x00007efce6d00000,0x00007efce6e00000] [id=164072]
  0x00007efce0000d30 ConcurrentGCThread "G1 Refine#2" [stack: 0x00007efce6bfe000,0x00007efce6cfe000] [id=164073]
  0x00007efcd8000d30 ConcurrentGCThread "G1 Refine#3" [stack: 0x00007efce6afc000,0x00007efce6bfc000] [id=164074]
  0x00007efcdc000d30 ConcurrentGCThread "G1 Refine#4" [stack: 0x00007efce69fa000,0x00007efce6afa000] [id=164075]
  0x000055a9ebd5c9f0 ConcurrentGCThread "G1 Service" [stack: 0x00007efde26e7000,0x00007efde27e7000] [id=164010]

Threads with active compile tasks:
JVMCI-native CompilerThread0     2127 7880       4       com.oracle.graal.python.pegparser.Parser::bitwise_and_rule (104 bytes)
C1 CompilerThread1     2127 6948   !   3       com.oracle.graal.python.nodes.call.special.CallUnaryMethodNodeGen::executeAndSpecialize (3362 bytes)
JVMCI-native CompilerThread1     2127 7881       4       com.oracle.graal.python.pegparser.Parser::bitwise_xor_rule (104 bytes)
JVMCI-native CompilerThread2     2127 7774       4       com.oracle.graal.python.pegparser.Parser::shift_expr_rule (104 bytes)
JVMCI-native CompilerThread3     2127 7873       4       com.oracle.graal.python.pegparser.Parser::bitwise_or_rule (104 bytes)

VM state: not at safepoint (normal execution)

VM Mutex/Monitor currently owned by a thread: None

Heap address: 0x0000000082000000, size: 30688 MB, Compressed Oops mode: Zero based, Oop shift amount: 3

CDS archive(s) mapped at: [0x0000000800000000-0x0000000800bcb000-0x0000000800bcb000), size 12365824, SharedBaseAddress: 0x0000000800000000, ArchiveRelocationMode: 0.
Compressed class space mapped at: 0x0000000801000000-0x0000000841000000, reserved size: 1073741824
Narrow klass base: 0x0000000800000000, Narrow klass shift: 0, Narrow klass range: 0x100000000

GC Precious Log:
 CPUs: 32 total, 32 available
 Memory: 125G
 Large Page Support: Disabled
 NUMA Support: Disabled
 Compressed Oops: Enabled (Zero based)
 Heap Region Size: 16M
 Heap Min Capacity: 16M
 Heap Initial Capacity: 2016M
 Heap Max Capacity: 30688M
 Pre-touch: Disabled
 Parallel Workers: 23
 Concurrent Workers: 6
 Concurrent Refinement Workers: 23
 Periodic GC: Disabled

Heap:
 garbage-first heap   total 393216K, used 93268K [0x0000000082000000, 0x0000000800000000)
  region size 16384K, 2 young (32768K), 1 survivors (16384K)
 Metaspace       used 78550K, committed 78848K, reserved 1179648K
  class space    used 10568K, committed 10688K, reserved 1048576K

Heap Regions: E=young(eden), S=young(survivor), O=old, HS=humongous(starts), HC=humongous(continues), CS=collection set, F=free, OA=open archive, CA=closed archive, TAMS=top-at-mark-start (previous, next)
|   0|0x0000000082000000, 0x0000000083000000, 0x0000000083000000|100%| O|  |TAMS 0x0000000083000000, 0x0000000082000000| Untracked 
|   1|0x0000000083000000, 0x0000000084000000, 0x0000000084000000|100%| O|  |TAMS 0x0000000083000000, 0x0000000083000000| Untracked 
|   2|0x0000000084000000, 0x0000000085000000, 0x0000000085000000|100%| O|  |TAMS 0x0000000085000000, 0x0000000084000000| Untracked 
|   3|0x0000000085000000, 0x0000000085000000, 0x0000000086000000|  0%| F|  |TAMS 0x0000000085000000, 0x0000000085000000| Untracked 
|   4|0x0000000086000000, 0x0000000086000000, 0x0000000087000000|  0%| F|  |TAMS 0x0000000086000000, 0x0000000086000000| Untracked 
|   5|0x0000000087000000, 0x0000000087000000, 0x0000000088000000|  0%| F|  |TAMS 0x0000000087000000, 0x0000000087000000| Untracked 
|   6|0x0000000088000000, 0x0000000089000000, 0x0000000089000000|100%| O|  |TAMS 0x0000000088000000, 0x0000000088000000| Untracked 
|   7|0x0000000089000000, 0x000000008912b200, 0x000000008a000000|  7%| O|  |TAMS 0x0000000089000000, 0x0000000089000000| Untracked 
|   8|0x000000008a000000, 0x000000008a000000, 0x000000008b000000|  0%| F|  |TAMS 0x000000008a000000, 0x000000008a000000| Untracked 
|   9|0x000000008b000000, 0x000000008b000000, 0x000000008c000000|  0%| F|  |TAMS 0x000000008b000000, 0x000000008b000000| Untracked 
|  10|0x000000008c000000, 0x000000008c000000, 0x000000008d000000|  0%| F|  |TAMS 0x000000008c000000, 0x000000008c000000| Untracked 
|  11|0x000000008d000000, 0x000000008d000000, 0x000000008e000000|  0%| F|  |TAMS 0x000000008d000000, 0x000000008d000000| Untracked 
|  12|0x000000008e000000, 0x000000008e000000, 0x000000008f000000|  0%| F|  |TAMS 0x000000008e000000, 0x000000008e000000| Untracked 
|  13|0x000000008f000000, 0x000000008f000000, 0x0000000090000000|  0%| F|  |TAMS 0x000000008f000000, 0x000000008f000000| Untracked 
|  14|0x0000000090000000, 0x0000000090000000, 0x0000000091000000|  0%| F|  |TAMS 0x0000000090000000, 0x0000000090000000| Untracked 
|  15|0x0000000091000000, 0x0000000091000000, 0x0000000092000000|  0%| F|  |TAMS 0x0000000091000000, 0x0000000091000000| Untracked 
|  16|0x0000000092000000, 0x0000000092000000, 0x0000000093000000|  0%| F|  |TAMS 0x0000000092000000, 0x0000000092000000| Untracked 
|  17|0x0000000093000000, 0x0000000093000000, 0x0000000094000000|  0%| F|  |TAMS 0x0000000093000000, 0x0000000093000000| Untracked 
|  18|0x0000000094000000, 0x0000000094000000, 0x0000000095000000|  0%| F|  |TAMS 0x0000000094000000, 0x0000000094000000| Untracked 
|  19|0x0000000095000000, 0x0000000095000000, 0x0000000096000000|  0%| F|  |TAMS 0x0000000095000000, 0x0000000095000000| Untracked 
|  67|0x00000000c5000000, 0x00000000c5a17168, 0x00000000c6000000| 63%| S|CS|TAMS 0x00000000c5000000, 0x00000000c5000000| Complete 
| 125|0x00000000ff000000, 0x00000000ff8a7320, 0x0000000100000000| 54%| E|  |TAMS 0x00000000ff000000, 0x00000000ff000000| Complete 
|1916|0x00000007fe000000, 0x00000007fef46000, 0x00000007ff000000| 95%|OA|  |TAMS 0x00000007fef46000, 0x00000007fe000000| Untracked 
|1917|0x00000007ff000000, 0x00000007ff08d000, 0x0000000800000000|  3%|CA|  |TAMS 0x00000007ff08d000, 0x00000007ff000000| Untracked 

Card table byte_map: [0x00007efe32013000,0x00007efe35c03000] _byte_map_base: 0x00007efe31c03000

Marking Bits (Prev, Next): (CMBitMap*) 0x000055a9ebbd6b20, (CMBitMap*) 0x000055a9ebbd6ae0
 Prev Bits: [0x00007efdf2523000, 0x00007efe104a3000)
 Next Bits: [0x00007efe104a3000, 0x00007efe2e423000)

Polling page: 0x00007efe4a22a000

Metaspace:

Usage:
  Non-class:     66.39 MB used.
      Class:     10.32 MB used.
       Both:     76.71 MB used.

Virtual space:
  Non-class space:      128.00 MB reserved,      66.56 MB ( 52%) committed,  2 nodes.
      Class space:        1.00 GB reserved,      10.44 MB (  1%) committed,  1 nodes.
             Both:        1.12 GB reserved,      77.00 MB (  7%) committed. 

Chunk freelists:
   Non-Class:  12.95 MB
       Class:  5.44 MB
        Both:  18.39 MB

MaxMetaspaceSize: unlimited
CompressedClassSpaceSize: 1.00 GB
Initial GC threshold: 21.00 MB
Current GC threshold: 102.44 MB
CDS: on
MetaspaceReclaimPolicy: balanced
 - commit_granule_bytes: 65536.
 - commit_granule_words: 8192.
 - virtual_space_node_default_size: 8388608.
 - enlarge_chunks_in_place: 1.
 - new_chunks_are_fully_committed: 0.
 - uncommit_free_chunks: 1.
 - use_allocation_guard: 0.
 - handle_deallocations: 1.


Internal statistics:

num_allocs_failed_limit: 21.
num_arena_births: 336.
num_arena_deaths: 0.
num_vsnodes_births: 3.
num_vsnodes_deaths: 0.
num_space_committed: 1232.
num_space_uncommitted: 0.
num_chunks_returned_to_freelist: 21.
num_chunks_taken_from_freelist: 2997.
num_chunk_merges: 21.
num_chunk_splits: 2352.
num_chunks_enlarged: 1927.
num_inconsistent_stats: 0.

CodeHeap 'non-profiled nmethods': size=117208Kb used=3734Kb max_used=3734Kb free=113473Kb
 bounds [0x00007efe42f65000, 0x00007efe43345000, 0x00007efe4a1db000]
CodeHeap 'profiled nmethods': size=117208Kb used=23090Kb max_used=23090Kb free=94117Kb
 bounds [0x00007efe3b1db000, 0x00007efe3c86b000, 0x00007efe42451000]
CodeHeap 'non-nmethods': size=11344Kb used=4878Kb max_used=4965Kb free=6465Kb
 bounds [0x00007efe42451000, 0x00007efe42941000, 0x00007efe42f65000]
 total_blobs=7812 nmethods=6950 adapters=751
 compilation: enabled
              stopped_count=0, restarted_count=0
 full_count=0

JVMCI Events (20 events):
Event: 1.990 Thread 0x00007efdbc045730 compacted oop handles in JVMCI runtime 1 from 136 to 126
Event: 1.990 Thread 0x00007efdbc045730 compacted oop handles in JVMCI runtime 1 from 127 to 101
Event: 1.996 Thread 0x00007efdbc046910 compacted oop handles in JVMCI runtime 2 from 277 to 131
Event: 2.001 Thread 0x00007efdbc046910 compacted oop handles in JVMCI runtime 2 from 162 to 157
Event: 2.007 Thread 0x00007efdbc046910 compacted oop handles in JVMCI runtime 2 from 158 to 124
Event: 2.008 Thread 0x00007efdbc04b4f0 compacted oop handles in JVMCI runtime 3 from 911 to 537
Event: 2.008 Thread 0x00007efdbc04b4f0 compacted oop handles in JVMCI runtime 3 from 538 to 258
Event: 2.011 Thread 0x000055a9ebd9f970 compacted oop handles in JVMCI runtime 0 from 928 to 637
Event: 2.011 Thread 0x000055a9ebd9f970 compacted oop handles in JVMCI runtime 0 from 638 to 410
Event: 2.020 Thread 0x000055a9ec2b08b0 compacted oop handles in JVMCI runtime 4 from 3974 to 2022
Event: 2.021 Thread 0x000055a9ec2b08b0 compacted oop handles in JVMCI runtime 4 from 2040 to 1930
Event: 2.037 Thread 0x000055a9ed216980 compacted oop handles in JVMCI runtime 8 from 2687 to 1745
Event: 2.038 Thread 0x000055a9ed216980 compacted oop handles in JVMCI runtime 8 from 1765 to 1656
Event: 2.042 Thread 0x000055a9ec2b08b0 compacted oop handles in JVMCI runtime 4 from 2556 to 2002
Event: 2.047 Thread 0x00007efdbc045730 compacted oop handles in JVMCI runtime 1 from 239 to 184
Event: 2.047 Thread 0x00007efdbc045730 compacted oop handles in JVMCI runtime 1 from 184 to 154
Event: 2.057 Thread 0x000055a9ed274350 compacted oop handles in JVMCI runtime 11 from 4942 to 1763
Event: 2.058 Thread 0x000055a9ed274350 compacted oop handles in JVMCI runtime 11 from 1781 to 1621
Event: 2.083 Thread 0x000055a9ed216980 compacted oop handles in JVMCI runtime 8 from 2155 to 1672
Event: 2.084 Thread 0x000055a9ed216980 compacted oop handles in JVMCI runtime 8 from 1692 to 1650

Compilation events (20 events):
Event: 2.099 Thread 0x00007efda00edca0 nmethod 8212 0x00007efe3c859b10 code [0x00007efe3c859d40, 0x00007efe3c85a4d0]
Event: 2.099 Thread 0x00007efda00edca0 8219       2       org.graalvm.compiler.truffle.runtime.hotspot.libgraal.TruffleFromLibGraalEntryPoints::findCallNode (21 bytes)
Event: 2.099 Thread 0x000055a9ebda0ed0 8220       2       org.graalvm.compiler.truffle.runtime.TruffleInlining::findCallNode (6 bytes)
Event: 2.099 Thread 0x00007efda8052710 8221       2       org.graalvm.compiler.truffle.runtime.TruffleInlining::findCallNode (13 bytes)
Event: 2.099 Thread 0x00007efda00edca0 nmethod 8219 0x00007efe3c85a990 code [0x00007efe3c85ab80, 0x00007efe3c85af10]
Event: 2.099 Thread 0x00007efda8052710 nmethod 8221 0x00007efe3c85b190 code [0x00007efe3c85b360, 0x00007efe3c85b5e0]
Event: 2.099 Thread 0x000055a9ebda0ed0 nmethod 8220 0x00007efe3c85b790 code [0x00007efe3c85b960, 0x00007efe3c85bbe0]
Event: 2.099 Thread 0x00007efda00edca0 8222       2       com.oracle.graal.python.pegparser.sst.ExprTy$BoolOp::accept (8 bytes)
Event: 2.099 Thread 0x00007efda00edca0 nmethod 8222 0x00007efe3c85bd90 code [0x00007efe3c85bf40, 0x00007efe3c85c060]
Event: 2.099 Thread 0x00007efda00edca0 8223       2       com.oracle.graal.python.compiler.BlockInfo$AbstractExceptionHandler::<init> (15 bytes)
Event: 2.099 Thread 0x00007efda00edca0 nmethod 8223 0x00007efe3c85c110 code [0x00007efe3c85c2a0, 0x00007efe3c85c470]
Event: 2.099 Thread 0x000055a9ebda0ed0 8224       2       com.oracle.graal.python.compiler.CompilationUnit$$Lambda$709/0x0000000801a088f0::apply (8 bytes)
Event: 2.099 Thread 0x00007efda00edca0 8225       2       com.oracle.graal.python.compiler.CompilationUnit::lambda$assemble$1 (8 bytes)
Event: 2.099 Thread 0x00007efda00edca0 nmethod 8225 0x00007efe3c85c510 code [0x00007efe3c85c6c0, 0x00007efe3c85c870]
Event: 2.099 Thread 0x000055a9ebda0ed0 nmethod 8224 0x00007efe3c85c910 code [0x00007efe3c85cac0, 0x00007efe3c85ccd0]
Event: 2.100 Thread 0x00007efd7c06bf80 nmethod 8210 0x00007efe3c85cd90 code [0x00007efe3c85d180, 0x00007efe3c85ec10]
Event: 2.100 Thread 0x00007efda007a110 8226       2       com.oracle.graal.python.compiler.Compiler::collectIntoArray (8 bytes)
Event: 2.100 Thread 0x00007efda007a110 nmethod 8226 0x00007efe3c85fe90 code [0x00007efe3c860040, 0x00007efe3c860160]
Event: 2.101 Thread 0x00007efda8052710 8227       2       com.oracle.graal.python.pegparser.sst.StmtTy$Raise::accept (8 bytes)
Event: 2.101 Thread 0x00007efda8052710 nmethod 8227 0x00007efe3c860210 code [0x00007efe3c8603c0, 0x00007efe3c8604e0]

GC Heap History (18 events):
Event: 0.375 GC heap before
{Heap before GC invocations=0 (full 0):
 garbage-first heap   total 2097152K, used 81740K [0x0000000082000000, 0x0000000800000000)
  region size 16384K, 5 young (81920K), 0 survivors (0K)
 Metaspace       used 21332K, committed 21504K, reserved 1114112K
  class space    used 2088K, committed 2176K, reserved 1048576K
}
Event: 0.378 GC heap after
{Heap after GC invocations=1 (full 0):
 garbage-first heap   total 2097152K, used 34280K [0x0000000082000000, 0x0000000800000000)
  region size 16384K, 1 young (16384K), 1 survivors (16384K)
 Metaspace       used 21332K, committed 21504K, reserved 1114112K
  class space    used 2088K, committed 2176K, reserved 1048576K
}
Event: 0.615 GC heap before
{Heap before GC invocations=2 (full 0):
 garbage-first heap   total 278528K, used 99816K [0x0000000082000000, 0x0000000800000000)
  region size 16384K, 6 young (98304K), 1 survivors (16384K)
 Metaspace       used 35859K, committed 36160K, reserved 1114112K
  class space    used 4366K, committed 4544K, reserved 1048576K
}
Event: 0.618 GC heap after
{Heap after GC invocations=3 (full 0):
 garbage-first heap   total 278528K, used 38877K [0x0000000082000000, 0x0000000800000000)
  region size 16384K, 1 young (16384K), 1 survivors (16384K)
 Metaspace       used 35859K, committed 36160K, reserved 1114112K
  class space    used 4366K, committed 4544K, reserved 1048576K
}
Event: 0.623 GC heap before
{Heap before GC invocations=3 (full 0):
 garbage-first heap   total 278528K, used 38877K [0x0000000082000000, 0x0000000800000000)
  region size 16384K, 2 young (32768K), 1 survivors (16384K)
 Metaspace       used 36175K, committed 36480K, reserved 1114112K
  class space    used 4429K, committed 4608K, reserved 1048576K
}
Event: 0.625 GC heap after
{Heap after GC invocations=4 (full 0):
 garbage-first heap   total 278528K, used 38869K [0x0000000082000000, 0x0000000800000000)
  region size 16384K, 1 young (16384K), 1 survivors (16384K)
 Metaspace       used 36175K, committed 36480K, reserved 1114112K
  class space    used 4429K, committed 4608K, reserved 1048576K
}
Event: 0.628 GC heap before
{Heap before GC invocations=4 (full 0):
 garbage-first heap   total 278528K, used 38869K [0x0000000082000000, 0x0000000800000000)
  region size 16384K, 2 young (32768K), 1 survivors (16384K)
 Metaspace       used 36496K, committed 36800K, reserved 1114112K
  class space    used 4490K, committed 4672K, reserved 1048576K
}
Event: 0.629 GC heap after
{Heap after GC invocations=5 (full 0):
 garbage-first heap   total 278528K, used 38506K [0x0000000082000000, 0x0000000800000000)
  region size 16384K, 1 young (16384K), 1 survivors (16384K)
 Metaspace       used 36496K, committed 36800K, reserved 1114112K
  class space    used 4490K, committed 4672K, reserved 1048576K
}
Event: 1.042 GC heap before
{Heap before GC invocations=6 (full 0):
 garbage-first heap   total 278528K, used 153194K [0x0000000082000000, 0x0000000800000000)
  region size 16384K, 8 young (131072K), 1 survivors (16384K)
 Metaspace       used 61799K, committed 62080K, reserved 1114112K
  class space    used 9044K, committed 9216K, reserved 1048576K
}
Event: 1.046 GC heap after
{Heap after GC invocations=7 (full 0):
 garbage-first heap   total 278528K, used 51862K [0x0000000082000000, 0x0000000800000000)
  region size 16384K, 1 young (16384K), 1 survivors (16384K)
 Metaspace       used 61799K, committed 62080K, reserved 1114112K
  class space    used 9044K, committed 9216K, reserved 1048576K
}
Event: 1.054 GC heap before
{Heap before GC invocations=7 (full 0):
 garbage-first heap   total 278528K, used 51862K [0x0000000082000000, 0x0000000800000000)
  region size 16384K, 2 young (32768K), 1 survivors (16384K)
 Metaspace       used 62095K, committed 62336K, reserved 1114112K
  class space    used 9085K, committed 9216K, reserved 1048576K
}
Event: 1.061 GC heap after
{Heap after GC invocations=8 (full 0):
 garbage-first heap   total 1179648K, used 53574K [0x0000000082000000, 0x0000000800000000)
  region size 16384K, 1 young (16384K), 1 survivors (16384K)
 Metaspace       used 62095K, committed 62336K, reserved 1114112K
  class space    used 9085K, committed 9216K, reserved 1048576K
}
Event: 1.069 GC heap before
{Heap before GC invocations=8 (full 0):
 garbage-first heap   total 1179648K, used 53574K [0x0000000082000000, 0x0000000800000000)
  region size 16384K, 2 young (32768K), 1 survivors (16384K)
 Metaspace       used 62400K, committed 62656K, reserved 1114112K
  class space    used 9127K, committed 9280K, reserved 1048576K
}
Event: 1.070 GC heap after
{Heap after GC invocations=9 (full 0):
 garbage-first heap   total 1179648K, used 51888K [0x0000000082000000, 0x0000000800000000)
  region size 16384K, 1 young (16384K), 1 survivors (16384K)
 Metaspace       used 62400K, committed 62656K, reserved 1114112K
  class space    used 9127K, committed 9280K, reserved 1048576K
}
Event: 2.067 GC heap before
{Heap before GC invocations=10 (full 0):
 garbage-first heap   total 393216K, used 281264K [0x0000000082000000, 0x0000000800000000)
  region size 16384K, 16 young (262144K), 1 survivors (16384K)
 Metaspace       used 78202K, committed 78528K, reserved 1179648K
  class space    used 10543K, committed 10688K, reserved 1048576K
}
Event: 2.072 GC heap after
{Heap after GC invocations=11 (full 0):
 garbage-first heap   total 393216K, used 83314K [0x0000000082000000, 0x0000000800000000)
  region size 16384K, 2 young (32768K), 2 survivors (32768K)
 Metaspace       used 78202K, committed 78528K, reserved 1179648K
  class space    used 10543K, committed 10688K, reserved 1048576K
}
Event: 2.087 GC heap before
{Heap before GC invocations=11 (full 0):
 garbage-first heap   total 393216K, used 99698K [0x0000000082000000, 0x0000000800000000)
  region size 16384K, 3 young (49152K), 2 survivors (32768K)
 Metaspace       used 78275K, committed 78592K, reserved 1179648K
  class space    used 10550K, committed 10688K, reserved 1048576K
}
Event: 2.091 GC heap after
{Heap after GC invocations=12 (full 0):
 garbage-first heap   total 393216K, used 93268K [0x0000000082000000, 0x0000000800000000)
  region size 16384K, 1 young (16384K), 1 survivors (16384K)
 Metaspace       used 78275K, committed 78592K, reserved 1179648K
  class space    used 10550K, committed 10688K, reserved 1048576K
}

Dll operation events (11 events):
Event: 0.001 Loaded shared library /home/a4090/miniconda3/envs/auto/lib/jvm/lib/libjava.so
Event: 0.005 Loaded shared library /home/a4090/miniconda3/envs/auto/lib/jvm/lib/libjsvml.so
Event: 0.019 Loaded shared library /home/a4090/miniconda3/envs/auto/lib/jvm/lib/libjvmcicompiler.so
Event: 0.019 Loaded shared library /home/a4090/miniconda3/envs/auto/lib/jvm/lib/libnio.so
Event: 0.020 Loaded shared library /home/a4090/miniconda3/envs/auto/lib/jvm/lib/libzip.so
Event: 0.022 Loaded shared library /home/a4090/miniconda3/envs/auto/lib/jvm/lib/libjimage.so
Event: 0.026 Loaded shared library /home/a4090/miniconda3/envs/auto/lib/jvm/lib/libmanagement.so
Event: 0.027 Loaded shared library /home/a4090/miniconda3/envs/auto/lib/jvm/lib/libmanagement_ext.so
Event: 0.029 Loaded shared library /home/a4090/miniconda3/envs/auto/lib/jvm/lib/libnet.so
Event: 0.395 Loaded shared library /home/a4090/miniconda3/envs/auto/lib/jvm/lib/libverify.so
Event: 1.203 Loaded shared library /home/a4090/miniconda3/envs/auto/lib/jvm/lib/libtrufflenfi.so

Deoptimization events (20 events):
Event: 2.010 Thread 0x000055a9ebb9f860 DEOPT PACKING pc=0x00007efe431dba08 sp=0x00007fffcc056270
Event: 2.010 Thread 0x000055a9ebb9f860 DEOPT UNPACKING pc=0x00007efe424a7c25 sp=0x00007fffcc055088 mode 3
Event: 2.016 Thread 0x000055a9ebb9f860 Uncommon trap: trap_request=0xffffffed fr.pc=0x00007efe43261057 relative=0x00000000000008d7
Event: 2.017 Thread 0x000055a9ebb9f860 Uncommon trap: reason=null_assert_or_unreached0 action=reinterpret pc=0x00007efe43261057 method=com.oracle.graal.python.nodes.call.special.CallBinaryMethodNodeGen.executeObject(Lcom/oracle/truffle/api/frame/Frame;Ljava/lang/Object;Ljava/lang/Object;Ljava/
Event: 2.017 Thread 0x000055a9ebb9f860 DEOPT PACKING pc=0x00007efe43261057 sp=0x00007fffcc057480
Event: 2.017 Thread 0x000055a9ebb9f860 DEOPT UNPACKING pc=0x00007efe424a7c25 sp=0x00007fffcc056948 mode 3
Event: 2.021 Thread 0x000055a9ebb9f860 DEOPT PACKING pc=0x00007efe431efe9c sp=0x00007fffcc05c630
Event: 2.021 Thread 0x000055a9ebb9f860 DEOPT UNPACKING pc=0x00007efe424a7c25 sp=0x00007fffcc05b9b0 mode 1
Event: 2.038 Thread 0x000055a9ebb9f860 Uncommon trap: trap_request=0xffffffed fr.pc=0x00007efe431ed711 relative=0x00000000000006f1
Event: 2.038 Thread 0x000055a9ebb9f860 Uncommon trap: reason=null_assert_or_unreached0 action=reinterpret pc=0x00007efe431ed711 method=com.oracle.graal.python.builtins.objects.common.HashingStorageNodesFactory$HashingStorageGetItemNodeGen.execute(Lcom/oracle/truffle/api/frame/Frame;Lcom/oracle
Event: 2.038 Thread 0x000055a9ebb9f860 DEOPT PACKING pc=0x00007efe431ed711 sp=0x00007fffcc071300
Event: 2.038 Thread 0x000055a9ebb9f860 DEOPT UNPACKING pc=0x00007efe424a7c25 sp=0x00007fffcc0707c8 mode 3
Event: 2.039 Thread 0x000055a9ebb9f860 Uncommon trap: trap_request=0xffffff25 fr.pc=0x00007efe42fca390 relative=0x0000000000001670
Event: 2.039 Thread 0x000055a9ebb9f860 Uncommon trap: reason=transfer_to_interpreter action=reinterpret pc=0x00007efe42fca390 method=com.oracle.graal.python.nodes.object.GetClassNode.doIt(Ljava/lang/Object;Lcom/oracle/graal/python/nodes/object/InlinedGetClassNode;)Ljava/lang/Object; @ 6 jvmci
Event: 2.039 Thread 0x000055a9ebb9f860 DEOPT PACKING pc=0x00007efe42fca390 sp=0x00007fffcc076360
Event: 2.039 Thread 0x000055a9ebb9f860 DEOPT UNPACKING pc=0x00007efe424a7c25 sp=0x00007fffcc0754d0 mode 3
Event: 2.053 Thread 0x000055a9ebb9f860 Uncommon trap: trap_request=0xffffffed fr.pc=0x00007efe431e32ee relative=0x0000000000002dae
Event: 2.053 Thread 0x000055a9ebb9f860 Uncommon trap: reason=null_assert_or_unreached0 action=reinterpret pc=0x00007efe431e32ee method=com.oracle.graal.python.pegparser.tokenizer.Tokenizer.next()Lcom/oracle/graal/python/pegparser/tokenizer/Token; @ 1509 jvmci
Event: 2.053 Thread 0x000055a9ebb9f860 DEOPT PACKING pc=0x00007efe431e32ee sp=0x00007fffcc0641b0
Event: 2.053 Thread 0x000055a9ebb9f860 DEOPT UNPACKING pc=0x00007efe424a7c25 sp=0x00007fffcc063638 mode 3

Classes unloaded (0 events):
No events

Classes redefined (0 events):
No events

Internal exceptions (20 events):
Event: 1.676 Thread 0x000055a9ebb9f860 Exception <a 'sun/nio/fs/UnixException'{0x000000008fd5e050}> (0x000000008fd5e050) 
thrown [src/hotspot/share/prims/jni.cpp, line 516]
Event: 1.676 Thread 0x000055a9ebb9f860 Exception <a 'sun/nio/fs/UnixException'{0x000000008fd63820}> (0x000000008fd63820) 
thrown [src/hotspot/share/prims/jni.cpp, line 516]
Event: 1.676 Thread 0x000055a9ebb9f860 Exception <a 'sun/nio/fs/UnixException'{0x000000008fd68870}> (0x000000008fd68870) 
thrown [src/hotspot/share/prims/jni.cpp, line 516]
Event: 1.679 Thread 0x000055a9ebb9f860 Exception <a 'sun/nio/fs/UnixException'{0x000000008fd9cb48}> (0x000000008fd9cb48) 
thrown [src/hotspot/share/prims/jni.cpp, line 516]
Event: 1.680 Thread 0x000055a9ebb9f860 Exception <a 'sun/nio/fs/UnixException'{0x000000008fda2790}> (0x000000008fda2790) 
thrown [src/hotspot/share/prims/jni.cpp, line 516]
Event: 1.682 Thread 0x000055a9ebb9f860 Exception <a 'sun/nio/fs/UnixException'{0x000000008fddecf8}> (0x000000008fddecf8) 
thrown [src/hotspot/share/prims/jni.cpp, line 516]
Event: 1.682 Thread 0x000055a9ebb9f860 Exception <a 'sun/nio/fs/UnixException'{0x000000008fde4950}> (0x000000008fde4950) 
thrown [src/hotspot/share/prims/jni.cpp, line 516]
Event: 1.687 Thread 0x000055a9ebb9f860 Exception <a 'sun/nio/fs/UnixException'{0x000000008fe59210}> (0x000000008fe59210) 
thrown [src/hotspot/share/prims/jni.cpp, line 516]
Event: 1.688 Thread 0x000055a9ebb9f860 Exception <a 'sun/nio/fs/UnixException'{0x000000008fe5ee58}> (0x000000008fe5ee58) 
thrown [src/hotspot/share/prims/jni.cpp, line 516]
Event: 1.801 Thread 0x000055a9ebb9f860 Exception <a 'sun/nio/fs/UnixException'{0x000000008ee139e8}> (0x000000008ee139e8) 
thrown [src/hotspot/share/prims/jni.cpp, line 516]
Event: 1.801 Thread 0x000055a9ebb9f860 Exception <a 'sun/nio/fs/UnixException'{0x000000008ee18640}> (0x000000008ee18640) 
thrown [src/hotspot/share/prims/jni.cpp, line 516]
Event: 1.817 Thread 0x000055a9ebb9f860 Exception <a 'java/lang/NoSuchMethodError'{0x000000008efb2ab0}: 'int java.lang.invoke.DirectMethodHandle$Holder.invokeSpecial(java.lang.Object, java.lang.Object, java.lang.Object, java.lang.Object)'> (0x000000008efb2ab0) 
thrown [src/hotspot/share/interpreter/linkResolver.cpp, line 758]
Event: 1.879 Thread 0x000055a9ebb9f860 Exception <a 'sun/nio/fs/UnixException'{0x000000008d64d4b0}> (0x000000008d64d4b0) 
thrown [src/hotspot/share/prims/jni.cpp, line 516]
Event: 1.879 Thread 0x000055a9ebb9f860 Exception <a 'sun/nio/fs/UnixException'{0x000000008d64e1b8}> (0x000000008d64e1b8) 
thrown [src/hotspot/share/prims/jni.cpp, line 516]
Event: 1.879 Thread 0x000055a9ebb9f860 Exception <a 'sun/nio/fs/UnixException'{0x000000008d64eac0}> (0x000000008d64eac0) 
thrown [src/hotspot/share/prims/jni.cpp, line 516]
Event: 1.879 Thread 0x000055a9ebb9f860 Exception <a 'sun/nio/fs/UnixException'{0x000000008d64f950}> (0x000000008d64f950) 
thrown [src/hotspot/share/prims/jni.cpp, line 516]
Event: 1.879 Thread 0x000055a9ebb9f860 Exception <a 'sun/nio/fs/UnixException'{0x000000008d64ff40}> (0x000000008d64ff40) 
thrown [src/hotspot/share/prims/jni.cpp, line 516]
Event: 1.879 Thread 0x000055a9ebb9f860 Exception <a 'sun/nio/fs/UnixException'{0x000000008d650770}> (0x000000008d650770) 
thrown [src/hotspot/share/prims/jni.cpp, line 516]
Event: 1.879 Thread 0x000055a9ebb9f860 Exception <a 'sun/nio/fs/UnixException'{0x000000008d651608}> (0x000000008d651608) 
thrown [src/hotspot/share/prims/jni.cpp, line 516]
Event: 1.879 Thread 0x000055a9ebb9f860 Exception <a 'sun/nio/fs/UnixException'{0x000000008d651bf8}> (0x000000008d651bf8) 
thrown [src/hotspot/share/prims/jni.cpp, line 516]

VM Operations (20 events):
Event: 1.698 Executing VM operation: HandshakeAllThreads
Event: 1.698 Executing VM operation: HandshakeAllThreads done
Event: 1.762 Executing VM operation: ICBufferFull
Event: 1.762 Executing VM operation: ICBufferFull done
Event: 1.786 Executing VM operation: HandshakeAllThreads
Event: 1.786 Executing VM operation: HandshakeAllThreads done
Event: 1.794 Executing VM operation: HandshakeAllThreads
Event: 1.794 Executing VM operation: HandshakeAllThreads done
Event: 1.810 Executing VM operation: HandshakeAllThreads
Event: 1.810 Executing VM operation: HandshakeAllThreads done
Event: 1.869 Executing VM operation: HandshakeAllThreads
Event: 1.869 Executing VM operation: HandshakeAllThreads done
Event: 1.915 Executing VM operation: ICBufferFull
Event: 1.916 Executing VM operation: ICBufferFull done
Event: 2.027 Executing VM operation: ICBufferFull
Event: 2.027 Executing VM operation: ICBufferFull done
Event: 2.067 Executing VM operation: G1CollectForAllocation
Event: 2.072 Executing VM operation: G1CollectForAllocation done
Event: 2.087 Executing VM operation: G1CollectForAllocation
Event: 2.091 Executing VM operation: G1CollectForAllocation done

Events (20 events):
Event: 1.876 Thread 0x000055a9ebdaa360 flushing nmethod 0x00007efe3be2f190
Event: 1.876 Thread 0x000055a9ebdaa360 flushing nmethod 0x00007efe3be2fc90
Event: 1.876 Thread 0x000055a9ebdaa360 flushing nmethod 0x00007efe3becd890
Event: 1.876 Thread 0x000055a9ebdaa360 flushing nmethod 0x00007efe3bed8610
Event: 1.876 Thread 0x000055a9ebdaa360 flushing nmethod 0x00007efe3bf9c210
Event: 1.877 Thread 0x000055a9ebdaa360 flushing nmethod 0x00007efe3c10ee10
Event: 1.877 Thread 0x000055a9ebdaa360 flushing nmethod 0x00007efe3c167b10
Event: 1.877 Thread 0x000055a9ebdaa360 flushing nmethod 0x00007efe3c16dd10
Event: 1.877 Thread 0x000055a9ebdaa360 flushing nmethod 0x00007efe3c217c10
Event: 1.877 Thread 0x000055a9ebdaa360 flushing nmethod 0x00007efe3c25bd10
Event: 1.878 Thread 0x000055a9ebdaa360 flushing nmethod 0x00007efe3c627590
Event: 1.878 Thread 0x000055a9ebdaa360 flushing nmethod 0x00007efe3c62e490
Event: 1.949 loading class jdk/internal/vm/annotation/Stable
Event: 1.950 loading class jdk/internal/vm/annotation/Stable done
Event: 2.073 Thread 0x00007efc78000f50 Thread added: 0x00007efc78000f50
Event: 2.073 Protecting memory [0x00007efc8edf6000,0x00007efc8edfa000] with protection modes 0
Event: 2.074 loading class java/util/concurrent/Phaser
Event: 2.074 loading class java/util/concurrent/Phaser done
Event: 2.075 Thread 0x00007efc90003370 Thread added: 0x00007efc90003370
Event: 2.075 Protecting memory [0x00007efcec3ff000,0x00007efcec403000] with protection modes 0


Dynamic libraries:
82000000-96000000 rw-p 00000000 00:00 0 
96000000-c5000000 ---p 00000000 00:00 0 
c5000000-c6000000 rw-p 00000000 00:00 0 
c6000000-ff000000 ---p 00000000 00:00 0 
ff000000-100000000 rw-p 00000000 00:00 0 
100000000-7fe000000 ---p 00000000 00:00 0 
7fe000000-7fef00000 rw-p 00000000 00:00 0 
7fef00000-7fef46000 rw-p 00c8f000 103:02 51866601                        /home/a4090/miniconda3/envs/auto/lib/jvm/lib/server/classes.jsa
7fef46000-7ff000000 rw-p 00000000 00:00 0 
7ff000000-7ff08d000 rw-p 00c02000 103:02 51866601                        /home/a4090/miniconda3/envs/auto/lib/jvm/lib/server/classes.jsa
7ff08d000-800000000 rw-p 00000000 00:00 0 
800000000-80044a000 rw-p 00001000 103:02 51866601                        /home/a4090/miniconda3/envs/auto/lib/jvm/lib/server/classes.jsa
80044a000-800bcb000 r--p 0044b000 103:02 51866601                        /home/a4090/miniconda3/envs/auto/lib/jvm/lib/server/classes.jsa
800bcb000-801000000 ---p 00000000 00:00 0 
801000000-801040000 rw-p 00000000 00:00 0 
801040000-8010c0000 rw-p 00000000 00:00 0 
8010c0000-801100000 rw-p 00000000 00:00 0 
801100000-801180000 rw-p 00000000 00:00 0 
801180000-801240000 rw-p 00000000 00:00 0 
801240000-801260000 rw-p 00000000 00:00 0 
801260000-801280000 ---p 00000000 00:00 0 
801280000-801a90000 rw-p 00000000 00:00 0 
801a90000-841000000 ---p 00000000 00:00 0 
55a9ea058000-55a9ea05b000 r--p 00000000 103:02 51868967                  /home/a4090/miniconda3/envs/auto/lib/jvm/languages/python/bin/python
55a9ea05b000-55a9ea05f000 r-xp 00003000 103:02 51868967                  /home/a4090/miniconda3/envs/auto/lib/jvm/languages/python/bin/python
55a9ea05f000-55a9ea061000 r--p 00007000 103:02 51868967                  /home/a4090/miniconda3/envs/auto/lib/jvm/languages/python/bin/python
55a9ea061000-55a9ea062000 r--p 00008000 103:02 51868967                  /home/a4090/miniconda3/envs/auto/lib/jvm/languages/python/bin/python
55a9ea062000-55a9ea063000 rw-p 00009000 103:02 51868967                  /home/a4090/miniconda3/envs/auto/lib/jvm/languages/python/bin/python
55a9ebb42000-55a9ed543000 rw-p 00000000 00:00 0                          [heap]
7efc28000000-7efc28021000 rw-p 00000000 00:00 0 
7efc28021000-7efc2c000000 ---p 00000000 00:00 0 
7efc30000000-7efc30021000 rw-p 00000000 00:00 0 
7efc30021000-7efc34000000 ---p 00000000 00:00 0 
7efc37c00000-7efc37d00000 rw-p 00000000 00:00 0 
7efc37e00000-7efc37f00000 rw-p 00000000 00:00 0 
7efc38200000-7efc38300000 rw-p 00000000 00:00 0 
7efc38400000-7efc38500000 rw-p 00000000 00:00 0 
7efc38a00000-7efc38b00000 rw-p 00000000 00:00 0 
7efc38c00000-7efc38d00000 rw-p 00000000 00:00 0 
7efc39000000-7efc39100000 rw-p 00000000 00:00 0 
7efc39400000-7efc39500000 rw-p 00000000 00:00 0 
7efc39800000-7efc39900000 rw-p 00000000 00:00 0 
7efc39a00000-7efc39b00000 rw-p 00000000 00:00 0 
7efc39c00000-7efc39d00000 rw-p 00000000 00:00 0 
7efc39e00000-7efc39f00000 rw-p 00000000 00:00 0 
7efc3a000000-7efc3a100000 rw-p 00000000 00:00 0 
7efc3a200000-7efc3a300000 rw-p 00000000 00:00 0 
7efc3a400000-7efc3a500000 rw-p 00000000 00:00 0 
7efc3a600000-7efc3a700000 rw-p 00000000 00:00 0 
7efc3a800000-7efc3a900000 rw-p 00000000 00:00 0 
7efc3aa00000-7efc3ab00000 rw-p 00000000 00:00 0 
7efc3ac00000-7efc3ad00000 rw-p 00000000 00:00 0 
7efc3ae00000-7efc3af00000 rw-p 00000000 00:00 0 
7efc3b000000-7efc3b100000 rw-p 00000000 00:00 0 
7efc3b200000-7efc3b300000 rw-p 00000000 00:00 0 
7efc3b400000-7efc3b500000 rw-p 00000000 00:00 0 
7efc3b600000-7efc3b700000 rw-p 00000000 00:00 0 
7efc3b800000-7efc3b900000 rw-p 00000000 00:00 0 
7efc3ba00000-7efc3bb00000 rw-p 00000000 00:00 0 
7efc3be00000-7efc3bf00000 rw-p 00000000 00:00 0 
7efc3c000000-7efc3c100000 rw-p 00000000 00:00 0 
7efc3c200000-7efc3c300000 rw-p 00000000 00:00 0 
7efc3c600000-7efc3c700000 rw-p 00000000 00:00 0 
7efc3c800000-7efc3c900000 rw-p 00000000 00:00 0 
7efc3ca00000-7efc3cb00000 rw-p 00000000 00:00 0 
7efc3cc00000-7efc3cd00000 rw-p 00000000 00:00 0 
7efc3ce00000-7efc3cf00000 rw-p 00000000 00:00 0 
7efc3d000000-7efc3d320000 rw-p 00000000 00:00 0 
7efc3d320000-7efc41000000 ---p 00000000 00:00 0 
7efc41100000-7efc41200000 rw-p 00000000 00:00 0 
7efc41300000-7efc41400000 rw-p 00000000 00:00 0 
7efc41500000-7efc41600000 rw-p 00000000 00:00 0 
7efc41d00000-7efc41e00000 rw-p 00000000 00:00 0 
7efc42200000-7efc42300000 rw-p 00000000 00:00 0 
7efc42400000-7efc42500000 rw-p 00000000 00:00 0 
7efc42600000-7efc42700000 rw-p 00000000 00:00 0 
7efc42a00000-7efc42b00000 rw-p 00000000 00:00 0 
7efc42c00000-7efc42d00000 rw-p 00000000 00:00 0 
7efc42e00000-7efc42f00000 rw-p 00000000 00:00 0 
7efc43000000-7efc43100000 rw-p 00000000 00:00 0 
7efc43200000-7efc43300000 rw-p 00000000 00:00 0 
7efc43400000-7efc43500000 rw-p 00000000 00:00 0 
7efc43600000-7efc43700000 rw-p 00000000 00:00 0 
7efc43a00000-7efc43b00000 rw-p 00000000 00:00 0 
7efc43c00000-7efc43d00000 rw-p 00000000 00:00 0 
7efc43e00000-7efc43f00000 rw-p 00000000 00:00 0 
7efc44000000-7efc44100000 rw-p 00000000 00:00 0 
7efc44400000-7efc44500000 rw-p 00000000 00:00 0 
7efc44600000-7efc44700000 rw-p 00000000 00:00 0 
7efc44800000-7efc44900000 rw-p 00000000 00:00 0 
7efc44a00000-7efc44b00000 rw-p 00000000 00:00 0 
7efc44c00000-7efc44d00000 rw-p 00000000 00:00 0 
7efc44df7000-7efc45000000 rw-p 00000000 00:00 0 
7efc45300000-7efc45400000 rw-p 00000000 00:00 0 
7efc45500000-7efc45600000 rw-p 00000000 00:00 0 
7efc45700000-7efc45800000 rw-p 00000000 00:00 0 
7efc45900000-7efc45a00000 rw-p 00000000 00:00 0 
7efc45b00000-7efc45c00000 rw-p 00000000 00:00 0 
7efc45f00000-7efc46000000 rw-p 00000000 00:00 0 
7efc46100000-7efc46200000 rw-p 00000000 00:00 0 
7efc46300000-7efc46400000 rw-p 00000000 00:00 0 
7efc46500000-7efc46600000 rw-p 00000000 00:00 0 
7efc46700000-7efc46800000 rw-p 00000000 00:00 0 
7efc46900000-7efc46a00000 rw-p 00000000 00:00 0 
7efc46b00000-7efc46c00000 rw-p 00000000 00:00 0 
7efc46d00000-7efc46e00000 rw-p 00000000 00:00 0 
7efc46f00000-7efc47000000 rw-p 00000000 00:00 0 
7efc47100000-7efc47200000 rw-p 00000000 00:00 0 
7efc47300000-7efc47400000 rw-p 00000000 00:00 0 
7efc47500000-7efc47600000 rw-p 00000000 00:00 0 
7efc47700000-7efc47800000 rw-p 00000000 00:00 0 
7efc47900000-7efc47a00000 rw-p 00000000 00:00 0 
7efc47b00000-7efc47c00000 rw-p 00000000 00:00 0 
7efc47d00000-7efc47e00000 rw-p 00000000 00:00 0 
7efc47f00000-7efc48000000 rw-p 00000000 00:00 0 
7efc48100000-7efc48200000 rw-p 00000000 00:00 0 
7efc48300000-7efc48400000 rw-p 00000000 00:00 0 
7efc48500000-7efc48600000 rw-p 00000000 00:00 0 
7efc48700000-7efc48800000 rw-p 00000000 00:00 0 
7efc48900000-7efc48a00000 rw-p 00000000 00:00 0 
7efc48b00000-7efc48c00000 rw-p 00000000 00:00 0 
7efc48d00000-7efc48e00000 rw-p 00000000 00:00 0 
7efc48f00000-7efc49000000 rw-p 00000000 00:00 0 
7efc49100000-7efc49200000 rw-p 00000000 00:00 0 
7efc49500000-7efc49600000 rw-p 00000000 00:00 0 
7efc49700000-7efc49800000 rw-p 00000000 00:00 0 
7efc49900000-7efc49a00000 rw-p 00000000 00:00 0 
7efc49b00000-7efc49c00000 rw-p 00000000 00:00 0 
7efc49d00000-7efc49e00000 rw-p 00000000 00:00 0 
7efc4a100000-7efc4a200000 rw-p 00000000 00:00 0 
7efc4a500000-7efc4a600000 rw-p 00000000 00:00 0 
7efc4a700000-7efc4a800000 rw-p 00000000 00:00 0 
7efc4a900000-7efc4aa00000 rw-p 00000000 00:00 0 
7efc4ad00000-7efc4ae00000 rw-p 00000000 00:00 0 
7efc4b300000-7efc4b400000 rw-p 00000000 00:00 0 
7efc4b500000-7efc4b600000 rw-p 00000000 00:00 0 
7efc4b700000-7efc4b800000 rw-p 00000000 00:00 0 
7efc4bb00000-7efc4bc00000 rw-p 00000000 00:00 0 
7efc4bf00000-7efc4c000000 rw-p 00000000 00:00 0 
7efc4c500000-7efc4c600000 rw-p 00000000 00:00 0 
7efc4c700000-7efc4c800000 rw-p 00000000 00:00 0 
7efc4cb00000-7efc4cc00000 rw-p 00000000 00:00 0 
7efc4cd00000-7efc4ce00000 rw-p 00000000 00:00 0 
7efc4d300000-7efc4d400000 rw-p 00000000 00:00 0 
7efc4d900000-7efc4da00000 rw-p 00000000 00:00 0 
7efc4df00000-7efc4e000000 rw-p 00000000 00:00 0 
7efc4e300000-7efc4e400000 rw-p 00000000 00:00 0 
7efc4e500000-7efc4e600000 rw-p 00000000 00:00 0 
7efc4e900000-7efc4ea00000 rw-p 00000000 00:00 0 
7efc4ed00000-7efc4ee00000 rw-p 00000000 00:00 0 
7efc4f100000-7efc4f200000 rw-p 00000000 00:00 0 
7efc4f300000-7efc4f400000 rw-p 00000000 00:00 0 
7efc4f700000-7efc4f800000 rw-p 00000000 00:00 0 
7efc4f900000-7efc4fa00000 rw-p 00000000 00:00 0 
7efc4fb00000-7efc4fc00000 rw-p 00000000 00:00 0 
7efc4fd00000-7efc4fe00000 rw-p 00000000 00:00 0 
7efc4ff00000-7efc50000000 rw-p 00000000 00:00 0 
7efc50100000-7efc50200000 rw-p 00000000 00:00 0 
7efc50300000-7efc50400000 rw-p 00000000 00:00 0 
7efc50500000-7efc50600000 rw-p 00000000 00:00 0 
7efc50700000-7efc50800000 rw-p 00000000 00:00 0 
7efc50900000-7efc50a00000 rw-p 00000000 00:00 0 
7efc50b00000-7efc50c00000 rw-p 00000000 00:00 0 
7efc50d00000-7efc50e00000 rw-p 00000000 00:00 0 
7efc50f00000-7efc51000000 rw-p 00000000 00:00 0 
7efc51100000-7efc51200000 rw-p 00000000 00:00 0 
7efc51300000-7efc51400000 rw-p 00000000 00:00 0 
7efc51500000-7efc51600000 rw-p 00000000 00:00 0 
7efc51700000-7efc51800000 rw-p 00000000 00:00 0 
7efc51900000-7efc51a00000 rw-p 00000000 00:00 0 
7efc51b00000-7efc51c00000 rw-p 00000000 00:00 0 
7efc51d00000-7efc51e00000 rw-p 00000000 00:00 0 
7efc51f00000-7efc52000000 rw-p 00000000 00:00 0 
7efc52100000-7efc52200000 rw-p 00000000 00:00 0 
7efc52300000-7efc52400000 rw-p 00000000 00:00 0 
7efc52500000-7efc52600000 rw-p 00000000 00:00 0 
7efc52700000-7efc52800000 rw-p 00000000 00:00 0 
7efc52900000-7efc52a00000 rw-p 00000000 00:00 0 
7efc52b00000-7efc52c00000 rw-p 00000000 00:00 0 
7efc52d00000-7efc52e00000 rw-p 00000000 00:00 0 
7efc53100000-7efc53200000 rw-p 00000000 00:00 0 
7efc53300000-7efc53400000 rw-p 00000000 00:00 0 
7efc53500000-7efc53600000 rw-p 00000000 00:00 0 
7efc53700000-7efc53800000 rw-p 00000000 00:00 0 
7efc53900000-7efc53a00000 rw-p 00000000 00:00 0 
7efc53b00000-7efc53c00000 rw-p 00000000 00:00 0 
7efc53d00000-7efc53e00000 rw-p 00000000 00:00 0 
7efc53f00000-7efc54000000 rw-p 00000000 00:00 0 
7efc54100000-7efc54200000 rw-p 00000000 00:00 0 
7efc54300000-7efc54400000 rw-p 00000000 00:00 0 
7efc54500000-7efc54600000 rw-p 00000000 00:00 0 
7efc54900000-7efc54a00000 rw-p 00000000 00:00 0 
7efc54b00000-7efc54c00000 rw-p 00000000 00:00 0 
7efc54d00000-7efc54e00000 rw-p 00000000 00:00 0 
7efc54f00000-7efc55000000 rw-p 00000000 00:00 0 
7efc55100000-7efc55200000 rw-p 00000000 00:00 0 
7efc55300000-7efc55400000 rw-p 00000000 00:00 0 
7efc55500000-7efc55600000 rw-p 00000000 00:00 0 
7efc55700000-7efc55800000 rw-p 00000000 00:00 0 
7efc55900000-7efc55a00000 rw-p 00000000 00:00 0 
7efc55b00000-7efc55c00000 rw-p 00000000 00:00 0 
7efc55d00000-7efc55e00000 rw-p 00000000 00:00 0 
7efc55f00000-7efc56000000 rw-p 00000000 00:00 0 
7efc56100000-7efc56200000 rw-p 00000000 00:00 0 
7efc56300000-7efc56400000 rw-p 00000000 00:00 0 
7efc56500000-7efc56600000 rw-p 00000000 00:00 0 
7efc56700000-7efc56800000 rw-p 00000000 00:00 0 
7efc56900000-7efc56a00000 rw-p 00000000 00:00 0 
7efc56b00000-7efc56c00000 rw-p 00000000 00:00 0 
7efc56d00000-7efc56e00000 rw-p 00000000 00:00 0 
7efc56f00000-7efc57000000 rw-p 00000000 00:00 0 
7efc57100000-7efc57200000 rw-p 00000000 00:00 0 
7efc57300000-7efc57400000 rw-p 00000000 00:00 0 
7efc57500000-7efc57600000 rw-p 00000000 00:00 0 
7efc57700000-7efc57800000 rw-p 00000000 00:00 0 
7efc57900000-7efc57a00000 rw-p 00000000 00:00 0 
7efc57b00000-7efc57c00000 rw-p 00000000 00:00 0 
7efc57d00000-7efc57e00000 rw-p 00000000 00:00 0 
7efc57f00000-7efc58000000 rw-p 00000000 00:00 0 
7efc58100000-7efc58200000 rw-p 00000000 00:00 0 
7efc58300000-7efc58400000 rw-p 00000000 00:00 0 
7efc58500000-7efc58600000 rw-p 00000000 00:00 0 
7efc58700000-7efc58800000 rw-p 00000000 00:00 0 
7efc58900000-7efc58a00000 rw-p 00000000 00:00 0 
7efc58b00000-7efc58c00000 rw-p 00000000 00:00 0 
7efc58d00000-7efc58e00000 rw-p 00000000 00:00 0 
7efc58f00000-7efc59000000 rw-p 00000000 00:00 0 
7efc59100000-7efc59200000 rw-p 00000000 00:00 0 
7efc59300000-7efc59400000 rw-p 00000000 00:00 0 
7efc59500000-7efc59600000 rw-p 00000000 00:00 0 
7efc59700000-7efc59800000 rw-p 00000000 00:00 0 
7efc59900000-7efc59a00000 rw-p 00000000 00:00 0 
7efc59b00000-7efc59c00000 rw-p 00000000 00:00 0 
7efc59d00000-7efc59f00000 rw-p 00000000 00:00 0 
7efc5a000000-7efc5a100000 rw-p 00000000 00:00 0 
7efc5a200000-7efc5a300000 rw-p 00000000 00:00 0 
7efc5a400000-7efc5a500000 rw-p 00000000 00:00 0 
7efc5a600000-7efc5a700000 rw-p 00000000 00:00 0 
7efc5a800000-7efc5a900000 rw-p 00000000 00:00 0 
7efc5aa00000-7efc5ab00000 rw-p 00000000 00:00 0 
7efc5ac00000-7efc5ad00000 rw-p 00000000 00:00 0 
7efc5ae00000-7efc5af00000 rw-p 00000000 00:00 0 
7efc5b200000-7efc5b300000 rw-p 00000000 00:00 0 
7efc5b400000-7efc5b500000 rw-p 00000000 00:00 0 
7efc5b800000-7efc5b900000 rw-p 00000000 00:00 0 
7efc5ba00000-7efc5bb00000 rw-p 00000000 00:00 0 
7efc5bc00000-7efc5bd00000 rw-p 00000000 00:00 0 
7efc5be00000-7efc5bf00000 rw-p 00000000 00:00 0 
7efc5c400000-7efc5c500000 rw-p 00000000 00:00 0 
7efc5c600000-7efc5c700000 rw-p 00000000 00:00 0 
7efc5c800000-7efc5c900000 rw-p 00000000 00:00 0 
7efc5ca00000-7efc5cb00000 rw-p 00000000 00:00 0 
7efc5cc00000-7efc5cd00000 rw-p 00000000 00:00 0 
7efc5ce00000-7efc5cf00000 rw-p 00000000 00:00 0 
7efc5d200000-7efc5d300000 rw-p 00000000 00:00 0 
7efc5d400000-7efc5d500000 rw-p 00000000 00:00 0 
7efc5d600000-7efc5d700000 rw-p 00000000 00:00 0 
7efc5d800000-7efc5d900000 rw-p 00000000 00:00 0 
7efc5da00000-7efc5db00000 rw-p 00000000 00:00 0 
7efc5dc00000-7efc5dd00000 rw-p 00000000 00:00 0 
7efc5e000000-7efc5e100000 rw-p 00000000 00:00 0 
7efc5e200000-7efc5e300000 rw-p 00000000 00:00 0 
7efc5e800000-7efc5e900000 rw-p 00000000 00:00 0 
7efc5ee00000-7efc5ef00000 rw-p 00000000 00:00 0 
7efc5f000000-7efc5f100000 rw-p 00000000 00:00 0 
7efc5f400000-7efc5f500000 rw-p 00000000 00:00 0 
7efc5f600000-7efc5f700000 rw-p 00000000 00:00 0 
7efc5fc00000-7efc5fd00000 rw-p 00000000 00:00 0 
7efc5fe00000-7efc5ff00000 rw-p 00000000 00:00 0 
7efc60000000-7efc60100000 rw-p 00000000 00:00 0 
7efc60200000-7efc60300000 rw-p 00000000 00:00 0 
7efc60600000-7efc60700000 rw-p 00000000 00:00 0 
7efc60800000-7efc60900000 rw-p 00000000 00:00 0 
7efc60c00000-7efc60d00000 rw-p 00000000 00:00 0 
7efc60e00000-7efc60f00000 rw-p 00000000 00:00 0 
7efc61000000-7efc61100000 rw-p 00000000 00:00 0 
7efc61200000-7efc61300000 rw-p 00000000 00:00 0 
7efc61400000-7efc61500000 rw-p 00000000 00:00 0 
7efc61600000-7efc61700000 rw-p 00000000 00:00 0 
7efc61800000-7efc61900000 rw-p 00000000 00:00 0 
7efc619df000-7efc61f00000 rw-p 00000000 00:00 0 
7efc62000000-7efc62100000 rw-p 00000000 00:00 0 
7efc62200000-7efc62300000 rw-p 00000000 00:00 0 
7efc62400000-7efc62500000 rw-p 00000000 00:00 0 
7efc62600000-7efc62700000 rw-p 00000000 00:00 0 
7efc62800000-7efc62900000 rw-p 00000000 00:00 0 
7efc62a00000-7efc62b00000 rw-p 00000000 00:00 0 
7efc62c00000-7efc62d00000 rw-p 00000000 00:00 0 
7efc62e00000-7efc62f00000 rw-p 00000000 00:00 0 
7efc63000000-7efc63100000 rw-p 00000000 00:00 0 
7efc63400000-7efc63500000 rw-p 00000000 00:00 0 
7efc63600000-7efc63700000 rw-p 00000000 00:00 0 
7efc63800000-7efc63900000 rw-p 00000000 00:00 0 
7efc63a00000-7efc63b00000 rw-p 00000000 00:00 0 
7efc63c00000-7efc63d00000 rw-p 00000000 00:00 0 
7efc63e00000-7efc63f00000 rw-p 00000000 00:00 0 
7efc64000000-7efc64100000 rw-p 00000000 00:00 0 
7efc64200000-7efc64400000 rw-p 00000000 00:00 0 
7efc64500000-7efc64600000 rw-p 00000000 00:00 0 
7efc64700000-7efc64800000 rw-p 00000000 00:00 0 
7efc64900000-7efc64a00000 rw-p 00000000 00:00 0 
7efc64b00000-7efc64c00000 rw-p 00000000 00:00 0 
7efc64d00000-7efc64e00000 rw-p 00000000 00:00 0 
7efc64f00000-7efc65000000 rw-p 00000000 00:00 0 
7efc65100000-7efc65200000 rw-p 00000000 00:00 0 
7efc65300000-7efc65400000 rw-p 00000000 00:00 0 
7efc65500000-7efc65600000 rw-p 00000000 00:00 0 
7efc65700000-7efc65800000 rw-p 00000000 00:00 0 
7efc65900000-7efc65a00000 rw-p 00000000 00:00 0 
7efc65b00000-7efc65c00000 rw-p 00000000 00:00 0 
7efc65d00000-7efc65e00000 rw-p 00000000 00:00 0 
7efc65f00000-7efc66000000 rw-p 00000000 00:00 0 
7efc66100000-7efc66200000 rw-p 00000000 00:00 0 
7efc66300000-7efc66400000 rw-p 00000000 00:00 0 
7efc66500000-7efc66600000 rw-p 00000000 00:00 0 
7efc66700000-7efc66800000 rw-p 00000000 00:00 0 
7efc66900000-7efc66a00000 rw-p 00000000 00:00 0 
7efc66b00000-7efc66c00000 rw-p 00000000 00:00 0 
7efc66d00000-7efc66e00000 rw-p 00000000 00:00 0 
7efc66f00000-7efc67000000 rw-p 00000000 00:00 0 
7efc67100000-7efc67200000 rw-p 00000000 00:00 0 
7efc67300000-7efc67400000 rw-p 00000000 00:00 0 
7efc67500000-7efc67600000 rw-p 00000000 00:00 0 
7efc67900000-7efc67b00000 rw-p 00000000 00:00 0 
7efc67c00000-7efc67d00000 rw-p 00000000 00:00 0 
7efc67e00000-7efc67f00000 rw-p 00000000 00:00 0 
7efc68000000-7efc68100000 rw-p 00000000 00:00 0 
7efc68200000-7efc68300000 rw-p 00000000 00:00 0 
7efc68400000-7efc68500000 rw-p 00000000 00:00 0 
7efc68600000-7efc68700000 rw-p 00000000 00:00 0 
7efc68800000-7efc68900000 rw-p 00000000 00:00 0 
7efc68a00000-7efc68b00000 rw-p 00000000 00:00 0 
7efc68c00000-7efc68d00000 rw-p 00000000 00:00 0 
7efc68e00000-7efc68f00000 rw-p 00000000 00:00 0 
7efc69000000-7efc69100000 rw-p 00000000 00:00 0 
7efc69400000-7efc69500000 rw-p 00000000 00:00 0 
7efc69600000-7efc69700000 rw-p 00000000 00:00 0 
7efc69800000-7efc69900000 rw-p 00000000 00:00 0 
7efc69c00000-7efc69d00000 rw-p 00000000 00:00 0 
7efc69e00000-7efc69f00000 rw-p 00000000 00:00 0 
7efc6a000000-7efc6a100000 rw-p 00000000 00:00 0 
7efc6a200000-7efc6a300000 rw-p 00000000 00:00 0 
7efc6a600000-7efc6a700000 rw-p 00000000 00:00 0 
7efc6a800000-7efc6a900000 rw-p 00000000 00:00 0 
7efc6aa00000-7efc6ab00000 rw-p 00000000 00:00 0 
7efc6ac00000-7efc6ad00000 rw-p 00000000 00:00 0 
7efc6ae00000-7efc6af00000 rw-p 00000000 00:00 0 
7efc6b000000-7efc6b100000 rw-p 00000000 00:00 0 
7efc6b400000-7efc6b500000 rw-p 00000000 00:00 0 
7efc6b800000-7efc6b900000 rw-p 00000000 00:00 0 
7efc6ba00000-7efc6bb00000 rw-p 00000000 00:00 0 
7efc6bc00000-7efc6bd00000 rw-p 00000000 00:00 0 
7efc6be00000-7efc6bf00000 rw-p 00000000 00:00 0 
7efc6c000000-7efc6c100000 rw-p 00000000 00:00 0 
7efc6c200000-7efc6c300000 rw-p 00000000 00:00 0 
7efc6c400000-7efc6c500000 rw-p 00000000 00:00 0 
7efc6c600000-7efc6c700000 rw-p 00000000 00:00 0 
7efc6c800000-7efc6c900000 rw-p 00000000 00:00 0 
7efc6ca00000-7efc6cb00000 rw-p 00000000 00:00 0 
7efc6cc00000-7efc6cd00000 rw-p 00000000 00:00 0 
7efc6ce00000-7efc6cf00000 rw-p 00000000 00:00 0 
7efc6d000000-7efc6d100000 rw-p 00000000 00:00 0 
7efc6d1a7000-7efc6d500000 rw-p 00000000 00:00 0 
7efc6d600000-7efc6d700000 rw-p 00000000 00:00 0 
7efc6d800000-7efc6d900000 rw-p 00000000 00:00 0 
7efc6da00000-7efc6db00000 rw-p 00000000 00:00 0 
7efc6dc00000-7efc6dd00000 rw-p 00000000 00:00 0 
7efc6de00000-7efc6df00000 rw-p 00000000 00:00 0 
7efc6e000000-7efc6e100000 rw-p 00000000 00:00 0 
7efc6e200000-7efc6e300000 rw-p 00000000 00:00 0 
7efc6e400000-7efc6e500000 rw-p 00000000 00:00 0 
7efc6e600000-7efc6e700000 rw-p 00000000 00:00 0 
7efc6e800000-7efc6e900000 rw-p 00000000 00:00 0 
7efc6ea00000-7efc6eb00000 rw-p 00000000 00:00 0 
7efc6ec00000-7efc6ed00000 rw-p 00000000 00:00 0 
7efc6ee00000-7efc6ef00000 rw-p 00000000 00:00 0 
7efc6f000000-7efc6f100000 rw-p 00000000 00:00 0 
7efc6f200000-7efc6f300000 rw-p 00000000 00:00 0 
7efc6f400000-7efc6f500000 rw-p 00000000 00:00 0 
7efc6f600000-7efc6f700000 rw-p 00000000 00:00 0 
7efc6f800000-7efc6f900000 rw-p 00000000 00:00 0 
7efc6fa00000-7efc6fb00000 rw-p 00000000 00:00 0 
7efc6fc00000-7efc6fd00000 rw-p 00000000 00:00 0 
7efc6fe00000-7efc6ff00000 rw-p 00000000 00:00 0 
7efc70000000-7efc70100000 rw-p 00000000 00:00 0 
7efc702be000-7efc70500000 rw-p 00000000 00:00 0 
7efc70600000-7efc70700000 rw-p 00000000 00:00 0 
7efc70800000-7efc70900000 rw-p 00000000 00:00 0 
7efc70a00000-7efc70b00000 rw-p 00000000 00:00 0 
7efc70c00000-7efc70d00000 rw-p 00000000 00:00 0 
7efc70e00000-7efc70f00000 rw-p 00000000 00:00 0 
7efc71000000-7efc71100000 rw-p 00000000 00:00 0 
7efc71200000-7efc71300000 rw-p 00000000 00:00 0 
7efc71400000-7efc71500000 rw-p 00000000 00:00 0 
7efc71600000-7efc71700000 rw-p 00000000 00:00 0 
7efc71800000-7efc71900000 rw-p 00000000 00:00 0 
7efc71a00000-7efc71b00000 rw-p 00000000 00:00 0 
7efc71c00000-7efc71d00000 rw-p 00000000 00:00 0 
7efc71e00000-7efc71f00000 rw-p 00000000 00:00 0 
7efc72000000-7efc72100000 rw-p 00000000 00:00 0 
7efc72200000-7efc72300000 rw-p 00000000 00:00 0 
7efc72400000-7efc72500000 rw-p 00000000 00:00 0 
7efc72600000-7efc72700000 rw-p 00000000 00:00 0 
7efc72800000-7efc72900000 rw-p 00000000 00:00 0 
7efc72a00000-7efc72b00000 rw-p 00000000 00:00 0 
7efc72c00000-7efc72d00000 rw-p 00000000 00:00 0 
7efc72e00000-7efc72f00000 rw-p 00000000 00:00 0 
7efc73000000-7efc73100000 rw-p 00000000 00:00 0 
7efc73200000-7efc73300000 rw-p 00000000 00:00 0 
7efc73400000-7efc73500000 rw-p 00000000 00:00 0 
7efc73600000-7efc73700000 rw-p 00000000 00:00 0 
7efc73800000-7efc73900000 rw-p 00000000 00:00 0 
7efc73a00000-7efc73b00000 rw-p 00000000 00:00 0 
7efc73c00000-7efc73d00000 rw-p 00000000 00:00 0 
7efc73e00000-7efc73f00000 rw-p 00000000 00:00 0 
7efc74000000-7efc74100000 rw-p 00000000 00:00 0 
7efc74200000-7efc74300000 rw-p 00000000 00:00 0 
7efc74400000-7efc74500000 rw-p 00000000 00:00 0 
7efc74600000-7efc74700000 rw-p 00000000 00:00 0 
7efc74800000-7efc74900000 rw-p 00000000 00:00 0 
7efc74a00000-7efc74b00000 rw-p 00000000 00:00 0 
7efc74c00000-7efc74d00000 rw-p 00000000 00:00 0 
7efc74e00000-7efc74f00000 rw-p 00000000 00:00 0 
7efc75000000-7efc75100000 rw-p 00000000 00:00 0 
7efc75200000-7efc75300000 rw-p 00000000 00:00 0 
7efc75400000-7efc75500000 rw-p 00000000 00:00 0 
7efc75600000-7efc75700000 rw-p 00000000 00:00 0 
7efc75800000-7efc75900000 rw-p 00000000 00:00 0 
7efc75a00000-7efc75b00000 rw-p 00000000 00:00 0 
7efc75c00000-7efc75d00000 rw-p 00000000 00:00 0 
7efc75e00000-7efc75f00000 rw-p 00000000 00:00 0 
7efc76000000-7efc76100000 rw-p 00000000 00:00 0 
7efc76200000-7efc76300000 rw-p 00000000 00:00 0 
7efc76400000-7efc76500000 rw-p 00000000 00:00 0 
7efc76600000-7efc76700000 rw-p 00000000 00:00 0 
7efc76800000-7efc76900000 rw-p 00000000 00:00 0 
7efc76a00000-7efc76b00000 rw-p 00000000 00:00 0 
7efc76c00000-7efc76d00000 rw-p 00000000 00:00 0 
7efc76e00000-7efc76f00000 rw-p 00000000 00:00 0 
7efc77000000-7efc77100000 rw-p 00000000 00:00 0 
7efc77200000-7efc77300000 rw-p 00000000 00:00 0 
7efc77400000-7efc77500000 rw-p 00000000 00:00 0 
7efc77600000-7efc77700000 rw-p 00000000 00:00 0 
7efc77800000-7efc77900000 rw-p 00000000 00:00 0 
7efc77a00000-7efc77b00000 rw-p 00000000 00:00 0 
7efc77c00000-7efc77d00000 rw-p 00000000 00:00 0 
7efc77e00000-7efc77f00000 rw-p 00000000 00:00 0 
7efc78000000-7efc78021000 rw-p 00000000 00:00 0 
7efc78021000-7efc7c000000 ---p 00000000 00:00 0 
7efc7c000000-7efc7c100000 rw-p 00000000 00:00 0 
7efc7c200000-7efc7c300000 rw-p 00000000 00:00 0 
7efc7c400000-7efc7c500000 rw-p 00000000 00:00 0 
7efc7c600000-7efc7c700000 rw-p 00000000 00:00 0 
7efc7c800000-7efc7c900000 rw-p 00000000 00:00 0 
7efc7ca00000-7efc7cb00000 rw-p 00000000 00:00 0 
7efc7cc00000-7efc7cd00000 rw-p 00000000 00:00 0 
7efc7ce00000-7efc7cf00000 rw-p 00000000 00:00 0 
7efc7d000000-7efc7d100000 rw-p 00000000 00:00 0 
7efc7d200000-7efc7d300000 rw-p 00000000 00:00 0 
7efc7d400000-7efc7d500000 rw-p 00000000 00:00 0 
7efc7d600000-7efc7d700000 rw-p 00000000 00:00 0 
7efc7d800000-7efc7d900000 rw-p 00000000 00:00 0 
7efc7d9ff000-7efc7da03000 ---p 00000000 00:00 0 
7efc7da03000-7efc7dc00000 rw-p 00000000 00:00 0 
7efc7dd00000-7efc7de00000 rw-p 00000000 00:00 0 
7efc7df00000-7efc7e000000 rw-p 00000000 00:00 0 
7efc7e100000-7efc7e200000 rw-p 00000000 00:00 0 
7efc7e300000-7efc7e400000 rw-p 00000000 00:00 0 
7efc7e500000-7efc7e600000 rw-p 00000000 00:00 0 
7efc7e700000-7efc7e800000 rw-p 00000000 00:00 0 
7efc7e900000-7efc7ea00000 rw-p 00000000 00:00 0 
7efc7eb00000-7efc7ec00000 rw-p 00000000 00:00 0 
7efc7ed00000-7efc7ee00000 rw-p 00000000 00:00 0 
7efc7ef00000-7efc7f000000 rw-p 00000000 00:00 0 
7efc7f100000-7efc7f200000 rw-p 00000000 00:00 0 
7efc7f300000-7efc7f400000 rw-p 00000000 00:00 0 
7efc7f500000-7efc7f600000 rw-p 00000000 00:00 0 
7efc7f700000-7efc7f800000 rw-p 00000000 00:00 0 
7efc7f900000-7efc7fa00000 rw-p 00000000 00:00 0 
7efc7fb00000-7efc7fc00000 rw-p 00000000 00:00 0 
7efc7fd00000-7efc7fe00000 rw-p 00000000 00:00 0 
7efc7ff00000-7efc80000000 rw-p 00000000 00:00 0 
7efc80100000-7efc80200000 rw-p 00000000 00:00 0 
7efc80300000-7efc80400000 rw-p 00000000 00:00 0 
7efc80500000-7efc80600000 rw-p 00000000 00:00 0 
7efc80700000-7efc80800000 rw-p 00000000 00:00 0 
7efc80900000-7efc80a00000 rw-p 00000000 00:00 0 
7efc80b00000-7efc80c00000 rw-p 00000000 00:00 0 
7efc80d00000-7efc80e00000 rw-p 00000000 00:00 0 
7efc80f00000-7efc81000000 rw-p 00000000 00:00 0 
7efc81100000-7efc81200000 rw-p 00000000 00:00 0 
7efc81300000-7efc81400000 rw-p 00000000 00:00 0 
7efc81500000-7efc81600000 rw-p 00000000 00:00 0 
7efc81700000-7efc81800000 rw-p 00000000 00:00 0 
7efc81900000-7efc81b00000 rw-p 00000000 00:00 0 
7efc81c00000-7efc81d00000 rw-p 00000000 00:00 0 
7efc81e00000-7efc81f00000 rw-p 00000000 00:00 0 
7efc82000000-7efc82100000 rw-p 00000000 00:00 0 
7efc82200000-7efc82300000 rw-p 00000000 00:00 0 
7efc82400000-7efc82500000 rw-p 00000000 00:00 0 
7efc82600000-7efc82700000 rw-p 00000000 00:00 0 
7efc82800000-7efc82900000 rw-p 00000000 00:00 0 
7efc82a00000-7efc82b00000 rw-p 00000000 00:00 0 
7efc82c00000-7efc82d00000 rw-p 00000000 00:00 0 
7efc82e00000-7efc82f00000 rw-p 00000000 00:00 0 
7efc83000000-7efc83100000 rw-p 00000000 00:00 0 
7efc83200000-7efc83300000 rw-p 00000000 00:00 0 
7efc83400000-7efc83500000 rw-p 00000000 00:00 0 
7efc83600000-7efc83700000 rw-p 00000000 00:00 0 
7efc83800000-7efc83900000 rw-p 00000000 00:00 0 
7efc83a00000-7efc83b00000 rw-p 00000000 00:00 0 
7efc83c00000-7efc83d00000 rw-p 00000000 00:00 0 
7efc83e00000-7efc83f00000 rw-p 00000000 00:00 0 
7efc84000000-7efc84100000 rw-p 00000000 00:00 0 
7efc84200000-7efc84300000 rw-p 00000000 00:00 0 
7efc84400000-7efc84500000 rw-p 00000000 00:00 0 
7efc84600000-7efc84700000 rw-p 00000000 00:00 0 
7efc84800000-7efc84900000 rw-p 00000000 00:00 0 
7efc84a00000-7efc84b00000 rw-p 00000000 00:00 0 
7efc84c00000-7efc84d00000 rw-p 00000000 00:00 0 
7efc84e00000-7efc84f00000 rw-p 00000000 00:00 0 
7efc85000000-7efc85100000 rw-p 00000000 00:00 0 
7efc85200000-7efc85300000 rw-p 00000000 00:00 0 
7efc85400000-7efc85500000 rw-p 00000000 00:00 0 
7efc85600000-7efc85700000 rw-p 00000000 00:00 0 
7efc85800000-7efc85900000 rw-p 00000000 00:00 0 
7efc85a00000-7efc85b00000 rw-p 00000000 00:00 0 
7efc85c00000-7efc85d00000 rw-p 00000000 00:00 0 
7efc85e00000-7efc85f00000 rw-p 00000000 00:00 0 
7efc86000000-7efc86100000 rw-p 00000000 00:00 0 
7efc86200000-7efc86300000 rw-p 00000000 00:00 0 
7efc86400000-7efc86500000 rw-p 00000000 00:00 0 
7efc86600000-7efc86700000 rw-p 00000000 00:00 0 
7efc86800000-7efc86900000 rw-p 00000000 00:00 0 
7efc86a00000-7efc86b00000 rw-p 00000000 00:00 0 
7efc86c00000-7efc86d00000 rw-p 00000000 00:00 0 
7efc86e00000-7efc86f00000 rw-p 00000000 00:00 0 
7efc87000000-7efc87100000 rw-p 00000000 00:00 0 
7efc87200000-7efc87300000 rw-p 00000000 00:00 0 
7efc87400000-7efc87500000 rw-p 00000000 00:00 0 
7efc87600000-7efc87700000 rw-p 00000000 00:00 0 
7efc87800000-7efc87900000 rw-p 00000000 00:00 0 
7efc87a00000-7efc87b00000 rw-p 00000000 00:00 0 
7efc87c00000-7efc87d00000 rw-p 00000000 00:00 0 
7efc87e00000-7efc87f00000 rw-p 00000000 00:00 0 
7efc88000000-7efc88021000 rw-p 00000000 00:00 0 
7efc88021000-7efc8c000000 ---p 00000000 00:00 0 
7efc8c100000-7efc8c200000 rw-p 00000000 00:00 0 
7efc8c300000-7efc8c400000 rw-p 00000000 00:00 0 
7efc8c500000-7efc8c600000 rw-p 00000000 00:00 0 
7efc8c700000-7efc8c800000 rw-p 00000000 00:00 0 
7efc8c900000-7efc8cb00000 rw-p 00000000 00:00 0 
7efc8cc00000-7efc8cd00000 rw-p 00000000 00:00 0 
7efc8ce00000-7efc8cf00000 rw-p 00000000 00:00 0 
7efc8d000000-7efc8d100000 rw-p 00000000 00:00 0 
7efc8d200000-7efc8d300000 rw-p 00000000 00:00 0 
7efc8d400000-7efc8d500000 rw-p 00000000 00:00 0 
7efc8d600000-7efc8d700000 rw-p 00000000 00:00 0 
7efc8d800000-7efc8d900000 rw-p 00000000 00:00 0 
7efc8da00000-7efc8db00000 rw-p 00000000 00:00 0 
7efc8dc00000-7efc8dd00000 rw-p 00000000 00:00 0 
7efc8de00000-7efc8df00000 rw-p 00000000 00:00 0 
7efc8e000000-7efc8e100000 rw-p 00000000 00:00 0 
7efc8e200000-7efc8e300000 rw-p 00000000 00:00 0 
7efc8e400000-7efc8e500000 rw-p 00000000 00:00 0 
7efc8e600000-7efc8e700000 rw-p 00000000 00:00 0 
7efc8e800000-7efc8e900000 rw-p 00000000 00:00 0 
7efc8ea00000-7efc8eb00000 rw-p 00000000 00:00 0 
7efc8ec00000-7efc8ed00000 rw-p 00000000 00:00 0 
7efc8edf6000-7efc8edfa000 ---p 00000000 00:00 0 
7efc8edfa000-7efc8f100000 rw-p 00000000 00:00 0 
7efc8f200000-7efc8f300000 rw-p 00000000 00:00 0 
7efc8f400000-7efc8f500000 rw-p 00000000 00:00 0 
7efc8f600000-7efc8f700000 rw-p 00000000 00:00 0 
7efc8f800000-7efc8f900000 rw-p 00000000 00:00 0 
7efc8fa00000-7efc8fb00000 rw-p 00000000 00:00 0 
7efc8fc00000-7efc8fd00000 rw-p 00000000 00:00 0 
7efc8fe00000-7efc8ff00000 rw-p 00000000 00:00 0 
7efc90000000-7efc90021000 rw-p 00000000 00:00 0 
7efc90021000-7efc94000000 ---p 00000000 00:00 0 
7efc94000000-7efc94100000 rw-p 00000000 00:00 0 
7efc94200000-7efc94300000 rw-p 00000000 00:00 0 
7efc94400000-7efc94500000 rw-p 00000000 00:00 0 
7efc94600000-7efc94700000 rw-p 00000000 00:00 0 
7efc94800000-7efc94900000 rw-p 00000000 00:00 0 
7efc94a00000-7efc94b00000 rw-p 00000000 00:00 0 
7efc94c00000-7efc94d00000 rw-p 00000000 00:00 0 
7efc94e00000-7efc94f00000 rw-p 00000000 00:00 0 
7efc95000000-7efc95100000 rw-p 00000000 00:00 0 
7efc95200000-7efc95300000 rw-p 00000000 00:00 0 
7efc95400000-7efc95500000 rw-p 00000000 00:00 0 
7efc95600000-7efc95700000 rw-p 00000000 00:00 0 
7efc95800000-7efc95900000 rw-p 00000000 00:00 0 
7efc95a00000-7efc95b00000 rw-p 00000000 00:00 0 
7efc95c00000-7efc95d00000 rw-p 00000000 00:00 0 
7efc95e00000-7efc95f00000 rw-p 00000000 00:00 0 
7efc96000000-7efc96100000 rw-p 00000000 00:00 0 
7efc961ff000-7efc96203000 ---p 00000000 00:00 0 
7efc96203000-7efc96400000 rw-p 00000000 00:00 0 
7efc96500000-7efc96600000 rw-p 00000000 00:00 0 
7efc96700000-7efc96800000 rw-p 00000000 00:00 0 
7efc96900000-7efc96a00000 rw-p 00000000 00:00 0 
7efc96b00000-7efc96c00000 rw-p 00000000 00:00 0 
7efc96d00000-7efc96e00000 rw-p 00000000 00:00 0 
7efc96f00000-7efc97000000 rw-p 00000000 00:00 0 
7efc97100000-7efc97200000 rw-p 00000000 00:00 0 
7efc97300000-7efc97400000 rw-p 00000000 00:00 0 
7efc97500000-7efc97600000 rw-p 00000000 00:00 0 
7efc97700000-7efc97800000 rw-p 00000000 00:00 0 
7efc978ff000-7efc97903000 ---p 00000000 00:00 0 
7efc97903000-7efc97b00000 rw-p 00000000 00:00 0 
7efc97c00000-7efc97d00000 rw-p 00000000 00:00 0 
7efc97e00000-7efc97f00000 rw-p 00000000 00:00 0 
7efc98000000-7efc98100000 rw-p 00000000 00:00 0 
7efc98200000-7efc98300000 rw-p 00000000 00:00 0 
7efc98400000-7efc98500000 rw-p 00000000 00:00 0 
7efc98600000-7efc98700000 rw-p 00000000 00:00 0 
7efc98800000-7efc98900000 rw-p 00000000 00:00 0 
7efc98a00000-7efc98b00000 rw-p 00000000 00:00 0 
7efc98c00000-7efc98d00000 rw-p 00000000 00:00 0 
7efc98e00000-7efc98f00000 rw-p 00000000 00:00 0 
7efc99000000-7efc99100000 rw-p 00000000 00:00 0 
7efc99200000-7efc99300000 rw-p 00000000 00:00 0 
7efc99400000-7efc99500000 rw-p 00000000 00:00 0 
7efc99600000-7efc99700000 rw-p 00000000 00:00 0 
7efc99800000-7efc99900000 rw-p 00000000 00:00 0 
7efc99a00000-7efc99b00000 rw-p 00000000 00:00 0 
7efc99c00000-7efc99d00000 rw-p 00000000 00:00 0 
7efc99e00000-7efc99f00000 rw-p 00000000 00:00 0 
7efc9a000000-7efc9a100000 rw-p 00000000 00:00 0 
7efc9a200000-7efc9a300000 rw-p 00000000 00:00 0 
7efc9a400000-7efc9a500000 rw-p 00000000 00:00 0 
7efc9a600000-7efc9a700000 rw-p 00000000 00:00 0 
7efc9a800000-7efc9a900000 rw-p 00000000 00:00 0 
7efc9aa00000-7efc9ab00000 rw-p 00000000 00:00 0 
7efc9ac00000-7efc9ad00000 rw-p 00000000 00:00 0 
7efc9ae00000-7efc9af00000 rw-p 00000000 00:00 0 
7efc9b000000-7efc9b100000 rw-p 00000000 00:00 0 
7efc9b200000-7efc9b300000 rw-p 00000000 00:00 0 
7efc9b400000-7efc9b500000 rw-p 00000000 00:00 0 
7efc9b600000-7efc9b700000 rw-p 00000000 00:00 0 
7efc9b800000-7efc9b900000 rw-p 00000000 00:00 0 
7efc9ba00000-7efc9bb00000 rw-p 00000000 00:00 0 
7efc9bc00000-7efc9bd00000 rw-p 00000000 00:00 0 
7efc9be00000-7efc9bf00000 rw-p 00000000 00:00 0 
7efc9c000000-7efc9c100000 rw-p 00000000 00:00 0 
7efc9c200000-7efc9c300000 rw-p 00000000 00:00 0 
7efc9c400000-7efc9c500000 rw-p 00000000 00:00 0 
7efc9c600000-7efc9c700000 rw-p 00000000 00:00 0 
7efc9c800000-7efc9c900000 rw-p 00000000 00:00 0 
7efc9ca00000-7efc9cb00000 rw-p 00000000 00:00 0 
7efc9cc00000-7efc9cd00000 rw-p 00000000 00:00 0 
7efc9ce00000-7efc9cf00000 rw-p 00000000 00:00 0 
7efc9d000000-7efc9d100000 rw-p 00000000 00:00 0 
7efc9d200000-7efc9d300000 rw-p 00000000 00:00 0 
7efc9d400000-7efc9d500000 rw-p 00000000 00:00 0 
7efc9d600000-7efc9d700000 rw-p 00000000 00:00 0 
7efc9d800000-7efc9d900000 rw-p 00000000 00:00 0 
7efc9da00000-7efc9db00000 rw-p 00000000 00:00 0 
7efc9dc00000-7efc9dd00000 rw-p 00000000 00:00 0 
7efc9de00000-7efc9df00000 rw-p 00000000 00:00 0 
7efc9e000000-7efc9e100000 rw-p 00000000 00:00 0 
7efc9e200000-7efc9e300000 rw-p 00000000 00:00 0 
7efc9e400000-7efc9e500000 rw-p 00000000 00:00 0 
7efc9e600000-7efc9e700000 rw-p 00000000 00:00 0 
7efc9e800000-7efc9e900000 rw-p 00000000 00:00 0 
7efc9ea00000-7efc9eb00000 rw-p 00000000 00:00 0 
7efc9ec00000-7efc9ed00000 rw-p 00000000 00:00 0 
7efc9ee00000-7efc9ef00000 rw-p 00000000 00:00 0 
7efc9f000000-7efc9f100000 rw-p 00000000 00:00 0 
7efc9f200000-7efc9f300000 rw-p 00000000 00:00 0 
7efc9f400000-7efc9f500000 rw-p 00000000 00:00 0 
7efc9f600000-7efc9f700000 rw-p 00000000 00:00 0 
7efc9f800000-7efc9f900000 rw-p 00000000 00:00 0 
7efc9fa00000-7efc9fb00000 rw-p 00000000 00:00 0 
7efc9fc00000-7efc9fd00000 rw-p 00000000 00:00 0 
7efc9fe00000-7efc9ff00000 rw-p 00000000 00:00 0 
7efca0000000-7efca0117000 rw-p 00000000 00:00 0 
7efca0117000-7efca4000000 ---p 00000000 00:00 0 
7efca4100000-7efca4200000 rw-p 00000000 00:00 0 
7efca4300000-7efca4400000 rw-p 00000000 00:00 0 
7efca4500000-7efca4600000 rw-p 00000000 00:00 0 
7efca4700000-7efca4800000 rw-p 00000000 00:00 0 
7efca4900000-7efca4a00000 rw-p 00000000 00:00 0 
7efca4b00000-7efca4c00000 rw-p 00000000 00:00 0 
7efca4d00000-7efca4e00000 rw-p 00000000 00:00 0 
7efca4f00000-7efca5000000 rw-p 00000000 00:00 0 
7efca5100000-7efca5200000 rw-p 00000000 00:00 0 
7efca5300000-7efca5400000 rw-p 00000000 00:00 0 
7efca5500000-7efca5600000 rw-p 00000000 00:00 0 
7efca5700000-7efca5800000 rw-p 00000000 00:00 0 
7efca5900000-7efca5a00000 rw-p 00000000 00:00 0 
7efca5b00000-7efca5c00000 rw-p 00000000 00:00 0 
7efca5d00000-7efca5e00000 rw-p 00000000 00:00 0 
7efca5f00000-7efca6000000 rw-p 00000000 00:00 0 
7efca6100000-7efca6200000 rw-p 00000000 00:00 0 
7efca6300000-7efca6400000 rw-p 00000000 00:00 0 
7efca6500000-7efca6600000 rw-p 00000000 00:00 0 
7efca6700000-7efca6800000 rw-p 00000000 00:00 0 
7efca6900000-7efca6a00000 rw-p 00000000 00:00 0 
7efca6b00000-7efca6c00000 rw-p 00000000 00:00 0 
7efca6d00000-7efca6e00000 ---p 00000000 00:00 0 
7efca6e00000-7efca745f000 r--p 01362000 103:02 51870081                  /home/a4090/miniconda3/envs/auto/lib/jvm/lib/libjvmcicompiler.so
7efca745f000-7efca7600000 r--p 00000000 00:00 0 
7efca7600000-7efca760e000 rw-p 00000000 00:00 0 
7efca760e000-7efca7b63000 rw-p 01b70000 103:02 51870081                  /home/a4090/miniconda3/envs/auto/lib/jvm/lib/libjvmcicompiler.so
7efca7b63000-7efca7fdd000 r--p 020c5000 103:02 51870081                  /home/a4090/miniconda3/envs/auto/lib/jvm/lib/libjvmcicompiler.so
7efca8000000-7efca8118000 rw-p 00000000 00:00 0 
7efca8118000-7efcac000000 ---p 00000000 00:00 0 
7efcac100000-7efcac200000 rw-p 00000000 00:00 0 
7efcac2ff000-7efcac303000 ---p 00000000 00:00 0 
7efcac303000-7efcac500000 rw-p 00000000 00:00 0 
7efcac600000-7efcac700000 rw-p 00000000 00:00 0 
7efcac800000-7efcac900000 rw-p 00000000 00:00 0 
7efcaca00000-7efcacb00000 rw-p 00000000 00:00 0 
7efcacc00000-7efcacd00000 rw-p 00000000 00:00 0 
7efcace00000-7efcacf00000 rw-p 00000000 00:00 0 
7efcad000000-7efcad100000 rw-p 00000000 00:00 0 
7efcad200000-7efcad300000 ---p 00000000 00:00 0 
7efcad300000-7efcad95f000 r--p 01362000 103:02 51870081                  /home/a4090/miniconda3/envs/auto/lib/jvm/lib/libjvmcicompiler.so
7efcad95f000-7efcadb00000 r--p 00000000 00:00 0 
7efcadb00000-7efcadb0e000 rw-p 00000000 00:00 0 
7efcadb0e000-7efcae063000 rw-p 01b70000 103:02 51870081                  /home/a4090/miniconda3/envs/auto/lib/jvm/lib/libjvmcicompiler.so
7efcae063000-7efcae4dd000 r--p 020c5000 103:02 51870081                  /home/a4090/miniconda3/envs/auto/lib/jvm/lib/libjvmcicompiler.so
7efcae500000-7efcae600000 rw-p 00000000 00:00 0 
7efcae700000-7efcae800000 rw-p 00000000 00:00 0 
7efcae900000-7efcaea00000 rw-p 00000000 00:00 0 
7efcaeaff000-7efcaeb03000 ---p 00000000 00:00 0 
7efcaeb03000-7efcaed00000 rw-p 00000000 00:00 0 
7efcaee00000-7efcaef00000 rw-p 00000000 00:00 0 
7efcaf000000-7efcaf100000 rw-p 00000000 00:00 0 
7efcaf200000-7efcaf300000 rw-p 00000000 00:00 0 
7efcaf400000-7efcaf500000 rw-p 00000000 00:00 0 
7efcaf600000-7efcaf700000 rw-p 00000000 00:00 0 
7efcaf800000-7efcaf900000 rw-p 00000000 00:00 0 
7efcafa00000-7efcafb00000 rw-p 00000000 00:00 0 
7efcafc00000-7efcafd00000 rw-p 00000000 00:00 0 
7efcafe00000-7efcaff00000 rw-p 00000000 00:00 0 
7efcb0000000-7efcb0129000 rw-p 00000000 00:00 0 
7efcb0129000-7efcb4000000 ---p 00000000 00:00 0 
7efcb4000000-7efcb4100000 rw-p 00000000 00:00 0 
7efcb4200000-7efcb4300000 rw-p 00000000 00:00 0 
7efcb4400000-7efcb4500000 rw-p 00000000 00:00 0 
7efcb4600000-7efcb4700000 rw-p 00000000 00:00 0 
7efcb4800000-7efcb4900000 rw-p 00000000 00:00 0 
7efcb4a00000-7efcb4b00000 rw-p 00000000 00:00 0 
7efcb4c00000-7efcb4d00000 rw-p 00000000 00:00 0 
7efcb4e00000-7efcb4f00000 rw-p 00000000 00:00 0 
7efcb5000000-7efcb5100000 rw-p 00000000 00:00 0 
7efcb5200000-7efcb5300000 rw-p 00000000 00:00 0 
7efcb5400000-7efcb5500000 rw-p 00000000 00:00 0 
7efcb5600000-7efcb5700000 rw-p 00000000 00:00 0 
7efcb5800000-7efcb5900000 rw-p 00000000 00:00 0 
7efcb5a00000-7efcb5b00000 rw-p 00000000 00:00 0 
7efcb5c00000-7efcb5d00000 rw-p 00000000 00:00 0 
7efcb5e00000-7efcb5f00000 rw-p 00000000 00:00 0 
7efcb6000000-7efcb6100000 rw-p 00000000 00:00 0 
7efcb6200000-7efcb6300000 rw-p 00000000 00:00 0 
7efcb6400000-7efcb6500000 rw-p 00000000 00:00 0 
7efcb6600000-7efcb6700000 rw-p 00000000 00:00 0 
7efcb6800000-7efcb6900000 rw-p 00000000 00:00 0 
7efcb6a00000-7efcb6b00000 rw-p 00000000 00:00 0 
7efcb6c00000-7efcb6d00000 ---p 00000000 00:00 0 
7efcb6d00000-7efcb735f000 r--p 01362000 103:02 51870081                  /home/a4090/miniconda3/envs/auto/lib/jvm/lib/libjvmcicompiler.so
7efcb735f000-7efcb7500000 r--p 00000000 00:00 0 
7efcb7500000-7efcb750e000 rw-p 00000000 00:00 0 
7efcb750e000-7efcb7a63000 rw-p 01b70000 103:02 51870081                  /home/a4090/miniconda3/envs/auto/lib/jvm/lib/libjvmcicompiler.so
7efcb7a63000-7efcb7edd000 r--p 020c5000 103:02 51870081                  /home/a4090/miniconda3/envs/auto/lib/jvm/lib/libjvmcicompiler.so
7efcb7eff000-7efcb7f03000 ---p 00000000 00:00 0 
7efcb7f03000-7efcb8000000 rw-p 00000000 00:00 0 
7efcb8000000-7efcb804e000 rw-p 00000000 00:00 0 
7efcb804e000-7efcbc000000 ---p 00000000 00:00 0 
7efcbc000000-7efcbc100000 rw-p 00000000 00:00 0 
7efcbc200000-7efcbc300000 rw-p 00000000 00:00 0 
7efcbc400000-7efcbc500000 rw-p 00000000 00:00 0 
7efcbc600000-7efcbc700000 ---p 00000000 00:00 0 
7efcbc700000-7efcbcd5f000 r--p 01362000 103:02 51870081                  /home/a4090/miniconda3/envs/auto/lib/jvm/lib/libjvmcicompiler.so
7efcbcd5f000-7efcbcf00000 r--p 00000000 00:00 0 
7efcbcf00000-7efcbcf0e000 rw-p 00000000 00:00 0 
7efcbcf0e000-7efcbd463000 rw-p 01b70000 103:02 51870081                  /home/a4090/miniconda3/envs/auto/lib/jvm/lib/libjvmcicompiler.so
7efcbd463000-7efcbd8dd000 r--p 020c5000 103:02 51870081                  /home/a4090/miniconda3/envs/auto/lib/jvm/lib/libjvmcicompiler.so
7efcbd8ff000-7efcbd903000 ---p 00000000 00:00 0 
7efcbd903000-7efcbdb00000 rw-p 00000000 00:00 0 
7efcbdc00000-7efcbdd00000 rw-p 00000000 00:00 0 
7efcbde00000-7efcbdf00000 rw-p 00000000 00:00 0 
7efcbe000000-7efcbe100000 rw-p 00000000 00:00 0 
7efcbe200000-7efcbe300000 rw-p 00000000 00:00 0 
7efcbe400000-7efcbe500000 rw-p 00000000 00:00 0 
7efcbe600000-7efcbe700000 rw-p 00000000 00:00 0 
7efcbe800000-7efcbe900000 rw-p 00000000 00:00 0 
7efcbea00000-7efcbeb00000 rw-p 00000000 00:00 0 
7efcbec00000-7efcbed00000 rw-p 00000000 00:00 0 
7efcbee00000-7efcbef00000 rw-p 00000000 00:00 0 
7efcbf000000-7efcbf100000 rw-p 00000000 00:00 0 
7efcbf200000-7efcbf300000 rw-p 00000000 00:00 0 
7efcbf400000-7efcbf500000 rw-p 00000000 00:00 0 
7efcbf600000-7efcbf700000 rw-p 00000000 00:00 0 
7efcbf800000-7efcbf900000 rw-p 00000000 00:00 0 
7efcbfa00000-7efcbfb00000 rw-p 00000000 00:00 0 
7efcbfc00000-7efcbfd00000 rw-p 00000000 00:00 0 
7efcbfe00000-7efcbff00000 rw-p 00000000 00:00 0 
7efcc0000000-7efcc0081000 rw-p 00000000 00:00 0 
7efcc0081000-7efcc4000000 ---p 00000000 00:00 0 
7efcc4000000-7efcc4100000 rw-p 00000000 00:00 0 
7efcc4200000-7efcc4300000 rw-p 00000000 00:00 0 
7efcc4400000-7efcc4500000 rw-p 00000000 00:00 0 
7efcc4600000-7efcc4700000 rw-p 00000000 00:00 0 
7efcc4800000-7efcc4900000 ---p 00000000 00:00 0 
7efcc4900000-7efcc4f5f000 r--p 01362000 103:02 51870081                  /home/a4090/miniconda3/envs/auto/lib/jvm/lib/libjvmcicompiler.so
7efcc4f5f000-7efcc5100000 r--p 00000000 00:00 0 
7efcc5100000-7efcc510e000 rw-p 00000000 00:00 0 
7efcc510e000-7efcc5663000 rw-p 01b70000 103:02 51870081                  /home/a4090/miniconda3/envs/auto/lib/jvm/lib/libjvmcicompiler.so
7efcc5663000-7efcc5add000 r--p 020c5000 103:02 51870081                  /home/a4090/miniconda3/envs/auto/lib/jvm/lib/libjvmcicompiler.so
7efcc5aff000-7efcc5b03000 ---p 00000000 00:00 0 
7efcc5b03000-7efcc5d00000 rw-p 00000000 00:00 0 
7efcc5e00000-7efcc5f00000 rw-p 00000000 00:00 0 
7efcc6000000-7efcc6100000 rw-p 00000000 00:00 0 
7efcc6200000-7efcc6300000 rw-p 00000000 00:00 0 
7efcc6400000-7efcc6500000 rw-p 00000000 00:00 0 
7efcc6600000-7efcc6700000 rw-p 00000000 00:00 0 
7efcc6800000-7efcc6900000 rw-p 00000000 00:00 0 
7efcc6a00000-7efcc6b00000 rw-p 00000000 00:00 0 
7efcc6c00000-7efcc6d00000 rw-p 00000000 00:00 0 
7efcc6e00000-7efcc6f00000 rw-p 00000000 00:00 0 
7efcc7000000-7efcc7100000 rw-p 00000000 00:00 0 
7efcc7200000-7efcc7300000 rw-p 00000000 00:00 0 
7efcc7400000-7efcc7500000 rw-p 00000000 00:00 0 
7efcc7600000-7efcc7700000 rw-p 00000000 00:00 0 
7efcc7800000-7efcc7900000 rw-p 00000000 00:00 0 
7efcc7a00000-7efcc7b00000 rw-p 00000000 00:00 0 
7efcc7c00000-7efcc7d00000 rw-p 00000000 00:00 0 
7efcc7e00000-7efcc7f00000 rw-p 00000000 00:00 0 
7efcc8000000-7efcc81b7000 rw-p 00000000 00:00 0 
7efcc81b7000-7efccc000000 ---p 00000000 00:00 0 
7efccc100000-7efccc200000 rw-p 00000000 00:00 0 
7efccc300000-7efccc400000 rw-p 00000000 00:00 0 
7efccc500000-7efccc600000 rw-p 00000000 00:00 0 
7efccc700000-7efccc800000 rw-p 00000000 00:00 0 
7efccc900000-7efccca00000 rw-p 00000000 00:00 0 
7efcccb00000-7efcccc00000 rw-p 00000000 00:00 0 
7efcccd00000-7efccce00000 rw-p 00000000 00:00 0 
7efcccf00000-7efccd000000 rw-p 00000000 00:00 0 
7efccd100000-7efccd200000 rw-p 00000000 00:00 0 
7efccd300000-7efccd400000 ---p 00000000 00:00 0 
7efccd400000-7efccda5f000 r--p 01362000 103:02 51870081                  /home/a4090/miniconda3/envs/auto/lib/jvm/lib/libjvmcicompiler.so
7efccda5f000-7efccdc00000 r--p 00000000 00:00 0 
7efccdc00000-7efccdc0e000 rw-p 00000000 00:00 0 
7efccdc0e000-7efcce163000 rw-p 01b70000 103:02 51870081                  /home/a4090/miniconda3/envs/auto/lib/jvm/lib/libjvmcicompiler.so
7efcce163000-7efcce5dd000 r--p 020c5000 103:02 51870081                  /home/a4090/miniconda3/envs/auto/lib/jvm/lib/libjvmcicompiler.so
7efcce5ff000-7efcce603000 ---p 00000000 00:00 0 
7efcce603000-7efcce800000 rw-p 00000000 00:00 0 
7efcce900000-7efccea00000 rw-p 00000000 00:00 0 
7efcceb00000-7efccec00000 rw-p 00000000 00:00 0 
7efcced00000-7efccee00000 ---p 00000000 00:00 0 
7efccee00000-7efccf45f000 r--p 01362000 103:02 51870081                  /home/a4090/miniconda3/envs/auto/lib/jvm/lib/libjvmcicompiler.so
7efccf45f000-7efccf600000 r--p 00000000 00:00 0 
7efccf600000-7efccf60e000 rw-p 00000000 00:00 0 
7efccf60e000-7efccfb63000 rw-p 01b70000 103:02 51870081                  /home/a4090/miniconda3/envs/auto/lib/jvm/lib/libjvmcicompiler.so
7efccfb63000-7efccffdd000 r--p 020c5000 103:02 51870081                  /home/a4090/miniconda3/envs/auto/lib/jvm/lib/libjvmcicompiler.so
7efcd0000000-7efcd0021000 rw-p 00000000 00:00 0 
7efcd0021000-7efcd4000000 ---p 00000000 00:00 0 
7efcd4000000-7efcd414f000 rw-p 00000000 00:00 0 
7efcd414f000-7efcd8000000 ---p 00000000 00:00 0 
7efcd8000000-7efcd8021000 rw-p 00000000 00:00 0 
7efcd8021000-7efcdc000000 ---p 00000000 00:00 0 
7efcdc000000-7efcdc021000 rw-p 00000000 00:00 0 
7efcdc021000-7efce0000000 ---p 00000000 00:00 0 
7efce0000000-7efce0021000 rw-p 00000000 00:00 0 
7efce0021000-7efce4000000 ---p 00000000 00:00 0 
7efce4100000-7efce4200000 rw-p 00000000 00:00 0 
7efce4300000-7efce4400000 rw-p 00000000 00:00 0 
7efce4500000-7efce4600000 rw-p 00000000 00:00 0 
7efce4700000-7efce4800000 rw-p 00000000 00:00 0 
7efce4900000-7efce4a00000 rw-p 00000000 00:00 0 
7efce4aff000-7efce4b03000 ---p 00000000 00:00 0 
7efce4b03000-7efce4d00000 rw-p 00000000 00:00 0 
7efce4e00000-7efce4f00000 rw-p 00000000 00:00 0 
7efce5000000-7efce5100000 rw-p 00000000 00:00 0 
7efce5200000-7efce5300000 rw-p 00000000 00:00 0 
7efce5400000-7efce5500000 rw-p 00000000 00:00 0 
7efce5600000-7efce5700000 rw-p 00000000 00:00 0 
7efce5800000-7efce5900000 rw-p 00000000 00:00 0 
7efce5a00000-7efce5b00000 rw-p 00000000 00:00 0 
7efce5c00000-7efce5d00000 rw-p 00000000 00:00 0 
7efce5e00000-7efce5f00000 rw-p 00000000 00:00 0 
7efce6000000-7efce6100000 rw-p 00000000 00:00 0 
7efce6200000-7efce6300000 rw-p 00000000 00:00 0 
7efce6400000-7efce6500000 rw-p 00000000 00:00 0 
7efce6600000-7efce6700000 rw-p 00000000 00:00 0 
7efce6800000-7efce6900000 rw-p 00000000 00:00 0 
7efce69f8000-7efce69f9000 ---p 00000000 00:00 0 
7efce69f9000-7efce6afa000 rw-p 00000000 00:00 0 
7efce6afa000-7efce6afb000 ---p 00000000 00:00 0 
7efce6afb000-7efce6bfc000 rw-p 00000000 00:00 0 
7efce6bfc000-7efce6bfd000 ---p 00000000 00:00 0 
7efce6bfd000-7efce6cfe000 rw-p 00000000 00:00 0 
7efce6cfe000-7efce6cff000 ---p 00000000 00:00 0 
7efce6cff000-7efce6f00000 rw-p 00000000 00:00 0 
7efce7000000-7efce7100000 rw-p 00000000 00:00 0 
7efce7200000-7efce7300000 rw-p 00000000 00:00 0 
7efce7400000-7efce7500000 rw-p 00000000 00:00 0 
7efce7600000-7efce7700000 rw-p 00000000 00:00 0 
7efce7800000-7efce7900000 rw-p 00000000 00:00 0 
7efce7a00000-7efce7b00000 rw-p 00000000 00:00 0 
7efce7c00000-7efce7d00000 rw-p 00000000 00:00 0 
7efce7e00000-7efce7f00000 rw-p 00000000 00:00 0 
7efce8000000-7efce80e4000 rw-p 00000000 00:00 0 
7efce80e4000-7efcec000000 ---p 00000000 00:00 0 
7efcec100000-7efcec200000 rw-p 00000000 00:00 0 
7efcec23e000-7efcec3ff000 rw-p 00000000 00:00 0 
7efcec3ff000-7efcec403000 ---p 00000000 00:00 0 
7efcec403000-7efcec600000 rw-p 00000000 00:00 0 
7efcec700000-7efcec800000 rw-p 00000000 00:00 0 
7efcec900000-7efceca00000 rw-p 00000000 00:00 0 
7efcecb00000-7efcecc00000 rw-p 00000000 00:00 0 
7efcecd00000-7efcece00000 rw-p 00000000 00:00 0 
7efcecf00000-7efced000000 rw-p 00000000 00:00 0 
7efced100000-7efced200000 rw-p 00000000 00:00 0 
7efced300000-7efced400000 ---p 00000000 00:00 0 
7efced400000-7efceda5f000 r--p 01362000 103:02 51870081                  /home/a4090/miniconda3/envs/auto/lib/jvm/lib/libjvmcicompiler.so
7efceda5f000-7efcedc00000 r--p 00000000 00:00 0 
7efcedc00000-7efcedc0e000 rw-p 00000000 00:00 0 
7efcedc0e000-7efcee163000 rw-p 01b70000 103:02 51870081                  /home/a4090/miniconda3/envs/auto/lib/jvm/lib/libjvmcicompiler.so
7efcee163000-7efcee5dd000 r--p 020c5000 103:02 51870081                  /home/a4090/miniconda3/envs/auto/lib/jvm/lib/libjvmcicompiler.so
7efcee5ff000-7efcee603000 ---p 00000000 00:00 0 
7efcee603000-7efcee800000 rw-p 00000000 00:00 0 
7efcee900000-7efceea00000 rw-p 00000000 00:00 0 
7efceeb00000-7efceec00000 rw-p 00000000 00:00 0 
7efceed00000-7efceee00000 ---p 00000000 00:00 0 
7efceee00000-7efcef45f000 r--p 01362000 103:02 51870081                  /home/a4090/miniconda3/envs/auto/lib/jvm/lib/libjvmcicompiler.so
7efcef45f000-7efcef600000 r--p 00000000 00:00 0 
7efcef600000-7efcef60e000 rw-p 00000000 00:00 0 
7efcef60e000-7efcefb63000 rw-p 01b70000 103:02 51870081                  /home/a4090/miniconda3/envs/auto/lib/jvm/lib/libjvmcicompiler.so
7efcefb63000-7efceffdd000 r--p 020c5000 103:02 51870081                  /home/a4090/miniconda3/envs/auto/lib/jvm/lib/libjvmcicompiler.so
7efcf0000000-7efcf0021000 rw-p 00000000 00:00 0 
7efcf0021000-7efcf4000000 ---p 00000000 00:00 0 
7efcf4000000-7efcf411f000 rw-p 00000000 00:00 0 
7efcf411f000-7efcf8000000 ---p 00000000 00:00 0 
7efcf8000000-7efcf8021000 rw-p 00000000 00:00 0 
7efcf8021000-7efcfc000000 ---p 00000000 00:00 0 
7efcfc000000-7efcfc021000 rw-p 00000000 00:00 0 
7efcfc021000-7efd00000000 ---p 00000000 00:00 0 
7efd00000000-7efd00021000 rw-p 00000000 00:00 0 
7efd00021000-7efd04000000 ---p 00000000 00:00 0 
7efd04000000-7efd04021000 rw-p 00000000 00:00 0 
7efd04021000-7efd08000000 ---p 00000000 00:00 0 
7efd08000000-7efd08053000 rw-p 00000000 00:00 0 
7efd08053000-7efd0c000000 ---p 00000000 00:00 0 
7efd0c000000-7efd0c021000 rw-p 00000000 00:00 0 
7efd0c021000-7efd10000000 ---p 00000000 00:00 0 
7efd10000000-7efd10021000 rw-p 00000000 00:00 0 
7efd10021000-7efd14000000 ---p 00000000 00:00 0 
7efd14000000-7efd14021000 rw-p 00000000 00:00 0 
7efd14021000-7efd18000000 ---p 00000000 00:00 0 
7efd18000000-7efd18021000 rw-p 00000000 00:00 0 
7efd18021000-7efd1c000000 ---p 00000000 00:00 0 
7efd1c000000-7efd1c021000 rw-p 00000000 00:00 0 
7efd1c021000-7efd20000000 ---p 00000000 00:00 0 
7efd20000000-7efd20021000 rw-p 00000000 00:00 0 
7efd20021000-7efd24000000 ---p 00000000 00:00 0 
7efd24000000-7efd24021000 rw-p 00000000 00:00 0 
7efd24021000-7efd28000000 ---p 00000000 00:00 0 
7efd28000000-7efd28021000 rw-p 00000000 00:00 0 
7efd28021000-7efd2c000000 ---p 00000000 00:00 0 
7efd2c000000-7efd2c100000 rw-p 00000000 00:00 0 
7efd2c200000-7efd2c300000 rw-p 00000000 00:00 0 
7efd2c400000-7efd2c500000 rw-p 00000000 00:00 0 
7efd2c600000-7efd2c700000 rw-p 00000000 00:00 0 
7efd2c800000-7efd2c900000 rw-p 00000000 00:00 0 
7efd2ca00000-7efd2cb00000 rw-p 00000000 00:00 0 
7efd2cbff000-7efd2cc03000 ---p 00000000 00:00 0 
7efd2cc03000-7efd2cf00000 rw-p 00000000 00:00 0 
7efd2d000000-7efd2d100000 rw-p 00000000 00:00 0 
7efd2d200000-7efd2d300000 rw-p 00000000 00:00 0 
7efd2d400000-7efd2d500000 rw-p 00000000 00:00 0 
7efd2d600000-7efd2d700000 rw-p 00000000 00:00 0 
7efd2d800000-7efd2d900000 rw-p 00000000 00:00 0 
7efd2da00000-7efd2db00000 rw-p 00000000 00:00 0 
7efd2dc00000-7efd2dd00000 rw-p 00000000 00:00 0 
7efd2de00000-7efd2df00000 rw-p 00000000 00:00 0 
7efd2e000000-7efd2e100000 rw-p 00000000 00:00 0 
7efd2e200000-7efd2e300000 rw-p 00000000 00:00 0 
7efd2e400000-7efd2e500000 rw-p 00000000 00:00 0 
7efd2e600000-7efd2e700000 rw-p 00000000 00:00 0 
7efd2e800000-7efd2e900000 rw-p 00000000 00:00 0 
7efd2ea00000-7efd2eb00000 rw-p 00000000 00:00 0 
7efd2ec00000-7efd2ed00000 rw-p 00000000 00:00 0 
7efd2ee00000-7efd2ef00000 rw-p 00000000 00:00 0 
7efd2f000000-7efd2f100000 rw-p 00000000 00:00 0 
7efd2f1e4000-7efd2f1e5000 ---p 00000000 00:00 0 
7efd2f1e5000-7efd2f2e6000 rw-p 00000000 00:00 0 
7efd2f2e6000-7efd2f2e7000 ---p 00000000 00:00 0 
7efd2f2e7000-7efd2f3e8000 rw-p 00000000 00:00 0 
7efd2f3e8000-7efd2f3e9000 ---p 00000000 00:00 0 
7efd2f3e9000-7efd2f4ea000 rw-p 00000000 00:00 0 
7efd2f4ea000-7efd2f4eb000 ---p 00000000 00:00 0 
7efd2f4eb000-7efd2f5ec000 rw-p 00000000 00:00 0 
7efd2f5ec000-7efd2f5ed000 ---p 00000000 00:00 0 
7efd2f5ed000-7efd2f6ee000 rw-p 00000000 00:00 0 
7efd2f6ee000-7efd2f6ef000 ---p 00000000 00:00 0 
7efd2f6ef000-7efd2f7f0000 rw-p 00000000 00:00 0 
7efd2f7f0000-7efd2f7f1000 ---p 00000000 00:00 0 
7efd2f7f1000-7efd2f8f2000 rw-p 00000000 00:00 0 
7efd2f8f2000-7efd2f8f3000 ---p 00000000 00:00 0 
7efd2f8f3000-7efd2f9f4000 rw-p 00000000 00:00 0 
7efd2f9f4000-7efd2f9f5000 ---p 00000000 00:00 0 
7efd2f9f5000-7efd2faf6000 rw-p 00000000 00:00 0 
7efd2faf6000-7efd2faf7000 ---p 00000000 00:00 0 
7efd2faf7000-7efd2fbf8000 rw-p 00000000 00:00 0 
7efd2fbf8000-7efd2fbf9000 ---p 00000000 00:00 0 
7efd2fbf9000-7efd2fcfa000 rw-p 00000000 00:00 0 
7efd2fcfa000-7efd2fcfb000 ---p 00000000 00:00 0 
7efd2fcfb000-7efd2fdfc000 rw-p 00000000 00:00 0 
7efd2fdfc000-7efd2fdfd000 ---p 00000000 00:00 0 
7efd2fdfd000-7efd2fefe000 rw-p 00000000 00:00 0 
7efd2fefe000-7efd2feff000 ---p 00000000 00:00 0 
7efd2feff000-7efd30000000 rw-p 00000000 00:00 0 
7efd30000000-7efd30021000 rw-p 00000000 00:00 0 
7efd30021000-7efd34000000 ---p 00000000 00:00 0 
7efd34000000-7efd34021000 rw-p 00000000 00:00 0 
7efd34021000-7efd38000000 ---p 00000000 00:00 0 
7efd38000000-7efd38021000 rw-p 00000000 00:00 0 
7efd38021000-7efd3c000000 ---p 00000000 00:00 0 
7efd3c000000-7efd3c021000 rw-p 00000000 00:00 0 
7efd3c021000-7efd40000000 ---p 00000000 00:00 0 
7efd40000000-7efd40021000 rw-p 00000000 00:00 0 
7efd40021000-7efd44000000 ---p 00000000 00:00 0 
7efd44000000-7efd44021000 rw-p 00000000 00:00 0 
7efd44021000-7efd48000000 ---p 00000000 00:00 0 
7efd48000000-7efd48021000 rw-p 00000000 00:00 0 
7efd48021000-7efd4c000000 ---p 00000000 00:00 0 
7efd4c000000-7efd4c021000 rw-p 00000000 00:00 0 
7efd4c021000-7efd50000000 ---p 00000000 00:00 0 
7efd50000000-7efd50021000 rw-p 00000000 00:00 0 
7efd50021000-7efd54000000 ---p 00000000 00:00 0 
7efd54000000-7efd54021000 rw-p 00000000 00:00 0 
7efd54021000-7efd58000000 ---p 00000000 00:00 0 
7efd58000000-7efd58021000 rw-p 00000000 00:00 0 
7efd58021000-7efd5c000000 ---p 00000000 00:00 0 
7efd5c000000-7efd5c021000 rw-p 00000000 00:00 0 
7efd5c021000-7efd60000000 ---p 00000000 00:00 0 
7efd60000000-7efd6017e000 rw-p 00000000 00:00 0 
7efd6017e000-7efd64000000 ---p 00000000 00:00 0 
7efd64000000-7efd64021000 rw-p 00000000 00:00 0 
7efd64021000-7efd68000000 ---p 00000000 00:00 0 
7efd68000000-7efd682ea000 rw-p 00000000 00:00 0 
7efd682ea000-7efd6c000000 ---p 00000000 00:00 0 
7efd6c000000-7efd6c23e000 rw-p 00000000 00:00 0 
7efd6c23e000-7efd70000000 ---p 00000000 00:00 0 
7efd70000000-7efd70391000 rw-p 00000000 00:00 0 
7efd70391000-7efd74000000 ---p 00000000 00:00 0 
7efd74000000-7efd74021000 rw-p 00000000 00:00 0 
7efd74021000-7efd78000000 ---p 00000000 00:00 0 
7efd780e6000-7efd780e7000 ---p 00000000 00:00 0 
7efd780e7000-7efd781e8000 rw-p 00000000 00:00 0 
7efd781e8000-7efd781e9000 ---p 00000000 00:00 0 
7efd781e9000-7efd782ea000 rw-p 00000000 00:00 0 
7efd782ea000-7efd782eb000 ---p 00000000 00:00 0 
7efd782eb000-7efd783ec000 rw-p 00000000 00:00 0 
7efd783ec000-7efd783ed000 ---p 00000000 00:00 0 
7efd783ed000-7efd784ee000 rw-p 00000000 00:00 0 
7efd784ee000-7efd784ef000 ---p 00000000 00:00 0 
7efd784ef000-7efd785f0000 rw-p 00000000 00:00 0 
7efd785f0000-7efd785f1000 ---p 00000000 00:00 0 
7efd785f1000-7efd786f2000 rw-p 00000000 00:00 0 
7efd786f2000-7efd786f3000 ---p 00000000 00:00 0 
7efd786f3000-7efd787f4000 rw-p 00000000 00:00 0 
7efd787f4000-7efd787f5000 ---p 00000000 00:00 0 
7efd787f5000-7efd788f6000 rw-p 00000000 00:00 0 
7efd788f6000-7efd788f7000 ---p 00000000 00:00 0 
7efd788f7000-7efd789f8000 rw-p 00000000 00:00 0 
7efd789f8000-7efd789f9000 ---p 00000000 00:00 0 
7efd789f9000-7efd78afa000 rw-p 00000000 00:00 0 
7efd78afa000-7efd78afb000 ---p 00000000 00:00 0 
7efd78afb000-7efd78bfc000 rw-p 00000000 00:00 0 
7efd78bfc000-7efd78bfd000 ---p 00000000 00:00 0 
7efd78bfd000-7efd78cfe000 rw-p 00000000 00:00 0 
7efd78cfe000-7efd78cff000 ---p 00000000 00:00 0 
7efd78cff000-7efd78f00000 rw-p 00000000 00:00 0 
7efd79000000-7efd79100000 rw-p 00000000 00:00 0 
7efd79200000-7efd79300000 rw-p 00000000 00:00 0 
7efd79400000-7efd79500000 rw-p 00000000 00:00 0 
7efd79600000-7efd79700000 rw-p 00000000 00:00 0 
7efd79800000-7efd79900000 rw-p 00000000 00:00 0 
7efd79a00000-7efd79b00000 rw-p 00000000 00:00 0 
7efd79c00000-7efd79d00000 rw-p 00000000 00:00 0 
7efd79e00000-7efd79f00000 rw-p 00000000 00:00 0 
7efd7a000000-7efd7a100000 rw-p 00000000 00:00 0 
7efd7a200000-7efd7a300000 rw-p 00000000 00:00 0 
7efd7a400000-7efd7a500000 rw-p 00000000 00:00 0 
7efd7a600000-7efd7a700000 ---p 00000000 00:00 0 
7efd7a700000-7efd7ad5f000 r--p 01362000 103:02 51870081                  /home/a4090/miniconda3/envs/auto/lib/jvm/lib/libjvmcicompiler.so
7efd7ad5f000-7efd7af00000 r--p 00000000 00:00 0 
7efd7af00000-7efd7af0e000 rw-p 00000000 00:00 0 
7efd7af0e000-7efd7b463000 rw-p 01b70000 103:02 51870081                  /home/a4090/miniconda3/envs/auto/lib/jvm/lib/libjvmcicompiler.so
7efd7b463000-7efd7b8dd000 r--p 020c5000 103:02 51870081                  /home/a4090/miniconda3/envs/auto/lib/jvm/lib/libjvmcicompiler.so
7efd7b8fc000-7efd7b900000 ---p 00000000 00:00 0 
7efd7b900000-7efd7b9fd000 rw-p 00000000 00:00 0 
7efd7b9fd000-7efd7ba01000 ---p 00000000 00:00 0 
7efd7ba01000-7efd7bbfe000 rw-p 00000000 00:00 0 
7efd7bbfe000-7efd7bc02000 ---p 00000000 00:00 0 
7efd7bc02000-7efd7bdff000 rw-p 00000000 00:00 0 
7efd7bdff000-7efd7be03000 ---p 00000000 00:00 0 
7efd7be03000-7efd7c000000 rw-p 00000000 00:00 0 
7efd7c000000-7efd7c2cd000 rw-p 00000000 00:00 0 
7efd7c2cd000-7efd80000000 ---p 00000000 00:00 0 
7efd80000000-7efd80100000 rw-p 00000000 00:00 0 
7efd80200000-7efd80300000 rw-p 00000000 00:00 0 
7efd80400000-7efd80500000 rw-p 00000000 00:00 0 
7efd80600000-7efd80700000 rw-p 00000000 00:00 0 
7efd80800000-7efd80900000 rw-p 00000000 00:00 0 
7efd80a00000-7efd80b00000 rw-p 00000000 00:00 0 
7efd80bff000-7efd80c03000 ---p 00000000 00:00 0 
7efd80c03000-7efd80e00000 rw-p 00000000 00:00 0 
7efd80f00000-7efd81000000 rw-p 00000000 00:00 0 
7efd81100000-7efd81200000 rw-p 00000000 00:00 0 
7efd81300000-7efd81400000 rw-p 00000000 00:00 0 
7efd81500000-7efd81600000 rw-p 00000000 00:00 0 
7efd81700000-7efd81800000 rw-p 00000000 00:00 0 
7efd81900000-7efd81a00000 rw-p 00000000 00:00 0 
7efd81b00000-7efd81c00000 rw-p 00000000 00:00 0 
7efd81d00000-7efd81e00000 rw-p 00000000 00:00 0 
7efd81f00000-7efd82000000 rw-p 00000000 00:00 0 
7efd82100000-7efd82200000 rw-p 00000000 00:00 0 
7efd82300000-7efd82400000 rw-p 00000000 00:00 0 
7efd82500000-7efd82600000 rw-p 00000000 00:00 0 
7efd82700000-7efd82800000 rw-p 00000000 00:00 0 
7efd82900000-7efd82a00000 rw-p 00000000 00:00 0 
7efd82b00000-7efd82c00000 rw-p 00000000 00:00 0 
7efd82d00000-7efd82e00000 rw-p 00000000 00:00 0 
7efd82f00000-7efd83000000 rw-p 00000000 00:00 0 
7efd83100000-7efd83200000 rw-p 00000000 00:00 0 
7efd83300000-7efd83400000 rw-p 00000000 00:00 0 
7efd83500000-7efd83600000 rw-p 00000000 00:00 0 
7efd83700000-7efd83800000 rw-p 00000000 00:00 0 
7efd83900000-7efd83a00000 rw-p 00000000 00:00 0 
7efd83b00000-7efd83c00000 rw-p 00000000 00:00 0 
7efd83d00000-7efd83e00000 rw-p 00000000 00:00 0 
7efd83f00000-7efd84000000 rw-p 00000000 00:00 0 
7efd84100000-7efd84200000 rw-p 00000000 00:00 0 
7efd84300000-7efd84400000 rw-p 00000000 00:00 0 
7efd84500000-7efd84600000 rw-p 00000000 00:00 0 
7efd84700000-7efd84800000 rw-p 00000000 00:00 0 
7efd84900000-7efd84a00000 rw-p 00000000 00:00 0 
7efd84b00000-7efd84c00000 rw-p 00000000 00:00 0 
7efd84d00000-7efd84e00000 rw-p 00000000 00:00 0 
7efd84f00000-7efd85000000 rw-p 00000000 00:00 0 
7efd85100000-7efd85200000 rw-p 00000000 00:00 0 
7efd85300000-7efd85400000 rw-p 00000000 00:00 0 
7efd85460000-7efd85600000 rw-p 00000000 00:00 0 
7efd85660000-7efd85800000 rw-p 00000000 00:00 0 
7efd85860000-7efd85a00000 rw-p 00000000 00:00 0 
7efd85a60000-7efd85d00000 rw-p 00000000 00:00 0 
7efd85d00000-7efd85e00000 rw-p 00000000 00:00 0 
7efd85e55000-7efd86000000 rw-p 00000000 00:00 0 
7efd86061000-7efd86200000 rw-p 00000000 00:00 0 
7efd86262000-7efd86400000 rw-p 00000000 00:00 0 
7efd86411000-7efd86600000 rw-p 00000000 00:00 0 
7efd8667b000-7efd86800000 rw-p 00000000 00:00 0 
7efd8687b000-7efd86a00000 rw-p 00000000 00:00 0 
7efd86a7f000-7efd86c00000 rw-p 00000000 00:00 0 
7efd86c54000-7efd86d00000 rw-p 00000000 00:00 0 
7efd86d00000-7efd86e00000 ---p 00000000 00:00 0 
7efd86e00000-7efd8745f000 r--p 01362000 103:02 51870081                  /home/a4090/miniconda3/envs/auto/lib/jvm/lib/libjvmcicompiler.so
7efd8745f000-7efd87600000 r--p 00000000 00:00 0 
7efd87600000-7efd8760e000 rw-p 00000000 00:00 0 
7efd8760e000-7efd87b63000 rw-p 01b70000 103:02 51870081                  /home/a4090/miniconda3/envs/auto/lib/jvm/lib/libjvmcicompiler.so
7efd87b63000-7efd87fdd000 r--p 020c5000 103:02 51870081                  /home/a4090/miniconda3/envs/auto/lib/jvm/lib/libjvmcicompiler.so
7efd88000000-7efd88060000 rw-p 00000000 00:00 0 
7efd88060000-7efd8c000000 ---p 00000000 00:00 0 
7efd8c000000-7efd8c0e7000 rw-p 00000000 00:00 0 
7efd8c0e7000-7efd90000000 ---p 00000000 00:00 0 
7efd90000000-7efd9002f000 rw-p 00000000 00:00 0 
7efd9002f000-7efd94000000 ---p 00000000 00:00 0 
7efd94000000-7efd94100000 rw-p 00000000 00:00 0 
7efd94198000-7efd94300000 rw-p 00000000 00:00 0 
7efd9430a000-7efd94367000 rw-p 00000000 00:00 0 
7efd943a8000-7efd94500000 rw-p 00000000 00:00 0 
7efd94552000-7efd94700000 rw-p 00000000 00:00 0 
7efd94707000-7efd9475e000 rw-p 00000000 00:00 0 
7efd94799000-7efd94800000 rw-p 00000000 00:00 0 
7efd94800000-7efd94900000 ---p 00000000 00:00 0 
7efd94900000-7efd94f5f000 r--p 01362000 103:02 51870081                  /home/a4090/miniconda3/envs/auto/lib/jvm/lib/libjvmcicompiler.so
7efd94f5f000-7efd95100000 r--p 00000000 00:00 0 
7efd95100000-7efd9510e000 rw-p 00000000 00:00 0 
7efd9510e000-7efd95663000 rw-p 01b70000 103:02 51870081                  /home/a4090/miniconda3/envs/auto/lib/jvm/lib/libjvmcicompiler.so
7efd95663000-7efd95add000 r--p 020c5000 103:02 51870081                  /home/a4090/miniconda3/envs/auto/lib/jvm/lib/libjvmcicompiler.so
7efd95b00000-7efd95c00000 ---p 00000000 00:00 0 
7efd95c00000-7efd9625f000 r--p 01362000 103:02 51870081                  /home/a4090/miniconda3/envs/auto/lib/jvm/lib/libjvmcicompiler.so
7efd9625f000-7efd96400000 r--p 00000000 00:00 0 
7efd96400000-7efd9640e000 rw-p 00000000 00:00 0 
7efd9640e000-7efd96963000 rw-p 01b70000 103:02 51870081                  /home/a4090/miniconda3/envs/auto/lib/jvm/lib/libjvmcicompiler.so
7efd96963000-7efd96ddd000 r--p 020c5000 103:02 51870081                  /home/a4090/miniconda3/envs/auto/lib/jvm/lib/libjvmcicompiler.so
7efd96dfd000-7efd96e01000 ---p 00000000 00:00 0 
7efd96e01000-7efd96ffe000 rw-p 00000000 00:00 0 
7efd96ffe000-7efd97002000 ---p 00000000 00:00 0 
7efd97002000-7efd971ff000 rw-p 00000000 00:00 0 
7efd971ff000-7efd97203000 ---p 00000000 00:00 0 
7efd97203000-7efd97500000 rw-p 00000000 00:00 0 
7efd97514000-7efd97700000 rw-p 00000000 00:00 0 
7efd97718000-7efd97900000 rw-p 00000000 00:00 0 
7efd97956000-7efd97b00000 rw-p 00000000 00:00 0 
7efd97b23000-7efd97b7b000 rw-p 00000000 00:00 0 
7efd97bbf000-7efd97d00000 rw-p 00000000 00:00 0 
7efd97d13000-7efd97dcb000 rw-p 00000000 00:00 0 
7efd97dcc000-7efd97f00000 rw-p 00000000 00:00 0 
7efd97f0b000-7efd98000000 rw-p 00000000 00:00 0 
7efd98000000-7efd98021000 rw-p 00000000 00:00 0 
7efd98021000-7efd9c000000 ---p 00000000 00:00 0 
7efd9c023000-7efd9c200000 rw-p 00000000 00:00 0 
7efd9c209000-7efd9c400000 rw-p 00000000 00:00 0 
7efd9c432000-7efd9c600000 rw-p 00000000 00:00 0 
7efd9c607000-7efd9c630000 rw-p 00000000 00:00 0 
7efd9c658000-7efd9c6ce000 rw-p 00000000 00:00 0 
7efd9c6d6000-7efd9c700000 rw-p 00000000 00:00 0 
7efd9c700000-7efd9c800000 ---p 00000000 00:00 0 
7efd9c800000-7efd9ce5f000 r--p 01362000 103:02 51870081                  /home/a4090/miniconda3/envs/auto/lib/jvm/lib/libjvmcicompiler.so
7efd9ce5f000-7efd9d000000 r--p 00000000 00:00 0 
7efd9d000000-7efd9d00e000 rw-p 00000000 00:00 0 
7efd9d00e000-7efd9d563000 rw-p 01b70000 103:02 51870081                  /home/a4090/miniconda3/envs/auto/lib/jvm/lib/libjvmcicompiler.so
7efd9d563000-7efd9d9dd000 r--p 020c5000 103:02 51870081                  /home/a4090/miniconda3/envs/auto/lib/jvm/lib/libjvmcicompiler.so
7efd9da01000-7efd9dab4000 rw-p 00000000 00:00 0 
7efd9dab4000-7efd9dc37000 r--p 00000000 103:02 51870081                  /home/a4090/miniconda3/envs/auto/lib/jvm/lib/libjvmcicompiler.so
7efd9dc37000-7efd9ee0d000 r-xp 00183000 103:02 51870081                  /home/a4090/miniconda3/envs/auto/lib/jvm/lib/libjvmcicompiler.so
7efd9ee0d000-7efd9fff7000 r--p 01359000 103:02 51870081                  /home/a4090/miniconda3/envs/auto/lib/jvm/lib/libjvmcicompiler.so
7efd9fff7000-7efd9fffb000 rw-p 02543000 103:02 51870081                  /home/a4090/miniconda3/envs/auto/lib/jvm/lib/libjvmcicompiler.so
7efd9fffb000-7efda0000000 rw-p 027b8000 103:02 51870081                  /home/a4090/miniconda3/envs/auto/lib/jvm/lib/libjvmcicompiler.so
7efda0000000-7efda0516000 rw-p 00000000 00:00 0 
7efda0516000-7efda4000000 ---p 00000000 00:00 0 
7efda4000000-7efda4021000 rw-p 00000000 00:00 0 
7efda4021000-7efda8000000 ---p 00000000 00:00 0 
7efda8000000-7efda84a7000 rw-p 00000000 00:00 0 
7efda84a7000-7efdac000000 ---p 00000000 00:00 0 
7efdac000000-7efdac021000 rw-p 00000000 00:00 0 
7efdac021000-7efdb0000000 ---p 00000000 00:00 0 
7efdb0000000-7efdb0ab6000 rw-p 00000000 00:00 0 
7efdb0ab6000-7efdb4000000 ---p 00000000 00:00 0 
7efdb4000000-7efdb40a1000 rw-p 00000000 00:00 0 
7efdb40a1000-7efdb8000000 ---p 00000000 00:00 0 
7efdb8000000-7efdb8021000 rw-p 00000000 00:00 0 
7efdb8021000-7efdbc000000 ---p 00000000 00:00 0 
7efdbc000000-7efdbc0a9000 rw-p 00000000 00:00 0 
7efdbc0a9000-7efdc0000000 ---p 00000000 00:00 0 
7efdc0000000-7efdc0021000 rw-p 00000000 00:00 0 
7efdc0021000-7efdc4000000 ---p 00000000 00:00 0 
7efdc4000000-7efdc4021000 rw-p 00000000 00:00 0 
7efdc4021000-7efdc8000000 ---p 00000000 00:00 0 
7efdc8000000-7efdc8021000 rw-p 00000000 00:00 0 
7efdc8021000-7efdcc000000 ---p 00000000 00:00 0 
7efdcc000000-7efdcc021000 rw-p 00000000 00:00 0 
7efdcc021000-7efdd0000000 ---p 00000000 00:00 0 
7efdd0000000-7efdd0026000 rw-p 00000000 00:00 0 
7efdd0026000-7efdd4000000 ---p 00000000 00:00 0 
7efdd4000000-7efdd4021000 rw-p 00000000 00:00 0 
7efdd4021000-7efdd8000000 ---p 00000000 00:00 0 
7efdd8000000-7efdd8400000 rw-p 00000000 00:00 0 
7efdd8400000-7efdd8900000 rw-p 00000000 00:00 0 
7efdd8900000-7efdd8a80000 rw-p 00000000 00:00 0 
7efdd8a80000-7efdd8b00000 rw-p 00000000 00:00 0 
7efdd8b00000-7efdd8f00000 rw-p 00000000 00:00 0 
7efdd8f00000-7efdd9000000 rw-p 00000000 00:00 0 
7efdd9000000-7efdd9300000 rw-p 00000000 00:00 0 
7efdd9300000-7efdd93c0000 rw-p 00000000 00:00 0 
7efdd93c0000-7efdd9400000 rw-p 00000000 00:00 0 
7efdd9400000-7efdd9800000 rw-p 00000000 00:00 0 
7efdd9800000-7efddb500000 rw-p 00000000 00:00 0 
7efddb500000-7efddb580000 rw-p 00000000 00:00 0 
7efddb580000-7efddb600000 ---p 00000000 00:00 0 
7efddb600000-7efddc000000 rw-p 00000000 00:00 0 
7efddc000000-7efddc021000 rw-p 00000000 00:00 0 
7efddc021000-7efde0000000 ---p 00000000 00:00 0 
7efde0001000-7efde0032000 rw-p 00000000 00:00 0 
7efde0055000-7efde0088000 rw-p 00000000 00:00 0 
7efde009f000-7efde0200000 rw-p 00000000 00:00 0 
7efde022d000-7efde02c5000 rw-p 00000000 00:00 0 
7efde02c5000-7efde02c7000 r--p 00000000 103:02 39852051                  /usr/lib/x86_64-linux-gnu/libcrypt.so.1.1.0
7efde02c7000-7efde02dc000 r-xp 00002000 103:02 39852051                  /usr/lib/x86_64-linux-gnu/libcrypt.so.1.1.0
7efde02dc000-7efde02f6000 r--p 00017000 103:02 39852051                  /usr/lib/x86_64-linux-gnu/libcrypt.so.1.1.0
7efde02f6000-7efde02f7000 r--p 00030000 103:02 39852051                  /usr/lib/x86_64-linux-gnu/libcrypt.so.1.1.0
7efde02f7000-7efde02f8000 rw-p 00031000 103:02 39852051                  /usr/lib/x86_64-linux-gnu/libcrypt.so.1.1.0
7efde02f8000-7efde0400000 rw-p 00000000 00:00 0 
7efde0405000-7efde0438000 rw-p 00000000 00:00 0 
7efde0448000-7efde04a4000 rw-p 00000000 00:00 0 
7efde04b5000-7efde0600000 rw-p 00000000 00:00 0 
7efde0609000-7efde060e000 r--p 00000000 103:02 51867375                  /home/a4090/miniconda3/envs/auto/lib/jvm/languages/python/lib/graalpy23.0/libposix.graalpy230-310-native-x86_64-linux.so
7efde060e000-7efde0612000 r-xp 00004000 103:02 51867375                  /home/a4090/miniconda3/envs/auto/lib/jvm/languages/python/lib/graalpy23.0/libposix.graalpy230-310-native-x86_64-linux.so
7efde0612000-7efde0613000 r--p 00007000 103:02 51867375                  /home/a4090/miniconda3/envs/auto/lib/jvm/languages/python/lib/graalpy23.0/libposix.graalpy230-310-native-x86_64-linux.so
7efde0613000-7efde0614000 rw-p 00007000 103:02 51867375                  /home/a4090/miniconda3/envs/auto/lib/jvm/languages/python/lib/graalpy23.0/libposix.graalpy230-310-native-x86_64-linux.so
7efde0614000-7efde0617000 rw-p 00039000 103:02 51867375                  /home/a4090/miniconda3/envs/auto/lib/jvm/languages/python/lib/graalpy23.0/libposix.graalpy230-310-native-x86_64-linux.so
7efde0617000-7efde061a000 r--p 00000000 103:02 51869393                  /home/a4090/miniconda3/envs/auto/lib/jvm/lib/libtrufflenfi.so
7efde061a000-7efde0627000 r-xp 00003000 103:02 51869393                  /home/a4090/miniconda3/envs/auto/lib/jvm/lib/libtrufflenfi.so
7efde0627000-7efde062a000 r--p 00010000 103:02 51869393                  /home/a4090/miniconda3/envs/auto/lib/jvm/lib/libtrufflenfi.so
7efde062a000-7efde062b000 r--p 00012000 103:02 51869393                  /home/a4090/miniconda3/envs/auto/lib/jvm/lib/libtrufflenfi.so
7efde062b000-7efde062c000 rw-p 00013000 103:02 51869393                  /home/a4090/miniconda3/envs/auto/lib/jvm/lib/libtrufflenfi.so
7efde062c000-7efde062d000 rw-p 0004a000 103:02 51869393                  /home/a4090/miniconda3/envs/auto/lib/jvm/lib/libtrufflenfi.so
7efde063d000-7efde0670000 rw-p 00000000 00:00 0 
7efde0672000-7efde06b6000 rw-p 00000000 00:00 0 
7efde06d4000-7efde0800000 rw-p 00000000 00:00 0 
7efde0806000-7efde0884000 rw-p 00000000 00:00 0 
7efde0899000-7efde08cc000 rw-p 00000000 00:00 0 
7efde08cc000-7efde08d9000 r-xp 00000000 103:02 51866632                  /home/a4090/miniconda3/envs/auto/lib/jvm/lib/libverify.so
7efde08d9000-7efde08db000 r--p 0000c000 103:02 51866632                  /home/a4090/miniconda3/envs/auto/lib/jvm/lib/libverify.so
7efde08db000-7efde08dc000 rw-p 0000e000 103:02 51866632                  /home/a4090/miniconda3/envs/auto/lib/jvm/lib/libverify.so
7efde08dc000-7efde08de000 rw-p 00010000 103:02 51866632                  /home/a4090/miniconda3/envs/auto/lib/jvm/lib/libverify.so
7efde08de000-7efde08e2000 ---p 00000000 00:00 0 
7efde08e2000-7efde0a00000 rw-p 00000000 00:00 0 
7efde0a04000-7efde0a0b000 r--s 00000000 103:02 40504943                  /usr/lib/x86_64-linux-gnu/gconv/gconv-modules.cache
7efde0a0b000-7efde0a11000 r-xp 00000000 103:02 51869757                  /home/a4090/miniconda3/envs/auto/lib/jvm/lib/libmanagement_ext.so
7efde0a11000-7efde0a12000 r--p 00005000 103:02 51869757                  /home/a4090/miniconda3/envs/auto/lib/jvm/lib/libmanagement_ext.so
7efde0a12000-7efde0a13000 rw-p 00006000 103:02 51869757                  /home/a4090/miniconda3/envs/auto/lib/jvm/lib/libmanagement_ext.so
7efde0a13000-7efde0a16000 rw-p 00009000 103:02 51869757                  /home/a4090/miniconda3/envs/auto/lib/jvm/lib/libmanagement_ext.so
7efde0a16000-7efde0a47000 rw-p 00000000 00:00 0 
7efde0a47000-7efde0a5c000 r-xp 00000000 103:02 51865979                  /home/a4090/miniconda3/envs/auto/lib/jvm/lib/libnet.so
7efde0a5c000-7efde0a5d000 ---p 00015000 103:02 51865979                  /home/a4090/miniconda3/envs/auto/lib/jvm/lib/libnet.so
7efde0a5d000-7efde0a5e000 r--p 00015000 103:02 51865979                  /home/a4090/miniconda3/envs/auto/lib/jvm/lib/libnet.so
7efde0a5e000-7efde0a5f000 rw-p 00016000 103:02 51865979                  /home/a4090/miniconda3/envs/auto/lib/jvm/lib/libnet.so
7efde0a5f000-7efde0a64000 rw-p 0001b000 103:02 51865979                  /home/a4090/miniconda3/envs/auto/lib/jvm/lib/libnet.so
7efde0a64000-7efde0a77000 r-xp 00000000 103:02 51865608                  /home/a4090/miniconda3/envs/auto/lib/jvm/lib/libnio.so
7efde0a77000-7efde0a78000 r--p 00012000 103:02 51865608                  /home/a4090/miniconda3/envs/auto/lib/jvm/lib/libnio.so
7efde0a78000-7efde0a79000 rw-p 00013000 103:02 51865608                  /home/a4090/miniconda3/envs/auto/lib/jvm/lib/libnio.so
7efde0a79000-7efde0a81000 rw-p 00019000 103:02 51865608                  /home/a4090/miniconda3/envs/auto/lib/jvm/lib/libnio.so
7efde0a81000-7efde0ab2000 rw-p 00000000 00:00 0 
7efde0ab2000-7efde0ab3000 ---p 00000000 00:00 0 
7efde0ab3000-7efde0bb4000 rw-p 00000000 00:00 0 
7efde0bb4000-7efde0bb8000 ---p 00000000 00:00 0 
7efde0bb8000-7efde0cb5000 rw-p 00000000 00:00 0 
7efde0cb5000-7efde0cb9000 ---p 00000000 00:00 0 
7efde0cb9000-7efde0eb6000 rw-p 00000000 00:00 0 
7efde0eb6000-7efde0eba000 ---p 00000000 00:00 0 
7efde0eba000-7efde0fb7000 rw-p 00000000 00:00 0 
7efde0fb7000-7efde0fbb000 ---p 00000000 00:00 0 
7efde0fbb000-7efde11b8000 rw-p 00000000 00:00 0 
7efde11b8000-7efde11bc000 ---p 00000000 00:00 0 
7efde11bc000-7efde12b9000 rw-p 00000000 00:00 0 
7efde12b9000-7efde12bd000 ---p 00000000 00:00 0 
7efde12bd000-7efde14ba000 rw-p 00000000 00:00 0 
7efde14ba000-7efde14be000 ---p 00000000 00:00 0 
7efde14be000-7efde16bb000 rw-p 00000000 00:00 0 
7efde16bb000-7efde16bf000 ---p 00000000 00:00 0 
7efde16bf000-7efde17bc000 rw-p 00000000 00:00 0 
7efde17bc000-7efde17c0000 ---p 00000000 00:00 0 
7efde17c0000-7efde18bd000 rw-p 00000000 00:00 0 
7efde18bd000-7efde18c1000 ---p 00000000 00:00 0 
7efde18c1000-7efde19be000 rw-p 00000000 00:00 0 
7efde19be000-7efde222f000 r--p 00000000 103:02 39848971                  /usr/lib/locale/locale-archive
7efde222f000-7efde2233000 ---p 00000000 00:00 0 
7efde2233000-7efde2330000 rw-p 00000000 00:00 0 
7efde2330000-7efde2334000 ---p 00000000 00:00 0 
7efde2334000-7efde2431000 rw-p 00000000 00:00 0 
7efde2431000-7efde2432000 ---p 00000000 00:00 0 
7efde2432000-7efde2533000 rw-p 00000000 00:00 0 
7efde2533000-7efde2601000 r-xp 00000000 103:02 51869100                  /home/a4090/miniconda3/envs/auto/lib/jvm/lib/libjsvml.so
7efde2601000-7efde2602000 r--p 000cd000 103:02 51869100                  /home/a4090/miniconda3/envs/auto/lib/jvm/lib/libjsvml.so
7efde2602000-7efde2603000 rw-p 000ce000 103:02 51869100                  /home/a4090/miniconda3/envs/auto/lib/jvm/lib/libjsvml.so
7efde2603000-7efde2609000 rw-p 000d4000 103:02 51869100                  /home/a4090/miniconda3/envs/auto/lib/jvm/lib/libjsvml.so
7efde2609000-7efde26e5000 rw-p 00000000 00:00 0 
7efde26e5000-7efde26e6000 ---p 00000000 00:00 0 
7efde26e6000-7efde27e7000 rw-p 00000000 00:00 0 
7efde27e7000-7efde27e8000 ---p 00000000 00:00 0 
7efde27e8000-7efde4000000 rw-p 00000000 00:00 0 
7efde4000000-7efde4021000 rw-p 00000000 00:00 0 
7efde4021000-7efde8000000 ---p 00000000 00:00 0 
7efde8000000-7efde8021000 rw-p 00000000 00:00 0 
7efde8021000-7efdec000000 ---p 00000000 00:00 0 
7efdec000000-7efdec021000 rw-p 00000000 00:00 0 
7efdec021000-7efdf0000000 ---p 00000000 00:00 0 
7efdf0002000-7efdf0003000 r--p 00000000 00:00 0 
7efdf0003000-7efdf0007000 r-xp 00000000 103:02 51871985                  /home/a4090/miniconda3/envs/auto/lib/jvm/lib/libmanagement.so
7efdf0007000-7efdf0008000 r--p 00003000 103:02 51871985                  /home/a4090/miniconda3/envs/auto/lib/jvm/lib/libmanagement.so
7efdf0008000-7efdf0009000 rw-p 00004000 103:02 51871985                  /home/a4090/miniconda3/envs/auto/lib/jvm/lib/libmanagement.so
7efdf0009000-7efdf000c000 rw-p 00007000 103:02 51871985                  /home/a4090/miniconda3/envs/auto/lib/jvm/lib/libmanagement.so
7efdf000c000-7efdf0013000 r-xp 00000000 103:02 51866985                  /home/a4090/miniconda3/envs/auto/lib/jvm/lib/libzip.so
7efdf0013000-7efdf0014000 ---p 00007000 103:02 51866985                  /home/a4090/miniconda3/envs/auto/lib/jvm/lib/libzip.so
7efdf0014000-7efdf0015000 r--p 00007000 103:02 51866985                  /home/a4090/miniconda3/envs/auto/lib/jvm/lib/libzip.so
7efdf0015000-7efdf0016000 rw-p 00008000 103:02 51866985                  /home/a4090/miniconda3/envs/auto/lib/jvm/lib/libzip.so
7efdf0016000-7efdf0019000 rw-p 0000b000 103:02 51866985                  /home/a4090/miniconda3/envs/auto/lib/jvm/lib/libzip.so
7efdf0019000-7efdf001c000 r--p 00000000 103:02 65812693                  /home/a4090/miniconda3/envs/auto/lib/libz.so.1.2.13
7efdf001c000-7efdf002b000 r-xp 00003000 103:02 65812693                  /home/a4090/miniconda3/envs/auto/lib/libz.so.1.2.13
7efdf002b000-7efdf0032000 r--p 00012000 103:02 65812693                  /home/a4090/miniconda3/envs/auto/lib/libz.so.1.2.13
7efdf0032000-7efdf0033000 r--p 00018000 103:02 65812693                  /home/a4090/miniconda3/envs/auto/lib/libz.so.1.2.13
7efdf0033000-7efdf0034000 rw-p 00019000 103:02 65812693                  /home/a4090/miniconda3/envs/auto/lib/libz.so.1.2.13
7efdf0034000-7efdf2075000 rw-p 00000000 00:00 0 
7efdf2075000-7efdf2076000 ---p 00000000 00:00 0 
7efdf2076000-7efdf2177000 rw-p 00000000 00:00 0 
7efdf2177000-7efdf2178000 ---p 00000000 00:00 0 
7efdf2178000-7efdf2279000 rw-p 00000000 00:00 0 
7efdf2279000-7efdf227a000 ---p 00000000 00:00 0 
7efdf227a000-7efdf2a23000 rw-p 00000000 00:00 0 
7efdf2a23000-7efdf35e3000 ---p 00000000 00:00 0 
7efdf35e3000-7efdf3623000 rw-p 00000000 00:00 0 
7efdf3623000-7efdf4463000 ---p 00000000 00:00 0 
7efdf4463000-7efdf44a3000 rw-p 00000000 00:00 0 
7efdf44a3000-7efe10423000 ---p 00000000 00:00 0 
7efe10423000-7efe109a3000 rw-p 00000000 00:00 0 
7efe109a3000-7efe11563000 ---p 00000000 00:00 0 
7efe11563000-7efe115a3000 rw-p 00000000 00:00 0 
7efe115a3000-7efe123e3000 ---p 00000000 00:00 0 
7efe123e3000-7efe12423000 rw-p 00000000 00:00 0 
7efe12423000-7efe2e3a3000 ---p 00000000 00:00 0 
7efe2e3a3000-7efe2e4c3000 rw-p 00000000 00:00 0 
7efe2e4c3000-7efe2e63b000 ---p 00000000 00:00 0 
7efe2e63b000-7efe2e643000 rw-p 00000000 00:00 0 
7efe2e643000-7efe2e80b000 ---p 00000000 00:00 0 
7efe2e80b000-7efe2e813000 rw-p 00000000 00:00 0 
7efe2e813000-7efe32003000 ---p 00000000 00:00 0 
7efe32003000-7efe320b3000 rw-p 00000000 00:00 0 
7efe320b3000-7efe3222b000 ---p 00000000 00:00 0 
7efe3222b000-7efe32233000 rw-p 00000000 00:00 0 
7efe32233000-7efe323fb000 ---p 00000000 00:00 0 
7efe323fb000-7efe32403000 rw-p 00000000 00:00 0 
7efe32403000-7efe35bf3000 ---p 00000000 00:00 0 
7efe35bf3000-7efe35ca3000 rw-p 00000000 00:00 0 
7efe35ca3000-7efe35e1b000 ---p 00000000 00:00 0 
7efe35e1b000-7efe35e23000 rw-p 00000000 00:00 0 
7efe35e23000-7efe35feb000 ---p 00000000 00:00 0 
7efe35feb000-7efe35ff3000 rw-p 00000000 00:00 0 
7efe35ff3000-7efe397e3000 ---p 00000000 00:00 0 
7efe397e3000-7efe3b002000 rw-p 00000000 00:00 0 
7efe3b002000-7efe3b0df000 ---p 00000000 00:00 0 
7efe3b0df000-7efe3b10d000 rw-p 00000000 00:00 0 
7efe3b10d000-7efe3b1c4000 ---p 00000000 00:00 0 
7efe3b1c4000-7efe3b1ce000 rw-p 00000000 00:00 0 
7efe3b1ce000-7efe3b1db000 ---p 00000000 00:00 0 
7efe3b1db000-7efe3c86b000 rwxp 00000000 00:00 0 
7efe3c86b000-7efe42451000 ---p 00000000 00:00 0 
7efe42451000-7efe42941000 rwxp 00000000 00:00 0 
7efe42941000-7efe42f65000 ---p 00000000 00:00 0 
7efe42f65000-7efe43345000 rwxp 00000000 00:00 0 
7efe43345000-7efe4a1db000 ---p 00000000 00:00 0 
7efe4a1db000-7efe4a1ff000 r-xp 00000000 103:02 51869794                  /home/a4090/miniconda3/envs/auto/lib/jvm/lib/libjava.so
7efe4a1ff000-7efe4a200000 ---p 00024000 103:02 51869794                  /home/a4090/miniconda3/envs/auto/lib/jvm/lib/libjava.so
7efe4a200000-7efe4a201000 r--p 00024000 103:02 51869794                  /home/a4090/miniconda3/envs/auto/lib/jvm/lib/libjava.so
7efe4a201000-7efe4a202000 rw-p 00025000 103:02 51869794                  /home/a4090/miniconda3/envs/auto/lib/jvm/lib/libjava.so
7efe4a202000-7efe4a203000 rw-p 00000000 00:00 0 
7efe4a203000-7efe4a20e000 rw-p 0002f000 103:02 51869794                  /home/a4090/miniconda3/envs/auto/lib/jvm/lib/libjava.so
7efe4a20e000-7efe4a216000 rw-s 00000000 103:02 63966922                  /tmp/hsperfdata_a4090/164005
7efe4a216000-7efe4a219000 r--p 00000000 103:02 39848170                  /usr/lib/x86_64-linux-gnu/libnss_files-2.31.so
7efe4a219000-7efe4a220000 r-xp 00003000 103:02 39848170                  /usr/lib/x86_64-linux-gnu/libnss_files-2.31.so
7efe4a220000-7efe4a222000 r--p 0000a000 103:02 39848170                  /usr/lib/x86_64-linux-gnu/libnss_files-2.31.so
7efe4a222000-7efe4a223000 r--p 0000b000 103:02 39848170                  /usr/lib/x86_64-linux-gnu/libnss_files-2.31.so
7efe4a223000-7efe4a224000 rw-p 0000c000 103:02 39848170                  /usr/lib/x86_64-linux-gnu/libnss_files-2.31.so
7efe4a224000-7efe4a22a000 rw-p 00000000 00:00 0 
7efe4a22a000-7efe4a22b000 ---p 00000000 00:00 0 
7efe4a22b000-7efe4a22c000 r--p 00000000 00:00 0 
7efe4a22c000-7efe53fc4000 r--s 00000000 103:02 51868487                  /home/a4090/miniconda3/envs/auto/lib/jvm/lib/modules
7efe53fc4000-7efe53fdf000 r-xp 00000000 103:02 51869974                  /home/a4090/miniconda3/envs/auto/lib/jvm/lib/libjimage.so
7efe53fdf000-7efe53fe0000 ---p 0001b000 103:02 51869974                  /home/a4090/miniconda3/envs/auto/lib/jvm/lib/libjimage.so
7efe53fe0000-7efe53fe2000 r--p 0001b000 103:02 51869974                  /home/a4090/miniconda3/envs/auto/lib/jvm/lib/libjimage.so
7efe53fe2000-7efe53fe3000 rw-p 0001d000 103:02 51869974                  /home/a4090/miniconda3/envs/auto/lib/jvm/lib/libjimage.so
7efe53fe3000-7efe53fe5000 rw-p 00024000 103:02 51869974                  /home/a4090/miniconda3/envs/auto/lib/jvm/lib/libjimage.so
7efe53fe5000-7efe53fe7000 r--p 00000000 103:02 39848193                  /usr/lib/x86_64-linux-gnu/librt-2.31.so
7efe53fe7000-7efe53feb000 r-xp 00002000 103:02 39848193                  /usr/lib/x86_64-linux-gnu/librt-2.31.so
7efe53feb000-7efe53fed000 r--p 00006000 103:02 39848193                  /usr/lib/x86_64-linux-gnu/librt-2.31.so
7efe53fed000-7efe53fee000 r--p 00007000 103:02 39848193                  /usr/lib/x86_64-linux-gnu/librt-2.31.so
7efe53fee000-7efe53fef000 rw-p 00008000 103:02 39848193                  /usr/lib/x86_64-linux-gnu/librt-2.31.so
7efe53fef000-7efe5510e000 r-xp 00000000 103:02 51866492                  /home/a4090/miniconda3/envs/auto/lib/jvm/lib/server/libjvm.so
7efe5510e000-7efe5510f000 ---p 0111f000 103:02 51866492                  /home/a4090/miniconda3/envs/auto/lib/jvm/lib/server/libjvm.so
7efe5510f000-7efe551c4000 r--p 0111f000 103:02 51866492                  /home/a4090/miniconda3/envs/auto/lib/jvm/lib/server/libjvm.so
7efe551c4000-7efe551f8000 rw-p 011d4000 103:02 51866492                  /home/a4090/miniconda3/envs/auto/lib/jvm/lib/server/libjvm.so
7efe551f8000-7efe55251000 rw-p 00000000 00:00 0 
7efe55251000-7efe55257000 rw-p 015a3000 103:02 51866492                  /home/a4090/miniconda3/envs/auto/lib/jvm/lib/server/libjvm.so
7efe55257000-7efe5525a000 rw-p 00000000 00:00 0 
7efe5525a000-7efe5527c000 r--p 00000000 103:02 39848138                  /usr/lib/x86_64-linux-gnu/libc-2.31.so
7efe5527c000-7efe553f4000 r-xp 00022000 103:02 39848138                  /usr/lib/x86_64-linux-gnu/libc-2.31.so
7efe553f4000-7efe55442000 r--p 0019a000 103:02 39848138                  /usr/lib/x86_64-linux-gnu/libc-2.31.so
7efe55442000-7efe55446000 r--p 001e7000 103:02 39848138                  /usr/lib/x86_64-linux-gnu/libc-2.31.so
7efe55446000-7efe55448000 rw-p 001eb000 103:02 39848138                  /usr/lib/x86_64-linux-gnu/libc-2.31.so
7efe55448000-7efe5544e000 rw-p 00000000 00:00 0 
7efe5544e000-7efe55454000 r--p 00000000 103:02 39848188                  /usr/lib/x86_64-linux-gnu/libpthread-2.31.so
7efe55454000-7efe55465000 r-xp 00006000 103:02 39848188                  /usr/lib/x86_64-linux-gnu/libpthread-2.31.so
7efe55465000-7efe5546b000 r--p 00017000 103:02 39848188                  /usr/lib/x86_64-linux-gnu/libpthread-2.31.so
7efe5546b000-7efe5546c000 r--p 0001c000 103:02 39848188                  /usr/lib/x86_64-linux-gnu/libpthread-2.31.so
7efe5546c000-7efe5546d000 rw-p 0001d000 103:02 39848188                  /usr/lib/x86_64-linux-gnu/libpthread-2.31.so
7efe5546d000-7efe55471000 rw-p 00000000 00:00 0 
7efe55471000-7efe55475000 r--p 00000000 103:02 51864144                  /home/a4090/miniconda3/envs/auto/lib/libgcc_s.so.1
7efe55475000-7efe5548a000 r-xp 00004000 103:02 51864144                  /home/a4090/miniconda3/envs/auto/lib/libgcc_s.so.1
7efe5548a000-7efe5548e000 r--p 00019000 103:02 51864144                  /home/a4090/miniconda3/envs/auto/lib/libgcc_s.so.1
7efe5548e000-7efe5548f000 r--p 0001c000 103:02 51864144                  /home/a4090/miniconda3/envs/auto/lib/libgcc_s.so.1
7efe5548f000-7efe55490000 rw-p 0001d000 103:02 51864144                  /home/a4090/miniconda3/envs/auto/lib/libgcc_s.so.1
7efe55490000-7efe5549d000 r--p 00000000 103:02 39848143                  /usr/lib/x86_64-linux-gnu/libm-2.31.so
7efe5549d000-7efe55544000 r-xp 0000d000 103:02 39848143                  /usr/lib/x86_64-linux-gnu/libm-2.31.so
7efe55544000-7efe555dd000 r--p 000b4000 103:02 39848143                  /usr/lib/x86_64-linux-gnu/libm-2.31.so
7efe555dd000-7efe555de000 r--p 0014c000 103:02 39848143                  /usr/lib/x86_64-linux-gnu/libm-2.31.so
7efe555de000-7efe555df000 rw-p 0014d000 103:02 39848143                  /usr/lib/x86_64-linux-gnu/libm-2.31.so
7efe555df000-7efe55688000 r--p 00000000 103:02 51864761                  /home/a4090/miniconda3/envs/auto/lib/libstdc++.so.6.0.33
7efe55688000-7efe55728000 r-xp 000a9000 103:02 51864761                  /home/a4090/miniconda3/envs/auto/lib/libstdc++.so.6.0.33
7efe55728000-7efe557ae000 r--p 00149000 103:02 51864761                  /home/a4090/miniconda3/envs/auto/lib/libstdc++.so.6.0.33
7efe557ae000-7efe557b9000 r--p 001cf000 103:02 51864761                  /home/a4090/miniconda3/envs/auto/lib/libstdc++.so.6.0.33
7efe557b9000-7efe557bd000 rw-p 001da000 103:02 51864761                  /home/a4090/miniconda3/envs/auto/lib/libstdc++.so.6.0.33
7efe557bd000-7efe557c1000 rw-p 00000000 00:00 0 
7efe557c1000-7efe557c2000 r--p 00000000 103:02 39848142                  /usr/lib/x86_64-linux-gnu/libdl-2.31.so
7efe557c2000-7efe557c4000 r-xp 00001000 103:02 39848142                  /usr/lib/x86_64-linux-gnu/libdl-2.31.so
7efe557c4000-7efe557c5000 r--p 00003000 103:02 39848142                  /usr/lib/x86_64-linux-gnu/libdl-2.31.so
7efe557c5000-7efe557c6000 r--p 00003000 103:02 39848142                  /usr/lib/x86_64-linux-gnu/libdl-2.31.so
7efe557c6000-7efe557c7000 rw-p 00004000 103:02 39848142                  /usr/lib/x86_64-linux-gnu/libdl-2.31.so
7efe557c7000-7efe557c9000 rw-p 00000000 00:00 0 
7efe557c9000-7efe557ca000 r--p 00000000 103:02 39848110                  /usr/lib/x86_64-linux-gnu/ld-2.31.so
7efe557ca000-7efe557ed000 r-xp 00001000 103:02 39848110                  /usr/lib/x86_64-linux-gnu/ld-2.31.so
7efe557ed000-7efe557f5000 r--p 00024000 103:02 39848110                  /usr/lib/x86_64-linux-gnu/ld-2.31.so
7efe557f5000-7efe557f6000 ---p 00000000 00:00 0 
7efe557f6000-7efe557f7000 r--p 0002c000 103:02 39848110                  /usr/lib/x86_64-linux-gnu/ld-2.31.so
7efe557f7000-7efe557f8000 rw-p 0002d000 103:02 39848110                  /usr/lib/x86_64-linux-gnu/ld-2.31.so
7efe557f8000-7efe557f9000 rw-p 00000000 00:00 0 
7fffcbf83000-7fffcbf87000 ---p 00000000 00:00 0 
7fffcbf87000-7fffcc083000 rw-p 00000000 00:00 0                          [stack]
7fffcc0db000-7fffcc0df000 r--p 00000000 00:00 0                          [vvar]
7fffcc0df000-7fffcc0e1000 r-xp 00000000 00:00 0                          [vdso]
ffffffffff600000-ffffffffff601000 --xp 00000000 00:00 0                  [vsyscall]


VM Arguments:
jvm_args: -XX:ThreadPriorityPolicy=1 -XX:+UnlockExperimentalVMOptions -XX:+EnableJVMCIProduct -XX:-UnlockExperimentalVMOptions -Dorg.graalvm.launcher.class=com.oracle.graal.python.shell.GraalPythonMain -Dorg.graalvm.launcher.executablename=python 
java_command: <unknown>
java_class_path (initial): /home/a4090/miniconda3/envs/auto/lib/jvm/languages/python/bin/../../../lib/graalvm/graalpython-launcher.jar:/home/a4090/miniconda3/envs/auto/lib/jvm/languages/python/bin/../../../lib/graalvm/launcher-common.jar
Launcher Type: generic

[Global flags]
     intx CICompilerCount                          = 15                                        {product} {ergonomic}
     uint ConcGCThreads                            = 6                                         {product} {ergonomic}
     bool EnableJVMCIProduct                       = true                                {JVMCI product} {jimage}
     uint G1ConcRefinementThreads                  = 23                                        {product} {ergonomic}
   size_t G1HeapRegionSize                         = 16777216                                  {product} {ergonomic}
    uintx GCDrainStackTargetSize                   = 64                                        {product} {ergonomic}
   size_t InitialHeapSize                          = 2113929216                                {product} {ergonomic}
   size_t MarkStackSize                            = 4194304                                   {product} {ergonomic}
   size_t MaxHeapSize                              = 32178700288                               {product} {ergonomic}
   size_t MaxNewSize                               = 19293798400                               {product} {ergonomic}
   size_t MinHeapDeltaBytes                        = 16777216                                  {product} {ergonomic}
   size_t MinHeapSize                              = 16777216                                  {product} {ergonomic}
    uintx NonNMethodCodeHeapSize                   = 11613124                               {pd product} {ergonomic}
    uintx NonProfiledCodeHeapSize                  = 120022558                              {pd product} {ergonomic}
    uintx ProfiledCodeHeapSize                     = 120022558                              {pd product} {ergonomic}
    uintx ReservedCodeCacheSize                    = 251658240                              {pd product} {ergonomic}
     bool SegmentedCodeCache                       = true                                      {product} {ergonomic}
   size_t SoftMaxHeapSize                          = 32178700288                            {manageable} {ergonomic}
     intx ThreadPriorityPolicy                     = 1                                         {product} {jimage}
     bool UseCompressedClassPointers               = true                           {product lp64_product} {ergonomic}
     bool UseCompressedOops                        = true                           {product lp64_product} {ergonomic}
     bool UseG1GC                                  = true                                      {product} {ergonomic}

Logging:
Log output configuration:
 #0: stdout all=warning uptime,level,tags
 #1: stderr all=off uptime,level,tags

Environment Variables:
PATH=/home/a4090/miniconda3/envs/auto/bin:/usr/local/cuda-11.8/bin:/opt/ros/noetic/bin:/home/a4090/miniconda3/condabin:/home/a4090/.local/bin:/home/a4090/bin:/usr/local/sbin:/usr/local/bin:/usr/sbin:/usr/bin:/sbin:/bin:/usr/games:/usr/local/games:/snap/bin
LD_LIBRARY_PATH=/usr/local/cuda-11.8/lib64:/home/a4090/CoppeliaSim:/usr/lib/x86_64-linux-gnu:/opt/ros/noetic/lib:/opt/ros/noetic/lib/x86_64-linux-gnu:/home/a4090/miniconda3/envs/auto/lib/jvm/languages/llvm/native/lib
SHELL=/bin/bash
DISPLAY=:0
LANG=en_US.UTF-8
LC_NUMERIC=zh_CN.UTF-8
LC_TIME=zh_CN.UTF-8
TERM=xterm-256color

Active Locale:
LC_ALL=LC_CTYPE=en_US.UTF-8;LC_NUMERIC=zh_CN.UTF-8;LC_TIME=zh_CN.UTF-8;LC_COLLATE=en_US.UTF-8;LC_MONETARY=zh_CN.UTF-8;LC_MESSAGES=en_US.UTF-8;LC_PAPER=zh_CN.UTF-8;LC_NAME=zh_CN.UTF-8;LC_ADDRESS=zh_CN.UTF-8;LC_TELEPHONE=zh_CN.UTF-8;LC_MEASUREMENT=zh_CN.UTF-8;LC_IDENTIFICATION=zh_CN.UTF-8
LC_COLLATE=en_US.UTF-8
LC_CTYPE=en_US.UTF-8
LC_MESSAGES=en_US.UTF-8
LC_MONETARY=zh_CN.UTF-8
LC_NUMERIC=zh_CN.UTF-8
LC_TIME=zh_CN.UTF-8

Signal Handlers:
   SIGSEGV: crash_handler in libjvm.so, mask=11100100010111111101111111111110, flags=SA_RESTART|SA_SIGINFO, unblocked
    SIGBUS: crash_handler in libjvm.so, mask=11100100010111111101111111111110, flags=SA_RESTART|SA_SIGINFO, unblocked
    SIGFPE: crash_handler in libjvm.so, mask=11100100010111111101111111111110, flags=SA_RESTART|SA_SIGINFO, unblocked
   SIGPIPE: javaSignalHandler in libjvm.so, mask=11100100010111111101111111111110, flags=SA_RESTART|SA_SIGINFO, blocked
   SIGXFSZ: javaSignalHandler in libjvm.so, mask=11100100010111111101111111111110, flags=SA_RESTART|SA_SIGINFO, blocked
    SIGILL: crash_handler in libjvm.so, mask=11100100010111111101111111111110, flags=SA_RESTART|SA_SIGINFO, unblocked
   SIGUSR2: SR_handler in libjvm.so, mask=00000000000000000000000000000000, flags=SA_RESTART|SA_SIGINFO, blocked
    SIGHUP: UserHandler in libjvm.so, mask=11100100010111111101111111111110, flags=SA_RESTART|SA_SIGINFO, blocked
    SIGINT: UserHandler in libjvm.so, mask=11100100010111111101111111111110, flags=SA_RESTART|SA_SIGINFO, blocked
   SIGTERM: UserHandler in libjvm.so, mask=11100100010111111101111111111110, flags=SA_RESTART|SA_SIGINFO, blocked
   SIGQUIT: UserHandler in libjvm.so, mask=11100100010111111101111111111110, flags=SA_RESTART|SA_SIGINFO, blocked
   SIGTRAP: crash_handler in libjvm.so, mask=11100100010111111101111111111110, flags=SA_RESTART|SA_SIGINFO, unblocked


---------------  S Y S T E M  ---------------

OS:
DISTRIB_ID=Ubuntu
DISTRIB_RELEASE=20.04
DISTRIB_CODENAME=focal
DISTRIB_DESCRIPTION="Ubuntu 20.04.6 LTS"
uname: Linux 5.15.0-119-generic #129~20.04.1-Ubuntu SMP Wed Aug 7 13:07:13 UTC 2024 x86_64
OS uptime: 1 days 20:14 hours
libc: glibc 2.31 NPTL 2.31 
rlimit (soft/hard): STACK 8192k/infinity , CORE 0k/infinity , NPROC 513269/513269 , NOFILE 1048576/1048576 , AS infinity/infinity , CPU infinity/infinity , DATA infinity/infinity , FSIZE infinity/infinity , MEMLOCK 65536k/65536k
load average: 1049.93 1048.93 1048.84

/proc/meminfo:
MemTotal:       131491188 kB
MemFree:        33829796 kB
MemAvailable:   95760132 kB
Buffers:         7345964 kB
Cached:         36280348 kB
SwapCached:            0 kB
Active:         25928860 kB
Inactive:       48442304 kB
Active(anon):      15752 kB
Inactive(anon): 31780856 kB
Active(file):   25913108 kB
Inactive(file): 16661448 kB
Unevictable:        1140 kB
Mlocked:            1140 kB
SwapTotal:       4194300 kB
SwapFree:        4194300 kB
Dirty:             31100 kB
Writeback:             0 kB
AnonPages:      30737180 kB
Mapped:          3097252 kB
Shmem:           1051872 kB
KReclaimable:   20606632 kB
Slab:           22178104 kB
SReclaimable:   20606632 kB
SUnreclaim:      1571472 kB
KernelStack:      108496 kB
PageTables:       408656 kB
NFS_Unstable:          0 kB
Bounce:                0 kB
WritebackTmp:          0 kB
CommitLimit:    69939892 kB
Committed_AS:   106942496 kB
VmallocTotal:   34359738367 kB
VmallocUsed:      237508 kB
VmallocChunk:          0 kB
Percpu:            46208 kB
HardwareCorrupted:     0 kB
AnonHugePages:     45056 kB
ShmemHugePages:        0 kB
ShmemPmdMapped:        0 kB
FileHugePages:         0 kB
FilePmdMapped:         0 kB
HugePages_Total:       0
HugePages_Free:        0
HugePages_Rsvd:        0
HugePages_Surp:        0
Hugepagesize:       2048 kB
Hugetlb:               0 kB
DirectMap4k:     3791692 kB
DirectMap2M:    30402560 kB
DirectMap1G:    99614720 kB

/sys/kernel/mm/transparent_hugepage/enabled: always [madvise] never
/sys/kernel/mm/transparent_hugepage/defrag (defrag/compaction efforts parameter): always defer defer+madvise [madvise] never

Process Memory:
Virtual Size: 40493068K (peak: 40493880K)
Resident Set Size: 1714560K (peak: 1732220K) (anon: 1485664K, file: 228896K, shmem: 0K)
Swapped out: 0K
C-Heap outstanding allocations: 120440K, retained: 15396K
glibc malloc tunables: (default)

/proc/sys/kernel/threads-max (system-wide limit on the number of threads): 1026538
/proc/sys/vm/max_map_count (maximum number of memory map areas a process may have): 65530
/proc/sys/kernel/pid_max (system-wide limit on number of process identifiers): 4194304

container (cgroup) information:
container_type: cgroupv1
cpu_cpuset_cpus: 0-31
cpu_memory_nodes: 0
active_processor_count: 32
cpu_quota: no quota
cpu_period: 100000
cpu_shares: no shares
memory_limit_in_bytes: unlimited
memory_and_swap_limit_in_bytes: unlimited
memory_soft_limit_in_bytes: unlimited
memory_usage_in_bytes: 82375400 k
memory_max_usage_in_bytes: 82793844 k
kernel_memory_usage_in_bytes: 19248076 k
kernel_memory_max_usage_in_bytes: unlimited
kernel_memory_limit_in_bytes: 19251476 k
maximum number of tasks: unlimited
current number of tasks: 5646

Steal ticks since vm start: 0
Steal ticks percentage since vm start:  0.000

CPU: total 32 (initial active 32) (16 cores per cpu, 2 threads per core) family 6 model 183 stepping 1 microcode 0x123, cx8, cmov, fxsr, ht, mmx, 3dnowpref, sse, sse2, sse3, ssse3, sse4.1, sse4.2, popcnt, lzcnt, tsc, tscinvbit, avx, avx2, aes, erms, clmul, bmi1, bmi2, adx, sha, fma, vzeroupper, clflush, clflushopt, clwb
CPU Model and flags from /proc/cpuinfo:
model name	: Intel(R) Core(TM) i9-14900K
flags		: fpu vme de pse tsc msr pae mce cx8 apic sep mtrr pge mca cmov pat pse36 clflush dts acpi mmx fxsr sse sse2 ss ht tm pbe syscall nx pdpe1gb rdtscp lm constant_tsc art arch_perfmon pebs bts rep_good nopl xtopology nonstop_tsc cpuid aperfmperf tsc_known_freq pni pclmulqdq dtes64 monitor ds_cpl vmx smx est tm2 ssse3 sdbg fma cx16 xtpr pdcm sse4_1 sse4_2 x2apic movbe popcnt tsc_deadline_timer aes xsave avx f16c rdrand lahf_lm abm 3dnowprefetch cpuid_fault epb ssbd ibrs ibpb stibp ibrs_enhanced tpr_shadow vnmi flexpriority ept vpid ept_ad fsgsbase tsc_adjust bmi1 avx2 smep bmi2 erms invpcid rdseed adx smap clflushopt clwb intel_pt sha_ni xsaveopt xsavec xgetbv1 xsaves split_lock_detect avx_vnni dtherm ida arat pln pts hwp hwp_notify hwp_act_window hwp_epp hwp_pkg_req umip pku ospke waitpkg gfni vaes vpclmulqdq tme rdpid movdiri movdir64b fsrm md_clear serialize pconfig arch_lbr flush_l1d arch_capabilities

Online cpus: 0-31
Offline cpus: 
BIOS frequency limitation: <Not Available>
Frequency switch latency (ns): 0
Available cpu frequencies: <Not Available>
Current governor: performance
Core performance/turbo boost: <Not Available>

Memory: 4k page, physical 131491188k(33828284k free), swap 4194300k(4194300k free)
Page Sizes: 4k

vm_info: OpenJDK 64-Bit Server VM (17.0.7+4-jvmci-23.0-b10) for linux-amd64 JRE (17.0.7+4-jvmci-23.0-b10), built on Mar 24 2023 22:17:53 by "buildslave" with gcc 10.3.0

END.
