#
# A fatal error has been detected by the Java Runtime Environment:
#
#  SIGSEGV (0xb) at pc=0x00007fe2156425bc, pid=162943, tid=163021
#
# JRE version: OpenJDK Runtime Environment GraalVM CE 17.0.7+4.1 (17.0.7+4) (build 17.0.7+4-jvmci-23.0-b10)
# Java VM: OpenJDK 64-Bit Server VM GraalVM CE 17.0.7+4.1 (17.0.7+4-jvmci-23.0-b10, mixed mode, sharing, tiered, jvmci, jvmci compiler, compressed oops, compressed class ptrs, g1 gc, linux-amd64)
# Problematic frame:
# C  [libjvmcicompiler.so+0x5965bc]  BitSet_nextSetBit_871836c17579ad5f104533b6633099d94d958a47+0x4c
#
# Core dump will be written. Default location: Core dumps may be processed with "/usr/share/apport/apport -p%p -s%s -c%c -d%d -P%P -u%u -g%g -- %E" (or dumping to /home/a4090/ljc/AutoPoseEstimator/core.162943)
#
# If you would like to submit a bug report, please visit:
#   https://github.com/oracle/graal/issues
# The crash happened outside the Java Virtual Machine in native code.
# See problematic frame for where to report the bug.
#

---------------  S U M M A R Y ------------

Command Line: -XX:ThreadPriorityPolicy=1 -XX:+UnlockExperimentalVMOptions -XX:+EnableJVMCIProduct -XX:-UnlockExperimentalVMOptions -Dorg.graalvm.launcher.class=com.oracle.graal.python.shell.GraalPythonMain -Dorg.graalvm.launcher.executablename=/home/a4090/miniconda3/envs/auto_pose/bin/python 

Host: Intel(R) Core(TM) i9-14900K, 32 cores, 125G, Ubuntu 20.04.6 LTS
Time: Thu Feb 27 16:33:56 2025 CST elapsed time: 1.298935 seconds (0d 0h 0m 1s)

---------------  T H R E A D  ---------------

Current thread (0x0000559fae3d1950):  JavaThread "TruffleCompilerThread-38" daemon [_thread_in_native, id=163021, stack(0x00007fe1059ff000,0x00007fe105b00000)]

Stack: [0x00007fe1059ff000,0x00007fe105b00000],  sp=0x00007fe105afd950,  free space=1018k
Native frames: (J=compiled Java code, j=interpreted, Vv=VM code, C=native code)
C  [libjvmcicompiler.so+0x5965bc]  BitSet_nextSetBit_871836c17579ad5f104533b6633099d94d958a47+0x4c
C  [libjvmcicompiler.so+0xd7983b]  GraphDecoder_processNextNode_86ca473af99cf2d6ebed9f9072c30958d55c24e7+0x4b
C  [libjvmcicompiler.so+0xd72bb7]  GraphDecoder_decode_6772f99e1c932b8170d29b0d4edb3738c283d24a+0xf7
C  [libjvmcicompiler.so+0xfdb7ad]  PEGraphDecoder_decode_221a6a9f09808542188716cd2981734188678c1c+0x15d
C  [libjvmcicompiler.so+0x10c0205]  PartialEvaluator_doGraphPE_b049177c27c9e6a87126eab19bbe3ad867cb6600+0x405
C  [libjvmcicompiler.so+0x112af89]  GraphManager_peRoot_6c39a752278c448d0081b8bb8138430af81ea797+0x59
C  [libjvmcicompiler.so+0x1125555]  CallNode_makeRoot_46f734d5e8d94b01561133a084b93fe3a7d5e0c8+0x195
C  [libjvmcicompiler.so+0x1126ea1]  CallTree_constructor_33ff7f242150943726e6e23fecc0c674e6e7a03a+0x1f1
C  [libjvmcicompiler.so+0x11215e5]  AgnosticInliningPhase_run_45135e98714397d031047fe76a86e08c3d46cd88+0x125
C  [libjvmcicompiler.so+0x112147d]  AgnosticInliningPhase_run_733f304abbff9bfdec9bd5b6daf13cac32927ec3+0x3d
C  [libjvmcicompiler.so+0xedf9f2]  BasePhase_apply_a7a34a5581cb5bc9dd94a67363b0d35949922111+0x812
C  [libjvmcicompiler.so+0x98fbb0]  BaseTier_run_452c2cb1b8cbe93c2c1e0721e00f05de04a0754a+0x140
C  [libjvmcicompiler.so+0xedf9f2]  BasePhase_apply_a7a34a5581cb5bc9dd94a67363b0d35949922111+0x812
C  [libjvmcicompiler.so+0x10d3282]  TruffleCompilerImpl_truffleTier_d6375ac00dde012c9c1533dc343939a49df1117c+0x1d2
C  [libjvmcicompiler.so+0x10ccfa5]  TruffleCompilerImpl_compileAST_bb1b8203f96b08420e94f7617aba16fbcfba3e02+0x105
C  [libjvmcicompiler.so+0x10cbdf7]  TruffleCompilerImpl$TruffleCompilationWrapper_performCompilation_62d795c442f5dcfdd795e8f785ce80286bb030e9+0x87
C  [libjvmcicompiler.so+0x10cbd47]  TruffleCompilerImpl$TruffleCompilationWrapper_performCompilation_944b1c54de06fc6d941347ed880c1f96e8fba7f4+0x17
C  [libjvmcicompiler.so+0x8d6204]  CompilationWrapper_run_d730478f4ce8f539b4955ca0a99f3c6f484bea17+0x64
C  [libjvmcicompiler.so+0x10ccc4a]  TruffleCompilerImpl_actuallyCompile_47fe4c83a8c6ea6532f4e7d0e1a892f465345bb3+0x27a
C  [libjvmcicompiler.so+0x10cf055]  TruffleCompilerImpl_doCompile_db634ab046aba6fdd1ed9944a7805e9b5ec88b34+0xe5
C  [libjvmcicompiler.so+0x10e6e9b]  TruffleToLibGraalEntryPoints_doCompile_1c2efe693f1a18150989da71a6494124dd5c5dc4+0x37b
C  [libjvmcicompiler.so+0x1d6819]  Java_org_graalvm_compiler_truffle_runtime_hotspot_libgraal_TruffleToLibGraalCalls_doCompile+0xd9
j  org.graalvm.compiler.truffle.runtime.hotspot.libgraal.TruffleToLibGraalCalls.doCompile(JJJJ[BLorg/graalvm/compiler/truffle/common/TruffleCompilationTask;Lorg/graalvm/compiler/truffle/common/TruffleCompilerListener;)V+0 jdk.internal.vm.compiler
j  org.graalvm.compiler.truffle.runtime.hotspot.libgraal.LibGraalHotSpotTruffleCompiler.doCompile(Lorg/graalvm/compiler/truffle/common/TruffleDebugContext;Lorg/graalvm/compiler/truffle/common/TruffleCompilation;Ljava/util/Map;Lorg/graalvm/compiler/truffle/common/TruffleCompilationTask;Lorg/graalvm/compiler/truffle/common/TruffleCompilerListener;)V+40 jdk.internal.vm.compiler
j  org.graalvm.compiler.truffle.runtime.GraalTruffleRuntime.compileImpl(Lorg/graalvm/compiler/truffle/common/TruffleDebugContext;Lorg/graalvm/compiler/truffle/runtime/OptimizedCallTarget;Lorg/graalvm/compiler/truffle/common/TruffleCompilationTask;)V+86 jdk.internal.vm.compiler
j  org.graalvm.compiler.truffle.runtime.GraalTruffleRuntime.doCompile(Lorg/graalvm/compiler/truffle/common/TruffleDebugContext;Lorg/graalvm/compiler/truffle/runtime/OptimizedCallTarget;Lorg/graalvm/compiler/truffle/common/TruffleCompilationTask;)V+154 jdk.internal.vm.compiler
j  org.graalvm.compiler.truffle.runtime.GraalTruffleRuntime.doCompile(Lorg/graalvm/compiler/truffle/runtime/OptimizedCallTarget;Lorg/graalvm/compiler/truffle/common/TruffleCompilationTask;)V+4 jdk.internal.vm.compiler
j  org.graalvm.compiler.truffle.runtime.CompilationTask$1.accept(Lorg/graalvm/compiler/truffle/runtime/CompilationTask;)V+30 jdk.internal.vm.compiler
j  org.graalvm.compiler.truffle.runtime.CompilationTask$1.accept(Ljava/lang/Object;)V+5 jdk.internal.vm.compiler
j  org.graalvm.compiler.truffle.runtime.CompilationTask.call()Ljava/lang/Void;+5 jdk.internal.vm.compiler
j  org.graalvm.compiler.truffle.runtime.CompilationTask.call()Ljava/lang/Object;+1 jdk.internal.vm.compiler
j  java.util.concurrent.FutureTask.run()V+39 java.base@17.0.7
j  java.util.concurrent.ThreadPoolExecutor.runWorker(Ljava/util/concurrent/ThreadPoolExecutor$Worker;)V+92 java.base@17.0.7
j  java.util.concurrent.ThreadPoolExecutor$Worker.run()V+5 java.base@17.0.7
j  java.lang.Thread.run()V+11 java.base@17.0.7
j  org.graalvm.compiler.truffle.runtime.BackgroundCompileQueue$TruffleCompilerThreadFactory$1.run()V+30 jdk.internal.vm.compiler
v  ~StubRoutines::call_stub
V  [libjvm.so+0x7fc225]  JavaCalls::call_helper(JavaValue*, methodHandle const&, JavaCallArguments*, JavaThread*)+0x315
V  [libjvm.so+0x7fda1b]  JavaCalls::call_virtual(JavaValue*, Handle, Klass*, Symbol*, Symbol*, JavaThread*)+0x1cb
V  [libjvm.so+0x8c68d3]  thread_entry(JavaThread*, JavaThread*)+0xa3
V  [libjvm.so+0xd8ccf0]  JavaThread::thread_main_inner()+0xd0
V  [libjvm.so+0xd902d0]  Thread::call_run()+0xc0
V  [libjvm.so+0xbe0f51]  thread_native_entry(Thread*)+0xe1

Java frames: (J=compiled Java code, j=interpreted, Vv=VM code)
j  org.graalvm.compiler.truffle.runtime.hotspot.libgraal.TruffleToLibGraalCalls.doCompile(JJJJ[BLorg/graalvm/compiler/truffle/common/TruffleCompilationTask;Lorg/graalvm/compiler/truffle/common/TruffleCompilerListener;)V+0 jdk.internal.vm.compiler
j  org.graalvm.compiler.truffle.runtime.hotspot.libgraal.LibGraalHotSpotTruffleCompiler.doCompile(Lorg/graalvm/compiler/truffle/common/TruffleDebugContext;Lorg/graalvm/compiler/truffle/common/TruffleCompilation;Ljava/util/Map;Lorg/graalvm/compiler/truffle/common/TruffleCompilationTask;Lorg/graalvm/compiler/truffle/common/TruffleCompilerListener;)V+40 jdk.internal.vm.compiler
j  org.graalvm.compiler.truffle.runtime.GraalTruffleRuntime.compileImpl(Lorg/graalvm/compiler/truffle/common/TruffleDebugContext;Lorg/graalvm/compiler/truffle/runtime/OptimizedCallTarget;Lorg/graalvm/compiler/truffle/common/TruffleCompilationTask;)V+86 jdk.internal.vm.compiler
j  org.graalvm.compiler.truffle.runtime.GraalTruffleRuntime.doCompile(Lorg/graalvm/compiler/truffle/common/TruffleDebugContext;Lorg/graalvm/compiler/truffle/runtime/OptimizedCallTarget;Lorg/graalvm/compiler/truffle/common/TruffleCompilationTask;)V+154 jdk.internal.vm.compiler
j  org.graalvm.compiler.truffle.runtime.GraalTruffleRuntime.doCompile(Lorg/graalvm/compiler/truffle/runtime/OptimizedCallTarget;Lorg/graalvm/compiler/truffle/common/TruffleCompilationTask;)V+4 jdk.internal.vm.compiler
j  org.graalvm.compiler.truffle.runtime.CompilationTask$1.accept(Lorg/graalvm/compiler/truffle/runtime/CompilationTask;)V+30 jdk.internal.vm.compiler
j  org.graalvm.compiler.truffle.runtime.CompilationTask$1.accept(Ljava/lang/Object;)V+5 jdk.internal.vm.compiler
j  org.graalvm.compiler.truffle.runtime.CompilationTask.call()Ljava/lang/Void;+5 jdk.internal.vm.compiler
j  org.graalvm.compiler.truffle.runtime.CompilationTask.call()Ljava/lang/Object;+1 jdk.internal.vm.compiler
j  java.util.concurrent.FutureTask.run()V+39 java.base@17.0.7
j  java.util.concurrent.ThreadPoolExecutor.runWorker(Ljava/util/concurrent/ThreadPoolExecutor$Worker;)V+92 java.base@17.0.7
j  java.util.concurrent.ThreadPoolExecutor$Worker.run()V+5 java.base@17.0.7
j  java.lang.Thread.run()V+11 java.base@17.0.7
j  org.graalvm.compiler.truffle.runtime.BackgroundCompileQueue$TruffleCompilerThreadFactory$1.run()V+30 jdk.internal.vm.compiler
v  ~StubRoutines::call_stub

siginfo: si_signo: 11 (SIGSEGV), si_code: 2 (SEGV_ACCERR), si_addr: 0x00007fe10470030c

Register to memory mapping:

RAX=0x00007fe104f41f0f points into unknown readable memory: 00
RBX=0x0 is NULL
RCX=0x0000000000000300 is an unknown value
RDX=0x0000000000000003 is an unknown value
RSP=0x00007fe105afd950 is pointing into the stack for thread: 0x0000559fae3d1950
RBP=0x00007fe105afd980 is pointing into the stack for thread: 0x0000559fae3d1950
RSI=0x0 is NULL
RDI=0x00007fe104f41f0f points into unknown readable memory: 00
R8 =0x00007fe10548ffe0 points into unknown readable memory: 0x000000000084900a | 0a 90 84 00 00 00 00 00
R9 =0x0000000000000004 is an unknown value
R10=0x0000000000000004 is an unknown value
R11=0x00000000000001c0 is an unknown value
R12=0x0000000000461c28 is an unknown value
R13=0x0000000000000010 is an unknown value
R14=0x00007fe104700000 is an unknown value
R15=0x00007fe100001640 points into unknown readable memory: 0x00007fe104e5f010 | 10 f0 e5 04 e1 7f 00 00


Registers:
RAX=0x00007fe104f41f0f, RBX=0x0000000000000000, RCX=0x0000000000000300, RDX=0x0000000000000003
RSP=0x00007fe105afd950, RBP=0x00007fe105afd980, RSI=0x0000000000000000, RDI=0x00007fe104f41f0f
R8 =0x00007fe10548ffe0, R9 =0x0000000000000004, R10=0x0000000000000004, R11=0x00000000000001c0
R12=0x0000000000461c28, R13=0x0000000000000010, R14=0x00007fe104700000, R15=0x00007fe100001640
RIP=0x00007fe2156425bc, EFLAGS=0x0000000000010206, CSGSFS=0x002b000000000033, ERR=0x0000000000000004
  TRAPNO=0x000000000000000e

Top of Stack: (sp=0x00007fe105afd950)
0x00007fe105afd950:   00007fe0e7406388 00007fe0e7401ba0
0x00007fe105afd960:   00000000007f4d70 00007fe0e7406b30
0x00007fe105afd970:   00007fe10548ffe0 00007fe0ef8017e0
0x00007fe105afd980:   00007fe105afdaa0 00007fe215e2583b 

Instructions: (pc=0x00007fe2156425bc)
0x00007fe2156424bc:   44 3a 30 00 e9 d8 fe ff ff 48 8b f9 48 8b d7 48
0x00007fe2156424cc:   81 e2 00 00 f0 ff 48 8d 9a 30 10 00 00 48 2b fb
0x00007fe2156424dc:   48 c1 ef 09 80 7c 3a 30 00 0f 84 76 fe ff ff c6
0x00007fe2156424ec:   44 3a 30 00 e9 6c fe ff ff 48 89 7c 24 20 8b f9
0x00007fe2156424fc:   41 8b f0 e8 6c a5 d0 ff 90 89 74 24 2c 48 89 7c
0x00007fe21564250c:   24 20 48 8b f8 e8 da 89 c6 ff 90 48 8b c8 8b 74
0x00007fe21564251c:   24 2c 48 8b 7c 24 20 e9 eb fc ff ff e8 c3 89 c6
0x00007fe21564252c:   ff 90 48 8b c8 48 8b 44 24 18 e9 0b fe ff ff 48
0x00007fe21564253c:   89 4c 24 18 89 74 24 2c 48 89 7c 24 20 48 8b f8
0x00007fe21564254c:   be 10 00 00 00 e8 7a 82 c6 ff 90 48 8b d0 48 8b
0x00007fe21564255c:   4c 24 18 8b 74 24 2c e9 13 fd ff ff cc cc cc cc
0x00007fe21564256c:   cc cc cc cc 55 48 8b ec 48 83 ec 30 49 3b 67 08
0x00007fe21564257c:   0f 86 21 01 00 00 85 f6 0f 8c 1f 01 00 00 8b 57
0x00007fe21564258c:   0c 8b de c1 eb 06 3b d3 0f 8f 15 00 00 00 41 83
0x00007fe21564259c:   6f 10 01 0f 8e e0 00 00 00 b8 ff ff ff ff 48 8b
0x00007fe2156425ac:   e5 5d c3 48 8b 4f 10 48 85 c9 0f 84 fe 02 00 00
0x00007fe2156425bc:   45 8b 44 0e 0c 44 3b c3 0f 86 f6 02 00 00 49 8d
0x00007fe2156425cc:   04 0e 8b cb 4c 8b 4c c8 10 49 c7 c2 ff ff ff ff
0x00007fe2156425dc:   8b ce 49 d3 e2 4d 85 ca 0f 84 27 00 00 00 4d 23
0x00007fe2156425ec:   d1 41 83 6f 10 01 0f 8e 98 00 00 00 49 0f bc c2
0x00007fe2156425fc:   4d 85 d2 bf 40 00 00 00 0f 44 c7 c1 e3 06 03 c3
0x00007fe21564260c:   48 8b e5 5d c3 ff c3 3b d3 0f 85 15 00 00 00 41
0x00007fe21564261c:   83 6f 10 01 0f 8e 75 00 00 00 b8 ff ff ff ff 48
0x00007fe21564262c:   8b e5 5d c3 44 3b c3 0f 86 97 02 00 00 8b f3 48
0x00007fe21564263c:   8b 74 f0 10 48 85 f6 0f 85 34 00 00 00 8b cb ff
0x00007fe21564264c:   c1 66 66 90 3b d1 74 c7 44 3b c1 0f 86 78 03 00
0x00007fe21564265c:   00 8b f1 48 8b 74 f0 10 41 83 6f 10 01 0f 8e 04
0x00007fe21564266c:   00 00 00 8b d9 eb cd e8 28 17 d1 ff 90 8b d9 eb
0x00007fe21564267c:   c3 4c 8b d6 e9 68 ff ff ff e8 16 17 d1 ff 90 e9
0x00007fe21564268c:   15 ff ff ff e8 0b 17 d1 ff 90 e9 5d ff ff ff e8
0x00007fe21564269c:   00 17 d1 ff 90 eb 83 e8 58 a4 c7 ff 90 48 b8 a0
0x00007fe2156426ac:   3d 7a 00 00 00 00 00 49 8d 04 06 49 8b 4f 28 48 


Stack slot to memory mapping:
stack at sp + 0 slots: 0x00007fe0e7406388 points into unknown readable memory: 0x0000000000767878 | 78 78 76 00 00 00 00 00
stack at sp + 1 slots: 0x00007fe0e7401ba0 points into unknown readable memory: 0x00000000008be308 | 08 e3 8b 00 00 00 00 00
stack at sp + 2 slots: 0x00000000007f4d70 is an unknown value
stack at sp + 3 slots: 0x00007fe0e7406b30 points into unknown readable memory: 0x00000000007735d0 | d0 35 77 00 00 00 00 00
stack at sp + 4 slots: 0x00007fe10548ffe0 points into unknown readable memory: 0x000000000084900a | 0a 90 84 00 00 00 00 00
stack at sp + 5 slots: 0x00007fe0ef8017e0 points into unknown readable memory: 0x00000000007f4d72 | 72 4d 7f 00 00 00 00 00
stack at sp + 6 slots: 0x00007fe105afdaa0 is pointing into the stack for thread: 0x0000559fae3d1950
stack at sp + 7 slots: 0x00007fe215e2583b: <offset 0x0000000000d7983b> in /home/a4090/miniconda3/envs/auto_pose/lib/jvm/lib/libjvmcicompiler.so at 0x00007fe2150ac000


---------------  P R O C E S S  ---------------

Threads class SMR info:
_java_thread_list=0x0000559fae422b60, length=34, elements={
0x0000559facce99d0, 0x0000559faceddb70, 0x0000559facedefc0, 0x0000559facee5810,
0x0000559facee6bf0, 0x0000559facee8030, 0x0000559facee9a50, 0x0000559faceeafb0,
0x0000559facef4440, 0x00007fe21004c0c0, 0x0000559facf02a30, 0x00007fe21009ede0,
0x0000559facf4a200, 0x00007fe21c045500, 0x00007fe21c0466e0, 0x00007fe21c04b2a0,
0x00007fe2040c42e0, 0x0000559fad256240, 0x00007fe21c04f150, 0x00007fe21c050280,
0x00007fe21019a430, 0x0000559fad4023f0, 0x00007fe1dc080f80, 0x0000559fae332790,
0x0000559fad6fa170, 0x0000559fae39a940, 0x0000559fae3a5950, 0x0000559fae3b56e0,
0x0000559fae3b6f40, 0x0000559fae3d1950, 0x0000559fae3d3e00, 0x0000559fae3dff70,
0x0000559fae40a560, 0x0000559fae422010
}

Java Threads: ( => current thread )
  0x0000559facce99d0 JavaThread "main" [_thread_in_vm, id=162943, stack(0x00007ffd74a26000,0x00007ffd74b26000)]
  0x0000559faceddb70 JavaThread "Reference Handler" daemon [_thread_blocked, id=162950, stack(0x00007fe240efb000,0x00007fe240ffc000)]
  0x0000559facedefc0 JavaThread "Finalizer" daemon [_thread_blocked, id=162951, stack(0x00007fe240dfa000,0x00007fe240efb000)]
  0x0000559facee5810 JavaThread "Signal Dispatcher" daemon [_thread_blocked, id=162952, stack(0x00007fe240488000,0x00007fe240589000)]
  0x0000559facee6bf0 JavaThread "Service Thread" daemon [_thread_blocked, id=162953, stack(0x00007fe240387000,0x00007fe240488000)]
  0x0000559facee8030 JavaThread "Monitor Deflation Thread" daemon [_thread_blocked, id=162954, stack(0x00007fe240286000,0x00007fe240387000)]
  0x0000559facee9a50 JavaThread "JVMCI-native CompilerThread0" daemon [_thread_blocked, id=162955, stack(0x00007fe240085000,0x00007fe240286000)]
  0x0000559faceeafb0 JavaThread "C1 CompilerThread0" daemon [_thread_blocked, id=162956, stack(0x00007fe217dff000,0x00007fe218000000)]
  0x0000559facef4440 JavaThread "Sweeper thread" daemon [_thread_blocked, id=162957, stack(0x00007fe217cfe000,0x00007fe217dff000)]
  0x00007fe21004c0c0 JavaThread "C1 CompilerThread1" daemon [_thread_blocked, id=162958, stack(0x00007fe217afd000,0x00007fe217cfe000)]
  0x0000559facf02a30 JavaThread "Common-Cleaner" daemon [_thread_blocked, id=162959, stack(0x00007fe2179fc000,0x00007fe217afd000)]
  0x00007fe21009ede0 JavaThread "C1 CompilerThread2" daemon [_thread_blocked, id=162960, stack(0x00007fe2177fb000,0x00007fe2179fc000)]
  0x0000559facf4a200 JavaThread "Notification Thread" daemon [_thread_blocked, id=162961, stack(0x00007fe2176fa000,0x00007fe2177fb000)]
  0x00007fe21c045500 JavaThread "JVMCI-native CompilerThread1" daemon [_thread_blocked, id=162963, stack(0x00007fe1f5eff000,0x00007fe1f6100000)]
  0x00007fe21c0466e0 JavaThread "JVMCI-native CompilerThread2" daemon [_thread_in_native, id=162964, stack(0x00007fe1f5cfe000,0x00007fe1f5eff000)]
  0x00007fe21c04b2a0 JavaThread "JVMCI-native CompilerThread3" daemon [_thread_blocked, id=162965, stack(0x00007fe1f5afd000,0x00007fe1f5cfe000)]
  0x00007fe2040c42e0 JavaThread "C1 CompilerThread3" daemon [_thread_blocked, id=162966, stack(0x00007fe1e0bff000,0x00007fe1e0e00000)]
  0x0000559fad256240 JavaThread "process reaper" daemon [_thread_blocked, id=162968, stack(0x00007fe21503c000,0x00007fe21505e000)]
  0x00007fe21c04f150 JavaThread "C1 CompilerThread4" daemon [_thread_blocked, id=162975, stack(0x00007fe1da1ff000,0x00007fe1da400000)]
  0x00007fe21c050280 JavaThread "C1 CompilerThread5" daemon [_thread_blocked, id=162976, stack(0x00007fe1d9ffe000,0x00007fe1da1ff000)]
  0x00007fe21019a430 JavaThread "C1 CompilerThread6" daemon [_thread_blocked, id=162977, stack(0x00007fe1d9dfd000,0x00007fe1d9ffe000)]
  0x0000559fad4023f0 JavaThread "TruffleCompilerThread-30" daemon [_thread_in_native, id=162978, stack(0x00007fe1d9cfc000,0x00007fe1d9dfd000)]
  0x00007fe1dc080f80 JavaThread "C1 CompilerThread7" daemon [_thread_blocked, id=163008, stack(0x00007fe1c1ec9000,0x00007fe1c20ca000)]
  0x0000559fae332790 JavaThread "TruffleCompilerThread-32" daemon [_thread_in_native, id=163009, stack(0x00007fe1c03ff000,0x00007fe1c0500000)]
  0x0000559fad6fa170 JavaThread "TruffleCompilerThread-33" daemon [_thread_in_native, id=163016, stack(0x00007fe1497ff000,0x00007fe149900000)]
  0x0000559fae39a940 JavaThread "TruffleCompilerThread-34" daemon [_thread_in_native, id=163017, stack(0x00007fe1280ff000,0x00007fe128200000)]
  0x0000559fae3a5950 JavaThread "TruffleCompilerThread-35" daemon [_thread_in_native, id=163018, stack(0x00007fe120dff000,0x00007fe120f00000)]
  0x0000559fae3b56e0 JavaThread "TruffleCompilerThread-36" daemon [_thread_in_native, id=163019, stack(0x00007fe1151ff000,0x00007fe115300000)]
  0x0000559fae3b6f40 JavaThread "TruffleCompilerThread-37" daemon [_thread_in_native, id=163020, stack(0x00007fe10d1ff000,0x00007fe10d300000)]
=>0x0000559fae3d1950 JavaThread "TruffleCompilerThread-38" daemon [_thread_in_native, id=163021, stack(0x00007fe1059ff000,0x00007fe105b00000)]
  0x0000559fae3d3e00 JavaThread "TruffleCompilerThread-39" daemon [_thread_in_native, id=163022, stack(0x00007fe0ffeff000,0x00007fe100000000)]
  0x0000559fae3dff70 JavaThread "TruffleCompilerThread-40" daemon [_thread_in_native, id=163023, stack(0x00007fe0fc6ff000,0x00007fe0fc800000)]
  0x0000559fae40a560 JavaThread "python-actions-pool-1-thread-1" daemon [_thread_blocked, id=163024, stack(0x00007fe0e70ff000,0x00007fe0e7200000)]
  0x0000559fae422010 JavaThread "nfi-gc" daemon [_thread_blocked, id=163025, stack(0x00007fe0e53ff000,0x00007fe0e5500000)]

Other Threads:
  0x0000559faced9870 VMThread "VM Thread" [stack: 0x00007fe240ffe000,0x00007fe2410fe000] [id=162949]
  0x0000559facf4bb70 WatcherThread [stack: 0x00007fe2175fa000,0x00007fe2176fa000] [id=162962]
  0x0000559facd20120 GCTaskThread "GC Thread#0" [stack: 0x00007fe250e1c000,0x00007fe250f1c000] [id=162944]
  0x00007fe230008f00 GCTaskThread "GC Thread#1" [stack: 0x00007fe1c3b00000,0x00007fe1c3c00000] [id=162981]
  0x00007fe230009950 GCTaskThread "GC Thread#2" [stack: 0x00007fe1c39fe000,0x00007fe1c3afe000] [id=162982]
  0x00007fe23000a3a0 GCTaskThread "GC Thread#3" [stack: 0x00007fe1c38fc000,0x00007fe1c39fc000] [id=162983]
  0x00007fe23000adf0 GCTaskThread "GC Thread#4" [stack: 0x00007fe1c37fa000,0x00007fe1c38fa000] [id=162984]
  0x00007fe23000b840 GCTaskThread "GC Thread#5" [stack: 0x00007fe1c36f8000,0x00007fe1c37f8000] [id=162985]
  0x00007fe23000c290 GCTaskThread "GC Thread#6" [stack: 0x00007fe1c35f6000,0x00007fe1c36f6000] [id=162986]
  0x00007fe23000cce0 GCTaskThread "GC Thread#7" [stack: 0x00007fe1c34f4000,0x00007fe1c35f4000] [id=162987]
  0x00007fe23000d730 GCTaskThread "GC Thread#8" [stack: 0x00007fe1c33f2000,0x00007fe1c34f2000] [id=162988]
  0x00007fe23000e180 GCTaskThread "GC Thread#9" [stack: 0x00007fe1c32f0000,0x00007fe1c33f0000] [id=162989]
  0x00007fe23000ebd0 GCTaskThread "GC Thread#10" [stack: 0x00007fe1c31ee000,0x00007fe1c32ee000] [id=162990]
  0x00007fe23000f660 GCTaskThread "GC Thread#11" [stack: 0x00007fe1c30ec000,0x00007fe1c31ec000] [id=162991]
  0x00007fe2300104e0 GCTaskThread "GC Thread#12" [stack: 0x00007fe1c2fea000,0x00007fe1c30ea000] [id=162992]
  0x00007fe230011360 GCTaskThread "GC Thread#13" [stack: 0x00007fe1c2ee8000,0x00007fe1c2fe8000] [id=162993]
  0x00007fe2300121e0 GCTaskThread "GC Thread#14" [stack: 0x00007fe1c2de6000,0x00007fe1c2ee6000] [id=162994]
  0x00007fe230013060 GCTaskThread "GC Thread#15" [stack: 0x00007fe1c2ce4000,0x00007fe1c2de4000] [id=162995]
  0x00007fe230013ee0 GCTaskThread "GC Thread#16" [stack: 0x00007fe1c2be2000,0x00007fe1c2ce2000] [id=162996]
  0x00007fe230014d60 GCTaskThread "GC Thread#17" [stack: 0x00007fe1c2ae0000,0x00007fe1c2be0000] [id=162997]
  0x00007fe230015be0 GCTaskThread "GC Thread#18" [stack: 0x00007fe1c29de000,0x00007fe1c2ade000] [id=162998]
  0x00007fe230016a60 GCTaskThread "GC Thread#19" [stack: 0x00007fe1c28dc000,0x00007fe1c29dc000] [id=162999]
  0x00007fe2300178e0 GCTaskThread "GC Thread#20" [stack: 0x00007fe1c27da000,0x00007fe1c28da000] [id=163000]
  0x00007fe230018760 GCTaskThread "GC Thread#21" [stack: 0x00007fe1c26d8000,0x00007fe1c27d8000] [id=163001]
  0x00007fe2300195e0 GCTaskThread "GC Thread#22" [stack: 0x00007fe1c25d6000,0x00007fe1c26d6000] [id=163002]
  0x0000559facd30770 ConcurrentGCThread "G1 Main Marker" [stack: 0x00007fe250d1a000,0x00007fe250e1a000] [id=162945]
  0x0000559facd31710 ConcurrentGCThread "G1 Conc#0" [stack: 0x00007fe250c18000,0x00007fe250d18000] [id=162946]
  0x00007fe244000d30 ConcurrentGCThread "G1 Conc#1" [stack: 0x00007fe1c24d4000,0x00007fe1c25d4000] [id=163003]
  0x00007fe244001b80 ConcurrentGCThread "G1 Conc#2" [stack: 0x00007fe1c23d2000,0x00007fe1c24d2000] [id=163004]
  0x00007fe244002610 ConcurrentGCThread "G1 Conc#3" [stack: 0x00007fe1c22d0000,0x00007fe1c23d0000] [id=163005]
  0x00007fe2440030a0 ConcurrentGCThread "G1 Conc#4" [stack: 0x00007fe1c21ce000,0x00007fe1c22ce000] [id=163006]
  0x00007fe244003b30 ConcurrentGCThread "G1 Conc#5" [stack: 0x00007fe1c20cc000,0x00007fe1c21cc000] [id=163007]
  0x0000559facea5bc0 ConcurrentGCThread "G1 Refine#0" [stack: 0x00007fe2413f5000,0x00007fe2414f5000] [id=162947]
  0x00007fe23c000d30 ConcurrentGCThread "G1 Refine#1" [stack: 0x00007fe14a200000,0x00007fe14a300000] [id=163010]
  0x00007fe144000d30 ConcurrentGCThread "G1 Refine#2" [stack: 0x00007fe14a0fe000,0x00007fe14a1fe000] [id=163011]
  0x00007fe13c000d30 ConcurrentGCThread "G1 Refine#3" [stack: 0x00007fe149ffc000,0x00007fe14a0fc000] [id=163012]
  0x00007fe140000d30 ConcurrentGCThread "G1 Refine#4" [stack: 0x00007fe149efa000,0x00007fe149ffa000] [id=163013]
  0x00007fe134000d30 ConcurrentGCThread "G1 Refine#5" [stack: 0x00007fe149df8000,0x00007fe149ef8000] [id=163014]
  0x00007fe138000d30 ConcurrentGCThread "G1 Refine#6" [stack: 0x00007fe149cf6000,0x00007fe149df6000] [id=163015]
  0x0000559facea6ad0 ConcurrentGCThread "G1 Service" [stack: 0x00007fe2412f3000,0x00007fe2413f3000] [id=162948]

Threads with active compile tasks:
JVMCI-native CompilerThread2     1302 5628       4       com.oracle.truffle.object.DynamicObjectLibraryImplGen$DynamicObjectLibraryExports$Cached::getOrDefault (118 bytes)

VM state: not at safepoint (normal execution)

VM Mutex/Monitor currently owned by a thread: None

Heap address: 0x0000000082000000, size: 30688 MB, Compressed Oops mode: Zero based, Oop shift amount: 3

CDS archive(s) mapped at: [0x0000000800000000-0x0000000800bcb000-0x0000000800bcb000), size 12365824, SharedBaseAddress: 0x0000000800000000, ArchiveRelocationMode: 0.
Compressed class space mapped at: 0x0000000801000000-0x0000000841000000, reserved size: 1073741824
Narrow klass base: 0x0000000800000000, Narrow klass shift: 0, Narrow klass range: 0x100000000

GC Precious Log:
 CPUs: 32 total, 32 available
 Memory: 125G
 Large Page Support: Disabled
 NUMA Support: Disabled
 Compressed Oops: Enabled (Zero based)
 Heap Region Size: 16M
 Heap Min Capacity: 16M
 Heap Initial Capacity: 2016M
 Heap Max Capacity: 30688M
 Pre-touch: Disabled
 Parallel Workers: 23
 Concurrent Workers: 6
 Concurrent Refinement Workers: 23
 Periodic GC: Disabled

Heap:
 garbage-first heap   total 393216K, used 117791K [0x0000000082000000, 0x0000000800000000)
  region size 16384K, 6 young (98304K), 1 survivors (16384K)
 Metaspace       used 68925K, committed 69248K, reserved 1114112K
  class space    used 9812K, committed 9984K, reserved 1048576K

Heap Regions: E=young(eden), S=young(survivor), O=old, HS=humongous(starts), HC=humongous(continues), CS=collection set, F=free, OA=open archive, CA=closed archive, TAMS=top-at-mark-start (previous, next)
|   0|0x0000000082000000, 0x0000000083000000, 0x0000000083000000|100%| O|  |TAMS 0x0000000083000000, 0x0000000082000000| Untracked 
|   1|0x0000000083000000, 0x0000000083000000, 0x0000000084000000|  0%| F|  |TAMS 0x0000000083000000, 0x0000000083000000| Untracked 
|   2|0x0000000084000000, 0x0000000085000000, 0x0000000085000000|100%| O|  |TAMS 0x0000000085000000, 0x0000000084000000| Untracked 
|   3|0x0000000085000000, 0x00000000850c6000, 0x0000000086000000|  4%| O|  |TAMS 0x00000000850c6000, 0x0000000085000000| Complete 
|   4|0x0000000086000000, 0x0000000086000000, 0x0000000087000000|  0%| F|  |TAMS 0x0000000086000000, 0x0000000086000000| Untracked 
|   5|0x0000000087000000, 0x0000000087000000, 0x0000000088000000|  0%| F|  |TAMS 0x0000000087000000, 0x0000000087000000| Untracked 
|   6|0x0000000088000000, 0x0000000088000000, 0x0000000089000000|  0%| F|  |TAMS 0x0000000088000000, 0x0000000088000000| Untracked 
|   7|0x0000000089000000, 0x0000000089000000, 0x000000008a000000|  0%| F|  |TAMS 0x0000000089000000, 0x0000000089000000| Untracked 
|   8|0x000000008a000000, 0x000000008a000000, 0x000000008b000000|  0%| F|  |TAMS 0x000000008a000000, 0x000000008a000000| Untracked 
|   9|0x000000008b000000, 0x000000008b000000, 0x000000008c000000|  0%| F|  |TAMS 0x000000008b000000, 0x000000008b000000| Untracked 
|  10|0x000000008c000000, 0x000000008c000000, 0x000000008d000000|  0%| F|  |TAMS 0x000000008c000000, 0x000000008c000000| Untracked 
|  11|0x000000008d000000, 0x000000008d000000, 0x000000008e000000|  0%| F|  |TAMS 0x000000008d000000, 0x000000008d000000| Untracked 
|  12|0x000000008e000000, 0x000000008e000000, 0x000000008f000000|  0%| F|  |TAMS 0x000000008e000000, 0x000000008e000000| Untracked 
|  13|0x000000008f000000, 0x000000008f000000, 0x0000000090000000|  0%| F|  |TAMS 0x000000008f000000, 0x000000008f000000| Untracked 
|  14|0x0000000090000000, 0x0000000090000000, 0x0000000091000000|  0%| F|  |TAMS 0x0000000090000000, 0x0000000090000000| Untracked 
|  15|0x0000000091000000, 0x0000000091000000, 0x0000000092000000|  0%| F|  |TAMS 0x0000000091000000, 0x0000000091000000| Untracked 
|  16|0x0000000092000000, 0x0000000092b28b58, 0x0000000093000000| 69%| E|  |TAMS 0x0000000092000000, 0x0000000092000000| Complete 
|  17|0x0000000093000000, 0x0000000094000000, 0x0000000094000000|100%| E|CS|TAMS 0x0000000093000000, 0x0000000093000000| Complete 
|  18|0x0000000094000000, 0x0000000095000000, 0x0000000095000000|100%| E|CS|TAMS 0x0000000094000000, 0x0000000094000000| Complete 
|  19|0x0000000095000000, 0x0000000096000000, 0x0000000096000000|100%| E|CS|TAMS 0x0000000095000000, 0x0000000095000000| Complete 
|  67|0x00000000c5000000, 0x00000000c526ec88, 0x00000000c6000000| 15%| S|CS|TAMS 0x00000000c5000000, 0x00000000c5000000| Complete 
| 125|0x00000000ff000000, 0x0000000100000000, 0x0000000100000000|100%| E|CS|TAMS 0x00000000ff000000, 0x00000000ff000000| Complete 
|1916|0x00000007fe000000, 0x00000007fef46000, 0x00000007ff000000| 95%|OA|  |TAMS 0x00000007fef46000, 0x00000007fe000000| Untracked 
|1917|0x00000007ff000000, 0x00000007ff08d000, 0x0000000800000000|  3%|CA|  |TAMS 0x00000007ff08d000, 0x00000007ff000000| Untracked 

Card table byte_map: [0x00007fe290bb4000,0x00007fe2947a4000] _byte_map_base: 0x00007fe2907a4000

Marking Bits (Prev, Next): (CMBitMap*) 0x0000559facd20c00, (CMBitMap*) 0x0000559facd20bc0
 Prev Bits: [0x00007fe2510c4000, 0x00007fe26f044000)
 Next Bits: [0x00007fe26f044000, 0x00007fe28cfc4000)

Polling page: 0x00007fe2a8dcb000

Metaspace:

Usage:
  Non-class:     57.73 MB used.
      Class:      9.58 MB used.
       Both:     67.32 MB used.

Virtual space:
  Non-class space:       64.00 MB reserved,      57.94 MB ( 91%) committed,  1 nodes.
      Class space:        1.00 GB reserved,       9.75 MB ( <1%) committed,  1 nodes.
             Both:        1.06 GB reserved,      67.69 MB (  6%) committed. 

Chunk freelists:
   Non-Class:  5.36 MB
       Class:  6.17 MB
        Both:  11.53 MB

MaxMetaspaceSize: unlimited
CompressedClassSpaceSize: 1.00 GB
Initial GC threshold: 21.00 MB
Current GC threshold: 102.31 MB
CDS: on
MetaspaceReclaimPolicy: balanced
 - commit_granule_bytes: 65536.
 - commit_granule_words: 8192.
 - virtual_space_node_default_size: 8388608.
 - enlarge_chunks_in_place: 1.
 - new_chunks_are_fully_committed: 0.
 - uncommit_free_chunks: 1.
 - use_allocation_guard: 0.
 - handle_deallocations: 1.


Internal statistics:

num_allocs_failed_limit: 23.
num_arena_births: 322.
num_arena_deaths: 0.
num_vsnodes_births: 2.
num_vsnodes_deaths: 0.
num_space_committed: 1083.
num_space_uncommitted: 0.
num_chunks_returned_to_freelist: 23.
num_chunks_taken_from_freelist: 2593.
num_chunk_merges: 23.
num_chunk_splits: 2060.
num_chunks_enlarged: 1684.
num_inconsistent_stats: 0.

CodeHeap 'non-profiled nmethods': size=117208Kb used=2053Kb max_used=2053Kb free=115154Kb
 bounds [0x00007fe2a1b06000, 0x00007fe2a1d76000, 0x00007fe2a8d7c000]
CodeHeap 'profiled nmethods': size=117208Kb used=13182Kb max_used=14361Kb free=104025Kb
 bounds [0x00007fe299d7c000, 0x00007fe29abbc000, 0x00007fe2a0ff2000]
CodeHeap 'non-nmethods': size=11344Kb used=5407Kb max_used=5416Kb free=5936Kb
 bounds [0x00007fe2a0ff2000, 0x00007fe2a1542000, 0x00007fe2a1b06000]
 total_blobs=5687 nmethods=4868 adapters=712
 compilation: enabled
              stopped_count=0, restarted_count=0
 full_count=0

JVMCI Events (20 events):
Event: 1.272 Thread 0x0000559fad6fa170 compacted oop handles in JVMCI runtime 6 from 1584 to 1048
Event: 1.273 Thread 0x0000559fae3b56e0 compacted oop handles in JVMCI runtime 9 from 1058 to 711
Event: 1.274 Thread 0x0000559fae3b6f40 compacted oop handles in JVMCI runtime 10 from 662 to 491
Event: 1.274 Thread 0x00007fe21c04b2a0 compacted oop handles in JVMCI runtime 2 from 203 to 181
Event: 1.274 Thread 0x00007fe21c04b2a0 compacted oop handles in JVMCI runtime 2 from 182 to 127
Event: 1.274 Thread 0x0000559facee9a50 compacted oop handles in JVMCI runtime 0 from 200 to 179
Event: 1.274 Thread 0x0000559facee9a50 compacted oop handles in JVMCI runtime 0 from 180 to 150
Event: 1.275 Thread 0x0000559facee9a50 compacted oop handles in JVMCI runtime 0 from 166 to 164
Event: 1.275 Thread 0x0000559fae3b56e0 compacted oop handles in JVMCI runtime 9 from 744 to 717
Event: 1.275 Thread 0x0000559fad6fa170 compacted oop handles in JVMCI runtime 6 from 1077 to 1049
Event: 1.276 Thread 0x00007fe21c04b2a0 compacted oop handles in JVMCI runtime 2 from 139 to 137
Event: 1.276 Thread 0x00007fe21c0466e0 compacted oop handles in JVMCI runtime 3 from 246 to 211
Event: 1.276 Thread 0x00007fe21c0466e0 compacted oop handles in JVMCI runtime 3 from 212 to 132
Event: 1.277 Thread 0x00007fe21c045500 compacted oop handles in JVMCI runtime 1 from 141 to 120
Event: 1.277 Thread 0x00007fe21c04b2a0 compacted oop handles in JVMCI runtime 2 from 150 to 148
Event: 1.277 Thread 0x00007fe21c04b2a0 compacted oop handles in JVMCI runtime 2 from 172 to 168
Event: 1.278 Thread 0x00007fe21c04b2a0 compacted oop handles in JVMCI runtime 2 from 188 to 186
Event: 1.278 Thread 0x0000559facee9a50 compacted oop handles in JVMCI runtime 0 from 199 to 176
Event: 1.279 Thread 0x00007fe21c0466e0 compacted oop handles in JVMCI runtime 3 from 168 to 164
Event: 1.280 Thread 0x00007fe21c0466e0 compacted oop handles in JVMCI runtime 3 from 168 to 167

Compilation events (20 events):
Event: 1.278 Thread 0x00007fe21c050280 nmethod 5615 0x00007fe29a124c90 code [0x00007fe29a124e20, 0x00007fe29a124f10]
Event: 1.278 Thread 0x00007fe21019a430 5620       3       com.oracle.graal.python.nodes.call.special.LookupAndCallNonReversibleBinaryNode::callObjectGeneric (12 bytes)
Event: 1.278 Thread 0x0000559facee9a50 nmethod 5557 0x00007fe2a1b78610 code [0x00007fe2a1b787a0, 0x00007fe2a1b78ac8]
Event: 1.278 Thread 0x00007fe21019a430 nmethod 5620 0x00007fe29a11d990 code [0x00007fe29a11db40, 0x00007fe29a11dc80]
Event: 1.278 Thread 0x00007fe21019a430 5621       3       com.oracle.graal.python.builtins.objects.code.CodeNodesFactory$GetCodeSignatureNodeGen$Inlined::execute (167 bytes)
Event: 1.278 Thread 0x00007fe21009ede0 5622       3       com.oracle.graal.python.nodes.argument.CreateArgumentsNodeGen::execute (674 bytes)
Event: 1.278 Thread 0x00007fe21004c0c0 nmethod 5616 0x00007fe29a102b10 code [0x00007fe29a102da0, 0x00007fe29a103c20]
Event: 1.278 Thread 0x00007fe21019a430 nmethod 5621 0x00007fe29a268c10 code [0x00007fe29a268ec0, 0x00007fe29a269e40]
Event: 1.279 Thread 0x00007fe1dc080f80 nmethod 5618 0x00007fe299dec610 code [0x00007fe299dec8a0, 0x00007fe299ded720]
Event: 1.279 Thread 0x00007fe21c0466e0 nmethod 5608 0x00007fe2a1c60f90 code [0x00007fe2a1c61160, 0x00007fe2a1c614f0]
Event: 1.279 Thread 0x00007fe21009ede0 nmethod 5622 0x00007fe299dbfa10 code [0x00007fe299dbfe60, 0x00007fe299dc6720]
Event: 1.279 Thread 0x00007fe21c04b2a0 5623       4       com.oracle.truffle.polyglot.PolyglotFastThreadLocals::getLanguage (55 bytes)
Event: 1.280 Thread 0x00007fe21c0466e0 5624       4       com.oracle.truffle.api.impl.FrameWithoutBoxing::unsafePutLong (10 bytes)
Event: 1.280 Thread 0x00007fe21c0466e0 nmethod 5624 0x00007fe2a1c83590 code [0x00007fe2a1c83700, 0x00007fe2a1c83748]
Event: 1.280 Thread 0x00007fe21009ede0 5625       3       com.oracle.graal.python.nodes.call.special.AbstractCallMethodNode::raiseInvalidArgsNumUncached (10 bytes)
Event: 1.280 Thread 0x00007fe21009ede0 nmethod 5625 0x00007fe29a17b090 code [0x00007fe29a17b240, 0x00007fe29a17b3a0]
Event: 1.281 Thread 0x00007fe21004c0c0 5626       1       com.oracle.graal.python.builtins.objects.type.PythonManagedClass::needsNativeAllocation (5 bytes)
Event: 1.281 Thread 0x00007fe1dc080f80 5627       3       com.oracle.graal.python.nodes.argument.CreateArgumentsNode::isMethodCall (13 bytes)
Event: 1.281 Thread 0x00007fe21004c0c0 nmethod 5626 0x00007fe2a1ca1c10 code [0x00007fe2a1ca1da0, 0x00007fe2a1ca1e70]
Event: 1.281 Thread 0x00007fe21c0466e0 5628       4       com.oracle.truffle.object.DynamicObjectLibraryImplGen$DynamicObjectLibraryExports$Cached::getOrDefault (118 bytes)

GC Heap History (14 events):
Event: 0.373 GC heap before
{Heap before GC invocations=0 (full 0):
 garbage-first heap   total 2097152K, used 81740K [0x0000000082000000, 0x0000000800000000)
  region size 16384K, 5 young (81920K), 0 survivors (0K)
 Metaspace       used 21316K, committed 21504K, reserved 1114112K
  class space    used 2086K, committed 2176K, reserved 1048576K
}
Event: 0.376 GC heap after
{Heap after GC invocations=1 (full 0):
 garbage-first heap   total 2097152K, used 34327K [0x0000000082000000, 0x0000000800000000)
  region size 16384K, 1 young (16384K), 1 survivors (16384K)
 Metaspace       used 21316K, committed 21504K, reserved 1114112K
  class space    used 2086K, committed 2176K, reserved 1048576K
}
Event: 0.615 GC heap before
{Heap before GC invocations=2 (full 0):
 garbage-first heap   total 278528K, used 99863K [0x0000000082000000, 0x0000000800000000)
  region size 16384K, 6 young (98304K), 1 survivors (16384K)
 Metaspace       used 35866K, committed 36160K, reserved 1114112K
  class space    used 4367K, committed 4544K, reserved 1048576K
}
Event: 0.618 GC heap after
{Heap after GC invocations=3 (full 0):
 garbage-first heap   total 278528K, used 39015K [0x0000000082000000, 0x0000000800000000)
  region size 16384K, 1 young (16384K), 1 survivors (16384K)
 Metaspace       used 35866K, committed 36160K, reserved 1114112K
  class space    used 4367K, committed 4544K, reserved 1048576K
}
Event: 0.623 GC heap before
{Heap before GC invocations=3 (full 0):
 garbage-first heap   total 278528K, used 39015K [0x0000000082000000, 0x0000000800000000)
  region size 16384K, 2 young (32768K), 1 survivors (16384K)
 Metaspace       used 36182K, committed 36480K, reserved 1114112K
  class space    used 4428K, committed 4608K, reserved 1048576K
}
Event: 0.624 GC heap after
{Heap after GC invocations=4 (full 0):
 garbage-first heap   total 278528K, used 38942K [0x0000000082000000, 0x0000000800000000)
  region size 16384K, 1 young (16384K), 1 survivors (16384K)
 Metaspace       used 36182K, committed 36480K, reserved 1114112K
  class space    used 4428K, committed 4608K, reserved 1048576K
}
Event: 0.628 GC heap before
{Heap before GC invocations=4 (full 0):
 garbage-first heap   total 278528K, used 38942K [0x0000000082000000, 0x0000000800000000)
  region size 16384K, 2 young (32768K), 1 survivors (16384K)
 Metaspace       used 36501K, committed 36800K, reserved 1114112K
  class space    used 4491K, committed 4672K, reserved 1048576K
}
Event: 0.629 GC heap after
{Heap after GC invocations=5 (full 0):
 garbage-first heap   total 278528K, used 38753K [0x0000000082000000, 0x0000000800000000)
  region size 16384K, 1 young (16384K), 1 survivors (16384K)
 Metaspace       used 36501K, committed 36800K, reserved 1114112K
  class space    used 4491K, committed 4672K, reserved 1048576K
}
Event: 1.012 GC heap before
{Heap before GC invocations=6 (full 0):
 garbage-first heap   total 278528K, used 153441K [0x0000000082000000, 0x0000000800000000)
  region size 16384K, 8 young (131072K), 1 survivors (16384K)
 Metaspace       used 60960K, committed 61248K, reserved 1114112K
  class space    used 8963K, committed 9088K, reserved 1048576K
}
Event: 1.018 GC heap after
{Heap after GC invocations=7 (full 0):
 garbage-first heap   total 278528K, used 50914K [0x0000000082000000, 0x0000000800000000)
  region size 16384K, 1 young (16384K), 1 survivors (16384K)
 Metaspace       used 60960K, committed 61248K, reserved 1114112K
  class space    used 8963K, committed 9088K, reserved 1048576K
}
Event: 1.045 GC heap before
{Heap before GC invocations=7 (full 0):
 garbage-first heap   total 278528K, used 50914K [0x0000000082000000, 0x0000000800000000)
  region size 16384K, 2 young (32768K), 1 survivors (16384K)
 Metaspace       used 62089K, committed 62336K, reserved 1114112K
  class space    used 9085K, committed 9216K, reserved 1048576K
}
Event: 1.053 GC heap after
{Heap after GC invocations=8 (full 0):
 garbage-first heap   total 1179648K, used 52505K [0x0000000082000000, 0x0000000800000000)
  region size 16384K, 1 young (16384K), 1 survivors (16384K)
 Metaspace       used 62089K, committed 62336K, reserved 1114112K
  class space    used 9085K, committed 9216K, reserved 1048576K
}
Event: 1.064 GC heap before
{Heap before GC invocations=8 (full 0):
 garbage-first heap   total 1179648K, used 52505K [0x0000000082000000, 0x0000000800000000)
  region size 16384K, 2 young (32768K), 1 survivors (16384K)
 Metaspace       used 62376K, committed 62656K, reserved 1114112K
  class space    used 9119K, committed 9280K, reserved 1048576K
}
Event: 1.065 GC heap after
{Heap after GC invocations=9 (full 0):
 garbage-first heap   total 1179648K, used 52255K [0x0000000082000000, 0x0000000800000000)
  region size 16384K, 1 young (16384K), 1 survivors (16384K)
 Metaspace       used 62376K, committed 62656K, reserved 1114112K
  class space    used 9119K, committed 9280K, reserved 1048576K
}

Dll operation events (11 events):
Event: 0.001 Loaded shared library /home/a4090/miniconda3/envs/auto_pose/lib/jvm/lib/libjava.so
Event: 0.005 Loaded shared library /home/a4090/miniconda3/envs/auto_pose/lib/jvm/lib/libjsvml.so
Event: 0.019 Loaded shared library /home/a4090/miniconda3/envs/auto_pose/lib/jvm/lib/libjvmcicompiler.so
Event: 0.019 Loaded shared library /home/a4090/miniconda3/envs/auto_pose/lib/jvm/lib/libnio.so
Event: 0.020 Loaded shared library /home/a4090/miniconda3/envs/auto_pose/lib/jvm/lib/libzip.so
Event: 0.022 Loaded shared library /home/a4090/miniconda3/envs/auto_pose/lib/jvm/lib/libjimage.so
Event: 0.026 Loaded shared library /home/a4090/miniconda3/envs/auto_pose/lib/jvm/lib/libmanagement.so
Event: 0.027 Loaded shared library /home/a4090/miniconda3/envs/auto_pose/lib/jvm/lib/libmanagement_ext.so
Event: 0.029 Loaded shared library /home/a4090/miniconda3/envs/auto_pose/lib/jvm/lib/libnet.so
Event: 0.392 Loaded shared library /home/a4090/miniconda3/envs/auto_pose/lib/jvm/lib/libverify.so
Event: 1.230 Loaded shared library /home/a4090/miniconda3/envs/auto_pose/lib/jvm/lib/libtrufflenfi.so

Deoptimization events (20 events):
Event: 1.274 Thread 0x0000559facce99d0 Uncommon trap: trap_request=0xffffffed fr.pc=0x00007fe2a1b7d888 relative=0x00000000000004c8
Event: 1.274 Thread 0x0000559facce99d0 Uncommon trap: reason=null_assert_or_unreached0 action=reinterpret pc=0x00007fe2a1b7d888 method=com.oracle.truffle.api.dsl.InlineSupport$InlinableField.resolveReceiver(Lcom/oracle/truffle/api/nodes/Node;)Ljava/lang/Object; @ 23 jvmci
Event: 1.274 Thread 0x0000559facce99d0 DEOPT PACKING pc=0x00007fe2a1b7d888 sp=0x00007ffd74b0e0c0
Event: 1.274 Thread 0x0000559facce99d0 DEOPT UNPACKING pc=0x00007fe2a1048c25 sp=0x00007ffd74b0d488 mode 3
Event: 1.275 Thread 0x0000559facce99d0 Uncommon trap: trap_request=0xffffffcd fr.pc=0x00007fe2a1ce5965 relative=0x00000000000004e5
Event: 1.275 Thread 0x0000559facce99d0 Uncommon trap: reason=intrinsic_or_type_checked_inlining action=reinterpret pc=0x00007fe2a1ce5965 method=com.oracle.truffle.api.nodes.NodeClassImpl.getFieldObject(Ljava/lang/Object;Lcom/oracle/truffle/api/nodes/Node;)Ljava/lang/Object; @ 8 jvmci
Event: 1.275 Thread 0x0000559facce99d0 DEOPT PACKING pc=0x00007fe2a1ce5965 sp=0x00007ffd74b0d8d0
Event: 1.275 Thread 0x0000559facce99d0 DEOPT UNPACKING pc=0x00007fe2a1048c25 sp=0x00007ffd74b0cc70 mode 3
Event: 1.275 Thread 0x0000559facce99d0 Uncommon trap: trap_request=0xffffffcd fr.pc=0x00007fe2a1cdec9e relative=0x00000000000003be
Event: 1.275 Thread 0x0000559facce99d0 Uncommon trap: reason=intrinsic_or_type_checked_inlining action=reinterpret pc=0x00007fe2a1cdec9e method=com.oracle.truffle.api.nodes.NodeClassImpl.getFieldObject(Ljava/lang/Object;Lcom/oracle/truffle/api/nodes/Node;)Ljava/lang/Object; @ 8 jvmci
Event: 1.275 Thread 0x0000559facce99d0 DEOPT PACKING pc=0x00007fe2a1cdec9e sp=0x00007ffd74b0d7d0
Event: 1.275 Thread 0x0000559facce99d0 DEOPT UNPACKING pc=0x00007fe2a1048c25 sp=0x00007ffd74b0cbe0 mode 3
Event: 1.275 Thread 0x0000559fae3b56e0 Uncommon trap: trap_request=0xffffffed fr.pc=0x00007fe2a1cfbb08 relative=0x00000000000001e8
Event: 1.275 Thread 0x0000559fae3b56e0 Uncommon trap: reason=null_assert_or_unreached0 action=reinterpret pc=0x00007fe2a1cfbb08 method=java.util.concurrent.locks.AbstractQueuedSynchronizer.compareAndSetState(II)Z @ 12 jvmci
Event: 1.275 Thread 0x0000559fae3b56e0 DEOPT PACKING pc=0x00007fe2a1cfbb08 sp=0x00007fe1152fe560
Event: 1.275 Thread 0x0000559fae3b56e0 DEOPT UNPACKING pc=0x00007fe2a1048c25 sp=0x00007fe1152fd8c0 mode 3
Event: 1.276 Thread 0x0000559facce99d0 Uncommon trap: trap_request=0xffffffcd fr.pc=0x00007fe2a1c15727 relative=0x00000000000003e7
Event: 1.276 Thread 0x0000559facce99d0 Uncommon trap: reason=intrinsic_or_type_checked_inlining action=reinterpret pc=0x00007fe2a1c15727 method=com.oracle.truffle.object.TriePropertyMap.get(Ljava/lang/Object;)Lcom/oracle/truffle/api/object/Property; @ 18 jvmci
Event: 1.276 Thread 0x0000559facce99d0 DEOPT PACKING pc=0x00007fe2a1c15727 sp=0x00007ffd74b0d8d0
Event: 1.276 Thread 0x0000559facce99d0 DEOPT UNPACKING pc=0x00007fe2a1048c25 sp=0x00007ffd74b0cb58 mode 3

Classes unloaded (0 events):
No events

Classes redefined (0 events):
No events

Internal exceptions (20 events):
Event: 1.209 Thread 0x0000559facce99d0 Exception <a 'sun/nio/fs/UnixException'{0x00000000948984c0}> (0x00000000948984c0) 
thrown [src/hotspot/share/prims/jni.cpp, line 516]
Event: 1.209 Thread 0x0000559facce99d0 Exception <a 'sun/nio/fs/UnixException'{0x0000000094898ab0}> (0x0000000094898ab0) 
thrown [src/hotspot/share/prims/jni.cpp, line 516]
Event: 1.209 Thread 0x0000559facce99d0 Exception <a 'sun/nio/fs/UnixException'{0x00000000948992d8}> (0x00000000948992d8) 
thrown [src/hotspot/share/prims/jni.cpp, line 516]
Event: 1.209 Thread 0x0000559facce99d0 Exception <a 'sun/nio/fs/UnixException'{0x000000009489a170}> (0x000000009489a170) 
thrown [src/hotspot/share/prims/jni.cpp, line 516]
Event: 1.209 Thread 0x0000559facce99d0 Exception <a 'sun/nio/fs/UnixException'{0x000000009489a760}> (0x000000009489a760) 
thrown [src/hotspot/share/prims/jni.cpp, line 516]
Event: 1.211 Thread 0x0000559facce99d0 Exception <a 'sun/nio/fs/UnixException'{0x00000000948bd9d0}> (0x00000000948bd9d0) 
thrown [src/hotspot/share/prims/jni.cpp, line 516]
Event: 1.211 Thread 0x0000559facce99d0 Exception <a 'sun/nio/fs/UnixException'{0x00000000948be6a0}> (0x00000000948be6a0) 
thrown [src/hotspot/share/prims/jni.cpp, line 516]
Event: 1.211 Thread 0x0000559facce99d0 Exception <a 'sun/nio/fs/UnixException'{0x00000000948bef88}> (0x00000000948bef88) 
thrown [src/hotspot/share/prims/jni.cpp, line 516]
Event: 1.211 Thread 0x0000559facce99d0 Exception <a 'sun/nio/fs/UnixException'{0x00000000948bfdf0}> (0x00000000948bfdf0) 
thrown [src/hotspot/share/prims/jni.cpp, line 516]
Event: 1.211 Thread 0x0000559facce99d0 Exception <a 'sun/nio/fs/UnixException'{0x00000000948c03e0}> (0x00000000948c03e0) 
thrown [src/hotspot/share/prims/jni.cpp, line 516]
Event: 1.211 Thread 0x0000559facce99d0 Exception <a 'sun/nio/fs/UnixException'{0x00000000948c0c08}> (0x00000000948c0c08) 
thrown [src/hotspot/share/prims/jni.cpp, line 516]
Event: 1.211 Thread 0x0000559facce99d0 Exception <a 'sun/nio/fs/UnixException'{0x00000000948c1a98}> (0x00000000948c1a98) 
thrown [src/hotspot/share/prims/jni.cpp, line 516]
Event: 1.211 Thread 0x0000559facce99d0 Exception <a 'sun/nio/fs/UnixException'{0x00000000948c2088}> (0x00000000948c2088) 
thrown [src/hotspot/share/prims/jni.cpp, line 516]
Event: 1.263 Thread 0x0000559facce99d0 Exception <a 'sun/nio/fs/UnixException'{0x00000000924469d8}> (0x00000000924469d8) 
thrown [src/hotspot/share/prims/jni.cpp, line 516]
Event: 1.263 Thread 0x0000559facce99d0 Exception <a 'sun/nio/fs/UnixException'{0x0000000092448678}> (0x0000000092448678) 
thrown [src/hotspot/share/prims/jni.cpp, line 516]
Event: 1.263 Thread 0x0000559facce99d0 Exception <a 'sun/nio/fs/UnixException'{0x0000000092449f00}> (0x0000000092449f00) 
thrown [src/hotspot/share/prims/jni.cpp, line 516]
Event: 1.263 Thread 0x0000559facce99d0 Exception <a 'sun/nio/fs/UnixException'{0x000000009244bc78}> (0x000000009244bc78) 
thrown [src/hotspot/share/prims/jni.cpp, line 516]
Event: 1.263 Thread 0x0000559facce99d0 Exception <a 'sun/nio/fs/UnixException'{0x000000009244d258}> (0x000000009244d258) 
thrown [src/hotspot/share/prims/jni.cpp, line 516]
Event: 1.270 Thread 0x0000559facce99d0 Exception <a 'sun/nio/fs/UnixException'{0x0000000092589808}> (0x0000000092589808) 
thrown [src/hotspot/share/prims/jni.cpp, line 516]
Event: 1.270 Thread 0x0000559facce99d0 Exception <a 'sun/nio/fs/UnixException'{0x000000009258bf30}> (0x000000009258bf30) 
thrown [src/hotspot/share/prims/jni.cpp, line 516]

VM Operations (20 events):
Event: 1.077 Executing VM operation: G1Concurrent
Event: 1.078 Executing VM operation: G1Concurrent done
Event: 1.098 Executing VM operation: HandshakeAllThreads
Event: 1.098 Executing VM operation: HandshakeAllThreads done
Event: 1.124 Executing VM operation: HandshakeAllThreads
Event: 1.124 Executing VM operation: HandshakeAllThreads done
Event: 1.161 Executing VM operation: ICBufferFull
Event: 1.162 Executing VM operation: ICBufferFull done
Event: 1.176 Executing VM operation: HandshakeAllThreads
Event: 1.176 Executing VM operation: HandshakeAllThreads done
Event: 1.191 Executing VM operation: HandshakeAllThreads
Event: 1.191 Executing VM operation: HandshakeAllThreads done
Event: 1.191 Executing VM operation: HandshakeAllThreads
Event: 1.191 Executing VM operation: HandshakeAllThreads done
Event: 1.198 Executing VM operation: HandshakeAllThreads
Event: 1.198 Executing VM operation: HandshakeAllThreads done
Event: 1.210 Executing VM operation: HandshakeAllThreads
Event: 1.210 Executing VM operation: HandshakeAllThreads done
Event: 1.267 Executing VM operation: ICBufferFull
Event: 1.267 Executing VM operation: ICBufferFull done

Events (20 events):
Event: 1.221 Thread 0x0000559fae40a560 Thread added: 0x0000559fae40a560
Event: 1.221 Protecting memory [0x00007fe0e70ff000,0x00007fe0e7103000] with protection modes 0
Event: 1.221 loading class java/util/concurrent/TimeUnit$1
Event: 1.221 loading class java/util/concurrent/TimeUnit$1 done
Event: 1.228 loading class java/lang/Class$EnclosingMethodInfo
Event: 1.228 loading class java/lang/Class$EnclosingMethodInfo done
Event: 1.230 loading class jdk/internal/loader/NativeLibraries$Unloader
Event: 1.230 loading class jdk/internal/loader/NativeLibraries$Unloader done
Event: 1.230 Thread 0x0000559fae422010 Thread added: 0x0000559fae422010
Event: 1.230 Protecting memory [0x00007fe0e53ff000,0x00007fe0e5403000] with protection modes 0
Event: 1.236 loading class java/util/concurrent/atomic/AtomicIntegerFieldUpdater
Event: 1.236 loading class java/util/concurrent/atomic/AtomicIntegerFieldUpdater done
Event: 1.236 loading class java/util/concurrent/atomic/AtomicIntegerFieldUpdater$AtomicIntegerFieldUpdaterImpl
Event: 1.236 loading class java/util/concurrent/atomic/AtomicIntegerFieldUpdater$AtomicIntegerFieldUpdaterImpl done
Event: 1.236 loading class java/util/concurrent/atomic/AtomicIntegerFieldUpdater$AtomicIntegerFieldUpdaterImpl$1
Event: 1.236 loading class java/util/concurrent/atomic/AtomicIntegerFieldUpdater$AtomicIntegerFieldUpdaterImpl$1 done
Event: 1.275 loading class java/util/concurrent/LinkedBlockingDeque$Itr
Event: 1.276 loading class java/util/concurrent/LinkedBlockingDeque$AbstractItr
Event: 1.276 loading class java/util/concurrent/LinkedBlockingDeque$AbstractItr done
Event: 1.276 loading class java/util/concurrent/LinkedBlockingDeque$Itr done


Dynamic libraries:
82000000-96000000 rw-p 00000000 00:00 0 
96000000-c5000000 ---p 00000000 00:00 0 
c5000000-c6000000 rw-p 00000000 00:00 0 
c6000000-ff000000 ---p 00000000 00:00 0 
ff000000-100000000 rw-p 00000000 00:00 0 
100000000-7fe000000 ---p 00000000 00:00 0 
7fe000000-7fef00000 rw-p 00000000 00:00 0 
7fef00000-7fef46000 rw-p 00c8f000 103:02 51866601                        /home/a4090/miniconda3/envs/auto_pose/lib/jvm/lib/server/classes.jsa
7fef46000-7ff000000 rw-p 00000000 00:00 0 
7ff000000-7ff08d000 rw-p 00c02000 103:02 51866601                        /home/a4090/miniconda3/envs/auto_pose/lib/jvm/lib/server/classes.jsa
7ff08d000-800000000 rw-p 00000000 00:00 0 
800000000-80044a000 rw-p 00001000 103:02 51866601                        /home/a4090/miniconda3/envs/auto_pose/lib/jvm/lib/server/classes.jsa
80044a000-800bcb000 r--p 0044b000 103:02 51866601                        /home/a4090/miniconda3/envs/auto_pose/lib/jvm/lib/server/classes.jsa
800bcb000-801000000 ---p 00000000 00:00 0 
801000000-801040000 rw-p 00000000 00:00 0 
801040000-8010c0000 rw-p 00000000 00:00 0 
8010c0000-801100000 rw-p 00000000 00:00 0 
801100000-801180000 rw-p 00000000 00:00 0 
801180000-801240000 rw-p 00000000 00:00 0 
801240000-801260000 rw-p 00000000 00:00 0 
801260000-801280000 ---p 00000000 00:00 0 
801280000-8019e0000 rw-p 00000000 00:00 0 
8019e0000-841000000 ---p 00000000 00:00 0 
559fac74f000-559fac752000 r--p 00000000 103:02 51868967                  /home/a4090/miniconda3/envs/auto_pose/lib/jvm/languages/python/bin/python
559fac752000-559fac756000 r-xp 00003000 103:02 51868967                  /home/a4090/miniconda3/envs/auto_pose/lib/jvm/languages/python/bin/python
559fac756000-559fac758000 r--p 00007000 103:02 51868967                  /home/a4090/miniconda3/envs/auto_pose/lib/jvm/languages/python/bin/python
559fac758000-559fac759000 r--p 00008000 103:02 51868967                  /home/a4090/miniconda3/envs/auto_pose/lib/jvm/languages/python/bin/python
559fac759000-559fac75a000 rw-p 00009000 103:02 51868967                  /home/a4090/miniconda3/envs/auto_pose/lib/jvm/languages/python/bin/python
559facc8c000-559fae4c0000 rw-p 00000000 00:00 0                          [heap]
7fe0cc000000-7fe0cc021000 rw-p 00000000 00:00 0 
7fe0cc021000-7fe0d0000000 ---p 00000000 00:00 0 
7fe0d0200000-7fe0d0300000 rw-p 00000000 00:00 0 
7fe0d0400000-7fe0d0500000 rw-p 00000000 00:00 0 
7fe0d0600000-7fe0d0700000 rw-p 00000000 00:00 0 
7fe0d0800000-7fe0d0900000 rw-p 00000000 00:00 0 
7fe0d0a00000-7fe0d0b00000 rw-p 00000000 00:00 0 
7fe0d0c00000-7fe0d0d00000 rw-p 00000000 00:00 0 
7fe0d0e00000-7fe0d0f00000 rw-p 00000000 00:00 0 
7fe0d0fa7000-7fe0d1300000 rw-p 00000000 00:00 0 
7fe0d13bd000-7fe0d13c1000 ---p 00000000 00:00 0 
7fe0d13c1000-7fe0d1700000 rw-p 00000000 00:00 0 
7fe0d1800000-7fe0d1900000 rw-p 00000000 00:00 0 
7fe0d1a00000-7fe0d1b00000 rw-p 00000000 00:00 0 
7fe0d1c00000-7fe0d1d00000 rw-p 00000000 00:00 0 
7fe0d1e00000-7fe0d1f00000 rw-p 00000000 00:00 0 
7fe0d2000000-7fe0d2100000 rw-p 00000000 00:00 0 
7fe0d2200000-7fe0d2300000 rw-p 00000000 00:00 0 
7fe0d2400000-7fe0d2500000 rw-p 00000000 00:00 0 
7fe0d2600000-7fe0d2700000 rw-p 00000000 00:00 0 
7fe0d2800000-7fe0d2900000 rw-p 00000000 00:00 0 
7fe0d2a00000-7fe0d2b00000 rw-p 00000000 00:00 0 
7fe0d2c00000-7fe0d2d00000 rw-p 00000000 00:00 0 
7fe0d2e00000-7fe0d2f00000 rw-p 00000000 00:00 0 
7fe0d3000000-7fe0d3100000 rw-p 00000000 00:00 0 
7fe0d3200000-7fe0d3300000 rw-p 00000000 00:00 0 
7fe0d333f000-7fe0d3600000 rw-p 00000000 00:00 0 
7fe0d3700000-7fe0d3800000 rw-p 00000000 00:00 0 
7fe0d3900000-7fe0d3a00000 rw-p 00000000 00:00 0 
7fe0d3b00000-7fe0d3c00000 rw-p 00000000 00:00 0 
7fe0d3d00000-7fe0d3e00000 rw-p 00000000 00:00 0 
7fe0d3f00000-7fe0d4000000 rw-p 00000000 00:00 0 
7fe0d4100000-7fe0d4200000 rw-p 00000000 00:00 0 
7fe0d4300000-7fe0d4400000 rw-p 00000000 00:00 0 
7fe0d4500000-7fe0d4600000 rw-p 00000000 00:00 0 
7fe0d4700000-7fe0d4800000 rw-p 00000000 00:00 0 
7fe0d4900000-7fe0d4a00000 rw-p 00000000 00:00 0 
7fe0d4b00000-7fe0d4c00000 rw-p 00000000 00:00 0 
7fe0d4d00000-7fe0d4e00000 rw-p 00000000 00:00 0 
7fe0d4f00000-7fe0d5000000 rw-p 00000000 00:00 0 
7fe0d5100000-7fe0d5200000 rw-p 00000000 00:00 0 
7fe0d5300000-7fe0d5400000 rw-p 00000000 00:00 0 
7fe0d5500000-7fe0d5600000 rw-p 00000000 00:00 0 
7fe0d5700000-7fe0d5800000 rw-p 00000000 00:00 0 
7fe0d5900000-7fe0d5a00000 rw-p 00000000 00:00 0 
7fe0d5b00000-7fe0d5c00000 rw-p 00000000 00:00 0 
7fe0d5d00000-7fe0d5e00000 rw-p 00000000 00:00 0 
7fe0d5f00000-7fe0d6000000 rw-p 00000000 00:00 0 
7fe0d60f7000-7fe0d6300000 rw-p 00000000 00:00 0 
7fe0d6400000-7fe0d6500000 rw-p 00000000 00:00 0 
7fe0d6600000-7fe0d6700000 rw-p 00000000 00:00 0 
7fe0d6800000-7fe0d6900000 rw-p 00000000 00:00 0 
7fe0d6a00000-7fe0d6b00000 rw-p 00000000 00:00 0 
7fe0d6c00000-7fe0d6d00000 rw-p 00000000 00:00 0 
7fe0d6e00000-7fe0d6f00000 rw-p 00000000 00:00 0 
7fe0d7000000-7fe0d7100000 rw-p 00000000 00:00 0 
7fe0d7200000-7fe0d7300000 rw-p 00000000 00:00 0 
7fe0d7400000-7fe0d7500000 rw-p 00000000 00:00 0 
7fe0d7600000-7fe0d7700000 rw-p 00000000 00:00 0 
7fe0d7800000-7fe0d7900000 rw-p 00000000 00:00 0 
7fe0d7a00000-7fe0d7b00000 rw-p 00000000 00:00 0 
7fe0d7c00000-7fe0d7d00000 rw-p 00000000 00:00 0 
7fe0d7e00000-7fe0d7f00000 rw-p 00000000 00:00 0 
7fe0d8000000-7fe0d8021000 rw-p 00000000 00:00 0 
7fe0d8021000-7fe0dc000000 ---p 00000000 00:00 0 
7fe0dc000000-7fe0dc100000 rw-p 00000000 00:00 0 
7fe0dc200000-7fe0dc300000 rw-p 00000000 00:00 0 
7fe0dc400000-7fe0dc500000 rw-p 00000000 00:00 0 
7fe0dc600000-7fe0dc700000 rw-p 00000000 00:00 0 
7fe0dc800000-7fe0dc900000 rw-p 00000000 00:00 0 
7fe0dca00000-7fe0dcb00000 rw-p 00000000 00:00 0 
7fe0dcc00000-7fe0dcd00000 rw-p 00000000 00:00 0 
7fe0dce00000-7fe0dcf00000 rw-p 00000000 00:00 0 
7fe0dd000000-7fe0dd100000 rw-p 00000000 00:00 0 
7fe0dd200000-7fe0dd300000 rw-p 00000000 00:00 0 
7fe0dd400000-7fe0dd500000 rw-p 00000000 00:00 0 
7fe0dd600000-7fe0dd700000 rw-p 00000000 00:00 0 
7fe0dd800000-7fe0dd900000 rw-p 00000000 00:00 0 
7fe0dda00000-7fe0ddb00000 rw-p 00000000 00:00 0 
7fe0ddc00000-7fe0ddd00000 rw-p 00000000 00:00 0 
7fe0dde00000-7fe0ddf00000 rw-p 00000000 00:00 0 
7fe0de000000-7fe0de100000 rw-p 00000000 00:00 0 
7fe0de200000-7fe0de300000 rw-p 00000000 00:00 0 
7fe0de400000-7fe0de500000 rw-p 00000000 00:00 0 
7fe0de600000-7fe0de700000 rw-p 00000000 00:00 0 
7fe0de800000-7fe0de900000 rw-p 00000000 00:00 0 
7fe0dea00000-7fe0deb00000 rw-p 00000000 00:00 0 
7fe0dec00000-7fe0ded00000 rw-p 00000000 00:00 0 
7fe0dee00000-7fe0def00000 rw-p 00000000 00:00 0 
7fe0df000000-7fe0df100000 rw-p 00000000 00:00 0 
7fe0df200000-7fe0df300000 rw-p 00000000 00:00 0 
7fe0df400000-7fe0df500000 rw-p 00000000 00:00 0 
7fe0df600000-7fe0df700000 rw-p 00000000 00:00 0 
7fe0df800000-7fe0df900000 rw-p 00000000 00:00 0 
7fe0dfa00000-7fe0dfb00000 rw-p 00000000 00:00 0 
7fe0dfc00000-7fe0dfd00000 rw-p 00000000 00:00 0 
7fe0dfe00000-7fe0dff00000 rw-p 00000000 00:00 0 
7fe0e0000000-7fe0e0021000 rw-p 00000000 00:00 0 
7fe0e0021000-7fe0e4000000 ---p 00000000 00:00 0 
7fe0e4000000-7fe0e4100000 rw-p 00000000 00:00 0 
7fe0e4200000-7fe0e4300000 rw-p 00000000 00:00 0 
7fe0e4400000-7fe0e4500000 rw-p 00000000 00:00 0 
7fe0e4600000-7fe0e4700000 rw-p 00000000 00:00 0 
7fe0e4800000-7fe0e4900000 rw-p 00000000 00:00 0 
7fe0e4a00000-7fe0e4b00000 rw-p 00000000 00:00 0 
7fe0e4c00000-7fe0e4d00000 rw-p 00000000 00:00 0 
7fe0e4e00000-7fe0e4f00000 rw-p 00000000 00:00 0 
7fe0e5000000-7fe0e5100000 rw-p 00000000 00:00 0 
7fe0e5200000-7fe0e5300000 rw-p 00000000 00:00 0 
7fe0e53ff000-7fe0e5403000 ---p 00000000 00:00 0 
7fe0e5403000-7fe0e5600000 rw-p 00000000 00:00 0 
7fe0e5700000-7fe0e5800000 rw-p 00000000 00:00 0 
7fe0e5900000-7fe0e5a00000 rw-p 00000000 00:00 0 
7fe0e5b00000-7fe0e5c00000 rw-p 00000000 00:00 0 
7fe0e5d00000-7fe0e5e00000 rw-p 00000000 00:00 0 
7fe0e5f00000-7fe0e6000000 rw-p 00000000 00:00 0 
7fe0e6100000-7fe0e6200000 rw-p 00000000 00:00 0 
7fe0e6300000-7fe0e6400000 rw-p 00000000 00:00 0 
7fe0e6500000-7fe0e6600000 rw-p 00000000 00:00 0 
7fe0e6700000-7fe0e6800000 rw-p 00000000 00:00 0 
7fe0e6900000-7fe0e6a00000 rw-p 00000000 00:00 0 
7fe0e6b00000-7fe0e6c00000 rw-p 00000000 00:00 0 
7fe0e6d00000-7fe0e6e00000 rw-p 00000000 00:00 0 
7fe0e6f00000-7fe0e7000000 rw-p 00000000 00:00 0 
7fe0e70ff000-7fe0e7103000 ---p 00000000 00:00 0 
7fe0e7103000-7fe0e7300000 rw-p 00000000 00:00 0 
7fe0e7400000-7fe0e7500000 rw-p 00000000 00:00 0 
7fe0e7600000-7fe0e7700000 rw-p 00000000 00:00 0 
7fe0e7800000-7fe0e7900000 rw-p 00000000 00:00 0 
7fe0e7a00000-7fe0e7b00000 rw-p 00000000 00:00 0 
7fe0e7c00000-7fe0e7d00000 rw-p 00000000 00:00 0 
7fe0e7e00000-7fe0e7f00000 rw-p 00000000 00:00 0 
7fe0e8000000-7fe0e8100000 rw-p 00000000 00:00 0 
7fe0e8200000-7fe0e8300000 rw-p 00000000 00:00 0 
7fe0e8400000-7fe0e8500000 rw-p 00000000 00:00 0 
7fe0e8600000-7fe0e8700000 rw-p 00000000 00:00 0 
7fe0e8800000-7fe0e8900000 rw-p 00000000 00:00 0 
7fe0e8a00000-7fe0e8b00000 rw-p 00000000 00:00 0 
7fe0e8c00000-7fe0e8d00000 rw-p 00000000 00:00 0 
7fe0e8e00000-7fe0e8f00000 rw-p 00000000 00:00 0 
7fe0e9000000-7fe0e9100000 rw-p 00000000 00:00 0 
7fe0e9200000-7fe0e9300000 rw-p 00000000 00:00 0 
7fe0e9400000-7fe0e9500000 rw-p 00000000 00:00 0 
7fe0e9600000-7fe0e9700000 rw-p 00000000 00:00 0 
7fe0e9800000-7fe0e9900000 rw-p 00000000 00:00 0 
7fe0e9a00000-7fe0e9b00000 rw-p 00000000 00:00 0 
7fe0e9c00000-7fe0e9d00000 rw-p 00000000 00:00 0 
7fe0e9e00000-7fe0e9f00000 rw-p 00000000 00:00 0 
7fe0ea000000-7fe0ea100000 rw-p 00000000 00:00 0 
7fe0ea200000-7fe0ea300000 rw-p 00000000 00:00 0 
7fe0ea400000-7fe0ea500000 rw-p 00000000 00:00 0 
7fe0ea600000-7fe0ea700000 rw-p 00000000 00:00 0 
7fe0ea800000-7fe0ea900000 rw-p 00000000 00:00 0 
7fe0eaa00000-7fe0eab00000 rw-p 00000000 00:00 0 
7fe0eac00000-7fe0ead00000 rw-p 00000000 00:00 0 
7fe0eae00000-7fe0eaf00000 rw-p 00000000 00:00 0 
7fe0eb000000-7fe0eb100000 rw-p 00000000 00:00 0 
7fe0eb200000-7fe0eb300000 rw-p 00000000 00:00 0 
7fe0eb400000-7fe0eb500000 rw-p 00000000 00:00 0 
7fe0eb600000-7fe0eb700000 rw-p 00000000 00:00 0 
7fe0eb800000-7fe0eb900000 rw-p 00000000 00:00 0 
7fe0eba00000-7fe0ebb00000 rw-p 00000000 00:00 0 
7fe0ebc00000-7fe0ebd00000 rw-p 00000000 00:00 0 
7fe0ebe00000-7fe0ebf00000 rw-p 00000000 00:00 0 
7fe0ec000000-7fe0ec100000 rw-p 00000000 00:00 0 
7fe0ec200000-7fe0ec300000 rw-p 00000000 00:00 0 
7fe0ec400000-7fe0ec500000 rw-p 00000000 00:00 0 
7fe0ec600000-7fe0ec700000 rw-p 00000000 00:00 0 
7fe0ec800000-7fe0ec900000 rw-p 00000000 00:00 0 
7fe0eca00000-7fe0ecb00000 rw-p 00000000 00:00 0 
7fe0ecc00000-7fe0ecd00000 rw-p 00000000 00:00 0 
7fe0ece00000-7fe0ecf00000 rw-p 00000000 00:00 0 
7fe0ed000000-7fe0ed100000 rw-p 00000000 00:00 0 
7fe0ed200000-7fe0ed300000 rw-p 00000000 00:00 0 
7fe0ed400000-7fe0ed500000 rw-p 00000000 00:00 0 
7fe0ed600000-7fe0ed700000 rw-p 00000000 00:00 0 
7fe0ed800000-7fe0ed900000 rw-p 00000000 00:00 0 
7fe0eda00000-7fe0edb00000 rw-p 00000000 00:00 0 
7fe0edc00000-7fe0edd00000 rw-p 00000000 00:00 0 
7fe0ede00000-7fe0edf00000 rw-p 00000000 00:00 0 
7fe0ee000000-7fe0ee100000 rw-p 00000000 00:00 0 
7fe0ee200000-7fe0ee300000 rw-p 00000000 00:00 0 
7fe0ee400000-7fe0ee500000 rw-p 00000000 00:00 0 
7fe0ee600000-7fe0ee700000 rw-p 00000000 00:00 0 
7fe0ee800000-7fe0ee900000 rw-p 00000000 00:00 0 
7fe0eea00000-7fe0eeb00000 rw-p 00000000 00:00 0 
7fe0eec00000-7fe0eed00000 rw-p 00000000 00:00 0 
7fe0eee00000-7fe0eef00000 rw-p 00000000 00:00 0 
7fe0ef000000-7fe0ef100000 rw-p 00000000 00:00 0 
7fe0ef200000-7fe0ef300000 rw-p 00000000 00:00 0 
7fe0ef400000-7fe0ef500000 rw-p 00000000 00:00 0 
7fe0ef600000-7fe0ef700000 rw-p 00000000 00:00 0 
7fe0ef800000-7fe0ef900000 rw-p 00000000 00:00 0 
7fe0efa00000-7fe0efb00000 rw-p 00000000 00:00 0 
7fe0efc00000-7fe0efd00000 rw-p 00000000 00:00 0 
7fe0efe00000-7fe0eff00000 rw-p 00000000 00:00 0 
7fe0f0000000-7fe0f0021000 rw-p 00000000 00:00 0 
7fe0f0021000-7fe0f4000000 ---p 00000000 00:00 0 
7fe0f4100000-7fe0f4200000 rw-p 00000000 00:00 0 
7fe0f4300000-7fe0f4400000 rw-p 00000000 00:00 0 
7fe0f4500000-7fe0f4600000 rw-p 00000000 00:00 0 
7fe0f4700000-7fe0f4800000 rw-p 00000000 00:00 0 
7fe0f4900000-7fe0f4a00000 rw-p 00000000 00:00 0 
7fe0f4b00000-7fe0f4c00000 rw-p 00000000 00:00 0 
7fe0f4d00000-7fe0f4e00000 rw-p 00000000 00:00 0 
7fe0f4f00000-7fe0f5000000 rw-p 00000000 00:00 0 
7fe0f5100000-7fe0f5200000 rw-p 00000000 00:00 0 
7fe0f5300000-7fe0f5400000 rw-p 00000000 00:00 0 
7fe0f5500000-7fe0f5600000 rw-p 00000000 00:00 0 
7fe0f5700000-7fe0f5800000 rw-p 00000000 00:00 0 
7fe0f5900000-7fe0f5a00000 rw-p 00000000 00:00 0 
7fe0f5b00000-7fe0f5c00000 rw-p 00000000 00:00 0 
7fe0f5d00000-7fe0f5e00000 rw-p 00000000 00:00 0 
7fe0f5f00000-7fe0f6000000 rw-p 00000000 00:00 0 
7fe0f6100000-7fe0f6200000 rw-p 00000000 00:00 0 
7fe0f6300000-7fe0f6400000 rw-p 00000000 00:00 0 
7fe0f6500000-7fe0f6600000 rw-p 00000000 00:00 0 
7fe0f6700000-7fe0f6800000 rw-p 00000000 00:00 0 
7fe0f6900000-7fe0f6a00000 rw-p 00000000 00:00 0 
7fe0f6b00000-7fe0f6c00000 rw-p 00000000 00:00 0 
7fe0f6d00000-7fe0f6e00000 ---p 00000000 00:00 0 
7fe0f6e00000-7fe0f745f000 r--p 01362000 103:02 51870081                  /home/a4090/miniconda3/envs/auto_pose/lib/jvm/lib/libjvmcicompiler.so
7fe0f745f000-7fe0f7600000 r--p 00000000 00:00 0 
7fe0f7600000-7fe0f760e000 rw-p 00000000 00:00 0 
7fe0f760e000-7fe0f7b63000 rw-p 01b70000 103:02 51870081                  /home/a4090/miniconda3/envs/auto_pose/lib/jvm/lib/libjvmcicompiler.so
7fe0f7b63000-7fe0f7fdd000 r--p 020c5000 103:02 51870081                  /home/a4090/miniconda3/envs/auto_pose/lib/jvm/lib/libjvmcicompiler.so
7fe0f8000000-7fe0f8029000 rw-p 00000000 00:00 0 
7fe0f8029000-7fe0fc000000 ---p 00000000 00:00 0 
7fe0fc100000-7fe0fc200000 rw-p 00000000 00:00 0 
7fe0fc300000-7fe0fc400000 rw-p 00000000 00:00 0 
7fe0fc500000-7fe0fc600000 rw-p 00000000 00:00 0 
7fe0fc6ff000-7fe0fc703000 ---p 00000000 00:00 0 
7fe0fc703000-7fe0fc900000 rw-p 00000000 00:00 0 
7fe0fca00000-7fe0fcb00000 rw-p 00000000 00:00 0 
7fe0fcc00000-7fe0fcd00000 rw-p 00000000 00:00 0 
7fe0fce00000-7fe0fcf00000 rw-p 00000000 00:00 0 
7fe0fd000000-7fe0fd100000 rw-p 00000000 00:00 0 
7fe0fd200000-7fe0fd300000 rw-p 00000000 00:00 0 
7fe0fd400000-7fe0fd500000 rw-p 00000000 00:00 0 
7fe0fd600000-7fe0fd700000 rw-p 00000000 00:00 0 
7fe0fd800000-7fe0fd900000 rw-p 00000000 00:00 0 
7fe0fda00000-7fe0fdb00000 rw-p 00000000 00:00 0 
7fe0fdc00000-7fe0fdd00000 rw-p 00000000 00:00 0 
7fe0fde00000-7fe0fdf00000 rw-p 00000000 00:00 0 
7fe0fe000000-7fe0fe100000 rw-p 00000000 00:00 0 
7fe0fe200000-7fe0fe300000 rw-p 00000000 00:00 0 
7fe0fe400000-7fe0fe500000 rw-p 00000000 00:00 0 
7fe0fe600000-7fe0fe700000 rw-p 00000000 00:00 0 
7fe0fe800000-7fe0fe900000 rw-p 00000000 00:00 0 
7fe0fea00000-7fe0feb00000 rw-p 00000000 00:00 0 
7fe0fec00000-7fe0fed00000 ---p 00000000 00:00 0 
7fe0fed00000-7fe0ff35f000 r--p 01362000 103:02 51870081                  /home/a4090/miniconda3/envs/auto_pose/lib/jvm/lib/libjvmcicompiler.so
7fe0ff35f000-7fe0ff500000 r--p 00000000 00:00 0 
7fe0ff500000-7fe0ff50e000 rw-p 00000000 00:00 0 
7fe0ff50e000-7fe0ffa63000 rw-p 01b70000 103:02 51870081                  /home/a4090/miniconda3/envs/auto_pose/lib/jvm/lib/libjvmcicompiler.so
7fe0ffa63000-7fe0ffedd000 r--p 020c5000 103:02 51870081                  /home/a4090/miniconda3/envs/auto_pose/lib/jvm/lib/libjvmcicompiler.so
7fe0ffeff000-7fe0fff03000 ---p 00000000 00:00 0 
7fe0fff03000-7fe100000000 rw-p 00000000 00:00 0 
7fe100000000-7fe100035000 rw-p 00000000 00:00 0 
7fe100035000-7fe104000000 ---p 00000000 00:00 0 
7fe104100000-7fe104200000 rw-p 00000000 00:00 0 
7fe104300000-7fe104400000 rw-p 00000000 00:00 0 
7fe104500000-7fe104600000 rw-p 00000000 00:00 0 
7fe104700000-7fe104800000 ---p 00000000 00:00 0 
7fe104800000-7fe104e5f000 r--p 01362000 103:02 51870081                  /home/a4090/miniconda3/envs/auto_pose/lib/jvm/lib/libjvmcicompiler.so
7fe104e5f000-7fe105000000 r--p 00000000 00:00 0 
7fe105000000-7fe10500e000 rw-p 00000000 00:00 0 
7fe10500e000-7fe105563000 rw-p 01b70000 103:02 51870081                  /home/a4090/miniconda3/envs/auto_pose/lib/jvm/lib/libjvmcicompiler.so
7fe105563000-7fe1059dd000 r--p 020c5000 103:02 51870081                  /home/a4090/miniconda3/envs/auto_pose/lib/jvm/lib/libjvmcicompiler.so
7fe1059ff000-7fe105a03000 ---p 00000000 00:00 0 
7fe105a03000-7fe105c00000 rw-p 00000000 00:00 0 
7fe105d00000-7fe105e00000 rw-p 00000000 00:00 0 
7fe105f00000-7fe106000000 rw-p 00000000 00:00 0 
7fe106100000-7fe106200000 rw-p 00000000 00:00 0 
7fe106300000-7fe106400000 rw-p 00000000 00:00 0 
7fe106500000-7fe106600000 rw-p 00000000 00:00 0 
7fe106700000-7fe106800000 rw-p 00000000 00:00 0 
7fe106900000-7fe106a00000 rw-p 00000000 00:00 0 
7fe106b00000-7fe106c00000 rw-p 00000000 00:00 0 
7fe106d00000-7fe106e00000 ---p 00000000 00:00 0 
7fe106e00000-7fe10745f000 r--p 01362000 103:02 51870081                  /home/a4090/miniconda3/envs/auto_pose/lib/jvm/lib/libjvmcicompiler.so
7fe10745f000-7fe107600000 r--p 00000000 00:00 0 
7fe107600000-7fe10760e000 rw-p 00000000 00:00 0 
7fe10760e000-7fe107b63000 rw-p 01b70000 103:02 51870081                  /home/a4090/miniconda3/envs/auto_pose/lib/jvm/lib/libjvmcicompiler.so
7fe107b63000-7fe107fdd000 r--p 020c5000 103:02 51870081                  /home/a4090/miniconda3/envs/auto_pose/lib/jvm/lib/libjvmcicompiler.so
7fe108000000-7fe10803d000 rw-p 00000000 00:00 0 
7fe10803d000-7fe10c000000 ---p 00000000 00:00 0 
7fe10c000000-7fe10c100000 rw-p 00000000 00:00 0 
7fe10c200000-7fe10c300000 rw-p 00000000 00:00 0 
7fe10c400000-7fe10c500000 rw-p 00000000 00:00 0 
7fe10c600000-7fe10c700000 rw-p 00000000 00:00 0 
7fe10c800000-7fe10c900000 rw-p 00000000 00:00 0 
7fe10ca00000-7fe10cb00000 rw-p 00000000 00:00 0 
7fe10cc00000-7fe10cd00000 rw-p 00000000 00:00 0 
7fe10ce00000-7fe10cf00000 rw-p 00000000 00:00 0 
7fe10d000000-7fe10d100000 rw-p 00000000 00:00 0 
7fe10d1ff000-7fe10d203000 ---p 00000000 00:00 0 
7fe10d203000-7fe10d400000 rw-p 00000000 00:00 0 
7fe10d500000-7fe10d600000 rw-p 00000000 00:00 0 
7fe10d700000-7fe10d800000 rw-p 00000000 00:00 0 
7fe10d900000-7fe10da00000 rw-p 00000000 00:00 0 
7fe10db00000-7fe10dc00000 rw-p 00000000 00:00 0 
7fe10dd00000-7fe10de00000 rw-p 00000000 00:00 0 
7fe10df00000-7fe10e000000 rw-p 00000000 00:00 0 
7fe10e100000-7fe10e200000 rw-p 00000000 00:00 0 
7fe10e300000-7fe10e400000 rw-p 00000000 00:00 0 
7fe10e500000-7fe10e600000 rw-p 00000000 00:00 0 
7fe10e700000-7fe10e800000 rw-p 00000000 00:00 0 
7fe10e900000-7fe10ea00000 rw-p 00000000 00:00 0 
7fe10eb00000-7fe10ec00000 rw-p 00000000 00:00 0 
7fe10ed00000-7fe10ee00000 ---p 00000000 00:00 0 
7fe10ee00000-7fe10f45f000 r--p 01362000 103:02 51870081                  /home/a4090/miniconda3/envs/auto_pose/lib/jvm/lib/libjvmcicompiler.so
7fe10f45f000-7fe10f600000 r--p 00000000 00:00 0 
7fe10f600000-7fe10f60e000 rw-p 00000000 00:00 0 
7fe10f60e000-7fe10fb63000 rw-p 01b70000 103:02 51870081                  /home/a4090/miniconda3/envs/auto_pose/lib/jvm/lib/libjvmcicompiler.so
7fe10fb63000-7fe10ffdd000 r--p 020c5000 103:02 51870081                  /home/a4090/miniconda3/envs/auto_pose/lib/jvm/lib/libjvmcicompiler.so
7fe110000000-7fe110030000 rw-p 00000000 00:00 0 
7fe110030000-7fe114000000 ---p 00000000 00:00 0 
7fe114000000-7fe114100000 rw-p 00000000 00:00 0 
7fe114200000-7fe114300000 rw-p 00000000 00:00 0 
7fe114400000-7fe114500000 rw-p 00000000 00:00 0 
7fe114600000-7fe114700000 rw-p 00000000 00:00 0 
7fe114800000-7fe114900000 rw-p 00000000 00:00 0 
7fe114a00000-7fe114b00000 rw-p 00000000 00:00 0 
7fe114c00000-7fe114d00000 rw-p 00000000 00:00 0 
7fe114e00000-7fe114f00000 rw-p 00000000 00:00 0 
7fe115000000-7fe115100000 rw-p 00000000 00:00 0 
7fe1151ff000-7fe115203000 ---p 00000000 00:00 0 
7fe115203000-7fe115400000 rw-p 00000000 00:00 0 
7fe115500000-7fe115600000 rw-p 00000000 00:00 0 
7fe115700000-7fe115800000 rw-p 00000000 00:00 0 
7fe115900000-7fe115a00000 rw-p 00000000 00:00 0 
7fe115b00000-7fe115c00000 rw-p 00000000 00:00 0 
7fe115d00000-7fe115e00000 rw-p 00000000 00:00 0 
7fe115f00000-7fe116000000 rw-p 00000000 00:00 0 
7fe116100000-7fe116200000 rw-p 00000000 00:00 0 
7fe116300000-7fe116400000 rw-p 00000000 00:00 0 
7fe116500000-7fe116600000 rw-p 00000000 00:00 0 
7fe116700000-7fe116800000 rw-p 00000000 00:00 0 
7fe116900000-7fe116a00000 rw-p 00000000 00:00 0 
7fe116b00000-7fe116c00000 rw-p 00000000 00:00 0 
7fe116d00000-7fe116e00000 rw-p 00000000 00:00 0 
7fe116f00000-7fe117000000 rw-p 00000000 00:00 0 
7fe117100000-7fe117200000 rw-p 00000000 00:00 0 
7fe117300000-7fe117400000 rw-p 00000000 00:00 0 
7fe117500000-7fe117600000 rw-p 00000000 00:00 0 
7fe117700000-7fe117800000 rw-p 00000000 00:00 0 
7fe117900000-7fe117a00000 rw-p 00000000 00:00 0 
7fe117b00000-7fe117c00000 rw-p 00000000 00:00 0 
7fe117d00000-7fe117e00000 rw-p 00000000 00:00 0 
7fe117f00000-7fe118000000 rw-p 00000000 00:00 0 
7fe118100000-7fe118200000 rw-p 00000000 00:00 0 
7fe118300000-7fe118400000 rw-p 00000000 00:00 0 
7fe118500000-7fe118600000 rw-p 00000000 00:00 0 
7fe118700000-7fe118800000 rw-p 00000000 00:00 0 
7fe118900000-7fe118a00000 rw-p 00000000 00:00 0 
7fe118b00000-7fe118c00000 rw-p 00000000 00:00 0 
7fe118d00000-7fe118e00000 rw-p 00000000 00:00 0 
7fe118f00000-7fe119000000 rw-p 00000000 00:00 0 
7fe119100000-7fe119200000 rw-p 00000000 00:00 0 
7fe119300000-7fe119400000 rw-p 00000000 00:00 0 
7fe119500000-7fe119600000 rw-p 00000000 00:00 0 
7fe119700000-7fe119800000 rw-p 00000000 00:00 0 
7fe119900000-7fe119a00000 rw-p 00000000 00:00 0 
7fe119b00000-7fe119c00000 rw-p 00000000 00:00 0 
7fe119d00000-7fe119e00000 rw-p 00000000 00:00 0 
7fe119f00000-7fe11a000000 rw-p 00000000 00:00 0 
7fe11a100000-7fe11a200000 rw-p 00000000 00:00 0 
7fe11a300000-7fe11a400000 rw-p 00000000 00:00 0 
7fe11a500000-7fe11a600000 rw-p 00000000 00:00 0 
7fe11a700000-7fe11a800000 rw-p 00000000 00:00 0 
7fe11a900000-7fe11aa00000 rw-p 00000000 00:00 0 
7fe11ab00000-7fe11ac00000 rw-p 00000000 00:00 0 
7fe11ad00000-7fe11ae00000 ---p 00000000 00:00 0 
7fe11ae00000-7fe11b45f000 r--p 01362000 103:02 51870081                  /home/a4090/miniconda3/envs/auto_pose/lib/jvm/lib/libjvmcicompiler.so
7fe11b45f000-7fe11b600000 r--p 00000000 00:00 0 
7fe11b600000-7fe11b60e000 rw-p 00000000 00:00 0 
7fe11b60e000-7fe11bb63000 rw-p 01b70000 103:02 51870081                  /home/a4090/miniconda3/envs/auto_pose/lib/jvm/lib/libjvmcicompiler.so
7fe11bb63000-7fe11bfdd000 r--p 020c5000 103:02 51870081                  /home/a4090/miniconda3/envs/auto_pose/lib/jvm/lib/libjvmcicompiler.so
7fe11c000000-7fe11c026000 rw-p 00000000 00:00 0 
7fe11c026000-7fe120000000 ---p 00000000 00:00 0 
7fe120000000-7fe120100000 rw-p 00000000 00:00 0 
7fe120200000-7fe120300000 rw-p 00000000 00:00 0 
7fe120400000-7fe120500000 rw-p 00000000 00:00 0 
7fe120600000-7fe120700000 rw-p 00000000 00:00 0 
7fe120800000-7fe120900000 rw-p 00000000 00:00 0 
7fe120a00000-7fe120b00000 rw-p 00000000 00:00 0 
7fe120c00000-7fe120d00000 rw-p 00000000 00:00 0 
7fe120dff000-7fe120e03000 ---p 00000000 00:00 0 
7fe120e03000-7fe121000000 rw-p 00000000 00:00 0 
7fe121100000-7fe121200000 rw-p 00000000 00:00 0 
7fe121300000-7fe121400000 rw-p 00000000 00:00 0 
7fe121500000-7fe121600000 rw-p 00000000 00:00 0 
7fe121700000-7fe121800000 rw-p 00000000 00:00 0 
7fe121900000-7fe121a00000 rw-p 00000000 00:00 0 
7fe121b00000-7fe121c00000 rw-p 00000000 00:00 0 
7fe121d00000-7fe121e00000 rw-p 00000000 00:00 0 
7fe121f00000-7fe122000000 rw-p 00000000 00:00 0 
7fe122100000-7fe122200000 rw-p 00000000 00:00 0 
7fe122300000-7fe122400000 rw-p 00000000 00:00 0 
7fe122500000-7fe122600000 rw-p 00000000 00:00 0 
7fe122700000-7fe122800000 rw-p 00000000 00:00 0 
7fe122900000-7fe122a00000 rw-p 00000000 00:00 0 
7fe122b00000-7fe122c00000 rw-p 00000000 00:00 0 
7fe122d00000-7fe122e00000 ---p 00000000 00:00 0 
7fe122e00000-7fe12345f000 r--p 01362000 103:02 51870081                  /home/a4090/miniconda3/envs/auto_pose/lib/jvm/lib/libjvmcicompiler.so
7fe12345f000-7fe123600000 r--p 00000000 00:00 0 
7fe123600000-7fe12360e000 rw-p 00000000 00:00 0 
7fe12360e000-7fe123b63000 rw-p 01b70000 103:02 51870081                  /home/a4090/miniconda3/envs/auto_pose/lib/jvm/lib/libjvmcicompiler.so
7fe123b63000-7fe123fdd000 r--p 020c5000 103:02 51870081                  /home/a4090/miniconda3/envs/auto_pose/lib/jvm/lib/libjvmcicompiler.so
7fe124000000-7fe124021000 rw-p 00000000 00:00 0 
7fe124021000-7fe128000000 ---p 00000000 00:00 0 
7fe1280ff000-7fe128103000 ---p 00000000 00:00 0 
7fe128103000-7fe128300000 rw-p 00000000 00:00 0 
7fe128400000-7fe128500000 rw-p 00000000 00:00 0 
7fe128600000-7fe128700000 rw-p 00000000 00:00 0 
7fe128800000-7fe128900000 rw-p 00000000 00:00 0 
7fe128a00000-7fe128b00000 rw-p 00000000 00:00 0 
7fe128c00000-7fe128d00000 rw-p 00000000 00:00 0 
7fe128e00000-7fe128f00000 rw-p 00000000 00:00 0 
7fe129000000-7fe129100000 rw-p 00000000 00:00 0 
7fe129200000-7fe129300000 rw-p 00000000 00:00 0 
7fe129400000-7fe129500000 rw-p 00000000 00:00 0 
7fe129600000-7fe129700000 rw-p 00000000 00:00 0 
7fe129800000-7fe129900000 rw-p 00000000 00:00 0 
7fe129a00000-7fe129b00000 rw-p 00000000 00:00 0 
7fe129c00000-7fe129d00000 rw-p 00000000 00:00 0 
7fe129e00000-7fe129f00000 rw-p 00000000 00:00 0 
7fe12a000000-7fe12a100000 rw-p 00000000 00:00 0 
7fe12a200000-7fe12a300000 rw-p 00000000 00:00 0 
7fe12a400000-7fe12a500000 rw-p 00000000 00:00 0 
7fe12a600000-7fe12a700000 rw-p 00000000 00:00 0 
7fe12a800000-7fe12a900000 rw-p 00000000 00:00 0 
7fe12aa00000-7fe12ab00000 rw-p 00000000 00:00 0 
7fe12ac00000-7fe12ad00000 rw-p 00000000 00:00 0 
7fe12ae00000-7fe12af00000 rw-p 00000000 00:00 0 
7fe12b000000-7fe12b100000 rw-p 00000000 00:00 0 
7fe12b200000-7fe12b300000 rw-p 00000000 00:00 0 
7fe12b400000-7fe12b500000 rw-p 00000000 00:00 0 
7fe12b600000-7fe12b700000 rw-p 00000000 00:00 0 
7fe12b800000-7fe12b900000 rw-p 00000000 00:00 0 
7fe12ba00000-7fe12bb00000 rw-p 00000000 00:00 0 
7fe12bc00000-7fe12bd00000 rw-p 00000000 00:00 0 
7fe12be00000-7fe12bf00000 rw-p 00000000 00:00 0 
7fe12c000000-7fe12c021000 rw-p 00000000 00:00 0 
7fe12c021000-7fe130000000 ---p 00000000 00:00 0 
7fe130000000-7fe1300ba000 rw-p 00000000 00:00 0 
7fe1300ba000-7fe134000000 ---p 00000000 00:00 0 
7fe134000000-7fe134021000 rw-p 00000000 00:00 0 
7fe134021000-7fe138000000 ---p 00000000 00:00 0 
7fe138000000-7fe138021000 rw-p 00000000 00:00 0 
7fe138021000-7fe13c000000 ---p 00000000 00:00 0 
7fe13c000000-7fe13c021000 rw-p 00000000 00:00 0 
7fe13c021000-7fe140000000 ---p 00000000 00:00 0 
7fe140000000-7fe140021000 rw-p 00000000 00:00 0 
7fe140021000-7fe144000000 ---p 00000000 00:00 0 
7fe144000000-7fe144021000 rw-p 00000000 00:00 0 
7fe144021000-7fe148000000 ---p 00000000 00:00 0 
7fe148100000-7fe148200000 rw-p 00000000 00:00 0 
7fe148300000-7fe148400000 rw-p 00000000 00:00 0 
7fe148500000-7fe148600000 ---p 00000000 00:00 0 
7fe148600000-7fe148c5f000 r--p 01362000 103:02 51870081                  /home/a4090/miniconda3/envs/auto_pose/lib/jvm/lib/libjvmcicompiler.so
7fe148c5f000-7fe148e00000 r--p 00000000 00:00 0 
7fe148e00000-7fe148e0e000 rw-p 00000000 00:00 0 
7fe148e0e000-7fe149363000 rw-p 01b70000 103:02 51870081                  /home/a4090/miniconda3/envs/auto_pose/lib/jvm/lib/libjvmcicompiler.so
7fe149363000-7fe1497dd000 r--p 020c5000 103:02 51870081                  /home/a4090/miniconda3/envs/auto_pose/lib/jvm/lib/libjvmcicompiler.so
7fe1497ff000-7fe149803000 ---p 00000000 00:00 0 
7fe149803000-7fe149a00000 rw-p 00000000 00:00 0 
7fe149b00000-7fe149c00000 rw-p 00000000 00:00 0 
7fe149cf4000-7fe149cf5000 ---p 00000000 00:00 0 
7fe149cf5000-7fe149df6000 rw-p 00000000 00:00 0 
7fe149df6000-7fe149df7000 ---p 00000000 00:00 0 
7fe149df7000-7fe149ef8000 rw-p 00000000 00:00 0 
7fe149ef8000-7fe149ef9000 ---p 00000000 00:00 0 
7fe149ef9000-7fe149ffa000 rw-p 00000000 00:00 0 
7fe149ffa000-7fe149ffb000 ---p 00000000 00:00 0 
7fe149ffb000-7fe14a0fc000 rw-p 00000000 00:00 0 
7fe14a0fc000-7fe14a0fd000 ---p 00000000 00:00 0 
7fe14a0fd000-7fe14a1fe000 rw-p 00000000 00:00 0 
7fe14a1fe000-7fe14a1ff000 ---p 00000000 00:00 0 
7fe14a1ff000-7fe14a400000 rw-p 00000000 00:00 0 
7fe14a500000-7fe14a600000 rw-p 00000000 00:00 0 
7fe14a700000-7fe14a800000 rw-p 00000000 00:00 0 
7fe14a900000-7fe14aa00000 rw-p 00000000 00:00 0 
7fe14ab00000-7fe14ac00000 rw-p 00000000 00:00 0 
7fe14ad00000-7fe14ae00000 ---p 00000000 00:00 0 
7fe14ae00000-7fe14b45f000 r--p 01362000 103:02 51870081                  /home/a4090/miniconda3/envs/auto_pose/lib/jvm/lib/libjvmcicompiler.so
7fe14b45f000-7fe14b600000 r--p 00000000 00:00 0 
7fe14b600000-7fe14b60e000 rw-p 00000000 00:00 0 
7fe14b60e000-7fe14bb63000 rw-p 01b70000 103:02 51870081                  /home/a4090/miniconda3/envs/auto_pose/lib/jvm/lib/libjvmcicompiler.so
7fe14bb63000-7fe14bfdd000 r--p 020c5000 103:02 51870081                  /home/a4090/miniconda3/envs/auto_pose/lib/jvm/lib/libjvmcicompiler.so
7fe14c000000-7fe14c0c0000 rw-p 00000000 00:00 0 
7fe14c0c0000-7fe150000000 ---p 00000000 00:00 0 
7fe150000000-7fe1500a9000 rw-p 00000000 00:00 0 
7fe1500a9000-7fe154000000 ---p 00000000 00:00 0 
7fe154000000-7fe154021000 rw-p 00000000 00:00 0 
7fe154021000-7fe158000000 ---p 00000000 00:00 0 
7fe158000000-7fe158021000 rw-p 00000000 00:00 0 
7fe158021000-7fe15c000000 ---p 00000000 00:00 0 
7fe15c000000-7fe15c021000 rw-p 00000000 00:00 0 
7fe15c021000-7fe160000000 ---p 00000000 00:00 0 
7fe160000000-7fe160021000 rw-p 00000000 00:00 0 
7fe160021000-7fe164000000 ---p 00000000 00:00 0 
7fe164000000-7fe164021000 rw-p 00000000 00:00 0 
7fe164021000-7fe168000000 ---p 00000000 00:00 0 
7fe168000000-7fe168021000 rw-p 00000000 00:00 0 
7fe168021000-7fe16c000000 ---p 00000000 00:00 0 
7fe16c000000-7fe16c021000 rw-p 00000000 00:00 0 
7fe16c021000-7fe170000000 ---p 00000000 00:00 0 
7fe170000000-7fe170021000 rw-p 00000000 00:00 0 
7fe170021000-7fe174000000 ---p 00000000 00:00 0 
7fe174000000-7fe174021000 rw-p 00000000 00:00 0 
7fe174021000-7fe178000000 ---p 00000000 00:00 0 
7fe178000000-7fe178021000 rw-p 00000000 00:00 0 
7fe178021000-7fe17c000000 ---p 00000000 00:00 0 
7fe17c000000-7fe17c021000 rw-p 00000000 00:00 0 
7fe17c021000-7fe180000000 ---p 00000000 00:00 0 
7fe180000000-7fe180021000 rw-p 00000000 00:00 0 
7fe180021000-7fe184000000 ---p 00000000 00:00 0 
7fe184000000-7fe184021000 rw-p 00000000 00:00 0 
7fe184021000-7fe188000000 ---p 00000000 00:00 0 
7fe188000000-7fe188021000 rw-p 00000000 00:00 0 
7fe188021000-7fe18c000000 ---p 00000000 00:00 0 
7fe18c000000-7fe18c021000 rw-p 00000000 00:00 0 
7fe18c021000-7fe190000000 ---p 00000000 00:00 0 
7fe190000000-7fe190021000 rw-p 00000000 00:00 0 
7fe190021000-7fe194000000 ---p 00000000 00:00 0 
7fe194000000-7fe194021000 rw-p 00000000 00:00 0 
7fe194021000-7fe198000000 ---p 00000000 00:00 0 
7fe198000000-7fe198021000 rw-p 00000000 00:00 0 
7fe198021000-7fe19c000000 ---p 00000000 00:00 0 
7fe19c000000-7fe19c021000 rw-p 00000000 00:00 0 
7fe19c021000-7fe1a0000000 ---p 00000000 00:00 0 
7fe1a0000000-7fe1a0052000 rw-p 00000000 00:00 0 
7fe1a0052000-7fe1a4000000 ---p 00000000 00:00 0 
7fe1a4000000-7fe1a4021000 rw-p 00000000 00:00 0 
7fe1a4021000-7fe1a8000000 ---p 00000000 00:00 0 
7fe1a8000000-7fe1a8021000 rw-p 00000000 00:00 0 
7fe1a8021000-7fe1ac000000 ---p 00000000 00:00 0 
7fe1ac000000-7fe1ac021000 rw-p 00000000 00:00 0 
7fe1ac021000-7fe1b0000000 ---p 00000000 00:00 0 
7fe1b0000000-7fe1b0021000 rw-p 00000000 00:00 0 
7fe1b0021000-7fe1b4000000 ---p 00000000 00:00 0 
7fe1b4000000-7fe1b4021000 rw-p 00000000 00:00 0 
7fe1b4021000-7fe1b8000000 ---p 00000000 00:00 0 
7fe1b8000000-7fe1b8021000 rw-p 00000000 00:00 0 
7fe1b8021000-7fe1bc000000 ---p 00000000 00:00 0 
7fe1bc000000-7fe1bc021000 rw-p 00000000 00:00 0 
7fe1bc021000-7fe1c0000000 ---p 00000000 00:00 0 
7fe1c0000000-7fe1c0100000 rw-p 00000000 00:00 0 
7fe1c0200000-7fe1c0300000 rw-p 00000000 00:00 0 
7fe1c03ff000-7fe1c0403000 ---p 00000000 00:00 0 
7fe1c0403000-7fe1c0600000 rw-p 00000000 00:00 0 
7fe1c0700000-7fe1c0800000 rw-p 00000000 00:00 0 
7fe1c0900000-7fe1c0a00000 rw-p 00000000 00:00 0 
7fe1c0b00000-7fe1c0c00000 rw-p 00000000 00:00 0 
7fe1c0d00000-7fe1c0e00000 rw-p 00000000 00:00 0 
7fe1c0f00000-7fe1c1000000 rw-p 00000000 00:00 0 
7fe1c1100000-7fe1c1200000 rw-p 00000000 00:00 0 
7fe1c1300000-7fe1c1400000 rw-p 00000000 00:00 0 
7fe1c1500000-7fe1c1600000 rw-p 00000000 00:00 0 
7fe1c1700000-7fe1c1800000 rw-p 00000000 00:00 0 
7fe1c1900000-7fe1c1a00000 rw-p 00000000 00:00 0 
7fe1c1b00000-7fe1c1c00000 rw-p 00000000 00:00 0 
7fe1c1d00000-7fe1c1e00000 rw-p 00000000 00:00 0 
7fe1c1ec9000-7fe1c1ecd000 ---p 00000000 00:00 0 
7fe1c1ecd000-7fe1c20ca000 rw-p 00000000 00:00 0 
7fe1c20ca000-7fe1c20cb000 ---p 00000000 00:00 0 
7fe1c20cb000-7fe1c21cc000 rw-p 00000000 00:00 0 
7fe1c21cc000-7fe1c21cd000 ---p 00000000 00:00 0 
7fe1c21cd000-7fe1c22ce000 rw-p 00000000 00:00 0 
7fe1c22ce000-7fe1c22cf000 ---p 00000000 00:00 0 
7fe1c22cf000-7fe1c23d0000 rw-p 00000000 00:00 0 
7fe1c23d0000-7fe1c23d1000 ---p 00000000 00:00 0 
7fe1c23d1000-7fe1c24d2000 rw-p 00000000 00:00 0 
7fe1c24d2000-7fe1c24d3000 ---p 00000000 00:00 0 
7fe1c24d3000-7fe1c25d4000 rw-p 00000000 00:00 0 
7fe1c25d4000-7fe1c25d5000 ---p 00000000 00:00 0 
7fe1c25d5000-7fe1c26d6000 rw-p 00000000 00:00 0 
7fe1c26d6000-7fe1c26d7000 ---p 00000000 00:00 0 
7fe1c26d7000-7fe1c27d8000 rw-p 00000000 00:00 0 
7fe1c27d8000-7fe1c27d9000 ---p 00000000 00:00 0 
7fe1c27d9000-7fe1c28da000 rw-p 00000000 00:00 0 
7fe1c28da000-7fe1c28db000 ---p 00000000 00:00 0 
7fe1c28db000-7fe1c29dc000 rw-p 00000000 00:00 0 
7fe1c29dc000-7fe1c29dd000 ---p 00000000 00:00 0 
7fe1c29dd000-7fe1c2ade000 rw-p 00000000 00:00 0 
7fe1c2ade000-7fe1c2adf000 ---p 00000000 00:00 0 
7fe1c2adf000-7fe1c2be0000 rw-p 00000000 00:00 0 
7fe1c2be0000-7fe1c2be1000 ---p 00000000 00:00 0 
7fe1c2be1000-7fe1c2ce2000 rw-p 00000000 00:00 0 
7fe1c2ce2000-7fe1c2ce3000 ---p 00000000 00:00 0 
7fe1c2ce3000-7fe1c2de4000 rw-p 00000000 00:00 0 
7fe1c2de4000-7fe1c2de5000 ---p 00000000 00:00 0 
7fe1c2de5000-7fe1c2ee6000 rw-p 00000000 00:00 0 
7fe1c2ee6000-7fe1c2ee7000 ---p 00000000 00:00 0 
7fe1c2ee7000-7fe1c2fe8000 rw-p 00000000 00:00 0 
7fe1c2fe8000-7fe1c2fe9000 ---p 00000000 00:00 0 
7fe1c2fe9000-7fe1c30ea000 rw-p 00000000 00:00 0 
7fe1c30ea000-7fe1c30eb000 ---p 00000000 00:00 0 
7fe1c30eb000-7fe1c31ec000 rw-p 00000000 00:00 0 
7fe1c31ec000-7fe1c31ed000 ---p 00000000 00:00 0 
7fe1c31ed000-7fe1c32ee000 rw-p 00000000 00:00 0 
7fe1c32ee000-7fe1c32ef000 ---p 00000000 00:00 0 
7fe1c32ef000-7fe1c33f0000 rw-p 00000000 00:00 0 
7fe1c33f0000-7fe1c33f1000 ---p 00000000 00:00 0 
7fe1c33f1000-7fe1c34f2000 rw-p 00000000 00:00 0 
7fe1c34f2000-7fe1c34f3000 ---p 00000000 00:00 0 
7fe1c34f3000-7fe1c35f4000 rw-p 00000000 00:00 0 
7fe1c35f4000-7fe1c35f5000 ---p 00000000 00:00 0 
7fe1c35f5000-7fe1c36f6000 rw-p 00000000 00:00 0 
7fe1c36f6000-7fe1c36f7000 ---p 00000000 00:00 0 
7fe1c36f7000-7fe1c37f8000 rw-p 00000000 00:00 0 
7fe1c37f8000-7fe1c37f9000 ---p 00000000 00:00 0 
7fe1c37f9000-7fe1c38fa000 rw-p 00000000 00:00 0 
7fe1c38fa000-7fe1c38fb000 ---p 00000000 00:00 0 
7fe1c38fb000-7fe1c39fc000 rw-p 00000000 00:00 0 
7fe1c39fc000-7fe1c39fd000 ---p 00000000 00:00 0 
7fe1c39fd000-7fe1c3afe000 rw-p 00000000 00:00 0 
7fe1c3afe000-7fe1c3aff000 ---p 00000000 00:00 0 
7fe1c3aff000-7fe1c3d00000 rw-p 00000000 00:00 0 
7fe1c3e00000-7fe1c3f00000 rw-p 00000000 00:00 0 
7fe1c4000000-7fe1c4168000 rw-p 00000000 00:00 0 
7fe1c4168000-7fe1c8000000 ---p 00000000 00:00 0 
7fe1c8000000-7fe1c8021000 rw-p 00000000 00:00 0 
7fe1c8021000-7fe1cc000000 ---p 00000000 00:00 0 
7fe1cc000000-7fe1cc0c0000 rw-p 00000000 00:00 0 
7fe1cc0c0000-7fe1d0000000 ---p 00000000 00:00 0 
7fe1d0000000-7fe1d01c1000 rw-p 00000000 00:00 0 
7fe1d01c1000-7fe1d4000000 ---p 00000000 00:00 0 
7fe1d4000000-7fe1d4021000 rw-p 00000000 00:00 0 
7fe1d4021000-7fe1d8000000 ---p 00000000 00:00 0 
7fe1d8000000-7fe1d8100000 rw-p 00000000 00:00 0 
7fe1d8200000-7fe1d8300000 rw-p 00000000 00:00 0 
7fe1d8400000-7fe1d8500000 rw-p 00000000 00:00 0 
7fe1d8600000-7fe1d8700000 rw-p 00000000 00:00 0 
7fe1d8800000-7fe1d8900000 rw-p 00000000 00:00 0 
7fe1d8a00000-7fe1d8b00000 ---p 00000000 00:00 0 
7fe1d8b00000-7fe1d915f000 r--p 01362000 103:02 51870081                  /home/a4090/miniconda3/envs/auto_pose/lib/jvm/lib/libjvmcicompiler.so
7fe1d915f000-7fe1d9300000 r--p 00000000 00:00 0 
7fe1d9300000-7fe1d930e000 rw-p 00000000 00:00 0 
7fe1d930e000-7fe1d9863000 rw-p 01b70000 103:02 51870081                  /home/a4090/miniconda3/envs/auto_pose/lib/jvm/lib/libjvmcicompiler.so
7fe1d9863000-7fe1d9cdd000 r--p 020c5000 103:02 51870081                  /home/a4090/miniconda3/envs/auto_pose/lib/jvm/lib/libjvmcicompiler.so
7fe1d9cfc000-7fe1d9d00000 ---p 00000000 00:00 0 
7fe1d9d00000-7fe1d9dfd000 rw-p 00000000 00:00 0 
7fe1d9dfd000-7fe1d9e01000 ---p 00000000 00:00 0 
7fe1d9e01000-7fe1d9ffe000 rw-p 00000000 00:00 0 
7fe1d9ffe000-7fe1da002000 ---p 00000000 00:00 0 
7fe1da002000-7fe1da1ff000 rw-p 00000000 00:00 0 
7fe1da1ff000-7fe1da203000 ---p 00000000 00:00 0 
7fe1da203000-7fe1da500000 rw-p 00000000 00:00 0 
7fe1da600000-7fe1da700000 rw-p 00000000 00:00 0 
7fe1da800000-7fe1da900000 rw-p 00000000 00:00 0 
7fe1daa00000-7fe1dab00000 rw-p 00000000 00:00 0 
7fe1dac00000-7fe1dad00000 rw-p 00000000 00:00 0 
7fe1dae00000-7fe1daf00000 rw-p 00000000 00:00 0 
7fe1db000000-7fe1db100000 rw-p 00000000 00:00 0 
7fe1db200000-7fe1db300000 rw-p 00000000 00:00 0 
7fe1db400000-7fe1db500000 rw-p 00000000 00:00 0 
7fe1db600000-7fe1db700000 rw-p 00000000 00:00 0 
7fe1db800000-7fe1db900000 rw-p 00000000 00:00 0 
7fe1dba00000-7fe1dbb00000 rw-p 00000000 00:00 0 
7fe1dbc00000-7fe1dbd00000 rw-p 00000000 00:00 0 
7fe1dbe00000-7fe1dbf00000 rw-p 00000000 00:00 0 
7fe1dc000000-7fe1dc194000 rw-p 00000000 00:00 0 
7fe1dc194000-7fe1e0000000 ---p 00000000 00:00 0 
7fe1e0000000-7fe1e0100000 rw-p 00000000 00:00 0 
7fe1e0200000-7fe1e0300000 rw-p 00000000 00:00 0 
7fe1e0400000-7fe1e0500000 rw-p 00000000 00:00 0 
7fe1e0600000-7fe1e0700000 rw-p 00000000 00:00 0 
7fe1e0800000-7fe1e0900000 rw-p 00000000 00:00 0 
7fe1e0a00000-7fe1e0b00000 rw-p 00000000 00:00 0 
7fe1e0bff000-7fe1e0c03000 ---p 00000000 00:00 0 
7fe1e0c03000-7fe1e0f00000 rw-p 00000000 00:00 0 
7fe1e1000000-7fe1e1100000 rw-p 00000000 00:00 0 
7fe1e1200000-7fe1e1300000 rw-p 00000000 00:00 0 
7fe1e1400000-7fe1e1500000 rw-p 00000000 00:00 0 
7fe1e1600000-7fe1e1700000 rw-p 00000000 00:00 0 
7fe1e1800000-7fe1e1900000 rw-p 00000000 00:00 0 
7fe1e1a00000-7fe1e1b00000 rw-p 00000000 00:00 0 
7fe1e1c00000-7fe1e1d00000 rw-p 00000000 00:00 0 
7fe1e1e00000-7fe1e1f00000 rw-p 00000000 00:00 0 
7fe1e2000000-7fe1e2100000 rw-p 00000000 00:00 0 
7fe1e2200000-7fe1e2300000 rw-p 00000000 00:00 0 
7fe1e2400000-7fe1e2500000 rw-p 00000000 00:00 0 
7fe1e2600000-7fe1e2700000 rw-p 00000000 00:00 0 
7fe1e2800000-7fe1e2900000 rw-p 00000000 00:00 0 
7fe1e2a00000-7fe1e2b00000 rw-p 00000000 00:00 0 
7fe1e2c00000-7fe1e2d00000 rw-p 00000000 00:00 0 
7fe1e2e00000-7fe1e2f00000 rw-p 00000000 00:00 0 
7fe1e3000000-7fe1e3100000 rw-p 00000000 00:00 0 
7fe1e3200000-7fe1e3300000 rw-p 00000000 00:00 0 
7fe1e3400000-7fe1e3500000 rw-p 00000000 00:00 0 
7fe1e3600000-7fe1e3700000 rw-p 00000000 00:00 0 
7fe1e3800000-7fe1e3900000 rw-p 00000000 00:00 0 
7fe1e3a00000-7fe1e3b00000 rw-p 00000000 00:00 0 
7fe1e3c00000-7fe1e3d00000 rw-p 00000000 00:00 0 
7fe1e3e00000-7fe1e3f00000 rw-p 00000000 00:00 0 
7fe1e4000000-7fe1e4100000 rw-p 00000000 00:00 0 
7fe1e4200000-7fe1e4300000 rw-p 00000000 00:00 0 
7fe1e4400000-7fe1e4500000 rw-p 00000000 00:00 0 
7fe1e4600000-7fe1e4700000 rw-p 00000000 00:00 0 
7fe1e4800000-7fe1e4900000 rw-p 00000000 00:00 0 
7fe1e4a00000-7fe1e4b00000 rw-p 00000000 00:00 0 
7fe1e4c00000-7fe1e4d00000 rw-p 00000000 00:00 0 
7fe1e4e00000-7fe1e4f00000 rw-p 00000000 00:00 0 
7fe1e5000000-7fe1e5100000 rw-p 00000000 00:00 0 
7fe1e5200000-7fe1e5300000 rw-p 00000000 00:00 0 
7fe1e5400000-7fe1e5500000 rw-p 00000000 00:00 0 
7fe1e5600000-7fe1e5700000 rw-p 00000000 00:00 0 
7fe1e5800000-7fe1e5900000 rw-p 00000000 00:00 0 
7fe1e5a00000-7fe1e5b00000 ---p 00000000 00:00 0 
7fe1e5b00000-7fe1e615f000 r--p 01362000 103:02 51870081                  /home/a4090/miniconda3/envs/auto_pose/lib/jvm/lib/libjvmcicompiler.so
7fe1e615f000-7fe1e6300000 r--p 00000000 00:00 0 
7fe1e6300000-7fe1e630e000 rw-p 00000000 00:00 0 
7fe1e630e000-7fe1e6863000 rw-p 01b70000 103:02 51870081                  /home/a4090/miniconda3/envs/auto_pose/lib/jvm/lib/libjvmcicompiler.so
7fe1e6863000-7fe1e6cdd000 r--p 020c5000 103:02 51870081                  /home/a4090/miniconda3/envs/auto_pose/lib/jvm/lib/libjvmcicompiler.so
7fe1e6d00000-7fe1e6e00000 ---p 00000000 00:00 0 
7fe1e6e00000-7fe1e745f000 r--p 01362000 103:02 51870081                  /home/a4090/miniconda3/envs/auto_pose/lib/jvm/lib/libjvmcicompiler.so
7fe1e745f000-7fe1e7600000 r--p 00000000 00:00 0 
7fe1e7600000-7fe1e760e000 rw-p 00000000 00:00 0 
7fe1e760e000-7fe1e7b63000 rw-p 01b70000 103:02 51870081                  /home/a4090/miniconda3/envs/auto_pose/lib/jvm/lib/libjvmcicompiler.so
7fe1e7b63000-7fe1e7fdd000 r--p 020c5000 103:02 51870081                  /home/a4090/miniconda3/envs/auto_pose/lib/jvm/lib/libjvmcicompiler.so
7fe1e8000000-7fe1e8047000 rw-p 00000000 00:00 0 
7fe1e8047000-7fe1ec000000 ---p 00000000 00:00 0 
7fe1ec000000-7fe1ec025000 rw-p 00000000 00:00 0 
7fe1ec025000-7fe1f0000000 ---p 00000000 00:00 0 
7fe1f0000000-7fe1f002c000 rw-p 00000000 00:00 0 
7fe1f002c000-7fe1f4000000 ---p 00000000 00:00 0 
7fe1f4000000-7fe1f4100000 rw-p 00000000 00:00 0 
7fe1f4200000-7fe1f4300000 rw-p 00000000 00:00 0 
7fe1f4400000-7fe1f4500000 rw-p 00000000 00:00 0 
7fe1f4600000-7fe1f4700000 rw-p 00000000 00:00 0 
7fe1f4800000-7fe1f4900000 ---p 00000000 00:00 0 
7fe1f4900000-7fe1f4f5f000 r--p 01362000 103:02 51870081                  /home/a4090/miniconda3/envs/auto_pose/lib/jvm/lib/libjvmcicompiler.so
7fe1f4f5f000-7fe1f5100000 r--p 00000000 00:00 0 
7fe1f5100000-7fe1f510e000 rw-p 00000000 00:00 0 
7fe1f510e000-7fe1f5663000 rw-p 01b70000 103:02 51870081                  /home/a4090/miniconda3/envs/auto_pose/lib/jvm/lib/libjvmcicompiler.so
7fe1f5663000-7fe1f5add000 r--p 020c5000 103:02 51870081                  /home/a4090/miniconda3/envs/auto_pose/lib/jvm/lib/libjvmcicompiler.so
7fe1f5afd000-7fe1f5b01000 ---p 00000000 00:00 0 
7fe1f5b01000-7fe1f5cfe000 rw-p 00000000 00:00 0 
7fe1f5cfe000-7fe1f5d02000 ---p 00000000 00:00 0 
7fe1f5d02000-7fe1f5eff000 rw-p 00000000 00:00 0 
7fe1f5eff000-7fe1f5f03000 ---p 00000000 00:00 0 
7fe1f5f03000-7fe1f6200000 rw-p 00000000 00:00 0 
7fe1f6300000-7fe1f6400000 rw-p 00000000 00:00 0 
7fe1f6500000-7fe1f6600000 rw-p 00000000 00:00 0 
7fe1f6700000-7fe1f6800000 rw-p 00000000 00:00 0 
7fe1f6900000-7fe1f6a00000 rw-p 00000000 00:00 0 
7fe1f6b00000-7fe1f6c00000 rw-p 00000000 00:00 0 
7fe1f6d00000-7fe1f6e00000 ---p 00000000 00:00 0 
7fe1f6e00000-7fe1f745f000 r--p 01362000 103:02 51870081                  /home/a4090/miniconda3/envs/auto_pose/lib/jvm/lib/libjvmcicompiler.so
7fe1f745f000-7fe1f7600000 r--p 00000000 00:00 0 
7fe1f7600000-7fe1f760e000 rw-p 00000000 00:00 0 
7fe1f760e000-7fe1f7b63000 rw-p 01b70000 103:02 51870081                  /home/a4090/miniconda3/envs/auto_pose/lib/jvm/lib/libjvmcicompiler.so
7fe1f7b63000-7fe1f7fdd000 r--p 020c5000 103:02 51870081                  /home/a4090/miniconda3/envs/auto_pose/lib/jvm/lib/libjvmcicompiler.so
7fe1f8000000-7fe1f8021000 rw-p 00000000 00:00 0 
7fe1f8021000-7fe1fc000000 ---p 00000000 00:00 0 
7fe1fc000000-7fe1fc021000 rw-p 00000000 00:00 0 
7fe1fc021000-7fe200000000 ---p 00000000 00:00 0 
7fe200000000-7fe200021000 rw-p 00000000 00:00 0 
7fe200021000-7fe204000000 ---p 00000000 00:00 0 
7fe204000000-7fe204522000 rw-p 00000000 00:00 0 
7fe204522000-7fe208000000 ---p 00000000 00:00 0 
7fe208000000-7fe208021000 rw-p 00000000 00:00 0 
7fe208021000-7fe20c000000 ---p 00000000 00:00 0 
7fe20c000000-7fe20c1c4000 rw-p 00000000 00:00 0 
7fe20c1c4000-7fe210000000 ---p 00000000 00:00 0 
7fe210000000-7fe210356000 rw-p 00000000 00:00 0 
7fe210356000-7fe214000000 ---p 00000000 00:00 0 
7fe214100000-7fe214200000 rw-p 00000000 00:00 0 
7fe214300000-7fe214400000 rw-p 00000000 00:00 0 
7fe214500000-7fe214600000 rw-p 00000000 00:00 0 
7fe214700000-7fe214800000 rw-p 00000000 00:00 0 
7fe214872000-7fe214a00000 rw-p 00000000 00:00 0 
7fe214a40000-7fe214a42000 r--p 00000000 103:02 39852051                  /usr/lib/x86_64-linux-gnu/libcrypt.so.1.1.0
7fe214a42000-7fe214a57000 r-xp 00002000 103:02 39852051                  /usr/lib/x86_64-linux-gnu/libcrypt.so.1.1.0
7fe214a57000-7fe214a71000 r--p 00017000 103:02 39852051                  /usr/lib/x86_64-linux-gnu/libcrypt.so.1.1.0
7fe214a71000-7fe214a72000 r--p 00030000 103:02 39852051                  /usr/lib/x86_64-linux-gnu/libcrypt.so.1.1.0
7fe214a72000-7fe214a73000 rw-p 00031000 103:02 39852051                  /usr/lib/x86_64-linux-gnu/libcrypt.so.1.1.0
7fe214a73000-7fe214c00000 rw-p 00000000 00:00 0 
7fe214c36000-7fe214c69000 rw-p 00000000 00:00 0 
7fe214c70000-7fe214e00000 rw-p 00000000 00:00 0 
7fe214e0b000-7fe214e81000 rw-p 00000000 00:00 0 
7fe214e85000-7fe214eda000 rw-p 00000000 00:00 0 
7fe214edc000-7fe214ee1000 r--p 00000000 103:02 51867375                  /home/a4090/miniconda3/envs/auto_pose/lib/jvm/languages/python/lib/graalpy23.0/libposix.graalpy230-310-native-x86_64-linux.so
7fe214ee1000-7fe214ee5000 r-xp 00004000 103:02 51867375                  /home/a4090/miniconda3/envs/auto_pose/lib/jvm/languages/python/lib/graalpy23.0/libposix.graalpy230-310-native-x86_64-linux.so
7fe214ee5000-7fe214ee6000 r--p 00007000 103:02 51867375                  /home/a4090/miniconda3/envs/auto_pose/lib/jvm/languages/python/lib/graalpy23.0/libposix.graalpy230-310-native-x86_64-linux.so
7fe214ee6000-7fe214ee7000 rw-p 00007000 103:02 51867375                  /home/a4090/miniconda3/envs/auto_pose/lib/jvm/languages/python/lib/graalpy23.0/libposix.graalpy230-310-native-x86_64-linux.so
7fe214ee7000-7fe214eea000 rw-p 00039000 103:02 51867375                  /home/a4090/miniconda3/envs/auto_pose/lib/jvm/languages/python/lib/graalpy23.0/libposix.graalpy230-310-native-x86_64-linux.so
7fe214eea000-7fe214eed000 r--p 00000000 103:02 51869393                  /home/a4090/miniconda3/envs/auto_pose/lib/jvm/lib/libtrufflenfi.so
7fe214eed000-7fe214efa000 r-xp 00003000 103:02 51869393                  /home/a4090/miniconda3/envs/auto_pose/lib/jvm/lib/libtrufflenfi.so
7fe214efa000-7fe214efd000 r--p 00010000 103:02 51869393                  /home/a4090/miniconda3/envs/auto_pose/lib/jvm/lib/libtrufflenfi.so
7fe214efd000-7fe214efe000 r--p 00012000 103:02 51869393                  /home/a4090/miniconda3/envs/auto_pose/lib/jvm/lib/libtrufflenfi.so
7fe214efe000-7fe214eff000 rw-p 00013000 103:02 51869393                  /home/a4090/miniconda3/envs/auto_pose/lib/jvm/lib/libtrufflenfi.so
7fe214eff000-7fe214f00000 rw-p 0004a000 103:02 51869393                  /home/a4090/miniconda3/envs/auto_pose/lib/jvm/lib/libtrufflenfi.so
7fe214f00000-7fe215000000 rw-p 00000000 00:00 0 
7fe215001000-7fe215008000 r--s 00000000 103:02 40504943                  /usr/lib/x86_64-linux-gnu/gconv/gconv-modules.cache
7fe215008000-7fe21502a000 rw-p 00000000 00:00 0 
7fe21502a000-7fe215037000 r-xp 00000000 103:02 51866632                  /home/a4090/miniconda3/envs/auto_pose/lib/jvm/lib/libverify.so
7fe215037000-7fe215039000 r--p 0000c000 103:02 51866632                  /home/a4090/miniconda3/envs/auto_pose/lib/jvm/lib/libverify.so
7fe215039000-7fe21503a000 rw-p 0000e000 103:02 51866632                  /home/a4090/miniconda3/envs/auto_pose/lib/jvm/lib/libverify.so
7fe21503a000-7fe21503c000 rw-p 00010000 103:02 51866632                  /home/a4090/miniconda3/envs/auto_pose/lib/jvm/lib/libverify.so
7fe21503c000-7fe215040000 ---p 00000000 00:00 0 
7fe215040000-7fe21508f000 rw-p 00000000 00:00 0 
7fe21508f000-7fe2150a4000 r-xp 00000000 103:02 51865979                  /home/a4090/miniconda3/envs/auto_pose/lib/jvm/lib/libnet.so
7fe2150a4000-7fe2150a5000 ---p 00015000 103:02 51865979                  /home/a4090/miniconda3/envs/auto_pose/lib/jvm/lib/libnet.so
7fe2150a5000-7fe2150a6000 r--p 00015000 103:02 51865979                  /home/a4090/miniconda3/envs/auto_pose/lib/jvm/lib/libnet.so
7fe2150a6000-7fe2150a7000 rw-p 00016000 103:02 51865979                  /home/a4090/miniconda3/envs/auto_pose/lib/jvm/lib/libnet.so
7fe2150a7000-7fe2150ac000 rw-p 0001b000 103:02 51865979                  /home/a4090/miniconda3/envs/auto_pose/lib/jvm/lib/libnet.so
7fe2150ac000-7fe21522f000 r--p 00000000 103:02 51870081                  /home/a4090/miniconda3/envs/auto_pose/lib/jvm/lib/libjvmcicompiler.so
7fe21522f000-7fe216405000 r-xp 00183000 103:02 51870081                  /home/a4090/miniconda3/envs/auto_pose/lib/jvm/lib/libjvmcicompiler.so
7fe216405000-7fe2175ef000 r--p 01359000 103:02 51870081                  /home/a4090/miniconda3/envs/auto_pose/lib/jvm/lib/libjvmcicompiler.so
7fe2175ef000-7fe2175f3000 rw-p 02543000 103:02 51870081                  /home/a4090/miniconda3/envs/auto_pose/lib/jvm/lib/libjvmcicompiler.so
7fe2175f3000-7fe2175f8000 rw-p 027b8000 103:02 51870081                  /home/a4090/miniconda3/envs/auto_pose/lib/jvm/lib/libjvmcicompiler.so
7fe2175f8000-7fe2175f9000 ---p 00000000 00:00 0 
7fe2175f9000-7fe2176fa000 rw-p 00000000 00:00 0 
7fe2176fa000-7fe2176fe000 ---p 00000000 00:00 0 
7fe2176fe000-7fe2177fb000 rw-p 00000000 00:00 0 
7fe2177fb000-7fe2177ff000 ---p 00000000 00:00 0 
7fe2177ff000-7fe2179fc000 rw-p 00000000 00:00 0 
7fe2179fc000-7fe217a00000 ---p 00000000 00:00 0 
7fe217a00000-7fe217afd000 rw-p 00000000 00:00 0 
7fe217afd000-7fe217b01000 ---p 00000000 00:00 0 
7fe217b01000-7fe217cfe000 rw-p 00000000 00:00 0 
7fe217cfe000-7fe217d02000 ---p 00000000 00:00 0 
7fe217d02000-7fe217dff000 rw-p 00000000 00:00 0 
7fe217dff000-7fe217e03000 ---p 00000000 00:00 0 
7fe217e03000-7fe218000000 rw-p 00000000 00:00 0 
7fe218000000-7fe218021000 rw-p 00000000 00:00 0 
7fe218021000-7fe21c000000 ---p 00000000 00:00 0 
7fe21c000000-7fe21c08e000 rw-p 00000000 00:00 0 
7fe21c08e000-7fe220000000 ---p 00000000 00:00 0 
7fe220000000-7fe220021000 rw-p 00000000 00:00 0 
7fe220021000-7fe224000000 ---p 00000000 00:00 0 
7fe224000000-7fe224021000 rw-p 00000000 00:00 0 
7fe224021000-7fe228000000 ---p 00000000 00:00 0 
7fe228000000-7fe228021000 rw-p 00000000 00:00 0 
7fe228021000-7fe22c000000 ---p 00000000 00:00 0 
7fe22c000000-7fe22c021000 rw-p 00000000 00:00 0 
7fe22c021000-7fe230000000 ---p 00000000 00:00 0 
7fe230000000-7fe230025000 rw-p 00000000 00:00 0 
7fe230025000-7fe234000000 ---p 00000000 00:00 0 
7fe234000000-7fe234021000 rw-p 00000000 00:00 0 
7fe234021000-7fe238000000 ---p 00000000 00:00 0 
7fe238000000-7fe238400000 rw-p 00000000 00:00 0 
7fe238400000-7fe238900000 rw-p 00000000 00:00 0 
7fe238900000-7fe238b00000 rw-p 00000000 00:00 0 
7fe238b00000-7fe238b80000 rw-p 00000000 00:00 0 
7fe238b80000-7fe238c00000 rw-p 00000000 00:00 0 
7fe238c00000-7fe238f00000 rw-p 00000000 00:00 0 
7fe238f00000-7fe239000000 rw-p 00000000 00:00 0 
7fe239000000-7fe239300000 rw-p 00000000 00:00 0 
7fe239300000-7fe2393c0000 rw-p 00000000 00:00 0 
7fe2393c0000-7fe239400000 rw-p 00000000 00:00 0 
7fe239400000-7fe239800000 rw-p 00000000 00:00 0 
7fe239800000-7fe23b500000 rw-p 00000000 00:00 0 
7fe23b500000-7fe23b540000 rw-p 00000000 00:00 0 
7fe23b540000-7fe23b600000 ---p 00000000 00:00 0 
7fe23b600000-7fe23bab0000 rw-p 00000000 00:00 0 
7fe23bab0000-7fe23c000000 ---p 00000000 00:00 0 
7fe23c000000-7fe23c021000 rw-p 00000000 00:00 0 
7fe23c021000-7fe240000000 ---p 00000000 00:00 0 
7fe240004000-7fe24000a000 r-xp 00000000 103:02 51869757                  /home/a4090/miniconda3/envs/auto_pose/lib/jvm/lib/libmanagement_ext.so
7fe24000a000-7fe24000b000 r--p 00005000 103:02 51869757                  /home/a4090/miniconda3/envs/auto_pose/lib/jvm/lib/libmanagement_ext.so
7fe24000b000-7fe24000c000 rw-p 00006000 103:02 51869757                  /home/a4090/miniconda3/envs/auto_pose/lib/jvm/lib/libmanagement_ext.so
7fe24000c000-7fe24000f000 rw-p 00009000 103:02 51869757                  /home/a4090/miniconda3/envs/auto_pose/lib/jvm/lib/libmanagement_ext.so
7fe24000f000-7fe240016000 r-xp 00000000 103:02 51866985                  /home/a4090/miniconda3/envs/auto_pose/lib/jvm/lib/libzip.so
7fe240016000-7fe240017000 ---p 00007000 103:02 51866985                  /home/a4090/miniconda3/envs/auto_pose/lib/jvm/lib/libzip.so
7fe240017000-7fe240018000 r--p 00007000 103:02 51866985                  /home/a4090/miniconda3/envs/auto_pose/lib/jvm/lib/libzip.so
7fe240018000-7fe240019000 rw-p 00008000 103:02 51866985                  /home/a4090/miniconda3/envs/auto_pose/lib/jvm/lib/libzip.so
7fe240019000-7fe24001c000 rw-p 0000b000 103:02 51866985                  /home/a4090/miniconda3/envs/auto_pose/lib/jvm/lib/libzip.so
7fe24001c000-7fe24002f000 r-xp 00000000 103:02 51865608                  /home/a4090/miniconda3/envs/auto_pose/lib/jvm/lib/libnio.so
7fe24002f000-7fe240030000 r--p 00012000 103:02 51865608                  /home/a4090/miniconda3/envs/auto_pose/lib/jvm/lib/libnio.so
7fe240030000-7fe240031000 rw-p 00013000 103:02 51865608                  /home/a4090/miniconda3/envs/auto_pose/lib/jvm/lib/libnio.so
7fe240031000-7fe240039000 rw-p 00019000 103:02 51865608                  /home/a4090/miniconda3/envs/auto_pose/lib/jvm/lib/libnio.so
7fe240039000-7fe24006a000 rw-p 00000000 00:00 0 
7fe24006a000-7fe24006d000 r--p 00000000 103:02 65812693                  /home/a4090/miniconda3/envs/auto_pose/lib/libz.so.1.2.13
7fe24006d000-7fe24007c000 r-xp 00003000 103:02 65812693                  /home/a4090/miniconda3/envs/auto_pose/lib/libz.so.1.2.13
7fe24007c000-7fe240083000 r--p 00012000 103:02 65812693                  /home/a4090/miniconda3/envs/auto_pose/lib/libz.so.1.2.13
7fe240083000-7fe240084000 r--p 00018000 103:02 65812693                  /home/a4090/miniconda3/envs/auto_pose/lib/libz.so.1.2.13
7fe240084000-7fe240085000 rw-p 00019000 103:02 65812693                  /home/a4090/miniconda3/envs/auto_pose/lib/libz.so.1.2.13
7fe240085000-7fe240089000 ---p 00000000 00:00 0 
7fe240089000-7fe240286000 rw-p 00000000 00:00 0 
7fe240286000-7fe24028a000 ---p 00000000 00:00 0 
7fe24028a000-7fe240387000 rw-p 00000000 00:00 0 
7fe240387000-7fe24038b000 ---p 00000000 00:00 0 
7fe24038b000-7fe240488000 rw-p 00000000 00:00 0 
7fe240488000-7fe24048c000 ---p 00000000 00:00 0 
7fe24048c000-7fe240589000 rw-p 00000000 00:00 0 
7fe240589000-7fe240dfa000 r--p 00000000 103:02 39848971                  /usr/lib/locale/locale-archive
7fe240dfa000-7fe240dfe000 ---p 00000000 00:00 0 
7fe240dfe000-7fe240efb000 rw-p 00000000 00:00 0 
7fe240efb000-7fe240eff000 ---p 00000000 00:00 0 
7fe240eff000-7fe240ffc000 rw-p 00000000 00:00 0 
7fe240ffc000-7fe240ffd000 ---p 00000000 00:00 0 
7fe240ffd000-7fe2410fe000 rw-p 00000000 00:00 0 
7fe2410fe000-7fe2411cc000 r-xp 00000000 103:02 51869100                  /home/a4090/miniconda3/envs/auto_pose/lib/jvm/lib/libjsvml.so
7fe2411cc000-7fe2411cd000 r--p 000cd000 103:02 51869100                  /home/a4090/miniconda3/envs/auto_pose/lib/jvm/lib/libjsvml.so
7fe2411cd000-7fe2411ce000 rw-p 000ce000 103:02 51869100                  /home/a4090/miniconda3/envs/auto_pose/lib/jvm/lib/libjsvml.so
7fe2411ce000-7fe2411d4000 rw-p 000d4000 103:02 51869100                  /home/a4090/miniconda3/envs/auto_pose/lib/jvm/lib/libjsvml.so
7fe2411d4000-7fe2412f1000 rw-p 00000000 00:00 0 
7fe2412f1000-7fe2412f2000 ---p 00000000 00:00 0 
7fe2412f2000-7fe2413f3000 rw-p 00000000 00:00 0 
7fe2413f3000-7fe2413f4000 ---p 00000000 00:00 0 
7fe2413f4000-7fe244000000 rw-p 00000000 00:00 0 
7fe244000000-7fe244021000 rw-p 00000000 00:00 0 
7fe244021000-7fe248000000 ---p 00000000 00:00 0 
7fe248000000-7fe248021000 rw-p 00000000 00:00 0 
7fe248021000-7fe24c000000 ---p 00000000 00:00 0 
7fe24c000000-7fe24c021000 rw-p 00000000 00:00 0 
7fe24c021000-7fe250000000 ---p 00000000 00:00 0 
7fe250000000-7fe250001000 r--p 00000000 00:00 0 
7fe250001000-7fe250005000 r-xp 00000000 103:02 51871985                  /home/a4090/miniconda3/envs/auto_pose/lib/jvm/lib/libmanagement.so
7fe250005000-7fe250006000 r--p 00003000 103:02 51871985                  /home/a4090/miniconda3/envs/auto_pose/lib/jvm/lib/libmanagement.so
7fe250006000-7fe250007000 rw-p 00004000 103:02 51871985                  /home/a4090/miniconda3/envs/auto_pose/lib/jvm/lib/libmanagement.so
7fe250007000-7fe25000a000 rw-p 00007000 103:02 51871985                  /home/a4090/miniconda3/envs/auto_pose/lib/jvm/lib/libmanagement.so
7fe25000a000-7fe250c16000 rw-p 00000000 00:00 0 
7fe250c16000-7fe250c17000 ---p 00000000 00:00 0 
7fe250c17000-7fe250d18000 rw-p 00000000 00:00 0 
7fe250d18000-7fe250d19000 ---p 00000000 00:00 0 
7fe250d19000-7fe250e1a000 rw-p 00000000 00:00 0 
7fe250e1a000-7fe250e1b000 ---p 00000000 00:00 0 
7fe250e1b000-7fe2515c4000 rw-p 00000000 00:00 0 
7fe2515c4000-7fe252184000 ---p 00000000 00:00 0 
7fe252184000-7fe2521c4000 rw-p 00000000 00:00 0 
7fe2521c4000-7fe253004000 ---p 00000000 00:00 0 
7fe253004000-7fe253044000 rw-p 00000000 00:00 0 
7fe253044000-7fe26efc4000 ---p 00000000 00:00 0 
7fe26efc4000-7fe26f544000 rw-p 00000000 00:00 0 
7fe26f544000-7fe270104000 ---p 00000000 00:00 0 
7fe270104000-7fe270144000 rw-p 00000000 00:00 0 
7fe270144000-7fe270f84000 ---p 00000000 00:00 0 
7fe270f84000-7fe270fc4000 rw-p 00000000 00:00 0 
7fe270fc4000-7fe28cf44000 ---p 00000000 00:00 0 
7fe28cf44000-7fe28d064000 rw-p 00000000 00:00 0 
7fe28d064000-7fe28d1dc000 ---p 00000000 00:00 0 
7fe28d1dc000-7fe28d1e4000 rw-p 00000000 00:00 0 
7fe28d1e4000-7fe28d3ac000 ---p 00000000 00:00 0 
7fe28d3ac000-7fe28d3b4000 rw-p 00000000 00:00 0 
7fe28d3b4000-7fe290ba4000 ---p 00000000 00:00 0 
7fe290ba4000-7fe290c54000 rw-p 00000000 00:00 0 
7fe290c54000-7fe290dcc000 ---p 00000000 00:00 0 
7fe290dcc000-7fe290dd4000 rw-p 00000000 00:00 0 
7fe290dd4000-7fe290f9c000 ---p 00000000 00:00 0 
7fe290f9c000-7fe290fa4000 rw-p 00000000 00:00 0 
7fe290fa4000-7fe294794000 ---p 00000000 00:00 0 
7fe294794000-7fe294844000 rw-p 00000000 00:00 0 
7fe294844000-7fe2949bc000 ---p 00000000 00:00 0 
7fe2949bc000-7fe2949c4000 rw-p 00000000 00:00 0 
7fe2949c4000-7fe294b8c000 ---p 00000000 00:00 0 
7fe294b8c000-7fe294b94000 rw-p 00000000 00:00 0 
7fe294b94000-7fe298384000 ---p 00000000 00:00 0 
7fe298384000-7fe299ba0000 rw-p 00000000 00:00 0 
7fe299ba0000-7fe299c80000 ---p 00000000 00:00 0 
7fe299c80000-7fe299c9d000 rw-p 00000000 00:00 0 
7fe299c9d000-7fe299d65000 ---p 00000000 00:00 0 
7fe299d65000-7fe299d70000 rw-p 00000000 00:00 0 
7fe299d70000-7fe299d7c000 ---p 00000000 00:00 0 
7fe299d7c000-7fe29abbc000 rwxp 00000000 00:00 0 
7fe29abbc000-7fe2a0ff2000 ---p 00000000 00:00 0 
7fe2a0ff2000-7fe2a1542000 rwxp 00000000 00:00 0 
7fe2a1542000-7fe2a1b06000 ---p 00000000 00:00 0 
7fe2a1b06000-7fe2a1d76000 rwxp 00000000 00:00 0 
7fe2a1d76000-7fe2a8d7c000 ---p 00000000 00:00 0 
7fe2a8d7c000-7fe2a8da0000 r-xp 00000000 103:02 51869794                  /home/a4090/miniconda3/envs/auto_pose/lib/jvm/lib/libjava.so
7fe2a8da0000-7fe2a8da1000 ---p 00024000 103:02 51869794                  /home/a4090/miniconda3/envs/auto_pose/lib/jvm/lib/libjava.so
7fe2a8da1000-7fe2a8da2000 r--p 00024000 103:02 51869794                  /home/a4090/miniconda3/envs/auto_pose/lib/jvm/lib/libjava.so
7fe2a8da2000-7fe2a8da3000 rw-p 00025000 103:02 51869794                  /home/a4090/miniconda3/envs/auto_pose/lib/jvm/lib/libjava.so
7fe2a8da3000-7fe2a8da4000 rw-p 00000000 00:00 0 
7fe2a8da4000-7fe2a8daf000 rw-p 0002f000 103:02 51869794                  /home/a4090/miniconda3/envs/auto_pose/lib/jvm/lib/libjava.so
7fe2a8daf000-7fe2a8db7000 rw-s 00000000 103:02 63966921                  /tmp/hsperfdata_a4090/162943
7fe2a8db7000-7fe2a8dba000 r--p 00000000 103:02 39848170                  /usr/lib/x86_64-linux-gnu/libnss_files-2.31.so
7fe2a8dba000-7fe2a8dc1000 r-xp 00003000 103:02 39848170                  /usr/lib/x86_64-linux-gnu/libnss_files-2.31.so
7fe2a8dc1000-7fe2a8dc3000 r--p 0000a000 103:02 39848170                  /usr/lib/x86_64-linux-gnu/libnss_files-2.31.so
7fe2a8dc3000-7fe2a8dc4000 r--p 0000b000 103:02 39848170                  /usr/lib/x86_64-linux-gnu/libnss_files-2.31.so
7fe2a8dc4000-7fe2a8dc5000 rw-p 0000c000 103:02 39848170                  /usr/lib/x86_64-linux-gnu/libnss_files-2.31.so
7fe2a8dc5000-7fe2a8dcb000 rw-p 00000000 00:00 0 
7fe2a8dcb000-7fe2a8dcc000 ---p 00000000 00:00 0 
7fe2a8dcc000-7fe2a8dcd000 r--p 00000000 00:00 0 
7fe2a8dcd000-7fe2b2b65000 r--s 00000000 103:02 51868487                  /home/a4090/miniconda3/envs/auto_pose/lib/jvm/lib/modules
7fe2b2b65000-7fe2b2b80000 r-xp 00000000 103:02 51869974                  /home/a4090/miniconda3/envs/auto_pose/lib/jvm/lib/libjimage.so
7fe2b2b80000-7fe2b2b81000 ---p 0001b000 103:02 51869974                  /home/a4090/miniconda3/envs/auto_pose/lib/jvm/lib/libjimage.so
7fe2b2b81000-7fe2b2b83000 r--p 0001b000 103:02 51869974                  /home/a4090/miniconda3/envs/auto_pose/lib/jvm/lib/libjimage.so
7fe2b2b83000-7fe2b2b84000 rw-p 0001d000 103:02 51869974                  /home/a4090/miniconda3/envs/auto_pose/lib/jvm/lib/libjimage.so
7fe2b2b84000-7fe2b2b86000 rw-p 00024000 103:02 51869974                  /home/a4090/miniconda3/envs/auto_pose/lib/jvm/lib/libjimage.so
7fe2b2b86000-7fe2b2b88000 r--p 00000000 103:02 39848193                  /usr/lib/x86_64-linux-gnu/librt-2.31.so
7fe2b2b88000-7fe2b2b8c000 r-xp 00002000 103:02 39848193                  /usr/lib/x86_64-linux-gnu/librt-2.31.so
7fe2b2b8c000-7fe2b2b8e000 r--p 00006000 103:02 39848193                  /usr/lib/x86_64-linux-gnu/librt-2.31.so
7fe2b2b8e000-7fe2b2b8f000 r--p 00007000 103:02 39848193                  /usr/lib/x86_64-linux-gnu/librt-2.31.so
7fe2b2b8f000-7fe2b2b90000 rw-p 00008000 103:02 39848193                  /usr/lib/x86_64-linux-gnu/librt-2.31.so
7fe2b2b90000-7fe2b3caf000 r-xp 00000000 103:02 51866492                  /home/a4090/miniconda3/envs/auto_pose/lib/jvm/lib/server/libjvm.so
7fe2b3caf000-7fe2b3cb0000 ---p 0111f000 103:02 51866492                  /home/a4090/miniconda3/envs/auto_pose/lib/jvm/lib/server/libjvm.so
7fe2b3cb0000-7fe2b3d65000 r--p 0111f000 103:02 51866492                  /home/a4090/miniconda3/envs/auto_pose/lib/jvm/lib/server/libjvm.so
7fe2b3d65000-7fe2b3d99000 rw-p 011d4000 103:02 51866492                  /home/a4090/miniconda3/envs/auto_pose/lib/jvm/lib/server/libjvm.so
7fe2b3d99000-7fe2b3df2000 rw-p 00000000 00:00 0 
7fe2b3df2000-7fe2b3df8000 rw-p 015a3000 103:02 51866492                  /home/a4090/miniconda3/envs/auto_pose/lib/jvm/lib/server/libjvm.so
7fe2b3df8000-7fe2b3dfb000 rw-p 00000000 00:00 0 
7fe2b3dfb000-7fe2b3e1d000 r--p 00000000 103:02 39848138                  /usr/lib/x86_64-linux-gnu/libc-2.31.so
7fe2b3e1d000-7fe2b3f95000 r-xp 00022000 103:02 39848138                  /usr/lib/x86_64-linux-gnu/libc-2.31.so
7fe2b3f95000-7fe2b3fe3000 r--p 0019a000 103:02 39848138                  /usr/lib/x86_64-linux-gnu/libc-2.31.so
7fe2b3fe3000-7fe2b3fe7000 r--p 001e7000 103:02 39848138                  /usr/lib/x86_64-linux-gnu/libc-2.31.so
7fe2b3fe7000-7fe2b3fe9000 rw-p 001eb000 103:02 39848138                  /usr/lib/x86_64-linux-gnu/libc-2.31.so
7fe2b3fe9000-7fe2b3fef000 rw-p 00000000 00:00 0 
7fe2b3fef000-7fe2b3ff5000 r--p 00000000 103:02 39848188                  /usr/lib/x86_64-linux-gnu/libpthread-2.31.so
7fe2b3ff5000-7fe2b4006000 r-xp 00006000 103:02 39848188                  /usr/lib/x86_64-linux-gnu/libpthread-2.31.so
7fe2b4006000-7fe2b400c000 r--p 00017000 103:02 39848188                  /usr/lib/x86_64-linux-gnu/libpthread-2.31.so
7fe2b400c000-7fe2b400d000 r--p 0001c000 103:02 39848188                  /usr/lib/x86_64-linux-gnu/libpthread-2.31.so
7fe2b400d000-7fe2b400e000 rw-p 0001d000 103:02 39848188                  /usr/lib/x86_64-linux-gnu/libpthread-2.31.so
7fe2b400e000-7fe2b4012000 rw-p 00000000 00:00 0 
7fe2b4012000-7fe2b4016000 r--p 00000000 103:02 51864144                  /home/a4090/miniconda3/envs/auto_pose/lib/libgcc_s.so.1
7fe2b4016000-7fe2b402b000 r-xp 00004000 103:02 51864144                  /home/a4090/miniconda3/envs/auto_pose/lib/libgcc_s.so.1
7fe2b402b000-7fe2b402f000 r--p 00019000 103:02 51864144                  /home/a4090/miniconda3/envs/auto_pose/lib/libgcc_s.so.1
7fe2b402f000-7fe2b4030000 r--p 0001c000 103:02 51864144                  /home/a4090/miniconda3/envs/auto_pose/lib/libgcc_s.so.1
7fe2b4030000-7fe2b4031000 rw-p 0001d000 103:02 51864144                  /home/a4090/miniconda3/envs/auto_pose/lib/libgcc_s.so.1
7fe2b4031000-7fe2b403e000 r--p 00000000 103:02 39848143                  /usr/lib/x86_64-linux-gnu/libm-2.31.so
7fe2b403e000-7fe2b40e5000 r-xp 0000d000 103:02 39848143                  /usr/lib/x86_64-linux-gnu/libm-2.31.so
7fe2b40e5000-7fe2b417e000 r--p 000b4000 103:02 39848143                  /usr/lib/x86_64-linux-gnu/libm-2.31.so
7fe2b417e000-7fe2b417f000 r--p 0014c000 103:02 39848143                  /usr/lib/x86_64-linux-gnu/libm-2.31.so
7fe2b417f000-7fe2b4180000 rw-p 0014d000 103:02 39848143                  /usr/lib/x86_64-linux-gnu/libm-2.31.so
7fe2b4180000-7fe2b4229000 r--p 00000000 103:02 51864761                  /home/a4090/miniconda3/envs/auto_pose/lib/libstdc++.so.6.0.33
7fe2b4229000-7fe2b42c9000 r-xp 000a9000 103:02 51864761                  /home/a4090/miniconda3/envs/auto_pose/lib/libstdc++.so.6.0.33
7fe2b42c9000-7fe2b434f000 r--p 00149000 103:02 51864761                  /home/a4090/miniconda3/envs/auto_pose/lib/libstdc++.so.6.0.33
7fe2b434f000-7fe2b435a000 r--p 001cf000 103:02 51864761                  /home/a4090/miniconda3/envs/auto_pose/lib/libstdc++.so.6.0.33
7fe2b435a000-7fe2b435e000 rw-p 001da000 103:02 51864761                  /home/a4090/miniconda3/envs/auto_pose/lib/libstdc++.so.6.0.33
7fe2b435e000-7fe2b4362000 rw-p 00000000 00:00 0 
7fe2b4362000-7fe2b4363000 r--p 00000000 103:02 39848142                  /usr/lib/x86_64-linux-gnu/libdl-2.31.so
7fe2b4363000-7fe2b4365000 r-xp 00001000 103:02 39848142                  /usr/lib/x86_64-linux-gnu/libdl-2.31.so
7fe2b4365000-7fe2b4366000 r--p 00003000 103:02 39848142                  /usr/lib/x86_64-linux-gnu/libdl-2.31.so
7fe2b4366000-7fe2b4367000 r--p 00003000 103:02 39848142                  /usr/lib/x86_64-linux-gnu/libdl-2.31.so
7fe2b4367000-7fe2b4368000 rw-p 00004000 103:02 39848142                  /usr/lib/x86_64-linux-gnu/libdl-2.31.so
7fe2b4368000-7fe2b436a000 rw-p 00000000 00:00 0 
7fe2b436a000-7fe2b436b000 r--p 00000000 103:02 39848110                  /usr/lib/x86_64-linux-gnu/ld-2.31.so
7fe2b436b000-7fe2b438e000 r-xp 00001000 103:02 39848110                  /usr/lib/x86_64-linux-gnu/ld-2.31.so
7fe2b438e000-7fe2b4396000 r--p 00024000 103:02 39848110                  /usr/lib/x86_64-linux-gnu/ld-2.31.so
7fe2b4396000-7fe2b4397000 ---p 00000000 00:00 0 
7fe2b4397000-7fe2b4398000 r--p 0002c000 103:02 39848110                  /usr/lib/x86_64-linux-gnu/ld-2.31.so
7fe2b4398000-7fe2b4399000 rw-p 0002d000 103:02 39848110                  /usr/lib/x86_64-linux-gnu/ld-2.31.so
7fe2b4399000-7fe2b439a000 rw-p 00000000 00:00 0 
7ffd74a26000-7ffd74a2a000 ---p 00000000 00:00 0 
7ffd74a2a000-7ffd74b26000 rw-p 00000000 00:00 0                          [stack]
7ffd74bd9000-7ffd74bdd000 r--p 00000000 00:00 0                          [vvar]
7ffd74bdd000-7ffd74bdf000 r-xp 00000000 00:00 0                          [vdso]
ffffffffff600000-ffffffffff601000 --xp 00000000 00:00 0                  [vsyscall]


VM Arguments:
jvm_args: -XX:ThreadPriorityPolicy=1 -XX:+UnlockExperimentalVMOptions -XX:+EnableJVMCIProduct -XX:-UnlockExperimentalVMOptions -Dorg.graalvm.launcher.class=com.oracle.graal.python.shell.GraalPythonMain -Dorg.graalvm.launcher.executablename=/home/a4090/miniconda3/envs/auto_pose/bin/python 
java_command: <unknown>
java_class_path (initial): /home/a4090/miniconda3/envs/auto_pose/lib/jvm/languages/python/bin/../../../lib/graalvm/graalpython-launcher.jar:/home/a4090/miniconda3/envs/auto_pose/lib/jvm/languages/python/bin/../../../lib/graalvm/launcher-common.jar
Launcher Type: generic

[Global flags]
     intx CICompilerCount                          = 15                                        {product} {ergonomic}
     uint ConcGCThreads                            = 6                                         {product} {ergonomic}
     bool EnableJVMCIProduct                       = true                                {JVMCI product} {jimage}
     uint G1ConcRefinementThreads                  = 23                                        {product} {ergonomic}
   size_t G1HeapRegionSize                         = 16777216                                  {product} {ergonomic}
    uintx GCDrainStackTargetSize                   = 64                                        {product} {ergonomic}
   size_t InitialHeapSize                          = 2113929216                                {product} {ergonomic}
   size_t MarkStackSize                            = 4194304                                   {product} {ergonomic}
   size_t MaxHeapSize                              = 32178700288                               {product} {ergonomic}
   size_t MaxNewSize                               = 19293798400                               {product} {ergonomic}
   size_t MinHeapDeltaBytes                        = 16777216                                  {product} {ergonomic}
   size_t MinHeapSize                              = 16777216                                  {product} {ergonomic}
    uintx NonNMethodCodeHeapSize                   = 11613124                               {pd product} {ergonomic}
    uintx NonProfiledCodeHeapSize                  = 120022558                              {pd product} {ergonomic}
    uintx ProfiledCodeHeapSize                     = 120022558                              {pd product} {ergonomic}
    uintx ReservedCodeCacheSize                    = 251658240                              {pd product} {ergonomic}
     bool SegmentedCodeCache                       = true                                      {product} {ergonomic}
   size_t SoftMaxHeapSize                          = 32178700288                            {manageable} {ergonomic}
     intx ThreadPriorityPolicy                     = 1                                         {product} {jimage}
     bool UseCompressedClassPointers               = true                           {product lp64_product} {ergonomic}
     bool UseCompressedOops                        = true                           {product lp64_product} {ergonomic}
     bool UseG1GC                                  = true                                      {product} {ergonomic}

Logging:
Log output configuration:
 #0: stdout all=warning uptime,level,tags
 #1: stderr all=off uptime,level,tags

Environment Variables:
PATH=/home/a4090/miniconda3/envs/auto_pose/bin:/opt/ros/noetic/bin:/home/a4090/miniconda3/condabin:/home/a4090/.local/bin:/home/a4090/bin:/usr/local/sbin:/usr/local/bin:/usr/sbin:/usr/bin:/sbin:/bin:/usr/games:/usr/local/games:/snap/bin
LD_LIBRARY_PATH=/home/a4090/CoppeliaSim:/usr/lib/x86_64-linux-gnu:/opt/ros/noetic/lib:/opt/ros/noetic/lib/x86_64-linux-gnu
SHELL=/bin/bash
DISPLAY=:0
LANG=en_US.UTF-8
LC_NUMERIC=zh_CN.UTF-8
LC_TIME=zh_CN.UTF-8
TERM=xterm-256color

Active Locale:
LC_ALL=LC_CTYPE=en_US.UTF-8;LC_NUMERIC=zh_CN.UTF-8;LC_TIME=zh_CN.UTF-8;LC_COLLATE=en_US.UTF-8;LC_MONETARY=zh_CN.UTF-8;LC_MESSAGES=en_US.UTF-8;LC_PAPER=zh_CN.UTF-8;LC_NAME=zh_CN.UTF-8;LC_ADDRESS=zh_CN.UTF-8;LC_TELEPHONE=zh_CN.UTF-8;LC_MEASUREMENT=zh_CN.UTF-8;LC_IDENTIFICATION=zh_CN.UTF-8
LC_COLLATE=en_US.UTF-8
LC_CTYPE=en_US.UTF-8
LC_MESSAGES=en_US.UTF-8
LC_MONETARY=zh_CN.UTF-8
LC_NUMERIC=zh_CN.UTF-8
LC_TIME=zh_CN.UTF-8

Signal Handlers:
   SIGSEGV: crash_handler in libjvm.so, mask=11100100010111111101111111111110, flags=SA_RESTART|SA_SIGINFO, unblocked
    SIGBUS: crash_handler in libjvm.so, mask=11100100010111111101111111111110, flags=SA_RESTART|SA_SIGINFO, unblocked
    SIGFPE: crash_handler in libjvm.so, mask=11100100010111111101111111111110, flags=SA_RESTART|SA_SIGINFO, unblocked
   SIGPIPE: javaSignalHandler in libjvm.so, mask=11100100010111111101111111111110, flags=SA_RESTART|SA_SIGINFO, blocked
   SIGXFSZ: javaSignalHandler in libjvm.so, mask=11100100010111111101111111111110, flags=SA_RESTART|SA_SIGINFO, blocked
    SIGILL: crash_handler in libjvm.so, mask=11100100010111111101111111111110, flags=SA_RESTART|SA_SIGINFO, unblocked
   SIGUSR2: SR_handler in libjvm.so, mask=00000000000000000000000000000000, flags=SA_RESTART|SA_SIGINFO, blocked
    SIGHUP: UserHandler in libjvm.so, mask=11100100010111111101111111111110, flags=SA_RESTART|SA_SIGINFO, blocked
    SIGINT: UserHandler in libjvm.so, mask=11100100010111111101111111111110, flags=SA_RESTART|SA_SIGINFO, blocked
   SIGTERM: UserHandler in libjvm.so, mask=11100100010111111101111111111110, flags=SA_RESTART|SA_SIGINFO, blocked
   SIGQUIT: UserHandler in libjvm.so, mask=11100100010111111101111111111110, flags=SA_RESTART|SA_SIGINFO, blocked
   SIGTRAP: crash_handler in libjvm.so, mask=11100100010111111101111111111110, flags=SA_RESTART|SA_SIGINFO, unblocked


---------------  S Y S T E M  ---------------

OS:
DISTRIB_ID=Ubuntu
DISTRIB_RELEASE=20.04
DISTRIB_CODENAME=focal
DISTRIB_DESCRIPTION="Ubuntu 20.04.6 LTS"
uname: Linux 5.15.0-119-generic #129~20.04.1-Ubuntu SMP Wed Aug 7 13:07:13 UTC 2024 x86_64
OS uptime: 1 days 20:05 hours
libc: glibc 2.31 NPTL 2.31 
rlimit (soft/hard): STACK 8192k/infinity , CORE 0k/infinity , NPROC 513269/513269 , NOFILE 1048576/1048576 , AS infinity/infinity , CPU infinity/infinity , DATA infinity/infinity , FSIZE infinity/infinity , MEMLOCK 65536k/65536k
load average: 1049.01 1049.36 1048.99

/proc/meminfo:
MemTotal:       131491188 kB
MemFree:        34337108 kB
MemAvailable:   96266208 kB
Buffers:         7344280 kB
Cached:         36308892 kB
SwapCached:            0 kB
Active:         25442380 kB
Inactive:       48395852 kB
Active(anon):      15804 kB
Inactive(anon): 31247632 kB
Active(file):   25426576 kB
Inactive(file): 17148220 kB
Unevictable:        1040 kB
Mlocked:            1040 kB
SwapTotal:       4194300 kB
SwapFree:        4194300 kB
Dirty:               136 kB
Writeback:             0 kB
AnonPages:      30177016 kB
Mapped:          3124572 kB
Shmem:           1078476 kB
KReclaimable:   20605156 kB
Slab:           22177324 kB
SReclaimable:   20605156 kB
SUnreclaim:      1572168 kB
KernelStack:      108528 kB
PageTables:       406096 kB
NFS_Unstable:          0 kB
Bounce:                0 kB
WritebackTmp:          0 kB
CommitLimit:    69939892 kB
Committed_AS:   106471456 kB
VmallocTotal:   34359738367 kB
VmallocUsed:      237556 kB
VmallocChunk:          0 kB
Percpu:            46208 kB
HardwareCorrupted:     0 kB
AnonHugePages:     45056 kB
ShmemHugePages:        0 kB
ShmemPmdMapped:        0 kB
FileHugePages:         0 kB
FilePmdMapped:         0 kB
HugePages_Total:       0
HugePages_Free:        0
HugePages_Rsvd:        0
HugePages_Surp:        0
Hugepagesize:       2048 kB
Hugetlb:               0 kB
DirectMap4k:     3789644 kB
DirectMap2M:    30404608 kB
DirectMap1G:    99614720 kB

/sys/kernel/mm/transparent_hugepage/enabled: always [madvise] never
/sys/kernel/mm/transparent_hugepage/defrag (defrag/compaction efforts parameter): always defer defer+madvise [madvise] never

Process Memory:
Virtual Size: 40021816K (peak: 40086192K)
Resident Set Size: 1094356K (peak: 1094356K) (anon: 869256K, file: 225100K, shmem: 0K)
Swapped out: 0K
C-Heap outstanding allocations: 99981K, retained: 9170K
glibc malloc tunables: (default)

/proc/sys/kernel/threads-max (system-wide limit on the number of threads): 1026538
/proc/sys/vm/max_map_count (maximum number of memory map areas a process may have): 65530
/proc/sys/kernel/pid_max (system-wide limit on number of process identifiers): 4194304

container (cgroup) information:
container_type: cgroupv1
cpu_cpuset_cpus: 0-31
cpu_memory_nodes: 0
active_processor_count: 32
cpu_quota: no quota
cpu_period: 100000
cpu_shares: no shares
memory_limit_in_bytes: unlimited
memory_and_swap_limit_in_bytes: unlimited
memory_soft_limit_in_bytes: unlimited
memory_usage_in_bytes: 81838444 k
memory_max_usage_in_bytes: 82793844 k
kernel_memory_usage_in_bytes: 19246112 k
kernel_memory_max_usage_in_bytes: unlimited
kernel_memory_limit_in_bytes: 19251476 k
maximum number of tasks: unlimited
current number of tasks: 5650

Steal ticks since vm start: 0
Steal ticks percentage since vm start:  0.000

CPU: total 32 (initial active 32) (16 cores per cpu, 2 threads per core) family 6 model 183 stepping 1 microcode 0x123, cx8, cmov, fxsr, ht, mmx, 3dnowpref, sse, sse2, sse3, ssse3, sse4.1, sse4.2, popcnt, lzcnt, tsc, tscinvbit, avx, avx2, aes, erms, clmul, bmi1, bmi2, adx, sha, fma, vzeroupper, clflush, clflushopt, clwb
CPU Model and flags from /proc/cpuinfo:
model name	: Intel(R) Core(TM) i9-14900K
flags		: fpu vme de pse tsc msr pae mce cx8 apic sep mtrr pge mca cmov pat pse36 clflush dts acpi mmx fxsr sse sse2 ss ht tm pbe syscall nx pdpe1gb rdtscp lm constant_tsc art arch_perfmon pebs bts rep_good nopl xtopology nonstop_tsc cpuid aperfmperf tsc_known_freq pni pclmulqdq dtes64 monitor ds_cpl vmx smx est tm2 ssse3 sdbg fma cx16 xtpr pdcm sse4_1 sse4_2 x2apic movbe popcnt tsc_deadline_timer aes xsave avx f16c rdrand lahf_lm abm 3dnowprefetch cpuid_fault epb ssbd ibrs ibpb stibp ibrs_enhanced tpr_shadow vnmi flexpriority ept vpid ept_ad fsgsbase tsc_adjust bmi1 avx2 smep bmi2 erms invpcid rdseed adx smap clflushopt clwb intel_pt sha_ni xsaveopt xsavec xgetbv1 xsaves split_lock_detect avx_vnni dtherm ida arat pln pts hwp hwp_notify hwp_act_window hwp_epp hwp_pkg_req umip pku ospke waitpkg gfni vaes vpclmulqdq tme rdpid movdiri movdir64b fsrm md_clear serialize pconfig arch_lbr flush_l1d arch_capabilities

Online cpus: 0-31
Offline cpus: 
BIOS frequency limitation: <Not Available>
Frequency switch latency (ns): 0
Available cpu frequencies: <Not Available>
Current governor: performance
Core performance/turbo boost: <Not Available>

Memory: 4k page, physical 131491188k(34333840k free), swap 4194300k(4194300k free)
Page Sizes: 4k

vm_info: OpenJDK 64-Bit Server VM (17.0.7+4-jvmci-23.0-b10) for linux-amd64 JRE (17.0.7+4-jvmci-23.0-b10), built on Mar 24 2023 22:17:53 by "buildslave" with gcc 10.3.0

END.
