#
# A fatal error has been detected by the Java Runtime Environment:
#
#  SIGSEGV (0xb) at pc=0x00007f6de7a779c0, pid=163665, tid=163732
#
# JRE version: OpenJDK Runtime Environment GraalVM CE 17.0.7+4.1 (17.0.7+4) (build 17.0.7+4-jvmci-23.0-b10)
# Java VM: OpenJDK 64-Bit Server VM GraalVM CE 17.0.7+4.1 (17.0.7+4-jvmci-23.0-b10, mixed mode, sharing, tiered, jvmci, jvmci compiler, compressed oops, compressed class ptrs, g1 gc, linux-amd64)
# Problematic frame:
# C  0x00007f6de7a779c0
#
# Core dump will be written. Default location: Core dumps may be processed with "/usr/share/apport/apport -p%p -s%s -c%c -d%d -P%P -u%u -g%g -- %E" (or dumping to /home/a4090/ljc/AutoPoseEstimator/core.163665)
#
# If you would like to submit a bug report, please visit:
#   https://github.com/oracle/graal/issues
# The crash happened outside the Java Virtual Machine in native code.
# See problematic frame for where to report the bug.
#

---------------  S U M M A R Y ------------

Command Line: -XX:ThreadPriorityPolicy=1 -XX:+UnlockExperimentalVMOptions -XX:+EnableJVMCIProduct -XX:-UnlockExperimentalVMOptions -Dorg.graalvm.launcher.class=com.oracle.graal.python.shell.GraalPythonMain -Dorg.graalvm.launcher.executablename=python 

Host: Intel(R) Core(TM) i9-14900K, 32 cores, 125G, Ubuntu 20.04.6 LTS
Time: Thu Feb 27 16:40:52 2025 CST elapsed time: 1.526844 seconds (0d 0h 0m 1s)

---------------  T H R E A D  ---------------

Current thread (0x000056493e18ce70):  JavaThread "TruffleCompilerThread-35" daemon [_thread_in_native, id=163732, stack(0x00007f6e3feff000,0x00007f6e40000000)]

Stack: [0x00007f6e3feff000,0x00007f6e40000000],  sp=0x00007f6e3fffd770,  free space=1017k
Native frames: (J=compiled Java code, j=interpreted, Vv=VM code, C=native code)
C  0x00007f6de7a779c0

Java frames: (J=compiled Java code, j=interpreted, Vv=VM code)
j  org.graalvm.compiler.truffle.runtime.hotspot.libgraal.TruffleToLibGraalCalls.doCompile(JJJJ[BLorg/graalvm/compiler/truffle/common/TruffleCompilationTask;Lorg/graalvm/compiler/truffle/common/TruffleCompilerListener;)V+0 jdk.internal.vm.compiler
j  org.graalvm.compiler.truffle.runtime.hotspot.libgraal.LibGraalHotSpotTruffleCompiler.doCompile(Lorg/graalvm/compiler/truffle/common/TruffleDebugContext;Lorg/graalvm/compiler/truffle/common/TruffleCompilation;Ljava/util/Map;Lorg/graalvm/compiler/truffle/common/TruffleCompilationTask;Lorg/graalvm/compiler/truffle/common/TruffleCompilerListener;)V+40 jdk.internal.vm.compiler
j  org.graalvm.compiler.truffle.runtime.GraalTruffleRuntime.compileImpl(Lorg/graalvm/compiler/truffle/common/TruffleDebugContext;Lorg/graalvm/compiler/truffle/runtime/OptimizedCallTarget;Lorg/graalvm/compiler/truffle/common/TruffleCompilationTask;)V+86 jdk.internal.vm.compiler
j  org.graalvm.compiler.truffle.runtime.GraalTruffleRuntime.doCompile(Lorg/graalvm/compiler/truffle/common/TruffleDebugContext;Lorg/graalvm/compiler/truffle/runtime/OptimizedCallTarget;Lorg/graalvm/compiler/truffle/common/TruffleCompilationTask;)V+154 jdk.internal.vm.compiler
j  org.graalvm.compiler.truffle.runtime.GraalTruffleRuntime.doCompile(Lorg/graalvm/compiler/truffle/runtime/OptimizedCallTarget;Lorg/graalvm/compiler/truffle/common/TruffleCompilationTask;)V+4 jdk.internal.vm.compiler
j  org.graalvm.compiler.truffle.runtime.CompilationTask$1.accept(Lorg/graalvm/compiler/truffle/runtime/CompilationTask;)V+30 jdk.internal.vm.compiler
j  org.graalvm.compiler.truffle.runtime.CompilationTask$1.accept(Ljava/lang/Object;)V+5 jdk.internal.vm.compiler
j  org.graalvm.compiler.truffle.runtime.CompilationTask.call()Ljava/lang/Void;+5 jdk.internal.vm.compiler
j  org.graalvm.compiler.truffle.runtime.CompilationTask.call()Ljava/lang/Object;+1 jdk.internal.vm.compiler
j  java.util.concurrent.FutureTask.run()V+39 java.base@17.0.7
j  java.util.concurrent.ThreadPoolExecutor.runWorker(Ljava/util/concurrent/ThreadPoolExecutor$Worker;)V+92 java.base@17.0.7
j  java.util.concurrent.ThreadPoolExecutor$Worker.run()V+5 java.base@17.0.7
j  java.lang.Thread.run()V+11 java.base@17.0.7
j  org.graalvm.compiler.truffle.runtime.BackgroundCompileQueue$TruffleCompilerThreadFactory$1.run()V+30 jdk.internal.vm.compiler
v  ~StubRoutines::call_stub

siginfo: si_signo: 11 (SIGSEGV), si_code: 2 (SEGV_ACCERR), si_addr: 0x00007f6de7a779c0

Register to memory mapping:

RAX=0x00007f6ddb29b7c0 points into unknown readable memory: 0x0000000000764ad8 | d8 4a 76 00 00 00 00 00
RBX=0x0000000000000007 is an unknown value
RCX=0x00007f6f0249ac20: <offset 0x00000000009e6c20> in /home/a4090/miniconda3/envs/auto_pose/lib/jvm/lib/libjvmcicompiler.so at 0x00007f6f01ab4000
RDX=0x0000000000000070 is an unknown value
RSP=0x00007f6e3fffd770 is pointing into the stack for thread: 0x000056493e18ce70
RBP=0x00007f6de7a7eb80 points into unknown readable memory: 0x00000000007c2340 | 40 23 7c 00 00 00 00 00
RSI=0x00007f6ddb29b7c0 points into unknown readable memory: 0x0000000000764ad8 | d8 4a 76 00 00 00 00 00
RDI=0x00007f6de7adfb28 points into unknown readable memory: 0x00000000008156b8 | b8 56 81 00 00 00 00 00
R8 =0x00007f6de7adfaf8 points into unknown readable memory: 0x000000000079a5f8 | f8 a5 79 00 00 00 00 00
R9 =0xffffffffb8cc1398 is an unknown value
R10=0x00007f6de7adf7a0 points into unknown readable memory: 0x0000000000817cf8 | f8 7c 81 00 00 00 00 00
R11=0x00007f6de7adf7c0 points into unknown readable memory: 0x000000000079a5f8 | f8 a5 79 00 00 00 00 00
R12=0x0000000000000003 is an unknown value
R13=0x0 is NULL
R14=0x00007f6e3ea00000 is an unknown value
R15=0x00007f6e380016c0 points into unknown readable memory: 0x00007f6e3f15f010 | 10 f0 15 3f 6e 7f 00 00


Registers:
RAX=0x00007f6ddb29b7c0, RBX=0x0000000000000007, RCX=0x00007f6f0249ac20, RDX=0x0000000000000070
RSP=0x00007f6e3fffd770, RBP=0x00007f6de7a7eb80, RSI=0x00007f6ddb29b7c0, RDI=0x00007f6de7adfb28
R8 =0x00007f6de7adfaf8, R9 =0xffffffffb8cc1398, R10=0x00007f6de7adf7a0, R11=0x00007f6de7adf7c0
R12=0x0000000000000003, R13=0x0000000000000000, R14=0x00007f6e3ea00000, R15=0x00007f6e380016c0
RIP=0x00007f6de7a779c0, EFLAGS=0x0000000000010202, CSGSFS=0x002b000000000033, ERR=0x0000000000000015
  TRAPNO=0x000000000000000e

Top of Stack: (sp=0x00007f6e3fffd770)
0x00007f6e3fffd770:   00007f6f0249ac20 00007f6f0249ab50
0x00007f6e3fffd780:   00007f6e3fffd890 00007f6f02a3278c
0x00007f6e3fffd790:   00007f6e3fffd7b0 00007f6f028e0327
0x00007f6e3fffd7a0:   00007f6de7a3d228 000002b7e7a25310 

Instructions: (pc=0x00007f6de7a779c0)
0x00007f6de7a778c0:   00 00 00 00 00 00 00 00 00 00 00 00 00 00 00 00
0x00007f6de7a778d0:   00 00 00 00 00 00 00 00 00 00 00 00 00 00 00 00
0x00007f6de7a778e0:   00 00 00 00 00 00 00 00 00 00 00 00 00 00 00 00
0x00007f6de7a778f0:   00 00 00 00 00 00 00 00 00 00 00 00 00 00 00 00
0x00007f6de7a77900:   00 00 00 00 00 00 00 00 00 00 00 00 00 00 00 00
0x00007f6de7a77910:   00 00 00 00 00 00 00 00 00 00 00 00 00 00 00 00
0x00007f6de7a77920:   00 00 00 00 00 00 00 00 00 00 00 00 00 00 00 00
0x00007f6de7a77930:   00 00 00 00 00 00 00 00 00 00 00 00 00 00 00 00
0x00007f6de7a77940:   00 00 00 00 00 00 00 00 00 00 00 00 00 00 00 00
0x00007f6de7a77950:   00 00 00 00 00 00 00 00 00 00 00 00 00 00 00 00
0x00007f6de7a77960:   00 00 00 00 00 00 00 00 00 00 00 00 00 00 00 00
0x00007f6de7a77970:   00 00 00 00 00 00 00 00 40 23 7c 00 00 00 00 00
0x00007f6de7a77980:   00 00 00 00 02 00 00 00 f8 1a 60 f7 ff ff ff ff
0x00007f6de7a77990:   48 f0 06 a9 ff ff ff ff 00 00 00 00 00 00 00 00
0x00007f6de7a779a0:   f8 99 8a 00 00 00 00 00 00 00 00 00 00 00 00 00
0x00007f6de7a779b0:   b0 63 07 a9 ff ff ff ff 00 00 00 00 00 00 00 00
0x00007f6de7a779c0:   f8 9b 79 00 00 00 00 00 00 00 00 00 02 00 00 00
0x00007f6de7a779d0:   f8 1a 60 f7 ff ff ff ff d8 61 07 a9 ff ff ff ff
0x00007f6de7a779e0:   30 0e 00 00 0c 0d 00 00 00 00 00 00 00 00 00 00
0x00007f6de7a779f0:   38 f2 88 00 00 00 00 00 00 00 00 00 30 0e 00 00
0x00007f6de7a77a00:   c8 eb 07 a9 ff ff ff ff c8 eb 07 a9 ff ff ff ff
0x00007f6de7a77a10:   c8 eb 07 a9 ff ff ff ff c8 eb 07 a9 ff ff ff ff
0x00007f6de7a77a20:   c8 eb 07 a9 ff ff ff ff 28 ec 07 a9 ff ff ff ff
0x00007f6de7a77a30:   c8 eb 07 a9 ff ff ff ff f8 eb 07 a9 ff ff ff ff
0x00007f6de7a77a40:   78 ec 07 a9 ff ff ff ff f8 ec 07 a9 ff ff ff ff
0x00007f6de7a77a50:   28 ed 07 a9 ff ff ff ff 78 ed 07 a9 ff ff ff ff
0x00007f6de7a77a60:   f8 eb 07 a9 ff ff ff ff a8 ec 07 a9 ff ff ff ff
0x00007f6de7a77a70:   78 ed 07 a9 ff ff ff ff c8 eb 07 a9 ff ff ff ff
0x00007f6de7a77a80:   08 ee 07 a9 ff ff ff ff d8 ed 07 a9 ff ff ff ff
0x00007f6de7a77a90:   58 ee 07 a9 ff ff ff ff d8 ee 07 a9 ff ff ff ff
0x00007f6de7a77aa0:   08 ef 07 a9 ff ff ff ff 58 ef 07 a9 ff ff ff ff
0x00007f6de7a77ab0:   d8 ed 07 a9 ff ff ff ff 88 ee 07 a9 ff ff ff ff 


Stack slot to memory mapping:
stack at sp + 0 slots: 0x00007f6f0249ac20: <offset 0x00000000009e6c20> in /home/a4090/miniconda3/envs/auto_pose/lib/jvm/lib/libjvmcicompiler.so at 0x00007f6f01ab4000
stack at sp + 1 slots: 0x00007f6f0249ab50: <offset 0x00000000009e6b50> in /home/a4090/miniconda3/envs/auto_pose/lib/jvm/lib/libjvmcicompiler.so at 0x00007f6f01ab4000
stack at sp + 2 slots: 0x00007f6e3fffd890 is pointing into the stack for thread: 0x000056493e18ce70
stack at sp + 3 slots: 0x00007f6f02a3278c: <offset 0x0000000000f7e78c> in /home/a4090/miniconda3/envs/auto_pose/lib/jvm/lib/libjvmcicompiler.so at 0x00007f6f01ab4000
stack at sp + 4 slots: 0x00007f6e3fffd7b0 is pointing into the stack for thread: 0x000056493e18ce70
stack at sp + 5 slots: 0x00007f6f028e0327: <offset 0x0000000000e2c327> in /home/a4090/miniconda3/envs/auto_pose/lib/jvm/lib/libjvmcicompiler.so at 0x00007f6f01ab4000
stack at sp + 6 slots: 0x00007f6de7a3d228 points into unknown readable memory: 0x00000000007d5b58 | 58 5b 7d 00 00 00 00 00
stack at sp + 7 slots: 0x000002b7e7a25310 is an unknown value


---------------  P R O C E S S  ---------------

Threads class SMR info:
_java_thread_list=0x00007f6e00006400, length=37, elements={
0x000056493cab6960, 0x000056493ccaab00, 0x000056493ccabf50, 0x000056493ccb27a0,
0x000056493ccb3b80, 0x000056493ccb4fc0, 0x000056493ccb69e0, 0x000056493ccb7f40,
0x000056493ccc13d0, 0x00007f6f1404c0e0, 0x000056493cccf9a0, 0x00007f6f0c0327e0,
0x000056493cd172c0, 0x00007f6f20045780, 0x00007f6f20046960, 0x00007f6f2004b3e0,
0x00007f6f04122e70, 0x000056493d02b510, 0x00007f6f14140d40, 0x00007f6f14141f10,
0x00007f6f14143020, 0x000056493d1c7eb0, 0x00007f6f1414f220, 0x000056493e11c580,
0x000056493e1378e0, 0x000056493e182920, 0x000056493e18ce70, 0x000056493e1bc890,
0x000056493e1d9fa0, 0x000056493e206250, 0x000056493e208270, 0x000056493e2091e0,
0x000056493e231830, 0x000056493e248a20, 0x000056493e2d9f30, 0x00007f6de8000f50,
0x00007f6e000053d0
}

Java Threads: ( => current thread )
  0x000056493cab6960 JavaThread "main" [_thread_in_Java, id=163665, stack(0x00007ffdaad39000,0x00007ffdaae39000)]
  0x000056493ccaab00 JavaThread "Reference Handler" daemon [_thread_blocked, id=163672, stack(0x00007f6f47905000,0x00007f6f47a06000)]
  0x000056493ccabf50 JavaThread "Finalizer" daemon [_thread_blocked, id=163673, stack(0x00007f6f47804000,0x00007f6f47905000)]
  0x000056493ccb27a0 JavaThread "Signal Dispatcher" daemon [_thread_blocked, id=163674, stack(0x00007f6f46e92000,0x00007f6f46f93000)]
  0x000056493ccb3b80 JavaThread "Service Thread" daemon [_thread_blocked, id=163675, stack(0x00007f6f46d91000,0x00007f6f46e92000)]
  0x000056493ccb4fc0 JavaThread "Monitor Deflation Thread" daemon [_thread_blocked, id=163676, stack(0x00007f6f46c90000,0x00007f6f46d91000)]
  0x000056493ccb69e0 JavaThread "JVMCI-native CompilerThread0" daemon [_thread_blocked, id=163677, stack(0x00007f6f46a8f000,0x00007f6f46c90000)]
  0x000056493ccb7f40 JavaThread "C1 CompilerThread0" daemon [_thread_blocked, id=163678, stack(0x00007f6f4688e000,0x00007f6f46a8f000)]
  0x000056493ccc13d0 JavaThread "Sweeper thread" daemon [_thread_blocked, id=163679, stack(0x00007f6f4678d000,0x00007f6f4688e000)]
  0x00007f6f1404c0e0 JavaThread "C1 CompilerThread1" daemon [_thread_blocked, id=163680, stack(0x00007f6f4658c000,0x00007f6f4678d000)]
  0x000056493cccf9a0 JavaThread "Common-Cleaner" daemon [_thread_blocked, id=163681, stack(0x00007f6f4648b000,0x00007f6f4658c000)]
  0x00007f6f0c0327e0 JavaThread "C1 CompilerThread2" daemon [_thread_blocked, id=163682, stack(0x00007f6f4628a000,0x00007f6f4648b000)]
  0x000056493cd172c0 JavaThread "Notification Thread" daemon [_thread_blocked, id=163683, stack(0x00007f6f46189000,0x00007f6f4628a000)]
  0x00007f6f20045780 JavaThread "JVMCI-native CompilerThread1" daemon [_thread_blocked, id=163685, stack(0x00007f6f008ff000,0x00007f6f00b00000)]
  0x00007f6f20046960 JavaThread "JVMCI-native CompilerThread2" daemon [_thread_blocked, id=163686, stack(0x00007f6f006fe000,0x00007f6f008ff000)]
  0x00007f6f2004b3e0 JavaThread "JVMCI-native CompilerThread3" daemon [_thread_blocked, id=163687, stack(0x00007f6f004fd000,0x00007f6f006fe000)]
  0x00007f6f04122e70 JavaThread "C1 CompilerThread3" daemon [_thread_blocked, id=163688, stack(0x00007f6ee77ff000,0x00007f6ee7a00000)]
  0x000056493d02b510 JavaThread "process reaper" daemon [_thread_blocked, id=163690, stack(0x00007f6f44cad000,0x00007f6f44ccf000)]
  0x00007f6f14140d40 JavaThread "C1 CompilerThread4" daemon [_thread_blocked, id=163697, stack(0x00007f6ee4cff000,0x00007f6ee4f00000)]
  0x00007f6f14141f10 JavaThread "C1 CompilerThread5" daemon [_thread_blocked, id=163698, stack(0x00007f6ee4afe000,0x00007f6ee4cff000)]
  0x00007f6f14143020 JavaThread "C1 CompilerThread6" daemon [_thread_blocked, id=163699, stack(0x00007f6ee48fd000,0x00007f6ee4afe000)]
  0x000056493d1c7eb0 JavaThread "TruffleCompilerThread-30" daemon [_thread_blocked, id=163700, stack(0x00007f6ee47fc000,0x00007f6ee48fd000)]
  0x00007f6f1414f220 JavaThread "C1 CompilerThread7" daemon [_thread_blocked, id=163728, stack(0x00007f6ecc3ff000,0x00007f6ecc600000)]
  0x000056493e11c580 JavaThread "TruffleCompilerThread-32" daemon [_thread_blocked, id=163729, stack(0x00007f6ecc6c9000,0x00007f6ecc7ca000)]
  0x000056493e1378e0 JavaThread "TruffleCompilerThread-33" daemon [_thread_blocked, id=163730, stack(0x00007f6e4f8ff000,0x00007f6e4fa00000)]
  0x000056493e182920 JavaThread "TruffleCompilerThread-34" daemon [_thread_blocked, id=163731, stack(0x00007f6e472ff000,0x00007f6e47400000)]
=>0x000056493e18ce70 JavaThread "TruffleCompilerThread-35" daemon [_thread_in_native, id=163732, stack(0x00007f6e3feff000,0x00007f6e40000000)]
  0x000056493e1bc890 JavaThread "TruffleCompilerThread-36" daemon [_thread_blocked, id=163733, stack(0x00007f6e37cff000,0x00007f6e37e00000)]
  0x000056493e1d9fa0 JavaThread "TruffleCompilerThread-37" daemon [_thread_blocked, id=163734, stack(0x00007f6e2ecff000,0x00007f6e2ee00000)]
  0x000056493e206250 JavaThread "TruffleCompilerThread-38" daemon [_thread_blocked, id=163735, stack(0x00007f6e268ff000,0x00007f6e26a00000)]
  0x000056493e208270 JavaThread "TruffleCompilerThread-39" daemon [_thread_blocked, id=163736, stack(0x00007f6e24aff000,0x00007f6e24c00000)]
  0x000056493e2091e0 JavaThread "TruffleCompilerThread-40" daemon [_thread_blocked, id=163737, stack(0x00007f6e249fe000,0x00007f6e24aff000)]
  0x000056493e231830 JavaThread "python-actions-pool-1-thread-1" daemon [_thread_blocked, id=163738, stack(0x00007f6e060ff000,0x00007f6e06200000)]
  0x000056493e248a20 JavaThread "nfi-gc" daemon [_thread_blocked, id=163739, stack(0x00007f6dffeff000,0x00007f6e00000000)]
  0x000056493e2d9f30 JavaThread "python-actions-pool-2-thread-1" daemon [_thread_blocked, id=163740, stack(0x00007f6ded1ff000,0x00007f6ded300000)]
  0x00007f6de8000f50 JavaThread "python-actions-pool-3-thread-1" daemon [_thread_blocked, id=163741, stack(0x00007f6dd7aff000,0x00007f6dd7c00000)]
  0x00007f6e000053d0 JavaThread "python-actions-pool-4-thread-1" daemon [_thread_blocked, id=163742, stack(0x00007f6dd79fe000,0x00007f6dd7aff000)]

Other Threads:
  0x000056493cca6800 VMThread "VM Thread" [stack: 0x00007f6f47a08000,0x00007f6f47b08000] [id=163671] _threads_hazard_ptr=0x00007f6e00006400
  0x000056493cd18c30 WatcherThread [stack: 0x00007f6f46089000,0x00007f6f46189000] [id=163684]
  0x000056493caed0b0 GCTaskThread "GC Thread#0" [stack: 0x00007f6f57823000,0x00007f6f57923000] [id=163666]
  0x00007f6f34008ea0 GCTaskThread "GC Thread#1" [stack: 0x00007f6ece200000,0x00007f6ece300000] [id=163701]
  0x00007f6f340098f0 GCTaskThread "GC Thread#2" [stack: 0x00007f6ece0fe000,0x00007f6ece1fe000] [id=163702]
  0x00007f6f3400a340 GCTaskThread "GC Thread#3" [stack: 0x00007f6ecdffc000,0x00007f6ece0fc000] [id=163703]
  0x00007f6f3400b180 GCTaskThread "GC Thread#4" [stack: 0x00007f6ecdefa000,0x00007f6ecdffa000] [id=163704]
  0x00007f6f3400bfc0 GCTaskThread "GC Thread#5" [stack: 0x00007f6ecddf8000,0x00007f6ecdef8000] [id=163705]
  0x00007f6f3400ce00 GCTaskThread "GC Thread#6" [stack: 0x00007f6ecdcf6000,0x00007f6ecddf6000] [id=163706]
  0x00007f6f3400dc40 GCTaskThread "GC Thread#7" [stack: 0x00007f6ecdbf4000,0x00007f6ecdcf4000] [id=163707]
  0x00007f6f3400ea80 GCTaskThread "GC Thread#8" [stack: 0x00007f6ecdaf2000,0x00007f6ecdbf2000] [id=163708]
  0x00007f6f3400f8c0 GCTaskThread "GC Thread#9" [stack: 0x00007f6ecd9f0000,0x00007f6ecdaf0000] [id=163709]
  0x00007f6f34010700 GCTaskThread "GC Thread#10" [stack: 0x00007f6ecd8ee000,0x00007f6ecd9ee000] [id=163710]
  0x00007f6f34011560 GCTaskThread "GC Thread#11" [stack: 0x00007f6ecd7ec000,0x00007f6ecd8ec000] [id=163711]
  0x00007f6f340123e0 GCTaskThread "GC Thread#12" [stack: 0x00007f6ecd6ea000,0x00007f6ecd7ea000] [id=163712]
  0x00007f6f34013260 GCTaskThread "GC Thread#13" [stack: 0x00007f6ecd5e8000,0x00007f6ecd6e8000] [id=163713]
  0x00007f6f340140e0 GCTaskThread "GC Thread#14" [stack: 0x00007f6ecd4e6000,0x00007f6ecd5e6000] [id=163714]
  0x00007f6f34014f60 GCTaskThread "GC Thread#15" [stack: 0x00007f6ecd3e4000,0x00007f6ecd4e4000] [id=163715]
  0x00007f6f34015de0 GCTaskThread "GC Thread#16" [stack: 0x00007f6ecd2e2000,0x00007f6ecd3e2000] [id=163716]
  0x00007f6f34016c60 GCTaskThread "GC Thread#17" [stack: 0x00007f6ecd1e0000,0x00007f6ecd2e0000] [id=163717]
  0x00007f6f34017ae0 GCTaskThread "GC Thread#18" [stack: 0x00007f6ecd0de000,0x00007f6ecd1de000] [id=163718]
  0x00007f6f34018960 GCTaskThread "GC Thread#19" [stack: 0x00007f6eccfdc000,0x00007f6ecd0dc000] [id=163719]
  0x00007f6f340197e0 GCTaskThread "GC Thread#20" [stack: 0x00007f6ecceda000,0x00007f6eccfda000] [id=163720]
  0x00007f6f3401a660 GCTaskThread "GC Thread#21" [stack: 0x00007f6eccdd8000,0x00007f6ecced8000] [id=163721]
  0x00007f6f3401b4e0 GCTaskThread "GC Thread#22" [stack: 0x00007f6ecccd6000,0x00007f6eccdd6000] [id=163722]
  0x000056493cafd700 ConcurrentGCThread "G1 Main Marker" [stack: 0x00007f6f57721000,0x00007f6f57821000] [id=163667]
  0x000056493cafe6a0 ConcurrentGCThread "G1 Conc#0" [stack: 0x00007f6f5761f000,0x00007f6f5771f000] [id=163668]
  0x00007f6f48000d30 ConcurrentGCThread "G1 Conc#1" [stack: 0x00007f6eccbd4000,0x00007f6ecccd4000] [id=163723]
  0x00007f6f48001790 ConcurrentGCThread "G1 Conc#2" [stack: 0x00007f6eccad2000,0x00007f6eccbd2000] [id=163724]
  0x00007f6f48002220 ConcurrentGCThread "G1 Conc#3" [stack: 0x00007f6ecc9d0000,0x00007f6eccad0000] [id=163725]
  0x00007f6f48002cb0 ConcurrentGCThread "G1 Conc#4" [stack: 0x00007f6ecc8ce000,0x00007f6ecc9ce000] [id=163726]
  0x00007f6f48003740 ConcurrentGCThread "G1 Conc#5" [stack: 0x00007f6ecc7cc000,0x00007f6ecc8cc000] [id=163727]
  0x000056493cc72b50 ConcurrentGCThread "G1 Refine#0" [stack: 0x00007f6f47dff000,0x00007f6f47eff000] [id=163669]
  0x000056493cc73a60 ConcurrentGCThread "G1 Service" [stack: 0x00007f6f47cfd000,0x00007f6f47dfd000] [id=163670]

Threads with active compile tasks:
JVMCI-native CompilerThread3     1528 5978   !   4       com.oracle.graal.python.nodes.bytecode.PBytecodeRootNode::bytecodeLoop (7783 bytes)

VM state: synchronizing (normal execution)

VM Mutex/Monitor currently owned by a thread:  ([mutex/lock_event])
[0x000056493cab33e0] Threads_lock - owner thread: 0x000056493cca6800
[0x000056493cab3b90] Heap_lock - owner thread: 0x000056493cafd700

Heap address: 0x0000000082000000, size: 30688 MB, Compressed Oops mode: Zero based, Oop shift amount: 3

CDS archive(s) mapped at: [0x0000000800000000-0x0000000800bcb000-0x0000000800bcb000), size 12365824, SharedBaseAddress: 0x0000000800000000, ArchiveRelocationMode: 0.
Compressed class space mapped at: 0x0000000801000000-0x0000000841000000, reserved size: 1073741824
Narrow klass base: 0x0000000800000000, Narrow klass shift: 0, Narrow klass range: 0x100000000

GC Precious Log:
 CPUs: 32 total, 32 available
 Memory: 125G
 Large Page Support: Disabled
 NUMA Support: Disabled
 Compressed Oops: Enabled (Zero based)
 Heap Region Size: 16M
 Heap Min Capacity: 16M
 Heap Initial Capacity: 2016M
 Heap Max Capacity: 30688M
 Pre-touch: Disabled
 Parallel Workers: 23
 Concurrent Workers: 6
 Concurrent Refinement Workers: 23
 Periodic GC: Disabled

Heap:
 garbage-first heap   total 229376K, used 65400K [0x0000000082000000, 0x0000000800000000)
  region size 16384K, 2 young (32768K), 1 survivors (16384K)
 Metaspace       used 71308K, committed 71616K, reserved 1114112K
  class space    used 9971K, committed 10112K, reserved 1048576K

Heap Regions: E=young(eden), S=young(survivor), O=old, HS=humongous(starts), HC=humongous(continues), CS=collection set, F=free, OA=open archive, CA=closed archive, TAMS=top-at-mark-start (previous, next)
|   0|0x0000000082000000, 0x0000000083000000, 0x0000000083000000|100%| O|  |TAMS 0x0000000083000000, 0x0000000083000000| Untracked 
|   1|0x0000000083000000, 0x0000000084000000, 0x0000000084000000|100%| O|  |TAMS 0x0000000083405c00, 0x0000000083841e00| Untracked 
|   2|0x0000000084000000, 0x0000000084029400, 0x0000000085000000|  1%| O|  |TAMS 0x0000000084000000, 0x0000000084000000| Untracked 
|   3|0x0000000085000000, 0x0000000085000000, 0x0000000086000000|  0%| F|  |TAMS 0x0000000085000000, 0x0000000085000000| Untracked 
|   4|0x0000000086000000, 0x0000000086000000, 0x0000000087000000|  0%| F|  |TAMS 0x0000000086000000, 0x0000000086000000| Untracked 
|   5|0x0000000087000000, 0x0000000087000000, 0x0000000088000000|  0%| F|  |TAMS 0x0000000087000000, 0x0000000087000000| Untracked 
|   6|0x0000000088000000, 0x0000000088fe1e00, 0x0000000089000000| 99%| S|CS|TAMS 0x0000000088000000, 0x0000000088000000| Complete 
|   7|0x0000000089000000, 0x0000000089000000, 0x000000008a000000|  0%| F|  |TAMS 0x0000000089000000, 0x0000000089000000| Untracked 
|   8|0x000000008a000000, 0x000000008a000000, 0x000000008b000000|  0%| F|  |TAMS 0x000000008a000000, 0x000000008a000000| Untracked 
|   9|0x000000008b000000, 0x000000008b000000, 0x000000008c000000|  0%| F|  |TAMS 0x000000008b000000, 0x000000008b000000| Untracked 
| 120|0x00000000fa000000, 0x00000000fa000000, 0x00000000fb000000|  0%| F|  |TAMS 0x00000000fa000000, 0x00000000fa000000| Untracked 
| 125|0x00000000ff000000, 0x00000000ff1bff90, 0x0000000100000000| 10%| E|  |TAMS 0x00000000ff000000, 0x00000000ff000000| Complete 
|1916|0x00000007fe000000, 0x00000007fef46000, 0x00000007ff000000| 95%|OA|  |TAMS 0x00000007fef46000, 0x00000007fef46000| Untracked 
|1917|0x00000007ff000000, 0x00000007ff08d000, 0x0000000800000000|  3%|CA|  |TAMS 0x00000007ff08d000, 0x00000007ff08d000| Untracked 

Card table byte_map: [0x00007f6f975bb000,0x00007f6f9b1ab000] _byte_map_base: 0x00007f6f971ab000

Marking Bits (Prev, Next): (CMBitMap*) 0x000056493caedb90, (CMBitMap*) 0x000056493caedb50
 Prev Bits: [0x00007f6f57acb000, 0x00007f6f75a4b000)
 Next Bits: [0x00007f6f75a4b000, 0x00007f6f939cb000)

Polling page: 0x00007f6faf7d2000

Metaspace:

Usage:
  Non-class:     59.90 MB used.
      Class:      9.74 MB used.
       Both:     69.64 MB used.

Virtual space:
  Non-class space:       64.00 MB reserved,      60.06 MB ( 94%) committed,  1 nodes.
      Class space:        1.00 GB reserved,       9.88 MB ( <1%) committed,  1 nodes.
             Both:        1.06 GB reserved,      69.94 MB (  6%) committed. 

Chunk freelists:
   Non-Class:  3.33 MB
       Class:  5.98 MB
        Both:  9.31 MB

MaxMetaspaceSize: unlimited
CompressedClassSpaceSize: 1.00 GB
Initial GC threshold: 21.00 MB
Current GC threshold: 99.38 MB
CDS: on
MetaspaceReclaimPolicy: balanced
 - commit_granule_bytes: 65536.
 - commit_granule_words: 8192.
 - virtual_space_node_default_size: 8388608.
 - enlarge_chunks_in_place: 1.
 - new_chunks_are_fully_committed: 0.
 - uncommit_free_chunks: 1.
 - use_allocation_guard: 0.
 - handle_deallocations: 1.


Internal statistics:

num_allocs_failed_limit: 16.
num_arena_births: 326.
num_arena_deaths: 0.
num_vsnodes_births: 2.
num_vsnodes_deaths: 0.
num_space_committed: 1119.
num_space_uncommitted: 0.
num_chunks_returned_to_freelist: 16.
num_chunks_taken_from_freelist: 2718.
num_chunk_merges: 10.
num_chunk_splits: 2125.
num_chunks_enlarged: 1746.
num_inconsistent_stats: 0.

CodeHeap 'non-profiled nmethods': size=117208Kb used=2724Kb max_used=2724Kb free=114483Kb
 bounds [0x00007f6fa850d000, 0x00007f6fa87bd000, 0x00007f6faf783000]
CodeHeap 'profiled nmethods': size=117208Kb used=16881Kb max_used=16881Kb free=100326Kb
 bounds [0x00007f6fa0783000, 0x00007f6fa1803000, 0x00007f6fa79f9000]
CodeHeap 'non-nmethods': size=11344Kb used=5418Kb max_used=5439Kb free=5925Kb
 bounds [0x00007f6fa79f9000, 0x00007f6fa7f59000, 0x00007f6fa850d000]
 total_blobs=6489 nmethods=5655 adapters=726
 compilation: enabled
              stopped_count=0, restarted_count=0
 full_count=0

JVMCI Events (20 events):
Event: 1.449 Thread 0x00007f6f20046960 compacted oop handles in JVMCI runtime 2 from 234 to 177
Event: 1.449 Thread 0x00007f6f20045780 compacted oop handles in JVMCI runtime 1 from 246 to 228
Event: 1.450 Thread 0x00007f6f20046960 compacted oop handles in JVMCI runtime 2 from 185 to 184
Event: 1.450 Thread 0x00007f6f20045780 compacted oop handles in JVMCI runtime 1 from 229 to 178
Event: 1.456 Thread 0x000056493ccb69e0 compacted oop handles in JVMCI runtime 0 from 174 to 155
Event: 1.459 Thread 0x00007f6f20045780 compacted oop handles in JVMCI runtime 1 from 252 to 236
Event: 1.459 Thread 0x00007f6f20045780 compacted oop handles in JVMCI runtime 1 from 237 to 174
Event: 1.461 Thread 0x000056493e1d9fa0 compacted oop handles in JVMCI runtime 10 from 2185 to 1435
Event: 1.462 Thread 0x000056493e1d9fa0 compacted oop handles in JVMCI runtime 10 from 1454 to 1371
Event: 1.466 Thread 0x00007f6f20046960 compacted oop handles in JVMCI runtime 2 from 346 to 310
Event: 1.466 Thread 0x00007f6f20046960 compacted oop handles in JVMCI runtime 2 from 311 to 258
Event: 1.467 Thread 0x000056493ccb69e0 compacted oop handles in JVMCI runtime 0 from 200 to 192
Event: 1.467 Thread 0x000056493ccb69e0 compacted oop handles in JVMCI runtime 0 from 193 to 146
Event: 1.472 Thread 0x00007f6f20046960 compacted oop handles in JVMCI runtime 2 from 319 to 290
Event: 1.473 Thread 0x00007f6f20046960 compacted oop handles in JVMCI runtime 2 from 295 to 292
Event: 1.476 Thread 0x000056493ccb69e0 compacted oop handles in JVMCI runtime 0 from 175 to 166
Event: 1.476 Thread 0x000056493ccb69e0 compacted oop handles in JVMCI runtime 0 from 167 to 123
Event: 1.478 Thread 0x000056493ccb69e0 compacted oop handles in JVMCI runtime 0 from 195 to 174
Event: 1.490 Thread 0x000056493ccb69e0 compacted oop handles in JVMCI runtime 0 from 236 to 221
Event: 1.498 Thread 0x00007f6f20045780 compacted oop handles in JVMCI runtime 1 from 331 to 274

Compilation events (20 events):
Event: 1.491 Thread 0x00007f6f14143020 nmethod 6478 0x00007f6fa1783210 code [0x00007f6fa1785540, 0x00007f6fa17abaa0]
Event: 1.499 Thread 0x00007f6f20045780 nmethod 6452 0x00007f6fa87b4390 code [0x00007f6fa87b45c0, 0x00007f6fa87b53a0]
Event: 1.499 Thread 0x00007f6f1404c0e0 6519       3       org.graalvm.compiler.truffle.runtime.hotspot.libgraal.TruffleFromLibGraalEntryPoints::isValueType (21 bytes)
Event: 1.499 Thread 0x00007f6f0c0327e0 6520       3       org.graalvm.compiler.truffle.runtime.GraalTruffleRuntime::isValueType (16 bytes)
Event: 1.499 Thread 0x00007f6f14143020 6521   !   3       org.graalvm.compiler.truffle.runtime.GraalTruffleRuntime::getAnnotation (47 bytes)
Event: 1.499 Thread 0x00007f6f04122e70 6522       3       jdk.vm.ci.hotspot.HotSpotResolvedObjectTypeImpl::getAnnotation (12 bytes)
Event: 1.499 Thread 0x00007f6f14140d40 6523       3       jdk.vm.ci.hotspot.HotSpotJDKReflection::getAnnotation (12 bytes)
Event: 1.499 Thread 0x00007f6f14141f10 6524       3       jdk.vm.ci.hotspot.HotSpotJDKReflection::getMirror (15 bytes)
Event: 1.499 Thread 0x00007f6f0c0327e0 nmethod 6520 0x00007f6fa17b6810 code [0x00007f6fa17b69c0, 0x00007f6fa17b6b60]
Event: 1.499 Thread 0x00007f6f1404c0e0 nmethod 6519 0x00007f6fa17b6c10 code [0x00007f6fa17b6e00, 0x00007f6fa17b7710]
Event: 1.499 Thread 0x00007f6f14141f10 nmethod 6524 0x00007f6fa17b7890 code [0x00007f6fa17b7a60, 0x00007f6fa17b8330]
Event: 1.499 Thread 0x00007f6f04122e70 nmethod 6522 0x00007f6fa17b8490 code [0x00007f6fa17b8640, 0x00007f6fa17b89b0]
Event: 1.499 Thread 0x00007f6f14140d40 nmethod 6523 0x00007f6fa17b8a90 code [0x00007f6fa17b8cc0, 0x00007f6fa17b9ca0]
Event: 1.500 Thread 0x00007f6f14143020 nmethod 6521 0x00007f6fa17b9f90 code [0x00007f6fa17ba2a0, 0x00007f6fa17bbfd0]
Event: 1.501 Thread 0x00007f6f14141f10 6525       3       com.oracle.graal.python.lib.PyObjectIsTrueNodeGen$Uncached::execute (350 bytes)
Event: 1.502 Thread 0x00007f6f14141f10 nmethod 6525 0x00007f6fa17bc710 code [0x00007f6fa17bcd40, 0x00007f6fa17c4b80]
Event: 1.503 Thread 0x00007f6f04122e70 6526       3       jdk.vm.ci.hotspot.HandleCleaner::doCleanup (44 bytes)
Event: 1.503 Thread 0x00007f6f1404c0e0 6527  s    3       jdk.vm.ci.hotspot.Cleaner::remove (87 bytes)
Event: 1.503 Thread 0x00007f6f04122e70 nmethod 6526 0x00007f6fa17c5990 code [0x00007f6fa17c5b40, 0x00007f6fa17c5d20]
Event: 1.503 Thread 0x00007f6f1404c0e0 nmethod 6527 0x00007f6fa17c5e10 code [0x00007f6fa17c5fe0, 0x00007f6fa17c65d0]

GC Heap History (12 events):
Event: 0.386 GC heap before
{Heap before GC invocations=0 (full 0):
 garbage-first heap   total 2097152K, used 81740K [0x0000000082000000, 0x0000000800000000)
  region size 16384K, 5 young (81920K), 0 survivors (0K)
 Metaspace       used 21282K, committed 21504K, reserved 1114112K
  class space    used 2112K, committed 2240K, reserved 1048576K
}
Event: 0.389 GC heap after
{Heap after GC invocations=1 (full 0):
 garbage-first heap   total 2097152K, used 30966K [0x0000000082000000, 0x0000000800000000)
  region size 16384K, 1 young (16384K), 1 survivors (16384K)
 Metaspace       used 21282K, committed 21504K, reserved 1114112K
  class space    used 2112K, committed 2240K, reserved 1048576K
}
Event: 0.602 GC heap before
{Heap before GC invocations=2 (full 0):
 garbage-first heap   total 229376K, used 80118K [0x0000000082000000, 0x0000000800000000)
  region size 16384K, 5 young (81920K), 1 survivors (16384K)
 Metaspace       used 35898K, committed 36160K, reserved 1114112K
  class space    used 4448K, committed 4608K, reserved 1048576K
}
Event: 0.605 GC heap after
{Heap after GC invocations=3 (full 0):
 garbage-first heap   total 229376K, used 37788K [0x0000000082000000, 0x0000000800000000)
  region size 16384K, 1 young (16384K), 1 survivors (16384K)
 Metaspace       used 35898K, committed 36160K, reserved 1114112K
  class space    used 4448K, committed 4608K, reserved 1048576K
}
Event: 0.724 GC heap before
{Heap before GC invocations=4 (full 0):
 garbage-first heap   total 229376K, used 70556K [0x0000000082000000, 0x0000000800000000)
  region size 16384K, 3 young (49152K), 1 survivors (16384K)
 Metaspace       used 43541K, committed 43776K, reserved 1114112K
  class space    used 5894K, committed 6016K, reserved 1048576K
}
Event: 0.726 GC heap after
{Heap after GC invocations=5 (full 0):
 garbage-first heap   total 229376K, used 41042K [0x0000000082000000, 0x0000000800000000)
  region size 16384K, 1 young (16384K), 1 survivors (16384K)
 Metaspace       used 43541K, committed 43776K, reserved 1114112K
  class space    used 5894K, committed 6016K, reserved 1048576K
}
Event: 0.949 GC heap before
{Heap before GC invocations=5 (full 0):
 garbage-first heap   total 229376K, used 106578K [0x0000000082000000, 0x0000000800000000)
  region size 16384K, 5 young (81920K), 1 survivors (16384K)
 Metaspace       used 58282K, committed 58560K, reserved 1114112K
  class space    used 8626K, committed 8768K, reserved 1048576K
}
Event: 0.953 GC heap after
{Heap after GC invocations=6 (full 0):
 garbage-first heap   total 229376K, used 48699K [0x0000000082000000, 0x0000000800000000)
  region size 16384K, 1 young (16384K), 1 survivors (16384K)
 Metaspace       used 58282K, committed 58560K, reserved 1114112K
  class space    used 8626K, committed 8768K, reserved 1048576K
}
Event: 1.001 GC heap before
{Heap before GC invocations=6 (full 0):
 garbage-first heap   total 229376K, used 48699K [0x0000000082000000, 0x0000000800000000)
  region size 16384K, 2 young (32768K), 1 survivors (16384K)
 Metaspace       used 60373K, committed 60608K, reserved 1114112K
  class space    used 8849K, committed 8960K, reserved 1048576K
}
Event: 1.004 GC heap after
{Heap after GC invocations=7 (full 0):
 garbage-first heap   total 229376K, used 51531K [0x0000000082000000, 0x0000000800000000)
  region size 16384K, 1 young (16384K), 1 survivors (16384K)
 Metaspace       used 60373K, committed 60608K, reserved 1114112K
  class space    used 8849K, committed 8960K, reserved 1048576K
}
Event: 1.491 GC heap before
{Heap before GC invocations=8 (full 0):
 garbage-first heap   total 229376K, used 117067K [0x0000000082000000, 0x0000000800000000)
  region size 16384K, 5 young (81920K), 1 survivors (16384K)
 Metaspace       used 71071K, committed 71296K, reserved 1114112K
  class space    used 9948K, committed 10048K, reserved 1048576K
}
Event: 1.498 GC heap after
{Heap after GC invocations=9 (full 0):
 garbage-first heap   total 229376K, used 65400K [0x0000000082000000, 0x0000000800000000)
  region size 16384K, 1 young (16384K), 1 survivors (16384K)
 Metaspace       used 71071K, committed 71296K, reserved 1114112K
  class space    used 9948K, committed 10048K, reserved 1048576K
}

Dll operation events (11 events):
Event: 0.001 Loaded shared library /home/a4090/miniconda3/envs/auto_pose/lib/jvm/lib/libjava.so
Event: 0.005 Loaded shared library /home/a4090/miniconda3/envs/auto_pose/lib/jvm/lib/libjsvml.so
Event: 0.019 Loaded shared library /home/a4090/miniconda3/envs/auto_pose/lib/jvm/lib/libjvmcicompiler.so
Event: 0.019 Loaded shared library /home/a4090/miniconda3/envs/auto_pose/lib/jvm/lib/libnio.so
Event: 0.020 Loaded shared library /home/a4090/miniconda3/envs/auto_pose/lib/jvm/lib/libzip.so
Event: 0.022 Loaded shared library /home/a4090/miniconda3/envs/auto_pose/lib/jvm/lib/libjimage.so
Event: 0.025 Loaded shared library /home/a4090/miniconda3/envs/auto_pose/lib/jvm/lib/libmanagement.so
Event: 0.026 Loaded shared library /home/a4090/miniconda3/envs/auto_pose/lib/jvm/lib/libmanagement_ext.so
Event: 0.028 Loaded shared library /home/a4090/miniconda3/envs/auto_pose/lib/jvm/lib/libnet.so
Event: 0.360 Loaded shared library /home/a4090/miniconda3/envs/auto_pose/lib/jvm/lib/libverify.so
Event: 1.177 Loaded shared library /home/a4090/miniconda3/envs/auto_pose/lib/jvm/lib/libtrufflenfi.so

Deoptimization events (20 events):
Event: 1.461 Thread 0x000056493cab6960 Uncommon trap: trap_request=0xffffffed fr.pc=0x00007f6fa8778623 relative=0x0000000000000423
Event: 1.461 Thread 0x000056493cab6960 Uncommon trap: reason=null_assert_or_unreached0 action=reinterpret pc=0x00007f6fa8778623 method=com.oracle.truffle.api.dsl.InlineSupport$InlinableField.resolveReceiver(Lcom/oracle/truffle/api/nodes/Node;)Ljava/lang/Object; @ 23 jvmci
Event: 1.461 Thread 0x000056493cab6960 DEOPT PACKING pc=0x00007f6fa8778623 sp=0x00007ffdaae23eb0
Event: 1.461 Thread 0x000056493cab6960 DEOPT UNPACKING pc=0x00007f6fa7a4fc25 sp=0x00007ffdaae23268 mode 3
Event: 1.461 Thread 0x000056493cab6960 Uncommon trap: trap_request=0xffffff25 fr.pc=0x00007f6fa87a7ef5 relative=0x0000000000003ff5
Event: 1.461 Thread 0x000056493cab6960 Uncommon trap: reason=transfer_to_interpreter action=reinterpret pc=0x00007f6fa87a7ef5 method=com.oracle.graal.python.builtins.objects.getsetdescriptor.DescriptorBuiltins$DescriptorCheckNode.doIt(Ljava/lang/Object;Ljava/lang/Object;Ljava/lang/Object;Lcom/
Event: 1.461 Thread 0x000056493cab6960 DEOPT PACKING pc=0x00007f6fa87a7ef5 sp=0x00007ffdaae22cb0
Event: 1.461 Thread 0x000056493cab6960 DEOPT UNPACKING pc=0x00007f6fa7a4fc25 sp=0x00007ffdaae21c98 mode 3
Event: 1.477 Thread 0x000056493cab6960 Uncommon trap: trap_request=0xffffffdd fr.pc=0x00007f6fa87b100f relative=0x0000000000000a6f
Event: 1.477 Thread 0x000056493cab6960 Uncommon trap: reason=class_check action=reinterpret pc=0x00007f6fa87b100f method=java.util.TimSort.binarySort([Ljava/lang/Object;IIILjava/util/Comparator;)V @ 32 jvmci
Event: 1.477 Thread 0x000056493cab6960 DEOPT PACKING pc=0x00007f6fa87b100f sp=0x00007ffdaae23930
Event: 1.477 Thread 0x000056493cab6960 DEOPT UNPACKING pc=0x00007f6fa7a4fc25 sp=0x00007ffdaae22df0 mode 3
Event: 1.483 Thread 0x000056493cab6960 Uncommon trap: trap_request=0xffffffed fr.pc=0x00007f6fa87ae1d9 relative=0x0000000000000939
Event: 1.483 Thread 0x000056493cab6960 Uncommon trap: reason=null_assert_or_unreached0 action=reinterpret pc=0x00007f6fa87ae1d9 method=com.oracle.truffle.api.strings.TruffleString$EqualNode.checkContentEquals(Lcom/oracle/truffle/api/nodes/Node;Lcom/oracle/truffle/api/strings/AbstractTruffleStr
Event: 1.483 Thread 0x000056493cab6960 DEOPT PACKING pc=0x00007f6fa87ae1d9 sp=0x00007ffdaae23fe0
Event: 1.483 Thread 0x000056493cab6960 DEOPT UNPACKING pc=0x00007f6fa7a4fc25 sp=0x00007ffdaae23480 mode 3
Event: 1.501 Thread 0x000056493cab6960 Uncommon trap: trap_request=0xffffffed fr.pc=0x00007f6fa877497e relative=0x000000000000007e
Event: 1.501 Thread 0x000056493cab6960 Uncommon trap: reason=null_assert_or_unreached0 action=reinterpret pc=0x00007f6fa877497e method=org.graalvm.compiler.truffle.runtime.hotspot.HotSpotThreadLocalHandshake.poll(Lcom/oracle/truffle/api/nodes/Node;)V @ 0 jvmci
Event: 1.501 Thread 0x000056493cab6960 DEOPT PACKING pc=0x00007f6fa877497e sp=0x00007ffdaae26ab0
Event: 1.501 Thread 0x000056493cab6960 DEOPT UNPACKING pc=0x00007f6fa7a4fc25 sp=0x00007ffdaae25f38 mode 3

Classes unloaded (0 events):
No events

Classes redefined (0 events):
No events

Internal exceptions (20 events):
Event: 1.312 Thread 0x000056493cab6960 Exception <a 'sun/nio/fs/UnixException'{0x000000008904aea8}> (0x000000008904aea8) 
thrown [src/hotspot/share/prims/jni.cpp, line 516]
Event: 1.312 Thread 0x000056493cab6960 Exception <a 'sun/nio/fs/UnixException'{0x000000008904f5c8}> (0x000000008904f5c8) 
thrown [src/hotspot/share/prims/jni.cpp, line 516]
Event: 1.313 Thread 0x000056493cab6960 Exception <a 'sun/nio/fs/UnixException'{0x000000008907d2d0}> (0x000000008907d2d0) 
thrown [src/hotspot/share/prims/jni.cpp, line 516]
Event: 1.313 Thread 0x000056493cab6960 Exception <a 'sun/nio/fs/UnixException'{0x0000000089082458}> (0x0000000089082458) 
thrown [src/hotspot/share/prims/jni.cpp, line 516]
Event: 1.343 Thread 0x000056493cab6960 Exception <a 'sun/nio/fs/UnixException'{0x0000000089523698}> (0x0000000089523698) 
thrown [src/hotspot/share/prims/jni.cpp, line 516]
Event: 1.343 Thread 0x000056493cab6960 Exception <a 'sun/nio/fs/UnixException'{0x0000000089526840}> (0x0000000089526840) 
thrown [src/hotspot/share/prims/jni.cpp, line 516]
Event: 1.350 Thread 0x000056493cab6960 Exception <a 'sun/nio/fs/UnixException'{0x0000000089615bc8}> (0x0000000089615bc8) 
thrown [src/hotspot/share/prims/jni.cpp, line 516]
Event: 1.350 Thread 0x000056493cab6960 Exception <a 'sun/nio/fs/UnixException'{0x0000000089618dd8}> (0x0000000089618dd8) 
thrown [src/hotspot/share/prims/jni.cpp, line 516]
Event: 1.376 Thread 0x000056493cab6960 Implicit null exception at 0x00007f6fa856ae2b to 0x00007f6fa856b0f3
Event: 1.376 Thread 0x000056493cab6960 Implicit null exception at 0x00007f6fa85a38a0 to 0x00007f6fa85a3b12
Event: 1.405 Thread 0x000056493cab6960 Exception <a 'java/lang/ClassNotFoundException'{0x0000000089a3a7e0}: jdk/jfr/internal/handlers/EventHandler2816_1740645651483-163665> (0x0000000089a3a7e0) 
thrown [src/hotspot/share/classfile/systemDictionary.cpp, line 256]
Event: 1.407 Thread 0x000056493cab6960 Implicit null exception at 0x00007f6fa86d362a to 0x00007f6fa86d3bb8
Event: 1.423 Thread 0x000056493cab6960 Exception <a 'sun/nio/fs/UnixException'{0x0000000089b58dd8}> (0x0000000089b58dd8) 
thrown [src/hotspot/share/prims/jni.cpp, line 516]
Event: 1.423 Thread 0x000056493cab6960 Exception <a 'sun/nio/fs/UnixException'{0x0000000089b5bfb8}> (0x0000000089b5bfb8) 
thrown [src/hotspot/share/prims/jni.cpp, line 516]
Event: 1.426 Thread 0x000056493cab6960 Exception <a 'sun/nio/fs/UnixException'{0x0000000089b81688}> (0x0000000089b81688) 
thrown [src/hotspot/share/prims/jni.cpp, line 516]
Event: 1.426 Thread 0x000056493cab6960 Exception <a 'sun/nio/fs/UnixException'{0x0000000089b85308}> (0x0000000089b85308) 
thrown [src/hotspot/share/prims/jni.cpp, line 516]
Event: 1.455 Thread 0x000056493cab6960 Exception <a 'sun/nio/fs/UnixException'{0x0000000089cf9258}> (0x0000000089cf9258) 
thrown [src/hotspot/share/prims/jni.cpp, line 516]
Event: 1.455 Thread 0x000056493cab6960 Exception <a 'sun/nio/fs/UnixException'{0x0000000089cfb6f0}> (0x0000000089cfb6f0) 
thrown [src/hotspot/share/prims/jni.cpp, line 516]
Event: 1.458 Thread 0x000056493cab6960 Exception <a 'sun/nio/fs/UnixException'{0x0000000089d27d00}> (0x0000000089d27d00) 
thrown [src/hotspot/share/prims/jni.cpp, line 516]
Event: 1.459 Thread 0x000056493cab6960 Exception <a 'sun/nio/fs/UnixException'{0x0000000089d2a160}> (0x0000000089d2a160) 
thrown [src/hotspot/share/prims/jni.cpp, line 516]

VM Operations (20 events):
Event: 1.161 Executing VM operation: HandshakeAllThreads
Event: 1.161 Executing VM operation: HandshakeAllThreads done
Event: 1.236 Executing VM operation: ICBufferFull
Event: 1.236 Executing VM operation: ICBufferFull done
Event: 1.333 Executing VM operation: HandshakeAllThreads
Event: 1.333 Executing VM operation: HandshakeAllThreads done
Event: 1.333 Executing VM operation: HandshakeAllThreads
Event: 1.333 Executing VM operation: HandshakeAllThreads done
Event: 1.344 Executing VM operation: ICBufferFull
Event: 1.345 Executing VM operation: ICBufferFull done
Event: 1.352 Executing VM operation: HandshakeAllThreads
Event: 1.352 Executing VM operation: HandshakeAllThreads done
Event: 1.403 Executing VM operation: HandshakeAllThreads
Event: 1.403 Executing VM operation: HandshakeAllThreads done
Event: 1.420 Executing VM operation: ICBufferFull
Event: 1.421 Executing VM operation: ICBufferFull done
Event: 1.422 Executing VM operation: HandshakeAllThreads
Event: 1.422 Executing VM operation: HandshakeAllThreads done
Event: 1.491 Executing VM operation: G1CollectForAllocation
Event: 1.498 Executing VM operation: G1CollectForAllocation done

Events (20 events):
Event: 1.251 Thread 0x000056493e2d9f30 Thread added: 0x000056493e2d9f30
Event: 1.251 Protecting memory [0x00007f6ded1ff000,0x00007f6ded203000] with protection modes 0
Event: 1.327 loading class java/util/MissingResourceException
Event: 1.327 loading class java/util/MissingResourceException done
Event: 1.329 loading class java/io/FileNotFoundException
Event: 1.329 loading class java/io/FileNotFoundException done
Event: 1.331 loading class java/util/concurrent/ConcurrentHashMap$TreeNode
Event: 1.331 loading class java/util/concurrent/ConcurrentHashMap$TreeNode done
Event: 1.331 loading class java/util/concurrent/ConcurrentHashMap$TreeBin
Event: 1.331 loading class java/util/concurrent/ConcurrentHashMap$TreeBin done
Event: 1.332 loading class java/nio/ByteBufferAsIntBufferB
Event: 1.332 loading class java/nio/ByteBufferAsIntBufferB done
Event: 1.405 loading class jdk/jfr/internal/handlers/EventHandler2816_1740645651483-163665
Event: 1.405 loading class jdk/jfr/internal/handlers/EventHandler2816_1740645651483-163665 done
Event: 1.499 Thread 0x00007f6de8000f50 Thread added: 0x00007f6de8000f50
Event: 1.499 Protecting memory [0x00007f6dd7aff000,0x00007f6dd7b03000] with protection modes 0
Event: 1.500 loading class java/util/concurrent/Phaser
Event: 1.500 loading class java/util/concurrent/Phaser done
Event: 1.501 Thread 0x00007f6e000053d0 Thread added: 0x00007f6e000053d0
Event: 1.501 Protecting memory [0x00007f6dd79fe000,0x00007f6dd7a02000] with protection modes 0


Dynamic libraries:
82000000-8c000000 rw-p 00000000 00:00 0 
8c000000-fa000000 ---p 00000000 00:00 0 
fa000000-fb000000 rw-p 00000000 00:00 0 
fb000000-ff000000 ---p 00000000 00:00 0 
ff000000-100000000 rw-p 00000000 00:00 0 
100000000-7fe000000 ---p 00000000 00:00 0 
7fe000000-7fef00000 rw-p 00000000 00:00 0 
7fef00000-7fef46000 rw-p 00c8f000 103:02 51866601                        /home/a4090/miniconda3/envs/auto_pose/lib/jvm/lib/server/classes.jsa
7fef46000-7ff000000 rw-p 00000000 00:00 0 
7ff000000-7ff08d000 rw-p 00c02000 103:02 51866601                        /home/a4090/miniconda3/envs/auto_pose/lib/jvm/lib/server/classes.jsa
7ff08d000-800000000 rw-p 00000000 00:00 0 
800000000-80044a000 rw-p 00001000 103:02 51866601                        /home/a4090/miniconda3/envs/auto_pose/lib/jvm/lib/server/classes.jsa
80044a000-800bcb000 r--p 0044b000 103:02 51866601                        /home/a4090/miniconda3/envs/auto_pose/lib/jvm/lib/server/classes.jsa
800bcb000-801000000 ---p 00000000 00:00 0 
801000000-801040000 rw-p 00000000 00:00 0 
801040000-8010c0000 rw-p 00000000 00:00 0 
8010c0000-801100000 rw-p 00000000 00:00 0 
801100000-801180000 rw-p 00000000 00:00 0 
801180000-801240000 rw-p 00000000 00:00 0 
801240000-801250000 rw-p 00000000 00:00 0 
801250000-801280000 ---p 00000000 00:00 0 
801280000-801a10000 rw-p 00000000 00:00 0 
801a10000-841000000 ---p 00000000 00:00 0 
56493aaf4000-56493aaf7000 r--p 00000000 103:02 51868967                  /home/a4090/miniconda3/envs/auto_pose/lib/jvm/languages/python/bin/python
56493aaf7000-56493aafb000 r-xp 00003000 103:02 51868967                  /home/a4090/miniconda3/envs/auto_pose/lib/jvm/languages/python/bin/python
56493aafb000-56493aafd000 r--p 00007000 103:02 51868967                  /home/a4090/miniconda3/envs/auto_pose/lib/jvm/languages/python/bin/python
56493aafd000-56493aafe000 r--p 00008000 103:02 51868967                  /home/a4090/miniconda3/envs/auto_pose/lib/jvm/languages/python/bin/python
56493aafe000-56493aaff000 rw-p 00009000 103:02 51868967                  /home/a4090/miniconda3/envs/auto_pose/lib/jvm/languages/python/bin/python
56493ca59000-56493e39d000 rw-p 00000000 00:00 0                          [heap]
7f6dc8000000-7f6dc8021000 rw-p 00000000 00:00 0 
7f6dc8021000-7f6dcc000000 ---p 00000000 00:00 0 
7f6dce400000-7f6dce500000 rw-p 00000000 00:00 0 
7f6dce600000-7f6dce700000 rw-p 00000000 00:00 0 
7f6dce800000-7f6dce900000 rw-p 00000000 00:00 0 
7f6dcea00000-7f6dceb00000 rw-p 00000000 00:00 0 
7f6dcec00000-7f6dced00000 rw-p 00000000 00:00 0 
7f6dcee00000-7f6dcef00000 rw-p 00000000 00:00 0 
7f6dcf000000-7f6dcf100000 rw-p 00000000 00:00 0 
7f6dcf200000-7f6dcf300000 rw-p 00000000 00:00 0 
7f6dcf400000-7f6dcf500000 rw-p 00000000 00:00 0 
7f6dcf600000-7f6dcf700000 rw-p 00000000 00:00 0 
7f6dcf800000-7f6dcf900000 rw-p 00000000 00:00 0 
7f6dcfa00000-7f6dcfb00000 rw-p 00000000 00:00 0 
7f6dcfc00000-7f6dcfd00000 rw-p 00000000 00:00 0 
7f6dcfe00000-7f6dcff00000 rw-p 00000000 00:00 0 
7f6dd0000000-7f6dd0021000 rw-p 00000000 00:00 0 
7f6dd0021000-7f6dd4000000 ---p 00000000 00:00 0 
7f6dd4000000-7f6dd4100000 rw-p 00000000 00:00 0 
7f6dd4200000-7f6dd4300000 rw-p 00000000 00:00 0 
7f6dd4400000-7f6dd4500000 rw-p 00000000 00:00 0 
7f6dd4600000-7f6dd4700000 rw-p 00000000 00:00 0 
7f6dd4800000-7f6dd4900000 rw-p 00000000 00:00 0 
7f6dd4a00000-7f6dd4b00000 rw-p 00000000 00:00 0 
7f6dd4c00000-7f6dd4d00000 rw-p 00000000 00:00 0 
7f6dd4e00000-7f6dd4f00000 rw-p 00000000 00:00 0 
7f6dd5000000-7f6dd5100000 rw-p 00000000 00:00 0 
7f6dd5200000-7f6dd5300000 rw-p 00000000 00:00 0 
7f6dd5400000-7f6dd5500000 rw-p 00000000 00:00 0 
7f6dd5600000-7f6dd5700000 rw-p 00000000 00:00 0 
7f6dd5800000-7f6dd5900000 rw-p 00000000 00:00 0 
7f6dd5a00000-7f6dd5b00000 rw-p 00000000 00:00 0 
7f6dd5c00000-7f6dd5d00000 rw-p 00000000 00:00 0 
7f6dd5e00000-7f6dd5f00000 rw-p 00000000 00:00 0 
7f6dd6000000-7f6dd6100000 rw-p 00000000 00:00 0 
7f6dd6200000-7f6dd6300000 rw-p 00000000 00:00 0 
7f6dd6400000-7f6dd6500000 rw-p 00000000 00:00 0 
7f6dd6600000-7f6dd6700000 rw-p 00000000 00:00 0 
7f6dd6800000-7f6dd6900000 rw-p 00000000 00:00 0 
7f6dd6a00000-7f6dd6b00000 rw-p 00000000 00:00 0 
7f6dd6c00000-7f6dd6d00000 rw-p 00000000 00:00 0 
7f6dd6e00000-7f6dd6f00000 rw-p 00000000 00:00 0 
7f6dd7000000-7f6dd7100000 rw-p 00000000 00:00 0 
7f6dd7200000-7f6dd7300000 rw-p 00000000 00:00 0 
7f6dd7400000-7f6dd7500000 rw-p 00000000 00:00 0 
7f6dd7600000-7f6dd7700000 rw-p 00000000 00:00 0 
7f6dd7800000-7f6dd7900000 rw-p 00000000 00:00 0 
7f6dd79fe000-7f6dd7a02000 ---p 00000000 00:00 0 
7f6dd7a02000-7f6dd7aff000 rw-p 00000000 00:00 0 
7f6dd7aff000-7f6dd7b03000 ---p 00000000 00:00 0 
7f6dd7b03000-7f6dd7d00000 rw-p 00000000 00:00 0 
7f6dd7e00000-7f6dd7f00000 rw-p 00000000 00:00 0 
7f6dd8000000-7f6dd8100000 rw-p 00000000 00:00 0 
7f6dd8200000-7f6dd8300000 rw-p 00000000 00:00 0 
7f6dd8400000-7f6dd8500000 rw-p 00000000 00:00 0 
7f6dd8600000-7f6dd8700000 rw-p 00000000 00:00 0 
7f6dd8800000-7f6dd8900000 rw-p 00000000 00:00 0 
7f6dd8a00000-7f6dd8b00000 rw-p 00000000 00:00 0 
7f6dd8c00000-7f6dd8d00000 rw-p 00000000 00:00 0 
7f6dd8e00000-7f6dd8f00000 rw-p 00000000 00:00 0 
7f6dd9000000-7f6dd9100000 rw-p 00000000 00:00 0 
7f6dd9200000-7f6dd9300000 rw-p 00000000 00:00 0 
7f6dd9400000-7f6dd9500000 rw-p 00000000 00:00 0 
7f6dd9600000-7f6dd9700000 rw-p 00000000 00:00 0 
7f6dd9800000-7f6dd9900000 rw-p 00000000 00:00 0 
7f6dd9a00000-7f6dd9b00000 rw-p 00000000 00:00 0 
7f6dd9c00000-7f6dd9d00000 rw-p 00000000 00:00 0 
7f6dd9e00000-7f6dd9f00000 rw-p 00000000 00:00 0 
7f6dda000000-7f6dda100000 rw-p 00000000 00:00 0 
7f6dda200000-7f6dda300000 rw-p 00000000 00:00 0 
7f6dda400000-7f6dda500000 rw-p 00000000 00:00 0 
7f6dda600000-7f6dda700000 rw-p 00000000 00:00 0 
7f6dda800000-7f6dda900000 rw-p 00000000 00:00 0 
7f6ddaa00000-7f6ddab00000 rw-p 00000000 00:00 0 
7f6ddac00000-7f6ddad00000 rw-p 00000000 00:00 0 
7f6ddae00000-7f6ddaf00000 rw-p 00000000 00:00 0 
7f6ddb000000-7f6ddb100000 rw-p 00000000 00:00 0 
7f6ddb200000-7f6ddb300000 rw-p 00000000 00:00 0 
7f6ddb400000-7f6ddb500000 rw-p 00000000 00:00 0 
7f6ddb600000-7f6ddb700000 rw-p 00000000 00:00 0 
7f6ddb800000-7f6ddb900000 rw-p 00000000 00:00 0 
7f6ddba00000-7f6ddbb00000 rw-p 00000000 00:00 0 
7f6ddbc00000-7f6ddbd00000 rw-p 00000000 00:00 0 
7f6ddbe00000-7f6ddbf00000 rw-p 00000000 00:00 0 
7f6ddc000000-7f6ddc100000 rw-p 00000000 00:00 0 
7f6ddc200000-7f6ddc300000 rw-p 00000000 00:00 0 
7f6ddc400000-7f6ddc500000 rw-p 00000000 00:00 0 
7f6ddc600000-7f6ddc700000 rw-p 00000000 00:00 0 
7f6ddc800000-7f6ddc900000 rw-p 00000000 00:00 0 
7f6ddca00000-7f6ddcb00000 rw-p 00000000 00:00 0 
7f6ddcc00000-7f6ddcd00000 rw-p 00000000 00:00 0 
7f6ddce00000-7f6ddcf00000 rw-p 00000000 00:00 0 
7f6ddd000000-7f6ddd100000 rw-p 00000000 00:00 0 
7f6ddd200000-7f6ddd300000 rw-p 00000000 00:00 0 
7f6ddd400000-7f6ddd500000 rw-p 00000000 00:00 0 
7f6ddd600000-7f6ddd700000 rw-p 00000000 00:00 0 
7f6ddd800000-7f6ddd900000 rw-p 00000000 00:00 0 
7f6ddda00000-7f6dddb00000 rw-p 00000000 00:00 0 
7f6dddc00000-7f6dddd00000 rw-p 00000000 00:00 0 
7f6ddde00000-7f6dddf00000 rw-p 00000000 00:00 0 
7f6dde000000-7f6dde100000 rw-p 00000000 00:00 0 
7f6dde200000-7f6dde300000 rw-p 00000000 00:00 0 
7f6dde400000-7f6dde500000 rw-p 00000000 00:00 0 
7f6dde600000-7f6dde700000 rw-p 00000000 00:00 0 
7f6dde800000-7f6dde900000 rw-p 00000000 00:00 0 
7f6ddea00000-7f6ddeb00000 rw-p 00000000 00:00 0 
7f6ddec00000-7f6dded00000 rw-p 00000000 00:00 0 
7f6ddee00000-7f6ddef00000 rw-p 00000000 00:00 0 
7f6ddf000000-7f6ddf100000 rw-p 00000000 00:00 0 
7f6ddf200000-7f6ddf300000 rw-p 00000000 00:00 0 
7f6ddf400000-7f6ddf500000 rw-p 00000000 00:00 0 
7f6ddf600000-7f6ddf700000 rw-p 00000000 00:00 0 
7f6ddf800000-7f6ddf900000 rw-p 00000000 00:00 0 
7f6ddfa00000-7f6ddfb00000 rw-p 00000000 00:00 0 
7f6ddfc00000-7f6ddfd00000 rw-p 00000000 00:00 0 
7f6ddfe00000-7f6ddff00000 rw-p 00000000 00:00 0 
7f6de0000000-7f6de0100000 rw-p 00000000 00:00 0 
7f6de0200000-7f6de0300000 rw-p 00000000 00:00 0 
7f6de0400000-7f6de0500000 rw-p 00000000 00:00 0 
7f6de0600000-7f6de0700000 rw-p 00000000 00:00 0 
7f6de0800000-7f6de0900000 rw-p 00000000 00:00 0 
7f6de0a00000-7f6de0b00000 rw-p 00000000 00:00 0 
7f6de0c00000-7f6de0d00000 rw-p 00000000 00:00 0 
7f6de0e00000-7f6de0f00000 rw-p 00000000 00:00 0 
7f6de1000000-7f6de1100000 rw-p 00000000 00:00 0 
7f6de1200000-7f6de1300000 rw-p 00000000 00:00 0 
7f6de1400000-7f6de1500000 rw-p 00000000 00:00 0 
7f6de1600000-7f6de1700000 rw-p 00000000 00:00 0 
7f6de1800000-7f6de1900000 rw-p 00000000 00:00 0 
7f6de1a00000-7f6de1b00000 rw-p 00000000 00:00 0 
7f6de1c00000-7f6de1d00000 rw-p 00000000 00:00 0 
7f6de1e00000-7f6de1f00000 rw-p 00000000 00:00 0 
7f6de2000000-7f6de2100000 rw-p 00000000 00:00 0 
7f6de2200000-7f6de2300000 rw-p 00000000 00:00 0 
7f6de2400000-7f6de2500000 rw-p 00000000 00:00 0 
7f6de2600000-7f6de2700000 rw-p 00000000 00:00 0 
7f6de2800000-7f6de2900000 rw-p 00000000 00:00 0 
7f6de2a00000-7f6de2b00000 rw-p 00000000 00:00 0 
7f6de2c00000-7f6de2d00000 rw-p 00000000 00:00 0 
7f6de2e00000-7f6de2f00000 rw-p 00000000 00:00 0 
7f6de3000000-7f6de3100000 rw-p 00000000 00:00 0 
7f6de3200000-7f6de3300000 rw-p 00000000 00:00 0 
7f6de3400000-7f6de3500000 rw-p 00000000 00:00 0 
7f6de3600000-7f6de3700000 rw-p 00000000 00:00 0 
7f6de3800000-7f6de3900000 rw-p 00000000 00:00 0 
7f6de3a00000-7f6de3b00000 rw-p 00000000 00:00 0 
7f6de3c00000-7f6de3d00000 rw-p 00000000 00:00 0 
7f6de3e00000-7f6de3f00000 rw-p 00000000 00:00 0 
7f6de4000000-7f6de4100000 rw-p 00000000 00:00 0 
7f6de4200000-7f6de4300000 rw-p 00000000 00:00 0 
7f6de4400000-7f6de4500000 rw-p 00000000 00:00 0 
7f6de4600000-7f6de4700000 rw-p 00000000 00:00 0 
7f6de4800000-7f6de4900000 rw-p 00000000 00:00 0 
7f6de4a00000-7f6de4b00000 rw-p 00000000 00:00 0 
7f6de4c00000-7f6de4d00000 rw-p 00000000 00:00 0 
7f6de4e00000-7f6de4f00000 rw-p 00000000 00:00 0 
7f6de5000000-7f6de5100000 rw-p 00000000 00:00 0 
7f6de5200000-7f6de5300000 rw-p 00000000 00:00 0 
7f6de5400000-7f6de5500000 rw-p 00000000 00:00 0 
7f6de5600000-7f6de5700000 rw-p 00000000 00:00 0 
7f6de5800000-7f6de5900000 rw-p 00000000 00:00 0 
7f6de5a00000-7f6de5b00000 rw-p 00000000 00:00 0 
7f6de5c00000-7f6de5d00000 rw-p 00000000 00:00 0 
7f6de5e00000-7f6de5f00000 rw-p 00000000 00:00 0 
7f6de6000000-7f6de6100000 rw-p 00000000 00:00 0 
7f6de6200000-7f6de6300000 rw-p 00000000 00:00 0 
7f6de6400000-7f6de6500000 rw-p 00000000 00:00 0 
7f6de6600000-7f6de6700000 rw-p 00000000 00:00 0 
7f6de6800000-7f6de6900000 rw-p 00000000 00:00 0 
7f6de6a00000-7f6de6b00000 rw-p 00000000 00:00 0 
7f6de6c00000-7f6de6d00000 rw-p 00000000 00:00 0 
7f6de6e00000-7f6de6f00000 rw-p 00000000 00:00 0 
7f6de7000000-7f6de7100000 rw-p 00000000 00:00 0 
7f6de7200000-7f6de7300000 rw-p 00000000 00:00 0 
7f6de7400000-7f6de7500000 rw-p 00000000 00:00 0 
7f6de7600000-7f6de7700000 rw-p 00000000 00:00 0 
7f6de7800000-7f6de7900000 rw-p 00000000 00:00 0 
7f6de7a00000-7f6de7b00000 rw-p 00000000 00:00 0 
7f6de7c00000-7f6de7d00000 rw-p 00000000 00:00 0 
7f6de7e00000-7f6de7f00000 rw-p 00000000 00:00 0 
7f6de8000000-7f6de8021000 rw-p 00000000 00:00 0 
7f6de8021000-7f6dec000000 ---p 00000000 00:00 0 
7f6dec000000-7f6dec100000 rw-p 00000000 00:00 0 
7f6dec200000-7f6dec300000 rw-p 00000000 00:00 0 
7f6dec400000-7f6dec500000 rw-p 00000000 00:00 0 
7f6dec600000-7f6dec700000 rw-p 00000000 00:00 0 
7f6dec800000-7f6dec900000 rw-p 00000000 00:00 0 
7f6deca00000-7f6decb00000 rw-p 00000000 00:00 0 
7f6decc00000-7f6decd00000 rw-p 00000000 00:00 0 
7f6dece00000-7f6decf00000 rw-p 00000000 00:00 0 
7f6ded000000-7f6ded100000 rw-p 00000000 00:00 0 
7f6ded1ff000-7f6ded203000 ---p 00000000 00:00 0 
7f6ded203000-7f6ded400000 rw-p 00000000 00:00 0 
7f6ded500000-7f6ded600000 rw-p 00000000 00:00 0 
7f6ded700000-7f6ded800000 rw-p 00000000 00:00 0 
7f6ded900000-7f6deda00000 rw-p 00000000 00:00 0 
7f6dedb00000-7f6dedc00000 rw-p 00000000 00:00 0 
7f6dedd00000-7f6dede00000 rw-p 00000000 00:00 0 
7f6dedf00000-7f6dee000000 rw-p 00000000 00:00 0 
7f6dee100000-7f6dee200000 rw-p 00000000 00:00 0 
7f6dee300000-7f6dee400000 rw-p 00000000 00:00 0 
7f6dee500000-7f6dee600000 rw-p 00000000 00:00 0 
7f6dee700000-7f6dee800000 rw-p 00000000 00:00 0 
7f6dee900000-7f6deea00000 rw-p 00000000 00:00 0 
7f6deeb00000-7f6deec00000 rw-p 00000000 00:00 0 
7f6deed00000-7f6deee00000 rw-p 00000000 00:00 0 
7f6deef00000-7f6def000000 rw-p 00000000 00:00 0 
7f6def100000-7f6def200000 rw-p 00000000 00:00 0 
7f6def300000-7f6def400000 rw-p 00000000 00:00 0 
7f6def500000-7f6def600000 rw-p 00000000 00:00 0 
7f6def700000-7f6def800000 rw-p 00000000 00:00 0 
7f6def900000-7f6defa00000 rw-p 00000000 00:00 0 
7f6defb00000-7f6defc00000 rw-p 00000000 00:00 0 
7f6defd00000-7f6defe00000 rw-p 00000000 00:00 0 
7f6deff00000-7f6df0000000 rw-p 00000000 00:00 0 
7f6df0100000-7f6df0200000 rw-p 00000000 00:00 0 
7f6df0300000-7f6df0400000 rw-p 00000000 00:00 0 
7f6df0500000-7f6df0600000 rw-p 00000000 00:00 0 
7f6df0700000-7f6df0800000 rw-p 00000000 00:00 0 
7f6df0900000-7f6df0a00000 rw-p 00000000 00:00 0 
7f6df0b00000-7f6df0c00000 rw-p 00000000 00:00 0 
7f6df0d00000-7f6df0e00000 rw-p 00000000 00:00 0 
7f6df0f00000-7f6df1000000 rw-p 00000000 00:00 0 
7f6df1100000-7f6df1200000 rw-p 00000000 00:00 0 
7f6df1300000-7f6df1400000 rw-p 00000000 00:00 0 
7f6df1500000-7f6df1600000 rw-p 00000000 00:00 0 
7f6df1700000-7f6df1800000 rw-p 00000000 00:00 0 
7f6df1900000-7f6df1a00000 rw-p 00000000 00:00 0 
7f6df1b00000-7f6df1c00000 rw-p 00000000 00:00 0 
7f6df1d00000-7f6df1e00000 rw-p 00000000 00:00 0 
7f6df1f00000-7f6df2000000 rw-p 00000000 00:00 0 
7f6df2100000-7f6df2200000 rw-p 00000000 00:00 0 
7f6df2300000-7f6df2400000 rw-p 00000000 00:00 0 
7f6df2500000-7f6df2600000 rw-p 00000000 00:00 0 
7f6df2700000-7f6df2800000 rw-p 00000000 00:00 0 
7f6df2900000-7f6df2a00000 rw-p 00000000 00:00 0 
7f6df2b00000-7f6df2c00000 rw-p 00000000 00:00 0 
7f6df2d00000-7f6df2e00000 rw-p 00000000 00:00 0 
7f6df2f00000-7f6df3000000 rw-p 00000000 00:00 0 
7f6df3100000-7f6df3200000 rw-p 00000000 00:00 0 
7f6df3300000-7f6df3400000 rw-p 00000000 00:00 0 
7f6df3500000-7f6df3600000 rw-p 00000000 00:00 0 
7f6df3700000-7f6df3800000 rw-p 00000000 00:00 0 
7f6df3900000-7f6df3a00000 rw-p 00000000 00:00 0 
7f6df3b00000-7f6df3c00000 rw-p 00000000 00:00 0 
7f6df3d00000-7f6df3e00000 rw-p 00000000 00:00 0 
7f6df3f00000-7f6df4000000 rw-p 00000000 00:00 0 
7f6df4100000-7f6df4200000 rw-p 00000000 00:00 0 
7f6df4300000-7f6df4400000 rw-p 00000000 00:00 0 
7f6df4500000-7f6df4600000 rw-p 00000000 00:00 0 
7f6df4700000-7f6df4800000 rw-p 00000000 00:00 0 
7f6df4900000-7f6df4a00000 rw-p 00000000 00:00 0 
7f6df4b00000-7f6df4c00000 rw-p 00000000 00:00 0 
7f6df4d00000-7f6df4e00000 rw-p 00000000 00:00 0 
7f6df4f00000-7f6df5000000 rw-p 00000000 00:00 0 
7f6df5100000-7f6df5200000 rw-p 00000000 00:00 0 
7f6df5300000-7f6df5400000 rw-p 00000000 00:00 0 
7f6df5500000-7f6df5600000 rw-p 00000000 00:00 0 
7f6df5700000-7f6df5800000 rw-p 00000000 00:00 0 
7f6df5900000-7f6df5a00000 rw-p 00000000 00:00 0 
7f6df5af7000-7f6df5d00000 rw-p 00000000 00:00 0 
7f6df5e00000-7f6df5f00000 rw-p 00000000 00:00 0 
7f6df6000000-7f6df6100000 rw-p 00000000 00:00 0 
7f6df6200000-7f6df6300000 rw-p 00000000 00:00 0 
7f6df6400000-7f6df6500000 rw-p 00000000 00:00 0 
7f6df6600000-7f6df6700000 rw-p 00000000 00:00 0 
7f6df6800000-7f6df6900000 rw-p 00000000 00:00 0 
7f6df6a00000-7f6df6b00000 rw-p 00000000 00:00 0 
7f6df6c00000-7f6df6d00000 rw-p 00000000 00:00 0 
7f6df6e00000-7f6df6f00000 rw-p 00000000 00:00 0 
7f6df7000000-7f6df7100000 rw-p 00000000 00:00 0 
7f6df7200000-7f6df7300000 rw-p 00000000 00:00 0 
7f6df7400000-7f6df7500000 rw-p 00000000 00:00 0 
7f6df7600000-7f6df7700000 rw-p 00000000 00:00 0 
7f6df7800000-7f6df7900000 rw-p 00000000 00:00 0 
7f6df7a00000-7f6df7b00000 rw-p 00000000 00:00 0 
7f6df7c00000-7f6df7d00000 rw-p 00000000 00:00 0 
7f6df7e00000-7f6df7f00000 rw-p 00000000 00:00 0 
7f6df8000000-7f6df8021000 rw-p 00000000 00:00 0 
7f6df8021000-7f6dfc000000 ---p 00000000 00:00 0 
7f6dfc100000-7f6dfc200000 rw-p 00000000 00:00 0 
7f6dfc300000-7f6dfc400000 rw-p 00000000 00:00 0 
7f6dfc500000-7f6dfc600000 rw-p 00000000 00:00 0 
7f6dfc700000-7f6dfc800000 rw-p 00000000 00:00 0 
7f6dfc900000-7f6dfca00000 rw-p 00000000 00:00 0 
7f6dfcb00000-7f6dfcc00000 rw-p 00000000 00:00 0 
7f6dfcd00000-7f6dfce00000 rw-p 00000000 00:00 0 
7f6dfcf00000-7f6dfd000000 rw-p 00000000 00:00 0 
7f6dfd100000-7f6dfd200000 rw-p 00000000 00:00 0 
7f6dfd300000-7f6dfd400000 rw-p 00000000 00:00 0 
7f6dfd500000-7f6dfd600000 rw-p 00000000 00:00 0 
7f6dfd700000-7f6dfd800000 rw-p 00000000 00:00 0 
7f6dfd900000-7f6dfda00000 rw-p 00000000 00:00 0 
7f6dfdb00000-7f6dfdc00000 rw-p 00000000 00:00 0 
7f6dfdd00000-7f6dfde00000 rw-p 00000000 00:00 0 
7f6dfdf00000-7f6dfe000000 rw-p 00000000 00:00 0 
7f6dfe100000-7f6dfe200000 rw-p 00000000 00:00 0 
7f6dfe300000-7f6dfe400000 rw-p 00000000 00:00 0 
7f6dfe500000-7f6dfe600000 rw-p 00000000 00:00 0 
7f6dfe700000-7f6dfe800000 rw-p 00000000 00:00 0 
7f6dfe900000-7f6dfea00000 rw-p 00000000 00:00 0 
7f6dfeb00000-7f6dfec00000 rw-p 00000000 00:00 0 
7f6dfed00000-7f6dfee00000 rw-p 00000000 00:00 0 
7f6dfef00000-7f6dff000000 rw-p 00000000 00:00 0 
7f6dff100000-7f6dff200000 rw-p 00000000 00:00 0 
7f6dff300000-7f6dff400000 rw-p 00000000 00:00 0 
7f6dff500000-7f6dff600000 rw-p 00000000 00:00 0 
7f6dff700000-7f6dff800000 rw-p 00000000 00:00 0 
7f6dff900000-7f6dffa00000 rw-p 00000000 00:00 0 
7f6dffb00000-7f6dffc00000 rw-p 00000000 00:00 0 
7f6dffd00000-7f6dffe00000 rw-p 00000000 00:00 0 
7f6dffeff000-7f6dfff03000 ---p 00000000 00:00 0 
7f6dfff03000-7f6e00000000 rw-p 00000000 00:00 0 
7f6e00000000-7f6e00021000 rw-p 00000000 00:00 0 
7f6e00021000-7f6e04000000 ---p 00000000 00:00 0 
7f6e04100000-7f6e04200000 rw-p 00000000 00:00 0 
7f6e04300000-7f6e04400000 rw-p 00000000 00:00 0 
7f6e04500000-7f6e04600000 rw-p 00000000 00:00 0 
7f6e04700000-7f6e04800000 rw-p 00000000 00:00 0 
7f6e04900000-7f6e04a00000 rw-p 00000000 00:00 0 
7f6e04b00000-7f6e04c00000 rw-p 00000000 00:00 0 
7f6e04d00000-7f6e04e00000 rw-p 00000000 00:00 0 
7f6e04f00000-7f6e05000000 rw-p 00000000 00:00 0 
7f6e05100000-7f6e05200000 rw-p 00000000 00:00 0 
7f6e05300000-7f6e05400000 rw-p 00000000 00:00 0 
7f6e05500000-7f6e05600000 rw-p 00000000 00:00 0 
7f6e05700000-7f6e05800000 rw-p 00000000 00:00 0 
7f6e05900000-7f6e05a00000 rw-p 00000000 00:00 0 
7f6e05b00000-7f6e05c00000 rw-p 00000000 00:00 0 
7f6e05d00000-7f6e05e00000 rw-p 00000000 00:00 0 
7f6e05f00000-7f6e06000000 rw-p 00000000 00:00 0 
7f6e060ff000-7f6e06103000 ---p 00000000 00:00 0 
7f6e06103000-7f6e06300000 rw-p 00000000 00:00 0 
7f6e06400000-7f6e06500000 rw-p 00000000 00:00 0 
7f6e06600000-7f6e06700000 rw-p 00000000 00:00 0 
7f6e06800000-7f6e06900000 rw-p 00000000 00:00 0 
7f6e06a00000-7f6e06b00000 rw-p 00000000 00:00 0 
7f6e06c00000-7f6e06d00000 rw-p 00000000 00:00 0 
7f6e06e00000-7f6e06f00000 rw-p 00000000 00:00 0 
7f6e07000000-7f6e07100000 rw-p 00000000 00:00 0 
7f6e07200000-7f6e07300000 rw-p 00000000 00:00 0 
7f6e07400000-7f6e07500000 rw-p 00000000 00:00 0 
7f6e07600000-7f6e07700000 rw-p 00000000 00:00 0 
7f6e07800000-7f6e07900000 rw-p 00000000 00:00 0 
7f6e07a00000-7f6e07b00000 rw-p 00000000 00:00 0 
7f6e07c00000-7f6e07d00000 rw-p 00000000 00:00 0 
7f6e07e00000-7f6e07f00000 rw-p 00000000 00:00 0 
7f6e08000000-7f6e08100000 rw-p 00000000 00:00 0 
7f6e08200000-7f6e08300000 rw-p 00000000 00:00 0 
7f6e08400000-7f6e08500000 rw-p 00000000 00:00 0 
7f6e08600000-7f6e08700000 rw-p 00000000 00:00 0 
7f6e08800000-7f6e08900000 rw-p 00000000 00:00 0 
7f6e08a00000-7f6e08b00000 rw-p 00000000 00:00 0 
7f6e08c00000-7f6e08d00000 rw-p 00000000 00:00 0 
7f6e08e00000-7f6e08f00000 rw-p 00000000 00:00 0 
7f6e09000000-7f6e09100000 rw-p 00000000 00:00 0 
7f6e09200000-7f6e09300000 rw-p 00000000 00:00 0 
7f6e09400000-7f6e09500000 rw-p 00000000 00:00 0 
7f6e09600000-7f6e09700000 rw-p 00000000 00:00 0 
7f6e09800000-7f6e09900000 rw-p 00000000 00:00 0 
7f6e09a00000-7f6e09b00000 rw-p 00000000 00:00 0 
7f6e09c00000-7f6e09d00000 rw-p 00000000 00:00 0 
7f6e09e00000-7f6e09f00000 rw-p 00000000 00:00 0 
7f6e0a000000-7f6e0a100000 rw-p 00000000 00:00 0 
7f6e0a200000-7f6e0a300000 rw-p 00000000 00:00 0 
7f6e0a400000-7f6e0a500000 rw-p 00000000 00:00 0 
7f6e0a600000-7f6e0a700000 rw-p 00000000 00:00 0 
7f6e0a800000-7f6e0a900000 rw-p 00000000 00:00 0 
7f6e0aa00000-7f6e0ab00000 rw-p 00000000 00:00 0 
7f6e0ac00000-7f6e0ad00000 rw-p 00000000 00:00 0 
7f6e0ae00000-7f6e0af00000 rw-p 00000000 00:00 0 
7f6e0b000000-7f6e0b100000 rw-p 00000000 00:00 0 
7f6e0b200000-7f6e0b300000 rw-p 00000000 00:00 0 
7f6e0b400000-7f6e0b500000 rw-p 00000000 00:00 0 
7f6e0b600000-7f6e0b700000 rw-p 00000000 00:00 0 
7f6e0b800000-7f6e0b900000 rw-p 00000000 00:00 0 
7f6e0ba00000-7f6e0bb00000 rw-p 00000000 00:00 0 
7f6e0bc00000-7f6e0bd00000 rw-p 00000000 00:00 0 
7f6e0be00000-7f6e0bf00000 rw-p 00000000 00:00 0 
7f6e0c000000-7f6e0c100000 rw-p 00000000 00:00 0 
7f6e0c200000-7f6e0c300000 rw-p 00000000 00:00 0 
7f6e0c400000-7f6e0c500000 rw-p 00000000 00:00 0 
7f6e0c600000-7f6e0c700000 rw-p 00000000 00:00 0 
7f6e0c800000-7f6e0c900000 rw-p 00000000 00:00 0 
7f6e0ca00000-7f6e0cb00000 rw-p 00000000 00:00 0 
7f6e0cc00000-7f6e0cd00000 rw-p 00000000 00:00 0 
7f6e0ce00000-7f6e0cf00000 rw-p 00000000 00:00 0 
7f6e0d000000-7f6e0d100000 rw-p 00000000 00:00 0 
7f6e0d200000-7f6e0d300000 rw-p 00000000 00:00 0 
7f6e0d400000-7f6e0d500000 rw-p 00000000 00:00 0 
7f6e0d600000-7f6e0d700000 rw-p 00000000 00:00 0 
7f6e0d800000-7f6e0d900000 rw-p 00000000 00:00 0 
7f6e0da00000-7f6e0db00000 rw-p 00000000 00:00 0 
7f6e0dc00000-7f6e0dd00000 rw-p 00000000 00:00 0 
7f6e0de00000-7f6e0df00000 rw-p 00000000 00:00 0 
7f6e0e000000-7f6e0e100000 rw-p 00000000 00:00 0 
7f6e0e200000-7f6e0e300000 rw-p 00000000 00:00 0 
7f6e0e400000-7f6e0e500000 rw-p 00000000 00:00 0 
7f6e0e600000-7f6e0e700000 rw-p 00000000 00:00 0 
7f6e0e800000-7f6e0e900000 rw-p 00000000 00:00 0 
7f6e0ea00000-7f6e0eb00000 rw-p 00000000 00:00 0 
7f6e0ec00000-7f6e0ed00000 rw-p 00000000 00:00 0 
7f6e0ee00000-7f6e0ef00000 rw-p 00000000 00:00 0 
7f6e0f000000-7f6e0f100000 rw-p 00000000 00:00 0 
7f6e0f200000-7f6e0f300000 rw-p 00000000 00:00 0 
7f6e0f400000-7f6e0f500000 rw-p 00000000 00:00 0 
7f6e0f600000-7f6e0f700000 rw-p 00000000 00:00 0 
7f6e0f800000-7f6e0f900000 rw-p 00000000 00:00 0 
7f6e0fa00000-7f6e0fb00000 rw-p 00000000 00:00 0 
7f6e0fc00000-7f6e0fd00000 rw-p 00000000 00:00 0 
7f6e0fe00000-7f6e0ff00000 rw-p 00000000 00:00 0 
7f6e10000000-7f6e10100000 rw-p 00000000 00:00 0 
7f6e10200000-7f6e10300000 rw-p 00000000 00:00 0 
7f6e10400000-7f6e10500000 rw-p 00000000 00:00 0 
7f6e10600000-7f6e10700000 rw-p 00000000 00:00 0 
7f6e10800000-7f6e10900000 rw-p 00000000 00:00 0 
7f6e10a00000-7f6e10b00000 rw-p 00000000 00:00 0 
7f6e10c00000-7f6e10d00000 rw-p 00000000 00:00 0 
7f6e10e00000-7f6e10f00000 rw-p 00000000 00:00 0 
7f6e11000000-7f6e11100000 rw-p 00000000 00:00 0 
7f6e11200000-7f6e11300000 rw-p 00000000 00:00 0 
7f6e11400000-7f6e11500000 rw-p 00000000 00:00 0 
7f6e11600000-7f6e11700000 rw-p 00000000 00:00 0 
7f6e11800000-7f6e11900000 rw-p 00000000 00:00 0 
7f6e11a00000-7f6e11b00000 rw-p 00000000 00:00 0 
7f6e11c00000-7f6e11d00000 rw-p 00000000 00:00 0 
7f6e11e00000-7f6e11f00000 rw-p 00000000 00:00 0 
7f6e12000000-7f6e12100000 rw-p 00000000 00:00 0 
7f6e12200000-7f6e12300000 rw-p 00000000 00:00 0 
7f6e12400000-7f6e12500000 rw-p 00000000 00:00 0 
7f6e12600000-7f6e12700000 rw-p 00000000 00:00 0 
7f6e12800000-7f6e12900000 rw-p 00000000 00:00 0 
7f6e12a00000-7f6e12b00000 rw-p 00000000 00:00 0 
7f6e12c00000-7f6e12d00000 rw-p 00000000 00:00 0 
7f6e12e00000-7f6e12f00000 rw-p 00000000 00:00 0 
7f6e13000000-7f6e13100000 rw-p 00000000 00:00 0 
7f6e13200000-7f6e13300000 rw-p 00000000 00:00 0 
7f6e13400000-7f6e13500000 rw-p 00000000 00:00 0 
7f6e13600000-7f6e13700000 rw-p 00000000 00:00 0 
7f6e13800000-7f6e13900000 rw-p 00000000 00:00 0 
7f6e13a00000-7f6e13b00000 rw-p 00000000 00:00 0 
7f6e13c00000-7f6e13d00000 rw-p 00000000 00:00 0 
7f6e13e00000-7f6e13f00000 rw-p 00000000 00:00 0 
7f6e14000000-7f6e14078000 rw-p 00000000 00:00 0 
7f6e14078000-7f6e18000000 ---p 00000000 00:00 0 
7f6e18000000-7f6e1803c000 rw-p 00000000 00:00 0 
7f6e1803c000-7f6e1c000000 ---p 00000000 00:00 0 
7f6e1c000000-7f6e1c100000 rw-p 00000000 00:00 0 
7f6e1c200000-7f6e1c300000 rw-p 00000000 00:00 0 
7f6e1c400000-7f6e1c500000 rw-p 00000000 00:00 0 
7f6e1c600000-7f6e1c700000 rw-p 00000000 00:00 0 
7f6e1c800000-7f6e1c900000 rw-p 00000000 00:00 0 
7f6e1ca00000-7f6e1cb00000 rw-p 00000000 00:00 0 
7f6e1cc00000-7f6e1cd00000 rw-p 00000000 00:00 0 
7f6e1ce00000-7f6e1cf00000 rw-p 00000000 00:00 0 
7f6e1d000000-7f6e1d100000 rw-p 00000000 00:00 0 
7f6e1d200000-7f6e1d300000 rw-p 00000000 00:00 0 
7f6e1d400000-7f6e1d500000 rw-p 00000000 00:00 0 
7f6e1d600000-7f6e1d700000 rw-p 00000000 00:00 0 
7f6e1d800000-7f6e1d900000 rw-p 00000000 00:00 0 
7f6e1da00000-7f6e1db00000 ---p 00000000 00:00 0 
7f6e1db00000-7f6e1e15f000 r--p 01362000 103:02 51870081                  /home/a4090/miniconda3/envs/auto_pose/lib/jvm/lib/libjvmcicompiler.so
7f6e1e15f000-7f6e1e300000 r--p 00000000 00:00 0 
7f6e1e300000-7f6e1e30e000 rw-p 00000000 00:00 0 
7f6e1e30e000-7f6e1e863000 rw-p 01b70000 103:02 51870081                  /home/a4090/miniconda3/envs/auto_pose/lib/jvm/lib/libjvmcicompiler.so
7f6e1e863000-7f6e1ecdd000 r--p 020c5000 103:02 51870081                  /home/a4090/miniconda3/envs/auto_pose/lib/jvm/lib/libjvmcicompiler.so
7f6e1ed00000-7f6e1ee00000 ---p 00000000 00:00 0 
7f6e1ee00000-7f6e1f45f000 r--p 01362000 103:02 51870081                  /home/a4090/miniconda3/envs/auto_pose/lib/jvm/lib/libjvmcicompiler.so
7f6e1f45f000-7f6e1f600000 r--p 00000000 00:00 0 
7f6e1f600000-7f6e1f60e000 rw-p 00000000 00:00 0 
7f6e1f60e000-7f6e1fb63000 rw-p 01b70000 103:02 51870081                  /home/a4090/miniconda3/envs/auto_pose/lib/jvm/lib/libjvmcicompiler.so
7f6e1fb63000-7f6e1ffdd000 r--p 020c5000 103:02 51870081                  /home/a4090/miniconda3/envs/auto_pose/lib/jvm/lib/libjvmcicompiler.so
7f6e20000000-7f6e200b8000 rw-p 00000000 00:00 0 
7f6e200b8000-7f6e24000000 ---p 00000000 00:00 0 
7f6e24000000-7f6e24100000 rw-p 00000000 00:00 0 
7f6e24200000-7f6e24300000 rw-p 00000000 00:00 0 
7f6e24400000-7f6e24500000 rw-p 00000000 00:00 0 
7f6e24600000-7f6e24700000 rw-p 00000000 00:00 0 
7f6e24800000-7f6e24900000 rw-p 00000000 00:00 0 
7f6e249fe000-7f6e24a02000 ---p 00000000 00:00 0 
7f6e24a02000-7f6e24aff000 rw-p 00000000 00:00 0 
7f6e24aff000-7f6e24b03000 ---p 00000000 00:00 0 
7f6e24b03000-7f6e24d00000 rw-p 00000000 00:00 0 
7f6e24e00000-7f6e24f00000 rw-p 00000000 00:00 0 
7f6e25000000-7f6e25100000 rw-p 00000000 00:00 0 
7f6e25200000-7f6e25300000 rw-p 00000000 00:00 0 
7f6e25400000-7f6e25500000 rw-p 00000000 00:00 0 
7f6e25600000-7f6e25700000 ---p 00000000 00:00 0 
7f6e25700000-7f6e25d5f000 r--p 01362000 103:02 51870081                  /home/a4090/miniconda3/envs/auto_pose/lib/jvm/lib/libjvmcicompiler.so
7f6e25d5f000-7f6e25f00000 r--p 00000000 00:00 0 
7f6e25f00000-7f6e25f0e000 rw-p 00000000 00:00 0 
7f6e25f0e000-7f6e26463000 rw-p 01b70000 103:02 51870081                  /home/a4090/miniconda3/envs/auto_pose/lib/jvm/lib/libjvmcicompiler.so
7f6e26463000-7f6e268dd000 r--p 020c5000 103:02 51870081                  /home/a4090/miniconda3/envs/auto_pose/lib/jvm/lib/libjvmcicompiler.so
7f6e268ff000-7f6e26903000 ---p 00000000 00:00 0 
7f6e26903000-7f6e26b00000 rw-p 00000000 00:00 0 
7f6e26c00000-7f6e26d00000 rw-p 00000000 00:00 0 
7f6e26e00000-7f6e26f00000 rw-p 00000000 00:00 0 
7f6e27000000-7f6e27100000 rw-p 00000000 00:00 0 
7f6e27200000-7f6e27300000 rw-p 00000000 00:00 0 
7f6e27400000-7f6e27500000 rw-p 00000000 00:00 0 
7f6e27600000-7f6e27700000 rw-p 00000000 00:00 0 
7f6e27800000-7f6e27900000 rw-p 00000000 00:00 0 
7f6e27a00000-7f6e27b00000 rw-p 00000000 00:00 0 
7f6e27c00000-7f6e27d00000 rw-p 00000000 00:00 0 
7f6e27e00000-7f6e27f00000 rw-p 00000000 00:00 0 
7f6e28000000-7f6e28093000 rw-p 00000000 00:00 0 
7f6e28093000-7f6e2c000000 ---p 00000000 00:00 0 
7f6e2c000000-7f6e2c100000 rw-p 00000000 00:00 0 
7f6e2c200000-7f6e2c300000 rw-p 00000000 00:00 0 
7f6e2c400000-7f6e2c500000 rw-p 00000000 00:00 0 
7f6e2c600000-7f6e2c700000 rw-p 00000000 00:00 0 
7f6e2c800000-7f6e2c900000 rw-p 00000000 00:00 0 
7f6e2ca00000-7f6e2cb00000 rw-p 00000000 00:00 0 
7f6e2cc00000-7f6e2cd00000 rw-p 00000000 00:00 0 
7f6e2ce00000-7f6e2cf00000 rw-p 00000000 00:00 0 
7f6e2d000000-7f6e2d100000 rw-p 00000000 00:00 0 
7f6e2d200000-7f6e2d300000 rw-p 00000000 00:00 0 
7f6e2d400000-7f6e2d500000 rw-p 00000000 00:00 0 
7f6e2d600000-7f6e2d700000 rw-p 00000000 00:00 0 
7f6e2d800000-7f6e2d900000 rw-p 00000000 00:00 0 
7f6e2da00000-7f6e2db00000 ---p 00000000 00:00 0 
7f6e2db00000-7f6e2e15f000 r--p 01362000 103:02 51870081                  /home/a4090/miniconda3/envs/auto_pose/lib/jvm/lib/libjvmcicompiler.so
7f6e2e15f000-7f6e2e300000 r--p 00000000 00:00 0 
7f6e2e300000-7f6e2e30e000 rw-p 00000000 00:00 0 
7f6e2e30e000-7f6e2e863000 rw-p 01b70000 103:02 51870081                  /home/a4090/miniconda3/envs/auto_pose/lib/jvm/lib/libjvmcicompiler.so
7f6e2e863000-7f6e2ecdd000 r--p 020c5000 103:02 51870081                  /home/a4090/miniconda3/envs/auto_pose/lib/jvm/lib/libjvmcicompiler.so
7f6e2ecff000-7f6e2ed03000 ---p 00000000 00:00 0 
7f6e2ed03000-7f6e2ef00000 rw-p 00000000 00:00 0 
7f6e2f000000-7f6e2f100000 rw-p 00000000 00:00 0 
7f6e2f200000-7f6e2f300000 rw-p 00000000 00:00 0 
7f6e2f400000-7f6e2f500000 rw-p 00000000 00:00 0 
7f6e2f600000-7f6e2f700000 rw-p 00000000 00:00 0 
7f6e2f800000-7f6e2f900000 rw-p 00000000 00:00 0 
7f6e2fa00000-7f6e2fb00000 rw-p 00000000 00:00 0 
7f6e2fc00000-7f6e2fd00000 rw-p 00000000 00:00 0 
7f6e2fe00000-7f6e2ff00000 rw-p 00000000 00:00 0 
7f6e30000000-7f6e30022000 rw-p 00000000 00:00 0 
7f6e30022000-7f6e34000000 ---p 00000000 00:00 0 
7f6e34000000-7f6e34100000 rw-p 00000000 00:00 0 
7f6e34200000-7f6e34300000 rw-p 00000000 00:00 0 
7f6e34400000-7f6e34500000 rw-p 00000000 00:00 0 
7f6e34600000-7f6e34700000 rw-p 00000000 00:00 0 
7f6e34800000-7f6e34900000 rw-p 00000000 00:00 0 
7f6e34a00000-7f6e34b00000 rw-p 00000000 00:00 0 
7f6e34c00000-7f6e34d00000 rw-p 00000000 00:00 0 
7f6e34e00000-7f6e34f00000 rw-p 00000000 00:00 0 
7f6e35000000-7f6e35100000 rw-p 00000000 00:00 0 
7f6e35200000-7f6e35300000 rw-p 00000000 00:00 0 
7f6e35400000-7f6e35500000 rw-p 00000000 00:00 0 
7f6e35600000-7f6e35700000 rw-p 00000000 00:00 0 
7f6e35800000-7f6e35900000 rw-p 00000000 00:00 0 
7f6e35a00000-7f6e35b00000 rw-p 00000000 00:00 0 
7f6e35c00000-7f6e35d00000 rw-p 00000000 00:00 0 
7f6e35e00000-7f6e35f00000 rw-p 00000000 00:00 0 
7f6e36000000-7f6e36100000 rw-p 00000000 00:00 0 
7f6e36200000-7f6e36300000 rw-p 00000000 00:00 0 
7f6e36400000-7f6e36500000 rw-p 00000000 00:00 0 
7f6e36600000-7f6e36700000 rw-p 00000000 00:00 0 
7f6e36800000-7f6e36900000 rw-p 00000000 00:00 0 
7f6e36a00000-7f6e36b00000 ---p 00000000 00:00 0 
7f6e36b00000-7f6e3715f000 r--p 01362000 103:02 51870081                  /home/a4090/miniconda3/envs/auto_pose/lib/jvm/lib/libjvmcicompiler.so
7f6e3715f000-7f6e37300000 r--p 00000000 00:00 0 
7f6e37300000-7f6e3730e000 rw-p 00000000 00:00 0 
7f6e3730e000-7f6e37863000 rw-p 01b70000 103:02 51870081                  /home/a4090/miniconda3/envs/auto_pose/lib/jvm/lib/libjvmcicompiler.so
7f6e37863000-7f6e37cdd000 r--p 020c5000 103:02 51870081                  /home/a4090/miniconda3/envs/auto_pose/lib/jvm/lib/libjvmcicompiler.so
7f6e37cff000-7f6e37d03000 ---p 00000000 00:00 0 
7f6e37d03000-7f6e37f00000 rw-p 00000000 00:00 0 
7f6e38000000-7f6e38093000 rw-p 00000000 00:00 0 
7f6e38093000-7f6e3c000000 ---p 00000000 00:00 0 
7f6e3c000000-7f6e3c100000 rw-p 00000000 00:00 0 
7f6e3c200000-7f6e3c300000 rw-p 00000000 00:00 0 
7f6e3c400000-7f6e3c500000 rw-p 00000000 00:00 0 
7f6e3c600000-7f6e3c700000 rw-p 00000000 00:00 0 
7f6e3c800000-7f6e3c900000 rw-p 00000000 00:00 0 
7f6e3ca00000-7f6e3cb00000 rw-p 00000000 00:00 0 
7f6e3cc00000-7f6e3cd00000 rw-p 00000000 00:00 0 
7f6e3ce00000-7f6e3cf00000 rw-p 00000000 00:00 0 
7f6e3d000000-7f6e3d100000 rw-p 00000000 00:00 0 
7f6e3d200000-7f6e3d300000 rw-p 00000000 00:00 0 
7f6e3d400000-7f6e3d500000 rw-p 00000000 00:00 0 
7f6e3d600000-7f6e3d700000 rw-p 00000000 00:00 0 
7f6e3d800000-7f6e3d900000 rw-p 00000000 00:00 0 
7f6e3da00000-7f6e3db00000 rw-p 00000000 00:00 0 
7f6e3dc00000-7f6e3dd00000 rw-p 00000000 00:00 0 
7f6e3de00000-7f6e3df00000 rw-p 00000000 00:00 0 
7f6e3e000000-7f6e3e100000 rw-p 00000000 00:00 0 
7f6e3e200000-7f6e3e300000 rw-p 00000000 00:00 0 
7f6e3e400000-7f6e3e500000 rw-p 00000000 00:00 0 
7f6e3e600000-7f6e3e700000 rw-p 00000000 00:00 0 
7f6e3e800000-7f6e3e900000 rw-p 00000000 00:00 0 
7f6e3ea00000-7f6e3eb00000 ---p 00000000 00:00 0 
7f6e3eb00000-7f6e3f15f000 r--p 01362000 103:02 51870081                  /home/a4090/miniconda3/envs/auto_pose/lib/jvm/lib/libjvmcicompiler.so
7f6e3f15f000-7f6e3f300000 r--p 00000000 00:00 0 
7f6e3f300000-7f6e3f30e000 rw-p 00000000 00:00 0 
7f6e3f30e000-7f6e3f863000 rw-p 01b70000 103:02 51870081                  /home/a4090/miniconda3/envs/auto_pose/lib/jvm/lib/libjvmcicompiler.so
7f6e3f863000-7f6e3fcdd000 r--p 020c5000 103:02 51870081                  /home/a4090/miniconda3/envs/auto_pose/lib/jvm/lib/libjvmcicompiler.so
7f6e3fd00000-7f6e3fe00000 rw-p 00000000 00:00 0 
7f6e3feff000-7f6e3ff03000 ---p 00000000 00:00 0 
7f6e3ff03000-7f6e40000000 rw-p 00000000 00:00 0 
7f6e40000000-7f6e4003d000 rw-p 00000000 00:00 0 
7f6e4003d000-7f6e44000000 ---p 00000000 00:00 0 
7f6e44000000-7f6e44100000 rw-p 00000000 00:00 0 
7f6e44200000-7f6e44300000 rw-p 00000000 00:00 0 
7f6e44400000-7f6e44500000 rw-p 00000000 00:00 0 
7f6e44600000-7f6e44700000 rw-p 00000000 00:00 0 
7f6e44800000-7f6e44900000 rw-p 00000000 00:00 0 
7f6e44a00000-7f6e44b00000 rw-p 00000000 00:00 0 
7f6e44c00000-7f6e44d00000 rw-p 00000000 00:00 0 
7f6e44e00000-7f6e44f00000 rw-p 00000000 00:00 0 
7f6e45000000-7f6e45100000 rw-p 00000000 00:00 0 
7f6e45200000-7f6e45300000 rw-p 00000000 00:00 0 
7f6e45400000-7f6e45500000 rw-p 00000000 00:00 0 
7f6e45600000-7f6e45700000 rw-p 00000000 00:00 0 
7f6e45800000-7f6e45900000 rw-p 00000000 00:00 0 
7f6e45a00000-7f6e45b00000 rw-p 00000000 00:00 0 
7f6e45c00000-7f6e45d00000 rw-p 00000000 00:00 0 
7f6e45e00000-7f6e45f00000 rw-p 00000000 00:00 0 
7f6e46000000-7f6e46100000 ---p 00000000 00:00 0 
7f6e46100000-7f6e4675f000 r--p 01362000 103:02 51870081                  /home/a4090/miniconda3/envs/auto_pose/lib/jvm/lib/libjvmcicompiler.so
7f6e4675f000-7f6e46900000 r--p 00000000 00:00 0 
7f6e46900000-7f6e4690e000 rw-p 00000000 00:00 0 
7f6e4690e000-7f6e46e63000 rw-p 01b70000 103:02 51870081                  /home/a4090/miniconda3/envs/auto_pose/lib/jvm/lib/libjvmcicompiler.so
7f6e46e63000-7f6e472dd000 r--p 020c5000 103:02 51870081                  /home/a4090/miniconda3/envs/auto_pose/lib/jvm/lib/libjvmcicompiler.so
7f6e472ff000-7f6e47303000 ---p 00000000 00:00 0 
7f6e47303000-7f6e47500000 rw-p 00000000 00:00 0 
7f6e47600000-7f6e47700000 rw-p 00000000 00:00 0 
7f6e47800000-7f6e47900000 rw-p 00000000 00:00 0 
7f6e47a00000-7f6e47b00000 rw-p 00000000 00:00 0 
7f6e47c00000-7f6e47d00000 rw-p 00000000 00:00 0 
7f6e47e00000-7f6e47f00000 rw-p 00000000 00:00 0 
7f6e48000000-7f6e480b5000 rw-p 00000000 00:00 0 
7f6e480b5000-7f6e4c000000 ---p 00000000 00:00 0 
7f6e4c000000-7f6e4c100000 rw-p 00000000 00:00 0 
7f6e4c200000-7f6e4c300000 rw-p 00000000 00:00 0 
7f6e4c400000-7f6e4c500000 rw-p 00000000 00:00 0 
7f6e4c600000-7f6e4c700000 rw-p 00000000 00:00 0 
7f6e4c800000-7f6e4c900000 rw-p 00000000 00:00 0 
7f6e4ca00000-7f6e4cb00000 rw-p 00000000 00:00 0 
7f6e4cc00000-7f6e4cd00000 rw-p 00000000 00:00 0 
7f6e4ce00000-7f6e4cf00000 rw-p 00000000 00:00 0 
7f6e4d000000-7f6e4d100000 rw-p 00000000 00:00 0 
7f6e4d200000-7f6e4d300000 rw-p 00000000 00:00 0 
7f6e4d400000-7f6e4d500000 rw-p 00000000 00:00 0 
7f6e4d600000-7f6e4d700000 rw-p 00000000 00:00 0 
7f6e4d800000-7f6e4d900000 rw-p 00000000 00:00 0 
7f6e4da00000-7f6e4db00000 rw-p 00000000 00:00 0 
7f6e4dc00000-7f6e4dd00000 rw-p 00000000 00:00 0 
7f6e4de00000-7f6e4df00000 rw-p 00000000 00:00 0 
7f6e4e000000-7f6e4e100000 rw-p 00000000 00:00 0 
7f6e4e200000-7f6e4e300000 rw-p 00000000 00:00 0 
7f6e4e400000-7f6e4e500000 rw-p 00000000 00:00 0 
7f6e4e600000-7f6e4e700000 ---p 00000000 00:00 0 
7f6e4e700000-7f6e4ed5f000 r--p 01362000 103:02 51870081                  /home/a4090/miniconda3/envs/auto_pose/lib/jvm/lib/libjvmcicompiler.so
7f6e4ed5f000-7f6e4ef00000 r--p 00000000 00:00 0 
7f6e4ef00000-7f6e4ef0e000 rw-p 00000000 00:00 0 
7f6e4ef0e000-7f6e4f463000 rw-p 01b70000 103:02 51870081                  /home/a4090/miniconda3/envs/auto_pose/lib/jvm/lib/libjvmcicompiler.so
7f6e4f463000-7f6e4f8dd000 r--p 020c5000 103:02 51870081                  /home/a4090/miniconda3/envs/auto_pose/lib/jvm/lib/libjvmcicompiler.so
7f6e4f8ff000-7f6e4f903000 ---p 00000000 00:00 0 
7f6e4f903000-7f6e4fb00000 rw-p 00000000 00:00 0 
7f6e4fc00000-7f6e4fd00000 rw-p 00000000 00:00 0 
7f6e4fe00000-7f6e4ff00000 rw-p 00000000 00:00 0 
7f6e50000000-7f6e500bf000 rw-p 00000000 00:00 0 
7f6e500bf000-7f6e54000000 ---p 00000000 00:00 0 
7f6e54000000-7f6e54203000 rw-p 00000000 00:00 0 
7f6e54203000-7f6e58000000 ---p 00000000 00:00 0 
7f6e58100000-7f6e58200000 rw-p 00000000 00:00 0 
7f6e58300000-7f6e58400000 rw-p 00000000 00:00 0 
7f6e58500000-7f6e58600000 rw-p 00000000 00:00 0 
7f6e58700000-7f6e58800000 rw-p 00000000 00:00 0 
7f6e58900000-7f6e58a00000 rw-p 00000000 00:00 0 
7f6e58b00000-7f6e58c00000 rw-p 00000000 00:00 0 
7f6e58d00000-7f6e58e00000 ---p 00000000 00:00 0 
7f6e58e00000-7f6e5945f000 r--p 01362000 103:02 51870081                  /home/a4090/miniconda3/envs/auto_pose/lib/jvm/lib/libjvmcicompiler.so
7f6e5945f000-7f6e59600000 r--p 00000000 00:00 0 
7f6e59600000-7f6e5960e000 rw-p 00000000 00:00 0 
7f6e5960e000-7f6e59b63000 rw-p 01b70000 103:02 51870081                  /home/a4090/miniconda3/envs/auto_pose/lib/jvm/lib/libjvmcicompiler.so
7f6e59b63000-7f6e59fdd000 r--p 020c5000 103:02 51870081                  /home/a4090/miniconda3/envs/auto_pose/lib/jvm/lib/libjvmcicompiler.so
7f6e5a000000-7f6e5a100000 rw-p 00000000 00:00 0 
7f6e5a200000-7f6e5a300000 rw-p 00000000 00:00 0 
7f6e5a400000-7f6e5a500000 rw-p 00000000 00:00 0 
7f6e5a600000-7f6e5a700000 rw-p 00000000 00:00 0 
7f6e5a800000-7f6e5a900000 rw-p 00000000 00:00 0 
7f6e5aa00000-7f6e5ab00000 rw-p 00000000 00:00 0 
7f6e5ac00000-7f6e5ad00000 rw-p 00000000 00:00 0 
7f6e5ae00000-7f6e5af00000 rw-p 00000000 00:00 0 
7f6e5b000000-7f6e5b100000 rw-p 00000000 00:00 0 
7f6e5b200000-7f6e5b300000 rw-p 00000000 00:00 0 
7f6e5b400000-7f6e5b500000 rw-p 00000000 00:00 0 
7f6e5b600000-7f6e5b700000 rw-p 00000000 00:00 0 
7f6e5b800000-7f6e5b900000 rw-p 00000000 00:00 0 
7f6e5ba00000-7f6e5bb00000 rw-p 00000000 00:00 0 
7f6e5bc00000-7f6e5bd00000 rw-p 00000000 00:00 0 
7f6e5be00000-7f6e5bf00000 rw-p 00000000 00:00 0 
7f6e5c000000-7f6e5c021000 rw-p 00000000 00:00 0 
7f6e5c021000-7f6e60000000 ---p 00000000 00:00 0 
7f6e60000000-7f6e60021000 rw-p 00000000 00:00 0 
7f6e60021000-7f6e64000000 ---p 00000000 00:00 0 
7f6e64000000-7f6e64021000 rw-p 00000000 00:00 0 
7f6e64021000-7f6e68000000 ---p 00000000 00:00 0 
7f6e68000000-7f6e68021000 rw-p 00000000 00:00 0 
7f6e68021000-7f6e6c000000 ---p 00000000 00:00 0 
7f6e6c000000-7f6e6c021000 rw-p 00000000 00:00 0 
7f6e6c021000-7f6e70000000 ---p 00000000 00:00 0 
7f6e70000000-7f6e70021000 rw-p 00000000 00:00 0 
7f6e70021000-7f6e74000000 ---p 00000000 00:00 0 
7f6e74000000-7f6e74021000 rw-p 00000000 00:00 0 
7f6e74021000-7f6e78000000 ---p 00000000 00:00 0 
7f6e78000000-7f6e78021000 rw-p 00000000 00:00 0 
7f6e78021000-7f6e7c000000 ---p 00000000 00:00 0 
7f6e7c000000-7f6e7c051000 rw-p 00000000 00:00 0 
7f6e7c051000-7f6e80000000 ---p 00000000 00:00 0 
7f6e80000000-7f6e80021000 rw-p 00000000 00:00 0 
7f6e80021000-7f6e84000000 ---p 00000000 00:00 0 
7f6e84000000-7f6e84021000 rw-p 00000000 00:00 0 
7f6e84021000-7f6e88000000 ---p 00000000 00:00 0 
7f6e88000000-7f6e88021000 rw-p 00000000 00:00 0 
7f6e88021000-7f6e8c000000 ---p 00000000 00:00 0 
7f6e8c000000-7f6e8c021000 rw-p 00000000 00:00 0 
7f6e8c021000-7f6e90000000 ---p 00000000 00:00 0 
7f6e90000000-7f6e90021000 rw-p 00000000 00:00 0 
7f6e90021000-7f6e94000000 ---p 00000000 00:00 0 
7f6e94000000-7f6e94021000 rw-p 00000000 00:00 0 
7f6e94021000-7f6e98000000 ---p 00000000 00:00 0 
7f6e98000000-7f6e98021000 rw-p 00000000 00:00 0 
7f6e98021000-7f6e9c000000 ---p 00000000 00:00 0 
7f6e9c000000-7f6e9c021000 rw-p 00000000 00:00 0 
7f6e9c021000-7f6ea0000000 ---p 00000000 00:00 0 
7f6ea0000000-7f6ea0021000 rw-p 00000000 00:00 0 
7f6ea0021000-7f6ea4000000 ---p 00000000 00:00 0 
7f6ea4000000-7f6ea4021000 rw-p 00000000 00:00 0 
7f6ea4021000-7f6ea8000000 ---p 00000000 00:00 0 
7f6ea8000000-7f6ea8021000 rw-p 00000000 00:00 0 
7f6ea8021000-7f6eac000000 ---p 00000000 00:00 0 
7f6eac000000-7f6eac021000 rw-p 00000000 00:00 0 
7f6eac021000-7f6eb0000000 ---p 00000000 00:00 0 
7f6eb0000000-7f6eb0021000 rw-p 00000000 00:00 0 
7f6eb0021000-7f6eb4000000 ---p 00000000 00:00 0 
7f6eb4000000-7f6eb4021000 rw-p 00000000 00:00 0 
7f6eb4021000-7f6eb8000000 ---p 00000000 00:00 0 
7f6eb8000000-7f6eb8021000 rw-p 00000000 00:00 0 
7f6eb8021000-7f6ebc000000 ---p 00000000 00:00 0 
7f6ebc000000-7f6ebc021000 rw-p 00000000 00:00 0 
7f6ebc021000-7f6ec0000000 ---p 00000000 00:00 0 
7f6ec0000000-7f6ec0021000 rw-p 00000000 00:00 0 
7f6ec0021000-7f6ec4000000 ---p 00000000 00:00 0 
7f6ec4000000-7f6ec4021000 rw-p 00000000 00:00 0 
7f6ec4021000-7f6ec8000000 ---p 00000000 00:00 0 
7f6ec8000000-7f6ec8028000 rw-p 00000000 00:00 0 
7f6ec8028000-7f6ecc000000 ---p 00000000 00:00 0 
7f6ecc000000-7f6ecc100000 rw-p 00000000 00:00 0 
7f6ecc200000-7f6ecc300000 rw-p 00000000 00:00 0 
7f6ecc3ff000-7f6ecc403000 ---p 00000000 00:00 0 
7f6ecc403000-7f6ecc600000 rw-p 00000000 00:00 0 
7f6ecc6c9000-7f6ecc6cd000 ---p 00000000 00:00 0 
7f6ecc6cd000-7f6ecc7ca000 rw-p 00000000 00:00 0 
7f6ecc7ca000-7f6ecc7cb000 ---p 00000000 00:00 0 
7f6ecc7cb000-7f6ecc8cc000 rw-p 00000000 00:00 0 
7f6ecc8cc000-7f6ecc8cd000 ---p 00000000 00:00 0 
7f6ecc8cd000-7f6ecc9ce000 rw-p 00000000 00:00 0 
7f6ecc9ce000-7f6ecc9cf000 ---p 00000000 00:00 0 
7f6ecc9cf000-7f6eccad0000 rw-p 00000000 00:00 0 
7f6eccad0000-7f6eccad1000 ---p 00000000 00:00 0 
7f6eccad1000-7f6eccbd2000 rw-p 00000000 00:00 0 
7f6eccbd2000-7f6eccbd3000 ---p 00000000 00:00 0 
7f6eccbd3000-7f6ecccd4000 rw-p 00000000 00:00 0 
7f6ecccd4000-7f6ecccd5000 ---p 00000000 00:00 0 
7f6ecccd5000-7f6eccdd6000 rw-p 00000000 00:00 0 
7f6eccdd6000-7f6eccdd7000 ---p 00000000 00:00 0 
7f6eccdd7000-7f6ecced8000 rw-p 00000000 00:00 0 
7f6ecced8000-7f6ecced9000 ---p 00000000 00:00 0 
7f6ecced9000-7f6eccfda000 rw-p 00000000 00:00 0 
7f6eccfda000-7f6eccfdb000 ---p 00000000 00:00 0 
7f6eccfdb000-7f6ecd0dc000 rw-p 00000000 00:00 0 
7f6ecd0dc000-7f6ecd0dd000 ---p 00000000 00:00 0 
7f6ecd0dd000-7f6ecd1de000 rw-p 00000000 00:00 0 
7f6ecd1de000-7f6ecd1df000 ---p 00000000 00:00 0 
7f6ecd1df000-7f6ecd2e0000 rw-p 00000000 00:00 0 
7f6ecd2e0000-7f6ecd2e1000 ---p 00000000 00:00 0 
7f6ecd2e1000-7f6ecd3e2000 rw-p 00000000 00:00 0 
7f6ecd3e2000-7f6ecd3e3000 ---p 00000000 00:00 0 
7f6ecd3e3000-7f6ecd4e4000 rw-p 00000000 00:00 0 
7f6ecd4e4000-7f6ecd4e5000 ---p 00000000 00:00 0 
7f6ecd4e5000-7f6ecd5e6000 rw-p 00000000 00:00 0 
7f6ecd5e6000-7f6ecd5e7000 ---p 00000000 00:00 0 
7f6ecd5e7000-7f6ecd6e8000 rw-p 00000000 00:00 0 
7f6ecd6e8000-7f6ecd6e9000 ---p 00000000 00:00 0 
7f6ecd6e9000-7f6ecd7ea000 rw-p 00000000 00:00 0 
7f6ecd7ea000-7f6ecd7eb000 ---p 00000000 00:00 0 
7f6ecd7eb000-7f6ecd8ec000 rw-p 00000000 00:00 0 
7f6ecd8ec000-7f6ecd8ed000 ---p 00000000 00:00 0 
7f6ecd8ed000-7f6ecd9ee000 rw-p 00000000 00:00 0 
7f6ecd9ee000-7f6ecd9ef000 ---p 00000000 00:00 0 
7f6ecd9ef000-7f6ecdaf0000 rw-p 00000000 00:00 0 
7f6ecdaf0000-7f6ecdaf1000 ---p 00000000 00:00 0 
7f6ecdaf1000-7f6ecdbf2000 rw-p 00000000 00:00 0 
7f6ecdbf2000-7f6ecdbf3000 ---p 00000000 00:00 0 
7f6ecdbf3000-7f6ecdcf4000 rw-p 00000000 00:00 0 
7f6ecdcf4000-7f6ecdcf5000 ---p 00000000 00:00 0 
7f6ecdcf5000-7f6ecddf6000 rw-p 00000000 00:00 0 
7f6ecddf6000-7f6ecddf7000 ---p 00000000 00:00 0 
7f6ecddf7000-7f6ecdef8000 rw-p 00000000 00:00 0 
7f6ecdef8000-7f6ecdef9000 ---p 00000000 00:00 0 
7f6ecdef9000-7f6ecdffa000 rw-p 00000000 00:00 0 
7f6ecdffa000-7f6ecdffb000 ---p 00000000 00:00 0 
7f6ecdffb000-7f6ece0fc000 rw-p 00000000 00:00 0 
7f6ece0fc000-7f6ece0fd000 ---p 00000000 00:00 0 
7f6ece0fd000-7f6ece1fe000 rw-p 00000000 00:00 0 
7f6ece1fe000-7f6ece1ff000 ---p 00000000 00:00 0 
7f6ece1ff000-7f6ece400000 rw-p 00000000 00:00 0 
7f6ece500000-7f6ece600000 rw-p 00000000 00:00 0 
7f6ece700000-7f6ece800000 rw-p 00000000 00:00 0 
7f6ece900000-7f6ecea00000 rw-p 00000000 00:00 0 
7f6eceb00000-7f6ecec00000 rw-p 00000000 00:00 0 
7f6eced00000-7f6ecee00000 ---p 00000000 00:00 0 
7f6ecee00000-7f6ecf45f000 r--p 01362000 103:02 51870081                  /home/a4090/miniconda3/envs/auto_pose/lib/jvm/lib/libjvmcicompiler.so
7f6ecf45f000-7f6ecf600000 r--p 00000000 00:00 0 
7f6ecf600000-7f6ecf60e000 rw-p 00000000 00:00 0 
7f6ecf60e000-7f6ecfb63000 rw-p 01b70000 103:02 51870081                  /home/a4090/miniconda3/envs/auto_pose/lib/jvm/lib/libjvmcicompiler.so
7f6ecfb63000-7f6ecffdd000 r--p 020c5000 103:02 51870081                  /home/a4090/miniconda3/envs/auto_pose/lib/jvm/lib/libjvmcicompiler.so
7f6ed0000000-7f6ed01bf000 rw-p 00000000 00:00 0 
7f6ed01bf000-7f6ed4000000 ---p 00000000 00:00 0 
7f6ed4000000-7f6ed425d000 rw-p 00000000 00:00 0 
7f6ed425d000-7f6ed8000000 ---p 00000000 00:00 0 
7f6ed8000000-7f6ed8021000 rw-p 00000000 00:00 0 
7f6ed8021000-7f6edc000000 ---p 00000000 00:00 0 
7f6edc000000-7f6edc220000 rw-p 00000000 00:00 0 
7f6edc220000-7f6ee0000000 ---p 00000000 00:00 0 
7f6ee0000000-7f6ee0249000 rw-p 00000000 00:00 0 
7f6ee0249000-7f6ee4000000 ---p 00000000 00:00 0 
7f6ee4000000-7f6ee4100000 rw-p 00000000 00:00 0 
7f6ee4200000-7f6ee4300000 rw-p 00000000 00:00 0 
7f6ee4400000-7f6ee4500000 rw-p 00000000 00:00 0 
7f6ee4600000-7f6ee4700000 rw-p 00000000 00:00 0 
7f6ee47fc000-7f6ee4800000 ---p 00000000 00:00 0 
7f6ee4800000-7f6ee48fd000 rw-p 00000000 00:00 0 
7f6ee48fd000-7f6ee4901000 ---p 00000000 00:00 0 
7f6ee4901000-7f6ee4afe000 rw-p 00000000 00:00 0 
7f6ee4afe000-7f6ee4b02000 ---p 00000000 00:00 0 
7f6ee4b02000-7f6ee4cff000 rw-p 00000000 00:00 0 
7f6ee4cff000-7f6ee4d03000 ---p 00000000 00:00 0 
7f6ee4d03000-7f6ee5000000 rw-p 00000000 00:00 0 
7f6ee5100000-7f6ee5200000 rw-p 00000000 00:00 0 
7f6ee5300000-7f6ee5400000 rw-p 00000000 00:00 0 
7f6ee5500000-7f6ee5600000 rw-p 00000000 00:00 0 
7f6ee5700000-7f6ee5800000 rw-p 00000000 00:00 0 
7f6ee5900000-7f6ee5a00000 rw-p 00000000 00:00 0 
7f6ee5b00000-7f6ee5c00000 rw-p 00000000 00:00 0 
7f6ee5d00000-7f6ee5e00000 rw-p 00000000 00:00 0 
7f6ee5f00000-7f6ee6000000 rw-p 00000000 00:00 0 
7f6ee6100000-7f6ee6200000 rw-p 00000000 00:00 0 
7f6ee6300000-7f6ee6500000 rw-p 00000000 00:00 0 
7f6ee6600000-7f6ee6700000 rw-p 00000000 00:00 0 
7f6ee6800000-7f6ee6900000 rw-p 00000000 00:00 0 
7f6ee6a00000-7f6ee6b00000 rw-p 00000000 00:00 0 
7f6ee6c00000-7f6ee6d00000 rw-p 00000000 00:00 0 
7f6ee6e00000-7f6ee6f00000 rw-p 00000000 00:00 0 
7f6ee7000000-7f6ee7100000 rw-p 00000000 00:00 0 
7f6ee7200000-7f6ee7300000 rw-p 00000000 00:00 0 
7f6ee7400000-7f6ee7500000 rw-p 00000000 00:00 0 
7f6ee7600000-7f6ee7700000 rw-p 00000000 00:00 0 
7f6ee77ff000-7f6ee7803000 ---p 00000000 00:00 0 
7f6ee7803000-7f6ee7b00000 rw-p 00000000 00:00 0 
7f6ee7c00000-7f6ee7d00000 rw-p 00000000 00:00 0 
7f6ee7e00000-7f6ee7f00000 rw-p 00000000 00:00 0 
7f6ee8000000-7f6ee8100000 rw-p 00000000 00:00 0 
7f6ee8200000-7f6ee8300000 rw-p 00000000 00:00 0 
7f6ee8400000-7f6ee8500000 rw-p 00000000 00:00 0 
7f6ee8600000-7f6ee8700000 rw-p 00000000 00:00 0 
7f6ee8800000-7f6ee8900000 rw-p 00000000 00:00 0 
7f6ee8a00000-7f6ee8b00000 rw-p 00000000 00:00 0 
7f6ee8c00000-7f6ee8d00000 rw-p 00000000 00:00 0 
7f6ee8e00000-7f6ee8f00000 rw-p 00000000 00:00 0 
7f6ee9000000-7f6ee9100000 rw-p 00000000 00:00 0 
7f6ee9200000-7f6ee9300000 rw-p 00000000 00:00 0 
7f6ee9400000-7f6ee9500000 rw-p 00000000 00:00 0 
7f6ee9600000-7f6ee9700000 rw-p 00000000 00:00 0 
7f6ee9800000-7f6ee9900000 rw-p 00000000 00:00 0 
7f6ee9a00000-7f6ee9b00000 rw-p 00000000 00:00 0 
7f6ee9c00000-7f6ee9d00000 rw-p 00000000 00:00 0 
7f6ee9e00000-7f6ee9f00000 rw-p 00000000 00:00 0 
7f6eea000000-7f6eea100000 rw-p 00000000 00:00 0 
7f6eea200000-7f6eea300000 rw-p 00000000 00:00 0 
7f6eea400000-7f6eea500000 rw-p 00000000 00:00 0 
7f6eea600000-7f6eea700000 rw-p 00000000 00:00 0 
7f6eea800000-7f6eea900000 rw-p 00000000 00:00 0 
7f6eeaa00000-7f6eeab00000 rw-p 00000000 00:00 0 
7f6eeac00000-7f6eead00000 rw-p 00000000 00:00 0 
7f6eeae00000-7f6eeaf00000 rw-p 00000000 00:00 0 
7f6eeb000000-7f6eeb100000 rw-p 00000000 00:00 0 
7f6eeb200000-7f6eeb300000 rw-p 00000000 00:00 0 
7f6eeb400000-7f6eeb500000 rw-p 00000000 00:00 0 
7f6eeb600000-7f6eeb700000 rw-p 00000000 00:00 0 
7f6eeb800000-7f6eeb900000 rw-p 00000000 00:00 0 
7f6eeba00000-7f6eebb00000 rw-p 00000000 00:00 0 
7f6eebc00000-7f6eebd00000 rw-p 00000000 00:00 0 
7f6eebe00000-7f6eebf00000 rw-p 00000000 00:00 0 
7f6eebf1c000-7f6eec000000 rw-p 00000000 00:00 0 
7f6eec000000-7f6eec04d000 rw-p 00000000 00:00 0 
7f6eec04d000-7f6ef0000000 ---p 00000000 00:00 0 
7f6ef0000000-7f6ef003e000 rw-p 00000000 00:00 0 
7f6ef003e000-7f6ef4000000 ---p 00000000 00:00 0 
7f6ef401c000-7f6ef4200000 rw-p 00000000 00:00 0 
7f6ef422f000-7f6ef4400000 rw-p 00000000 00:00 0 
7f6ef4436000-7f6ef4600000 rw-p 00000000 00:00 0 
7f6ef4622000-7f6ef4700000 rw-p 00000000 00:00 0 
7f6ef4700000-7f6ef4800000 ---p 00000000 00:00 0 
7f6ef4800000-7f6ef4e5f000 r--p 01362000 103:02 51870081                  /home/a4090/miniconda3/envs/auto_pose/lib/jvm/lib/libjvmcicompiler.so
7f6ef4e5f000-7f6ef5000000 r--p 00000000 00:00 0 
7f6ef5000000-7f6ef500e000 rw-p 00000000 00:00 0 
7f6ef500e000-7f6ef5563000 rw-p 01b70000 103:02 51870081                  /home/a4090/miniconda3/envs/auto_pose/lib/jvm/lib/libjvmcicompiler.so
7f6ef5563000-7f6ef59dd000 r--p 020c5000 103:02 51870081                  /home/a4090/miniconda3/envs/auto_pose/lib/jvm/lib/libjvmcicompiler.so
7f6ef5a00000-7f6ef5b00000 ---p 00000000 00:00 0 
7f6ef5b00000-7f6ef615f000 r--p 01362000 103:02 51870081                  /home/a4090/miniconda3/envs/auto_pose/lib/jvm/lib/libjvmcicompiler.so
7f6ef615f000-7f6ef6300000 r--p 00000000 00:00 0 
7f6ef6300000-7f6ef630e000 rw-p 00000000 00:00 0 
7f6ef630e000-7f6ef6863000 rw-p 01b70000 103:02 51870081                  /home/a4090/miniconda3/envs/auto_pose/lib/jvm/lib/libjvmcicompiler.so
7f6ef6863000-7f6ef6cdd000 r--p 020c5000 103:02 51870081                  /home/a4090/miniconda3/envs/auto_pose/lib/jvm/lib/libjvmcicompiler.so
7f6ef6d00000-7f6ef6e00000 ---p 00000000 00:00 0 
7f6ef6e00000-7f6ef745f000 r--p 01362000 103:02 51870081                  /home/a4090/miniconda3/envs/auto_pose/lib/jvm/lib/libjvmcicompiler.so
7f6ef745f000-7f6ef7600000 r--p 00000000 00:00 0 
7f6ef7600000-7f6ef760e000 rw-p 00000000 00:00 0 
7f6ef760e000-7f6ef7b63000 rw-p 01b70000 103:02 51870081                  /home/a4090/miniconda3/envs/auto_pose/lib/jvm/lib/libjvmcicompiler.so
7f6ef7b63000-7f6ef7fdd000 r--p 020c5000 103:02 51870081                  /home/a4090/miniconda3/envs/auto_pose/lib/jvm/lib/libjvmcicompiler.so
7f6ef8000000-7f6ef8037000 rw-p 00000000 00:00 0 
7f6ef8037000-7f6efc000000 ---p 00000000 00:00 0 
7f6efc000000-7f6efc021000 rw-p 00000000 00:00 0 
7f6efc021000-7f6f00000000 ---p 00000000 00:00 0 
7f6f00048000-7f6f00200000 rw-p 00000000 00:00 0 
7f6f00249000-7f6f0027c000 rw-p 00000000 00:00 0 
7f6f002b6000-7f6f00400000 rw-p 00000000 00:00 0 
7f6f00445000-7f6f004ca000 rw-p 00000000 00:00 0 
7f6f004fd000-7f6f00501000 ---p 00000000 00:00 0 
7f6f00501000-7f6f006fe000 rw-p 00000000 00:00 0 
7f6f006fe000-7f6f00702000 ---p 00000000 00:00 0 
7f6f00702000-7f6f008ff000 rw-p 00000000 00:00 0 
7f6f008ff000-7f6f00903000 ---p 00000000 00:00 0 
7f6f00903000-7f6f00c00000 rw-p 00000000 00:00 0 
7f6f00c1e000-7f6f00c67000 rw-p 00000000 00:00 0 
7f6f00d00000-7f6f00e00000 rw-p 00000000 00:00 0 
7f6f00f00000-7f6f01000000 rw-p 00000000 00:00 0 
7f6f0101f000-7f6f01200000 rw-p 00000000 00:00 0 
7f6f01230000-7f6f01400000 rw-p 00000000 00:00 0 
7f6f01417000-7f6f0144c000 rw-p 00000000 00:00 0 
7f6f01481000-7f6f01600000 rw-p 00000000 00:00 0 
7f6f0162d000-7f6f01670000 rw-p 00000000 00:00 0 
7f6f016cc000-7f6f01800000 rw-p 00000000 00:00 0 
7f6f01807000-7f6f018b5000 rw-p 00000000 00:00 0 
7f6f01900000-7f6f01a00000 rw-p 00000000 00:00 0 
7f6f01a6e000-7f6f01ab4000 rw-p 00000000 00:00 0 
7f6f01ab4000-7f6f01c37000 r--p 00000000 103:02 51870081                  /home/a4090/miniconda3/envs/auto_pose/lib/jvm/lib/libjvmcicompiler.so
7f6f01c37000-7f6f02e0d000 r-xp 00183000 103:02 51870081                  /home/a4090/miniconda3/envs/auto_pose/lib/jvm/lib/libjvmcicompiler.so
7f6f02e0d000-7f6f03ff7000 r--p 01359000 103:02 51870081                  /home/a4090/miniconda3/envs/auto_pose/lib/jvm/lib/libjvmcicompiler.so
7f6f03ff7000-7f6f03ffb000 rw-p 02543000 103:02 51870081                  /home/a4090/miniconda3/envs/auto_pose/lib/jvm/lib/libjvmcicompiler.so
7f6f03ffb000-7f6f04000000 rw-p 027b8000 103:02 51870081                  /home/a4090/miniconda3/envs/auto_pose/lib/jvm/lib/libjvmcicompiler.so
7f6f04000000-7f6f042ca000 rw-p 00000000 00:00 0 
7f6f042ca000-7f6f08000000 ---p 00000000 00:00 0 
7f6f08000000-7f6f08021000 rw-p 00000000 00:00 0 
7f6f08021000-7f6f0c000000 ---p 00000000 00:00 0 
7f6f0c000000-7f6f0c214000 rw-p 00000000 00:00 0 
7f6f0c214000-7f6f10000000 ---p 00000000 00:00 0 
7f6f10000000-7f6f10021000 rw-p 00000000 00:00 0 
7f6f10021000-7f6f14000000 ---p 00000000 00:00 0 
7f6f14000000-7f6f14386000 rw-p 00000000 00:00 0 
7f6f14386000-7f6f18000000 ---p 00000000 00:00 0 
7f6f18000000-7f6f18021000 rw-p 00000000 00:00 0 
7f6f18021000-7f6f1c000000 ---p 00000000 00:00 0 
7f6f1c000000-7f6f1c021000 rw-p 00000000 00:00 0 
7f6f1c021000-7f6f20000000 ---p 00000000 00:00 0 
7f6f20000000-7f6f2007a000 rw-p 00000000 00:00 0 
7f6f2007a000-7f6f24000000 ---p 00000000 00:00 0 
7f6f24000000-7f6f24021000 rw-p 00000000 00:00 0 
7f6f24021000-7f6f28000000 ---p 00000000 00:00 0 
7f6f28000000-7f6f28021000 rw-p 00000000 00:00 0 
7f6f28021000-7f6f2c000000 ---p 00000000 00:00 0 
7f6f2c000000-7f6f2c021000 rw-p 00000000 00:00 0 
7f6f2c021000-7f6f30000000 ---p 00000000 00:00 0 
7f6f30000000-7f6f30021000 rw-p 00000000 00:00 0 
7f6f30021000-7f6f34000000 ---p 00000000 00:00 0 
7f6f34000000-7f6f34027000 rw-p 00000000 00:00 0 
7f6f34027000-7f6f38000000 ---p 00000000 00:00 0 
7f6f38000000-7f6f38021000 rw-p 00000000 00:00 0 
7f6f38021000-7f6f3c000000 ---p 00000000 00:00 0 
7f6f3c000000-7f6f3c400000 rw-p 00000000 00:00 0 
7f6f3c400000-7f6f3c900000 rw-p 00000000 00:00 0 
7f6f3c900000-7f6f3cb00000 rw-p 00000000 00:00 0 
7f6f3cb00000-7f6f3cb80000 rw-p 00000000 00:00 0 
7f6f3cb80000-7f6f3cc00000 rw-p 00000000 00:00 0 
7f6f3cc00000-7f6f3cf00000 rw-p 00000000 00:00 0 
7f6f3cf00000-7f6f3d000000 rw-p 00000000 00:00 0 
7f6f3d000000-7f6f3d160000 rw-p 00000000 00:00 0 
7f6f3d160000-7f6f3d180000 rw-p 00000000 00:00 0 
7f6f3d180000-7f6f3d300000 rw-p 00000000 00:00 0 
7f6f3d300000-7f6f3f300000 rw-p 00000000 00:00 0 
7f6f3f300000-7f6f3f360000 rw-p 00000000 00:00 0 
7f6f3f360000-7f6f3f400000 ---p 00000000 00:00 0 
7f6f3f400000-7f6f3fcb0000 rw-p 00000000 00:00 0 
7f6f3fcb0000-7f6f40000000 ---p 00000000 00:00 0 
7f6f40000000-7f6f40021000 rw-p 00000000 00:00 0 
7f6f40021000-7f6f44000000 ---p 00000000 00:00 0 
7f6f4400f000-7f6f44200000 rw-p 00000000 00:00 0 
7f6f4420d000-7f6f44400000 rw-p 00000000 00:00 0 
7f6f4441b000-7f6f44489000 rw-p 00000000 00:00 0 
7f6f444cd000-7f6f44600000 rw-p 00000000 00:00 0 
7f6f4460e000-7f6f44638000 rw-p 00000000 00:00 0 
7f6f44641000-7f6f446a6000 rw-p 00000000 00:00 0 
7f6f446bc000-7f6f446de000 rw-p 00000000 00:00 0 
7f6f4473e000-7f6f447da000 rw-p 00000000 00:00 0 
7f6f4481d000-7f6f4483f000 rw-p 00000000 00:00 0 
7f6f4483f000-7f6f44841000 r--p 00000000 103:02 39852051                  /usr/lib/x86_64-linux-gnu/libcrypt.so.1.1.0
7f6f44841000-7f6f44856000 r-xp 00002000 103:02 39852051                  /usr/lib/x86_64-linux-gnu/libcrypt.so.1.1.0
7f6f44856000-7f6f44870000 r--p 00017000 103:02 39852051                  /usr/lib/x86_64-linux-gnu/libcrypt.so.1.1.0
7f6f44870000-7f6f44871000 r--p 00030000 103:02 39852051                  /usr/lib/x86_64-linux-gnu/libcrypt.so.1.1.0
7f6f44871000-7f6f44872000 rw-p 00031000 103:02 39852051                  /usr/lib/x86_64-linux-gnu/libcrypt.so.1.1.0
7f6f44872000-7f6f4487a000 rw-p 00000000 00:00 0 
7f6f4489a000-7f6f44a00000 rw-p 00000000 00:00 0 
7f6f44a0e000-7f6f44a74000 rw-p 00000000 00:00 0 
7f6f44a8c000-7f6f44af2000 rw-p 00000000 00:00 0 
7f6f44af2000-7f6f44af7000 r--p 00000000 103:02 51867375                  /home/a4090/miniconda3/envs/auto_pose/lib/jvm/languages/python/lib/graalpy23.0/libposix.graalpy230-310-native-x86_64-linux.so
7f6f44af7000-7f6f44afb000 r-xp 00004000 103:02 51867375                  /home/a4090/miniconda3/envs/auto_pose/lib/jvm/languages/python/lib/graalpy23.0/libposix.graalpy230-310-native-x86_64-linux.so
7f6f44afb000-7f6f44afc000 r--p 00007000 103:02 51867375                  /home/a4090/miniconda3/envs/auto_pose/lib/jvm/languages/python/lib/graalpy23.0/libposix.graalpy230-310-native-x86_64-linux.so
7f6f44afc000-7f6f44afd000 rw-p 00007000 103:02 51867375                  /home/a4090/miniconda3/envs/auto_pose/lib/jvm/languages/python/lib/graalpy23.0/libposix.graalpy230-310-native-x86_64-linux.so
7f6f44afd000-7f6f44b00000 rw-p 00039000 103:02 51867375                  /home/a4090/miniconda3/envs/auto_pose/lib/jvm/languages/python/lib/graalpy23.0/libposix.graalpy230-310-native-x86_64-linux.so
7f6f44b00000-7f6f44c00000 rw-p 00000000 00:00 0 
7f6f44c0a000-7f6f44c0d000 r--p 00000000 103:02 51869393                  /home/a4090/miniconda3/envs/auto_pose/lib/jvm/lib/libtrufflenfi.so
7f6f44c0d000-7f6f44c1a000 r-xp 00003000 103:02 51869393                  /home/a4090/miniconda3/envs/auto_pose/lib/jvm/lib/libtrufflenfi.so
7f6f44c1a000-7f6f44c1d000 r--p 00010000 103:02 51869393                  /home/a4090/miniconda3/envs/auto_pose/lib/jvm/lib/libtrufflenfi.so
7f6f44c1d000-7f6f44c1e000 r--p 00012000 103:02 51869393                  /home/a4090/miniconda3/envs/auto_pose/lib/jvm/lib/libtrufflenfi.so
7f6f44c1e000-7f6f44c1f000 rw-p 00013000 103:02 51869393                  /home/a4090/miniconda3/envs/auto_pose/lib/jvm/lib/libtrufflenfi.so
7f6f44c1f000-7f6f44c20000 rw-p 0004a000 103:02 51869393                  /home/a4090/miniconda3/envs/auto_pose/lib/jvm/lib/libtrufflenfi.so
7f6f44c20000-7f6f44c53000 rw-p 00000000 00:00 0 
7f6f44c5f000-7f6f44c66000 r--s 00000000 103:02 40504943                  /usr/lib/x86_64-linux-gnu/gconv/gconv-modules.cache
7f6f44c66000-7f6f44c9b000 rw-p 00000000 00:00 0 
7f6f44c9b000-7f6f44ca8000 r-xp 00000000 103:02 51866632                  /home/a4090/miniconda3/envs/auto_pose/lib/jvm/lib/libverify.so
7f6f44ca8000-7f6f44caa000 r--p 0000c000 103:02 51866632                  /home/a4090/miniconda3/envs/auto_pose/lib/jvm/lib/libverify.so
7f6f44caa000-7f6f44cab000 rw-p 0000e000 103:02 51866632                  /home/a4090/miniconda3/envs/auto_pose/lib/jvm/lib/libverify.so
7f6f44cab000-7f6f44cad000 rw-p 00010000 103:02 51866632                  /home/a4090/miniconda3/envs/auto_pose/lib/jvm/lib/libverify.so
7f6f44cad000-7f6f44cb1000 ---p 00000000 00:00 0 
7f6f44cb1000-7f6f44d00000 rw-p 00000000 00:00 0 
7f6f44d00000-7f6f44e00000 ---p 00000000 00:00 0 
7f6f44e00000-7f6f4545f000 r--p 01362000 103:02 51870081                  /home/a4090/miniconda3/envs/auto_pose/lib/jvm/lib/libjvmcicompiler.so
7f6f4545f000-7f6f45600000 r--p 00000000 00:00 0 
7f6f45600000-7f6f4560e000 rw-p 00000000 00:00 0 
7f6f4560e000-7f6f45b63000 rw-p 01b70000 103:02 51870081                  /home/a4090/miniconda3/envs/auto_pose/lib/jvm/lib/libjvmcicompiler.so
7f6f45b63000-7f6f45fdd000 r--p 020c5000 103:02 51870081                  /home/a4090/miniconda3/envs/auto_pose/lib/jvm/lib/libjvmcicompiler.so
7f6f45fe0000-7f6f45fe6000 r-xp 00000000 103:02 51869757                  /home/a4090/miniconda3/envs/auto_pose/lib/jvm/lib/libmanagement_ext.so
7f6f45fe6000-7f6f45fe7000 r--p 00005000 103:02 51869757                  /home/a4090/miniconda3/envs/auto_pose/lib/jvm/lib/libmanagement_ext.so
7f6f45fe7000-7f6f45fe8000 rw-p 00006000 103:02 51869757                  /home/a4090/miniconda3/envs/auto_pose/lib/jvm/lib/libmanagement_ext.so
7f6f45fe8000-7f6f45feb000 rw-p 00009000 103:02 51869757                  /home/a4090/miniconda3/envs/auto_pose/lib/jvm/lib/libmanagement_ext.so
7f6f45feb000-7f6f45fef000 r-xp 00000000 103:02 51871985                  /home/a4090/miniconda3/envs/auto_pose/lib/jvm/lib/libmanagement.so
7f6f45fef000-7f6f45ff0000 r--p 00003000 103:02 51871985                  /home/a4090/miniconda3/envs/auto_pose/lib/jvm/lib/libmanagement.so
7f6f45ff0000-7f6f45ff1000 rw-p 00004000 103:02 51871985                  /home/a4090/miniconda3/envs/auto_pose/lib/jvm/lib/libmanagement.so
7f6f45ff1000-7f6f45ff4000 rw-p 00007000 103:02 51871985                  /home/a4090/miniconda3/envs/auto_pose/lib/jvm/lib/libmanagement.so
7f6f45ff4000-7f6f45ffb000 r-xp 00000000 103:02 51866985                  /home/a4090/miniconda3/envs/auto_pose/lib/jvm/lib/libzip.so
7f6f45ffb000-7f6f45ffc000 ---p 00007000 103:02 51866985                  /home/a4090/miniconda3/envs/auto_pose/lib/jvm/lib/libzip.so
7f6f45ffc000-7f6f45ffd000 r--p 00007000 103:02 51866985                  /home/a4090/miniconda3/envs/auto_pose/lib/jvm/lib/libzip.so
7f6f45ffd000-7f6f45ffe000 rw-p 00008000 103:02 51866985                  /home/a4090/miniconda3/envs/auto_pose/lib/jvm/lib/libzip.so
7f6f45ffe000-7f6f46001000 rw-p 0000b000 103:02 51866985                  /home/a4090/miniconda3/envs/auto_pose/lib/jvm/lib/libzip.so
7f6f46001000-7f6f46016000 r-xp 00000000 103:02 51865979                  /home/a4090/miniconda3/envs/auto_pose/lib/jvm/lib/libnet.so
7f6f46016000-7f6f46017000 ---p 00015000 103:02 51865979                  /home/a4090/miniconda3/envs/auto_pose/lib/jvm/lib/libnet.so
7f6f46017000-7f6f46018000 r--p 00015000 103:02 51865979                  /home/a4090/miniconda3/envs/auto_pose/lib/jvm/lib/libnet.so
7f6f46018000-7f6f46019000 rw-p 00016000 103:02 51865979                  /home/a4090/miniconda3/envs/auto_pose/lib/jvm/lib/libnet.so
7f6f46019000-7f6f4601e000 rw-p 0001b000 103:02 51865979                  /home/a4090/miniconda3/envs/auto_pose/lib/jvm/lib/libnet.so
7f6f4601e000-7f6f46031000 r-xp 00000000 103:02 51865608                  /home/a4090/miniconda3/envs/auto_pose/lib/jvm/lib/libnio.so
7f6f46031000-7f6f46032000 r--p 00012000 103:02 51865608                  /home/a4090/miniconda3/envs/auto_pose/lib/jvm/lib/libnio.so
7f6f46032000-7f6f46033000 rw-p 00013000 103:02 51865608                  /home/a4090/miniconda3/envs/auto_pose/lib/jvm/lib/libnio.so
7f6f46033000-7f6f4603b000 rw-p 00019000 103:02 51865608                  /home/a4090/miniconda3/envs/auto_pose/lib/jvm/lib/libnio.so
7f6f4603b000-7f6f4606c000 rw-p 00000000 00:00 0 
7f6f4606c000-7f6f4606f000 r--p 00000000 103:02 65812693                  /home/a4090/miniconda3/envs/auto_pose/lib/libz.so.1.2.13
7f6f4606f000-7f6f4607e000 r-xp 00003000 103:02 65812693                  /home/a4090/miniconda3/envs/auto_pose/lib/libz.so.1.2.13
7f6f4607e000-7f6f46085000 r--p 00012000 103:02 65812693                  /home/a4090/miniconda3/envs/auto_pose/lib/libz.so.1.2.13
7f6f46085000-7f6f46086000 r--p 00018000 103:02 65812693                  /home/a4090/miniconda3/envs/auto_pose/lib/libz.so.1.2.13
7f6f46086000-7f6f46087000 rw-p 00019000 103:02 65812693                  /home/a4090/miniconda3/envs/auto_pose/lib/libz.so.1.2.13
7f6f46087000-7f6f46088000 ---p 00000000 00:00 0 
7f6f46088000-7f6f46189000 rw-p 00000000 00:00 0 
7f6f46189000-7f6f4618d000 ---p 00000000 00:00 0 
7f6f4618d000-7f6f4628a000 rw-p 00000000 00:00 0 
7f6f4628a000-7f6f4628e000 ---p 00000000 00:00 0 
7f6f4628e000-7f6f4648b000 rw-p 00000000 00:00 0 
7f6f4648b000-7f6f4648f000 ---p 00000000 00:00 0 
7f6f4648f000-7f6f4658c000 rw-p 00000000 00:00 0 
7f6f4658c000-7f6f46590000 ---p 00000000 00:00 0 
7f6f46590000-7f6f4678d000 rw-p 00000000 00:00 0 
7f6f4678d000-7f6f46791000 ---p 00000000 00:00 0 
7f6f46791000-7f6f4688e000 rw-p 00000000 00:00 0 
7f6f4688e000-7f6f46892000 ---p 00000000 00:00 0 
7f6f46892000-7f6f46a8f000 rw-p 00000000 00:00 0 
7f6f46a8f000-7f6f46a93000 ---p 00000000 00:00 0 
7f6f46a93000-7f6f46c90000 rw-p 00000000 00:00 0 
7f6f46c90000-7f6f46c94000 ---p 00000000 00:00 0 
7f6f46c94000-7f6f46d91000 rw-p 00000000 00:00 0 
7f6f46d91000-7f6f46d95000 ---p 00000000 00:00 0 
7f6f46d95000-7f6f46e92000 rw-p 00000000 00:00 0 
7f6f46e92000-7f6f46e96000 ---p 00000000 00:00 0 
7f6f46e96000-7f6f46f93000 rw-p 00000000 00:00 0 
7f6f46f93000-7f6f47804000 r--p 00000000 103:02 39848971                  /usr/lib/locale/locale-archive
7f6f47804000-7f6f47808000 ---p 00000000 00:00 0 
7f6f47808000-7f6f47905000 rw-p 00000000 00:00 0 
7f6f47905000-7f6f47909000 ---p 00000000 00:00 0 
7f6f47909000-7f6f47a06000 rw-p 00000000 00:00 0 
7f6f47a06000-7f6f47a07000 ---p 00000000 00:00 0 
7f6f47a07000-7f6f47b08000 rw-p 00000000 00:00 0 
7f6f47b08000-7f6f47bd6000 r-xp 00000000 103:02 51869100                  /home/a4090/miniconda3/envs/auto_pose/lib/jvm/lib/libjsvml.so
7f6f47bd6000-7f6f47bd7000 r--p 000cd000 103:02 51869100                  /home/a4090/miniconda3/envs/auto_pose/lib/jvm/lib/libjsvml.so
7f6f47bd7000-7f6f47bd8000 rw-p 000ce000 103:02 51869100                  /home/a4090/miniconda3/envs/auto_pose/lib/jvm/lib/libjsvml.so
7f6f47bd8000-7f6f47bde000 rw-p 000d4000 103:02 51869100                  /home/a4090/miniconda3/envs/auto_pose/lib/jvm/lib/libjsvml.so
7f6f47bde000-7f6f47cfb000 rw-p 00000000 00:00 0 
7f6f47cfb000-7f6f47cfc000 ---p 00000000 00:00 0 
7f6f47cfc000-7f6f47dfd000 rw-p 00000000 00:00 0 
7f6f47dfd000-7f6f47dfe000 ---p 00000000 00:00 0 
7f6f47dfe000-7f6f48000000 rw-p 00000000 00:00 0 
7f6f48000000-7f6f48021000 rw-p 00000000 00:00 0 
7f6f48021000-7f6f4c000000 ---p 00000000 00:00 0 
7f6f4c000000-7f6f4c021000 rw-p 00000000 00:00 0 
7f6f4c021000-7f6f50000000 ---p 00000000 00:00 0 
7f6f50000000-7f6f50021000 rw-p 00000000 00:00 0 
7f6f50021000-7f6f54000000 ---p 00000000 00:00 0 
7f6f54006000-7f6f54007000 r--p 00000000 00:00 0 
7f6f54007000-7f6f5761d000 rw-p 00000000 00:00 0 
7f6f5761d000-7f6f5761e000 ---p 00000000 00:00 0 
7f6f5761e000-7f6f5771f000 rw-p 00000000 00:00 0 
7f6f5771f000-7f6f57720000 ---p 00000000 00:00 0 
7f6f57720000-7f6f57821000 rw-p 00000000 00:00 0 
7f6f57821000-7f6f57822000 ---p 00000000 00:00 0 
7f6f57822000-7f6f57d4b000 rw-p 00000000 00:00 0 
7f6f57d4b000-7f6f598cb000 ---p 00000000 00:00 0 
7f6f598cb000-7f6f5990b000 rw-p 00000000 00:00 0 
7f6f5990b000-7f6f59a0b000 ---p 00000000 00:00 0 
7f6f59a0b000-7f6f59a4b000 rw-p 00000000 00:00 0 
7f6f59a4b000-7f6f759cb000 ---p 00000000 00:00 0 
7f6f759cb000-7f6f75ccb000 rw-p 00000000 00:00 0 
7f6f75ccb000-7f6f7784b000 ---p 00000000 00:00 0 
7f6f7784b000-7f6f7788b000 rw-p 00000000 00:00 0 
7f6f7788b000-7f6f7798b000 ---p 00000000 00:00 0 
7f6f7798b000-7f6f779cb000 rw-p 00000000 00:00 0 
7f6f779cb000-7f6f9394b000 ---p 00000000 00:00 0 
7f6f9394b000-7f6f93a1b000 rw-p 00000000 00:00 0 
7f6f93a1b000-7f6f93d8b000 ---p 00000000 00:00 0 
7f6f93d8b000-7f6f93d93000 rw-p 00000000 00:00 0 
7f6f93d93000-7f6f93db3000 ---p 00000000 00:00 0 
7f6f93db3000-7f6f93dbb000 rw-p 00000000 00:00 0 
7f6f93dbb000-7f6f975ab000 ---p 00000000 00:00 0 
7f6f975ab000-7f6f9760b000 rw-p 00000000 00:00 0 
7f6f9760b000-7f6f9797b000 ---p 00000000 00:00 0 
7f6f9797b000-7f6f97983000 rw-p 00000000 00:00 0 
7f6f97983000-7f6f979a3000 ---p 00000000 00:00 0 
7f6f979a3000-7f6f979ab000 rw-p 00000000 00:00 0 
7f6f979ab000-7f6f9b19b000 ---p 00000000 00:00 0 
7f6f9b19b000-7f6f9b1fb000 rw-p 00000000 00:00 0 
7f6f9b1fb000-7f6f9b56b000 ---p 00000000 00:00 0 
7f6f9b56b000-7f6f9b573000 rw-p 00000000 00:00 0 
7f6f9b573000-7f6f9b593000 ---p 00000000 00:00 0 
7f6f9b593000-7f6f9b59b000 rw-p 00000000 00:00 0 
7f6f9b59b000-7f6f9ed8b000 ---p 00000000 00:00 0 
7f6f9ed8b000-7f6fa05a8000 rw-p 00000000 00:00 0 
7f6fa05a8000-7f6fa0687000 ---p 00000000 00:00 0 
7f6fa0687000-7f6fa06a8000 rw-p 00000000 00:00 0 
7f6fa06a8000-7f6fa076c000 ---p 00000000 00:00 0 
7f6fa076c000-7f6fa0777000 rw-p 00000000 00:00 0 
7f6fa0777000-7f6fa0783000 ---p 00000000 00:00 0 
7f6fa0783000-7f6fa1803000 rwxp 00000000 00:00 0 
7f6fa1803000-7f6fa79f9000 ---p 00000000 00:00 0 
7f6fa79f9000-7f6fa7f59000 rwxp 00000000 00:00 0 
7f6fa7f59000-7f6fa850d000 ---p 00000000 00:00 0 
7f6fa850d000-7f6fa87bd000 rwxp 00000000 00:00 0 
7f6fa87bd000-7f6faf783000 ---p 00000000 00:00 0 
7f6faf783000-7f6faf7a7000 r-xp 00000000 103:02 51869794                  /home/a4090/miniconda3/envs/auto_pose/lib/jvm/lib/libjava.so
7f6faf7a7000-7f6faf7a8000 ---p 00024000 103:02 51869794                  /home/a4090/miniconda3/envs/auto_pose/lib/jvm/lib/libjava.so
7f6faf7a8000-7f6faf7a9000 r--p 00024000 103:02 51869794                  /home/a4090/miniconda3/envs/auto_pose/lib/jvm/lib/libjava.so
7f6faf7a9000-7f6faf7aa000 rw-p 00025000 103:02 51869794                  /home/a4090/miniconda3/envs/auto_pose/lib/jvm/lib/libjava.so
7f6faf7aa000-7f6faf7ab000 rw-p 00000000 00:00 0 
7f6faf7ab000-7f6faf7b6000 rw-p 0002f000 103:02 51869794                  /home/a4090/miniconda3/envs/auto_pose/lib/jvm/lib/libjava.so
7f6faf7b6000-7f6faf7be000 rw-s 00000000 103:02 63966921                  /tmp/hsperfdata_a4090/163665
7f6faf7be000-7f6faf7c1000 r--p 00000000 103:02 39848170                  /usr/lib/x86_64-linux-gnu/libnss_files-2.31.so
7f6faf7c1000-7f6faf7c8000 r-xp 00003000 103:02 39848170                  /usr/lib/x86_64-linux-gnu/libnss_files-2.31.so
7f6faf7c8000-7f6faf7ca000 r--p 0000a000 103:02 39848170                  /usr/lib/x86_64-linux-gnu/libnss_files-2.31.so
7f6faf7ca000-7f6faf7cb000 r--p 0000b000 103:02 39848170                  /usr/lib/x86_64-linux-gnu/libnss_files-2.31.so
7f6faf7cb000-7f6faf7cc000 rw-p 0000c000 103:02 39848170                  /usr/lib/x86_64-linux-gnu/libnss_files-2.31.so
7f6faf7cc000-7f6faf7d2000 rw-p 00000000 00:00 0 
7f6faf7d2000-7f6faf7d3000 ---p 00000000 00:00 0 
7f6faf7d3000-7f6faf7d4000 r--p 00000000 00:00 0 
7f6faf7d4000-7f6fb956c000 r--s 00000000 103:02 51868487                  /home/a4090/miniconda3/envs/auto_pose/lib/jvm/lib/modules
7f6fb956c000-7f6fb9587000 r-xp 00000000 103:02 51869974                  /home/a4090/miniconda3/envs/auto_pose/lib/jvm/lib/libjimage.so
7f6fb9587000-7f6fb9588000 ---p 0001b000 103:02 51869974                  /home/a4090/miniconda3/envs/auto_pose/lib/jvm/lib/libjimage.so
7f6fb9588000-7f6fb958a000 r--p 0001b000 103:02 51869974                  /home/a4090/miniconda3/envs/auto_pose/lib/jvm/lib/libjimage.so
7f6fb958a000-7f6fb958b000 rw-p 0001d000 103:02 51869974                  /home/a4090/miniconda3/envs/auto_pose/lib/jvm/lib/libjimage.so
7f6fb958b000-7f6fb958d000 rw-p 00024000 103:02 51869974                  /home/a4090/miniconda3/envs/auto_pose/lib/jvm/lib/libjimage.so
7f6fb958d000-7f6fb958f000 r--p 00000000 103:02 39848193                  /usr/lib/x86_64-linux-gnu/librt-2.31.so
7f6fb958f000-7f6fb9593000 r-xp 00002000 103:02 39848193                  /usr/lib/x86_64-linux-gnu/librt-2.31.so
7f6fb9593000-7f6fb9595000 r--p 00006000 103:02 39848193                  /usr/lib/x86_64-linux-gnu/librt-2.31.so
7f6fb9595000-7f6fb9596000 r--p 00007000 103:02 39848193                  /usr/lib/x86_64-linux-gnu/librt-2.31.so
7f6fb9596000-7f6fb9597000 rw-p 00008000 103:02 39848193                  /usr/lib/x86_64-linux-gnu/librt-2.31.so
7f6fb9597000-7f6fba6b6000 r-xp 00000000 103:02 51866492                  /home/a4090/miniconda3/envs/auto_pose/lib/jvm/lib/server/libjvm.so
7f6fba6b6000-7f6fba6b7000 ---p 0111f000 103:02 51866492                  /home/a4090/miniconda3/envs/auto_pose/lib/jvm/lib/server/libjvm.so
7f6fba6b7000-7f6fba76c000 r--p 0111f000 103:02 51866492                  /home/a4090/miniconda3/envs/auto_pose/lib/jvm/lib/server/libjvm.so
7f6fba76c000-7f6fba7a0000 rw-p 011d4000 103:02 51866492                  /home/a4090/miniconda3/envs/auto_pose/lib/jvm/lib/server/libjvm.so
7f6fba7a0000-7f6fba7f9000 rw-p 00000000 00:00 0 
7f6fba7f9000-7f6fba7ff000 rw-p 015a3000 103:02 51866492                  /home/a4090/miniconda3/envs/auto_pose/lib/jvm/lib/server/libjvm.so
7f6fba7ff000-7f6fba802000 rw-p 00000000 00:00 0 
7f6fba802000-7f6fba824000 r--p 00000000 103:02 39848138                  /usr/lib/x86_64-linux-gnu/libc-2.31.so
7f6fba824000-7f6fba99c000 r-xp 00022000 103:02 39848138                  /usr/lib/x86_64-linux-gnu/libc-2.31.so
7f6fba99c000-7f6fba9ea000 r--p 0019a000 103:02 39848138                  /usr/lib/x86_64-linux-gnu/libc-2.31.so
7f6fba9ea000-7f6fba9ee000 r--p 001e7000 103:02 39848138                  /usr/lib/x86_64-linux-gnu/libc-2.31.so
7f6fba9ee000-7f6fba9f0000 rw-p 001eb000 103:02 39848138                  /usr/lib/x86_64-linux-gnu/libc-2.31.so
7f6fba9f0000-7f6fba9f6000 rw-p 00000000 00:00 0 
7f6fba9f6000-7f6fba9fc000 r--p 00000000 103:02 39848188                  /usr/lib/x86_64-linux-gnu/libpthread-2.31.so
7f6fba9fc000-7f6fbaa0d000 r-xp 00006000 103:02 39848188                  /usr/lib/x86_64-linux-gnu/libpthread-2.31.so
7f6fbaa0d000-7f6fbaa13000 r--p 00017000 103:02 39848188                  /usr/lib/x86_64-linux-gnu/libpthread-2.31.so
7f6fbaa13000-7f6fbaa14000 r--p 0001c000 103:02 39848188                  /usr/lib/x86_64-linux-gnu/libpthread-2.31.so
7f6fbaa14000-7f6fbaa15000 rw-p 0001d000 103:02 39848188                  /usr/lib/x86_64-linux-gnu/libpthread-2.31.so
7f6fbaa15000-7f6fbaa19000 rw-p 00000000 00:00 0 
7f6fbaa19000-7f6fbaa1d000 r--p 00000000 103:02 51864144                  /home/a4090/miniconda3/envs/auto_pose/lib/libgcc_s.so.1
7f6fbaa1d000-7f6fbaa32000 r-xp 00004000 103:02 51864144                  /home/a4090/miniconda3/envs/auto_pose/lib/libgcc_s.so.1
7f6fbaa32000-7f6fbaa36000 r--p 00019000 103:02 51864144                  /home/a4090/miniconda3/envs/auto_pose/lib/libgcc_s.so.1
7f6fbaa36000-7f6fbaa37000 r--p 0001c000 103:02 51864144                  /home/a4090/miniconda3/envs/auto_pose/lib/libgcc_s.so.1
7f6fbaa37000-7f6fbaa38000 rw-p 0001d000 103:02 51864144                  /home/a4090/miniconda3/envs/auto_pose/lib/libgcc_s.so.1
7f6fbaa38000-7f6fbaa45000 r--p 00000000 103:02 39848143                  /usr/lib/x86_64-linux-gnu/libm-2.31.so
7f6fbaa45000-7f6fbaaec000 r-xp 0000d000 103:02 39848143                  /usr/lib/x86_64-linux-gnu/libm-2.31.so
7f6fbaaec000-7f6fbab85000 r--p 000b4000 103:02 39848143                  /usr/lib/x86_64-linux-gnu/libm-2.31.so
7f6fbab85000-7f6fbab86000 r--p 0014c000 103:02 39848143                  /usr/lib/x86_64-linux-gnu/libm-2.31.so
7f6fbab86000-7f6fbab87000 rw-p 0014d000 103:02 39848143                  /usr/lib/x86_64-linux-gnu/libm-2.31.so
7f6fbab87000-7f6fbac30000 r--p 00000000 103:02 51864761                  /home/a4090/miniconda3/envs/auto_pose/lib/libstdc++.so.6.0.33
7f6fbac30000-7f6fbacd0000 r-xp 000a9000 103:02 51864761                  /home/a4090/miniconda3/envs/auto_pose/lib/libstdc++.so.6.0.33
7f6fbacd0000-7f6fbad56000 r--p 00149000 103:02 51864761                  /home/a4090/miniconda3/envs/auto_pose/lib/libstdc++.so.6.0.33
7f6fbad56000-7f6fbad61000 r--p 001cf000 103:02 51864761                  /home/a4090/miniconda3/envs/auto_pose/lib/libstdc++.so.6.0.33
7f6fbad61000-7f6fbad65000 rw-p 001da000 103:02 51864761                  /home/a4090/miniconda3/envs/auto_pose/lib/libstdc++.so.6.0.33
7f6fbad65000-7f6fbad69000 rw-p 00000000 00:00 0 
7f6fbad69000-7f6fbad6a000 r--p 00000000 103:02 39848142                  /usr/lib/x86_64-linux-gnu/libdl-2.31.so
7f6fbad6a000-7f6fbad6c000 r-xp 00001000 103:02 39848142                  /usr/lib/x86_64-linux-gnu/libdl-2.31.so
7f6fbad6c000-7f6fbad6d000 r--p 00003000 103:02 39848142                  /usr/lib/x86_64-linux-gnu/libdl-2.31.so
7f6fbad6d000-7f6fbad6e000 r--p 00003000 103:02 39848142                  /usr/lib/x86_64-linux-gnu/libdl-2.31.so
7f6fbad6e000-7f6fbad6f000 rw-p 00004000 103:02 39848142                  /usr/lib/x86_64-linux-gnu/libdl-2.31.so
7f6fbad6f000-7f6fbad71000 rw-p 00000000 00:00 0 
7f6fbad71000-7f6fbad72000 r--p 00000000 103:02 39848110                  /usr/lib/x86_64-linux-gnu/ld-2.31.so
7f6fbad72000-7f6fbad95000 r-xp 00001000 103:02 39848110                  /usr/lib/x86_64-linux-gnu/ld-2.31.so
7f6fbad95000-7f6fbad9d000 r--p 00024000 103:02 39848110                  /usr/lib/x86_64-linux-gnu/ld-2.31.so
7f6fbad9d000-7f6fbad9e000 ---p 00000000 00:00 0 
7f6fbad9e000-7f6fbad9f000 r--p 0002c000 103:02 39848110                  /usr/lib/x86_64-linux-gnu/ld-2.31.so
7f6fbad9f000-7f6fbada0000 rw-p 0002d000 103:02 39848110                  /usr/lib/x86_64-linux-gnu/ld-2.31.so
7f6fbada0000-7f6fbada1000 rw-p 00000000 00:00 0 
7ffdaad39000-7ffdaad3d000 ---p 00000000 00:00 0 
7ffdaad3d000-7ffdaae39000 rw-p 00000000 00:00 0                          [stack]
7ffdaaf83000-7ffdaaf87000 r--p 00000000 00:00 0                          [vvar]
7ffdaaf87000-7ffdaaf89000 r-xp 00000000 00:00 0                          [vdso]
ffffffffff600000-ffffffffff601000 --xp 00000000 00:00 0                  [vsyscall]


VM Arguments:
jvm_args: -XX:ThreadPriorityPolicy=1 -XX:+UnlockExperimentalVMOptions -XX:+EnableJVMCIProduct -XX:-UnlockExperimentalVMOptions -Dorg.graalvm.launcher.class=com.oracle.graal.python.shell.GraalPythonMain -Dorg.graalvm.launcher.executablename=python 
java_command: <unknown>
java_class_path (initial): /home/a4090/miniconda3/envs/auto_pose/lib/jvm/languages/python/bin/../../../lib/graalvm/graalpython-launcher.jar:/home/a4090/miniconda3/envs/auto_pose/lib/jvm/languages/python/bin/../../../lib/graalvm/launcher-common.jar
Launcher Type: generic

[Global flags]
     intx CICompilerCount                          = 15                                        {product} {ergonomic}
     uint ConcGCThreads                            = 6                                         {product} {ergonomic}
     bool EnableJVMCIProduct                       = true                                {JVMCI product} {jimage}
     uint G1ConcRefinementThreads                  = 23                                        {product} {ergonomic}
   size_t G1HeapRegionSize                         = 16777216                                  {product} {ergonomic}
    uintx GCDrainStackTargetSize                   = 64                                        {product} {ergonomic}
   size_t InitialHeapSize                          = 2113929216                                {product} {ergonomic}
   size_t MarkStackSize                            = 4194304                                   {product} {ergonomic}
   size_t MaxHeapSize                              = 32178700288                               {product} {ergonomic}
   size_t MaxNewSize                               = 19293798400                               {product} {ergonomic}
   size_t MinHeapDeltaBytes                        = 16777216                                  {product} {ergonomic}
   size_t MinHeapSize                              = 16777216                                  {product} {ergonomic}
    uintx NonNMethodCodeHeapSize                   = 11613124                               {pd product} {ergonomic}
    uintx NonProfiledCodeHeapSize                  = 120022558                              {pd product} {ergonomic}
    uintx ProfiledCodeHeapSize                     = 120022558                              {pd product} {ergonomic}
    uintx ReservedCodeCacheSize                    = 251658240                              {pd product} {ergonomic}
     bool SegmentedCodeCache                       = true                                      {product} {ergonomic}
   size_t SoftMaxHeapSize                          = 32178700288                            {manageable} {ergonomic}
     intx ThreadPriorityPolicy                     = 1                                         {product} {jimage}
     bool UseCompressedClassPointers               = true                           {product lp64_product} {ergonomic}
     bool UseCompressedOops                        = true                           {product lp64_product} {ergonomic}
     bool UseG1GC                                  = true                                      {product} {ergonomic}

Logging:
Log output configuration:
 #0: stdout all=warning uptime,level,tags
 #1: stderr all=off uptime,level,tags

Environment Variables:
PATH=/home/a4090/miniconda3/envs/auto_pose/bin:/opt/ros/noetic/bin:/home/a4090/miniconda3/condabin:/home/a4090/.local/bin:/home/a4090/bin:/usr/local/sbin:/usr/local/bin:/usr/sbin:/usr/bin:/sbin:/bin:/usr/games:/usr/local/games:/snap/bin
LD_LIBRARY_PATH=/home/a4090/CoppeliaSim:/usr/lib/x86_64-linux-gnu:/opt/ros/noetic/lib:/opt/ros/noetic/lib/x86_64-linux-gnu
SHELL=/bin/bash
DISPLAY=:0
LANG=en_US.UTF-8
LC_NUMERIC=zh_CN.UTF-8
LC_TIME=zh_CN.UTF-8
TERM=xterm-256color

Active Locale:
LC_ALL=LC_CTYPE=en_US.UTF-8;LC_NUMERIC=zh_CN.UTF-8;LC_TIME=zh_CN.UTF-8;LC_COLLATE=en_US.UTF-8;LC_MONETARY=zh_CN.UTF-8;LC_MESSAGES=en_US.UTF-8;LC_PAPER=zh_CN.UTF-8;LC_NAME=zh_CN.UTF-8;LC_ADDRESS=zh_CN.UTF-8;LC_TELEPHONE=zh_CN.UTF-8;LC_MEASUREMENT=zh_CN.UTF-8;LC_IDENTIFICATION=zh_CN.UTF-8
LC_COLLATE=en_US.UTF-8
LC_CTYPE=en_US.UTF-8
LC_MESSAGES=en_US.UTF-8
LC_MONETARY=zh_CN.UTF-8
LC_NUMERIC=zh_CN.UTF-8
LC_TIME=zh_CN.UTF-8

Signal Handlers:
   SIGSEGV: crash_handler in libjvm.so, mask=11100100010111111101111111111110, flags=SA_RESTART|SA_SIGINFO, unblocked
    SIGBUS: crash_handler in libjvm.so, mask=11100100010111111101111111111110, flags=SA_RESTART|SA_SIGINFO, unblocked
    SIGFPE: crash_handler in libjvm.so, mask=11100100010111111101111111111110, flags=SA_RESTART|SA_SIGINFO, unblocked
   SIGPIPE: javaSignalHandler in libjvm.so, mask=11100100010111111101111111111110, flags=SA_RESTART|SA_SIGINFO, blocked
   SIGXFSZ: javaSignalHandler in libjvm.so, mask=11100100010111111101111111111110, flags=SA_RESTART|SA_SIGINFO, blocked
    SIGILL: crash_handler in libjvm.so, mask=11100100010111111101111111111110, flags=SA_RESTART|SA_SIGINFO, unblocked
   SIGUSR2: SR_handler in libjvm.so, mask=00000000000000000000000000000000, flags=SA_RESTART|SA_SIGINFO, blocked
    SIGHUP: UserHandler in libjvm.so, mask=11100100010111111101111111111110, flags=SA_RESTART|SA_SIGINFO, blocked
    SIGINT: UserHandler in libjvm.so, mask=11100100010111111101111111111110, flags=SA_RESTART|SA_SIGINFO, blocked
   SIGTERM: UserHandler in libjvm.so, mask=11100100010111111101111111111110, flags=SA_RESTART|SA_SIGINFO, blocked
   SIGQUIT: UserHandler in libjvm.so, mask=11100100010111111101111111111110, flags=SA_RESTART|SA_SIGINFO, blocked
   SIGTRAP: crash_handler in libjvm.so, mask=11100100010111111101111111111110, flags=SA_RESTART|SA_SIGINFO, unblocked


---------------  S Y S T E M  ---------------

OS:
DISTRIB_ID=Ubuntu
DISTRIB_RELEASE=20.04
DISTRIB_CODENAME=focal
DISTRIB_DESCRIPTION="Ubuntu 20.04.6 LTS"
uname: Linux 5.15.0-119-generic #129~20.04.1-Ubuntu SMP Wed Aug 7 13:07:13 UTC 2024 x86_64
OS uptime: 1 days 20:12 hours
libc: glibc 2.31 NPTL 2.31 
rlimit (soft/hard): STACK 8192k/infinity , CORE 0k/infinity , NPROC 513269/513269 , NOFILE 1048576/1048576 , AS infinity/infinity , CPU infinity/infinity , DATA infinity/infinity , FSIZE infinity/infinity , MEMLOCK 65536k/65536k
load average: 1049.13 1048.76 1048.80

/proc/meminfo:
MemTotal:       131491188 kB
MemFree:        34208376 kB
MemAvailable:   96134884 kB
Buffers:         7345372 kB
Cached:         36298124 kB
SwapCached:            0 kB
Active:         25454568 kB
Inactive:       48518852 kB
Active(anon):      15748 kB
Inactive(anon): 31385504 kB
Active(file):   25438820 kB
Inactive(file): 17133348 kB
Unevictable:        1008 kB
Mlocked:            1008 kB
SwapTotal:       4194300 kB
SwapFree:        4194300 kB
Dirty:               432 kB
Writeback:             0 kB
AnonPages:      30321576 kB
Mapped:          3115104 kB
Shmem:           1071440 kB
KReclaimable:   20605192 kB
Slab:           22177172 kB
SReclaimable:   20605192 kB
SUnreclaim:      1571980 kB
KernelStack:      109008 kB
PageTables:       407900 kB
NFS_Unstable:          0 kB
Bounce:                0 kB
WritebackTmp:          0 kB
CommitLimit:    69939892 kB
Committed_AS:   107333160 kB
VmallocTotal:   34359738367 kB
VmallocUsed:      238308 kB
VmallocChunk:          0 kB
Percpu:            46208 kB
HardwareCorrupted:     0 kB
AnonHugePages:     45056 kB
ShmemHugePages:        0 kB
ShmemPmdMapped:        0 kB
FileHugePages:         0 kB
FilePmdMapped:         0 kB
HugePages_Total:       0
HugePages_Free:        0
HugePages_Rsvd:        0
HugePages_Surp:        0
Hugepagesize:       2048 kB
Hugetlb:               0 kB
DirectMap4k:     3791692 kB
DirectMap2M:    30402560 kB
DirectMap1G:    99614720 kB

/sys/kernel/mm/transparent_hugepage/enabled: always [madvise] never
/sys/kernel/mm/transparent_hugepage/defrag (defrag/compaction efforts parameter): always defer defer+madvise [madvise] never

Process Memory:
Virtual Size: 39970624K (peak: 40017220K)
Resident Set Size: 1240344K (peak: 1240344K) (anon: 1013512K, file: 226832K, shmem: 0K)
Swapped out: 0K
C-Heap outstanding allocations: 100476K, retained: 11199K
glibc malloc tunables: (default)

/proc/sys/kernel/threads-max (system-wide limit on the number of threads): 1026538
/proc/sys/vm/max_map_count (maximum number of memory map areas a process may have): 65530
/proc/sys/kernel/pid_max (system-wide limit on number of process identifiers): 4194304

container (cgroup) information:
container_type: cgroupv1
cpu_cpuset_cpus: 0-31
cpu_memory_nodes: 0
active_processor_count: 32
cpu_quota: no quota
cpu_period: 100000
cpu_shares: no shares
memory_limit_in_bytes: unlimited
memory_and_swap_limit_in_bytes: unlimited
memory_soft_limit_in_bytes: unlimited
memory_usage_in_bytes: 81976512 k
memory_max_usage_in_bytes: 82793844 k
kernel_memory_usage_in_bytes: 19248592 k
kernel_memory_max_usage_in_bytes: unlimited
kernel_memory_limit_in_bytes: 19251476 k
maximum number of tasks: unlimited
current number of tasks: 5677

Steal ticks since vm start: 0
Steal ticks percentage since vm start:  0.000

CPU: total 32 (initial active 32) (16 cores per cpu, 2 threads per core) family 6 model 183 stepping 1 microcode 0x123, cx8, cmov, fxsr, ht, mmx, 3dnowpref, sse, sse2, sse3, ssse3, sse4.1, sse4.2, popcnt, lzcnt, tsc, tscinvbit, avx, avx2, aes, erms, clmul, bmi1, bmi2, adx, sha, fma, vzeroupper, clflush, clflushopt, clwb
CPU Model and flags from /proc/cpuinfo:
model name	: Intel(R) Core(TM) i9-14900K
flags		: fpu vme de pse tsc msr pae mce cx8 apic sep mtrr pge mca cmov pat pse36 clflush dts acpi mmx fxsr sse sse2 ss ht tm pbe syscall nx pdpe1gb rdtscp lm constant_tsc art arch_perfmon pebs bts rep_good nopl xtopology nonstop_tsc cpuid aperfmperf tsc_known_freq pni pclmulqdq dtes64 monitor ds_cpl vmx smx est tm2 ssse3 sdbg fma cx16 xtpr pdcm sse4_1 sse4_2 x2apic movbe popcnt tsc_deadline_timer aes xsave avx f16c rdrand lahf_lm abm 3dnowprefetch cpuid_fault epb ssbd ibrs ibpb stibp ibrs_enhanced tpr_shadow vnmi flexpriority ept vpid ept_ad fsgsbase tsc_adjust bmi1 avx2 smep bmi2 erms invpcid rdseed adx smap clflushopt clwb intel_pt sha_ni xsaveopt xsavec xgetbv1 xsaves split_lock_detect avx_vnni dtherm ida arat pln pts hwp hwp_notify hwp_act_window hwp_epp hwp_pkg_req umip pku ospke waitpkg gfni vaes vpclmulqdq tme rdpid movdiri movdir64b fsrm md_clear serialize pconfig arch_lbr flush_l1d arch_capabilities

Online cpus: 0-31
Offline cpus: 
BIOS frequency limitation: <Not Available>
Frequency switch latency (ns): 0
Available cpu frequencies: <Not Available>
Current governor: performance
Core performance/turbo boost: <Not Available>

Memory: 4k page, physical 131491188k(34208376k free), swap 4194300k(4194300k free)
Page Sizes: 4k

vm_info: OpenJDK 64-Bit Server VM (17.0.7+4-jvmci-23.0-b10) for linux-amd64 JRE (17.0.7+4-jvmci-23.0-b10), built on Mar 24 2023 22:17:53 by "buildslave" with gcc 10.3.0

END.
