#
# A fatal error has been detected by the Java Runtime Environment:
#
#  SIGSEGV (0xb) at pc=0x00007f657a8e6ec3, pid=162659, tid=162679
#
# JRE version: OpenJDK Runtime Environment GraalVM CE 17.0.7+4.1 (17.0.7+4) (build 17.0.7+4-jvmci-23.0-b10)
# Java VM: OpenJDK 64-Bit Server VM GraalVM CE 17.0.7+4.1 (17.0.7+4-jvmci-23.0-b10, mixed mode, sharing, tiered, jvmci, jvmci compiler, compressed oops, compressed class ptrs, g1 gc, linux-amd64)
# Problematic frame:
# C  [libjvmcicompiler.so+0xe32ec3]  ReversePostOrder$1OpenLoopsData_allLexPredecessorsVisited_8ac6d66bc523807b9ba23874c5fd679befe0744d+0x1c3
#
# Core dump will be written. Default location: Core dumps may be processed with "/usr/share/apport/apport -p%p -s%s -c%c -d%d -P%P -u%u -g%g -- %E" (or dumping to /home/a4090/ljc/AutoPoseEstimator/core.162659)
#
# If you would like to submit a bug report, please visit:
#   https://github.com/oracle/graal/issues
# The crash happened outside the Java Virtual Machine in native code.
# See problematic frame for where to report the bug.
#

---------------  S U M M A R Y ------------

Command Line: -XX:ThreadPriorityPolicy=1 -XX:+UnlockExperimentalVMOptions -XX:+EnableJVMCIProduct -XX:-UnlockExperimentalVMOptions -Dorg.graalvm.launcher.class=com.oracle.graal.python.shell.GraalPythonMain -Dorg.graalvm.launcher.executablename=/home/a4090/miniconda3/envs/auto_pose/bin/python 

Host: Intel(R) Core(TM) i9-14900K, 32 cores, 125G, Ubuntu 20.04.6 LTS
Time: Thu Feb 27 16:30:18 2025 CST elapsed time: 3.176309 seconds (0d 0h 0m 3s)

---------------  T H R E A D  ---------------

Current thread (0x00007f6598045240):  JavaThread "JVMCI-native CompilerThread1" daemon [_thread_in_native, id=162679, stack(0x00007f65782ff000,0x00007f6578500000)]


Current CompileTask:
JVMCI-native:   3176 9786       4       com.oracle.graal.python.pegparser.Parser::factor_rule (396 bytes)

Stack: [0x00007f65782ff000,0x00007f6578500000],  sp=0x00007f65784fd7d0,  free space=2041k
Native frames: (J=compiled Java code, j=interpreted, Vv=VM code, C=native code)
C  [libjvmcicompiler.so+0xe32ec3]  ReversePostOrder$1OpenLoopsData_allLexPredecessorsVisited_8ac6d66bc523807b9ba23874c5fd679befe0744d+0x1c3
C  [libjvmcicompiler.so+0xe330ca]  ReversePostOrder$1OpenLoopsData_loopFullyProcessed_81bfc9bcf8ba609079ed2f5f127d70c96a5c075f+0x4a
C  [libjvmcicompiler.so+0xe3423b]  ReversePostOrder_compute_22a3ad287169c4622df430b4d5fe4ea6f9af204c+0x9ab
C  [libjvmcicompiler.so+0xe35e3d]  ReversePostOrder_identifyBlocks_629b47907d9fb02ad451e80c07c58a27d2eb2f05+0x10d
C  [libjvmcicompiler.so+0xe2546c]  ControlFlowGraph_identifyBlocks_1528316fdf7ce7677bd1187bdf865aecdb8b2aa3+0x30c
C  [libjvmcicompiler.so+0xe1f3d7]  ControlFlowGraph_compute_669901a6ae2cfc46f2f30de6af99f1f9b38e933d+0x267
C  [libjvmcicompiler.so+0xf6d7be]  FixedNodeRelativeFrequencyCache_applyAsDouble_0a73083f08524c77b268fe47c932728dca756328+0x15e
C  [libjvmcicompiler.so+0xf5bc00]  ComputeInliningRelevance$Scope_computeInvokeRelevance_f7f353d4000d82755774c7d4bbff9aecb25e424a+0x50
C  [libjvmcicompiler.so+0xf5c27e]  ComputeInliningRelevance$Scope_process_3022065bf7f7ce85e706ad7436285a4817fc0b91+0x2de
C  [libjvmcicompiler.so+0xf5d8b6]  ComputeInliningRelevance_compute_dadf612bb10682c9574a89ed22b634a823108fc1+0x896
C  [libjvmcicompiler.so+0xf5ad05]  CallsiteHolderExplorable_constructor_95cd0c6ca66fc6bede7690d468fd6ef83885bb2e+0x2d5
C  [libjvmcicompiler.so+0xf6a9b7]  MethodInvocation_buildCallsiteHolderForElement_fba6193dbc169b5bc6f0420f4904badea4272b96+0x1d7
C  [libjvmcicompiler.so+0xf683b8]  InliningData_pushInvocationAndGraphs_3dd4e9391512d80f162ecc38486e2a3f203a5d20+0xb8
C  [libjvmcicompiler.so+0xf681d7]  InliningData_processNextInvoke_64a9bc47b14b993de0d6226a28df35306f7d5acb+0x277
C  [libjvmcicompiler.so+0xf67678]  InliningData_moveForward_b7d91350e64dbb1981896e43b64db0b8c05dfe9d+0x2d8
C  [libjvmcicompiler.so+0xf3c2f3]  InliningPhase_run_8d564573dbddaf9a8430502820dff164777ea734+0x1b3
C  [libjvmcicompiler.so+0xf3c105]  InliningPhase_run_0d2d23dda587f4023fadfdcf4bb044a5b9b7e8cd+0x45
C  [libjvmcicompiler.so+0xedf9f2]  BasePhase_apply_a7a34a5581cb5bc9dd94a67363b0d35949922111+0x812
C  [libjvmcicompiler.so+0x98fc46]  BaseTier_run_452c2cb1b8cbe93c2c1e0721e00f05de04a0754a+0x1d6
C  [libjvmcicompiler.so+0xedf9f2]  BasePhase_apply_a7a34a5581cb5bc9dd94a67363b0d35949922111+0x812
C  [libjvmcicompiler.so+0x8d8675]  GraalCompiler_emitFrontEnd_ca4f472adcd3262192293d187aa8b916d506307f+0x225
C  [libjvmcicompiler.so+0x8d7565]  GraalCompiler_compile_ceb52c95b6a3c674ccaed5facbfe09d5e9f54cc5+0x145
C  [libjvmcicompiler.so+0x8d7c76]  GraalCompiler_compileGraph_f280e33c706d40a0afcca65e1d60adc30f56adda+0x216
C  [libjvmcicompiler.so+0xa38d99]  HotSpotGraalCompiler_compileHelper_0a0161871a4bb826d56e510d05c94651b1b1ca6e+0x349
C  [libjvmcicompiler.so+0xa389c7]  HotSpotGraalCompiler_compile_1975ef7445a45fb1cdca640e8d6289875c5e729a+0x107
C  [libjvmcicompiler.so+0xa0377c]  CompilationTask$HotSpotCompilationWrapper_performCompilation_427b3010ad884e165b85b188dcc115cc72ac542f+0x27c
C  [libjvmcicompiler.so+0xa034d7]  CompilationTask$HotSpotCompilationWrapper_performCompilation_26176fc97ea6d28eeb5ead39f5243f562b8f8a7a+0x17
C  [libjvmcicompiler.so+0x8d6204]  CompilationWrapper_run_d730478f4ce8f539b4955ca0a99f3c6f484bea17+0x64
C  [libjvmcicompiler.so+0xa05ec6]  CompilationTask_runCompilation_b757e01c868ec3e0e8fed71a764850de44da1a1b+0x206
C  [libjvmcicompiler.so+0xa05a35]  CompilationTask_runCompilation_d1bd90bb87908e90179175e8d6c5e780d0547ca2+0xf5
C  [libjvmcicompiler.so+0xa39b4b]  HotSpotGraalCompiler_compileMethod_0ff35a48b2496422594578a94354f0ef9b35beb7+0x53b
C  [libjvmcicompiler.so+0xa3951b]  HotSpotGraalCompiler_compileMethod_1d8dfc2fbb5478d3b7400bbb97604e7defc50a57+0xcb
C  [libjvmcicompiler.so+0xa39427]  HotSpotGraalCompiler_compileMethod_fa2dc57660c63e427b85f2d1f6729a672f5660c9+0x17
C  [libjvmcicompiler.so+0x8265be]  HotSpotJVMCIRuntime_compileMethod_d0551eb00a95b4c222b2a67a9746353d2d54cfa9+0xee
C  [libjvmcicompiler.so+0x246852]  JNIJavaCallWrapperHolder_invoke_933534d18920673463b37187ac6a37fffc051899_d7572e28f4028f5f5b18a826fd2d7af0608204fc+0x1e2
C  [libjvmcicompiler.so+0x235194]  JNIJavaCallVariantWrapperHolder_invokeJJIJIJI_J_VA_LIST_Nonvirtual_6f4000c7b26b332becfc76557b165731801a6b35+0x164
V  [libjvm.so+0x94f19a]  JNIEnv_::CallNonvirtualObjectMethod(_jobject*, _jclass*, _jmethodID*, ...)+0x7a
V  [libjvm.so+0x94042b]  JVMCIEnv::call_HotSpotJVMCIRuntime_compileMethod(JVMCIObject, JVMCIObject, int, long, int)+0x2cb
V  [libjvm.so+0x97b50d]  JVMCIRuntime::compile_method(JVMCIEnv*, JVMCICompiler*, methodHandle const&, int)+0x1ed
V  [libjvm.so+0x5b4790]  CompileBroker::invoke_compiler_on_method(CompileTask*)+0x1470
V  [libjvm.so+0x5b4d58]  CompileBroker::compiler_thread_loop()+0x528
V  [libjvm.so+0xd8ccf0]  JavaThread::thread_main_inner()+0xd0
V  [libjvm.so+0xd902d0]  Thread::call_run()+0xc0
V  [libjvm.so+0xbe0f51]  thread_native_entry(Thread*)+0xe1


siginfo: si_signo: 11 (SIGSEGV), si_code: 1 (SEGV_MAPERR), si_addr: 0x0000000000000001

Register to memory mapping:

RAX=0x0000000000000001 is an unknown value
RBX=0x0000000000762d30 is an unknown value
RCX=0x00000000007671a0 is an unknown value
RDX=0x0000000000001087 is an unknown value
RSP=0x00007f65784fd7d0 is pointing into the stack for thread: 0x00007f6598045240
RBP=0x00007f65784fd810 is pointing into the stack for thread: 0x00007f6598045240
RSI=0x00007f644d409d38 points into unknown readable memory: 0x00000000007671a2 | a2 71 76 00 00 00 00 00
RDI=0xfffffffffffffff8 is an unknown value
R8 =0x00007f644d418c78 points into unknown readable memory: 0x00000000007671a2 | a2 71 76 00 00 00 00 00
R9 =0x00007f656f03fe80 points into unknown readable memory: 0x00000000007cb380 | 80 b3 7c 00 00 00 00 00
R10=0xfffffffede90e410 is an unknown value
R11=0x00007f644d40e410 points into unknown readable memory: 0x0000000000762d32 | 32 2d 76 00 00 00 00 00
R12=0x00007f644d40e410 points into unknown readable memory: 0x0000000000762d32 | 32 2d 76 00 00 00 00 00
R13=0x00007f647d2872a0 points into unknown readable memory: 0x00000000008baca8 | a8 ac 8b 00 00 00 00 00
R14=0x00007f656eb00000 is an unknown value
R15=0x00007f6570088a40 points into unknown readable memory: 0x00007f656f25f010 | 10 f0 25 6f 65 7f 00 00


Registers:
RAX=0x0000000000000001, RBX=0x0000000000762d30, RCX=0x00000000007671a0, RDX=0x0000000000001087
RSP=0x00007f65784fd7d0, RBP=0x00007f65784fd810, RSI=0x00007f644d409d38, RDI=0xfffffffffffffff8
R8 =0x00007f644d418c78, R9 =0x00007f656f03fe80, R10=0xfffffffede90e410, R11=0x00007f644d40e410
R12=0x00007f644d40e410, R13=0x00007f647d2872a0, R14=0x00007f656eb00000, R15=0x00007f6570088a40
RIP=0x00007f657a8e6ec3, EFLAGS=0x0000000000010283, CSGSFS=0x002b000000000033, ERR=0x0000000000000004
  TRAPNO=0x000000000000000e

Top of Stack: (sp=0x00007f65784fd7d0)
0x00007f65784fd7d0:   00007f65784fd800 00007f647d28f8c0
0x00007f65784fd7e0:   00007f65784fd810 00007f657a8e6ea8
0x00007f65784fd7f0:   00007f65784fd830 00007f647d28f8c0
0x00007f65784fd800:   00007f656f2671a0 00007f647d2873b8 

Instructions: (pc=0x00007f657a8e6ec3)
0x00007f657a8e6dc3:   bc ff 90 48 8b 44 24 08 48 8b 78 10 48 85 ff 0f
0x00007f657a8e6dd3:   85 18 00 00 00 41 83 6f 10 01 66 66 90 0f 8e ff
0x00007f657a8e6de3:   01 00 00 b8 01 00 00 00 48 8b e5 5d c3 48 8b f8
0x00007f657a8e6df3:   e8 d8 78 bc ff 90 48 b9 a0 71 76 00 00 00 00 00
0x00007f657a8e6e03:   49 3b c6 0f 84 13 00 00 00 48 c7 c7 f8 ff ff ff
0x00007f657a8e6e13:   48 23 38 48 3b cf 0f 85 f3 01 00 00 90 49 3b c6
0x00007f657a8e6e23:   0f 84 dd 01 00 00 48 8b 78 38 49 8d 04 3e 48 85
0x00007f657a8e6e33:   ff 0f 84 32 00 00 00 48 c7 c6 f8 ff ff ff 49 23
0x00007f657a8e6e43:   34 3e bf ff ff 00 00 41 23 7c 36 10 8d bf bc ef
0x00007f657a8e6e53:   ff ff 66 66 66 0f 1f 84 00 00 00 00 00 81 ff 0c
0x00007f657a8e6e63:   01 00 00 0f 83 b4 01 00 00 48 8b 7c 24 18 48 8b
0x00007f657a8e6e73:   77 18 48 85 f6 0f 84 8e 01 00 00 49 8d 34 36 48
0x00007f657a8e6e83:   8b fe 48 8b f0 e8 c3 21 bb ff 90 85 c0 0f 84 e7
0x00007f657a8e6e93:   00 00 00 e9 ad 00 00 00 0f 1f 44 00 00 48 8b f8
0x00007f657a8e6ea3:   e8 28 78 bc ff 90 49 3b c6 0f 84 bc 00 00 00 48
0x00007f657a8e6eb3:   b9 a0 71 76 00 00 00 00 00 48 c7 c7 f8 ff ff ff
0x00007f657a8e6ec3:   48 23 38 48 3b cf 0f 85 77 01 00 00 49 3b c6 0f
0x00007f657a8e6ed3:   84 5f 01 00 00 48 8b 78 38 49 8d 04 3e 48 85 ff
0x00007f657a8e6ee3:   0f 84 27 00 00 00 48 c7 c6 f8 ff ff ff 49 23 34
0x00007f657a8e6ef3:   3e bf ff ff 00 00 41 23 7c 36 10 8d bf bc ef ff
0x00007f657a8e6f03:   ff 81 ff 0c 01 00 00 0f 83 44 01 00 00 48 8b 7c
0x00007f657a8e6f13:   24 18 48 8b 77 18 0f 1f 80 00 00 00 00 48 85 f6
0x00007f657a8e6f23:   0f 84 14 01 00 00 49 8d 34 36 48 8b fe 48 8b f0
0x00007f657a8e6f33:   e8 18 21 bb ff 90 0f 1f 80 00 00 00 00 85 c0 0f
0x00007f657a8e6f43:   84 35 00 00 00 48 8b 44 24 08 48 8b f8 e8 0b 7f
0x00007f657a8e6f53:   bc ff 90 48 8b 44 24 08 48 8b 78 10 90 48 85 ff
0x00007f657a8e6f63:   0f 84 6f fe ff ff e9 32 ff ff ff 48 b9 a0 71 76
0x00007f657a8e6f73:   00 00 00 00 00 e9 52 ff ff ff 41 83 6f 10 01 0f
0x00007f657a8e6f83:   8e 68 00 00 00 b8 00 00 00 00 48 8b e5 5d c3 48
0x00007f657a8e6f93:   8b f1 48 8b c6 48 81 e0 00 00 f0 ff 48 8d 90 30
0x00007f657a8e6fa3:   10 00 00 48 2b f2 48 c1 ee 09 80 7c 30 30 00 0f
0x00007f657a8e6fb3:   84 d5 fd ff ff c6 44 30 30 00 66 66 90 e9 c8 fd 


Stack slot to memory mapping:
stack at sp + 0 slots: 0x00007f65784fd800 is pointing into the stack for thread: 0x00007f6598045240
stack at sp + 1 slots: 0x00007f647d28f8c0 points into unknown readable memory: 0x0000000000816268 | 68 62 81 00 00 00 00 00
stack at sp + 2 slots: 0x00007f65784fd810 is pointing into the stack for thread: 0x00007f6598045240
stack at sp + 3 slots: 0x00007f657a8e6ea8: <offset 0x0000000000e32ea8> in /home/a4090/miniconda3/envs/auto_pose/lib/jvm/lib/libjvmcicompiler.so at 0x00007f6579ab4000
stack at sp + 4 slots: 0x00007f65784fd830 is pointing into the stack for thread: 0x00007f6598045240
stack at sp + 5 slots: 0x00007f647d28f8c0 points into unknown readable memory: 0x0000000000816268 | 68 62 81 00 00 00 00 00
stack at sp + 6 slots: 0x00007f656f2671a0 points into unknown readable memory: 0x0000000000812a18 | 18 2a 81 00 00 00 00 00
stack at sp + 7 slots: 0x00007f647d2873b8 points into unknown readable memory: 0x00000000008bad98 | 98 ad 8b 00 00 00 00 00


---------------  P R O C E S S  ---------------

Threads class SMR info:
_java_thread_list=0x00007f6400001ee0, length=38, elements={
0x0000560ada5319d0, 0x0000560ada725b70, 0x0000560ada726fc0, 0x0000560ada72d810,
0x0000560ada72ebf0, 0x0000560ada730030, 0x0000560ada731a50, 0x0000560ada732fb0,
0x0000560ada73c440, 0x00007f658c04c0c0, 0x0000560ada74aa30, 0x00007f658c07eba0,
0x0000560ada792330, 0x00007f6598045240, 0x00007f6598046420, 0x00007f659804b260,
0x00007f65840bc200, 0x0000560adaac63f0, 0x00007f6564005070, 0x00007f65640060c0,
0x00007f65841364e0, 0x0000560adac62c40, 0x0000560adbb7f2f0, 0x0000560adbb9a720,
0x0000560adbbe7680, 0x0000560adbbee810, 0x0000560adbc39d10, 0x0000560adbc9dcf0,
0x0000560adbccf530, 0x0000560adbcdac00, 0x0000560adbcde390, 0x0000560adbd07130,
0x0000560adbd1e4f0, 0x0000560adbdb08c0, 0x00007f6450000f50, 0x00007f646c003720,
0x00007f64500020d0, 0x00007f6400000f10
}

Java Threads: ( => current thread )
  0x0000560ada5319d0 JavaThread "main" [_thread_in_vm, id=162659, stack(0x00007ffcdc716000,0x00007ffcdc816000)]
  0x0000560ada725b70 JavaThread "Reference Handler" daemon [_thread_blocked, id=162666, stack(0x00007f65bf1fe000,0x00007f65bf2ff000)]
  0x0000560ada726fc0 JavaThread "Finalizer" daemon [_thread_blocked, id=162667, stack(0x00007f65bf0fd000,0x00007f65bf1fe000)]
  0x0000560ada72d810 JavaThread "Signal Dispatcher" daemon [_thread_blocked, id=162668, stack(0x00007f65be78b000,0x00007f65be88c000)]
  0x0000560ada72ebf0 JavaThread "Service Thread" daemon [_thread_blocked, id=162669, stack(0x00007f65be68a000,0x00007f65be78b000)]
  0x0000560ada730030 JavaThread "Monitor Deflation Thread" daemon [_thread_blocked, id=162670, stack(0x00007f65be589000,0x00007f65be68a000)]
  0x0000560ada731a50 JavaThread "JVMCI-native CompilerThread0" daemon [_thread_in_native, id=162671, stack(0x00007f65be388000,0x00007f65be589000)]
  0x0000560ada732fb0 JavaThread "C1 CompilerThread0" daemon [_thread_blocked, id=162672, stack(0x00007f65be187000,0x00007f65be388000)]
  0x0000560ada73c440 JavaThread "Sweeper thread" daemon [_thread_blocked, id=162673, stack(0x00007f65be086000,0x00007f65be187000)]
  0x00007f658c04c0c0 JavaThread "C1 CompilerThread1" daemon [_thread_blocked, id=162674, stack(0x00007f65bde85000,0x00007f65be086000)]
  0x0000560ada74aa30 JavaThread "Common-Cleaner" daemon [_thread_blocked, id=162675, stack(0x00007f65bdd84000,0x00007f65bde85000)]
  0x00007f658c07eba0 JavaThread "C1 CompilerThread2" daemon [_thread_blocked, id=162676, stack(0x00007f65bdb83000,0x00007f65bdd84000)]
  0x0000560ada792330 JavaThread "Notification Thread" daemon [_thread_blocked, id=162677, stack(0x00007f65bda82000,0x00007f65bdb83000)]
=>0x00007f6598045240 JavaThread "JVMCI-native CompilerThread1" daemon [_thread_in_native, id=162679, stack(0x00007f65782ff000,0x00007f6578500000)]
  0x00007f6598046420 JavaThread "JVMCI-native CompilerThread2" daemon [_thread_in_native, id=162680, stack(0x00007f65780fe000,0x00007f65782ff000)]
  0x00007f659804b260 JavaThread "JVMCI-native CompilerThread3" daemon [_thread_in_native, id=162681, stack(0x00007f656fdff000,0x00007f6570000000)]
  0x00007f65840bc200 JavaThread "C1 CompilerThread3" daemon [_thread_blocked, id=162682, stack(0x00007f655efff000,0x00007f655f200000)]
  0x0000560adaac63f0 JavaThread "process reaper" daemon [_thread_blocked, id=162684, stack(0x00007f65bc5ca000,0x00007f65bc5ec000)]
  0x00007f6564005070 JavaThread "C1 CompilerThread4" daemon [_thread_blocked, id=162691, stack(0x00007f655cdff000,0x00007f655d000000)]
  0x00007f65640060c0 JavaThread "C1 CompilerThread5" daemon [_thread_blocked, id=162692, stack(0x00007f655cbfe000,0x00007f655cdff000)]
  0x00007f65841364e0 JavaThread "C1 CompilerThread6" daemon [_thread_blocked, id=162693, stack(0x00007f655c9fd000,0x00007f655cbfe000)]
  0x0000560adac62c40 JavaThread "TruffleCompilerThread-30" daemon [_thread_in_native, id=162694, stack(0x00007f655c8fc000,0x00007f655c9fd000)]
  0x0000560adbb7f2f0 JavaThread "TruffleCompilerThread-32" daemon [_thread_in_native, id=162724, stack(0x00007f64ce2ff000,0x00007f64ce400000)]
  0x0000560adbb9a720 JavaThread "TruffleCompilerThread-33" daemon [_thread_in_native, id=162725, stack(0x00007f64c7cff000,0x00007f64c7e00000)]
  0x0000560adbbe7680 JavaThread "TruffleCompilerThread-34" daemon [_thread_in_native, id=162731, stack(0x00007f64f19ff000,0x00007f64f1b00000)]
  0x0000560adbbee810 JavaThread "TruffleCompilerThread-35" daemon [_thread_in_native, id=162732, stack(0x00007f64f0fff000,0x00007f64f1100000)]
  0x0000560adbc39d10 JavaThread "TruffleCompilerThread-36" daemon [_thread_in_native, id=162733, stack(0x00007f64a10ff000,0x00007f64a1200000)]
  0x0000560adbc9dcf0 JavaThread "TruffleCompilerThread-37" daemon [_thread_in_native, id=162734, stack(0x00007f6493bff000,0x00007f6493d00000)]
  0x0000560adbccf530 JavaThread "TruffleCompilerThread-38" daemon [_thread_in_native_trans, id=162735, stack(0x00007f6491bff000,0x00007f6491d00000)]
  0x0000560adbcdac00 JavaThread "TruffleCompilerThread-39" daemon [_thread_in_native, id=162736, stack(0x00007f64890ff000,0x00007f6489200000)]
  0x0000560adbcde390 JavaThread "TruffleCompilerThread-40" daemon [_thread_in_native, id=162737, stack(0x00007f64885ff000,0x00007f6488700000)]
  0x0000560adbd07130 JavaThread "python-actions-pool-1-thread-1" daemon [_thread_blocked, id=162738, stack(0x00007f64704ff000,0x00007f6470600000)]
  0x0000560adbd1e4f0 JavaThread "nfi-gc" daemon [_thread_blocked, id=162739, stack(0x00007f64698ff000,0x00007f6469a00000)]
  0x0000560adbdb08c0 JavaThread "python-actions-pool-2-thread-1" daemon [_thread_blocked, id=162740, stack(0x00007f64569ff000,0x00007f6456b00000)]
  0x00007f6450000f50 JavaThread "python-actions-pool-3-thread-1" daemon [_thread_blocked, id=162741, stack(0x00007f64f36f9000,0x00007f64f37fa000)]
  0x00007f646c003720 JavaThread "python-actions-pool-4-thread-1" daemon [_thread_blocked, id=162742, stack(0x00007f65787ff000,0x00007f6578900000)]
  0x00007f64500020d0 JavaThread "python-actions-pool-5-thread-1" daemon [_thread_blocked, id=162743, stack(0x00007f6475df6000,0x00007f6475ef7000)]
  0x00007f6400000f10 JavaThread "python-actions-pool-6-thread-1" daemon [_thread_blocked, id=162744, stack(0x00007f6449bf6000,0x00007f6449cf7000)]

Other Threads:
  0x0000560ada721870 VMThread "VM Thread" [stack: 0x00007f65bf301000,0x00007f65bf401000] [id=162665]
  0x0000560ada793ca0 WatcherThread [stack: 0x00007f65bd982000,0x00007f65bda82000] [id=162678]
  0x0000560ada568120 GCTaskThread "GC Thread#0" [stack: 0x00007f65cf13d000,0x00007f65cf23d000] [id=162660]
  0x00007f65ac008e40 GCTaskThread "GC Thread#1" [stack: 0x00007f6545400000,0x00007f6545500000] [id=162697]
  0x00007f65ac009890 GCTaskThread "GC Thread#2" [stack: 0x00007f65452fe000,0x00007f65453fe000] [id=162698]
  0x00007f65ac00a2e0 GCTaskThread "GC Thread#3" [stack: 0x00007f65451fc000,0x00007f65452fc000] [id=162699]
  0x00007f65ac00ad30 GCTaskThread "GC Thread#4" [stack: 0x00007f65450fa000,0x00007f65451fa000] [id=162700]
  0x00007f65ac00b780 GCTaskThread "GC Thread#5" [stack: 0x00007f6544ff8000,0x00007f65450f8000] [id=162701]
  0x00007f65ac00c1d0 GCTaskThread "GC Thread#6" [stack: 0x00007f6544ef6000,0x00007f6544ff6000] [id=162702]
  0x00007f65ac00cc20 GCTaskThread "GC Thread#7" [stack: 0x00007f6544df4000,0x00007f6544ef4000] [id=162703]
  0x00007f65ac00d670 GCTaskThread "GC Thread#8" [stack: 0x00007f6544cf2000,0x00007f6544df2000] [id=162704]
  0x00007f65ac00e0c0 GCTaskThread "GC Thread#9" [stack: 0x00007f6544bf0000,0x00007f6544cf0000] [id=162705]
  0x00007f65ac00eb10 GCTaskThread "GC Thread#10" [stack: 0x00007f6544aee000,0x00007f6544bee000] [id=162706]
  0x00007f65ac00f580 GCTaskThread "GC Thread#11" [stack: 0x00007f65449ec000,0x00007f6544aec000] [id=162707]
  0x00007f65ac010400 GCTaskThread "GC Thread#12" [stack: 0x00007f65448ea000,0x00007f65449ea000] [id=162708]
  0x00007f65ac011280 GCTaskThread "GC Thread#13" [stack: 0x00007f65447e8000,0x00007f65448e8000] [id=162709]
  0x00007f65ac012100 GCTaskThread "GC Thread#14" [stack: 0x00007f65446e6000,0x00007f65447e6000] [id=162710]
  0x00007f65ac012f80 GCTaskThread "GC Thread#15" [stack: 0x00007f65445e4000,0x00007f65446e4000] [id=162711]
  0x00007f65ac013e00 GCTaskThread "GC Thread#16" [stack: 0x00007f65444e2000,0x00007f65445e2000] [id=162712]
  0x00007f65ac014c80 GCTaskThread "GC Thread#17" [stack: 0x00007f65443e0000,0x00007f65444e0000] [id=162713]
  0x00007f65ac015b00 GCTaskThread "GC Thread#18" [stack: 0x00007f65442de000,0x00007f65443de000] [id=162714]
  0x00007f65ac016980 GCTaskThread "GC Thread#19" [stack: 0x00007f65441dc000,0x00007f65442dc000] [id=162715]
  0x00007f65ac017800 GCTaskThread "GC Thread#20" [stack: 0x00007f65440da000,0x00007f65441da000] [id=162716]
  0x00007f65ac018680 GCTaskThread "GC Thread#21" [stack: 0x00007f64f3f00000,0x00007f64f4000000] [id=162717]
  0x00007f65ac019500 GCTaskThread "GC Thread#22" [stack: 0x00007f64f3dfe000,0x00007f64f3efe000] [id=162718]
  0x0000560ada578770 ConcurrentGCThread "G1 Main Marker" [stack: 0x00007f65cf03b000,0x00007f65cf13b000] [id=162661]
  0x0000560ada579710 ConcurrentGCThread "G1 Conc#0" [stack: 0x00007f65cef39000,0x00007f65cf039000] [id=162662]
  0x00007f65c0000d30 ConcurrentGCThread "G1 Conc#1" [stack: 0x00007f64f3cfc000,0x00007f64f3dfc000] [id=162719]
  0x00007f65c0001b80 ConcurrentGCThread "G1 Conc#2" [stack: 0x00007f64f3a00000,0x00007f64f3b00000] [id=162720]
  0x00007f65c0002610 ConcurrentGCThread "G1 Conc#3" [stack: 0x00007f64f38fe000,0x00007f64f39fe000] [id=162721]
  0x00007f65c00030a0 ConcurrentGCThread "G1 Conc#4" [stack: 0x00007f64f37fc000,0x00007f64f38fc000] [id=162722]
  0x00007f65c0003b30 ConcurrentGCThread "G1 Conc#5" [stack: 0x00007f64f3500000,0x00007f64f3600000] [id=162723]
  0x0000560ada6edbc0 ConcurrentGCThread "G1 Refine#0" [stack: 0x00007f65bf6f8000,0x00007f65bf7f8000] [id=162663]
  0x00007f65b8000d30 ConcurrentGCThread "G1 Refine#1" [stack: 0x00007f64c4900000,0x00007f64c4a00000] [id=162726]
  0x00007f64b8000d30 ConcurrentGCThread "G1 Refine#2" [stack: 0x00007f64c47fe000,0x00007f64c48fe000] [id=162727]
  0x00007f64bc000d30 ConcurrentGCThread "G1 Refine#3" [stack: 0x00007f64c46fc000,0x00007f64c47fc000] [id=162728]
  0x00007f64b0000d30 ConcurrentGCThread "G1 Refine#4" [stack: 0x00007f64c45fa000,0x00007f64c46fa000] [id=162729]
  0x00007f64b4000d30 ConcurrentGCThread "G1 Refine#5" [stack: 0x00007f64c44f8000,0x00007f64c45f8000] [id=162730]
  0x0000560ada6eead0 ConcurrentGCThread "G1 Service" [stack: 0x00007f65bf5f6000,0x00007f65bf6f6000] [id=162664]

Threads with active compile tasks:
JVMCI-native CompilerThread0     3179 9457       4       com.oracle.graal.python.pegparser.Parser::star_target_rule (219 bytes)
JVMCI-native CompilerThread1     3179 9786       4       com.oracle.graal.python.pegparser.Parser::factor_rule (396 bytes)
JVMCI-native CompilerThread2     3179 7687       4       com.oracle.graal.python.pegparser.Parser::bitwise_or_rule (104 bytes)
JVMCI-native CompilerThread3     3179 9782       4       com.oracle.graal.python.pegparser.tokenizer.Tokenizer::next (3209 bytes)

VM state: not at safepoint (normal execution)

VM Mutex/Monitor currently owned by a thread: None

Heap address: 0x0000000082000000, size: 30688 MB, Compressed Oops mode: Zero based, Oop shift amount: 3

CDS archive(s) mapped at: [0x0000000800000000-0x0000000800bcb000-0x0000000800bcb000), size 12365824, SharedBaseAddress: 0x0000000800000000, ArchiveRelocationMode: 0.
Compressed class space mapped at: 0x0000000801000000-0x0000000841000000, reserved size: 1073741824
Narrow klass base: 0x0000000800000000, Narrow klass shift: 0, Narrow klass range: 0x100000000

GC Precious Log:
 CPUs: 32 total, 32 available
 Memory: 125G
 Large Page Support: Disabled
 NUMA Support: Disabled
 Compressed Oops: Enabled (Zero based)
 Heap Region Size: 16M
 Heap Min Capacity: 16M
 Heap Initial Capacity: 2016M
 Heap Max Capacity: 30688M
 Pre-touch: Disabled
 Parallel Workers: 23
 Concurrent Workers: 6
 Concurrent Refinement Workers: 23
 Periodic GC: Disabled

Heap:
 garbage-first heap   total 393216K, used 190703K [0x0000000082000000, 0x0000000800000000)
  region size 16384K, 8 young (131072K), 1 survivors (16384K)
 Metaspace       used 82062K, committed 82368K, reserved 1179648K
  class space    used 10722K, committed 10880K, reserved 1048576K

Heap Regions: E=young(eden), S=young(survivor), O=old, HS=humongous(starts), HC=humongous(continues), CS=collection set, F=free, OA=open archive, CA=closed archive, TAMS=top-at-mark-start (previous, next)
|   0|0x0000000082000000, 0x0000000083000000, 0x0000000083000000|100%| O|  |TAMS 0x0000000083000000, 0x0000000082000000| Untracked 
|   1|0x0000000083000000, 0x0000000084000000, 0x0000000084000000|100%| O|  |TAMS 0x0000000083000000, 0x0000000083000000| Untracked 
|   2|0x0000000084000000, 0x0000000085000000, 0x0000000085000000|100%| O|  |TAMS 0x0000000085000000, 0x0000000084000000| Untracked 
|   3|0x0000000085000000, 0x0000000085000000, 0x0000000086000000|  0%| F|  |TAMS 0x0000000085000000, 0x0000000085000000| Untracked 
|   4|0x0000000086000000, 0x0000000086000000, 0x0000000087000000|  0%| F|  |TAMS 0x0000000086000000, 0x0000000086000000| Untracked 
|   5|0x0000000087000000, 0x0000000087000000, 0x0000000088000000|  0%| F|  |TAMS 0x0000000087000000, 0x0000000087000000| Untracked 
|   6|0x0000000088000000, 0x0000000088c2a600, 0x0000000089000000| 76%| O|  |TAMS 0x0000000088000000, 0x0000000088000000| Untracked 
|   7|0x0000000089000000, 0x0000000089000000, 0x000000008a000000|  0%| F|  |TAMS 0x0000000089000000, 0x0000000089000000| Untracked 
|   8|0x000000008a000000, 0x000000008a000000, 0x000000008b000000|  0%| F|  |TAMS 0x000000008a000000, 0x000000008a000000| Untracked 
|   9|0x000000008b000000, 0x000000008b000000, 0x000000008c000000|  0%| F|  |TAMS 0x000000008b000000, 0x000000008b000000| Untracked 
|  10|0x000000008c000000, 0x000000008ce3e7e8, 0x000000008d000000| 89%| S|CS|TAMS 0x000000008c000000, 0x000000008c000000| Complete 
|  11|0x000000008d000000, 0x000000008d000000, 0x000000008e000000|  0%| F|  |TAMS 0x000000008d000000, 0x000000008d000000| Untracked 
|  12|0x000000008e000000, 0x000000008e000000, 0x000000008f000000|  0%| F|  |TAMS 0x000000008e000000, 0x000000008e000000| Untracked 
|  13|0x000000008f000000, 0x000000008f000000, 0x0000000090000000|  0%| F|  |TAMS 0x000000008f000000, 0x000000008f000000| Untracked 
|  14|0x0000000090000000, 0x0000000090000000, 0x0000000091000000|  0%| F|  |TAMS 0x0000000090000000, 0x0000000090000000| Untracked 
|  15|0x0000000091000000, 0x0000000091b62a98, 0x0000000092000000| 71%| E|  |TAMS 0x0000000091000000, 0x0000000091000000| Complete 
|  16|0x0000000092000000, 0x0000000093000000, 0x0000000093000000|100%| E|CS|TAMS 0x0000000092000000, 0x0000000092000000| Complete 
|  17|0x0000000093000000, 0x0000000094000000, 0x0000000094000000|100%| E|CS|TAMS 0x0000000093000000, 0x0000000093000000| Complete 
|  18|0x0000000094000000, 0x0000000095000000, 0x0000000095000000|100%| E|CS|TAMS 0x0000000094000000, 0x0000000094000000| Complete 
|  19|0x0000000095000000, 0x0000000096000000, 0x0000000096000000|100%| E|CS|TAMS 0x0000000095000000, 0x0000000095000000| Complete 
|  67|0x00000000c5000000, 0x00000000c6000000, 0x00000000c6000000|100%| E|CS|TAMS 0x00000000c5000000, 0x00000000c5000000| Complete 
| 125|0x00000000ff000000, 0x0000000100000000, 0x0000000100000000|100%| E|CS|TAMS 0x00000000ff000000, 0x00000000ff000000| Complete 
|1916|0x00000007fe000000, 0x00000007fef46000, 0x00000007ff000000| 95%|OA|  |TAMS 0x00000007fef46000, 0x00000007fe000000| Untracked 
|1917|0x00000007ff000000, 0x00000007ff08d000, 0x0000000800000000|  3%|CA|  |TAMS 0x00000007ff08d000, 0x00000007ff000000| Untracked 

Card table byte_map: [0x00007f660eed5000,0x00007f6612ac5000] _byte_map_base: 0x00007f660eac5000

Marking Bits (Prev, Next): (CMBitMap*) 0x0000560ada568c00, (CMBitMap*) 0x0000560ada568bc0
 Prev Bits: [0x00007f65cf3e5000, 0x00007f65ed365000)
 Next Bits: [0x00007f65ed365000, 0x00007f660b2e5000)

Polling page: 0x00007f66270ec000

Metaspace:

Usage:
  Non-class:     69.67 MB used.
      Class:     10.47 MB used.
       Both:     80.14 MB used.

Virtual space:
  Non-class space:      128.00 MB reserved,      69.81 MB ( 55%) committed,  2 nodes.
      Class space:        1.00 GB reserved,      10.62 MB (  1%) committed,  1 nodes.
             Both:        1.12 GB reserved,      80.44 MB (  7%) committed. 

Chunk freelists:
   Non-Class:  9.75 MB
       Class:  5.30 MB
        Both:  15.05 MB

MaxMetaspaceSize: unlimited
CompressedClassSpaceSize: 1.00 GB
Initial GC threshold: 21.00 MB
Current GC threshold: 102.31 MB
CDS: on
MetaspaceReclaimPolicy: balanced
 - commit_granule_bytes: 65536.
 - commit_granule_words: 8192.
 - virtual_space_node_default_size: 8388608.
 - enlarge_chunks_in_place: 1.
 - new_chunks_are_fully_committed: 0.
 - uncommit_free_chunks: 1.
 - use_allocation_guard: 0.
 - handle_deallocations: 1.


Internal statistics:

num_allocs_failed_limit: 21.
num_arena_births: 350.
num_arena_deaths: 0.
num_vsnodes_births: 3.
num_vsnodes_deaths: 0.
num_space_committed: 1286.
num_space_uncommitted: 0.
num_chunks_returned_to_freelist: 21.
num_chunks_taken_from_freelist: 3144.
num_chunk_merges: 21.
num_chunk_splits: 2472.
num_chunks_enlarged: 2000.
num_inconsistent_stats: 0.

CodeHeap 'non-profiled nmethods': size=117208Kb used=5739Kb max_used=5809Kb free=111468Kb
 bounds [0x00007f661fe27000, 0x00007f66203d7000, 0x00007f662709d000]
CodeHeap 'profiled nmethods': size=117208Kb used=26577Kb max_used=26577Kb free=90631Kb
 bounds [0x00007f661809d000, 0x00007f6619a9d000, 0x00007f661f313000]
CodeHeap 'non-nmethods': size=11344Kb used=4951Kb max_used=5120Kb free=6392Kb
 bounds [0x00007f661f313000, 0x00007f661f833000, 0x00007f661fe27000]
 total_blobs=9261 nmethods=8388 adapters=762
 compilation: enabled
              stopped_count=0, restarted_count=0
 full_count=0

JVMCI Events (20 events):
Event: 3.066 Thread 0x0000560adbbe7680 compacted oop handles in JVMCI runtime 7 from 2378 to 2263
Event: 3.066 Thread 0x0000560ada731a50 compacted oop handles in JVMCI runtime 0 from 281 to 223
Event: 3.066 Thread 0x0000560ada731a50 compacted oop handles in JVMCI runtime 0 from 224 to 179
Event: 3.069 Thread 0x00007f659804b260 compacted oop handles in JVMCI runtime 3 from 205 to 202
Event: 3.069 Thread 0x00007f659804b260 compacted oop handles in JVMCI runtime 3 from 203 to 136
Event: 3.070 Thread 0x0000560ada731a50 compacted oop handles in JVMCI runtime 0 from 242 to 234
Event: 3.072 Thread 0x00007f659804b260 compacted oop handles in JVMCI runtime 3 from 144 to 143
Event: 3.072 Thread 0x0000560adbbee810 compacted oop handles in JVMCI runtime 8 from 3364 to 2529
Event: 3.073 Thread 0x00007f6598045240 compacted oop handles in JVMCI runtime 1 from 227 to 181
Event: 3.073 Thread 0x00007f6598045240 compacted oop handles in JVMCI runtime 1 from 181 to 155
Event: 3.082 Thread 0x0000560adbccf530 compacted oop handles in JVMCI runtime 11 from 3261 to 2382
Event: 3.083 Thread 0x0000560adbccf530 compacted oop handles in JVMCI runtime 11 from 2401 to 2331
Event: 3.087 Thread 0x00007f659804b260 compacted oop handles in JVMCI runtime 3 from 222 to 204
Event: 3.087 Thread 0x00007f659804b260 compacted oop handles in JVMCI runtime 3 from 205 to 142
Event: 3.103 Thread 0x00007f6598045240 compacted oop handles in JVMCI runtime 1 from 211 to 197
Event: 3.103 Thread 0x00007f6598045240 compacted oop handles in JVMCI runtime 1 from 198 to 185
Event: 3.129 Thread 0x0000560adbbe7680 compacted oop handles in JVMCI runtime 7 from 3187 to 2319
Event: 3.129 Thread 0x0000560adbbe7680 compacted oop handles in JVMCI runtime 7 from 2338 to 2263
Event: 3.140 Thread 0x0000560adbbee810 compacted oop handles in JVMCI runtime 8 from 3343 to 2610
Event: 3.141 Thread 0x0000560adbbee810 compacted oop handles in JVMCI runtime 8 from 2629 to 2534

Compilation events (20 events):
Event: 3.155 Thread 0x00007f658c07eba0 9887       2       com.oracle.graal.python.pegparser.Parser::_loop1_62_rule (190 bytes)
Event: 3.155 Thread 0x0000560ada732fb0 9888       2       com.oracle.graal.python.pegparser.Parser::_tmp_63_rule (113 bytes)
Event: 3.155 Thread 0x00007f6564005070 9889       2       com.oracle.graal.python.pegparser.Parser::_tmp_64_rule (113 bytes)
Event: 3.155 Thread 0x00007f65841364e0 9890       2       com.oracle.graal.python.pegparser.Parser::_loop0_180_rule (178 bytes)
Event: 3.155 Thread 0x00007f65840bc200 9891       2       com.oracle.graal.python.pegparser.Parser::_tmp_181_rule (115 bytes)
Event: 3.155 Thread 0x00007f658c04c0c0 nmethod 9886 0x00007f6619a7ef10 code [0x00007f6619a7f140, 0x00007f6619a7f560]
Event: 3.155 Thread 0x0000560ada732fb0 nmethod 9888 0x00007f6619a7f790 code [0x00007f6619a7f9a0, 0x00007f6619a7fce0]
Event: 3.156 Thread 0x00007f6564005070 nmethod 9889 0x00007f6619a7fe90 code [0x00007f6619a800a0, 0x00007f6619a803e0]
Event: 3.156 Thread 0x00007f65840bc200 nmethod 9891 0x00007f6619a80590 code [0x00007f6619a807a0, 0x00007f6619a80b60]
Event: 3.156 Thread 0x00007f658c07eba0 nmethod 9887 0x00007f6619a80d90 code [0x00007f6619a81000, 0x00007f6619a81970]
Event: 3.156 Thread 0x00007f65841364e0 nmethod 9890 0x00007f6619a81e10 code [0x00007f6619a82060, 0x00007f6619a82990]
Event: 3.157 Thread 0x0000560ada732fb0 9892       2       com.oracle.graal.python.pegparser.Parser::_tmp_47_rule (115 bytes)
Event: 3.157 Thread 0x00007f658c04c0c0 9893       2       com.oracle.graal.python.pegparser.Parser::_tmp_48_rule (113 bytes)
Event: 3.157 Thread 0x00007f6564005070 9894       2       com.oracle.graal.python.pegparser.NodeFactory::createFor (17 bytes)
Event: 3.157 Thread 0x00007f658c07eba0 9895       2       com.oracle.graal.python.pegparser.sst.StmtTy$For::<init> (70 bytes)
Event: 3.157 Thread 0x00007f6564005070 nmethod 9894 0x00007f6619a82e10 code [0x00007f6619a82fc0, 0x00007f6619a83160]
Event: 3.157 Thread 0x00007f658c07eba0 nmethod 9895 0x00007f6619a83290 code [0x00007f6619a83440, 0x00007f6619a83790]
Event: 3.157 Thread 0x00007f658c04c0c0 nmethod 9893 0x00007f6619a83810 code [0x00007f6619a83a20, 0x00007f6619a83d60]
Event: 3.157 Thread 0x0000560ada732fb0 nmethod 9892 0x00007f6619a83f10 code [0x00007f6619a84120, 0x00007f6619a844e0]
Event: 3.157 Thread 0x00007f65840bc200 9896       3       com.oracle.graal.python.pegparser.Parser::_tmp_44_rule (113 bytes)

GC Heap History (20 events):
Event: 0.608 GC heap before
{Heap before GC invocations=2 (full 0):
 garbage-first heap   total 278528K, used 99816K [0x0000000082000000, 0x0000000800000000)
  region size 16384K, 6 young (98304K), 1 survivors (16384K)
 Metaspace       used 35878K, committed 36160K, reserved 1114112K
  class space    used 4372K, committed 4544K, reserved 1048576K
}
Event: 0.610 GC heap after
{Heap after GC invocations=3 (full 0):
 garbage-first heap   total 278528K, used 38402K [0x0000000082000000, 0x0000000800000000)
  region size 16384K, 1 young (16384K), 1 survivors (16384K)
 Metaspace       used 35878K, committed 36160K, reserved 1114112K
  class space    used 4372K, committed 4544K, reserved 1048576K
}
Event: 0.615 GC heap before
{Heap before GC invocations=3 (full 0):
 garbage-first heap   total 278528K, used 38402K [0x0000000082000000, 0x0000000800000000)
  region size 16384K, 2 young (32768K), 1 survivors (16384K)
 Metaspace       used 36194K, committed 36480K, reserved 1114112K
  class space    used 4432K, committed 4608K, reserved 1048576K
}
Event: 0.617 GC heap after
{Heap after GC invocations=4 (full 0):
 garbage-first heap   total 278528K, used 38860K [0x0000000082000000, 0x0000000800000000)
  region size 16384K, 1 young (16384K), 1 survivors (16384K)
 Metaspace       used 36194K, committed 36480K, reserved 1114112K
  class space    used 4432K, committed 4608K, reserved 1048576K
}
Event: 0.620 GC heap before
{Heap before GC invocations=4 (full 0):
 garbage-first heap   total 278528K, used 38860K [0x0000000082000000, 0x0000000800000000)
  region size 16384K, 2 young (32768K), 1 survivors (16384K)
 Metaspace       used 36511K, committed 36800K, reserved 1114112K
  class space    used 4494K, committed 4672K, reserved 1048576K
}
Event: 0.621 GC heap after
{Heap after GC invocations=5 (full 0):
 garbage-first heap   total 278528K, used 38669K [0x0000000082000000, 0x0000000800000000)
  region size 16384K, 1 young (16384K), 1 survivors (16384K)
 Metaspace       used 36511K, committed 36800K, reserved 1114112K
  class space    used 4494K, committed 4672K, reserved 1048576K
}
Event: 1.024 GC heap before
{Heap before GC invocations=6 (full 0):
 garbage-first heap   total 278528K, used 153357K [0x0000000082000000, 0x0000000800000000)
  region size 16384K, 8 young (131072K), 1 survivors (16384K)
 Metaspace       used 61673K, committed 61952K, reserved 1114112K
  class space    used 9030K, committed 9152K, reserved 1048576K
}
Event: 1.029 GC heap after
{Heap after GC invocations=7 (full 0):
 garbage-first heap   total 278528K, used 51765K [0x0000000082000000, 0x0000000800000000)
  region size 16384K, 1 young (16384K), 1 survivors (16384K)
 Metaspace       used 61673K, committed 61952K, reserved 1114112K
  class space    used 9030K, committed 9152K, reserved 1048576K
}
Event: 1.038 GC heap before
{Heap before GC invocations=7 (full 0):
 garbage-first heap   total 278528K, used 51765K [0x0000000082000000, 0x0000000800000000)
  region size 16384K, 2 young (32768K), 1 survivors (16384K)
 Metaspace       used 61935K, committed 62208K, reserved 1114112K
  class space    used 9063K, committed 9216K, reserved 1048576K
}
Event: 1.047 GC heap after
{Heap after GC invocations=8 (full 0):
 garbage-first heap   total 1179648K, used 54847K [0x0000000082000000, 0x0000000800000000)
  region size 16384K, 1 young (16384K), 1 survivors (16384K)
 Metaspace       used 61935K, committed 62208K, reserved 1114112K
  class space    used 9063K, committed 9216K, reserved 1048576K
}
Event: 1.052 GC heap before
{Heap before GC invocations=8 (full 0):
 garbage-first heap   total 1179648K, used 54847K [0x0000000082000000, 0x0000000800000000)
  region size 16384K, 2 young (32768K), 1 survivors (16384K)
 Metaspace       used 62233K, committed 62528K, reserved 1114112K
  class space    used 9104K, committed 9280K, reserved 1048576K
}
Event: 1.054 GC heap after
{Heap after GC invocations=9 (full 0):
 garbage-first heap   total 1179648K, used 53144K [0x0000000082000000, 0x0000000800000000)
  region size 16384K, 1 young (16384K), 1 survivors (16384K)
 Metaspace       used 62233K, committed 62528K, reserved 1114112K
  class space    used 9104K, committed 9280K, reserved 1048576K
}
Event: 2.347 GC heap before
{Heap before GC invocations=10 (full 0):
 garbage-first heap   total 393216K, used 282520K [0x0000000082000000, 0x0000000800000000)
  region size 16384K, 16 young (262144K), 1 survivors (16384K)
 Metaspace       used 78872K, committed 79168K, reserved 1179648K
  class space    used 10582K, committed 10752K, reserved 1048576K
}
Event: 2.352 GC heap after
{Heap after GC invocations=11 (full 0):
 garbage-first heap   total 393216K, used 78423K [0x0000000082000000, 0x0000000800000000)
  region size 16384K, 2 young (32768K), 2 survivors (32768K)
 Metaspace       used 78872K, committed 79168K, reserved 1179648K
  class space    used 10582K, committed 10752K, reserved 1048576K
}
Event: 2.421 GC heap before
{Heap before GC invocations=11 (full 0):
 garbage-first heap   total 393216K, used 94807K [0x0000000082000000, 0x0000000800000000)
  region size 16384K, 3 young (49152K), 2 survivors (32768K)
 Metaspace       used 79322K, committed 79680K, reserved 1179648K
  class space    used 10633K, committed 10816K, reserved 1048576K
}
Event: 2.425 GC heap after
{Heap after GC invocations=12 (full 0):
 garbage-first heap   total 393216K, used 86532K [0x0000000082000000, 0x0000000800000000)
  region size 16384K, 1 young (16384K), 1 survivors (16384K)
 Metaspace       used 79322K, committed 79680K, reserved 1179648K
  class space    used 10633K, committed 10816K, reserved 1048576K
}
Event: 2.683 GC heap before
{Heap before GC invocations=12 (full 0):
 garbage-first heap   total 393216K, used 233988K [0x0000000082000000, 0x0000000800000000)
  region size 16384K, 10 young (163840K), 1 survivors (16384K)
 Metaspace       used 80623K, committed 80960K, reserved 1179648K
  class space    used 10678K, committed 10816K, reserved 1048576K
}
Event: 2.685 GC heap after
{Heap after GC invocations=13 (full 0):
 garbage-first heap   total 393216K, used 86258K [0x0000000082000000, 0x0000000800000000)
  region size 16384K, 1 young (16384K), 1 survivors (16384K)
 Metaspace       used 80623K, committed 80960K, reserved 1179648K
  class space    used 10678K, committed 10816K, reserved 1048576K
}
Event: 2.997 GC heap before
{Heap before GC invocations=13 (full 0):
 garbage-first heap   total 393216K, used 250098K [0x0000000082000000, 0x0000000800000000)
  region size 16384K, 11 young (180224K), 1 survivors (16384K)
 Metaspace       used 81489K, committed 81792K, reserved 1179648K
  class space    used 10697K, committed 10816K, reserved 1048576K
}
Event: 3.000 GC heap after
{Heap after GC invocations=14 (full 0):
 garbage-first heap   total 393216K, used 92399K [0x0000000082000000, 0x0000000800000000)
  region size 16384K, 1 young (16384K), 1 survivors (16384K)
 Metaspace       used 81489K, committed 81792K, reserved 1179648K
  class space    used 10697K, committed 10816K, reserved 1048576K
}

Dll operation events (11 events):
Event: 0.001 Loaded shared library /home/a4090/miniconda3/envs/auto_pose/lib/jvm/lib/libjava.so
Event: 0.005 Loaded shared library /home/a4090/miniconda3/envs/auto_pose/lib/jvm/lib/libjsvml.so
Event: 0.020 Loaded shared library /home/a4090/miniconda3/envs/auto_pose/lib/jvm/lib/libjvmcicompiler.so
Event: 0.020 Loaded shared library /home/a4090/miniconda3/envs/auto_pose/lib/jvm/lib/libnio.so
Event: 0.021 Loaded shared library /home/a4090/miniconda3/envs/auto_pose/lib/jvm/lib/libzip.so
Event: 0.023 Loaded shared library /home/a4090/miniconda3/envs/auto_pose/lib/jvm/lib/libjimage.so
Event: 0.026 Loaded shared library /home/a4090/miniconda3/envs/auto_pose/lib/jvm/lib/libmanagement.so
Event: 0.027 Loaded shared library /home/a4090/miniconda3/envs/auto_pose/lib/jvm/lib/libmanagement_ext.so
Event: 0.030 Loaded shared library /home/a4090/miniconda3/envs/auto_pose/lib/jvm/lib/libnet.so
Event: 0.385 Loaded shared library /home/a4090/miniconda3/envs/auto_pose/lib/jvm/lib/libverify.so
Event: 1.195 Loaded shared library /home/a4090/miniconda3/envs/auto_pose/lib/jvm/lib/libtrufflenfi.so

Deoptimization events (20 events):
Event: 3.084 Thread 0x0000560ada5319d0 Uncommon trap: trap_request=0xffffff25 fr.pc=0x00007f662039e5d2 relative=0x00000000000156f2
Event: 3.084 Thread 0x0000560ada5319d0 Uncommon trap: reason=transfer_to_interpreter action=reinterpret pc=0x00007f662039e5d2 method=com.oracle.graal.python.builtins.objects.common.ObjectHashMap$GetNode.doGet(Lcom/oracle/truffle/api/frame/Frame;Lcom/oracle/graal/python/builtins/objects/common/
Event: 3.084 Thread 0x0000560ada5319d0 DEOPT PACKING pc=0x00007f662039e5d2 sp=0x00007ffcdc7f2090
Event: 3.084 Thread 0x0000560ada5319d0 DEOPT UNPACKING pc=0x00007f661f369c25 sp=0x00007ffcdc7f10c0 mode 3
Event: 3.093 Thread 0x0000560ada5319d0 Uncommon trap: trap_request=0xffffff25 fr.pc=0x00007f66201965b8 relative=0x00000000000017b8
Event: 3.093 Thread 0x0000560ada5319d0 Uncommon trap: reason=transfer_to_interpreter action=reinterpret pc=0x00007f66201965b8 method=com.oracle.graal.python.nodes.object.GetClassNode.doIt(Ljava/lang/Object;Lcom/oracle/graal/python/nodes/object/InlinedGetClassNode;)Ljava/lang/Object; @ 6 jvmci
Event: 3.093 Thread 0x0000560ada5319d0 DEOPT PACKING pc=0x00007f66201965b8 sp=0x00007ffcdc7e3b00
Event: 3.093 Thread 0x0000560ada5319d0 DEOPT UNPACKING pc=0x00007f661f369c25 sp=0x00007ffcdc7e2c70 mode 3
Event: 3.093 Thread 0x0000560ada5319d0 Uncommon trap: trap_request=0xffffffed fr.pc=0x00007f66203d0e2d relative=0x000000000000032d
Event: 3.093 Thread 0x0000560ada5319d0 Uncommon trap: reason=null_assert_or_unreached0 action=reinterpret pc=0x00007f66203d0e2d method=com.oracle.graal.python.nodes.object.BuiltinClassProfiles$IsBuiltinObjectProfile.doIt(Lcom/oracle/truffle/api/nodes/Node;Ljava/lang/Object;Lcom/oracle/graal/py
Event: 3.093 Thread 0x0000560ada5319d0 DEOPT PACKING pc=0x00007f66203d0e2d sp=0x00007ffcdc7e0080
Event: 3.093 Thread 0x0000560ada5319d0 DEOPT UNPACKING pc=0x00007f661f369c25 sp=0x00007ffcdc7df530 mode 3
Event: 3.115 Thread 0x0000560ada5319d0 Uncommon trap: trap_request=0xffffffed fr.pc=0x00007f661ff2250b relative=0x00000000000001eb
Event: 3.115 Thread 0x0000560ada5319d0 Uncommon trap: reason=null_assert_or_unreached0 action=reinterpret pc=0x00007f661ff2250b method=com.oracle.truffle.api.strings.TStringOps.runHashCode(Lcom/oracle/truffle/api/nodes/Node;[BJIIZ)I @ 46 jvmci
Event: 3.115 Thread 0x0000560ada5319d0 DEOPT PACKING pc=0x00007f661ff2250b sp=0x00007ffcdc7dd0e0
Event: 3.115 Thread 0x0000560ada5319d0 DEOPT UNPACKING pc=0x00007f661f369c25 sp=0x00007ffcdc7dc168 mode 3
Event: 3.144 Thread 0x0000560ada5319d0 Uncommon trap: trap_request=0xffffff25 fr.pc=0x00007f66202e8481 relative=0x0000000000003a01
Event: 3.144 Thread 0x0000560ada5319d0 Uncommon trap: reason=transfer_to_interpreter action=reinterpret pc=0x00007f66202e8481 method=com.oracle.graal.python.builtins.objects.dict.DictNodesFactory$UpdateNodeGen.execute(Lcom/oracle/truffle/api/frame/Frame;Lcom/oracle/graal/python/builtins/object
Event: 3.144 Thread 0x0000560ada5319d0 DEOPT PACKING pc=0x00007f66202e8481 sp=0x00007ffcdc7d7340
Event: 3.144 Thread 0x0000560ada5319d0 DEOPT UNPACKING pc=0x00007f661f369c25 sp=0x00007ffcdc7d6678 mode 3

Classes unloaded (0 events):
No events

Classes redefined (0 events):
No events

Internal exceptions (20 events):
Event: 1.889 Thread 0x0000560ada5319d0 Exception <a 'sun/nio/fs/UnixException'{0x000000008e887920}> (0x000000008e887920) 
thrown [src/hotspot/share/prims/jni.cpp, line 516]
Event: 1.889 Thread 0x0000560ada5319d0 Exception <a 'sun/nio/fs/UnixException'{0x000000008e887f10}> (0x000000008e887f10) 
thrown [src/hotspot/share/prims/jni.cpp, line 516]
Event: 2.169 Thread 0x0000560ada5319d0 Exception <a 'sun/nio/fs/UnixException'{0x0000000089376130}> (0x0000000089376130) 
thrown [src/hotspot/share/prims/jni.cpp, line 516]
Event: 2.169 Thread 0x0000560ada5319d0 Exception <a 'sun/nio/fs/UnixException'{0x000000008937b068}> (0x000000008937b068) 
thrown [src/hotspot/share/prims/jni.cpp, line 516]
Event: 2.359 Thread 0x0000560ada5319d0 Implicit null exception at 0x00007f661ff29248 to 0x00007f661f369868
Event: 2.533 Thread 0x0000560ada5319d0 Implicit null exception at 0x00007f6620132b0d to 0x00007f661f369868
Event: 2.533 Thread 0x0000560ada5319d0 Implicit null exception at 0x00007f6620145ed3 to 0x00007f661f369868
Event: 2.727 Thread 0x0000560ada5319d0 Implicit null exception at 0x00007f66200e5b18 to 0x00007f66200e7c7e
Event: 2.812 Thread 0x0000560ada5319d0 Implicit null exception at 0x00007f66200f0246 to 0x00007f66200f3780
Event: 2.821 Thread 0x0000560ada5319d0 Exception <a 'sun/nio/fs/UnixException'{0x000000009426acf8}> (0x000000009426acf8) 
thrown [src/hotspot/share/prims/jni.cpp, line 516]
Event: 2.821 Thread 0x0000560ada5319d0 Exception <a 'sun/nio/fs/UnixException'{0x0000000094270698}> (0x0000000094270698) 
thrown [src/hotspot/share/prims/jni.cpp, line 516]
Event: 2.872 Thread 0x0000560ada5319d0 Implicit null exception at 0x00007f6620052412 to 0x00007f6620055ac9
Event: 2.946 Thread 0x0000560ada5319d0 Implicit null exception at 0x00007f66203190b2 to 0x00007f662031c9ee
Event: 2.996 Thread 0x0000560ada5319d0 Implicit null exception at 0x00007f6620358832 to 0x00007f662035c16e
Event: 3.070 Thread 0x0000560ada5319d0 Exception <a 'sun/nio/fs/UnixException'{0x00000000c542b270}> (0x00000000c542b270) 
thrown [src/hotspot/share/prims/jni.cpp, line 516]
Event: 3.071 Thread 0x0000560ada5319d0 Exception <a 'sun/nio/fs/UnixException'{0x00000000c543e5b0}> (0x00000000c543e5b0) 
thrown [src/hotspot/share/prims/jni.cpp, line 516]
Event: 3.072 Thread 0x0000560ada5319d0 Exception <a 'sun/nio/fs/UnixException'{0x00000000c5455468}> (0x00000000c5455468) 
thrown [src/hotspot/share/prims/jni.cpp, line 516]
Event: 3.073 Thread 0x0000560ada5319d0 Exception <a 'sun/nio/fs/UnixException'{0x00000000c5464568}> (0x00000000c5464568) 
thrown [src/hotspot/share/prims/jni.cpp, line 516]
Event: 3.073 Thread 0x0000560ada5319d0 Exception <a 'sun/nio/fs/UnixException'{0x00000000c546b740}> (0x00000000c546b740) 
thrown [src/hotspot/share/prims/jni.cpp, line 516]
Event: 3.073 Thread 0x0000560ada5319d0 Exception <a 'sun/nio/fs/UnixException'{0x00000000c5472958}> (0x00000000c5472958) 
thrown [src/hotspot/share/prims/jni.cpp, line 516]

VM Operations (20 events):
Event: 2.527 Executing VM operation: HandshakeAllThreads
Event: 2.527 Executing VM operation: HandshakeAllThreads done
Event: 2.540 Executing VM operation: HandshakeAllThreads
Event: 2.540 Executing VM operation: HandshakeAllThreads done
Event: 2.545 Executing VM operation: ICBufferFull
Event: 2.545 Executing VM operation: ICBufferFull done
Event: 2.679 Executing VM operation: ICBufferFull
Event: 2.679 Executing VM operation: ICBufferFull done
Event: 2.682 Executing VM operation: G1CollectForAllocation
Event: 2.685 Executing VM operation: G1CollectForAllocation done
Event: 2.871 Executing VM operation: HandshakeAllThreads
Event: 2.871 Executing VM operation: HandshakeAllThreads done
Event: 2.880 Executing VM operation: ICBufferFull
Event: 2.880 Executing VM operation: ICBufferFull done
Event: 2.997 Executing VM operation: G1CollectForAllocation
Event: 3.000 Executing VM operation: G1CollectForAllocation done
Event: 3.063 Executing VM operation: ICBufferFull
Event: 3.063 Executing VM operation: ICBufferFull done
Event: 3.103 Executing VM operation: HandshakeAllThreads
Event: 3.103 Executing VM operation: HandshakeAllThreads done

Events (20 events):
Event: 2.882 Thread 0x0000560ada73c440 flushing nmethod 0x00007f6619648210
Event: 3.103 Thread 0x0000560ada73c440 flushing nmethod 0x00007f661fe5d810
Event: 3.104 Thread 0x0000560ada73c440 flushing nmethod 0x00007f661ffe8790
Event: 3.104 Thread 0x0000560ada73c440 flushing nmethod 0x00007f6620119f10
Event: 3.104 Thread 0x0000560ada73c440 flushing nmethod 0x00007f6620130010
Event: 3.104 Thread 0x0000560ada73c440 flushing nmethod 0x00007f6620132790
Event: 3.104 Thread 0x0000560ada73c440 flushing nmethod 0x00007f6620145690
Event: 3.104 Thread 0x0000560ada73c440 flushing nmethod 0x00007f662014bf90
Event: 3.104 Thread 0x0000560ada73c440 flushing nmethod 0x00007f66201c2390
Event: 3.104 Thread 0x0000560ada73c440 flushing nmethod 0x00007f662029f310
Event: 3.105 Thread 0x0000560ada73c440 flushing nmethod 0x00007f66202e0a90
Event: 3.105 Thread 0x0000560ada73c440 flushing nmethod 0x00007f6618183790
Event: 3.109 Thread 0x0000560ada73c440 flushing nmethod 0x00007f66188f4b90
Event: 3.109 Thread 0x0000560ada73c440 flushing nmethod 0x00007f6618a05410
Event: 3.109 Thread 0x0000560ada73c440 flushing nmethod 0x00007f6618a48510
Event: 3.110 Thread 0x0000560ada73c440 flushing nmethod 0x00007f6618abc310
Event: 3.110 Thread 0x0000560ada73c440 flushing nmethod 0x00007f6618c08e10
Event: 3.113 Thread 0x0000560ada73c440 flushing nmethod 0x00007f661934b110
Event: 3.114 Thread 0x0000560ada73c440 flushing nmethod 0x00007f661973a710
Event: 3.114 Thread 0x0000560ada73c440 flushing nmethod 0x00007f661973ad90


Dynamic libraries:
82000000-96000000 rw-p 00000000 00:00 0 
96000000-c5000000 ---p 00000000 00:00 0 
c5000000-c6000000 rw-p 00000000 00:00 0 
c6000000-ff000000 ---p 00000000 00:00 0 
ff000000-100000000 rw-p 00000000 00:00 0 
100000000-7fe000000 ---p 00000000 00:00 0 
7fe000000-7fef00000 rw-p 00000000 00:00 0 
7fef00000-7fef46000 rw-p 00c8f000 103:02 51866601                        /home/a4090/miniconda3/envs/auto_pose/lib/jvm/lib/server/classes.jsa
7fef46000-7ff000000 rw-p 00000000 00:00 0 
7ff000000-7ff08d000 rw-p 00c02000 103:02 51866601                        /home/a4090/miniconda3/envs/auto_pose/lib/jvm/lib/server/classes.jsa
7ff08d000-800000000 rw-p 00000000 00:00 0 
800000000-80044a000 rw-p 00001000 103:02 51866601                        /home/a4090/miniconda3/envs/auto_pose/lib/jvm/lib/server/classes.jsa
80044a000-800bcb000 r--p 0044b000 103:02 51866601                        /home/a4090/miniconda3/envs/auto_pose/lib/jvm/lib/server/classes.jsa
800bcb000-801000000 ---p 00000000 00:00 0 
801000000-801040000 rw-p 00000000 00:00 0 
801040000-8010c0000 rw-p 00000000 00:00 0 
8010c0000-801100000 rw-p 00000000 00:00 0 
801100000-801180000 rw-p 00000000 00:00 0 
801180000-801240000 rw-p 00000000 00:00 0 
801240000-801260000 rw-p 00000000 00:00 0 
801260000-801280000 ---p 00000000 00:00 0 
801280000-801ac0000 rw-p 00000000 00:00 0 
801ac0000-841000000 ---p 00000000 00:00 0 
560ad985c000-560ad985f000 r--p 00000000 103:02 51868967                  /home/a4090/miniconda3/envs/auto_pose/lib/jvm/languages/python/bin/python
560ad985f000-560ad9863000 r-xp 00003000 103:02 51868967                  /home/a4090/miniconda3/envs/auto_pose/lib/jvm/languages/python/bin/python
560ad9863000-560ad9865000 r--p 00007000 103:02 51868967                  /home/a4090/miniconda3/envs/auto_pose/lib/jvm/languages/python/bin/python
560ad9865000-560ad9866000 r--p 00008000 103:02 51868967                  /home/a4090/miniconda3/envs/auto_pose/lib/jvm/languages/python/bin/python
560ad9866000-560ad9867000 rw-p 00009000 103:02 51868967                  /home/a4090/miniconda3/envs/auto_pose/lib/jvm/languages/python/bin/python
560ada4d4000-560adc2ca000 rw-p 00000000 00:00 0                          [heap]
7f63e4300000-7f63e4400000 rw-p 00000000 00:00 0 
7f63e4500000-7f63e4600000 rw-p 00000000 00:00 0 
7f63e4700000-7f63e4800000 rw-p 00000000 00:00 0 
7f63e5500000-7f63e5600000 rw-p 00000000 00:00 0 
7f63e5700000-7f63e5800000 rw-p 00000000 00:00 0 
7f63e5b00000-7f63e5c00000 rw-p 00000000 00:00 0 
7f63e6200000-7f63e6300000 rw-p 00000000 00:00 0 
7f63e6400000-7f63e6500000 rw-p 00000000 00:00 0 
7f63e7200000-7f63e7300000 rw-p 00000000 00:00 0 
7f63e7800000-7f63e7900000 rw-p 00000000 00:00 0 
7f63e7c00000-7f63e7d00000 rw-p 00000000 00:00 0 
7f63e8000000-7f63e8100000 rw-p 00000000 00:00 0 
7f63e8400000-7f63e8500000 rw-p 00000000 00:00 0 
7f63e8600000-7f63e8700000 rw-p 00000000 00:00 0 
7f63e8800000-7f63e8900000 rw-p 00000000 00:00 0 
7f63e9000000-7f63e9100000 rw-p 00000000 00:00 0 
7f63e9200000-7f63e9300000 rw-p 00000000 00:00 0 
7f63e9400000-7f63e9500000 rw-p 00000000 00:00 0 
7f63e9600000-7f63e9700000 rw-p 00000000 00:00 0 
7f63e9800000-7f63e9900000 rw-p 00000000 00:00 0 
7f63e9a00000-7f63e9b00000 rw-p 00000000 00:00 0 
7f63e9c00000-7f63e9d00000 rw-p 00000000 00:00 0 
7f63e9e00000-7f63e9f00000 rw-p 00000000 00:00 0 
7f63ea000000-7f63ea100000 rw-p 00000000 00:00 0 
7f63ea800000-7f63ea900000 rw-p 00000000 00:00 0 
7f63eb000000-7f63eb100000 rw-p 00000000 00:00 0 
7f63eb200000-7f63eb300000 rw-p 00000000 00:00 0 
7f63eb600000-7f63eb700000 rw-p 00000000 00:00 0 
7f63eb800000-7f63eb900000 rw-p 00000000 00:00 0 
7f63ebc00000-7f63ebd00000 rw-p 00000000 00:00 0 
7f63ebe00000-7f63ebf00000 rw-p 00000000 00:00 0 
7f63ec200000-7f63ec300000 rw-p 00000000 00:00 0 
7f63ec600000-7f63ec700000 rw-p 00000000 00:00 0 
7f63eca00000-7f63ecb00000 rw-p 00000000 00:00 0 
7f63ecc00000-7f63ecd00000 rw-p 00000000 00:00 0 
7f63ece00000-7f63ecf00000 rw-p 00000000 00:00 0 
7f63ed400000-7f63ed500000 rw-p 00000000 00:00 0 
7f63ed600000-7f63ed700000 rw-p 00000000 00:00 0 
7f63ed800000-7f63ed900000 rw-p 00000000 00:00 0 
7f63edc00000-7f63edd00000 rw-p 00000000 00:00 0 
7f63ede00000-7f63edf00000 rw-p 00000000 00:00 0 
7f63ee000000-7f63ee100000 rw-p 00000000 00:00 0 
7f63ee400000-7f63ee500000 rw-p 00000000 00:00 0 
7f63ee800000-7f63ee900000 rw-p 00000000 00:00 0 
7f63eea00000-7f63eeb00000 rw-p 00000000 00:00 0 
7f63eec00000-7f63eed00000 rw-p 00000000 00:00 0 
7f63eee00000-7f63eef00000 rw-p 00000000 00:00 0 
7f63ef200000-7f63ef300000 rw-p 00000000 00:00 0 
7f63ef600000-7f63ef700000 rw-p 00000000 00:00 0 
7f63efa00000-7f63efb00000 rw-p 00000000 00:00 0 
7f63efc00000-7f63efd00000 rw-p 00000000 00:00 0 
7f63f0000000-7f63f0021000 rw-p 00000000 00:00 0 
7f63f0021000-7f63f4000000 ---p 00000000 00:00 0 
7f63f4000000-7f63f4100000 rw-p 00000000 00:00 0 
7f63f4200000-7f63f4300000 rw-p 00000000 00:00 0 
7f63f4600000-7f63f4700000 rw-p 00000000 00:00 0 
7f63f4c00000-7f63f4d00000 rw-p 00000000 00:00 0 
7f63f4e00000-7f63f4f00000 rw-p 00000000 00:00 0 
7f63f5400000-7f63f5500000 rw-p 00000000 00:00 0 
7f63f5800000-7f63f5900000 rw-p 00000000 00:00 0 
7f63f5a00000-7f63f5b00000 rw-p 00000000 00:00 0 
7f63f5c00000-7f63f5d00000 rw-p 00000000 00:00 0 
7f63f5e00000-7f63f5f00000 rw-p 00000000 00:00 0 
7f63f6000000-7f63f6100000 rw-p 00000000 00:00 0 
7f63f6200000-7f63f6300000 rw-p 00000000 00:00 0 
7f63f6400000-7f63f6500000 rw-p 00000000 00:00 0 
7f63f6600000-7f63f6700000 rw-p 00000000 00:00 0 
7f63f6800000-7f63f6900000 rw-p 00000000 00:00 0 
7f63f6a00000-7f63f6b00000 rw-p 00000000 00:00 0 
7f63f6c00000-7f63f6d00000 rw-p 00000000 00:00 0 
7f63f6e00000-7f63f6f00000 rw-p 00000000 00:00 0 
7f63f7600000-7f63f7700000 rw-p 00000000 00:00 0 
7f63f7800000-7f63f7900000 rw-p 00000000 00:00 0 
7f63f7c00000-7f63f7d00000 rw-p 00000000 00:00 0 
7f63f7e00000-7f63f7f00000 rw-p 00000000 00:00 0 
7f63f8000000-7f63f8021000 rw-p 00000000 00:00 0 
7f63f8021000-7f63fc000000 ---p 00000000 00:00 0 
7f63fc000000-7f63fc021000 rw-p 00000000 00:00 0 
7f63fc021000-7f6400000000 ---p 00000000 00:00 0 
7f6400000000-7f6400021000 rw-p 00000000 00:00 0 
7f6400021000-7f6404000000 ---p 00000000 00:00 0 
7f6404200000-7f6404300000 rw-p 00000000 00:00 0 
7f6404600000-7f6404700000 rw-p 00000000 00:00 0 
7f6404a00000-7f6404b00000 rw-p 00000000 00:00 0 
7f6404c00000-7f6404d00000 rw-p 00000000 00:00 0 
7f6404e00000-7f6404f00000 rw-p 00000000 00:00 0 
7f6405000000-7f6405100000 rw-p 00000000 00:00 0 
7f6405400000-7f6405500000 rw-p 00000000 00:00 0 
7f6405600000-7f6405700000 rw-p 00000000 00:00 0 
7f6405800000-7f6405900000 rw-p 00000000 00:00 0 
7f6405a00000-7f6405b00000 rw-p 00000000 00:00 0 
7f6405e00000-7f6405f00000 rw-p 00000000 00:00 0 
7f6406000000-7f6406100000 rw-p 00000000 00:00 0 
7f6406400000-7f6406500000 rw-p 00000000 00:00 0 
7f6406600000-7f6406700000 rw-p 00000000 00:00 0 
7f6406800000-7f6406900000 rw-p 00000000 00:00 0 
7f6406c00000-7f6406d00000 rw-p 00000000 00:00 0 
7f6407200000-7f6407300000 rw-p 00000000 00:00 0 
7f6407400000-7f6407500000 rw-p 00000000 00:00 0 
7f6407600000-7f6407700000 rw-p 00000000 00:00 0 
7f6407800000-7f6407900000 rw-p 00000000 00:00 0 
7f6407a00000-7f6407b00000 rw-p 00000000 00:00 0 
7f6407c00000-7f6407d00000 rw-p 00000000 00:00 0 
7f6407e00000-7f6407f00000 rw-p 00000000 00:00 0 
7f6408000000-7f6408100000 rw-p 00000000 00:00 0 
7f6408200000-7f6408300000 rw-p 00000000 00:00 0 
7f6408400000-7f6408500000 rw-p 00000000 00:00 0 
7f6408600000-7f6408700000 rw-p 00000000 00:00 0 
7f6408800000-7f6408900000 rw-p 00000000 00:00 0 
7f6408a00000-7f6408b00000 rw-p 00000000 00:00 0 
7f6408c00000-7f6408d00000 rw-p 00000000 00:00 0 
7f6408e00000-7f6408f00000 rw-p 00000000 00:00 0 
7f6409000000-7f6409100000 rw-p 00000000 00:00 0 
7f6409200000-7f6409300000 rw-p 00000000 00:00 0 
7f6409400000-7f6409500000 rw-p 00000000 00:00 0 
7f6409600000-7f6409700000 rw-p 00000000 00:00 0 
7f6409800000-7f6409900000 rw-p 00000000 00:00 0 
7f6409a00000-7f6409b00000 rw-p 00000000 00:00 0 
7f6409c00000-7f6409d00000 rw-p 00000000 00:00 0 
7f6409e00000-7f6409f00000 rw-p 00000000 00:00 0 
7f640a000000-7f640a100000 rw-p 00000000 00:00 0 
7f640a200000-7f640a300000 rw-p 00000000 00:00 0 
7f640a400000-7f640a500000 rw-p 00000000 00:00 0 
7f640a600000-7f640a700000 rw-p 00000000 00:00 0 
7f640a800000-7f640a900000 rw-p 00000000 00:00 0 
7f640aa00000-7f640ab00000 rw-p 00000000 00:00 0 
7f640ac00000-7f640ad00000 rw-p 00000000 00:00 0 
7f640ae00000-7f640af00000 rw-p 00000000 00:00 0 
7f640b000000-7f640b100000 rw-p 00000000 00:00 0 
7f640b200000-7f640b300000 rw-p 00000000 00:00 0 
7f640b400000-7f640b500000 rw-p 00000000 00:00 0 
7f640b600000-7f640b700000 rw-p 00000000 00:00 0 
7f640b800000-7f640b900000 rw-p 00000000 00:00 0 
7f640ba00000-7f640bb00000 rw-p 00000000 00:00 0 
7f640bc00000-7f640bd00000 rw-p 00000000 00:00 0 
7f640be00000-7f640bf00000 rw-p 00000000 00:00 0 
7f640c000000-7f640c100000 rw-p 00000000 00:00 0 
7f640c200000-7f640c300000 rw-p 00000000 00:00 0 
7f640c400000-7f640c500000 rw-p 00000000 00:00 0 
7f640c600000-7f640c700000 rw-p 00000000 00:00 0 
7f640c800000-7f640c900000 rw-p 00000000 00:00 0 
7f640ca00000-7f640cb00000 rw-p 00000000 00:00 0 
7f640cc00000-7f640cd00000 rw-p 00000000 00:00 0 
7f640ce00000-7f640cf00000 rw-p 00000000 00:00 0 
7f640d000000-7f640d100000 rw-p 00000000 00:00 0 
7f640d200000-7f640d300000 rw-p 00000000 00:00 0 
7f640d400000-7f640d500000 rw-p 00000000 00:00 0 
7f640d600000-7f640d700000 rw-p 00000000 00:00 0 
7f640d800000-7f640d900000 rw-p 00000000 00:00 0 
7f640da00000-7f640db00000 rw-p 00000000 00:00 0 
7f640dc00000-7f640dd00000 rw-p 00000000 00:00 0 
7f640de00000-7f640df00000 rw-p 00000000 00:00 0 
7f640e000000-7f640e100000 rw-p 00000000 00:00 0 
7f640e200000-7f640e300000 rw-p 00000000 00:00 0 
7f640e400000-7f640e500000 rw-p 00000000 00:00 0 
7f640e600000-7f640e700000 rw-p 00000000 00:00 0 
7f640e800000-7f640e900000 rw-p 00000000 00:00 0 
7f640ea00000-7f640eb00000 rw-p 00000000 00:00 0 
7f640ec00000-7f640ed00000 rw-p 00000000 00:00 0 
7f640ee00000-7f640ef00000 rw-p 00000000 00:00 0 
7f640f000000-7f640f100000 rw-p 00000000 00:00 0 
7f640f200000-7f640f300000 rw-p 00000000 00:00 0 
7f640f400000-7f640f500000 rw-p 00000000 00:00 0 
7f640f600000-7f640f700000 rw-p 00000000 00:00 0 
7f640f800000-7f640f900000 rw-p 00000000 00:00 0 
7f640fa00000-7f640fb00000 rw-p 00000000 00:00 0 
7f640fc00000-7f640fd00000 rw-p 00000000 00:00 0 
7f640fe00000-7f640ff00000 rw-p 00000000 00:00 0 
7f6410000000-7f6410100000 rw-p 00000000 00:00 0 
7f6410200000-7f6410300000 rw-p 00000000 00:00 0 
7f6410400000-7f6410500000 rw-p 00000000 00:00 0 
7f6410600000-7f6410700000 rw-p 00000000 00:00 0 
7f6410800000-7f6410900000 rw-p 00000000 00:00 0 
7f6410a00000-7f6410b00000 rw-p 00000000 00:00 0 
7f6410c00000-7f6410d00000 rw-p 00000000 00:00 0 
7f6410e00000-7f6410f00000 rw-p 00000000 00:00 0 
7f6411000000-7f6411100000 rw-p 00000000 00:00 0 
7f6411200000-7f6411300000 rw-p 00000000 00:00 0 
7f6411400000-7f6411500000 rw-p 00000000 00:00 0 
7f6411600000-7f6411700000 rw-p 00000000 00:00 0 
7f6411800000-7f6411900000 rw-p 00000000 00:00 0 
7f6411a00000-7f6411b00000 rw-p 00000000 00:00 0 
7f6411c00000-7f6411d00000 rw-p 00000000 00:00 0 
7f6411e00000-7f6411f00000 rw-p 00000000 00:00 0 
7f6412000000-7f6412100000 rw-p 00000000 00:00 0 
7f6412200000-7f6412300000 rw-p 00000000 00:00 0 
7f6412400000-7f6412500000 rw-p 00000000 00:00 0 
7f6412600000-7f6412700000 rw-p 00000000 00:00 0 
7f6412800000-7f6412900000 rw-p 00000000 00:00 0 
7f6412a00000-7f6412b00000 rw-p 00000000 00:00 0 
7f6412c00000-7f6412d00000 rw-p 00000000 00:00 0 
7f6412e00000-7f6412f00000 rw-p 00000000 00:00 0 
7f6413000000-7f6413100000 rw-p 00000000 00:00 0 
7f6413200000-7f6413300000 rw-p 00000000 00:00 0 
7f6413400000-7f6413500000 rw-p 00000000 00:00 0 
7f6413600000-7f6413700000 rw-p 00000000 00:00 0 
7f6413800000-7f6413900000 rw-p 00000000 00:00 0 
7f6413a00000-7f6413b00000 rw-p 00000000 00:00 0 
7f6413c00000-7f6413d00000 rw-p 00000000 00:00 0 
7f6413e00000-7f6413f00000 rw-p 00000000 00:00 0 
7f6414000000-7f6414100000 rw-p 00000000 00:00 0 
7f6414200000-7f6414300000 rw-p 00000000 00:00 0 
7f6414400000-7f6414500000 rw-p 00000000 00:00 0 
7f6414600000-7f6414700000 rw-p 00000000 00:00 0 
7f6414800000-7f6414900000 rw-p 00000000 00:00 0 
7f6414a00000-7f6414b00000 rw-p 00000000 00:00 0 
7f6414c00000-7f6414d00000 rw-p 00000000 00:00 0 
7f6414e00000-7f6414f00000 rw-p 00000000 00:00 0 
7f6415000000-7f6415100000 rw-p 00000000 00:00 0 
7f6415200000-7f6415300000 rw-p 00000000 00:00 0 
7f6415400000-7f6415500000 rw-p 00000000 00:00 0 
7f6415600000-7f6415700000 rw-p 00000000 00:00 0 
7f6415800000-7f6415900000 rw-p 00000000 00:00 0 
7f6415a00000-7f6415b00000 rw-p 00000000 00:00 0 
7f6415c00000-7f6415d00000 rw-p 00000000 00:00 0 
7f6415e00000-7f6415f00000 rw-p 00000000 00:00 0 
7f6416000000-7f6416100000 rw-p 00000000 00:00 0 
7f6416200000-7f6416300000 rw-p 00000000 00:00 0 
7f6416400000-7f6416500000 rw-p 00000000 00:00 0 
7f6416600000-7f6416700000 rw-p 00000000 00:00 0 
7f6416800000-7f6416900000 rw-p 00000000 00:00 0 
7f6416a00000-7f6416b00000 rw-p 00000000 00:00 0 
7f6416c00000-7f6416d00000 rw-p 00000000 00:00 0 
7f6416e00000-7f6416f00000 rw-p 00000000 00:00 0 
7f6417000000-7f6417100000 rw-p 00000000 00:00 0 
7f6417200000-7f6417300000 rw-p 00000000 00:00 0 
7f6417400000-7f6417500000 rw-p 00000000 00:00 0 
7f6417600000-7f6417700000 rw-p 00000000 00:00 0 
7f6417800000-7f6417900000 rw-p 00000000 00:00 0 
7f6417a00000-7f6417b00000 rw-p 00000000 00:00 0 
7f6417c00000-7f6417d00000 rw-p 00000000 00:00 0 
7f6417e00000-7f6417f00000 rw-p 00000000 00:00 0 
7f6418000000-7f6418100000 rw-p 00000000 00:00 0 
7f6418200000-7f6418300000 rw-p 00000000 00:00 0 
7f6418400000-7f6418500000 rw-p 00000000 00:00 0 
7f6418600000-7f6418700000 rw-p 00000000 00:00 0 
7f6418800000-7f6418900000 rw-p 00000000 00:00 0 
7f6418a00000-7f6418b00000 rw-p 00000000 00:00 0 
7f6418c00000-7f6418d00000 rw-p 00000000 00:00 0 
7f6418e00000-7f6418f00000 rw-p 00000000 00:00 0 
7f6419000000-7f6419100000 rw-p 00000000 00:00 0 
7f6419200000-7f6419300000 rw-p 00000000 00:00 0 
7f6419400000-7f6419500000 rw-p 00000000 00:00 0 
7f6419600000-7f6419700000 rw-p 00000000 00:00 0 
7f6419800000-7f6419900000 rw-p 00000000 00:00 0 
7f6419a00000-7f6419b00000 rw-p 00000000 00:00 0 
7f6419c00000-7f6419d00000 rw-p 00000000 00:00 0 
7f6419e00000-7f6419f00000 rw-p 00000000 00:00 0 
7f641a000000-7f641a100000 rw-p 00000000 00:00 0 
7f641a200000-7f641a300000 rw-p 00000000 00:00 0 
7f641a400000-7f641a500000 rw-p 00000000 00:00 0 
7f641a600000-7f641a700000 rw-p 00000000 00:00 0 
7f641a800000-7f641a900000 rw-p 00000000 00:00 0 
7f641aa00000-7f641ab00000 rw-p 00000000 00:00 0 
7f641ac00000-7f641ad00000 rw-p 00000000 00:00 0 
7f641ae00000-7f641af00000 rw-p 00000000 00:00 0 
7f641b000000-7f641b100000 rw-p 00000000 00:00 0 
7f641b200000-7f641b300000 rw-p 00000000 00:00 0 
7f641b400000-7f641b500000 rw-p 00000000 00:00 0 
7f641b600000-7f641b700000 rw-p 00000000 00:00 0 
7f641b800000-7f641b900000 rw-p 00000000 00:00 0 
7f641ba00000-7f641bb00000 rw-p 00000000 00:00 0 
7f641bc00000-7f641bd00000 rw-p 00000000 00:00 0 
7f641be00000-7f641bf00000 rw-p 00000000 00:00 0 
7f641c000000-7f641c100000 rw-p 00000000 00:00 0 
7f641c200000-7f641c300000 rw-p 00000000 00:00 0 
7f641c400000-7f641c500000 rw-p 00000000 00:00 0 
7f641c600000-7f641c700000 rw-p 00000000 00:00 0 
7f641c800000-7f641c900000 rw-p 00000000 00:00 0 
7f641ca00000-7f641cb00000 rw-p 00000000 00:00 0 
7f641cc00000-7f641cd00000 rw-p 00000000 00:00 0 
7f641ce00000-7f641cf00000 rw-p 00000000 00:00 0 
7f641d000000-7f641d100000 rw-p 00000000 00:00 0 
7f641d200000-7f641d300000 rw-p 00000000 00:00 0 
7f641d400000-7f641d500000 rw-p 00000000 00:00 0 
7f641d600000-7f641d700000 rw-p 00000000 00:00 0 
7f641d800000-7f641d900000 rw-p 00000000 00:00 0 
7f641da00000-7f641db00000 rw-p 00000000 00:00 0 
7f641dc00000-7f641dd00000 rw-p 00000000 00:00 0 
7f641de00000-7f641df00000 rw-p 00000000 00:00 0 
7f641e000000-7f641e100000 rw-p 00000000 00:00 0 
7f641e200000-7f641e300000 rw-p 00000000 00:00 0 
7f641e400000-7f641e500000 rw-p 00000000 00:00 0 
7f641e600000-7f641e700000 rw-p 00000000 00:00 0 
7f641e800000-7f641e900000 rw-p 00000000 00:00 0 
7f641ea00000-7f641eb00000 rw-p 00000000 00:00 0 
7f641ec00000-7f641ed00000 rw-p 00000000 00:00 0 
7f641ee00000-7f641ef00000 rw-p 00000000 00:00 0 
7f641f000000-7f641f100000 rw-p 00000000 00:00 0 
7f641f200000-7f641f300000 rw-p 00000000 00:00 0 
7f641f400000-7f641f500000 rw-p 00000000 00:00 0 
7f641f600000-7f641f700000 rw-p 00000000 00:00 0 
7f641f800000-7f641f900000 rw-p 00000000 00:00 0 
7f641fa00000-7f641fb00000 rw-p 00000000 00:00 0 
7f641fc00000-7f641fd00000 rw-p 00000000 00:00 0 
7f641fe00000-7f641ff00000 rw-p 00000000 00:00 0 
7f6420000000-7f6420100000 rw-p 00000000 00:00 0 
7f6420200000-7f6420300000 rw-p 00000000 00:00 0 
7f6420400000-7f6420500000 rw-p 00000000 00:00 0 
7f6420600000-7f6420700000 rw-p 00000000 00:00 0 
7f6420800000-7f6420900000 rw-p 00000000 00:00 0 
7f6420a00000-7f6420b00000 rw-p 00000000 00:00 0 
7f6420c00000-7f6420d00000 rw-p 00000000 00:00 0 
7f6420e00000-7f6420f00000 rw-p 00000000 00:00 0 
7f6421000000-7f6421100000 rw-p 00000000 00:00 0 
7f6421200000-7f6421300000 rw-p 00000000 00:00 0 
7f6421400000-7f6421500000 rw-p 00000000 00:00 0 
7f6421600000-7f6421700000 rw-p 00000000 00:00 0 
7f6421800000-7f6421900000 rw-p 00000000 00:00 0 
7f6421a00000-7f6421b00000 rw-p 00000000 00:00 0 
7f6421c00000-7f6421d00000 rw-p 00000000 00:00 0 
7f6421e00000-7f6421f00000 rw-p 00000000 00:00 0 
7f6422000000-7f6422100000 rw-p 00000000 00:00 0 
7f6422200000-7f6422300000 rw-p 00000000 00:00 0 
7f6422400000-7f6422500000 rw-p 00000000 00:00 0 
7f6422600000-7f6422700000 rw-p 00000000 00:00 0 
7f6422800000-7f6422900000 rw-p 00000000 00:00 0 
7f6422a00000-7f6422b00000 rw-p 00000000 00:00 0 
7f6422c00000-7f6422d00000 rw-p 00000000 00:00 0 
7f6422e00000-7f6422f00000 rw-p 00000000 00:00 0 
7f6423000000-7f6423100000 rw-p 00000000 00:00 0 
7f6423200000-7f6423300000 rw-p 00000000 00:00 0 
7f6423400000-7f6423500000 rw-p 00000000 00:00 0 
7f6423600000-7f6423700000 rw-p 00000000 00:00 0 
7f6423800000-7f6423900000 rw-p 00000000 00:00 0 
7f6423a00000-7f6423b00000 rw-p 00000000 00:00 0 
7f6423c00000-7f6423d00000 rw-p 00000000 00:00 0 
7f6423e00000-7f6423f00000 rw-p 00000000 00:00 0 
7f6424000000-7f6424100000 rw-p 00000000 00:00 0 
7f6424200000-7f6424300000 rw-p 00000000 00:00 0 
7f6424400000-7f6424500000 rw-p 00000000 00:00 0 
7f6424600000-7f6424700000 rw-p 00000000 00:00 0 
7f6424800000-7f6424900000 rw-p 00000000 00:00 0 
7f6424a00000-7f6424b00000 rw-p 00000000 00:00 0 
7f6424c00000-7f6424d00000 rw-p 00000000 00:00 0 
7f6424e00000-7f6424f00000 rw-p 00000000 00:00 0 
7f6425000000-7f6425100000 rw-p 00000000 00:00 0 
7f6425200000-7f6425300000 rw-p 00000000 00:00 0 
7f6425400000-7f6425500000 rw-p 00000000 00:00 0 
7f6425600000-7f6425700000 rw-p 00000000 00:00 0 
7f6425800000-7f6425900000 rw-p 00000000 00:00 0 
7f6425a00000-7f6425b00000 rw-p 00000000 00:00 0 
7f6425c00000-7f6425d00000 rw-p 00000000 00:00 0 
7f6425e00000-7f6425f00000 rw-p 00000000 00:00 0 
7f6426000000-7f6426100000 rw-p 00000000 00:00 0 
7f6426200000-7f6426300000 rw-p 00000000 00:00 0 
7f6426400000-7f6426500000 rw-p 00000000 00:00 0 
7f6426600000-7f6426700000 rw-p 00000000 00:00 0 
7f6426800000-7f6426900000 rw-p 00000000 00:00 0 
7f6426a00000-7f6426b00000 rw-p 00000000 00:00 0 
7f6426c00000-7f6426d00000 rw-p 00000000 00:00 0 
7f6426e00000-7f6426f00000 rw-p 00000000 00:00 0 
7f6427000000-7f6427100000 rw-p 00000000 00:00 0 
7f6427200000-7f6427300000 rw-p 00000000 00:00 0 
7f6427400000-7f6427500000 rw-p 00000000 00:00 0 
7f6427600000-7f6427700000 rw-p 00000000 00:00 0 
7f6427800000-7f6427900000 rw-p 00000000 00:00 0 
7f6427a00000-7f6427b00000 rw-p 00000000 00:00 0 
7f6427c00000-7f6427d00000 rw-p 00000000 00:00 0 
7f6427e00000-7f6427f00000 rw-p 00000000 00:00 0 
7f6428000000-7f6428100000 rw-p 00000000 00:00 0 
7f6428200000-7f6428300000 rw-p 00000000 00:00 0 
7f6428400000-7f6428500000 rw-p 00000000 00:00 0 
7f6428600000-7f6428700000 rw-p 00000000 00:00 0 
7f6428800000-7f6428900000 rw-p 00000000 00:00 0 
7f6428a00000-7f6428b00000 rw-p 00000000 00:00 0 
7f6428c00000-7f6428d00000 rw-p 00000000 00:00 0 
7f6428e00000-7f6428f00000 rw-p 00000000 00:00 0 
7f6429000000-7f6429100000 rw-p 00000000 00:00 0 
7f6429200000-7f6429300000 rw-p 00000000 00:00 0 
7f6429400000-7f6429500000 rw-p 00000000 00:00 0 
7f6429600000-7f6429700000 rw-p 00000000 00:00 0 
7f6429800000-7f6429900000 rw-p 00000000 00:00 0 
7f6429a00000-7f6429b00000 rw-p 00000000 00:00 0 
7f6429c00000-7f6429d00000 rw-p 00000000 00:00 0 
7f6429e00000-7f6429f00000 rw-p 00000000 00:00 0 
7f642a000000-7f642a340000 rw-p 00000000 00:00 0 
7f642a340000-7f642a640000 rw-p 00000000 00:00 0 
7f642a640000-7f642e000000 ---p 00000000 00:00 0 
7f642e000000-7f642e100000 rw-p 00000000 00:00 0 
7f642e200000-7f642e300000 rw-p 00000000 00:00 0 
7f642e400000-7f642e500000 rw-p 00000000 00:00 0 
7f642e600000-7f642e700000 rw-p 00000000 00:00 0 
7f642e800000-7f642e900000 rw-p 00000000 00:00 0 
7f642ea00000-7f642eb00000 rw-p 00000000 00:00 0 
7f642ec00000-7f642ed00000 rw-p 00000000 00:00 0 
7f642ee00000-7f642ef00000 rw-p 00000000 00:00 0 
7f642f000000-7f642f100000 rw-p 00000000 00:00 0 
7f642f200000-7f642f300000 rw-p 00000000 00:00 0 
7f642f400000-7f642f500000 rw-p 00000000 00:00 0 
7f642f600000-7f642f700000 rw-p 00000000 00:00 0 
7f642f800000-7f642f900000 rw-p 00000000 00:00 0 
7f642fa00000-7f642fb00000 rw-p 00000000 00:00 0 
7f642fc00000-7f642fd00000 rw-p 00000000 00:00 0 
7f642fe00000-7f642ff00000 rw-p 00000000 00:00 0 
7f6430000000-7f6430100000 rw-p 00000000 00:00 0 
7f6430200000-7f6430300000 rw-p 00000000 00:00 0 
7f6430400000-7f6430500000 rw-p 00000000 00:00 0 
7f6430600000-7f6430700000 rw-p 00000000 00:00 0 
7f6430800000-7f6430900000 rw-p 00000000 00:00 0 
7f6430a00000-7f6430b00000 rw-p 00000000 00:00 0 
7f6430c00000-7f6430d00000 rw-p 00000000 00:00 0 
7f6430e00000-7f6430f00000 rw-p 00000000 00:00 0 
7f6431000000-7f6431100000 rw-p 00000000 00:00 0 
7f6431200000-7f6431300000 rw-p 00000000 00:00 0 
7f6431400000-7f6431500000 rw-p 00000000 00:00 0 
7f6431600000-7f6431700000 rw-p 00000000 00:00 0 
7f6431800000-7f6431900000 rw-p 00000000 00:00 0 
7f6431a00000-7f6431b00000 rw-p 00000000 00:00 0 
7f6431c00000-7f6431d00000 rw-p 00000000 00:00 0 
7f6431e00000-7f6431f00000 rw-p 00000000 00:00 0 
7f6432000000-7f6432100000 rw-p 00000000 00:00 0 
7f6432200000-7f6432300000 rw-p 00000000 00:00 0 
7f6432400000-7f6432500000 rw-p 00000000 00:00 0 
7f6432600000-7f6432700000 rw-p 00000000 00:00 0 
7f6432800000-7f6432900000 rw-p 00000000 00:00 0 
7f6432a00000-7f6432b00000 rw-p 00000000 00:00 0 
7f6432c00000-7f6432d00000 rw-p 00000000 00:00 0 
7f6432e00000-7f6432f00000 rw-p 00000000 00:00 0 
7f6433000000-7f6433100000 rw-p 00000000 00:00 0 
7f6433200000-7f6433300000 rw-p 00000000 00:00 0 
7f6433400000-7f6433500000 rw-p 00000000 00:00 0 
7f6433600000-7f6433700000 rw-p 00000000 00:00 0 
7f6433800000-7f6433900000 rw-p 00000000 00:00 0 
7f6433a00000-7f6433b00000 rw-p 00000000 00:00 0 
7f6433c00000-7f6433d00000 rw-p 00000000 00:00 0 
7f6433e00000-7f6433f00000 rw-p 00000000 00:00 0 
7f6434000000-7f6434100000 rw-p 00000000 00:00 0 
7f6434200000-7f6434300000 rw-p 00000000 00:00 0 
7f6434400000-7f6434500000 rw-p 00000000 00:00 0 
7f6434600000-7f6434700000 rw-p 00000000 00:00 0 
7f6434800000-7f6434900000 rw-p 00000000 00:00 0 
7f6434a00000-7f6434b00000 rw-p 00000000 00:00 0 
7f6434c00000-7f6434d00000 rw-p 00000000 00:00 0 
7f6434e00000-7f6434f00000 rw-p 00000000 00:00 0 
7f6435000000-7f6435100000 rw-p 00000000 00:00 0 
7f6435200000-7f6435300000 rw-p 00000000 00:00 0 
7f6435400000-7f6435500000 rw-p 00000000 00:00 0 
7f6435600000-7f6435700000 rw-p 00000000 00:00 0 
7f6435800000-7f6435900000 rw-p 00000000 00:00 0 
7f6435a00000-7f6435b00000 rw-p 00000000 00:00 0 
7f6435c00000-7f6435d00000 rw-p 00000000 00:00 0 
7f6435e00000-7f6435f00000 rw-p 00000000 00:00 0 
7f6436000000-7f6436100000 rw-p 00000000 00:00 0 
7f6436200000-7f6436300000 rw-p 00000000 00:00 0 
7f6436400000-7f6436500000 rw-p 00000000 00:00 0 
7f6436600000-7f6436700000 rw-p 00000000 00:00 0 
7f6436800000-7f6436900000 rw-p 00000000 00:00 0 
7f6436a00000-7f6436b00000 rw-p 00000000 00:00 0 
7f6436c00000-7f6436e00000 rw-p 00000000 00:00 0 
7f6436f00000-7f6437000000 rw-p 00000000 00:00 0 
7f6437100000-7f6437200000 rw-p 00000000 00:00 0 
7f6437300000-7f6437400000 rw-p 00000000 00:00 0 
7f6437500000-7f6437600000 rw-p 00000000 00:00 0 
7f6437700000-7f6437800000 rw-p 00000000 00:00 0 
7f6437900000-7f6437a00000 rw-p 00000000 00:00 0 
7f6437b00000-7f6437c00000 rw-p 00000000 00:00 0 
7f6437d00000-7f6437e00000 rw-p 00000000 00:00 0 
7f6437f00000-7f6438000000 rw-p 00000000 00:00 0 
7f6438100000-7f6438200000 rw-p 00000000 00:00 0 
7f6438300000-7f6438400000 rw-p 00000000 00:00 0 
7f6438500000-7f6438600000 rw-p 00000000 00:00 0 
7f6438700000-7f6438800000 rw-p 00000000 00:00 0 
7f6438900000-7f6438a00000 rw-p 00000000 00:00 0 
7f6438b00000-7f6438c00000 rw-p 00000000 00:00 0 
7f6438d00000-7f6438e00000 rw-p 00000000 00:00 0 
7f6438f00000-7f6439000000 rw-p 00000000 00:00 0 
7f6439100000-7f6439200000 rw-p 00000000 00:00 0 
7f6439300000-7f6439400000 rw-p 00000000 00:00 0 
7f6439500000-7f6439600000 rw-p 00000000 00:00 0 
7f6439700000-7f6439800000 rw-p 00000000 00:00 0 
7f6439900000-7f6439a00000 rw-p 00000000 00:00 0 
7f6439b00000-7f6439c00000 rw-p 00000000 00:00 0 
7f6439d00000-7f6439e00000 rw-p 00000000 00:00 0 
7f6439f00000-7f643a000000 rw-p 00000000 00:00 0 
7f643a100000-7f643a200000 rw-p 00000000 00:00 0 
7f643a300000-7f643a400000 rw-p 00000000 00:00 0 
7f643a500000-7f643a600000 rw-p 00000000 00:00 0 
7f643a700000-7f643a800000 rw-p 00000000 00:00 0 
7f643a900000-7f643aa00000 rw-p 00000000 00:00 0 
7f643ab00000-7f643ac00000 rw-p 00000000 00:00 0 
7f643ad00000-7f643ae00000 rw-p 00000000 00:00 0 
7f643af00000-7f643b000000 rw-p 00000000 00:00 0 
7f643b100000-7f643b200000 rw-p 00000000 00:00 0 
7f643b300000-7f643b400000 rw-p 00000000 00:00 0 
7f643b500000-7f643b600000 rw-p 00000000 00:00 0 
7f643b700000-7f643b800000 rw-p 00000000 00:00 0 
7f643b900000-7f643ba00000 rw-p 00000000 00:00 0 
7f643bb00000-7f643bc00000 rw-p 00000000 00:00 0 
7f643bd00000-7f643be00000 rw-p 00000000 00:00 0 
7f643bf00000-7f643c000000 rw-p 00000000 00:00 0 
7f643c100000-7f643c200000 rw-p 00000000 00:00 0 
7f643c300000-7f643c400000 rw-p 00000000 00:00 0 
7f643c500000-7f643c600000 rw-p 00000000 00:00 0 
7f643c700000-7f643c800000 rw-p 00000000 00:00 0 
7f643c900000-7f643ca00000 rw-p 00000000 00:00 0 
7f643cb00000-7f643cc00000 rw-p 00000000 00:00 0 
7f643cd00000-7f643ce00000 rw-p 00000000 00:00 0 
7f643cf00000-7f643d000000 rw-p 00000000 00:00 0 
7f643d100000-7f643d200000 rw-p 00000000 00:00 0 
7f643d300000-7f643d400000 rw-p 00000000 00:00 0 
7f643d500000-7f643d600000 rw-p 00000000 00:00 0 
7f643d700000-7f643d800000 rw-p 00000000 00:00 0 
7f643d900000-7f643da00000 rw-p 00000000 00:00 0 
7f643db00000-7f643dc00000 rw-p 00000000 00:00 0 
7f643dd00000-7f643de00000 rw-p 00000000 00:00 0 
7f643df00000-7f643e000000 rw-p 00000000 00:00 0 
7f643e100000-7f643e200000 rw-p 00000000 00:00 0 
7f643e300000-7f643e400000 rw-p 00000000 00:00 0 
7f643e500000-7f643e600000 rw-p 00000000 00:00 0 
7f643e700000-7f643e800000 rw-p 00000000 00:00 0 
7f643e900000-7f643ea00000 rw-p 00000000 00:00 0 
7f643eb00000-7f643ec00000 rw-p 00000000 00:00 0 
7f643ed00000-7f643ee00000 rw-p 00000000 00:00 0 
7f643ef00000-7f643f000000 rw-p 00000000 00:00 0 
7f643f100000-7f643f200000 rw-p 00000000 00:00 0 
7f643f300000-7f643f400000 rw-p 00000000 00:00 0 
7f643f500000-7f643f600000 rw-p 00000000 00:00 0 
7f643f700000-7f643f800000 rw-p 00000000 00:00 0 
7f643f900000-7f643fa00000 rw-p 00000000 00:00 0 
7f643fb00000-7f643fc00000 rw-p 00000000 00:00 0 
7f643fd00000-7f643fe00000 rw-p 00000000 00:00 0 
7f643ff00000-7f6440000000 rw-p 00000000 00:00 0 
7f6440100000-7f6440200000 rw-p 00000000 00:00 0 
7f6440300000-7f6440400000 rw-p 00000000 00:00 0 
7f6440500000-7f6440600000 rw-p 00000000 00:00 0 
7f6440700000-7f6440800000 rw-p 00000000 00:00 0 
7f6440900000-7f6440a00000 rw-p 00000000 00:00 0 
7f6440b00000-7f6440c00000 rw-p 00000000 00:00 0 
7f6440d00000-7f6440e00000 rw-p 00000000 00:00 0 
7f6440f00000-7f6441000000 rw-p 00000000 00:00 0 
7f6441100000-7f6441200000 rw-p 00000000 00:00 0 
7f6441300000-7f6441400000 rw-p 00000000 00:00 0 
7f6441500000-7f6441600000 rw-p 00000000 00:00 0 
7f6441700000-7f6441800000 rw-p 00000000 00:00 0 
7f6441900000-7f6441a00000 rw-p 00000000 00:00 0 
7f6441b00000-7f6441c00000 rw-p 00000000 00:00 0 
7f6441d00000-7f6441e00000 rw-p 00000000 00:00 0 
7f6441f00000-7f6442000000 rw-p 00000000 00:00 0 
7f6442100000-7f6442200000 rw-p 00000000 00:00 0 
7f6442300000-7f6442400000 rw-p 00000000 00:00 0 
7f6442500000-7f6442600000 rw-p 00000000 00:00 0 
7f6442700000-7f6442800000 rw-p 00000000 00:00 0 
7f6442900000-7f6442a00000 rw-p 00000000 00:00 0 
7f6442b00000-7f6442c00000 rw-p 00000000 00:00 0 
7f6442d00000-7f6442e00000 rw-p 00000000 00:00 0 
7f6442f00000-7f6443000000 rw-p 00000000 00:00 0 
7f6443100000-7f6443200000 rw-p 00000000 00:00 0 
7f6443300000-7f6443400000 rw-p 00000000 00:00 0 
7f6443500000-7f6443600000 rw-p 00000000 00:00 0 
7f6443700000-7f6443800000 rw-p 00000000 00:00 0 
7f6443900000-7f6443a00000 rw-p 00000000 00:00 0 
7f6443b00000-7f6443d00000 rw-p 00000000 00:00 0 
7f6443e00000-7f6443f00000 rw-p 00000000 00:00 0 
7f6444000000-7f6444100000 rw-p 00000000 00:00 0 
7f6444200000-7f6444300000 rw-p 00000000 00:00 0 
7f6444400000-7f6444500000 rw-p 00000000 00:00 0 
7f6444600000-7f6444700000 rw-p 00000000 00:00 0 
7f6444800000-7f6444900000 rw-p 00000000 00:00 0 
7f6444a00000-7f6444b00000 rw-p 00000000 00:00 0 
7f6444c00000-7f6444d00000 rw-p 00000000 00:00 0 
7f6444e00000-7f6444f00000 rw-p 00000000 00:00 0 
7f6445000000-7f6445100000 rw-p 00000000 00:00 0 
7f6445200000-7f6445300000 rw-p 00000000 00:00 0 
7f6445400000-7f6445500000 rw-p 00000000 00:00 0 
7f6445600000-7f6445700000 rw-p 00000000 00:00 0 
7f6445800000-7f6445900000 rw-p 00000000 00:00 0 
7f6445a00000-7f6445b00000 rw-p 00000000 00:00 0 
7f6445c00000-7f6445d00000 rw-p 00000000 00:00 0 
7f6445e00000-7f6445f00000 rw-p 00000000 00:00 0 
7f6446000000-7f6446100000 rw-p 00000000 00:00 0 
7f6446200000-7f6446300000 rw-p 00000000 00:00 0 
7f6446400000-7f6446500000 rw-p 00000000 00:00 0 
7f6446600000-7f6446700000 rw-p 00000000 00:00 0 
7f6446800000-7f6446900000 rw-p 00000000 00:00 0 
7f6446a00000-7f6446b00000 rw-p 00000000 00:00 0 
7f6446c00000-7f6446d00000 rw-p 00000000 00:00 0 
7f6446e00000-7f6446f00000 rw-p 00000000 00:00 0 
7f6447000000-7f6447100000 rw-p 00000000 00:00 0 
7f6447200000-7f6447300000 rw-p 00000000 00:00 0 
7f6447400000-7f6447500000 rw-p 00000000 00:00 0 
7f6447600000-7f6447700000 rw-p 00000000 00:00 0 
7f6447800000-7f6447900000 rw-p 00000000 00:00 0 
7f6447a00000-7f6447b00000 rw-p 00000000 00:00 0 
7f6447c00000-7f6447d00000 rw-p 00000000 00:00 0 
7f6447e00000-7f6447f00000 rw-p 00000000 00:00 0 
7f6448000000-7f6448100000 rw-p 00000000 00:00 0 
7f6448200000-7f6448300000 rw-p 00000000 00:00 0 
7f6448400000-7f6448500000 rw-p 00000000 00:00 0 
7f6448600000-7f6448700000 rw-p 00000000 00:00 0 
7f6448800000-7f6448900000 rw-p 00000000 00:00 0 
7f6448a00000-7f6448b00000 rw-p 00000000 00:00 0 
7f6448c00000-7f6448d00000 rw-p 00000000 00:00 0 
7f6448e00000-7f6448f00000 rw-p 00000000 00:00 0 
7f6449000000-7f6449100000 rw-p 00000000 00:00 0 
7f6449200000-7f6449300000 rw-p 00000000 00:00 0 
7f6449400000-7f6449500000 rw-p 00000000 00:00 0 
7f6449600000-7f6449700000 rw-p 00000000 00:00 0 
7f6449800000-7f6449900000 rw-p 00000000 00:00 0 
7f6449a00000-7f6449b00000 rw-p 00000000 00:00 0 
7f6449bf6000-7f6449bfa000 ---p 00000000 00:00 0 
7f6449bfa000-7f6449cf7000 rw-p 00000000 00:00 0 
7f6449e00000-7f6449f00000 rw-p 00000000 00:00 0 
7f644a000000-7f644a100000 rw-p 00000000 00:00 0 
7f644a1ef000-7f644a500000 rw-p 00000000 00:00 0 
7f644a600000-7f644a700000 rw-p 00000000 00:00 0 
7f644a800000-7f644a900000 rw-p 00000000 00:00 0 
7f644aa00000-7f644ab00000 rw-p 00000000 00:00 0 
7f644ac00000-7f644ad00000 rw-p 00000000 00:00 0 
7f644ae00000-7f644af00000 rw-p 00000000 00:00 0 
7f644b000000-7f644b100000 rw-p 00000000 00:00 0 
7f644b200000-7f644b300000 rw-p 00000000 00:00 0 
7f644b400000-7f644b500000 rw-p 00000000 00:00 0 
7f644b600000-7f644b700000 rw-p 00000000 00:00 0 
7f644b800000-7f644b900000 rw-p 00000000 00:00 0 
7f644ba00000-7f644bb00000 rw-p 00000000 00:00 0 
7f644bc00000-7f644bd00000 rw-p 00000000 00:00 0 
7f644be00000-7f644bf00000 rw-p 00000000 00:00 0 
7f644c000000-7f644c100000 rw-p 00000000 00:00 0 
7f644c200000-7f644c300000 rw-p 00000000 00:00 0 
7f644c400000-7f644c500000 rw-p 00000000 00:00 0 
7f644c600000-7f644c700000 rw-p 00000000 00:00 0 
7f644c800000-7f644c900000 rw-p 00000000 00:00 0 
7f644ca00000-7f644cb00000 rw-p 00000000 00:00 0 
7f644cc00000-7f644cd00000 rw-p 00000000 00:00 0 
7f644ce00000-7f644cf00000 rw-p 00000000 00:00 0 
7f644d000000-7f644d100000 rw-p 00000000 00:00 0 
7f644d200000-7f644d300000 rw-p 00000000 00:00 0 
7f644d400000-7f644d500000 rw-p 00000000 00:00 0 
7f644d600000-7f644d700000 rw-p 00000000 00:00 0 
7f644d800000-7f644d900000 rw-p 00000000 00:00 0 
7f644da00000-7f644db00000 rw-p 00000000 00:00 0 
7f644dc00000-7f644dd00000 rw-p 00000000 00:00 0 
7f644de00000-7f644e000000 rw-p 00000000 00:00 0 
7f644e100000-7f644e200000 rw-p 00000000 00:00 0 
7f644e300000-7f644e400000 rw-p 00000000 00:00 0 
7f644e500000-7f644e700000 rw-p 00000000 00:00 0 
7f644e800000-7f644e900000 rw-p 00000000 00:00 0 
7f644ea00000-7f644eb00000 rw-p 00000000 00:00 0 
7f644ec00000-7f644ed00000 rw-p 00000000 00:00 0 
7f644ee00000-7f644ef00000 rw-p 00000000 00:00 0 
7f644f000000-7f644f100000 rw-p 00000000 00:00 0 
7f644f200000-7f644f300000 rw-p 00000000 00:00 0 
7f644f400000-7f644f500000 rw-p 00000000 00:00 0 
7f644f600000-7f644f700000 rw-p 00000000 00:00 0 
7f644f800000-7f644f900000 rw-p 00000000 00:00 0 
7f644fa00000-7f644fb00000 rw-p 00000000 00:00 0 
7f644fc00000-7f644fd00000 rw-p 00000000 00:00 0 
7f644fe00000-7f644ff00000 rw-p 00000000 00:00 0 
7f6450000000-7f6450021000 rw-p 00000000 00:00 0 
7f6450021000-7f6454000000 ---p 00000000 00:00 0 
7f6454000000-7f6454100000 rw-p 00000000 00:00 0 
7f6454200000-7f6454300000 rw-p 00000000 00:00 0 
7f6454400000-7f6454500000 rw-p 00000000 00:00 0 
7f6454600000-7f6454700000 rw-p 00000000 00:00 0 
7f6454800000-7f6454900000 rw-p 00000000 00:00 0 
7f6454a00000-7f6454b00000 rw-p 00000000 00:00 0 
7f6454c00000-7f6454d00000 rw-p 00000000 00:00 0 
7f6454e00000-7f6454f00000 rw-p 00000000 00:00 0 
7f6455000000-7f6455100000 rw-p 00000000 00:00 0 
7f6455200000-7f6455300000 rw-p 00000000 00:00 0 
7f6455400000-7f6455500000 rw-p 00000000 00:00 0 
7f6455600000-7f6455700000 rw-p 00000000 00:00 0 
7f6455800000-7f6455900000 rw-p 00000000 00:00 0 
7f6455a00000-7f6455b00000 rw-p 00000000 00:00 0 
7f6455c00000-7f6455d00000 rw-p 00000000 00:00 0 
7f6455e00000-7f6455f00000 rw-p 00000000 00:00 0 
7f6456000000-7f6456100000 rw-p 00000000 00:00 0 
7f6456200000-7f6456300000 rw-p 00000000 00:00 0 
7f6456400000-7f6456500000 rw-p 00000000 00:00 0 
7f6456600000-7f6456700000 rw-p 00000000 00:00 0 
7f6456800000-7f6456900000 rw-p 00000000 00:00 0 
7f64569ff000-7f6456a03000 ---p 00000000 00:00 0 
7f6456a03000-7f6456c00000 rw-p 00000000 00:00 0 
7f6456d00000-7f6456e00000 rw-p 00000000 00:00 0 
7f6456f00000-7f6457000000 rw-p 00000000 00:00 0 
7f6457100000-7f6457200000 rw-p 00000000 00:00 0 
7f6457300000-7f6457400000 rw-p 00000000 00:00 0 
7f6457500000-7f6457600000 rw-p 00000000 00:00 0 
7f6457700000-7f6457800000 rw-p 00000000 00:00 0 
7f6457900000-7f6457a00000 rw-p 00000000 00:00 0 
7f6457b00000-7f6457c00000 rw-p 00000000 00:00 0 
7f6457d00000-7f6457e00000 rw-p 00000000 00:00 0 
7f6457f00000-7f6458000000 rw-p 00000000 00:00 0 
7f6458100000-7f6458200000 rw-p 00000000 00:00 0 
7f6458300000-7f6458400000 rw-p 00000000 00:00 0 
7f6458500000-7f6458600000 rw-p 00000000 00:00 0 
7f6458700000-7f6458800000 rw-p 00000000 00:00 0 
7f6458900000-7f6458a00000 rw-p 00000000 00:00 0 
7f6458b00000-7f6458c00000 rw-p 00000000 00:00 0 
7f6458d00000-7f6458e00000 rw-p 00000000 00:00 0 
7f6458f00000-7f6459000000 rw-p 00000000 00:00 0 
7f6459100000-7f6459200000 rw-p 00000000 00:00 0 
7f6459300000-7f6459400000 rw-p 00000000 00:00 0 
7f6459500000-7f6459600000 rw-p 00000000 00:00 0 
7f6459700000-7f6459800000 rw-p 00000000 00:00 0 
7f6459900000-7f6459a00000 rw-p 00000000 00:00 0 
7f6459b00000-7f6459c00000 rw-p 00000000 00:00 0 
7f6459d00000-7f6459e00000 rw-p 00000000 00:00 0 
7f6459f00000-7f645a000000 rw-p 00000000 00:00 0 
7f645a100000-7f645a200000 rw-p 00000000 00:00 0 
7f645a300000-7f645a400000 rw-p 00000000 00:00 0 
7f645a500000-7f645a600000 rw-p 00000000 00:00 0 
7f645a700000-7f645a800000 rw-p 00000000 00:00 0 
7f645a900000-7f645aa00000 rw-p 00000000 00:00 0 
7f645ab00000-7f645ac00000 rw-p 00000000 00:00 0 
7f645ad00000-7f645ae00000 rw-p 00000000 00:00 0 
7f645af00000-7f645b000000 rw-p 00000000 00:00 0 
7f645b100000-7f645b200000 rw-p 00000000 00:00 0 
7f645b300000-7f645b400000 rw-p 00000000 00:00 0 
7f645b500000-7f645b600000 rw-p 00000000 00:00 0 
7f645b700000-7f645b800000 rw-p 00000000 00:00 0 
7f645b900000-7f645ba00000 rw-p 00000000 00:00 0 
7f645bb00000-7f645bc00000 rw-p 00000000 00:00 0 
7f645bd00000-7f645be00000 rw-p 00000000 00:00 0 
7f645bf00000-7f645c000000 rw-p 00000000 00:00 0 
7f645c100000-7f645c200000 rw-p 00000000 00:00 0 
7f645c300000-7f645c400000 rw-p 00000000 00:00 0 
7f645c500000-7f645c600000 rw-p 00000000 00:00 0 
7f645c700000-7f645c800000 rw-p 00000000 00:00 0 
7f645c900000-7f645ca00000 rw-p 00000000 00:00 0 
7f645cb00000-7f645cc00000 rw-p 00000000 00:00 0 
7f645cd00000-7f645cf00000 rw-p 00000000 00:00 0 
7f645d000000-7f645d100000 rw-p 00000000 00:00 0 
7f645d200000-7f645d300000 rw-p 00000000 00:00 0 
7f645d400000-7f645d500000 rw-p 00000000 00:00 0 
7f645d600000-7f645d700000 rw-p 00000000 00:00 0 
7f645d800000-7f645d900000 rw-p 00000000 00:00 0 
7f645da00000-7f645db00000 rw-p 00000000 00:00 0 
7f645dc00000-7f645dd00000 rw-p 00000000 00:00 0 
7f645de00000-7f645df00000 rw-p 00000000 00:00 0 
7f645e000000-7f645e100000 rw-p 00000000 00:00 0 
7f645e200000-7f645e300000 rw-p 00000000 00:00 0 
7f645e400000-7f645e500000 rw-p 00000000 00:00 0 
7f645e600000-7f645e700000 rw-p 00000000 00:00 0 
7f645e800000-7f645e900000 rw-p 00000000 00:00 0 
7f645ea00000-7f645eb00000 rw-p 00000000 00:00 0 
7f645ec00000-7f645ed00000 rw-p 00000000 00:00 0 
7f645ee00000-7f645ef00000 rw-p 00000000 00:00 0 
7f645f000000-7f645f100000 rw-p 00000000 00:00 0 
7f645f200000-7f645f300000 rw-p 00000000 00:00 0 
7f645f400000-7f645f500000 rw-p 00000000 00:00 0 
7f645f600000-7f645f700000 rw-p 00000000 00:00 0 
7f645f800000-7f645f900000 rw-p 00000000 00:00 0 
7f645fa00000-7f645fb00000 rw-p 00000000 00:00 0 
7f645fc00000-7f645fd00000 rw-p 00000000 00:00 0 
7f645fe00000-7f645ff00000 rw-p 00000000 00:00 0 
7f645ffef000-7f6460300000 rw-p 00000000 00:00 0 
7f6460400000-7f6460500000 rw-p 00000000 00:00 0 
7f6460600000-7f6460700000 rw-p 00000000 00:00 0 
7f6460800000-7f6460900000 rw-p 00000000 00:00 0 
7f6460a00000-7f6460b00000 rw-p 00000000 00:00 0 
7f6460c00000-7f6460d00000 rw-p 00000000 00:00 0 
7f6460e00000-7f6460f00000 rw-p 00000000 00:00 0 
7f6461000000-7f6461100000 rw-p 00000000 00:00 0 
7f64612f7000-7f6461500000 rw-p 00000000 00:00 0 
7f6461600000-7f6461700000 rw-p 00000000 00:00 0 
7f6461800000-7f6461900000 rw-p 00000000 00:00 0 
7f6461a00000-7f6461b00000 rw-p 00000000 00:00 0 
7f6461c00000-7f6461d00000 rw-p 00000000 00:00 0 
7f6461e00000-7f6461f00000 rw-p 00000000 00:00 0 
7f6462000000-7f6462100000 rw-p 00000000 00:00 0 
7f6462200000-7f6462300000 rw-p 00000000 00:00 0 
7f6462400000-7f6462500000 rw-p 00000000 00:00 0 
7f6462600000-7f6462700000 rw-p 00000000 00:00 0 
7f6462800000-7f6462900000 rw-p 00000000 00:00 0 
7f6462a00000-7f6462b00000 rw-p 00000000 00:00 0 
7f6462c00000-7f6462d00000 rw-p 00000000 00:00 0 
7f6462e00000-7f6462f00000 rw-p 00000000 00:00 0 
7f6463000000-7f6463100000 rw-p 00000000 00:00 0 
7f6463200000-7f6463300000 rw-p 00000000 00:00 0 
7f6463400000-7f6463500000 rw-p 00000000 00:00 0 
7f6463600000-7f6463700000 rw-p 00000000 00:00 0 
7f6463800000-7f6463900000 rw-p 00000000 00:00 0 
7f6463a00000-7f6463b00000 rw-p 00000000 00:00 0 
7f6463c00000-7f6463d00000 rw-p 00000000 00:00 0 
7f6463e00000-7f6463f00000 rw-p 00000000 00:00 0 
7f6464000000-7f6464021000 rw-p 00000000 00:00 0 
7f6464021000-7f6468000000 ---p 00000000 00:00 0 
7f6468100000-7f6468200000 rw-p 00000000 00:00 0 
7f6468300000-7f6468400000 rw-p 00000000 00:00 0 
7f6468500000-7f6468600000 rw-p 00000000 00:00 0 
7f6468700000-7f6468800000 rw-p 00000000 00:00 0 
7f6468900000-7f6468a00000 rw-p 00000000 00:00 0 
7f6468b00000-7f6468c00000 rw-p 00000000 00:00 0 
7f6468d00000-7f6468e00000 rw-p 00000000 00:00 0 
7f6468f00000-7f6469000000 rw-p 00000000 00:00 0 
7f6469100000-7f6469200000 rw-p 00000000 00:00 0 
7f6469300000-7f6469400000 rw-p 00000000 00:00 0 
7f6469500000-7f6469600000 rw-p 00000000 00:00 0 
7f6469700000-7f6469800000 rw-p 00000000 00:00 0 
7f64698ff000-7f6469903000 ---p 00000000 00:00 0 
7f6469903000-7f6469b00000 rw-p 00000000 00:00 0 
7f6469c00000-7f6469d00000 rw-p 00000000 00:00 0 
7f6469e00000-7f6469f00000 rw-p 00000000 00:00 0 
7f646a000000-7f646a100000 rw-p 00000000 00:00 0 
7f646a200000-7f646a300000 rw-p 00000000 00:00 0 
7f646a400000-7f646a500000 rw-p 00000000 00:00 0 
7f646a600000-7f646a700000 rw-p 00000000 00:00 0 
7f646a800000-7f646a900000 rw-p 00000000 00:00 0 
7f646aa00000-7f646ab00000 rw-p 00000000 00:00 0 
7f646ac00000-7f646ad00000 rw-p 00000000 00:00 0 
7f646ae00000-7f646af00000 rw-p 00000000 00:00 0 
7f646b000000-7f646b100000 rw-p 00000000 00:00 0 
7f646b200000-7f646b300000 rw-p 00000000 00:00 0 
7f646b400000-7f646b500000 rw-p 00000000 00:00 0 
7f646b600000-7f646b700000 rw-p 00000000 00:00 0 
7f646b800000-7f646b900000 rw-p 00000000 00:00 0 
7f646ba00000-7f646bb00000 rw-p 00000000 00:00 0 
7f646bc00000-7f646bd00000 rw-p 00000000 00:00 0 
7f646be00000-7f646bf00000 rw-p 00000000 00:00 0 
7f646c000000-7f646c021000 rw-p 00000000 00:00 0 
7f646c021000-7f6470000000 ---p 00000000 00:00 0 
7f6470100000-7f6470200000 rw-p 00000000 00:00 0 
7f6470300000-7f6470400000 rw-p 00000000 00:00 0 
7f64704ff000-7f6470503000 ---p 00000000 00:00 0 
7f6470503000-7f6470700000 rw-p 00000000 00:00 0 
7f6470800000-7f6470900000 rw-p 00000000 00:00 0 
7f6470a00000-7f6470b00000 rw-p 00000000 00:00 0 
7f6470c00000-7f6470d00000 rw-p 00000000 00:00 0 
7f6470e00000-7f6470f00000 rw-p 00000000 00:00 0 
7f6471000000-7f6471100000 rw-p 00000000 00:00 0 
7f6471200000-7f6471300000 rw-p 00000000 00:00 0 
7f6471400000-7f6471500000 rw-p 00000000 00:00 0 
7f6471600000-7f6471700000 rw-p 00000000 00:00 0 
7f6471800000-7f6471900000 rw-p 00000000 00:00 0 
7f6471a00000-7f6471b00000 rw-p 00000000 00:00 0 
7f6471c00000-7f6471d00000 rw-p 00000000 00:00 0 
7f6471e00000-7f6471f00000 rw-p 00000000 00:00 0 
7f6472000000-7f6472100000 rw-p 00000000 00:00 0 
7f6472200000-7f6472300000 rw-p 00000000 00:00 0 
7f6472400000-7f6472500000 rw-p 00000000 00:00 0 
7f6472600000-7f6472700000 rw-p 00000000 00:00 0 
7f6472800000-7f6472900000 rw-p 00000000 00:00 0 
7f6472a00000-7f6472b00000 rw-p 00000000 00:00 0 
7f6472c00000-7f6472d00000 rw-p 00000000 00:00 0 
7f6472e00000-7f6472f00000 rw-p 00000000 00:00 0 
7f6473000000-7f6473100000 rw-p 00000000 00:00 0 
7f6473200000-7f6473300000 rw-p 00000000 00:00 0 
7f6473400000-7f6473500000 rw-p 00000000 00:00 0 
7f6473600000-7f6473700000 rw-p 00000000 00:00 0 
7f6473800000-7f6473900000 rw-p 00000000 00:00 0 
7f6473a00000-7f6473b00000 rw-p 00000000 00:00 0 
7f6473c00000-7f6473d00000 rw-p 00000000 00:00 0 
7f6473e00000-7f6473f00000 rw-p 00000000 00:00 0 
7f6474000000-7f6474100000 rw-p 00000000 00:00 0 
7f6474200000-7f6474300000 rw-p 00000000 00:00 0 
7f6474400000-7f6474500000 rw-p 00000000 00:00 0 
7f6474600000-7f6474700000 rw-p 00000000 00:00 0 
7f6474800000-7f6474900000 rw-p 00000000 00:00 0 
7f6474a00000-7f6474b00000 rw-p 00000000 00:00 0 
7f6474c00000-7f6474d00000 rw-p 00000000 00:00 0 
7f6474e00000-7f6474f00000 rw-p 00000000 00:00 0 
7f6475000000-7f6475100000 rw-p 00000000 00:00 0 
7f6475200000-7f6475300000 rw-p 00000000 00:00 0 
7f6475400000-7f6475500000 rw-p 00000000 00:00 0 
7f6475600000-7f6475700000 rw-p 00000000 00:00 0 
7f6475800000-7f6475900000 rw-p 00000000 00:00 0 
7f6475a00000-7f6475b00000 rw-p 00000000 00:00 0 
7f6475c00000-7f6475d00000 rw-p 00000000 00:00 0 
7f6475df6000-7f6475dfa000 ---p 00000000 00:00 0 
7f6475dfa000-7f6476100000 rw-p 00000000 00:00 0 
7f6476200000-7f6476300000 rw-p 00000000 00:00 0 
7f6476400000-7f6476500000 rw-p 00000000 00:00 0 
7f6476600000-7f6476700000 rw-p 00000000 00:00 0 
7f6476800000-7f6476900000 rw-p 00000000 00:00 0 
7f6476a00000-7f6476b00000 rw-p 00000000 00:00 0 
7f6476c00000-7f6476d00000 rw-p 00000000 00:00 0 
7f6476e00000-7f6476f00000 rw-p 00000000 00:00 0 
7f6477000000-7f6477100000 rw-p 00000000 00:00 0 
7f6477200000-7f6477300000 rw-p 00000000 00:00 0 
7f6477400000-7f6477500000 rw-p 00000000 00:00 0 
7f6477600000-7f6477700000 rw-p 00000000 00:00 0 
7f6477800000-7f6477900000 rw-p 00000000 00:00 0 
7f6477a00000-7f6477b00000 rw-p 00000000 00:00 0 
7f6477c00000-7f6477d00000 rw-p 00000000 00:00 0 
7f6477e00000-7f6477f00000 rw-p 00000000 00:00 0 
7f6478000000-7f6478147000 rw-p 00000000 00:00 0 
7f6478147000-7f647c000000 ---p 00000000 00:00 0 
7f647c000000-7f647c100000 rw-p 00000000 00:00 0 
7f647c200000-7f647c300000 rw-p 00000000 00:00 0 
7f647c400000-7f647c500000 rw-p 00000000 00:00 0 
7f647c600000-7f647c700000 rw-p 00000000 00:00 0 
7f647c800000-7f647c900000 rw-p 00000000 00:00 0 
7f647ca00000-7f647cb00000 rw-p 00000000 00:00 0 
7f647cc00000-7f647cd00000 rw-p 00000000 00:00 0 
7f647ce00000-7f647cf00000 rw-p 00000000 00:00 0 
7f647d000000-7f647d100000 rw-p 00000000 00:00 0 
7f647d200000-7f647d300000 rw-p 00000000 00:00 0 
7f647d400000-7f647d500000 rw-p 00000000 00:00 0 
7f647d600000-7f647d700000 rw-p 00000000 00:00 0 
7f647d800000-7f647d900000 rw-p 00000000 00:00 0 
7f647da00000-7f647db00000 ---p 00000000 00:00 0 
7f647db00000-7f647e15f000 r--p 01362000 103:02 51870081                  /home/a4090/miniconda3/envs/auto_pose/lib/jvm/lib/libjvmcicompiler.so
7f647e15f000-7f647e300000 r--p 00000000 00:00 0 
7f647e300000-7f647e30e000 rw-p 00000000 00:00 0 
7f647e30e000-7f647e863000 rw-p 01b70000 103:02 51870081                  /home/a4090/miniconda3/envs/auto_pose/lib/jvm/lib/libjvmcicompiler.so
7f647e863000-7f647ecdd000 r--p 020c5000 103:02 51870081                  /home/a4090/miniconda3/envs/auto_pose/lib/jvm/lib/libjvmcicompiler.so
7f647ed00000-7f647ee00000 ---p 00000000 00:00 0 
7f647ee00000-7f647f45f000 r--p 01362000 103:02 51870081                  /home/a4090/miniconda3/envs/auto_pose/lib/jvm/lib/libjvmcicompiler.so
7f647f45f000-7f647f600000 r--p 00000000 00:00 0 
7f647f600000-7f647f60e000 rw-p 00000000 00:00 0 
7f647f60e000-7f647fb63000 rw-p 01b70000 103:02 51870081                  /home/a4090/miniconda3/envs/auto_pose/lib/jvm/lib/libjvmcicompiler.so
7f647fb63000-7f647ffdd000 r--p 020c5000 103:02 51870081                  /home/a4090/miniconda3/envs/auto_pose/lib/jvm/lib/libjvmcicompiler.so
7f6480000000-7f648023a000 rw-p 00000000 00:00 0 
7f648023a000-7f6484000000 ---p 00000000 00:00 0 
7f6484000000-7f64841ca000 rw-p 00000000 00:00 0 
7f64841ca000-7f6488000000 ---p 00000000 00:00 0 
7f6488000000-7f6488100000 rw-p 00000000 00:00 0 
7f6488200000-7f6488300000 rw-p 00000000 00:00 0 
7f6488400000-7f6488500000 rw-p 00000000 00:00 0 
7f64885ff000-7f6488603000 ---p 00000000 00:00 0 
7f6488603000-7f6488800000 rw-p 00000000 00:00 0 
7f6488900000-7f6488a00000 rw-p 00000000 00:00 0 
7f6488b00000-7f6488c00000 rw-p 00000000 00:00 0 
7f6488d00000-7f6488e00000 rw-p 00000000 00:00 0 
7f6488f00000-7f6489000000 rw-p 00000000 00:00 0 
7f64890ff000-7f6489103000 ---p 00000000 00:00 0 
7f6489103000-7f6489300000 rw-p 00000000 00:00 0 
7f6489400000-7f6489500000 rw-p 00000000 00:00 0 
7f6489600000-7f6489700000 rw-p 00000000 00:00 0 
7f6489800000-7f6489900000 rw-p 00000000 00:00 0 
7f6489a00000-7f6489b00000 rw-p 00000000 00:00 0 
7f6489c00000-7f6489d00000 rw-p 00000000 00:00 0 
7f6489e00000-7f6489f00000 rw-p 00000000 00:00 0 
7f648a000000-7f648a100000 rw-p 00000000 00:00 0 
7f648a200000-7f648a300000 rw-p 00000000 00:00 0 
7f648a400000-7f648a500000 rw-p 00000000 00:00 0 
7f648a600000-7f648a700000 rw-p 00000000 00:00 0 
7f648a800000-7f648a900000 rw-p 00000000 00:00 0 
7f648aa00000-7f648ab00000 rw-p 00000000 00:00 0 
7f648ac00000-7f648ad00000 rw-p 00000000 00:00 0 
7f648ae00000-7f648af00000 rw-p 00000000 00:00 0 
7f648b000000-7f648b100000 rw-p 00000000 00:00 0 
7f648b200000-7f648b300000 rw-p 00000000 00:00 0 
7f648b400000-7f648b500000 rw-p 00000000 00:00 0 
7f648b600000-7f648b700000 rw-p 00000000 00:00 0 
7f648b800000-7f648b900000 rw-p 00000000 00:00 0 
7f648ba00000-7f648bb00000 rw-p 00000000 00:00 0 
7f648bc00000-7f648bd00000 rw-p 00000000 00:00 0 
7f648be00000-7f648bf00000 rw-p 00000000 00:00 0 
7f648c000000-7f648c2d3000 rw-p 00000000 00:00 0 
7f648c2d3000-7f6490000000 ---p 00000000 00:00 0 
7f6490100000-7f6490200000 rw-p 00000000 00:00 0 
7f6490300000-7f6490400000 rw-p 00000000 00:00 0 
7f6490500000-7f6490600000 rw-p 00000000 00:00 0 
7f6490700000-7f6490800000 rw-p 00000000 00:00 0 
7f6490900000-7f6490a00000 ---p 00000000 00:00 0 
7f6490a00000-7f649105f000 r--p 01362000 103:02 51870081                  /home/a4090/miniconda3/envs/auto_pose/lib/jvm/lib/libjvmcicompiler.so
7f649105f000-7f6491200000 r--p 00000000 00:00 0 
7f6491200000-7f649120e000 rw-p 00000000 00:00 0 
7f649120e000-7f6491763000 rw-p 01b70000 103:02 51870081                  /home/a4090/miniconda3/envs/auto_pose/lib/jvm/lib/libjvmcicompiler.so
7f6491763000-7f6491bdd000 r--p 020c5000 103:02 51870081                  /home/a4090/miniconda3/envs/auto_pose/lib/jvm/lib/libjvmcicompiler.so
7f6491bff000-7f6491c03000 ---p 00000000 00:00 0 
7f6491c03000-7f6491e00000 rw-p 00000000 00:00 0 
7f6491f00000-7f6492000000 rw-p 00000000 00:00 0 
7f6492100000-7f6492200000 rw-p 00000000 00:00 0 
7f6492300000-7f6492400000 rw-p 00000000 00:00 0 
7f6492500000-7f6492600000 rw-p 00000000 00:00 0 
7f6492700000-7f6492800000 ---p 00000000 00:00 0 
7f6492800000-7f6492e5f000 r--p 01362000 103:02 51870081                  /home/a4090/miniconda3/envs/auto_pose/lib/jvm/lib/libjvmcicompiler.so
7f6492e5f000-7f6493000000 r--p 00000000 00:00 0 
7f6493000000-7f649300e000 rw-p 00000000 00:00 0 
7f649300e000-7f6493563000 rw-p 01b70000 103:02 51870081                  /home/a4090/miniconda3/envs/auto_pose/lib/jvm/lib/libjvmcicompiler.so
7f6493563000-7f64939dd000 r--p 020c5000 103:02 51870081                  /home/a4090/miniconda3/envs/auto_pose/lib/jvm/lib/libjvmcicompiler.so
7f6493a00000-7f6493b00000 rw-p 00000000 00:00 0 
7f6493bff000-7f6493c03000 ---p 00000000 00:00 0 
7f6493c03000-7f6493e00000 rw-p 00000000 00:00 0 
7f6493f00000-7f6494000000 rw-p 00000000 00:00 0 
7f6494100000-7f6494200000 rw-p 00000000 00:00 0 
7f6494300000-7f6494400000 rw-p 00000000 00:00 0 
7f6494500000-7f6494600000 rw-p 00000000 00:00 0 
7f6494700000-7f6494800000 rw-p 00000000 00:00 0 
7f6494900000-7f6494a00000 rw-p 00000000 00:00 0 
7f6494b00000-7f6494c00000 rw-p 00000000 00:00 0 
7f6494d00000-7f6494e00000 rw-p 00000000 00:00 0 
7f6494f00000-7f6495000000 rw-p 00000000 00:00 0 
7f6495100000-7f6495200000 rw-p 00000000 00:00 0 
7f6495300000-7f6495400000 rw-p 00000000 00:00 0 
7f6495500000-7f6495600000 rw-p 00000000 00:00 0 
7f6495700000-7f6495800000 rw-p 00000000 00:00 0 
7f6495900000-7f6495a00000 rw-p 00000000 00:00 0 
7f6495b00000-7f6495c00000 rw-p 00000000 00:00 0 
7f6495d00000-7f6495e00000 rw-p 00000000 00:00 0 
7f6495f00000-7f6496000000 rw-p 00000000 00:00 0 
7f6496100000-7f6496200000 rw-p 00000000 00:00 0 
7f6496300000-7f6496400000 rw-p 00000000 00:00 0 
7f6496500000-7f6496600000 rw-p 00000000 00:00 0 
7f6496700000-7f6496800000 rw-p 00000000 00:00 0 
7f6496900000-7f6496a00000 rw-p 00000000 00:00 0 
7f6496b00000-7f6496c00000 rw-p 00000000 00:00 0 
7f6496d00000-7f6496e00000 ---p 00000000 00:00 0 
7f6496e00000-7f649745f000 r--p 01362000 103:02 51870081                  /home/a4090/miniconda3/envs/auto_pose/lib/jvm/lib/libjvmcicompiler.so
7f649745f000-7f6497600000 r--p 00000000 00:00 0 
7f6497600000-7f649760e000 rw-p 00000000 00:00 0 
7f649760e000-7f6497b63000 rw-p 01b70000 103:02 51870081                  /home/a4090/miniconda3/envs/auto_pose/lib/jvm/lib/libjvmcicompiler.so
7f6497b63000-7f6497fdd000 r--p 020c5000 103:02 51870081                  /home/a4090/miniconda3/envs/auto_pose/lib/jvm/lib/libjvmcicompiler.so
7f6498000000-7f6498516000 rw-p 00000000 00:00 0 
7f6498516000-7f649c000000 ---p 00000000 00:00 0 
7f649c000000-7f649c233000 rw-p 00000000 00:00 0 
7f649c233000-7f64a0000000 ---p 00000000 00:00 0 
7f64a0100000-7f64a0200000 rw-p 00000000 00:00 0 
7f64a0300000-7f64a0400000 rw-p 00000000 00:00 0 
7f64a0500000-7f64a0600000 rw-p 00000000 00:00 0 
7f64a0700000-7f64a0800000 rw-p 00000000 00:00 0 
7f64a0900000-7f64a0a00000 rw-p 00000000 00:00 0 
7f64a0b00000-7f64a0c00000 rw-p 00000000 00:00 0 
7f64a0d00000-7f64a0e00000 rw-p 00000000 00:00 0 
7f64a0f00000-7f64a1000000 rw-p 00000000 00:00 0 
7f64a10ff000-7f64a1103000 ---p 00000000 00:00 0 
7f64a1103000-7f64a1300000 rw-p 00000000 00:00 0 
7f64a1400000-7f64a1500000 rw-p 00000000 00:00 0 
7f64a1600000-7f64a1700000 rw-p 00000000 00:00 0 
7f64a1800000-7f64a1900000 rw-p 00000000 00:00 0 
7f64a1a00000-7f64a1b00000 rw-p 00000000 00:00 0 
7f64a1c00000-7f64a1d00000 rw-p 00000000 00:00 0 
7f64a1e00000-7f64a1f00000 rw-p 00000000 00:00 0 
7f64a2000000-7f64a2100000 rw-p 00000000 00:00 0 
7f64a2200000-7f64a2300000 rw-p 00000000 00:00 0 
7f64a2400000-7f64a2500000 rw-p 00000000 00:00 0 
7f64a2600000-7f64a2700000 rw-p 00000000 00:00 0 
7f64a2800000-7f64a2900000 rw-p 00000000 00:00 0 
7f64a2a00000-7f64a2b00000 rw-p 00000000 00:00 0 
7f64a2c00000-7f64a2d00000 rw-p 00000000 00:00 0 
7f64a2e00000-7f64a2f00000 rw-p 00000000 00:00 0 
7f64a3000000-7f64a3100000 rw-p 00000000 00:00 0 
7f64a3200000-7f64a3300000 rw-p 00000000 00:00 0 
7f64a3400000-7f64a3500000 rw-p 00000000 00:00 0 
7f64a3600000-7f64a3700000 rw-p 00000000 00:00 0 
7f64a3800000-7f64a3900000 rw-p 00000000 00:00 0 
7f64a3a00000-7f64a3b00000 rw-p 00000000 00:00 0 
7f64a3c00000-7f64a3d00000 rw-p 00000000 00:00 0 
7f64a3e00000-7f64a3f00000 rw-p 00000000 00:00 0 
7f64a4000000-7f64a42bf000 rw-p 00000000 00:00 0 
7f64a42bf000-7f64a8000000 ---p 00000000 00:00 0 
7f64a8000000-7f64a8021000 rw-p 00000000 00:00 0 
7f64a8021000-7f64ac000000 ---p 00000000 00:00 0 
7f64ac000000-7f64ac100000 rw-p 00000000 00:00 0 
7f64ac200000-7f64ac300000 rw-p 00000000 00:00 0 
7f64ac400000-7f64ac500000 rw-p 00000000 00:00 0 
7f64ac600000-7f64ac700000 rw-p 00000000 00:00 0 
7f64ac800000-7f64ac900000 rw-p 00000000 00:00 0 
7f64aca00000-7f64acb00000 rw-p 00000000 00:00 0 
7f64acc00000-7f64acd00000 rw-p 00000000 00:00 0 
7f64ace00000-7f64acf00000 rw-p 00000000 00:00 0 
7f64ad000000-7f64ad100000 rw-p 00000000 00:00 0 
7f64ad200000-7f64ad300000 rw-p 00000000 00:00 0 
7f64ad400000-7f64ad500000 ---p 00000000 00:00 0 
7f64ad500000-7f64adb5f000 r--p 01362000 103:02 51870081                  /home/a4090/miniconda3/envs/auto_pose/lib/jvm/lib/libjvmcicompiler.so
7f64adb5f000-7f64add00000 r--p 00000000 00:00 0 
7f64add00000-7f64add0e000 rw-p 00000000 00:00 0 
7f64add0e000-7f64ae263000 rw-p 01b70000 103:02 51870081                  /home/a4090/miniconda3/envs/auto_pose/lib/jvm/lib/libjvmcicompiler.so
7f64ae263000-7f64ae6dd000 r--p 020c5000 103:02 51870081                  /home/a4090/miniconda3/envs/auto_pose/lib/jvm/lib/libjvmcicompiler.so
7f64ae700000-7f64ae800000 ---p 00000000 00:00 0 
7f64ae800000-7f64aee5f000 r--p 01362000 103:02 51870081                  /home/a4090/miniconda3/envs/auto_pose/lib/jvm/lib/libjvmcicompiler.so
7f64aee5f000-7f64af000000 r--p 00000000 00:00 0 
7f64af000000-7f64af00e000 rw-p 00000000 00:00 0 
7f64af00e000-7f64af563000 rw-p 01b70000 103:02 51870081                  /home/a4090/miniconda3/envs/auto_pose/lib/jvm/lib/libjvmcicompiler.so
7f64af563000-7f64af9dd000 r--p 020c5000 103:02 51870081                  /home/a4090/miniconda3/envs/auto_pose/lib/jvm/lib/libjvmcicompiler.so
7f64afa00000-7f64afb00000 rw-p 00000000 00:00 0 
7f64afc00000-7f64afd00000 rw-p 00000000 00:00 0 
7f64afe00000-7f64aff00000 rw-p 00000000 00:00 0 
7f64b0000000-7f64b0021000 rw-p 00000000 00:00 0 
7f64b0021000-7f64b4000000 ---p 00000000 00:00 0 
7f64b4000000-7f64b4021000 rw-p 00000000 00:00 0 
7f64b4021000-7f64b8000000 ---p 00000000 00:00 0 
7f64b8000000-7f64b8021000 rw-p 00000000 00:00 0 
7f64b8021000-7f64bc000000 ---p 00000000 00:00 0 
7f64bc000000-7f64bc021000 rw-p 00000000 00:00 0 
7f64bc021000-7f64c0000000 ---p 00000000 00:00 0 
7f64c0000000-7f64c00cf000 rw-p 00000000 00:00 0 
7f64c00cf000-7f64c4000000 ---p 00000000 00:00 0 
7f64c4100000-7f64c4200000 rw-p 00000000 00:00 0 
7f64c4300000-7f64c4400000 rw-p 00000000 00:00 0 
7f64c44f6000-7f64c44f7000 ---p 00000000 00:00 0 
7f64c44f7000-7f64c45f8000 rw-p 00000000 00:00 0 
7f64c45f8000-7f64c45f9000 ---p 00000000 00:00 0 
7f64c45f9000-7f64c46fa000 rw-p 00000000 00:00 0 
7f64c46fa000-7f64c46fb000 ---p 00000000 00:00 0 
7f64c46fb000-7f64c47fc000 rw-p 00000000 00:00 0 
7f64c47fc000-7f64c47fd000 ---p 00000000 00:00 0 
7f64c47fd000-7f64c48fe000 rw-p 00000000 00:00 0 
7f64c48fe000-7f64c48ff000 ---p 00000000 00:00 0 
7f64c48ff000-7f64c4b00000 rw-p 00000000 00:00 0 
7f64c4c00000-7f64c4d00000 rw-p 00000000 00:00 0 
7f64c4e00000-7f64c4f00000 rw-p 00000000 00:00 0 
7f64c5000000-7f64c5100000 rw-p 00000000 00:00 0 
7f64c5200000-7f64c5300000 rw-p 00000000 00:00 0 
7f64c5400000-7f64c5500000 rw-p 00000000 00:00 0 
7f64c5600000-7f64c5700000 rw-p 00000000 00:00 0 
7f64c5800000-7f64c5900000 rw-p 00000000 00:00 0 
7f64c5a00000-7f64c5b00000 rw-p 00000000 00:00 0 
7f64c5c00000-7f64c5d00000 rw-p 00000000 00:00 0 
7f64c5e00000-7f64c5f00000 rw-p 00000000 00:00 0 
7f64c6000000-7f64c6100000 rw-p 00000000 00:00 0 
7f64c6200000-7f64c6300000 rw-p 00000000 00:00 0 
7f64c6400000-7f64c6500000 rw-p 00000000 00:00 0 
7f64c6600000-7f64c6700000 rw-p 00000000 00:00 0 
7f64c6800000-7f64c6900000 rw-p 00000000 00:00 0 
7f64c6a00000-7f64c6b00000 ---p 00000000 00:00 0 
7f64c6b00000-7f64c715f000 r--p 01362000 103:02 51870081                  /home/a4090/miniconda3/envs/auto_pose/lib/jvm/lib/libjvmcicompiler.so
7f64c715f000-7f64c7300000 r--p 00000000 00:00 0 
7f64c7300000-7f64c730e000 rw-p 00000000 00:00 0 
7f64c730e000-7f64c7863000 rw-p 01b70000 103:02 51870081                  /home/a4090/miniconda3/envs/auto_pose/lib/jvm/lib/libjvmcicompiler.so
7f64c7863000-7f64c7cdd000 r--p 020c5000 103:02 51870081                  /home/a4090/miniconda3/envs/auto_pose/lib/jvm/lib/libjvmcicompiler.so
7f64c7cff000-7f64c7d03000 ---p 00000000 00:00 0 
7f64c7d03000-7f64c7f00000 rw-p 00000000 00:00 0 
7f64c8000000-7f64c81ab000 rw-p 00000000 00:00 0 
7f64c81ab000-7f64cc000000 ---p 00000000 00:00 0 
7f64cc000000-7f64cc100000 rw-p 00000000 00:00 0 
7f64cc200000-7f64cc300000 rw-p 00000000 00:00 0 
7f64cc400000-7f64cc500000 rw-p 00000000 00:00 0 
7f64cc600000-7f64cc700000 rw-p 00000000 00:00 0 
7f64cc800000-7f64cc900000 rw-p 00000000 00:00 0 
7f64cca00000-7f64ccb00000 rw-p 00000000 00:00 0 
7f64ccc00000-7f64ccd00000 rw-p 00000000 00:00 0 
7f64cce00000-7f64ccf00000 rw-p 00000000 00:00 0 
7f64cd000000-7f64cd100000 ---p 00000000 00:00 0 
7f64cd100000-7f64cd75f000 r--p 01362000 103:02 51870081                  /home/a4090/miniconda3/envs/auto_pose/lib/jvm/lib/libjvmcicompiler.so
7f64cd75f000-7f64cd900000 r--p 00000000 00:00 0 
7f64cd900000-7f64cd90e000 rw-p 00000000 00:00 0 
7f64cd90e000-7f64cde63000 rw-p 01b70000 103:02 51870081                  /home/a4090/miniconda3/envs/auto_pose/lib/jvm/lib/libjvmcicompiler.so
7f64cde63000-7f64ce2dd000 r--p 020c5000 103:02 51870081                  /home/a4090/miniconda3/envs/auto_pose/lib/jvm/lib/libjvmcicompiler.so
7f64ce2ff000-7f64ce303000 ---p 00000000 00:00 0 
7f64ce303000-7f64ce500000 rw-p 00000000 00:00 0 
7f64ce600000-7f64ce700000 rw-p 00000000 00:00 0 
7f64ce800000-7f64ce900000 rw-p 00000000 00:00 0 
7f64cea00000-7f64ceb00000 rw-p 00000000 00:00 0 
7f64cec00000-7f64ced00000 rw-p 00000000 00:00 0 
7f64cee00000-7f64cef00000 rw-p 00000000 00:00 0 
7f64cf000000-7f64cf100000 rw-p 00000000 00:00 0 
7f64cf200000-7f64cf300000 rw-p 00000000 00:00 0 
7f64cf400000-7f64cf500000 rw-p 00000000 00:00 0 
7f64cf600000-7f64cf700000 rw-p 00000000 00:00 0 
7f64cf800000-7f64cf900000 rw-p 00000000 00:00 0 
7f64cfa00000-7f64cfb00000 rw-p 00000000 00:00 0 
7f64cfc00000-7f64cfd00000 rw-p 00000000 00:00 0 
7f64cfe00000-7f64cff00000 rw-p 00000000 00:00 0 
7f64d0000000-7f64d0021000 rw-p 00000000 00:00 0 
7f64d0021000-7f64d4000000 ---p 00000000 00:00 0 
7f64d4000000-7f64d4021000 rw-p 00000000 00:00 0 
7f64d4021000-7f64d8000000 ---p 00000000 00:00 0 
7f64d8000000-7f64d8021000 rw-p 00000000 00:00 0 
7f64d8021000-7f64dc000000 ---p 00000000 00:00 0 
7f64dc000000-7f64dc021000 rw-p 00000000 00:00 0 
7f64dc021000-7f64e0000000 ---p 00000000 00:00 0 
7f64e0000000-7f64e0021000 rw-p 00000000 00:00 0 
7f64e0021000-7f64e4000000 ---p 00000000 00:00 0 
7f64e4000000-7f64e4021000 rw-p 00000000 00:00 0 
7f64e4021000-7f64e8000000 ---p 00000000 00:00 0 
7f64e8000000-7f64e8021000 rw-p 00000000 00:00 0 
7f64e8021000-7f64ec000000 ---p 00000000 00:00 0 
7f64ec000000-7f64ec021000 rw-p 00000000 00:00 0 
7f64ec021000-7f64f0000000 ---p 00000000 00:00 0 
7f64f0000000-7f64f0100000 rw-p 00000000 00:00 0 
7f64f0200000-7f64f0300000 rw-p 00000000 00:00 0 
7f64f0400000-7f64f0500000 rw-p 00000000 00:00 0 
7f64f0600000-7f64f0700000 rw-p 00000000 00:00 0 
7f64f0800000-7f64f0900000 rw-p 00000000 00:00 0 
7f64f0a00000-7f64f0b00000 rw-p 00000000 00:00 0 
7f64f0c00000-7f64f0d00000 rw-p 00000000 00:00 0 
7f64f0e00000-7f64f0f00000 rw-p 00000000 00:00 0 
7f64f0fff000-7f64f1003000 ---p 00000000 00:00 0 
7f64f1003000-7f64f1100000 rw-p 00000000 00:00 0 
7f64f1200000-7f64f1300000 rw-p 00000000 00:00 0 
7f64f1400000-7f64f1500000 rw-p 00000000 00:00 0 
7f64f1600000-7f64f1700000 rw-p 00000000 00:00 0 
7f64f1800000-7f64f1900000 rw-p 00000000 00:00 0 
7f64f19ff000-7f64f1a03000 ---p 00000000 00:00 0 
7f64f1a03000-7f64f1c00000 rw-p 00000000 00:00 0 
7f64f1d00000-7f64f1e00000 rw-p 00000000 00:00 0 
7f64f1f00000-7f64f2000000 rw-p 00000000 00:00 0 
7f64f2100000-7f64f2200000 rw-p 00000000 00:00 0 
7f64f2300000-7f64f2400000 rw-p 00000000 00:00 0 
7f64f2500000-7f64f2600000 rw-p 00000000 00:00 0 
7f64f2700000-7f64f2800000 rw-p 00000000 00:00 0 
7f64f2900000-7f64f2a00000 rw-p 00000000 00:00 0 
7f64f2b00000-7f64f2c00000 rw-p 00000000 00:00 0 
7f64f2d00000-7f64f2e00000 rw-p 00000000 00:00 0 
7f64f2f00000-7f64f3000000 rw-p 00000000 00:00 0 
7f64f3100000-7f64f3200000 rw-p 00000000 00:00 0 
7f64f3300000-7f64f3400000 rw-p 00000000 00:00 0 
7f64f34fe000-7f64f34ff000 ---p 00000000 00:00 0 
7f64f34ff000-7f64f3600000 rw-p 00000000 00:00 0 
7f64f36f9000-7f64f36fd000 ---p 00000000 00:00 0 
7f64f36fd000-7f64f37fa000 rw-p 00000000 00:00 0 
7f64f37fa000-7f64f37fb000 ---p 00000000 00:00 0 
7f64f37fb000-7f64f38fc000 rw-p 00000000 00:00 0 
7f64f38fc000-7f64f38fd000 ---p 00000000 00:00 0 
7f64f38fd000-7f64f39fe000 rw-p 00000000 00:00 0 
7f64f39fe000-7f64f39ff000 ---p 00000000 00:00 0 
7f64f39ff000-7f64f3b00000 rw-p 00000000 00:00 0 
7f64f3bf1000-7f64f3cfa000 rw-p 00000000 00:00 0 
7f64f3cfa000-7f64f3cfb000 ---p 00000000 00:00 0 
7f64f3cfb000-7f64f3dfc000 rw-p 00000000 00:00 0 
7f64f3dfc000-7f64f3dfd000 ---p 00000000 00:00 0 
7f64f3dfd000-7f64f3efe000 rw-p 00000000 00:00 0 
7f64f3efe000-7f64f3eff000 ---p 00000000 00:00 0 
7f64f3eff000-7f64f4000000 rw-p 00000000 00:00 0 
7f64f4000000-7f64f4021000 rw-p 00000000 00:00 0 
7f64f4021000-7f64f8000000 ---p 00000000 00:00 0 
7f64f8000000-7f64f8021000 rw-p 00000000 00:00 0 
7f64f8021000-7f64fc000000 ---p 00000000 00:00 0 
7f64fc000000-7f64fc021000 rw-p 00000000 00:00 0 
7f64fc021000-7f6500000000 ---p 00000000 00:00 0 
7f6500000000-7f6500021000 rw-p 00000000 00:00 0 
7f6500021000-7f6504000000 ---p 00000000 00:00 0 
7f6504000000-7f6504052000 rw-p 00000000 00:00 0 
7f6504052000-7f6508000000 ---p 00000000 00:00 0 
7f6508000000-7f6508021000 rw-p 00000000 00:00 0 
7f6508021000-7f650c000000 ---p 00000000 00:00 0 
7f650c000000-7f650c021000 rw-p 00000000 00:00 0 
7f650c021000-7f6510000000 ---p 00000000 00:00 0 
7f6510000000-7f6510021000 rw-p 00000000 00:00 0 
7f6510021000-7f6514000000 ---p 00000000 00:00 0 
7f6514000000-7f6514021000 rw-p 00000000 00:00 0 
7f6514021000-7f6518000000 ---p 00000000 00:00 0 
7f6518000000-7f6518021000 rw-p 00000000 00:00 0 
7f6518021000-7f651c000000 ---p 00000000 00:00 0 
7f651c000000-7f651c021000 rw-p 00000000 00:00 0 
7f651c021000-7f6520000000 ---p 00000000 00:00 0 
7f6520000000-7f6520021000 rw-p 00000000 00:00 0 
7f6520021000-7f6524000000 ---p 00000000 00:00 0 
7f6524000000-7f6524021000 rw-p 00000000 00:00 0 
7f6524021000-7f6528000000 ---p 00000000 00:00 0 
7f6528000000-7f6528021000 rw-p 00000000 00:00 0 
7f6528021000-7f652c000000 ---p 00000000 00:00 0 
7f652c000000-7f652c021000 rw-p 00000000 00:00 0 
7f652c021000-7f6530000000 ---p 00000000 00:00 0 
7f6530000000-7f6530021000 rw-p 00000000 00:00 0 
7f6530021000-7f6534000000 ---p 00000000 00:00 0 
7f6534000000-7f6534021000 rw-p 00000000 00:00 0 
7f6534021000-7f6538000000 ---p 00000000 00:00 0 
7f6538000000-7f6538021000 rw-p 00000000 00:00 0 
7f6538021000-7f653c000000 ---p 00000000 00:00 0 
7f653c000000-7f653c021000 rw-p 00000000 00:00 0 
7f653c021000-7f6540000000 ---p 00000000 00:00 0 
7f6540000000-7f6540188000 rw-p 00000000 00:00 0 
7f6540188000-7f6544000000 ---p 00000000 00:00 0 
7f65440d8000-7f65440d9000 ---p 00000000 00:00 0 
7f65440d9000-7f65441da000 rw-p 00000000 00:00 0 
7f65441da000-7f65441db000 ---p 00000000 00:00 0 
7f65441db000-7f65442dc000 rw-p 00000000 00:00 0 
7f65442dc000-7f65442dd000 ---p 00000000 00:00 0 
7f65442dd000-7f65443de000 rw-p 00000000 00:00 0 
7f65443de000-7f65443df000 ---p 00000000 00:00 0 
7f65443df000-7f65444e0000 rw-p 00000000 00:00 0 
7f65444e0000-7f65444e1000 ---p 00000000 00:00 0 
7f65444e1000-7f65445e2000 rw-p 00000000 00:00 0 
7f65445e2000-7f65445e3000 ---p 00000000 00:00 0 
7f65445e3000-7f65446e4000 rw-p 00000000 00:00 0 
7f65446e4000-7f65446e5000 ---p 00000000 00:00 0 
7f65446e5000-7f65447e6000 rw-p 00000000 00:00 0 
7f65447e6000-7f65447e7000 ---p 00000000 00:00 0 
7f65447e7000-7f65448e8000 rw-p 00000000 00:00 0 
7f65448e8000-7f65448e9000 ---p 00000000 00:00 0 
7f65448e9000-7f65449ea000 rw-p 00000000 00:00 0 
7f65449ea000-7f65449eb000 ---p 00000000 00:00 0 
7f65449eb000-7f6544aec000 rw-p 00000000 00:00 0 
7f6544aec000-7f6544aed000 ---p 00000000 00:00 0 
7f6544aed000-7f6544bee000 rw-p 00000000 00:00 0 
7f6544bee000-7f6544bef000 ---p 00000000 00:00 0 
7f6544bef000-7f6544cf0000 rw-p 00000000 00:00 0 
7f6544cf0000-7f6544cf1000 ---p 00000000 00:00 0 
7f6544cf1000-7f6544df2000 rw-p 00000000 00:00 0 
7f6544df2000-7f6544df3000 ---p 00000000 00:00 0 
7f6544df3000-7f6544ef4000 rw-p 00000000 00:00 0 
7f6544ef4000-7f6544ef5000 ---p 00000000 00:00 0 
7f6544ef5000-7f6544ff6000 rw-p 00000000 00:00 0 
7f6544ff6000-7f6544ff7000 ---p 00000000 00:00 0 
7f6544ff7000-7f65450f8000 rw-p 00000000 00:00 0 
7f65450f8000-7f65450f9000 ---p 00000000 00:00 0 
7f65450f9000-7f65451fa000 rw-p 00000000 00:00 0 
7f65451fa000-7f65451fb000 ---p 00000000 00:00 0 
7f65451fb000-7f65452fc000 rw-p 00000000 00:00 0 
7f65452fc000-7f65452fd000 ---p 00000000 00:00 0 
7f65452fd000-7f65453fe000 rw-p 00000000 00:00 0 
7f65453fe000-7f65453ff000 ---p 00000000 00:00 0 
7f65453ff000-7f6545600000 rw-p 00000000 00:00 0 
7f6545700000-7f6545800000 rw-p 00000000 00:00 0 
7f6545900000-7f6545a00000 rw-p 00000000 00:00 0 
7f6545b00000-7f6545c00000 rw-p 00000000 00:00 0 
7f6545d00000-7f6545e00000 rw-p 00000000 00:00 0 
7f6545f00000-7f6546000000 rw-p 00000000 00:00 0 
7f6546100000-7f6546200000 rw-p 00000000 00:00 0 
7f6546300000-7f6546400000 rw-p 00000000 00:00 0 
7f6546500000-7f6546600000 rw-p 00000000 00:00 0 
7f6546700000-7f6546800000 rw-p 00000000 00:00 0 
7f6546900000-7f6546a00000 rw-p 00000000 00:00 0 
7f6546b00000-7f6546c00000 rw-p 00000000 00:00 0 
7f6546d00000-7f6546e00000 ---p 00000000 00:00 0 
7f6546e00000-7f654745f000 r--p 01362000 103:02 51870081                  /home/a4090/miniconda3/envs/auto_pose/lib/jvm/lib/libjvmcicompiler.so
7f654745f000-7f6547600000 r--p 00000000 00:00 0 
7f6547600000-7f654760e000 rw-p 00000000 00:00 0 
7f654760e000-7f6547b63000 rw-p 01b70000 103:02 51870081                  /home/a4090/miniconda3/envs/auto_pose/lib/jvm/lib/libjvmcicompiler.so
7f6547b63000-7f6547fdd000 r--p 020c5000 103:02 51870081                  /home/a4090/miniconda3/envs/auto_pose/lib/jvm/lib/libjvmcicompiler.so
7f6548000000-7f654828c000 rw-p 00000000 00:00 0 
7f654828c000-7f654c000000 ---p 00000000 00:00 0 
7f654c000000-7f654c26e000 rw-p 00000000 00:00 0 
7f654c26e000-7f6550000000 ---p 00000000 00:00 0 
7f6550000000-7f6550021000 rw-p 00000000 00:00 0 
7f6550021000-7f6554000000 ---p 00000000 00:00 0 
7f6554000000-7f65542bc000 rw-p 00000000 00:00 0 
7f65542bc000-7f6558000000 ---p 00000000 00:00 0 
7f6558000000-7f6558372000 rw-p 00000000 00:00 0 
7f6558372000-7f655c000000 ---p 00000000 00:00 0 
7f655c100000-7f655c200000 rw-p 00000000 00:00 0 
7f655c300000-7f655c400000 rw-p 00000000 00:00 0 
7f655c500000-7f655c600000 rw-p 00000000 00:00 0 
7f655c700000-7f655c800000 rw-p 00000000 00:00 0 
7f655c8fc000-7f655c900000 ---p 00000000 00:00 0 
7f655c900000-7f655c9fd000 rw-p 00000000 00:00 0 
7f655c9fd000-7f655ca01000 ---p 00000000 00:00 0 
7f655ca01000-7f655cbfe000 rw-p 00000000 00:00 0 
7f655cbfe000-7f655cc02000 ---p 00000000 00:00 0 
7f655cc02000-7f655cdff000 rw-p 00000000 00:00 0 
7f655cdff000-7f655ce03000 ---p 00000000 00:00 0 
7f655ce03000-7f655d100000 rw-p 00000000 00:00 0 
7f655d200000-7f655d300000 rw-p 00000000 00:00 0 
7f655d400000-7f655d500000 rw-p 00000000 00:00 0 
7f655d600000-7f655d700000 rw-p 00000000 00:00 0 
7f655d800000-7f655d900000 rw-p 00000000 00:00 0 
7f655da00000-7f655db00000 rw-p 00000000 00:00 0 
7f655dc00000-7f655dd00000 rw-p 00000000 00:00 0 
7f655de00000-7f655df00000 rw-p 00000000 00:00 0 
7f655e000000-7f655e100000 rw-p 00000000 00:00 0 
7f655e200000-7f655e300000 rw-p 00000000 00:00 0 
7f655e400000-7f655e500000 rw-p 00000000 00:00 0 
7f655e600000-7f655e700000 rw-p 00000000 00:00 0 
7f655e800000-7f655e900000 rw-p 00000000 00:00 0 
7f655ea00000-7f655eb00000 rw-p 00000000 00:00 0 
7f655ec00000-7f655ed00000 rw-p 00000000 00:00 0 
7f655ee00000-7f655ef00000 rw-p 00000000 00:00 0 
7f655efff000-7f655f003000 ---p 00000000 00:00 0 
7f655f003000-7f655f300000 rw-p 00000000 00:00 0 
7f655f400000-7f655f500000 rw-p 00000000 00:00 0 
7f655f600000-7f655f700000 rw-p 00000000 00:00 0 
7f655f800000-7f655f900000 rw-p 00000000 00:00 0 
7f655fa00000-7f655fb00000 rw-p 00000000 00:00 0 
7f655fc00000-7f655fd00000 rw-p 00000000 00:00 0 
7f655fe00000-7f655ff00000 rw-p 00000000 00:00 0 
7f6560000000-7f6560100000 rw-p 00000000 00:00 0 
7f6560200000-7f6560300000 rw-p 00000000 00:00 0 
7f6560400000-7f6560500000 rw-p 00000000 00:00 0 
7f6560600000-7f6560700000 rw-p 00000000 00:00 0 
7f6560800000-7f6560900000 rw-p 00000000 00:00 0 
7f6560a00000-7f6560b00000 rw-p 00000000 00:00 0 
7f6560c00000-7f6560d00000 rw-p 00000000 00:00 0 
7f6560e00000-7f6560f00000 rw-p 00000000 00:00 0 
7f6561000000-7f6561100000 rw-p 00000000 00:00 0 
7f6561200000-7f6561300000 rw-p 00000000 00:00 0 
7f6561400000-7f6561500000 rw-p 00000000 00:00 0 
7f6561600000-7f6561700000 rw-p 00000000 00:00 0 
7f6561800000-7f6561900000 rw-p 00000000 00:00 0 
7f6561a00000-7f6561b00000 rw-p 00000000 00:00 0 
7f6561c00000-7f6561d00000 rw-p 00000000 00:00 0 
7f6561e00000-7f6561f00000 rw-p 00000000 00:00 0 
7f6562000000-7f6562100000 rw-p 00000000 00:00 0 
7f6562200000-7f6562300000 rw-p 00000000 00:00 0 
7f6562400000-7f6562500000 rw-p 00000000 00:00 0 
7f6562600000-7f6562700000 rw-p 00000000 00:00 0 
7f6562800000-7f6562900000 rw-p 00000000 00:00 0 
7f6562a00000-7f6562b00000 rw-p 00000000 00:00 0 
7f6562c00000-7f6562d00000 rw-p 00000000 00:00 0 
7f6562e00000-7f6562f00000 rw-p 00000000 00:00 0 
7f6563000000-7f6563100000 rw-p 00000000 00:00 0 
7f6563200000-7f6563300000 rw-p 00000000 00:00 0 
7f6563400000-7f6563500000 rw-p 00000000 00:00 0 
7f6563600000-7f6563700000 rw-p 00000000 00:00 0 
7f6563800000-7f6563900000 rw-p 00000000 00:00 0 
7f6563a00000-7f6563b00000 rw-p 00000000 00:00 0 
7f6563c00000-7f6563d00000 rw-p 00000000 00:00 0 
7f6563e00000-7f6563f00000 rw-p 00000000 00:00 0 
7f6563f37000-7f6563fa7000 rw-p 00000000 00:00 0 
7f6564000000-7f656404e000 rw-p 00000000 00:00 0 
7f656404e000-7f6568000000 ---p 00000000 00:00 0 
7f6568000000-7f656808e000 rw-p 00000000 00:00 0 
7f656808e000-7f656c000000 ---p 00000000 00:00 0 
7f656c100000-7f656c200000 rw-p 00000000 00:00 0 
7f656c300000-7f656c400000 rw-p 00000000 00:00 0 
7f656c500000-7f656c600000 ---p 00000000 00:00 0 
7f656c600000-7f656cc5f000 r--p 01362000 103:02 51870081                  /home/a4090/miniconda3/envs/auto_pose/lib/jvm/lib/libjvmcicompiler.so
7f656cc5f000-7f656ce00000 r--p 00000000 00:00 0 
7f656ce00000-7f656ce0e000 rw-p 00000000 00:00 0 
7f656ce0e000-7f656d363000 rw-p 01b70000 103:02 51870081                  /home/a4090/miniconda3/envs/auto_pose/lib/jvm/lib/libjvmcicompiler.so
7f656d363000-7f656d7dd000 r--p 020c5000 103:02 51870081                  /home/a4090/miniconda3/envs/auto_pose/lib/jvm/lib/libjvmcicompiler.so
7f656d800000-7f656d900000 ---p 00000000 00:00 0 
7f656d900000-7f656df5f000 r--p 01362000 103:02 51870081                  /home/a4090/miniconda3/envs/auto_pose/lib/jvm/lib/libjvmcicompiler.so
7f656df5f000-7f656e100000 r--p 00000000 00:00 0 
7f656e100000-7f656e10e000 rw-p 00000000 00:00 0 
7f656e10e000-7f656e663000 rw-p 01b70000 103:02 51870081                  /home/a4090/miniconda3/envs/auto_pose/lib/jvm/lib/libjvmcicompiler.so
7f656e663000-7f656eadd000 r--p 020c5000 103:02 51870081                  /home/a4090/miniconda3/envs/auto_pose/lib/jvm/lib/libjvmcicompiler.so
7f656eb00000-7f656ec00000 ---p 00000000 00:00 0 
7f656ec00000-7f656f25f000 r--p 01362000 103:02 51870081                  /home/a4090/miniconda3/envs/auto_pose/lib/jvm/lib/libjvmcicompiler.so
7f656f25f000-7f656f400000 r--p 00000000 00:00 0 
7f656f400000-7f656f40e000 rw-p 00000000 00:00 0 
7f656f40e000-7f656f963000 rw-p 01b70000 103:02 51870081                  /home/a4090/miniconda3/envs/auto_pose/lib/jvm/lib/libjvmcicompiler.so
7f656f963000-7f656fddd000 r--p 020c5000 103:02 51870081                  /home/a4090/miniconda3/envs/auto_pose/lib/jvm/lib/libjvmcicompiler.so
7f656fdff000-7f656fe03000 ---p 00000000 00:00 0 
7f656fe03000-7f6570000000 rw-p 00000000 00:00 0 
7f6570000000-7f65706cb000 rw-p 00000000 00:00 0 
7f65706cb000-7f6574000000 ---p 00000000 00:00 0 
7f6574000000-7f6574021000 rw-p 00000000 00:00 0 
7f6574021000-7f6578000000 ---p 00000000 00:00 0 
7f657808e000-7f65780fe000 rw-p 00000000 00:00 0 
7f65780fe000-7f6578102000 ---p 00000000 00:00 0 
7f6578102000-7f65782ff000 rw-p 00000000 00:00 0 
7f65782ff000-7f6578303000 ---p 00000000 00:00 0 
7f6578303000-7f6578500000 rw-p 00000000 00:00 0 
7f6578600000-7f6578700000 rw-p 00000000 00:00 0 
7f657871a000-7f6578741000 rw-p 00000000 00:00 0 
7f65787ff000-7f6578803000 ---p 00000000 00:00 0 
7f6578803000-7f6578a00000 rw-p 00000000 00:00 0 
7f6578b59000-7f6578c13000 rw-p 00000000 00:00 0 
7f6578d00000-7f6578e00000 rw-p 00000000 00:00 0 
7f6578e7b000-7f6579000000 rw-p 00000000 00:00 0 
7f6579017000-7f657903e000 rw-p 00000000 00:00 0 
7f657907b000-7f6579200000 rw-p 00000000 00:00 0 
7f6579205000-7f6579238000 rw-p 00000000 00:00 0 
7f657932f000-7f6579386000 rw-p 00000000 00:00 0 
7f65793da000-7f657945f000 rw-p 00000000 00:00 0 
7f657949a000-7f6579500000 rw-p 00000000 00:00 0 
7f6579584000-7f6579633000 rw-p 00000000 00:00 0 
7f6579647000-7f657966f000 rw-p 00000000 00:00 0 
7f6579697000-7f6579755000 rw-p 00000000 00:00 0 
7f6579758000-7f6579869000 rw-p 00000000 00:00 0 
7f657988f000-7f65798c2000 rw-p 00000000 00:00 0 
7f65798d6000-7f6579a00000 rw-p 00000000 00:00 0 
7f6579a27000-7f6579ab4000 rw-p 00000000 00:00 0 
7f6579ab4000-7f6579c37000 r--p 00000000 103:02 51870081                  /home/a4090/miniconda3/envs/auto_pose/lib/jvm/lib/libjvmcicompiler.so
7f6579c37000-7f657ae0d000 r-xp 00183000 103:02 51870081                  /home/a4090/miniconda3/envs/auto_pose/lib/jvm/lib/libjvmcicompiler.so
7f657ae0d000-7f657bff7000 r--p 01359000 103:02 51870081                  /home/a4090/miniconda3/envs/auto_pose/lib/jvm/lib/libjvmcicompiler.so
7f657bff7000-7f657bffb000 rw-p 02543000 103:02 51870081                  /home/a4090/miniconda3/envs/auto_pose/lib/jvm/lib/libjvmcicompiler.so
7f657bffb000-7f657c000000 rw-p 027b8000 103:02 51870081                  /home/a4090/miniconda3/envs/auto_pose/lib/jvm/lib/libjvmcicompiler.so
7f657c000000-7f657c43b000 rw-p 00000000 00:00 0 
7f657c43b000-7f6580000000 ---p 00000000 00:00 0 
7f6580000000-7f6580021000 rw-p 00000000 00:00 0 
7f6580021000-7f6584000000 ---p 00000000 00:00 0 
7f6584000000-7f6584521000 rw-p 00000000 00:00 0 
7f6584521000-7f6588000000 ---p 00000000 00:00 0 
7f6588000000-7f6588021000 rw-p 00000000 00:00 0 
7f6588021000-7f658c000000 ---p 00000000 00:00 0 
7f658c000000-7f658c3d5000 rw-p 00000000 00:00 0 
7f658c3d5000-7f6590000000 ---p 00000000 00:00 0 
7f6590000000-7f6590021000 rw-p 00000000 00:00 0 
7f6590021000-7f6594000000 ---p 00000000 00:00 0 
7f6594000000-7f6594021000 rw-p 00000000 00:00 0 
7f6594021000-7f6598000000 ---p 00000000 00:00 0 
7f6598000000-7f65980ad000 rw-p 00000000 00:00 0 
7f65980ad000-7f659c000000 ---p 00000000 00:00 0 
7f659c000000-7f659c021000 rw-p 00000000 00:00 0 
7f659c021000-7f65a0000000 ---p 00000000 00:00 0 
7f65a0000000-7f65a0021000 rw-p 00000000 00:00 0 
7f65a0021000-7f65a4000000 ---p 00000000 00:00 0 
7f65a4000000-7f65a4021000 rw-p 00000000 00:00 0 
7f65a4021000-7f65a8000000 ---p 00000000 00:00 0 
7f65a8000000-7f65a8021000 rw-p 00000000 00:00 0 
7f65a8021000-7f65ac000000 ---p 00000000 00:00 0 
7f65ac000000-7f65ac028000 rw-p 00000000 00:00 0 
7f65ac028000-7f65b0000000 ---p 00000000 00:00 0 
7f65b0000000-7f65b0021000 rw-p 00000000 00:00 0 
7f65b0021000-7f65b4000000 ---p 00000000 00:00 0 
7f65b4000000-7f65b4400000 rw-p 00000000 00:00 0 
7f65b4400000-7f65b4900000 rw-p 00000000 00:00 0 
7f65b4900000-7f65b4b00000 rw-p 00000000 00:00 0 
7f65b4b00000-7f65b4b80000 rw-p 00000000 00:00 0 
7f65b4b80000-7f65b4c00000 rw-p 00000000 00:00 0 
7f65b4c00000-7f65b4f00000 rw-p 00000000 00:00 0 
7f65b4f00000-7f65b5000000 rw-p 00000000 00:00 0 
7f65b5000000-7f65b5300000 rw-p 00000000 00:00 0 
7f65b5300000-7f65b53c0000 rw-p 00000000 00:00 0 
7f65b53c0000-7f65b5400000 rw-p 00000000 00:00 0 
7f65b5400000-7f65b5800000 rw-p 00000000 00:00 0 
7f65b5800000-7f65b7500000 rw-p 00000000 00:00 0 
7f65b7500000-7f65b7590000 rw-p 00000000 00:00 0 
7f65b7590000-7f65b7600000 ---p 00000000 00:00 0 
7f65b7600000-7f65b8000000 rw-p 00000000 00:00 0 
7f65b8000000-7f65b8021000 rw-p 00000000 00:00 0 
7f65b8021000-7f65bc000000 ---p 00000000 00:00 0 
7f65bc000000-7f65bc0b8000 rw-p 00000000 00:00 0 
7f65bc0ca000-7f65bc10d000 rw-p 00000000 00:00 0 
7f65bc10d000-7f65bc10f000 r--p 00000000 103:02 39852051                  /usr/lib/x86_64-linux-gnu/libcrypt.so.1.1.0
7f65bc10f000-7f65bc124000 r-xp 00002000 103:02 39852051                  /usr/lib/x86_64-linux-gnu/libcrypt.so.1.1.0
7f65bc124000-7f65bc13e000 r--p 00017000 103:02 39852051                  /usr/lib/x86_64-linux-gnu/libcrypt.so.1.1.0
7f65bc13e000-7f65bc13f000 r--p 00030000 103:02 39852051                  /usr/lib/x86_64-linux-gnu/libcrypt.so.1.1.0
7f65bc13f000-7f65bc140000 rw-p 00031000 103:02 39852051                  /usr/lib/x86_64-linux-gnu/libcrypt.so.1.1.0
7f65bc140000-7f65bc148000 rw-p 00000000 00:00 0 
7f65bc149000-7f65bc187000 rw-p 00000000 00:00 0 
7f65bc18a000-7f65bc200000 rw-p 00000000 00:00 0 
7f65bc206000-7f65bc24a000 rw-p 00000000 00:00 0 
7f65bc24a000-7f65bc259000 r--p 00000000 103:02 51865893                  /home/a4090/miniconda3/envs/auto_pose/lib/jvm/languages/python/lib/graalpy23.0/lib/graalpy230-310-native-x86_64-linux/liblzma.so.5
7f65bc259000-7f65bc271000 r-xp 0000e000 103:02 51865893                  /home/a4090/miniconda3/envs/auto_pose/lib/jvm/languages/python/lib/graalpy23.0/lib/graalpy230-310-native-x86_64-linux/liblzma.so.5
7f65bc271000-7f65bc272000 r--p 00025000 103:02 51865893                  /home/a4090/miniconda3/envs/auto_pose/lib/jvm/languages/python/lib/graalpy23.0/lib/graalpy230-310-native-x86_64-linux/liblzma.so.5
7f65bc272000-7f65bc273000 rw-p 00025000 103:02 51865893                  /home/a4090/miniconda3/envs/auto_pose/lib/jvm/languages/python/lib/graalpy23.0/lib/graalpy230-310-native-x86_64-linux/liblzma.so.5
7f65bc273000-7f65bc276000 rw-p 00161000 103:02 51865893                  /home/a4090/miniconda3/envs/auto_pose/lib/jvm/languages/python/lib/graalpy23.0/lib/graalpy230-310-native-x86_64-linux/liblzma.so.5
7f65bc2a9000-7f65bc2cb000 rw-p 00000000 00:00 0 
7f65bc2d3000-7f65bc30e000 rw-p 00000000 00:00 0 
7f65bc30e000-7f65bc313000 r--p 00000000 103:02 51867375                  /home/a4090/miniconda3/envs/auto_pose/lib/jvm/languages/python/lib/graalpy23.0/libposix.graalpy230-310-native-x86_64-linux.so
7f65bc313000-7f65bc317000 r-xp 00004000 103:02 51867375                  /home/a4090/miniconda3/envs/auto_pose/lib/jvm/languages/python/lib/graalpy23.0/libposix.graalpy230-310-native-x86_64-linux.so
7f65bc317000-7f65bc318000 r--p 00007000 103:02 51867375                  /home/a4090/miniconda3/envs/auto_pose/lib/jvm/languages/python/lib/graalpy23.0/libposix.graalpy230-310-native-x86_64-linux.so
7f65bc318000-7f65bc319000 rw-p 00007000 103:02 51867375                  /home/a4090/miniconda3/envs/auto_pose/lib/jvm/languages/python/lib/graalpy23.0/libposix.graalpy230-310-native-x86_64-linux.so
7f65bc319000-7f65bc31c000 rw-p 00039000 103:02 51867375                  /home/a4090/miniconda3/envs/auto_pose/lib/jvm/languages/python/lib/graalpy23.0/libposix.graalpy230-310-native-x86_64-linux.so
7f65bc335000-7f65bc35f000 rw-p 00000000 00:00 0 
7f65bc36c000-7f65bc3da000 rw-p 00000000 00:00 0 
7f65bc3de000-7f65bc3e0000 r--p 00000000 103:02 51870298                  /home/a4090/miniconda3/envs/auto_pose/lib/jvm/languages/python/lib/graalpy23.0/libzsupport.graalpy230-310-native-x86_64-linux.so
7f65bc3e0000-7f65bc3e3000 r-xp 00001000 103:02 51870298                  /home/a4090/miniconda3/envs/auto_pose/lib/jvm/languages/python/lib/graalpy23.0/libzsupport.graalpy230-310-native-x86_64-linux.so
7f65bc3e3000-7f65bc3e4000 r--p 00003000 103:02 51870298                  /home/a4090/miniconda3/envs/auto_pose/lib/jvm/languages/python/lib/graalpy23.0/libzsupport.graalpy230-310-native-x86_64-linux.so
7f65bc3e4000-7f65bc3e5000 rw-p 00003000 103:02 51870298                  /home/a4090/miniconda3/envs/auto_pose/lib/jvm/languages/python/lib/graalpy23.0/libzsupport.graalpy230-310-native-x86_64-linux.so
7f65bc3e5000-7f65bc3e6000 rw-p 0001d000 103:02 51870298                  /home/a4090/miniconda3/envs/auto_pose/lib/jvm/languages/python/lib/graalpy23.0/libzsupport.graalpy230-310-native-x86_64-linux.so
7f65bc3e6000-7f65bc408000 rw-p 00000000 00:00 0 
7f65bc432000-7f65bc45c000 rw-p 00000000 00:00 0 
7f65bc47e000-7f65bc4a8000 rw-p 00000000 00:00 0 
7f65bc4c7000-7f65bc505000 rw-p 00000000 00:00 0 
7f65bc505000-7f65bc508000 r--p 00000000 103:02 51869393                  /home/a4090/miniconda3/envs/auto_pose/lib/jvm/lib/libtrufflenfi.so
7f65bc508000-7f65bc515000 r-xp 00003000 103:02 51869393                  /home/a4090/miniconda3/envs/auto_pose/lib/jvm/lib/libtrufflenfi.so
7f65bc515000-7f65bc518000 r--p 00010000 103:02 51869393                  /home/a4090/miniconda3/envs/auto_pose/lib/jvm/lib/libtrufflenfi.so
7f65bc518000-7f65bc519000 r--p 00012000 103:02 51869393                  /home/a4090/miniconda3/envs/auto_pose/lib/jvm/lib/libtrufflenfi.so
7f65bc519000-7f65bc51a000 rw-p 00013000 103:02 51869393                  /home/a4090/miniconda3/envs/auto_pose/lib/jvm/lib/libtrufflenfi.so
7f65bc51a000-7f65bc51b000 rw-p 0004a000 103:02 51869393                  /home/a4090/miniconda3/envs/auto_pose/lib/jvm/lib/libtrufflenfi.so
7f65bc536000-7f65bc538000 r--p 00000000 103:02 51867237                  /home/a4090/miniconda3/envs/auto_pose/lib/jvm/languages/python/lib/graalpy23.0/liblzmasupport.graalpy230-310-native-x86_64-linux.so
7f65bc538000-7f65bc53a000 r-xp 00001000 103:02 51867237                  /home/a4090/miniconda3/envs/auto_pose/lib/jvm/languages/python/lib/graalpy23.0/liblzmasupport.graalpy230-310-native-x86_64-linux.so
7f65bc53a000-7f65bc53b000 r--p 00002000 103:02 51867237                  /home/a4090/miniconda3/envs/auto_pose/lib/jvm/languages/python/lib/graalpy23.0/liblzmasupport.graalpy230-310-native-x86_64-linux.so
7f65bc53b000-7f65bc53c000 rw-p 00002000 103:02 51867237                  /home/a4090/miniconda3/envs/auto_pose/lib/jvm/languages/python/lib/graalpy23.0/liblzmasupport.graalpy230-310-native-x86_64-linux.so
7f65bc53c000-7f65bc53d000 rw-p 00018000 103:02 51867237                  /home/a4090/miniconda3/envs/auto_pose/lib/jvm/languages/python/lib/graalpy23.0/liblzmasupport.graalpy230-310-native-x86_64-linux.so
7f65bc53d000-7f65bc570000 rw-p 00000000 00:00 0 
7f65bc590000-7f65bc597000 r--s 00000000 103:02 40504943                  /usr/lib/x86_64-linux-gnu/gconv/gconv-modules.cache
7f65bc597000-7f65bc5b8000 rw-p 00000000 00:00 0 
7f65bc5b8000-7f65bc5c5000 r-xp 00000000 103:02 51866632                  /home/a4090/miniconda3/envs/auto_pose/lib/jvm/lib/libverify.so
7f65bc5c5000-7f65bc5c7000 r--p 0000c000 103:02 51866632                  /home/a4090/miniconda3/envs/auto_pose/lib/jvm/lib/libverify.so
7f65bc5c7000-7f65bc5c8000 rw-p 0000e000 103:02 51866632                  /home/a4090/miniconda3/envs/auto_pose/lib/jvm/lib/libverify.so
7f65bc5c8000-7f65bc5ca000 rw-p 00010000 103:02 51866632                  /home/a4090/miniconda3/envs/auto_pose/lib/jvm/lib/libverify.so
7f65bc5ca000-7f65bc5ce000 ---p 00000000 00:00 0 
7f65bc5ce000-7f65bc5ec000 rw-p 00000000 00:00 0 
7f65bc5ec000-7f65bc5f2000 r-xp 00000000 103:02 51869757                  /home/a4090/miniconda3/envs/auto_pose/lib/jvm/lib/libmanagement_ext.so
7f65bc5f2000-7f65bc5f3000 r--p 00005000 103:02 51869757                  /home/a4090/miniconda3/envs/auto_pose/lib/jvm/lib/libmanagement_ext.so
7f65bc5f3000-7f65bc5f4000 rw-p 00006000 103:02 51869757                  /home/a4090/miniconda3/envs/auto_pose/lib/jvm/lib/libmanagement_ext.so
7f65bc5f4000-7f65bc5f7000 rw-p 00009000 103:02 51869757                  /home/a4090/miniconda3/envs/auto_pose/lib/jvm/lib/libmanagement_ext.so
7f65bc5f7000-7f65bc5fb000 r-xp 00000000 103:02 51871985                  /home/a4090/miniconda3/envs/auto_pose/lib/jvm/lib/libmanagement.so
7f65bc5fb000-7f65bc5fc000 r--p 00003000 103:02 51871985                  /home/a4090/miniconda3/envs/auto_pose/lib/jvm/lib/libmanagement.so
7f65bc5fc000-7f65bc5fd000 rw-p 00004000 103:02 51871985                  /home/a4090/miniconda3/envs/auto_pose/lib/jvm/lib/libmanagement.so
7f65bc5fd000-7f65bc600000 rw-p 00007000 103:02 51871985                  /home/a4090/miniconda3/envs/auto_pose/lib/jvm/lib/libmanagement.so
7f65bc600000-7f65bc700000 ---p 00000000 00:00 0 
7f65bc700000-7f65bcd5f000 r--p 01362000 103:02 51870081                  /home/a4090/miniconda3/envs/auto_pose/lib/jvm/lib/libjvmcicompiler.so
7f65bcd5f000-7f65bcf00000 r--p 00000000 00:00 0 
7f65bcf00000-7f65bcf0e000 rw-p 00000000 00:00 0 
7f65bcf0e000-7f65bd463000 rw-p 01b70000 103:02 51870081                  /home/a4090/miniconda3/envs/auto_pose/lib/jvm/lib/libjvmcicompiler.so
7f65bd463000-7f65bd8dd000 r--p 020c5000 103:02 51870081                  /home/a4090/miniconda3/envs/auto_pose/lib/jvm/lib/libjvmcicompiler.so
7f65bd8e3000-7f65bd8e4000 r--p 00000000 00:00 0 
7f65bd8e4000-7f65bd915000 rw-p 00000000 00:00 0 
7f65bd915000-7f65bd92a000 r-xp 00000000 103:02 51865979                  /home/a4090/miniconda3/envs/auto_pose/lib/jvm/lib/libnet.so
7f65bd92a000-7f65bd92b000 ---p 00015000 103:02 51865979                  /home/a4090/miniconda3/envs/auto_pose/lib/jvm/lib/libnet.so
7f65bd92b000-7f65bd92c000 r--p 00015000 103:02 51865979                  /home/a4090/miniconda3/envs/auto_pose/lib/jvm/lib/libnet.so
7f65bd92c000-7f65bd92d000 rw-p 00016000 103:02 51865979                  /home/a4090/miniconda3/envs/auto_pose/lib/jvm/lib/libnet.so
7f65bd92d000-7f65bd932000 rw-p 0001b000 103:02 51865979                  /home/a4090/miniconda3/envs/auto_pose/lib/jvm/lib/libnet.so
7f65bd932000-7f65bd945000 r-xp 00000000 103:02 51865608                  /home/a4090/miniconda3/envs/auto_pose/lib/jvm/lib/libnio.so
7f65bd945000-7f65bd946000 r--p 00012000 103:02 51865608                  /home/a4090/miniconda3/envs/auto_pose/lib/jvm/lib/libnio.so
7f65bd946000-7f65bd947000 rw-p 00013000 103:02 51865608                  /home/a4090/miniconda3/envs/auto_pose/lib/jvm/lib/libnio.so
7f65bd947000-7f65bd94f000 rw-p 00019000 103:02 51865608                  /home/a4090/miniconda3/envs/auto_pose/lib/jvm/lib/libnio.so
7f65bd94f000-7f65bd980000 rw-p 00000000 00:00 0 
7f65bd980000-7f65bd981000 ---p 00000000 00:00 0 
7f65bd981000-7f65bda82000 rw-p 00000000 00:00 0 
7f65bda82000-7f65bda86000 ---p 00000000 00:00 0 
7f65bda86000-7f65bdb83000 rw-p 00000000 00:00 0 
7f65bdb83000-7f65bdb87000 ---p 00000000 00:00 0 
7f65bdb87000-7f65bdd84000 rw-p 00000000 00:00 0 
7f65bdd84000-7f65bdd88000 ---p 00000000 00:00 0 
7f65bdd88000-7f65bde85000 rw-p 00000000 00:00 0 
7f65bde85000-7f65bde89000 ---p 00000000 00:00 0 
7f65bde89000-7f65be086000 rw-p 00000000 00:00 0 
7f65be086000-7f65be08a000 ---p 00000000 00:00 0 
7f65be08a000-7f65be187000 rw-p 00000000 00:00 0 
7f65be187000-7f65be18b000 ---p 00000000 00:00 0 
7f65be18b000-7f65be388000 rw-p 00000000 00:00 0 
7f65be388000-7f65be38c000 ---p 00000000 00:00 0 
7f65be38c000-7f65be589000 rw-p 00000000 00:00 0 
7f65be589000-7f65be58d000 ---p 00000000 00:00 0 
7f65be58d000-7f65be68a000 rw-p 00000000 00:00 0 
7f65be68a000-7f65be68e000 ---p 00000000 00:00 0 
7f65be68e000-7f65be78b000 rw-p 00000000 00:00 0 
7f65be78b000-7f65be78f000 ---p 00000000 00:00 0 
7f65be78f000-7f65be88c000 rw-p 00000000 00:00 0 
7f65be88c000-7f65bf0fd000 r--p 00000000 103:02 39848971                  /usr/lib/locale/locale-archive
7f65bf0fd000-7f65bf101000 ---p 00000000 00:00 0 
7f65bf101000-7f65bf1fe000 rw-p 00000000 00:00 0 
7f65bf1fe000-7f65bf202000 ---p 00000000 00:00 0 
7f65bf202000-7f65bf2ff000 rw-p 00000000 00:00 0 
7f65bf2ff000-7f65bf300000 ---p 00000000 00:00 0 
7f65bf300000-7f65bf401000 rw-p 00000000 00:00 0 
7f65bf401000-7f65bf4cf000 r-xp 00000000 103:02 51869100                  /home/a4090/miniconda3/envs/auto_pose/lib/jvm/lib/libjsvml.so
7f65bf4cf000-7f65bf4d0000 r--p 000cd000 103:02 51869100                  /home/a4090/miniconda3/envs/auto_pose/lib/jvm/lib/libjsvml.so
7f65bf4d0000-7f65bf4d1000 rw-p 000ce000 103:02 51869100                  /home/a4090/miniconda3/envs/auto_pose/lib/jvm/lib/libjsvml.so
7f65bf4d1000-7f65bf4d7000 rw-p 000d4000 103:02 51869100                  /home/a4090/miniconda3/envs/auto_pose/lib/jvm/lib/libjsvml.so
7f65bf4d7000-7f65bf5f4000 rw-p 00000000 00:00 0 
7f65bf5f4000-7f65bf5f5000 ---p 00000000 00:00 0 
7f65bf5f5000-7f65bf6f6000 rw-p 00000000 00:00 0 
7f65bf6f6000-7f65bf6f7000 ---p 00000000 00:00 0 
7f65bf6f7000-7f65c0000000 rw-p 00000000 00:00 0 
7f65c0000000-7f65c0021000 rw-p 00000000 00:00 0 
7f65c0021000-7f65c4000000 ---p 00000000 00:00 0 
7f65c4000000-7f65c4021000 rw-p 00000000 00:00 0 
7f65c4021000-7f65c8000000 ---p 00000000 00:00 0 
7f65c8000000-7f65c8021000 rw-p 00000000 00:00 0 
7f65c8021000-7f65cc000000 ---p 00000000 00:00 0 
7f65cc000000-7f65cc007000 r-xp 00000000 103:02 51866985                  /home/a4090/miniconda3/envs/auto_pose/lib/jvm/lib/libzip.so
7f65cc007000-7f65cc008000 ---p 00007000 103:02 51866985                  /home/a4090/miniconda3/envs/auto_pose/lib/jvm/lib/libzip.so
7f65cc008000-7f65cc009000 r--p 00007000 103:02 51866985                  /home/a4090/miniconda3/envs/auto_pose/lib/jvm/lib/libzip.so
7f65cc009000-7f65cc00a000 rw-p 00008000 103:02 51866985                  /home/a4090/miniconda3/envs/auto_pose/lib/jvm/lib/libzip.so
7f65cc00a000-7f65cc00d000 rw-p 0000b000 103:02 51866985                  /home/a4090/miniconda3/envs/auto_pose/lib/jvm/lib/libzip.so
7f65cc00d000-7f65cc010000 r--p 00000000 103:02 65812693                  /home/a4090/miniconda3/envs/auto_pose/lib/libz.so.1.2.13
7f65cc010000-7f65cc01f000 r-xp 00003000 103:02 65812693                  /home/a4090/miniconda3/envs/auto_pose/lib/libz.so.1.2.13
7f65cc01f000-7f65cc026000 r--p 00012000 103:02 65812693                  /home/a4090/miniconda3/envs/auto_pose/lib/libz.so.1.2.13
7f65cc026000-7f65cc027000 r--p 00018000 103:02 65812693                  /home/a4090/miniconda3/envs/auto_pose/lib/libz.so.1.2.13
7f65cc027000-7f65cc028000 rw-p 00019000 103:02 65812693                  /home/a4090/miniconda3/envs/auto_pose/lib/libz.so.1.2.13
7f65cc028000-7f65cef37000 rw-p 00000000 00:00 0 
7f65cef37000-7f65cef38000 ---p 00000000 00:00 0 
7f65cef38000-7f65cf039000 rw-p 00000000 00:00 0 
7f65cf039000-7f65cf03a000 ---p 00000000 00:00 0 
7f65cf03a000-7f65cf13b000 rw-p 00000000 00:00 0 
7f65cf13b000-7f65cf13c000 ---p 00000000 00:00 0 
7f65cf13c000-7f65cf8e5000 rw-p 00000000 00:00 0 
7f65cf8e5000-7f65d04a5000 ---p 00000000 00:00 0 
7f65d04a5000-7f65d04e5000 rw-p 00000000 00:00 0 
7f65d04e5000-7f65d1325000 ---p 00000000 00:00 0 
7f65d1325000-7f65d1365000 rw-p 00000000 00:00 0 
7f65d1365000-7f65ed2e5000 ---p 00000000 00:00 0 
7f65ed2e5000-7f65ed865000 rw-p 00000000 00:00 0 
7f65ed865000-7f65ee425000 ---p 00000000 00:00 0 
7f65ee425000-7f65ee465000 rw-p 00000000 00:00 0 
7f65ee465000-7f65ef2a5000 ---p 00000000 00:00 0 
7f65ef2a5000-7f65ef2e5000 rw-p 00000000 00:00 0 
7f65ef2e5000-7f660b265000 ---p 00000000 00:00 0 
7f660b265000-7f660b385000 rw-p 00000000 00:00 0 
7f660b385000-7f660b4fd000 ---p 00000000 00:00 0 
7f660b4fd000-7f660b505000 rw-p 00000000 00:00 0 
7f660b505000-7f660b6cd000 ---p 00000000 00:00 0 
7f660b6cd000-7f660b6d5000 rw-p 00000000 00:00 0 
7f660b6d5000-7f660eec5000 ---p 00000000 00:00 0 
7f660eec5000-7f660ef75000 rw-p 00000000 00:00 0 
7f660ef75000-7f660f0ed000 ---p 00000000 00:00 0 
7f660f0ed000-7f660f0f5000 rw-p 00000000 00:00 0 
7f660f0f5000-7f660f2bd000 ---p 00000000 00:00 0 
7f660f2bd000-7f660f2c5000 rw-p 00000000 00:00 0 
7f660f2c5000-7f6612ab5000 ---p 00000000 00:00 0 
7f6612ab5000-7f6612b65000 rw-p 00000000 00:00 0 
7f6612b65000-7f6612cdd000 ---p 00000000 00:00 0 
7f6612cdd000-7f6612ce5000 rw-p 00000000 00:00 0 
7f6612ce5000-7f6612ead000 ---p 00000000 00:00 0 
7f6612ead000-7f6612eb5000 rw-p 00000000 00:00 0 
7f6612eb5000-7f66166a5000 ---p 00000000 00:00 0 
7f66166a5000-7f6617ec8000 rw-p 00000000 00:00 0 
7f6617ec8000-7f6617fa1000 ---p 00000000 00:00 0 
7f6617fa1000-7f6617fd5000 rw-p 00000000 00:00 0 
7f6617fd5000-7f6618086000 ---p 00000000 00:00 0 
7f6618086000-7f6618091000 rw-p 00000000 00:00 0 
7f6618091000-7f661809d000 ---p 00000000 00:00 0 
7f661809d000-7f6619a9d000 rwxp 00000000 00:00 0 
7f6619a9d000-7f661f313000 ---p 00000000 00:00 0 
7f661f313000-7f661f833000 rwxp 00000000 00:00 0 
7f661f833000-7f661fe27000 ---p 00000000 00:00 0 
7f661fe27000-7f66203d7000 rwxp 00000000 00:00 0 
7f66203d7000-7f662709d000 ---p 00000000 00:00 0 
7f662709d000-7f66270c1000 r-xp 00000000 103:02 51869794                  /home/a4090/miniconda3/envs/auto_pose/lib/jvm/lib/libjava.so
7f66270c1000-7f66270c2000 ---p 00024000 103:02 51869794                  /home/a4090/miniconda3/envs/auto_pose/lib/jvm/lib/libjava.so
7f66270c2000-7f66270c3000 r--p 00024000 103:02 51869794                  /home/a4090/miniconda3/envs/auto_pose/lib/jvm/lib/libjava.so
7f66270c3000-7f66270c4000 rw-p 00025000 103:02 51869794                  /home/a4090/miniconda3/envs/auto_pose/lib/jvm/lib/libjava.so
7f66270c4000-7f66270c5000 rw-p 00000000 00:00 0 
7f66270c5000-7f66270d0000 rw-p 0002f000 103:02 51869794                  /home/a4090/miniconda3/envs/auto_pose/lib/jvm/lib/libjava.so
7f66270d0000-7f66270d8000 rw-s 00000000 103:02 63966921                  /tmp/hsperfdata_a4090/162659
7f66270d8000-7f66270db000 r--p 00000000 103:02 39848170                  /usr/lib/x86_64-linux-gnu/libnss_files-2.31.so
7f66270db000-7f66270e2000 r-xp 00003000 103:02 39848170                  /usr/lib/x86_64-linux-gnu/libnss_files-2.31.so
7f66270e2000-7f66270e4000 r--p 0000a000 103:02 39848170                  /usr/lib/x86_64-linux-gnu/libnss_files-2.31.so
7f66270e4000-7f66270e5000 r--p 0000b000 103:02 39848170                  /usr/lib/x86_64-linux-gnu/libnss_files-2.31.so
7f66270e5000-7f66270e6000 rw-p 0000c000 103:02 39848170                  /usr/lib/x86_64-linux-gnu/libnss_files-2.31.so
7f66270e6000-7f66270ec000 rw-p 00000000 00:00 0 
7f66270ec000-7f66270ed000 ---p 00000000 00:00 0 
7f66270ed000-7f66270ee000 r--p 00000000 00:00 0 
7f66270ee000-7f6630e86000 r--s 00000000 103:02 51868487                  /home/a4090/miniconda3/envs/auto_pose/lib/jvm/lib/modules
7f6630e86000-7f6630ea1000 r-xp 00000000 103:02 51869974                  /home/a4090/miniconda3/envs/auto_pose/lib/jvm/lib/libjimage.so
7f6630ea1000-7f6630ea2000 ---p 0001b000 103:02 51869974                  /home/a4090/miniconda3/envs/auto_pose/lib/jvm/lib/libjimage.so
7f6630ea2000-7f6630ea4000 r--p 0001b000 103:02 51869974                  /home/a4090/miniconda3/envs/auto_pose/lib/jvm/lib/libjimage.so
7f6630ea4000-7f6630ea5000 rw-p 0001d000 103:02 51869974                  /home/a4090/miniconda3/envs/auto_pose/lib/jvm/lib/libjimage.so
7f6630ea5000-7f6630ea7000 rw-p 00024000 103:02 51869974                  /home/a4090/miniconda3/envs/auto_pose/lib/jvm/lib/libjimage.so
7f6630ea7000-7f6630ea9000 r--p 00000000 103:02 39848193                  /usr/lib/x86_64-linux-gnu/librt-2.31.so
7f6630ea9000-7f6630ead000 r-xp 00002000 103:02 39848193                  /usr/lib/x86_64-linux-gnu/librt-2.31.so
7f6630ead000-7f6630eaf000 r--p 00006000 103:02 39848193                  /usr/lib/x86_64-linux-gnu/librt-2.31.so
7f6630eaf000-7f6630eb0000 r--p 00007000 103:02 39848193                  /usr/lib/x86_64-linux-gnu/librt-2.31.so
7f6630eb0000-7f6630eb1000 rw-p 00008000 103:02 39848193                  /usr/lib/x86_64-linux-gnu/librt-2.31.so
7f6630eb1000-7f6631fd0000 r-xp 00000000 103:02 51866492                  /home/a4090/miniconda3/envs/auto_pose/lib/jvm/lib/server/libjvm.so
7f6631fd0000-7f6631fd1000 ---p 0111f000 103:02 51866492                  /home/a4090/miniconda3/envs/auto_pose/lib/jvm/lib/server/libjvm.so
7f6631fd1000-7f6632086000 r--p 0111f000 103:02 51866492                  /home/a4090/miniconda3/envs/auto_pose/lib/jvm/lib/server/libjvm.so
7f6632086000-7f66320ba000 rw-p 011d4000 103:02 51866492                  /home/a4090/miniconda3/envs/auto_pose/lib/jvm/lib/server/libjvm.so
7f66320ba000-7f6632113000 rw-p 00000000 00:00 0 
7f6632113000-7f6632119000 rw-p 015a3000 103:02 51866492                  /home/a4090/miniconda3/envs/auto_pose/lib/jvm/lib/server/libjvm.so
7f6632119000-7f663211c000 rw-p 00000000 00:00 0 
7f663211c000-7f663213e000 r--p 00000000 103:02 39848138                  /usr/lib/x86_64-linux-gnu/libc-2.31.so
7f663213e000-7f66322b6000 r-xp 00022000 103:02 39848138                  /usr/lib/x86_64-linux-gnu/libc-2.31.so
7f66322b6000-7f6632304000 r--p 0019a000 103:02 39848138                  /usr/lib/x86_64-linux-gnu/libc-2.31.so
7f6632304000-7f6632308000 r--p 001e7000 103:02 39848138                  /usr/lib/x86_64-linux-gnu/libc-2.31.so
7f6632308000-7f663230a000 rw-p 001eb000 103:02 39848138                  /usr/lib/x86_64-linux-gnu/libc-2.31.so
7f663230a000-7f6632310000 rw-p 00000000 00:00 0 
7f6632310000-7f6632316000 r--p 00000000 103:02 39848188                  /usr/lib/x86_64-linux-gnu/libpthread-2.31.so
7f6632316000-7f6632327000 r-xp 00006000 103:02 39848188                  /usr/lib/x86_64-linux-gnu/libpthread-2.31.so
7f6632327000-7f663232d000 r--p 00017000 103:02 39848188                  /usr/lib/x86_64-linux-gnu/libpthread-2.31.so
7f663232d000-7f663232e000 r--p 0001c000 103:02 39848188                  /usr/lib/x86_64-linux-gnu/libpthread-2.31.so
7f663232e000-7f663232f000 rw-p 0001d000 103:02 39848188                  /usr/lib/x86_64-linux-gnu/libpthread-2.31.so
7f663232f000-7f6632333000 rw-p 00000000 00:00 0 
7f6632333000-7f6632337000 r--p 00000000 103:02 51864144                  /home/a4090/miniconda3/envs/auto_pose/lib/libgcc_s.so.1
7f6632337000-7f663234c000 r-xp 00004000 103:02 51864144                  /home/a4090/miniconda3/envs/auto_pose/lib/libgcc_s.so.1
7f663234c000-7f6632350000 r--p 00019000 103:02 51864144                  /home/a4090/miniconda3/envs/auto_pose/lib/libgcc_s.so.1
7f6632350000-7f6632351000 r--p 0001c000 103:02 51864144                  /home/a4090/miniconda3/envs/auto_pose/lib/libgcc_s.so.1
7f6632351000-7f6632352000 rw-p 0001d000 103:02 51864144                  /home/a4090/miniconda3/envs/auto_pose/lib/libgcc_s.so.1
7f6632352000-7f663235f000 r--p 00000000 103:02 39848143                  /usr/lib/x86_64-linux-gnu/libm-2.31.so
7f663235f000-7f6632406000 r-xp 0000d000 103:02 39848143                  /usr/lib/x86_64-linux-gnu/libm-2.31.so
7f6632406000-7f663249f000 r--p 000b4000 103:02 39848143                  /usr/lib/x86_64-linux-gnu/libm-2.31.so
7f663249f000-7f66324a0000 r--p 0014c000 103:02 39848143                  /usr/lib/x86_64-linux-gnu/libm-2.31.so
7f66324a0000-7f66324a1000 rw-p 0014d000 103:02 39848143                  /usr/lib/x86_64-linux-gnu/libm-2.31.so
7f66324a1000-7f663254a000 r--p 00000000 103:02 51864761                  /home/a4090/miniconda3/envs/auto_pose/lib/libstdc++.so.6.0.33
7f663254a000-7f66325ea000 r-xp 000a9000 103:02 51864761                  /home/a4090/miniconda3/envs/auto_pose/lib/libstdc++.so.6.0.33
7f66325ea000-7f6632670000 r--p 00149000 103:02 51864761                  /home/a4090/miniconda3/envs/auto_pose/lib/libstdc++.so.6.0.33
7f6632670000-7f663267b000 r--p 001cf000 103:02 51864761                  /home/a4090/miniconda3/envs/auto_pose/lib/libstdc++.so.6.0.33
7f663267b000-7f663267f000 rw-p 001da000 103:02 51864761                  /home/a4090/miniconda3/envs/auto_pose/lib/libstdc++.so.6.0.33
7f663267f000-7f6632683000 rw-p 00000000 00:00 0 
7f6632683000-7f6632684000 r--p 00000000 103:02 39848142                  /usr/lib/x86_64-linux-gnu/libdl-2.31.so
7f6632684000-7f6632686000 r-xp 00001000 103:02 39848142                  /usr/lib/x86_64-linux-gnu/libdl-2.31.so
7f6632686000-7f6632687000 r--p 00003000 103:02 39848142                  /usr/lib/x86_64-linux-gnu/libdl-2.31.so
7f6632687000-7f6632688000 r--p 00003000 103:02 39848142                  /usr/lib/x86_64-linux-gnu/libdl-2.31.so
7f6632688000-7f6632689000 rw-p 00004000 103:02 39848142                  /usr/lib/x86_64-linux-gnu/libdl-2.31.so
7f6632689000-7f663268b000 rw-p 00000000 00:00 0 
7f663268b000-7f663268c000 r--p 00000000 103:02 39848110                  /usr/lib/x86_64-linux-gnu/ld-2.31.so
7f663268c000-7f66326af000 r-xp 00001000 103:02 39848110                  /usr/lib/x86_64-linux-gnu/ld-2.31.so
7f66326af000-7f66326b7000 r--p 00024000 103:02 39848110                  /usr/lib/x86_64-linux-gnu/ld-2.31.so
7f66326b7000-7f66326b8000 ---p 00000000 00:00 0 
7f66326b8000-7f66326b9000 r--p 0002c000 103:02 39848110                  /usr/lib/x86_64-linux-gnu/ld-2.31.so
7f66326b9000-7f66326ba000 rw-p 0002d000 103:02 39848110                  /usr/lib/x86_64-linux-gnu/ld-2.31.so
7f66326ba000-7f66326bb000 rw-p 00000000 00:00 0 
7ffcdc716000-7ffcdc71a000 ---p 00000000 00:00 0 
7ffcdc71a000-7ffcdc816000 rw-p 00000000 00:00 0                          [stack]
7ffcdc988000-7ffcdc98c000 r--p 00000000 00:00 0                          [vvar]
7ffcdc98c000-7ffcdc98e000 r-xp 00000000 00:00 0                          [vdso]
ffffffffff600000-ffffffffff601000 --xp 00000000 00:00 0                  [vsyscall]


VM Arguments:
jvm_args: -XX:ThreadPriorityPolicy=1 -XX:+UnlockExperimentalVMOptions -XX:+EnableJVMCIProduct -XX:-UnlockExperimentalVMOptions -Dorg.graalvm.launcher.class=com.oracle.graal.python.shell.GraalPythonMain -Dorg.graalvm.launcher.executablename=/home/a4090/miniconda3/envs/auto_pose/bin/python 
java_command: <unknown>
java_class_path (initial): /home/a4090/miniconda3/envs/auto_pose/lib/jvm/languages/python/bin/../../../lib/graalvm/graalpython-launcher.jar:/home/a4090/miniconda3/envs/auto_pose/lib/jvm/languages/python/bin/../../../lib/graalvm/launcher-common.jar
Launcher Type: generic

[Global flags]
     intx CICompilerCount                          = 15                                        {product} {ergonomic}
     uint ConcGCThreads                            = 6                                         {product} {ergonomic}
     bool EnableJVMCIProduct                       = true                                {JVMCI product} {jimage}
     uint G1ConcRefinementThreads                  = 23                                        {product} {ergonomic}
   size_t G1HeapRegionSize                         = 16777216                                  {product} {ergonomic}
    uintx GCDrainStackTargetSize                   = 64                                        {product} {ergonomic}
   size_t InitialHeapSize                          = 2113929216                                {product} {ergonomic}
   size_t MarkStackSize                            = 4194304                                   {product} {ergonomic}
   size_t MaxHeapSize                              = 32178700288                               {product} {ergonomic}
   size_t MaxNewSize                               = 19293798400                               {product} {ergonomic}
   size_t MinHeapDeltaBytes                        = 16777216                                  {product} {ergonomic}
   size_t MinHeapSize                              = 16777216                                  {product} {ergonomic}
    uintx NonNMethodCodeHeapSize                   = 11613124                               {pd product} {ergonomic}
    uintx NonProfiledCodeHeapSize                  = 120022558                              {pd product} {ergonomic}
    uintx ProfiledCodeHeapSize                     = 120022558                              {pd product} {ergonomic}
    uintx ReservedCodeCacheSize                    = 251658240                              {pd product} {ergonomic}
     bool SegmentedCodeCache                       = true                                      {product} {ergonomic}
   size_t SoftMaxHeapSize                          = 32178700288                            {manageable} {ergonomic}
     intx ThreadPriorityPolicy                     = 1                                         {product} {jimage}
     bool UseCompressedClassPointers               = true                           {product lp64_product} {ergonomic}
     bool UseCompressedOops                        = true                           {product lp64_product} {ergonomic}
     bool UseG1GC                                  = true                                      {product} {ergonomic}

Logging:
Log output configuration:
 #0: stdout all=warning uptime,level,tags
 #1: stderr all=off uptime,level,tags

Environment Variables:
PATH=/home/a4090/miniconda3/envs/auto_pose/bin:/opt/ros/noetic/bin:/home/a4090/miniconda3/condabin:/home/a4090/.local/bin:/home/a4090/bin:/usr/local/sbin:/usr/local/bin:/usr/sbin:/usr/bin:/sbin:/bin:/usr/games:/usr/local/games:/snap/bin
LD_LIBRARY_PATH=/home/a4090/CoppeliaSim:/usr/lib/x86_64-linux-gnu:/opt/ros/noetic/lib:/opt/ros/noetic/lib/x86_64-linux-gnu:/home/a4090/miniconda3/envs/auto_pose/lib/jvm/languages/llvm/native/lib
SHELL=/bin/bash
DISPLAY=:0
LANG=en_US.UTF-8
LC_NUMERIC=zh_CN.UTF-8
LC_TIME=zh_CN.UTF-8
TERM=xterm-256color

Active Locale:
LC_ALL=LC_CTYPE=en_US.UTF-8;LC_NUMERIC=zh_CN.UTF-8;LC_TIME=zh_CN.UTF-8;LC_COLLATE=en_US.UTF-8;LC_MONETARY=zh_CN.UTF-8;LC_MESSAGES=en_US.UTF-8;LC_PAPER=zh_CN.UTF-8;LC_NAME=zh_CN.UTF-8;LC_ADDRESS=zh_CN.UTF-8;LC_TELEPHONE=zh_CN.UTF-8;LC_MEASUREMENT=zh_CN.UTF-8;LC_IDENTIFICATION=zh_CN.UTF-8
LC_COLLATE=en_US.UTF-8
LC_CTYPE=en_US.UTF-8
LC_MESSAGES=en_US.UTF-8
LC_MONETARY=zh_CN.UTF-8
LC_NUMERIC=zh_CN.UTF-8
LC_TIME=zh_CN.UTF-8

Signal Handlers:
   SIGSEGV: crash_handler in libjvm.so, mask=11100100010111111101111111111110, flags=SA_RESTART|SA_SIGINFO, unblocked
    SIGBUS: crash_handler in libjvm.so, mask=11100100010111111101111111111110, flags=SA_RESTART|SA_SIGINFO, unblocked
    SIGFPE: crash_handler in libjvm.so, mask=11100100010111111101111111111110, flags=SA_RESTART|SA_SIGINFO, unblocked
   SIGPIPE: javaSignalHandler in libjvm.so, mask=11100100010111111101111111111110, flags=SA_RESTART|SA_SIGINFO, blocked
   SIGXFSZ: javaSignalHandler in libjvm.so, mask=11100100010111111101111111111110, flags=SA_RESTART|SA_SIGINFO, blocked
    SIGILL: crash_handler in libjvm.so, mask=11100100010111111101111111111110, flags=SA_RESTART|SA_SIGINFO, unblocked
   SIGUSR2: SR_handler in libjvm.so, mask=00000000000000000000000000000000, flags=SA_RESTART|SA_SIGINFO, blocked
    SIGHUP: UserHandler in libjvm.so, mask=11100100010111111101111111111110, flags=SA_RESTART|SA_SIGINFO, blocked
    SIGINT: UserHandler in libjvm.so, mask=11100100010111111101111111111110, flags=SA_RESTART|SA_SIGINFO, blocked
   SIGTERM: UserHandler in libjvm.so, mask=11100100010111111101111111111110, flags=SA_RESTART|SA_SIGINFO, blocked
   SIGQUIT: UserHandler in libjvm.so, mask=11100100010111111101111111111110, flags=SA_RESTART|SA_SIGINFO, blocked
   SIGTRAP: crash_handler in libjvm.so, mask=11100100010111111101111111111110, flags=SA_RESTART|SA_SIGINFO, unblocked


---------------  S Y S T E M  ---------------

OS:
DISTRIB_ID=Ubuntu
DISTRIB_RELEASE=20.04
DISTRIB_CODENAME=focal
DISTRIB_DESCRIPTION="Ubuntu 20.04.6 LTS"
uname: Linux 5.15.0-119-generic #129~20.04.1-Ubuntu SMP Wed Aug 7 13:07:13 UTC 2024 x86_64
OS uptime: 1 days 20:02 hours
libc: glibc 2.31 NPTL 2.31 
rlimit (soft/hard): STACK 8192k/infinity , CORE 0k/infinity , NPROC 513269/513269 , NOFILE 1048576/1048576 , AS infinity/infinity , CPU infinity/infinity , DATA infinity/infinity , FSIZE infinity/infinity , MEMLOCK 65536k/65536k
load average: 1048.80 1050.23 1049.13

/proc/meminfo:
MemTotal:       131491188 kB
MemFree:        33422872 kB
MemAvailable:   95340440 kB
Buffers:         7343600 kB
Cached:         36305144 kB
SwapCached:            0 kB
Active:         25436380 kB
Inactive:       49321680 kB
Active(anon):      15800 kB
Inactive(anon): 32178344 kB
Active(file):   25420580 kB
Inactive(file): 17143336 kB
Unevictable:        1060 kB
Mlocked:            1060 kB
SwapTotal:       4194300 kB
SwapFree:        4194300 kB
Dirty:              2396 kB
Writeback:             0 kB
AnonPages:      31101736 kB
Mapped:          3108012 kB
Shmem:           1084944 kB
KReclaimable:   20604504 kB
Slab:           22176952 kB
SReclaimable:   20604504 kB
SUnreclaim:      1572448 kB
KernelStack:      109040 kB
PageTables:       410776 kB
NFS_Unstable:          0 kB
Bounce:                0 kB
WritebackTmp:          0 kB
CommitLimit:    69939892 kB
Committed_AS:   108630544 kB
VmallocTotal:   34359738367 kB
VmallocUsed:      238084 kB
VmallocChunk:          0 kB
Percpu:            46208 kB
HardwareCorrupted:     0 kB
AnonHugePages:     45056 kB
ShmemHugePages:        0 kB
ShmemPmdMapped:        0 kB
FileHugePages:         0 kB
FilePmdMapped:         0 kB
HugePages_Total:       0
HugePages_Free:        0
HugePages_Rsvd:        0
HugePages_Surp:        0
Hugepagesize:       2048 kB
Hugetlb:               0 kB
DirectMap4k:     3691340 kB
DirectMap2M:    29454336 kB
DirectMap1G:    100663296 kB

/sys/kernel/mm/transparent_hugepage/enabled: always [madvise] never
/sys/kernel/mm/transparent_hugepage/defrag (defrag/compaction efforts parameter): always defer defer+madvise [madvise] never

Process Memory:
Virtual Size: 40901272K (peak: 40961884K)
Resident Set Size: 1983824K (peak: 2014824K) (anon: 1752920K, file: 230904K, shmem: 0K)
Swapped out: 0K
C-Heap outstanding allocations: 119968K, retained: 24603K
glibc malloc tunables: (default)

/proc/sys/kernel/threads-max (system-wide limit on the number of threads): 1026538
/proc/sys/vm/max_map_count (maximum number of memory map areas a process may have): 65530
/proc/sys/kernel/pid_max (system-wide limit on number of process identifiers): 4194304

container (cgroup) information:
container_type: cgroupv1
cpu_cpuset_cpus: 0-31
cpu_memory_nodes: 0
active_processor_count: 32
cpu_quota: no quota
cpu_period: 100000
cpu_shares: no shares
memory_limit_in_bytes: unlimited
memory_and_swap_limit_in_bytes: unlimited
memory_soft_limit_in_bytes: unlimited
memory_usage_in_bytes: 82763640 k
memory_max_usage_in_bytes: 82793844 k
kernel_memory_usage_in_bytes: 19251440 k
kernel_memory_max_usage_in_bytes: unlimited
kernel_memory_limit_in_bytes: 19251476 k
maximum number of tasks: unlimited
current number of tasks: 5679

Steal ticks since vm start: 0
Steal ticks percentage since vm start:  0.000

CPU: total 32 (initial active 32) (16 cores per cpu, 2 threads per core) family 6 model 183 stepping 1 microcode 0x123, cx8, cmov, fxsr, ht, mmx, 3dnowpref, sse, sse2, sse3, ssse3, sse4.1, sse4.2, popcnt, lzcnt, tsc, tscinvbit, avx, avx2, aes, erms, clmul, bmi1, bmi2, adx, sha, fma, vzeroupper, clflush, clflushopt, clwb
CPU Model and flags from /proc/cpuinfo:
model name	: Intel(R) Core(TM) i9-14900K
flags		: fpu vme de pse tsc msr pae mce cx8 apic sep mtrr pge mca cmov pat pse36 clflush dts acpi mmx fxsr sse sse2 ss ht tm pbe syscall nx pdpe1gb rdtscp lm constant_tsc art arch_perfmon pebs bts rep_good nopl xtopology nonstop_tsc cpuid aperfmperf tsc_known_freq pni pclmulqdq dtes64 monitor ds_cpl vmx smx est tm2 ssse3 sdbg fma cx16 xtpr pdcm sse4_1 sse4_2 x2apic movbe popcnt tsc_deadline_timer aes xsave avx f16c rdrand lahf_lm abm 3dnowprefetch cpuid_fault epb ssbd ibrs ibpb stibp ibrs_enhanced tpr_shadow vnmi flexpriority ept vpid ept_ad fsgsbase tsc_adjust bmi1 avx2 smep bmi2 erms invpcid rdseed adx smap clflushopt clwb intel_pt sha_ni xsaveopt xsavec xgetbv1 xsaves split_lock_detect avx_vnni dtherm ida arat pln pts hwp hwp_notify hwp_act_window hwp_epp hwp_pkg_req umip pku ospke waitpkg gfni vaes vpclmulqdq tme rdpid movdiri movdir64b fsrm md_clear serialize pconfig arch_lbr flush_l1d arch_capabilities

Online cpus: 0-31
Offline cpus: 
BIOS frequency limitation: <Not Available>
Frequency switch latency (ns): 0
Available cpu frequencies: <Not Available>
Current governor: performance
Core performance/turbo boost: <Not Available>

Memory: 4k page, physical 131491188k(33431692k free), swap 4194300k(4194300k free)
Page Sizes: 4k

vm_info: OpenJDK 64-Bit Server VM (17.0.7+4-jvmci-23.0-b10) for linux-amd64 JRE (17.0.7+4-jvmci-23.0-b10), built on Mar 24 2023 22:17:53 by "buildslave" with gcc 10.3.0

END.
