#
# A fatal error has been detected by the Java Runtime Environment:
#
#  SIGSEGV (0xb) at pc=0x00007f63717b8e90, pid=162171, tid=162249
#
# JRE version: OpenJDK Runtime Environment GraalVM CE 17.0.7+4.1 (17.0.7+4) (build 17.0.7+4-jvmci-23.0-b10)
# Java VM: OpenJDK 64-Bit Server VM GraalVM CE 17.0.7+4.1 (17.0.7+4-jvmci-23.0-b10, mixed mode, sharing, tiered, jvmci, jvmci compiler, compressed oops, compressed class ptrs, g1 gc, linux-amd64)
# Problematic frame:
# C  0x00007f63717b8e90
#
# Core dump will be written. Default location: Core dumps may be processed with "/usr/share/apport/apport -p%p -s%s -c%c -d%d -P%P -u%u -g%g -- %E" (or dumping to /home/a4090/ljc/AutoPoseEstimator/core.162171)
#
# If you would like to submit a bug report, please visit:
#   https://github.com/oracle/graal/issues
# The crash happened outside the Java Virtual Machine in native code.
# See problematic frame for where to report the bug.
#

---------------  S U M M A R Y ------------

Command Line: -XX:ThreadPriorityPolicy=1 -XX:+UnlockExperimentalVMOptions -XX:+EnableJVMCIProduct -XX:-UnlockExperimentalVMOptions -Dorg.graalvm.launcher.class=com.oracle.graal.python.shell.GraalPythonMain -Dorg.graalvm.launcher.executablename=/home/a4090/miniconda3/envs/auto_pose/bin/python 

Host: Intel(R) Core(TM) i9-14900K, 32 cores, 125G, Ubuntu 20.04.6 LTS
Time: Thu Feb 27 16:26:35 2025 CST elapsed time: 1.518282 seconds (0d 0h 0m 1s)

---------------  T H R E A D  ---------------

Current thread (0x000055afd0bab500):  JavaThread "TruffleCompilerThread-35" daemon [_thread_in_native, id=162249, stack(0x00007f6372bff000,0x00007f6372d00000)]

Stack: [0x00007f6372bff000,0x00007f6372d00000],  sp=0x00007f6372cfd770,  free space=1017k
Native frames: (J=compiled Java code, j=interpreted, Vv=VM code, C=native code)
C  0x00007f63717b8e90

Java frames: (J=compiled Java code, j=interpreted, Vv=VM code)
j  org.graalvm.compiler.truffle.runtime.hotspot.libgraal.TruffleToLibGraalCalls.doCompile(JJJJ[BLorg/graalvm/compiler/truffle/common/TruffleCompilationTask;Lorg/graalvm/compiler/truffle/common/TruffleCompilerListener;)V+0 jdk.internal.vm.compiler
j  org.graalvm.compiler.truffle.runtime.hotspot.libgraal.LibGraalHotSpotTruffleCompiler.doCompile(Lorg/graalvm/compiler/truffle/common/TruffleDebugContext;Lorg/graalvm/compiler/truffle/common/TruffleCompilation;Ljava/util/Map;Lorg/graalvm/compiler/truffle/common/TruffleCompilationTask;Lorg/graalvm/compiler/truffle/common/TruffleCompilerListener;)V+40 jdk.internal.vm.compiler
j  org.graalvm.compiler.truffle.runtime.GraalTruffleRuntime.compileImpl(Lorg/graalvm/compiler/truffle/common/TruffleDebugContext;Lorg/graalvm/compiler/truffle/runtime/OptimizedCallTarget;Lorg/graalvm/compiler/truffle/common/TruffleCompilationTask;)V+86 jdk.internal.vm.compiler
j  org.graalvm.compiler.truffle.runtime.GraalTruffleRuntime.doCompile(Lorg/graalvm/compiler/truffle/common/TruffleDebugContext;Lorg/graalvm/compiler/truffle/runtime/OptimizedCallTarget;Lorg/graalvm/compiler/truffle/common/TruffleCompilationTask;)V+154 jdk.internal.vm.compiler
j  org.graalvm.compiler.truffle.runtime.GraalTruffleRuntime.doCompile(Lorg/graalvm/compiler/truffle/runtime/OptimizedCallTarget;Lorg/graalvm/compiler/truffle/common/TruffleCompilationTask;)V+4 jdk.internal.vm.compiler
j  org.graalvm.compiler.truffle.runtime.CompilationTask$1.accept(Lorg/graalvm/compiler/truffle/runtime/CompilationTask;)V+30 jdk.internal.vm.compiler
j  org.graalvm.compiler.truffle.runtime.CompilationTask$1.accept(Ljava/lang/Object;)V+5 jdk.internal.vm.compiler
j  org.graalvm.compiler.truffle.runtime.CompilationTask.call()Ljava/lang/Void;+5 jdk.internal.vm.compiler
j  org.graalvm.compiler.truffle.runtime.CompilationTask.call()Ljava/lang/Object;+1 jdk.internal.vm.compiler
j  java.util.concurrent.FutureTask.run()V+39 java.base@17.0.7
j  java.util.concurrent.ThreadPoolExecutor.runWorker(Ljava/util/concurrent/ThreadPoolExecutor$Worker;)V+92 java.base@17.0.7
j  java.util.concurrent.ThreadPoolExecutor$Worker.run()V+5 java.base@17.0.7
j  java.lang.Thread.run()V+11 java.base@17.0.7
j  org.graalvm.compiler.truffle.runtime.BackgroundCompileQueue$TruffleCompilerThreadFactory$1.run()V+30 jdk.internal.vm.compiler
v  ~StubRoutines::call_stub

siginfo: si_signo: 11 (SIGSEGV), si_code: 2 (SEGV_ACCERR), si_addr: 0x00007f63717b8e90

Register to memory mapping:

RAX=0x00007f631922c0d0 points into unknown readable memory: 0x0000000000777ed2 | d2 7e 77 00 00 00 00 00
RBX=0x0000000000000007 is an unknown value
RCX=0x00007f644a49ac20: <offset 0x00000000009e6c20> in /home/a4090/miniconda3/envs/auto_pose/lib/jvm/lib/libjvmcicompiler.so at 0x00007f6449ab4000
RDX=0x0000000000000070 is an unknown value
RSP=0x00007f6372cfd770 is pointing into the stack for thread: 0x000055afd0bab500
RBP=0x00007f63717c1970 points into unknown readable memory: 0x00000000007c2340 | 40 23 7c 00 00 00 00 00
RSI=0x00007f631922c0d0 points into unknown readable memory: 0x0000000000777ed2 | d2 7e 77 00 00 00 00 00
RDI=0x00007f63717ef268 points into unknown readable memory: 0x00000000008156b8 | b8 56 81 00 00 00 00 00
R8 =0x00007f63717ef238 points into unknown readable memory: 0x000000000079a5f8 | f8 a5 79 00 00 00 00 00
R9 =0x0000000000817cf8 is an unknown value
R10=0x00007f63717ef1b8 points into unknown readable memory: 0x0000000000817cf8 | f8 7c 81 00 00 00 00 00
R11=0x00007f63717ef1d8 points into unknown readable memory: 0x000000000079a5f8 | f8 a5 79 00 00 00 00 00
R12=0x0000000000000003 is an unknown value
R13=0x0 is NULL
R14=0x00007f6371900000 is an unknown value
R15=0x00007f63680016c0 points into unknown readable memory: 0x00007f637205f010 | 10 f0 05 72 63 7f 00 00


Registers:
RAX=0x00007f631922c0d0, RBX=0x0000000000000007, RCX=0x00007f644a49ac20, RDX=0x0000000000000070
RSP=0x00007f6372cfd770, RBP=0x00007f63717c1970, RSI=0x00007f631922c0d0, RDI=0x00007f63717ef268
R8 =0x00007f63717ef238, R9 =0x0000000000817cf8, R10=0x00007f63717ef1b8, R11=0x00007f63717ef1d8
R12=0x0000000000000003, R13=0x0000000000000000, R14=0x00007f6371900000, R15=0x00007f63680016c0
RIP=0x00007f63717b8e90, EFLAGS=0x0000000000010202, CSGSFS=0x002b000000000033, ERR=0x0000000000000015
  TRAPNO=0x000000000000000e

Top of Stack: (sp=0x00007f6372cfd770)
0x00007f6372cfd770:   00007f644a49ac20 00007f644a49ab50
0x00007f6372cfd780:   00007f6372cfd890 00007f644aa3278c
0x00007f6372cfd790:   00007f6372cfd7b0 00007f644a8e0327
0x00007f6372cfd7a0:   00007f6371770750 0000035d71752e60 

Instructions: (pc=0x00007f63717b8e90)
0x00007f63717b8d90:   00 00 00 00 00 00 00 00 00 00 00 00 00 00 00 00
0x00007f63717b8da0:   00 00 00 00 00 00 00 00 00 00 00 00 00 00 00 00
0x00007f63717b8db0:   00 00 00 00 00 00 00 00 00 00 00 00 00 00 00 00
0x00007f63717b8dc0:   00 00 00 00 00 00 00 00 00 00 00 00 00 00 00 00
0x00007f63717b8dd0:   00 00 00 00 00 00 00 00 00 00 00 00 00 00 00 00
0x00007f63717b8de0:   00 00 00 00 00 00 00 00 00 00 00 00 00 00 00 00
0x00007f63717b8df0:   00 00 00 00 00 00 00 00 00 00 00 00 00 00 00 00
0x00007f63717b8e00:   00 00 00 00 00 00 00 00 00 00 00 00 00 00 00 00
0x00007f63717b8e10:   00 00 00 00 00 00 00 00 00 00 00 00 00 00 00 00
0x00007f63717b8e20:   00 00 00 00 00 00 00 00 00 00 00 00 00 00 00 00
0x00007f63717b8e30:   00 00 00 00 00 00 00 00 00 00 00 00 00 00 00 00
0x00007f63717b8e40:   00 00 00 00 00 00 00 00 40 23 7c 00 00 00 00 00
0x00007f63717b8e50:   00 00 00 00 02 00 00 00 e0 12 90 a6 ff ff ff ff
0x00007f63717b8e60:   60 e6 ea ff ff ff ff ff 00 00 00 00 00 00 00 00
0x00007f63717b8e70:   f8 99 8a 00 00 00 00 00 00 00 00 00 00 00 00 00
0x00007f63717b8e80:   50 73 eb ff ff ff ff ff 00 00 00 00 00 00 00 00
0x00007f63717b8e90:   f8 9b 79 00 00 00 00 00 00 00 00 00 02 00 00 00
0x00007f63717b8ea0:   e0 12 90 a6 ff ff ff ff 10 71 eb ff ff ff ff ff
0x00007f63717b8eb0:   54 11 00 00 9a 09 00 00 00 00 00 00 00 00 00 00
0x00007f63717b8ec0:   38 f2 88 00 00 00 00 00 00 00 00 00 54 11 00 00
0x00007f63717b8ed0:   b8 19 ec ff ff ff ff ff b8 19 ec ff ff ff ff ff
0x00007f63717b8ee0:   b8 19 ec ff ff ff ff ff b8 19 ec ff ff ff ff ff
0x00007f63717b8ef0:   b8 19 ec ff ff ff ff ff 18 1a ec ff ff ff ff ff
0x00007f63717b8f00:   b8 19 ec ff ff ff ff ff e8 19 ec ff ff ff ff ff
0x00007f63717b8f10:   68 1a ec ff ff ff ff ff e8 1a ec ff ff ff ff ff
0x00007f63717b8f20:   18 1b ec ff ff ff ff ff 68 1b ec ff ff ff ff ff
0x00007f63717b8f30:   e8 19 ec ff ff ff ff ff 98 1a ec ff ff ff ff ff
0x00007f63717b8f40:   68 1b ec ff ff ff ff ff b8 19 ec ff ff ff ff ff
0x00007f63717b8f50:   f8 1b ec ff ff ff ff ff c8 1b ec ff ff ff ff ff
0x00007f63717b8f60:   48 1c ec ff ff ff ff ff c8 1c ec ff ff ff ff ff
0x00007f63717b8f70:   f8 1c ec ff ff ff ff ff 48 1d ec ff ff ff ff ff
0x00007f63717b8f80:   c8 1b ec ff ff ff ff ff 78 1c ec ff ff ff ff ff 


Stack slot to memory mapping:
stack at sp + 0 slots: 0x00007f644a49ac20: <offset 0x00000000009e6c20> in /home/a4090/miniconda3/envs/auto_pose/lib/jvm/lib/libjvmcicompiler.so at 0x00007f6449ab4000
stack at sp + 1 slots: 0x00007f644a49ab50: <offset 0x00000000009e6b50> in /home/a4090/miniconda3/envs/auto_pose/lib/jvm/lib/libjvmcicompiler.so at 0x00007f6449ab4000
stack at sp + 2 slots: 0x00007f6372cfd890 is pointing into the stack for thread: 0x000055afd0bab500
stack at sp + 3 slots: 0x00007f644aa3278c: <offset 0x0000000000f7e78c> in /home/a4090/miniconda3/envs/auto_pose/lib/jvm/lib/libjvmcicompiler.so at 0x00007f6449ab4000
stack at sp + 4 slots: 0x00007f6372cfd7b0 is pointing into the stack for thread: 0x000055afd0bab500
stack at sp + 5 slots: 0x00007f644a8e0327: <offset 0x0000000000e2c327> in /home/a4090/miniconda3/envs/auto_pose/lib/jvm/lib/libjvmcicompiler.so at 0x00007f6449ab4000
stack at sp + 6 slots: 0x00007f6371770750 points into unknown readable memory: 0x00000000007d5b58 | 58 5b 7d 00 00 00 00 00
stack at sp + 7 slots: 0x0000035d71752e60 is an unknown value


---------------  P R O C E S S  ---------------

Threads class SMR info:
_java_thread_list=0x000055afd0ce2fe0, length=35, elements={
0x000055afcf4489d0, 0x000055afcf63cb70, 0x000055afcf63dfc0, 0x000055afcf644810,
0x000055afcf645bf0, 0x000055afcf647030, 0x000055afcf648a50, 0x000055afcf649fb0,
0x000055afcf653440, 0x00007f646404c190, 0x000055afcf6619e0, 0x00007f645c052e60,
0x00007f645c054270, 0x000055afcf6a98e0, 0x00007f6470045880, 0x00007f64700469e0,
0x00007f647004b4d0, 0x000055afcf9cd5e0, 0x00007f645c0dc630, 0x00007f64640fa960,
0x00007f64640fba80, 0x00007f64640fcba0, 0x000055afcfb5a5e0, 0x000055afd0b38740,
0x000055afd0b4e8f0, 0x000055afd0ba1200, 0x000055afd0bab500, 0x000055afd0bc5640,
0x000055afd0c02ef0, 0x000055afd0c0d350, 0x000055afd0c10cc0, 0x000055afd0c119f0,
0x000055afd0c395c0, 0x000055afd0c50bd0, 0x000055afd0ce2470
}

Java Threads: ( => current thread )
  0x000055afcf4489d0 JavaThread "main" [_thread_in_Java, id=162171, stack(0x00007fffe79cc000,0x00007fffe7acc000)]
  0x000055afcf63cb70 JavaThread "Reference Handler" daemon [_thread_blocked, id=162178, stack(0x00007f64a4064000,0x00007f64a4165000)]
  0x000055afcf63dfc0 JavaThread "Finalizer" daemon [_thread_blocked, id=162179, stack(0x00007f6495eff000,0x00007f6496000000)]
  0x000055afcf644810 JavaThread "Signal Dispatcher" daemon [_thread_blocked, id=162180, stack(0x00007f649558d000,0x00007f649568e000)]
  0x000055afcf645bf0 JavaThread "Service Thread" daemon [_thread_blocked, id=162181, stack(0x00007f649548c000,0x00007f649558d000)]
  0x000055afcf647030 JavaThread "Monitor Deflation Thread" daemon [_thread_blocked, id=162182, stack(0x00007f649538b000,0x00007f649548c000)]
  0x000055afcf648a50 JavaThread "JVMCI-native CompilerThread0" daemon [_thread_in_native, id=162183, stack(0x00007f649518a000,0x00007f649538b000)]
  0x000055afcf649fb0 JavaThread "C1 CompilerThread0" daemon [_thread_blocked, id=162184, stack(0x00007f6494f89000,0x00007f649518a000)]
  0x000055afcf653440 JavaThread "Sweeper thread" daemon [_thread_blocked, id=162185, stack(0x00007f6494e88000,0x00007f6494f89000)]
  0x00007f646404c190 JavaThread "C1 CompilerThread1" daemon [_thread_blocked, id=162186, stack(0x00007f6494c87000,0x00007f6494e88000)]
  0x000055afcf6619e0 JavaThread "Common-Cleaner" daemon [_thread_blocked, id=162187, stack(0x00007f6494b86000,0x00007f6494c87000)]
  0x00007f645c052e60 JavaThread "C1 CompilerThread2" daemon [_thread_blocked, id=162188, stack(0x00007f6494985000,0x00007f6494b86000)]
  0x00007f645c054270 JavaThread "C1 CompilerThread3" daemon [_thread_blocked, id=162189, stack(0x00007f6494784000,0x00007f6494985000)]
  0x000055afcf6a98e0 JavaThread "Notification Thread" daemon [_thread_blocked, id=162190, stack(0x00007f6494683000,0x00007f6494784000)]
  0x00007f6470045880 JavaThread "JVMCI-native CompilerThread1" daemon [_thread_in_native, id=162192, stack(0x00007f6446eff000,0x00007f6447100000)]
  0x00007f64700469e0 JavaThread "JVMCI-native CompilerThread2" daemon [_thread_in_native, id=162193, stack(0x00007f6446cfe000,0x00007f6446eff000)]
  0x00007f647004b4d0 JavaThread "JVMCI-native CompilerThread3" daemon [_thread_in_native, id=162194, stack(0x00007f6446afd000,0x00007f6446cfe000)]
  0x000055afcf9cd5e0 JavaThread "process reaper" daemon [_thread_blocked, id=162196, stack(0x00007f64943de000,0x00007f6494400000)]
  0x00007f645c0dc630 JavaThread "C1 CompilerThread4" daemon [_thread_blocked, id=162203, stack(0x00007f64301ff000,0x00007f6430400000)]
  0x00007f64640fa960 JavaThread "C1 CompilerThread5" daemon [_thread_in_native, id=162204, stack(0x00007f642bdff000,0x00007f642c000000)]
  0x00007f64640fba80 JavaThread "C1 CompilerThread6" daemon [_thread_blocked, id=162205, stack(0x00007f642bbfe000,0x00007f642bdff000)]
  0x00007f64640fcba0 JavaThread "C1 CompilerThread7" daemon [_thread_in_native, id=162206, stack(0x00007f642b9fd000,0x00007f642bbfe000)]
  0x000055afcfb5a5e0 JavaThread "TruffleCompilerThread-30" daemon [_thread_in_native, id=162207, stack(0x00007f64300fe000,0x00007f64301ff000)]
  0x000055afd0b38740 JavaThread "TruffleCompilerThread-32" daemon [_thread_in_native, id=162238, stack(0x00007f63dd1ff000,0x00007f63dd300000)]
  0x000055afd0b4e8f0 JavaThread "TruffleCompilerThread-33" daemon [_thread_in_native, id=162239, stack(0x00007f63dc2ff000,0x00007f63dc400000)]
  0x000055afd0ba1200 JavaThread "TruffleCompilerThread-34" daemon [_thread_in_native, id=162248, stack(0x00007f637cbff000,0x00007f637cd00000)]
=>0x000055afd0bab500 JavaThread "TruffleCompilerThread-35" daemon [_thread_in_native, id=162249, stack(0x00007f6372bff000,0x00007f6372d00000)]
  0x000055afd0bc5640 JavaThread "TruffleCompilerThread-36" daemon [_thread_in_native, id=162250, stack(0x00007f6366eff000,0x00007f6367000000)]
  0x000055afd0c02ef0 JavaThread "TruffleCompilerThread-37" daemon [_thread_in_native, id=162251, stack(0x00007f635beff000,0x00007f635c000000)]
  0x000055afd0c0d350 JavaThread "TruffleCompilerThread-38" daemon [_thread_in_native, id=162252, stack(0x00007f6353eff000,0x00007f6354000000)]
  0x000055afd0c10cc0 JavaThread "TruffleCompilerThread-39" daemon [_thread_in_native, id=162253, stack(0x00007f63520ff000,0x00007f6352200000)]
  0x000055afd0c119f0 JavaThread "TruffleCompilerThread-40" daemon [_thread_in_native, id=162254, stack(0x00007f6350cff000,0x00007f6350e00000)]
  0x000055afd0c395c0 JavaThread "python-actions-pool-1-thread-1" daemon [_thread_blocked, id=162255, stack(0x00007f63307ff000,0x00007f6330900000)]
  0x000055afd0c50bd0 JavaThread "nfi-gc" daemon [_thread_blocked, id=162256, stack(0x00007f632a6ff000,0x00007f632a800000)]
  0x000055afd0ce2470 JavaThread "python-actions-pool-2-thread-1" daemon [_thread_blocked, id=162257, stack(0x00007f63597f6000,0x00007f63598f7000)]

Other Threads:
  0x000055afcf638870 VMThread "VM Thread" [stack: 0x00007f64a4167000,0x00007f64a4267000] [id=162177]
  0x000055afcf6ab250 WatcherThread [stack: 0x00007f6494583000,0x00007f6494683000] [id=162191]
  0x000055afcf47f120 GCTaskThread "GC Thread#0" [stack: 0x00007f64a5f7b000,0x00007f64a607b000] [id=162172]
  0x00007f6484008e60 GCTaskThread "GC Thread#1" [stack: 0x00007f6428e00000,0x00007f6428f00000] [id=162211]
  0x00007f64840098b0 GCTaskThread "GC Thread#2" [stack: 0x00007f6428cfe000,0x00007f6428dfe000] [id=162212]
  0x00007f648400a300 GCTaskThread "GC Thread#3" [stack: 0x00007f6428bfc000,0x00007f6428cfc000] [id=162213]
  0x00007f648400ad50 GCTaskThread "GC Thread#4" [stack: 0x00007f6428afa000,0x00007f6428bfa000] [id=162214]
  0x00007f648400b7a0 GCTaskThread "GC Thread#5" [stack: 0x00007f64289f8000,0x00007f6428af8000] [id=162215]
  0x00007f648400c1f0 GCTaskThread "GC Thread#6" [stack: 0x00007f64288f6000,0x00007f64289f6000] [id=162216]
  0x00007f648400cc40 GCTaskThread "GC Thread#7" [stack: 0x00007f64287f4000,0x00007f64288f4000] [id=162217]
  0x00007f648400d690 GCTaskThread "GC Thread#8" [stack: 0x00007f64286f2000,0x00007f64287f2000] [id=162218]
  0x00007f648400e0e0 GCTaskThread "GC Thread#9" [stack: 0x00007f64285f0000,0x00007f64286f0000] [id=162219]
  0x00007f648400eb30 GCTaskThread "GC Thread#10" [stack: 0x00007f64284ee000,0x00007f64285ee000] [id=162220]
  0x00007f648400f580 GCTaskThread "GC Thread#11" [stack: 0x00007f64283ec000,0x00007f64284ec000] [id=162221]
  0x00007f648400fff0 GCTaskThread "GC Thread#12" [stack: 0x00007f64282ea000,0x00007f64283ea000] [id=162222]
  0x00007f6484010a80 GCTaskThread "GC Thread#13" [stack: 0x00007f64281e8000,0x00007f64282e8000] [id=162223]
  0x00007f6484011900 GCTaskThread "GC Thread#14" [stack: 0x00007f64280e6000,0x00007f64281e6000] [id=162224]
  0x00007f6484012780 GCTaskThread "GC Thread#15" [stack: 0x00007f63dff00000,0x00007f63e0000000] [id=162225]
  0x00007f6484013600 GCTaskThread "GC Thread#16" [stack: 0x00007f63dfdfe000,0x00007f63dfefe000] [id=162226]
  0x00007f6484014480 GCTaskThread "GC Thread#17" [stack: 0x00007f63dfcfc000,0x00007f63dfdfc000] [id=162227]
  0x00007f6484015300 GCTaskThread "GC Thread#18" [stack: 0x00007f63dfbfa000,0x00007f63dfcfa000] [id=162228]
  0x00007f6484016180 GCTaskThread "GC Thread#19" [stack: 0x00007f63dfaf8000,0x00007f63dfbf8000] [id=162229]
  0x00007f6484017000 GCTaskThread "GC Thread#20" [stack: 0x00007f63df9f6000,0x00007f63dfaf6000] [id=162230]
  0x00007f6484017e80 GCTaskThread "GC Thread#21" [stack: 0x00007f63df8f4000,0x00007f63df9f4000] [id=162231]
  0x00007f6484018d00 GCTaskThread "GC Thread#22" [stack: 0x00007f63df7f2000,0x00007f63df8f2000] [id=162232]
  0x000055afcf48f770 ConcurrentGCThread "G1 Main Marker" [stack: 0x00007f64a5e79000,0x00007f64a5f79000] [id=162173]
  0x000055afcf490710 ConcurrentGCThread "G1 Conc#0" [stack: 0x00007f64a5d77000,0x00007f64a5e77000] [id=162174]
  0x00007f6498000d30 ConcurrentGCThread "G1 Conc#1" [stack: 0x00007f63df6f0000,0x00007f63df7f0000] [id=162233]
  0x00007f6498001b80 ConcurrentGCThread "G1 Conc#2" [stack: 0x00007f63df5ee000,0x00007f63df6ee000] [id=162234]
  0x00007f6498002610 ConcurrentGCThread "G1 Conc#3" [stack: 0x00007f63df4ec000,0x00007f63df5ec000] [id=162235]
  0x00007f64980030a0 ConcurrentGCThread "G1 Conc#4" [stack: 0x00007f63df3ea000,0x00007f63df4ea000] [id=162236]
  0x00007f6498003b30 ConcurrentGCThread "G1 Conc#5" [stack: 0x00007f63df2e8000,0x00007f63df3e8000] [id=162237]
  0x000055afcf604bc0 ConcurrentGCThread "G1 Refine#0" [stack: 0x00007f64a455e000,0x00007f64a465e000] [id=162175]
  0x00007f6490000d30 ConcurrentGCThread "G1 Refine#1" [stack: 0x00007f63a0700000,0x00007f63a0800000] [id=162240]
  0x00007f6390000d30 ConcurrentGCThread "G1 Refine#2" [stack: 0x00007f63a05fe000,0x00007f63a06fe000] [id=162241]
  0x00007f6394000d30 ConcurrentGCThread "G1 Refine#3" [stack: 0x00007f63a04fc000,0x00007f63a05fc000] [id=162242]
  0x00007f6388000d30 ConcurrentGCThread "G1 Refine#4" [stack: 0x00007f63a03fa000,0x00007f63a04fa000] [id=162243]
  0x00007f638c000d30 ConcurrentGCThread "G1 Refine#5" [stack: 0x00007f63a02f8000,0x00007f63a03f8000] [id=162244]
  0x00007f6380000d30 ConcurrentGCThread "G1 Refine#6" [stack: 0x00007f63a01f6000,0x00007f63a02f6000] [id=162245]
  0x00007f6384000d30 ConcurrentGCThread "G1 Refine#7" [stack: 0x00007f63a00f4000,0x00007f63a01f4000] [id=162246]
  0x00007f6378000d30 ConcurrentGCThread "G1 Refine#8" [stack: 0x00007f637ff00000,0x00007f6380000000] [id=162247]
  0x000055afcf605ad0 ConcurrentGCThread "G1 Service" [stack: 0x00007f64a445c000,0x00007f64a455c000] [id=162176]

Threads with active compile tasks:
JVMCI-native CompilerThread0     1519 6424       4       com.oracle.graal.python.nodes.attributes.LookupCallableSlotInMRONodeFactory$CachedLookupNodeGen::execute (1014 bytes)
JVMCI-native CompilerThread1     1519 6510       4       com.oracle.graal.python.nodes.object.InlinedGetClassNodeGen$Inlined::execute (532 bytes)
JVMCI-native CompilerThread2     1519 6455       4       java.util.TimSort::sort (229 bytes)
JVMCI-native CompilerThread3     1519 6059       4       com.oracle.graal.python.pegparser.AbstractParser::getAndInitializeToken (171 bytes)
C1 CompilerThread5     1519 6512       3       java.util.Formatter::parse (216 bytes)
C1 CompilerThread7     1519 6515       3       com.oracle.graal.python.nodes.expression.CoerceToBooleanNodeFactory$NotNodeGen::execute (205 bytes)

VM state: not at safepoint (normal execution)

VM Mutex/Monitor currently owned by a thread: None

Heap address: 0x0000000082000000, size: 30688 MB, Compressed Oops mode: Zero based, Oop shift amount: 3

CDS archive(s) mapped at: [0x0000000800000000-0x0000000800bcb000-0x0000000800bcb000), size 12365824, SharedBaseAddress: 0x0000000800000000, ArchiveRelocationMode: 0.
Compressed class space mapped at: 0x0000000801000000-0x0000000841000000, reserved size: 1073741824
Narrow klass base: 0x0000000800000000, Narrow klass shift: 0, Narrow klass range: 0x100000000

GC Precious Log:
 CPUs: 32 total, 32 available
 Memory: 125G
 Large Page Support: Disabled
 NUMA Support: Disabled
 Compressed Oops: Enabled (Zero based)
 Heap Region Size: 16M
 Heap Min Capacity: 16M
 Heap Initial Capacity: 2016M
 Heap Max Capacity: 30688M
 Pre-touch: Disabled
 Parallel Workers: 23
 Concurrent Workers: 6
 Concurrent Refinement Workers: 23
 Periodic GC: Disabled

Heap:
 garbage-first heap   total 393216K, used 150044K [0x0000000082000000, 0x0000000800000000)
  region size 16384K, 8 young (131072K), 1 survivors (16384K)
 Metaspace       used 72983K, committed 73280K, reserved 1114112K
  class space    used 10165K, committed 10304K, reserved 1048576K

Heap Regions: E=young(eden), S=young(survivor), O=old, HS=humongous(starts), HC=humongous(continues), CS=collection set, F=free, OA=open archive, CA=closed archive, TAMS=top-at-mark-start (previous, next)
|   0|0x0000000082000000, 0x0000000083000000, 0x0000000083000000|100%| O|  |TAMS 0x0000000083000000, 0x0000000082000000| Untracked 
|   1|0x0000000083000000, 0x0000000083000000, 0x0000000084000000|  0%| F|  |TAMS 0x0000000083000000, 0x0000000083000000| Untracked 
|   2|0x0000000084000000, 0x0000000085000000, 0x0000000085000000|100%| O|  |TAMS 0x0000000085000000, 0x0000000084000000| Untracked 
|   3|0x0000000085000000, 0x000000008514e600, 0x0000000086000000|  8%| O|  |TAMS 0x000000008514e600, 0x0000000085000000| Complete 
|   4|0x0000000086000000, 0x0000000086000000, 0x0000000087000000|  0%| F|  |TAMS 0x0000000086000000, 0x0000000086000000| Untracked 
|   5|0x0000000087000000, 0x0000000087000000, 0x0000000088000000|  0%| F|  |TAMS 0x0000000087000000, 0x0000000087000000| Untracked 
|   6|0x0000000088000000, 0x0000000088000000, 0x0000000089000000|  0%| F|  |TAMS 0x0000000088000000, 0x0000000088000000| Untracked 
|   7|0x0000000089000000, 0x0000000089000000, 0x000000008a000000|  0%| F|  |TAMS 0x0000000089000000, 0x0000000089000000| Untracked 
|   8|0x000000008a000000, 0x000000008a000000, 0x000000008b000000|  0%| F|  |TAMS 0x000000008a000000, 0x000000008a000000| Untracked 
|   9|0x000000008b000000, 0x000000008b000000, 0x000000008c000000|  0%| F|  |TAMS 0x000000008b000000, 0x000000008b000000| Untracked 
|  10|0x000000008c000000, 0x000000008c000000, 0x000000008d000000|  0%| F|  |TAMS 0x000000008c000000, 0x000000008c000000| Untracked 
|  11|0x000000008d000000, 0x000000008d000000, 0x000000008e000000|  0%| F|  |TAMS 0x000000008d000000, 0x000000008d000000| Untracked 
|  12|0x000000008e000000, 0x000000008e165d28, 0x000000008f000000|  8%| S|CS|TAMS 0x000000008e000000, 0x000000008e000000| Complete 
|  13|0x000000008f000000, 0x000000008f000000, 0x0000000090000000|  0%| F|  |TAMS 0x000000008f000000, 0x000000008f000000| Untracked 
|  14|0x0000000090000000, 0x0000000090000000, 0x0000000091000000|  0%| F|  |TAMS 0x0000000090000000, 0x0000000090000000| Untracked 
|  15|0x0000000091000000, 0x00000000914dc7a0, 0x0000000092000000| 30%| E|  |TAMS 0x0000000091000000, 0x0000000091000000| Complete 
|  16|0x0000000092000000, 0x0000000093000000, 0x0000000093000000|100%| E|CS|TAMS 0x0000000092000000, 0x0000000092000000| Complete 
|  17|0x0000000093000000, 0x0000000094000000, 0x0000000094000000|100%| E|CS|TAMS 0x0000000093000000, 0x0000000093000000| Complete 
|  18|0x0000000094000000, 0x0000000095000000, 0x0000000095000000|100%| E|CS|TAMS 0x0000000094000000, 0x0000000094000000| Complete 
|  19|0x0000000095000000, 0x0000000096000000, 0x0000000096000000|100%| E|CS|TAMS 0x0000000095000000, 0x0000000095000000| Complete 
|  20|0x0000000096000000, 0x0000000097000000, 0x0000000097000000|100%| E|CS|TAMS 0x0000000096000000, 0x0000000096000000| Complete 
| 125|0x00000000ff000000, 0x0000000100000000, 0x0000000100000000|100%| E|CS|TAMS 0x00000000ff000000, 0x00000000ff000000| Complete 
|1916|0x00000007fe000000, 0x00000007fef46000, 0x00000007ff000000| 95%|OA|  |TAMS 0x00000007fef46000, 0x00000007fe000000| Untracked 
|1917|0x00000007ff000000, 0x00000007ff08d000, 0x0000000800000000|  3%|CA|  |TAMS 0x00000007ff08d000, 0x00000007ff000000| Untracked 

Card table byte_map: [0x00007f64e5d13000,0x00007f64e9903000] _byte_map_base: 0x00007f64e5903000

Marking Bits (Prev, Next): (CMBitMap*) 0x000055afcf47fc00, (CMBitMap*) 0x000055afcf47fbc0
 Prev Bits: [0x00007f64a6223000, 0x00007f64c41a3000)
 Next Bits: [0x00007f64c41a3000, 0x00007f64e2123000)

Polling page: 0x00007f64fdf2a000

Metaspace:

Usage:
  Non-class:     61.35 MB used.
      Class:      9.93 MB used.
       Both:     71.27 MB used.

Virtual space:
  Non-class space:       64.00 MB reserved,      61.50 MB ( 96%) committed,  1 nodes.
      Class space:        1.00 GB reserved,      10.06 MB ( <1%) committed,  1 nodes.
             Both:        1.06 GB reserved,      71.56 MB (  7%) committed. 

Chunk freelists:
   Non-Class:  1.86 MB
       Class:  5.84 MB
        Both:  7.70 MB

MaxMetaspaceSize: unlimited
CompressedClassSpaceSize: 1.00 GB
Initial GC threshold: 21.00 MB
Current GC threshold: 102.19 MB
CDS: on
MetaspaceReclaimPolicy: balanced
 - commit_granule_bytes: 65536.
 - commit_granule_words: 8192.
 - virtual_space_node_default_size: 8388608.
 - enlarge_chunks_in_place: 1.
 - new_chunks_are_fully_committed: 0.
 - uncommit_free_chunks: 1.
 - use_allocation_guard: 0.
 - handle_deallocations: 1.


Internal statistics:

num_allocs_failed_limit: 23.
num_arena_births: 330.
num_arena_deaths: 0.
num_vsnodes_births: 2.
num_vsnodes_deaths: 0.
num_space_committed: 1145.
num_space_uncommitted: 0.
num_chunks_returned_to_freelist: 23.
num_chunks_taken_from_freelist: 2759.
num_chunk_merges: 23.
num_chunk_splits: 2186.
num_chunks_enlarged: 1785.
num_inconsistent_stats: 0.

CodeHeap 'non-profiled nmethods': size=117208Kb used=2530Kb max_used=2530Kb free=114677Kb
 bounds [0x00007f64f6c65000, 0x00007f64f6ee5000, 0x00007f64fdedb000]
CodeHeap 'profiled nmethods': size=117208Kb used=16369Kb max_used=16369Kb free=100838Kb
 bounds [0x00007f64eeedb000, 0x00007f64efedb000, 0x00007f64f6151000]
CodeHeap 'non-nmethods': size=11344Kb used=5424Kb max_used=5443Kb free=5920Kb
 bounds [0x00007f64f6151000, 0x00007f64f66b1000, 0x00007f64f6c65000]
 total_blobs=6453 nmethods=5611 adapters=734
 compilation: enabled
              stopped_count=0, restarted_count=0
 full_count=0

JVMCI Events (20 events):
Event: 1.457 Thread 0x00007f64700469e0 compacted oop handles in JVMCI runtime 2 from 181 to 137
Event: 1.457 Thread 0x000055afcf648a50 compacted oop handles in JVMCI runtime 0 from 184 to 175
Event: 1.458 Thread 0x000055afcfb5a5e0 compacted oop handles in JVMCI runtime 4 from 2508 to 1386
Event: 1.463 Thread 0x000055afd0b4e8f0 compacted oop handles in JVMCI runtime 6 from 1379 to 1259
Event: 1.464 Thread 0x00007f6470045880 compacted oop handles in JVMCI runtime 1 from 130 to 129
Event: 1.468 Thread 0x000055afd0c0d350 compacted oop handles in JVMCI runtime 11 from 1346 to 1218
Event: 1.470 Thread 0x000055afcfb5a5e0 compacted oop handles in JVMCI runtime 4 from 1405 to 1042
Event: 1.470 Thread 0x000055afcf648a50 compacted oop handles in JVMCI runtime 0 from 194 to 106
Event: 1.471 Thread 0x00007f64700469e0 compacted oop handles in JVMCI runtime 2 from 213 to 208
Event: 1.473 Thread 0x000055afcf648a50 compacted oop handles in JVMCI runtime 0 from 115 to 114
Event: 1.478 Thread 0x00007f6470045880 compacted oop handles in JVMCI runtime 1 from 196 to 190
Event: 1.478 Thread 0x00007f6470045880 compacted oop handles in JVMCI runtime 1 from 191 to 148
Event: 1.486 Thread 0x00007f6470045880 compacted oop handles in JVMCI runtime 1 from 180 to 177
Event: 1.489 Thread 0x00007f64700469e0 compacted oop handles in JVMCI runtime 2 from 347 to 321
Event: 1.489 Thread 0x00007f64700469e0 compacted oop handles in JVMCI runtime 2 from 322 to 219
Event: 1.490 Thread 0x00007f64700469e0 compacted oop handles in JVMCI runtime 2 from 223 to 222
Event: 1.491 Thread 0x00007f64700469e0 compacted oop handles in JVMCI runtime 2 from 236 to 234
Event: 1.493 Thread 0x000055afcfb5a5e0 compacted oop handles in JVMCI runtime 4 from 1366 to 1111
Event: 1.498 Thread 0x000055afd0bc5640 compacted oop handles in JVMCI runtime 9 from 1857 to 1119
Event: 1.499 Thread 0x000055afd0bc5640 compacted oop handles in JVMCI runtime 9 from 1141 to 1036

Compilation events (20 events):
Event: 1.492 Thread 0x00007f64700469e0 nmethod 6426 0x00007f64f6ec5990 code [0x00007f64f6ec5b00, 0x00007f64f6ec5b98]
Event: 1.492 Thread 0x00007f64640fcba0 6452   !   3       java.util.concurrent.ConcurrentHashMap::putVal (432 bytes)
Event: 1.492 Thread 0x00007f64640fba80 6453       3       java.net.URLClassLoader::isSealed (72 bytes)
Event: 1.493 Thread 0x00007f645c0dc630 6454       3       java.util.concurrent.ConcurrentHashMap::get (162 bytes)
Event: 1.493 Thread 0x00007f64640fcba0 nmethod 6452 0x00007f64efe99d10 code [0x00007f64efe9a060, 0x00007f64efe9c400]
Event: 1.493 Thread 0x00007f645c0dc630 nmethod 6454 0x00007f64efe9cd90 code [0x00007f64efe9cfe0, 0x00007f64efe9e060]
Event: 1.493 Thread 0x00007f64640fba80 nmethod 6453 0x00007f64efe9e390 code [0x00007f64efe9e7c0, 0x00007f64efea0af0]
Event: 1.493 Thread 0x00007f64700469e0 6455       4       java.util.TimSort::sort (229 bytes)
Event: 1.493 Thread 0x00007f64640fcba0 6456       3       jdk.internal.misc.Unsafe::checkOffset (32 bytes)
Event: 1.494 Thread 0x00007f64640fcba0 nmethod 6456 0x00007f64efea1590 code [0x00007f64efea1740, 0x00007f64efea19c0]
Event: 1.495 Thread 0x00007f64640fcba0 6460       2       com.oracle.truffle.api.strings.TStringGuards::isBestEffort (13 bytes)
Event: 1.495 Thread 0x00007f645c054270 6461       2       com.oracle.truffle.api.strings.TruffleStringIterator$InternalNextNode::fixed (7 bytes)
Event: 1.495 Thread 0x00007f64640fcba0 nmethod 6460 0x00007f64efea1b10 code [0x00007f64efea1ca0, 0x00007f64efea1d90]
Event: 1.495 Thread 0x00007f645c054270 nmethod 6461 0x00007f64efea1e10 code [0x00007f64efea1fc0, 0x00007f64efea20c0]
Event: 1.495 Thread 0x00007f64640fcba0 6462       3       com.oracle.graal.python.nodes.PRaiseNode::raiseExceptionObject (13 bytes)
Event: 1.495 Thread 0x00007f64640fcba0 nmethod 6462 0x00007f64efea2190 code [0x00007f64efea2440, 0x00007f64efea33d0]
Event: 1.495 Thread 0x00007f646404c190 6463       3       com.oracle.graal.python.nodes.PRaiseNodeGen::execute (448 bytes)
Event: 1.496 Thread 0x00007f64640fcba0 6464       3       java.util.concurrent.locks.AbstractQueuedSynchronizer::releaseShared (19 bytes)
Event: 1.496 Thread 0x00007f64640fcba0 nmethod 6464 0x00007f64efea3890 code [0x00007f64efea3a80, 0x00007f64efea4040]
Event: 1.496 Thread 0x00007f646404c190 nmethod 6463 0x00007f64efea4190 code [0x00007f64efea4600, 0x00007f64efea8520]

GC Heap History (14 events):
Event: 0.383 GC heap before
{Heap before GC invocations=0 (full 0):
 garbage-first heap   total 2097152K, used 81740K [0x0000000082000000, 0x0000000800000000)
  region size 16384K, 5 young (81920K), 0 survivors (0K)
 Metaspace       used 21317K, committed 21504K, reserved 1114112K
  class space    used 2085K, committed 2176K, reserved 1048576K
}
Event: 0.385 GC heap after
{Heap after GC invocations=1 (full 0):
 garbage-first heap   total 2097152K, used 34307K [0x0000000082000000, 0x0000000800000000)
  region size 16384K, 1 young (16384K), 1 survivors (16384K)
 Metaspace       used 21317K, committed 21504K, reserved 1114112K
  class space    used 2085K, committed 2176K, reserved 1048576K
}
Event: 0.630 GC heap before
{Heap before GC invocations=2 (full 0):
 garbage-first heap   total 278528K, used 99843K [0x0000000082000000, 0x0000000800000000)
  region size 16384K, 6 young (98304K), 1 survivors (16384K)
 Metaspace       used 35870K, committed 36160K, reserved 1114112K
  class space    used 4369K, committed 4544K, reserved 1048576K
}
Event: 0.633 GC heap after
{Heap after GC invocations=3 (full 0):
 garbage-first heap   total 278528K, used 39527K [0x0000000082000000, 0x0000000800000000)
  region size 16384K, 1 young (16384K), 1 survivors (16384K)
 Metaspace       used 35870K, committed 36160K, reserved 1114112K
  class space    used 4369K, committed 4544K, reserved 1048576K
}
Event: 0.638 GC heap before
{Heap before GC invocations=3 (full 0):
 garbage-first heap   total 278528K, used 39527K [0x0000000082000000, 0x0000000800000000)
  region size 16384K, 2 young (32768K), 1 survivors (16384K)
 Metaspace       used 36187K, committed 36480K, reserved 1114112K
  class space    used 4429K, committed 4608K, reserved 1048576K
}
Event: 0.640 GC heap after
{Heap after GC invocations=4 (full 0):
 garbage-first heap   total 278528K, used 39046K [0x0000000082000000, 0x0000000800000000)
  region size 16384K, 1 young (16384K), 1 survivors (16384K)
 Metaspace       used 36187K, committed 36480K, reserved 1114112K
  class space    used 4429K, committed 4608K, reserved 1048576K
}
Event: 0.643 GC heap before
{Heap before GC invocations=4 (full 0):
 garbage-first heap   total 278528K, used 39046K [0x0000000082000000, 0x0000000800000000)
  region size 16384K, 2 young (32768K), 1 survivors (16384K)
 Metaspace       used 36505K, committed 36800K, reserved 1114112K
  class space    used 4492K, committed 4672K, reserved 1048576K
}
Event: 0.644 GC heap after
{Heap after GC invocations=5 (full 0):
 garbage-first heap   total 278528K, used 38845K [0x0000000082000000, 0x0000000800000000)
  region size 16384K, 1 young (16384K), 1 survivors (16384K)
 Metaspace       used 36505K, committed 36800K, reserved 1114112K
  class space    used 4492K, committed 4672K, reserved 1048576K
}
Event: 1.046 GC heap before
{Heap before GC invocations=6 (full 0):
 garbage-first heap   total 278528K, used 153533K [0x0000000082000000, 0x0000000800000000)
  region size 16384K, 8 young (131072K), 1 survivors (16384K)
 Metaspace       used 61592K, committed 61888K, reserved 1114112K
  class space    used 9022K, committed 9152K, reserved 1048576K
}
Event: 1.049 GC heap after
{Heap after GC invocations=7 (full 0):
 garbage-first heap   total 278528K, used 51822K [0x0000000082000000, 0x0000000800000000)
  region size 16384K, 1 young (16384K), 1 survivors (16384K)
 Metaspace       used 61592K, committed 61888K, reserved 1114112K
  class space    used 9022K, committed 9152K, reserved 1048576K
}
Event: 1.059 GC heap before
{Heap before GC invocations=7 (full 0):
 garbage-first heap   total 278528K, used 51822K [0x0000000082000000, 0x0000000800000000)
  region size 16384K, 2 young (32768K), 1 survivors (16384K)
 Metaspace       used 61936K, committed 62208K, reserved 1114112K
  class space    used 9061K, committed 9216K, reserved 1048576K
}
Event: 1.065 GC heap after
{Heap after GC invocations=8 (full 0):
 garbage-first heap   total 278528K, used 53038K [0x0000000082000000, 0x0000000800000000)
  region size 16384K, 1 young (16384K), 1 survivors (16384K)
 Metaspace       used 61936K, committed 62208K, reserved 1114112K
  class space    used 9061K, committed 9216K, reserved 1048576K
}
Event: 1.072 GC heap before
{Heap before GC invocations=8 (full 0):
 garbage-first heap   total 278528K, used 53038K [0x0000000082000000, 0x0000000800000000)
  region size 16384K, 2 young (32768K), 1 survivors (16384K)
 Metaspace       used 62237K, committed 62528K, reserved 1114112K
  class space    used 9104K, committed 9280K, reserved 1048576K
}
Event: 1.074 GC heap after
{Heap after GC invocations=9 (full 0):
 garbage-first heap   total 1179648K, used 51740K [0x0000000082000000, 0x0000000800000000)
  region size 16384K, 1 young (16384K), 1 survivors (16384K)
 Metaspace       used 62237K, committed 62528K, reserved 1114112K
  class space    used 9104K, committed 9280K, reserved 1048576K
}

Dll operation events (11 events):
Event: 0.001 Loaded shared library /home/a4090/miniconda3/envs/auto_pose/lib/jvm/lib/libjava.so
Event: 0.005 Loaded shared library /home/a4090/miniconda3/envs/auto_pose/lib/jvm/lib/libjsvml.so
Event: 0.019 Loaded shared library /home/a4090/miniconda3/envs/auto_pose/lib/jvm/lib/libjvmcicompiler.so
Event: 0.019 Loaded shared library /home/a4090/miniconda3/envs/auto_pose/lib/jvm/lib/libnio.so
Event: 0.020 Loaded shared library /home/a4090/miniconda3/envs/auto_pose/lib/jvm/lib/libzip.so
Event: 0.022 Loaded shared library /home/a4090/miniconda3/envs/auto_pose/lib/jvm/lib/libjimage.so
Event: 0.025 Loaded shared library /home/a4090/miniconda3/envs/auto_pose/lib/jvm/lib/libmanagement.so
Event: 0.026 Loaded shared library /home/a4090/miniconda3/envs/auto_pose/lib/jvm/lib/libmanagement_ext.so
Event: 0.028 Loaded shared library /home/a4090/miniconda3/envs/auto_pose/lib/jvm/lib/libnet.so
Event: 0.401 Loaded shared library /home/a4090/miniconda3/envs/auto_pose/lib/jvm/lib/libverify.so
Event: 1.247 Loaded shared library /home/a4090/miniconda3/envs/auto_pose/lib/jvm/lib/libtrufflenfi.so

Deoptimization events (20 events):
Event: 1.490 Thread 0x000055afcf4489d0 Uncommon trap: trap_request=0xffffffed fr.pc=0x00007f64f6d5807f relative=0x00000000000006ff
Event: 1.490 Thread 0x000055afcf4489d0 Uncommon trap: reason=null_assert_or_unreached0 action=reinterpret pc=0x00007f64f6d5807f method=java.util.jar.JarFile.checkForSpecialAttributes()V @ 26 jvmci
Event: 1.490 Thread 0x000055afcf4489d0 DEOPT PACKING pc=0x00007f64f6d5807f sp=0x00007fffe7a9b700
Event: 1.490 Thread 0x000055afcf4489d0 DEOPT UNPACKING pc=0x00007f64f61a7c25 sp=0x00007fffe7a9aa98 mode 3
Event: 1.491 Thread 0x000055afcf4489d0 Uncommon trap: trap_request=0xffffffcd fr.pc=0x00007f64f6cde0bb relative=0x000000000000009b
Event: 1.491 Thread 0x000055afcf4489d0 Uncommon trap: reason=intrinsic_or_type_checked_inlining action=reinterpret pc=0x00007f64f6cde0bb method=java.io.FilterInputStream.available()I @ 4 jvmci
Event: 1.491 Thread 0x000055afcf4489d0 DEOPT PACKING pc=0x00007f64f6cde0bb sp=0x00007fffe7a9c8a0
Event: 1.491 Thread 0x000055afcf4489d0 DEOPT UNPACKING pc=0x00007f64f61a7c25 sp=0x00007fffe7a9bd40 mode 3
Event: 1.492 Thread 0x000055afcf4489d0 Uncommon trap: trap_request=0xffffffed fr.pc=0x00007f64f6cc4850 relative=0x0000000000000eb0
Event: 1.492 Thread 0x000055afcf4489d0 Uncommon trap: reason=null_assert_or_unreached0 action=reinterpret pc=0x00007f64f6cc4850 method=java.util.concurrent.ConcurrentHashMap.putVal(Ljava/lang/Object;Ljava/lang/Object;Z)Ljava/lang/Object; @ 397 jvmci
Event: 1.492 Thread 0x000055afcf4489d0 DEOPT PACKING pc=0x00007f64f6cc4850 sp=0x00007fffe7a9c040
Event: 1.492 Thread 0x000055afcf4489d0 DEOPT UNPACKING pc=0x00007f64f61a7c25 sp=0x00007fffe7a9b4d0 mode 3
Event: 1.492 Thread 0x000055afcf4489d0 Uncommon trap: trap_request=0xffffffed fr.pc=0x00007f64f6d00e57 relative=0x0000000000000757
Event: 1.492 Thread 0x000055afcf4489d0 Uncommon trap: reason=null_assert_or_unreached0 action=reinterpret pc=0x00007f64f6d00e57 method=java.util.concurrent.ConcurrentHashMap.get(Ljava/lang/Object;)Ljava/lang/Object; @ 13 jvmci
Event: 1.492 Thread 0x000055afcf4489d0 DEOPT PACKING pc=0x00007f64f6d00e57 sp=0x00007fffe7a9c0a0
Event: 1.492 Thread 0x000055afcf4489d0 DEOPT UNPACKING pc=0x00007f64f61a7c25 sp=0x00007fffe7a9b548 mode 3
Event: 1.494 Thread 0x000055afcf4489d0 Uncommon trap: trap_request=0xffffffcd fr.pc=0x00007f64f6d54b54 relative=0x00000000000003f4
Event: 1.494 Thread 0x000055afcf4489d0 Uncommon trap: reason=intrinsic_or_type_checked_inlining action=reinterpret pc=0x00007f64f6d54b54 method=java.nio.Buffer.<init>(IIIILjdk/internal/access/foreign/MemorySegmentProxy;)V @ 37 jvmci
Event: 1.494 Thread 0x000055afcf4489d0 DEOPT PACKING pc=0x00007f64f6d54b54 sp=0x00007fffe7a9c710
Event: 1.494 Thread 0x000055afcf4489d0 DEOPT UNPACKING pc=0x00007f64f61a7c25 sp=0x00007fffe7a9bbd8 mode 3

Classes unloaded (0 events):
No events

Classes redefined (0 events):
No events

Internal exceptions (20 events):
Event: 1.296 Thread 0x000055afcf4489d0 Exception <a 'sun/nio/fs/UnixException'{0x0000000094fd2030}> (0x0000000094fd2030) 
thrown [src/hotspot/share/prims/jni.cpp, line 516]
Event: 1.296 Thread 0x000055afcf4489d0 Exception <a 'sun/nio/fs/UnixException'{0x0000000094fd38b8}> (0x0000000094fd38b8) 
thrown [src/hotspot/share/prims/jni.cpp, line 516]
Event: 1.296 Thread 0x000055afcf4489d0 Exception <a 'sun/nio/fs/UnixException'{0x0000000094fd5630}> (0x0000000094fd5630) 
thrown [src/hotspot/share/prims/jni.cpp, line 516]
Event: 1.296 Thread 0x000055afcf4489d0 Exception <a 'sun/nio/fs/UnixException'{0x0000000094fd6c10}> (0x0000000094fd6c10) 
thrown [src/hotspot/share/prims/jni.cpp, line 516]
Event: 1.303 Thread 0x000055afcf4489d0 Exception <a 'sun/nio/fs/UnixException'{0x0000000093113518}> (0x0000000093113518) 
thrown [src/hotspot/share/prims/jni.cpp, line 516]
Event: 1.303 Thread 0x000055afcf4489d0 Exception <a 'sun/nio/fs/UnixException'{0x0000000093115c40}> (0x0000000093115c40) 
thrown [src/hotspot/share/prims/jni.cpp, line 516]
Event: 1.315 Thread 0x000055afcf4489d0 Exception <a 'sun/nio/fs/UnixException'{0x0000000093207ba8}> (0x0000000093207ba8) 
thrown [src/hotspot/share/prims/jni.cpp, line 516]
Event: 1.315 Thread 0x000055afcf4489d0 Exception <a 'sun/nio/fs/UnixException'{0x000000009320ab18}> (0x000000009320ab18) 
thrown [src/hotspot/share/prims/jni.cpp, line 516]
Event: 1.396 Thread 0x000055afcf4489d0 Exception <a 'java/lang/NoSuchMethodError'{0x0000000093a452d0}: 'java.lang.Object java.lang.invoke.DirectMethodHandle$Holder.newInvokeSpecial(java.lang.Object, java.lang.Object, java.lang.Object, java.lang.Object, java.lang.Object, java.lang.Object, int)'> (0x0000000093a452d0) 
thrown [src/hotspot/share/interpreter/linkResolver.cpp, line 758]
Event: 1.396 Thread 0x000055afcf4489d0 Exception <a 'java/lang/NoSuchMethodError'{0x0000000093a4b300}: 'java.lang.Object java.lang.invoke.DirectMethodHandle$Holder.invokeSpecial(java.lang.Object, java.lang.Object, java.lang.Object, java.lang.Object, java.lang.Object, java.lang.Object, java.lang.Object, int)'> (0x0000000093a4b300) 
thrown [src/hotspot/share/interpreter/linkResolver.cpp, line 758]
Event: 1.464 Thread 0x000055afcf4489d0 Exception <a 'sun/nio/fs/UnixException'{0x00000000929dbad0}> (0x00000000929dbad0) 
thrown [src/hotspot/share/prims/jni.cpp, line 516]
Event: 1.464 Thread 0x000055afcf4489d0 Exception <a 'sun/nio/fs/UnixException'{0x00000000929de1d8}> (0x00000000929de1d8) 
thrown [src/hotspot/share/prims/jni.cpp, line 516]
Event: 1.465 Thread 0x000055afcf4489d0 Exception <a 'sun/nio/fs/UnixException'{0x0000000092a14cb8}> (0x0000000092a14cb8) 
thrown [src/hotspot/share/prims/jni.cpp, line 516]
Event: 1.465 Thread 0x000055afcf4489d0 Exception <a 'sun/nio/fs/UnixException'{0x0000000092a17e60}> (0x0000000092a17e60) 
thrown [src/hotspot/share/prims/jni.cpp, line 516]
Event: 1.470 Thread 0x000055afcf4489d0 Exception <a 'sun/nio/fs/UnixException'{0x0000000092a52730}> (0x0000000092a52730) 
thrown [src/hotspot/share/prims/jni.cpp, line 516]
Event: 1.470 Thread 0x000055afcf4489d0 Exception <a 'sun/nio/fs/UnixException'{0x0000000092a56398}> (0x0000000092a56398) 
thrown [src/hotspot/share/prims/jni.cpp, line 516]
Event: 1.471 Thread 0x000055afcf4489d0 Exception <a 'sun/nio/fs/UnixException'{0x0000000092a85a58}> (0x0000000092a85a58) 
thrown [src/hotspot/share/prims/jni.cpp, line 516]
Event: 1.471 Thread 0x000055afcf4489d0 Exception <a 'sun/nio/fs/UnixException'{0x0000000092a8a178}> (0x0000000092a8a178) 
thrown [src/hotspot/share/prims/jni.cpp, line 516]
Event: 1.473 Thread 0x000055afcf4489d0 Exception <a 'sun/nio/fs/UnixException'{0x0000000092ab7fd0}> (0x0000000092ab7fd0) 
thrown [src/hotspot/share/prims/jni.cpp, line 516]
Event: 1.473 Thread 0x000055afcf4489d0 Exception <a 'sun/nio/fs/UnixException'{0x0000000092abd158}> (0x0000000092abd158) 
thrown [src/hotspot/share/prims/jni.cpp, line 516]

VM Operations (20 events):
Event: 1.206 Executing VM operation: HandshakeAllThreads
Event: 1.206 Executing VM operation: HandshakeAllThreads done
Event: 1.210 Executing VM operation: HandshakeAllThreads
Event: 1.210 Executing VM operation: HandshakeAllThreads done
Event: 1.258 Executing VM operation: ICBufferFull
Event: 1.258 Executing VM operation: ICBufferFull done
Event: 1.346 Executing VM operation: ICBufferFull
Event: 1.346 Executing VM operation: ICBufferFull done
Event: 1.418 Executing VM operation: HandshakeAllThreads
Event: 1.419 Executing VM operation: HandshakeAllThreads done
Event: 1.438 Executing VM operation: HandshakeAllThreads
Event: 1.438 Executing VM operation: HandshakeAllThreads done
Event: 1.445 Executing VM operation: HandshakeAllThreads
Event: 1.445 Executing VM operation: HandshakeAllThreads done
Event: 1.485 Executing VM operation: ICBufferFull
Event: 1.485 Executing VM operation: ICBufferFull done
Event: 1.494 Executing VM operation: HandshakeAllThreads
Event: 1.494 Executing VM operation: HandshakeAllThreads done
Event: 1.494 Executing VM operation: HandshakeAllThreads
Event: 1.494 Executing VM operation: HandshakeAllThreads done

Events (20 events):
Event: 1.332 Thread 0x000055afd0ce2470 Thread added: 0x000055afd0ce2470
Event: 1.332 Protecting memory [0x00007f63597f6000,0x00007f63597fa000] with protection modes 0
Event: 1.332 loading class java/io/NotSerializableException
Event: 1.332 loading class java/io/ObjectStreamException
Event: 1.332 loading class java/io/ObjectStreamException done
Event: 1.332 loading class java/io/NotSerializableException done
Event: 1.434 loading class java/util/Stack
Event: 1.434 loading class java/util/Stack done
Event: 1.437 loading class java/util/JumboEnumSet
Event: 1.437 loading class java/util/JumboEnumSet done
Event: 1.487 loading class java/util/MissingResourceException
Event: 1.487 loading class java/util/MissingResourceException done
Event: 1.490 loading class java/io/FileNotFoundException
Event: 1.490 loading class java/io/FileNotFoundException done
Event: 1.492 loading class java/util/concurrent/ConcurrentHashMap$TreeNode
Event: 1.492 loading class java/util/concurrent/ConcurrentHashMap$TreeNode done
Event: 1.492 loading class java/util/concurrent/ConcurrentHashMap$TreeBin
Event: 1.492 loading class java/util/concurrent/ConcurrentHashMap$TreeBin done
Event: 1.493 loading class java/nio/ByteBufferAsIntBufferB
Event: 1.493 loading class java/nio/ByteBufferAsIntBufferB done


Dynamic libraries:
82000000-97000000 rw-p 00000000 00:00 0 
97000000-ff000000 ---p 00000000 00:00 0 
ff000000-100000000 rw-p 00000000 00:00 0 
100000000-7fe000000 ---p 00000000 00:00 0 
7fe000000-7fef00000 rw-p 00000000 00:00 0 
7fef00000-7fef46000 rw-p 00c8f000 103:02 51866601                        /home/a4090/miniconda3/envs/auto_pose/lib/jvm/lib/server/classes.jsa
7fef46000-7ff000000 rw-p 00000000 00:00 0 
7ff000000-7ff08d000 rw-p 00c02000 103:02 51866601                        /home/a4090/miniconda3/envs/auto_pose/lib/jvm/lib/server/classes.jsa
7ff08d000-800000000 rw-p 00000000 00:00 0 
800000000-80044a000 rw-p 00001000 103:02 51866601                        /home/a4090/miniconda3/envs/auto_pose/lib/jvm/lib/server/classes.jsa
80044a000-800bcb000 r--p 0044b000 103:02 51866601                        /home/a4090/miniconda3/envs/auto_pose/lib/jvm/lib/server/classes.jsa
800bcb000-801000000 ---p 00000000 00:00 0 
801000000-801040000 rw-p 00000000 00:00 0 
801040000-8010c0000 rw-p 00000000 00:00 0 
8010c0000-801100000 rw-p 00000000 00:00 0 
801100000-801180000 rw-p 00000000 00:00 0 
801180000-801240000 rw-p 00000000 00:00 0 
801240000-801260000 rw-p 00000000 00:00 0 
801260000-801280000 ---p 00000000 00:00 0 
801280000-801a30000 rw-p 00000000 00:00 0 
801a30000-841000000 ---p 00000000 00:00 0 
55afce300000-55afce303000 r--p 00000000 103:02 51868967                  /home/a4090/miniconda3/envs/auto_pose/lib/jvm/languages/python/bin/python
55afce303000-55afce307000 r-xp 00003000 103:02 51868967                  /home/a4090/miniconda3/envs/auto_pose/lib/jvm/languages/python/bin/python
55afce307000-55afce309000 r--p 00007000 103:02 51868967                  /home/a4090/miniconda3/envs/auto_pose/lib/jvm/languages/python/bin/python
55afce309000-55afce30a000 r--p 00008000 103:02 51868967                  /home/a4090/miniconda3/envs/auto_pose/lib/jvm/languages/python/bin/python
55afce30a000-55afce30b000 rw-p 00009000 103:02 51868967                  /home/a4090/miniconda3/envs/auto_pose/lib/jvm/languages/python/bin/python
55afcf3eb000-55afd0dd4000 rw-p 00000000 00:00 0                          [heap]
7f62fea00000-7f62feb00000 rw-p 00000000 00:00 0 
7f62fec00000-7f62fed00000 rw-p 00000000 00:00 0 
7f62fee00000-7f62fef00000 rw-p 00000000 00:00 0 
7f62ff000000-7f62ff100000 rw-p 00000000 00:00 0 
7f62ff200000-7f62ff300000 rw-p 00000000 00:00 0 
7f62ff400000-7f62ff500000 rw-p 00000000 00:00 0 
7f62ff600000-7f62ff700000 rw-p 00000000 00:00 0 
7f62ff800000-7f62ff900000 rw-p 00000000 00:00 0 
7f62ffa00000-7f62ffb00000 rw-p 00000000 00:00 0 
7f62ffc00000-7f62ffd00000 rw-p 00000000 00:00 0 
7f62ffe00000-7f62fff00000 rw-p 00000000 00:00 0 
7f6300000000-7f6300100000 rw-p 00000000 00:00 0 
7f6300200000-7f6300300000 rw-p 00000000 00:00 0 
7f6300400000-7f6300500000 rw-p 00000000 00:00 0 
7f6300600000-7f6300700000 rw-p 00000000 00:00 0 
7f6300800000-7f6300900000 rw-p 00000000 00:00 0 
7f6300a00000-7f6300b00000 rw-p 00000000 00:00 0 
7f6300c00000-7f6300d00000 rw-p 00000000 00:00 0 
7f6300e00000-7f6300f00000 rw-p 00000000 00:00 0 
7f6301000000-7f6301100000 rw-p 00000000 00:00 0 
7f6301200000-7f6301300000 rw-p 00000000 00:00 0 
7f6301400000-7f6301500000 rw-p 00000000 00:00 0 
7f6301600000-7f6301700000 rw-p 00000000 00:00 0 
7f6301800000-7f6301900000 rw-p 00000000 00:00 0 
7f6301a00000-7f6301b00000 rw-p 00000000 00:00 0 
7f6301c00000-7f6301d00000 rw-p 00000000 00:00 0 
7f6301e00000-7f6301f00000 rw-p 00000000 00:00 0 
7f6302000000-7f6302100000 rw-p 00000000 00:00 0 
7f6302200000-7f6302300000 rw-p 00000000 00:00 0 
7f6302400000-7f6302500000 rw-p 00000000 00:00 0 
7f6302600000-7f6302700000 rw-p 00000000 00:00 0 
7f6302800000-7f6302900000 rw-p 00000000 00:00 0 
7f6302a00000-7f6302b00000 rw-p 00000000 00:00 0 
7f6302c00000-7f6302d00000 rw-p 00000000 00:00 0 
7f6302e00000-7f6302f00000 rw-p 00000000 00:00 0 
7f6303000000-7f6303100000 rw-p 00000000 00:00 0 
7f6303200000-7f6303300000 rw-p 00000000 00:00 0 
7f6303800000-7f6303900000 rw-p 00000000 00:00 0 
7f6303a00000-7f6303b00000 rw-p 00000000 00:00 0 
7f6303c00000-7f6303d00000 rw-p 00000000 00:00 0 
7f6303e00000-7f6303f00000 rw-p 00000000 00:00 0 
7f6304000000-7f6304100000 rw-p 00000000 00:00 0 
7f6304200000-7f6304300000 rw-p 00000000 00:00 0 
7f6304400000-7f6304500000 rw-p 00000000 00:00 0 
7f6304600000-7f6304700000 rw-p 00000000 00:00 0 
7f6304800000-7f6304900000 rw-p 00000000 00:00 0 
7f6304a00000-7f6304b00000 rw-p 00000000 00:00 0 
7f6304c00000-7f6304d00000 rw-p 00000000 00:00 0 
7f6304e00000-7f6304f00000 rw-p 00000000 00:00 0 
7f6305000000-7f6305100000 rw-p 00000000 00:00 0 
7f6305200000-7f6305300000 rw-p 00000000 00:00 0 
7f6305400000-7f6305500000 rw-p 00000000 00:00 0 
7f6305600000-7f6305700000 rw-p 00000000 00:00 0 
7f6305800000-7f6305900000 rw-p 00000000 00:00 0 
7f6305a00000-7f6305b00000 rw-p 00000000 00:00 0 
7f6305c00000-7f6305d00000 rw-p 00000000 00:00 0 
7f6305e00000-7f6305f00000 rw-p 00000000 00:00 0 
7f6306000000-7f6306100000 rw-p 00000000 00:00 0 
7f6306200000-7f6306300000 rw-p 00000000 00:00 0 
7f6306400000-7f6306500000 rw-p 00000000 00:00 0 
7f6306600000-7f6306700000 rw-p 00000000 00:00 0 
7f6306800000-7f6306900000 rw-p 00000000 00:00 0 
7f6306a00000-7f6306c00000 rw-p 00000000 00:00 0 
7f6306d00000-7f6306e00000 rw-p 00000000 00:00 0 
7f6306f00000-7f6307000000 rw-p 00000000 00:00 0 
7f6307100000-7f6307200000 rw-p 00000000 00:00 0 
7f6307300000-7f6307400000 rw-p 00000000 00:00 0 
7f6307500000-7f6307600000 rw-p 00000000 00:00 0 
7f6307700000-7f6307800000 rw-p 00000000 00:00 0 
7f6307900000-7f6307a00000 rw-p 00000000 00:00 0 
7f6307b00000-7f6307c00000 rw-p 00000000 00:00 0 
7f6307d00000-7f6307e00000 rw-p 00000000 00:00 0 
7f6307f00000-7f6308000000 rw-p 00000000 00:00 0 
7f6308100000-7f6308200000 rw-p 00000000 00:00 0 
7f6308300000-7f6308400000 rw-p 00000000 00:00 0 
7f6308500000-7f6308600000 rw-p 00000000 00:00 0 
7f6308700000-7f6308800000 rw-p 00000000 00:00 0 
7f6308900000-7f6308a00000 rw-p 00000000 00:00 0 
7f6308b00000-7f6308c00000 rw-p 00000000 00:00 0 
7f6308d00000-7f6308e00000 rw-p 00000000 00:00 0 
7f6308f00000-7f6309000000 rw-p 00000000 00:00 0 
7f6309100000-7f6309200000 rw-p 00000000 00:00 0 
7f6309300000-7f6309400000 rw-p 00000000 00:00 0 
7f6309500000-7f6309600000 rw-p 00000000 00:00 0 
7f6309700000-7f6309800000 rw-p 00000000 00:00 0 
7f6309900000-7f6309a00000 rw-p 00000000 00:00 0 
7f6309b00000-7f6309c00000 rw-p 00000000 00:00 0 
7f6309d00000-7f6309e00000 rw-p 00000000 00:00 0 
7f6309f00000-7f630a000000 rw-p 00000000 00:00 0 
7f630a100000-7f630a200000 rw-p 00000000 00:00 0 
7f630a300000-7f630a400000 rw-p 00000000 00:00 0 
7f630a500000-7f630a600000 rw-p 00000000 00:00 0 
7f630a700000-7f630a800000 rw-p 00000000 00:00 0 
7f630a900000-7f630aa00000 rw-p 00000000 00:00 0 
7f630ab00000-7f630ac00000 rw-p 00000000 00:00 0 
7f630ad00000-7f630ae00000 rw-p 00000000 00:00 0 
7f630af00000-7f630b000000 rw-p 00000000 00:00 0 
7f630b100000-7f630b200000 rw-p 00000000 00:00 0 
7f630b300000-7f630b400000 rw-p 00000000 00:00 0 
7f630b500000-7f630b600000 rw-p 00000000 00:00 0 
7f630b700000-7f630b800000 rw-p 00000000 00:00 0 
7f630b900000-7f630ba00000 rw-p 00000000 00:00 0 
7f630bb00000-7f630bc00000 rw-p 00000000 00:00 0 
7f630bd00000-7f630be00000 rw-p 00000000 00:00 0 
7f630bf00000-7f630c000000 rw-p 00000000 00:00 0 
7f630c100000-7f630c200000 rw-p 00000000 00:00 0 
7f630c300000-7f630c400000 rw-p 00000000 00:00 0 
7f630c500000-7f630c600000 rw-p 00000000 00:00 0 
7f630c700000-7f630c800000 rw-p 00000000 00:00 0 
7f630c900000-7f630ca00000 rw-p 00000000 00:00 0 
7f630cb00000-7f630cd00000 rw-p 00000000 00:00 0 
7f630ce00000-7f630cf00000 rw-p 00000000 00:00 0 
7f630d000000-7f630d100000 rw-p 00000000 00:00 0 
7f630d200000-7f630d300000 rw-p 00000000 00:00 0 
7f630d400000-7f630d500000 rw-p 00000000 00:00 0 
7f630d600000-7f630d700000 rw-p 00000000 00:00 0 
7f630d800000-7f630d900000 rw-p 00000000 00:00 0 
7f630da00000-7f630db00000 rw-p 00000000 00:00 0 
7f630dc00000-7f630dd00000 rw-p 00000000 00:00 0 
7f630de00000-7f630df00000 rw-p 00000000 00:00 0 
7f630e000000-7f630e100000 rw-p 00000000 00:00 0 
7f630e200000-7f630e300000 rw-p 00000000 00:00 0 
7f630e400000-7f630e500000 rw-p 00000000 00:00 0 
7f630e600000-7f630e700000 rw-p 00000000 00:00 0 
7f630e800000-7f630e900000 rw-p 00000000 00:00 0 
7f630ea00000-7f630eb00000 rw-p 00000000 00:00 0 
7f630ec00000-7f630ed00000 rw-p 00000000 00:00 0 
7f630ee00000-7f630ef00000 rw-p 00000000 00:00 0 
7f630f000000-7f630f100000 rw-p 00000000 00:00 0 
7f630f200000-7f630f300000 rw-p 00000000 00:00 0 
7f630f400000-7f630f500000 rw-p 00000000 00:00 0 
7f630f600000-7f630f700000 rw-p 00000000 00:00 0 
7f630f800000-7f630f900000 rw-p 00000000 00:00 0 
7f630fa00000-7f630fb00000 rw-p 00000000 00:00 0 
7f630fc00000-7f630fd00000 rw-p 00000000 00:00 0 
7f630fe00000-7f630ff00000 rw-p 00000000 00:00 0 
7f6310000000-7f6310021000 rw-p 00000000 00:00 0 
7f6310021000-7f6314000000 ---p 00000000 00:00 0 
7f6314000000-7f6314100000 rw-p 00000000 00:00 0 
7f6314200000-7f6314300000 rw-p 00000000 00:00 0 
7f6314400000-7f6314500000 rw-p 00000000 00:00 0 
7f6314600000-7f6314700000 rw-p 00000000 00:00 0 
7f6314800000-7f6314900000 rw-p 00000000 00:00 0 
7f6314a00000-7f6314b00000 rw-p 00000000 00:00 0 
7f6314c00000-7f6314d00000 rw-p 00000000 00:00 0 
7f6314e00000-7f6314f00000 rw-p 00000000 00:00 0 
7f6315000000-7f6315100000 rw-p 00000000 00:00 0 
7f6315200000-7f6315300000 rw-p 00000000 00:00 0 
7f6315400000-7f6315500000 rw-p 00000000 00:00 0 
7f6315600000-7f6315700000 rw-p 00000000 00:00 0 
7f6315800000-7f6315900000 rw-p 00000000 00:00 0 
7f6315a00000-7f6315b00000 rw-p 00000000 00:00 0 
7f6315c00000-7f6315d00000 rw-p 00000000 00:00 0 
7f6315e00000-7f6315f00000 rw-p 00000000 00:00 0 
7f6316000000-7f6316100000 rw-p 00000000 00:00 0 
7f6316200000-7f6316300000 rw-p 00000000 00:00 0 
7f6316400000-7f6316500000 rw-p 00000000 00:00 0 
7f6316600000-7f6316700000 rw-p 00000000 00:00 0 
7f6316800000-7f6316900000 rw-p 00000000 00:00 0 
7f6316a00000-7f6316b00000 rw-p 00000000 00:00 0 
7f6316e00000-7f6316f00000 rw-p 00000000 00:00 0 
7f6317200000-7f6317300000 rw-p 00000000 00:00 0 
7f6317800000-7f6317900000 rw-p 00000000 00:00 0 
7f6318200000-7f6318300000 rw-p 00000000 00:00 0 
7f6318600000-7f6318700000 rw-p 00000000 00:00 0 
7f6318800000-7f6318900000 rw-p 00000000 00:00 0 
7f6318c00000-7f6318d00000 rw-p 00000000 00:00 0 
7f6319000000-7f6319100000 rw-p 00000000 00:00 0 
7f6319200000-7f6319300000 rw-p 00000000 00:00 0 
7f6319400000-7f6319500000 rw-p 00000000 00:00 0 
7f6319800000-7f6319900000 rw-p 00000000 00:00 0 
7f6319a00000-7f6319b00000 rw-p 00000000 00:00 0 
7f6319e00000-7f6319f00000 rw-p 00000000 00:00 0 
7f631a000000-7f631a100000 rw-p 00000000 00:00 0 
7f631a200000-7f631a300000 rw-p 00000000 00:00 0 
7f631a400000-7f631a500000 rw-p 00000000 00:00 0 
7f631a600000-7f631a700000 rw-p 00000000 00:00 0 
7f631a800000-7f631a900000 rw-p 00000000 00:00 0 
7f631aa00000-7f631ab00000 rw-p 00000000 00:00 0 
7f631ac00000-7f631ad00000 rw-p 00000000 00:00 0 
7f631ae00000-7f631af00000 rw-p 00000000 00:00 0 
7f631b000000-7f631b100000 rw-p 00000000 00:00 0 
7f631b200000-7f631b300000 rw-p 00000000 00:00 0 
7f631b400000-7f631b500000 rw-p 00000000 00:00 0 
7f631b600000-7f631b700000 rw-p 00000000 00:00 0 
7f631b800000-7f631b900000 rw-p 00000000 00:00 0 
7f631ba00000-7f631bb00000 rw-p 00000000 00:00 0 
7f631bc00000-7f631bd00000 rw-p 00000000 00:00 0 
7f631be00000-7f631bf00000 rw-p 00000000 00:00 0 
7f631c000000-7f631c100000 rw-p 00000000 00:00 0 
7f631c200000-7f631c300000 rw-p 00000000 00:00 0 
7f631c400000-7f631c500000 rw-p 00000000 00:00 0 
7f631c600000-7f631c700000 rw-p 00000000 00:00 0 
7f631c800000-7f631c900000 rw-p 00000000 00:00 0 
7f631ca00000-7f631cb00000 rw-p 00000000 00:00 0 
7f631cc00000-7f631cd00000 rw-p 00000000 00:00 0 
7f631ce00000-7f631cf00000 rw-p 00000000 00:00 0 
7f631d000000-7f631d100000 rw-p 00000000 00:00 0 
7f631d200000-7f631d300000 rw-p 00000000 00:00 0 
7f631d400000-7f631d500000 rw-p 00000000 00:00 0 
7f631d600000-7f631d700000 rw-p 00000000 00:00 0 
7f631d800000-7f631d900000 rw-p 00000000 00:00 0 
7f631da00000-7f631db00000 rw-p 00000000 00:00 0 
7f631dc00000-7f631dd00000 rw-p 00000000 00:00 0 
7f631de00000-7f631df00000 rw-p 00000000 00:00 0 
7f631e000000-7f631e100000 rw-p 00000000 00:00 0 
7f631e200000-7f631e300000 rw-p 00000000 00:00 0 
7f631e400000-7f631e500000 rw-p 00000000 00:00 0 
7f631e600000-7f631e700000 rw-p 00000000 00:00 0 
7f631e800000-7f631e900000 rw-p 00000000 00:00 0 
7f631ea00000-7f631eb00000 rw-p 00000000 00:00 0 
7f631ec00000-7f631ed00000 rw-p 00000000 00:00 0 
7f631ee00000-7f631ef00000 rw-p 00000000 00:00 0 
7f631f000000-7f631f100000 rw-p 00000000 00:00 0 
7f631f200000-7f631f300000 rw-p 00000000 00:00 0 
7f631f400000-7f631f500000 rw-p 00000000 00:00 0 
7f631f600000-7f631f700000 rw-p 00000000 00:00 0 
7f631f800000-7f631f900000 rw-p 00000000 00:00 0 
7f631fa00000-7f631fb00000 rw-p 00000000 00:00 0 
7f631fc00000-7f631fd00000 rw-p 00000000 00:00 0 
7f631fe00000-7f631ff00000 rw-p 00000000 00:00 0 
7f6320000000-7f6320100000 rw-p 00000000 00:00 0 
7f6320200000-7f6320300000 rw-p 00000000 00:00 0 
7f6320400000-7f6320500000 rw-p 00000000 00:00 0 
7f6320600000-7f6320700000 rw-p 00000000 00:00 0 
7f6320800000-7f6320900000 rw-p 00000000 00:00 0 
7f6320a00000-7f6320b00000 rw-p 00000000 00:00 0 
7f6320c00000-7f6320d00000 rw-p 00000000 00:00 0 
7f6320e00000-7f6320f00000 rw-p 00000000 00:00 0 
7f6321000000-7f6321100000 rw-p 00000000 00:00 0 
7f6321200000-7f6321300000 rw-p 00000000 00:00 0 
7f6321400000-7f6321500000 rw-p 00000000 00:00 0 
7f6321600000-7f6321700000 rw-p 00000000 00:00 0 
7f6321800000-7f6321900000 rw-p 00000000 00:00 0 
7f6321a00000-7f6321b00000 rw-p 00000000 00:00 0 
7f6321c00000-7f6321d00000 rw-p 00000000 00:00 0 
7f6321e00000-7f6321f00000 rw-p 00000000 00:00 0 
7f6322000000-7f6322100000 rw-p 00000000 00:00 0 
7f6322200000-7f6322300000 rw-p 00000000 00:00 0 
7f6322400000-7f6322500000 rw-p 00000000 00:00 0 
7f6322600000-7f6322700000 rw-p 00000000 00:00 0 
7f6322a00000-7f6322b00000 rw-p 00000000 00:00 0 
7f6322c00000-7f6322d00000 rw-p 00000000 00:00 0 
7f6322e00000-7f6322f00000 rw-p 00000000 00:00 0 
7f6323000000-7f6323100000 rw-p 00000000 00:00 0 
7f6323400000-7f6323500000 rw-p 00000000 00:00 0 
7f6323600000-7f6323700000 rw-p 00000000 00:00 0 
7f6323800000-7f6323900000 rw-p 00000000 00:00 0 
7f6323c00000-7f6323d00000 rw-p 00000000 00:00 0 
7f6323e00000-7f6323f00000 rw-p 00000000 00:00 0 
7f6324000000-7f6324021000 rw-p 00000000 00:00 0 
7f6324021000-7f6328000000 ---p 00000000 00:00 0 
7f6328200000-7f6328300000 rw-p 00000000 00:00 0 
7f6328400000-7f6328500000 rw-p 00000000 00:00 0 
7f6328800000-7f6328900000 rw-p 00000000 00:00 0 
7f6328a00000-7f6328b00000 rw-p 00000000 00:00 0 
7f6328e00000-7f6328f00000 rw-p 00000000 00:00 0 
7f6329000000-7f6329100000 rw-p 00000000 00:00 0 
7f6329200000-7f6329300000 rw-p 00000000 00:00 0 
7f6329400000-7f6329500000 rw-p 00000000 00:00 0 
7f6329800000-7f6329900000 rw-p 00000000 00:00 0 
7f6329a00000-7f6329b00000 rw-p 00000000 00:00 0 
7f6329e00000-7f6329f00000 rw-p 00000000 00:00 0 
7f632a000000-7f632a100000 rw-p 00000000 00:00 0 
7f632a400000-7f632a500000 rw-p 00000000 00:00 0 
7f632a6ff000-7f632a703000 ---p 00000000 00:00 0 
7f632a703000-7f632a900000 rw-p 00000000 00:00 0 
7f632aa00000-7f632ab00000 rw-p 00000000 00:00 0 
7f632ae00000-7f632af00000 rw-p 00000000 00:00 0 
7f632b200000-7f632b300000 rw-p 00000000 00:00 0 
7f632b400000-7f632b500000 rw-p 00000000 00:00 0 
7f632b600000-7f632b700000 rw-p 00000000 00:00 0 
7f632b800000-7f632b900000 rw-p 00000000 00:00 0 
7f632ba00000-7f632bb00000 rw-p 00000000 00:00 0 
7f632bc00000-7f632bd00000 rw-p 00000000 00:00 0 
7f632be00000-7f632bf00000 rw-p 00000000 00:00 0 
7f632c000000-7f632c021000 rw-p 00000000 00:00 0 
7f632c021000-7f6330000000 ---p 00000000 00:00 0 
7f6330000000-7f6330100000 rw-p 00000000 00:00 0 
7f6330200000-7f6330300000 rw-p 00000000 00:00 0 
7f6330400000-7f6330500000 rw-p 00000000 00:00 0 
7f6330600000-7f6330700000 rw-p 00000000 00:00 0 
7f63307ff000-7f6330803000 ---p 00000000 00:00 0 
7f6330803000-7f6330a00000 rw-p 00000000 00:00 0 
7f6330b00000-7f6330c00000 rw-p 00000000 00:00 0 
7f6330d00000-7f6330e00000 rw-p 00000000 00:00 0 
7f6330f00000-7f6331000000 rw-p 00000000 00:00 0 
7f6331100000-7f6331200000 rw-p 00000000 00:00 0 
7f6331300000-7f6331400000 rw-p 00000000 00:00 0 
7f6331500000-7f6331600000 rw-p 00000000 00:00 0 
7f6331700000-7f6331800000 rw-p 00000000 00:00 0 
7f6331900000-7f6331a00000 rw-p 00000000 00:00 0 
7f6331b00000-7f6331c00000 rw-p 00000000 00:00 0 
7f6331d00000-7f6331e00000 rw-p 00000000 00:00 0 
7f6331f00000-7f6332000000 rw-p 00000000 00:00 0 
7f6332100000-7f6332200000 rw-p 00000000 00:00 0 
7f6332300000-7f6332400000 rw-p 00000000 00:00 0 
7f6332500000-7f6332600000 rw-p 00000000 00:00 0 
7f6332700000-7f6332800000 rw-p 00000000 00:00 0 
7f6332900000-7f6332a00000 rw-p 00000000 00:00 0 
7f6332b00000-7f6332c00000 rw-p 00000000 00:00 0 
7f6332d00000-7f6332e00000 rw-p 00000000 00:00 0 
7f6332f00000-7f6333000000 rw-p 00000000 00:00 0 
7f6333100000-7f6333200000 rw-p 00000000 00:00 0 
7f6333300000-7f6333400000 rw-p 00000000 00:00 0 
7f6333500000-7f6333600000 rw-p 00000000 00:00 0 
7f6333700000-7f6333800000 rw-p 00000000 00:00 0 
7f6333900000-7f6333a00000 rw-p 00000000 00:00 0 
7f6333b00000-7f6333c00000 rw-p 00000000 00:00 0 
7f6333d00000-7f6333e00000 rw-p 00000000 00:00 0 
7f6333f00000-7f6334000000 rw-p 00000000 00:00 0 
7f6334100000-7f6334200000 rw-p 00000000 00:00 0 
7f6334300000-7f6334400000 rw-p 00000000 00:00 0 
7f6334500000-7f6334600000 rw-p 00000000 00:00 0 
7f6334700000-7f6334800000 rw-p 00000000 00:00 0 
7f6334900000-7f6334a00000 rw-p 00000000 00:00 0 
7f6334b00000-7f6334c00000 rw-p 00000000 00:00 0 
7f6334d00000-7f6334e00000 rw-p 00000000 00:00 0 
7f6334f00000-7f6335000000 rw-p 00000000 00:00 0 
7f6335100000-7f6335200000 rw-p 00000000 00:00 0 
7f6335300000-7f6335400000 rw-p 00000000 00:00 0 
7f6335500000-7f6335600000 rw-p 00000000 00:00 0 
7f6335700000-7f6335800000 rw-p 00000000 00:00 0 
7f6335900000-7f6335a00000 rw-p 00000000 00:00 0 
7f6335b00000-7f6335c00000 rw-p 00000000 00:00 0 
7f6335d00000-7f6335e00000 rw-p 00000000 00:00 0 
7f6335f00000-7f6336000000 rw-p 00000000 00:00 0 
7f6336100000-7f6336200000 rw-p 00000000 00:00 0 
7f6336300000-7f6336400000 rw-p 00000000 00:00 0 
7f6336500000-7f6336600000 rw-p 00000000 00:00 0 
7f6336700000-7f6336800000 rw-p 00000000 00:00 0 
7f6336900000-7f6336a00000 rw-p 00000000 00:00 0 
7f6336b00000-7f6336c00000 rw-p 00000000 00:00 0 
7f6336d00000-7f6336e00000 rw-p 00000000 00:00 0 
7f6336f00000-7f6337000000 rw-p 00000000 00:00 0 
7f6337100000-7f6337200000 rw-p 00000000 00:00 0 
7f6337300000-7f6337400000 rw-p 00000000 00:00 0 
7f6337500000-7f6337600000 rw-p 00000000 00:00 0 
7f6337700000-7f6337800000 rw-p 00000000 00:00 0 
7f6337900000-7f6337a00000 rw-p 00000000 00:00 0 
7f6337b00000-7f6337c00000 rw-p 00000000 00:00 0 
7f6337d00000-7f6337e00000 rw-p 00000000 00:00 0 
7f6337f00000-7f6338000000 rw-p 00000000 00:00 0 
7f6338100000-7f6338200000 rw-p 00000000 00:00 0 
7f6338300000-7f6338400000 rw-p 00000000 00:00 0 
7f6338500000-7f6338600000 rw-p 00000000 00:00 0 
7f6338700000-7f6338800000 rw-p 00000000 00:00 0 
7f6338900000-7f6338a00000 rw-p 00000000 00:00 0 
7f6338b00000-7f6338c00000 rw-p 00000000 00:00 0 
7f6338d00000-7f6338e00000 rw-p 00000000 00:00 0 
7f6338f00000-7f6339000000 rw-p 00000000 00:00 0 
7f6339100000-7f6339200000 rw-p 00000000 00:00 0 
7f6339300000-7f6339400000 rw-p 00000000 00:00 0 
7f6339500000-7f6339600000 rw-p 00000000 00:00 0 
7f6339700000-7f6339800000 rw-p 00000000 00:00 0 
7f6339900000-7f6339a00000 rw-p 00000000 00:00 0 
7f6339b00000-7f6339c00000 rw-p 00000000 00:00 0 
7f6339d00000-7f6339e00000 rw-p 00000000 00:00 0 
7f6339f00000-7f633a000000 rw-p 00000000 00:00 0 
7f633a100000-7f633a200000 rw-p 00000000 00:00 0 
7f633a300000-7f633a400000 rw-p 00000000 00:00 0 
7f633a500000-7f633a600000 rw-p 00000000 00:00 0 
7f633a700000-7f633a800000 rw-p 00000000 00:00 0 
7f633a900000-7f633aa00000 rw-p 00000000 00:00 0 
7f633ab00000-7f633ac00000 rw-p 00000000 00:00 0 
7f633ad00000-7f633ae00000 rw-p 00000000 00:00 0 
7f633af00000-7f633b000000 rw-p 00000000 00:00 0 
7f633b100000-7f633b200000 rw-p 00000000 00:00 0 
7f633b300000-7f633b400000 rw-p 00000000 00:00 0 
7f633b500000-7f633b600000 rw-p 00000000 00:00 0 
7f633b700000-7f633b800000 rw-p 00000000 00:00 0 
7f633b900000-7f633ba00000 rw-p 00000000 00:00 0 
7f633bb00000-7f633bc00000 rw-p 00000000 00:00 0 
7f633bd00000-7f633be00000 rw-p 00000000 00:00 0 
7f633bf00000-7f633c000000 rw-p 00000000 00:00 0 
7f633c100000-7f633c200000 rw-p 00000000 00:00 0 
7f633c300000-7f633c400000 rw-p 00000000 00:00 0 
7f633c500000-7f633c600000 rw-p 00000000 00:00 0 
7f633c700000-7f633c800000 rw-p 00000000 00:00 0 
7f633c900000-7f633ca00000 rw-p 00000000 00:00 0 
7f633cb00000-7f633cc00000 rw-p 00000000 00:00 0 
7f633cd00000-7f633ce00000 rw-p 00000000 00:00 0 
7f633cf00000-7f633d000000 rw-p 00000000 00:00 0 
7f633d100000-7f633d200000 rw-p 00000000 00:00 0 
7f633d300000-7f633d400000 rw-p 00000000 00:00 0 
7f633d500000-7f633d600000 rw-p 00000000 00:00 0 
7f633d700000-7f633d800000 rw-p 00000000 00:00 0 
7f633d900000-7f633da00000 rw-p 00000000 00:00 0 
7f633db00000-7f633dc00000 rw-p 00000000 00:00 0 
7f633dd00000-7f633de00000 rw-p 00000000 00:00 0 
7f633df00000-7f633e000000 rw-p 00000000 00:00 0 
7f633e100000-7f633e200000 rw-p 00000000 00:00 0 
7f633e300000-7f633e400000 rw-p 00000000 00:00 0 
7f633e500000-7f633e600000 rw-p 00000000 00:00 0 
7f633e700000-7f633e800000 rw-p 00000000 00:00 0 
7f633e900000-7f633ea00000 rw-p 00000000 00:00 0 
7f633eb00000-7f633ec00000 rw-p 00000000 00:00 0 
7f633ed00000-7f633ee00000 rw-p 00000000 00:00 0 
7f633ef00000-7f633f000000 rw-p 00000000 00:00 0 
7f633f100000-7f633f200000 rw-p 00000000 00:00 0 
7f633f300000-7f633f400000 rw-p 00000000 00:00 0 
7f633f500000-7f633f600000 rw-p 00000000 00:00 0 
7f633f700000-7f633f800000 rw-p 00000000 00:00 0 
7f633f900000-7f633fa00000 rw-p 00000000 00:00 0 
7f633fb00000-7f633fc00000 rw-p 00000000 00:00 0 
7f633fd00000-7f633fe00000 rw-p 00000000 00:00 0 
7f633ff00000-7f6340000000 rw-p 00000000 00:00 0 
7f6340100000-7f6340200000 rw-p 00000000 00:00 0 
7f6340300000-7f6340400000 rw-p 00000000 00:00 0 
7f6340500000-7f6340600000 rw-p 00000000 00:00 0 
7f6340700000-7f6340800000 rw-p 00000000 00:00 0 
7f6340900000-7f6340a00000 rw-p 00000000 00:00 0 
7f6340b00000-7f6340c00000 rw-p 00000000 00:00 0 
7f6340d00000-7f6340e00000 rw-p 00000000 00:00 0 
7f6340f00000-7f6341000000 rw-p 00000000 00:00 0 
7f6341100000-7f6341200000 rw-p 00000000 00:00 0 
7f6341300000-7f6341400000 rw-p 00000000 00:00 0 
7f6341500000-7f6341600000 rw-p 00000000 00:00 0 
7f6341700000-7f6341800000 rw-p 00000000 00:00 0 
7f6341900000-7f6341a00000 rw-p 00000000 00:00 0 
7f6341b00000-7f6341c00000 rw-p 00000000 00:00 0 
7f6341d00000-7f6341e00000 rw-p 00000000 00:00 0 
7f6341f00000-7f6342000000 rw-p 00000000 00:00 0 
7f6342100000-7f6342200000 rw-p 00000000 00:00 0 
7f6342300000-7f6342400000 rw-p 00000000 00:00 0 
7f6342500000-7f6342600000 rw-p 00000000 00:00 0 
7f6342700000-7f6342800000 rw-p 00000000 00:00 0 
7f6342900000-7f6342a00000 rw-p 00000000 00:00 0 
7f6342b00000-7f6342c00000 rw-p 00000000 00:00 0 
7f6342d00000-7f6342e00000 ---p 00000000 00:00 0 
7f6342e00000-7f634345f000 r--p 01362000 103:02 51870081                  /home/a4090/miniconda3/envs/auto_pose/lib/jvm/lib/libjvmcicompiler.so
7f634345f000-7f6343600000 r--p 00000000 00:00 0 
7f6343600000-7f634360e000 rw-p 00000000 00:00 0 
7f634360e000-7f6343b63000 rw-p 01b70000 103:02 51870081                  /home/a4090/miniconda3/envs/auto_pose/lib/jvm/lib/libjvmcicompiler.so
7f6343b63000-7f6343fdd000 r--p 020c5000 103:02 51870081                  /home/a4090/miniconda3/envs/auto_pose/lib/jvm/lib/libjvmcicompiler.so
7f6344000000-7f6344021000 rw-p 00000000 00:00 0 
7f6344021000-7f6348000000 ---p 00000000 00:00 0 
7f6348000000-7f634804e000 rw-p 00000000 00:00 0 
7f634804e000-7f634c000000 ---p 00000000 00:00 0 
7f634c000000-7f634c0b4000 rw-p 00000000 00:00 0 
7f634c0b4000-7f6350000000 ---p 00000000 00:00 0 
7f6350100000-7f6350200000 rw-p 00000000 00:00 0 
7f6350300000-7f6350400000 rw-p 00000000 00:00 0 
7f6350500000-7f6350600000 rw-p 00000000 00:00 0 
7f6350700000-7f6350800000 rw-p 00000000 00:00 0 
7f6350900000-7f6350a00000 rw-p 00000000 00:00 0 
7f6350b00000-7f6350c00000 rw-p 00000000 00:00 0 
7f6350cff000-7f6350d03000 ---p 00000000 00:00 0 
7f6350d03000-7f6350e00000 rw-p 00000000 00:00 0 
7f6350e00000-7f6350f00000 ---p 00000000 00:00 0 
7f6350f00000-7f635155f000 r--p 01362000 103:02 51870081                  /home/a4090/miniconda3/envs/auto_pose/lib/jvm/lib/libjvmcicompiler.so
7f635155f000-7f6351700000 r--p 00000000 00:00 0 
7f6351700000-7f635170e000 rw-p 00000000 00:00 0 
7f635170e000-7f6351c63000 rw-p 01b70000 103:02 51870081                  /home/a4090/miniconda3/envs/auto_pose/lib/jvm/lib/libjvmcicompiler.so
7f6351c63000-7f63520dd000 r--p 020c5000 103:02 51870081                  /home/a4090/miniconda3/envs/auto_pose/lib/jvm/lib/libjvmcicompiler.so
7f63520ff000-7f6352103000 ---p 00000000 00:00 0 
7f6352103000-7f6352300000 rw-p 00000000 00:00 0 
7f6352400000-7f6352500000 rw-p 00000000 00:00 0 
7f6352600000-7f6352700000 rw-p 00000000 00:00 0 
7f6352800000-7f6352900000 rw-p 00000000 00:00 0 
7f6352a00000-7f6352b00000 rw-p 00000000 00:00 0 
7f6352c00000-7f6352d00000 ---p 00000000 00:00 0 
7f6352d00000-7f635335f000 r--p 01362000 103:02 51870081                  /home/a4090/miniconda3/envs/auto_pose/lib/jvm/lib/libjvmcicompiler.so
7f635335f000-7f6353500000 r--p 00000000 00:00 0 
7f6353500000-7f635350e000 rw-p 00000000 00:00 0 
7f635350e000-7f6353a63000 rw-p 01b70000 103:02 51870081                  /home/a4090/miniconda3/envs/auto_pose/lib/jvm/lib/libjvmcicompiler.so
7f6353a63000-7f6353edd000 r--p 020c5000 103:02 51870081                  /home/a4090/miniconda3/envs/auto_pose/lib/jvm/lib/libjvmcicompiler.so
7f6353eff000-7f6353f03000 ---p 00000000 00:00 0 
7f6353f03000-7f6354000000 rw-p 00000000 00:00 0 
7f6354000000-7f635405a000 rw-p 00000000 00:00 0 
7f635405a000-7f6358000000 ---p 00000000 00:00 0 
7f6358000000-7f6358100000 rw-p 00000000 00:00 0 
7f6358200000-7f6358300000 rw-p 00000000 00:00 0 
7f6358400000-7f6358500000 rw-p 00000000 00:00 0 
7f6358600000-7f6358700000 rw-p 00000000 00:00 0 
7f6358800000-7f6358900000 rw-p 00000000 00:00 0 
7f6358a00000-7f6358b00000 rw-p 00000000 00:00 0 
7f6358c00000-7f6358d00000 rw-p 00000000 00:00 0 
7f6358e00000-7f6358f00000 rw-p 00000000 00:00 0 
7f6359000000-7f6359100000 rw-p 00000000 00:00 0 
7f6359200000-7f6359300000 rw-p 00000000 00:00 0 
7f6359400000-7f6359500000 rw-p 00000000 00:00 0 
7f6359600000-7f6359700000 rw-p 00000000 00:00 0 
7f63597f6000-7f63597fa000 ---p 00000000 00:00 0 
7f63597fa000-7f6359b00000 rw-p 00000000 00:00 0 
7f6359c00000-7f6359d00000 rw-p 00000000 00:00 0 
7f6359e00000-7f6359f00000 rw-p 00000000 00:00 0 
7f635a000000-7f635a100000 rw-p 00000000 00:00 0 
7f635a200000-7f635a300000 rw-p 00000000 00:00 0 
7f635a400000-7f635a500000 rw-p 00000000 00:00 0 
7f635a600000-7f635a700000 rw-p 00000000 00:00 0 
7f635a800000-7f635a900000 rw-p 00000000 00:00 0 
7f635aa00000-7f635ab00000 rw-p 00000000 00:00 0 
7f635ac00000-7f635ad00000 ---p 00000000 00:00 0 
7f635ad00000-7f635b35f000 r--p 01362000 103:02 51870081                  /home/a4090/miniconda3/envs/auto_pose/lib/jvm/lib/libjvmcicompiler.so
7f635b35f000-7f635b500000 r--p 00000000 00:00 0 
7f635b500000-7f635b50e000 rw-p 00000000 00:00 0 
7f635b50e000-7f635ba63000 rw-p 01b70000 103:02 51870081                  /home/a4090/miniconda3/envs/auto_pose/lib/jvm/lib/libjvmcicompiler.so
7f635ba63000-7f635bedd000 r--p 020c5000 103:02 51870081                  /home/a4090/miniconda3/envs/auto_pose/lib/jvm/lib/libjvmcicompiler.so
7f635beff000-7f635bf03000 ---p 00000000 00:00 0 
7f635bf03000-7f635c100000 rw-p 00000000 00:00 0 
7f635c200000-7f635c300000 rw-p 00000000 00:00 0 
7f635c400000-7f635c500000 rw-p 00000000 00:00 0 
7f635c600000-7f635c700000 rw-p 00000000 00:00 0 
7f635c800000-7f635c900000 rw-p 00000000 00:00 0 
7f635ca00000-7f635cb00000 rw-p 00000000 00:00 0 
7f635cc00000-7f635cd00000 rw-p 00000000 00:00 0 
7f635ce00000-7f635cf00000 rw-p 00000000 00:00 0 
7f635d000000-7f635d100000 rw-p 00000000 00:00 0 
7f635d200000-7f635d300000 rw-p 00000000 00:00 0 
7f635d400000-7f635d500000 rw-p 00000000 00:00 0 
7f635d600000-7f635d700000 rw-p 00000000 00:00 0 
7f635d800000-7f635d900000 rw-p 00000000 00:00 0 
7f635da00000-7f635db00000 rw-p 00000000 00:00 0 
7f635dc00000-7f635dd00000 rw-p 00000000 00:00 0 
7f635de00000-7f635df00000 rw-p 00000000 00:00 0 
7f635e000000-7f635e100000 rw-p 00000000 00:00 0 
7f635e200000-7f635e300000 rw-p 00000000 00:00 0 
7f635e400000-7f635e500000 rw-p 00000000 00:00 0 
7f635e600000-7f635e700000 rw-p 00000000 00:00 0 
7f635e800000-7f635e900000 rw-p 00000000 00:00 0 
7f635ea00000-7f635eb00000 rw-p 00000000 00:00 0 
7f635ec00000-7f635ed00000 rw-p 00000000 00:00 0 
7f635ee00000-7f635ef00000 rw-p 00000000 00:00 0 
7f635f000000-7f635f100000 rw-p 00000000 00:00 0 
7f635f200000-7f635f300000 rw-p 00000000 00:00 0 
7f635f400000-7f635f500000 rw-p 00000000 00:00 0 
7f635f600000-7f635f700000 rw-p 00000000 00:00 0 
7f635f800000-7f635f900000 rw-p 00000000 00:00 0 
7f635fa00000-7f635fb00000 rw-p 00000000 00:00 0 
7f635fc00000-7f635fd00000 rw-p 00000000 00:00 0 
7f635fe00000-7f635ff00000 rw-p 00000000 00:00 0 
7f6360000000-7f6360053000 rw-p 00000000 00:00 0 
7f6360053000-7f6364000000 ---p 00000000 00:00 0 
7f6364000000-7f6364100000 rw-p 00000000 00:00 0 
7f6364200000-7f6364300000 rw-p 00000000 00:00 0 
7f6364400000-7f6364500000 rw-p 00000000 00:00 0 
7f6364600000-7f6364700000 rw-p 00000000 00:00 0 
7f6364800000-7f6364900000 rw-p 00000000 00:00 0 
7f6364a00000-7f6364b00000 rw-p 00000000 00:00 0 
7f6364c00000-7f6364d00000 rw-p 00000000 00:00 0 
7f6364e00000-7f6364f00000 rw-p 00000000 00:00 0 
7f6365000000-7f6365100000 rw-p 00000000 00:00 0 
7f6365200000-7f6365300000 rw-p 00000000 00:00 0 
7f6365400000-7f6365500000 rw-p 00000000 00:00 0 
7f6365600000-7f6365700000 rw-p 00000000 00:00 0 
7f6365800000-7f6365900000 rw-p 00000000 00:00 0 
7f6365a00000-7f6365b00000 rw-p 00000000 00:00 0 
7f6365c00000-7f6365d00000 ---p 00000000 00:00 0 
7f6365d00000-7f636635f000 r--p 01362000 103:02 51870081                  /home/a4090/miniconda3/envs/auto_pose/lib/jvm/lib/libjvmcicompiler.so
7f636635f000-7f6366500000 r--p 00000000 00:00 0 
7f6366500000-7f636650e000 rw-p 00000000 00:00 0 
7f636650e000-7f6366a63000 rw-p 01b70000 103:02 51870081                  /home/a4090/miniconda3/envs/auto_pose/lib/jvm/lib/libjvmcicompiler.so
7f6366a63000-7f6366edd000 r--p 020c5000 103:02 51870081                  /home/a4090/miniconda3/envs/auto_pose/lib/jvm/lib/libjvmcicompiler.so
7f6366eff000-7f6366f03000 ---p 00000000 00:00 0 
7f6366f03000-7f6367100000 rw-p 00000000 00:00 0 
7f6367200000-7f6367300000 rw-p 00000000 00:00 0 
7f6367400000-7f6367500000 rw-p 00000000 00:00 0 
7f6367600000-7f6367700000 rw-p 00000000 00:00 0 
7f6367800000-7f6367900000 rw-p 00000000 00:00 0 
7f6367a00000-7f6367b00000 rw-p 00000000 00:00 0 
7f6367c00000-7f6367d00000 rw-p 00000000 00:00 0 
7f6367e00000-7f6367f00000 rw-p 00000000 00:00 0 
7f6368000000-7f6368032000 rw-p 00000000 00:00 0 
7f6368032000-7f636c000000 ---p 00000000 00:00 0 
7f636c000000-7f636c083000 rw-p 00000000 00:00 0 
7f636c083000-7f6370000000 ---p 00000000 00:00 0 
7f6370100000-7f6370200000 rw-p 00000000 00:00 0 
7f6370300000-7f6370400000 rw-p 00000000 00:00 0 
7f6370500000-7f6370600000 rw-p 00000000 00:00 0 
7f6370700000-7f6370800000 rw-p 00000000 00:00 0 
7f6370900000-7f6370a00000 rw-p 00000000 00:00 0 
7f6370b00000-7f6370c00000 rw-p 00000000 00:00 0 
7f6370d00000-7f6370e00000 rw-p 00000000 00:00 0 
7f6370f00000-7f6371000000 rw-p 00000000 00:00 0 
7f6371100000-7f6371200000 rw-p 00000000 00:00 0 
7f6371300000-7f6371400000 rw-p 00000000 00:00 0 
7f6371500000-7f6371600000 rw-p 00000000 00:00 0 
7f6371700000-7f6371800000 rw-p 00000000 00:00 0 
7f6371900000-7f6371a00000 ---p 00000000 00:00 0 
7f6371a00000-7f637205f000 r--p 01362000 103:02 51870081                  /home/a4090/miniconda3/envs/auto_pose/lib/jvm/lib/libjvmcicompiler.so
7f637205f000-7f6372200000 r--p 00000000 00:00 0 
7f6372200000-7f637220e000 rw-p 00000000 00:00 0 
7f637220e000-7f6372763000 rw-p 01b70000 103:02 51870081                  /home/a4090/miniconda3/envs/auto_pose/lib/jvm/lib/libjvmcicompiler.so
7f6372763000-7f6372bdd000 r--p 020c5000 103:02 51870081                  /home/a4090/miniconda3/envs/auto_pose/lib/jvm/lib/libjvmcicompiler.so
7f6372bff000-7f6372c03000 ---p 00000000 00:00 0 
7f6372c03000-7f6372d00000 rw-p 00000000 00:00 0 
7f6372d00000-7f6372e00000 ---p 00000000 00:00 0 
7f6372e00000-7f637345f000 r--p 01362000 103:02 51870081                  /home/a4090/miniconda3/envs/auto_pose/lib/jvm/lib/libjvmcicompiler.so
7f637345f000-7f6373600000 r--p 00000000 00:00 0 
7f6373600000-7f637360e000 rw-p 00000000 00:00 0 
7f637360e000-7f6373b63000 rw-p 01b70000 103:02 51870081                  /home/a4090/miniconda3/envs/auto_pose/lib/jvm/lib/libjvmcicompiler.so
7f6373b63000-7f6373fdd000 r--p 020c5000 103:02 51870081                  /home/a4090/miniconda3/envs/auto_pose/lib/jvm/lib/libjvmcicompiler.so
7f6374000000-7f6374021000 rw-p 00000000 00:00 0 
7f6374021000-7f6378000000 ---p 00000000 00:00 0 
7f6378000000-7f6378021000 rw-p 00000000 00:00 0 
7f6378021000-7f637c000000 ---p 00000000 00:00 0 
7f637c000000-7f637c100000 rw-p 00000000 00:00 0 
7f637c200000-7f637c300000 rw-p 00000000 00:00 0 
7f637c400000-7f637c500000 rw-p 00000000 00:00 0 
7f637c600000-7f637c700000 rw-p 00000000 00:00 0 
7f637c800000-7f637c900000 rw-p 00000000 00:00 0 
7f637ca00000-7f637cb00000 rw-p 00000000 00:00 0 
7f637cbff000-7f637cc03000 ---p 00000000 00:00 0 
7f637cc03000-7f637ce00000 rw-p 00000000 00:00 0 
7f637cf00000-7f637d000000 rw-p 00000000 00:00 0 
7f637d100000-7f637d200000 rw-p 00000000 00:00 0 
7f637d300000-7f637d400000 rw-p 00000000 00:00 0 
7f637d500000-7f637d600000 rw-p 00000000 00:00 0 
7f637d700000-7f637d800000 rw-p 00000000 00:00 0 
7f637d900000-7f637da00000 rw-p 00000000 00:00 0 
7f637db00000-7f637dc00000 rw-p 00000000 00:00 0 
7f637dd00000-7f637de00000 rw-p 00000000 00:00 0 
7f637df00000-7f637e000000 rw-p 00000000 00:00 0 
7f637e100000-7f637e200000 rw-p 00000000 00:00 0 
7f637e300000-7f637e400000 rw-p 00000000 00:00 0 
7f637e500000-7f637e600000 rw-p 00000000 00:00 0 
7f637e700000-7f637e800000 rw-p 00000000 00:00 0 
7f637e900000-7f637ea00000 rw-p 00000000 00:00 0 
7f637eb00000-7f637ec00000 rw-p 00000000 00:00 0 
7f637ed00000-7f637ee00000 rw-p 00000000 00:00 0 
7f637ef00000-7f637f000000 rw-p 00000000 00:00 0 
7f637f100000-7f637f200000 rw-p 00000000 00:00 0 
7f637f300000-7f637f400000 rw-p 00000000 00:00 0 
7f637f500000-7f637f600000 rw-p 00000000 00:00 0 
7f637f700000-7f637f800000 rw-p 00000000 00:00 0 
7f637f900000-7f637fa00000 rw-p 00000000 00:00 0 
7f637fb00000-7f637fc00000 rw-p 00000000 00:00 0 
7f637fd00000-7f637fe00000 rw-p 00000000 00:00 0 
7f637fefe000-7f637feff000 ---p 00000000 00:00 0 
7f637feff000-7f6380000000 rw-p 00000000 00:00 0 
7f6380000000-7f6380021000 rw-p 00000000 00:00 0 
7f6380021000-7f6384000000 ---p 00000000 00:00 0 
7f6384000000-7f6384021000 rw-p 00000000 00:00 0 
7f6384021000-7f6388000000 ---p 00000000 00:00 0 
7f6388000000-7f6388021000 rw-p 00000000 00:00 0 
7f6388021000-7f638c000000 ---p 00000000 00:00 0 
7f638c000000-7f638c021000 rw-p 00000000 00:00 0 
7f638c021000-7f6390000000 ---p 00000000 00:00 0 
7f6390000000-7f6390021000 rw-p 00000000 00:00 0 
7f6390021000-7f6394000000 ---p 00000000 00:00 0 
7f6394000000-7f6394021000 rw-p 00000000 00:00 0 
7f6394021000-7f6398000000 ---p 00000000 00:00 0 
7f6398000000-7f63980bc000 rw-p 00000000 00:00 0 
7f63980bc000-7f639c000000 ---p 00000000 00:00 0 
7f639c000000-7f639c0bb000 rw-p 00000000 00:00 0 
7f639c0bb000-7f63a0000000 ---p 00000000 00:00 0 
7f63a00f2000-7f63a00f3000 ---p 00000000 00:00 0 
7f63a00f3000-7f63a01f4000 rw-p 00000000 00:00 0 
7f63a01f4000-7f63a01f5000 ---p 00000000 00:00 0 
7f63a01f5000-7f63a02f6000 rw-p 00000000 00:00 0 
7f63a02f6000-7f63a02f7000 ---p 00000000 00:00 0 
7f63a02f7000-7f63a03f8000 rw-p 00000000 00:00 0 
7f63a03f8000-7f63a03f9000 ---p 00000000 00:00 0 
7f63a03f9000-7f63a04fa000 rw-p 00000000 00:00 0 
7f63a04fa000-7f63a04fb000 ---p 00000000 00:00 0 
7f63a04fb000-7f63a05fc000 rw-p 00000000 00:00 0 
7f63a05fc000-7f63a05fd000 ---p 00000000 00:00 0 
7f63a05fd000-7f63a06fe000 rw-p 00000000 00:00 0 
7f63a06fe000-7f63a06ff000 ---p 00000000 00:00 0 
7f63a06ff000-7f63a0900000 rw-p 00000000 00:00 0 
7f63a0a00000-7f63a0b00000 rw-p 00000000 00:00 0 
7f63a0c00000-7f63a0d00000 rw-p 00000000 00:00 0 
7f63a0e00000-7f63a0f00000 rw-p 00000000 00:00 0 
7f63a1000000-7f63a1100000 rw-p 00000000 00:00 0 
7f63a1200000-7f63a1300000 rw-p 00000000 00:00 0 
7f63a1400000-7f63a1500000 rw-p 00000000 00:00 0 
7f63a1600000-7f63a1700000 rw-p 00000000 00:00 0 
7f63a1800000-7f63a1900000 rw-p 00000000 00:00 0 
7f63a1a00000-7f63a1b00000 ---p 00000000 00:00 0 
7f63a1b00000-7f63a215f000 r--p 01362000 103:02 51870081                  /home/a4090/miniconda3/envs/auto_pose/lib/jvm/lib/libjvmcicompiler.so
7f63a215f000-7f63a2300000 r--p 00000000 00:00 0 
7f63a2300000-7f63a230e000 rw-p 00000000 00:00 0 
7f63a230e000-7f63a2863000 rw-p 01b70000 103:02 51870081                  /home/a4090/miniconda3/envs/auto_pose/lib/jvm/lib/libjvmcicompiler.so
7f63a2863000-7f63a2cdd000 r--p 020c5000 103:02 51870081                  /home/a4090/miniconda3/envs/auto_pose/lib/jvm/lib/libjvmcicompiler.so
7f63a2d00000-7f63a2e00000 ---p 00000000 00:00 0 
7f63a2e00000-7f63a345f000 r--p 01362000 103:02 51870081                  /home/a4090/miniconda3/envs/auto_pose/lib/jvm/lib/libjvmcicompiler.so
7f63a345f000-7f63a3600000 r--p 00000000 00:00 0 
7f63a3600000-7f63a360e000 rw-p 00000000 00:00 0 
7f63a360e000-7f63a3b63000 rw-p 01b70000 103:02 51870081                  /home/a4090/miniconda3/envs/auto_pose/lib/jvm/lib/libjvmcicompiler.so
7f63a3b63000-7f63a3fdd000 r--p 020c5000 103:02 51870081                  /home/a4090/miniconda3/envs/auto_pose/lib/jvm/lib/libjvmcicompiler.so
7f63a4000000-7f63a4021000 rw-p 00000000 00:00 0 
7f63a4021000-7f63a8000000 ---p 00000000 00:00 0 
7f63a8000000-7f63a8021000 rw-p 00000000 00:00 0 
7f63a8021000-7f63ac000000 ---p 00000000 00:00 0 
7f63ac000000-7f63ac021000 rw-p 00000000 00:00 0 
7f63ac021000-7f63b0000000 ---p 00000000 00:00 0 
7f63b0000000-7f63b0021000 rw-p 00000000 00:00 0 
7f63b0021000-7f63b4000000 ---p 00000000 00:00 0 
7f63b4000000-7f63b4021000 rw-p 00000000 00:00 0 
7f63b4021000-7f63b8000000 ---p 00000000 00:00 0 
7f63b8000000-7f63b8021000 rw-p 00000000 00:00 0 
7f63b8021000-7f63bc000000 ---p 00000000 00:00 0 
7f63bc000000-7f63bc021000 rw-p 00000000 00:00 0 
7f63bc021000-7f63c0000000 ---p 00000000 00:00 0 
7f63c0000000-7f63c0051000 rw-p 00000000 00:00 0 
7f63c0051000-7f63c4000000 ---p 00000000 00:00 0 
7f63c4000000-7f63c4021000 rw-p 00000000 00:00 0 
7f63c4021000-7f63c8000000 ---p 00000000 00:00 0 
7f63c8000000-7f63c8021000 rw-p 00000000 00:00 0 
7f63c8021000-7f63cc000000 ---p 00000000 00:00 0 
7f63cc000000-7f63cc021000 rw-p 00000000 00:00 0 
7f63cc021000-7f63d0000000 ---p 00000000 00:00 0 
7f63d0000000-7f63d0021000 rw-p 00000000 00:00 0 
7f63d0021000-7f63d4000000 ---p 00000000 00:00 0 
7f63d4000000-7f63d4021000 rw-p 00000000 00:00 0 
7f63d4021000-7f63d8000000 ---p 00000000 00:00 0 
7f63d8000000-7f63d8021000 rw-p 00000000 00:00 0 
7f63d8021000-7f63dc000000 ---p 00000000 00:00 0 
7f63dc100000-7f63dc200000 rw-p 00000000 00:00 0 
7f63dc2ff000-7f63dc303000 ---p 00000000 00:00 0 
7f63dc303000-7f63dc500000 rw-p 00000000 00:00 0 
7f63dc600000-7f63dc700000 rw-p 00000000 00:00 0 
7f63dc800000-7f63dc900000 rw-p 00000000 00:00 0 
7f63dca00000-7f63dcb00000 rw-p 00000000 00:00 0 
7f63dcc00000-7f63dcd00000 rw-p 00000000 00:00 0 
7f63dce00000-7f63dcf00000 rw-p 00000000 00:00 0 
7f63dd000000-7f63dd100000 rw-p 00000000 00:00 0 
7f63dd1ff000-7f63dd203000 ---p 00000000 00:00 0 
7f63dd203000-7f63dd400000 rw-p 00000000 00:00 0 
7f63dd500000-7f63dd600000 rw-p 00000000 00:00 0 
7f63dd700000-7f63dd800000 rw-p 00000000 00:00 0 
7f63dd900000-7f63dda00000 rw-p 00000000 00:00 0 
7f63ddb00000-7f63ddc00000 rw-p 00000000 00:00 0 
7f63ddd00000-7f63dde00000 rw-p 00000000 00:00 0 
7f63ddf00000-7f63de000000 rw-p 00000000 00:00 0 
7f63de100000-7f63de200000 rw-p 00000000 00:00 0 
7f63de300000-7f63de400000 rw-p 00000000 00:00 0 
7f63de500000-7f63de600000 rw-p 00000000 00:00 0 
7f63de700000-7f63de800000 rw-p 00000000 00:00 0 
7f63de900000-7f63dea00000 rw-p 00000000 00:00 0 
7f63deb00000-7f63dec00000 rw-p 00000000 00:00 0 
7f63ded00000-7f63dee00000 rw-p 00000000 00:00 0 
7f63def00000-7f63df000000 rw-p 00000000 00:00 0 
7f63df100000-7f63df200000 rw-p 00000000 00:00 0 
7f63df2e6000-7f63df2e7000 ---p 00000000 00:00 0 
7f63df2e7000-7f63df3e8000 rw-p 00000000 00:00 0 
7f63df3e8000-7f63df3e9000 ---p 00000000 00:00 0 
7f63df3e9000-7f63df4ea000 rw-p 00000000 00:00 0 
7f63df4ea000-7f63df4eb000 ---p 00000000 00:00 0 
7f63df4eb000-7f63df5ec000 rw-p 00000000 00:00 0 
7f63df5ec000-7f63df5ed000 ---p 00000000 00:00 0 
7f63df5ed000-7f63df6ee000 rw-p 00000000 00:00 0 
7f63df6ee000-7f63df6ef000 ---p 00000000 00:00 0 
7f63df6ef000-7f63df7f0000 rw-p 00000000 00:00 0 
7f63df7f0000-7f63df7f1000 ---p 00000000 00:00 0 
7f63df7f1000-7f63df8f2000 rw-p 00000000 00:00 0 
7f63df8f2000-7f63df8f3000 ---p 00000000 00:00 0 
7f63df8f3000-7f63df9f4000 rw-p 00000000 00:00 0 
7f63df9f4000-7f63df9f5000 ---p 00000000 00:00 0 
7f63df9f5000-7f63dfaf6000 rw-p 00000000 00:00 0 
7f63dfaf6000-7f63dfaf7000 ---p 00000000 00:00 0 
7f63dfaf7000-7f63dfbf8000 rw-p 00000000 00:00 0 
7f63dfbf8000-7f63dfbf9000 ---p 00000000 00:00 0 
7f63dfbf9000-7f63dfcfa000 rw-p 00000000 00:00 0 
7f63dfcfa000-7f63dfcfb000 ---p 00000000 00:00 0 
7f63dfcfb000-7f63dfdfc000 rw-p 00000000 00:00 0 
7f63dfdfc000-7f63dfdfd000 ---p 00000000 00:00 0 
7f63dfdfd000-7f63dfefe000 rw-p 00000000 00:00 0 
7f63dfefe000-7f63dfeff000 ---p 00000000 00:00 0 
7f63dfeff000-7f63e0000000 rw-p 00000000 00:00 0 
7f63e0000000-7f63e0021000 rw-p 00000000 00:00 0 
7f63e0021000-7f63e4000000 ---p 00000000 00:00 0 
7f63e4000000-7f63e4021000 rw-p 00000000 00:00 0 
7f63e4021000-7f63e8000000 ---p 00000000 00:00 0 
7f63e8000000-7f63e8021000 rw-p 00000000 00:00 0 
7f63e8021000-7f63ec000000 ---p 00000000 00:00 0 
7f63ec000000-7f63ec021000 rw-p 00000000 00:00 0 
7f63ec021000-7f63f0000000 ---p 00000000 00:00 0 
7f63f0000000-7f63f0021000 rw-p 00000000 00:00 0 
7f63f0021000-7f63f4000000 ---p 00000000 00:00 0 
7f63f4000000-7f63f4021000 rw-p 00000000 00:00 0 
7f63f4021000-7f63f8000000 ---p 00000000 00:00 0 
7f63f8000000-7f63f8021000 rw-p 00000000 00:00 0 
7f63f8021000-7f63fc000000 ---p 00000000 00:00 0 
7f63fc000000-7f63fc021000 rw-p 00000000 00:00 0 
7f63fc021000-7f6400000000 ---p 00000000 00:00 0 
7f6400000000-7f6400021000 rw-p 00000000 00:00 0 
7f6400021000-7f6404000000 ---p 00000000 00:00 0 
7f6404000000-7f6404021000 rw-p 00000000 00:00 0 
7f6404021000-7f6408000000 ---p 00000000 00:00 0 
7f6408000000-7f6408021000 rw-p 00000000 00:00 0 
7f6408021000-7f640c000000 ---p 00000000 00:00 0 
7f640c000000-7f640c021000 rw-p 00000000 00:00 0 
7f640c021000-7f6410000000 ---p 00000000 00:00 0 
7f6410000000-7f641009a000 rw-p 00000000 00:00 0 
7f641009a000-7f6414000000 ---p 00000000 00:00 0 
7f6414000000-7f6414021000 rw-p 00000000 00:00 0 
7f6414021000-7f6418000000 ---p 00000000 00:00 0 
7f6418000000-7f6418125000 rw-p 00000000 00:00 0 
7f6418125000-7f641c000000 ---p 00000000 00:00 0 
7f641c000000-7f641c1bc000 rw-p 00000000 00:00 0 
7f641c1bc000-7f6420000000 ---p 00000000 00:00 0 
7f6420000000-7f6420157000 rw-p 00000000 00:00 0 
7f6420157000-7f6424000000 ---p 00000000 00:00 0 
7f6424000000-7f64241bf000 rw-p 00000000 00:00 0 
7f64241bf000-7f6428000000 ---p 00000000 00:00 0 
7f64280e4000-7f64280e5000 ---p 00000000 00:00 0 
7f64280e5000-7f64281e6000 rw-p 00000000 00:00 0 
7f64281e6000-7f64281e7000 ---p 00000000 00:00 0 
7f64281e7000-7f64282e8000 rw-p 00000000 00:00 0 
7f64282e8000-7f64282e9000 ---p 00000000 00:00 0 
7f64282e9000-7f64283ea000 rw-p 00000000 00:00 0 
7f64283ea000-7f64283eb000 ---p 00000000 00:00 0 
7f64283eb000-7f64284ec000 rw-p 00000000 00:00 0 
7f64284ec000-7f64284ed000 ---p 00000000 00:00 0 
7f64284ed000-7f64285ee000 rw-p 00000000 00:00 0 
7f64285ee000-7f64285ef000 ---p 00000000 00:00 0 
7f64285ef000-7f64286f0000 rw-p 00000000 00:00 0 
7f64286f0000-7f64286f1000 ---p 00000000 00:00 0 
7f64286f1000-7f64287f2000 rw-p 00000000 00:00 0 
7f64287f2000-7f64287f3000 ---p 00000000 00:00 0 
7f64287f3000-7f64288f4000 rw-p 00000000 00:00 0 
7f64288f4000-7f64288f5000 ---p 00000000 00:00 0 
7f64288f5000-7f64289f6000 rw-p 00000000 00:00 0 
7f64289f6000-7f64289f7000 ---p 00000000 00:00 0 
7f64289f7000-7f6428af8000 rw-p 00000000 00:00 0 
7f6428af8000-7f6428af9000 ---p 00000000 00:00 0 
7f6428af9000-7f6428bfa000 rw-p 00000000 00:00 0 
7f6428bfa000-7f6428bfb000 ---p 00000000 00:00 0 
7f6428bfb000-7f6428cfc000 rw-p 00000000 00:00 0 
7f6428cfc000-7f6428cfd000 ---p 00000000 00:00 0 
7f6428cfd000-7f6428dfe000 rw-p 00000000 00:00 0 
7f6428dfe000-7f6428dff000 ---p 00000000 00:00 0 
7f6428dff000-7f6429000000 rw-p 00000000 00:00 0 
7f6429100000-7f6429200000 rw-p 00000000 00:00 0 
7f6429300000-7f6429400000 rw-p 00000000 00:00 0 
7f6429500000-7f6429600000 rw-p 00000000 00:00 0 
7f6429700000-7f6429800000 rw-p 00000000 00:00 0 
7f6429900000-7f6429a00000 rw-p 00000000 00:00 0 
7f6429b00000-7f6429c00000 rw-p 00000000 00:00 0 
7f6429d00000-7f6429e00000 rw-p 00000000 00:00 0 
7f6429f00000-7f642a000000 rw-p 00000000 00:00 0 
7f642a100000-7f642a200000 rw-p 00000000 00:00 0 
7f642a300000-7f642a400000 rw-p 00000000 00:00 0 
7f642a500000-7f642a600000 rw-p 00000000 00:00 0 
7f642a700000-7f642a800000 ---p 00000000 00:00 0 
7f642a800000-7f642ae5f000 r--p 01362000 103:02 51870081                  /home/a4090/miniconda3/envs/auto_pose/lib/jvm/lib/libjvmcicompiler.so
7f642ae5f000-7f642b000000 r--p 00000000 00:00 0 
7f642b000000-7f642b00e000 rw-p 00000000 00:00 0 
7f642b00e000-7f642b563000 rw-p 01b70000 103:02 51870081                  /home/a4090/miniconda3/envs/auto_pose/lib/jvm/lib/libjvmcicompiler.so
7f642b563000-7f642b9dd000 r--p 020c5000 103:02 51870081                  /home/a4090/miniconda3/envs/auto_pose/lib/jvm/lib/libjvmcicompiler.so
7f642b9fd000-7f642ba01000 ---p 00000000 00:00 0 
7f642ba01000-7f642bbfe000 rw-p 00000000 00:00 0 
7f642bbfe000-7f642bc02000 ---p 00000000 00:00 0 
7f642bc02000-7f642bdff000 rw-p 00000000 00:00 0 
7f642bdff000-7f642be03000 ---p 00000000 00:00 0 
7f642be03000-7f642c000000 rw-p 00000000 00:00 0 
7f642c000000-7f642c021000 rw-p 00000000 00:00 0 
7f642c021000-7f6430000000 ---p 00000000 00:00 0 
7f64300fe000-7f6430102000 ---p 00000000 00:00 0 
7f6430102000-7f64301ff000 rw-p 00000000 00:00 0 
7f64301ff000-7f6430203000 ---p 00000000 00:00 0 
7f6430203000-7f6430500000 rw-p 00000000 00:00 0 
7f6430600000-7f6430700000 rw-p 00000000 00:00 0 
7f6430800000-7f6430900000 rw-p 00000000 00:00 0 
7f6430a00000-7f6430b00000 rw-p 00000000 00:00 0 
7f6430c00000-7f6430d00000 rw-p 00000000 00:00 0 
7f6430e00000-7f6430f00000 rw-p 00000000 00:00 0 
7f6431000000-7f6431200000 rw-p 00000000 00:00 0 
7f6431300000-7f6431400000 rw-p 00000000 00:00 0 
7f6431500000-7f6431600000 rw-p 00000000 00:00 0 
7f6431700000-7f6431800000 rw-p 00000000 00:00 0 
7f6431900000-7f6431a00000 rw-p 00000000 00:00 0 
7f6431b00000-7f6431c00000 rw-p 00000000 00:00 0 
7f6431d00000-7f6431e00000 rw-p 00000000 00:00 0 
7f6431f00000-7f6432000000 rw-p 00000000 00:00 0 
7f6432100000-7f6432200000 rw-p 00000000 00:00 0 
7f6432300000-7f6432400000 rw-p 00000000 00:00 0 
7f6432500000-7f6432600000 rw-p 00000000 00:00 0 
7f6432700000-7f6432800000 rw-p 00000000 00:00 0 
7f6432900000-7f6432a00000 rw-p 00000000 00:00 0 
7f6432b00000-7f6432c00000 rw-p 00000000 00:00 0 
7f6432d00000-7f6432e00000 rw-p 00000000 00:00 0 
7f6432f00000-7f6433000000 rw-p 00000000 00:00 0 
7f6433100000-7f6433200000 rw-p 00000000 00:00 0 
7f6433300000-7f6433400000 rw-p 00000000 00:00 0 
7f6433500000-7f6433600000 rw-p 00000000 00:00 0 
7f6433700000-7f6433800000 rw-p 00000000 00:00 0 
7f6433900000-7f6433a00000 rw-p 00000000 00:00 0 
7f6433b00000-7f6433c00000 rw-p 00000000 00:00 0 
7f6433d00000-7f6433e00000 rw-p 00000000 00:00 0 
7f6433f00000-7f6434000000 rw-p 00000000 00:00 0 
7f6434100000-7f6434200000 rw-p 00000000 00:00 0 
7f6434300000-7f6434400000 rw-p 00000000 00:00 0 
7f6434500000-7f6434600000 rw-p 00000000 00:00 0 
7f6434700000-7f6434800000 rw-p 00000000 00:00 0 
7f6434900000-7f6434a00000 rw-p 00000000 00:00 0 
7f6434b00000-7f6434c00000 rw-p 00000000 00:00 0 
7f6434d00000-7f6434e00000 rw-p 00000000 00:00 0 
7f6434f00000-7f6435000000 rw-p 00000000 00:00 0 
7f6435100000-7f6435200000 rw-p 00000000 00:00 0 
7f6435300000-7f6435400000 rw-p 00000000 00:00 0 
7f6435500000-7f6435600000 rw-p 00000000 00:00 0 
7f6435700000-7f6435800000 rw-p 00000000 00:00 0 
7f6435900000-7f6435a00000 rw-p 00000000 00:00 0 
7f6435b00000-7f6435c00000 rw-p 00000000 00:00 0 
7f6435d00000-7f6435e00000 rw-p 00000000 00:00 0 
7f6435f00000-7f6436000000 rw-p 00000000 00:00 0 
7f6436100000-7f6436200000 rw-p 00000000 00:00 0 
7f6436300000-7f6436400000 rw-p 00000000 00:00 0 
7f6436500000-7f6436600000 rw-p 00000000 00:00 0 
7f6436700000-7f6436800000 rw-p 00000000 00:00 0 
7f6436900000-7f6436a00000 rw-p 00000000 00:00 0 
7f6436b00000-7f6436c00000 rw-p 00000000 00:00 0 
7f6436d00000-7f6436e00000 ---p 00000000 00:00 0 
7f6436e00000-7f643745f000 r--p 01362000 103:02 51870081                  /home/a4090/miniconda3/envs/auto_pose/lib/jvm/lib/libjvmcicompiler.so
7f643745f000-7f6437600000 r--p 00000000 00:00 0 
7f6437600000-7f643760e000 rw-p 00000000 00:00 0 
7f643760e000-7f6437b63000 rw-p 01b70000 103:02 51870081                  /home/a4090/miniconda3/envs/auto_pose/lib/jvm/lib/libjvmcicompiler.so
7f6437b63000-7f6437fdd000 r--p 020c5000 103:02 51870081                  /home/a4090/miniconda3/envs/auto_pose/lib/jvm/lib/libjvmcicompiler.so
7f6438000000-7f6438042000 rw-p 00000000 00:00 0 
7f6438042000-7f643c000000 ---p 00000000 00:00 0 
7f643c000000-7f643c023000 rw-p 00000000 00:00 0 
7f643c023000-7f6440000000 ---p 00000000 00:00 0 
7f6440000000-7f6440031000 rw-p 00000000 00:00 0 
7f6440031000-7f6444000000 ---p 00000000 00:00 0 
7f6444100000-7f6444200000 rw-p 00000000 00:00 0 
7f6444300000-7f6444400000 rw-p 00000000 00:00 0 
7f6444500000-7f6444600000 ---p 00000000 00:00 0 
7f6444600000-7f6444c5f000 r--p 01362000 103:02 51870081                  /home/a4090/miniconda3/envs/auto_pose/lib/jvm/lib/libjvmcicompiler.so
7f6444c5f000-7f6444e00000 r--p 00000000 00:00 0 
7f6444e00000-7f6444e0e000 rw-p 00000000 00:00 0 
7f6444e0e000-7f6445363000 rw-p 01b70000 103:02 51870081                  /home/a4090/miniconda3/envs/auto_pose/lib/jvm/lib/libjvmcicompiler.so
7f6445363000-7f64457dd000 r--p 020c5000 103:02 51870081                  /home/a4090/miniconda3/envs/auto_pose/lib/jvm/lib/libjvmcicompiler.so
7f6445800000-7f6445900000 ---p 00000000 00:00 0 
7f6445900000-7f6445f5f000 r--p 01362000 103:02 51870081                  /home/a4090/miniconda3/envs/auto_pose/lib/jvm/lib/libjvmcicompiler.so
7f6445f5f000-7f6446100000 r--p 00000000 00:00 0 
7f6446100000-7f644610e000 rw-p 00000000 00:00 0 
7f644610e000-7f6446663000 rw-p 01b70000 103:02 51870081                  /home/a4090/miniconda3/envs/auto_pose/lib/jvm/lib/libjvmcicompiler.so
7f6446663000-7f6446add000 r--p 020c5000 103:02 51870081                  /home/a4090/miniconda3/envs/auto_pose/lib/jvm/lib/libjvmcicompiler.so
7f6446afd000-7f6446b01000 ---p 00000000 00:00 0 
7f6446b01000-7f6446cfe000 rw-p 00000000 00:00 0 
7f6446cfe000-7f6446d02000 ---p 00000000 00:00 0 
7f6446d02000-7f6446eff000 rw-p 00000000 00:00 0 
7f6446eff000-7f6446f03000 ---p 00000000 00:00 0 
7f6446f03000-7f6447200000 rw-p 00000000 00:00 0 
7f6447294000-7f6447400000 rw-p 00000000 00:00 0 
7f6447428000-7f6447600000 rw-p 00000000 00:00 0 
7f644762a000-7f6447800000 rw-p 00000000 00:00 0 
7f644780a000-7f6447a00000 rw-p 00000000 00:00 0 
7f6447a14000-7f6447c00000 rw-p 00000000 00:00 0 
7f6447c01000-7f6447c35000 rw-p 00000000 00:00 0 
7f6447cab000-7f6447ccd000 rw-p 00000000 00:00 0 
7f6447d00000-7f6447e00000 rw-p 00000000 00:00 0 
7f6447e08000-7f6447e3b000 rw-p 00000000 00:00 0 
7f6447e6f000-7f6447ea3000 rw-p 00000000 00:00 0 
7f6447f00000-7f6448000000 rw-p 00000000 00:00 0 
7f6448061000-7f64480da000 rw-p 00000000 00:00 0 
7f64480de000-7f6448200000 rw-p 00000000 00:00 0 
7f644820f000-7f6448433000 rw-p 00000000 00:00 0 
7f6448433000-7f6448455000 rw-p 00000000 00:00 0 
7f644845e000-7f64484b3000 rw-p 00000000 00:00 0 
7f64484bd000-7f6448600000 rw-p 00000000 00:00 0 
7f6448606000-7f644867f000 rw-p 00000000 00:00 0 
7f644868c000-7f6448700000 rw-p 00000000 00:00 0 
7f6448700000-7f6448800000 ---p 00000000 00:00 0 
7f6448800000-7f6448e5f000 r--p 01362000 103:02 51870081                  /home/a4090/miniconda3/envs/auto_pose/lib/jvm/lib/libjvmcicompiler.so
7f6448e5f000-7f6449000000 r--p 00000000 00:00 0 
7f6449000000-7f644900e000 rw-p 00000000 00:00 0 
7f644900e000-7f6449563000 rw-p 01b70000 103:02 51870081                  /home/a4090/miniconda3/envs/auto_pose/lib/jvm/lib/libjvmcicompiler.so
7f6449563000-7f64499dd000 r--p 020c5000 103:02 51870081                  /home/a4090/miniconda3/envs/auto_pose/lib/jvm/lib/libjvmcicompiler.so
7f64499e1000-7f6449a36000 rw-p 00000000 00:00 0 
7f6449a36000-7f6449a38000 r--p 00000000 103:02 39852051                  /usr/lib/x86_64-linux-gnu/libcrypt.so.1.1.0
7f6449a38000-7f6449a4d000 r-xp 00002000 103:02 39852051                  /usr/lib/x86_64-linux-gnu/libcrypt.so.1.1.0
7f6449a4d000-7f6449a67000 r--p 00017000 103:02 39852051                  /usr/lib/x86_64-linux-gnu/libcrypt.so.1.1.0
7f6449a67000-7f6449a68000 r--p 00030000 103:02 39852051                  /usr/lib/x86_64-linux-gnu/libcrypt.so.1.1.0
7f6449a68000-7f6449a69000 rw-p 00031000 103:02 39852051                  /usr/lib/x86_64-linux-gnu/libcrypt.so.1.1.0
7f6449a69000-7f6449ab4000 rw-p 00000000 00:00 0 
7f6449ab4000-7f6449c37000 r--p 00000000 103:02 51870081                  /home/a4090/miniconda3/envs/auto_pose/lib/jvm/lib/libjvmcicompiler.so
7f6449c37000-7f644ae0d000 r-xp 00183000 103:02 51870081                  /home/a4090/miniconda3/envs/auto_pose/lib/jvm/lib/libjvmcicompiler.so
7f644ae0d000-7f644bff7000 r--p 01359000 103:02 51870081                  /home/a4090/miniconda3/envs/auto_pose/lib/jvm/lib/libjvmcicompiler.so
7f644bff7000-7f644bffb000 rw-p 02543000 103:02 51870081                  /home/a4090/miniconda3/envs/auto_pose/lib/jvm/lib/libjvmcicompiler.so
7f644bffb000-7f644c000000 rw-p 027b8000 103:02 51870081                  /home/a4090/miniconda3/envs/auto_pose/lib/jvm/lib/libjvmcicompiler.so
7f644c000000-7f644c021000 rw-p 00000000 00:00 0 
7f644c021000-7f6450000000 ---p 00000000 00:00 0 
7f6450000000-7f6450021000 rw-p 00000000 00:00 0 
7f6450021000-7f6454000000 ---p 00000000 00:00 0 
7f6454000000-7f64541e2000 rw-p 00000000 00:00 0 
7f64541e2000-7f6458000000 ---p 00000000 00:00 0 
7f6458000000-7f64581c8000 rw-p 00000000 00:00 0 
7f64581c8000-7f645c000000 ---p 00000000 00:00 0 
7f645c000000-7f645c2d2000 rw-p 00000000 00:00 0 
7f645c2d2000-7f6460000000 ---p 00000000 00:00 0 
7f6460000000-7f6460021000 rw-p 00000000 00:00 0 
7f6460021000-7f6464000000 ---p 00000000 00:00 0 
7f6464000000-7f6464291000 rw-p 00000000 00:00 0 
7f6464291000-7f6468000000 ---p 00000000 00:00 0 
7f6468000000-7f6468021000 rw-p 00000000 00:00 0 
7f6468021000-7f646c000000 ---p 00000000 00:00 0 
7f646c000000-7f646c021000 rw-p 00000000 00:00 0 
7f646c021000-7f6470000000 ---p 00000000 00:00 0 
7f6470000000-7f647006f000 rw-p 00000000 00:00 0 
7f647006f000-7f6474000000 ---p 00000000 00:00 0 
7f6474000000-7f6474021000 rw-p 00000000 00:00 0 
7f6474021000-7f6478000000 ---p 00000000 00:00 0 
7f6478000000-7f6478021000 rw-p 00000000 00:00 0 
7f6478021000-7f647c000000 ---p 00000000 00:00 0 
7f647c000000-7f647c021000 rw-p 00000000 00:00 0 
7f647c021000-7f6480000000 ---p 00000000 00:00 0 
7f6480000000-7f6480021000 rw-p 00000000 00:00 0 
7f6480021000-7f6484000000 ---p 00000000 00:00 0 
7f6484000000-7f6484025000 rw-p 00000000 00:00 0 
7f6484025000-7f6488000000 ---p 00000000 00:00 0 
7f6488000000-7f6488021000 rw-p 00000000 00:00 0 
7f6488021000-7f648c000000 ---p 00000000 00:00 0 
7f648c000000-7f648c400000 rw-p 00000000 00:00 0 
7f648c400000-7f648c900000 rw-p 00000000 00:00 0 
7f648c900000-7f648cb00000 rw-p 00000000 00:00 0 
7f648cb00000-7f648cb80000 rw-p 00000000 00:00 0 
7f648cb80000-7f648cc00000 rw-p 00000000 00:00 0 
7f648cc00000-7f648cf00000 rw-p 00000000 00:00 0 
7f648cf00000-7f648d000000 rw-p 00000000 00:00 0 
7f648d000000-7f648d300000 rw-p 00000000 00:00 0 
7f648d300000-7f648d3c0000 rw-p 00000000 00:00 0 
7f648d3c0000-7f648d400000 rw-p 00000000 00:00 0 
7f648d400000-7f648d800000 rw-p 00000000 00:00 0 
7f648d800000-7f648f500000 rw-p 00000000 00:00 0 
7f648f500000-7f648f550000 rw-p 00000000 00:00 0 
7f648f550000-7f648f600000 ---p 00000000 00:00 0 
7f648f600000-7f648fe30000 rw-p 00000000 00:00 0 
7f648fe30000-7f6490000000 ---p 00000000 00:00 0 
7f6490000000-7f6490021000 rw-p 00000000 00:00 0 
7f6490021000-7f6494000000 ---p 00000000 00:00 0 
7f6494000000-7f6494100000 rw-p 00000000 00:00 0 
7f6494109000-7f649413c000 rw-p 00000000 00:00 0 
7f6494140000-7f64941b7000 rw-p 00000000 00:00 0 
7f64941b7000-7f64941ba000 r--p 00000000 103:02 51869393                  /home/a4090/miniconda3/envs/auto_pose/lib/jvm/lib/libtrufflenfi.so
7f64941ba000-7f64941c7000 r-xp 00003000 103:02 51869393                  /home/a4090/miniconda3/envs/auto_pose/lib/jvm/lib/libtrufflenfi.so
7f64941c7000-7f64941ca000 r--p 00010000 103:02 51869393                  /home/a4090/miniconda3/envs/auto_pose/lib/jvm/lib/libtrufflenfi.so
7f64941ca000-7f64941cb000 r--p 00012000 103:02 51869393                  /home/a4090/miniconda3/envs/auto_pose/lib/jvm/lib/libtrufflenfi.so
7f64941cb000-7f64941cc000 rw-p 00013000 103:02 51869393                  /home/a4090/miniconda3/envs/auto_pose/lib/jvm/lib/libtrufflenfi.so
7f64941cc000-7f64941cd000 rw-p 0004a000 103:02 51869393                  /home/a4090/miniconda3/envs/auto_pose/lib/jvm/lib/libtrufflenfi.so
7f64941cd000-7f6494300000 rw-p 00000000 00:00 0 
7f6494300000-7f6494305000 r--p 00000000 103:02 51867375                  /home/a4090/miniconda3/envs/auto_pose/lib/jvm/languages/python/lib/graalpy23.0/libposix.graalpy230-310-native-x86_64-linux.so
7f6494305000-7f6494309000 r-xp 00004000 103:02 51867375                  /home/a4090/miniconda3/envs/auto_pose/lib/jvm/languages/python/lib/graalpy23.0/libposix.graalpy230-310-native-x86_64-linux.so
7f6494309000-7f649430a000 r--p 00007000 103:02 51867375                  /home/a4090/miniconda3/envs/auto_pose/lib/jvm/languages/python/lib/graalpy23.0/libposix.graalpy230-310-native-x86_64-linux.so
7f649430a000-7f649430b000 rw-p 00007000 103:02 51867375                  /home/a4090/miniconda3/envs/auto_pose/lib/jvm/languages/python/lib/graalpy23.0/libposix.graalpy230-310-native-x86_64-linux.so
7f649430b000-7f649430e000 rw-p 00039000 103:02 51867375                  /home/a4090/miniconda3/envs/auto_pose/lib/jvm/languages/python/lib/graalpy23.0/libposix.graalpy230-310-native-x86_64-linux.so
7f649430e000-7f64943cc000 rw-p 00000000 00:00 0 
7f64943cc000-7f64943d9000 r-xp 00000000 103:02 51866632                  /home/a4090/miniconda3/envs/auto_pose/lib/jvm/lib/libverify.so
7f64943d9000-7f64943db000 r--p 0000c000 103:02 51866632                  /home/a4090/miniconda3/envs/auto_pose/lib/jvm/lib/libverify.so
7f64943db000-7f64943dc000 rw-p 0000e000 103:02 51866632                  /home/a4090/miniconda3/envs/auto_pose/lib/jvm/lib/libverify.so
7f64943dc000-7f64943de000 rw-p 00010000 103:02 51866632                  /home/a4090/miniconda3/envs/auto_pose/lib/jvm/lib/libverify.so
7f64943de000-7f64943e2000 ---p 00000000 00:00 0 
7f64943e2000-7f6494500000 rw-p 00000000 00:00 0 
7f6494504000-7f649450b000 r--s 00000000 103:02 40504943                  /usr/lib/x86_64-linux-gnu/gconv/gconv-modules.cache
7f649450b000-7f6494511000 r-xp 00000000 103:02 51869757                  /home/a4090/miniconda3/envs/auto_pose/lib/jvm/lib/libmanagement_ext.so
7f6494511000-7f6494512000 r--p 00005000 103:02 51869757                  /home/a4090/miniconda3/envs/auto_pose/lib/jvm/lib/libmanagement_ext.so
7f6494512000-7f6494513000 rw-p 00006000 103:02 51869757                  /home/a4090/miniconda3/envs/auto_pose/lib/jvm/lib/libmanagement_ext.so
7f6494513000-7f6494516000 rw-p 00009000 103:02 51869757                  /home/a4090/miniconda3/envs/auto_pose/lib/jvm/lib/libmanagement_ext.so
7f6494516000-7f6494547000 rw-p 00000000 00:00 0 
7f6494547000-7f649455c000 r-xp 00000000 103:02 51865979                  /home/a4090/miniconda3/envs/auto_pose/lib/jvm/lib/libnet.so
7f649455c000-7f649455d000 ---p 00015000 103:02 51865979                  /home/a4090/miniconda3/envs/auto_pose/lib/jvm/lib/libnet.so
7f649455d000-7f649455e000 r--p 00015000 103:02 51865979                  /home/a4090/miniconda3/envs/auto_pose/lib/jvm/lib/libnet.so
7f649455e000-7f649455f000 rw-p 00016000 103:02 51865979                  /home/a4090/miniconda3/envs/auto_pose/lib/jvm/lib/libnet.so
7f649455f000-7f6494564000 rw-p 0001b000 103:02 51865979                  /home/a4090/miniconda3/envs/auto_pose/lib/jvm/lib/libnet.so
7f6494564000-7f6494577000 r-xp 00000000 103:02 51865608                  /home/a4090/miniconda3/envs/auto_pose/lib/jvm/lib/libnio.so
7f6494577000-7f6494578000 r--p 00012000 103:02 51865608                  /home/a4090/miniconda3/envs/auto_pose/lib/jvm/lib/libnio.so
7f6494578000-7f6494579000 rw-p 00013000 103:02 51865608                  /home/a4090/miniconda3/envs/auto_pose/lib/jvm/lib/libnio.so
7f6494579000-7f6494581000 rw-p 00019000 103:02 51865608                  /home/a4090/miniconda3/envs/auto_pose/lib/jvm/lib/libnio.so
7f6494581000-7f6494582000 ---p 00000000 00:00 0 
7f6494582000-7f6494683000 rw-p 00000000 00:00 0 
7f6494683000-7f6494687000 ---p 00000000 00:00 0 
7f6494687000-7f6494784000 rw-p 00000000 00:00 0 
7f6494784000-7f6494788000 ---p 00000000 00:00 0 
7f6494788000-7f6494985000 rw-p 00000000 00:00 0 
7f6494985000-7f6494989000 ---p 00000000 00:00 0 
7f6494989000-7f6494b86000 rw-p 00000000 00:00 0 
7f6494b86000-7f6494b8a000 ---p 00000000 00:00 0 
7f6494b8a000-7f6494c87000 rw-p 00000000 00:00 0 
7f6494c87000-7f6494c8b000 ---p 00000000 00:00 0 
7f6494c8b000-7f6494e88000 rw-p 00000000 00:00 0 
7f6494e88000-7f6494e8c000 ---p 00000000 00:00 0 
7f6494e8c000-7f6494f89000 rw-p 00000000 00:00 0 
7f6494f89000-7f6494f8d000 ---p 00000000 00:00 0 
7f6494f8d000-7f649518a000 rw-p 00000000 00:00 0 
7f649518a000-7f649518e000 ---p 00000000 00:00 0 
7f649518e000-7f649538b000 rw-p 00000000 00:00 0 
7f649538b000-7f649538f000 ---p 00000000 00:00 0 
7f649538f000-7f649548c000 rw-p 00000000 00:00 0 
7f649548c000-7f6495490000 ---p 00000000 00:00 0 
7f6495490000-7f649558d000 rw-p 00000000 00:00 0 
7f649558d000-7f6495591000 ---p 00000000 00:00 0 
7f6495591000-7f649568e000 rw-p 00000000 00:00 0 
7f649568e000-7f6495eff000 r--p 00000000 103:02 39848971                  /usr/lib/locale/locale-archive
7f6495eff000-7f6495f03000 ---p 00000000 00:00 0 
7f6495f03000-7f6498000000 rw-p 00000000 00:00 0 
7f6498000000-7f6498021000 rw-p 00000000 00:00 0 
7f6498021000-7f649c000000 ---p 00000000 00:00 0 
7f649c000000-7f649c021000 rw-p 00000000 00:00 0 
7f649c021000-7f64a0000000 ---p 00000000 00:00 0 
7f64a0000000-7f64a0021000 rw-p 00000000 00:00 0 
7f64a0021000-7f64a4000000 ---p 00000000 00:00 0 
7f64a4001000-7f64a4002000 r--p 00000000 00:00 0 
7f64a4002000-7f64a4006000 r-xp 00000000 103:02 51871985                  /home/a4090/miniconda3/envs/auto_pose/lib/jvm/lib/libmanagement.so
7f64a4006000-7f64a4007000 r--p 00003000 103:02 51871985                  /home/a4090/miniconda3/envs/auto_pose/lib/jvm/lib/libmanagement.so
7f64a4007000-7f64a4008000 rw-p 00004000 103:02 51871985                  /home/a4090/miniconda3/envs/auto_pose/lib/jvm/lib/libmanagement.so
7f64a4008000-7f64a400b000 rw-p 00007000 103:02 51871985                  /home/a4090/miniconda3/envs/auto_pose/lib/jvm/lib/libmanagement.so
7f64a400b000-7f64a4012000 r-xp 00000000 103:02 51866985                  /home/a4090/miniconda3/envs/auto_pose/lib/jvm/lib/libzip.so
7f64a4012000-7f64a4013000 ---p 00007000 103:02 51866985                  /home/a4090/miniconda3/envs/auto_pose/lib/jvm/lib/libzip.so
7f64a4013000-7f64a4014000 r--p 00007000 103:02 51866985                  /home/a4090/miniconda3/envs/auto_pose/lib/jvm/lib/libzip.so
7f64a4014000-7f64a4015000 rw-p 00008000 103:02 51866985                  /home/a4090/miniconda3/envs/auto_pose/lib/jvm/lib/libzip.so
7f64a4015000-7f64a4018000 rw-p 0000b000 103:02 51866985                  /home/a4090/miniconda3/envs/auto_pose/lib/jvm/lib/libzip.so
7f64a4018000-7f64a4049000 rw-p 00000000 00:00 0 
7f64a4049000-7f64a404c000 r--p 00000000 103:02 65812693                  /home/a4090/miniconda3/envs/auto_pose/lib/libz.so.1.2.13
7f64a404c000-7f64a405b000 r-xp 00003000 103:02 65812693                  /home/a4090/miniconda3/envs/auto_pose/lib/libz.so.1.2.13
7f64a405b000-7f64a4062000 r--p 00012000 103:02 65812693                  /home/a4090/miniconda3/envs/auto_pose/lib/libz.so.1.2.13
7f64a4062000-7f64a4063000 r--p 00018000 103:02 65812693                  /home/a4090/miniconda3/envs/auto_pose/lib/libz.so.1.2.13
7f64a4063000-7f64a4064000 rw-p 00019000 103:02 65812693                  /home/a4090/miniconda3/envs/auto_pose/lib/libz.so.1.2.13
7f64a4064000-7f64a4068000 ---p 00000000 00:00 0 
7f64a4068000-7f64a4165000 rw-p 00000000 00:00 0 
7f64a4165000-7f64a4166000 ---p 00000000 00:00 0 
7f64a4166000-7f64a4267000 rw-p 00000000 00:00 0 
7f64a4267000-7f64a4335000 r-xp 00000000 103:02 51869100                  /home/a4090/miniconda3/envs/auto_pose/lib/jvm/lib/libjsvml.so
7f64a4335000-7f64a4336000 r--p 000cd000 103:02 51869100                  /home/a4090/miniconda3/envs/auto_pose/lib/jvm/lib/libjsvml.so
7f64a4336000-7f64a4337000 rw-p 000ce000 103:02 51869100                  /home/a4090/miniconda3/envs/auto_pose/lib/jvm/lib/libjsvml.so
7f64a4337000-7f64a433d000 rw-p 000d4000 103:02 51869100                  /home/a4090/miniconda3/envs/auto_pose/lib/jvm/lib/libjsvml.so
7f64a433d000-7f64a445a000 rw-p 00000000 00:00 0 
7f64a445a000-7f64a445b000 ---p 00000000 00:00 0 
7f64a445b000-7f64a455c000 rw-p 00000000 00:00 0 
7f64a455c000-7f64a455d000 ---p 00000000 00:00 0 
7f64a455d000-7f64a5d75000 rw-p 00000000 00:00 0 
7f64a5d75000-7f64a5d76000 ---p 00000000 00:00 0 
7f64a5d76000-7f64a5e77000 rw-p 00000000 00:00 0 
7f64a5e77000-7f64a5e78000 ---p 00000000 00:00 0 
7f64a5e78000-7f64a5f79000 rw-p 00000000 00:00 0 
7f64a5f79000-7f64a5f7a000 ---p 00000000 00:00 0 
7f64a5f7a000-7f64a6763000 rw-p 00000000 00:00 0 
7f64a6763000-7f64a8163000 ---p 00000000 00:00 0 
7f64a8163000-7f64a81a3000 rw-p 00000000 00:00 0 
7f64a81a3000-7f64c4123000 ---p 00000000 00:00 0 
7f64c4123000-7f64c46e3000 rw-p 00000000 00:00 0 
7f64c46e3000-7f64c60e3000 ---p 00000000 00:00 0 
7f64c60e3000-7f64c6123000 rw-p 00000000 00:00 0 
7f64c6123000-7f64e20a3000 ---p 00000000 00:00 0 
7f64e20a3000-7f64e21cb000 rw-p 00000000 00:00 0 
7f64e21cb000-7f64e250b000 ---p 00000000 00:00 0 
7f64e250b000-7f64e2513000 rw-p 00000000 00:00 0 
7f64e2513000-7f64e5d03000 ---p 00000000 00:00 0 
7f64e5d03000-7f64e5dbb000 rw-p 00000000 00:00 0 
7f64e5dbb000-7f64e60fb000 ---p 00000000 00:00 0 
7f64e60fb000-7f64e6103000 rw-p 00000000 00:00 0 
7f64e6103000-7f64e98f3000 ---p 00000000 00:00 0 
7f64e98f3000-7f64e99ab000 rw-p 00000000 00:00 0 
7f64e99ab000-7f64e9ceb000 ---p 00000000 00:00 0 
7f64e9ceb000-7f64e9cf3000 rw-p 00000000 00:00 0 
7f64e9cf3000-7f64ed4e3000 ---p 00000000 00:00 0 
7f64ed4e3000-7f64eecff000 rw-p 00000000 00:00 0 
7f64eecff000-7f64eeddf000 ---p 00000000 00:00 0 
7f64eeddf000-7f64eee00000 rw-p 00000000 00:00 0 
7f64eee00000-7f64eeec4000 ---p 00000000 00:00 0 
7f64eeec4000-7f64eeecf000 rw-p 00000000 00:00 0 
7f64eeecf000-7f64eeedb000 ---p 00000000 00:00 0 
7f64eeedb000-7f64efeeb000 rwxp 00000000 00:00 0 
7f64efeeb000-7f64f6151000 ---p 00000000 00:00 0 
7f64f6151000-7f64f66b1000 rwxp 00000000 00:00 0 
7f64f66b1000-7f64f6c65000 ---p 00000000 00:00 0 
7f64f6c65000-7f64f6ee5000 rwxp 00000000 00:00 0 
7f64f6ee5000-7f64fdedb000 ---p 00000000 00:00 0 
7f64fdedb000-7f64fdeff000 r-xp 00000000 103:02 51869794                  /home/a4090/miniconda3/envs/auto_pose/lib/jvm/lib/libjava.so
7f64fdeff000-7f64fdf00000 ---p 00024000 103:02 51869794                  /home/a4090/miniconda3/envs/auto_pose/lib/jvm/lib/libjava.so
7f64fdf00000-7f64fdf01000 r--p 00024000 103:02 51869794                  /home/a4090/miniconda3/envs/auto_pose/lib/jvm/lib/libjava.so
7f64fdf01000-7f64fdf02000 rw-p 00025000 103:02 51869794                  /home/a4090/miniconda3/envs/auto_pose/lib/jvm/lib/libjava.so
7f64fdf02000-7f64fdf03000 rw-p 00000000 00:00 0 
7f64fdf03000-7f64fdf0e000 rw-p 0002f000 103:02 51869794                  /home/a4090/miniconda3/envs/auto_pose/lib/jvm/lib/libjava.so
7f64fdf0e000-7f64fdf16000 rw-s 00000000 103:02 63966921                  /tmp/hsperfdata_a4090/162171
7f64fdf16000-7f64fdf19000 r--p 00000000 103:02 39848170                  /usr/lib/x86_64-linux-gnu/libnss_files-2.31.so
7f64fdf19000-7f64fdf20000 r-xp 00003000 103:02 39848170                  /usr/lib/x86_64-linux-gnu/libnss_files-2.31.so
7f64fdf20000-7f64fdf22000 r--p 0000a000 103:02 39848170                  /usr/lib/x86_64-linux-gnu/libnss_files-2.31.so
7f64fdf22000-7f64fdf23000 r--p 0000b000 103:02 39848170                  /usr/lib/x86_64-linux-gnu/libnss_files-2.31.so
7f64fdf23000-7f64fdf24000 rw-p 0000c000 103:02 39848170                  /usr/lib/x86_64-linux-gnu/libnss_files-2.31.so
7f64fdf24000-7f64fdf2a000 rw-p 00000000 00:00 0 
7f64fdf2a000-7f64fdf2b000 ---p 00000000 00:00 0 
7f64fdf2b000-7f64fdf2c000 r--p 00000000 00:00 0 
7f64fdf2c000-7f6507cc4000 r--s 00000000 103:02 51868487                  /home/a4090/miniconda3/envs/auto_pose/lib/jvm/lib/modules
7f6507cc4000-7f6507cdf000 r-xp 00000000 103:02 51869974                  /home/a4090/miniconda3/envs/auto_pose/lib/jvm/lib/libjimage.so
7f6507cdf000-7f6507ce0000 ---p 0001b000 103:02 51869974                  /home/a4090/miniconda3/envs/auto_pose/lib/jvm/lib/libjimage.so
7f6507ce0000-7f6507ce2000 r--p 0001b000 103:02 51869974                  /home/a4090/miniconda3/envs/auto_pose/lib/jvm/lib/libjimage.so
7f6507ce2000-7f6507ce3000 rw-p 0001d000 103:02 51869974                  /home/a4090/miniconda3/envs/auto_pose/lib/jvm/lib/libjimage.so
7f6507ce3000-7f6507ce5000 rw-p 00024000 103:02 51869974                  /home/a4090/miniconda3/envs/auto_pose/lib/jvm/lib/libjimage.so
7f6507ce5000-7f6507ce7000 r--p 00000000 103:02 39848193                  /usr/lib/x86_64-linux-gnu/librt-2.31.so
7f6507ce7000-7f6507ceb000 r-xp 00002000 103:02 39848193                  /usr/lib/x86_64-linux-gnu/librt-2.31.so
7f6507ceb000-7f6507ced000 r--p 00006000 103:02 39848193                  /usr/lib/x86_64-linux-gnu/librt-2.31.so
7f6507ced000-7f6507cee000 r--p 00007000 103:02 39848193                  /usr/lib/x86_64-linux-gnu/librt-2.31.so
7f6507cee000-7f6507cef000 rw-p 00008000 103:02 39848193                  /usr/lib/x86_64-linux-gnu/librt-2.31.so
7f6507cef000-7f6508e0e000 r-xp 00000000 103:02 51866492                  /home/a4090/miniconda3/envs/auto_pose/lib/jvm/lib/server/libjvm.so
7f6508e0e000-7f6508e0f000 ---p 0111f000 103:02 51866492                  /home/a4090/miniconda3/envs/auto_pose/lib/jvm/lib/server/libjvm.so
7f6508e0f000-7f6508ec4000 r--p 0111f000 103:02 51866492                  /home/a4090/miniconda3/envs/auto_pose/lib/jvm/lib/server/libjvm.so
7f6508ec4000-7f6508ef8000 rw-p 011d4000 103:02 51866492                  /home/a4090/miniconda3/envs/auto_pose/lib/jvm/lib/server/libjvm.so
7f6508ef8000-7f6508f51000 rw-p 00000000 00:00 0 
7f6508f51000-7f6508f57000 rw-p 015a3000 103:02 51866492                  /home/a4090/miniconda3/envs/auto_pose/lib/jvm/lib/server/libjvm.so
7f6508f57000-7f6508f5a000 rw-p 00000000 00:00 0 
7f6508f5a000-7f6508f7c000 r--p 00000000 103:02 39848138                  /usr/lib/x86_64-linux-gnu/libc-2.31.so
7f6508f7c000-7f65090f4000 r-xp 00022000 103:02 39848138                  /usr/lib/x86_64-linux-gnu/libc-2.31.so
7f65090f4000-7f6509142000 r--p 0019a000 103:02 39848138                  /usr/lib/x86_64-linux-gnu/libc-2.31.so
7f6509142000-7f6509146000 r--p 001e7000 103:02 39848138                  /usr/lib/x86_64-linux-gnu/libc-2.31.so
7f6509146000-7f6509148000 rw-p 001eb000 103:02 39848138                  /usr/lib/x86_64-linux-gnu/libc-2.31.so
7f6509148000-7f650914e000 rw-p 00000000 00:00 0 
7f650914e000-7f6509154000 r--p 00000000 103:02 39848188                  /usr/lib/x86_64-linux-gnu/libpthread-2.31.so
7f6509154000-7f6509165000 r-xp 00006000 103:02 39848188                  /usr/lib/x86_64-linux-gnu/libpthread-2.31.so
7f6509165000-7f650916b000 r--p 00017000 103:02 39848188                  /usr/lib/x86_64-linux-gnu/libpthread-2.31.so
7f650916b000-7f650916c000 r--p 0001c000 103:02 39848188                  /usr/lib/x86_64-linux-gnu/libpthread-2.31.so
7f650916c000-7f650916d000 rw-p 0001d000 103:02 39848188                  /usr/lib/x86_64-linux-gnu/libpthread-2.31.so
7f650916d000-7f6509171000 rw-p 00000000 00:00 0 
7f6509171000-7f6509175000 r--p 00000000 103:02 51864144                  /home/a4090/miniconda3/envs/auto_pose/lib/libgcc_s.so.1
7f6509175000-7f650918a000 r-xp 00004000 103:02 51864144                  /home/a4090/miniconda3/envs/auto_pose/lib/libgcc_s.so.1
7f650918a000-7f650918e000 r--p 00019000 103:02 51864144                  /home/a4090/miniconda3/envs/auto_pose/lib/libgcc_s.so.1
7f650918e000-7f650918f000 r--p 0001c000 103:02 51864144                  /home/a4090/miniconda3/envs/auto_pose/lib/libgcc_s.so.1
7f650918f000-7f6509190000 rw-p 0001d000 103:02 51864144                  /home/a4090/miniconda3/envs/auto_pose/lib/libgcc_s.so.1
7f6509190000-7f650919d000 r--p 00000000 103:02 39848143                  /usr/lib/x86_64-linux-gnu/libm-2.31.so
7f650919d000-7f6509244000 r-xp 0000d000 103:02 39848143                  /usr/lib/x86_64-linux-gnu/libm-2.31.so
7f6509244000-7f65092dd000 r--p 000b4000 103:02 39848143                  /usr/lib/x86_64-linux-gnu/libm-2.31.so
7f65092dd000-7f65092de000 r--p 0014c000 103:02 39848143                  /usr/lib/x86_64-linux-gnu/libm-2.31.so
7f65092de000-7f65092df000 rw-p 0014d000 103:02 39848143                  /usr/lib/x86_64-linux-gnu/libm-2.31.so
7f65092df000-7f6509388000 r--p 00000000 103:02 51864761                  /home/a4090/miniconda3/envs/auto_pose/lib/libstdc++.so.6.0.33
7f6509388000-7f6509428000 r-xp 000a9000 103:02 51864761                  /home/a4090/miniconda3/envs/auto_pose/lib/libstdc++.so.6.0.33
7f6509428000-7f65094ae000 r--p 00149000 103:02 51864761                  /home/a4090/miniconda3/envs/auto_pose/lib/libstdc++.so.6.0.33
7f65094ae000-7f65094b9000 r--p 001cf000 103:02 51864761                  /home/a4090/miniconda3/envs/auto_pose/lib/libstdc++.so.6.0.33
7f65094b9000-7f65094bd000 rw-p 001da000 103:02 51864761                  /home/a4090/miniconda3/envs/auto_pose/lib/libstdc++.so.6.0.33
7f65094bd000-7f65094c1000 rw-p 00000000 00:00 0 
7f65094c1000-7f65094c2000 r--p 00000000 103:02 39848142                  /usr/lib/x86_64-linux-gnu/libdl-2.31.so
7f65094c2000-7f65094c4000 r-xp 00001000 103:02 39848142                  /usr/lib/x86_64-linux-gnu/libdl-2.31.so
7f65094c4000-7f65094c5000 r--p 00003000 103:02 39848142                  /usr/lib/x86_64-linux-gnu/libdl-2.31.so
7f65094c5000-7f65094c6000 r--p 00003000 103:02 39848142                  /usr/lib/x86_64-linux-gnu/libdl-2.31.so
7f65094c6000-7f65094c7000 rw-p 00004000 103:02 39848142                  /usr/lib/x86_64-linux-gnu/libdl-2.31.so
7f65094c7000-7f65094c9000 rw-p 00000000 00:00 0 
7f65094c9000-7f65094ca000 r--p 00000000 103:02 39848110                  /usr/lib/x86_64-linux-gnu/ld-2.31.so
7f65094ca000-7f65094ed000 r-xp 00001000 103:02 39848110                  /usr/lib/x86_64-linux-gnu/ld-2.31.so
7f65094ed000-7f65094f5000 r--p 00024000 103:02 39848110                  /usr/lib/x86_64-linux-gnu/ld-2.31.so
7f65094f5000-7f65094f6000 ---p 00000000 00:00 0 
7f65094f6000-7f65094f7000 r--p 0002c000 103:02 39848110                  /usr/lib/x86_64-linux-gnu/ld-2.31.so
7f65094f7000-7f65094f8000 rw-p 0002d000 103:02 39848110                  /usr/lib/x86_64-linux-gnu/ld-2.31.so
7f65094f8000-7f65094f9000 rw-p 00000000 00:00 0 
7fffe79cc000-7fffe79d0000 ---p 00000000 00:00 0 
7fffe79d0000-7fffe7acc000 rw-p 00000000 00:00 0                          [stack]
7fffe7b43000-7fffe7b47000 r--p 00000000 00:00 0                          [vvar]
7fffe7b47000-7fffe7b49000 r-xp 00000000 00:00 0                          [vdso]
ffffffffff600000-ffffffffff601000 --xp 00000000 00:00 0                  [vsyscall]


VM Arguments:
jvm_args: -XX:ThreadPriorityPolicy=1 -XX:+UnlockExperimentalVMOptions -XX:+EnableJVMCIProduct -XX:-UnlockExperimentalVMOptions -Dorg.graalvm.launcher.class=com.oracle.graal.python.shell.GraalPythonMain -Dorg.graalvm.launcher.executablename=/home/a4090/miniconda3/envs/auto_pose/bin/python 
java_command: <unknown>
java_class_path (initial): /home/a4090/miniconda3/envs/auto_pose/lib/jvm/languages/python/bin/../../../lib/graalvm/graalpython-launcher.jar:/home/a4090/miniconda3/envs/auto_pose/lib/jvm/languages/python/bin/../../../lib/graalvm/launcher-common.jar
Launcher Type: generic

[Global flags]
     intx CICompilerCount                          = 15                                        {product} {ergonomic}
     uint ConcGCThreads                            = 6                                         {product} {ergonomic}
     bool EnableJVMCIProduct                       = true                                {JVMCI product} {jimage}
     uint G1ConcRefinementThreads                  = 23                                        {product} {ergonomic}
   size_t G1HeapRegionSize                         = 16777216                                  {product} {ergonomic}
    uintx GCDrainStackTargetSize                   = 64                                        {product} {ergonomic}
   size_t InitialHeapSize                          = 2113929216                                {product} {ergonomic}
   size_t MarkStackSize                            = 4194304                                   {product} {ergonomic}
   size_t MaxHeapSize                              = 32178700288                               {product} {ergonomic}
   size_t MaxNewSize                               = 19293798400                               {product} {ergonomic}
   size_t MinHeapDeltaBytes                        = 16777216                                  {product} {ergonomic}
   size_t MinHeapSize                              = 16777216                                  {product} {ergonomic}
    uintx NonNMethodCodeHeapSize                   = 11613124                               {pd product} {ergonomic}
    uintx NonProfiledCodeHeapSize                  = 120022558                              {pd product} {ergonomic}
    uintx ProfiledCodeHeapSize                     = 120022558                              {pd product} {ergonomic}
    uintx ReservedCodeCacheSize                    = 251658240                              {pd product} {ergonomic}
     bool SegmentedCodeCache                       = true                                      {product} {ergonomic}
   size_t SoftMaxHeapSize                          = 32178700288                            {manageable} {ergonomic}
     intx ThreadPriorityPolicy                     = 1                                         {product} {jimage}
     bool UseCompressedClassPointers               = true                           {product lp64_product} {ergonomic}
     bool UseCompressedOops                        = true                           {product lp64_product} {ergonomic}
     bool UseG1GC                                  = true                                      {product} {ergonomic}

Logging:
Log output configuration:
 #0: stdout all=warning uptime,level,tags
 #1: stderr all=off uptime,level,tags

Environment Variables:
PATH=/home/a4090/miniconda3/envs/auto_pose/bin:/opt/ros/noetic/bin:/home/a4090/miniconda3/condabin:/home/a4090/.local/bin:/home/a4090/bin:/usr/local/sbin:/usr/local/bin:/usr/sbin:/usr/bin:/sbin:/bin:/usr/games:/usr/local/games:/snap/bin
LD_LIBRARY_PATH=/home/a4090/CoppeliaSim:/usr/lib/x86_64-linux-gnu:/opt/ros/noetic/lib:/opt/ros/noetic/lib/x86_64-linux-gnu
SHELL=/bin/bash
DISPLAY=:0
LANG=en_US.UTF-8
LC_NUMERIC=zh_CN.UTF-8
LC_TIME=zh_CN.UTF-8
TERM=xterm-256color

Active Locale:
LC_ALL=LC_CTYPE=en_US.UTF-8;LC_NUMERIC=zh_CN.UTF-8;LC_TIME=zh_CN.UTF-8;LC_COLLATE=en_US.UTF-8;LC_MONETARY=zh_CN.UTF-8;LC_MESSAGES=en_US.UTF-8;LC_PAPER=zh_CN.UTF-8;LC_NAME=zh_CN.UTF-8;LC_ADDRESS=zh_CN.UTF-8;LC_TELEPHONE=zh_CN.UTF-8;LC_MEASUREMENT=zh_CN.UTF-8;LC_IDENTIFICATION=zh_CN.UTF-8
LC_COLLATE=en_US.UTF-8
LC_CTYPE=en_US.UTF-8
LC_MESSAGES=en_US.UTF-8
LC_MONETARY=zh_CN.UTF-8
LC_NUMERIC=zh_CN.UTF-8
LC_TIME=zh_CN.UTF-8

Signal Handlers:
   SIGSEGV: crash_handler in libjvm.so, mask=11100100010111111101111111111110, flags=SA_RESTART|SA_SIGINFO, unblocked
    SIGBUS: crash_handler in libjvm.so, mask=11100100010111111101111111111110, flags=SA_RESTART|SA_SIGINFO, unblocked
    SIGFPE: crash_handler in libjvm.so, mask=11100100010111111101111111111110, flags=SA_RESTART|SA_SIGINFO, unblocked
   SIGPIPE: javaSignalHandler in libjvm.so, mask=11100100010111111101111111111110, flags=SA_RESTART|SA_SIGINFO, blocked
   SIGXFSZ: javaSignalHandler in libjvm.so, mask=11100100010111111101111111111110, flags=SA_RESTART|SA_SIGINFO, blocked
    SIGILL: crash_handler in libjvm.so, mask=11100100010111111101111111111110, flags=SA_RESTART|SA_SIGINFO, unblocked
   SIGUSR2: SR_handler in libjvm.so, mask=00000000000000000000000000000000, flags=SA_RESTART|SA_SIGINFO, blocked
    SIGHUP: UserHandler in libjvm.so, mask=11100100010111111101111111111110, flags=SA_RESTART|SA_SIGINFO, blocked
    SIGINT: UserHandler in libjvm.so, mask=11100100010111111101111111111110, flags=SA_RESTART|SA_SIGINFO, blocked
   SIGTERM: UserHandler in libjvm.so, mask=11100100010111111101111111111110, flags=SA_RESTART|SA_SIGINFO, blocked
   SIGQUIT: UserHandler in libjvm.so, mask=11100100010111111101111111111110, flags=SA_RESTART|SA_SIGINFO, blocked
   SIGTRAP: crash_handler in libjvm.so, mask=11100100010111111101111111111110, flags=SA_RESTART|SA_SIGINFO, unblocked


---------------  S Y S T E M  ---------------

OS:
DISTRIB_ID=Ubuntu
DISTRIB_RELEASE=20.04
DISTRIB_CODENAME=focal
DISTRIB_DESCRIPTION="Ubuntu 20.04.6 LTS"
uname: Linux 5.15.0-119-generic #129~20.04.1-Ubuntu SMP Wed Aug 7 13:07:13 UTC 2024 x86_64
OS uptime: 1 days 19:58 hours
libc: glibc 2.31 NPTL 2.31 
rlimit (soft/hard): STACK 8192k/infinity , CORE 0k/infinity , NPROC 513269/513269 , NOFILE 1048576/1048576 , AS infinity/infinity , CPU infinity/infinity , DATA infinity/infinity , FSIZE infinity/infinity , MEMLOCK 65536k/65536k
load average: 1055.77 1052.21 1049.32

/proc/meminfo:
MemTotal:       131491188 kB
MemFree:        34114956 kB
MemAvailable:   96019352 kB
Buffers:         7343036 kB
Cached:         36283484 kB
SwapCached:            0 kB
Active:         25366544 kB
Inactive:       48689376 kB
Active(anon):      15808 kB
Inactive(anon): 31488840 kB
Active(file):   25350736 kB
Inactive(file): 17200536 kB
Unevictable:        1036 kB
Mlocked:            1036 kB
SwapTotal:       4194300 kB
SwapFree:        4194300 kB
Dirty:               140 kB
Writeback:             0 kB
AnonPages:      30422036 kB
Mapped:          3111164 kB
Shmem:           1075364 kB
KReclaimable:   20603976 kB
Slab:           22175944 kB
SReclaimable:   20603976 kB
SUnreclaim:      1571968 kB
KernelStack:      108928 kB
PageTables:       407132 kB
NFS_Unstable:          0 kB
Bounce:                0 kB
WritebackTmp:          0 kB
CommitLimit:    69939892 kB
Committed_AS:   106776316 kB
VmallocTotal:   34359738367 kB
VmallocUsed:      237908 kB
VmallocChunk:          0 kB
Percpu:            46208 kB
HardwareCorrupted:     0 kB
AnonHugePages:     45056 kB
ShmemHugePages:        0 kB
ShmemPmdMapped:        0 kB
FileHugePages:         0 kB
FilePmdMapped:         0 kB
HugePages_Total:       0
HugePages_Free:        0
HugePages_Rsvd:        0
HugePages_Surp:        0
Hugepagesize:       2048 kB
Hugetlb:               0 kB
DirectMap4k:     3691340 kB
DirectMap2M:    29454336 kB
DirectMap1G:    100663296 kB

/sys/kernel/mm/transparent_hugepage/enabled: always [madvise] never
/sys/kernel/mm/transparent_hugepage/defrag (defrag/compaction efforts parameter): always defer defer+madvise [madvise] never

Process Memory:
Virtual Size: 40356044K (peak: 40380652K)
Resident Set Size: 1332456K (peak: 1352068K) (anon: 1106540K, file: 225916K, shmem: 0K)
Swapped out: 0K
C-Heap outstanding allocations: 97461K, retained: 11498K
glibc malloc tunables: (default)

/proc/sys/kernel/threads-max (system-wide limit on the number of threads): 1026538
/proc/sys/vm/max_map_count (maximum number of memory map areas a process may have): 65530
/proc/sys/kernel/pid_max (system-wide limit on number of process identifiers): 4194304

container (cgroup) information:
container_type: cgroupv1
cpu_cpuset_cpus: 0-31
cpu_memory_nodes: 0
active_processor_count: 32
cpu_quota: no quota
cpu_period: 100000
cpu_shares: no shares
memory_limit_in_bytes: unlimited
memory_and_swap_limit_in_bytes: unlimited
memory_soft_limit_in_bytes: unlimited
memory_usage_in_bytes: 82058748 k
memory_max_usage_in_bytes: 82078840 k
kernel_memory_usage_in_bytes: 19246504 k
kernel_memory_max_usage_in_bytes: unlimited
kernel_memory_limit_in_bytes: 19247268 k
maximum number of tasks: unlimited
current number of tasks: 5671

Steal ticks since vm start: 0
Steal ticks percentage since vm start:  0.000

CPU: total 32 (initial active 32) (16 cores per cpu, 2 threads per core) family 6 model 183 stepping 1 microcode 0x123, cx8, cmov, fxsr, ht, mmx, 3dnowpref, sse, sse2, sse3, ssse3, sse4.1, sse4.2, popcnt, lzcnt, tsc, tscinvbit, avx, avx2, aes, erms, clmul, bmi1, bmi2, adx, sha, fma, vzeroupper, clflush, clflushopt, clwb
CPU Model and flags from /proc/cpuinfo:
model name	: Intel(R) Core(TM) i9-14900K
flags		: fpu vme de pse tsc msr pae mce cx8 apic sep mtrr pge mca cmov pat pse36 clflush dts acpi mmx fxsr sse sse2 ss ht tm pbe syscall nx pdpe1gb rdtscp lm constant_tsc art arch_perfmon pebs bts rep_good nopl xtopology nonstop_tsc cpuid aperfmperf tsc_known_freq pni pclmulqdq dtes64 monitor ds_cpl vmx smx est tm2 ssse3 sdbg fma cx16 xtpr pdcm sse4_1 sse4_2 x2apic movbe popcnt tsc_deadline_timer aes xsave avx f16c rdrand lahf_lm abm 3dnowprefetch cpuid_fault epb ssbd ibrs ibpb stibp ibrs_enhanced tpr_shadow vnmi flexpriority ept vpid ept_ad fsgsbase tsc_adjust bmi1 avx2 smep bmi2 erms invpcid rdseed adx smap clflushopt clwb intel_pt sha_ni xsaveopt xsavec xgetbv1 xsaves split_lock_detect avx_vnni dtherm ida arat pln pts hwp hwp_notify hwp_act_window hwp_epp hwp_pkg_req umip pku ospke waitpkg gfni vaes vpclmulqdq tme rdpid movdiri movdir64b fsrm md_clear serialize pconfig arch_lbr flush_l1d arch_capabilities

Online cpus: 0-31
Offline cpus: 
BIOS frequency limitation: <Not Available>
Frequency switch latency (ns): 0
Available cpu frequencies: <Not Available>
Current governor: performance
Core performance/turbo boost: <Not Available>

Memory: 4k page, physical 131491188k(34114452k free), swap 4194300k(4194300k free)
Page Sizes: 4k

vm_info: OpenJDK 64-Bit Server VM (17.0.7+4-jvmci-23.0-b10) for linux-amd64 JRE (17.0.7+4-jvmci-23.0-b10), built on Mar 24 2023 22:17:53 by "buildslave" with gcc 10.3.0

END.
