#
# A fatal error has been detected by the Java Runtime Environment:
#
#  SIGSEGV (0xb) at pc=0x00007f598a0ec7b8, pid=163320, tid=163395
#
# JRE version: OpenJDK Runtime Environment GraalVM CE 17.0.7+4.1 (17.0.7+4) (build 17.0.7+4-jvmci-23.0-b10)
# Java VM: OpenJDK 64-Bit Server VM GraalVM CE 17.0.7+4.1 (17.0.7+4-jvmci-23.0-b10, mixed mode, sharing, tiered, jvmci, jvmci compiler, compressed oops, compressed class ptrs, g1 gc, linux-amd64)
# Problematic frame:
# C  0x00007f598a0ec7b8
#
# Core dump will be written. Default location: Core dumps may be processed with "/usr/share/apport/apport -p%p -s%s -c%c -d%d -P%P -u%u -g%g -- %E" (or dumping to /home/a4090/ljc/AutoPoseEstimator/core.163320)
#
# If you would like to submit a bug report, please visit:
#   https://github.com/oracle/graal/issues
# The crash happened outside the Java Virtual Machine in native code.
# See problematic frame for where to report the bug.
#

---------------  S U M M A R Y ------------

Command Line: -XX:ThreadPriorityPolicy=1 -XX:+UnlockExperimentalVMOptions -XX:+EnableJVMCIProduct -XX:-UnlockExperimentalVMOptions -Dorg.graalvm.launcher.class=com.oracle.graal.python.shell.GraalPythonMain -Dorg.graalvm.launcher.executablename=/home/a4090/miniconda3/envs/auto_pose/bin/python 

Host: Intel(R) Core(TM) i9-14900K, 32 cores, 125G, Ubuntu 20.04.6 LTS
Time: Thu Feb 27 16:39:44 2025 CST elapsed time: 1.380473 seconds (0d 0h 0m 1s)

---------------  T H R E A D  ---------------

Current thread (0x000055ed1f892170):  JavaThread "TruffleCompilerThread-34" daemon [_thread_in_native, id=163395, stack(0x00007f59cb2ff000,0x00007f59cb400000)]

Stack: [0x00007f59cb2ff000,0x00007f59cb400000],  sp=0x00007f59cb3fd308,  free space=1016k
Native frames: (J=compiled Java code, j=interpreted, Vv=VM code, C=native code)
C  0x00007f598a0ec7b8
C  [libjvmcicompiler.so+0xe1d713]  ControlFlowGraph$RPOLoopVerification_loopFullyProcessed_463a63c21a260651e8b214ce1d339b5c03bc2ff1+0xd3
C  [libjvmcicompiler.so+0xe271f1]  ControlFlowGraph_rpoInnerLoopsFirst_d18d07e00a91c2cc6c5e65bd12ba58d572ef7043+0x751
C  [libjvmcicompiler.so+0xe1fe86]  ControlFlowGraph_computeFrequencies_ddc2498898fe28f6481961651385c86aef7f6631+0x186
C  [libjvmcicompiler.so+0xe1f482]  ControlFlowGraph_compute_669901a6ae2cfc46f2f30de6af99f1f9b38e933d+0x312
C  [libjvmcicompiler.so+0xea6a47]  LoopsData_constructor_82cd895aac747ab5fbf5383b064f8202d323a30c+0x107
C  [libjvmcicompiler.so+0xf0894d]  DominatorBasedGlobalValueNumberingPhase_runFixedNodeGVN_31c76c287c8ddbab692211e363f6642a7e144f61+0xbd
C  [libjvmcicompiler.so+0xf08865]  DominatorBasedGlobalValueNumberingPhase_run_ef0a186090c1abd4ebc8c33e20d171980502374f+0x25
C  [libjvmcicompiler.so+0xedf9f2]  BasePhase_apply_a7a34a5581cb5bc9dd94a67363b0d35949922111+0x812
C  [libjvmcicompiler.so+0xface4f]  CachingPEGraphDecoder_createGraph_2193d4a2f46f72cf1f9c2ae75dab48c6b6e0ee22+0x3ef
C  [libjvmcicompiler.so+0xfad7b5]  CachingPEGraphDecoder_lookupOrCreatePersistentEncodedGraph_8f70979cc06d0ba88cdf3c58b2d7b02a32aa8af7+0x125
C  [libjvmcicompiler.so+0xfad57f]  CachingPEGraphDecoder_lookupEncodedGraph_93a6603b22d4172a5847a0a1e6041f95c6b853d7+0x9f
C  [libjvmcicompiler.so+0xfdbbd4]  PEGraphDecoder_doInline_7239fbb81140b727994353019904811ea4be6aa0+0xd4
C  [libjvmcicompiler.so+0xfe2dfc]  PEGraphDecoder_tryInline_18abbe22604286a2989eb9e0e1e481090900989c+0x35c
C  [libjvmcicompiler.so+0xfe4b65]  PEGraphDecoder_trySimplifyInvoke_e43da03d3cfdbb1f816a05410b1494ca116c6274+0x85
C  [libjvmcicompiler.so+0xfe070b]  PEGraphDecoder_handleInvoke_34b2884debe7e352472227cdeb648b1fb9fc15f0+0x23b
C  [libjvmcicompiler.so+0xd7a790]  GraphDecoder_processNextNode_86ca473af99cf2d6ebed9f9072c30958d55c24e7+0xfa0
C  [libjvmcicompiler.so+0xd72bb7]  GraphDecoder_decode_6772f99e1c932b8170d29b0d4edb3738c283d24a+0xf7
C  [libjvmcicompiler.so+0xfdb7ad]  PEGraphDecoder_decode_221a6a9f09808542188716cd2981734188678c1c+0x15d
C  [libjvmcicompiler.so+0x10c0205]  PartialEvaluator_doGraphPE_b049177c27c9e6a87126eab19bbe3ad867cb6600+0x405
C  [libjvmcicompiler.so+0x112af89]  GraphManager_peRoot_6c39a752278c448d0081b8bb8138430af81ea797+0x59
C  [libjvmcicompiler.so+0x1125555]  CallNode_makeRoot_46f734d5e8d94b01561133a084b93fe3a7d5e0c8+0x195
C  [libjvmcicompiler.so+0x1126ea1]  CallTree_constructor_33ff7f242150943726e6e23fecc0c674e6e7a03a+0x1f1
C  [libjvmcicompiler.so+0x11215e5]  AgnosticInliningPhase_run_45135e98714397d031047fe76a86e08c3d46cd88+0x125
C  [libjvmcicompiler.so+0x112147d]  AgnosticInliningPhase_run_733f304abbff9bfdec9bd5b6daf13cac32927ec3+0x3d
C  [libjvmcicompiler.so+0xedf9f2]  BasePhase_apply_a7a34a5581cb5bc9dd94a67363b0d35949922111+0x812
C  [libjvmcicompiler.so+0x98fbb0]  BaseTier_run_452c2cb1b8cbe93c2c1e0721e00f05de04a0754a+0x140
C  [libjvmcicompiler.so+0xedf9f2]  BasePhase_apply_a7a34a5581cb5bc9dd94a67363b0d35949922111+0x812
C  [libjvmcicompiler.so+0x10d3282]  TruffleCompilerImpl_truffleTier_d6375ac00dde012c9c1533dc343939a49df1117c+0x1d2
C  [libjvmcicompiler.so+0x10ccfa5]  TruffleCompilerImpl_compileAST_bb1b8203f96b08420e94f7617aba16fbcfba3e02+0x105
C  [libjvmcicompiler.so+0x10cbdf7]  TruffleCompilerImpl$TruffleCompilationWrapper_performCompilation_62d795c442f5dcfdd795e8f785ce80286bb030e9+0x87
C  [libjvmcicompiler.so+0x10cbd47]  TruffleCompilerImpl$TruffleCompilationWrapper_performCompilation_944b1c54de06fc6d941347ed880c1f96e8fba7f4+0x17
C  [libjvmcicompiler.so+0x8d6204]  CompilationWrapper_run_d730478f4ce8f539b4955ca0a99f3c6f484bea17+0x64
C  [libjvmcicompiler.so+0x10ccc4a]  TruffleCompilerImpl_actuallyCompile_47fe4c83a8c6ea6532f4e7d0e1a892f465345bb3+0x27a
C  [libjvmcicompiler.so+0x10cf055]  TruffleCompilerImpl_doCompile_db634ab046aba6fdd1ed9944a7805e9b5ec88b34+0xe5
C  [libjvmcicompiler.so+0x10e6e9b]  TruffleToLibGraalEntryPoints_doCompile_1c2efe693f1a18150989da71a6494124dd5c5dc4+0x37b
C  [libjvmcicompiler.so+0x1d6819]  Java_org_graalvm_compiler_truffle_runtime_hotspot_libgraal_TruffleToLibGraalCalls_doCompile+0xd9
j  org.graalvm.compiler.truffle.runtime.hotspot.libgraal.TruffleToLibGraalCalls.doCompile(JJJJ[BLorg/graalvm/compiler/truffle/common/TruffleCompilationTask;Lorg/graalvm/compiler/truffle/common/TruffleCompilerListener;)V+0 jdk.internal.vm.compiler
j  org.graalvm.compiler.truffle.runtime.hotspot.libgraal.LibGraalHotSpotTruffleCompiler.doCompile(Lorg/graalvm/compiler/truffle/common/TruffleDebugContext;Lorg/graalvm/compiler/truffle/common/TruffleCompilation;Ljava/util/Map;Lorg/graalvm/compiler/truffle/common/TruffleCompilationTask;Lorg/graalvm/compiler/truffle/common/TruffleCompilerListener;)V+40 jdk.internal.vm.compiler
j  org.graalvm.compiler.truffle.runtime.GraalTruffleRuntime.compileImpl(Lorg/graalvm/compiler/truffle/common/TruffleDebugContext;Lorg/graalvm/compiler/truffle/runtime/OptimizedCallTarget;Lorg/graalvm/compiler/truffle/common/TruffleCompilationTask;)V+86 jdk.internal.vm.compiler
j  org.graalvm.compiler.truffle.runtime.GraalTruffleRuntime.doCompile(Lorg/graalvm/compiler/truffle/common/TruffleDebugContext;Lorg/graalvm/compiler/truffle/runtime/OptimizedCallTarget;Lorg/graalvm/compiler/truffle/common/TruffleCompilationTask;)V+154 jdk.internal.vm.compiler
j  org.graalvm.compiler.truffle.runtime.GraalTruffleRuntime.doCompile(Lorg/graalvm/compiler/truffle/runtime/OptimizedCallTarget;Lorg/graalvm/compiler/truffle/common/TruffleCompilationTask;)V+4 jdk.internal.vm.compiler
j  org.graalvm.compiler.truffle.runtime.CompilationTask$1.accept(Lorg/graalvm/compiler/truffle/runtime/CompilationTask;)V+30 jdk.internal.vm.compiler
j  org.graalvm.compiler.truffle.runtime.CompilationTask$1.accept(Ljava/lang/Object;)V+5 jdk.internal.vm.compiler
j  org.graalvm.compiler.truffle.runtime.CompilationTask.call()Ljava/lang/Void;+5 jdk.internal.vm.compiler
j  org.graalvm.compiler.truffle.runtime.CompilationTask.call()Ljava/lang/Object;+1 jdk.internal.vm.compiler
j  java.util.concurrent.FutureTask.run()V+39 java.base@17.0.7
j  java.util.concurrent.ThreadPoolExecutor.runWorker(Ljava/util/concurrent/ThreadPoolExecutor$Worker;)V+92 java.base@17.0.7
j  java.util.concurrent.ThreadPoolExecutor$Worker.run()V+5 java.base@17.0.7
j  java.lang.Thread.run()V+11 java.base@17.0.7
j  org.graalvm.compiler.truffle.runtime.BackgroundCompileQueue$TruffleCompilerThreadFactory$1.run()V+30 jdk.internal.vm.compiler
v  ~StubRoutines::call_stub
V  [libjvm.so+0x7fc225]  JavaCalls::call_helper(JavaValue*, methodHandle const&, JavaCallArguments*, JavaThread*)+0x315
V  [libjvm.so+0x7fda1b]  JavaCalls::call_virtual(JavaValue*, Handle, Klass*, Symbol*, Symbol*, JavaThread*)+0x1cb
V  [libjvm.so+0x8c68d3]  thread_entry(JavaThread*, JavaThread*)+0xa3
V  [libjvm.so+0xd8ccf0]  JavaThread::thread_main_inner()+0xd0
V  [libjvm.so+0xd902d0]  Thread::call_run()+0xc0
V  [libjvm.so+0xbe0f51]  thread_native_entry(Thread*)+0xe1

Java frames: (J=compiled Java code, j=interpreted, Vv=VM code)
j  org.graalvm.compiler.truffle.runtime.hotspot.libgraal.TruffleToLibGraalCalls.doCompile(JJJJ[BLorg/graalvm/compiler/truffle/common/TruffleCompilationTask;Lorg/graalvm/compiler/truffle/common/TruffleCompilerListener;)V+0 jdk.internal.vm.compiler
j  org.graalvm.compiler.truffle.runtime.hotspot.libgraal.LibGraalHotSpotTruffleCompiler.doCompile(Lorg/graalvm/compiler/truffle/common/TruffleDebugContext;Lorg/graalvm/compiler/truffle/common/TruffleCompilation;Ljava/util/Map;Lorg/graalvm/compiler/truffle/common/TruffleCompilationTask;Lorg/graalvm/compiler/truffle/common/TruffleCompilerListener;)V+40 jdk.internal.vm.compiler
j  org.graalvm.compiler.truffle.runtime.GraalTruffleRuntime.compileImpl(Lorg/graalvm/compiler/truffle/common/TruffleDebugContext;Lorg/graalvm/compiler/truffle/runtime/OptimizedCallTarget;Lorg/graalvm/compiler/truffle/common/TruffleCompilationTask;)V+86 jdk.internal.vm.compiler
j  org.graalvm.compiler.truffle.runtime.GraalTruffleRuntime.doCompile(Lorg/graalvm/compiler/truffle/common/TruffleDebugContext;Lorg/graalvm/compiler/truffle/runtime/OptimizedCallTarget;Lorg/graalvm/compiler/truffle/common/TruffleCompilationTask;)V+154 jdk.internal.vm.compiler
j  org.graalvm.compiler.truffle.runtime.GraalTruffleRuntime.doCompile(Lorg/graalvm/compiler/truffle/runtime/OptimizedCallTarget;Lorg/graalvm/compiler/truffle/common/TruffleCompilationTask;)V+4 jdk.internal.vm.compiler
j  org.graalvm.compiler.truffle.runtime.CompilationTask$1.accept(Lorg/graalvm/compiler/truffle/runtime/CompilationTask;)V+30 jdk.internal.vm.compiler
j  org.graalvm.compiler.truffle.runtime.CompilationTask$1.accept(Ljava/lang/Object;)V+5 jdk.internal.vm.compiler
j  org.graalvm.compiler.truffle.runtime.CompilationTask.call()Ljava/lang/Void;+5 jdk.internal.vm.compiler
j  org.graalvm.compiler.truffle.runtime.CompilationTask.call()Ljava/lang/Object;+1 jdk.internal.vm.compiler
j  java.util.concurrent.FutureTask.run()V+39 java.base@17.0.7
j  java.util.concurrent.ThreadPoolExecutor.runWorker(Ljava/util/concurrent/ThreadPoolExecutor$Worker;)V+92 java.base@17.0.7
j  java.util.concurrent.ThreadPoolExecutor$Worker.run()V+5 java.base@17.0.7
j  java.lang.Thread.run()V+11 java.base@17.0.7
j  org.graalvm.compiler.truffle.runtime.BackgroundCompileQueue$TruffleCompilerThreadFactory$1.run()V+30 jdk.internal.vm.compiler
v  ~StubRoutines::call_stub

siginfo: si_signo: 11 (SIGSEGV), si_code: 2 (SEGV_ACCERR), si_addr: 0x00007f598a0ec7b8

Register to memory mapping:

RAX=0x00007f598a0ec7b8 points into unknown readable memory: 0x0000000000816268 | 68 62 81 00 00 00 00 00
RBX=0x00007f59c0fe2220 points into unknown readable memory: 0x00000000007671a0 | a0 71 76 00 00 00 00 00
RCX=0x00007f598a0ec7b8 points into unknown readable memory: 0x0000000000816268 | 68 62 81 00 00 00 00 00
RDX=0x0000000000001087 is an unknown value
RSP=0x00007f59cb3fd308 is pointing into the stack for thread: 0x000055ed1f892170
RBP=0x00007f59cb3fd380 is pointing into the stack for thread: 0x000055ed1f892170
RSI=0x00007f59c0f57708 points into unknown readable memory: 0x00000000007671a0 | a0 71 76 00 00 00 00 00
RDI=0x00007f59cb3fd340 is pointing into the stack for thread: 0x000055ed1f892170
R8 =0x0000000000000001 is an unknown value
R9 =0x0 is NULL
R10=0xffffffffc00cd870 is an unknown value
R11=0xffffffffc0034318 is an unknown value
R12=0x00007f598a0cd870 points into unknown readable memory: 0x00000000008ba7f8 | f8 a7 8b 00 00 00 00 00
R13=0xfffffffff6fe2220 is an unknown value
R14=0x00007f59ca000000 is an unknown value
R15=0x00007f59c4001640 points into unknown readable memory: 0x00007f59ca75f010 | 10 f0 75 ca 59 7f 00 00


Registers:
RAX=0x00007f598a0ec7b8, RBX=0x00007f59c0fe2220, RCX=0x00007f598a0ec7b8, RDX=0x0000000000001087
RSP=0x00007f59cb3fd308, RBP=0x00007f59cb3fd380, RSI=0x00007f59c0f57708, RDI=0x00007f59cb3fd340
R8 =0x0000000000000001, R9 =0x0000000000000000, R10=0xffffffffc00cd870, R11=0xffffffffc0034318
R12=0x00007f598a0cd870, R13=0xfffffffff6fe2220, R14=0x00007f59ca000000, R15=0x00007f59c4001640
RIP=0x00007f598a0ec7b8, EFLAGS=0x0000000000010202, CSGSFS=0x002b000000000033, ERR=0x0000000000000015
  TRAPNO=0x000000000000000e

Top of Stack: (sp=0x00007f59cb3fd308)
0x00007f59cb3fd308:   00007f5acdddda09 00007f59cb3fd340
0x00007f59cb3fd318:   00007f598a0ec7b8 00007f59cb3fd340
0x00007f59cb3fd328:   00007f5bcd4a26a7 00007f59cb3fd360
0x00007f59cb3fd338:   00007f598a0ec7b8 00007f59cb3fd380 

Instructions: (pc=0x00007f598a0ec7b8)
0x00007f598a0ec6b8:   78 c6 0e c0 ff ff ff ff 00 00 00 00 00 00 00 00
0x00007f598a0ec6c8:   c8 57 81 00 00 00 00 00 00 00 00 00 30 04 00 00
0x00007f598a0ec6d8:   e8 86 d1 f7 ff ff ff ff 00 00 00 00 00 00 00 00
0x00007f598a0ec6e8:   00 00 00 00 00 00 00 00 68 62 81 00 00 00 00 00
0x00007f598a0ec6f8:   00 00 00 00 00 00 00 00 00 00 00 00 00 00 00 00
0x00007f598a0ec708:   c8 c6 0e c0 ff ff ff ff 78 c6 0e c0 ff ff ff ff
0x00007f598a0ec718:   00 00 00 00 00 00 00 00 f8 97 79 00 00 00 00 00
0x00007f598a0ec728:   00 00 00 00 00 00 00 00 e8 86 d1 f7 ff ff ff ff
0x00007f598a0ec738:   00 00 00 00 00 00 00 00 50 56 82 00 00 00 00 00
0x00007f598a0ec748:   00 00 00 00 00 00 00 00 a0 71 76 00 00 00 00 00
0x00007f598a0ec758:   00 00 00 00 00 00 00 00 00 00 00 00 00 00 00 00
0x00007f598a0ec768:   f8 a9 79 00 00 00 00 00 00 00 00 00 00 00 00 00
0x00007f598a0ec778:   20 c7 0e c0 ff ff ff ff 40 c7 0e c0 ff ff ff ff
0x00007f598a0ec788:   00 00 00 00 00 00 00 00 c8 57 81 00 00 00 00 00
0x00007f598a0ec798:   00 00 00 00 6b 01 00 00 e8 86 d1 f7 ff ff ff ff
0x00007f598a0ec7a8:   70 83 f5 f6 ff ff ff ff 00 00 00 00 00 00 00 00
0x00007f598a0ec7b8:   68 62 81 00 00 00 00 00 00 00 00 00 00 00 00 00
0x00007f598a0ec7c8:   08 77 f5 f6 ff ff ff ff 90 c7 0e c0 ff ff ff ff
0x00007f598a0ec7d8:   40 c7 0e c0 ff ff ff ff 00 00 00 00 00 00 00 00
0x00007f598a0ec7e8:   18 64 db 00 00 00 00 00 00 00 00 00 00 00 00 00
0x00007f598a0ec7f8:   00 00 00 00 00 00 00 00 68 bf 8b 00 00 00 00 00
0x00007f598a0ec808:   00 00 00 00 05 00 00 00 b8 c8 0e c0 ff ff ff ff
0x00007f598a0ec818:   d8 c7 0e c0 ff ff ff ff 02 00 00 00 00 00 00 00
0x00007f598a0ec828:   00 00 00 00 00 00 00 00 e0 26 79 00 00 00 00 00
0x00007f598a0ec838:   00 00 00 00 01 00 00 00 58 c8 0e c0 ff ff ff ff
0x00007f598a0ec848:   01 00 00 00 00 00 00 00 00 00 00 00 00 00 00 00
0x00007f598a0ec858:   38 f2 88 00 00 00 00 00 00 00 00 00 0a 00 00 00
0x00007f598a0ec868:   60 92 0e c0 ff ff ff ff 00 00 00 00 00 00 00 00
0x00007f598a0ec878:   00 00 00 00 00 00 00 00 00 00 00 00 00 00 00 00
0x00007f598a0ec888:   00 00 00 00 00 00 00 00 00 00 00 00 00 00 00 00
0x00007f598a0ec898:   00 00 00 00 00 00 00 00 00 00 00 00 00 00 00 00
0x00007f598a0ec8a8:   00 00 00 00 00 00 00 00 00 00 00 00 00 00 00 00 


Stack slot to memory mapping:
stack at sp + 0 slots: 0x00007f5acdddda09: <offset 0x0000000001335a09> in /home/a4090/miniconda3/envs/auto_pose/lib/jvm/lib/libjvmcicompiler.so at 0x00007f5accaa8000
stack at sp + 1 slots: 0x00007f59cb3fd340 is pointing into the stack for thread: 0x000055ed1f892170
stack at sp + 2 slots: 0x00007f598a0ec7b8 points into unknown readable memory: 0x0000000000816268 | 68 62 81 00 00 00 00 00
stack at sp + 3 slots: 0x00007f59cb3fd340 is pointing into the stack for thread: 0x000055ed1f892170
stack at sp + 4 slots: 0x00007f5bcd4a26a7 is an unknown value
stack at sp + 5 slots: 0x00007f59cb3fd360 is pointing into the stack for thread: 0x000055ed1f892170
stack at sp + 6 slots: 0x00007f598a0ec7b8 points into unknown readable memory: 0x0000000000816268 | 68 62 81 00 00 00 00 00
stack at sp + 7 slots: 0x00007f59cb3fd380 is pointing into the stack for thread: 0x000055ed1f892170


---------------  P R O C E S S  ---------------

Threads class SMR info:
_java_thread_list=0x000055ed1fa37ef0, length=36, elements={
0x000055ed1e1ae9d0, 0x000055ed1e3a2b70, 0x000055ed1e3a3fc0, 0x000055ed1e3aa810,
0x000055ed1e3abbf0, 0x000055ed1e3ad030, 0x000055ed1e3aea50, 0x000055ed1e3affb0,
0x000055ed1e3b9440, 0x000055ed1e3c7930, 0x00007f5ab409e1d0, 0x00007f5ab40a79c0,
0x00007f5ab40a8b20, 0x000055ed1e40f8f0, 0x00007f5ac0044da0, 0x00007f5ac0045f00,
0x00007f5ac00470a0, 0x000055ed1e7131b0, 0x00007f5a940058c0, 0x00007f5ab4196170,
0x00007f5ab4197290, 0x000055ed1e8b7de0, 0x00007f5aa40f65a0, 0x00007f5aa40f7790,
0x000055ed1f8276c0, 0x000055ed1f842470, 0x000055ed1f892170, 0x000055ed1f898fa0,
0x000055ed1f8c9c40, 0x000055ed1f94cbd0, 0x000055ed1f9570a0, 0x000055ed1f9636c0,
0x000055ed1f965df0, 0x000055ed1f982700, 0x000055ed1f9a6780, 0x000055ed1fa2c5c0
}

Java Threads: ( => current thread )
  0x000055ed1e1ae9d0 JavaThread "main" [_thread_in_Java, id=163320, stack(0x00007fff3d276000,0x00007fff3d376000)]
  0x000055ed1e3a2b70 JavaThread "Reference Handler" daemon [_thread_blocked, id=163327, stack(0x00007f5ae8b38000,0x00007f5ae8c39000)]
  0x000055ed1e3a3fc0 JavaThread "Finalizer" daemon [_thread_blocked, id=163328, stack(0x00007f5ae8a37000,0x00007f5ae8b38000)]
  0x000055ed1e3aa810 JavaThread "Signal Dispatcher" daemon [_thread_blocked, id=163329, stack(0x00007f5ae80c5000,0x00007f5ae81c6000)]
  0x000055ed1e3abbf0 JavaThread "Service Thread" daemon [_thread_blocked, id=163330, stack(0x00007f5acfeff000,0x00007f5ad0000000)]
  0x000055ed1e3ad030 JavaThread "Monitor Deflation Thread" daemon [_thread_blocked, id=163331, stack(0x00007f5acfdfe000,0x00007f5acfeff000)]
  0x000055ed1e3aea50 JavaThread "JVMCI-native CompilerThread0" daemon [_thread_blocked, id=163332, stack(0x00007f5acfbfd000,0x00007f5acfdfe000)]
  0x000055ed1e3affb0 JavaThread "C1 CompilerThread0" daemon [_thread_blocked, id=163333, stack(0x00007f5acf9fc000,0x00007f5acfbfd000)]
  0x000055ed1e3b9440 JavaThread "Sweeper thread" daemon [_thread_blocked, id=163334, stack(0x00007f5acf8fb000,0x00007f5acf9fc000)]
  0x000055ed1e3c7930 JavaThread "Common-Cleaner" daemon [_thread_blocked, id=163335, stack(0x00007f5acf7fa000,0x00007f5acf8fb000)]
  0x00007f5ab409e1d0 JavaThread "C1 CompilerThread1" daemon [_thread_blocked, id=163336, stack(0x00007f5acf5f9000,0x00007f5acf7fa000)]
  0x00007f5ab40a79c0 JavaThread "C1 CompilerThread2" daemon [_thread_blocked, id=163337, stack(0x00007f5acf3f8000,0x00007f5acf5f9000)]
  0x00007f5ab40a8b20 JavaThread "C1 CompilerThread3" daemon [_thread_in_native, id=163338, stack(0x00007f5acf1f7000,0x00007f5acf3f8000)]
  0x000055ed1e40f8f0 JavaThread "Notification Thread" daemon [_thread_blocked, id=163339, stack(0x00007f5acf0f6000,0x00007f5acf1f7000)]
  0x00007f5ac0044da0 JavaThread "JVMCI-native CompilerThread1" daemon [_thread_blocked, id=163341, stack(0x00007f5acc2ff000,0x00007f5acc500000)]
  0x00007f5ac0045f00 JavaThread "JVMCI-native CompilerThread2" daemon [_thread_in_native, id=163342, stack(0x00007f5acc0fe000,0x00007f5acc2ff000)]
  0x00007f5ac00470a0 JavaThread "JVMCI-native CompilerThread3" daemon [_thread_blocked, id=163343, stack(0x00007f5a9aaff000,0x00007f5a9ad00000)]
  0x000055ed1e7131b0 JavaThread "process reaper" daemon [_thread_blocked, id=163345, stack(0x00007f5acca72000,0x00007f5acca94000)]
  0x00007f5a940058c0 JavaThread "C1 CompilerThread4" daemon [_thread_blocked, id=163352, stack(0x00007f5a81dff000,0x00007f5a82000000)]
  0x00007f5ab4196170 JavaThread "C1 CompilerThread5" daemon [_thread_blocked, id=163353, stack(0x00007f5a81bfe000,0x00007f5a81dff000)]
  0x00007f5ab4197290 JavaThread "C1 CompilerThread6" daemon [_thread_blocked, id=163354, stack(0x00007f5a819fd000,0x00007f5a81bfe000)]
  0x000055ed1e8b7de0 JavaThread "TruffleCompilerThread-30" daemon [_thread_in_native, id=163355, stack(0x00007f5a818fc000,0x00007f5a819fd000)]
  0x00007f5aa40f65a0 JavaThread "C1 CompilerThread7" daemon [_thread_blocked, id=163385, stack(0x00007f5a692ff000,0x00007f5a69500000)]
  0x00007f5aa40f7790 JavaThread "C1 CompilerThread8" daemon [_thread_blocked, id=163386, stack(0x00007f5a690fe000,0x00007f5a692ff000)]
  0x000055ed1f8276c0 JavaThread "TruffleCompilerThread-32" daemon [_thread_in_native, id=163387, stack(0x00007f59f36ff000,0x00007f59f3800000)]
  0x000055ed1f842470 JavaThread "TruffleCompilerThread-33" daemon [_thread_in_native, id=163394, stack(0x00007f59f0aff000,0x00007f59f0c00000)]
=>0x000055ed1f892170 JavaThread "TruffleCompilerThread-34" daemon [_thread_in_native, id=163395, stack(0x00007f59cb2ff000,0x00007f59cb400000)]
  0x000055ed1f898fa0 JavaThread "TruffleCompilerThread-35" daemon [_thread_in_native, id=163396, stack(0x00007f59c8eff000,0x00007f59c9000000)]
  0x000055ed1f8c9c40 JavaThread "TruffleCompilerThread-36" daemon [_thread_in_native, id=163397, stack(0x00007f59bb2ff000,0x00007f59bb400000)]
  0x000055ed1f94cbd0 JavaThread "TruffleCompilerThread-37" daemon [_thread_in_native, id=163398, stack(0x00007f59b26ff000,0x00007f59b2800000)]
  0x000055ed1f9570a0 JavaThread "TruffleCompilerThread-38" daemon [_thread_in_native, id=163399, stack(0x00007f59b08ff000,0x00007f59b0a00000)]
  0x000055ed1f9636c0 JavaThread "TruffleCompilerThread-39" daemon [_thread_in_native, id=163400, stack(0x00007f59a85ff000,0x00007f59a8700000)]
  0x000055ed1f965df0 JavaThread "TruffleCompilerThread-40" daemon [_thread_in_native, id=163401, stack(0x00007f599e7ff000,0x00007f599e900000)]
  0x000055ed1f982700 JavaThread "python-actions-pool-1-thread-1" daemon [_thread_blocked, id=163402, stack(0x00007f59b8cff000,0x00007f59b8e00000)]
  0x000055ed1f9a6780 JavaThread "nfi-gc" daemon [_thread_blocked, id=163403, stack(0x00007f59b8bfe000,0x00007f59b8cff000)]
  0x000055ed1fa2c5c0 JavaThread "python-actions-pool-2-thread-1" daemon [_thread_blocked, id=163404, stack(0x00007f59706ff000,0x00007f5970800000)]

Other Threads:
  0x000055ed1e39e870 VMThread "VM Thread" [stack: 0x00007f5ae8c3b000,0x00007f5ae8d3b000] [id=163326]
  0x000055ed1e411260 WatcherThread [stack: 0x00007f5aceff6000,0x00007f5acf0f6000] [id=163340]
  0x000055ed1e1e5120 GCTaskThread "GC Thread#0" [stack: 0x00007f5af8a57000,0x00007f5af8b57000] [id=163321]
  0x00007f5ad8008e20 GCTaskThread "GC Thread#1" [stack: 0x00007f5a6b900000,0x00007f5a6ba00000] [id=163358]
  0x00007f5ad8009870 GCTaskThread "GC Thread#2" [stack: 0x00007f5a6b7fe000,0x00007f5a6b8fe000] [id=163359]
  0x00007f5ad800a2c0 GCTaskThread "GC Thread#3" [stack: 0x00007f5a6b6fc000,0x00007f5a6b7fc000] [id=163360]
  0x00007f5ad800ad10 GCTaskThread "GC Thread#4" [stack: 0x00007f5a6b5fa000,0x00007f5a6b6fa000] [id=163361]
  0x00007f5ad800b760 GCTaskThread "GC Thread#5" [stack: 0x00007f5a6b4f8000,0x00007f5a6b5f8000] [id=163362]
  0x00007f5ad800c1b0 GCTaskThread "GC Thread#6" [stack: 0x00007f5a6b3f6000,0x00007f5a6b4f6000] [id=163363]
  0x00007f5ad800cc00 GCTaskThread "GC Thread#7" [stack: 0x00007f5a6b2f4000,0x00007f5a6b3f4000] [id=163364]
  0x00007f5ad800d650 GCTaskThread "GC Thread#8" [stack: 0x00007f5a6b1f2000,0x00007f5a6b2f2000] [id=163365]
  0x00007f5ad800e0a0 GCTaskThread "GC Thread#9" [stack: 0x00007f5a6b0f0000,0x00007f5a6b1f0000] [id=163366]
  0x00007f5ad800eaf0 GCTaskThread "GC Thread#10" [stack: 0x00007f5a6afee000,0x00007f5a6b0ee000] [id=163367]
  0x00007f5ad800f540 GCTaskThread "GC Thread#11" [stack: 0x00007f5a6aeec000,0x00007f5a6afec000] [id=163368]
  0x00007f5ad80103c0 GCTaskThread "GC Thread#12" [stack: 0x00007f5a6adea000,0x00007f5a6aeea000] [id=163369]
  0x00007f5ad8011240 GCTaskThread "GC Thread#13" [stack: 0x00007f5a6ace8000,0x00007f5a6ade8000] [id=163370]
  0x00007f5ad80120c0 GCTaskThread "GC Thread#14" [stack: 0x00007f5a6abe6000,0x00007f5a6ace6000] [id=163371]
  0x00007f5ad8012f40 GCTaskThread "GC Thread#15" [stack: 0x00007f5a6aae4000,0x00007f5a6abe4000] [id=163372]
  0x00007f5ad8013dc0 GCTaskThread "GC Thread#16" [stack: 0x00007f5a6a9e2000,0x00007f5a6aae2000] [id=163373]
  0x00007f5ad8014c40 GCTaskThread "GC Thread#17" [stack: 0x00007f5a6a8e0000,0x00007f5a6a9e0000] [id=163374]
  0x00007f5ad8015ac0 GCTaskThread "GC Thread#18" [stack: 0x00007f5a6a7de000,0x00007f5a6a8de000] [id=163375]
  0x00007f5ad8016940 GCTaskThread "GC Thread#19" [stack: 0x00007f5a6a6dc000,0x00007f5a6a7dc000] [id=163376]
  0x00007f5ad80177c0 GCTaskThread "GC Thread#20" [stack: 0x00007f5a6a5da000,0x00007f5a6a6da000] [id=163377]
  0x00007f5ad8018640 GCTaskThread "GC Thread#21" [stack: 0x00007f5a6a4d8000,0x00007f5a6a5d8000] [id=163378]
  0x00007f5ad80194c0 GCTaskThread "GC Thread#22" [stack: 0x00007f5a6a3d6000,0x00007f5a6a4d6000] [id=163379]
  0x000055ed1e1f5770 ConcurrentGCThread "G1 Main Marker" [stack: 0x00007f5af8955000,0x00007f5af8a55000] [id=163322]
  0x000055ed1e1f6710 ConcurrentGCThread "G1 Conc#0" [stack: 0x00007f5af8853000,0x00007f5af8953000] [id=163323]
  0x00007f5aec000d30 ConcurrentGCThread "G1 Conc#1" [stack: 0x00007f5a6a2d4000,0x00007f5a6a3d4000] [id=163380]
  0x00007f5aec001b80 ConcurrentGCThread "G1 Conc#2" [stack: 0x00007f5a6a1d2000,0x00007f5a6a2d2000] [id=163381]
  0x00007f5aec002610 ConcurrentGCThread "G1 Conc#3" [stack: 0x00007f5a6a0d0000,0x00007f5a6a1d0000] [id=163382]
  0x00007f5aec0030a0 ConcurrentGCThread "G1 Conc#4" [stack: 0x00007f5a69fce000,0x00007f5a6a0ce000] [id=163383]
  0x00007f5aec003b30 ConcurrentGCThread "G1 Conc#5" [stack: 0x00007f5a69ecc000,0x00007f5a69fcc000] [id=163384]
  0x000055ed1e36abc0 ConcurrentGCThread "G1 Refine#0" [stack: 0x00007f5ae8ff1000,0x00007f5ae90f1000] [id=163324]
  0x00007f5ae4000d30 ConcurrentGCThread "G1 Refine#1" [stack: 0x00007f59f1500000,0x00007f59f1600000] [id=163388]
  0x00007f59e4000d30 ConcurrentGCThread "G1 Refine#2" [stack: 0x00007f59f13fe000,0x00007f59f14fe000] [id=163389]
  0x00007f59e8000d30 ConcurrentGCThread "G1 Refine#3" [stack: 0x00007f59f12fc000,0x00007f59f13fc000] [id=163390]
  0x00007f59dc000d30 ConcurrentGCThread "G1 Refine#4" [stack: 0x00007f59f11fa000,0x00007f59f12fa000] [id=163391]
  0x00007f59e0000d30 ConcurrentGCThread "G1 Refine#5" [stack: 0x00007f59f10f8000,0x00007f59f11f8000] [id=163392]
  0x00007f59d4000d30 ConcurrentGCThread "G1 Refine#6" [stack: 0x00007f59f0ff6000,0x00007f59f10f6000] [id=163393]
  0x000055ed1e36bad0 ConcurrentGCThread "G1 Service" [stack: 0x00007f5ae8eef000,0x00007f5ae8fef000] [id=163325]

Threads with active compile tasks:
C1 CompilerThread0     1384 5939       3       org.graalvm.compiler.truffle.runtime.OptimizedCallTarget::logPolymorphicEvent (83 bytes)
C1 CompilerThread2     1384 5941       3       com.oracle.graal.python.nodes.call.special.MaybeBindDescriptorNodeGen::create (8 bytes)
JVMCI-native CompilerThread2     1384 5938       4       com.oracle.graal.python.nodes.PNodeWithContext::isSingleContext (8 bytes)

VM state: not at safepoint (normal execution)

VM Mutex/Monitor currently owned by a thread: None

Heap address: 0x0000000082000000, size: 30688 MB, Compressed Oops mode: Zero based, Oop shift amount: 3

CDS archive(s) mapped at: [0x0000000800000000-0x0000000800bcb000-0x0000000800bcb000), size 12365824, SharedBaseAddress: 0x0000000800000000, ArchiveRelocationMode: 0.
Compressed class space mapped at: 0x0000000801000000-0x0000000841000000, reserved size: 1073741824
Narrow klass base: 0x0000000800000000, Narrow klass shift: 0, Narrow klass range: 0x100000000

GC Precious Log:
 CPUs: 32 total, 32 available
 Memory: 125G
 Large Page Support: Disabled
 NUMA Support: Disabled
 Compressed Oops: Enabled (Zero based)
 Heap Region Size: 16M
 Heap Min Capacity: 16M
 Heap Initial Capacity: 2016M
 Heap Max Capacity: 30688M
 Pre-touch: Disabled
 Parallel Workers: 23
 Concurrent Workers: 6
 Concurrent Refinement Workers: 23
 Periodic GC: Disabled

Heap:
 garbage-first heap   total 393216K, used 117575K [0x0000000082000000, 0x0000000800000000)
  region size 16384K, 6 young (98304K), 1 survivors (16384K)
 Metaspace       used 69554K, committed 69824K, reserved 1114112K
  class space    used 9873K, committed 9984K, reserved 1048576K

Heap Regions: E=young(eden), S=young(survivor), O=old, HS=humongous(starts), HC=humongous(continues), CS=collection set, F=free, OA=open archive, CA=closed archive, TAMS=top-at-mark-start (previous, next)
|   0|0x0000000082000000, 0x0000000083000000, 0x0000000083000000|100%| O|  |TAMS 0x0000000083000000, 0x0000000082000000| Untracked 
|   1|0x0000000083000000, 0x0000000083000000, 0x0000000084000000|  0%| F|  |TAMS 0x0000000083000000, 0x0000000083000000| Untracked 
|   2|0x0000000084000000, 0x0000000085000000, 0x0000000085000000|100%| O|  |TAMS 0x0000000085000000, 0x0000000084000000| Untracked 
|   3|0x0000000085000000, 0x00000000850ac000, 0x0000000086000000|  4%| O|  |TAMS 0x00000000850ac000, 0x0000000085000000| Complete 
|   4|0x0000000086000000, 0x0000000086000000, 0x0000000087000000|  0%| F|  |TAMS 0x0000000086000000, 0x0000000086000000| Untracked 
|   5|0x0000000087000000, 0x0000000087000000, 0x0000000088000000|  0%| F|  |TAMS 0x0000000087000000, 0x0000000087000000| Untracked 
|   6|0x0000000088000000, 0x0000000088000000, 0x0000000089000000|  0%| F|  |TAMS 0x0000000088000000, 0x0000000088000000| Untracked 
|   7|0x0000000089000000, 0x0000000089000000, 0x000000008a000000|  0%| F|  |TAMS 0x0000000089000000, 0x0000000089000000| Untracked 
|   8|0x000000008a000000, 0x000000008a000000, 0x000000008b000000|  0%| F|  |TAMS 0x000000008a000000, 0x000000008a000000| Untracked 
|   9|0x000000008b000000, 0x000000008b000000, 0x000000008c000000|  0%| F|  |TAMS 0x000000008b000000, 0x000000008b000000| Untracked 
|  10|0x000000008c000000, 0x000000008c000000, 0x000000008d000000|  0%| F|  |TAMS 0x000000008c000000, 0x000000008c000000| Untracked 
|  11|0x000000008d000000, 0x000000008d000000, 0x000000008e000000|  0%| F|  |TAMS 0x000000008d000000, 0x000000008d000000| Untracked 
|  12|0x000000008e000000, 0x000000008e252e00, 0x000000008f000000| 14%| S|CS|TAMS 0x000000008e000000, 0x000000008e000000| Complete 
|  13|0x000000008f000000, 0x000000008f000000, 0x0000000090000000|  0%| F|  |TAMS 0x000000008f000000, 0x000000008f000000| Untracked 
|  14|0x0000000090000000, 0x0000000090000000, 0x0000000091000000|  0%| F|  |TAMS 0x0000000090000000, 0x0000000090000000| Untracked 
|  15|0x0000000091000000, 0x0000000091000000, 0x0000000092000000|  0%| F|  |TAMS 0x0000000091000000, 0x0000000091000000| Untracked 
|  16|0x0000000092000000, 0x0000000092000000, 0x0000000093000000|  0%| F|  |TAMS 0x0000000092000000, 0x0000000092000000| Untracked 
|  17|0x0000000093000000, 0x0000000093d7c500, 0x0000000094000000| 84%| E|  |TAMS 0x0000000093000000, 0x0000000093000000| Complete 
|  18|0x0000000094000000, 0x0000000095000000, 0x0000000095000000|100%| E|CS|TAMS 0x0000000094000000, 0x0000000094000000| Complete 
|  19|0x0000000095000000, 0x0000000096000000, 0x0000000096000000|100%| E|CS|TAMS 0x0000000095000000, 0x0000000095000000| Complete 
|  20|0x0000000096000000, 0x0000000097000000, 0x0000000097000000|100%| E|CS|TAMS 0x0000000096000000, 0x0000000096000000| Complete 
| 125|0x00000000ff000000, 0x0000000100000000, 0x0000000100000000|100%| E|CS|TAMS 0x00000000ff000000, 0x00000000ff000000| Complete 
|1916|0x00000007fe000000, 0x00000007fef46000, 0x00000007ff000000| 95%|OA|  |TAMS 0x00000007fef46000, 0x00000007fe000000| Untracked 
|1917|0x00000007ff000000, 0x00000007ff08d000, 0x0000000800000000|  3%|CA|  |TAMS 0x00000007ff08d000, 0x00000007ff000000| Untracked 

Card table byte_map: [0x00007f5b387ef000,0x00007f5b3c3df000] _byte_map_base: 0x00007f5b383df000

Marking Bits (Prev, Next): (CMBitMap*) 0x000055ed1e1e5c00, (CMBitMap*) 0x000055ed1e1e5bc0
 Prev Bits: [0x00007f5af8cff000, 0x00007f5b16c7f000)
 Next Bits: [0x00007f5b16c7f000, 0x00007f5b34bff000)

Polling page: 0x00007f5b50a06000

Metaspace:

Usage:
  Non-class:     58.28 MB used.
      Class:      9.64 MB used.
       Both:     67.93 MB used.

Virtual space:
  Non-class space:       64.00 MB reserved,      58.44 MB ( 91%) committed,  1 nodes.
      Class space:        1.00 GB reserved,       9.75 MB ( <1%) committed,  1 nodes.
             Both:        1.06 GB reserved,      68.19 MB (  6%) committed. 

Chunk freelists:
   Non-Class:  4.83 MB
       Class:  6.12 MB
        Both:  10.95 MB

MaxMetaspaceSize: unlimited
CompressedClassSpaceSize: 1.00 GB
Initial GC threshold: 21.00 MB
Current GC threshold: 102.31 MB
CDS: on
MetaspaceReclaimPolicy: balanced
 - commit_granule_bytes: 65536.
 - commit_granule_words: 8192.
 - virtual_space_node_default_size: 8388608.
 - enlarge_chunks_in_place: 1.
 - new_chunks_are_fully_committed: 0.
 - uncommit_free_chunks: 1.
 - use_allocation_guard: 0.
 - handle_deallocations: 1.


Internal statistics:

num_allocs_failed_limit: 23.
num_arena_births: 322.
num_arena_deaths: 0.
num_vsnodes_births: 2.
num_vsnodes_deaths: 0.
num_space_committed: 1091.
num_space_uncommitted: 0.
num_chunks_returned_to_freelist: 23.
num_chunks_taken_from_freelist: 2620.
num_chunk_merges: 23.
num_chunk_splits: 2076.
num_chunks_enlarged: 1698.
num_inconsistent_stats: 0.

CodeHeap 'non-profiled nmethods': size=117208Kb used=2179Kb max_used=2179Kb free=115028Kb
 bounds [0x00007f5b49741000, 0x00007f5b499b1000, 0x00007f5b509b7000]
CodeHeap 'profiled nmethods': size=117208Kb used=13803Kb max_used=14949Kb free=103404Kb
 bounds [0x00007f5b419b7000, 0x00007f5b42857000, 0x00007f5b48c2d000]
CodeHeap 'non-nmethods': size=11344Kb used=5968Kb max_used=5997Kb free=5375Kb
 bounds [0x00007f5b48c2d000, 0x00007f5b4920d000, 0x00007f5b49741000]
 total_blobs=5872 nmethods=5051 adapters=713
 compilation: enabled
              stopped_count=0, restarted_count=0
 full_count=0

JVMCI Events (20 events):
Event: 1.337 Thread 0x00007f5ac0044da0 compacted oop handles in JVMCI runtime 1 from 178 to 112
Event: 1.338 Thread 0x00007f5ac0044da0 compacted oop handles in JVMCI runtime 1 from 115 to 113
Event: 1.339 Thread 0x000055ed1e3aea50 compacted oop handles in JVMCI runtime 0 from 184 to 140
Event: 1.339 Thread 0x00007f5ac0045f00 compacted oop handles in JVMCI runtime 2 from 186 to 161
Event: 1.340 Thread 0x00007f5ac0045f00 compacted oop handles in JVMCI runtime 2 from 163 to 161
Event: 1.343 Thread 0x000055ed1e3aea50 compacted oop handles in JVMCI runtime 0 from 161 to 155
Event: 1.343 Thread 0x000055ed1f842470 compacted oop handles in JVMCI runtime 6 from 1643 to 1055
Event: 1.345 Thread 0x000055ed1e3aea50 compacted oop handles in JVMCI runtime 0 from 157 to 156
Event: 1.346 Thread 0x000055ed1e3aea50 compacted oop handles in JVMCI runtime 0 from 158 to 157
Event: 1.346 Thread 0x000055ed1e3aea50 compacted oop handles in JVMCI runtime 0 from 158 to 86
Event: 1.347 Thread 0x000055ed1e3aea50 compacted oop handles in JVMCI runtime 0 from 95 to 92
Event: 1.348 Thread 0x00007f5ac0045f00 compacted oop handles in JVMCI runtime 2 from 173 to 171
Event: 1.348 Thread 0x000055ed1f9636c0 compacted oop handles in JVMCI runtime 12 from 1511 to 983
Event: 1.348 Thread 0x00007f5ac0044da0 compacted oop handles in JVMCI runtime 1 from 128 to 122
Event: 1.350 Thread 0x00007f5ac00470a0 compacted oop handles in JVMCI runtime 3 from 151 to 149
Event: 1.355 Thread 0x000055ed1f898fa0 compacted oop handles in JVMCI runtime 8 from 758 to 599
Event: 1.355 Thread 0x000055ed1f965df0 compacted oop handles in JVMCI runtime 13 from 2004 to 968
Event: 1.356 Thread 0x000055ed1e3aea50 compacted oop handles in JVMCI runtime 0 from 99 to 98
Event: 1.356 Thread 0x000055ed1f965df0 compacted oop handles in JVMCI runtime 13 from 979 to 621
Event: 1.356 Thread 0x000055ed1f898fa0 compacted oop handles in JVMCI runtime 8 from 619 to 584

Compilation events (20 events):
Event: 1.356 Thread 0x00007f5aa40f65a0 nmethod 5752 0x00007f5b42149010 code [0x00007f5b421491a0, 0x00007f5b421492b0]
Event: 1.356 Thread 0x000055ed1e3aea50 nmethod 5744 0x00007f5b498e9790 code [0x00007f5b498e9920, 0x00007f5b498e9b30]
Event: 1.356 Thread 0x000055ed1e3aea50 5751       4       org.graalvm.options.OptionDescriptor::<init> (50 bytes)
Event: 1.356 Thread 0x00007f5ab40a79c0 5753       3       com.oracle.graal.python.nodes.object.IsForeignObjectNodeGen::execute (205 bytes)
Event: 1.356 Thread 0x00007f5ab40a79c0 nmethod 5753 0x00007f5b420b6610 code [0x00007f5b420b6920, 0x00007f5b420b97c0]
Event: 1.356 Thread 0x00007f5aa40f7790 5755       3       com.oracle.graal.python.nodes.call.CallNode::getUncached (4 bytes)
Event: 1.356 Thread 0x00007f5aa40f65a0 5756       3       com.oracle.graal.python.nodes.call.CallNodeGen::getUncached (4 bytes)
Event: 1.356 Thread 0x00007f5a940058c0 5757       3       com.oracle.graal.python.builtins.objects.code.CodeNodes$GetCodeCallTargetNode::doGeneric (33 bytes)
Event: 1.356 Thread 0x00007f5aa40f7790 nmethod 5755 0x00007f5b41b42a10 code [0x00007f5b41b42bc0, 0x00007f5b41b42d10]
Event: 1.356 Thread 0x00007f5aa40f65a0 nmethod 5756 0x00007f5b4221eb10 code [0x00007f5b4221eca0, 0x00007f5b4221ed90]
Event: 1.356 Thread 0x00007f5a940058c0 nmethod 5757 0x00007f5b41a4e210 code [0x00007f5b41a4e400, 0x00007f5b41a4ec90]
Event: 1.357 Thread 0x00007f5a940058c0 5759       3       com.oracle.graal.python.nodes.PRaiseNodeGen::create (8 bytes)
Event: 1.357 Thread 0x00007f5ab4197290 5758       3       com.oracle.graal.python.nodes.PRaiseNode::create (4 bytes)
Event: 1.357 Thread 0x00007f5aa40f65a0 5761       3       com.oracle.graal.python.nodes.PRaiseNode::<init> (5 bytes)
Event: 1.357 Thread 0x00007f5ab409e1d0 5760       3       com.oracle.graal.python.nodes.PRaiseNodeGen::<init> (5 bytes)
Event: 1.357 Thread 0x00007f5a940058c0 nmethod 5759 0x00007f5b41b53a90 code [0x00007f5b41b53c40, 0x00007f5b41b53e80]
Event: 1.357 Thread 0x00007f5ab409e1d0 nmethod 5760 0x00007f5b41c66190 code [0x00007f5b41c66340, 0x00007f5b41c664c0]
Event: 1.357 Thread 0x00007f5ab4197290 nmethod 5758 0x00007f5b42129e10 code [0x00007f5b42129fe0, 0x00007f5b4212a280]
Event: 1.357 Thread 0x00007f5aa40f65a0 nmethod 5761 0x00007f5b41c8a490 code [0x00007f5b41c8a640, 0x00007f5b41c8a870]
Event: 1.357 Thread 0x00007f5aa40f65a0 5762   !   3       com.oracle.graal.python.lib.PyObjectGetAttr::getDynamicAttr (171 bytes)

GC Heap History (14 events):
Event: 0.371 GC heap before
{Heap before GC invocations=0 (full 0):
 garbage-first heap   total 2097152K, used 81740K [0x0000000082000000, 0x0000000800000000)
  region size 16384K, 5 young (81920K), 0 survivors (0K)
 Metaspace       used 21316K, committed 21504K, reserved 1114112K
  class space    used 2085K, committed 2176K, reserved 1048576K
}
Event: 0.374 GC heap after
{Heap after GC invocations=1 (full 0):
 garbage-first heap   total 2097152K, used 34300K [0x0000000082000000, 0x0000000800000000)
  region size 16384K, 1 young (16384K), 1 survivors (16384K)
 Metaspace       used 21316K, committed 21504K, reserved 1114112K
  class space    used 2085K, committed 2176K, reserved 1048576K
}
Event: 0.618 GC heap before
{Heap before GC invocations=2 (full 0):
 garbage-first heap   total 278528K, used 83452K [0x0000000082000000, 0x0000000800000000)
  region size 16384K, 6 young (98304K), 1 survivors (16384K)
 Metaspace       used 35875K, committed 36160K, reserved 1114112K
  class space    used 4370K, committed 4544K, reserved 1048576K
}
Event: 0.620 GC heap after
{Heap after GC invocations=3 (full 0):
 garbage-first heap   total 278528K, used 38931K [0x0000000082000000, 0x0000000800000000)
  region size 16384K, 1 young (16384K), 1 survivors (16384K)
 Metaspace       used 35875K, committed 36160K, reserved 1114112K
  class space    used 4370K, committed 4544K, reserved 1048576K
}
Event: 0.625 GC heap before
{Heap before GC invocations=3 (full 0):
 garbage-first heap   total 278528K, used 38931K [0x0000000082000000, 0x0000000800000000)
  region size 16384K, 2 young (32768K), 1 survivors (16384K)
 Metaspace       used 36190K, committed 36480K, reserved 1114112K
  class space    used 4430K, committed 4608K, reserved 1048576K
}
Event: 0.627 GC heap after
{Heap after GC invocations=4 (full 0):
 garbage-first heap   total 278528K, used 38880K [0x0000000082000000, 0x0000000800000000)
  region size 16384K, 1 young (16384K), 1 survivors (16384K)
 Metaspace       used 36190K, committed 36480K, reserved 1114112K
  class space    used 4430K, committed 4608K, reserved 1048576K
}
Event: 0.630 GC heap before
{Heap before GC invocations=4 (full 0):
 garbage-first heap   total 278528K, used 38880K [0x0000000082000000, 0x0000000800000000)
  region size 16384K, 2 young (32768K), 1 survivors (16384K)
 Metaspace       used 36509K, committed 36800K, reserved 1114112K
  class space    used 4492K, committed 4672K, reserved 1048576K
}
Event: 0.632 GC heap after
{Heap after GC invocations=5 (full 0):
 garbage-first heap   total 278528K, used 38948K [0x0000000082000000, 0x0000000800000000)
  region size 16384K, 1 young (16384K), 1 survivors (16384K)
 Metaspace       used 36509K, committed 36800K, reserved 1114112K
  class space    used 4492K, committed 4672K, reserved 1048576K
}
Event: 1.016 GC heap before
{Heap before GC invocations=6 (full 0):
 garbage-first heap   total 278528K, used 153636K [0x0000000082000000, 0x0000000800000000)
  region size 16384K, 8 young (131072K), 1 survivors (16384K)
 Metaspace       used 60882K, committed 61184K, reserved 1114112K
  class space    used 8953K, committed 9088K, reserved 1048576K
}
Event: 1.020 GC heap after
{Heap after GC invocations=7 (full 0):
 garbage-first heap   total 278528K, used 51004K [0x0000000082000000, 0x0000000800000000)
  region size 16384K, 1 young (16384K), 1 survivors (16384K)
 Metaspace       used 60882K, committed 61184K, reserved 1114112K
  class space    used 8953K, committed 9088K, reserved 1048576K
}
Event: 1.044 GC heap before
{Heap before GC invocations=7 (full 0):
 garbage-first heap   total 278528K, used 51004K [0x0000000082000000, 0x0000000800000000)
  region size 16384K, 2 young (32768K), 1 survivors (16384K)
 Metaspace       used 61924K, committed 62208K, reserved 1114112K
  class space    used 9061K, committed 9216K, reserved 1048576K
}
Event: 1.050 GC heap after
{Heap after GC invocations=8 (full 0):
 garbage-first heap   total 278528K, used 52365K [0x0000000082000000, 0x0000000800000000)
  region size 16384K, 1 young (16384K), 1 survivors (16384K)
 Metaspace       used 61924K, committed 62208K, reserved 1114112K
  class space    used 9061K, committed 9216K, reserved 1048576K
}
Event: 1.062 GC heap before
{Heap before GC invocations=8 (full 0):
 garbage-first heap   total 278528K, used 52365K [0x0000000082000000, 0x0000000800000000)
  region size 16384K, 2 young (32768K), 1 survivors (16384K)
 Metaspace       used 62244K, committed 62528K, reserved 1114112K
  class space    used 9106K, committed 9280K, reserved 1048576K
}
Event: 1.064 GC heap after
{Heap after GC invocations=9 (full 0):
 garbage-first heap   total 1179648K, used 52039K [0x0000000082000000, 0x0000000800000000)
  region size 16384K, 1 young (16384K), 1 survivors (16384K)
 Metaspace       used 62244K, committed 62528K, reserved 1114112K
  class space    used 9106K, committed 9280K, reserved 1048576K
}

Dll operation events (11 events):
Event: 0.001 Loaded shared library /home/a4090/miniconda3/envs/auto_pose/lib/jvm/lib/libjava.so
Event: 0.005 Loaded shared library /home/a4090/miniconda3/envs/auto_pose/lib/jvm/lib/libjsvml.so
Event: 0.019 Loaded shared library /home/a4090/miniconda3/envs/auto_pose/lib/jvm/lib/libnio.so
Event: 0.020 Loaded shared library /home/a4090/miniconda3/envs/auto_pose/lib/jvm/lib/libjvmcicompiler.so
Event: 0.020 Loaded shared library /home/a4090/miniconda3/envs/auto_pose/lib/jvm/lib/libzip.so
Event: 0.022 Loaded shared library /home/a4090/miniconda3/envs/auto_pose/lib/jvm/lib/libjimage.so
Event: 0.025 Loaded shared library /home/a4090/miniconda3/envs/auto_pose/lib/jvm/lib/libmanagement.so
Event: 0.026 Loaded shared library /home/a4090/miniconda3/envs/auto_pose/lib/jvm/lib/libmanagement_ext.so
Event: 0.028 Loaded shared library /home/a4090/miniconda3/envs/auto_pose/lib/jvm/lib/libnet.so
Event: 0.391 Loaded shared library /home/a4090/miniconda3/envs/auto_pose/lib/jvm/lib/libverify.so
Event: 1.235 Loaded shared library /home/a4090/miniconda3/envs/auto_pose/lib/jvm/lib/libtrufflenfi.so

Deoptimization events (20 events):
Event: 1.322 Thread 0x000055ed1e1ae9d0 Uncommon trap: trap_request=0xffffffed fr.pc=0x00007f5b497b7c08 relative=0x00000000000004c8
Event: 1.322 Thread 0x000055ed1e1ae9d0 Uncommon trap: reason=null_assert_or_unreached0 action=reinterpret pc=0x00007f5b497b7c08 method=com.oracle.truffle.api.dsl.InlineSupport$InlinableField.resolveReceiver(Lcom/oracle/truffle/api/nodes/Node;)Ljava/lang/Object; @ 23 jvmci
Event: 1.322 Thread 0x000055ed1e1ae9d0 DEOPT PACKING pc=0x00007f5b497b7c08 sp=0x00007fff3d35edc0
Event: 1.322 Thread 0x000055ed1e1ae9d0 DEOPT UNPACKING pc=0x00007f5b48c83c25 sp=0x00007fff3d35e188 mode 3
Event: 1.327 Thread 0x000055ed1e1ae9d0 Uncommon trap: trap_request=0xffffffcd fr.pc=0x00007f5b4993c0bf relative=0x00000000000006bf
Event: 1.327 Thread 0x000055ed1e1ae9d0 Uncommon trap: reason=intrinsic_or_type_checked_inlining action=reinterpret pc=0x00007f5b4993c0bf method=com.oracle.truffle.object.TriePropertyMap.get(Ljava/lang/Object;)Lcom/oracle/truffle/api/object/Property; @ 18 jvmci
Event: 1.327 Thread 0x000055ed1e1ae9d0 DEOPT PACKING pc=0x00007f5b4993c0bf sp=0x00007fff3d35e520
Event: 1.327 Thread 0x000055ed1e1ae9d0 DEOPT UNPACKING pc=0x00007f5b48c83c25 sp=0x00007fff3d35d8b0 mode 3
Event: 1.330 Thread 0x000055ed1e1ae9d0 Uncommon trap: trap_request=0xffffff25 fr.pc=0x00007f5b49959999 relative=0x0000000000001c39
Event: 1.330 Thread 0x000055ed1e1ae9d0 Uncommon trap: reason=transfer_to_interpreter action=reinterpret pc=0x00007f5b49959999 method=com.oracle.truffle.api.impl.ThreadLocalHandshake$TruffleSafepointImpl.setBlockedWithException(Lcom/oracle/truffle/api/nodes/Node;Lcom/oracle/truffle/api/TruffleS
Event: 1.330 Thread 0x000055ed1e1ae9d0 DEOPT PACKING pc=0x00007f5b49959999 sp=0x00007fff3d35a9b0
Event: 1.330 Thread 0x000055ed1e1ae9d0 DEOPT UNPACKING pc=0x00007f5b48c83c25 sp=0x00007fff3d359380 mode 3
Event: 1.338 Thread 0x000055ed1e1ae9d0 Uncommon trap: trap_request=0xffffff25 fr.pc=0x00007f5b49773e1d relative=0x000000000000045d
Event: 1.338 Thread 0x000055ed1e1ae9d0 Uncommon trap: reason=transfer_to_interpreter action=reinterpret pc=0x00007f5b49773e1d method=com.oracle.truffle.api.strings.TStringOps.runLastIndexOfWithOrMaskWithStride(Lcom/oracle/truffle/api/nodes/Node;[BJIZIIII)I @ 32 jvmci
Event: 1.338 Thread 0x000055ed1e1ae9d0 DEOPT PACKING pc=0x00007f5b49773e1d sp=0x00007fff3d35c520
Event: 1.338 Thread 0x000055ed1e1ae9d0 DEOPT UNPACKING pc=0x00007f5b48c83c25 sp=0x00007fff3d35ab58 mode 3
Event: 1.350 Thread 0x000055ed1e1ae9d0 Uncommon trap: trap_request=0xffffff25 fr.pc=0x00007f5b4993fd0f relative=0x000000000000166f
Event: 1.350 Thread 0x000055ed1e1ae9d0 Uncommon trap: reason=transfer_to_interpreter action=reinterpret pc=0x00007f5b4993fd0f method=com.oracle.graal.python.nodes.attributes.LookupAttributeInMRONode.lookup(Ljava/lang/Object;Ljava/lang/Object;Lcom/oracle/graal/python/builtins/objects/type/TypeN
Event: 1.350 Thread 0x000055ed1e1ae9d0 DEOPT PACKING pc=0x00007f5b4993fd0f sp=0x00007fff3d36ef60
Event: 1.350 Thread 0x000055ed1e1ae9d0 DEOPT UNPACKING pc=0x00007f5b48c83c25 sp=0x00007fff3d36e020 mode 3

Classes unloaded (0 events):
No events

Classes redefined (0 events):
No events

Internal exceptions (20 events):
Event: 1.193 Thread 0x000055ed1e1ae9d0 Exception <a 'sun/nio/fs/UnixException'{0x0000000094109148}> (0x0000000094109148) 
thrown [src/hotspot/share/prims/jni.cpp, line 516]
Event: 1.193 Thread 0x000055ed1e1ae9d0 Exception <a 'sun/nio/fs/UnixException'{0x0000000094109738}> (0x0000000094109738) 
thrown [src/hotspot/share/prims/jni.cpp, line 516]
Event: 1.196 Thread 0x000055ed1e1ae9d0 Exception <a 'sun/nio/fs/UnixException'{0x000000009412c900}> (0x000000009412c900) 
thrown [src/hotspot/share/prims/jni.cpp, line 516]
Event: 1.196 Thread 0x000055ed1e1ae9d0 Exception <a 'sun/nio/fs/UnixException'{0x000000009412d5d0}> (0x000000009412d5d0) 
thrown [src/hotspot/share/prims/jni.cpp, line 516]
Event: 1.196 Thread 0x000055ed1e1ae9d0 Exception <a 'sun/nio/fs/UnixException'{0x000000009412deb8}> (0x000000009412deb8) 
thrown [src/hotspot/share/prims/jni.cpp, line 516]
Event: 1.196 Thread 0x000055ed1e1ae9d0 Exception <a 'sun/nio/fs/UnixException'{0x000000009412ed20}> (0x000000009412ed20) 
thrown [src/hotspot/share/prims/jni.cpp, line 516]
Event: 1.196 Thread 0x000055ed1e1ae9d0 Exception <a 'sun/nio/fs/UnixException'{0x000000009412f310}> (0x000000009412f310) 
thrown [src/hotspot/share/prims/jni.cpp, line 516]
Event: 1.196 Thread 0x000055ed1e1ae9d0 Exception <a 'sun/nio/fs/UnixException'{0x000000009412fb38}> (0x000000009412fb38) 
thrown [src/hotspot/share/prims/jni.cpp, line 516]
Event: 1.196 Thread 0x000055ed1e1ae9d0 Exception <a 'sun/nio/fs/UnixException'{0x00000000941309c8}> (0x00000000941309c8) 
thrown [src/hotspot/share/prims/jni.cpp, line 516]
Event: 1.196 Thread 0x000055ed1e1ae9d0 Exception <a 'sun/nio/fs/UnixException'{0x0000000094130fb8}> (0x0000000094130fb8) 
thrown [src/hotspot/share/prims/jni.cpp, line 516]
Event: 1.204 Thread 0x000055ed1e1ae9d0 Exception <a 'java/lang/ClassNotFoundException'{0x0000000094181a18}: jdk/jfr/internal/handlers/EventHandler2814_1740645583002-163320> (0x0000000094181a18) 
thrown [src/hotspot/share/classfile/systemDictionary.cpp, line 256]
Event: 1.299 Thread 0x000055ed1e1ae9d0 Exception <a 'sun/nio/fs/UnixException'{0x000000009348e280}> (0x000000009348e280) 
thrown [src/hotspot/share/prims/jni.cpp, line 516]
Event: 1.299 Thread 0x000055ed1e1ae9d0 Exception <a 'sun/nio/fs/UnixException'{0x000000009348ff20}> (0x000000009348ff20) 
thrown [src/hotspot/share/prims/jni.cpp, line 516]
Event: 1.299 Thread 0x000055ed1e1ae9d0 Exception <a 'sun/nio/fs/UnixException'{0x00000000934917a8}> (0x00000000934917a8) 
thrown [src/hotspot/share/prims/jni.cpp, line 516]
Event: 1.299 Thread 0x000055ed1e1ae9d0 Exception <a 'sun/nio/fs/UnixException'{0x0000000093493520}> (0x0000000093493520) 
thrown [src/hotspot/share/prims/jni.cpp, line 516]
Event: 1.299 Thread 0x000055ed1e1ae9d0 Exception <a 'sun/nio/fs/UnixException'{0x0000000093494b00}> (0x0000000093494b00) 
thrown [src/hotspot/share/prims/jni.cpp, line 516]
Event: 1.313 Thread 0x000055ed1e1ae9d0 Exception <a 'sun/nio/fs/UnixException'{0x00000000935d0ee0}> (0x00000000935d0ee0) 
thrown [src/hotspot/share/prims/jni.cpp, line 516]
Event: 1.313 Thread 0x000055ed1e1ae9d0 Exception <a 'sun/nio/fs/UnixException'{0x00000000935d3608}> (0x00000000935d3608) 
thrown [src/hotspot/share/prims/jni.cpp, line 516]
Event: 1.339 Thread 0x000055ed1e1ae9d0 Exception <a 'sun/nio/fs/UnixException'{0x00000000936c3e60}> (0x00000000936c3e60) 
thrown [src/hotspot/share/prims/jni.cpp, line 516]
Event: 1.339 Thread 0x000055ed1e1ae9d0 Exception <a 'sun/nio/fs/UnixException'{0x00000000936c6dd0}> (0x00000000936c6dd0) 
thrown [src/hotspot/share/prims/jni.cpp, line 516]

VM Operations (20 events):
Event: 1.077 Executing VM operation: G1Concurrent
Event: 1.077 Executing VM operation: G1Concurrent done
Event: 1.093 Executing VM operation: HandshakeAllThreads
Event: 1.093 Executing VM operation: HandshakeAllThreads done
Event: 1.113 Executing VM operation: HandshakeAllThreads
Event: 1.113 Executing VM operation: HandshakeAllThreads done
Event: 1.142 Executing VM operation: ICBufferFull
Event: 1.143 Executing VM operation: ICBufferFull done
Event: 1.158 Executing VM operation: HandshakeAllThreads
Event: 1.158 Executing VM operation: HandshakeAllThreads done
Event: 1.172 Executing VM operation: HandshakeAllThreads
Event: 1.172 Executing VM operation: HandshakeAllThreads done
Event: 1.197 Executing VM operation: HandshakeAllThreads
Event: 1.197 Executing VM operation: HandshakeAllThreads done
Event: 1.202 Executing VM operation: HandshakeAllThreads
Event: 1.203 Executing VM operation: HandshakeAllThreads done
Event: 1.209 Executing VM operation: HandshakeAllThreads
Event: 1.209 Executing VM operation: HandshakeAllThreads done
Event: 1.292 Executing VM operation: ICBufferFull
Event: 1.292 Executing VM operation: ICBufferFull done

Events (20 events):
Event: 1.247 loading class java/util/concurrent/atomic/AtomicIntegerFieldUpdater$AtomicIntegerFieldUpdaterImpl$1
Event: 1.247 loading class java/util/concurrent/atomic/AtomicIntegerFieldUpdater$AtomicIntegerFieldUpdaterImpl$1 done
Event: 1.343 loading class java/nio/charset/UnsupportedCharsetException
Event: 1.343 loading class java/nio/charset/UnsupportedCharsetException done
Event: 1.343 loading class sun/nio/cs/UTF_32
Event: 1.343 loading class sun/nio/cs/UTF_32 done
Event: 1.343 loading class sun/nio/cs/UTF_16LE_BOM
Event: 1.343 loading class sun/nio/cs/UTF_16LE_BOM done
Event: 1.343 loading class sun/nio/cs/UTF_32LE_BOM
Event: 1.343 loading class sun/nio/cs/UTF_32LE_BOM done
Event: 1.346 loading class java/io/NotSerializableException
Event: 1.346 loading class java/io/ObjectStreamException
Event: 1.346 loading class java/io/ObjectStreamException done
Event: 1.346 loading class java/io/NotSerializableException done
Event: 1.355 loading class java/util/concurrent/LinkedBlockingDeque$Itr
Event: 1.355 loading class java/util/concurrent/LinkedBlockingDeque$AbstractItr
Event: 1.355 loading class java/util/concurrent/LinkedBlockingDeque$AbstractItr done
Event: 1.355 loading class java/util/concurrent/LinkedBlockingDeque$Itr done
Event: 1.356 Thread 0x000055ed1fa2c5c0 Thread added: 0x000055ed1fa2c5c0
Event: 1.356 Protecting memory [0x00007f59706ff000,0x00007f5970703000] with protection modes 0


Dynamic libraries:
82000000-97000000 rw-p 00000000 00:00 0 
97000000-ff000000 ---p 00000000 00:00 0 
ff000000-100000000 rw-p 00000000 00:00 0 
100000000-7fe000000 ---p 00000000 00:00 0 
7fe000000-7fef00000 rw-p 00000000 00:00 0 
7fef00000-7fef46000 rw-p 00c8f000 103:02 51866601                        /home/a4090/miniconda3/envs/auto_pose/lib/jvm/lib/server/classes.jsa
7fef46000-7ff000000 rw-p 00000000 00:00 0 
7ff000000-7ff08d000 rw-p 00c02000 103:02 51866601                        /home/a4090/miniconda3/envs/auto_pose/lib/jvm/lib/server/classes.jsa
7ff08d000-800000000 rw-p 00000000 00:00 0 
800000000-80044a000 rw-p 00001000 103:02 51866601                        /home/a4090/miniconda3/envs/auto_pose/lib/jvm/lib/server/classes.jsa
80044a000-800bcb000 r--p 0044b000 103:02 51866601                        /home/a4090/miniconda3/envs/auto_pose/lib/jvm/lib/server/classes.jsa
800bcb000-801000000 ---p 00000000 00:00 0 
801000000-801040000 rw-p 00000000 00:00 0 
801040000-8010c0000 rw-p 00000000 00:00 0 
8010c0000-801100000 rw-p 00000000 00:00 0 
801100000-801180000 rw-p 00000000 00:00 0 
801180000-801240000 rw-p 00000000 00:00 0 
801240000-801260000 rw-p 00000000 00:00 0 
801260000-801280000 ---p 00000000 00:00 0 
801280000-8019e0000 rw-p 00000000 00:00 0 
8019e0000-841000000 ---p 00000000 00:00 0 
55ed1cb29000-55ed1cb2c000 r--p 00000000 103:02 51868967                  /home/a4090/miniconda3/envs/auto_pose/lib/jvm/languages/python/bin/python
55ed1cb2c000-55ed1cb30000 r-xp 00003000 103:02 51868967                  /home/a4090/miniconda3/envs/auto_pose/lib/jvm/languages/python/bin/python
55ed1cb30000-55ed1cb32000 r--p 00007000 103:02 51868967                  /home/a4090/miniconda3/envs/auto_pose/lib/jvm/languages/python/bin/python
55ed1cb32000-55ed1cb33000 r--p 00008000 103:02 51868967                  /home/a4090/miniconda3/envs/auto_pose/lib/jvm/languages/python/bin/python
55ed1cb33000-55ed1cb34000 rw-p 00009000 103:02 51868967                  /home/a4090/miniconda3/envs/auto_pose/lib/jvm/languages/python/bin/python
55ed1e151000-55ed1fa74000 rw-p 00000000 00:00 0                          [heap]
7f5969a00000-7f5969b00000 rw-p 00000000 00:00 0 
7f5969c00000-7f5969d00000 rw-p 00000000 00:00 0 
7f5969d65000-7f596a200000 rw-p 00000000 00:00 0 
7f596a2de000-7f596a700000 rw-p 00000000 00:00 0 
7f596a800000-7f596a900000 rw-p 00000000 00:00 0 
7f596aa00000-7f596ab00000 rw-p 00000000 00:00 0 
7f596ac00000-7f596ad00000 rw-p 00000000 00:00 0 
7f596ae00000-7f596af00000 rw-p 00000000 00:00 0 
7f596b000000-7f596b100000 rw-p 00000000 00:00 0 
7f596b200000-7f596b300000 rw-p 00000000 00:00 0 
7f596b400000-7f596b500000 rw-p 00000000 00:00 0 
7f596b600000-7f596b700000 rw-p 00000000 00:00 0 
7f596b800000-7f596b900000 rw-p 00000000 00:00 0 
7f596ba00000-7f596bb00000 rw-p 00000000 00:00 0 
7f596bc00000-7f596bd00000 rw-p 00000000 00:00 0 
7f596be00000-7f596bf00000 rw-p 00000000 00:00 0 
7f596c000000-7f596c021000 rw-p 00000000 00:00 0 
7f596c021000-7f5970000000 ---p 00000000 00:00 0 
7f5970100000-7f5970200000 rw-p 00000000 00:00 0 
7f5970300000-7f5970400000 rw-p 00000000 00:00 0 
7f5970500000-7f5970600000 rw-p 00000000 00:00 0 
7f59706ff000-7f5970703000 ---p 00000000 00:00 0 
7f5970703000-7f5970900000 rw-p 00000000 00:00 0 
7f5970a00000-7f5970b00000 rw-p 00000000 00:00 0 
7f5970c00000-7f5970d00000 rw-p 00000000 00:00 0 
7f5970e00000-7f5970f00000 rw-p 00000000 00:00 0 
7f5971000000-7f5971100000 rw-p 00000000 00:00 0 
7f5971200000-7f5971300000 rw-p 00000000 00:00 0 
7f5971400000-7f5971500000 rw-p 00000000 00:00 0 
7f5971600000-7f5971700000 rw-p 00000000 00:00 0 
7f5971800000-7f5971900000 rw-p 00000000 00:00 0 
7f5971a00000-7f5971b00000 rw-p 00000000 00:00 0 
7f5971c00000-7f5971d00000 rw-p 00000000 00:00 0 
7f5971e00000-7f5971f00000 rw-p 00000000 00:00 0 
7f5972000000-7f5972100000 rw-p 00000000 00:00 0 
7f5972200000-7f5972300000 rw-p 00000000 00:00 0 
7f5972400000-7f5972500000 rw-p 00000000 00:00 0 
7f5972600000-7f5972700000 rw-p 00000000 00:00 0 
7f5972800000-7f5972900000 rw-p 00000000 00:00 0 
7f5972a00000-7f5972b00000 rw-p 00000000 00:00 0 
7f5972c00000-7f5972d00000 rw-p 00000000 00:00 0 
7f5972e00000-7f5972f00000 rw-p 00000000 00:00 0 
7f5973000000-7f5973100000 rw-p 00000000 00:00 0 
7f5973200000-7f5973300000 rw-p 00000000 00:00 0 
7f59733ef000-7f5973700000 rw-p 00000000 00:00 0 
7f5973800000-7f5973900000 rw-p 00000000 00:00 0 
7f5973a00000-7f5973b00000 rw-p 00000000 00:00 0 
7f5973c00000-7f5973d00000 rw-p 00000000 00:00 0 
7f5973e00000-7f5973f00000 rw-p 00000000 00:00 0 
7f5974000000-7f5974100000 rw-p 00000000 00:00 0 
7f5974200000-7f5974300000 rw-p 00000000 00:00 0 
7f5974400000-7f5974500000 rw-p 00000000 00:00 0 
7f5974600000-7f5974700000 rw-p 00000000 00:00 0 
7f5974800000-7f5974900000 rw-p 00000000 00:00 0 
7f5974a00000-7f5974b00000 rw-p 00000000 00:00 0 
7f5974c00000-7f5974d00000 rw-p 00000000 00:00 0 
7f5974e00000-7f5974f00000 rw-p 00000000 00:00 0 
7f5975000000-7f5975100000 rw-p 00000000 00:00 0 
7f5975200000-7f5975300000 rw-p 00000000 00:00 0 
7f5975400000-7f5975500000 rw-p 00000000 00:00 0 
7f5975600000-7f5975700000 rw-p 00000000 00:00 0 
7f5975800000-7f5975900000 rw-p 00000000 00:00 0 
7f5975a00000-7f5975b00000 rw-p 00000000 00:00 0 
7f5975c00000-7f5975d00000 rw-p 00000000 00:00 0 
7f5975e00000-7f5975f00000 rw-p 00000000 00:00 0 
7f5976000000-7f5976100000 rw-p 00000000 00:00 0 
7f5976200000-7f5976300000 rw-p 00000000 00:00 0 
7f5976400000-7f5976500000 rw-p 00000000 00:00 0 
7f5976600000-7f5976700000 rw-p 00000000 00:00 0 
7f5976800000-7f5976900000 rw-p 00000000 00:00 0 
7f5976a00000-7f5976b00000 rw-p 00000000 00:00 0 
7f5976c00000-7f5976d00000 rw-p 00000000 00:00 0 
7f5976e00000-7f5976f00000 rw-p 00000000 00:00 0 
7f5977000000-7f5977100000 rw-p 00000000 00:00 0 
7f5977200000-7f5977300000 rw-p 00000000 00:00 0 
7f5977400000-7f5977500000 rw-p 00000000 00:00 0 
7f5977600000-7f5977700000 rw-p 00000000 00:00 0 
7f5977800000-7f5977900000 rw-p 00000000 00:00 0 
7f5977a00000-7f5977b00000 rw-p 00000000 00:00 0 
7f5977c00000-7f5977d00000 rw-p 00000000 00:00 0 
7f5977e00000-7f5977f00000 rw-p 00000000 00:00 0 
7f5977ff7000-7f5978200000 rw-p 00000000 00:00 0 
7f5978300000-7f5978400000 rw-p 00000000 00:00 0 
7f5978500000-7f5978600000 rw-p 00000000 00:00 0 
7f5978700000-7f5978800000 rw-p 00000000 00:00 0 
7f5978900000-7f5978a00000 rw-p 00000000 00:00 0 
7f5978b00000-7f5978c00000 rw-p 00000000 00:00 0 
7f5978d00000-7f5978e00000 rw-p 00000000 00:00 0 
7f5978f00000-7f5979000000 rw-p 00000000 00:00 0 
7f5979100000-7f5979200000 rw-p 00000000 00:00 0 
7f5979300000-7f5979400000 rw-p 00000000 00:00 0 
7f5979500000-7f5979600000 rw-p 00000000 00:00 0 
7f5979700000-7f5979800000 rw-p 00000000 00:00 0 
7f5979900000-7f5979a00000 rw-p 00000000 00:00 0 
7f5979b00000-7f5979c00000 rw-p 00000000 00:00 0 
7f5979d00000-7f5979e00000 rw-p 00000000 00:00 0 
7f5979f00000-7f597a000000 rw-p 00000000 00:00 0 
7f597a100000-7f597a200000 rw-p 00000000 00:00 0 
7f597a300000-7f597a400000 rw-p 00000000 00:00 0 
7f597a500000-7f597a600000 rw-p 00000000 00:00 0 
7f597a700000-7f597a800000 rw-p 00000000 00:00 0 
7f597a8f7000-7f597ab00000 rw-p 00000000 00:00 0 
7f597ac00000-7f597ad00000 rw-p 00000000 00:00 0 
7f597ae00000-7f597af00000 rw-p 00000000 00:00 0 
7f597b000000-7f597b100000 rw-p 00000000 00:00 0 
7f597b200000-7f597b300000 rw-p 00000000 00:00 0 
7f597b400000-7f597b500000 rw-p 00000000 00:00 0 
7f597b600000-7f597b700000 rw-p 00000000 00:00 0 
7f597b800000-7f597b900000 rw-p 00000000 00:00 0 
7f597ba00000-7f597bb00000 rw-p 00000000 00:00 0 
7f597bc00000-7f597bd00000 rw-p 00000000 00:00 0 
7f597be00000-7f597bf00000 rw-p 00000000 00:00 0 
7f597c000000-7f597c021000 rw-p 00000000 00:00 0 
7f597c021000-7f5980000000 ---p 00000000 00:00 0 
7f5980000000-7f5980100000 rw-p 00000000 00:00 0 
7f5980200000-7f5980300000 rw-p 00000000 00:00 0 
7f5980400000-7f5980500000 rw-p 00000000 00:00 0 
7f5980600000-7f5980700000 rw-p 00000000 00:00 0 
7f5980800000-7f5980900000 rw-p 00000000 00:00 0 
7f5980a00000-7f5980b00000 rw-p 00000000 00:00 0 
7f5980c00000-7f5980d00000 rw-p 00000000 00:00 0 
7f5980e00000-7f5980f00000 rw-p 00000000 00:00 0 
7f5981000000-7f5981100000 rw-p 00000000 00:00 0 
7f5981200000-7f5981300000 rw-p 00000000 00:00 0 
7f5981400000-7f5981500000 rw-p 00000000 00:00 0 
7f5981600000-7f5981700000 rw-p 00000000 00:00 0 
7f5981800000-7f5981900000 rw-p 00000000 00:00 0 
7f5981a00000-7f5981b00000 rw-p 00000000 00:00 0 
7f5981c00000-7f5981d00000 rw-p 00000000 00:00 0 
7f5981e00000-7f5981f00000 rw-p 00000000 00:00 0 
7f5982000000-7f5982100000 rw-p 00000000 00:00 0 
7f5982200000-7f5982300000 rw-p 00000000 00:00 0 
7f5982400000-7f5982500000 rw-p 00000000 00:00 0 
7f5982600000-7f5982700000 rw-p 00000000 00:00 0 
7f5982800000-7f5982900000 rw-p 00000000 00:00 0 
7f5982a00000-7f5982b00000 rw-p 00000000 00:00 0 
7f5982c00000-7f5982d00000 rw-p 00000000 00:00 0 
7f5982e00000-7f5982f00000 rw-p 00000000 00:00 0 
7f5983000000-7f5983100000 rw-p 00000000 00:00 0 
7f5983200000-7f5983300000 rw-p 00000000 00:00 0 
7f5983400000-7f5983500000 rw-p 00000000 00:00 0 
7f5983600000-7f5983700000 rw-p 00000000 00:00 0 
7f5983800000-7f5983900000 rw-p 00000000 00:00 0 
7f5983a00000-7f5983b00000 rw-p 00000000 00:00 0 
7f5983c00000-7f5983d00000 rw-p 00000000 00:00 0 
7f5983e00000-7f5983f00000 rw-p 00000000 00:00 0 
7f5984000000-7f5984021000 rw-p 00000000 00:00 0 
7f5984021000-7f5988000000 ---p 00000000 00:00 0 
7f5988000000-7f5988100000 rw-p 00000000 00:00 0 
7f5988200000-7f5988300000 rw-p 00000000 00:00 0 
7f5988400000-7f5988500000 rw-p 00000000 00:00 0 
7f5988600000-7f5988700000 rw-p 00000000 00:00 0 
7f5988800000-7f5988900000 rw-p 00000000 00:00 0 
7f5988a00000-7f5988b00000 rw-p 00000000 00:00 0 
7f5988c00000-7f5988d00000 rw-p 00000000 00:00 0 
7f5988e00000-7f5988f00000 rw-p 00000000 00:00 0 
7f5989000000-7f5989100000 rw-p 00000000 00:00 0 
7f5989200000-7f5989300000 rw-p 00000000 00:00 0 
7f5989400000-7f5989500000 rw-p 00000000 00:00 0 
7f5989600000-7f5989700000 rw-p 00000000 00:00 0 
7f5989800000-7f5989900000 rw-p 00000000 00:00 0 
7f5989a00000-7f5989b00000 rw-p 00000000 00:00 0 
7f5989c00000-7f5989d00000 rw-p 00000000 00:00 0 
7f5989e00000-7f5989f00000 rw-p 00000000 00:00 0 
7f598a000000-7f598a100000 rw-p 00000000 00:00 0 
7f598a200000-7f598a300000 rw-p 00000000 00:00 0 
7f598a400000-7f598a500000 rw-p 00000000 00:00 0 
7f598a600000-7f598a700000 rw-p 00000000 00:00 0 
7f598a800000-7f598a900000 rw-p 00000000 00:00 0 
7f598aa00000-7f598ab00000 rw-p 00000000 00:00 0 
7f598ac00000-7f598ad00000 rw-p 00000000 00:00 0 
7f598ae00000-7f598af00000 rw-p 00000000 00:00 0 
7f598b000000-7f598b100000 rw-p 00000000 00:00 0 
7f598b200000-7f598b300000 rw-p 00000000 00:00 0 
7f598b400000-7f598b500000 rw-p 00000000 00:00 0 
7f598b600000-7f598b700000 rw-p 00000000 00:00 0 
7f598b800000-7f598b900000 rw-p 00000000 00:00 0 
7f598ba00000-7f598bb00000 rw-p 00000000 00:00 0 
7f598bc00000-7f598bd00000 rw-p 00000000 00:00 0 
7f598be00000-7f598bf00000 rw-p 00000000 00:00 0 
7f598c000000-7f598c100000 rw-p 00000000 00:00 0 
7f598c200000-7f598c300000 rw-p 00000000 00:00 0 
7f598c400000-7f598c500000 rw-p 00000000 00:00 0 
7f598c600000-7f598c700000 rw-p 00000000 00:00 0 
7f598c800000-7f598c900000 rw-p 00000000 00:00 0 
7f598ca00000-7f598cb00000 rw-p 00000000 00:00 0 
7f598cc00000-7f598cd00000 rw-p 00000000 00:00 0 
7f598ce00000-7f598cf00000 rw-p 00000000 00:00 0 
7f598d000000-7f598d100000 rw-p 00000000 00:00 0 
7f598d200000-7f598d300000 rw-p 00000000 00:00 0 
7f598d400000-7f598d500000 rw-p 00000000 00:00 0 
7f598d600000-7f598d700000 rw-p 00000000 00:00 0 
7f598d800000-7f598d900000 rw-p 00000000 00:00 0 
7f598da00000-7f598db00000 rw-p 00000000 00:00 0 
7f598dc00000-7f598dd00000 rw-p 00000000 00:00 0 
7f598de00000-7f598df00000 rw-p 00000000 00:00 0 
7f598e000000-7f598e100000 rw-p 00000000 00:00 0 
7f598e200000-7f598e300000 rw-p 00000000 00:00 0 
7f598e400000-7f598e500000 rw-p 00000000 00:00 0 
7f598e600000-7f598e700000 rw-p 00000000 00:00 0 
7f598e800000-7f598e900000 rw-p 00000000 00:00 0 
7f598ea00000-7f598eb00000 rw-p 00000000 00:00 0 
7f598ec00000-7f598ed00000 rw-p 00000000 00:00 0 
7f598ee00000-7f598ef00000 rw-p 00000000 00:00 0 
7f598f000000-7f598f100000 rw-p 00000000 00:00 0 
7f598f200000-7f598f300000 rw-p 00000000 00:00 0 
7f598f400000-7f598f500000 rw-p 00000000 00:00 0 
7f598f600000-7f598f700000 rw-p 00000000 00:00 0 
7f598f800000-7f598f900000 rw-p 00000000 00:00 0 
7f598fa00000-7f598fb00000 rw-p 00000000 00:00 0 
7f598fc00000-7f598fd00000 rw-p 00000000 00:00 0 
7f598fe00000-7f598ff00000 rw-p 00000000 00:00 0 
7f5990000000-7f5990100000 rw-p 00000000 00:00 0 
7f5990200000-7f5990300000 rw-p 00000000 00:00 0 
7f5990400000-7f5990500000 rw-p 00000000 00:00 0 
7f5990600000-7f5990700000 rw-p 00000000 00:00 0 
7f5990800000-7f5990900000 rw-p 00000000 00:00 0 
7f5990a00000-7f5990b00000 rw-p 00000000 00:00 0 
7f5990c00000-7f5990d00000 rw-p 00000000 00:00 0 
7f5990e00000-7f5990f00000 rw-p 00000000 00:00 0 
7f5991000000-7f5991100000 rw-p 00000000 00:00 0 
7f5991200000-7f5991300000 rw-p 00000000 00:00 0 
7f5991400000-7f5991500000 rw-p 00000000 00:00 0 
7f5991600000-7f5991700000 rw-p 00000000 00:00 0 
7f5991800000-7f5991900000 rw-p 00000000 00:00 0 
7f5991a00000-7f5991b00000 rw-p 00000000 00:00 0 
7f5991c00000-7f5991d00000 rw-p 00000000 00:00 0 
7f5991e00000-7f5991f00000 rw-p 00000000 00:00 0 
7f5992000000-7f5992100000 rw-p 00000000 00:00 0 
7f5992200000-7f5992300000 rw-p 00000000 00:00 0 
7f5992400000-7f5992500000 rw-p 00000000 00:00 0 
7f5992600000-7f5992700000 rw-p 00000000 00:00 0 
7f5992800000-7f5992900000 rw-p 00000000 00:00 0 
7f5992a00000-7f5992b00000 rw-p 00000000 00:00 0 
7f5992c00000-7f5992d00000 rw-p 00000000 00:00 0 
7f5992e00000-7f5992f00000 rw-p 00000000 00:00 0 
7f5993000000-7f5993100000 rw-p 00000000 00:00 0 
7f5993200000-7f5993300000 rw-p 00000000 00:00 0 
7f5993400000-7f5993500000 rw-p 00000000 00:00 0 
7f5993600000-7f5993700000 rw-p 00000000 00:00 0 
7f5993800000-7f5993900000 rw-p 00000000 00:00 0 
7f5993a00000-7f5993b00000 rw-p 00000000 00:00 0 
7f5993c00000-7f5993d00000 rw-p 00000000 00:00 0 
7f5993e00000-7f5993f00000 rw-p 00000000 00:00 0 
7f5994000000-7f5994100000 rw-p 00000000 00:00 0 
7f5994200000-7f5994300000 rw-p 00000000 00:00 0 
7f5994400000-7f5994500000 rw-p 00000000 00:00 0 
7f5994600000-7f5994700000 rw-p 00000000 00:00 0 
7f5994800000-7f5994900000 rw-p 00000000 00:00 0 
7f5994a00000-7f5994b00000 rw-p 00000000 00:00 0 
7f5994c00000-7f5994d00000 rw-p 00000000 00:00 0 
7f5994e00000-7f5994f00000 rw-p 00000000 00:00 0 
7f5995000000-7f5995100000 rw-p 00000000 00:00 0 
7f5995200000-7f5995300000 rw-p 00000000 00:00 0 
7f5995400000-7f5995500000 rw-p 00000000 00:00 0 
7f5995600000-7f5995700000 rw-p 00000000 00:00 0 
7f5995800000-7f5995900000 rw-p 00000000 00:00 0 
7f5995a00000-7f5995b00000 rw-p 00000000 00:00 0 
7f5995c00000-7f5995d00000 rw-p 00000000 00:00 0 
7f5995e00000-7f5995f00000 rw-p 00000000 00:00 0 
7f5996000000-7f5996100000 rw-p 00000000 00:00 0 
7f5996200000-7f5996300000 rw-p 00000000 00:00 0 
7f5996400000-7f5996500000 rw-p 00000000 00:00 0 
7f5996600000-7f5996700000 rw-p 00000000 00:00 0 
7f5996800000-7f5996900000 rw-p 00000000 00:00 0 
7f5996a00000-7f5996b00000 rw-p 00000000 00:00 0 
7f5996c00000-7f5996d00000 rw-p 00000000 00:00 0 
7f5996e00000-7f5996f00000 rw-p 00000000 00:00 0 
7f5997000000-7f5997100000 rw-p 00000000 00:00 0 
7f5997200000-7f5997300000 rw-p 00000000 00:00 0 
7f5997400000-7f5997500000 rw-p 00000000 00:00 0 
7f5997600000-7f5997700000 rw-p 00000000 00:00 0 
7f5997800000-7f5997900000 rw-p 00000000 00:00 0 
7f5997a00000-7f5997b00000 rw-p 00000000 00:00 0 
7f5997c00000-7f5997d00000 rw-p 00000000 00:00 0 
7f5997e00000-7f5997f00000 rw-p 00000000 00:00 0 
7f5998000000-7f5998079000 rw-p 00000000 00:00 0 
7f5998079000-7f599c000000 ---p 00000000 00:00 0 
7f599c100000-7f599c200000 rw-p 00000000 00:00 0 
7f599c300000-7f599c400000 rw-p 00000000 00:00 0 
7f599c500000-7f599c600000 rw-p 00000000 00:00 0 
7f599c700000-7f599c800000 rw-p 00000000 00:00 0 
7f599c900000-7f599ca00000 rw-p 00000000 00:00 0 
7f599cb00000-7f599cc00000 rw-p 00000000 00:00 0 
7f599cd00000-7f599ce00000 rw-p 00000000 00:00 0 
7f599cf00000-7f599d000000 rw-p 00000000 00:00 0 
7f599d100000-7f599d200000 ---p 00000000 00:00 0 
7f599d200000-7f599d85f000 r--p 01362000 103:02 51870081                  /home/a4090/miniconda3/envs/auto_pose/lib/jvm/lib/libjvmcicompiler.so
7f599d85f000-7f599da00000 r--p 00000000 00:00 0 
7f599da00000-7f599da0e000 rw-p 00000000 00:00 0 
7f599da0e000-7f599df63000 rw-p 01b70000 103:02 51870081                  /home/a4090/miniconda3/envs/auto_pose/lib/jvm/lib/libjvmcicompiler.so
7f599df63000-7f599e3dd000 r--p 020c5000 103:02 51870081                  /home/a4090/miniconda3/envs/auto_pose/lib/jvm/lib/libjvmcicompiler.so
7f599e400000-7f599e500000 rw-p 00000000 00:00 0 
7f599e600000-7f599e700000 rw-p 00000000 00:00 0 
7f599e7ff000-7f599e803000 ---p 00000000 00:00 0 
7f599e803000-7f599ea00000 rw-p 00000000 00:00 0 
7f599eb00000-7f599ec00000 rw-p 00000000 00:00 0 
7f599ed00000-7f599ee00000 ---p 00000000 00:00 0 
7f599ee00000-7f599f45f000 r--p 01362000 103:02 51870081                  /home/a4090/miniconda3/envs/auto_pose/lib/jvm/lib/libjvmcicompiler.so
7f599f45f000-7f599f600000 r--p 00000000 00:00 0 
7f599f600000-7f599f60e000 rw-p 00000000 00:00 0 
7f599f60e000-7f599fb63000 rw-p 01b70000 103:02 51870081                  /home/a4090/miniconda3/envs/auto_pose/lib/jvm/lib/libjvmcicompiler.so
7f599fb63000-7f599ffdd000 r--p 020c5000 103:02 51870081                  /home/a4090/miniconda3/envs/auto_pose/lib/jvm/lib/libjvmcicompiler.so
7f59a0000000-7f59a0086000 rw-p 00000000 00:00 0 
7f59a0086000-7f59a4000000 ---p 00000000 00:00 0 
7f59a4000000-7f59a4027000 rw-p 00000000 00:00 0 
7f59a4027000-7f59a8000000 ---p 00000000 00:00 0 
7f59a8000000-7f59a8100000 rw-p 00000000 00:00 0 
7f59a8200000-7f59a8300000 rw-p 00000000 00:00 0 
7f59a8400000-7f59a8500000 rw-p 00000000 00:00 0 
7f59a85ff000-7f59a8603000 ---p 00000000 00:00 0 
7f59a8603000-7f59a8800000 rw-p 00000000 00:00 0 
7f59a8900000-7f59a8a00000 rw-p 00000000 00:00 0 
7f59a8b00000-7f59a8c00000 rw-p 00000000 00:00 0 
7f59a8d00000-7f59a8e00000 rw-p 00000000 00:00 0 
7f59a8f00000-7f59a9000000 rw-p 00000000 00:00 0 
7f59a9100000-7f59a9200000 rw-p 00000000 00:00 0 
7f59a9300000-7f59a9400000 rw-p 00000000 00:00 0 
7f59a9500000-7f59a9600000 rw-p 00000000 00:00 0 
7f59a9700000-7f59a9800000 rw-p 00000000 00:00 0 
7f59a9900000-7f59a9a00000 rw-p 00000000 00:00 0 
7f59a9b00000-7f59a9c00000 rw-p 00000000 00:00 0 
7f59a9d00000-7f59a9e00000 rw-p 00000000 00:00 0 
7f59a9f00000-7f59aa000000 rw-p 00000000 00:00 0 
7f59aa100000-7f59aa200000 rw-p 00000000 00:00 0 
7f59aa300000-7f59aa400000 rw-p 00000000 00:00 0 
7f59aa500000-7f59aa600000 rw-p 00000000 00:00 0 
7f59aa700000-7f59aa800000 rw-p 00000000 00:00 0 
7f59aa900000-7f59aaa00000 rw-p 00000000 00:00 0 
7f59aab00000-7f59aac00000 rw-p 00000000 00:00 0 
7f59aad00000-7f59aae00000 ---p 00000000 00:00 0 
7f59aae00000-7f59ab45f000 r--p 01362000 103:02 51870081                  /home/a4090/miniconda3/envs/auto_pose/lib/jvm/lib/libjvmcicompiler.so
7f59ab45f000-7f59ab600000 r--p 00000000 00:00 0 
7f59ab600000-7f59ab60e000 rw-p 00000000 00:00 0 
7f59ab60e000-7f59abb63000 rw-p 01b70000 103:02 51870081                  /home/a4090/miniconda3/envs/auto_pose/lib/jvm/lib/libjvmcicompiler.so
7f59abb63000-7f59abfdd000 r--p 020c5000 103:02 51870081                  /home/a4090/miniconda3/envs/auto_pose/lib/jvm/lib/libjvmcicompiler.so
7f59ac000000-7f59ac04c000 rw-p 00000000 00:00 0 
7f59ac04c000-7f59b0000000 ---p 00000000 00:00 0 
7f59b0100000-7f59b0200000 rw-p 00000000 00:00 0 
7f59b0300000-7f59b0400000 rw-p 00000000 00:00 0 
7f59b0500000-7f59b0600000 rw-p 00000000 00:00 0 
7f59b0700000-7f59b0800000 rw-p 00000000 00:00 0 
7f59b08ff000-7f59b0903000 ---p 00000000 00:00 0 
7f59b0903000-7f59b0b00000 rw-p 00000000 00:00 0 
7f59b0c00000-7f59b0d00000 rw-p 00000000 00:00 0 
7f59b0e00000-7f59b0f00000 rw-p 00000000 00:00 0 
7f59b1000000-7f59b1100000 rw-p 00000000 00:00 0 
7f59b1200000-7f59b1300000 rw-p 00000000 00:00 0 
7f59b1400000-7f59b1500000 ---p 00000000 00:00 0 
7f59b1500000-7f59b1b5f000 r--p 01362000 103:02 51870081                  /home/a4090/miniconda3/envs/auto_pose/lib/jvm/lib/libjvmcicompiler.so
7f59b1b5f000-7f59b1d00000 r--p 00000000 00:00 0 
7f59b1d00000-7f59b1d0e000 rw-p 00000000 00:00 0 
7f59b1d0e000-7f59b2263000 rw-p 01b70000 103:02 51870081                  /home/a4090/miniconda3/envs/auto_pose/lib/jvm/lib/libjvmcicompiler.so
7f59b2263000-7f59b26dd000 r--p 020c5000 103:02 51870081                  /home/a4090/miniconda3/envs/auto_pose/lib/jvm/lib/libjvmcicompiler.so
7f59b26ff000-7f59b2703000 ---p 00000000 00:00 0 
7f59b2703000-7f59b2900000 rw-p 00000000 00:00 0 
7f59b2a00000-7f59b2b00000 rw-p 00000000 00:00 0 
7f59b2c00000-7f59b2d00000 rw-p 00000000 00:00 0 
7f59b2e00000-7f59b2f00000 rw-p 00000000 00:00 0 
7f59b3000000-7f59b3100000 rw-p 00000000 00:00 0 
7f59b3200000-7f59b3300000 rw-p 00000000 00:00 0 
7f59b3400000-7f59b3500000 rw-p 00000000 00:00 0 
7f59b3600000-7f59b3700000 rw-p 00000000 00:00 0 
7f59b3800000-7f59b3900000 rw-p 00000000 00:00 0 
7f59b3a00000-7f59b3b00000 rw-p 00000000 00:00 0 
7f59b3c00000-7f59b3d00000 rw-p 00000000 00:00 0 
7f59b3e00000-7f59b3f00000 rw-p 00000000 00:00 0 
7f59b4000000-7f59b4033000 rw-p 00000000 00:00 0 
7f59b4033000-7f59b8000000 ---p 00000000 00:00 0 
7f59b8000000-7f59b8100000 rw-p 00000000 00:00 0 
7f59b8200000-7f59b8300000 rw-p 00000000 00:00 0 
7f59b8400000-7f59b8500000 rw-p 00000000 00:00 0 
7f59b8600000-7f59b8700000 rw-p 00000000 00:00 0 
7f59b8800000-7f59b8900000 rw-p 00000000 00:00 0 
7f59b8a00000-7f59b8b00000 rw-p 00000000 00:00 0 
7f59b8bfe000-7f59b8c02000 ---p 00000000 00:00 0 
7f59b8c02000-7f59b8cff000 rw-p 00000000 00:00 0 
7f59b8cff000-7f59b8d03000 ---p 00000000 00:00 0 
7f59b8d03000-7f59b8f00000 rw-p 00000000 00:00 0 
7f59b9000000-7f59b9100000 rw-p 00000000 00:00 0 
7f59b9200000-7f59b9300000 rw-p 00000000 00:00 0 
7f59b9400000-7f59b9500000 rw-p 00000000 00:00 0 
7f59b9600000-7f59b9700000 rw-p 00000000 00:00 0 
7f59b9800000-7f59b9900000 rw-p 00000000 00:00 0 
7f59b9a00000-7f59b9b00000 rw-p 00000000 00:00 0 
7f59b9c00000-7f59b9d00000 rw-p 00000000 00:00 0 
7f59b9e00000-7f59b9f00000 rw-p 00000000 00:00 0 
7f59ba000000-7f59ba100000 ---p 00000000 00:00 0 
7f59ba100000-7f59ba75f000 r--p 01362000 103:02 51870081                  /home/a4090/miniconda3/envs/auto_pose/lib/jvm/lib/libjvmcicompiler.so
7f59ba75f000-7f59ba900000 r--p 00000000 00:00 0 
7f59ba900000-7f59ba90e000 rw-p 00000000 00:00 0 
7f59ba90e000-7f59bae63000 rw-p 01b70000 103:02 51870081                  /home/a4090/miniconda3/envs/auto_pose/lib/jvm/lib/libjvmcicompiler.so
7f59bae63000-7f59bb2dd000 r--p 020c5000 103:02 51870081                  /home/a4090/miniconda3/envs/auto_pose/lib/jvm/lib/libjvmcicompiler.so
7f59bb2ff000-7f59bb303000 ---p 00000000 00:00 0 
7f59bb303000-7f59bb500000 rw-p 00000000 00:00 0 
7f59bb600000-7f59bb700000 rw-p 00000000 00:00 0 
7f59bb800000-7f59bb900000 rw-p 00000000 00:00 0 
7f59bba00000-7f59bbb00000 rw-p 00000000 00:00 0 
7f59bbc00000-7f59bbd00000 rw-p 00000000 00:00 0 
7f59bbe00000-7f59bbf00000 rw-p 00000000 00:00 0 
7f59bc000000-7f59bc04b000 rw-p 00000000 00:00 0 
7f59bc04b000-7f59c0000000 ---p 00000000 00:00 0 
7f59c0100000-7f59c0200000 rw-p 00000000 00:00 0 
7f59c0300000-7f59c0400000 rw-p 00000000 00:00 0 
7f59c0500000-7f59c0600000 rw-p 00000000 00:00 0 
7f59c0700000-7f59c0800000 rw-p 00000000 00:00 0 
7f59c0900000-7f59c0a00000 rw-p 00000000 00:00 0 
7f59c0b00000-7f59c0c00000 rw-p 00000000 00:00 0 
7f59c0d00000-7f59c0e00000 rw-p 00000000 00:00 0 
7f59c0f00000-7f59c1000000 rw-p 00000000 00:00 0 
7f59c1100000-7f59c1200000 rw-p 00000000 00:00 0 
7f59c1300000-7f59c1400000 rw-p 00000000 00:00 0 
7f59c1500000-7f59c1600000 rw-p 00000000 00:00 0 
7f59c1700000-7f59c1800000 rw-p 00000000 00:00 0 
7f59c1900000-7f59c1a00000 rw-p 00000000 00:00 0 
7f59c1b00000-7f59c1c00000 rw-p 00000000 00:00 0 
7f59c1d00000-7f59c1e00000 rw-p 00000000 00:00 0 
7f59c1f00000-7f59c2000000 rw-p 00000000 00:00 0 
7f59c2100000-7f59c2200000 rw-p 00000000 00:00 0 
7f59c2300000-7f59c2400000 rw-p 00000000 00:00 0 
7f59c2500000-7f59c2600000 rw-p 00000000 00:00 0 
7f59c2700000-7f59c2800000 rw-p 00000000 00:00 0 
7f59c2900000-7f59c2a00000 rw-p 00000000 00:00 0 
7f59c2b00000-7f59c2c00000 rw-p 00000000 00:00 0 
7f59c2d00000-7f59c2e00000 ---p 00000000 00:00 0 
7f59c2e00000-7f59c345f000 r--p 01362000 103:02 51870081                  /home/a4090/miniconda3/envs/auto_pose/lib/jvm/lib/libjvmcicompiler.so
7f59c345f000-7f59c3600000 r--p 00000000 00:00 0 
7f59c3600000-7f59c360e000 rw-p 00000000 00:00 0 
7f59c360e000-7f59c3b63000 rw-p 01b70000 103:02 51870081                  /home/a4090/miniconda3/envs/auto_pose/lib/jvm/lib/libjvmcicompiler.so
7f59c3b63000-7f59c3fdd000 r--p 020c5000 103:02 51870081                  /home/a4090/miniconda3/envs/auto_pose/lib/jvm/lib/libjvmcicompiler.so
7f59c4000000-7f59c404c000 rw-p 00000000 00:00 0 
7f59c404c000-7f59c8000000 ---p 00000000 00:00 0 
7f59c8100000-7f59c8200000 rw-p 00000000 00:00 0 
7f59c8300000-7f59c8400000 rw-p 00000000 00:00 0 
7f59c8500000-7f59c8600000 rw-p 00000000 00:00 0 
7f59c8700000-7f59c8800000 rw-p 00000000 00:00 0 
7f59c8900000-7f59c8a00000 rw-p 00000000 00:00 0 
7f59c8b00000-7f59c8c00000 rw-p 00000000 00:00 0 
7f59c8d00000-7f59c8e00000 rw-p 00000000 00:00 0 
7f59c8eff000-7f59c8f03000 ---p 00000000 00:00 0 
7f59c8f03000-7f59c9100000 rw-p 00000000 00:00 0 
7f59c9200000-7f59c9300000 rw-p 00000000 00:00 0 
7f59c9400000-7f59c9500000 rw-p 00000000 00:00 0 
7f59c9600000-7f59c9700000 rw-p 00000000 00:00 0 
7f59c9800000-7f59c9900000 rw-p 00000000 00:00 0 
7f59c9a00000-7f59c9b00000 rw-p 00000000 00:00 0 
7f59c9c00000-7f59c9d00000 rw-p 00000000 00:00 0 
7f59c9e00000-7f59c9f00000 rw-p 00000000 00:00 0 
7f59ca000000-7f59ca100000 ---p 00000000 00:00 0 
7f59ca100000-7f59ca75f000 r--p 01362000 103:02 51870081                  /home/a4090/miniconda3/envs/auto_pose/lib/jvm/lib/libjvmcicompiler.so
7f59ca75f000-7f59ca900000 r--p 00000000 00:00 0 
7f59ca900000-7f59ca90e000 rw-p 00000000 00:00 0 
7f59ca90e000-7f59cae63000 rw-p 01b70000 103:02 51870081                  /home/a4090/miniconda3/envs/auto_pose/lib/jvm/lib/libjvmcicompiler.so
7f59cae63000-7f59cb2dd000 r--p 020c5000 103:02 51870081                  /home/a4090/miniconda3/envs/auto_pose/lib/jvm/lib/libjvmcicompiler.so
7f59cb2ff000-7f59cb303000 ---p 00000000 00:00 0 
7f59cb303000-7f59cb500000 rw-p 00000000 00:00 0 
7f59cb600000-7f59cb700000 rw-p 00000000 00:00 0 
7f59cb800000-7f59cb900000 rw-p 00000000 00:00 0 
7f59cba00000-7f59cbb00000 rw-p 00000000 00:00 0 
7f59cbc00000-7f59cbd00000 rw-p 00000000 00:00 0 
7f59cbe00000-7f59cbf00000 rw-p 00000000 00:00 0 
7f59cc000000-7f59cc0b4000 rw-p 00000000 00:00 0 
7f59cc0b4000-7f59d0000000 ---p 00000000 00:00 0 
7f59d0100000-7f59d0200000 rw-p 00000000 00:00 0 
7f59d0300000-7f59d0400000 rw-p 00000000 00:00 0 
7f59d0500000-7f59d0600000 rw-p 00000000 00:00 0 
7f59d0700000-7f59d0800000 rw-p 00000000 00:00 0 
7f59d0900000-7f59d0a00000 rw-p 00000000 00:00 0 
7f59d0b00000-7f59d0c00000 rw-p 00000000 00:00 0 
7f59d0d00000-7f59d0e00000 rw-p 00000000 00:00 0 
7f59d0f00000-7f59d1000000 rw-p 00000000 00:00 0 
7f59d1100000-7f59d1200000 rw-p 00000000 00:00 0 
7f59d1300000-7f59d1400000 rw-p 00000000 00:00 0 
7f59d1500000-7f59d1600000 rw-p 00000000 00:00 0 
7f59d1700000-7f59d1800000 rw-p 00000000 00:00 0 
7f59d1900000-7f59d1a00000 rw-p 00000000 00:00 0 
7f59d1b00000-7f59d1c00000 rw-p 00000000 00:00 0 
7f59d1d00000-7f59d1e00000 rw-p 00000000 00:00 0 
7f59d1f00000-7f59d2000000 rw-p 00000000 00:00 0 
7f59d2100000-7f59d2200000 rw-p 00000000 00:00 0 
7f59d2300000-7f59d2400000 rw-p 00000000 00:00 0 
7f59d2500000-7f59d2600000 rw-p 00000000 00:00 0 
7f59d2700000-7f59d2800000 rw-p 00000000 00:00 0 
7f59d2900000-7f59d2a00000 rw-p 00000000 00:00 0 
7f59d2b00000-7f59d2c00000 rw-p 00000000 00:00 0 
7f59d2d00000-7f59d2e00000 ---p 00000000 00:00 0 
7f59d2e00000-7f59d345f000 r--p 01362000 103:02 51870081                  /home/a4090/miniconda3/envs/auto_pose/lib/jvm/lib/libjvmcicompiler.so
7f59d345f000-7f59d3600000 r--p 00000000 00:00 0 
7f59d3600000-7f59d360e000 rw-p 00000000 00:00 0 
7f59d360e000-7f59d3b63000 rw-p 01b70000 103:02 51870081                  /home/a4090/miniconda3/envs/auto_pose/lib/jvm/lib/libjvmcicompiler.so
7f59d3b63000-7f59d3fdd000 r--p 020c5000 103:02 51870081                  /home/a4090/miniconda3/envs/auto_pose/lib/jvm/lib/libjvmcicompiler.so
7f59d4000000-7f59d4021000 rw-p 00000000 00:00 0 
7f59d4021000-7f59d8000000 ---p 00000000 00:00 0 
7f59d8000000-7f59d8021000 rw-p 00000000 00:00 0 
7f59d8021000-7f59dc000000 ---p 00000000 00:00 0 
7f59dc000000-7f59dc021000 rw-p 00000000 00:00 0 
7f59dc021000-7f59e0000000 ---p 00000000 00:00 0 
7f59e0000000-7f59e0021000 rw-p 00000000 00:00 0 
7f59e0021000-7f59e4000000 ---p 00000000 00:00 0 
7f59e4000000-7f59e4021000 rw-p 00000000 00:00 0 
7f59e4021000-7f59e8000000 ---p 00000000 00:00 0 
7f59e8000000-7f59e8021000 rw-p 00000000 00:00 0 
7f59e8021000-7f59ec000000 ---p 00000000 00:00 0 
7f59ec000000-7f59ec0b1000 rw-p 00000000 00:00 0 
7f59ec0b1000-7f59f0000000 ---p 00000000 00:00 0 
7f59f0100000-7f59f0200000 rw-p 00000000 00:00 0 
7f59f0300000-7f59f0400000 rw-p 00000000 00:00 0 
7f59f0500000-7f59f0600000 rw-p 00000000 00:00 0 
7f59f0700000-7f59f0800000 rw-p 00000000 00:00 0 
7f59f0900000-7f59f0a00000 rw-p 00000000 00:00 0 
7f59f0aff000-7f59f0b03000 ---p 00000000 00:00 0 
7f59f0b03000-7f59f0d00000 rw-p 00000000 00:00 0 
7f59f0e00000-7f59f0f00000 rw-p 00000000 00:00 0 
7f59f0ff4000-7f59f0ff5000 ---p 00000000 00:00 0 
7f59f0ff5000-7f59f10f6000 rw-p 00000000 00:00 0 
7f59f10f6000-7f59f10f7000 ---p 00000000 00:00 0 
7f59f10f7000-7f59f11f8000 rw-p 00000000 00:00 0 
7f59f11f8000-7f59f11f9000 ---p 00000000 00:00 0 
7f59f11f9000-7f59f12fa000 rw-p 00000000 00:00 0 
7f59f12fa000-7f59f12fb000 ---p 00000000 00:00 0 
7f59f12fb000-7f59f13fc000 rw-p 00000000 00:00 0 
7f59f13fc000-7f59f13fd000 ---p 00000000 00:00 0 
7f59f13fd000-7f59f14fe000 rw-p 00000000 00:00 0 
7f59f14fe000-7f59f14ff000 ---p 00000000 00:00 0 
7f59f14ff000-7f59f1700000 rw-p 00000000 00:00 0 
7f59f1800000-7f59f1900000 rw-p 00000000 00:00 0 
7f59f1a00000-7f59f1b00000 rw-p 00000000 00:00 0 
7f59f1c00000-7f59f1d00000 rw-p 00000000 00:00 0 
7f59f1e00000-7f59f1f00000 rw-p 00000000 00:00 0 
7f59f2000000-7f59f2100000 rw-p 00000000 00:00 0 
7f59f2200000-7f59f2300000 rw-p 00000000 00:00 0 
7f59f2400000-7f59f2500000 ---p 00000000 00:00 0 
7f59f2500000-7f59f2b5f000 r--p 01362000 103:02 51870081                  /home/a4090/miniconda3/envs/auto_pose/lib/jvm/lib/libjvmcicompiler.so
7f59f2b5f000-7f59f2d00000 r--p 00000000 00:00 0 
7f59f2d00000-7f59f2d0e000 rw-p 00000000 00:00 0 
7f59f2d0e000-7f59f3263000 rw-p 01b70000 103:02 51870081                  /home/a4090/miniconda3/envs/auto_pose/lib/jvm/lib/libjvmcicompiler.so
7f59f3263000-7f59f36dd000 r--p 020c5000 103:02 51870081                  /home/a4090/miniconda3/envs/auto_pose/lib/jvm/lib/libjvmcicompiler.so
7f59f36ff000-7f59f3703000 ---p 00000000 00:00 0 
7f59f3703000-7f59f3900000 rw-p 00000000 00:00 0 
7f59f3a00000-7f59f3b00000 rw-p 00000000 00:00 0 
7f59f3c00000-7f59f3d00000 rw-p 00000000 00:00 0 
7f59f3e00000-7f59f3f00000 rw-p 00000000 00:00 0 
7f59f4000000-7f59f40a2000 rw-p 00000000 00:00 0 
7f59f40a2000-7f59f8000000 ---p 00000000 00:00 0 
7f59f8000000-7f59f80b8000 rw-p 00000000 00:00 0 
7f59f80b8000-7f59fc000000 ---p 00000000 00:00 0 
7f59fc000000-7f59fc021000 rw-p 00000000 00:00 0 
7f59fc021000-7f5a00000000 ---p 00000000 00:00 0 
7f5a00000000-7f5a00021000 rw-p 00000000 00:00 0 
7f5a00021000-7f5a04000000 ---p 00000000 00:00 0 
7f5a04000000-7f5a04021000 rw-p 00000000 00:00 0 
7f5a04021000-7f5a08000000 ---p 00000000 00:00 0 
7f5a08000000-7f5a08021000 rw-p 00000000 00:00 0 
7f5a08021000-7f5a0c000000 ---p 00000000 00:00 0 
7f5a0c000000-7f5a0c021000 rw-p 00000000 00:00 0 
7f5a0c021000-7f5a10000000 ---p 00000000 00:00 0 
7f5a10000000-7f5a10021000 rw-p 00000000 00:00 0 
7f5a10021000-7f5a14000000 ---p 00000000 00:00 0 
7f5a14000000-7f5a14021000 rw-p 00000000 00:00 0 
7f5a14021000-7f5a18000000 ---p 00000000 00:00 0 
7f5a18000000-7f5a18021000 rw-p 00000000 00:00 0 
7f5a18021000-7f5a1c000000 ---p 00000000 00:00 0 
7f5a1c000000-7f5a1c021000 rw-p 00000000 00:00 0 
7f5a1c021000-7f5a20000000 ---p 00000000 00:00 0 
7f5a20000000-7f5a20021000 rw-p 00000000 00:00 0 
7f5a20021000-7f5a24000000 ---p 00000000 00:00 0 
7f5a24000000-7f5a24021000 rw-p 00000000 00:00 0 
7f5a24021000-7f5a28000000 ---p 00000000 00:00 0 
7f5a28000000-7f5a28021000 rw-p 00000000 00:00 0 
7f5a28021000-7f5a2c000000 ---p 00000000 00:00 0 
7f5a2c000000-7f5a2c021000 rw-p 00000000 00:00 0 
7f5a2c021000-7f5a30000000 ---p 00000000 00:00 0 
7f5a30000000-7f5a30021000 rw-p 00000000 00:00 0 
7f5a30021000-7f5a34000000 ---p 00000000 00:00 0 
7f5a34000000-7f5a34021000 rw-p 00000000 00:00 0 
7f5a34021000-7f5a38000000 ---p 00000000 00:00 0 
7f5a38000000-7f5a38021000 rw-p 00000000 00:00 0 
7f5a38021000-7f5a3c000000 ---p 00000000 00:00 0 
7f5a3c000000-7f5a3c021000 rw-p 00000000 00:00 0 
7f5a3c021000-7f5a40000000 ---p 00000000 00:00 0 
7f5a40000000-7f5a40021000 rw-p 00000000 00:00 0 
7f5a40021000-7f5a44000000 ---p 00000000 00:00 0 
7f5a44000000-7f5a44021000 rw-p 00000000 00:00 0 
7f5a44021000-7f5a48000000 ---p 00000000 00:00 0 
7f5a48000000-7f5a48021000 rw-p 00000000 00:00 0 
7f5a48021000-7f5a4c000000 ---p 00000000 00:00 0 
7f5a4c000000-7f5a4c052000 rw-p 00000000 00:00 0 
7f5a4c052000-7f5a50000000 ---p 00000000 00:00 0 
7f5a50000000-7f5a50021000 rw-p 00000000 00:00 0 
7f5a50021000-7f5a54000000 ---p 00000000 00:00 0 
7f5a54000000-7f5a54021000 rw-p 00000000 00:00 0 
7f5a54021000-7f5a58000000 ---p 00000000 00:00 0 
7f5a58000000-7f5a58021000 rw-p 00000000 00:00 0 
7f5a58021000-7f5a5c000000 ---p 00000000 00:00 0 
7f5a5c000000-7f5a5c021000 rw-p 00000000 00:00 0 
7f5a5c021000-7f5a60000000 ---p 00000000 00:00 0 
7f5a60000000-7f5a60021000 rw-p 00000000 00:00 0 
7f5a60021000-7f5a64000000 ---p 00000000 00:00 0 
7f5a64000000-7f5a64021000 rw-p 00000000 00:00 0 
7f5a64021000-7f5a68000000 ---p 00000000 00:00 0 
7f5a68100000-7f5a68200000 rw-p 00000000 00:00 0 
7f5a68300000-7f5a68400000 rw-p 00000000 00:00 0 
7f5a68500000-7f5a68600000 rw-p 00000000 00:00 0 
7f5a68700000-7f5a68800000 rw-p 00000000 00:00 0 
7f5a68900000-7f5a68a00000 rw-p 00000000 00:00 0 
7f5a68b00000-7f5a68c00000 rw-p 00000000 00:00 0 
7f5a68d00000-7f5a68e00000 rw-p 00000000 00:00 0 
7f5a68f00000-7f5a69000000 rw-p 00000000 00:00 0 
7f5a690fe000-7f5a69102000 ---p 00000000 00:00 0 
7f5a69102000-7f5a692ff000 rw-p 00000000 00:00 0 
7f5a692ff000-7f5a69303000 ---p 00000000 00:00 0 
7f5a69303000-7f5a69600000 rw-p 00000000 00:00 0 
7f5a69700000-7f5a69800000 rw-p 00000000 00:00 0 
7f5a69900000-7f5a69a00000 rw-p 00000000 00:00 0 
7f5a69b00000-7f5a69c00000 rw-p 00000000 00:00 0 
7f5a69d00000-7f5a69e00000 rw-p 00000000 00:00 0 
7f5a69eca000-7f5a69ecb000 ---p 00000000 00:00 0 
7f5a69ecb000-7f5a69fcc000 rw-p 00000000 00:00 0 
7f5a69fcc000-7f5a69fcd000 ---p 00000000 00:00 0 
7f5a69fcd000-7f5a6a0ce000 rw-p 00000000 00:00 0 
7f5a6a0ce000-7f5a6a0cf000 ---p 00000000 00:00 0 
7f5a6a0cf000-7f5a6a1d0000 rw-p 00000000 00:00 0 
7f5a6a1d0000-7f5a6a1d1000 ---p 00000000 00:00 0 
7f5a6a1d1000-7f5a6a2d2000 rw-p 00000000 00:00 0 
7f5a6a2d2000-7f5a6a2d3000 ---p 00000000 00:00 0 
7f5a6a2d3000-7f5a6a3d4000 rw-p 00000000 00:00 0 
7f5a6a3d4000-7f5a6a3d5000 ---p 00000000 00:00 0 
7f5a6a3d5000-7f5a6a4d6000 rw-p 00000000 00:00 0 
7f5a6a4d6000-7f5a6a4d7000 ---p 00000000 00:00 0 
7f5a6a4d7000-7f5a6a5d8000 rw-p 00000000 00:00 0 
7f5a6a5d8000-7f5a6a5d9000 ---p 00000000 00:00 0 
7f5a6a5d9000-7f5a6a6da000 rw-p 00000000 00:00 0 
7f5a6a6da000-7f5a6a6db000 ---p 00000000 00:00 0 
7f5a6a6db000-7f5a6a7dc000 rw-p 00000000 00:00 0 
7f5a6a7dc000-7f5a6a7dd000 ---p 00000000 00:00 0 
7f5a6a7dd000-7f5a6a8de000 rw-p 00000000 00:00 0 
7f5a6a8de000-7f5a6a8df000 ---p 00000000 00:00 0 
7f5a6a8df000-7f5a6a9e0000 rw-p 00000000 00:00 0 
7f5a6a9e0000-7f5a6a9e1000 ---p 00000000 00:00 0 
7f5a6a9e1000-7f5a6aae2000 rw-p 00000000 00:00 0 
7f5a6aae2000-7f5a6aae3000 ---p 00000000 00:00 0 
7f5a6aae3000-7f5a6abe4000 rw-p 00000000 00:00 0 
7f5a6abe4000-7f5a6abe5000 ---p 00000000 00:00 0 
7f5a6abe5000-7f5a6ace6000 rw-p 00000000 00:00 0 
7f5a6ace6000-7f5a6ace7000 ---p 00000000 00:00 0 
7f5a6ace7000-7f5a6ade8000 rw-p 00000000 00:00 0 
7f5a6ade8000-7f5a6ade9000 ---p 00000000 00:00 0 
7f5a6ade9000-7f5a6aeea000 rw-p 00000000 00:00 0 
7f5a6aeea000-7f5a6aeeb000 ---p 00000000 00:00 0 
7f5a6aeeb000-7f5a6afec000 rw-p 00000000 00:00 0 
7f5a6afec000-7f5a6afed000 ---p 00000000 00:00 0 
7f5a6afed000-7f5a6b0ee000 rw-p 00000000 00:00 0 
7f5a6b0ee000-7f5a6b0ef000 ---p 00000000 00:00 0 
7f5a6b0ef000-7f5a6b1f0000 rw-p 00000000 00:00 0 
7f5a6b1f0000-7f5a6b1f1000 ---p 00000000 00:00 0 
7f5a6b1f1000-7f5a6b2f2000 rw-p 00000000 00:00 0 
7f5a6b2f2000-7f5a6b2f3000 ---p 00000000 00:00 0 
7f5a6b2f3000-7f5a6b3f4000 rw-p 00000000 00:00 0 
7f5a6b3f4000-7f5a6b3f5000 ---p 00000000 00:00 0 
7f5a6b3f5000-7f5a6b4f6000 rw-p 00000000 00:00 0 
7f5a6b4f6000-7f5a6b4f7000 ---p 00000000 00:00 0 
7f5a6b4f7000-7f5a6b5f8000 rw-p 00000000 00:00 0 
7f5a6b5f8000-7f5a6b5f9000 ---p 00000000 00:00 0 
7f5a6b5f9000-7f5a6b6fa000 rw-p 00000000 00:00 0 
7f5a6b6fa000-7f5a6b6fb000 ---p 00000000 00:00 0 
7f5a6b6fb000-7f5a6b7fc000 rw-p 00000000 00:00 0 
7f5a6b7fc000-7f5a6b7fd000 ---p 00000000 00:00 0 
7f5a6b7fd000-7f5a6b8fe000 rw-p 00000000 00:00 0 
7f5a6b8fe000-7f5a6b8ff000 ---p 00000000 00:00 0 
7f5a6b8ff000-7f5a6bb00000 rw-p 00000000 00:00 0 
7f5a6bc00000-7f5a6bd00000 rw-p 00000000 00:00 0 
7f5a6be00000-7f5a6bf00000 rw-p 00000000 00:00 0 
7f5a6c000000-7f5a6c0fe000 rw-p 00000000 00:00 0 
7f5a6c0fe000-7f5a70000000 ---p 00000000 00:00 0 
7f5a70000000-7f5a7004a000 rw-p 00000000 00:00 0 
7f5a7004a000-7f5a74000000 ---p 00000000 00:00 0 
7f5a74000000-7f5a740d6000 rw-p 00000000 00:00 0 
7f5a740d6000-7f5a78000000 ---p 00000000 00:00 0 
7f5a78000000-7f5a7813d000 rw-p 00000000 00:00 0 
7f5a7813d000-7f5a7c000000 ---p 00000000 00:00 0 
7f5a7c000000-7f5a7c021000 rw-p 00000000 00:00 0 
7f5a7c021000-7f5a80000000 ---p 00000000 00:00 0 
7f5a80000000-7f5a80100000 rw-p 00000000 00:00 0 
7f5a80200000-7f5a80300000 rw-p 00000000 00:00 0 
7f5a80400000-7f5a80500000 rw-p 00000000 00:00 0 
7f5a80600000-7f5a80700000 ---p 00000000 00:00 0 
7f5a80700000-7f5a80d5f000 r--p 01362000 103:02 51870081                  /home/a4090/miniconda3/envs/auto_pose/lib/jvm/lib/libjvmcicompiler.so
7f5a80d5f000-7f5a80f00000 r--p 00000000 00:00 0 
7f5a80f00000-7f5a80f0e000 rw-p 00000000 00:00 0 
7f5a80f0e000-7f5a81463000 rw-p 01b70000 103:02 51870081                  /home/a4090/miniconda3/envs/auto_pose/lib/jvm/lib/libjvmcicompiler.so
7f5a81463000-7f5a818dd000 r--p 020c5000 103:02 51870081                  /home/a4090/miniconda3/envs/auto_pose/lib/jvm/lib/libjvmcicompiler.so
7f5a818fc000-7f5a81900000 ---p 00000000 00:00 0 
7f5a81900000-7f5a819fd000 rw-p 00000000 00:00 0 
7f5a819fd000-7f5a81a01000 ---p 00000000 00:00 0 
7f5a81a01000-7f5a81bfe000 rw-p 00000000 00:00 0 
7f5a81bfe000-7f5a81c02000 ---p 00000000 00:00 0 
7f5a81c02000-7f5a81dff000 rw-p 00000000 00:00 0 
7f5a81dff000-7f5a81e03000 ---p 00000000 00:00 0 
7f5a81e03000-7f5a82100000 rw-p 00000000 00:00 0 
7f5a82200000-7f5a82300000 rw-p 00000000 00:00 0 
7f5a82400000-7f5a82500000 rw-p 00000000 00:00 0 
7f5a82600000-7f5a82700000 rw-p 00000000 00:00 0 
7f5a82800000-7f5a82900000 rw-p 00000000 00:00 0 
7f5a82a00000-7f5a82b00000 rw-p 00000000 00:00 0 
7f5a82c00000-7f5a82d00000 rw-p 00000000 00:00 0 
7f5a82e00000-7f5a82f00000 rw-p 00000000 00:00 0 
7f5a83000000-7f5a83100000 rw-p 00000000 00:00 0 
7f5a83200000-7f5a83300000 rw-p 00000000 00:00 0 
7f5a83400000-7f5a83500000 rw-p 00000000 00:00 0 
7f5a83600000-7f5a83700000 rw-p 00000000 00:00 0 
7f5a83800000-7f5a83900000 rw-p 00000000 00:00 0 
7f5a83a00000-7f5a83b00000 rw-p 00000000 00:00 0 
7f5a83c00000-7f5a83e00000 rw-p 00000000 00:00 0 
7f5a83f00000-7f5a84000000 rw-p 00000000 00:00 0 
7f5a84100000-7f5a84200000 rw-p 00000000 00:00 0 
7f5a84300000-7f5a84400000 rw-p 00000000 00:00 0 
7f5a84500000-7f5a84600000 rw-p 00000000 00:00 0 
7f5a84700000-7f5a84800000 rw-p 00000000 00:00 0 
7f5a84900000-7f5a84a00000 rw-p 00000000 00:00 0 
7f5a84b00000-7f5a84c00000 rw-p 00000000 00:00 0 
7f5a84d00000-7f5a84e00000 rw-p 00000000 00:00 0 
7f5a84f00000-7f5a85000000 rw-p 00000000 00:00 0 
7f5a85100000-7f5a85200000 rw-p 00000000 00:00 0 
7f5a85300000-7f5a85400000 rw-p 00000000 00:00 0 
7f5a85500000-7f5a85600000 rw-p 00000000 00:00 0 
7f5a85700000-7f5a85800000 rw-p 00000000 00:00 0 
7f5a85900000-7f5a85a00000 rw-p 00000000 00:00 0 
7f5a85b00000-7f5a85c00000 rw-p 00000000 00:00 0 
7f5a85d00000-7f5a85e00000 rw-p 00000000 00:00 0 
7f5a85f00000-7f5a86000000 rw-p 00000000 00:00 0 
7f5a86100000-7f5a86200000 rw-p 00000000 00:00 0 
7f5a86300000-7f5a86400000 rw-p 00000000 00:00 0 
7f5a86500000-7f5a86600000 rw-p 00000000 00:00 0 
7f5a86700000-7f5a86800000 rw-p 00000000 00:00 0 
7f5a86900000-7f5a86a00000 rw-p 00000000 00:00 0 
7f5a86b00000-7f5a86c00000 rw-p 00000000 00:00 0 
7f5a86d00000-7f5a86e00000 rw-p 00000000 00:00 0 
7f5a86f00000-7f5a87000000 rw-p 00000000 00:00 0 
7f5a87100000-7f5a87200000 rw-p 00000000 00:00 0 
7f5a87300000-7f5a87400000 rw-p 00000000 00:00 0 
7f5a87500000-7f5a87600000 rw-p 00000000 00:00 0 
7f5a87700000-7f5a87800000 rw-p 00000000 00:00 0 
7f5a87900000-7f5a87a00000 rw-p 00000000 00:00 0 
7f5a87b00000-7f5a87c00000 rw-p 00000000 00:00 0 
7f5a87d00000-7f5a87e00000 rw-p 00000000 00:00 0 
7f5a87f00000-7f5a88000000 rw-p 00000000 00:00 0 
7f5a88100000-7f5a88200000 rw-p 00000000 00:00 0 
7f5a88300000-7f5a88400000 rw-p 00000000 00:00 0 
7f5a88500000-7f5a88600000 rw-p 00000000 00:00 0 
7f5a88700000-7f5a88800000 rw-p 00000000 00:00 0 
7f5a88900000-7f5a88a00000 rw-p 00000000 00:00 0 
7f5a88b00000-7f5a88c00000 rw-p 00000000 00:00 0 
7f5a88d00000-7f5a88e00000 rw-p 00000000 00:00 0 
7f5a88f00000-7f5a89000000 rw-p 00000000 00:00 0 
7f5a89100000-7f5a89200000 rw-p 00000000 00:00 0 
7f5a89300000-7f5a89400000 rw-p 00000000 00:00 0 
7f5a89500000-7f5a89600000 rw-p 00000000 00:00 0 
7f5a89700000-7f5a89800000 rw-p 00000000 00:00 0 
7f5a89900000-7f5a89a00000 rw-p 00000000 00:00 0 
7f5a89b00000-7f5a89c00000 rw-p 00000000 00:00 0 
7f5a89d00000-7f5a89e00000 rw-p 00000000 00:00 0 
7f5a89f00000-7f5a8a000000 rw-p 00000000 00:00 0 
7f5a8a100000-7f5a8a200000 rw-p 00000000 00:00 0 
7f5a8a300000-7f5a8a400000 rw-p 00000000 00:00 0 
7f5a8a500000-7f5a8a600000 rw-p 00000000 00:00 0 
7f5a8a700000-7f5a8a800000 rw-p 00000000 00:00 0 
7f5a8a900000-7f5a8aa00000 rw-p 00000000 00:00 0 
7f5a8aa47000-7f5a8ac00000 rw-p 00000000 00:00 0 
7f5a8ac14000-7f5a8ad00000 rw-p 00000000 00:00 0 
7f5a8ad00000-7f5a8ae00000 ---p 00000000 00:00 0 
7f5a8ae00000-7f5a8b45f000 r--p 01362000 103:02 51870081                  /home/a4090/miniconda3/envs/auto_pose/lib/jvm/lib/libjvmcicompiler.so
7f5a8b45f000-7f5a8b600000 r--p 00000000 00:00 0 
7f5a8b600000-7f5a8b60e000 rw-p 00000000 00:00 0 
7f5a8b60e000-7f5a8bb63000 rw-p 01b70000 103:02 51870081                  /home/a4090/miniconda3/envs/auto_pose/lib/jvm/lib/libjvmcicompiler.so
7f5a8bb63000-7f5a8bfdd000 r--p 020c5000 103:02 51870081                  /home/a4090/miniconda3/envs/auto_pose/lib/jvm/lib/libjvmcicompiler.so
7f5a8c000000-7f5a8c034000 rw-p 00000000 00:00 0 
7f5a8c034000-7f5a90000000 ---p 00000000 00:00 0 
7f5a90000000-7f5a90038000 rw-p 00000000 00:00 0 
7f5a90038000-7f5a94000000 ---p 00000000 00:00 0 
7f5a94000000-7f5a94023000 rw-p 00000000 00:00 0 
7f5a94023000-7f5a98000000 ---p 00000000 00:00 0 
7f5a98014000-7f5a98200000 rw-p 00000000 00:00 0 
7f5a98217000-7f5a98300000 rw-p 00000000 00:00 0 
7f5a98300000-7f5a98400000 ---p 00000000 00:00 0 
7f5a98400000-7f5a98a5f000 r--p 01362000 103:02 51870081                  /home/a4090/miniconda3/envs/auto_pose/lib/jvm/lib/libjvmcicompiler.so
7f5a98a5f000-7f5a98c00000 r--p 00000000 00:00 0 
7f5a98c00000-7f5a98c0e000 rw-p 00000000 00:00 0 
7f5a98c0e000-7f5a99163000 rw-p 01b70000 103:02 51870081                  /home/a4090/miniconda3/envs/auto_pose/lib/jvm/lib/libjvmcicompiler.so
7f5a99163000-7f5a995dd000 r--p 020c5000 103:02 51870081                  /home/a4090/miniconda3/envs/auto_pose/lib/jvm/lib/libjvmcicompiler.so
7f5a995de000-7f5a99700000 rw-p 00000000 00:00 0 
7f5a99706000-7f5a99800000 rw-p 00000000 00:00 0 
7f5a99800000-7f5a99900000 ---p 00000000 00:00 0 
7f5a99900000-7f5a99f5f000 r--p 01362000 103:02 51870081                  /home/a4090/miniconda3/envs/auto_pose/lib/jvm/lib/libjvmcicompiler.so
7f5a99f5f000-7f5a9a100000 r--p 00000000 00:00 0 
7f5a9a100000-7f5a9a10e000 rw-p 00000000 00:00 0 
7f5a9a10e000-7f5a9a663000 rw-p 01b70000 103:02 51870081                  /home/a4090/miniconda3/envs/auto_pose/lib/jvm/lib/libjvmcicompiler.so
7f5a9a663000-7f5a9aadd000 r--p 020c5000 103:02 51870081                  /home/a4090/miniconda3/envs/auto_pose/lib/jvm/lib/libjvmcicompiler.so
7f5a9aadd000-7f5a9aaff000 rw-p 00000000 00:00 0 
7f5a9aaff000-7f5a9ab03000 ---p 00000000 00:00 0 
7f5a9ab03000-7f5a9ad00000 rw-p 00000000 00:00 0 
7f5a9ad00000-7f5a9ae00000 ---p 00000000 00:00 0 
7f5a9ae00000-7f5a9b45f000 r--p 01362000 103:02 51870081                  /home/a4090/miniconda3/envs/auto_pose/lib/jvm/lib/libjvmcicompiler.so
7f5a9b45f000-7f5a9b600000 r--p 00000000 00:00 0 
7f5a9b600000-7f5a9b60e000 rw-p 00000000 00:00 0 
7f5a9b60e000-7f5a9bb63000 rw-p 01b70000 103:02 51870081                  /home/a4090/miniconda3/envs/auto_pose/lib/jvm/lib/libjvmcicompiler.so
7f5a9bb63000-7f5a9bfdd000 r--p 020c5000 103:02 51870081                  /home/a4090/miniconda3/envs/auto_pose/lib/jvm/lib/libjvmcicompiler.so
7f5a9bfde000-7f5a9c000000 rw-p 00000000 00:00 0 
7f5a9c000000-7f5a9c021000 rw-p 00000000 00:00 0 
7f5a9c021000-7f5aa0000000 ---p 00000000 00:00 0 
7f5aa0000000-7f5aa0021000 rw-p 00000000 00:00 0 
7f5aa0021000-7f5aa4000000 ---p 00000000 00:00 0 
7f5aa4000000-7f5aa41e0000 rw-p 00000000 00:00 0 
7f5aa41e0000-7f5aa8000000 ---p 00000000 00:00 0 
7f5aa8000000-7f5aa823a000 rw-p 00000000 00:00 0 
7f5aa823a000-7f5aac000000 ---p 00000000 00:00 0 
7f5aac000000-7f5aac021000 rw-p 00000000 00:00 0 
7f5aac021000-7f5ab0000000 ---p 00000000 00:00 0 
7f5ab0000000-7f5ab02db000 rw-p 00000000 00:00 0 
7f5ab02db000-7f5ab4000000 ---p 00000000 00:00 0 
7f5ab4000000-7f5ab42ef000 rw-p 00000000 00:00 0 
7f5ab42ef000-7f5ab8000000 ---p 00000000 00:00 0 
7f5ab8000000-7f5ab8021000 rw-p 00000000 00:00 0 
7f5ab8021000-7f5abc000000 ---p 00000000 00:00 0 
7f5abc000000-7f5abc021000 rw-p 00000000 00:00 0 
7f5abc021000-7f5ac0000000 ---p 00000000 00:00 0 
7f5ac0000000-7f5ac006b000 rw-p 00000000 00:00 0 
7f5ac006b000-7f5ac4000000 ---p 00000000 00:00 0 
7f5ac4000000-7f5ac4021000 rw-p 00000000 00:00 0 
7f5ac4021000-7f5ac8000000 ---p 00000000 00:00 0 
7f5ac8000000-7f5ac8021000 rw-p 00000000 00:00 0 
7f5ac8021000-7f5acc000000 ---p 00000000 00:00 0 
7f5acc018000-7f5acc03e000 rw-p 00000000 00:00 0 
7f5acc03e000-7f5acc040000 r--p 00000000 103:02 39852051                  /usr/lib/x86_64-linux-gnu/libcrypt.so.1.1.0
7f5acc040000-7f5acc055000 r-xp 00002000 103:02 39852051                  /usr/lib/x86_64-linux-gnu/libcrypt.so.1.1.0
7f5acc055000-7f5acc06f000 r--p 00017000 103:02 39852051                  /usr/lib/x86_64-linux-gnu/libcrypt.so.1.1.0
7f5acc06f000-7f5acc070000 r--p 00030000 103:02 39852051                  /usr/lib/x86_64-linux-gnu/libcrypt.so.1.1.0
7f5acc070000-7f5acc071000 rw-p 00031000 103:02 39852051                  /usr/lib/x86_64-linux-gnu/libcrypt.so.1.1.0
7f5acc071000-7f5acc0fe000 rw-p 00000000 00:00 0 
7f5acc0fe000-7f5acc102000 ---p 00000000 00:00 0 
7f5acc102000-7f5acc2ff000 rw-p 00000000 00:00 0 
7f5acc2ff000-7f5acc303000 ---p 00000000 00:00 0 
7f5acc303000-7f5acc600000 rw-p 00000000 00:00 0 
7f5acc611000-7f5acc800000 rw-p 00000000 00:00 0 
7f5acc807000-7f5acc831000 rw-p 00000000 00:00 0 
7f5acc852000-7f5acc885000 rw-p 00000000 00:00 0 
7f5acc887000-7f5acc8a9000 rw-p 00000000 00:00 0 
7f5acc8a9000-7f5acc8ae000 r--p 00000000 103:02 51867375                  /home/a4090/miniconda3/envs/auto_pose/lib/jvm/languages/python/lib/graalpy23.0/libposix.graalpy230-310-native-x86_64-linux.so
7f5acc8ae000-7f5acc8b2000 r-xp 00004000 103:02 51867375                  /home/a4090/miniconda3/envs/auto_pose/lib/jvm/languages/python/lib/graalpy23.0/libposix.graalpy230-310-native-x86_64-linux.so
7f5acc8b2000-7f5acc8b3000 r--p 00007000 103:02 51867375                  /home/a4090/miniconda3/envs/auto_pose/lib/jvm/languages/python/lib/graalpy23.0/libposix.graalpy230-310-native-x86_64-linux.so
7f5acc8b3000-7f5acc8b4000 rw-p 00007000 103:02 51867375                  /home/a4090/miniconda3/envs/auto_pose/lib/jvm/languages/python/lib/graalpy23.0/libposix.graalpy230-310-native-x86_64-linux.so
7f5acc8b4000-7f5acc8b7000 rw-p 00039000 103:02 51867375                  /home/a4090/miniconda3/envs/auto_pose/lib/jvm/languages/python/lib/graalpy23.0/libposix.graalpy230-310-native-x86_64-linux.so
7f5acc8b7000-7f5acc8ba000 r--p 00000000 103:02 51869393                  /home/a4090/miniconda3/envs/auto_pose/lib/jvm/lib/libtrufflenfi.so
7f5acc8ba000-7f5acc8c7000 r-xp 00003000 103:02 51869393                  /home/a4090/miniconda3/envs/auto_pose/lib/jvm/lib/libtrufflenfi.so
7f5acc8c7000-7f5acc8ca000 r--p 00010000 103:02 51869393                  /home/a4090/miniconda3/envs/auto_pose/lib/jvm/lib/libtrufflenfi.so
7f5acc8ca000-7f5acc8cb000 r--p 00012000 103:02 51869393                  /home/a4090/miniconda3/envs/auto_pose/lib/jvm/lib/libtrufflenfi.so
7f5acc8cb000-7f5acc8cc000 rw-p 00013000 103:02 51869393                  /home/a4090/miniconda3/envs/auto_pose/lib/jvm/lib/libtrufflenfi.so
7f5acc8cc000-7f5acc8cd000 rw-p 0004a000 103:02 51869393                  /home/a4090/miniconda3/envs/auto_pose/lib/jvm/lib/libtrufflenfi.so
7f5acc8cd000-7f5acca00000 rw-p 00000000 00:00 0 
7f5acca0b000-7f5acca60000 rw-p 00000000 00:00 0 
7f5acca60000-7f5acca6d000 r-xp 00000000 103:02 51866632                  /home/a4090/miniconda3/envs/auto_pose/lib/jvm/lib/libverify.so
7f5acca6d000-7f5acca6f000 r--p 0000c000 103:02 51866632                  /home/a4090/miniconda3/envs/auto_pose/lib/jvm/lib/libverify.so
7f5acca6f000-7f5acca70000 rw-p 0000e000 103:02 51866632                  /home/a4090/miniconda3/envs/auto_pose/lib/jvm/lib/libverify.so
7f5acca70000-7f5acca72000 rw-p 00010000 103:02 51866632                  /home/a4090/miniconda3/envs/auto_pose/lib/jvm/lib/libverify.so
7f5acca72000-7f5acca76000 ---p 00000000 00:00 0 
7f5acca76000-7f5acca94000 rw-p 00000000 00:00 0 
7f5acca94000-7f5acca9a000 r-xp 00000000 103:02 51869757                  /home/a4090/miniconda3/envs/auto_pose/lib/jvm/lib/libmanagement_ext.so
7f5acca9a000-7f5acca9b000 r--p 00005000 103:02 51869757                  /home/a4090/miniconda3/envs/auto_pose/lib/jvm/lib/libmanagement_ext.so
7f5acca9b000-7f5acca9c000 rw-p 00006000 103:02 51869757                  /home/a4090/miniconda3/envs/auto_pose/lib/jvm/lib/libmanagement_ext.so
7f5acca9c000-7f5acca9f000 rw-p 00009000 103:02 51869757                  /home/a4090/miniconda3/envs/auto_pose/lib/jvm/lib/libmanagement_ext.so
7f5acca9f000-7f5accaa3000 r-xp 00000000 103:02 51871985                  /home/a4090/miniconda3/envs/auto_pose/lib/jvm/lib/libmanagement.so
7f5accaa3000-7f5accaa4000 r--p 00003000 103:02 51871985                  /home/a4090/miniconda3/envs/auto_pose/lib/jvm/lib/libmanagement.so
7f5accaa4000-7f5accaa5000 rw-p 00004000 103:02 51871985                  /home/a4090/miniconda3/envs/auto_pose/lib/jvm/lib/libmanagement.so
7f5accaa5000-7f5accaa8000 rw-p 00007000 103:02 51871985                  /home/a4090/miniconda3/envs/auto_pose/lib/jvm/lib/libmanagement.so
7f5accaa8000-7f5accc2b000 r--p 00000000 103:02 51870081                  /home/a4090/miniconda3/envs/auto_pose/lib/jvm/lib/libjvmcicompiler.so
7f5accc2b000-7f5acde01000 r-xp 00183000 103:02 51870081                  /home/a4090/miniconda3/envs/auto_pose/lib/jvm/lib/libjvmcicompiler.so
7f5acde01000-7f5acefeb000 r--p 01359000 103:02 51870081                  /home/a4090/miniconda3/envs/auto_pose/lib/jvm/lib/libjvmcicompiler.so
7f5acefeb000-7f5acefef000 rw-p 02543000 103:02 51870081                  /home/a4090/miniconda3/envs/auto_pose/lib/jvm/lib/libjvmcicompiler.so
7f5acefef000-7f5aceff4000 rw-p 027b8000 103:02 51870081                  /home/a4090/miniconda3/envs/auto_pose/lib/jvm/lib/libjvmcicompiler.so
7f5aceff4000-7f5aceff5000 ---p 00000000 00:00 0 
7f5aceff5000-7f5acf0f6000 rw-p 00000000 00:00 0 
7f5acf0f6000-7f5acf0fa000 ---p 00000000 00:00 0 
7f5acf0fa000-7f5acf1f7000 rw-p 00000000 00:00 0 
7f5acf1f7000-7f5acf1fb000 ---p 00000000 00:00 0 
7f5acf1fb000-7f5acf3f8000 rw-p 00000000 00:00 0 
7f5acf3f8000-7f5acf3fc000 ---p 00000000 00:00 0 
7f5acf3fc000-7f5acf5f9000 rw-p 00000000 00:00 0 
7f5acf5f9000-7f5acf5fd000 ---p 00000000 00:00 0 
7f5acf5fd000-7f5acf7fa000 rw-p 00000000 00:00 0 
7f5acf7fa000-7f5acf7fe000 ---p 00000000 00:00 0 
7f5acf7fe000-7f5acf8fb000 rw-p 00000000 00:00 0 
7f5acf8fb000-7f5acf8ff000 ---p 00000000 00:00 0 
7f5acf8ff000-7f5acf9fc000 rw-p 00000000 00:00 0 
7f5acf9fc000-7f5acfa00000 ---p 00000000 00:00 0 
7f5acfa00000-7f5acfbfd000 rw-p 00000000 00:00 0 
7f5acfbfd000-7f5acfc01000 ---p 00000000 00:00 0 
7f5acfc01000-7f5acfdfe000 rw-p 00000000 00:00 0 
7f5acfdfe000-7f5acfe02000 ---p 00000000 00:00 0 
7f5acfe02000-7f5acfeff000 rw-p 00000000 00:00 0 
7f5acfeff000-7f5acff03000 ---p 00000000 00:00 0 
7f5acff03000-7f5ad0000000 rw-p 00000000 00:00 0 
7f5ad0000000-7f5ad0021000 rw-p 00000000 00:00 0 
7f5ad0021000-7f5ad4000000 ---p 00000000 00:00 0 
7f5ad4000000-7f5ad4021000 rw-p 00000000 00:00 0 
7f5ad4021000-7f5ad8000000 ---p 00000000 00:00 0 
7f5ad8000000-7f5ad8025000 rw-p 00000000 00:00 0 
7f5ad8025000-7f5adc000000 ---p 00000000 00:00 0 
7f5adc000000-7f5adc021000 rw-p 00000000 00:00 0 
7f5adc021000-7f5ae0000000 ---p 00000000 00:00 0 
7f5ae0000000-7f5ae0400000 rw-p 00000000 00:00 0 
7f5ae0400000-7f5ae0900000 rw-p 00000000 00:00 0 
7f5ae0900000-7f5ae0b00000 rw-p 00000000 00:00 0 
7f5ae0b00000-7f5ae0b80000 rw-p 00000000 00:00 0 
7f5ae0b80000-7f5ae0c00000 rw-p 00000000 00:00 0 
7f5ae0c00000-7f5ae0f00000 rw-p 00000000 00:00 0 
7f5ae0f00000-7f5ae1000000 rw-p 00000000 00:00 0 
7f5ae1000000-7f5ae1300000 rw-p 00000000 00:00 0 
7f5ae1300000-7f5ae13c0000 rw-p 00000000 00:00 0 
7f5ae13c0000-7f5ae1400000 rw-p 00000000 00:00 0 
7f5ae1400000-7f5ae1800000 rw-p 00000000 00:00 0 
7f5ae1800000-7f5ae3500000 rw-p 00000000 00:00 0 
7f5ae3500000-7f5ae3540000 rw-p 00000000 00:00 0 
7f5ae3540000-7f5ae3600000 ---p 00000000 00:00 0 
7f5ae3600000-7f5ae3b30000 rw-p 00000000 00:00 0 
7f5ae3b30000-7f5ae4000000 ---p 00000000 00:00 0 
7f5ae4000000-7f5ae4021000 rw-p 00000000 00:00 0 
7f5ae4021000-7f5ae8000000 ---p 00000000 00:00 0 
7f5ae8001000-7f5ae8008000 r-xp 00000000 103:02 51866985                  /home/a4090/miniconda3/envs/auto_pose/lib/jvm/lib/libzip.so
7f5ae8008000-7f5ae8009000 ---p 00007000 103:02 51866985                  /home/a4090/miniconda3/envs/auto_pose/lib/jvm/lib/libzip.so
7f5ae8009000-7f5ae800a000 r--p 00007000 103:02 51866985                  /home/a4090/miniconda3/envs/auto_pose/lib/jvm/lib/libzip.so
7f5ae800a000-7f5ae800b000 rw-p 00008000 103:02 51866985                  /home/a4090/miniconda3/envs/auto_pose/lib/jvm/lib/libzip.so
7f5ae800b000-7f5ae800e000 rw-p 0000b000 103:02 51866985                  /home/a4090/miniconda3/envs/auto_pose/lib/jvm/lib/libzip.so
7f5ae800e000-7f5ae803f000 rw-p 00000000 00:00 0 
7f5ae803f000-7f5ae8042000 r--p 00000000 103:02 65812693                  /home/a4090/miniconda3/envs/auto_pose/lib/libz.so.1.2.13
7f5ae8042000-7f5ae8051000 r-xp 00003000 103:02 65812693                  /home/a4090/miniconda3/envs/auto_pose/lib/libz.so.1.2.13
7f5ae8051000-7f5ae8058000 r--p 00012000 103:02 65812693                  /home/a4090/miniconda3/envs/auto_pose/lib/libz.so.1.2.13
7f5ae8058000-7f5ae8059000 r--p 00018000 103:02 65812693                  /home/a4090/miniconda3/envs/auto_pose/lib/libz.so.1.2.13
7f5ae8059000-7f5ae805a000 rw-p 00019000 103:02 65812693                  /home/a4090/miniconda3/envs/auto_pose/lib/libz.so.1.2.13
7f5ae805a000-7f5ae808b000 rw-p 00000000 00:00 0 
7f5ae808b000-7f5ae80a0000 r-xp 00000000 103:02 51865979                  /home/a4090/miniconda3/envs/auto_pose/lib/jvm/lib/libnet.so
7f5ae80a0000-7f5ae80a1000 ---p 00015000 103:02 51865979                  /home/a4090/miniconda3/envs/auto_pose/lib/jvm/lib/libnet.so
7f5ae80a1000-7f5ae80a2000 r--p 00015000 103:02 51865979                  /home/a4090/miniconda3/envs/auto_pose/lib/jvm/lib/libnet.so
7f5ae80a2000-7f5ae80a3000 rw-p 00016000 103:02 51865979                  /home/a4090/miniconda3/envs/auto_pose/lib/jvm/lib/libnet.so
7f5ae80a3000-7f5ae80a8000 rw-p 0001b000 103:02 51865979                  /home/a4090/miniconda3/envs/auto_pose/lib/jvm/lib/libnet.so
7f5ae80a8000-7f5ae80bb000 r-xp 00000000 103:02 51865608                  /home/a4090/miniconda3/envs/auto_pose/lib/jvm/lib/libnio.so
7f5ae80bb000-7f5ae80bc000 r--p 00012000 103:02 51865608                  /home/a4090/miniconda3/envs/auto_pose/lib/jvm/lib/libnio.so
7f5ae80bc000-7f5ae80bd000 rw-p 00013000 103:02 51865608                  /home/a4090/miniconda3/envs/auto_pose/lib/jvm/lib/libnio.so
7f5ae80bd000-7f5ae80c5000 rw-p 00019000 103:02 51865608                  /home/a4090/miniconda3/envs/auto_pose/lib/jvm/lib/libnio.so
7f5ae80c5000-7f5ae80c9000 ---p 00000000 00:00 0 
7f5ae80c9000-7f5ae81c6000 rw-p 00000000 00:00 0 
7f5ae81c6000-7f5ae8a37000 r--p 00000000 103:02 39848971                  /usr/lib/locale/locale-archive
7f5ae8a37000-7f5ae8a3b000 ---p 00000000 00:00 0 
7f5ae8a3b000-7f5ae8b38000 rw-p 00000000 00:00 0 
7f5ae8b38000-7f5ae8b3c000 ---p 00000000 00:00 0 
7f5ae8b3c000-7f5ae8c39000 rw-p 00000000 00:00 0 
7f5ae8c39000-7f5ae8c3a000 ---p 00000000 00:00 0 
7f5ae8c3a000-7f5ae8d3b000 rw-p 00000000 00:00 0 
7f5ae8d3b000-7f5ae8e09000 r-xp 00000000 103:02 51869100                  /home/a4090/miniconda3/envs/auto_pose/lib/jvm/lib/libjsvml.so
7f5ae8e09000-7f5ae8e0a000 r--p 000cd000 103:02 51869100                  /home/a4090/miniconda3/envs/auto_pose/lib/jvm/lib/libjsvml.so
7f5ae8e0a000-7f5ae8e0b000 rw-p 000ce000 103:02 51869100                  /home/a4090/miniconda3/envs/auto_pose/lib/jvm/lib/libjsvml.so
7f5ae8e0b000-7f5ae8e11000 rw-p 000d4000 103:02 51869100                  /home/a4090/miniconda3/envs/auto_pose/lib/jvm/lib/libjsvml.so
7f5ae8e11000-7f5ae8eed000 rw-p 00000000 00:00 0 
7f5ae8eed000-7f5ae8eee000 ---p 00000000 00:00 0 
7f5ae8eee000-7f5ae8fef000 rw-p 00000000 00:00 0 
7f5ae8fef000-7f5ae8ff0000 ---p 00000000 00:00 0 
7f5ae8ff0000-7f5aec000000 rw-p 00000000 00:00 0 
7f5aec000000-7f5aec021000 rw-p 00000000 00:00 0 
7f5aec021000-7f5af0000000 ---p 00000000 00:00 0 
7f5af0000000-7f5af0021000 rw-p 00000000 00:00 0 
7f5af0021000-7f5af4000000 ---p 00000000 00:00 0 
7f5af4000000-7f5af4021000 rw-p 00000000 00:00 0 
7f5af4021000-7f5af8000000 ---p 00000000 00:00 0 
7f5af8000000-7f5af8007000 r--s 00000000 103:02 40504943                  /usr/lib/x86_64-linux-gnu/gconv/gconv-modules.cache
7f5af8007000-7f5af8008000 r--p 00000000 00:00 0 
7f5af8008000-7f5af8851000 rw-p 00000000 00:00 0 
7f5af8851000-7f5af8852000 ---p 00000000 00:00 0 
7f5af8852000-7f5af8953000 rw-p 00000000 00:00 0 
7f5af8953000-7f5af8954000 ---p 00000000 00:00 0 
7f5af8954000-7f5af8a55000 rw-p 00000000 00:00 0 
7f5af8a55000-7f5af8a56000 ---p 00000000 00:00 0 
7f5af8a56000-7f5af923f000 rw-p 00000000 00:00 0 
7f5af923f000-7f5afac3f000 ---p 00000000 00:00 0 
7f5afac3f000-7f5afac7f000 rw-p 00000000 00:00 0 
7f5afac7f000-7f5b16bff000 ---p 00000000 00:00 0 
7f5b16bff000-7f5b171bf000 rw-p 00000000 00:00 0 
7f5b171bf000-7f5b18bbf000 ---p 00000000 00:00 0 
7f5b18bbf000-7f5b18bff000 rw-p 00000000 00:00 0 
7f5b18bff000-7f5b34b7f000 ---p 00000000 00:00 0 
7f5b34b7f000-7f5b34ca7000 rw-p 00000000 00:00 0 
7f5b34ca7000-7f5b34fe7000 ---p 00000000 00:00 0 
7f5b34fe7000-7f5b34fef000 rw-p 00000000 00:00 0 
7f5b34fef000-7f5b387df000 ---p 00000000 00:00 0 
7f5b387df000-7f5b38897000 rw-p 00000000 00:00 0 
7f5b38897000-7f5b38bd7000 ---p 00000000 00:00 0 
7f5b38bd7000-7f5b38bdf000 rw-p 00000000 00:00 0 
7f5b38bdf000-7f5b3c3cf000 ---p 00000000 00:00 0 
7f5b3c3cf000-7f5b3c487000 rw-p 00000000 00:00 0 
7f5b3c487000-7f5b3c7c7000 ---p 00000000 00:00 0 
7f5b3c7c7000-7f5b3c7cf000 rw-p 00000000 00:00 0 
7f5b3c7cf000-7f5b3ffbf000 ---p 00000000 00:00 0 
7f5b3ffbf000-7f5b417db000 rw-p 00000000 00:00 0 
7f5b417db000-7f5b418bb000 ---p 00000000 00:00 0 
7f5b418bb000-7f5b418d9000 rw-p 00000000 00:00 0 
7f5b418d9000-7f5b419a0000 ---p 00000000 00:00 0 
7f5b419a0000-7f5b419ac000 rw-p 00000000 00:00 0 
7f5b419ac000-7f5b419b7000 ---p 00000000 00:00 0 
7f5b419b7000-7f5b42857000 rwxp 00000000 00:00 0 
7f5b42857000-7f5b48c2d000 ---p 00000000 00:00 0 
7f5b48c2d000-7f5b4920d000 rwxp 00000000 00:00 0 
7f5b4920d000-7f5b49741000 ---p 00000000 00:00 0 
7f5b49741000-7f5b499b1000 rwxp 00000000 00:00 0 
7f5b499b1000-7f5b509b7000 ---p 00000000 00:00 0 
7f5b509b7000-7f5b509db000 r-xp 00000000 103:02 51869794                  /home/a4090/miniconda3/envs/auto_pose/lib/jvm/lib/libjava.so
7f5b509db000-7f5b509dc000 ---p 00024000 103:02 51869794                  /home/a4090/miniconda3/envs/auto_pose/lib/jvm/lib/libjava.so
7f5b509dc000-7f5b509dd000 r--p 00024000 103:02 51869794                  /home/a4090/miniconda3/envs/auto_pose/lib/jvm/lib/libjava.so
7f5b509dd000-7f5b509de000 rw-p 00025000 103:02 51869794                  /home/a4090/miniconda3/envs/auto_pose/lib/jvm/lib/libjava.so
7f5b509de000-7f5b509df000 rw-p 00000000 00:00 0 
7f5b509df000-7f5b509ea000 rw-p 0002f000 103:02 51869794                  /home/a4090/miniconda3/envs/auto_pose/lib/jvm/lib/libjava.so
7f5b509ea000-7f5b509f2000 rw-s 00000000 103:02 63966921                  /tmp/hsperfdata_a4090/163320
7f5b509f2000-7f5b509f5000 r--p 00000000 103:02 39848170                  /usr/lib/x86_64-linux-gnu/libnss_files-2.31.so
7f5b509f5000-7f5b509fc000 r-xp 00003000 103:02 39848170                  /usr/lib/x86_64-linux-gnu/libnss_files-2.31.so
7f5b509fc000-7f5b509fe000 r--p 0000a000 103:02 39848170                  /usr/lib/x86_64-linux-gnu/libnss_files-2.31.so
7f5b509fe000-7f5b509ff000 r--p 0000b000 103:02 39848170                  /usr/lib/x86_64-linux-gnu/libnss_files-2.31.so
7f5b509ff000-7f5b50a00000 rw-p 0000c000 103:02 39848170                  /usr/lib/x86_64-linux-gnu/libnss_files-2.31.so
7f5b50a00000-7f5b50a06000 rw-p 00000000 00:00 0 
7f5b50a06000-7f5b50a07000 ---p 00000000 00:00 0 
7f5b50a07000-7f5b50a08000 r--p 00000000 00:00 0 
7f5b50a08000-7f5b5a7a0000 r--s 00000000 103:02 51868487                  /home/a4090/miniconda3/envs/auto_pose/lib/jvm/lib/modules
7f5b5a7a0000-7f5b5a7bb000 r-xp 00000000 103:02 51869974                  /home/a4090/miniconda3/envs/auto_pose/lib/jvm/lib/libjimage.so
7f5b5a7bb000-7f5b5a7bc000 ---p 0001b000 103:02 51869974                  /home/a4090/miniconda3/envs/auto_pose/lib/jvm/lib/libjimage.so
7f5b5a7bc000-7f5b5a7be000 r--p 0001b000 103:02 51869974                  /home/a4090/miniconda3/envs/auto_pose/lib/jvm/lib/libjimage.so
7f5b5a7be000-7f5b5a7bf000 rw-p 0001d000 103:02 51869974                  /home/a4090/miniconda3/envs/auto_pose/lib/jvm/lib/libjimage.so
7f5b5a7bf000-7f5b5a7c1000 rw-p 00024000 103:02 51869974                  /home/a4090/miniconda3/envs/auto_pose/lib/jvm/lib/libjimage.so
7f5b5a7c1000-7f5b5a7c3000 r--p 00000000 103:02 39848193                  /usr/lib/x86_64-linux-gnu/librt-2.31.so
7f5b5a7c3000-7f5b5a7c7000 r-xp 00002000 103:02 39848193                  /usr/lib/x86_64-linux-gnu/librt-2.31.so
7f5b5a7c7000-7f5b5a7c9000 r--p 00006000 103:02 39848193                  /usr/lib/x86_64-linux-gnu/librt-2.31.so
7f5b5a7c9000-7f5b5a7ca000 r--p 00007000 103:02 39848193                  /usr/lib/x86_64-linux-gnu/librt-2.31.so
7f5b5a7ca000-7f5b5a7cb000 rw-p 00008000 103:02 39848193                  /usr/lib/x86_64-linux-gnu/librt-2.31.so
7f5b5a7cb000-7f5b5b8ea000 r-xp 00000000 103:02 51866492                  /home/a4090/miniconda3/envs/auto_pose/lib/jvm/lib/server/libjvm.so
7f5b5b8ea000-7f5b5b8eb000 ---p 0111f000 103:02 51866492                  /home/a4090/miniconda3/envs/auto_pose/lib/jvm/lib/server/libjvm.so
7f5b5b8eb000-7f5b5b9a0000 r--p 0111f000 103:02 51866492                  /home/a4090/miniconda3/envs/auto_pose/lib/jvm/lib/server/libjvm.so
7f5b5b9a0000-7f5b5b9d4000 rw-p 011d4000 103:02 51866492                  /home/a4090/miniconda3/envs/auto_pose/lib/jvm/lib/server/libjvm.so
7f5b5b9d4000-7f5b5ba2d000 rw-p 00000000 00:00 0 
7f5b5ba2d000-7f5b5ba33000 rw-p 015a3000 103:02 51866492                  /home/a4090/miniconda3/envs/auto_pose/lib/jvm/lib/server/libjvm.so
7f5b5ba33000-7f5b5ba36000 rw-p 00000000 00:00 0 
7f5b5ba36000-7f5b5ba58000 r--p 00000000 103:02 39848138                  /usr/lib/x86_64-linux-gnu/libc-2.31.so
7f5b5ba58000-7f5b5bbd0000 r-xp 00022000 103:02 39848138                  /usr/lib/x86_64-linux-gnu/libc-2.31.so
7f5b5bbd0000-7f5b5bc1e000 r--p 0019a000 103:02 39848138                  /usr/lib/x86_64-linux-gnu/libc-2.31.so
7f5b5bc1e000-7f5b5bc22000 r--p 001e7000 103:02 39848138                  /usr/lib/x86_64-linux-gnu/libc-2.31.so
7f5b5bc22000-7f5b5bc24000 rw-p 001eb000 103:02 39848138                  /usr/lib/x86_64-linux-gnu/libc-2.31.so
7f5b5bc24000-7f5b5bc2a000 rw-p 00000000 00:00 0 
7f5b5bc2a000-7f5b5bc30000 r--p 00000000 103:02 39848188                  /usr/lib/x86_64-linux-gnu/libpthread-2.31.so
7f5b5bc30000-7f5b5bc41000 r-xp 00006000 103:02 39848188                  /usr/lib/x86_64-linux-gnu/libpthread-2.31.so
7f5b5bc41000-7f5b5bc47000 r--p 00017000 103:02 39848188                  /usr/lib/x86_64-linux-gnu/libpthread-2.31.so
7f5b5bc47000-7f5b5bc48000 r--p 0001c000 103:02 39848188                  /usr/lib/x86_64-linux-gnu/libpthread-2.31.so
7f5b5bc48000-7f5b5bc49000 rw-p 0001d000 103:02 39848188                  /usr/lib/x86_64-linux-gnu/libpthread-2.31.so
7f5b5bc49000-7f5b5bc4d000 rw-p 00000000 00:00 0 
7f5b5bc4d000-7f5b5bc51000 r--p 00000000 103:02 51864144                  /home/a4090/miniconda3/envs/auto_pose/lib/libgcc_s.so.1
7f5b5bc51000-7f5b5bc66000 r-xp 00004000 103:02 51864144                  /home/a4090/miniconda3/envs/auto_pose/lib/libgcc_s.so.1
7f5b5bc66000-7f5b5bc6a000 r--p 00019000 103:02 51864144                  /home/a4090/miniconda3/envs/auto_pose/lib/libgcc_s.so.1
7f5b5bc6a000-7f5b5bc6b000 r--p 0001c000 103:02 51864144                  /home/a4090/miniconda3/envs/auto_pose/lib/libgcc_s.so.1
7f5b5bc6b000-7f5b5bc6c000 rw-p 0001d000 103:02 51864144                  /home/a4090/miniconda3/envs/auto_pose/lib/libgcc_s.so.1
7f5b5bc6c000-7f5b5bc79000 r--p 00000000 103:02 39848143                  /usr/lib/x86_64-linux-gnu/libm-2.31.so
7f5b5bc79000-7f5b5bd20000 r-xp 0000d000 103:02 39848143                  /usr/lib/x86_64-linux-gnu/libm-2.31.so
7f5b5bd20000-7f5b5bdb9000 r--p 000b4000 103:02 39848143                  /usr/lib/x86_64-linux-gnu/libm-2.31.so
7f5b5bdb9000-7f5b5bdba000 r--p 0014c000 103:02 39848143                  /usr/lib/x86_64-linux-gnu/libm-2.31.so
7f5b5bdba000-7f5b5bdbb000 rw-p 0014d000 103:02 39848143                  /usr/lib/x86_64-linux-gnu/libm-2.31.so
7f5b5bdbb000-7f5b5be64000 r--p 00000000 103:02 51864761                  /home/a4090/miniconda3/envs/auto_pose/lib/libstdc++.so.6.0.33
7f5b5be64000-7f5b5bf04000 r-xp 000a9000 103:02 51864761                  /home/a4090/miniconda3/envs/auto_pose/lib/libstdc++.so.6.0.33
7f5b5bf04000-7f5b5bf8a000 r--p 00149000 103:02 51864761                  /home/a4090/miniconda3/envs/auto_pose/lib/libstdc++.so.6.0.33
7f5b5bf8a000-7f5b5bf95000 r--p 001cf000 103:02 51864761                  /home/a4090/miniconda3/envs/auto_pose/lib/libstdc++.so.6.0.33
7f5b5bf95000-7f5b5bf99000 rw-p 001da000 103:02 51864761                  /home/a4090/miniconda3/envs/auto_pose/lib/libstdc++.so.6.0.33
7f5b5bf99000-7f5b5bf9d000 rw-p 00000000 00:00 0 
7f5b5bf9d000-7f5b5bf9e000 r--p 00000000 103:02 39848142                  /usr/lib/x86_64-linux-gnu/libdl-2.31.so
7f5b5bf9e000-7f5b5bfa0000 r-xp 00001000 103:02 39848142                  /usr/lib/x86_64-linux-gnu/libdl-2.31.so
7f5b5bfa0000-7f5b5bfa1000 r--p 00003000 103:02 39848142                  /usr/lib/x86_64-linux-gnu/libdl-2.31.so
7f5b5bfa1000-7f5b5bfa2000 r--p 00003000 103:02 39848142                  /usr/lib/x86_64-linux-gnu/libdl-2.31.so
7f5b5bfa2000-7f5b5bfa3000 rw-p 00004000 103:02 39848142                  /usr/lib/x86_64-linux-gnu/libdl-2.31.so
7f5b5bfa3000-7f5b5bfa5000 rw-p 00000000 00:00 0 
7f5b5bfa5000-7f5b5bfa6000 r--p 00000000 103:02 39848110                  /usr/lib/x86_64-linux-gnu/ld-2.31.so
7f5b5bfa6000-7f5b5bfc9000 r-xp 00001000 103:02 39848110                  /usr/lib/x86_64-linux-gnu/ld-2.31.so
7f5b5bfc9000-7f5b5bfd1000 r--p 00024000 103:02 39848110                  /usr/lib/x86_64-linux-gnu/ld-2.31.so
7f5b5bfd1000-7f5b5bfd2000 ---p 00000000 00:00 0 
7f5b5bfd2000-7f5b5bfd3000 r--p 0002c000 103:02 39848110                  /usr/lib/x86_64-linux-gnu/ld-2.31.so
7f5b5bfd3000-7f5b5bfd4000 rw-p 0002d000 103:02 39848110                  /usr/lib/x86_64-linux-gnu/ld-2.31.so
7f5b5bfd4000-7f5b5bfd5000 rw-p 00000000 00:00 0 
7fff3d276000-7fff3d27a000 ---p 00000000 00:00 0 
7fff3d27a000-7fff3d376000 rw-p 00000000 00:00 0                          [stack]
7fff3d3b2000-7fff3d3b6000 r--p 00000000 00:00 0                          [vvar]
7fff3d3b6000-7fff3d3b8000 r-xp 00000000 00:00 0                          [vdso]
ffffffffff600000-ffffffffff601000 --xp 00000000 00:00 0                  [vsyscall]


VM Arguments:
jvm_args: -XX:ThreadPriorityPolicy=1 -XX:+UnlockExperimentalVMOptions -XX:+EnableJVMCIProduct -XX:-UnlockExperimentalVMOptions -Dorg.graalvm.launcher.class=com.oracle.graal.python.shell.GraalPythonMain -Dorg.graalvm.launcher.executablename=/home/a4090/miniconda3/envs/auto_pose/bin/python 
java_command: <unknown>
java_class_path (initial): /home/a4090/miniconda3/envs/auto_pose/lib/jvm/languages/python/bin/../../../lib/graalvm/graalpython-launcher.jar:/home/a4090/miniconda3/envs/auto_pose/lib/jvm/languages/python/bin/../../../lib/graalvm/launcher-common.jar
Launcher Type: generic

[Global flags]
     intx CICompilerCount                          = 15                                        {product} {ergonomic}
     uint ConcGCThreads                            = 6                                         {product} {ergonomic}
     bool EnableJVMCIProduct                       = true                                {JVMCI product} {jimage}
     uint G1ConcRefinementThreads                  = 23                                        {product} {ergonomic}
   size_t G1HeapRegionSize                         = 16777216                                  {product} {ergonomic}
    uintx GCDrainStackTargetSize                   = 64                                        {product} {ergonomic}
   size_t InitialHeapSize                          = 2113929216                                {product} {ergonomic}
   size_t MarkStackSize                            = 4194304                                   {product} {ergonomic}
   size_t MaxHeapSize                              = 32178700288                               {product} {ergonomic}
   size_t MaxNewSize                               = 19293798400                               {product} {ergonomic}
   size_t MinHeapDeltaBytes                        = 16777216                                  {product} {ergonomic}
   size_t MinHeapSize                              = 16777216                                  {product} {ergonomic}
    uintx NonNMethodCodeHeapSize                   = 11613124                               {pd product} {ergonomic}
    uintx NonProfiledCodeHeapSize                  = 120022558                              {pd product} {ergonomic}
    uintx ProfiledCodeHeapSize                     = 120022558                              {pd product} {ergonomic}
    uintx ReservedCodeCacheSize                    = 251658240                              {pd product} {ergonomic}
     bool SegmentedCodeCache                       = true                                      {product} {ergonomic}
   size_t SoftMaxHeapSize                          = 32178700288                            {manageable} {ergonomic}
     intx ThreadPriorityPolicy                     = 1                                         {product} {jimage}
     bool UseCompressedClassPointers               = true                           {product lp64_product} {ergonomic}
     bool UseCompressedOops                        = true                           {product lp64_product} {ergonomic}
     bool UseG1GC                                  = true                                      {product} {ergonomic}

Logging:
Log output configuration:
 #0: stdout all=warning uptime,level,tags
 #1: stderr all=off uptime,level,tags

Environment Variables:
PATH=/home/a4090/miniconda3/envs/auto_pose/bin:/opt/ros/noetic/bin:/home/a4090/miniconda3/condabin:/home/a4090/.local/bin:/home/a4090/bin:/usr/local/sbin:/usr/local/bin:/usr/sbin:/usr/bin:/sbin:/bin:/usr/games:/usr/local/games:/snap/bin
LD_LIBRARY_PATH=/home/a4090/CoppeliaSim:/usr/lib/x86_64-linux-gnu:/opt/ros/noetic/lib:/opt/ros/noetic/lib/x86_64-linux-gnu
SHELL=/bin/bash
DISPLAY=:0
LANG=en_US.UTF-8
LC_NUMERIC=zh_CN.UTF-8
LC_TIME=zh_CN.UTF-8
TERM=xterm-256color

Active Locale:
LC_ALL=LC_CTYPE=en_US.UTF-8;LC_NUMERIC=zh_CN.UTF-8;LC_TIME=zh_CN.UTF-8;LC_COLLATE=en_US.UTF-8;LC_MONETARY=zh_CN.UTF-8;LC_MESSAGES=en_US.UTF-8;LC_PAPER=zh_CN.UTF-8;LC_NAME=zh_CN.UTF-8;LC_ADDRESS=zh_CN.UTF-8;LC_TELEPHONE=zh_CN.UTF-8;LC_MEASUREMENT=zh_CN.UTF-8;LC_IDENTIFICATION=zh_CN.UTF-8
LC_COLLATE=en_US.UTF-8
LC_CTYPE=en_US.UTF-8
LC_MESSAGES=en_US.UTF-8
LC_MONETARY=zh_CN.UTF-8
LC_NUMERIC=zh_CN.UTF-8
LC_TIME=zh_CN.UTF-8

Signal Handlers:
   SIGSEGV: crash_handler in libjvm.so, mask=11100100010111111101111111111110, flags=SA_RESTART|SA_SIGINFO, unblocked
    SIGBUS: crash_handler in libjvm.so, mask=11100100010111111101111111111110, flags=SA_RESTART|SA_SIGINFO, unblocked
    SIGFPE: crash_handler in libjvm.so, mask=11100100010111111101111111111110, flags=SA_RESTART|SA_SIGINFO, unblocked
   SIGPIPE: javaSignalHandler in libjvm.so, mask=11100100010111111101111111111110, flags=SA_RESTART|SA_SIGINFO, blocked
   SIGXFSZ: javaSignalHandler in libjvm.so, mask=11100100010111111101111111111110, flags=SA_RESTART|SA_SIGINFO, blocked
    SIGILL: crash_handler in libjvm.so, mask=11100100010111111101111111111110, flags=SA_RESTART|SA_SIGINFO, unblocked
   SIGUSR2: SR_handler in libjvm.so, mask=00000000000000000000000000000000, flags=SA_RESTART|SA_SIGINFO, blocked
    SIGHUP: UserHandler in libjvm.so, mask=11100100010111111101111111111110, flags=SA_RESTART|SA_SIGINFO, blocked
    SIGINT: UserHandler in libjvm.so, mask=11100100010111111101111111111110, flags=SA_RESTART|SA_SIGINFO, blocked
   SIGTERM: UserHandler in libjvm.so, mask=11100100010111111101111111111110, flags=SA_RESTART|SA_SIGINFO, blocked
   SIGQUIT: UserHandler in libjvm.so, mask=11100100010111111101111111111110, flags=SA_RESTART|SA_SIGINFO, blocked
   SIGTRAP: crash_handler in libjvm.so, mask=11100100010111111101111111111110, flags=SA_RESTART|SA_SIGINFO, unblocked


---------------  S Y S T E M  ---------------

OS:
DISTRIB_ID=Ubuntu
DISTRIB_RELEASE=20.04
DISTRIB_CODENAME=focal
DISTRIB_DESCRIPTION="Ubuntu 20.04.6 LTS"
uname: Linux 5.15.0-119-generic #129~20.04.1-Ubuntu SMP Wed Aug 7 13:07:13 UTC 2024 x86_64
OS uptime: 1 days 20:11 hours
libc: glibc 2.31 NPTL 2.31 
rlimit (soft/hard): STACK 8192k/infinity , CORE 0k/infinity , NPROC 513269/513269 , NOFILE 1048576/1048576 , AS infinity/infinity , CPU infinity/infinity , DATA infinity/infinity , FSIZE infinity/infinity , MEMLOCK 65536k/65536k
load average: 1048.39 1048.63 1048.77

/proc/meminfo:
MemTotal:       131491188 kB
MemFree:        34264340 kB
MemAvailable:   96185944 kB
Buffers:         7345228 kB
Cached:         36306480 kB
SwapCached:            0 kB
Active:         25450908 kB
Inactive:       48465776 kB
Active(anon):      15748 kB
Inactive(anon): 31333548 kB
Active(file):   25435160 kB
Inactive(file): 17132228 kB
Unevictable:        1052 kB
Mlocked:            1052 kB
SwapTotal:       4194300 kB
SwapFree:        4194300 kB
Dirty:               656 kB
Writeback:             0 kB
AnonPages:      30256448 kB
Mapped:          3117692 kB
Shmem:           1084436 kB
KReclaimable:   20605068 kB
Slab:           22177072 kB
SReclaimable:   20605068 kB
SUnreclaim:      1572004 kB
KernelStack:      109104 kB
PageTables:       408120 kB
NFS_Unstable:          0 kB
Bounce:                0 kB
WritebackTmp:          0 kB
CommitLimit:    69939892 kB
Committed_AS:   108042824 kB
VmallocTotal:   34359738367 kB
VmallocUsed:      238116 kB
VmallocChunk:          0 kB
Percpu:            46208 kB
HardwareCorrupted:     0 kB
AnonHugePages:     43008 kB
ShmemHugePages:        0 kB
ShmemPmdMapped:        0 kB
FileHugePages:         0 kB
FilePmdMapped:         0 kB
HugePages_Total:       0
HugePages_Free:        0
HugePages_Rsvd:        0
HugePages_Surp:        0
Hugepagesize:       2048 kB
Hugetlb:               0 kB
DirectMap4k:     3789644 kB
DirectMap2M:    30404608 kB
DirectMap1G:    99614720 kB

/sys/kernel/mm/transparent_hugepage/enabled: always [madvise] never
/sys/kernel/mm/transparent_hugepage/defrag (defrag/compaction efforts parameter): always defer defer+madvise [madvise] never

Process Memory:
Virtual Size: 40150844K (peak: 40178732K)
Resident Set Size: 1158940K (peak: 1158940K) (anon: 932812K, file: 226128K, shmem: 0K)
Swapped out: 0K
C-Heap outstanding allocations: 98742K, retained: 10053K
glibc malloc tunables: (default)

/proc/sys/kernel/threads-max (system-wide limit on the number of threads): 1026538
/proc/sys/vm/max_map_count (maximum number of memory map areas a process may have): 65530
/proc/sys/kernel/pid_max (system-wide limit on number of process identifiers): 4194304

container (cgroup) information:
container_type: cgroupv1
cpu_cpuset_cpus: 0-31
cpu_memory_nodes: 0
active_processor_count: 32
cpu_quota: no quota
cpu_period: 100000
cpu_shares: no shares
memory_limit_in_bytes: unlimited
memory_and_swap_limit_in_bytes: unlimited
memory_soft_limit_in_bytes: unlimited
memory_usage_in_bytes: 81919560 k
memory_max_usage_in_bytes: 82793844 k
kernel_memory_usage_in_bytes: 19249380 k
kernel_memory_max_usage_in_bytes: unlimited
kernel_memory_limit_in_bytes: 19251476 k
maximum number of tasks: unlimited
current number of tasks: 5686

Steal ticks since vm start: 0
Steal ticks percentage since vm start:  0.000

CPU: total 32 (initial active 32) (16 cores per cpu, 2 threads per core) family 6 model 183 stepping 1 microcode 0x123, cx8, cmov, fxsr, ht, mmx, 3dnowpref, sse, sse2, sse3, ssse3, sse4.1, sse4.2, popcnt, lzcnt, tsc, tscinvbit, avx, avx2, aes, erms, clmul, bmi1, bmi2, adx, sha, fma, vzeroupper, clflush, clflushopt, clwb
CPU Model and flags from /proc/cpuinfo:
model name	: Intel(R) Core(TM) i9-14900K
flags		: fpu vme de pse tsc msr pae mce cx8 apic sep mtrr pge mca cmov pat pse36 clflush dts acpi mmx fxsr sse sse2 ss ht tm pbe syscall nx pdpe1gb rdtscp lm constant_tsc art arch_perfmon pebs bts rep_good nopl xtopology nonstop_tsc cpuid aperfmperf tsc_known_freq pni pclmulqdq dtes64 monitor ds_cpl vmx smx est tm2 ssse3 sdbg fma cx16 xtpr pdcm sse4_1 sse4_2 x2apic movbe popcnt tsc_deadline_timer aes xsave avx f16c rdrand lahf_lm abm 3dnowprefetch cpuid_fault epb ssbd ibrs ibpb stibp ibrs_enhanced tpr_shadow vnmi flexpriority ept vpid ept_ad fsgsbase tsc_adjust bmi1 avx2 smep bmi2 erms invpcid rdseed adx smap clflushopt clwb intel_pt sha_ni xsaveopt xsavec xgetbv1 xsaves split_lock_detect avx_vnni dtherm ida arat pln pts hwp hwp_notify hwp_act_window hwp_epp hwp_pkg_req umip pku ospke waitpkg gfni vaes vpclmulqdq tme rdpid movdiri movdir64b fsrm md_clear serialize pconfig arch_lbr flush_l1d arch_capabilities

Online cpus: 0-31
Offline cpus: 
BIOS frequency limitation: <Not Available>
Frequency switch latency (ns): 0
Available cpu frequencies: <Not Available>
Current governor: performance
Core performance/turbo boost: <Not Available>

Memory: 4k page, physical 131491188k(34223516k free), swap 4194300k(4194300k free)
Page Sizes: 4k

vm_info: OpenJDK 64-Bit Server VM (17.0.7+4-jvmci-23.0-b10) for linux-amd64 JRE (17.0.7+4-jvmci-23.0-b10), built on Mar 24 2023 22:17:53 by "buildslave" with gcc 10.3.0

END.
