#
# A fatal error has been detected by the Java Runtime Environment:
#
#  SIGSEGV (0xb) at pc=0x00007fce2283422b, pid=163482, tid=163555
#
# JRE version: OpenJDK Runtime Environment GraalVM CE 17.0.7+4.1 (17.0.7+4) (build 17.0.7+4-jvmci-23.0-b10)
# Java VM: OpenJDK 64-Bit Server VM GraalVM CE 17.0.7+4.1 (17.0.7+4-jvmci-23.0-b10, mixed mode, sharing, tiered, jvmci, jvmci compiler, compressed oops, compressed class ptrs, g1 gc, linux-amd64)
# Problematic frame:
# C  [libjvmcicompiler.so+0xd8022b]  GraphEncoder_encode_f1248734720acfbdfcc7a76dcf99968d29e2dd01+0x38b
#
# Core dump will be written. Default location: Core dumps may be processed with "/usr/share/apport/apport -p%p -s%s -c%c -d%d -P%P -u%u -g%g -- %E" (or dumping to /home/a4090/ljc/AutoPoseEstimator/core.163482)
#
# If you would like to submit a bug report, please visit:
#   https://github.com/oracle/graal/issues
# The crash happened outside the Java Virtual Machine in native code.
# See problematic frame for where to report the bug.
#

---------------  S U M M A R Y ------------

Command Line: -XX:ThreadPriorityPolicy=1 -XX:+UnlockExperimentalVMOptions -XX:+EnableJVMCIProduct -XX:-UnlockExperimentalVMOptions -Dorg.graalvm.launcher.class=com.oracle.graal.python.shell.GraalPythonMain -Dorg.graalvm.launcher.executablename=python 

Host: Intel(R) Core(TM) i9-14900K, 32 cores, 125G, Ubuntu 20.04.6 LTS
Time: Thu Feb 27 16:40:29 2025 CST elapsed time: 1.338145 seconds (0d 0h 0m 1s)

---------------  T H R E A D  ---------------

Current thread (0x0000563fcf3738b0):  JavaThread "TruffleCompilerThread-34" daemon [_thread_in_native, id=163555, stack(0x00007fcd56aff000,0x00007fcd56c00000)]

Stack: [0x00007fcd56aff000,0x00007fcd56c00000],  sp=0x00007fcd56bfd580,  free space=1017k
Native frames: (J=compiled Java code, j=interpreted, Vv=VM code, C=native code)
C  [libjvmcicompiler.so+0xd8022b]  GraphEncoder_encode_f1248734720acfbdfcc7a76dcf99968d29e2dd01+0x38b
C  [libjvmcicompiler.so+0xd813c8]  GraphEncoder_encodeSingleGraph_9e6d156c20f06ead472fbf1301ed110fd790541c+0xb8
C  [libjvmcicompiler.so+0xfacec7]  CachingPEGraphDecoder_createGraph_2193d4a2f46f72cf1f9c2ae75dab48c6b6e0ee22+0x467
C  [libjvmcicompiler.so+0xfad7b5]  CachingPEGraphDecoder_lookupOrCreatePersistentEncodedGraph_8f70979cc06d0ba88cdf3c58b2d7b02a32aa8af7+0x125
C  [libjvmcicompiler.so+0xfad57f]  CachingPEGraphDecoder_lookupEncodedGraph_93a6603b22d4172a5847a0a1e6041f95c6b853d7+0x9f
C  [libjvmcicompiler.so+0xfdbbd4]  PEGraphDecoder_doInline_7239fbb81140b727994353019904811ea4be6aa0+0xd4
C  [libjvmcicompiler.so+0xfe2dfc]  PEGraphDecoder_tryInline_18abbe22604286a2989eb9e0e1e481090900989c+0x35c
C  [libjvmcicompiler.so+0xfe4b65]  PEGraphDecoder_trySimplifyInvoke_e43da03d3cfdbb1f816a05410b1494ca116c6274+0x85
C  [libjvmcicompiler.so+0xfe070b]  PEGraphDecoder_handleInvoke_34b2884debe7e352472227cdeb648b1fb9fc15f0+0x23b
C  [libjvmcicompiler.so+0xd7a790]  GraphDecoder_processNextNode_86ca473af99cf2d6ebed9f9072c30958d55c24e7+0xfa0
C  [libjvmcicompiler.so+0xd72bb7]  GraphDecoder_decode_6772f99e1c932b8170d29b0d4edb3738c283d24a+0xf7
C  [libjvmcicompiler.so+0xfdb7ad]  PEGraphDecoder_decode_221a6a9f09808542188716cd2981734188678c1c+0x15d
C  [libjvmcicompiler.so+0x10c0205]  PartialEvaluator_doGraphPE_b049177c27c9e6a87126eab19bbe3ad867cb6600+0x405
C  [libjvmcicompiler.so+0x112af89]  GraphManager_peRoot_6c39a752278c448d0081b8bb8138430af81ea797+0x59
C  [libjvmcicompiler.so+0x1125555]  CallNode_makeRoot_46f734d5e8d94b01561133a084b93fe3a7d5e0c8+0x195
C  [libjvmcicompiler.so+0x1126ea1]  CallTree_constructor_33ff7f242150943726e6e23fecc0c674e6e7a03a+0x1f1
C  [libjvmcicompiler.so+0x11215e5]  AgnosticInliningPhase_run_45135e98714397d031047fe76a86e08c3d46cd88+0x125
C  [libjvmcicompiler.so+0x112147d]  AgnosticInliningPhase_run_733f304abbff9bfdec9bd5b6daf13cac32927ec3+0x3d
C  [libjvmcicompiler.so+0xedf9f2]  BasePhase_apply_a7a34a5581cb5bc9dd94a67363b0d35949922111+0x812
C  [libjvmcicompiler.so+0x98fbb0]  BaseTier_run_452c2cb1b8cbe93c2c1e0721e00f05de04a0754a+0x140
C  [libjvmcicompiler.so+0xedf9f2]  BasePhase_apply_a7a34a5581cb5bc9dd94a67363b0d35949922111+0x812
C  [libjvmcicompiler.so+0x10d3282]  TruffleCompilerImpl_truffleTier_d6375ac00dde012c9c1533dc343939a49df1117c+0x1d2
C  [libjvmcicompiler.so+0x10ccfa5]  TruffleCompilerImpl_compileAST_bb1b8203f96b08420e94f7617aba16fbcfba3e02+0x105
C  [libjvmcicompiler.so+0x10cbdf7]  TruffleCompilerImpl$TruffleCompilationWrapper_performCompilation_62d795c442f5dcfdd795e8f785ce80286bb030e9+0x87
C  [libjvmcicompiler.so+0x10cbd47]  TruffleCompilerImpl$TruffleCompilationWrapper_performCompilation_944b1c54de06fc6d941347ed880c1f96e8fba7f4+0x17
C  [libjvmcicompiler.so+0x8d6204]  CompilationWrapper_run_d730478f4ce8f539b4955ca0a99f3c6f484bea17+0x64
C  [libjvmcicompiler.so+0x10ccc4a]  TruffleCompilerImpl_actuallyCompile_47fe4c83a8c6ea6532f4e7d0e1a892f465345bb3+0x27a
C  [libjvmcicompiler.so+0x10cf055]  TruffleCompilerImpl_doCompile_db634ab046aba6fdd1ed9944a7805e9b5ec88b34+0xe5
C  [libjvmcicompiler.so+0x10e6e9b]  TruffleToLibGraalEntryPoints_doCompile_1c2efe693f1a18150989da71a6494124dd5c5dc4+0x37b
C  [libjvmcicompiler.so+0x1d6819]  Java_org_graalvm_compiler_truffle_runtime_hotspot_libgraal_TruffleToLibGraalCalls_doCompile+0xd9
j  org.graalvm.compiler.truffle.runtime.hotspot.libgraal.TruffleToLibGraalCalls.doCompile(JJJJ[BLorg/graalvm/compiler/truffle/common/TruffleCompilationTask;Lorg/graalvm/compiler/truffle/common/TruffleCompilerListener;)V+0 jdk.internal.vm.compiler
j  org.graalvm.compiler.truffle.runtime.hotspot.libgraal.LibGraalHotSpotTruffleCompiler.doCompile(Lorg/graalvm/compiler/truffle/common/TruffleDebugContext;Lorg/graalvm/compiler/truffle/common/TruffleCompilation;Ljava/util/Map;Lorg/graalvm/compiler/truffle/common/TruffleCompilationTask;Lorg/graalvm/compiler/truffle/common/TruffleCompilerListener;)V+40 jdk.internal.vm.compiler
j  org.graalvm.compiler.truffle.runtime.GraalTruffleRuntime.compileImpl(Lorg/graalvm/compiler/truffle/common/TruffleDebugContext;Lorg/graalvm/compiler/truffle/runtime/OptimizedCallTarget;Lorg/graalvm/compiler/truffle/common/TruffleCompilationTask;)V+86 jdk.internal.vm.compiler
j  org.graalvm.compiler.truffle.runtime.GraalTruffleRuntime.doCompile(Lorg/graalvm/compiler/truffle/common/TruffleDebugContext;Lorg/graalvm/compiler/truffle/runtime/OptimizedCallTarget;Lorg/graalvm/compiler/truffle/common/TruffleCompilationTask;)V+154 jdk.internal.vm.compiler
j  org.graalvm.compiler.truffle.runtime.GraalTruffleRuntime.doCompile(Lorg/graalvm/compiler/truffle/runtime/OptimizedCallTarget;Lorg/graalvm/compiler/truffle/common/TruffleCompilationTask;)V+4 jdk.internal.vm.compiler
j  org.graalvm.compiler.truffle.runtime.CompilationTask$1.accept(Lorg/graalvm/compiler/truffle/runtime/CompilationTask;)V+30 jdk.internal.vm.compiler
j  org.graalvm.compiler.truffle.runtime.CompilationTask$1.accept(Ljava/lang/Object;)V+5 jdk.internal.vm.compiler
j  org.graalvm.compiler.truffle.runtime.CompilationTask.call()Ljava/lang/Void;+5 jdk.internal.vm.compiler
j  org.graalvm.compiler.truffle.runtime.CompilationTask.call()Ljava/lang/Object;+1 jdk.internal.vm.compiler
j  java.util.concurrent.FutureTask.run()V+39 java.base@17.0.7
j  java.util.concurrent.ThreadPoolExecutor.runWorker(Ljava/util/concurrent/ThreadPoolExecutor$Worker;)V+92 java.base@17.0.7
j  java.util.concurrent.ThreadPoolExecutor$Worker.run()V+5 java.base@17.0.7
j  java.lang.Thread.run()V+11 java.base@17.0.7
j  org.graalvm.compiler.truffle.runtime.BackgroundCompileQueue$TruffleCompilerThreadFactory$1.run()V+30 jdk.internal.vm.compiler
v  ~StubRoutines::call_stub
V  [libjvm.so+0x7fc225]  JavaCalls::call_helper(JavaValue*, methodHandle const&, JavaCallArguments*, JavaThread*)+0x315
V  [libjvm.so+0x7fda1b]  JavaCalls::call_virtual(JavaValue*, Handle, Klass*, Symbol*, Symbol*, JavaThread*)+0x1cb
V  [libjvm.so+0x8c68d3]  thread_entry(JavaThread*, JavaThread*)+0xa3
V  [libjvm.so+0xd8ccf0]  JavaThread::thread_main_inner()+0xd0
V  [libjvm.so+0xd902d0]  Thread::call_run()+0xc0
V  [libjvm.so+0xbe0f51]  thread_native_entry(Thread*)+0xe1

Java frames: (J=compiled Java code, j=interpreted, Vv=VM code)
j  org.graalvm.compiler.truffle.runtime.hotspot.libgraal.TruffleToLibGraalCalls.doCompile(JJJJ[BLorg/graalvm/compiler/truffle/common/TruffleCompilationTask;Lorg/graalvm/compiler/truffle/common/TruffleCompilerListener;)V+0 jdk.internal.vm.compiler
j  org.graalvm.compiler.truffle.runtime.hotspot.libgraal.LibGraalHotSpotTruffleCompiler.doCompile(Lorg/graalvm/compiler/truffle/common/TruffleDebugContext;Lorg/graalvm/compiler/truffle/common/TruffleCompilation;Ljava/util/Map;Lorg/graalvm/compiler/truffle/common/TruffleCompilationTask;Lorg/graalvm/compiler/truffle/common/TruffleCompilerListener;)V+40 jdk.internal.vm.compiler
j  org.graalvm.compiler.truffle.runtime.GraalTruffleRuntime.compileImpl(Lorg/graalvm/compiler/truffle/common/TruffleDebugContext;Lorg/graalvm/compiler/truffle/runtime/OptimizedCallTarget;Lorg/graalvm/compiler/truffle/common/TruffleCompilationTask;)V+86 jdk.internal.vm.compiler
j  org.graalvm.compiler.truffle.runtime.GraalTruffleRuntime.doCompile(Lorg/graalvm/compiler/truffle/common/TruffleDebugContext;Lorg/graalvm/compiler/truffle/runtime/OptimizedCallTarget;Lorg/graalvm/compiler/truffle/common/TruffleCompilationTask;)V+154 jdk.internal.vm.compiler
j  org.graalvm.compiler.truffle.runtime.GraalTruffleRuntime.doCompile(Lorg/graalvm/compiler/truffle/runtime/OptimizedCallTarget;Lorg/graalvm/compiler/truffle/common/TruffleCompilationTask;)V+4 jdk.internal.vm.compiler
j  org.graalvm.compiler.truffle.runtime.CompilationTask$1.accept(Lorg/graalvm/compiler/truffle/runtime/CompilationTask;)V+30 jdk.internal.vm.compiler
j  org.graalvm.compiler.truffle.runtime.CompilationTask$1.accept(Ljava/lang/Object;)V+5 jdk.internal.vm.compiler
j  org.graalvm.compiler.truffle.runtime.CompilationTask.call()Ljava/lang/Void;+5 jdk.internal.vm.compiler
j  org.graalvm.compiler.truffle.runtime.CompilationTask.call()Ljava/lang/Object;+1 jdk.internal.vm.compiler
j  java.util.concurrent.FutureTask.run()V+39 java.base@17.0.7
j  java.util.concurrent.ThreadPoolExecutor.runWorker(Ljava/util/concurrent/ThreadPoolExecutor$Worker;)V+92 java.base@17.0.7
j  java.util.concurrent.ThreadPoolExecutor$Worker.run()V+5 java.base@17.0.7
j  java.lang.Thread.run()V+11 java.base@17.0.7
j  org.graalvm.compiler.truffle.runtime.BackgroundCompileQueue$TruffleCompilerThreadFactory$1.run()V+30 jdk.internal.vm.compiler
v  ~StubRoutines::call_stub

siginfo: si_signo: 11 (SIGSEGV), si_code: 128 (SI_KERNEL), si_addr: 0x0000000000000000

Register to memory mapping:

RAX=0x00007fccf6054ca8 points into unknown readable memory: 0x00000000008b9448 | 48 94 8b 00 00 00 00 00
RBX=0x00007fcd5502df50 points into unknown readable memory: 0x00000000008aa268 | 68 a2 8a 00 00 00 00 00
RCX=0x00007fcd5502a0c0 points into unknown readable memory: 0x000000000088f148 | 48 f1 88 00 00 00 00 00
RDX=0x0 is NULL
RSP=0x00007fcd56bfd580 is pointing into the stack for thread: 0x0000563fcf3738b0
RBP=0x00007fcd56bfd650 is pointing into the stack for thread: 0x0000563fcf3738b0
RSI=0x0000000000000001 is an unknown value
RDI=0x00007fccf6054e90 points into unknown readable memory: 0x000000000083a508 | 08 a5 83 00 00 00 00 00
R8 =0x00007fcd55a982e8 points into unknown readable memory: 0x00000000008907c8 | c8 07 89 00 00 00 00 00
R9 =0xffffffffa0854e90 is an unknown value
R10=0x00007fccf6054e90 points into unknown readable memory: 0x000000000083a508 | 08 a5 83 00 00 00 00 00
R11=0x0000000000000004 is an unknown value
R12=0x00007fcd48bd5600 points into unknown readable memory: 0x0000000000793e42 | 42 3e 79 00 00 00 00 00
R13=0x000000000000003e is an unknown value
R14=0x00007fcd55800000 is an unknown value
R15=0x00007fcd4c001640 points into unknown readable memory: 0x00007fcd55f5f010 | 10 f0 f5 55 cd 7f 00 00


Registers:
RAX=0x00007fccf6054ca8, RBX=0x00007fcd5502df50, RCX=0x00007fcd5502a0c0, RDX=0x0000000000000000
RSP=0x00007fcd56bfd580, RBP=0x00007fcd56bfd650, RSI=0x0000000000000001, RDI=0x00007fccf6054e90
R8 =0x00007fcd55a982e8, R9 =0xffffffffa0854e90, R10=0x00007fccf6054e90, R11=0x0000000000000004
R12=0x00007fcd48bd5600, R13=0x000000000000003e, R14=0x00007fcd55800000, R15=0x00007fcd4c001640
RIP=0x00007fce2283422b, EFLAGS=0x0000000000010206, CSGSFS=0x002b000000000033, ERR=0x0000000000000000
  TRAPNO=0x000000000000000d

Top of Stack: (sp=0x00007fcd56bfd580)
0x00007fcd56bfd580:   00007fcd55a982e8 fffffffff33d5600
0x00007fcd56bfd590:   00007fcd5600d070 00007fcd55cfc348
0x00007fcd56bfd5a0:   00007fcd4878f5b8 00007fccf6054ca8
0x00007fcd56bfd5b0:   000000030000001f 0000000400000004 

Instructions: (pc=0x00007fce2283422b)
0x00007fce2283412b:   c0 f8 ff ff ff 4d 23 04 06 49 b9 b8 bc 7e 00 00
0x00007fce2283413b:   00 00 00 66 90 4d 3b c8 0f 85 88 0f 00 00 48 85
0x00007fce2283414b:   c0 0f 84 3e 0f 00 00 48 85 c9 0f 84 41 0f 00 00
0x00007fce2283415b:   44 8b 44 24 7c 41 8b 44 06 0c 44 3b c0 0f 86 38
0x00007fce2283416b:   0f 00 00 4c 8b 4c 24 40 8b c0 49 63 4c 0e 0c 49
0x00007fce2283417b:   89 4c c1 10 90 48 85 db 0f 84 29 0f 00 00 48 89
0x00007fce2283418b:   5c 24 30 49 8b 44 1e 40 48 89 44 24 28 48 8b 4f
0x00007fce2283419b:   20 4d 8d 1c 06 48 85 c9 0f 84 0f 0f 00 00 48 89
0x00007fce228341ab:   54 24 18 49 8d 0c 0e 48 8b f9 49 8b f3 4c 89 5c
0x00007fce228341bb:   24 20 66 66 90 e8 ab 62 be ff 90 48 63 f0 48 8b
0x00007fce228341cb:   7c 24 18 e8 8d ac be ff 90 48 8b 44 24 28 0f 1f
0x00007fce228341db:   80 00 00 00 00 48 85 c0 0f 84 dd 0e 00 00 49 8b
0x00007fce228341eb:   7c 06 20 49 8d 14 3e 48 8b 7c 24 60 48 8b 74 24
0x00007fce228341fb:   50 48 8b 4c 24 48 e8 4a 1f 00 00 90 48 8b 44 24
0x00007fce2283420b:   28 49 8b 7c 06 18 49 8d 14 3e 48 8b 7c 24 60 48
0x00007fce2283421b:   8b 74 24 50 90 e8 3b 25 00 00 90 48 8b 44 24 28
0x00007fce2283422b:   49 8b 7c 06 28 49 8d 14 3e 48 8b 7c 24 60 48 8b
0x00007fce2283423b:   74 24 50 48 8b 4c 24 48 e8 08 1f 00 00 90 48 c7
0x00007fce2283424b:   c7 f8 ff ff ff 48 8b 5c 24 30 49 23 3c 1e b8 ff
0x00007fce2283425b:   ff 00 00 41 23 44 3e 10 48 c7 c1 f8 ff ff ff 49
0x00007fce2283426b:   23 0c 1e 8d 80 bb ef ff ff 83 f8 03 0f 82 39 00
0x00007fce2283427b:   00 00 48 b8 a0 71 76 00 00 00 00 00 48 3b c1 0f
0x00007fce2283428b:   84 10 02 00 00 b8 ff ff 00 00 41 23 44 3e 12 66
0x00007fce2283429b:   0f 1f 44 00 00 81 f8 3e 01 00 00 0f 84 b9 04 00
0x00007fce228342ab:   00 48 8b 74 24 38 e9 ca fd ff ff 49 8b 84 0e 00
0x00007fce228342bb:   01 00 00 48 8b 7c 24 50 ff d0 90 48 89 44 24 28
0x00007fce228342cb:   48 8b 7c 24 60 48 8b f0 48 8b 54 24 48 e8 13 23
0x00007fce228342db:   00 00 90 48 8b 44 24 28 49 3b c6 0f 84 06 0e 00
0x00007fce228342eb:   00 48 8b 7c 24 60 48 8b 4f 28 49 8d 14 0e 48 8b
0x00007fce228342fb:   f8 48 89 54 24 20 48 89 4c 24 10 e8 55 83 fd ff
0x00007fce2283430b:   90 48 8b f8 e8 2c 56 5b 00 90 48 8b 4c 24 10 66
0x00007fce2283431b:   0f 1f 44 00 00 48 85 c9 0f 84 cf 0d 00 00 48 8b 


Stack slot to memory mapping:
stack at sp + 0 slots: 0x00007fcd55a982e8 points into unknown readable memory: 0x00000000008907c8 | c8 07 89 00 00 00 00 00
stack at sp + 1 slots: 0xfffffffff33d5600 is an unknown value
stack at sp + 2 slots: 0x00007fcd5600d070 points into unknown readable memory: 0x0000000000812a18 | 18 2a 81 00 00 00 00 00
stack at sp + 3 slots: 0x00007fcd55cfc348 points into unknown readable memory: 0x00000000008cda88 | 88 da 8c 00 00 00 00 00
stack at sp + 4 slots: 0x00007fcd4878f5b8 points into unknown readable memory: 0x0000000000791baa | aa 1b 79 00 00 00 00 00
stack at sp + 5 slots: 0x00007fccf6054ca8 points into unknown readable memory: 0x00000000008b9448 | 48 94 8b 00 00 00 00 00
stack at sp + 6 slots: 0x000000030000001f is an unallocated location in the heap
stack at sp + 7 slots: 0x0000000400000004 is an unallocated location in the heap


---------------  P R O C E S S  ---------------

Threads class SMR info:
_java_thread_list=0x0000563fcf6ab7a0, length=34, elements={
0x0000563fcddea960, 0x0000563fcdfdeb00, 0x0000563fcdfdff50, 0x0000563fcdfe67a0,
0x0000563fcdfe7b80, 0x0000563fcdfe8fc0, 0x0000563fcdfea9e0, 0x0000563fcdfebf40,
0x0000563fcdff53d0, 0x00007fce3404c1a0, 0x0000563fce0039a0, 0x00007fce34077130,
0x0000563fce04b560, 0x00007fce40045220, 0x00007fce40046400, 0x00007fce4004b270,
0x00007fce240b1af0, 0x0000563fce357a40, 0x00007fce240f02d0, 0x00007fce240f14a0,
0x0000563fce4ebaf0, 0x00007fce000a8de0, 0x0000563fcf49b0f0, 0x0000563fce86b150,
0x0000563fcf3738b0, 0x0000563fcf50f460, 0x0000563fcf530370, 0x0000563fcf5ac890,
0x0000563fcf5cda00, 0x0000563fcf5dd3a0, 0x0000563fcf5dee10, 0x0000563fcf604b10,
0x0000563fcf61b7f0, 0x0000563fcf6aaa00
}

Java Threads: ( => current thread )
  0x0000563fcddea960 JavaThread "main" [_thread_in_Java, id=163482, stack(0x00007fff55d15000,0x00007fff55e15000)]
  0x0000563fcdfdeb00 JavaThread "Reference Handler" daemon [_thread_blocked, id=163489, stack(0x00007fce66f97000,0x00007fce67098000)]
  0x0000563fcdfdff50 JavaThread "Finalizer" daemon [_thread_blocked, id=163490, stack(0x00007fce66e96000,0x00007fce66f97000)]
  0x0000563fcdfe67a0 JavaThread "Signal Dispatcher" daemon [_thread_blocked, id=163491, stack(0x00007fce66524000,0x00007fce66625000)]
  0x0000563fcdfe7b80 JavaThread "Service Thread" daemon [_thread_blocked, id=163492, stack(0x00007fce66423000,0x00007fce66524000)]
  0x0000563fcdfe8fc0 JavaThread "Monitor Deflation Thread" daemon [_thread_blocked, id=163493, stack(0x00007fce66322000,0x00007fce66423000)]
  0x0000563fcdfea9e0 JavaThread "JVMCI-native CompilerThread0" daemon [_thread_blocked, id=163494, stack(0x00007fce66121000,0x00007fce66322000)]
  0x0000563fcdfebf40 JavaThread "C1 CompilerThread0" daemon [_thread_blocked, id=163495, stack(0x00007fce65f20000,0x00007fce66121000)]
  0x0000563fcdff53d0 JavaThread "Sweeper thread" daemon [_thread_blocked, id=163496, stack(0x00007fce65e1f000,0x00007fce65f20000)]
  0x00007fce3404c1a0 JavaThread "C1 CompilerThread1" daemon [_thread_blocked, id=163497, stack(0x00007fce65c1e000,0x00007fce65e1f000)]
  0x0000563fce0039a0 JavaThread "Common-Cleaner" daemon [_thread_blocked, id=163498, stack(0x00007fce65b1d000,0x00007fce65c1e000)]
  0x00007fce34077130 JavaThread "C1 CompilerThread2" daemon [_thread_blocked, id=163499, stack(0x00007fce6591c000,0x00007fce65b1d000)]
  0x0000563fce04b560 JavaThread "Notification Thread" daemon [_thread_blocked, id=163500, stack(0x00007fce6581b000,0x00007fce6591c000)]
  0x00007fce40045220 JavaThread "JVMCI-native CompilerThread1" daemon [_thread_blocked, id=163502, stack(0x00007fce1bdff000,0x00007fce1c000000)]
  0x00007fce40046400 JavaThread "JVMCI-native CompilerThread2" daemon [_thread_blocked, id=163503, stack(0x00007fce1bbfe000,0x00007fce1bdff000)]
  0x00007fce4004b270 JavaThread "JVMCI-native CompilerThread3" daemon [_thread_in_native, id=163504, stack(0x00007fce1b9fd000,0x00007fce1bbfe000)]
  0x00007fce240b1af0 JavaThread "C1 CompilerThread3" daemon [_thread_blocked, id=163505, stack(0x00007fce05cff000,0x00007fce05f00000)]
  0x0000563fce357a40 JavaThread "process reaper" daemon [_thread_blocked, id=163507, stack(0x00007fce6562c000,0x00007fce6564e000)]
  0x00007fce240f02d0 JavaThread "C1 CompilerThread4" daemon [_thread_blocked, id=163514, stack(0x00007fce044ff000,0x00007fce04700000)]
  0x00007fce240f14a0 JavaThread "C1 CompilerThread5" daemon [_thread_blocked, id=163515, stack(0x00007fce042fe000,0x00007fce044ff000)]
  0x0000563fce4ebaf0 JavaThread "TruffleCompilerThread-30" daemon [_thread_in_vm_trans, id=163516, stack(0x00007fce041fd000,0x00007fce042fe000)]
  0x00007fce000a8de0 JavaThread "C1 CompilerThread6" daemon [_thread_blocked, id=163546, stack(0x00007fcdec6cb000,0x00007fcdec8cc000)]
  0x0000563fcf49b0f0 JavaThread "TruffleCompilerThread-32" daemon [_thread_in_native, id=163547, stack(0x00007fcd7eeff000,0x00007fcd7f000000)]
  0x0000563fce86b150 JavaThread "TruffleCompilerThread-33" daemon [_thread_in_native, id=163548, stack(0x00007fcd7c8ff000,0x00007fcd7ca00000)]
=>0x0000563fcf3738b0 JavaThread "TruffleCompilerThread-34" daemon [_thread_in_native, id=163555, stack(0x00007fcd56aff000,0x00007fcd56c00000)]
  0x0000563fcf50f460 JavaThread "TruffleCompilerThread-35" daemon [_thread_in_native, id=163556, stack(0x00007fcd548ff000,0x00007fcd54a00000)]
  0x0000563fcf530370 JavaThread "TruffleCompilerThread-36" daemon [_thread_in_vm, id=163557, stack(0x00007fcd481ff000,0x00007fcd48300000)]
  0x0000563fcf5ac890 JavaThread "TruffleCompilerThread-37" daemon [_thread_in_native, id=163558, stack(0x00007fcd480fe000,0x00007fcd481ff000)]
  0x0000563fcf5cda00 JavaThread "TruffleCompilerThread-38" daemon [_thread_in_native, id=163559, stack(0x00007fcd33eff000,0x00007fcd34000000)]
  0x0000563fcf5dd3a0 JavaThread "TruffleCompilerThread-39" daemon [_thread_in_native, id=163560, stack(0x00007fcd2a6ff000,0x00007fcd2a800000)]
  0x0000563fcf5dee10 JavaThread "TruffleCompilerThread-40" daemon [_thread_in_native, id=163561, stack(0x00007fcd282ff000,0x00007fcd28400000)]
  0x0000563fcf604b10 JavaThread "python-actions-pool-1-thread-1" daemon [_thread_blocked, id=163562, stack(0x00007fcd124ff000,0x00007fcd12600000)]
  0x0000563fcf61b7f0 JavaThread "nfi-gc" daemon [_thread_blocked, id=163563, stack(0x00007fcd0aeff000,0x00007fcd0b000000)]
  0x0000563fcf6aaa00 JavaThread "python-actions-pool-2-thread-1" daemon [_thread_blocked, id=163564, stack(0x00007fccf30ff000,0x00007fccf3200000)]

Other Threads:
  0x0000563fcdfda800 VMThread "VM Thread" [stack: 0x00007fce6709a000,0x00007fce6719a000] [id=163488]
  0x0000563fce04cea0 WatcherThread [stack: 0x00007fce6571b000,0x00007fce6581b000] [id=163501]
  0x0000563fcde210b0 GCTaskThread "GC Thread#0" [stack: 0x00007fce76ebd000,0x00007fce76fbd000] [id=163483]
  0x00007fce54008e20 GCTaskThread "GC Thread#1" [stack: 0x00007fce040fd000,0x00007fce041fd000] [id=163519]
  0x00007fce54009870 GCTaskThread "GC Thread#2" [stack: 0x00007fcdee200000,0x00007fcdee300000] [id=163520]
  0x00007fce5400a2c0 GCTaskThread "GC Thread#3" [stack: 0x00007fcdee0fe000,0x00007fcdee1fe000] [id=163521]
  0x00007fce5400ad10 GCTaskThread "GC Thread#4" [stack: 0x00007fcdedffc000,0x00007fcdee0fc000] [id=163522]
  0x00007fce5400b760 GCTaskThread "GC Thread#5" [stack: 0x00007fcdedefa000,0x00007fcdedffa000] [id=163523]
  0x00007fce5400c1b0 GCTaskThread "GC Thread#6" [stack: 0x00007fcdeddf8000,0x00007fcdedef8000] [id=163524]
  0x00007fce5400cc00 GCTaskThread "GC Thread#7" [stack: 0x00007fcdedcf6000,0x00007fcdeddf6000] [id=163525]
  0x00007fce5400d650 GCTaskThread "GC Thread#8" [stack: 0x00007fcdedbf4000,0x00007fcdedcf4000] [id=163526]
  0x00007fce5400e0a0 GCTaskThread "GC Thread#9" [stack: 0x00007fcdedaf2000,0x00007fcdedbf2000] [id=163527]
  0x00007fce5400eaf0 GCTaskThread "GC Thread#10" [stack: 0x00007fcded9f0000,0x00007fcdedaf0000] [id=163528]
  0x00007fce5400f970 GCTaskThread "GC Thread#11" [stack: 0x00007fcded8ee000,0x00007fcded9ee000] [id=163529]
  0x00007fce540107f0 GCTaskThread "GC Thread#12" [stack: 0x00007fcded7ec000,0x00007fcded8ec000] [id=163530]
  0x00007fce54011670 GCTaskThread "GC Thread#13" [stack: 0x00007fcded6ea000,0x00007fcded7ea000] [id=163531]
  0x00007fce540124f0 GCTaskThread "GC Thread#14" [stack: 0x00007fcded5e8000,0x00007fcded6e8000] [id=163532]
  0x00007fce54013370 GCTaskThread "GC Thread#15" [stack: 0x00007fcded4e6000,0x00007fcded5e6000] [id=163533]
  0x00007fce540141f0 GCTaskThread "GC Thread#16" [stack: 0x00007fcded3e4000,0x00007fcded4e4000] [id=163534]
  0x00007fce54015070 GCTaskThread "GC Thread#17" [stack: 0x00007fcded2e2000,0x00007fcded3e2000] [id=163535]
  0x00007fce54015ef0 GCTaskThread "GC Thread#18" [stack: 0x00007fcded1e0000,0x00007fcded2e0000] [id=163536]
  0x00007fce54016d70 GCTaskThread "GC Thread#19" [stack: 0x00007fcded0de000,0x00007fcded1de000] [id=163537]
  0x00007fce54017bf0 GCTaskThread "GC Thread#20" [stack: 0x00007fcdecfdc000,0x00007fcded0dc000] [id=163538]
  0x00007fce54018a70 GCTaskThread "GC Thread#21" [stack: 0x00007fcdeceda000,0x00007fcdecfda000] [id=163539]
  0x00007fce540198f0 GCTaskThread "GC Thread#22" [stack: 0x00007fcdecdd8000,0x00007fcdeced8000] [id=163540]
  0x0000563fcde31700 ConcurrentGCThread "G1 Main Marker" [stack: 0x00007fce76dbb000,0x00007fce76ebb000] [id=163484]
  0x0000563fcde326a0 ConcurrentGCThread "G1 Conc#0" [stack: 0x00007fce76cb9000,0x00007fce76db9000] [id=163485]
  0x00007fce68000d30 ConcurrentGCThread "G1 Conc#1" [stack: 0x00007fcdeccd6000,0x00007fcdecdd6000] [id=163541]
  0x00007fce68001b80 ConcurrentGCThread "G1 Conc#2" [stack: 0x00007fcdecbd4000,0x00007fcdeccd4000] [id=163542]
  0x00007fce68002610 ConcurrentGCThread "G1 Conc#3" [stack: 0x00007fcdecad2000,0x00007fcdecbd2000] [id=163543]
  0x00007fce680030a0 ConcurrentGCThread "G1 Conc#4" [stack: 0x00007fcdec9d0000,0x00007fcdecad0000] [id=163544]
  0x00007fce68003b30 ConcurrentGCThread "G1 Conc#5" [stack: 0x00007fcdec8ce000,0x00007fcdec9ce000] [id=163545]
  0x0000563fcdfa6b50 ConcurrentGCThread "G1 Refine#0" [stack: 0x00007fce673f5000,0x00007fce674f5000] [id=163486]
  0x00007fce60000d30 ConcurrentGCThread "G1 Refine#1" [stack: 0x00007fcd72800000,0x00007fcd72900000] [id=163549]
  0x00007fcd68000d30 ConcurrentGCThread "G1 Refine#2" [stack: 0x00007fcd726fe000,0x00007fcd727fe000] [id=163550]
  0x00007fcd60000d30 ConcurrentGCThread "G1 Refine#3" [stack: 0x00007fcd725fc000,0x00007fcd726fc000] [id=163551]
  0x00007fcd64000d30 ConcurrentGCThread "G1 Refine#4" [stack: 0x00007fcd724fa000,0x00007fcd725fa000] [id=163552]
  0x00007fcd58000d30 ConcurrentGCThread "G1 Refine#5" [stack: 0x00007fcd723f8000,0x00007fcd724f8000] [id=163553]
  0x00007fcd5c000d30 ConcurrentGCThread "G1 Refine#6" [stack: 0x00007fcd722f6000,0x00007fcd723f6000] [id=163554]
  0x0000563fcdfa7a60 ConcurrentGCThread "G1 Service" [stack: 0x00007fce672f3000,0x00007fce673f3000] [id=163487]

Threads with active compile tasks:
JVMCI-native CompilerThread3     1343 5942   !   4       java.util.zip.ZipFile$ZipFileInputStream::read (135 bytes)

VM state: not at safepoint (normal execution)

VM Mutex/Monitor currently owned by a thread: None

Heap address: 0x0000000082000000, size: 30688 MB, Compressed Oops mode: Zero based, Oop shift amount: 3

CDS archive(s) mapped at: [0x0000000800000000-0x0000000800bcb000-0x0000000800bcb000), size 12365824, SharedBaseAddress: 0x0000000800000000, ArchiveRelocationMode: 0.
Compressed class space mapped at: 0x0000000801000000-0x0000000841000000, reserved size: 1073741824
Narrow klass base: 0x0000000800000000, Narrow klass shift: 0, Narrow klass range: 0x100000000

GC Precious Log:
 CPUs: 32 total, 32 available
 Memory: 125G
 Large Page Support: Disabled
 NUMA Support: Disabled
 Compressed Oops: Enabled (Zero based)
 Heap Region Size: 16M
 Heap Min Capacity: 16M
 Heap Initial Capacity: 2016M
 Heap Max Capacity: 30688M
 Pre-touch: Disabled
 Parallel Workers: 23
 Concurrent Workers: 6
 Concurrent Refinement Workers: 23
 Periodic GC: Disabled

Heap:
 garbage-first heap   total 393216K, used 117366K [0x0000000082000000, 0x0000000800000000)
  region size 16384K, 6 young (98304K), 1 survivors (16384K)
 Metaspace       used 70102K, committed 70400K, reserved 1114112K
  class space    used 9937K, committed 10048K, reserved 1048576K

Heap Regions: E=young(eden), S=young(survivor), O=old, HS=humongous(starts), HC=humongous(continues), CS=collection set, F=free, OA=open archive, CA=closed archive, TAMS=top-at-mark-start (previous, next)
|   0|0x0000000082000000, 0x0000000083000000, 0x0000000083000000|100%| O|  |TAMS 0x0000000083000000, 0x0000000082000000| Untracked 
|   1|0x0000000083000000, 0x0000000083000000, 0x0000000084000000|  0%| F|  |TAMS 0x0000000083000000, 0x0000000083000000| Untracked 
|   2|0x0000000084000000, 0x0000000085000000, 0x0000000085000000|100%| O|  |TAMS 0x0000000085000000, 0x0000000084000000| Untracked 
|   3|0x0000000085000000, 0x0000000085125c00, 0x0000000086000000|  7%| O|  |TAMS 0x0000000085125c00, 0x0000000085000000| Complete 
|   4|0x0000000086000000, 0x0000000086000000, 0x0000000087000000|  0%| F|  |TAMS 0x0000000086000000, 0x0000000086000000| Untracked 
|   5|0x0000000087000000, 0x0000000087000000, 0x0000000088000000|  0%| F|  |TAMS 0x0000000087000000, 0x0000000087000000| Untracked 
|   6|0x0000000088000000, 0x0000000088000000, 0x0000000089000000|  0%| F|  |TAMS 0x0000000088000000, 0x0000000088000000| Untracked 
|   7|0x0000000089000000, 0x0000000089000000, 0x000000008a000000|  0%| F|  |TAMS 0x0000000089000000, 0x0000000089000000| Untracked 
|   8|0x000000008a000000, 0x000000008a000000, 0x000000008b000000|  0%| F|  |TAMS 0x000000008a000000, 0x000000008a000000| Untracked 
|   9|0x000000008b000000, 0x000000008b000000, 0x000000008c000000|  0%| F|  |TAMS 0x000000008b000000, 0x000000008b000000| Untracked 
|  10|0x000000008c000000, 0x000000008c000000, 0x000000008d000000|  0%| F|  |TAMS 0x000000008c000000, 0x000000008c000000| Untracked 
|  11|0x000000008d000000, 0x000000008d000000, 0x000000008e000000|  0%| F|  |TAMS 0x000000008d000000, 0x000000008d000000| Untracked 
|  12|0x000000008e000000, 0x000000008e000000, 0x000000008f000000|  0%| F|  |TAMS 0x000000008e000000, 0x000000008e000000| Untracked 
|  13|0x000000008f000000, 0x000000008f000000, 0x0000000090000000|  0%| F|  |TAMS 0x000000008f000000, 0x000000008f000000| Untracked 
|  14|0x0000000090000000, 0x0000000090000000, 0x0000000091000000|  0%| F|  |TAMS 0x0000000090000000, 0x0000000090000000| Untracked 
|  15|0x0000000091000000, 0x0000000091000000, 0x0000000092000000|  0%| F|  |TAMS 0x0000000091000000, 0x0000000091000000| Untracked 
|  16|0x0000000092000000, 0x0000000092badb20, 0x0000000093000000| 72%| E|  |TAMS 0x0000000092000000, 0x0000000092000000| Complete 
|  17|0x0000000093000000, 0x0000000094000000, 0x0000000094000000|100%| E|CS|TAMS 0x0000000093000000, 0x0000000093000000| Complete 
|  18|0x0000000094000000, 0x0000000095000000, 0x0000000095000000|100%| E|CS|TAMS 0x0000000094000000, 0x0000000094000000| Complete 
|  19|0x0000000095000000, 0x0000000096000000, 0x0000000096000000|100%| E|CS|TAMS 0x0000000095000000, 0x0000000095000000| Complete 
|  67|0x00000000c5000000, 0x00000000c51a4f80, 0x00000000c6000000| 10%| S|CS|TAMS 0x00000000c5000000, 0x00000000c5000000| Complete 
| 125|0x00000000ff000000, 0x0000000100000000, 0x0000000100000000|100%| E|CS|TAMS 0x00000000ff000000, 0x00000000ff000000| Complete 
|1916|0x00000007fe000000, 0x00000007fef46000, 0x00000007ff000000| 95%|OA|  |TAMS 0x00000007fef46000, 0x00000007fe000000| Untracked 
|1917|0x00000007ff000000, 0x00000007ff08d000, 0x0000000800000000|  3%|CA|  |TAMS 0x00000007ff08d000, 0x00000007ff000000| Untracked 

Card table byte_map: [0x00007fceb6c55000,0x00007fceba845000] _byte_map_base: 0x00007fceb6845000

Marking Bits (Prev, Next): (CMBitMap*) 0x0000563fcde21b90, (CMBitMap*) 0x0000563fcde21b50
 Prev Bits: [0x00007fce77165000, 0x00007fce950e5000)
 Next Bits: [0x00007fce950e5000, 0x00007fceb3065000)

Polling page: 0x00007fcecee6c000

Metaspace:

Usage:
  Non-class:     58.79 MB used.
      Class:      9.71 MB used.
       Both:     68.49 MB used.

Virtual space:
  Non-class space:       64.00 MB reserved,      58.94 MB ( 92%) committed,  1 nodes.
      Class space:        1.00 GB reserved,       9.81 MB ( <1%) committed,  1 nodes.
             Both:        1.06 GB reserved,      68.75 MB (  6%) committed. 

Chunk freelists:
   Non-Class:  4.34 MB
       Class:  6.06 MB
        Both:  10.39 MB

MaxMetaspaceSize: unlimited
CompressedClassSpaceSize: 1.00 GB
Initial GC threshold: 21.00 MB
Current GC threshold: 102.31 MB
CDS: on
MetaspaceReclaimPolicy: balanced
 - commit_granule_bytes: 65536.
 - commit_granule_words: 8192.
 - virtual_space_node_default_size: 8388608.
 - enlarge_chunks_in_place: 1.
 - new_chunks_are_fully_committed: 0.
 - uncommit_free_chunks: 1.
 - use_allocation_guard: 0.
 - handle_deallocations: 1.


Internal statistics:

num_allocs_failed_limit: 21.
num_arena_births: 324.
num_arena_deaths: 0.
num_vsnodes_births: 2.
num_vsnodes_deaths: 0.
num_space_committed: 1100.
num_space_uncommitted: 0.
num_chunks_returned_to_freelist: 21.
num_chunks_taken_from_freelist: 2674.
num_chunk_merges: 21.
num_chunk_splits: 2089.
num_chunks_enlarged: 1697.
num_inconsistent_stats: 0.

CodeHeap 'non-profiled nmethods': size=117208Kb used=2166Kb max_used=2166Kb free=115042Kb
 bounds [0x00007fcec7ba7000, 0x00007fcec7e17000, 0x00007fcecee1d000]
CodeHeap 'profiled nmethods': size=117208Kb used=13820Kb max_used=14966Kb free=103387Kb
 bounds [0x00007fcebfe1d000, 0x00007fcec0cbd000, 0x00007fcec7093000]
CodeHeap 'non-nmethods': size=11344Kb used=4853Kb max_used=4873Kb free=6491Kb
 bounds [0x00007fcec7093000, 0x00007fcec7563000, 0x00007fcec7ba7000]
 total_blobs=5894 nmethods=5068 adapters=720
 compilation: enabled
              stopped_count=0, restarted_count=0
 full_count=0

JVMCI Events (20 events):
Event: 1.282 Thread 0x00007fce40046400 compacted oop handles in JVMCI runtime 2 from 167 to 165
Event: 1.283 Thread 0x0000563fcdfea9e0 compacted oop handles in JVMCI runtime 0 from 136 to 135
Event: 1.286 Thread 0x00007fce4004b270 compacted oop handles in JVMCI runtime 3 from 181 to 179
Event: 1.289 Thread 0x00007fce4004b270 compacted oop handles in JVMCI runtime 3 from 180 to 121
Event: 1.289 Thread 0x00007fce4004b270 compacted oop handles in JVMCI runtime 3 from 124 to 123
Event: 1.290 Thread 0x00007fce40045220 compacted oop handles in JVMCI runtime 1 from 197 to 191
Event: 1.295 Thread 0x00007fce4004b270 compacted oop handles in JVMCI runtime 3 from 150 to 139
Event: 1.299 Thread 0x0000563fce4ebaf0 compacted oop handles in JVMCI runtime 4 from 608 to 449
Event: 1.299 Thread 0x00007fce40045220 compacted oop handles in JVMCI runtime 1 from 192 to 109
Event: 1.300 Thread 0x0000563fce4ebaf0 compacted oop handles in JVMCI runtime 4 from 461 to 403
Event: 1.303 Thread 0x00007fce4004b270 compacted oop handles in JVMCI runtime 3 from 147 to 146
Event: 1.304 Thread 0x0000563fcf5dd3a0 compacted oop handles in JVMCI runtime 12 from 2588 to 1506
Event: 1.305 Thread 0x0000563fcf5dd3a0 compacted oop handles in JVMCI runtime 12 from 1526 to 984
Event: 1.306 Thread 0x0000563fcdfea9e0 compacted oop handles in JVMCI runtime 0 from 136 to 86
Event: 1.306 Thread 0x0000563fcdfea9e0 compacted oop handles in JVMCI runtime 0 from 96 to 95
Event: 1.306 Thread 0x00007fce40045220 compacted oop handles in JVMCI runtime 1 from 153 to 147
Event: 1.306 Thread 0x00007fce40046400 compacted oop handles in JVMCI runtime 2 from 176 to 175
Event: 1.306 Thread 0x0000563fcf5dee10 compacted oop handles in JVMCI runtime 13 from 1204 to 875
Event: 1.307 Thread 0x00007fce4004b270 compacted oop handles in JVMCI runtime 3 from 152 to 151
Event: 1.307 Thread 0x0000563fcf5dee10 compacted oop handles in JVMCI runtime 13 from 893 to 789

Compilation events (20 events):
Event: 1.318 Thread 0x00007fce240f14a0 5867       3       com.oracle.truffle.api.strings.TruffleStringFactory$SwitchEncodingNodeGen::execute (10 bytes)
Event: 1.318 Thread 0x00007fce240b1af0 nmethod 5850 0x00007fcec04fbb90 code [0x00007fcec04fc1a0, 0x00007fcec05016d0]
Event: 1.318 Thread 0x00007fce240f02d0 5868       3       com.oracle.truffle.api.strings.TruffleStringFactory$InternalSwitchEncodingNodeGen$Inlined::execute (315 bytes)
Event: 1.318 Thread 0x0000563fcdfebf40 nmethod 5859 0x00007fcec049d210 code [0x00007fcec049d4a0, 0x00007fcec049e650]
Event: 1.318 Thread 0x00007fce34077130 nmethod 5863 0x00007fcec078ac90 code [0x00007fcec078aec0, 0x00007fcec078c210]
Event: 1.318 Thread 0x00007fce240b1af0 5869       3       com.oracle.graal.python.runtime.NFIPosixSupport::wrap (15 bytes)
Event: 1.318 Thread 0x00007fce34077130 5870       3       com.oracle.truffle.api.interop.DefaultIntegerExportsGen$InteropLibraryExports$Cached::fitsInLong (32 bytes)
Event: 1.318 Thread 0x0000563fcdfebf40 5871       3       com.oracle.truffle.api.interop.DefaultIntegerExportsGen$InteropLibraryExports$Cached::asLong (32 bytes)
Event: 1.318 Thread 0x00007fce000a8de0 nmethod 5866 0x00007fcec07c8c10 code [0x00007fcec07c8dc0, 0x00007fcec07c8f90]
Event: 1.318 Thread 0x00007fce240b1af0 nmethod 5869 0x00007fcec0773890 code [0x00007fcec0773a40, 0x00007fcec0773bc0]
Event: 1.318 Thread 0x00007fce240f14a0 nmethod 5867 0x00007fcec0798a10 code [0x00007fcec0798bc0, 0x00007fcec0798d60]
Event: 1.318 Thread 0x00007fce000a8de0 5872       3       com.oracle.truffle.api.interop.DefaultIntegerExports::asLong (6 bytes)
Event: 1.318 Thread 0x00007fce34077130 nmethod 5870 0x00007fcec0798290 code [0x00007fcec0798440, 0x00007fcec0798810]
Event: 1.318 Thread 0x00007fce240b1af0 5873       3       com.oracle.graal.python.runtime.NFIPosixSupport::createString (25 bytes)
Event: 1.318 Thread 0x0000563fcdfebf40 nmethod 5871 0x00007fcec079e290 code [0x00007fcec079e440, 0x00007fcec079e830]
Event: 1.318 Thread 0x00007fce240f14a0 5874       3       com.oracle.graal.python.runtime.NFIPosixSupportGen$PosixSupportLibraryExports$Cached::readdir (96 bytes)
Event: 1.318 Thread 0x0000563fcdfebf40 5876       3       com.oracle.graal.python.runtime.PosixSupportLibrary$Buffer::allocate (27 bytes)
Event: 1.318 Thread 0x00007fce34077130 5877       3       com.oracle.graal.python.runtime.PosixSupportLibrary$Buffer::withLength (24 bytes)
Event: 1.318 Thread 0x00007fce000a8de0 nmethod 5872 0x00007fcec0557190 code [0x00007fcec0557320, 0x00007fcec0557430]
Event: 1.318 Thread 0x00007fce000a8de0 5878       3       com.oracle.graal.python.runtime.NFIPosixSupport$DirEntry::<init> (21 bytes)

GC Heap History (14 events):
Event: 0.372 GC heap before
{Heap before GC invocations=0 (full 0):
 garbage-first heap   total 2097152K, used 81740K [0x0000000082000000, 0x0000000800000000)
  region size 16384K, 5 young (81920K), 0 survivors (0K)
 Metaspace       used 21329K, committed 21504K, reserved 1114112K
  class space    used 2088K, committed 2176K, reserved 1048576K
}
Event: 0.376 GC heap after
{Heap after GC invocations=1 (full 0):
 garbage-first heap   total 2097152K, used 34332K [0x0000000082000000, 0x0000000800000000)
  region size 16384K, 1 young (16384K), 1 survivors (16384K)
 Metaspace       used 21329K, committed 21504K, reserved 1114112K
  class space    used 2088K, committed 2176K, reserved 1048576K
}
Event: 0.613 GC heap before
{Heap before GC invocations=2 (full 0):
 garbage-first heap   total 278528K, used 99868K [0x0000000082000000, 0x0000000800000000)
  region size 16384K, 6 young (98304K), 1 survivors (16384K)
 Metaspace       used 35869K, committed 36160K, reserved 1114112K
  class space    used 4369K, committed 4544K, reserved 1048576K
}
Event: 0.616 GC heap after
{Heap after GC invocations=3 (full 0):
 garbage-first heap   total 278528K, used 39352K [0x0000000082000000, 0x0000000800000000)
  region size 16384K, 1 young (16384K), 1 survivors (16384K)
 Metaspace       used 35869K, committed 36160K, reserved 1114112K
  class space    used 4369K, committed 4544K, reserved 1048576K
}
Event: 0.621 GC heap before
{Heap before GC invocations=3 (full 0):
 garbage-first heap   total 278528K, used 39352K [0x0000000082000000, 0x0000000800000000)
  region size 16384K, 2 young (32768K), 1 survivors (16384K)
 Metaspace       used 36183K, committed 36480K, reserved 1114112K
  class space    used 4429K, committed 4608K, reserved 1048576K
}
Event: 0.622 GC heap after
{Heap after GC invocations=4 (full 0):
 garbage-first heap   total 278528K, used 38726K [0x0000000082000000, 0x0000000800000000)
  region size 16384K, 1 young (16384K), 1 survivors (16384K)
 Metaspace       used 36183K, committed 36480K, reserved 1114112K
  class space    used 4429K, committed 4608K, reserved 1048576K
}
Event: 0.626 GC heap before
{Heap before GC invocations=4 (full 0):
 garbage-first heap   total 278528K, used 38726K [0x0000000082000000, 0x0000000800000000)
  region size 16384K, 2 young (32768K), 1 survivors (16384K)
 Metaspace       used 36504K, committed 36800K, reserved 1114112K
  class space    used 4492K, committed 4672K, reserved 1048576K
}
Event: 0.627 GC heap after
{Heap after GC invocations=5 (full 0):
 garbage-first heap   total 278528K, used 39140K [0x0000000082000000, 0x0000000800000000)
  region size 16384K, 1 young (16384K), 1 survivors (16384K)
 Metaspace       used 36504K, committed 36800K, reserved 1114112K
  class space    used 4492K, committed 4672K, reserved 1048576K
}
Event: 1.024 GC heap before
{Heap before GC invocations=6 (full 0):
 garbage-first heap   total 278528K, used 153828K [0x0000000082000000, 0x0000000800000000)
  region size 16384K, 8 young (131072K), 1 survivors (16384K)
 Metaspace       used 61469K, committed 61696K, reserved 1114112K
  class space    used 9007K, committed 9152K, reserved 1048576K
}
Event: 1.028 GC heap after
{Heap after GC invocations=7 (full 0):
 garbage-first heap   total 278528K, used 51354K [0x0000000082000000, 0x0000000800000000)
  region size 16384K, 1 young (16384K), 1 survivors (16384K)
 Metaspace       used 61469K, committed 61696K, reserved 1114112K
  class space    used 9007K, committed 9152K, reserved 1048576K
}
Event: 1.042 GC heap before
{Heap before GC invocations=7 (full 0):
 garbage-first heap   total 278528K, used 51354K [0x0000000082000000, 0x0000000800000000)
  region size 16384K, 2 young (32768K), 1 survivors (16384K)
 Metaspace       used 61941K, committed 62208K, reserved 1114112K
  class space    used 9063K, committed 9216K, reserved 1048576K
}
Event: 1.051 GC heap after
{Heap after GC invocations=8 (full 0):
 garbage-first heap   total 1179648K, used 52897K [0x0000000082000000, 0x0000000800000000)
  region size 16384K, 1 young (16384K), 1 survivors (16384K)
 Metaspace       used 61941K, committed 62208K, reserved 1114112K
  class space    used 9063K, committed 9216K, reserved 1048576K
}
Event: 1.061 GC heap before
{Heap before GC invocations=8 (full 0):
 garbage-first heap   total 1179648K, used 52897K [0x0000000082000000, 0x0000000800000000)
  region size 16384K, 2 young (32768K), 1 survivors (16384K)
 Metaspace       used 62294K, committed 62528K, reserved 1114112K
  class space    used 9110K, committed 9216K, reserved 1048576K
}
Event: 1.062 GC heap after
{Heap after GC invocations=9 (full 0):
 garbage-first heap   total 1179648K, used 51830K [0x0000000082000000, 0x0000000800000000)
  region size 16384K, 1 young (16384K), 1 survivors (16384K)
 Metaspace       used 62294K, committed 62528K, reserved 1114112K
  class space    used 9110K, committed 9216K, reserved 1048576K
}

Dll operation events (11 events):
Event: 0.001 Loaded shared library /home/a4090/miniconda3/envs/auto_pose/lib/jvm/lib/libjava.so
Event: 0.005 Loaded shared library /home/a4090/miniconda3/envs/auto_pose/lib/jvm/lib/libjsvml.so
Event: 0.019 Loaded shared library /home/a4090/miniconda3/envs/auto_pose/lib/jvm/lib/libjvmcicompiler.so
Event: 0.019 Loaded shared library /home/a4090/miniconda3/envs/auto_pose/lib/jvm/lib/libnio.so
Event: 0.021 Loaded shared library /home/a4090/miniconda3/envs/auto_pose/lib/jvm/lib/libzip.so
Event: 0.022 Loaded shared library /home/a4090/miniconda3/envs/auto_pose/lib/jvm/lib/libjimage.so
Event: 0.026 Loaded shared library /home/a4090/miniconda3/envs/auto_pose/lib/jvm/lib/libmanagement.so
Event: 0.027 Loaded shared library /home/a4090/miniconda3/envs/auto_pose/lib/jvm/lib/libmanagement_ext.so
Event: 0.029 Loaded shared library /home/a4090/miniconda3/envs/auto_pose/lib/jvm/lib/libnet.so
Event: 0.392 Loaded shared library /home/a4090/miniconda3/envs/auto_pose/lib/jvm/lib/libverify.so
Event: 1.206 Loaded shared library /home/a4090/miniconda3/envs/auto_pose/lib/jvm/lib/libtrufflenfi.so

Deoptimization events (20 events):
Event: 1.267 Thread 0x0000563fcddea960 Uncommon trap: trap_request=0xffffffcd fr.pc=0x00007fcec7d98e83 relative=0x0000000000000203
Event: 1.267 Thread 0x0000563fcddea960 Uncommon trap: reason=intrinsic_or_type_checked_inlining action=reinterpret pc=0x00007fcec7d98e83 method=com.oracle.truffle.object.TriePropertyMap.get(Ljava/lang/Object;)Ljava/lang/Object; @ 5 jvmci
Event: 1.267 Thread 0x0000563fcddea960 DEOPT PACKING pc=0x00007fcec7d98e83 sp=0x00007fff55dfd010
Event: 1.267 Thread 0x0000563fcddea960 DEOPT UNPACKING pc=0x00007fcec70e9c25 sp=0x00007fff55dfc2e8 mode 3
Event: 1.283 Thread 0x0000563fcddea960 Uncommon trap: trap_request=0xffffff25 fr.pc=0x00007fcec7db46ad relative=0x0000000000003c8d
Event: 1.283 Thread 0x0000563fcddea960 Uncommon trap: reason=transfer_to_interpreter action=reinterpret pc=0x00007fcec7db46ad method=com.oracle.graal.python.nodes.attributes.LookupAttributeInMRONode.lookup(Ljava/lang/Object;Ljava/lang/Object;Lcom/oracle/graal/python/builtins/objects/type/TypeN
Event: 1.283 Thread 0x0000563fcddea960 DEOPT PACKING pc=0x00007fcec7db46ad sp=0x00007fff55e104c0
Event: 1.283 Thread 0x0000563fcddea960 DEOPT UNPACKING pc=0x00007fcec70e9c25 sp=0x00007fff55e0f650 mode 3
Event: 1.285 Thread 0x0000563fcddea960 Uncommon trap: trap_request=0xffffff25 fr.pc=0x00007fcec7cf23e9 relative=0x0000000000001969
Event: 1.285 Thread 0x0000563fcddea960 Uncommon trap: reason=transfer_to_interpreter action=reinterpret pc=0x00007fcec7cf23e9 method=com.oracle.graal.python.nodes.attributes.LookupAttributeInMRONode.lookup(Ljava/lang/Object;Ljava/lang/Object;Lcom/oracle/graal/python/builtins/objects/type/TypeN
Event: 1.285 Thread 0x0000563fcddea960 DEOPT PACKING pc=0x00007fcec7cf23e9 sp=0x00007fff55e0d9c0
Event: 1.285 Thread 0x0000563fcddea960 DEOPT UNPACKING pc=0x00007fcec70e9c25 sp=0x00007fff55e0caa0 mode 3
Event: 1.305 Thread 0x0000563fcddea960 Uncommon trap: trap_request=0xffffffcd fr.pc=0x00007fcec7be3cae relative=0x000000000000026e
Event: 1.305 Thread 0x0000563fcddea960 Uncommon trap: reason=intrinsic_or_type_checked_inlining action=reinterpret pc=0x00007fcec7be3cae method=com.oracle.truffle.api.strings.TruffleString$FromByteArrayNode.fromByteArray([BIILcom/oracle/truffle/api/strings/TruffleString$Encoding;ZLcom/oracle/t
Event: 1.305 Thread 0x0000563fcddea960 DEOPT PACKING pc=0x00007fcec7be3cae sp=0x00007fff55e05300
Event: 1.305 Thread 0x0000563fcddea960 DEOPT UNPACKING pc=0x00007fcec70e9c25 sp=0x00007fff55e047b8 mode 3
Event: 1.311 Thread 0x0000563fcddea960 Uncommon trap: trap_request=0xffffff25 fr.pc=0x00007fcec7cff176 relative=0x0000000000001f56
Event: 1.311 Thread 0x0000563fcddea960 Uncommon trap: reason=transfer_to_interpreter action=reinterpret pc=0x00007fcec7cff176 method=com.oracle.graal.python.builtins.objects.iterator.IteratorBuiltinsFactory$NextNodeFactory$NextNodeGen.execute(Lcom/oracle/truffle/api/frame/VirtualFrame;Ljava/la
Event: 1.311 Thread 0x0000563fcddea960 DEOPT PACKING pc=0x00007fcec7cff176 sp=0x00007fff55e051e0
Event: 1.311 Thread 0x0000563fcddea960 DEOPT UNPACKING pc=0x00007fcec70e9c25 sp=0x00007fff55e04540 mode 3

Classes unloaded (0 events):
No events

Classes redefined (0 events):
No events

Internal exceptions (20 events):
Event: 1.179 Thread 0x0000563fcddea960 Exception <a 'sun/nio/fs/UnixException'{0x0000000093053080}> (0x0000000093053080) 
thrown [src/hotspot/share/prims/jni.cpp, line 516]
Event: 1.179 Thread 0x0000563fcddea960 Exception <a 'sun/nio/fs/UnixException'{0x0000000093053670}> (0x0000000093053670) 
thrown [src/hotspot/share/prims/jni.cpp, line 516]
Event: 1.181 Thread 0x0000563fcddea960 Exception <a 'sun/nio/fs/UnixException'{0x00000000930768c8}> (0x00000000930768c8) 
thrown [src/hotspot/share/prims/jni.cpp, line 516]
Event: 1.181 Thread 0x0000563fcddea960 Exception <a 'sun/nio/fs/UnixException'{0x0000000093077598}> (0x0000000093077598) 
thrown [src/hotspot/share/prims/jni.cpp, line 516]
Event: 1.181 Thread 0x0000563fcddea960 Exception <a 'sun/nio/fs/UnixException'{0x0000000093077e80}> (0x0000000093077e80) 
thrown [src/hotspot/share/prims/jni.cpp, line 516]
Event: 1.181 Thread 0x0000563fcddea960 Exception <a 'sun/nio/fs/UnixException'{0x0000000093078ce8}> (0x0000000093078ce8) 
thrown [src/hotspot/share/prims/jni.cpp, line 516]
Event: 1.181 Thread 0x0000563fcddea960 Exception <a 'sun/nio/fs/UnixException'{0x00000000930792d8}> (0x00000000930792d8) 
thrown [src/hotspot/share/prims/jni.cpp, line 516]
Event: 1.181 Thread 0x0000563fcddea960 Exception <a 'sun/nio/fs/UnixException'{0x0000000093079b00}> (0x0000000093079b00) 
thrown [src/hotspot/share/prims/jni.cpp, line 516]
Event: 1.181 Thread 0x0000563fcddea960 Exception <a 'sun/nio/fs/UnixException'{0x000000009307a990}> (0x000000009307a990) 
thrown [src/hotspot/share/prims/jni.cpp, line 516]
Event: 1.181 Thread 0x0000563fcddea960 Exception <a 'sun/nio/fs/UnixException'{0x000000009307af80}> (0x000000009307af80) 
thrown [src/hotspot/share/prims/jni.cpp, line 516]
Event: 1.253 Thread 0x0000563fcddea960 Exception <a 'sun/nio/fs/UnixException'{0x0000000093c78508}> (0x0000000093c78508) 
thrown [src/hotspot/share/prims/jni.cpp, line 516]
Event: 1.253 Thread 0x0000563fcddea960 Exception <a 'sun/nio/fs/UnixException'{0x0000000093c7a1a8}> (0x0000000093c7a1a8) 
thrown [src/hotspot/share/prims/jni.cpp, line 516]
Event: 1.253 Thread 0x0000563fcddea960 Exception <a 'sun/nio/fs/UnixException'{0x0000000093c7ba30}> (0x0000000093c7ba30) 
thrown [src/hotspot/share/prims/jni.cpp, line 516]
Event: 1.253 Thread 0x0000563fcddea960 Exception <a 'sun/nio/fs/UnixException'{0x0000000093c7d7a8}> (0x0000000093c7d7a8) 
thrown [src/hotspot/share/prims/jni.cpp, line 516]
Event: 1.253 Thread 0x0000563fcddea960 Exception <a 'sun/nio/fs/UnixException'{0x0000000093c7ed88}> (0x0000000093c7ed88) 
thrown [src/hotspot/share/prims/jni.cpp, line 516]
Event: 1.261 Thread 0x0000563fcddea960 Exception <a 'sun/nio/fs/UnixException'{0x0000000093dbb2f0}> (0x0000000093dbb2f0) 
thrown [src/hotspot/share/prims/jni.cpp, line 516]
Event: 1.261 Thread 0x0000563fcddea960 Exception <a 'sun/nio/fs/UnixException'{0x0000000093dbda18}> (0x0000000093dbda18) 
thrown [src/hotspot/share/prims/jni.cpp, line 516]
Event: 1.273 Thread 0x0000563fcddea960 Exception <a 'sun/nio/fs/UnixException'{0x0000000093eae138}> (0x0000000093eae138) 
thrown [src/hotspot/share/prims/jni.cpp, line 516]
Event: 1.273 Thread 0x0000563fcddea960 Exception <a 'sun/nio/fs/UnixException'{0x0000000093eb10a8}> (0x0000000093eb10a8) 
thrown [src/hotspot/share/prims/jni.cpp, line 516]
Event: 1.284 Thread 0x0000563fcddea960 Exception <a 'java/lang/ClassNotFoundException'{0x0000000093fc3388}: jdk/jfr/internal/handlers/EventHandler2815_1740645627850-163482> (0x0000000093fc3388) 
thrown [src/hotspot/share/classfile/systemDictionary.cpp, line 256]

VM Operations (20 events):
Event: 1.075 Executing VM operation: G1Concurrent
Event: 1.075 Executing VM operation: G1Concurrent done
Event: 1.087 Executing VM operation: HandshakeAllThreads
Event: 1.087 Executing VM operation: HandshakeAllThreads done
Event: 1.106 Executing VM operation: HandshakeAllThreads
Event: 1.106 Executing VM operation: HandshakeAllThreads done
Event: 1.136 Executing VM operation: ICBufferFull
Event: 1.136 Executing VM operation: ICBufferFull done
Event: 1.163 Executing VM operation: HandshakeAllThreads
Event: 1.163 Executing VM operation: HandshakeAllThreads done
Event: 1.191 Executing VM operation: HandshakeAllThreads
Event: 1.192 Executing VM operation: HandshakeAllThreads done
Event: 1.197 Executing VM operation: HandshakeAllThreads
Event: 1.197 Executing VM operation: HandshakeAllThreads done
Event: 1.201 Executing VM operation: HandshakeAllThreads
Event: 1.201 Executing VM operation: HandshakeAllThreads done
Event: 1.258 Executing VM operation: ICBufferFull
Event: 1.258 Executing VM operation: ICBufferFull done
Event: 1.317 Executing VM operation: ICBufferFull
Event: 1.317 Executing VM operation: ICBufferFull done

Events (20 events):
Event: 1.266 loading class java/util/concurrent/LinkedBlockingDeque$Itr
Event: 1.266 loading class java/util/concurrent/LinkedBlockingDeque$AbstractItr
Event: 1.266 loading class java/util/concurrent/LinkedBlockingDeque$AbstractItr done
Event: 1.266 loading class java/util/concurrent/LinkedBlockingDeque$Itr done
Event: 1.277 loading class java/nio/charset/UnsupportedCharsetException
Event: 1.277 loading class java/nio/charset/UnsupportedCharsetException done
Event: 1.277 loading class sun/nio/cs/UTF_32
Event: 1.277 loading class sun/nio/cs/UTF_32 done
Event: 1.277 loading class sun/nio/cs/UTF_16LE_BOM
Event: 1.277 loading class sun/nio/cs/UTF_16LE_BOM done
Event: 1.277 loading class sun/nio/cs/UTF_32LE_BOM
Event: 1.277 loading class sun/nio/cs/UTF_32LE_BOM done
Event: 1.284 loading class jdk/jfr/internal/handlers/EventHandler2815_1740645627850-163482
Event: 1.284 loading class jdk/jfr/internal/handlers/EventHandler2815_1740645627850-163482 done
Event: 1.290 loading class java/io/NotSerializableException
Event: 1.290 loading class java/io/ObjectStreamException
Event: 1.290 loading class java/io/ObjectStreamException done
Event: 1.290 loading class java/io/NotSerializableException done
Event: 1.291 Thread 0x0000563fcf6aaa00 Thread added: 0x0000563fcf6aaa00
Event: 1.291 Protecting memory [0x00007fccf30ff000,0x00007fccf3103000] with protection modes 0


Dynamic libraries:
82000000-96000000 rw-p 00000000 00:00 0 
96000000-c5000000 ---p 00000000 00:00 0 
c5000000-c6000000 rw-p 00000000 00:00 0 
c6000000-ff000000 ---p 00000000 00:00 0 
ff000000-100000000 rw-p 00000000 00:00 0 
100000000-7fe000000 ---p 00000000 00:00 0 
7fe000000-7fef00000 rw-p 00000000 00:00 0 
7fef00000-7fef46000 rw-p 00c8f000 103:02 51866601                        /home/a4090/miniconda3/envs/auto_pose/lib/jvm/lib/server/classes.jsa
7fef46000-7ff000000 rw-p 00000000 00:00 0 
7ff000000-7ff08d000 rw-p 00c02000 103:02 51866601                        /home/a4090/miniconda3/envs/auto_pose/lib/jvm/lib/server/classes.jsa
7ff08d000-800000000 rw-p 00000000 00:00 0 
800000000-80044a000 rw-p 00001000 103:02 51866601                        /home/a4090/miniconda3/envs/auto_pose/lib/jvm/lib/server/classes.jsa
80044a000-800bcb000 r--p 0044b000 103:02 51866601                        /home/a4090/miniconda3/envs/auto_pose/lib/jvm/lib/server/classes.jsa
800bcb000-801000000 ---p 00000000 00:00 0 
801000000-801040000 rw-p 00000000 00:00 0 
801040000-8010c0000 rw-p 00000000 00:00 0 
8010c0000-801100000 rw-p 00000000 00:00 0 
801100000-801180000 rw-p 00000000 00:00 0 
801180000-801240000 rw-p 00000000 00:00 0 
801240000-801260000 rw-p 00000000 00:00 0 
801260000-801280000 ---p 00000000 00:00 0 
801280000-801a00000 rw-p 00000000 00:00 0 
801a00000-841000000 ---p 00000000 00:00 0 
563fcd5f1000-563fcd5f4000 r--p 00000000 103:02 51868967                  /home/a4090/miniconda3/envs/auto_pose/lib/jvm/languages/python/bin/python
563fcd5f4000-563fcd5f8000 r-xp 00003000 103:02 51868967                  /home/a4090/miniconda3/envs/auto_pose/lib/jvm/languages/python/bin/python
563fcd5f8000-563fcd5fa000 r--p 00007000 103:02 51868967                  /home/a4090/miniconda3/envs/auto_pose/lib/jvm/languages/python/bin/python
563fcd5fa000-563fcd5fb000 r--p 00008000 103:02 51868967                  /home/a4090/miniconda3/envs/auto_pose/lib/jvm/languages/python/bin/python
563fcd5fb000-563fcd5fc000 rw-p 00009000 103:02 51868967                  /home/a4090/miniconda3/envs/auto_pose/lib/jvm/languages/python/bin/python
563fcdd8d000-563fcf6fd000 rw-p 00000000 00:00 0                          [heap]
7fcce7900000-7fcce7a00000 rw-p 00000000 00:00 0 
7fcce7b00000-7fcce7c00000 rw-p 00000000 00:00 0 
7fcce7d00000-7fcce7e00000 rw-p 00000000 00:00 0 
7fcce7f00000-7fcce8000000 rw-p 00000000 00:00 0 
7fcce8100000-7fcce8200000 rw-p 00000000 00:00 0 
7fcce8300000-7fcce8400000 rw-p 00000000 00:00 0 
7fcce8500000-7fcce8600000 rw-p 00000000 00:00 0 
7fcce8700000-7fcce8800000 rw-p 00000000 00:00 0 
7fcce8900000-7fcce8a00000 rw-p 00000000 00:00 0 
7fcce8b00000-7fcce8c00000 rw-p 00000000 00:00 0 
7fcce8d00000-7fcce8e00000 rw-p 00000000 00:00 0 
7fcce8f00000-7fcce9000000 rw-p 00000000 00:00 0 
7fcce9100000-7fcce9200000 rw-p 00000000 00:00 0 
7fcce9300000-7fcce9400000 rw-p 00000000 00:00 0 
7fcce9500000-7fcce9600000 rw-p 00000000 00:00 0 
7fcce9700000-7fcce9800000 rw-p 00000000 00:00 0 
7fcce9900000-7fcce9a00000 rw-p 00000000 00:00 0 
7fcce9b00000-7fcce9c00000 rw-p 00000000 00:00 0 
7fcce9c3f000-7fcce9f00000 rw-p 00000000 00:00 0 
7fccea000000-7fccea100000 rw-p 00000000 00:00 0 
7fccea200000-7fccea300000 rw-p 00000000 00:00 0 
7fccea400000-7fccea500000 rw-p 00000000 00:00 0 
7fccea600000-7fccea700000 rw-p 00000000 00:00 0 
7fccea800000-7fccea900000 rw-p 00000000 00:00 0 
7fcceaa00000-7fcceab00000 rw-p 00000000 00:00 0 
7fcceac00000-7fccead00000 rw-p 00000000 00:00 0 
7fcceae00000-7fcceaf00000 rw-p 00000000 00:00 0 
7fcceb000000-7fcceb100000 rw-p 00000000 00:00 0 
7fcceb200000-7fcceb300000 rw-p 00000000 00:00 0 
7fcceb400000-7fcceb500000 rw-p 00000000 00:00 0 
7fcceb600000-7fcceb700000 rw-p 00000000 00:00 0 
7fcceb800000-7fcceb900000 rw-p 00000000 00:00 0 
7fcceba00000-7fccebb00000 rw-p 00000000 00:00 0 
7fccebc00000-7fccebd00000 rw-p 00000000 00:00 0 
7fccebe00000-7fccebf00000 rw-p 00000000 00:00 0 
7fccec000000-7fccec021000 rw-p 00000000 00:00 0 
7fccec021000-7fccf0000000 ---p 00000000 00:00 0 
7fccf0100000-7fccf0200000 rw-p 00000000 00:00 0 
7fccf0300000-7fccf0400000 rw-p 00000000 00:00 0 
7fccf0500000-7fccf0600000 rw-p 00000000 00:00 0 
7fccf0700000-7fccf0800000 rw-p 00000000 00:00 0 
7fccf0900000-7fccf0a00000 rw-p 00000000 00:00 0 
7fccf0b00000-7fccf0c00000 rw-p 00000000 00:00 0 
7fccf0d00000-7fccf0e00000 rw-p 00000000 00:00 0 
7fccf0f00000-7fccf1000000 rw-p 00000000 00:00 0 
7fccf1100000-7fccf1200000 rw-p 00000000 00:00 0 
7fccf1300000-7fccf1400000 rw-p 00000000 00:00 0 
7fccf1500000-7fccf1600000 rw-p 00000000 00:00 0 
7fccf1700000-7fccf1800000 rw-p 00000000 00:00 0 
7fccf1900000-7fccf1a00000 rw-p 00000000 00:00 0 
7fccf1b00000-7fccf1c00000 rw-p 00000000 00:00 0 
7fccf1d00000-7fccf1e00000 rw-p 00000000 00:00 0 
7fccf1f00000-7fccf2000000 rw-p 00000000 00:00 0 
7fccf2100000-7fccf2200000 rw-p 00000000 00:00 0 
7fccf2300000-7fccf2400000 rw-p 00000000 00:00 0 
7fccf2500000-7fccf2600000 rw-p 00000000 00:00 0 
7fccf2700000-7fccf2800000 rw-p 00000000 00:00 0 
7fccf2900000-7fccf2a00000 rw-p 00000000 00:00 0 
7fccf2b00000-7fccf2c00000 rw-p 00000000 00:00 0 
7fccf2d00000-7fccf2e00000 rw-p 00000000 00:00 0 
7fccf2f00000-7fccf3000000 rw-p 00000000 00:00 0 
7fccf30ff000-7fccf3103000 ---p 00000000 00:00 0 
7fccf3103000-7fccf3300000 rw-p 00000000 00:00 0 
7fccf3400000-7fccf3500000 rw-p 00000000 00:00 0 
7fccf3600000-7fccf3700000 rw-p 00000000 00:00 0 
7fccf3800000-7fccf3900000 rw-p 00000000 00:00 0 
7fccf3a00000-7fccf3b00000 rw-p 00000000 00:00 0 
7fccf3c00000-7fccf3d00000 rw-p 00000000 00:00 0 
7fccf3e00000-7fccf3f00000 rw-p 00000000 00:00 0 
7fccf4000000-7fccf4100000 rw-p 00000000 00:00 0 
7fccf4200000-7fccf4300000 rw-p 00000000 00:00 0 
7fccf4400000-7fccf4500000 rw-p 00000000 00:00 0 
7fccf4600000-7fccf4700000 rw-p 00000000 00:00 0 
7fccf4800000-7fccf4900000 rw-p 00000000 00:00 0 
7fccf4a00000-7fccf4b00000 rw-p 00000000 00:00 0 
7fccf4c00000-7fccf4d00000 rw-p 00000000 00:00 0 
7fccf4e00000-7fccf4f00000 rw-p 00000000 00:00 0 
7fccf5000000-7fccf5100000 rw-p 00000000 00:00 0 
7fccf5200000-7fccf5300000 rw-p 00000000 00:00 0 
7fccf5400000-7fccf5500000 rw-p 00000000 00:00 0 
7fccf5600000-7fccf5700000 rw-p 00000000 00:00 0 
7fccf5800000-7fccf5900000 rw-p 00000000 00:00 0 
7fccf5a00000-7fccf5b00000 rw-p 00000000 00:00 0 
7fccf5c00000-7fccf5d00000 rw-p 00000000 00:00 0 
7fccf5e00000-7fccf5f00000 rw-p 00000000 00:00 0 
7fccf6000000-7fccf6100000 rw-p 00000000 00:00 0 
7fccf6200000-7fccf6300000 rw-p 00000000 00:00 0 
7fccf6400000-7fccf6500000 rw-p 00000000 00:00 0 
7fccf6600000-7fccf6700000 rw-p 00000000 00:00 0 
7fccf6800000-7fccf6900000 rw-p 00000000 00:00 0 
7fccf6a00000-7fccf6b00000 rw-p 00000000 00:00 0 
7fccf6c00000-7fccf6d00000 rw-p 00000000 00:00 0 
7fccf6e00000-7fccf6f00000 rw-p 00000000 00:00 0 
7fccf7000000-7fccf7100000 rw-p 00000000 00:00 0 
7fccf7200000-7fccf7300000 rw-p 00000000 00:00 0 
7fccf7400000-7fccf7500000 rw-p 00000000 00:00 0 
7fccf7600000-7fccf7700000 rw-p 00000000 00:00 0 
7fccf7800000-7fccf7900000 rw-p 00000000 00:00 0 
7fccf7a00000-7fccf7b00000 rw-p 00000000 00:00 0 
7fccf7c00000-7fccf7d00000 rw-p 00000000 00:00 0 
7fccf7e00000-7fccf7f00000 rw-p 00000000 00:00 0 
7fccf8000000-7fccf8100000 rw-p 00000000 00:00 0 
7fccf8200000-7fccf8300000 rw-p 00000000 00:00 0 
7fccf8400000-7fccf8500000 rw-p 00000000 00:00 0 
7fccf85ef000-7fccf8900000 rw-p 00000000 00:00 0 
7fccf8a00000-7fccf8b00000 rw-p 00000000 00:00 0 
7fccf8c00000-7fccf8d00000 rw-p 00000000 00:00 0 
7fccf8e00000-7fccf8f00000 rw-p 00000000 00:00 0 
7fccf9000000-7fccf9100000 rw-p 00000000 00:00 0 
7fccf9200000-7fccf9300000 rw-p 00000000 00:00 0 
7fccf9400000-7fccf9500000 rw-p 00000000 00:00 0 
7fccf9600000-7fccf9700000 rw-p 00000000 00:00 0 
7fccf9800000-7fccf9900000 rw-p 00000000 00:00 0 
7fccf9a00000-7fccf9b00000 rw-p 00000000 00:00 0 
7fccf9c00000-7fccf9d00000 rw-p 00000000 00:00 0 
7fccf9e00000-7fccf9f00000 rw-p 00000000 00:00 0 
7fccfa000000-7fccfa100000 rw-p 00000000 00:00 0 
7fccfa200000-7fccfa300000 rw-p 00000000 00:00 0 
7fccfa400000-7fccfa500000 rw-p 00000000 00:00 0 
7fccfa600000-7fccfa700000 rw-p 00000000 00:00 0 
7fccfa800000-7fccfa900000 rw-p 00000000 00:00 0 
7fccfaa00000-7fccfab00000 rw-p 00000000 00:00 0 
7fccfac00000-7fccfad00000 rw-p 00000000 00:00 0 
7fccfae00000-7fccfaf00000 rw-p 00000000 00:00 0 
7fccfb000000-7fccfb100000 rw-p 00000000 00:00 0 
7fccfb200000-7fccfb300000 rw-p 00000000 00:00 0 
7fccfb400000-7fccfb500000 rw-p 00000000 00:00 0 
7fccfb600000-7fccfb700000 rw-p 00000000 00:00 0 
7fccfb7f7000-7fccfba00000 rw-p 00000000 00:00 0 
7fccfbb00000-7fccfbc00000 rw-p 00000000 00:00 0 
7fccfbd00000-7fccfbe00000 rw-p 00000000 00:00 0 
7fccfbf00000-7fccfc000000 rw-p 00000000 00:00 0 
7fccfc100000-7fccfc200000 rw-p 00000000 00:00 0 
7fccfc300000-7fccfc400000 rw-p 00000000 00:00 0 
7fccfc500000-7fccfc600000 rw-p 00000000 00:00 0 
7fccfc700000-7fccfc800000 rw-p 00000000 00:00 0 
7fccfc900000-7fccfca00000 rw-p 00000000 00:00 0 
7fccfcb00000-7fccfcc00000 rw-p 00000000 00:00 0 
7fccfcd00000-7fccfce00000 rw-p 00000000 00:00 0 
7fccfcf00000-7fccfd000000 rw-p 00000000 00:00 0 
7fccfd100000-7fccfd200000 rw-p 00000000 00:00 0 
7fccfd300000-7fccfd400000 rw-p 00000000 00:00 0 
7fccfd500000-7fccfd600000 rw-p 00000000 00:00 0 
7fccfd700000-7fccfd800000 rw-p 00000000 00:00 0 
7fccfd900000-7fccfda00000 rw-p 00000000 00:00 0 
7fccfdb00000-7fccfdc00000 rw-p 00000000 00:00 0 
7fccfdd00000-7fccfde00000 rw-p 00000000 00:00 0 
7fccfdf00000-7fccfe000000 rw-p 00000000 00:00 0 
7fccfe100000-7fccfe200000 rw-p 00000000 00:00 0 
7fccfe300000-7fccfe400000 rw-p 00000000 00:00 0 
7fccfe500000-7fccfe600000 rw-p 00000000 00:00 0 
7fccfe700000-7fccfe800000 rw-p 00000000 00:00 0 
7fccfe900000-7fccfea00000 rw-p 00000000 00:00 0 
7fccfeb00000-7fccfec00000 rw-p 00000000 00:00 0 
7fccfed00000-7fccfee00000 rw-p 00000000 00:00 0 
7fccfef00000-7fccff000000 rw-p 00000000 00:00 0 
7fccff100000-7fccff200000 rw-p 00000000 00:00 0 
7fccff300000-7fccff400000 rw-p 00000000 00:00 0 
7fccff500000-7fccff600000 rw-p 00000000 00:00 0 
7fccff700000-7fccff800000 rw-p 00000000 00:00 0 
7fccff900000-7fccffa00000 rw-p 00000000 00:00 0 
7fccffb00000-7fccffc00000 rw-p 00000000 00:00 0 
7fccffcf7000-7fccfff00000 rw-p 00000000 00:00 0 
7fcd00000000-7fcd00100000 rw-p 00000000 00:00 0 
7fcd00200000-7fcd00300000 rw-p 00000000 00:00 0 
7fcd00400000-7fcd00500000 rw-p 00000000 00:00 0 
7fcd00800000-7fcd00900000 rw-p 00000000 00:00 0 
7fcd00a00000-7fcd00b00000 rw-p 00000000 00:00 0 
7fcd00c00000-7fcd00d00000 rw-p 00000000 00:00 0 
7fcd01000000-7fcd01100000 rw-p 00000000 00:00 0 
7fcd01200000-7fcd01300000 rw-p 00000000 00:00 0 
7fcd01400000-7fcd01500000 rw-p 00000000 00:00 0 
7fcd01600000-7fcd01700000 rw-p 00000000 00:00 0 
7fcd01800000-7fcd01900000 rw-p 00000000 00:00 0 
7fcd01a00000-7fcd01b00000 rw-p 00000000 00:00 0 
7fcd01c00000-7fcd01d00000 rw-p 00000000 00:00 0 
7fcd01e00000-7fcd01f00000 rw-p 00000000 00:00 0 
7fcd02000000-7fcd02100000 rw-p 00000000 00:00 0 
7fcd02200000-7fcd02300000 rw-p 00000000 00:00 0 
7fcd02400000-7fcd02500000 rw-p 00000000 00:00 0 
7fcd02800000-7fcd02900000 rw-p 00000000 00:00 0 
7fcd02a00000-7fcd02b00000 rw-p 00000000 00:00 0 
7fcd02e00000-7fcd02f00000 rw-p 00000000 00:00 0 
7fcd03200000-7fcd03300000 rw-p 00000000 00:00 0 
7fcd03400000-7fcd03500000 rw-p 00000000 00:00 0 
7fcd03600000-7fcd03700000 rw-p 00000000 00:00 0 
7fcd03800000-7fcd03900000 rw-p 00000000 00:00 0 
7fcd03a00000-7fcd03b00000 rw-p 00000000 00:00 0 
7fcd03c00000-7fcd03d00000 rw-p 00000000 00:00 0 
7fcd03e00000-7fcd03f00000 rw-p 00000000 00:00 0 
7fcd04000000-7fcd04021000 rw-p 00000000 00:00 0 
7fcd04021000-7fcd08000000 ---p 00000000 00:00 0 
7fcd08100000-7fcd08200000 rw-p 00000000 00:00 0 
7fcd08300000-7fcd08400000 rw-p 00000000 00:00 0 
7fcd08500000-7fcd08600000 rw-p 00000000 00:00 0 
7fcd08700000-7fcd08800000 rw-p 00000000 00:00 0 
7fcd08900000-7fcd08a00000 rw-p 00000000 00:00 0 
7fcd08b00000-7fcd08c00000 rw-p 00000000 00:00 0 
7fcd08d00000-7fcd08e00000 rw-p 00000000 00:00 0 
7fcd08f00000-7fcd09000000 rw-p 00000000 00:00 0 
7fcd09100000-7fcd09200000 rw-p 00000000 00:00 0 
7fcd09300000-7fcd09400000 rw-p 00000000 00:00 0 
7fcd09500000-7fcd09600000 rw-p 00000000 00:00 0 
7fcd09700000-7fcd09800000 rw-p 00000000 00:00 0 
7fcd09900000-7fcd09a00000 rw-p 00000000 00:00 0 
7fcd09b00000-7fcd09c00000 rw-p 00000000 00:00 0 
7fcd09d00000-7fcd09e00000 rw-p 00000000 00:00 0 
7fcd09f00000-7fcd0a000000 rw-p 00000000 00:00 0 
7fcd0a100000-7fcd0a200000 rw-p 00000000 00:00 0 
7fcd0a300000-7fcd0a400000 rw-p 00000000 00:00 0 
7fcd0a500000-7fcd0a600000 rw-p 00000000 00:00 0 
7fcd0a700000-7fcd0a800000 rw-p 00000000 00:00 0 
7fcd0a900000-7fcd0aa00000 rw-p 00000000 00:00 0 
7fcd0ab00000-7fcd0ac00000 rw-p 00000000 00:00 0 
7fcd0ad00000-7fcd0ae00000 rw-p 00000000 00:00 0 
7fcd0aeff000-7fcd0af03000 ---p 00000000 00:00 0 
7fcd0af03000-7fcd0b100000 rw-p 00000000 00:00 0 
7fcd0b200000-7fcd0b300000 rw-p 00000000 00:00 0 
7fcd0b400000-7fcd0b500000 rw-p 00000000 00:00 0 
7fcd0b600000-7fcd0b700000 rw-p 00000000 00:00 0 
7fcd0b800000-7fcd0b900000 rw-p 00000000 00:00 0 
7fcd0ba00000-7fcd0bb00000 rw-p 00000000 00:00 0 
7fcd0bc00000-7fcd0bd00000 rw-p 00000000 00:00 0 
7fcd0be00000-7fcd0bf00000 rw-p 00000000 00:00 0 
7fcd0c000000-7fcd0c021000 rw-p 00000000 00:00 0 
7fcd0c021000-7fcd10000000 ---p 00000000 00:00 0 
7fcd10100000-7fcd10200000 rw-p 00000000 00:00 0 
7fcd10300000-7fcd10400000 rw-p 00000000 00:00 0 
7fcd10500000-7fcd10600000 rw-p 00000000 00:00 0 
7fcd10700000-7fcd10800000 rw-p 00000000 00:00 0 
7fcd10900000-7fcd10a00000 rw-p 00000000 00:00 0 
7fcd10b00000-7fcd10c00000 rw-p 00000000 00:00 0 
7fcd10d00000-7fcd10e00000 rw-p 00000000 00:00 0 
7fcd10f00000-7fcd11000000 rw-p 00000000 00:00 0 
7fcd11100000-7fcd11200000 rw-p 00000000 00:00 0 
7fcd11300000-7fcd11400000 rw-p 00000000 00:00 0 
7fcd11500000-7fcd11600000 rw-p 00000000 00:00 0 
7fcd11700000-7fcd11800000 rw-p 00000000 00:00 0 
7fcd11900000-7fcd11a00000 rw-p 00000000 00:00 0 
7fcd11b00000-7fcd11c00000 rw-p 00000000 00:00 0 
7fcd11d00000-7fcd11e00000 rw-p 00000000 00:00 0 
7fcd11f00000-7fcd12000000 rw-p 00000000 00:00 0 
7fcd12100000-7fcd12200000 rw-p 00000000 00:00 0 
7fcd12300000-7fcd12400000 rw-p 00000000 00:00 0 
7fcd124ff000-7fcd12503000 ---p 00000000 00:00 0 
7fcd12503000-7fcd12700000 rw-p 00000000 00:00 0 
7fcd12800000-7fcd12900000 rw-p 00000000 00:00 0 
7fcd12a00000-7fcd12b00000 rw-p 00000000 00:00 0 
7fcd12c00000-7fcd12d00000 rw-p 00000000 00:00 0 
7fcd12e00000-7fcd12f00000 rw-p 00000000 00:00 0 
7fcd13000000-7fcd13100000 rw-p 00000000 00:00 0 
7fcd13200000-7fcd13300000 rw-p 00000000 00:00 0 
7fcd13400000-7fcd13500000 rw-p 00000000 00:00 0 
7fcd13600000-7fcd13700000 rw-p 00000000 00:00 0 
7fcd13800000-7fcd13900000 rw-p 00000000 00:00 0 
7fcd13a00000-7fcd13b00000 rw-p 00000000 00:00 0 
7fcd13c00000-7fcd13d00000 rw-p 00000000 00:00 0 
7fcd13e00000-7fcd13f00000 rw-p 00000000 00:00 0 
7fcd14000000-7fcd14100000 rw-p 00000000 00:00 0 
7fcd14200000-7fcd14300000 rw-p 00000000 00:00 0 
7fcd14400000-7fcd14500000 rw-p 00000000 00:00 0 
7fcd14600000-7fcd14700000 rw-p 00000000 00:00 0 
7fcd14800000-7fcd14900000 rw-p 00000000 00:00 0 
7fcd14a00000-7fcd14b00000 rw-p 00000000 00:00 0 
7fcd14c00000-7fcd14d00000 rw-p 00000000 00:00 0 
7fcd14e00000-7fcd14f00000 rw-p 00000000 00:00 0 
7fcd15000000-7fcd15100000 rw-p 00000000 00:00 0 
7fcd15200000-7fcd15300000 rw-p 00000000 00:00 0 
7fcd15400000-7fcd15500000 rw-p 00000000 00:00 0 
7fcd15600000-7fcd15700000 rw-p 00000000 00:00 0 
7fcd15800000-7fcd15900000 rw-p 00000000 00:00 0 
7fcd15a00000-7fcd15b00000 rw-p 00000000 00:00 0 
7fcd15c00000-7fcd15d00000 rw-p 00000000 00:00 0 
7fcd15e00000-7fcd15f00000 rw-p 00000000 00:00 0 
7fcd16000000-7fcd16100000 rw-p 00000000 00:00 0 
7fcd16200000-7fcd16300000 rw-p 00000000 00:00 0 
7fcd16400000-7fcd16500000 rw-p 00000000 00:00 0 
7fcd16600000-7fcd16700000 rw-p 00000000 00:00 0 
7fcd16800000-7fcd16900000 rw-p 00000000 00:00 0 
7fcd16a00000-7fcd16b00000 rw-p 00000000 00:00 0 
7fcd16c00000-7fcd16d00000 rw-p 00000000 00:00 0 
7fcd16e00000-7fcd16f00000 rw-p 00000000 00:00 0 
7fcd17000000-7fcd17100000 rw-p 00000000 00:00 0 
7fcd17200000-7fcd17300000 rw-p 00000000 00:00 0 
7fcd17400000-7fcd17500000 rw-p 00000000 00:00 0 
7fcd17600000-7fcd17700000 rw-p 00000000 00:00 0 
7fcd17800000-7fcd17900000 rw-p 00000000 00:00 0 
7fcd17a00000-7fcd17b00000 rw-p 00000000 00:00 0 
7fcd17c00000-7fcd17d00000 rw-p 00000000 00:00 0 
7fcd17e00000-7fcd17f00000 rw-p 00000000 00:00 0 
7fcd18400000-7fcd18500000 rw-p 00000000 00:00 0 
7fcd18600000-7fcd18700000 rw-p 00000000 00:00 0 
7fcd187a7000-7fcd18b00000 rw-p 00000000 00:00 0 
7fcd18c00000-7fcd18d00000 rw-p 00000000 00:00 0 
7fcd18d59000-7fcd19100000 rw-p 00000000 00:00 0 
7fcd19200000-7fcd19300000 rw-p 00000000 00:00 0 
7fcd19400000-7fcd19500000 rw-p 00000000 00:00 0 
7fcd19600000-7fcd19700000 rw-p 00000000 00:00 0 
7fcd19800000-7fcd19900000 rw-p 00000000 00:00 0 
7fcd19a00000-7fcd19b00000 rw-p 00000000 00:00 0 
7fcd19c00000-7fcd19d00000 rw-p 00000000 00:00 0 
7fcd19e00000-7fcd19f00000 rw-p 00000000 00:00 0 
7fcd1a000000-7fcd1a100000 rw-p 00000000 00:00 0 
7fcd1a200000-7fcd1a300000 rw-p 00000000 00:00 0 
7fcd1a400000-7fcd1a500000 rw-p 00000000 00:00 0 
7fcd1a600000-7fcd1a700000 rw-p 00000000 00:00 0 
7fcd1a800000-7fcd1a900000 rw-p 00000000 00:00 0 
7fcd1aa00000-7fcd1ab00000 rw-p 00000000 00:00 0 
7fcd1ac00000-7fcd1ad00000 rw-p 00000000 00:00 0 
7fcd1ae00000-7fcd1af00000 rw-p 00000000 00:00 0 
7fcd1b000000-7fcd1b100000 rw-p 00000000 00:00 0 
7fcd1b200000-7fcd1b300000 rw-p 00000000 00:00 0 
7fcd1b400000-7fcd1b500000 rw-p 00000000 00:00 0 
7fcd1b600000-7fcd1b700000 rw-p 00000000 00:00 0 
7fcd1b800000-7fcd1b900000 rw-p 00000000 00:00 0 
7fcd1ba00000-7fcd1bb00000 rw-p 00000000 00:00 0 
7fcd1bc00000-7fcd1bd00000 rw-p 00000000 00:00 0 
7fcd1be00000-7fcd1bf00000 rw-p 00000000 00:00 0 
7fcd1c000000-7fcd1c078000 rw-p 00000000 00:00 0 
7fcd1c078000-7fcd20000000 ---p 00000000 00:00 0 
7fcd20100000-7fcd20200000 rw-p 00000000 00:00 0 
7fcd20300000-7fcd20400000 rw-p 00000000 00:00 0 
7fcd20500000-7fcd20600000 rw-p 00000000 00:00 0 
7fcd20700000-7fcd20800000 rw-p 00000000 00:00 0 
7fcd20900000-7fcd20a00000 rw-p 00000000 00:00 0 
7fcd20b00000-7fcd20c00000 rw-p 00000000 00:00 0 
7fcd20d00000-7fcd20e00000 rw-p 00000000 00:00 0 
7fcd20f00000-7fcd21000000 rw-p 00000000 00:00 0 
7fcd21100000-7fcd21200000 rw-p 00000000 00:00 0 
7fcd21300000-7fcd21400000 rw-p 00000000 00:00 0 
7fcd21500000-7fcd21600000 rw-p 00000000 00:00 0 
7fcd21700000-7fcd21800000 rw-p 00000000 00:00 0 
7fcd21900000-7fcd21a00000 rw-p 00000000 00:00 0 
7fcd21b00000-7fcd21c00000 rw-p 00000000 00:00 0 
7fcd21d00000-7fcd21e00000 rw-p 00000000 00:00 0 
7fcd21f00000-7fcd22000000 rw-p 00000000 00:00 0 
7fcd22100000-7fcd22200000 rw-p 00000000 00:00 0 
7fcd22300000-7fcd22400000 rw-p 00000000 00:00 0 
7fcd22500000-7fcd22600000 rw-p 00000000 00:00 0 
7fcd22700000-7fcd22800000 rw-p 00000000 00:00 0 
7fcd22900000-7fcd22a00000 rw-p 00000000 00:00 0 
7fcd22b00000-7fcd22c00000 rw-p 00000000 00:00 0 
7fcd22d00000-7fcd22e00000 ---p 00000000 00:00 0 
7fcd22e00000-7fcd2345f000 r--p 01362000 103:02 51870081                  /home/a4090/miniconda3/envs/auto_pose/lib/jvm/lib/libjvmcicompiler.so
7fcd2345f000-7fcd23600000 r--p 00000000 00:00 0 
7fcd23600000-7fcd2360e000 rw-p 00000000 00:00 0 
7fcd2360e000-7fcd23b63000 rw-p 01b70000 103:02 51870081                  /home/a4090/miniconda3/envs/auto_pose/lib/jvm/lib/libjvmcicompiler.so
7fcd23b63000-7fcd23fdd000 r--p 020c5000 103:02 51870081                  /home/a4090/miniconda3/envs/auto_pose/lib/jvm/lib/libjvmcicompiler.so
7fcd24000000-7fcd24087000 rw-p 00000000 00:00 0 
7fcd24087000-7fcd28000000 ---p 00000000 00:00 0 
7fcd28100000-7fcd28200000 rw-p 00000000 00:00 0 
7fcd282ff000-7fcd28303000 ---p 00000000 00:00 0 
7fcd28303000-7fcd28500000 rw-p 00000000 00:00 0 
7fcd28600000-7fcd28700000 rw-p 00000000 00:00 0 
7fcd28800000-7fcd28900000 rw-p 00000000 00:00 0 
7fcd28a00000-7fcd28b00000 rw-p 00000000 00:00 0 
7fcd28c00000-7fcd28d00000 rw-p 00000000 00:00 0 
7fcd28e00000-7fcd28f00000 rw-p 00000000 00:00 0 
7fcd29000000-7fcd29100000 rw-p 00000000 00:00 0 
7fcd29200000-7fcd29300000 ---p 00000000 00:00 0 
7fcd29300000-7fcd2995f000 r--p 01362000 103:02 51870081                  /home/a4090/miniconda3/envs/auto_pose/lib/jvm/lib/libjvmcicompiler.so
7fcd2995f000-7fcd29b00000 r--p 00000000 00:00 0 
7fcd29b00000-7fcd29b0e000 rw-p 00000000 00:00 0 
7fcd29b0e000-7fcd2a063000 rw-p 01b70000 103:02 51870081                  /home/a4090/miniconda3/envs/auto_pose/lib/jvm/lib/libjvmcicompiler.so
7fcd2a063000-7fcd2a4dd000 r--p 020c5000 103:02 51870081                  /home/a4090/miniconda3/envs/auto_pose/lib/jvm/lib/libjvmcicompiler.so
7fcd2a500000-7fcd2a600000 rw-p 00000000 00:00 0 
7fcd2a6ff000-7fcd2a703000 ---p 00000000 00:00 0 
7fcd2a703000-7fcd2a900000 rw-p 00000000 00:00 0 
7fcd2aa00000-7fcd2ab00000 rw-p 00000000 00:00 0 
7fcd2ac00000-7fcd2ad00000 rw-p 00000000 00:00 0 
7fcd2ae00000-7fcd2af00000 rw-p 00000000 00:00 0 
7fcd2b000000-7fcd2b100000 rw-p 00000000 00:00 0 
7fcd2b200000-7fcd2b300000 rw-p 00000000 00:00 0 
7fcd2b400000-7fcd2b500000 rw-p 00000000 00:00 0 
7fcd2b600000-7fcd2b700000 rw-p 00000000 00:00 0 
7fcd2b800000-7fcd2b900000 rw-p 00000000 00:00 0 
7fcd2ba00000-7fcd2bb00000 rw-p 00000000 00:00 0 
7fcd2bc00000-7fcd2bd00000 rw-p 00000000 00:00 0 
7fcd2be00000-7fcd2bf00000 rw-p 00000000 00:00 0 
7fcd2c000000-7fcd2c02b000 rw-p 00000000 00:00 0 
7fcd2c02b000-7fcd30000000 ---p 00000000 00:00 0 
7fcd30000000-7fcd30100000 rw-p 00000000 00:00 0 
7fcd30200000-7fcd30300000 rw-p 00000000 00:00 0 
7fcd30400000-7fcd30500000 rw-p 00000000 00:00 0 
7fcd30600000-7fcd30700000 rw-p 00000000 00:00 0 
7fcd30800000-7fcd30900000 rw-p 00000000 00:00 0 
7fcd30a00000-7fcd30b00000 rw-p 00000000 00:00 0 
7fcd30c00000-7fcd30d00000 rw-p 00000000 00:00 0 
7fcd30e00000-7fcd30f00000 rw-p 00000000 00:00 0 
7fcd31000000-7fcd31100000 rw-p 00000000 00:00 0 
7fcd31200000-7fcd31300000 rw-p 00000000 00:00 0 
7fcd31400000-7fcd31500000 rw-p 00000000 00:00 0 
7fcd31600000-7fcd31700000 rw-p 00000000 00:00 0 
7fcd31800000-7fcd31900000 rw-p 00000000 00:00 0 
7fcd31a00000-7fcd31b00000 rw-p 00000000 00:00 0 
7fcd31c00000-7fcd31d00000 rw-p 00000000 00:00 0 
7fcd31e00000-7fcd31f00000 rw-p 00000000 00:00 0 
7fcd32000000-7fcd32100000 rw-p 00000000 00:00 0 
7fcd32200000-7fcd32300000 rw-p 00000000 00:00 0 
7fcd32400000-7fcd32500000 rw-p 00000000 00:00 0 
7fcd32600000-7fcd32700000 rw-p 00000000 00:00 0 
7fcd32800000-7fcd32900000 rw-p 00000000 00:00 0 
7fcd32a00000-7fcd32b00000 ---p 00000000 00:00 0 
7fcd32b00000-7fcd3315f000 r--p 01362000 103:02 51870081                  /home/a4090/miniconda3/envs/auto_pose/lib/jvm/lib/libjvmcicompiler.so
7fcd3315f000-7fcd33300000 r--p 00000000 00:00 0 
7fcd33300000-7fcd3330e000 rw-p 00000000 00:00 0 
7fcd3330e000-7fcd33863000 rw-p 01b70000 103:02 51870081                  /home/a4090/miniconda3/envs/auto_pose/lib/jvm/lib/libjvmcicompiler.so
7fcd33863000-7fcd33cdd000 r--p 020c5000 103:02 51870081                  /home/a4090/miniconda3/envs/auto_pose/lib/jvm/lib/libjvmcicompiler.so
7fcd33d00000-7fcd33e00000 rw-p 00000000 00:00 0 
7fcd33eff000-7fcd33f03000 ---p 00000000 00:00 0 
7fcd33f03000-7fcd34000000 rw-p 00000000 00:00 0 
7fcd34000000-7fcd3404d000 rw-p 00000000 00:00 0 
7fcd3404d000-7fcd38000000 ---p 00000000 00:00 0 
7fcd38000000-7fcd38100000 rw-p 00000000 00:00 0 
7fcd38200000-7fcd38300000 rw-p 00000000 00:00 0 
7fcd38400000-7fcd38500000 rw-p 00000000 00:00 0 
7fcd38600000-7fcd38700000 rw-p 00000000 00:00 0 
7fcd38800000-7fcd38900000 ---p 00000000 00:00 0 
7fcd38900000-7fcd38f5f000 r--p 01362000 103:02 51870081                  /home/a4090/miniconda3/envs/auto_pose/lib/jvm/lib/libjvmcicompiler.so
7fcd38f5f000-7fcd39100000 r--p 00000000 00:00 0 
7fcd39100000-7fcd3910e000 rw-p 00000000 00:00 0 
7fcd3910e000-7fcd39663000 rw-p 01b70000 103:02 51870081                  /home/a4090/miniconda3/envs/auto_pose/lib/jvm/lib/libjvmcicompiler.so
7fcd39663000-7fcd39add000 r--p 020c5000 103:02 51870081                  /home/a4090/miniconda3/envs/auto_pose/lib/jvm/lib/libjvmcicompiler.so
7fcd39b00000-7fcd39c00000 rw-p 00000000 00:00 0 
7fcd39d00000-7fcd39e00000 rw-p 00000000 00:00 0 
7fcd39f00000-7fcd3a000000 rw-p 00000000 00:00 0 
7fcd3a100000-7fcd3a200000 rw-p 00000000 00:00 0 
7fcd3a300000-7fcd3a400000 rw-p 00000000 00:00 0 
7fcd3a500000-7fcd3a600000 rw-p 00000000 00:00 0 
7fcd3a700000-7fcd3a800000 rw-p 00000000 00:00 0 
7fcd3a900000-7fcd3aa00000 rw-p 00000000 00:00 0 
7fcd3ab00000-7fcd3ac00000 rw-p 00000000 00:00 0 
7fcd3ad00000-7fcd3ae00000 rw-p 00000000 00:00 0 
7fcd3af00000-7fcd3b000000 rw-p 00000000 00:00 0 
7fcd3b100000-7fcd3b200000 rw-p 00000000 00:00 0 
7fcd3b300000-7fcd3b400000 rw-p 00000000 00:00 0 
7fcd3b500000-7fcd3b600000 rw-p 00000000 00:00 0 
7fcd3b700000-7fcd3b800000 rw-p 00000000 00:00 0 
7fcd3b900000-7fcd3ba00000 rw-p 00000000 00:00 0 
7fcd3bb00000-7fcd3bc00000 rw-p 00000000 00:00 0 
7fcd3bd00000-7fcd3be00000 rw-p 00000000 00:00 0 
7fcd3bf00000-7fcd3c000000 rw-p 00000000 00:00 0 
7fcd3c100000-7fcd3c200000 rw-p 00000000 00:00 0 
7fcd3c300000-7fcd3c400000 rw-p 00000000 00:00 0 
7fcd3c500000-7fcd3c600000 rw-p 00000000 00:00 0 
7fcd3c700000-7fcd3c800000 rw-p 00000000 00:00 0 
7fcd3c900000-7fcd3ca00000 rw-p 00000000 00:00 0 
7fcd3cb00000-7fcd3cc00000 rw-p 00000000 00:00 0 
7fcd3cd00000-7fcd3ce00000 rw-p 00000000 00:00 0 
7fcd3cf00000-7fcd3d000000 rw-p 00000000 00:00 0 
7fcd3d100000-7fcd3d200000 rw-p 00000000 00:00 0 
7fcd3d300000-7fcd3d400000 rw-p 00000000 00:00 0 
7fcd3d500000-7fcd3d600000 rw-p 00000000 00:00 0 
7fcd3d700000-7fcd3d800000 rw-p 00000000 00:00 0 
7fcd3d900000-7fcd3da00000 rw-p 00000000 00:00 0 
7fcd3db00000-7fcd3dc00000 rw-p 00000000 00:00 0 
7fcd3dd00000-7fcd3de00000 rw-p 00000000 00:00 0 
7fcd3df00000-7fcd3e000000 rw-p 00000000 00:00 0 
7fcd3e100000-7fcd3e200000 rw-p 00000000 00:00 0 
7fcd3e300000-7fcd3e400000 rw-p 00000000 00:00 0 
7fcd3e500000-7fcd3e600000 rw-p 00000000 00:00 0 
7fcd3e700000-7fcd3e800000 rw-p 00000000 00:00 0 
7fcd3e900000-7fcd3ea00000 rw-p 00000000 00:00 0 
7fcd3eb00000-7fcd3ec00000 ---p 00000000 00:00 0 
7fcd3ec00000-7fcd3f25f000 r--p 01362000 103:02 51870081                  /home/a4090/miniconda3/envs/auto_pose/lib/jvm/lib/libjvmcicompiler.so
7fcd3f25f000-7fcd3f400000 r--p 00000000 00:00 0 
7fcd3f400000-7fcd3f40e000 rw-p 00000000 00:00 0 
7fcd3f40e000-7fcd3f963000 rw-p 01b70000 103:02 51870081                  /home/a4090/miniconda3/envs/auto_pose/lib/jvm/lib/libjvmcicompiler.so
7fcd3f963000-7fcd3fddd000 r--p 020c5000 103:02 51870081                  /home/a4090/miniconda3/envs/auto_pose/lib/jvm/lib/libjvmcicompiler.so
7fcd3fe00000-7fcd3ff00000 rw-p 00000000 00:00 0 
7fcd40000000-7fcd40034000 rw-p 00000000 00:00 0 
7fcd40034000-7fcd44000000 ---p 00000000 00:00 0 
7fcd44000000-7fcd44049000 rw-p 00000000 00:00 0 
7fcd44049000-7fcd48000000 ---p 00000000 00:00 0 
7fcd480fe000-7fcd48102000 ---p 00000000 00:00 0 
7fcd48102000-7fcd481ff000 rw-p 00000000 00:00 0 
7fcd481ff000-7fcd48203000 ---p 00000000 00:00 0 
7fcd48203000-7fcd48400000 rw-p 00000000 00:00 0 
7fcd48500000-7fcd48600000 rw-p 00000000 00:00 0 
7fcd48700000-7fcd48800000 rw-p 00000000 00:00 0 
7fcd48900000-7fcd48a00000 rw-p 00000000 00:00 0 
7fcd48b00000-7fcd48c00000 rw-p 00000000 00:00 0 
7fcd48d00000-7fcd48e00000 rw-p 00000000 00:00 0 
7fcd48f00000-7fcd49000000 rw-p 00000000 00:00 0 
7fcd49100000-7fcd49200000 rw-p 00000000 00:00 0 
7fcd49300000-7fcd49400000 rw-p 00000000 00:00 0 
7fcd49500000-7fcd49600000 rw-p 00000000 00:00 0 
7fcd49700000-7fcd49800000 rw-p 00000000 00:00 0 
7fcd49900000-7fcd49a00000 rw-p 00000000 00:00 0 
7fcd49b00000-7fcd49c00000 rw-p 00000000 00:00 0 
7fcd49d00000-7fcd49e00000 rw-p 00000000 00:00 0 
7fcd49f00000-7fcd4a000000 rw-p 00000000 00:00 0 
7fcd4a100000-7fcd4a200000 rw-p 00000000 00:00 0 
7fcd4a300000-7fcd4a400000 rw-p 00000000 00:00 0 
7fcd4a500000-7fcd4a600000 rw-p 00000000 00:00 0 
7fcd4a700000-7fcd4a800000 rw-p 00000000 00:00 0 
7fcd4a900000-7fcd4aa00000 rw-p 00000000 00:00 0 
7fcd4ab00000-7fcd4ac00000 rw-p 00000000 00:00 0 
7fcd4ad00000-7fcd4ae00000 ---p 00000000 00:00 0 
7fcd4ae00000-7fcd4b45f000 r--p 01362000 103:02 51870081                  /home/a4090/miniconda3/envs/auto_pose/lib/jvm/lib/libjvmcicompiler.so
7fcd4b45f000-7fcd4b600000 r--p 00000000 00:00 0 
7fcd4b600000-7fcd4b60e000 rw-p 00000000 00:00 0 
7fcd4b60e000-7fcd4bb63000 rw-p 01b70000 103:02 51870081                  /home/a4090/miniconda3/envs/auto_pose/lib/jvm/lib/libjvmcicompiler.so
7fcd4bb63000-7fcd4bfdd000 r--p 020c5000 103:02 51870081                  /home/a4090/miniconda3/envs/auto_pose/lib/jvm/lib/libjvmcicompiler.so
7fcd4c000000-7fcd4c03c000 rw-p 00000000 00:00 0 
7fcd4c03c000-7fcd50000000 ---p 00000000 00:00 0 
7fcd50000000-7fcd50021000 rw-p 00000000 00:00 0 
7fcd50021000-7fcd54000000 ---p 00000000 00:00 0 
7fcd54100000-7fcd54200000 rw-p 00000000 00:00 0 
7fcd54300000-7fcd54400000 rw-p 00000000 00:00 0 
7fcd54500000-7fcd54600000 rw-p 00000000 00:00 0 
7fcd54700000-7fcd54800000 rw-p 00000000 00:00 0 
7fcd548ff000-7fcd54903000 ---p 00000000 00:00 0 
7fcd54903000-7fcd54b00000 rw-p 00000000 00:00 0 
7fcd54c00000-7fcd54d00000 rw-p 00000000 00:00 0 
7fcd54e00000-7fcd54f00000 rw-p 00000000 00:00 0 
7fcd55000000-7fcd55100000 rw-p 00000000 00:00 0 
7fcd55200000-7fcd55300000 rw-p 00000000 00:00 0 
7fcd55400000-7fcd55500000 rw-p 00000000 00:00 0 
7fcd55600000-7fcd55700000 rw-p 00000000 00:00 0 
7fcd55800000-7fcd55900000 ---p 00000000 00:00 0 
7fcd55900000-7fcd55f5f000 r--p 01362000 103:02 51870081                  /home/a4090/miniconda3/envs/auto_pose/lib/jvm/lib/libjvmcicompiler.so
7fcd55f5f000-7fcd56100000 r--p 00000000 00:00 0 
7fcd56100000-7fcd5610e000 rw-p 00000000 00:00 0 
7fcd5610e000-7fcd56663000 rw-p 01b70000 103:02 51870081                  /home/a4090/miniconda3/envs/auto_pose/lib/jvm/lib/libjvmcicompiler.so
7fcd56663000-7fcd56add000 r--p 020c5000 103:02 51870081                  /home/a4090/miniconda3/envs/auto_pose/lib/jvm/lib/libjvmcicompiler.so
7fcd56aff000-7fcd56b03000 ---p 00000000 00:00 0 
7fcd56b03000-7fcd56d00000 rw-p 00000000 00:00 0 
7fcd56e00000-7fcd56f00000 rw-p 00000000 00:00 0 
7fcd57000000-7fcd57100000 rw-p 00000000 00:00 0 
7fcd57200000-7fcd57300000 rw-p 00000000 00:00 0 
7fcd57400000-7fcd57500000 rw-p 00000000 00:00 0 
7fcd57600000-7fcd57700000 rw-p 00000000 00:00 0 
7fcd57800000-7fcd57900000 rw-p 00000000 00:00 0 
7fcd57a00000-7fcd57b00000 rw-p 00000000 00:00 0 
7fcd57c00000-7fcd57d00000 rw-p 00000000 00:00 0 
7fcd57e00000-7fcd57f00000 rw-p 00000000 00:00 0 
7fcd58000000-7fcd58021000 rw-p 00000000 00:00 0 
7fcd58021000-7fcd5c000000 ---p 00000000 00:00 0 
7fcd5c000000-7fcd5c021000 rw-p 00000000 00:00 0 
7fcd5c021000-7fcd60000000 ---p 00000000 00:00 0 
7fcd60000000-7fcd60021000 rw-p 00000000 00:00 0 
7fcd60021000-7fcd64000000 ---p 00000000 00:00 0 
7fcd64000000-7fcd64021000 rw-p 00000000 00:00 0 
7fcd64021000-7fcd68000000 ---p 00000000 00:00 0 
7fcd68000000-7fcd68021000 rw-p 00000000 00:00 0 
7fcd68021000-7fcd6c000000 ---p 00000000 00:00 0 
7fcd6c000000-7fcd6c0c7000 rw-p 00000000 00:00 0 
7fcd6c0c7000-7fcd70000000 ---p 00000000 00:00 0 
7fcd70100000-7fcd70200000 rw-p 00000000 00:00 0 
7fcd70300000-7fcd70400000 rw-p 00000000 00:00 0 
7fcd70500000-7fcd70600000 rw-p 00000000 00:00 0 
7fcd70700000-7fcd70800000 rw-p 00000000 00:00 0 
7fcd70900000-7fcd70a00000 rw-p 00000000 00:00 0 
7fcd70b00000-7fcd70c00000 rw-p 00000000 00:00 0 
7fcd70d00000-7fcd70e00000 rw-p 00000000 00:00 0 
7fcd70f00000-7fcd71000000 rw-p 00000000 00:00 0 
7fcd71100000-7fcd71200000 rw-p 00000000 00:00 0 
7fcd71300000-7fcd71400000 rw-p 00000000 00:00 0 
7fcd71500000-7fcd71600000 rw-p 00000000 00:00 0 
7fcd71700000-7fcd71800000 rw-p 00000000 00:00 0 
7fcd71900000-7fcd71a00000 rw-p 00000000 00:00 0 
7fcd71b00000-7fcd71c00000 rw-p 00000000 00:00 0 
7fcd71d00000-7fcd71e00000 rw-p 00000000 00:00 0 
7fcd71f00000-7fcd72000000 rw-p 00000000 00:00 0 
7fcd72100000-7fcd72200000 rw-p 00000000 00:00 0 
7fcd722f4000-7fcd722f5000 ---p 00000000 00:00 0 
7fcd722f5000-7fcd723f6000 rw-p 00000000 00:00 0 
7fcd723f6000-7fcd723f7000 ---p 00000000 00:00 0 
7fcd723f7000-7fcd724f8000 rw-p 00000000 00:00 0 
7fcd724f8000-7fcd724f9000 ---p 00000000 00:00 0 
7fcd724f9000-7fcd725fa000 rw-p 00000000 00:00 0 
7fcd725fa000-7fcd725fb000 ---p 00000000 00:00 0 
7fcd725fb000-7fcd726fc000 rw-p 00000000 00:00 0 
7fcd726fc000-7fcd726fd000 ---p 00000000 00:00 0 
7fcd726fd000-7fcd727fe000 rw-p 00000000 00:00 0 
7fcd727fe000-7fcd727ff000 ---p 00000000 00:00 0 
7fcd727ff000-7fcd72a00000 rw-p 00000000 00:00 0 
7fcd72b00000-7fcd72c00000 rw-p 00000000 00:00 0 
7fcd72d00000-7fcd72e00000 ---p 00000000 00:00 0 
7fcd72e00000-7fcd7345f000 r--p 01362000 103:02 51870081                  /home/a4090/miniconda3/envs/auto_pose/lib/jvm/lib/libjvmcicompiler.so
7fcd7345f000-7fcd73600000 r--p 00000000 00:00 0 
7fcd73600000-7fcd7360e000 rw-p 00000000 00:00 0 
7fcd7360e000-7fcd73b63000 rw-p 01b70000 103:02 51870081                  /home/a4090/miniconda3/envs/auto_pose/lib/jvm/lib/libjvmcicompiler.so
7fcd73b63000-7fcd73fdd000 r--p 020c5000 103:02 51870081                  /home/a4090/miniconda3/envs/auto_pose/lib/jvm/lib/libjvmcicompiler.so
7fcd74000000-7fcd740ac000 rw-p 00000000 00:00 0 
7fcd740ac000-7fcd78000000 ---p 00000000 00:00 0 
7fcd78000000-7fcd78154000 rw-p 00000000 00:00 0 
7fcd78154000-7fcd7c000000 ---p 00000000 00:00 0 
7fcd7c100000-7fcd7c200000 rw-p 00000000 00:00 0 
7fcd7c300000-7fcd7c400000 rw-p 00000000 00:00 0 
7fcd7c500000-7fcd7c600000 rw-p 00000000 00:00 0 
7fcd7c700000-7fcd7c800000 rw-p 00000000 00:00 0 
7fcd7c8ff000-7fcd7c903000 ---p 00000000 00:00 0 
7fcd7c903000-7fcd7cb00000 rw-p 00000000 00:00 0 
7fcd7cc00000-7fcd7cd00000 rw-p 00000000 00:00 0 
7fcd7ce00000-7fcd7cf00000 rw-p 00000000 00:00 0 
7fcd7d000000-7fcd7d100000 rw-p 00000000 00:00 0 
7fcd7d200000-7fcd7d300000 rw-p 00000000 00:00 0 
7fcd7d400000-7fcd7d500000 rw-p 00000000 00:00 0 
7fcd7d600000-7fcd7d700000 rw-p 00000000 00:00 0 
7fcd7d800000-7fcd7d900000 rw-p 00000000 00:00 0 
7fcd7da00000-7fcd7db00000 rw-p 00000000 00:00 0 
7fcd7dc00000-7fcd7dd00000 ---p 00000000 00:00 0 
7fcd7dd00000-7fcd7e35f000 r--p 01362000 103:02 51870081                  /home/a4090/miniconda3/envs/auto_pose/lib/jvm/lib/libjvmcicompiler.so
7fcd7e35f000-7fcd7e500000 r--p 00000000 00:00 0 
7fcd7e500000-7fcd7e50e000 rw-p 00000000 00:00 0 
7fcd7e50e000-7fcd7ea63000 rw-p 01b70000 103:02 51870081                  /home/a4090/miniconda3/envs/auto_pose/lib/jvm/lib/libjvmcicompiler.so
7fcd7ea63000-7fcd7eedd000 r--p 020c5000 103:02 51870081                  /home/a4090/miniconda3/envs/auto_pose/lib/jvm/lib/libjvmcicompiler.so
7fcd7eeff000-7fcd7ef03000 ---p 00000000 00:00 0 
7fcd7ef03000-7fcd7f100000 rw-p 00000000 00:00 0 
7fcd7f200000-7fcd7f300000 rw-p 00000000 00:00 0 
7fcd7f400000-7fcd7f500000 rw-p 00000000 00:00 0 
7fcd7f600000-7fcd7f700000 rw-p 00000000 00:00 0 
7fcd7f800000-7fcd7f900000 rw-p 00000000 00:00 0 
7fcd7fa00000-7fcd7fb00000 rw-p 00000000 00:00 0 
7fcd7fc00000-7fcd7fd00000 rw-p 00000000 00:00 0 
7fcd7fe00000-7fcd7ff00000 rw-p 00000000 00:00 0 
7fcd80000000-7fcd80021000 rw-p 00000000 00:00 0 
7fcd80021000-7fcd84000000 ---p 00000000 00:00 0 
7fcd84000000-7fcd84021000 rw-p 00000000 00:00 0 
7fcd84021000-7fcd88000000 ---p 00000000 00:00 0 
7fcd88000000-7fcd88021000 rw-p 00000000 00:00 0 
7fcd88021000-7fcd8c000000 ---p 00000000 00:00 0 
7fcd8c000000-7fcd8c021000 rw-p 00000000 00:00 0 
7fcd8c021000-7fcd90000000 ---p 00000000 00:00 0 
7fcd90000000-7fcd90021000 rw-p 00000000 00:00 0 
7fcd90021000-7fcd94000000 ---p 00000000 00:00 0 
7fcd94000000-7fcd94021000 rw-p 00000000 00:00 0 
7fcd94021000-7fcd98000000 ---p 00000000 00:00 0 
7fcd98000000-7fcd98021000 rw-p 00000000 00:00 0 
7fcd98021000-7fcd9c000000 ---p 00000000 00:00 0 
7fcd9c000000-7fcd9c021000 rw-p 00000000 00:00 0 
7fcd9c021000-7fcda0000000 ---p 00000000 00:00 0 
7fcda0000000-7fcda0021000 rw-p 00000000 00:00 0 
7fcda0021000-7fcda4000000 ---p 00000000 00:00 0 
7fcda4000000-7fcda4021000 rw-p 00000000 00:00 0 
7fcda4021000-7fcda8000000 ---p 00000000 00:00 0 
7fcda8000000-7fcda8021000 rw-p 00000000 00:00 0 
7fcda8021000-7fcdac000000 ---p 00000000 00:00 0 
7fcdac000000-7fcdac021000 rw-p 00000000 00:00 0 
7fcdac021000-7fcdb0000000 ---p 00000000 00:00 0 
7fcdb0000000-7fcdb0021000 rw-p 00000000 00:00 0 
7fcdb0021000-7fcdb4000000 ---p 00000000 00:00 0 
7fcdb4000000-7fcdb4021000 rw-p 00000000 00:00 0 
7fcdb4021000-7fcdb8000000 ---p 00000000 00:00 0 
7fcdb8000000-7fcdb8021000 rw-p 00000000 00:00 0 
7fcdb8021000-7fcdbc000000 ---p 00000000 00:00 0 
7fcdbc000000-7fcdbc021000 rw-p 00000000 00:00 0 
7fcdbc021000-7fcdc0000000 ---p 00000000 00:00 0 
7fcdc0000000-7fcdc0021000 rw-p 00000000 00:00 0 
7fcdc0021000-7fcdc4000000 ---p 00000000 00:00 0 
7fcdc4000000-7fcdc4021000 rw-p 00000000 00:00 0 
7fcdc4021000-7fcdc8000000 ---p 00000000 00:00 0 
7fcdc8000000-7fcdc8052000 rw-p 00000000 00:00 0 
7fcdc8052000-7fcdcc000000 ---p 00000000 00:00 0 
7fcdcc000000-7fcdcc021000 rw-p 00000000 00:00 0 
7fcdcc021000-7fcdd0000000 ---p 00000000 00:00 0 
7fcdd0000000-7fcdd0021000 rw-p 00000000 00:00 0 
7fcdd0021000-7fcdd4000000 ---p 00000000 00:00 0 
7fcdd4000000-7fcdd4021000 rw-p 00000000 00:00 0 
7fcdd4021000-7fcdd8000000 ---p 00000000 00:00 0 
7fcdd8000000-7fcdd8021000 rw-p 00000000 00:00 0 
7fcdd8021000-7fcddc000000 ---p 00000000 00:00 0 
7fcddc000000-7fcddc021000 rw-p 00000000 00:00 0 
7fcddc021000-7fcde0000000 ---p 00000000 00:00 0 
7fcde0000000-7fcde0021000 rw-p 00000000 00:00 0 
7fcde0021000-7fcde4000000 ---p 00000000 00:00 0 
7fcde4000000-7fcde4021000 rw-p 00000000 00:00 0 
7fcde4021000-7fcde8000000 ---p 00000000 00:00 0 
7fcde8000000-7fcde8021000 rw-p 00000000 00:00 0 
7fcde8021000-7fcdec000000 ---p 00000000 00:00 0 
7fcdec100000-7fcdec200000 rw-p 00000000 00:00 0 
7fcdec300000-7fcdec400000 rw-p 00000000 00:00 0 
7fcdec500000-7fcdec600000 rw-p 00000000 00:00 0 
7fcdec6cb000-7fcdec6cf000 ---p 00000000 00:00 0 
7fcdec6cf000-7fcdec8cc000 rw-p 00000000 00:00 0 
7fcdec8cc000-7fcdec8cd000 ---p 00000000 00:00 0 
7fcdec8cd000-7fcdec9ce000 rw-p 00000000 00:00 0 
7fcdec9ce000-7fcdec9cf000 ---p 00000000 00:00 0 
7fcdec9cf000-7fcdecad0000 rw-p 00000000 00:00 0 
7fcdecad0000-7fcdecad1000 ---p 00000000 00:00 0 
7fcdecad1000-7fcdecbd2000 rw-p 00000000 00:00 0 
7fcdecbd2000-7fcdecbd3000 ---p 00000000 00:00 0 
7fcdecbd3000-7fcdeccd4000 rw-p 00000000 00:00 0 
7fcdeccd4000-7fcdeccd5000 ---p 00000000 00:00 0 
7fcdeccd5000-7fcdecdd6000 rw-p 00000000 00:00 0 
7fcdecdd6000-7fcdecdd7000 ---p 00000000 00:00 0 
7fcdecdd7000-7fcdeced8000 rw-p 00000000 00:00 0 
7fcdeced8000-7fcdeced9000 ---p 00000000 00:00 0 
7fcdeced9000-7fcdecfda000 rw-p 00000000 00:00 0 
7fcdecfda000-7fcdecfdb000 ---p 00000000 00:00 0 
7fcdecfdb000-7fcded0dc000 rw-p 00000000 00:00 0 
7fcded0dc000-7fcded0dd000 ---p 00000000 00:00 0 
7fcded0dd000-7fcded1de000 rw-p 00000000 00:00 0 
7fcded1de000-7fcded1df000 ---p 00000000 00:00 0 
7fcded1df000-7fcded2e0000 rw-p 00000000 00:00 0 
7fcded2e0000-7fcded2e1000 ---p 00000000 00:00 0 
7fcded2e1000-7fcded3e2000 rw-p 00000000 00:00 0 
7fcded3e2000-7fcded3e3000 ---p 00000000 00:00 0 
7fcded3e3000-7fcded4e4000 rw-p 00000000 00:00 0 
7fcded4e4000-7fcded4e5000 ---p 00000000 00:00 0 
7fcded4e5000-7fcded5e6000 rw-p 00000000 00:00 0 
7fcded5e6000-7fcded5e7000 ---p 00000000 00:00 0 
7fcded5e7000-7fcded6e8000 rw-p 00000000 00:00 0 
7fcded6e8000-7fcded6e9000 ---p 00000000 00:00 0 
7fcded6e9000-7fcded7ea000 rw-p 00000000 00:00 0 
7fcded7ea000-7fcded7eb000 ---p 00000000 00:00 0 
7fcded7eb000-7fcded8ec000 rw-p 00000000 00:00 0 
7fcded8ec000-7fcded8ed000 ---p 00000000 00:00 0 
7fcded8ed000-7fcded9ee000 rw-p 00000000 00:00 0 
7fcded9ee000-7fcded9ef000 ---p 00000000 00:00 0 
7fcded9ef000-7fcdedaf0000 rw-p 00000000 00:00 0 
7fcdedaf0000-7fcdedaf1000 ---p 00000000 00:00 0 
7fcdedaf1000-7fcdedbf2000 rw-p 00000000 00:00 0 
7fcdedbf2000-7fcdedbf3000 ---p 00000000 00:00 0 
7fcdedbf3000-7fcdedcf4000 rw-p 00000000 00:00 0 
7fcdedcf4000-7fcdedcf5000 ---p 00000000 00:00 0 
7fcdedcf5000-7fcdeddf6000 rw-p 00000000 00:00 0 
7fcdeddf6000-7fcdeddf7000 ---p 00000000 00:00 0 
7fcdeddf7000-7fcdedef8000 rw-p 00000000 00:00 0 
7fcdedef8000-7fcdedef9000 ---p 00000000 00:00 0 
7fcdedef9000-7fcdedffa000 rw-p 00000000 00:00 0 
7fcdedffa000-7fcdedffb000 ---p 00000000 00:00 0 
7fcdedffb000-7fcdee0fc000 rw-p 00000000 00:00 0 
7fcdee0fc000-7fcdee0fd000 ---p 00000000 00:00 0 
7fcdee0fd000-7fcdee1fe000 rw-p 00000000 00:00 0 
7fcdee1fe000-7fcdee1ff000 ---p 00000000 00:00 0 
7fcdee1ff000-7fcdee400000 rw-p 00000000 00:00 0 
7fcdee500000-7fcdee600000 rw-p 00000000 00:00 0 
7fcdee700000-7fcdee800000 rw-p 00000000 00:00 0 
7fcdee900000-7fcdeea00000 rw-p 00000000 00:00 0 
7fcdeeb00000-7fcdeec00000 rw-p 00000000 00:00 0 
7fcdeed00000-7fcdeee00000 ---p 00000000 00:00 0 
7fcdeee00000-7fcdef45f000 r--p 01362000 103:02 51870081                  /home/a4090/miniconda3/envs/auto_pose/lib/jvm/lib/libjvmcicompiler.so
7fcdef45f000-7fcdef600000 r--p 00000000 00:00 0 
7fcdef600000-7fcdef60e000 rw-p 00000000 00:00 0 
7fcdef60e000-7fcdefb63000 rw-p 01b70000 103:02 51870081                  /home/a4090/miniconda3/envs/auto_pose/lib/jvm/lib/libjvmcicompiler.so
7fcdefb63000-7fcdeffdd000 r--p 020c5000 103:02 51870081                  /home/a4090/miniconda3/envs/auto_pose/lib/jvm/lib/libjvmcicompiler.so
7fcdf0000000-7fcdf0119000 rw-p 00000000 00:00 0 
7fcdf0119000-7fcdf4000000 ---p 00000000 00:00 0 
7fcdf4000000-7fcdf405f000 rw-p 00000000 00:00 0 
7fcdf405f000-7fcdf8000000 ---p 00000000 00:00 0 
7fcdf8000000-7fcdf8021000 rw-p 00000000 00:00 0 
7fcdf8021000-7fcdfc000000 ---p 00000000 00:00 0 
7fcdfc000000-7fcdfc131000 rw-p 00000000 00:00 0 
7fcdfc131000-7fce00000000 ---p 00000000 00:00 0 
7fce00000000-7fce001b6000 rw-p 00000000 00:00 0 
7fce001b6000-7fce04000000 ---p 00000000 00:00 0 
7fce040fb000-7fce040fc000 ---p 00000000 00:00 0 
7fce040fc000-7fce041fd000 rw-p 00000000 00:00 0 
7fce041fd000-7fce04201000 ---p 00000000 00:00 0 
7fce04201000-7fce042fe000 rw-p 00000000 00:00 0 
7fce042fe000-7fce04302000 ---p 00000000 00:00 0 
7fce04302000-7fce044ff000 rw-p 00000000 00:00 0 
7fce044ff000-7fce04503000 ---p 00000000 00:00 0 
7fce04503000-7fce04800000 rw-p 00000000 00:00 0 
7fce04900000-7fce04a00000 rw-p 00000000 00:00 0 
7fce04b00000-7fce04c00000 rw-p 00000000 00:00 0 
7fce04d00000-7fce04e00000 rw-p 00000000 00:00 0 
7fce04f00000-7fce05000000 rw-p 00000000 00:00 0 
7fce05100000-7fce05200000 rw-p 00000000 00:00 0 
7fce05300000-7fce05400000 rw-p 00000000 00:00 0 
7fce05500000-7fce05600000 rw-p 00000000 00:00 0 
7fce05700000-7fce05800000 rw-p 00000000 00:00 0 
7fce05900000-7fce05a00000 rw-p 00000000 00:00 0 
7fce05b00000-7fce05c00000 rw-p 00000000 00:00 0 
7fce05cff000-7fce05d03000 ---p 00000000 00:00 0 
7fce05d03000-7fce06000000 rw-p 00000000 00:00 0 
7fce06100000-7fce06200000 rw-p 00000000 00:00 0 
7fce06300000-7fce06400000 rw-p 00000000 00:00 0 
7fce06500000-7fce06700000 rw-p 00000000 00:00 0 
7fce06800000-7fce06900000 rw-p 00000000 00:00 0 
7fce06a00000-7fce06b00000 rw-p 00000000 00:00 0 
7fce06c00000-7fce06d00000 rw-p 00000000 00:00 0 
7fce06e00000-7fce06f00000 rw-p 00000000 00:00 0 
7fce07000000-7fce07100000 rw-p 00000000 00:00 0 
7fce07200000-7fce07300000 rw-p 00000000 00:00 0 
7fce07400000-7fce07500000 rw-p 00000000 00:00 0 
7fce07600000-7fce07700000 rw-p 00000000 00:00 0 
7fce07800000-7fce07900000 rw-p 00000000 00:00 0 
7fce07a00000-7fce07b00000 rw-p 00000000 00:00 0 
7fce07c00000-7fce07d00000 rw-p 00000000 00:00 0 
7fce07e00000-7fce07f00000 rw-p 00000000 00:00 0 
7fce08000000-7fce08100000 rw-p 00000000 00:00 0 
7fce08200000-7fce08300000 rw-p 00000000 00:00 0 
7fce08400000-7fce08500000 rw-p 00000000 00:00 0 
7fce08600000-7fce08700000 rw-p 00000000 00:00 0 
7fce08800000-7fce08900000 rw-p 00000000 00:00 0 
7fce08a00000-7fce08b00000 rw-p 00000000 00:00 0 
7fce08c00000-7fce08d00000 rw-p 00000000 00:00 0 
7fce08e00000-7fce08f00000 rw-p 00000000 00:00 0 
7fce09000000-7fce09100000 rw-p 00000000 00:00 0 
7fce09200000-7fce09300000 rw-p 00000000 00:00 0 
7fce09400000-7fce09500000 rw-p 00000000 00:00 0 
7fce09600000-7fce09700000 rw-p 00000000 00:00 0 
7fce09800000-7fce09900000 rw-p 00000000 00:00 0 
7fce09a00000-7fce09b00000 rw-p 00000000 00:00 0 
7fce09c00000-7fce09d00000 rw-p 00000000 00:00 0 
7fce09e00000-7fce09f00000 rw-p 00000000 00:00 0 
7fce0a000000-7fce0a100000 rw-p 00000000 00:00 0 
7fce0a200000-7fce0a300000 rw-p 00000000 00:00 0 
7fce0a400000-7fce0a500000 rw-p 00000000 00:00 0 
7fce0a600000-7fce0a700000 rw-p 00000000 00:00 0 
7fce0a800000-7fce0a900000 rw-p 00000000 00:00 0 
7fce0aa00000-7fce0ab00000 rw-p 00000000 00:00 0 
7fce0ac00000-7fce0ad00000 rw-p 00000000 00:00 0 
7fce0ae00000-7fce0af00000 rw-p 00000000 00:00 0 
7fce0b000000-7fce0b100000 rw-p 00000000 00:00 0 
7fce0b200000-7fce0b300000 rw-p 00000000 00:00 0 
7fce0b400000-7fce0b500000 rw-p 00000000 00:00 0 
7fce0b600000-7fce0b700000 rw-p 00000000 00:00 0 
7fce0b800000-7fce0b900000 rw-p 00000000 00:00 0 
7fce0ba00000-7fce0bb00000 rw-p 00000000 00:00 0 
7fce0bc00000-7fce0bd00000 rw-p 00000000 00:00 0 
7fce0be00000-7fce0bf00000 rw-p 00000000 00:00 0 
7fce0c000000-7fce0c036000 rw-p 00000000 00:00 0 
7fce0c036000-7fce10000000 ---p 00000000 00:00 0 
7fce10000000-7fce10028000 rw-p 00000000 00:00 0 
7fce10028000-7fce14000000 ---p 00000000 00:00 0 
7fce14000000-7fce1403a000 rw-p 00000000 00:00 0 
7fce1403a000-7fce18000000 ---p 00000000 00:00 0 
7fce18100000-7fce18200000 ---p 00000000 00:00 0 
7fce18200000-7fce1885f000 r--p 01362000 103:02 51870081                  /home/a4090/miniconda3/envs/auto_pose/lib/jvm/lib/libjvmcicompiler.so
7fce1885f000-7fce18a00000 r--p 00000000 00:00 0 
7fce18a00000-7fce18a0e000 rw-p 00000000 00:00 0 
7fce18a0e000-7fce18f63000 rw-p 01b70000 103:02 51870081                  /home/a4090/miniconda3/envs/auto_pose/lib/jvm/lib/libjvmcicompiler.so
7fce18f63000-7fce193dd000 r--p 020c5000 103:02 51870081                  /home/a4090/miniconda3/envs/auto_pose/lib/jvm/lib/libjvmcicompiler.so
7fce19400000-7fce19500000 ---p 00000000 00:00 0 
7fce19500000-7fce19b5f000 r--p 01362000 103:02 51870081                  /home/a4090/miniconda3/envs/auto_pose/lib/jvm/lib/libjvmcicompiler.so
7fce19b5f000-7fce19d00000 r--p 00000000 00:00 0 
7fce19d00000-7fce19d0e000 rw-p 00000000 00:00 0 
7fce19d0e000-7fce1a263000 rw-p 01b70000 103:02 51870081                  /home/a4090/miniconda3/envs/auto_pose/lib/jvm/lib/libjvmcicompiler.so
7fce1a263000-7fce1a6dd000 r--p 020c5000 103:02 51870081                  /home/a4090/miniconda3/envs/auto_pose/lib/jvm/lib/libjvmcicompiler.so
7fce1a700000-7fce1a800000 ---p 00000000 00:00 0 
7fce1a800000-7fce1ae5f000 r--p 01362000 103:02 51870081                  /home/a4090/miniconda3/envs/auto_pose/lib/jvm/lib/libjvmcicompiler.so
7fce1ae5f000-7fce1b000000 r--p 00000000 00:00 0 
7fce1b000000-7fce1b00e000 rw-p 00000000 00:00 0 
7fce1b00e000-7fce1b563000 rw-p 01b70000 103:02 51870081                  /home/a4090/miniconda3/envs/auto_pose/lib/jvm/lib/libjvmcicompiler.so
7fce1b563000-7fce1b9dd000 r--p 020c5000 103:02 51870081                  /home/a4090/miniconda3/envs/auto_pose/lib/jvm/lib/libjvmcicompiler.so
7fce1b9fd000-7fce1ba01000 ---p 00000000 00:00 0 
7fce1ba01000-7fce1bbfe000 rw-p 00000000 00:00 0 
7fce1bbfe000-7fce1bc02000 ---p 00000000 00:00 0 
7fce1bc02000-7fce1bdff000 rw-p 00000000 00:00 0 
7fce1bdff000-7fce1be03000 ---p 00000000 00:00 0 
7fce1be03000-7fce1c000000 rw-p 00000000 00:00 0 
7fce1c000000-7fce1c021000 rw-p 00000000 00:00 0 
7fce1c021000-7fce20000000 ---p 00000000 00:00 0 
7fce20100000-7fce20200000 rw-p 00000000 00:00 0 
7fce20300000-7fce20400000 rw-p 00000000 00:00 0 
7fce20500000-7fce20600000 rw-p 00000000 00:00 0 
7fce20700000-7fce20800000 rw-p 00000000 00:00 0 
7fce20812000-7fce20a00000 rw-p 00000000 00:00 0 
7fce20a12000-7fce20c00000 rw-p 00000000 00:00 0 
7fce20c60000-7fce20e00000 rw-p 00000000 00:00 0 
7fce20e14000-7fce21000000 rw-p 00000000 00:00 0 
7fce21010000-7fce21200000 rw-p 00000000 00:00 0 
7fce21225000-7fce21400000 rw-p 00000000 00:00 0 
7fce2144a000-7fce21600000 rw-p 00000000 00:00 0 
7fce21611000-7fce2167b000 rw-p 00000000 00:00 0 
7fce2168c000-7fce21800000 rw-p 00000000 00:00 0 
7fce21811000-7fce21859000 rw-p 00000000 00:00 0 
7fce2187b000-7fce21a00000 rw-p 00000000 00:00 0 
7fce21a04000-7fce21a71000 rw-p 00000000 00:00 0 
7fce21a89000-7fce21ab4000 rw-p 00000000 00:00 0 
7fce21ab4000-7fce21c37000 r--p 00000000 103:02 51870081                  /home/a4090/miniconda3/envs/auto_pose/lib/jvm/lib/libjvmcicompiler.so
7fce21c37000-7fce22e0d000 r-xp 00183000 103:02 51870081                  /home/a4090/miniconda3/envs/auto_pose/lib/jvm/lib/libjvmcicompiler.so
7fce22e0d000-7fce23ff7000 r--p 01359000 103:02 51870081                  /home/a4090/miniconda3/envs/auto_pose/lib/jvm/lib/libjvmcicompiler.so
7fce23ff7000-7fce23ffb000 rw-p 02543000 103:02 51870081                  /home/a4090/miniconda3/envs/auto_pose/lib/jvm/lib/libjvmcicompiler.so
7fce23ffb000-7fce24000000 rw-p 027b8000 103:02 51870081                  /home/a4090/miniconda3/envs/auto_pose/lib/jvm/lib/libjvmcicompiler.so
7fce24000000-7fce24304000 rw-p 00000000 00:00 0 
7fce24304000-7fce28000000 ---p 00000000 00:00 0 
7fce28000000-7fce28021000 rw-p 00000000 00:00 0 
7fce28021000-7fce2c000000 ---p 00000000 00:00 0 
7fce2c000000-7fce2c22e000 rw-p 00000000 00:00 0 
7fce2c22e000-7fce30000000 ---p 00000000 00:00 0 
7fce30000000-7fce30021000 rw-p 00000000 00:00 0 
7fce30021000-7fce34000000 ---p 00000000 00:00 0 
7fce34000000-7fce3436c000 rw-p 00000000 00:00 0 
7fce3436c000-7fce38000000 ---p 00000000 00:00 0 
7fce38000000-7fce38021000 rw-p 00000000 00:00 0 
7fce38021000-7fce3c000000 ---p 00000000 00:00 0 
7fce3c000000-7fce3c021000 rw-p 00000000 00:00 0 
7fce3c021000-7fce40000000 ---p 00000000 00:00 0 
7fce40000000-7fce40085000 rw-p 00000000 00:00 0 
7fce40085000-7fce44000000 ---p 00000000 00:00 0 
7fce44000000-7fce44021000 rw-p 00000000 00:00 0 
7fce44021000-7fce48000000 ---p 00000000 00:00 0 
7fce48000000-7fce48021000 rw-p 00000000 00:00 0 
7fce48021000-7fce4c000000 ---p 00000000 00:00 0 
7fce4c000000-7fce4c021000 rw-p 00000000 00:00 0 
7fce4c021000-7fce50000000 ---p 00000000 00:00 0 
7fce50000000-7fce50021000 rw-p 00000000 00:00 0 
7fce50021000-7fce54000000 ---p 00000000 00:00 0 
7fce54000000-7fce54026000 rw-p 00000000 00:00 0 
7fce54026000-7fce58000000 ---p 00000000 00:00 0 
7fce58000000-7fce58021000 rw-p 00000000 00:00 0 
7fce58021000-7fce5c000000 ---p 00000000 00:00 0 
7fce5c000000-7fce5c400000 rw-p 00000000 00:00 0 
7fce5c400000-7fce5c900000 rw-p 00000000 00:00 0 
7fce5c900000-7fce5ca80000 rw-p 00000000 00:00 0 
7fce5ca80000-7fce5cb00000 rw-p 00000000 00:00 0 
7fce5cb00000-7fce5cf00000 rw-p 00000000 00:00 0 
7fce5cf00000-7fce5d000000 rw-p 00000000 00:00 0 
7fce5d000000-7fce5d300000 rw-p 00000000 00:00 0 
7fce5d300000-7fce5d3c0000 rw-p 00000000 00:00 0 
7fce5d3c0000-7fce5d400000 rw-p 00000000 00:00 0 
7fce5d400000-7fce5d800000 rw-p 00000000 00:00 0 
7fce5d800000-7fce5f500000 rw-p 00000000 00:00 0 
7fce5f500000-7fce5f540000 rw-p 00000000 00:00 0 
7fce5f540000-7fce5f600000 ---p 00000000 00:00 0 
7fce5f600000-7fce5fbc0000 rw-p 00000000 00:00 0 
7fce5fbc0000-7fce60000000 ---p 00000000 00:00 0 
7fce60000000-7fce60021000 rw-p 00000000 00:00 0 
7fce60021000-7fce64000000 ---p 00000000 00:00 0 
7fce64007000-7fce64009000 r--p 00000000 103:02 39852051                  /usr/lib/x86_64-linux-gnu/libcrypt.so.1.1.0
7fce64009000-7fce6401e000 r-xp 00002000 103:02 39852051                  /usr/lib/x86_64-linux-gnu/libcrypt.so.1.1.0
7fce6401e000-7fce64038000 r--p 00017000 103:02 39852051                  /usr/lib/x86_64-linux-gnu/libcrypt.so.1.1.0
7fce64038000-7fce64039000 r--p 00030000 103:02 39852051                  /usr/lib/x86_64-linux-gnu/libcrypt.so.1.1.0
7fce64039000-7fce6403a000 rw-p 00031000 103:02 39852051                  /usr/lib/x86_64-linux-gnu/libcrypt.so.1.1.0
7fce6403a000-7fce64075000 rw-p 00000000 00:00 0 
7fce64076000-7fce64200000 rw-p 00000000 00:00 0 
7fce6420a000-7fce6425f000 rw-p 00000000 00:00 0 
7fce6426c000-7fce64273000 r--s 00000000 103:02 40504943                  /usr/lib/x86_64-linux-gnu/gconv/gconv-modules.cache
7fce64273000-7fce64299000 rw-p 00000000 00:00 0 
7fce64299000-7fce6429e000 r--p 00000000 103:02 51867375                  /home/a4090/miniconda3/envs/auto_pose/lib/jvm/languages/python/lib/graalpy23.0/libposix.graalpy230-310-native-x86_64-linux.so
7fce6429e000-7fce642a2000 r-xp 00004000 103:02 51867375                  /home/a4090/miniconda3/envs/auto_pose/lib/jvm/languages/python/lib/graalpy23.0/libposix.graalpy230-310-native-x86_64-linux.so
7fce642a2000-7fce642a3000 r--p 00007000 103:02 51867375                  /home/a4090/miniconda3/envs/auto_pose/lib/jvm/languages/python/lib/graalpy23.0/libposix.graalpy230-310-native-x86_64-linux.so
7fce642a3000-7fce642a4000 rw-p 00007000 103:02 51867375                  /home/a4090/miniconda3/envs/auto_pose/lib/jvm/languages/python/lib/graalpy23.0/libposix.graalpy230-310-native-x86_64-linux.so
7fce642a4000-7fce642a7000 rw-p 00039000 103:02 51867375                  /home/a4090/miniconda3/envs/auto_pose/lib/jvm/languages/python/lib/graalpy23.0/libposix.graalpy230-310-native-x86_64-linux.so
7fce642a7000-7fce642da000 rw-p 00000000 00:00 0 
7fce642de000-7fce64300000 rw-p 00000000 00:00 0 
7fce64300000-7fce64400000 ---p 00000000 00:00 0 
7fce64400000-7fce64a5f000 r--p 01362000 103:02 51870081                  /home/a4090/miniconda3/envs/auto_pose/lib/jvm/lib/libjvmcicompiler.so
7fce64a5f000-7fce64c00000 r--p 00000000 00:00 0 
7fce64c00000-7fce64c0e000 rw-p 00000000 00:00 0 
7fce64c0e000-7fce65163000 rw-p 01b70000 103:02 51870081                  /home/a4090/miniconda3/envs/auto_pose/lib/jvm/lib/libjvmcicompiler.so
7fce65163000-7fce655dd000 r--p 020c5000 103:02 51870081                  /home/a4090/miniconda3/envs/auto_pose/lib/jvm/lib/libjvmcicompiler.so
7fce655e2000-7fce655e5000 r--p 00000000 103:02 51869393                  /home/a4090/miniconda3/envs/auto_pose/lib/jvm/lib/libtrufflenfi.so
7fce655e5000-7fce655f2000 r-xp 00003000 103:02 51869393                  /home/a4090/miniconda3/envs/auto_pose/lib/jvm/lib/libtrufflenfi.so
7fce655f2000-7fce655f5000 r--p 00010000 103:02 51869393                  /home/a4090/miniconda3/envs/auto_pose/lib/jvm/lib/libtrufflenfi.so
7fce655f5000-7fce655f6000 r--p 00012000 103:02 51869393                  /home/a4090/miniconda3/envs/auto_pose/lib/jvm/lib/libtrufflenfi.so
7fce655f6000-7fce655f7000 rw-p 00013000 103:02 51869393                  /home/a4090/miniconda3/envs/auto_pose/lib/jvm/lib/libtrufflenfi.so
7fce655f7000-7fce655f8000 rw-p 0004a000 103:02 51869393                  /home/a4090/miniconda3/envs/auto_pose/lib/jvm/lib/libtrufflenfi.so
7fce655f8000-7fce6561a000 rw-p 00000000 00:00 0 
7fce6561a000-7fce65627000 r-xp 00000000 103:02 51866632                  /home/a4090/miniconda3/envs/auto_pose/lib/jvm/lib/libverify.so
7fce65627000-7fce65629000 r--p 0000c000 103:02 51866632                  /home/a4090/miniconda3/envs/auto_pose/lib/jvm/lib/libverify.so
7fce65629000-7fce6562a000 rw-p 0000e000 103:02 51866632                  /home/a4090/miniconda3/envs/auto_pose/lib/jvm/lib/libverify.so
7fce6562a000-7fce6562c000 rw-p 00010000 103:02 51866632                  /home/a4090/miniconda3/envs/auto_pose/lib/jvm/lib/libverify.so
7fce6562c000-7fce65630000 ---p 00000000 00:00 0 
7fce65630000-7fce6564e000 rw-p 00000000 00:00 0 
7fce6564e000-7fce65654000 r-xp 00000000 103:02 51869757                  /home/a4090/miniconda3/envs/auto_pose/lib/jvm/lib/libmanagement_ext.so
7fce65654000-7fce65655000 r--p 00005000 103:02 51869757                  /home/a4090/miniconda3/envs/auto_pose/lib/jvm/lib/libmanagement_ext.so
7fce65655000-7fce65656000 rw-p 00006000 103:02 51869757                  /home/a4090/miniconda3/envs/auto_pose/lib/jvm/lib/libmanagement_ext.so
7fce65656000-7fce65659000 rw-p 00009000 103:02 51869757                  /home/a4090/miniconda3/envs/auto_pose/lib/jvm/lib/libmanagement_ext.so
7fce65659000-7fce6565d000 r-xp 00000000 103:02 51871985                  /home/a4090/miniconda3/envs/auto_pose/lib/jvm/lib/libmanagement.so
7fce6565d000-7fce6565e000 r--p 00003000 103:02 51871985                  /home/a4090/miniconda3/envs/auto_pose/lib/jvm/lib/libmanagement.so
7fce6565e000-7fce6565f000 rw-p 00004000 103:02 51871985                  /home/a4090/miniconda3/envs/auto_pose/lib/jvm/lib/libmanagement.so
7fce6565f000-7fce65662000 rw-p 00007000 103:02 51871985                  /home/a4090/miniconda3/envs/auto_pose/lib/jvm/lib/libmanagement.so
7fce65662000-7fce65693000 rw-p 00000000 00:00 0 
7fce65693000-7fce656a8000 r-xp 00000000 103:02 51865979                  /home/a4090/miniconda3/envs/auto_pose/lib/jvm/lib/libnet.so
7fce656a8000-7fce656a9000 ---p 00015000 103:02 51865979                  /home/a4090/miniconda3/envs/auto_pose/lib/jvm/lib/libnet.so
7fce656a9000-7fce656aa000 r--p 00015000 103:02 51865979                  /home/a4090/miniconda3/envs/auto_pose/lib/jvm/lib/libnet.so
7fce656aa000-7fce656ab000 rw-p 00016000 103:02 51865979                  /home/a4090/miniconda3/envs/auto_pose/lib/jvm/lib/libnet.so
7fce656ab000-7fce656b0000 rw-p 0001b000 103:02 51865979                  /home/a4090/miniconda3/envs/auto_pose/lib/jvm/lib/libnet.so
7fce656b0000-7fce656c3000 r-xp 00000000 103:02 51865608                  /home/a4090/miniconda3/envs/auto_pose/lib/jvm/lib/libnio.so
7fce656c3000-7fce656c4000 r--p 00012000 103:02 51865608                  /home/a4090/miniconda3/envs/auto_pose/lib/jvm/lib/libnio.so
7fce656c4000-7fce656c5000 rw-p 00013000 103:02 51865608                  /home/a4090/miniconda3/envs/auto_pose/lib/jvm/lib/libnio.so
7fce656c5000-7fce656cd000 rw-p 00019000 103:02 51865608                  /home/a4090/miniconda3/envs/auto_pose/lib/jvm/lib/libnio.so
7fce656cd000-7fce656fe000 rw-p 00000000 00:00 0 
7fce656fe000-7fce65701000 r--p 00000000 103:02 65812693                  /home/a4090/miniconda3/envs/auto_pose/lib/libz.so.1.2.13
7fce65701000-7fce65710000 r-xp 00003000 103:02 65812693                  /home/a4090/miniconda3/envs/auto_pose/lib/libz.so.1.2.13
7fce65710000-7fce65717000 r--p 00012000 103:02 65812693                  /home/a4090/miniconda3/envs/auto_pose/lib/libz.so.1.2.13
7fce65717000-7fce65718000 r--p 00018000 103:02 65812693                  /home/a4090/miniconda3/envs/auto_pose/lib/libz.so.1.2.13
7fce65718000-7fce65719000 rw-p 00019000 103:02 65812693                  /home/a4090/miniconda3/envs/auto_pose/lib/libz.so.1.2.13
7fce65719000-7fce6571a000 ---p 00000000 00:00 0 
7fce6571a000-7fce6581b000 rw-p 00000000 00:00 0 
7fce6581b000-7fce6581f000 ---p 00000000 00:00 0 
7fce6581f000-7fce6591c000 rw-p 00000000 00:00 0 
7fce6591c000-7fce65920000 ---p 00000000 00:00 0 
7fce65920000-7fce65b1d000 rw-p 00000000 00:00 0 
7fce65b1d000-7fce65b21000 ---p 00000000 00:00 0 
7fce65b21000-7fce65c1e000 rw-p 00000000 00:00 0 
7fce65c1e000-7fce65c22000 ---p 00000000 00:00 0 
7fce65c22000-7fce65e1f000 rw-p 00000000 00:00 0 
7fce65e1f000-7fce65e23000 ---p 00000000 00:00 0 
7fce65e23000-7fce65f20000 rw-p 00000000 00:00 0 
7fce65f20000-7fce65f24000 ---p 00000000 00:00 0 
7fce65f24000-7fce66121000 rw-p 00000000 00:00 0 
7fce66121000-7fce66125000 ---p 00000000 00:00 0 
7fce66125000-7fce66322000 rw-p 00000000 00:00 0 
7fce66322000-7fce66326000 ---p 00000000 00:00 0 
7fce66326000-7fce66423000 rw-p 00000000 00:00 0 
7fce66423000-7fce66427000 ---p 00000000 00:00 0 
7fce66427000-7fce66524000 rw-p 00000000 00:00 0 
7fce66524000-7fce66528000 ---p 00000000 00:00 0 
7fce66528000-7fce66625000 rw-p 00000000 00:00 0 
7fce66625000-7fce66e96000 r--p 00000000 103:02 39848971                  /usr/lib/locale/locale-archive
7fce66e96000-7fce66e9a000 ---p 00000000 00:00 0 
7fce66e9a000-7fce66f97000 rw-p 00000000 00:00 0 
7fce66f97000-7fce66f9b000 ---p 00000000 00:00 0 
7fce66f9b000-7fce67098000 rw-p 00000000 00:00 0 
7fce67098000-7fce67099000 ---p 00000000 00:00 0 
7fce67099000-7fce6719a000 rw-p 00000000 00:00 0 
7fce6719a000-7fce67268000 r-xp 00000000 103:02 51869100                  /home/a4090/miniconda3/envs/auto_pose/lib/jvm/lib/libjsvml.so
7fce67268000-7fce67269000 r--p 000cd000 103:02 51869100                  /home/a4090/miniconda3/envs/auto_pose/lib/jvm/lib/libjsvml.so
7fce67269000-7fce6726a000 rw-p 000ce000 103:02 51869100                  /home/a4090/miniconda3/envs/auto_pose/lib/jvm/lib/libjsvml.so
7fce6726a000-7fce67270000 rw-p 000d4000 103:02 51869100                  /home/a4090/miniconda3/envs/auto_pose/lib/jvm/lib/libjsvml.so
7fce67270000-7fce672f1000 rw-p 00000000 00:00 0 
7fce672f1000-7fce672f2000 ---p 00000000 00:00 0 
7fce672f2000-7fce673f3000 rw-p 00000000 00:00 0 
7fce673f3000-7fce673f4000 ---p 00000000 00:00 0 
7fce673f4000-7fce68000000 rw-p 00000000 00:00 0 
7fce68000000-7fce68021000 rw-p 00000000 00:00 0 
7fce68021000-7fce6c000000 ---p 00000000 00:00 0 
7fce6c000000-7fce6c021000 rw-p 00000000 00:00 0 
7fce6c021000-7fce70000000 ---p 00000000 00:00 0 
7fce70000000-7fce70021000 rw-p 00000000 00:00 0 
7fce70021000-7fce74000000 ---p 00000000 00:00 0 
7fce74001000-7fce74002000 r--p 00000000 00:00 0 
7fce74002000-7fce74009000 r-xp 00000000 103:02 51866985                  /home/a4090/miniconda3/envs/auto_pose/lib/jvm/lib/libzip.so
7fce74009000-7fce7400a000 ---p 00007000 103:02 51866985                  /home/a4090/miniconda3/envs/auto_pose/lib/jvm/lib/libzip.so
7fce7400a000-7fce7400b000 r--p 00007000 103:02 51866985                  /home/a4090/miniconda3/envs/auto_pose/lib/jvm/lib/libzip.so
7fce7400b000-7fce7400c000 rw-p 00008000 103:02 51866985                  /home/a4090/miniconda3/envs/auto_pose/lib/jvm/lib/libzip.so
7fce7400c000-7fce7400f000 rw-p 0000b000 103:02 51866985                  /home/a4090/miniconda3/envs/auto_pose/lib/jvm/lib/libzip.so
7fce7400f000-7fce76cb7000 rw-p 00000000 00:00 0 
7fce76cb7000-7fce76cb8000 ---p 00000000 00:00 0 
7fce76cb8000-7fce76db9000 rw-p 00000000 00:00 0 
7fce76db9000-7fce76dba000 ---p 00000000 00:00 0 
7fce76dba000-7fce76ebb000 rw-p 00000000 00:00 0 
7fce76ebb000-7fce76ebc000 ---p 00000000 00:00 0 
7fce76ebc000-7fce77665000 rw-p 00000000 00:00 0 
7fce77665000-7fce78225000 ---p 00000000 00:00 0 
7fce78225000-7fce78265000 rw-p 00000000 00:00 0 
7fce78265000-7fce790a5000 ---p 00000000 00:00 0 
7fce790a5000-7fce790e5000 rw-p 00000000 00:00 0 
7fce790e5000-7fce95065000 ---p 00000000 00:00 0 
7fce95065000-7fce955e5000 rw-p 00000000 00:00 0 
7fce955e5000-7fce961a5000 ---p 00000000 00:00 0 
7fce961a5000-7fce961e5000 rw-p 00000000 00:00 0 
7fce961e5000-7fce97025000 ---p 00000000 00:00 0 
7fce97025000-7fce97065000 rw-p 00000000 00:00 0 
7fce97065000-7fceb2fe5000 ---p 00000000 00:00 0 
7fceb2fe5000-7fceb3105000 rw-p 00000000 00:00 0 
7fceb3105000-7fceb327d000 ---p 00000000 00:00 0 
7fceb327d000-7fceb3285000 rw-p 00000000 00:00 0 
7fceb3285000-7fceb344d000 ---p 00000000 00:00 0 
7fceb344d000-7fceb3455000 rw-p 00000000 00:00 0 
7fceb3455000-7fceb6c45000 ---p 00000000 00:00 0 
7fceb6c45000-7fceb6cf5000 rw-p 00000000 00:00 0 
7fceb6cf5000-7fceb6e6d000 ---p 00000000 00:00 0 
7fceb6e6d000-7fceb6e75000 rw-p 00000000 00:00 0 
7fceb6e75000-7fceb703d000 ---p 00000000 00:00 0 
7fceb703d000-7fceb7045000 rw-p 00000000 00:00 0 
7fceb7045000-7fceba835000 ---p 00000000 00:00 0 
7fceba835000-7fceba8e5000 rw-p 00000000 00:00 0 
7fceba8e5000-7fcebaa5d000 ---p 00000000 00:00 0 
7fcebaa5d000-7fcebaa65000 rw-p 00000000 00:00 0 
7fcebaa65000-7fcebac2d000 ---p 00000000 00:00 0 
7fcebac2d000-7fcebac35000 rw-p 00000000 00:00 0 
7fcebac35000-7fcebe425000 ---p 00000000 00:00 0 
7fcebe425000-7fcebfc41000 rw-p 00000000 00:00 0 
7fcebfc41000-7fcebfd21000 ---p 00000000 00:00 0 
7fcebfd21000-7fcebfd3f000 rw-p 00000000 00:00 0 
7fcebfd3f000-7fcebfe06000 ---p 00000000 00:00 0 
7fcebfe06000-7fcebfe10000 rw-p 00000000 00:00 0 
7fcebfe10000-7fcebfe1d000 ---p 00000000 00:00 0 
7fcebfe1d000-7fcec0cbd000 rwxp 00000000 00:00 0 
7fcec0cbd000-7fcec7093000 ---p 00000000 00:00 0 
7fcec7093000-7fcec7563000 rwxp 00000000 00:00 0 
7fcec7563000-7fcec7ba7000 ---p 00000000 00:00 0 
7fcec7ba7000-7fcec7e17000 rwxp 00000000 00:00 0 
7fcec7e17000-7fcecee1d000 ---p 00000000 00:00 0 
7fcecee1d000-7fcecee41000 r-xp 00000000 103:02 51869794                  /home/a4090/miniconda3/envs/auto_pose/lib/jvm/lib/libjava.so
7fcecee41000-7fcecee42000 ---p 00024000 103:02 51869794                  /home/a4090/miniconda3/envs/auto_pose/lib/jvm/lib/libjava.so
7fcecee42000-7fcecee43000 r--p 00024000 103:02 51869794                  /home/a4090/miniconda3/envs/auto_pose/lib/jvm/lib/libjava.so
7fcecee43000-7fcecee44000 rw-p 00025000 103:02 51869794                  /home/a4090/miniconda3/envs/auto_pose/lib/jvm/lib/libjava.so
7fcecee44000-7fcecee45000 rw-p 00000000 00:00 0 
7fcecee45000-7fcecee50000 rw-p 0002f000 103:02 51869794                  /home/a4090/miniconda3/envs/auto_pose/lib/jvm/lib/libjava.so
7fcecee50000-7fcecee58000 rw-s 00000000 103:02 63966921                  /tmp/hsperfdata_a4090/163482
7fcecee58000-7fcecee5b000 r--p 00000000 103:02 39848170                  /usr/lib/x86_64-linux-gnu/libnss_files-2.31.so
7fcecee5b000-7fcecee62000 r-xp 00003000 103:02 39848170                  /usr/lib/x86_64-linux-gnu/libnss_files-2.31.so
7fcecee62000-7fcecee64000 r--p 0000a000 103:02 39848170                  /usr/lib/x86_64-linux-gnu/libnss_files-2.31.so
7fcecee64000-7fcecee65000 r--p 0000b000 103:02 39848170                  /usr/lib/x86_64-linux-gnu/libnss_files-2.31.so
7fcecee65000-7fcecee66000 rw-p 0000c000 103:02 39848170                  /usr/lib/x86_64-linux-gnu/libnss_files-2.31.so
7fcecee66000-7fcecee6c000 rw-p 00000000 00:00 0 
7fcecee6c000-7fcecee6d000 ---p 00000000 00:00 0 
7fcecee6d000-7fcecee6e000 r--p 00000000 00:00 0 
7fcecee6e000-7fced8c06000 r--s 00000000 103:02 51868487                  /home/a4090/miniconda3/envs/auto_pose/lib/jvm/lib/modules
7fced8c06000-7fced8c21000 r-xp 00000000 103:02 51869974                  /home/a4090/miniconda3/envs/auto_pose/lib/jvm/lib/libjimage.so
7fced8c21000-7fced8c22000 ---p 0001b000 103:02 51869974                  /home/a4090/miniconda3/envs/auto_pose/lib/jvm/lib/libjimage.so
7fced8c22000-7fced8c24000 r--p 0001b000 103:02 51869974                  /home/a4090/miniconda3/envs/auto_pose/lib/jvm/lib/libjimage.so
7fced8c24000-7fced8c25000 rw-p 0001d000 103:02 51869974                  /home/a4090/miniconda3/envs/auto_pose/lib/jvm/lib/libjimage.so
7fced8c25000-7fced8c27000 rw-p 00024000 103:02 51869974                  /home/a4090/miniconda3/envs/auto_pose/lib/jvm/lib/libjimage.so
7fced8c27000-7fced8c29000 r--p 00000000 103:02 39848193                  /usr/lib/x86_64-linux-gnu/librt-2.31.so
7fced8c29000-7fced8c2d000 r-xp 00002000 103:02 39848193                  /usr/lib/x86_64-linux-gnu/librt-2.31.so
7fced8c2d000-7fced8c2f000 r--p 00006000 103:02 39848193                  /usr/lib/x86_64-linux-gnu/librt-2.31.so
7fced8c2f000-7fced8c30000 r--p 00007000 103:02 39848193                  /usr/lib/x86_64-linux-gnu/librt-2.31.so
7fced8c30000-7fced8c31000 rw-p 00008000 103:02 39848193                  /usr/lib/x86_64-linux-gnu/librt-2.31.so
7fced8c31000-7fced9d50000 r-xp 00000000 103:02 51866492                  /home/a4090/miniconda3/envs/auto_pose/lib/jvm/lib/server/libjvm.so
7fced9d50000-7fced9d51000 ---p 0111f000 103:02 51866492                  /home/a4090/miniconda3/envs/auto_pose/lib/jvm/lib/server/libjvm.so
7fced9d51000-7fced9e06000 r--p 0111f000 103:02 51866492                  /home/a4090/miniconda3/envs/auto_pose/lib/jvm/lib/server/libjvm.so
7fced9e06000-7fced9e3a000 rw-p 011d4000 103:02 51866492                  /home/a4090/miniconda3/envs/auto_pose/lib/jvm/lib/server/libjvm.so
7fced9e3a000-7fced9e93000 rw-p 00000000 00:00 0 
7fced9e93000-7fced9e99000 rw-p 015a3000 103:02 51866492                  /home/a4090/miniconda3/envs/auto_pose/lib/jvm/lib/server/libjvm.so
7fced9e99000-7fced9e9c000 rw-p 00000000 00:00 0 
7fced9e9c000-7fced9ebe000 r--p 00000000 103:02 39848138                  /usr/lib/x86_64-linux-gnu/libc-2.31.so
7fced9ebe000-7fceda036000 r-xp 00022000 103:02 39848138                  /usr/lib/x86_64-linux-gnu/libc-2.31.so
7fceda036000-7fceda084000 r--p 0019a000 103:02 39848138                  /usr/lib/x86_64-linux-gnu/libc-2.31.so
7fceda084000-7fceda088000 r--p 001e7000 103:02 39848138                  /usr/lib/x86_64-linux-gnu/libc-2.31.so
7fceda088000-7fceda08a000 rw-p 001eb000 103:02 39848138                  /usr/lib/x86_64-linux-gnu/libc-2.31.so
7fceda08a000-7fceda090000 rw-p 00000000 00:00 0 
7fceda090000-7fceda096000 r--p 00000000 103:02 39848188                  /usr/lib/x86_64-linux-gnu/libpthread-2.31.so
7fceda096000-7fceda0a7000 r-xp 00006000 103:02 39848188                  /usr/lib/x86_64-linux-gnu/libpthread-2.31.so
7fceda0a7000-7fceda0ad000 r--p 00017000 103:02 39848188                  /usr/lib/x86_64-linux-gnu/libpthread-2.31.so
7fceda0ad000-7fceda0ae000 r--p 0001c000 103:02 39848188                  /usr/lib/x86_64-linux-gnu/libpthread-2.31.so
7fceda0ae000-7fceda0af000 rw-p 0001d000 103:02 39848188                  /usr/lib/x86_64-linux-gnu/libpthread-2.31.so
7fceda0af000-7fceda0b3000 rw-p 00000000 00:00 0 
7fceda0b3000-7fceda0b7000 r--p 00000000 103:02 51864144                  /home/a4090/miniconda3/envs/auto_pose/lib/libgcc_s.so.1
7fceda0b7000-7fceda0cc000 r-xp 00004000 103:02 51864144                  /home/a4090/miniconda3/envs/auto_pose/lib/libgcc_s.so.1
7fceda0cc000-7fceda0d0000 r--p 00019000 103:02 51864144                  /home/a4090/miniconda3/envs/auto_pose/lib/libgcc_s.so.1
7fceda0d0000-7fceda0d1000 r--p 0001c000 103:02 51864144                  /home/a4090/miniconda3/envs/auto_pose/lib/libgcc_s.so.1
7fceda0d1000-7fceda0d2000 rw-p 0001d000 103:02 51864144                  /home/a4090/miniconda3/envs/auto_pose/lib/libgcc_s.so.1
7fceda0d2000-7fceda0df000 r--p 00000000 103:02 39848143                  /usr/lib/x86_64-linux-gnu/libm-2.31.so
7fceda0df000-7fceda186000 r-xp 0000d000 103:02 39848143                  /usr/lib/x86_64-linux-gnu/libm-2.31.so
7fceda186000-7fceda21f000 r--p 000b4000 103:02 39848143                  /usr/lib/x86_64-linux-gnu/libm-2.31.so
7fceda21f000-7fceda220000 r--p 0014c000 103:02 39848143                  /usr/lib/x86_64-linux-gnu/libm-2.31.so
7fceda220000-7fceda221000 rw-p 0014d000 103:02 39848143                  /usr/lib/x86_64-linux-gnu/libm-2.31.so
7fceda221000-7fceda2ca000 r--p 00000000 103:02 51864761                  /home/a4090/miniconda3/envs/auto_pose/lib/libstdc++.so.6.0.33
7fceda2ca000-7fceda36a000 r-xp 000a9000 103:02 51864761                  /home/a4090/miniconda3/envs/auto_pose/lib/libstdc++.so.6.0.33
7fceda36a000-7fceda3f0000 r--p 00149000 103:02 51864761                  /home/a4090/miniconda3/envs/auto_pose/lib/libstdc++.so.6.0.33
7fceda3f0000-7fceda3fb000 r--p 001cf000 103:02 51864761                  /home/a4090/miniconda3/envs/auto_pose/lib/libstdc++.so.6.0.33
7fceda3fb000-7fceda3ff000 rw-p 001da000 103:02 51864761                  /home/a4090/miniconda3/envs/auto_pose/lib/libstdc++.so.6.0.33
7fceda3ff000-7fceda403000 rw-p 00000000 00:00 0 
7fceda403000-7fceda404000 r--p 00000000 103:02 39848142                  /usr/lib/x86_64-linux-gnu/libdl-2.31.so
7fceda404000-7fceda406000 r-xp 00001000 103:02 39848142                  /usr/lib/x86_64-linux-gnu/libdl-2.31.so
7fceda406000-7fceda407000 r--p 00003000 103:02 39848142                  /usr/lib/x86_64-linux-gnu/libdl-2.31.so
7fceda407000-7fceda408000 r--p 00003000 103:02 39848142                  /usr/lib/x86_64-linux-gnu/libdl-2.31.so
7fceda408000-7fceda409000 rw-p 00004000 103:02 39848142                  /usr/lib/x86_64-linux-gnu/libdl-2.31.so
7fceda409000-7fceda40b000 rw-p 00000000 00:00 0 
7fceda40b000-7fceda40c000 r--p 00000000 103:02 39848110                  /usr/lib/x86_64-linux-gnu/ld-2.31.so
7fceda40c000-7fceda42f000 r-xp 00001000 103:02 39848110                  /usr/lib/x86_64-linux-gnu/ld-2.31.so
7fceda42f000-7fceda437000 r--p 00024000 103:02 39848110                  /usr/lib/x86_64-linux-gnu/ld-2.31.so
7fceda437000-7fceda438000 ---p 00000000 00:00 0 
7fceda438000-7fceda439000 r--p 0002c000 103:02 39848110                  /usr/lib/x86_64-linux-gnu/ld-2.31.so
7fceda439000-7fceda43a000 rw-p 0002d000 103:02 39848110                  /usr/lib/x86_64-linux-gnu/ld-2.31.so
7fceda43a000-7fceda43b000 rw-p 00000000 00:00 0 
7fff55d15000-7fff55d19000 ---p 00000000 00:00 0 
7fff55d19000-7fff55e15000 rw-p 00000000 00:00 0                          [stack]
7fff55f36000-7fff55f3a000 r--p 00000000 00:00 0                          [vvar]
7fff55f3a000-7fff55f3c000 r-xp 00000000 00:00 0                          [vdso]
ffffffffff600000-ffffffffff601000 --xp 00000000 00:00 0                  [vsyscall]


VM Arguments:
jvm_args: -XX:ThreadPriorityPolicy=1 -XX:+UnlockExperimentalVMOptions -XX:+EnableJVMCIProduct -XX:-UnlockExperimentalVMOptions -Dorg.graalvm.launcher.class=com.oracle.graal.python.shell.GraalPythonMain -Dorg.graalvm.launcher.executablename=python 
java_command: <unknown>
java_class_path (initial): /home/a4090/miniconda3/envs/auto_pose/lib/jvm/languages/python/bin/../../../lib/graalvm/graalpython-launcher.jar:/home/a4090/miniconda3/envs/auto_pose/lib/jvm/languages/python/bin/../../../lib/graalvm/launcher-common.jar
Launcher Type: generic

[Global flags]
     intx CICompilerCount                          = 15                                        {product} {ergonomic}
     uint ConcGCThreads                            = 6                                         {product} {ergonomic}
     bool EnableJVMCIProduct                       = true                                {JVMCI product} {jimage}
     uint G1ConcRefinementThreads                  = 23                                        {product} {ergonomic}
   size_t G1HeapRegionSize                         = 16777216                                  {product} {ergonomic}
    uintx GCDrainStackTargetSize                   = 64                                        {product} {ergonomic}
   size_t InitialHeapSize                          = 2113929216                                {product} {ergonomic}
   size_t MarkStackSize                            = 4194304                                   {product} {ergonomic}
   size_t MaxHeapSize                              = 32178700288                               {product} {ergonomic}
   size_t MaxNewSize                               = 19293798400                               {product} {ergonomic}
   size_t MinHeapDeltaBytes                        = 16777216                                  {product} {ergonomic}
   size_t MinHeapSize                              = 16777216                                  {product} {ergonomic}
    uintx NonNMethodCodeHeapSize                   = 11613124                               {pd product} {ergonomic}
    uintx NonProfiledCodeHeapSize                  = 120022558                              {pd product} {ergonomic}
    uintx ProfiledCodeHeapSize                     = 120022558                              {pd product} {ergonomic}
    uintx ReservedCodeCacheSize                    = 251658240                              {pd product} {ergonomic}
     bool SegmentedCodeCache                       = true                                      {product} {ergonomic}
   size_t SoftMaxHeapSize                          = 32178700288                            {manageable} {ergonomic}
     intx ThreadPriorityPolicy                     = 1                                         {product} {jimage}
     bool UseCompressedClassPointers               = true                           {product lp64_product} {ergonomic}
     bool UseCompressedOops                        = true                           {product lp64_product} {ergonomic}
     bool UseG1GC                                  = true                                      {product} {ergonomic}

Logging:
Log output configuration:
 #0: stdout all=warning uptime,level,tags
 #1: stderr all=off uptime,level,tags

Environment Variables:
PATH=/home/a4090/miniconda3/envs/auto_pose/bin:/opt/ros/noetic/bin:/home/a4090/miniconda3/condabin:/home/a4090/.local/bin:/home/a4090/bin:/usr/local/sbin:/usr/local/bin:/usr/sbin:/usr/bin:/sbin:/bin:/usr/games:/usr/local/games:/snap/bin
LD_LIBRARY_PATH=/home/a4090/CoppeliaSim:/usr/lib/x86_64-linux-gnu:/opt/ros/noetic/lib:/opt/ros/noetic/lib/x86_64-linux-gnu
SHELL=/bin/bash
DISPLAY=:0
LANG=en_US.UTF-8
LC_NUMERIC=zh_CN.UTF-8
LC_TIME=zh_CN.UTF-8
TERM=xterm-256color

Active Locale:
LC_ALL=LC_CTYPE=en_US.UTF-8;LC_NUMERIC=zh_CN.UTF-8;LC_TIME=zh_CN.UTF-8;LC_COLLATE=en_US.UTF-8;LC_MONETARY=zh_CN.UTF-8;LC_MESSAGES=en_US.UTF-8;LC_PAPER=zh_CN.UTF-8;LC_NAME=zh_CN.UTF-8;LC_ADDRESS=zh_CN.UTF-8;LC_TELEPHONE=zh_CN.UTF-8;LC_MEASUREMENT=zh_CN.UTF-8;LC_IDENTIFICATION=zh_CN.UTF-8
LC_COLLATE=en_US.UTF-8
LC_CTYPE=en_US.UTF-8
LC_MESSAGES=en_US.UTF-8
LC_MONETARY=zh_CN.UTF-8
LC_NUMERIC=zh_CN.UTF-8
LC_TIME=zh_CN.UTF-8

Signal Handlers:
   SIGSEGV: crash_handler in libjvm.so, mask=11100100010111111101111111111110, flags=SA_RESTART|SA_SIGINFO, unblocked
    SIGBUS: crash_handler in libjvm.so, mask=11100100010111111101111111111110, flags=SA_RESTART|SA_SIGINFO, unblocked
    SIGFPE: crash_handler in libjvm.so, mask=11100100010111111101111111111110, flags=SA_RESTART|SA_SIGINFO, unblocked
   SIGPIPE: javaSignalHandler in libjvm.so, mask=11100100010111111101111111111110, flags=SA_RESTART|SA_SIGINFO, blocked
   SIGXFSZ: javaSignalHandler in libjvm.so, mask=11100100010111111101111111111110, flags=SA_RESTART|SA_SIGINFO, blocked
    SIGILL: crash_handler in libjvm.so, mask=11100100010111111101111111111110, flags=SA_RESTART|SA_SIGINFO, unblocked
   SIGUSR2: SR_handler in libjvm.so, mask=00000000000000000000000000000000, flags=SA_RESTART|SA_SIGINFO, blocked
    SIGHUP: UserHandler in libjvm.so, mask=11100100010111111101111111111110, flags=SA_RESTART|SA_SIGINFO, blocked
    SIGINT: UserHandler in libjvm.so, mask=11100100010111111101111111111110, flags=SA_RESTART|SA_SIGINFO, blocked
   SIGTERM: UserHandler in libjvm.so, mask=11100100010111111101111111111110, flags=SA_RESTART|SA_SIGINFO, blocked
   SIGQUIT: UserHandler in libjvm.so, mask=11100100010111111101111111111110, flags=SA_RESTART|SA_SIGINFO, blocked
   SIGTRAP: crash_handler in libjvm.so, mask=11100100010111111101111111111110, flags=SA_RESTART|SA_SIGINFO, unblocked


---------------  S Y S T E M  ---------------

OS:
DISTRIB_ID=Ubuntu
DISTRIB_RELEASE=20.04
DISTRIB_CODENAME=focal
DISTRIB_DESCRIPTION="Ubuntu 20.04.6 LTS"
uname: Linux 5.15.0-119-generic #129~20.04.1-Ubuntu SMP Wed Aug 7 13:07:13 UTC 2024 x86_64
OS uptime: 1 days 20:12 hours
libc: glibc 2.31 NPTL 2.31 
rlimit (soft/hard): STACK 8192k/infinity , CORE 0k/infinity , NPROC 513269/513269 , NOFILE 1048576/1048576 , AS infinity/infinity , CPU infinity/infinity , DATA infinity/infinity , FSIZE infinity/infinity , MEMLOCK 65536k/65536k
load average: 1048.36 1048.60 1048.75

/proc/meminfo:
MemTotal:       131491188 kB
MemFree:        34213192 kB
MemAvailable:   96137876 kB
Buffers:         7345340 kB
Cached:         36301548 kB
SwapCached:            0 kB
Active:         25454128 kB
Inactive:       48532676 kB
Active(anon):      15748 kB
Inactive(anon): 31400648 kB
Active(file):   25438380 kB
Inactive(file): 17132028 kB
Unevictable:        1048 kB
Mlocked:            1048 kB
SwapTotal:       4194300 kB
SwapFree:        4194300 kB
Dirty:               576 kB
Writeback:             0 kB
AnonPages:      30330760 kB
Mapped:          3098140 kB
Shmem:           1076596 kB
KReclaimable:   20605128 kB
Slab:           22176924 kB
SReclaimable:   20605128 kB
SUnreclaim:      1571796 kB
KernelStack:      109520 kB
PageTables:       407592 kB
NFS_Unstable:          0 kB
Bounce:                0 kB
WritebackTmp:          0 kB
CommitLimit:    69939892 kB
Committed_AS:   107561500 kB
VmallocTotal:   34359738367 kB
VmallocUsed:      238340 kB
VmallocChunk:          0 kB
Percpu:            46208 kB
HardwareCorrupted:     0 kB
AnonHugePages:     43008 kB
ShmemHugePages:        0 kB
ShmemPmdMapped:        0 kB
FileHugePages:         0 kB
FilePmdMapped:         0 kB
HugePages_Total:       0
HugePages_Free:        0
HugePages_Rsvd:        0
HugePages_Surp:        0
Hugepagesize:       2048 kB
Hugetlb:               0 kB
DirectMap4k:     3791692 kB
DirectMap2M:    30402560 kB
DirectMap1G:    99614720 kB

/sys/kernel/mm/transparent_hugepage/enabled: always [madvise] never
/sys/kernel/mm/transparent_hugepage/defrag (defrag/compaction efforts parameter): always defer defer+madvise [madvise] never

Process Memory:
Virtual Size: 40075768K (peak: 40076872K)
Resident Set Size: 1228752K (peak: 1228752K) (anon: 1003728K, file: 225024K, shmem: 0K)
Swapped out: 0K
C-Heap outstanding allocations: 98662K, retained: 10329K
glibc malloc tunables: (default)

/proc/sys/kernel/threads-max (system-wide limit on the number of threads): 1026538
/proc/sys/vm/max_map_count (maximum number of memory map areas a process may have): 65530
/proc/sys/kernel/pid_max (system-wide limit on number of process identifiers): 4194304

container (cgroup) information:
container_type: cgroupv1
cpu_cpuset_cpus: 0-31
cpu_memory_nodes: 0
active_processor_count: 32
cpu_quota: no quota
cpu_period: 100000
cpu_shares: no shares
memory_limit_in_bytes: unlimited
memory_and_swap_limit_in_bytes: unlimited
memory_soft_limit_in_bytes: unlimited
memory_usage_in_bytes: 81988432 k
memory_max_usage_in_bytes: 82793844 k
kernel_memory_usage_in_bytes: 19249136 k
kernel_memory_max_usage_in_bytes: unlimited
kernel_memory_limit_in_bytes: 19251476 k
maximum number of tasks: unlimited
current number of tasks: 5711

Steal ticks since vm start: 0
Steal ticks percentage since vm start:  0.000

CPU: total 32 (initial active 32) (16 cores per cpu, 2 threads per core) family 6 model 183 stepping 1 microcode 0x123, cx8, cmov, fxsr, ht, mmx, 3dnowpref, sse, sse2, sse3, ssse3, sse4.1, sse4.2, popcnt, lzcnt, tsc, tscinvbit, avx, avx2, aes, erms, clmul, bmi1, bmi2, adx, sha, fma, vzeroupper, clflush, clflushopt, clwb
CPU Model and flags from /proc/cpuinfo:
model name	: Intel(R) Core(TM) i9-14900K
flags		: fpu vme de pse tsc msr pae mce cx8 apic sep mtrr pge mca cmov pat pse36 clflush dts acpi mmx fxsr sse sse2 ss ht tm pbe syscall nx pdpe1gb rdtscp lm constant_tsc art arch_perfmon pebs bts rep_good nopl xtopology nonstop_tsc cpuid aperfmperf tsc_known_freq pni pclmulqdq dtes64 monitor ds_cpl vmx smx est tm2 ssse3 sdbg fma cx16 xtpr pdcm sse4_1 sse4_2 x2apic movbe popcnt tsc_deadline_timer aes xsave avx f16c rdrand lahf_lm abm 3dnowprefetch cpuid_fault epb ssbd ibrs ibpb stibp ibrs_enhanced tpr_shadow vnmi flexpriority ept vpid ept_ad fsgsbase tsc_adjust bmi1 avx2 smep bmi2 erms invpcid rdseed adx smap clflushopt clwb intel_pt sha_ni xsaveopt xsavec xgetbv1 xsaves split_lock_detect avx_vnni dtherm ida arat pln pts hwp hwp_notify hwp_act_window hwp_epp hwp_pkg_req umip pku ospke waitpkg gfni vaes vpclmulqdq tme rdpid movdiri movdir64b fsrm md_clear serialize pconfig arch_lbr flush_l1d arch_capabilities

Online cpus: 0-31
Offline cpus: 
BIOS frequency limitation: <Not Available>
Frequency switch latency (ns): 0
Available cpu frequencies: <Not Available>
Current governor: performance
Core performance/turbo boost: <Not Available>

Memory: 4k page, physical 131491188k(34193536k free), swap 4194300k(4194300k free)
Page Sizes: 4k

vm_info: OpenJDK 64-Bit Server VM (17.0.7+4-jvmci-23.0-b10) for linux-amd64 JRE (17.0.7+4-jvmci-23.0-b10), built on Mar 24 2023 22:17:53 by "buildslave" with gcc 10.3.0

END.
