# Blender 4.3.2
# www.blender.org
mtllib vase3.mtl.mtl
o geometry_0
v -47.317066 -0.093025 -0.211092
v -47.846970 -2.014960 -2.791114
v -47.916836 -1.928389 0.128827
v -46.740459 1.182804 -3.361669
v -46.383873 2.402538 -0.221346
v -47.701923 -2.190146 -5.040914
v -46.718552 0.826015 -4.989973
v -45.396820 4.754359 -0.303635
v -45.216034 4.895317 -3.195523
v -44.970341 5.097635 -4.967689
v -45.601967 2.857930 -7.459893
v -46.636532 0.130700 -7.447430
v -44.494576 5.364325 -7.511882
v -47.323425 -2.056773 -7.466089
v -45.303856 2.678378 -9.561689
v -46.363758 -0.105843 -9.511836
v -43.846664 5.977031 -9.500437
v -44.232971 7.011405 -2.739116
v -42.827534 9.377545 -4.994894
v -42.875458 9.683122 -2.762325
v -42.543907 9.300634 -7.410656
v -43.672215 8.329736 0.271549
v -44.360580 3.603279 -12.061504
v -42.117004 9.249568 -9.749595
v -45.447342 0.991508 -11.877041
v -43.150700 6.261220 -11.976427
v -41.772923 8.960467 -11.912642
v -41.652454 11.432874 -5.030669
v -41.790943 11.590683 -2.793167
v -41.005760 11.694242 -8.277662
v -41.866199 11.622812 0.136639
v -40.308411 13.571070 -4.978673
v -40.275352 13.994592 -2.605332
v -40.307507 14.075556 0.062055
v -40.746895 10.703507 -11.872569
v -45.244423 4.751130 3.145735
v -44.202011 6.939808 3.157959
v -46.210567 2.433975 3.236752
v -47.028160 0.244804 3.230902
v -42.923626 9.488414 3.067952
v -41.728153 11.593422 3.163546
v -40.188313 14.035310 2.926491
v -39.327972 14.419970 -7.490036
v -42.190968 6.815246 -14.358524
v -47.809032 -2.155320 3.219862
v -38.832012 15.617898 -5.118114
v -43.988995 3.024220 -14.235286
v -41.094353 8.840913 -14.391137
v -39.239697 13.821860 -9.664167
v -39.186031 12.994906 -11.985663
v -38.508671 16.409891 -2.567591
v -38.589718 16.432186 0.086436
v -38.658684 16.147757 2.954096
v -42.566479 9.264065 6.953784
v -43.524345 7.209810 7.374624
v -44.594170 4.929380 7.415919
v -41.341091 11.749518 5.672493
v -45.828411 2.687402 5.604869
v -48.425217 -4.692959 -4.222966
v -46.485104 0.293415 7.238411
v -48.494583 -4.230742 -0.138699
v -45.526142 2.551096 7.911585
v -41.112354 11.537275 7.857406
v -39.955467 13.887461 5.529252
v -38.419678 16.013510 5.423100
v -47.909843 -4.367880 -7.553143
v -46.408264 -2.062832 -11.983839
v -47.429768 -3.890345 -9.586318
v -42.938503 7.251054 10.355989
v -41.785397 9.506348 10.287162
v -44.086014 4.888373 10.207147
v -45.049274 2.607233 10.209719
v -47.380600 -2.437025 6.922934
v -48.384438 -4.444845 3.228768
v -39.536541 13.929210 7.818032
v -48.008747 -4.193122 5.693398
v -45.883347 0.324991 10.256431
v -46.586403 -1.907484 10.187926
v -40.300831 11.951822 10.357485
v -43.588844 4.806692 12.434790
v -42.503860 7.136584 12.443259
v -44.516834 2.585192 12.385985
v -45.312531 0.381878 12.384183
v -41.242062 9.509762 12.424773
v -36.879509 18.072029 -5.105690
v -37.130039 18.087360 -2.783291
v -36.810658 18.569212 0.164589
v -36.984333 17.430866 -7.458880
v -36.904362 18.256962 3.118179
v -36.636875 18.193010 5.384205
v -38.926579 14.029165 10.097108
v -39.898300 11.739010 12.310772
v -37.701714 16.359499 7.694832
v -41.842182 7.182027 14.563595
v -42.893681 4.918285 14.589195
v -48.958817 -6.667023 -0.062551
v -48.790260 -6.612230 3.250995
v -48.804817 -6.722593 -4.220993
v -47.681477 -4.410974 7.893418
v -47.154598 -4.235757 10.174922
v -43.795982 2.675864 14.638329
v -40.508297 9.510470 14.696481
v -39.148834 11.788471 14.454908
v -46.060215 -2.004205 12.291482
v -46.565662 -4.151304 12.337677
v -37.350533 16.127361 9.830875
v -38.245487 13.991471 12.436869
v -48.481815 -6.680234 5.677555
v -44.571487 0.339824 14.774924
v -45.235901 -1.831319 14.722546
v -42.189419 4.852059 16.575678
v -41.149818 7.037267 16.562691
v -48.194954 -6.446013 -8.422522
v -35.004185 20.553030 -0.285113
v -35.381687 20.001123 -3.179595
v -34.878231 20.478243 3.042223
v -35.831821 18.589556 7.448508
v -37.310776 16.339848 -9.706186
v -39.383507 11.597752 -14.392726
v -34.570980 20.412256 5.414887
v -34.596786 20.564665 -5.270899
v -43.004047 2.644200 16.810776
v -43.765545 0.408254 16.867479
v -35.442097 18.342505 9.671995
v -37.411903 14.075940 14.534023
v -36.609226 16.067410 12.244214
v -38.635677 11.308114 16.498653
v -37.001247 13.525833 16.451612
v -39.377098 9.501636 17.429630
v -48.276394 -7.477522 7.556888
v -47.570839 -6.498506 10.129611
v -34.565342 20.165075 -7.431822
v -36.849518 16.189304 -11.704406
v -32.603199 22.774706 2.810502
v -32.844070 22.723866 -0.489371
v -32.754570 22.668537 -3.164764
v -33.539593 20.931355 7.571642
v -32.151588 22.790611 5.395764
v -35.457008 18.483522 -9.881415
v -45.029804 0.116394 -14.360484
v -41.800888 6.117568 -16.464394
v -43.000210 3.496543 -16.478308
v -39.827293 9.708569 -16.442787
v -36.911777 15.046296 -14.169654
v -33.030830 20.796623 9.729408
v -32.738605 22.393307 -5.255654
v -30.701029 24.714891 -0.384444
v -30.062449 25.126486 2.654704
v -34.737617 18.172657 12.116987
v -34.741699 18.563969 -11.885658
v -44.027077 0.897231 -16.559011
v -32.522640 22.197073 -7.309866
v -39.999458 7.790793 -18.693117
v -37.729393 12.708447 -16.602373
v -45.721203 -2.091625 -14.350677
v -33.035954 21.063530 -9.823915
v -47.191521 -5.363171 -12.087955
v -41.754921 4.367680 -18.685240
v -43.113472 1.339154 -18.533201
v -34.531914 17.830900 -14.194887
v -46.510353 -4.882170 -14.181622
v -44.997826 -2.358623 -16.805086
v -44.183624 -1.975350 -18.778658
v -38.506401 10.416653 -18.400417
v -36.116226 14.954203 -16.257607
v -34.548897 16.792782 -16.261055
v -32.366337 21.062551 -11.781244
v -32.367310 20.103186 -14.198549
v -30.041939 25.059402 -3.350360
v -36.985188 12.364360 -18.765188
v -29.846319 24.959921 -5.218264
v -30.295536 24.143946 -7.424755
v -29.386265 25.264355 5.392465
v -31.125000 23.228407 7.561458
v -27.031004 27.829042 0.309844
v -26.764790 27.976629 1.968087
v -27.698709 27.216360 -1.256372
v -30.616760 23.285797 -9.714541
v -30.090324 23.097078 -11.770095
v -35.113434 14.622326 -18.947037
v -39.877617 5.954574 -21.030970
v -27.075844 27.531662 3.561433
v -24.633850 29.534498 -3.063789
v -23.933790 30.236635 -1.421895
v -23.834354 30.388809 0.174861
v -24.087299 30.126434 1.972086
v -30.607708 23.041845 9.774834
v -34.143059 17.855768 14.283473
v -35.448856 15.480038 16.188013
v -24.264925 29.805622 3.626935
v -28.612713 25.245493 8.254242
v -32.012280 20.850458 12.233212
v -24.616705 29.238504 5.265270
v -26.045462 27.443937 7.857466
v -23.994715 29.689442 -5.071437
v -26.911592 26.841038 -7.472456
v -32.242584 19.278498 -16.219997
v -21.760706 31.919165 0.946123
v -32.887627 17.187517 -18.852678
v -28.128807 25.335796 -9.679876
v -30.409805 21.882996 -14.304371
v -38.303024 8.833402 -20.845364
v -30.115133 21.348217 -16.157057
v -21.266489 32.195671 -1.430228
v -21.498005 31.867689 -3.043389
v -21.542416 31.846659 3.490034
v -29.697943 22.973156 12.148477
v -30.990892 20.963032 14.231100
v -23.619469 29.472960 7.407729
v -19.201206 33.659340 0.175671
v -26.774948 25.681309 -11.954941
v -28.006971 23.962128 -14.122196
v -23.420963 29.555641 -7.205395
v -25.654312 27.134703 -9.872547
v -30.656425 19.432873 -18.928883
v -21.146803 31.791096 5.284728
v -20.245207 32.325970 -5.143530
v -19.304808 33.526821 1.793863
v -27.294832 25.113081 11.809007
v -35.614597 12.538095 -20.996786
v -36.220547 10.238796 -22.737263
v -19.293056 33.334076 -2.985733
v -41.227695 3.175276 -21.050531
v -33.555084 15.148891 -20.860205
v -27.563190 23.426897 -16.288786
v -16.779140 35.133240 -1.140936
v -20.668194 31.518373 -6.965021
v -34.161293 16.479460 16.868732
v -23.128658 29.034576 9.982831
v -16.371738 35.453556 0.218268
v -16.603451 35.222416 1.823729
v -14.048789 37.107693 0.169295
v -14.256779 36.850960 1.728294
v -12.890101 38.089355 1.590776
v -12.164160 38.908657 0.118993
v -11.821856 39.244881 1.436229
v -10.956523 40.530609 0.026671
v -10.457892 41.372185 1.656257
v -11.331494 39.739872 -1.222563
v -10.200689 41.454762 -1.111645
v -12.455129 38.478207 -1.093359
v -10.192852 41.977467 -0.065609
v -14.249719 36.844837 -1.251876
v -11.698867 39.039322 3.086544
v -10.201940 41.186382 3.584027
v -12.963534 37.722477 3.217829
v -11.266751 39.388046 -2.368951
v -12.777102 37.744534 -2.806748
v -9.724513 41.522015 -2.502974
v -14.144044 36.687977 3.340119
v -14.264101 36.592361 -2.780676
v -16.160975 35.313503 -2.793350
v -12.053883 37.884998 5.232842
v -13.430457 36.747574 5.108528
v -10.853378 39.125427 5.253045
v -9.649278 41.104023 5.219464
v -9.332229 42.998646 -2.236057
v -16.475637 35.067085 3.508847
v -10.677867 39.168331 -4.119750
v -10.073666 40.313339 -3.430434
v -19.085005 33.463345 3.504022
v -13.531275 36.554508 -4.555478
v -16.216499 34.764610 -4.980362
v -18.483027 32.676041 -7.501235
v -21.471249 30.979124 7.506166
v -16.277590 34.835560 5.143381
v -23.358908 28.570019 -10.516439
v -11.505701 38.063828 -4.634449
v -12.499668 36.854851 -5.501841
v -25.565273 25.694080 -14.406859
v -28.124399 21.861177 -18.678703
v -28.736803 22.884001 14.287454
v -32.627514 18.316452 16.338280
v -24.127491 27.667019 11.557507
v -9.174446 41.588722 -3.522394
v -12.455809 36.715225 7.083984
v -19.229820 32.416595 7.555593
v -21.314524 30.072538 -10.021594
v -23.301395 27.244202 -14.324259
v -35.559063 13.811342 18.736746
v -25.843803 23.807484 -18.345724
v -30.004921 19.119747 -20.504927
v -31.911703 16.922100 -20.892353
v -14.852671 35.080307 7.331422
v -26.022060 25.189014 13.961150
v -30.301878 20.573336 16.207209
v -28.209805 22.352077 16.249596
v -11.012040 37.785984 7.281959
v -19.870686 31.442400 9.330368
v -17.699514 32.553631 9.848181
v -37.441448 11.333820 18.822649
v -9.903329 38.912235 7.257475
v -23.606796 26.172888 -16.447302
v -13.483786 35.611671 -6.876695
v -20.833036 29.731230 -11.753908
v -28.340481 20.197445 -21.171385
v -20.428997 30.108231 11.853189
v -31.022499 18.443665 18.720673
v -32.667488 16.543573 19.237555
v -9.485767 40.010815 -4.768681
v -15.144907 35.050476 -5.966265
v -22.457277 27.643383 14.279139
v -25.737125 22.473854 -20.966000
v -34.348694 12.391678 -23.170145
v -32.365559 14.630512 -23.325804
v -25.665806 24.317190 16.240171
v -23.445175 26.044319 16.010630
v -30.172560 16.995392 -23.294769
v -8.545584 41.560978 -4.538589
v -10.033341 43.026878 1.720106
v -8.992669 40.134800 7.425478
v -20.776331 28.876133 -13.967033
v -18.816935 30.799957 -11.836142
v -15.381502 33.969711 -8.390719
v -34.202675 13.699624 21.015404
v -28.521946 20.386635 19.167778
v -39.636215 7.188299 19.557859
v -9.870330 42.384567 3.550776
v -36.177464 11.301929 20.941290
v -13.187876 35.321938 9.246165
v -10.923100 36.797832 9.116180
v -37.540970 9.164433 21.146587
v -41.209450 4.841672 18.788000
v -37.306808 8.080347 -23.310431
v -31.534113 15.820564 21.895805
v -25.935518 22.721109 18.702061
v -9.328680 37.773262 9.579420
v -8.420382 39.036911 9.073152
v -28.757236 17.887363 22.603462
v -19.185230 29.842016 14.065330
v -15.951704 32.548923 12.199646
v -34.955914 11.113074 22.958471
v -33.688866 11.800834 23.960979
v -39.043762 5.058380 -23.364971
v -31.822725 13.703504 24.226614
v -42.072689 2.567296 19.000145
v -29.943022 15.945973 23.781004
v -20.215712 28.258627 15.863294
v -40.055107 4.742407 21.059196
v -8.599818 41.184250 7.248198
v -23.182705 24.441954 19.033247
v -9.892406 43.421074 -0.012199
v -12.213475 35.049976 10.950068
v -36.072987 9.112429 23.407713
v -9.340158 42.401310 5.296009
v -37.583607 6.924509 23.216862
v -38.487324 4.821824 23.595499
v -40.872269 2.569889 21.323465
v -34.760410 9.814385 -25.300388
v -35.584892 8.059008 -25.811518
v -42.590584 -0.497710 -21.233425
v -42.855377 0.260948 19.077061
v -44.494621 -1.900353 16.755791
v -34.503857 9.269010 25.397419
v -32.389256 12.635570 -25.484804
v -32.457607 11.337365 25.958586
v -39.480717 2.687270 23.651859
v -45.809868 -4.273739 14.759738
v -45.005787 -4.183256 16.873060
v -35.877022 7.010083 25.533228
v -37.200729 4.750922 25.526451
v -41.754684 0.264403 21.293760
v -8.308697 42.273041 7.394446
v -43.575352 -2.149986 19.101023
v -44.108978 -4.256191 19.081291
v -40.665264 2.065339 -22.965172
v -37.281872 5.582263 -25.596869
v -45.168308 -4.941421 -18.228289
v -9.978551 43.584015 2.199603
v -9.323620 43.235329 5.224608
v -42.399303 -2.098762 21.499573
v -46.995399 -6.491764 12.258970
v -46.257992 -6.555441 14.598269
v -7.288570 41.165821 8.909802
v -41.014454 -1.577010 23.753050
v -32.197910 9.349226 28.027225
v -38.109573 2.486014 25.843147
v -48.640354 -8.700226 -7.451152
v -49.094193 -8.712166 -2.904928
v -39.288090 0.025144 25.622990
v -34.145031 6.999186 27.652266
v -43.003036 -4.389887 21.516108
v -35.762161 4.512526 27.520874
v -48.706490 -8.739637 5.689191
v -48.993362 -8.586869 3.292170
v -49.161945 -8.659512 0.063327
v -41.795658 -4.267188 23.734995
v -47.722260 -8.636948 -12.014965
v -46.245110 -7.227823 -16.454723
v -48.957535 -8.768950 -4.949349
v -43.724003 -4.130996 -21.190126
v -8.281839 42.926365 -4.261737
v -41.802792 -1.260053 -23.221359
v -46.916080 -7.761030 -14.554932
v -48.290855 -8.891485 -9.562543
v -38.805202 2.949828 -25.381138
v -39.700096 0.716159 -25.504597
v -45.337864 -6.523123 17.097570
v -44.508198 -6.485026 19.143839
v -47.827435 -8.824990 10.112088
v -45.241390 -6.652571 -18.952723
v -43.405640 -6.592592 21.635708
v -42.346706 -6.598614 23.659359
v -36.699135 2.382619 27.774376
v -40.029476 -2.221324 25.689402
v -40.521137 -4.394076 25.894537
v -47.217628 -8.737001 12.306426
v -46.454811 -8.572590 14.668850
v -49.171745 -11.117015 -4.312327
v -48.689938 -10.873448 6.692223
v -49.308720 -10.983085 -0.051258
v -49.132614 -10.930042 3.284243
v -37.793396 0.073494 27.647665
v -32.341930 7.034017 29.602243
v -48.631233 -11.384032 -8.753196
v -32.417545 9.679328 -28.232542
v -35.684132 5.508038 -27.759016
v -33.453560 6.359008 -29.730183
v -36.960400 3.640743 -27.484144
v -44.371387 -7.271732 -21.225725
v -46.604950 -10.400986 -16.600258
v -47.727795 -10.843488 -12.807472
v -45.650513 -9.342216 -18.954113
v -42.854042 -4.996576 -23.252960
v -37.703236 1.717654 -27.768049
v -47.729023 -11.111268 11.098890
v -45.108284 -8.856962 18.420559
v -43.717434 -8.602080 21.552767
v -46.595398 -11.081763 14.819489
v -45.420952 -11.500326 18.189373
v -40.971096 -3.187182 -25.610004
v -33.122841 4.590683 30.417738
v -49.248756 -13.444891 -2.801963
v -38.512375 -2.182993 27.781645
v -40.905697 -6.583349 26.079971
v -39.189938 -4.469547 27.834885
v -49.131031 -13.285249 3.312267
v -49.301254 -13.359225 0.052893
v -49.072216 -13.491575 -5.414153
v -48.651760 -13.389648 7.017284
v -47.985233 -13.328245 10.165615
v -47.967976 -13.387057 -12.133003
v -33.987324 2.401814 30.798506
v -42.625275 -8.521317 23.643688
v -45.890354 -11.429761 -18.867048
v -43.506977 -8.244281 -23.262476
v -38.902126 -1.008611 -27.627438
v -48.532749 -13.385386 -9.403201
v -47.455605 -13.385468 12.178638
v -46.399490 -13.545962 15.618238
v -44.007038 -11.186258 21.390581
v -44.756710 -10.284291 -21.257893
v -47.367413 -13.110406 -14.371816
v -46.647984 -13.326071 -16.839798
v -45.943768 -13.456916 -18.909843
v -41.658581 -6.355222 -25.790525
v -36.648392 1.124553 -29.440693
v -34.804642 3.517243 -30.153887
v -35.704506 0.127467 30.100761
v -48.552113 -15.660858 -8.714366
v -36.521271 -2.249462 30.228268
v -39.869022 -4.531147 -27.820286
v -49.002979 -15.712430 3.289058
v -49.168720 -15.723513 0.070128
v -48.554905 -15.753945 6.868689
v -41.259563 -8.732951 26.034735
v -49.111992 -15.799827 -2.930801
v -48.954388 -16.264404 -5.002083
v -47.871548 -15.710149 10.261499
v -47.378521 -15.791022 12.139435
v -46.293121 -15.690628 15.695654
v -45.156551 -13.303027 18.956203
v -43.992092 -13.298429 21.559078
v -42.816456 -11.120987 23.722136
v -8.315930 43.063038 7.377335
v -42.870369 -13.337166 23.748192
v -37.626488 -2.798881 -30.139538
v -44.933453 -13.065268 -21.241423
v -32.038250 5.356571 -31.936043
v -43.751202 -11.341431 -23.429693
v -47.809513 -15.738783 -12.360472
v -46.708363 -15.863944 -16.395779
v -47.672398 -18.383209 10.116893
v -48.307693 -17.959827 7.100694
v -48.699825 -18.638441 3.265668
v -48.913120 -18.140030 0.093146
v -48.854134 -18.159294 -2.893177
v -45.078419 -15.696774 18.930063
v -46.723824 -17.606457 13.883757
v -45.822067 -16.528105 -18.883305
v -32.654831 2.867477 -32.814171
v -35.112125 -0.321415 -31.934273
v -33.491966 0.140734 -33.396061
v -6.947783 42.320393 -6.136773
v -48.336834 -18.849985 -7.565070
v -48.116444 -18.013124 -9.709063
v -47.452106 -19.183668 -12.232578
v -48.528694 -19.755144 -4.388638
v -46.930748 -18.407627 -14.679764
v -46.474808 -17.750572 -16.563911
v -48.213432 -19.975403 5.576994
v -47.841278 -20.104231 7.924897
v -48.412949 -21.142939 -0.087227
v -46.719784 -20.988243 12.202915
v -47.734951 -20.103479 -9.987179
v -48.086243 -21.913620 3.236032
v -47.604458 -22.035004 7.059284
v -47.040043 -21.914795 10.130377
v -48.132648 -21.977633 -3.104590
v -47.719860 -21.895195 -7.654078
v -47.728893 -23.103617 -4.994045
v -47.221027 -22.666075 -9.782445
v -47.648952 -24.198484 0.043943
v -47.468605 -24.295372 3.241354
v -46.950207 -25.104607 5.693534
v -47.538933 -24.232128 -3.132596
v -47.070633 -24.346649 -7.722614
v -46.879242 -26.425327 0.086581
v -46.681683 -26.569332 3.305922
v 47.447437 -2.116567 -0.320701
v 46.534157 0.134156 3.326104
v 47.799000 -3.434172 0.990923
v 46.531719 0.540293 0.253889
v 47.683788 -3.739460 3.567633
v 46.769260 -1.440758 5.679516
v 45.497234 3.173625 0.976217
v 45.232918 3.402288 3.741787
v 45.373398 2.612453 5.392601
v 46.422371 0.829288 -2.816177
v 45.025688 4.268126 -3.054172
v 47.616608 -2.742010 -2.792574
v 46.611889 0.027894 -5.150668
v 45.426701 3.048706 -5.334872
v 44.019848 6.484894 -0.301475
v 44.166256 5.921136 2.896621
v 43.033932 8.385664 0.894358
v 43.379356 6.971361 5.468704
v 42.878105 8.642117 -2.872402
v 44.086826 6.013289 -5.067531
v 42.622742 8.788331 3.719553
v 42.863201 8.363322 -5.179961
v 47.672031 -3.418226 -5.125751
v 44.368496 4.081525 7.468870
v 41.283325 11.442150 -0.476043
v 41.312557 11.178532 2.793493
v 44.131916 5.270835 -7.572146
v 45.358624 2.553813 -7.598264
v 46.630089 -0.777421 -7.415370
v 42.690762 8.139961 -7.519369
v 40.569710 12.438641 -3.364762
v 40.719727 12.023140 -5.120550
v 41.307404 10.707609 5.544270
v 44.757622 3.226795 -9.354124
v 40.424088 12.055752 -7.306200
v 43.291275 6.233352 -9.575034
v 41.502598 9.728572 7.730971
v 39.844734 13.599600 -0.508461
v 39.887157 13.318536 2.938532
v 42.695389 7.558542 7.599192
v 39.941811 12.817144 5.638764
v 45.507561 1.192501 7.641827
v 42.142223 8.477974 -9.439021
v 45.716747 0.648549 -9.612418
v 48.215775 -5.135867 -2.483324
v 39.677425 12.596398 8.117864
v 42.636265 6.532544 10.056759
v 46.318047 -1.213690 7.723983
v 38.214996 15.755088 -2.613346
v 38.308605 15.478392 3.093660
v 37.828922 16.294212 0.078012
v 38.157753 15.321704 5.607629
v 38.156494 15.596729 -5.107195
v 40.783314 10.210543 9.740855
v 37.631634 15.921374 -7.274000
v 39.902481 12.299840 -9.097237
v 42.949650 5.666480 -12.343330
v 37.286720 15.983468 7.850565
v 36.219242 18.134027 2.972401
v 36.373268 17.600899 5.608140
v 36.089420 18.455076 -0.442045
v 36.251667 18.160934 -3.237112
v 36.122566 18.134031 -5.087766
v 40.738647 9.827019 -11.929741
v 37.304070 15.759648 -9.397794
v 33.938412 20.827751 2.061315
v 41.129887 7.966701 -14.260855
v 42.372417 5.751918 -14.192422
v 44.400101 2.607084 -12.011429
v 45.106071 0.824951 -12.011071
v 34.030602 20.706863 -3.150237
v 33.910721 20.924023 -0.569526
v 35.206264 18.776440 -7.586028
v 35.271927 18.206047 -9.507659
v 33.979557 20.555014 -5.161149
v 33.936939 20.700411 3.695144
v 33.930843 20.466702 5.500260
v 35.628162 17.998938 8.007738
v 34.185104 19.611597 8.214270
v 37.050423 15.573848 10.116435
v 38.312950 13.428957 -12.018056
v 36.605934 15.814413 -11.804630
v 39.511837 10.558866 -14.384445
v 34.772823 18.028700 -11.855953
v 40.041817 8.551064 -16.470469
v 43.452778 3.482706 -14.146265
v 33.448219 20.704077 -7.485337
v 39.018791 12.015578 12.031710
v 37.165222 14.471600 12.465372
v 41.032169 8.422332 12.322581
v 46.487358 -1.657896 -9.664969
v 37.251534 13.960348 -14.127965
v 37.344555 12.567251 -16.651716
v 41.675674 5.688547 -16.443672
v 33.637085 19.992905 -9.548245
v 31.180204 23.702003 -0.329234
v 31.353930 23.410885 -3.326851
v 31.415361 23.187916 -4.984522
v 31.597322 22.605833 -7.206029
v 30.964508 23.823172 2.895516
v 31.511612 22.981297 5.464494
v 31.596237 22.467993 7.537099
v 34.552979 18.563305 10.350542
v 34.683929 17.558908 12.503448
v 35.492149 16.201193 -14.199421
v 29.641909 25.146072 -0.385549
v 29.256577 25.399355 3.034994
v 29.285805 25.312307 -3.281211
v 30.670938 22.908232 -9.436990
v 33.914379 18.091635 -14.110274
v 32.652779 20.246710 -11.916624
v 44.216694 1.431132 -14.416700
v 29.542433 24.849894 -5.216363
v 29.111126 25.236429 5.426050
v 34.685513 16.141834 -16.391729
v 43.231506 2.234085 -16.548416
v 38.345955 9.780424 -18.728365
v 40.066322 6.977331 -18.699324
v 45.253941 -1.347257 -14.250429
v 46.160172 -2.343563 -11.921335
v 47.465702 -3.736949 -7.457117
v 28.990160 24.953075 -7.121943
v 37.060555 11.911861 -18.351292
v 41.064907 5.024474 -18.836781
v 44.269058 2.866971 10.041925
v 32.476559 20.920931 9.950036
v 41.945820 3.279132 -18.702816
v 34.860474 14.468394 -18.870668
v 31.588774 20.443821 -14.116667
v 29.935061 22.777002 -11.937214
v 27.837290 26.638868 0.335897
v 27.625706 26.690910 -2.638141
v 32.378204 18.622858 -16.394585
v 42.257755 5.989762 12.243107
v 43.384014 3.384328 12.406576
v 39.297001 10.071180 14.592802
v 37.602043 12.819835 14.451643
v 45.125473 0.780280 9.841283
v 28.959412 24.869604 7.619475
v 48.402706 -5.980741 0.158549
v 48.248230 -5.862059 -4.932857
v 47.948761 -5.822759 -7.478197
v 47.448265 -5.501699 -9.867661
v 46.734764 -4.487040 -11.911570
v 44.712074 -1.933594 -16.505203
v 41.044300 6.980242 14.483296
v 39.861088 7.712141 16.566095
v 47.855686 -5.456053 5.627083
v 48.240784 -6.006444 3.234369
v 35.643448 15.363929 14.554277
v 44.945457 -0.425620 11.993052
v 43.043381 2.488845 14.628784
v 41.615459 4.065194 16.664156
v 46.106312 -2.189786 9.816214
v 47.441368 -5.465426 7.866986
v 31.772835 20.792427 12.185431
v 30.013735 23.252760 9.969907
v 38.159290 10.445140 16.755310
v 27.262609 26.950140 3.396416
v 26.850601 26.991692 -5.085717
v 34.066788 17.340122 14.386385
v 32.208641 19.325735 14.364267
v 36.887764 12.398039 16.738510
v 35.216866 14.633368 16.736368
v 38.640396 7.912430 19.060520
v 40.289696 4.821203 18.972141
v 44.394520 -1.154576 14.523563
v 48.579262 -7.169384 -2.644322
v 47.032742 -5.701493 9.814605
v 46.048679 -4.280419 12.166039
v 45.113796 -3.699754 14.623381
v 42.819649 1.086669 16.684256
v 43.940048 -1.963261 16.497374
v 36.897274 10.677850 19.098227
v 33.641346 16.469410 16.753075
v 32.038265 18.370281 16.403116
v 35.330200 13.004210 18.925491
v 27.561863 25.364330 9.891861
v 41.425350 2.089345 19.055101
v 24.273657 29.295410 0.504380
v 24.631474 28.865591 3.881285
v 23.904633 29.477758 -1.712560
v 20.306110 32.347065 1.937279
v 19.755371 32.807346 0.311209
v 18.028547 34.233807 2.009213
v 17.929913 34.323929 -0.039586
v 16.814989 35.432129 -0.043470
v 16.959173 35.338871 2.012592
v 15.922911 36.647995 2.026434
v 15.742908 36.767952 0.205096
v 14.843144 38.403625 1.986634
v 14.830995 38.046406 3.738160
v 15.726296 36.652157 3.675710
v 16.790785 35.306931 3.635795
v 14.987624 37.841518 0.111732
v 14.444284 38.753681 -0.100318
v 15.527582 36.684242 -1.134635
v 17.826269 34.274319 3.594879
v 16.619976 34.965591 5.384498
v 16.168436 35.543224 -2.679479
v 17.198919 34.548542 -2.996265
v 15.406049 36.222046 5.643313
v 14.363897 39.580009 1.968797
v 14.214167 39.500561 3.707175
v 20.060587 32.392323 3.801637
v 19.046165 33.155655 -2.424344
v 23.355137 29.772373 -3.259711
v 19.109062 32.791164 5.705296
v 25.397099 27.996677 6.029803
v 14.417367 37.817955 5.361969
v 16.153708 34.649658 7.308471
v 15.122438 36.587849 -2.734834
v 14.288191 37.747959 -2.497477
v 23.985125 28.675058 8.009801
v 23.823738 28.244583 9.988012
v 17.570425 33.840755 -4.882031
v 15.267323 35.630768 -4.910462
v 21.523254 30.889910 -5.121653
v 13.691082 39.186199 -1.811952
v 28.897400 23.385155 12.216696
v 27.349022 25.670027 -9.395761
v 23.897022 28.759743 -7.392140
v 19.708336 31.867710 -7.032649
v 17.478466 33.449486 7.683298
v 19.453304 32.042294 7.662967
v 20.588610 30.454071 10.300423
v 13.948950 40.178505 0.087789
v 13.720615 39.375748 5.279370
v 26.103100 25.641718 12.299393
v 23.516163 27.680843 12.160268
v 30.067177 21.170219 14.763465
v 23.223188 28.704485 -9.564584
v 29.535395 22.324894 -14.021598
v 26.489361 25.563175 -11.834160
v 26.476244 24.889307 -13.705668
v 15.546810 34.624271 -7.328102
v 13.955244 36.528835 -5.375350
v 17.476759 33.235878 -7.631649
v 13.211245 37.731232 -4.725432
v 30.427691 20.505116 -16.362675
v 18.668924 31.945200 -9.397367
v 27.845741 23.286587 14.354218
v 25.151527 25.592649 14.088181
v 22.912516 27.110769 14.471748
v 33.992096 14.583541 19.060656
v 31.742846 18.109068 -18.564369
v 33.482056 16.144417 -18.769331
v 22.213116 28.725422 -11.636295
v 23.251789 27.069921 -14.011108
v 27.891401 22.695047 -16.276205
v 31.741161 17.168917 18.856798
v 21.129128 29.369047 12.155482
v 14.955964 35.389687 7.937258
v 13.964807 36.759285 7.529616
v 15.417758 33.921967 10.158983
v 13.844943 35.706615 9.172860
v 17.435467 31.854111 11.917866
v 13.279232 38.259628 7.011716
v 35.114925 11.503652 21.211468
v 37.190975 8.474868 21.164780
v 12.819760 37.528103 8.379780
v 29.651791 19.311560 18.561424
v 26.405643 23.381720 16.378250
v 27.614210 20.883764 18.858212
v 23.571226 25.471727 16.699402
v 32.710491 14.534415 21.126434
v 14.026336 40.798847 2.080566
v 35.940350 11.715943 -20.790794
v 37.231232 9.773059 -20.911015
v 29.385513 20.285398 -18.580257
v 12.894916 39.333572 -3.290090
v 38.791397 5.572488 21.259678
v 14.981786 34.394283 -8.933426
v 39.203308 6.555745 -21.012877
v 18.637899 31.276363 -11.244227
v 32.273621 15.971101 -21.061531
v 34.068619 13.720478 -21.317554
v 24.639988 25.130512 -16.211603
v 12.790022 36.620007 -7.128145
v 13.869493 40.898930 3.724984
v 19.357964 29.637236 14.205287
v 29.954063 18.477943 -20.754580
v 21.721315 26.846209 16.685621
v 23.208105 24.599751 18.744478
v 26.214762 20.767681 20.913849
v 30.131475 17.161133 21.151852
v 26.869162 18.459990 23.443813
v 35.072716 9.523008 23.468334
v 12.097655 36.383709 -8.443688
v 27.207279 22.217648 -18.252714
v 25.108715 23.472477 -18.791275
v 13.770842 34.287861 11.658580
v 12.511743 36.226589 10.200207
v 32.728714 12.469047 23.544153
v 18.147707 29.672512 15.607306
v 36.681400 6.955914 23.516294
v 37.711723 5.197810 23.436726
v 30.241312 15.107169 23.675467
v 28.477709 15.328815 25.490543
v 22.541162 23.440702 21.411140
v 40.232456 2.096430 21.526217
v 21.035698 25.311131 20.231539
v 23.516705 21.756100 22.735529
v 42.568027 -0.619706 18.680101
v 12.661962 34.532856 12.544172
v 11.022171 37.003845 10.959668
v 11.618944 38.153221 9.339685
v 19.276844 27.208294 18.958374
v 17.322750 29.295956 17.229202
v 15.227769 31.618467 15.153338
v 33.050957 9.929169 25.795139
v 38.648876 2.687401 23.962315
v 19.012142 29.930481 -13.717372
v 34.399139 7.594089 26.212990
v 30.316793 12.285279 26.718506
v 13.103348 39.463127 6.423422
v 24.139091 20.023483 24.384384
v 35.332581 6.377087 25.948744
v 39.799725 -0.055790 23.873821
v 40.807056 -1.238118 22.704702
v 25.781672 17.658403 25.659515
v 12.016152 40.583637 7.537665
v 45.741333 -6.258453 14.603498
v 13.106003 41.265144 5.725942
v 13.733624 41.212063 0.108295
v 36.880745 3.615581 25.917633
v 46.789089 -7.686615 12.184017
v 43.488876 -4.138509 18.993866
v 44.868698 -5.670195 16.616310
v 31.358664 9.941631 27.792974
v 47.909813 -8.092505 7.964809
v 38.428802 0.644408 25.767588
v 47.461395 -8.315770 10.090653
v 48.390308 -8.515080 5.496245
v 48.570988 -8.021707 3.258899
v 48.907951 -9.271511 0.193874
v 42.772251 1.132287 -18.809114
v 43.547703 -0.949546 -18.694397
v 40.436974 4.068985 -21.142368
v 32.620983 13.855122 -23.391235
v 46.222927 -4.888138 -14.184007
v 37.269268 7.387046 -23.513107
v 34.900089 10.922658 -23.456110
v 11.531364 37.775295 -7.060518
v 27.710455 20.395872 -20.753511
v 30.378036 16.170704 -23.508764
v 48.633602 -8.328152 -5.015903
v 13.182331 41.387245 -1.376724
v 12.499997 41.234180 -2.840212
v 12.067991 39.019260 -4.952921
v 41.542885 1.513686 -21.176117
v 16.047400 32.517235 -11.954167
v 21.140438 27.352999 -16.269928
v 22.508223 25.155308 -18.837420
v 38.776005 5.012269 -23.295391
v 47.289219 -6.988105 -11.864405
v 48.509415 -9.232052 -7.354239
v 48.836761 -10.068720 3.210446
v 46.247395 -8.817750 14.498407
v 48.933571 -10.039196 -3.272864
v 11.099432 38.890068 -6.357001
v 19.871201 24.926435 21.944429
v 32.328281 7.498529 28.717516
v 42.749763 -4.722401 20.793148
v 41.043400 -4.309792 23.883209
v 48.125137 -9.413373 -9.845259
v 46.803280 -7.686107 -14.184931
v 45.320225 -8.104185 16.694794
v 48.252720 -10.688359 7.840013
v 45.700722 -5.975140 -16.582058
v 39.266769 -1.809941 25.820049
v 36.463928 1.989616 27.611906
v 47.211601 -10.670154 12.222215
v 48.730152 -11.530075 5.407845
v 47.812794 -11.576851 10.317698
v 44.338501 -8.007729 18.948000
v 34.638008 4.878010 27.914272
v 21.216274 21.741703 24.971558
v 27.350355 14.808615 27.173580
v 24.550537 17.758812 26.731104
v 21.200226 20.366404 26.651924
v 48.914536 -10.977938 -5.224201
v 42.181393 -6.906253 22.867796
v 49.020599 -11.974879 2.903470
v 46.626038 -11.475531 14.391709
v 49.125668 -12.010075 -2.490090
v 15.082286 30.496380 17.230303
v 11.773249 34.152470 14.077719
v 16.790035 27.361645 20.940439
v 10.817938 35.530312 12.920022
v 9.961239 36.731018 12.220214
v 37.450455 -1.240454 28.186604
v 28.098425 11.722836 29.401670
v 45.804203 -11.692305 16.735161
v 32.586952 5.702423 29.673986
v 44.918625 -11.754096 18.810808
v 48.477200 -13.627311 7.822612
v 49.239948 -13.572463 -0.274440
v 44.337017 -3.555857 -18.598917
v 26.018719 14.667886 28.537615
v 34.052757 9.983797 -25.718962
v 35.204765 7.513654 -26.508097
v 47.756836 -10.433928 -12.073494
v 39.936993 2.569847 -23.291471
v 42.642445 -1.902864 -21.309029
v 31.682533 13.228809 -25.394009
v 29.731974 15.505904 -25.132212
v 27.835072 18.494192 -23.478159
v 28.194792 16.284058 -25.922478
v 48.747131 -11.823752 -7.410342
v 37.415665 4.559262 -25.841156
v 47.437332 -13.315403 12.214387
v 44.921291 -6.534829 -18.919193
v 49.112167 -14.308332 3.166531
v 48.871948 -14.731582 5.493382
v 48.404148 -12.379323 -9.893985
v 40.138512 -6.424487 26.301489
v 48.082333 -15.139980 9.948677
v 46.451340 -10.184808 -16.540842
v 47.181408 -10.848571 -14.348191
v 45.540749 -10.100997 -18.913719
v 13.986216 41.842289 2.127754
v 13.808288 41.632820 3.863824
v 25.842194 21.321304 -21.486517
v 38.792107 1.914502 -25.672876
v 41.060619 -0.300723 -23.300217
v 39.710014 -0.378236 -25.618586
v 12.787177 35.058064 -10.236292
v 49.110775 -14.942019 -4.912140
v 48.882374 -15.025043 -7.346448
v 43.510220 -5.136183 -21.307024
v 43.601074 -10.286327 21.162062
v 42.083244 -8.436189 23.538712
v 49.228542 -15.337057 -2.761694
v 46.780792 -14.063737 14.438965
v 33.448215 3.329896 30.253607
v 34.840538 0.349615 30.461647
v 38.416382 -3.746764 27.920532
v 49.255577 -15.814685 0.262887
v 22.483812 18.289942 27.928883
v 22.712309 16.565535 29.442074
v 18.807083 24.882875 22.917742
v 28.977047 9.432916 30.459461
v 35.861549 4.559838 -28.064777
v 49.111042 -16.061028 3.212413
v 47.479244 -15.784166 12.269872
v 48.506924 -16.990904 7.743876
v 29.648865 6.934239 31.673296
v 30.879951 6.408198 30.898170
v 42.395176 -10.872506 23.580559
v 45.072193 -13.703044 18.797798
v 40.496681 -9.994882 26.699692
v 46.050888 -15.380508 16.532780
v 38.737583 -7.413585 28.704048
v 36.928200 -3.813986 29.905592
v 43.913483 -13.486268 21.148573
v 35.799145 -2.898397 30.902184
v 48.807064 -17.768591 5.489781
v 37.398411 -6.179208 30.130909
v 41.995476 -3.290661 -23.285248
v 32.047485 10.690706 -27.517311
v 46.800705 -17.213629 14.346599
v 30.914722 3.565805 32.587502
v 47.624424 -18.176727 11.466067
v 49.040890 -18.208847 3.044885
v 49.160606 -18.249763 0.193542
v 49.132824 -18.067387 -2.528574
v 40.695053 -12.679284 26.846270
v 42.727936 -14.101575 23.434593
v 45.070072 -16.063282 18.893496
v 39.073997 -11.291651 29.105675
v 32.156647 0.043680 33.257999
v 33.765842 -0.954609 32.165073
v 36.129124 -6.224162 31.653713
v 44.101589 -16.784124 20.908731
v 37.020061 -8.910365 31.315203
v 37.719311 -12.030013 31.031506
v 47.822098 -19.937256 9.997518
v 32.705673 9.234984 -28.120558
v 37.537792 1.351485 -27.888838
v 48.255913 -20.145470 7.763237
v 45.786205 -18.891430 16.832508
v 45.017780 -18.773270 18.726212
v 34.314587 -3.462551 32.636608
v 39.258385 -13.653724 29.151373
v 40.785995 -14.833873 26.827171
v 42.706745 -17.086107 23.419970
v 48.573315 -20.147972 5.640008
v 48.889904 -19.888378 2.849221
v 30.114532 0.744741 34.697014
v 46.576080 -20.066767 14.289762
v 47.152729 -20.644167 12.243083
v 32.452736 -3.453597 34.389587
v 34.434254 4.505049 -29.890959
v 32.802967 6.973957 -29.900496
v 39.284412 -15.671240 29.161888
v 33.985905 -6.337268 33.838726
v 40.740784 -16.877401 26.803709
v 39.219826 -17.399883 29.177393
v 30.303503 -2.136309 35.745716
v 36.262012 -11.445315 32.628864
v 37.752918 -14.362815 31.196768
v 34.984802 -8.815411 33.465363
v 43.708363 -20.420647 21.145683
v 42.582764 -19.928747 23.290007
v 48.502827 -22.387501 3.127133
v 47.494965 -22.090580 10.065501
v 47.944904 -23.668318 6.010463
v 47.683884 -23.484060 7.892517
v 45.425533 -22.022839 16.600529
v 32.224022 -6.361105 35.433140
v 36.565025 -14.254317 32.582466
v 40.056705 -20.216095 27.551460
v 40.749367 -21.606897 26.091040
v 46.824093 -23.017647 11.956955
v 44.336201 -22.396402 19.100441
v 46.071674 -22.883497 14.403976
v 37.847473 -17.415367 31.017784
v 34.252094 -11.482322 34.640881
v 30.229362 -4.210998 36.506332
v 32.504593 -8.893353 35.773552
v 34.775295 -13.920948 34.401791
v 36.488579 -17.166521 32.615646
v 31.386259 -12.327935 37.262413
v 32.873901 -13.446137 36.090996
v 6.050575 42.298912 0.305348
v 3.739856 42.076118 -1.382506
v 2.219439 42.579971 1.123849
v 6.168303 41.921120 -1.755164
v 8.995559 41.942802 -1.894192
v 9.427363 42.176765 0.298360
v 7.015242 42.431473 1.952609
v 3.386011 42.690796 3.102775
v 8.688318 42.437290 3.751804
v 1.050878 42.786736 4.040524
v -1.815566 42.643051 2.514061
v 9.999248 42.271488 3.069424
v 10.207898 42.196251 0.858751
v 3.880123 42.698082 5.926142
v 8.160828 42.484753 6.100398
v 9.403663 42.341137 3.986941
v 9.222903 42.425648 5.066183
v -2.921497 42.773468 5.701114
v -4.649353 42.604099 3.819752
v -3.757011 42.813679 5.647574
v -2.574697 42.833565 6.904053
v -1.593891 42.780773 7.730521
v 3.157011 42.655495 7.905264
v 0.113374 42.664497 8.372376
v 6.518665 42.467899 7.977028
v -0.047290 42.733963 9.052975
v -3.894153 42.297688 0.800779
v -1.488572 42.161083 -0.652477
v 9.845058 41.935577 -1.095338
v 9.700184 41.745594 -2.570539
v 5.042176 42.437111 9.321761
v -4.126252 42.072777 -0.229769
v 2.190441 42.485699 9.396828
v 0.522847 42.501419 9.426139
v -5.830437 42.170837 1.990553
v -5.535069 42.370262 2.909128
v 8.259532 41.417789 -3.991709
v 4.589396 41.500446 -3.417548
v 1.874216 41.540146 -2.955196
v 3.120997 40.867359 -6.089421
v 5.131679 40.869690 -6.378483
v 4.817776 40.778214 -6.969125
v 3.554672 40.671612 -7.571065
v -1.103265 40.500553 -7.188327
v 0.445746 40.824200 -5.679666
v -3.311301 40.632618 -5.731929
v -1.305786 41.400978 -3.437260
v 6.778147 41.108971 -5.048912
v -4.508321 41.024059 -4.137912
v -5.963519 41.164494 -2.985037
v -3.667641 40.678093 -6.535863
v 0.685949 40.589550 -7.822759
v 7.565427 42.502895 6.937408
v -5.343642 41.133282 -4.407505
v -4.470484 40.913635 -5.257371
v -6.205091 41.414917 -1.453613
v -6.059738 41.951653 1.295305
v 6.963214 41.140251 -5.387473
v 6.021864 41.068199 -6.342478
v 10.421560 41.882442 -0.098688
v -4.388249 42.815506 4.988505
v -5.006488 42.724236 3.959584
v -2.832659 40.655293 -7.056681
v -6.540400 42.091770 1.422453
v 8.248061 41.433270 -4.417413
v 10.353617 41.734314 -1.305082
v -6.733200 41.426662 -0.265488
v -6.973877 41.690044 1.116158
v -6.746849 41.505714 -1.160257
v -6.209121 41.358147 -2.730280
v -7.019080 41.534554 -0.757748
v 9.205402 41.745625 -3.428707
v -1.357960 40.665531 -7.651825
v 5.297202 41.157158 -6.970493
v -1.030085 42.863918 8.381598
v -4.488005 41.070091 -5.740420
v -30.370104 -30.457796 33.461357
v -30.064117 -32.436504 32.345276
v -28.099712 -30.550018 35.311306
v -28.196152 -32.803173 33.680874
v -26.021856 -32.522465 35.564888
v -27.287497 -35.106918 32.604977
v -23.650396 -35.002781 35.446846
v -30.162741 -34.955685 30.161551
v -23.091528 -36.824123 34.405697
v -25.327391 -37.749207 31.833151
v -27.892174 -37.160263 30.204674
v -32.620201 -32.068336 30.173103
v -32.592697 -34.933380 27.680450
v -30.445324 -37.161194 27.714884
v -34.478176 -32.432831 27.840769
v -28.160021 -39.421204 27.501122
v -23.170406 -39.419106 31.873087
v -25.998505 -39.639267 29.247410
v -20.931435 -35.083675 37.191616
v -20.920506 -37.500431 35.300838
v -21.007851 -39.777710 33.048946
v -22.946688 -32.580963 37.616905
v -18.760469 -36.793621 37.168785
v -18.626957 -39.431545 34.961010
v -25.577124 -30.152012 37.355209
v -19.785089 -32.627052 39.465588
v -23.084208 -30.113914 39.001289
v -18.072308 -34.609276 39.067657
v -32.529144 -28.836403 32.465797
v -30.595037 -28.212873 34.588459
v -27.923456 -27.755617 36.951298
v -20.880798 -30.303236 40.167755
v -24.191893 -28.141001 39.296818
v -34.796898 -28.547115 30.323748
v -35.376438 -30.723974 28.152615
v -29.073553 -26.098471 36.841530
v -32.742954 -36.917175 25.328209
v -30.159904 -39.212803 25.620352
v -34.645821 -34.667545 25.422520
v -32.193905 -25.592041 34.493584
v -34.638264 -25.324175 32.277306
v -25.717278 -25.420238 39.463593
v -21.301304 -28.185976 40.935894
v -16.655643 -32.702614 40.930580
v -19.054522 -30.281940 41.102081
v -16.276276 -35.362301 39.394768
v -16.322975 -37.833279 37.542210
v -16.420464 -39.771637 35.795650
v -24.302521 -25.509960 40.291298
v -30.141218 -23.876446 36.886677
v -28.582054 -23.505602 38.187019
v -36.894566 -28.243391 28.028820
v -16.334478 -30.429977 42.227371
v -21.598871 -26.187914 41.535751
v -36.680748 -25.651125 29.827658
v -33.119003 -23.579315 34.470745
v -32.205524 -21.881182 35.875378
v -36.033466 -32.710602 25.519770
v -37.264561 -30.853262 25.518976
v -17.836521 -28.263140 42.526020
v -27.800184 -21.876276 39.216373
v -25.189865 -22.158047 40.800182
v -36.915813 -24.131655 30.296247
v -30.746616 -21.284142 37.209530
v -35.898232 -21.877991 32.337658
v -34.515095 -21.020807 33.998894
v -37.978516 -26.083755 27.918318
v -38.559433 -28.395489 25.584322
v -39.563663 -26.289698 25.519188
v -34.577892 -36.702511 23.096243
v -37.685951 -32.423641 23.363049
v -37.411095 -21.738848 30.660454
v -38.635677 -24.248671 28.006706
v -39.196388 -22.383657 28.063343
v -33.433022 -19.628790 35.356487
v -22.094013 -23.089111 42.207905
v -18.992664 -25.868374 42.835758
v -30.672478 -19.746981 37.613491
v -13.762302 -34.796581 40.732018
v -27.778671 -19.865234 39.651737
v -14.054294 -32.705189 41.902542
v -14.421116 -30.331749 42.972481
v -24.804453 -20.333967 41.408218
v -36.292786 -19.580294 32.554260
v -13.932909 -36.779133 39.288036
v -14.006163 -27.305656 44.273899
v -19.244778 -23.508898 43.369221
v -16.202175 -25.039602 44.201611
v -18.547598 -41.729034 32.519512
v -14.305259 -39.363480 37.092346
v -21.527336 -41.883926 30.235479
v -23.259459 -42.158501 28.474485
v -35.767796 -35.113052 23.293715
v -32.115891 -39.330563 22.990721
v -16.228632 -41.675568 33.957672
v -25.531647 -41.628605 27.118378
v -11.704197 -34.579834 41.516350
v -11.789277 -31.494167 43.214478
v -9.572659 -33.060871 42.943489
v -27.494932 -41.652275 25.169348
v -11.197713 -37.507084 39.628414
v -14.139258 -41.742043 34.831863
v -39.596848 -28.926777 23.500483
v -19.012346 -43.905628 29.449987
v -28.908718 -41.762051 23.379417
v -37.309830 -34.918098 21.008369
v -11.748835 -39.813354 37.552006
v -11.762701 -42.103603 35.291695
v -11.856377 -28.187265 44.595612
v -9.783824 -30.767504 44.060833
v -9.532514 -36.774883 40.589630
v -9.465625 -35.010735 41.813423
v -21.029278 -21.372036 43.080185
v -23.470970 -19.856707 42.171043
v -21.349979 -44.326561 26.955204
v -16.411243 -44.058239 30.879169
v -9.211206 -39.687134 38.371773
v -14.128068 -24.551638 45.041935
v -24.201347 -43.871658 25.041748
v -35.405807 -37.308708 20.934059
v -33.168556 -39.647247 20.897646
v -13.974658 -43.792210 32.485188
v -39.973339 -30.693743 21.146503
v -38.747070 -32.822601 21.033270
v -40.179646 -23.993204 25.849548
v -29.748444 -18.056145 38.535572
v -34.385860 -18.240238 34.708752
v -31.825428 -18.008022 36.944603
v -17.135290 -21.956442 44.554745
v -27.857189 -18.027355 39.850418
v -25.424412 -18.092810 41.345314
v -9.759624 -28.061129 45.157482
v -7.319105 -32.039070 43.943016
v -7.258170 -38.220032 40.002499
v -11.552372 -25.057659 45.662365
v -10.105647 -24.686249 46.126423
v -6.257377 -34.713108 42.616940
v -13.940553 -22.000645 45.662479
v -6.279464 -36.340599 41.538651
v -20.471069 -19.862604 43.566177
v -7.105736 -29.517612 45.126568
v -9.179132 -41.714657 36.455627
v -6.103201 -39.434685 39.231709
v -38.488552 -19.633011 29.926949
v -22.361103 -17.793505 42.925587
v -11.532598 -21.889078 46.373482
v -15.825460 -18.949556 45.494972
v -4.404297 -32.670784 44.026772
v -7.398625 -25.499163 46.448071
v -4.527239 -31.303865 44.678608
v -6.996706 -41.947220 36.739002
v -4.630075 -38.075340 40.498398
v -11.754164 -44.406300 32.598812
v -9.180871 -44.046616 33.907982
v -7.749311 -44.229279 34.056881
v -26.720991 -43.797733 22.461411
v -30.824072 -41.763859 20.713531
v -13.671466 -45.143436 30.768909
v -18.375404 -45.238792 27.838152
v -4.650273 -29.490812 45.447166
v -2.663318 -36.835842 41.593735
v -2.608424 -34.913994 42.868011
v -5.241874 -26.933743 46.303776
v -5.210609 -41.667988 37.295597
v -9.268064 -22.000624 46.903069
v -15.155020 -45.681396 29.199112
v -1.990507 -32.920567 44.082817
v -18.235788 -17.897394 44.664497
v -12.533350 -19.601711 46.460304
v -28.292793 -15.590131 39.712776
v -2.569313 -39.527618 39.510635
v -2.781820 -41.790779 37.440868
v -7.146526 -21.701202 47.378841
v -9.604022 -19.809170 47.203964
v -25.101261 -15.854677 41.636467
v -22.560907 -15.600442 42.931450
v -31.473518 -15.834175 37.361786
v -36.708744 -18.101606 32.347202
v -38.277966 -17.966303 30.512709
v -0.633173 -31.070145 45.019478
v -4.927996 -23.742157 47.244476
v -17.101646 -15.542594 45.241142
v -2.296357 -27.114965 46.477306
v -0.116210 -27.828299 46.282738
v -1.947833 -24.595051 47.245819
v -7.153375 -18.419432 47.891785
v -0.200586 -34.974632 42.927727
v -11.761866 -17.625669 46.861454
v -9.373894 -17.535604 47.500854
v -25.963715 -13.439577 41.160950
v -12.577695 -15.831077 46.720768
v 0.450942 -32.895576 44.150593
v -34.647457 -15.923965 34.598747
v -36.697289 -15.857339 32.503242
v 0.208427 -37.195339 41.421772
v -5.058131 -19.795719 48.011715
v -31.016369 -13.273669 37.707825
v -29.016016 -13.290324 39.199196
v -22.340740 -13.268837 43.017536
v -2.647500 -22.180475 47.774921
v -9.205387 -15.523214 47.641655
v -17.148130 -13.357759 45.182098
v -32.891289 -13.305696 36.156803
v -0.137361 -25.526188 47.027241
v 1.267392 -35.797276 42.366211
v -4.173190 -43.967472 35.014114
v 0.383044 -39.608723 39.516026
v 0.433362 -41.468491 37.847801
v -8.337369 -45.346977 32.478664
v 2.454095 -29.604376 45.561226
v 2.960423 -32.240795 44.395630
v 3.628609 -34.617615 42.965420
v -2.867822 -19.431938 48.248634
v -12.755065 -13.513013 46.651707
v -9.444296 -13.409875 47.569851
v -0.111088 -23.404299 47.587208
v -7.101141 -15.356849 48.075443
v -25.566643 -11.227632 41.233475
v -22.630510 -11.271119 42.730274
v -28.591400 -11.226377 39.350220
v 2.690235 -27.227402 46.410774
v 2.234815 -25.312201 47.025127
v -5.224038 -16.281691 48.312057
v -0.128633 -20.271883 48.207153
v -19.230862 -11.141481 44.173077
v -34.737453 -13.504210 34.496082
v -36.599724 -13.489576 32.585709
v -2.589148 -16.282150 48.528908
v -30.445910 -10.251915 37.908287
v -15.165480 -10.993970 45.679939
v -39.735992 -19.933508 28.085260
v 3.314706 -36.483330 41.764748
v 3.255778 -39.118004 39.780647
v -5.032649 -45.251575 33.322121
v 2.740787 -22.906136 47.608433
v 2.817059 -20.388788 48.101776
v 4.987631 -29.408508 45.430382
v 4.904717 -32.017563 44.313065
v -7.024959 -12.206882 47.985371
v -0.104355 -18.042418 48.486549
v 2.705421 -18.275257 48.387672
v -11.737611 -11.243218 46.764248
v -9.347040 -11.284910 47.421925
v -33.185165 -11.439364 35.772503
v -28.000175 -9.073294 39.456146
v -25.236868 -8.853280 41.099586
v -22.731890 -8.680737 42.344124
v -19.848255 -8.754502 43.620953
v -16.012396 -9.061612 45.128662
v -5.086612 -13.486717 48.318359
v 5.353536 -25.649616 46.669556
v -0.128021 -15.901796 48.617107
v -38.618877 -15.757748 30.259480
v -2.416950 -13.477492 48.520416
v -0.033091 -13.285699 48.587784
v -11.756365 -9.024471 46.471104
v -14.118162 -8.583572 45.690475
v -23.205641 -6.712474 41.772350
v -32.110138 -8.748453 36.345131
v -20.318449 -6.578109 43.053120
v -17.553284 -6.670340 44.147671
v -9.382473 -8.774017 47.065128
v -30.224710 -6.587396 37.471462
v -27.915726 -6.572441 39.066490
v -25.185356 -6.713703 40.728191
v -35.556637 -11.098761 33.488533
v -39.626732 -17.843916 28.702345
v -34.082378 -8.562278 34.572708
v -7.137375 -8.796381 47.566544
v 4.951618 -20.898312 47.828037
v 6.889357 -23.938299 46.893009
v 7.323761 -29.439318 45.120174
v 6.955889 -26.332359 46.227295
v -5.297724 -11.149378 48.115242
v 6.816817 -34.975979 42.361679
v 6.907549 -32.161400 43.962521
v 2.794332 -15.860458 48.545437
v 2.780112 -13.545421 48.526569
v 9.570184 -30.927212 44.117588
v -38.597107 -13.375948 30.279009
v -26.170488 -4.247664 39.590416
v -2.767569 -10.839282 48.294895
v 4.830641 -38.982262 39.719524
v 0.302341 -43.051201 36.248398
v 4.977268 -17.927469 48.217438
v 4.996248 -15.814142 48.355827
v 9.737719 -28.491308 45.045876
v 11.546876 -29.351627 44.344162
v 6.776269 -37.682487 40.441570
v 6.901787 -20.378643 47.649834
v -32.731842 -6.651020 35.423409
v -28.256117 -4.217462 38.290058
v -30.003010 -4.170746 37.054405
v -31.868193 -4.322228 35.576027
v 9.825092 -33.440117 42.752716
v 9.471913 -35.162609 41.778000
v -40.725899 -21.689377 25.956928
v 9.533053 -24.495932 46.261875
v 11.510611 -26.347832 45.328766
v -38.164856 -11.295595 30.626604
v -40.152431 -15.583326 28.166441
v -36.309967 -8.749791 32.356422
v -40.557728 -26.765009 23.497393
v 7.485546 -17.886499 47.862377
v 7.035718 -15.794959 48.069294
v -28.989733 -2.244643 37.228260
v -35.017265 -6.677324 33.267437
v -41.393642 -24.873028 23.246622
v -9.850597 -46.565376 30.255445
v -11.918827 -46.419640 29.658266
v 11.823940 -33.724022 42.170059
v 11.391434 -31.460819 43.469990
v 9.048850 -20.130066 47.265884
v 4.953554 -13.447487 48.338375
v -38.325207 -8.666513 30.057053
v -41.278809 -18.705097 25.959476
v -40.307224 -13.290664 27.973459
v -33.808002 -4.373648 33.833313
v -39.667545 -11.023898 28.705441
v -37.346092 -6.576314 30.762157
v -41.939201 -22.025927 23.671902
v -41.333454 -15.548340 26.344858
v -32.182388 -2.050142 34.578529
v 11.639245 -22.062189 46.293915
v -35.498020 -4.354143 32.123402
v -41.475014 -27.187778 21.384117
v -39.805721 -8.815295 28.168976
v -29.621321 0.342274 35.786690
v -42.497143 -18.656191 23.799292
v -41.663776 -13.335896 25.863409
v 6.922402 -13.044147 48.047306
v 9.669285 -16.343697 47.553646
v -39.272854 -6.579359 28.404303
v -37.344135 -4.392331 30.109413
v -39.189938 -4.469547 27.834885
v -31.393322 0.316999 34.327866
v -41.284370 -11.030687 26.342316
v -41.259563 -8.732951 26.034735
v -34.494530 -2.221356 32.409317
v -39.898731 -32.611137 19.021019
v -38.658058 -34.525112 18.913494
v -42.828747 -15.701974 23.699028
v -42.870369 -13.337166 23.748192
v -41.719852 -29.103617 19.064785
v -43.037186 -21.924017 21.506130
v -42.343582 -24.635752 21.419605
v -36.521271 -2.249462 30.228268
v -33.482533 0.260066 32.382088
v -43.697872 -18.576164 21.433249
v -43.889198 -15.685146 21.615026
v -40.905697 -6.583349 26.079971
v -40.521137 -4.394076 25.894537
v -40.836746 -30.844698 19.140820
v -36.743999 -37.107361 18.743668
v -42.816456 -11.120987 23.722136
v -42.819332 -26.364191 19.011765
v -35.704506 0.127467 30.100761
v -31.683704 2.398966 33.075195
v -38.512375 -2.182993 27.781645
v -43.631577 -23.910378 18.958252
v -42.625275 -8.521317 23.643688
v 11.479856 -19.031754 46.837116
v 14.273311 -27.656654 44.186245
v 14.038858 -25.020424 45.009888
v -43.992092 -13.298429 21.559078
v -34.311531 -39.706779 18.733984
v -28.098944 -43.796574 20.684580
v -44.154613 -21.622202 19.093723
v -44.703442 -18.544376 19.153881
v -41.640457 -31.442360 16.484995
v -32.010891 -41.535732 19.240067
v -33.987324 2.401814 30.798506
v -39.702065 -34.487236 16.568272
v -44.010990 -25.548925 16.715370
v -42.775337 -28.724867 16.782465
v -44.378460 -26.571375 14.675876
v -45.078419 -15.696774 18.930063
v -45.156551 -13.303027 18.956203
v -45.059029 -21.951181 16.618616
v -45.337212 -23.377424 14.850186
v -37.390278 -37.387413 16.727068
v -42.788666 -30.377493 14.691788
v -45.617405 -18.523577 16.828213
v -35.535862 -39.752441 15.969053
v -40.300686 -34.697277 14.591828
v -38.218803 -37.337811 14.716115
v -41.754173 -32.414337 14.599008
v -46.069504 -20.509010 14.613917
v -33.026268 -41.940212 16.333651
v -46.293121 -15.690628 15.695654
v -45.934002 -24.081347 12.281097
v -39.562817 -36.827641 12.027101
v -37.308624 -39.445034 11.973263
v -39.671268 -37.442684 10.004011
v -42.191719 -32.887836 12.295007
v -40.965370 -34.869457 12.197731
v -34.289330 -41.601673 14.272291
v -35.094917 -41.768810 11.560940
v -43.666981 -30.132448 12.140608
v -45.166077 -26.464706 12.223967
v -46.719784 -20.988243 12.202915
v -46.723824 -17.606457 13.883757
v -41.669804 -34.630913 10.291066
v -44.577515 -29.106470 10.326530
v -45.506527 -26.902067 10.208844
v -43.670353 -31.212656 9.986448
v -43.150082 -32.940987 8.021764
v -46.406792 -24.278521 10.215704
v -47.040043 -21.914795 10.130377
v -37.596138 -39.801842 9.965017
v -41.707878 -35.467430 7.460159
v -45.716591 -27.542889 7.918277
v -44.358318 -30.732018 7.667862
v -46.790955 -24.514997 7.917318
v -39.678329 -38.107708 7.584614
v -47.604458 -22.035004 7.059284
v -44.067772 -31.976391 5.495529
v -40.102844 -38.063263 5.431138
v -45.553078 -28.792294 5.500810
v -46.950207 -25.104607 5.693534
v -46.681683 -26.569332 3.305922
v -41.873177 -35.663246 5.491271
v -40.577053 -37.752861 3.607193
v -42.143272 -35.685661 2.839221
v -43.550301 -33.346092 2.980893
v -45.735401 -28.921000 3.242874
v -44.530376 -31.546059 2.941371
v -47.468605 -24.295372 3.241354
v -44.118149 -32.556931 0.125441
v -45.831871 -28.975965 0.160249
v -41.994404 -36.075737 0.156831
v -46.879242 -26.425327 0.086581
v -30.242062 -28.726955 -35.261940
v -28.326241 -28.695728 -36.783279
v -27.823927 -31.479168 -35.540710
v -29.946407 -30.728254 -34.296349
v -25.917761 -31.205471 -37.070927
v -24.168215 -29.040977 -39.489826
v -25.628033 -27.009819 -39.516129
v -28.177052 -26.477634 -37.995174
v -30.609259 -25.907663 -36.385624
v -22.944128 -31.242826 -39.053993
v -23.182718 -26.359701 -41.385738
v -25.346107 -24.563030 -40.762844
v -27.998291 -24.451820 -38.959835
v -21.144346 -29.426626 -41.133888
v -20.987926 -31.326525 -40.192825
v -24.668751 -33.671074 -36.340805
v -20.973228 -26.746761 -42.440201
v -21.024166 -33.862038 -38.585522
v -29.081015 -32.911396 -33.503284
v -27.753702 -34.248737 -33.561298
v -18.668140 -31.438034 -41.319004
v -18.766207 -33.588196 -39.980808
v -22.714277 -35.957878 -35.945747
v -18.885860 -28.835400 -42.544811
v -25.669374 -35.577099 -34.102940
v -18.854763 -35.913410 -38.284176
v -31.162954 -32.862579 -31.624075
v -31.913158 -30.552032 -32.568111
v -32.759094 -28.873878 -32.828991
v -32.703449 -26.401255 -34.239040
v -30.477091 -23.266104 -37.524517
v -23.600058 -23.115620 -42.331436
v -21.560284 -23.548235 -43.309391
v -25.742405 -22.722548 -41.119869
v -32.253906 -24.175323 -35.684940
v -28.438494 -22.719664 -39.218369
v -30.432425 -34.232571 -31.188902
v -18.617863 -25.230856 -44.130184
v -16.407772 -31.460817 -42.283745
v -16.562550 -28.504799 -43.678528
v -16.559469 -34.249016 -40.562294
v -16.766737 -36.224380 -39.065525
v -19.093899 -37.883331 -36.539803
v -28.721079 -36.036339 -31.110022
v -21.834925 -37.850220 -34.837944
v -23.961437 -37.866852 -33.263676
v -33.083965 -32.871429 -29.598753
v -33.835236 -31.236095 -30.068287
v -26.212305 -37.634216 -31.674145
v -35.297115 -29.366102 -29.749729
v -31.774393 -35.004368 -29.055412
v -35.205711 -26.258133 -31.716705
v -30.337532 -36.157009 -29.412159
v -34.454109 -23.208706 -33.925194
v -32.555820 -22.573772 -35.954475
v -36.186455 -27.769386 -29.691759
v -35.368195 -31.623301 -27.939404
v -36.133579 -23.408018 -32.040199
v -16.483994 -38.120567 -37.655205
v -16.686737 -25.470297 -44.823738
v -14.104799 -34.135803 -41.563351
v -14.036193 -29.563828 -44.098782
v -14.272378 -31.637568 -42.958019
v -18.947269 -22.854757 -44.719467
v -28.355095 -20.209044 -39.902393
v -25.638737 -20.240599 -41.793430
v -23.621277 -20.197914 -43.025188
v -14.212377 -26.836992 -45.220230
v -30.256382 -19.552889 -38.612259
v -32.383831 -20.442736 -36.679363
v -21.499449 -20.267660 -44.131039
v -18.852272 -20.065407 -45.404297
v -16.584297 -22.859325 -45.668045
v -14.073012 -36.487991 -39.949448
v -14.520196 -25.055481 -45.737373
v -12.043688 -31.798014 -43.581787
v -11.937942 -29.414251 -44.813915
v -11.774199 -27.260857 -45.786560
v -12.051418 -34.288132 -42.116669
v -11.897572 -36.404289 -40.719818
v -19.977142 -40.037308 -33.858521
v -18.130547 -39.910328 -35.127449
v -21.965378 -39.865440 -32.673512
v -23.559860 -39.810543 -31.460505
v -29.074251 -37.607574 -29.077972
v -26.400087 -39.063148 -29.885504
v -14.227709 -38.942215 -37.830788
v -34.500652 -34.168869 -26.603621
v -9.638910 -29.511753 -45.354977
v -8.519775 -31.691914 -44.507614
v -9.355614 -34.059513 -42.948322
v -11.671127 -38.930397 -38.752602
v -9.532331 -38.232529 -39.981728
v -9.347382 -36.211018 -41.544773
v -9.475940 -27.328999 -46.328262
v -11.117730 -25.160604 -46.696980
v -16.398579 -20.093496 -46.359447
v -13.004777 -22.929001 -46.824047
v -14.810734 -40.342579 -36.248074
v -16.781746 -40.620670 -35.060711
v -7.360821 -29.771805 -45.707108
v -23.743546 -17.915867 -43.329075
v -25.852448 -18.066099 -42.010582
v -7.316610 -27.088310 -46.858646
v -12.776685 -20.019840 -47.547333
v -6.963776 -36.297741 -41.985947
v -7.237715 -38.341167 -40.419960
v -6.443427 -33.985310 -43.547863
v -9.482551 -22.741802 -47.798996
v -7.605389 -24.595070 -47.653492
v -20.889517 -16.629869 -44.977627
v -19.080566 -17.726192 -45.660149
v -27.861029 -16.259846 -40.891186
v -23.397755 -15.788582 -43.771294
v -16.436712 -17.838482 -46.686245
v -13.434693 -17.902178 -47.668198
v -25.337494 -15.536067 -42.643894
v -34.630718 -20.164295 -34.643894
v -9.878135 -20.125322 -48.257298
v -4.772820 -31.826591 -45.021999
v -5.313068 -27.266794 -47.091240
v -4.296456 -29.539520 -46.251728
v -6.826966 -22.776041 -48.302059
v -5.280260 -25.133165 -47.841026
v -17.627262 -15.883547 -46.434765
v -32.466091 -18.542103 -36.946171
v -14.351593 -15.800422 -47.578506
v -30.829725 -15.903308 -38.623299
v -7.406651 -20.475853 -48.695225
v -37.372627 -24.859735 -29.886198
v -21.087732 -13.815242 -45.015610
v -18.762156 -13.444238 -46.028938
v -36.797626 -20.306105 -32.306763
v -9.288420 -17.866304 -48.733776
v -23.757336 -12.911876 -43.642570
v -35.145016 -18.274960 -34.463425
v -32.989082 -15.804034 -36.789116
v -35.020409 -15.772814 -34.873962
v -27.936840 -13.438366 -40.947468
v -30.012503 -13.740053 -39.368011
v -11.567597 -15.906899 -48.360275
v -25.658792 -12.506650 -42.467396
v -2.429686 -27.133696 -47.432903
v -2.684434 -25.337694 -48.043869
v -2.726285 -22.636835 -48.839733
v -5.287063 -20.418041 -49.025848
v -6.354226 -17.658676 -49.310020
v -16.386753 -13.280521 -46.935444
v -14.275547 -13.666113 -47.647999
v -11.590588 -13.909966 -48.420029
v -2.313743 -29.668564 -46.358887
v -8.247092 -15.839613 -49.143406
v -2.955979 -33.729347 -44.090439
v -1.285109 -31.734615 -45.353954
v -3.042706 -36.418926 -42.405235
v -4.692266 -38.220287 -40.922779
v -2.619137 -20.232384 -49.335239
v -21.217587 -11.748069 -44.892052
v -0.252890 -26.656475 -47.703270
v -11.975833 -41.200294 -36.403622
v -8.137107 -39.693352 -39.012955
v -0.300709 -29.683985 -46.417736
v -2.962206 -17.963543 -49.650673
v -0.283042 -22.879135 -48.866432
v -9.486428 -40.814034 -37.569378
v -5.002752 -39.515106 -39.740688
v -0.193612 -34.738152 -43.579063
v -0.008633 -36.529041 -42.443851
v -18.058163 -41.700500 -33.094318
v -9.543235 -12.797750 -48.906609
v -18.993540 -10.662141 -45.794483
v -16.495996 -10.658647 -46.735928
v -32.332664 -13.333314 -37.466557
v -14.262063 -11.641214 -47.575405
v -0.247157 -20.350805 -49.405762
v -4.548737 -15.682139 -49.689014
v 2.095579 -29.430843 -46.493034
v 2.348155 -27.214260 -47.413193
v 2.401327 -31.485050 -45.462761
v 1.957107 -34.291420 -43.853401
v -2.448493 -38.894562 -40.560902
v -0.326559 -38.883446 -40.680103
v 2.442861 -25.598087 -47.980862
v 1.905056 -22.713057 -48.869576
v -14.600662 -42.114922 -34.350124
v -0.215523 -18.097912 -49.749210
v -12.143219 -11.104443 -48.153950
v -7.162743 -13.406570 -49.353806
v -23.683382 -10.474008 -43.510746
v -27.878107 -11.053290 -40.876289
v 2.314403 -20.160173 -49.388111
v 2.240577 -18.131393 -49.703651
v -7.014555 -41.391415 -37.554340
v 3.760311 -36.099552 -42.620525
v -4.876399 -13.112763 -49.660488
v -21.472902 -9.333819 -44.525887
v -30.053829 -11.510455 -39.261974
v -32.404572 -11.376487 -37.345909
v -37.111263 -17.982882 -32.399292
v -25.474808 -9.009734 -42.263145
v -0.614961 -15.942632 -49.913776
v -37.841042 -22.459770 -30.339270
v -35.111607 -13.492664 -34.894268
v -34.705029 -11.561672 -35.237717
v -19.052563 -7.872886 -45.424259
v -16.418880 -8.074748 -46.455719
v -14.259017 -7.984470 -47.173641
v -37.035351 -15.702707 -32.794094
v -23.325815 -7.227436 -43.258575
v -37.110619 -28.711348 -27.863230
v -9.597784 -8.975716 -48.559135
v -21.013962 -7.058290 -44.396996
v -0.970063 -14.053215 -49.945576
v -2.557706 -12.040022 -49.808723
v -7.329695 -9.488084 -49.061832
v -5.292192 -9.973370 -49.387352
v -2.591748 -9.490417 -49.599644
v -11.972652 -7.916736 -47.803307
v 4.541710 -26.234915 -47.597153
v -27.645252 -7.547472 -40.566551
v -30.236820 -8.429148 -38.774525
v -32.285477 -8.968209 -37.178997
v -38.386379 -25.751062 -28.006132
v 5.214789 -29.394833 -46.246071
v -37.520771 -13.301131 -32.362007
v -39.556137 -20.289583 -28.835739
v -25.648569 -6.457214 -41.691513
v -39.137772 -17.807528 -29.978975
v -39.229012 -15.970008 -30.176075
v -39.400826 -13.702618 -30.093910
v -34.752922 -9.375969 -34.996616
v -39.624348 -22.580374 -27.858456
v -37.744865 -30.373493 -25.693367
v -32.473442 -35.779789 -27.388487
v -36.413158 -32.343639 -25.874372
v -39.470806 -26.969450 -25.653372
v -36.982948 -9.973798 -32.788750
v -29.863724 -4.906549 -38.362953
v -20.012674 -42.038891 -31.390871
v -30.473963 -37.764881 -27.341787
v -23.794512 -41.328457 -29.367136
v -41.079674 -23.107430 -25.430290
v -32.275509 -5.788833 -36.611000
v -34.686287 -6.614432 -34.596676
v 2.465730 -16.263288 -49.844681
v -40.704063 -16.372906 -28.119898
v -21.389593 -42.446110 -29.838644
v -41.608402 -20.188326 -25.841749
v -41.929264 -17.748804 -26.000408
v -39.023342 -11.412629 -30.527700
v -28.194521 -39.995449 -26.894325
v -26.556885 -40.701847 -27.597204
v -40.246944 -28.279182 -23.388992
v -36.209721 -34.594162 -23.684612
v -38.790619 -31.177069 -23.301371
v -41.469715 -25.583145 -23.291189
v -17.053616 -42.971355 -32.029072
v -35.195793 -35.852013 -23.616655
v -32.576565 -37.257198 -25.370985
v -37.488972 -33.307728 -23.203695
v -11.651531 -43.003597 -34.411293
v 2.081167 -37.786736 -41.508812
v -9.434083 -42.696812 -35.478104
v -4.847491 -41.377598 -37.916939
v 5.452599 -31.553099 -45.141655
v 5.738986 -22.664524 -48.549030
v 5.101031 -34.211689 -43.679573
v 6.490452 -20.442934 -48.952572
v 6.986365 -27.440552 -46.816582
v 2.347568 -14.475918 -49.910561
v 6.946229 -25.128256 -47.650501
v 5.280053 -17.940250 -49.481846
v -1.039984 -40.656929 -38.972309
v 2.361059 -38.911171 -40.585392
v -13.858501 -43.802444 -32.488552
v -18.513828 -43.763580 -29.968805
v 0.387327 -11.741381 -49.877197
v 0.098584 -9.578014 -49.685009
v -5.275621 -6.930933 -48.979229
v 5.460675 -15.323597 -49.674221
v 5.342539 -36.769058 -41.995789
v -36.579586 -6.199120 -32.521832
v -40.815163 -13.246911 -28.170986
v -30.826256 -39.183014 -24.877050
v -42.440689 -22.678431 -23.369244
v -43.361553 -19.638258 -23.116442
v -22.211830 -43.052597 -28.223680
v -34.371120 -4.146573 -34.278019
v -32.130699 -2.811987 -35.894073
v -38.981491 -8.692465 -30.216511
v -42.185898 -15.188192 -26.023443
v -40.645016 -29.953094 -21.135054
v -39.509712 -32.251862 -20.866892
v -24.389505 -42.465893 -27.081844
v -41.969360 -27.066351 -21.214075
v -27.110231 -41.565311 -25.697641
v -33.923920 -37.903599 -22.501911
v -43.211136 -23.920855 -21.182722
v -37.356838 -35.327667 -20.828403
v -44.081203 -20.690752 -21.343245
v -40.689827 -10.773816 -28.196087
v -43.774712 -15.925446 -23.281433
v -42.114994 -12.603518 -26.212025
v -28.771749 -41.757675 -23.379690
v -30.617439 -40.441975 -23.127108
v -32.542480 -40.016552 -21.046770
v -35.311333 -37.832134 -20.445210
v -33.785320 -39.877384 -19.309685
v -20.035435 -44.174519 -28.205772
v -6.751221 -43.595547 -34.977970
v -16.231749 -44.263985 -30.593639
v -11.769879 -44.415684 -32.457565
v -9.530977 -44.182583 -33.519699
v -1.301311 -41.833160 -37.704140
v -39.684288 -33.608929 -18.697769
v 5.479154 -38.381672 -40.747398
v -3.177570 -43.054707 -36.169941
v -25.767696 -42.989269 -24.721735
v 8.983029 -29.555452 -45.544689
v 2.980982 -40.733315 -38.799236
v -42.774120 -27.945059 -18.664251
v -41.380013 -30.954622 -18.452019
v -43.840420 -25.354305 -18.670664
v -43.846500 -13.594177 -23.362061
v -44.549580 -18.191319 -21.284472
v -38.474972 -5.944846 -30.183483
v -30.811953 -41.803112 -20.384287
v -36.771152 -37.415913 -18.423969
v -26.281950 -43.743118 -22.708897
v -38.382393 -35.582714 -18.317488
v -44.651680 -22.842705 -18.787956
v 8.735468 -31.967966 -44.356216
v 9.303831 -33.736015 -43.222931
v 9.172418 -24.510899 -47.461651
v 9.929234 -22.723583 -47.840195
v 9.750561 -20.211657 -48.451950
v 9.591219 -26.889938 -46.543747
v 8.751966 -36.432312 -41.635757
v 1.850175 -41.849411 -37.666622
v 8.898528 -18.060791 -48.959080
v 9.086247 -15.989285 -49.110939
v 2.883248 -11.358160 -49.770531
v 5.423114 -11.914186 -49.576206
v 5.775692 -39.636391 -39.571136
v 0.182361 -43.003944 -36.383335
v 8.833347 -38.445644 -40.072796
v -34.162533 -2.366053 -33.863319
v -36.083733 -3.360577 -32.194202
v -40.433525 -7.611544 -27.984522
v -37.626488 -2.798881 -30.139538
v -41.991848 -9.048758 -25.972216
v -43.751202 -11.341431 -23.429693
v -44.899181 -15.765286 -21.123960
v -39.695721 -34.967148 -16.391914
v -41.082832 -32.851841 -16.445345
v -42.448536 -30.344126 -16.581295
v -31.580536 -42.287540 -18.100294
v -44.039364 -26.839682 -16.656107
v -45.393372 -19.832289 -18.761429
v -36.099094 -39.039257 -16.453766
v -37.714886 -37.311787 -16.520782
v -31.786621 0.202780 -34.974373
v -44.933453 -13.065268 -21.241423
v -39.869022 -4.531147 -27.820286
v -45.822067 -16.528105 -18.883305
v -41.658581 -6.355222 -25.790525
v -45.031567 -24.215536 -16.575861
v -43.506977 -8.244281 -23.262476
v -33.491966 0.140734 -33.396061
v -39.568703 -36.112873 -14.410465
v -33.646008 -41.295807 -16.493469
v -42.342182 -31.888411 -14.444412
v -35.112125 -0.321415 -31.934273
v -43.969028 -28.557491 -14.597283
v -41.196220 -33.828163 -14.359609
v -45.666798 -21.975794 -16.605034
v -37.629173 -38.410946 -14.233354
v -35.323517 -40.740631 -14.143720
v -44.924438 -26.342762 -14.533368
v -45.943768 -13.456916 -18.909843
v -46.176365 -19.929092 -16.477837
v -46.474808 -17.750572 -16.563911
v -36.648392 1.124553 -29.440693
v 5.527267 -41.666355 -37.534489
v -45.909851 -23.773447 -14.240412
v -41.082264 -35.079807 -11.973954
v -42.658108 -32.494171 -12.201300
v -38.578346 -38.259136 -11.914170
v -39.897705 -36.729546 -11.862671
v -35.783901 -41.218838 -11.616061
v -46.543930 -20.954185 -14.561614
v -44.634266 -28.649483 -12.056583
v -45.835533 -25.671665 -12.141107
v 8.611651 -40.141701 -38.562084
v -46.701542 -22.954769 -12.111943
v -39.536510 -37.862347 -9.719211
v -42.261997 -34.046448 -9.836293
v -43.785049 -31.408882 -9.739129
v -46.930748 -18.407627 -14.679764
v -41.198586 -36.071152 -8.477282
v -47.452106 -19.183668 -12.232578
v -45.114883 -28.596079 -9.870189
v -46.371910 -25.622442 -9.560925
v -43.441036 -32.678699 -7.729384
v -42.198837 -34.810802 -7.555854
v -44.449215 -30.824289 -7.597201
v -39.737728 -38.168999 -7.459383
v -45.991997 -27.262995 -7.906572
v -47.734951 -20.103479 -9.987179
v -47.221027 -22.666075 -9.782445
v -47.070633 -24.346649 -7.722614
v -40.439827 -37.706806 -5.296111
v -42.237843 -35.232376 -5.358173
v -44.348785 -31.610825 -5.195103
v -43.777515 -33.008678 -3.004815
v -45.651157 -29.117092 -3.741109
v -41.778618 -36.236382 -2.932382
v -47.719860 -21.895195 -7.654078
v -46.821697 -26.191742 -3.927531
v -44.902954 -30.830359 -2.973980
v -47.728893 -23.103617 -4.994045
v -47.538933 -24.232128 -3.132596
v -41.994404 -36.075737 0.156831
v -44.118149 -32.556931 0.125441
v -46.879242 -26.425327 0.086581
v -45.831871 -28.975965 0.160249
v -47.648952 -24.198484 0.043943
v 29.287416 -29.741657 -35.935162
v 30.999771 -29.387733 -34.638187
v 30.334669 -31.623606 -33.791111
v 27.985262 -31.416771 -35.973824
v 33.126488 -31.584652 -31.002649
v 33.201538 -29.369574 -32.424519
v 32.170799 -33.758778 -30.236174
v 29.903742 -33.753994 -32.507465
v 27.354492 -33.611614 -34.878269
v 30.088572 -36.133865 -30.144661
v 33.799648 -33.941154 -28.241936
v 35.534466 -31.536356 -28.281017
v 34.833302 -33.494461 -27.395485
v 35.751629 -29.216919 -29.749044
v 31.753561 -36.550575 -27.924936
v 27.740953 -36.160572 -32.275227
v 33.539051 -36.506062 -25.799006
v 35.700756 -33.734104 -25.999996
v 37.268799 -31.612722 -25.779285
v 35.678833 -36.218632 -23.199617
v 29.171349 -38.392998 -28.590483
v 27.163044 -38.319016 -30.576733
v 24.949093 -36.083439 -34.605289
v 30.934847 -38.990246 -25.869858
v 37.712303 -33.929653 -22.780794
v 37.326908 -35.999126 -20.905073
v 33.275509 -39.129730 -22.643232
v 35.312237 -38.054020 -21.235748
v 37.872551 -29.583134 -26.615904
v 39.782261 -31.414736 -21.988029
v 40.042282 -29.275253 -23.464483
v 38.027996 -27.011183 -28.238945
v 34.699799 -27.232016 -32.080257
v 39.950378 -33.982128 -18.786814
v 36.674400 -27.109724 -29.936720
v 38.461060 -36.148613 -18.626144
v 32.291515 -27.107946 -34.651009
v 39.643215 -27.026236 -25.823111
v 41.525097 -31.555460 -18.586126
v 41.441574 -29.280727 -21.040886
v 40.992260 -26.913641 -23.724628
v 42.267632 -27.183178 -21.270382
v 36.975288 -37.901707 -18.599279
v 38.862732 -24.856676 -28.348742
v 37.053524 -24.830589 -30.694679
v 40.685020 -24.615519 -25.729521
v 41.988327 -24.780222 -23.478409
v 35.077274 -24.751492 -32.909927
v 42.621620 -29.241596 -18.725525
v 40.897491 -34.054417 -16.641689
v 42.316940 -31.733774 -16.586864
v 39.348251 -36.354378 -16.425196
v 43.662094 -26.870508 -18.703308
v 30.617237 -27.028103 -36.239605
v 43.432899 -29.492516 -16.593779
v 43.210392 -24.770990 -21.236841
v 44.407654 -24.788418 -18.771534
v 32.419590 -24.811758 -35.579136
v 37.752960 -22.412109 -30.853388
v 39.598251 -22.560049 -28.359968
v 41.221874 -22.488441 -25.917667
v 44.463150 -27.203135 -16.478212
v 42.653526 -22.457376 -23.517279
v 42.012024 -33.718018 -14.321469
v 35.383648 -22.537430 -33.439941
v 32.851101 -22.663660 -35.932724
v 43.964005 -22.467831 -21.086172
v 45.066837 -22.518431 -18.748962
v 43.219421 -31.515163 -14.461540
v 44.321606 -29.398935 -14.282401
v 45.341297 -24.727024 -16.545809
v 38.869881 -20.324551 -30.105957
v 40.505367 -35.924931 -14.280504
v 37.141956 -39.035557 -16.147673
v 40.271420 -20.246483 -28.185963
v 35.177677 -39.623005 -18.827320
v 28.898973 -27.108110 -37.606850
v 45.324726 -26.926752 -14.302285
v 46.107254 -24.876633 -14.137547
v 41.826389 -20.151051 -25.790129
v 43.152782 -20.132057 -23.531322
v 44.384167 -20.265413 -21.180046
v 44.043472 -31.439585 -11.966145
v 42.762543 -33.659554 -12.027092
v 45.010067 -29.328959 -12.090056
v 45.972160 -27.029177 -12.018896
v 46.007538 -22.442507 -16.414782
v 46.664619 -22.637896 -14.304764
v 45.540539 -20.158020 -18.762413
v 37.102131 -20.076517 -32.264191
v 29.782158 -25.043976 -37.793644
v 40.793980 -17.921284 -27.981083
v 41.205296 -35.958923 -12.011245
v 38.823799 -38.084949 -14.091700
v 39.292290 -38.282597 -12.148773
v 45.512676 -29.514744 -9.772493
v 44.410568 -31.844652 -9.622070
v 46.758896 -24.776943 -11.963169
v 42.719063 -17.990255 -24.852205
v 39.331463 -18.090937 -29.989519
v 34.803181 -20.322784 -34.640366
v 27.788887 -29.201899 -37.404026
v 37.544121 -17.998674 -32.176353
v 30.993656 -22.617374 -37.600166
v 44.619057 -17.986589 -21.335320
v 45.767265 -18.091690 -18.861752
v 46.437557 -20.068277 -16.446711
v 47.070175 -20.282097 -14.380543
v 43.004524 -34.208645 -9.716710
v 46.549583 -26.961626 -9.643779
v 47.340229 -22.558952 -11.915320
v 47.729637 -20.265556 -12.019759
v 47.217281 -24.848406 -9.729279
v 41.503326 -36.351383 -9.749599
v 32.437298 -20.193285 -36.938976
v 35.298794 -18.115759 -34.539936
v 33.052055 -18.134184 -36.712700
v 42.372444 -15.514750 -25.734701
v 40.979729 -15.585800 -27.959661
v 43.660126 -15.458903 -23.475346
v 39.469944 -15.490289 -30.066278
v 37.576271 -15.643468 -32.361404
v 35.533825 -15.717864 -34.527737
v 44.769440 -15.718797 -21.307051
v 45.861694 -16.002148 -18.877008
v 46.686054 -17.661797 -16.502428
v 45.787075 -29.750669 -7.739086
v 44.671608 -32.039043 -7.694444
v 43.565491 -33.933548 -7.665799
v 46.823929 -27.173454 -7.655551
v 47.877419 -22.204105 -9.715857
v 47.352669 -18.048786 -14.290452
v 47.579922 -24.823391 -7.530155
v 37.317638 -39.619347 -14.329011
v 41.888924 -36.443409 -7.517162
v 39.653603 -38.680489 -9.495121
v 39.996105 -38.755104 -7.606268
v 45.135666 -31.806448 -5.269015
v 33.265789 -41.250618 -18.996111
v 34.642101 -41.408592 -16.195654
v 31.132469 -40.897610 -22.748936
v 31.125002 -41.824875 -21.130806
v 37.310547 -40.456661 -11.957986
v 43.968697 -33.881271 -5.070575
v 46.298229 -29.426556 -4.928681
v 46.962734 -27.594296 -5.278997
v 28.308895 -40.082344 -27.304432
v 42.287868 -36.347408 -5.411243
v 34.782921 -42.052883 -14.234997
v 35.151661 -42.369755 -12.264195
v 45.565502 -31.529831 -2.430219
v 44.245743 -33.836067 -2.850080
v 48.045231 -17.996065 -11.794696
v 46.606674 -29.257898 -2.460093
v 47.772266 -25.316437 -4.448728
v 42.452137 -36.541866 -2.688684
v 47.238438 -27.469398 -2.665330
v 48.167809 -22.687750 -6.807206
v 48.378670 -18.738277 -9.844995
v 40.471889 -38.678005 -5.074923
v 40.745464 -38.722801 -2.476881
v 38.023552 -40.719608 -8.261156
v 28.248613 -41.370682 -25.504747
v 29.544687 -42.249302 -22.524845
v 25.870926 -40.132534 -29.582764
v 32.454159 -43.088802 -16.342619
v 36.610870 -42.015869 -8.538219
v 44.176830 -34.209126 0.154231
v 45.700233 -31.545620 0.840315
v 42.803207 -36.286442 0.916329
v 46.759655 -29.212414 0.764182
v 38.582981 -40.701477 -5.251991
v 31.127869 -42.990208 -18.780752
v 24.208139 -38.436119 -32.860477
v 23.625080 -40.275826 -31.251015
v 24.452343 -33.481297 -37.064827
v 25.255348 -31.472309 -37.874943
v 25.611542 -41.807274 -27.522888
v 28.384720 -44.126453 -20.392248
v 32.126305 -44.094803 -14.231301
v 35.118698 -42.984692 -9.886385
v 38.927826 -40.734783 -2.330377
v 30.143301 -44.306038 -17.383011
v 36.859097 -42.324890 -5.469249
v 41.229832 -38.338554 0.975489
v 27.057606 -43.612186 -23.043242
v 33.225166 -44.230568 -10.948426
v 44.369911 -33.872662 2.916184
v 47.517235 -26.989582 0.768897
v 47.988758 -25.261162 -0.235040
v 48.488853 -20.400640 -7.490580
v 37.058815 -42.512203 -2.454821
v 39.361599 -40.470814 0.989035
v 37.177925 -42.564167 0.282500
v 48.490341 -22.475555 -3.368085
v 48.712288 -20.303848 -5.230100
v 34.545536 -44.126396 -6.380649
v 32.478626 -45.298183 -8.442531
v 45.597382 -31.543859 3.656911
v 23.160135 -41.919872 -29.543146
v 23.699221 -43.089951 -27.371725
v 42.501690 -36.552662 3.889796
v 30.240980 -45.336594 -14.258543
v 28.220139 -45.446884 -17.551868
v 21.785221 -38.354698 -34.652599
v 21.920324 -39.621361 -33.251305
v 22.418690 -35.844223 -36.496655
v 22.940384 -44.081921 -26.456503
v 24.980345 -29.312212 -39.248264
v 30.155647 -46.045338 -11.912676
v 30.605528 -46.499474 -8.508209
v 34.666344 -44.512756 -2.475862
v 25.868462 -45.384995 -20.789568
v 25.392681 -27.042242 -40.075996
v 20.523365 -41.950371 -31.443136
v 19.783384 -40.817284 -33.314537
v 23.553228 -45.333565 -23.429220
v 20.914246 -43.005074 -29.773945
v 33.189854 -45.322601 -5.069081
v 28.229378 -46.530201 -14.269988
v 26.014795 -24.924036 -40.523144
v 19.462717 -39.055939 -35.404430
v 28.775738 -22.505636 -39.371895
v 22.589596 -31.306343 -39.574974
v 19.554365 -44.122971 -29.115639
v 19.822102 -36.398422 -37.493725
v 20.471394 -33.827751 -39.101528
v 30.575594 -20.309744 -38.499905
v 26.180155 -46.551697 -17.528526
v 22.648451 -29.192387 -40.678921
v 31.574976 -46.398701 -5.218073
v 28.307598 -20.238405 -40.271652
v 26.391018 -22.581522 -41.005589
v 22.956329 -26.733553 -41.659363
v 17.224995 -40.334927 -35.295086
v 20.385145 -45.302170 -26.448395
v 20.308817 -31.600603 -40.596428
v 17.207737 -42.028267 -33.367271
v 17.080585 -42.743252 -32.552498
v 22.745243 -46.351933 -22.012022
v 15.655375 -38.589336 -37.706398
v 16.303865 -36.081787 -39.445526
v 20.085163 -29.331676 -41.903301
v 30.237513 -18.126436 -39.145950
v 22.538671 -24.804911 -42.619030
v 19.330854 -46.343403 -25.246407
v 17.173237 -33.773041 -40.683205
v 17.940334 -31.637188 -41.666313
v 23.589973 -22.473343 -42.788635
v 17.779192 -45.242268 -28.479256
v 16.069792 -44.150574 -31.149542
v 32.956001 -15.803472 -37.007805
v 30.711212 -15.777368 -38.974968
v 20.078352 -27.038157 -42.940659
v 25.448980 -20.293835 -42.176537
v 40.786488 -13.971360 -28.234137
v 42.157143 -13.448164 -26.061035
v 44.981651 -13.774240 -20.858528
v 43.592331 -13.311994 -23.548901
v 14.810784 -40.195873 -36.534561
v 47.430233 -15.774821 -14.313009
v 48.034122 -15.645512 -12.154334
v 46.738224 -13.961926 -16.506094
v 35.647068 -13.708618 -34.447029
v 33.271118 -13.827558 -36.758224
v 37.535336 -12.539222 -32.364388
v 39.544971 -12.353799 -29.851938
v 27.016682 -18.106201 -41.524109
v 23.746801 -20.274178 -43.212494
v 45.980438 -12.926857 -18.452145
v 27.966763 -15.648892 -41.097534
v 30.721252 -14.206774 -39.014252
v 28.175194 -14.293893 -40.977249
v 16.824829 -29.667070 -43.145317
v 20.812576 -22.573502 -44.182285
v 24.213263 -18.070580 -43.289566
v 19.532370 -24.616314 -44.101997
v 40.494568 -10.631584 -28.271235
v 42.103413 -11.194538 -25.846733
v 43.469364 -11.240762 -23.498327
v 44.601616 -11.129423 -21.224810
v 48.608582 -22.447250 -0.456613
v 17.652267 -26.582668 -44.159725
v 21.693182 -20.127554 -44.345486
v 48.319977 -15.214778 -10.914326
v 48.601727 -15.417262 -9.366755
v 48.822643 -18.044165 -6.805328
v 48.882374 -15.025043 -7.346448
v 47.671318 -13.466274 -13.328443
v 34.773495 -11.278333 -35.157085
v 32.765652 -11.843709 -37.132126
v 31.366398 -11.668418 -38.356865
v 35.239182 -10.521995 -34.613041
v 45.540749 -10.100997 -18.913719
v 48.906620 -20.115379 -2.664886
v 38.885891 -9.259878 -30.223696
v 24.530302 -15.613929 -43.344784
v 46.451340 -10.184808 -16.540842
v 47.181408 -10.848571 -14.348191
v 36.970127 -8.736082 -32.447739
v 41.830021 -9.052082 -25.802551
v 43.215412 -9.070840 -23.415834
v 46.475189 -29.198801 5.259877
v 47.207245 -27.504471 3.704083
v 44.184490 -33.803818 5.594739
v 42.371098 -36.491093 5.720089
v 44.188705 -8.148936 -21.215496
v 47.909340 -25.222874 2.908595
v 45.724911 -30.857311 5.670911
v 49.132824 -18.067387 -2.528574
v 29.240084 -12.573905 -40.128700
v 48.928017 -20.360203 0.245284
v 49.160606 -18.249763 0.193542
v 48.404148 -12.379323 -9.893985
v 40.011353 -6.716723 -27.988134
v 38.550167 -7.012754 -30.110207
v 47.756836 -10.433928 -12.073494
v 48.502827 -22.387501 3.127133
v 49.110775 -14.942019 -4.912140
v 49.228542 -15.337057 -2.761694
v 32.541977 -9.172767 -37.006474
v 42.764275 -6.714597 -23.435328
v 44.921291 -6.534829 -18.919193
v 21.315668 -17.948385 -44.885162
v 41.012714 -5.128461 -25.836729
v 34.435940 -6.740016 -34.720367
v 48.747131 -11.823752 -7.410342
v 25.891741 -13.101506 -42.492016
v 36.770679 -5.861502 -31.952200
v 18.597340 -22.487463 -45.175194
v 14.309610 -33.734188 -41.808155
v 14.660365 -31.379099 -43.056614
v 19.289982 -20.229601 -45.438995
v 43.510220 -5.136183 -21.307024
v 15.581244 -27.223385 -44.680397
v 29.935116 -8.904046 -39.182159
v 38.054653 -4.487044 -29.958323
v 39.357162 -3.681609 -27.835218
v 32.264076 -7.031428 -36.851536
v 35.802639 -5.019195 -32.774666
v 27.591738 -10.016104 -41.099068
v 15.815636 -25.012964 -45.428047
v 41.995476 -3.290661 -23.285248
v 13.132939 -36.609829 -40.232708
v 12.859767 -34.208332 -41.986313
v 20.738171 -15.620038 -45.349224
v 24.463415 -12.366954 -43.329666
v 22.864920 -13.694229 -44.289806
v 25.661150 -9.844928 -42.343494
v 42.642445 -1.902864 -21.309029
v 13.289119 -29.454878 -44.459415
v 11.566020 -38.491531 -39.277493
v 11.691364 -40.304966 -37.558685
v 13.905439 -42.344837 -34.504707
v 11.126472 -42.425991 -35.389324
v 17.846052 -18.038105 -46.378273
v 18.139540 -15.684994 -46.453636
v 16.482019 -20.190924 -46.530506
v 14.627481 -22.578337 -46.579247
v 12.534292 -27.345219 -45.620502
v 11.711724 -31.546049 -43.867142
v 10.682932 -36.410110 -41.143211
v 36.863659 -2.351189 -30.615990
v 38.558537 -1.669281 -28.109337
v 40.275654 -2.443738 -25.813143
v 29.544903 -5.570364 -38.770584
v 31.662283 -4.284031 -36.630737
v 28.011656 -6.747061 -40.198715
v 33.651577 -2.936865 -34.292309
v 11.998923 -24.888582 -46.650791
v 41.060619 -0.300723 -23.300217
v 48.889904 -19.888378 2.849221
v 20.665176 -12.675103 -45.346272
v 25.448996 -7.547054 -42.093906
v 34.526318 -0.240859 -32.309914
v 39.710014 -0.378236 -25.618586
v 23.726469 -8.661072 -43.328381
v 22.454082 -10.624602 -44.272190
v 36.646542 1.080489 -29.252323
v 12.724262 -20.306355 -47.713020
v 35.735161 0.740784 -30.544794
v 47.155663 -26.986271 5.618546
v 28.061052 -4.475787 -39.573109
v 30.242682 -1.957979 -37.067379
v 14.065772 -18.051907 -47.682297
v 9.303831 -33.736015 -43.222931
v 8.751966 -36.432312 -41.635757
v 8.983029 -29.555452 -45.544689
v 37.537792 1.351485 -27.888838
v 38.792107 1.914502 -25.672876
v 31.977127 -0.129482 -34.776077
v 25.477194 -4.090293 -41.266766
v 17.833933 -12.922489 -46.533192
v 27.663605 -1.377326 -38.887257
v 15.066124 -15.758704 -47.544796
v 15.076679 -12.849949 -47.492111
v 9.929234 -22.723583 -47.840195
v 9.591219 -26.889938 -46.543747
v 8.833347 -38.445644 -40.072796
v 8.735468 -31.967966 -44.356216
v 23.092489 -6.014172 -43.158352
v 21.838388 -7.659343 -44.141865
v 33.527988 1.990478 -32.287777
v 31.556684 1.793021 -34.291409
v 9.172418 -24.510899 -47.461651
v 19.785889 -9.120016 -45.337986
v 29.466970 1.062682 -36.493847
v 27.500765 -0.000120 -38.464127
v 47.944904 -23.668318 6.010463
v 11.192737 -17.997164 -48.474579
v 34.434254 4.505049 -29.890959
v 35.861549 4.559838 -28.064777
v 9.750561 -20.211657 -48.451950
v 11.903406 -15.725328 -48.473454
v 8.611651 -40.141701 -38.562084
v 31.649729 4.727076 -32.629005
v 33.212154 5.081614 -30.828838
v 12.224192 -13.779922 -48.386551
v 8.898528 -18.060791 -48.959080
v 9.086247 -15.989285 -49.110939
v 29.649605 -33.164318 33.214989
v 27.706867 -31.846067 35.714073
v 27.075378 -33.573093 35.066578
v 30.415770 -30.935169 34.046898
v 29.759508 -29.900000 35.183147
v 31.546051 -32.531033 31.885981
v 32.682064 -30.780907 32.002705
v 32.651855 -29.201920 32.955837
v 34.374195 -31.361223 29.847828
v 33.522148 -33.479416 29.104078
v 31.266972 -35.001358 30.086357
v 29.615770 -36.027592 30.770060
v 28.229658 -35.356159 32.683647
v 35.712051 -31.838573 27.938616
v 34.732979 -33.497761 27.665403
v 35.157887 -29.522369 30.205030
v 36.732105 -30.442688 27.725008
v 32.955807 -35.595482 27.675776
v 26.205936 -36.325119 33.546425
v 31.504721 -37.092453 27.712385
v 29.233038 -37.865967 29.262970
v 26.977499 -38.511787 30.742069
v 24.848244 -35.160717 35.513596
v 34.352959 -36.434883 24.972132
v 24.792850 -38.264870 32.811985
v 36.317322 -33.570053 25.463800
v 28.312582 -39.726810 28.064449
v 30.212410 -39.040653 26.845667
v 32.761227 -38.346348 24.630291
v 37.535275 -31.292805 25.903582
v 26.395813 -40.968254 28.434038
v 34.429741 -37.883202 22.973963
v 36.859825 -35.501793 22.319437
v 37.520924 -33.669083 23.463470
v 31.660074 -40.335255 23.285196
v 29.134150 -40.924751 25.552681
v 26.741432 -42.126686 26.473360
v 24.556131 -41.029160 30.019173
v 33.517857 -40.303738 20.732395
v 35.065861 -38.413857 21.213724
v 36.598789 -38.236633 18.931263
v 34.361683 -40.859585 18.478300
v 38.512737 -35.959030 18.787752
v 38.879230 -33.896896 20.818390
v 32.043655 -41.793793 20.427189
v 30.439041 -41.651188 22.858669
v 28.101858 -42.510925 24.373856
v 39.018188 -31.357607 23.363621
v 23.979265 -43.327869 27.520849
v 29.422529 -43.315628 21.399862
v 36.078800 -40.188980 16.472795
v 37.426216 -38.675629 16.575043
v 39.224827 -36.500217 16.492777
v 39.981232 -33.290241 19.495668
v 40.236362 -34.779896 16.952393
v 31.558651 -43.253601 18.458063
v 25.674370 -43.725674 25.161715
v 22.877745 -39.400532 33.042187
v 22.467482 -42.959595 29.282944
v 26.237675 -44.900215 22.496363
v 34.814491 -41.746250 15.737779
v 32.354557 -43.550594 16.385679
v 39.603580 -36.899872 14.894416
v 28.204025 -44.894348 20.058718
v 29.845047 -44.946190 17.539082
v 37.157948 -40.070492 14.253144
v 23.926464 -44.936516 25.002893
v 23.069088 -36.540230 35.602936
v 21.986115 -42.006447 30.788260
v 21.938854 -45.182602 26.495878
v 20.597435 -45.206249 27.544762
v 21.260447 -40.764565 32.651703
v 25.310858 -46.034870 21.407257
v 22.751045 -46.228424 23.847761
v 20.002176 -44.562679 28.913219
v 27.168299 -46.078781 18.921089
v 33.592564 -43.294125 14.419664
v 20.927984 -38.184963 35.424076
v 19.292196 -43.074348 31.210463
v 19.912209 -40.869511 33.329880
v 31.481792 -44.905781 14.549797
v 28.605419 -46.091122 16.687174
v 29.820999 -46.200893 14.077696
v 36.814663 -41.198818 12.168621
v 34.709801 -43.077663 12.248584
v 38.828018 -39.037365 12.214478
v 20.545794 -46.883301 24.663105
v 24.548437 -47.239040 19.585464
v 22.535772 -47.442951 21.453068
v 18.669233 -46.524467 26.832218
v 32.018871 -45.224880 12.194544
v 36.618717 -41.942410 10.390671
v 40.369049 -37.458244 11.463452
v 42.092152 -34.679192 12.454769
v 42.063625 -33.633003 14.359438
v 39.404186 -39.247135 9.787409
v 41.722324 -32.848976 16.345644
v 35.027405 -43.472572 9.831492
v 26.173803 -47.475273 16.551338
v 27.607353 -47.409763 14.219738
v 38.900059 -40.223194 8.160659
v 32.444565 -45.456165 9.866571
v 30.481745 -46.462276 11.358506
v 18.108522 -44.988571 29.468567
v 19.231138 -47.952751 23.541004
v 36.749008 -42.348415 8.131269
v 41.751556 -36.294132 9.759520
v 17.572201 -47.504333 25.779375
v 41.323311 -31.477087 18.844051
v 40.839828 -30.460333 20.849531
v 28.377357 -47.474625 12.305147
v 33.959934 -44.700081 7.738898
v 41.662754 -37.054031 7.670922
v 23.368422 -48.198666 18.303192
v 16.760645 -44.155861 31.222649
v 18.335739 -40.816544 34.224537
v 16.363605 -42.460960 33.408924
v 20.880449 -48.217007 21.191435
v 16.479219 -46.784603 27.687147
v 20.816769 -36.826019 36.657791
v 31.651009 -46.317757 7.987640
v 24.924942 -33.157055 36.868179
v 22.487894 -34.666782 37.377384
v 26.234043 -48.238083 13.521292
v 23.840940 -48.721493 15.580064
v 29.226246 -47.465691 9.916772
v 15.372710 -45.428654 30.206846
v 18.581341 -37.831451 36.919651
v 16.113403 -40.790428 35.279568
v 21.726511 -48.681583 18.753353
v 14.195409 -43.852341 32.713413
v 14.467410 -46.840137 28.526926
v 16.127224 -48.514416 24.483843
v 14.536018 -47.848057 26.770193
v 18.717674 -48.707066 21.889366
v 34.530201 -44.515759 5.661180
v 36.913902 -42.533878 5.821710
v 13.825913 -41.967106 34.980095
v 38.914928 -40.740601 4.768479
v 43.382214 -33.804363 9.945027
v 32.222527 -46.260307 4.987123
v 30.022120 -47.428055 6.801012
v 27.020742 -48.540627 9.874791
v 40.361408 -38.997841 5.744781
v 25.393814 -48.701687 12.850279
v 33.775471 -45.301792 2.738020
v 27.425344 -48.595573 7.863433
v 37.009678 -42.680035 2.978030
v 35.025047 -44.328117 2.791241
v 43.839104 -31.819712 12.249602
v 44.211056 -32.312035 10.128954
v 39.846767 -29.206944 23.815351
v 38.826717 -28.425829 26.139545
v 44.093597 -33.406498 7.855991
v 43.655956 -30.659603 14.337269
v 42.727242 -30.612316 16.668411
v 42.371098 -36.491093 5.720089
v 44.184490 -33.803818 5.594739
v 40.655102 -38.893173 3.751549
v 42.501690 -36.552662 3.889796
v 30.110933 -47.620102 3.108979
v 32.184681 -46.452492 0.892941
v 39.361599 -40.470814 0.989035
v 34.563007 -44.740021 0.132405
v 37.177925 -42.564167 0.282500
v 27.926218 -48.599060 4.922514
v 41.998028 -29.911957 19.004900
v 41.229832 -38.338554 0.975489
v 11.532422 -47.871807 27.951187
v 10.083591 -46.561005 30.596371
v 10.634016 -45.215256 32.271355
v 9.459576 -47.454235 29.370850
v 11.573528 -43.991680 33.495178
v 14.778145 -48.730408 24.678577
v 29.904449 -47.740055 0.100594
v 11.575153 -48.736805 26.076591
v 16.229767 -37.943783 37.786758
v 20.151320 -35.268921 38.158764
v 11.454144 -42.337296 35.358204
v 13.942796 -39.642719 37.148201
v 32.158672 -46.301483 -2.543137
v 34.666344 -44.512756 -2.475862
v 30.109896 -47.501446 -2.670003
v 37.058815 -42.512203 -2.454821
v 7.774467 -48.211910 28.462223
v 7.834072 -48.744507 27.326231
v 9.551991 -43.686317 34.433487
v 6.887922 -47.510448 29.900719
v 17.087030 -36.555779 38.549984
v 7.118383 -45.378139 32.887444
v 5.701489 -46.429073 31.769514
v 11.486013 -40.056984 37.533897
v 3.773511 -48.680367 28.301521
v 4.034338 -47.555511 30.292631
v 6.876968 -44.088943 34.509918
v 9.431995 -41.923592 36.284313
v 33.189854 -45.322601 -5.069081
v 31.574976 -46.398701 -5.218073
v 29.535646 -47.469364 -5.991698
v 7.256266 -42.376911 36.297173
v 4.201063 -45.232628 33.514877
v 9.438282 -40.195576 37.890152
v 1.274236 -46.453991 32.166618
v 11.722594 -38.165882 39.055466
v 0.219631 -47.599251 30.426172
v 0.240233 -48.679062 28.501778
v 3.670823 -43.974022 35.072441
v 13.861382 -36.241207 39.927353
v 18.488903 -34.215191 39.616623
v 16.155218 -34.394638 40.431805
v 6.389292 -39.696518 38.908836
v 0.244684 -45.234772 33.759861
v 3.689301 -41.648815 37.492081
v -2.338606 -47.917645 29.756643
v 30.605528 -46.499474 -8.508209
v -0.409763 -44.092705 35.131409
v 9.672389 -37.504833 40.046707
v -3.048369 -46.435856 32.037868
v -2.280654 -45.248909 33.646412
v 0.302341 -43.051201 36.248398
v 11.353073 -36.007168 40.784706
v 0.433362 -41.468491 37.847801
v 6.776269 -37.682487 40.441570
v 20.676262 -32.476162 39.645527
v 23.161558 -32.263588 38.435646
v 4.830641 -38.982262 39.719524
v 3.255778 -39.118004 39.780647
v 0.383044 -39.608723 39.516026
v -5.853133 -47.623940 29.719444
v -6.654277 -46.495377 31.340710
v 14.343208 -33.209255 41.789101
v 11.823940 -33.724022 42.170059
v -4.173190 -43.967472 35.014114
v -5.032649 -45.251575 33.322121
v -2.781820 -41.790779 37.440868
v 9.471913 -35.162609 41.778000
v 25.406055 -31.343184 37.581581
v 6.816817 -34.975979 42.361679
v 18.657915 -31.944601 40.825779
v 27.472464 -30.285769 36.720615
v 16.353119 -31.855257 41.800903
v -9.850597 -46.565376 30.255445
v -8.337369 -45.346977 32.478664
v -7.749311 -44.229279 34.056881
v 37.443577 -27.746117 28.514584
v 23.311493 -29.773495 39.533016
v 21.224463 -30.274614 40.421848
v 36.048031 -27.730471 30.167124
v 30.252695 -28.099831 35.608696
v 11.391434 -31.460819 43.469990
v 27.523434 -28.874100 37.317142
v 25.264997 -29.537863 38.466312
v 34.534004 -26.603586 32.288757
v 16.582783 -30.021145 42.542736
v 18.462854 -29.051998 42.193733
v 14.245976 -30.104118 43.299107
v 32.303432 -25.971550 34.703217
v 41.754322 -27.875761 21.187162
v 45.072956 -30.573801 9.999751
v 30.045807 -24.935644 36.998444
v 38.906502 -25.134409 27.846445
v 45.064827 -28.819147 12.484635
v 39.812950 -26.364714 25.784424
v 41.217327 -26.210751 23.334944
v 43.660435 -28.435751 16.515751
v 42.701454 -27.987318 19.097315
v 44.520077 -28.479378 14.357139
v 45.805637 -29.966337 7.804453
v 45.724911 -30.857311 5.670911
v 28.027189 -25.075100 38.377735
v 37.124569 -24.539734 30.323900
v 34.945919 -24.522224 32.696930
v 25.521786 -25.728352 39.720570
v 23.033932 -26.931679 40.730400
v 20.955572 -26.701221 41.917187
v 11.546876 -29.351627 44.344162
v 30.703535 -23.000034 37.085918
v 33.700459 -22.410362 34.569191
v 45.856293 -28.263784 10.414776
v 16.141003 -27.515141 43.608513
v 14.273311 -27.656654 44.186245
v 18.629368 -26.205976 43.080582
v 23.250647 -23.855162 41.560925
v 43.101513 -24.138550 20.854046
v 40.181183 -24.263037 26.201157
v 35.839581 -22.415764 32.429615
v 27.962727 -21.998587 39.311180
v 25.492020 -22.903091 40.559097
v 41.899464 -23.936134 23.297523
v 44.615070 -25.576740 16.401699
v 45.210835 -25.985151 14.610849
v 32.051311 -21.712612 36.242100
v 37.711014 -21.398972 30.601101
v 39.321709 -23.061987 28.008625
v 21.107029 -23.577305 42.717098
v 44.336201 -22.396402 19.100441
v 46.475189 -29.198801 5.259877
v 43.511402 -22.471121 20.875565
v 46.250942 -25.119144 12.266414
v 16.572729 -24.073259 44.437424
v 18.435995 -21.913385 44.204823
v 30.646761 -20.526793 37.657154
v 34.048817 -20.087896 34.734989
v 35.812927 -19.899471 33.014545
v 42.189629 -22.267286 23.425833
v 40.749367 -21.606897 26.091040
v 46.778084 -27.203100 7.709826
v 45.425533 -22.022839 16.600529
v 46.071674 -22.883497 14.403976
v 46.787186 -25.576757 9.874636
v 14.038858 -25.020424 45.009888
v 21.277723 -21.771112 43.027260
v 23.550127 -21.246574 41.967957
v 25.564009 -21.203779 40.863949
v 38.740707 -20.431324 29.438347
v 32.937462 -19.001541 35.914738
v 40.056705 -20.216095 27.551460
v 28.129078 -18.436693 39.741505
v 25.496498 -18.704439 41.273422
v 43.708363 -20.420647 21.145683
v 42.582764 -19.928747 23.290007
v 47.155663 -26.986271 5.618546
v 46.824093 -23.017647 11.956955
v 36.488579 -17.166521 32.615646
v 37.847473 -17.415367 31.017784
v 23.137058 -18.771877 42.532269
v 31.339630 -17.529306 37.425163
v 29.823938 -17.153917 38.641693
v 34.487083 -16.649780 34.672379
v 33.123608 -15.801241 35.945751
v 20.863123 -18.411455 43.685341
v 18.409748 -18.189905 44.734585
v 39.219826 -17.399883 29.177393
v 14.357460 -21.072027 45.722725
v 47.494965 -22.090580 10.065501
v 47.683884 -23.484060 7.892517
v 47.944904 -23.668318 6.010463
v 16.274681 -18.617901 45.487946
v 11.639245 -22.062189 46.293915
v 28.146852 -15.895026 39.868214
v 31.127836 -15.352947 37.658482
v 25.285379 -16.071606 41.542088
v 23.190517 -15.959594 42.667503
v 36.565025 -14.254317 32.582466
v 34.775295 -13.920948 34.401791
v 29.928848 -13.150857 38.491547
v 32.873901 -13.446137 36.090996
v 31.386259 -12.327935 37.262413
v -1.593095 -52.428162 0.251372
v 0.499117 -52.287651 -3.160545
v 2.484889 -52.405861 0.722970
v 4.277612 -52.222885 -2.825040
v -0.035378 -52.444176 3.017809
v -5.421133 -52.243225 -3.209452
v -3.501450 -51.950127 -8.777578
v 0.513185 -51.954754 -8.699184
v 5.868418 -51.915485 -7.412479
v -8.000362 -51.995579 -6.423803
v 2.643182 -51.581413 -12.876096
v 0.812678 -51.619907 -12.848413
v -3.409858 -51.577194 -13.267181
v -5.850120 -51.638496 -11.992078
v -9.461059 -51.564541 -10.966476
v -6.497152 -52.295048 0.770873
v -10.641423 -51.966324 -3.825637
v -10.150861 -52.064243 0.175986
v -12.915217 -51.566265 -7.729648
v -5.257770 -52.298992 3.625815
v -0.759879 -51.323746 -15.430334
v 10.293494 -51.951057 -3.329336
v 7.249592 -52.220764 0.384874
v 9.210855 -51.615856 -9.412380
v 12.823251 -51.576920 -6.666368
v 5.737897 -52.293739 3.716248
v 4.410728 -52.280079 6.406985
v 12.779002 -51.900723 0.417088
v 11.291018 -51.999294 3.896999
v 15.049387 -51.596035 -3.036871
v 1.121899 -52.320679 6.762949
v 3.434039 -50.991100 -17.148859
v 9.293326 -50.977169 -14.995330
v -1.785943 -52.318565 6.262098
v 10.782736 -51.946251 7.415501
v 15.593071 -51.660225 2.884300
v 16.230089 -51.562283 0.320123
v 14.344463 -50.959408 -11.696226
v 15.422532 -51.590405 6.858562
v 17.045630 -50.951832 -8.616425
v 7.892052 -51.908268 11.186997
v 2.798354 -52.095417 10.765770
v -1.947821 -50.996078 -17.690783
v 13.030327 -51.645863 10.086209
v 11.542494 -51.607422 12.165258
v -2.778951 -52.051182 10.361801
v 0.284609 -51.854477 14.181864
v -6.432882 -52.110939 6.796436
v -10.067273 -52.012123 3.277693
v -9.268382 -51.858799 8.254068
v 3.754171 -51.847305 13.941986
v 7.569042 -51.599110 15.194066
v -14.511257 -51.555325 -5.125667
v -15.112771 -51.581818 -2.858226
v -15.429307 -51.555962 0.797032
v -8.416554 -51.700535 11.430053
v -4.216144 -51.624374 15.325796
v -1.014722 -51.576984 16.937956
v -14.024467 -51.572868 4.844574
v -11.988228 -51.616581 8.195059
v 0.804394 -51.556931 17.376160
v 3.880600 -51.540630 17.073414
v -7.851265 -50.977337 -16.419046
v -11.451055 -50.945095 -14.796577
v -13.586117 -51.002865 -12.774547
v -16.082174 -50.957340 -10.420579
v -17.714899 -50.967636 -7.579272
v 18.021753 -51.292538 4.413216
v 18.867447 -51.023472 -3.766911
v 12.939119 -50.520729 -15.913424
v -19.167784 -50.957035 -3.892281
v -19.373438 -50.979214 -0.329947
v 8.238550 -50.520050 -18.257732
v 20.248493 -50.950382 3.430916
v 19.994947 -50.968758 0.202919
v 2.747535 -50.544796 -19.701887
v 16.431849 -50.503712 -13.253510
v 19.758741 -50.930965 7.157018
v 17.286406 -50.999245 11.590902
v -5.748490 -50.552303 -19.294657
v -18.951937 -50.943424 3.717757
v 13.943012 -50.979622 15.486189
v 11.438334 -50.955681 17.687517
v 7.526951 -50.998226 19.549328
v -16.918594 -50.958813 8.216671
v -2.958030 -50.977840 20.469830
v -11.321403 -50.991020 15.142955
v -7.265844 -50.970955 18.409452
v -14.642235 -50.950436 11.799217
v 3.262317 -50.955891 20.985622
v -0.245969 -50.967133 21.059042
v -1.535064 -50.504471 -20.164612
v -16.165218 -50.581001 -13.218665
v 18.779016 -50.483383 -10.217340
v 20.071619 -50.557697 -6.712408
v -9.811613 -50.486015 -18.180073
v -12.998341 -50.476231 -16.500277
v 12.964105 -50.034142 -18.445259
v 20.370161 -50.581593 10.060307
v -15.954269 -50.546925 13.577523
v -12.808365 -50.551876 16.830956
v -10.014668 -50.581768 18.895205
v -18.598764 -50.500313 -10.514339
v -18.974499 -50.524979 8.956371
v -20.613167 -50.514400 5.268069
v -20.685638 -50.507786 -5.985443
v -21.700081 -50.476173 0.976965
v -21.307453 -50.524170 -3.068111
v -4.831581 -50.613895 21.628006
v 7.661384 -49.931633 -21.149084
v 22.105286 -50.528179 0.221602
v 22.142517 -50.547768 3.128071
v 21.510626 -50.528141 -2.859314
v 15.046412 -50.569740 17.200104
v 12.420416 -50.563789 19.304245
v 18.147873 -50.573826 13.760918
v 15.315013 -49.951576 -17.274818
v 21.499132 -50.548702 7.417998
v 0.015651 -50.542915 23.080145
v 3.307486 -50.504303 23.063843
v 7.420335 -50.582985 21.617601
v -2.918048 -50.018959 -22.031368
v -0.326203 -49.883568 -22.678064
v 3.055759 -49.872303 -22.427734
v 17.736576 -50.023499 -14.687485
v 20.004353 -49.959641 -12.087519
v -8.246517 -49.949635 -21.017817
v 11.457603 -49.987297 22.414192
v 21.662302 -49.978481 -8.804219
v 15.321484 -49.987530 20.130629
v -16.921251 -50.044262 15.744272
v -20.124514 -50.018925 11.216434
v -3.421974 -50.018131 24.505150
v 18.885168 -50.007393 16.405884
v 23.524822 -49.961571 -3.859978
v 12.254392 -49.439209 -21.260765
v -8.044542 -49.997696 22.806549
v -12.904681 -49.976082 19.846930
v 21.114716 -49.991131 13.322423
v 24.184410 -50.017097 2.609532
v 24.458221 -49.914822 -0.007529
v 23.805227 -49.976357 6.714345
v -22.320021 -50.035408 6.220705
v -23.500202 -49.942108 2.633183
v 6.842845 -49.993343 24.148268
v -21.930111 -49.956524 -8.399465
v 5.356375 -49.367260 -23.847721
v -4.202177 -49.401299 -24.027370
v -19.970087 -49.960541 -12.135120
v -17.635639 -49.977222 -14.984751
v -14.525401 -49.843037 -18.209637
v 9.288707 -49.254211 -23.169374
v -12.300036 -49.706059 -20.101315
v -23.338539 -49.973679 -3.544901
v -23.610605 -49.971973 0.206098
v 22.702339 -49.982899 10.138492
v 1.420147 -48.909103 -25.920691
v 16.064447 -49.365891 -19.202244
v 18.394497 -49.446369 -16.776812
v -1.372933 -48.819904 -26.289171
v 20.365824 -49.446301 -14.486434
v 22.980751 -49.292301 -11.233879
v -8.509893 -49.286102 -23.217976
v 12.049613 -48.719990 -23.883570
v 3.939328 -49.977890 24.893671
v 24.826118 -49.349869 -6.152804
v 0.116246 -49.946430 25.233564
v 8.647091 -48.515186 -25.754164
v 5.065386 -48.743881 -25.863335
v 14.475679 -48.457047 -23.482990
v -5.330470 -48.727661 -25.904804
v 25.946856 -49.286999 -2.645873
v -19.772200 -49.354774 15.724056
v -23.177330 -49.289978 -10.550161
v -22.774387 -49.296745 11.229025
v -24.647373 -49.314907 -6.436220
v -12.112079 -48.521622 -24.066002
v -9.647034 -48.532639 -25.130600
v -16.814474 -49.357121 19.016748
v -21.453176 -49.292858 -13.477777
v -19.408535 -49.313538 -15.872042
v -25.495153 -49.356434 -0.317566
v 14.930857 -49.361305 22.733892
v -24.357504 -49.359486 6.785711
v 19.649284 -49.408897 18.348070
v 17.336720 -49.389801 20.776009
v 23.950747 -48.530998 -13.811802
v 19.245136 -48.630409 -19.139576
v 17.121552 -48.421501 -21.718119
v 3.113173 -48.227566 -27.586729
v -17.409498 -48.890816 -19.279829
v -14.924378 -48.495125 -22.464636
v 21.830120 -48.545841 -16.650042
v 25.411726 -48.520515 -11.104051
v 26.410463 -48.641144 -7.688038
v 27.419355 -48.583935 -4.797069
v 25.982859 -49.398537 2.859079
v 25.710323 -49.367073 6.135530
v 24.427053 -49.329250 11.078855
v 22.551247 -49.344616 14.648637
v 11.017417 -49.405060 24.529696
v -5.299698 -49.357952 26.032566
v -13.807920 -49.339905 21.657829
v -9.253587 -49.359631 24.367907
v -1.395519 -48.273983 -27.766397
v -25.369335 -49.336864 2.559453
v -26.425875 -48.931293 -3.310342
v -1.098924 -49.405437 26.730124
v 27.858599 -48.698971 0.732904
v 27.859350 -48.574600 -2.643887
v 11.936131 -47.911377 -26.196472
v 2.275267 -49.427395 26.641321
v 5.908307 -49.368683 26.265728
v -21.757702 -48.716911 15.982111
v -24.068710 -48.724979 12.199287
v -25.667850 -48.735348 8.218739
v -6.383766 -47.862301 -27.902901
v -19.104984 -48.722256 19.139814
v -26.511253 -48.638393 6.277549
v -13.570433 -48.722813 23.838890
v -26.415518 -48.677052 -6.352492
v -24.488390 -48.570267 -12.048121
v -16.449142 -48.596046 22.104902
v -19.304308 -48.636055 -18.362478
v -21.602940 -48.570267 -16.173460
v -22.568672 -48.700100 -14.499206
v -26.997969 -48.715099 2.677270
v -27.353392 -48.630650 -0.056354
v -25.242212 -48.559929 -10.449462
v 8.256892 -47.493069 -28.367891
v -9.710000 -48.673016 26.150080
v -7.249571 -48.595024 27.389278
v -9.260296 -47.431625 -28.026814
v -11.537068 -47.490520 -26.996830
v 0.030234 -47.494686 -29.515358
v -3.147048 -47.476997 -29.359943
v -4.800682 -48.611450 28.057808
v -2.405373 -48.758865 28.126509
v 17.569345 -47.555126 -23.862488
v 3.722573 -47.519623 -29.128662
v -14.781106 -47.636242 -24.865513
v 15.283790 -47.402473 -25.734138
v -22.383558 -48.187725 17.180935
v -24.742367 -48.210354 13.417297
v 25.910879 -47.616219 -14.401395
v 20.444384 -47.528652 -21.286167
v 23.534748 -47.558475 -17.954000
v 27.933855 -47.458473 -10.998539
v -16.579023 -47.254009 -24.569521
v -19.523476 -47.704121 -20.822392
v -24.456902 -47.990601 -14.405496
v -26.979370 -47.955124 9.653555
v 11.308793 -46.540405 -29.383986
v -13.904028 -48.171490 25.073324
v -27.764540 -47.767933 -8.341634
v -19.851507 -47.931896 20.843811
v -28.794147 -47.843342 -2.796636
v -29.009977 -47.558559 -4.902994
v -7.358146 -46.551140 -30.382874
v 14.021148 -46.555676 -28.216516
v -24.524773 -47.431904 -16.093401
v -22.616758 -47.528034 -18.134354
v -14.400906 -46.529453 -27.589838
v -28.749903 -47.869045 2.775023
v -28.231981 -47.793842 6.566156
v -26.134951 -47.626270 13.247184
v 4.646968 -46.496914 -30.961754
v 9.050362 -46.421829 -30.280769
v -12.001165 -46.083847 -29.720201
v -9.534678 -46.301949 -30.206343
v -24.299448 -47.560501 16.598818
v -26.911236 -47.451450 -11.983493
v -18.810415 -46.565598 -24.346722
v -21.327299 -46.374695 -22.375128
v -3.892517 -46.401093 -31.287790
v 0.318129 -46.293987 -31.697371
v -15.188886 -47.562332 25.701666
v -29.371920 -47.593765 0.289445
v 16.607574 -46.364929 -27.178432
v 26.180155 -46.551697 -17.528526
v -18.053171 -47.554161 23.496159
v -10.388260 -47.668922 28.103184
v -22.535086 -47.542145 18.965971
v 22.745243 -46.351933 -22.012022
v 19.330854 -46.343403 -25.246407
v 28.229378 -46.530201 -14.269988
v -17.181335 -45.386669 -28.107376
v -19.924759 -45.421745 -25.890591
v -27.140455 -46.645714 -14.421875
v -29.287319 -46.426060 -10.852287
v -30.522104 -46.385002 -7.350296
v 5.930839 -45.336464 -32.725357
v -24.102831 -46.265457 -19.686190
v -14.301590 -45.341885 -29.898865
v -6.158062 -45.294220 -32.737503
v -2.718475 -45.319740 -33.143425
v -30.972685 -46.568657 -2.915750
v -30.894384 -46.448677 -5.053475
v -9.721063 -45.330456 -31.788851
v 0.447299 -45.305870 -33.272633
v -26.175983 -46.308998 -16.910229
v -30.544436 -46.453255 6.656410
v -30.990685 -46.528145 3.050043
v -31.142187 -46.523731 0.255868
v -26.442924 -46.535309 16.495859
v -29.591139 -46.454700 9.912032
v -22.331587 -45.357574 -23.657307
v 30.155647 -46.045338 -11.912676
v -14.109820 -46.581108 28.284807
v -28.285061 -46.257210 13.983615
v 9.690795 -45.441242 -31.700951
v 11.580789 -45.288391 -31.345106
v -21.569857 -46.554512 22.470148
v -24.311380 -46.437683 19.720055
v -20.035435 -44.174519 -28.205772
v 14.533955 -45.252819 -30.202818
v -24.352045 -44.682095 -22.962328
v 3.149578 -44.157181 -34.778019
v -26.897438 -45.113667 -18.924646
v -26.281950 -43.743118 -22.708897
v -11.769879 -44.415684 -32.457565
v -13.858501 -43.802444 -32.488552
v -16.231749 -44.263985 -30.593639
v -22.673819 -44.013409 -26.098131
v 17.779192 -45.242268 -28.479256
v 20.385145 -45.302170 -26.448395
v -29.173159 -45.357479 -14.644863
v -28.889378 -44.981884 -16.258781
v -1.143310 -44.113724 -34.961700
v -4.551140 -44.200951 -34.548279
v -31.223986 -45.425800 -9.732541
v -19.357588 -46.419113 24.857422
v -16.828094 -46.417408 26.893038
v -9.530977 -44.182583 -33.519699
v -18.513828 -43.763580 -29.968805
v 9.204040 -44.226093 -33.620613
v -11.918827 -46.419640 29.658266
v -31.098587 -45.065773 -11.458761
v -6.751221 -43.595547 -34.977970
v -25.767696 -42.989269 -24.721735
v 6.125186 -43.513294 -35.239166
v 12.676085 -44.147339 -32.625114
v 16.069792 -44.150574 -31.149542
v -28.263559 -43.769253 -20.110184
v -29.366188 -43.694782 -18.617788
v -32.688583 -45.336952 -3.071570
v -32.575039 -45.236816 -5.180213
v -32.795860 -45.329407 0.029276
v -32.671844 -44.865997 -7.379579
v -26.956554 -45.368782 18.805153
v -28.235764 -45.527576 16.339308
v -22.211830 -43.052597 -28.223680
v -24.389505 -42.465893 -27.081844
v -30.663666 -45.524811 10.851988
v 0.182361 -43.003944 -36.383335
v -3.177570 -43.054707 -36.169941
v -33.060436 -45.018734 2.999787
v -33.412411 -44.518703 5.338368
v -31.428375 -43.697849 -14.943006
v -22.920963 -45.355778 23.588604
v -25.127445 -45.303513 21.270390
v -33.460205 -43.750244 -9.712472
v -33.033348 -44.491875 7.566678
v -32.900951 -44.110767 9.848860
v -15.155020 -45.681396 29.199112
v -18.375404 -45.238792 27.838152
v 3.896403 -43.047329 -36.104984
v 9.094371 -42.954712 -35.312050
v 11.126472 -42.425991 -35.389324
v -33.039494 -42.834763 -13.850603
v -31.374203 -44.038006 14.253849
v -30.619511 -43.848541 16.359272
v -31.580536 -42.287540 -18.100294
v -28.771749 -41.757675 -23.379690
v -34.799923 -43.455696 -5.086140
v -34.288601 -44.124939 0.308792
v -21.349979 -44.326561 26.955204
v -35.322994 -43.162800 -3.131316
v -32.351353 -43.918335 12.157168
v -35.079716 -42.859131 -7.525681
v -29.305262 -43.857052 18.746994
v -26.720991 -43.797733 22.461411
v -28.098944 -43.796574 20.684580
v -30.811953 -41.803112 -20.384287
v -24.201347 -43.871658 25.041748
v 1.850175 -41.849411 -37.666622
v -36.283787 -42.271107 3.046315
v -35.294205 -42.225124 -9.539899
v 5.527267 -41.666355 -37.534489
v 8.813075 -41.753357 -36.802212
v 13.905439 -42.344837 -34.504707
v 17.080585 -42.743252 -32.552498
v -33.646008 -41.295807 -16.493469
v -35.783901 -41.218838 -11.616061
v -36.803280 -41.901154 0.244273
v -36.840157 -41.499645 5.575952
v -35.754982 -42.061451 8.151175
v -37.121887 -41.307739 -5.330889
v -37.304707 -40.813347 -7.461571
v -35.323517 -40.740631 -14.143720
v 2.980982 -40.733315 -38.799236
v -35.094917 -41.768810 11.560940
v -37.820759 -40.802452 -3.259949
v -33.026268 -41.940212 16.333651
v -34.289330 -41.601673 14.272291
v -37.140968 -40.484692 -9.532747
v -32.010891 -41.535732 19.240067
v -30.824072 -41.763859 20.713531
v -38.683720 -39.959663 3.040956
v -39.179745 -39.518078 -0.020290
v -38.445656 -39.737503 6.639263
v -39.027187 -39.384541 -4.999512
v 8.611651 -40.141701 -38.562084
v 11.691364 -40.304966 -37.558685
v -37.596138 -39.801842 9.965017
v -38.578346 -38.259136 -11.914170
v -39.754322 -38.773136 -2.979708
v -39.536510 -37.862347 -9.719211
v -39.737728 -38.168999 -7.459383
v -37.308624 -39.445034 11.973263
v -40.612198 -37.881042 0.918361
v -40.439827 -37.706806 -5.296111
v -40.577053 -37.752861 3.607193
v -40.102844 -38.063263 5.431138
v -39.678329 -38.107708 7.584614
v -39.671268 -37.442684 10.004011
v -41.778618 -36.236382 -2.932382
v -41.994404 -36.075737 0.156831
v -42.143272 -35.685661 2.839221
v 11.506253 49.117218 -11.448313
v 11.336539 47.252460 -8.199269
v 8.371965 47.397835 -10.087198
v 9.746901 49.057907 -12.207834
v 13.496004 49.061417 -9.934172
v 10.413360 49.678917 -12.811790
v 8.737064 49.595249 -13.430306
v 6.284085 47.395535 -10.812180
v 6.955120 49.661961 -14.007854
v 12.261562 49.709671 -11.796511
v 12.912134 47.452942 -7.250425
v 4.090354 47.950020 -12.018405
v 4.243864 49.608421 -14.334235
v 4.047533 47.042145 -10.966293
v 2.424997 46.819019 -10.953633
v 11.995845 46.138474 -6.069766
v 15.171277 49.104393 -8.300040
v 13.393387 49.751579 -10.985025
v 14.425916 47.517605 -5.654110
v 6.207042 46.299335 -9.720241
v 7.957623 46.102737 -8.803125
v 10.076205 46.933472 -8.583659
v 10.758503 46.005505 -7.044018
v 9.339271 45.991821 -8.019317
v 8.302956 50.335491 -14.153116
v 3.732989 45.892185 -10.165653
v 9.873887 50.312229 -13.524186
v -3.234437 46.625286 -9.863723
v -1.839295 45.878040 -9.915089
v -3.526989 45.260887 -9.006182
v -1.799569 47.280785 -10.954644
v -4.184292 48.012276 -10.811194
v 0.031157 46.525112 -10.718195
v 0.180750 47.432976 -11.503928
v -0.001510 45.811726 -10.272729
v 1.752975 45.385647 -10.156301
v -2.260004 48.325752 -12.018200
v -0.044233 48.485344 -12.725313
v 1.933369 48.060333 -12.298299
v -2.226258 49.887909 -14.081276
v 1.142745 49.543118 -14.264155
v -0.409236 50.358200 -14.890973
v 3.424664 50.007355 -14.842219
v -4.370158 49.704494 -13.049916
v -2.990956 50.359985 -14.282347
v -4.924632 50.351650 -13.506926
v -6.872764 50.157158 -12.261061
v -5.463082 47.743954 -9.700298
v -4.649536 46.386959 -8.965868
v -4.858556 45.627888 -8.386621
v -5.854736 50.969601 -13.331383
v -1.636738 44.746780 -9.542734
v -3.390350 44.047573 -8.775159
v -0.138963 44.197853 -9.707898
v -5.070521 44.681213 -7.865198
v -2.982320 50.991364 -14.478118
v 1.588334 43.805435 -9.710286
v -2.106095 43.280552 -9.191060
v -3.804686 42.580658 -8.472648
v -4.952198 43.155010 -7.756587
v -0.919359 42.371479 -9.485964
v -0.626714 50.976475 -15.031108
v 1.642768 50.934757 -15.204888
v 3.356411 50.494892 -15.132830
v 6.406840 50.180603 -14.541161
v 6.999591 50.513832 -14.575838
v 4.739662 48.809975 -7.649782
v 4.132475 47.066109 -7.473556
v 5.226686 47.042431 -7.048131
v 6.198884 49.004879 -7.127357
v 4.177158 50.957310 -8.672399
v 6.723457 46.947628 -6.187616
v 7.618955 48.503178 -6.087682
v 6.358308 45.925495 -6.254415
v 7.731103 49.862942 -6.719973
v 6.462946 50.893517 -7.981902
v 8.584618 50.937813 -6.911996
v 3.503133 49.040493 -7.986959
v 5.067262 45.350674 -7.015773
v 3.874138 45.618443 -7.490644
v 6.145787 44.477650 -6.335632
v 7.922710 46.285217 -4.935897
v 8.824490 48.720268 -5.043209
v 8.585648 46.698795 -4.277794
v 7.899726 45.132877 -4.790724
v 9.560420 50.695740 -5.866395
v 5.183703 42.414074 -7.153132
v 6.216735 41.670631 -6.415632
v 5.297202 41.157158 -6.970493
v 4.121039 41.040714 -7.516114
v 4.216751 42.580486 -7.613768
v 6.021864 41.068199 -6.342478
v 7.818212 43.549519 -4.893464
v 8.697701 42.168152 -4.211399
v 7.105668 41.470627 -5.516824
v 8.248061 41.433270 -4.417413
v 3.023711 41.547939 -7.892092
v 8.724504 44.758980 -3.748716
v 9.205402 41.745625 -3.428707
v 3.554672 40.671612 -7.571065
v 2.416596 43.296013 -8.050810
v 9.705060 42.078159 -2.741951
v 9.770946 48.488144 -3.561204
v 4.817776 40.778214 -6.969125
v 2.717129 45.998531 -7.717668
v 2.176552 48.183453 -7.940519
v 2.292694 49.466049 -8.219144
v 1.644022 42.693920 -8.165523
v 1.291666 40.997585 -8.059519
v 6.963214 41.140251 -5.387473
v 1.890986 50.986118 -8.753716
v 9.561851 44.189476 -2.402170
v 9.614697 46.594231 -2.498975
v 9.253442 47.181339 -3.509283
v 9.700184 41.745594 -2.570539
v 10.622371 48.945465 -2.306443
v 9.878293 49.786770 -4.635697
v 10.353617 41.734314 -1.305082
v 10.835493 50.949600 -4.754578
v 10.651155 49.963600 -3.629009
v 6.133274 51.889736 -8.864913
v 8.112660 51.971596 -8.193058
v 9.985364 51.971790 -7.074456
v 4.405660 51.888905 -9.236968
v 2.408618 51.872311 -9.321028
v 11.656642 50.179493 -1.727591
v 9.804160 43.372860 -1.995585
v 0.685949 40.589550 -7.822759
v 12.187745 51.256512 -2.919785
v -6.428190 48.536659 0.679130
v -6.502337 48.363743 2.470486
v -5.858801 47.378849 0.546149
v -5.822505 46.871502 2.625620
v -6.587880 48.612885 3.543815
v -5.411369 45.977825 0.282454
v -7.569454 50.382607 0.693920
v -7.903546 50.560291 2.448848
v -7.469796 50.030968 4.497103
v -8.585332 51.486301 4.532783
v -6.199793 48.255276 4.691606
v -5.484740 46.795887 4.381752
v -8.964827 51.801426 2.470871
v -8.829572 51.854519 0.503662
v -6.854166 49.866344 6.222630
v -8.345653 51.864922 6.865409
v -9.864292 52.666199 4.176286
v -9.233839 52.610985 6.806099
v -10.016433 52.698059 2.362148
v -9.645530 52.540154 0.506795
v -5.821944 48.811584 6.644829
v -4.706124 46.995289 6.256305
v -6.662326 51.045517 8.561104
v -7.487220 51.990154 8.866646
v -8.511577 52.638908 8.566574
v -5.052281 45.122955 3.828117
v -4.543301 45.848099 5.407274
v -5.468403 45.461403 2.259231
v -4.739218 48.506111 7.839766
v -3.779645 45.809055 6.469083
v -7.646769 52.636112 10.030141
v -6.095843 51.836426 10.293416
v -4.616058 44.786640 4.675653
v -3.421244 46.775349 7.530818
v -3.696272 44.780666 6.044190
v -4.105484 48.778450 8.779109
v -7.444127 50.840912 -1.072690
v -6.462817 49.485348 -0.982873
v -7.803220 51.630516 -2.124717
v -5.186614 47.540234 -1.470785
v -8.857684 52.551205 -2.345756
v -6.377968 50.428036 -2.711659
v -5.561905 48.961342 -2.263885
v -5.413447 44.298645 2.074685
v -5.383674 44.865868 0.678616
v -5.037501 43.836880 3.604448
v -5.097200 44.872581 -0.411792
v -4.342434 46.514385 -2.475919
v -6.739357 51.901234 -4.464750
v -4.405525 47.918869 -3.268343
v -4.783955 49.515739 -4.130446
v -5.493012 50.790459 -4.549754
v -4.361241 45.355591 -2.102707
v -5.541483 43.471275 1.716598
v -2.972731 46.519020 -4.549807
v -3.633354 48.190048 -4.561273
v -8.332373 53.131241 -4.958890
v -7.878600 52.773109 -4.893016
v -7.155011 52.225632 -4.809851
v -5.542629 43.475136 0.279951
v -4.799847 43.344448 4.208060
v -2.609553 45.495079 -4.734010
v -3.766636 49.883224 -5.594087
v -4.784939 51.611683 -6.099386
v -4.604395 44.238094 -1.837018
v -5.122699 43.772507 -1.028845
v -5.376544 42.745033 3.127023
v -5.006488 42.724236 3.959584
v -3.919900 44.072701 5.585702
v -3.387052 43.172165 6.177039
v -5.535069 42.370262 2.909128
v -6.063842 42.567017 1.839006
v -5.830437 42.170837 1.990553
v -4.388249 42.815506 4.988505
v -6.540400 42.091770 1.422453
v 9.312747 46.911690 5.978135
v 9.048317 45.131897 5.427157
v 8.351698 45.884853 7.034830
v 8.599403 47.355595 7.349537
v 8.117519 44.221966 6.827597
v 7.488485 42.861874 7.381378
v 8.937072 43.782223 5.344550
v 10.039637 47.011185 4.261244
v 9.527397 45.121677 4.023674
v 9.776516 43.672546 3.158023
v 9.780055 47.604973 5.639829
v 10.121821 48.850044 6.342354
v 11.028365 49.038734 4.417660
v 9.234149 48.950127 7.646097
v 10.265000 46.565620 2.362327
v 9.902369 44.827374 2.540730
v 11.210052 48.792900 2.471431
v 11.304857 50.235081 5.863529
v 11.912303 50.324917 4.540498
v 10.747486 50.244133 6.963918
v 12.347819 50.440113 2.441562
v 9.811091 50.276081 8.203505
v 10.345530 46.531555 0.573699
v 11.074176 48.479450 0.619880
v 10.159082 44.656734 0.392429
v 11.945120 49.922607 0.599350
v 10.011172 43.988022 1.828627
v 10.193276 43.571777 0.341455
v 8.136113 42.805107 6.539745
v 9.051035 42.972786 5.296754
v 9.659646 42.609634 3.728293
v 7.565427 42.502895 6.937408
v 10.258092 47.018013 -0.945523
v 9.922828 46.042881 -1.537611
v 10.937869 48.695168 -0.832917
v 13.056498 51.226532 0.468504
v 11.656642 50.179493 -1.727591
v 13.095482 51.231480 2.433891
v 12.815877 51.309429 4.903068
v 11.670684 51.308941 7.364495
v 10.622371 48.945465 -2.306443
v 9.614697 46.594231 -2.498975
v 9.992147 44.086472 -0.805410
v 12.780660 51.253838 -1.152693
v 8.160828 42.484753 6.100398
v 9.999248 42.271488 3.069424
v 9.403663 42.341137 3.986941
v 9.222903 42.425648 5.066183
v 10.357327 42.417461 0.818494
v 10.207898 42.196251 0.858751
v 10.421560 41.882442 -0.098688
v 10.404456 42.214157 -0.550580
v 10.353617 41.734314 -1.305082
v 9.561851 44.189476 -2.402170
v 6.939705 42.851173 8.016034
v 6.848406 45.144444 8.421568
v 8.086902 48.540951 8.525373
v 7.095176 46.616169 8.518821
v 6.080583 42.849895 8.888202
v 9.984424 51.187313 9.190217
v 8.278899 50.336346 9.655753
v 5.624894 43.966740 9.413704
v 5.529059 42.795368 9.526628
v 6.518665 42.467899 7.977028
v 12.187745 51.256512 -2.919785
v 5.042176 42.437111 9.321761
v 7.835517 51.299129 11.066998
v 13.703368 51.921009 4.859624
v 12.889461 51.899239 6.933516
v 14.090337 51.981346 2.515660
v 14.123375 52.047573 0.561009
v 11.614001 51.863457 8.782063
v 13.623160 52.006504 -1.416246
v 9.712201 51.854721 10.660239
v 9.804160 43.372860 -1.995585
v 1.521327 45.215508 9.490071
v 1.765091 43.118771 9.146509
v 0.350549 43.819843 9.049607
v 2.498923 44.334030 9.317795
v 2.853679 45.626560 9.604177
v 2.086003 45.866966 9.633798
v 4.192679 44.743492 9.473760
v 2.739781 46.507412 9.736366
v 3.968951 45.353649 9.565412
v 4.256271 46.554234 9.759363
v 4.953708 45.797203 9.688663
v 3.265503 47.223438 9.910861
v 1.655416 47.104839 9.766497
v 5.431818 45.048229 9.517503
v 5.624894 43.966740 9.413704
v 3.834834 43.527317 9.329980
v 5.042176 42.437111 9.321761
v 3.640595 43.017441 9.299333
v 4.629914 47.181389 9.774122
v 1.106509 46.014904 9.357163
v 0.583498 47.269310 9.641907
v 2.190441 42.485699 9.396828
v 5.648093 46.248062 9.338735
v 2.956909 48.348095 10.427069
v 4.618801 48.635349 10.369154
v 1.135264 48.642178 10.522653
v 5.912689 47.237713 9.375652
v 6.550444 49.042355 9.894898
v -0.634603 45.622120 8.558649
v -1.305796 47.274899 9.126851
v -1.457042 48.599552 9.980152
v 1.632478 42.756809 9.147632
v 0.522847 42.501419 9.426139
v 3.847040 49.546467 11.049546
v 2.273844 49.618347 11.250513
v -0.348033 49.685509 11.094520
v -1.914445 50.121155 11.171813
v 4.598438 50.385780 11.542781
v -1.735263 45.472427 7.954628
v -0.940974 44.274033 8.290036
v -2.713457 47.691471 8.803802
v -2.652276 46.069588 7.655281
v -3.192684 49.186871 9.783937
v 2.176275 51.210491 12.613194
v -3.073391 45.049583 6.816864
v -2.040652 51.786289 12.712440
v 0.110537 51.422253 12.762543
v 5.242857 51.319962 12.271117
v -3.808081 51.886360 12.064141
v 6.800499 50.308064 10.614514
v -4.105484 48.778450 8.779109
v -3.421244 46.775349 7.530818
v -4.741116 51.802258 11.374573
v -2.501132 43.984467 7.058037
v -3.779645 45.809055 6.469083
v -6.095843 51.836426 10.293416
v -0.823071 51.972141 13.267906
v 0.022166 52.176998 13.760203
v -4.094757 52.501221 13.045027
v 3.193451 52.014259 13.551298
v 5.343064 51.978577 13.153866
v -5.826729 52.512764 11.766809
v 7.835517 51.299129 11.066998
v 7.189098 51.932297 12.411096
v -3.696272 44.780666 6.044190
v 6.989040 47.972267 9.085014
v 7.095176 46.616169 8.518821
v 8.086902 48.540951 8.525373
v 8.278899 50.336346 9.655753
v 6.848406 45.144444 8.421568
v 5.529059 42.795368 9.526628
v -0.097450 43.099358 9.068158
v -0.047290 42.733963 9.052975
v -1.030085 42.863918 8.381598
v 9.712201 51.854721 10.660239
v -3.387052 43.172165 6.177039
v -2.253938 43.111103 7.311586
v -1.593891 42.780773 7.730521
v -2.574697 42.833565 6.904053
v -3.757011 42.813679 5.647574
v -4.388249 42.815506 4.988505
v 7.800606 50.570629 17.382132
v 5.237132 50.931507 17.838614
v 5.944317 50.203560 17.903481
v 4.478671 50.150444 18.108641
v 2.462529 50.203342 18.256733
v 2.030374 50.937119 18.098183
v -0.131859 50.678085 18.121275
v -0.769857 51.630653 17.528927
v 4.071456 51.591839 17.475439
v -1.786838 50.710953 17.909147
v 1.726643 51.712749 17.524193
v -3.085695 51.023079 17.486383
v 7.120073 51.581028 16.826534
v 8.613711 50.951218 16.909842
v -3.447231 51.764774 16.856905
v 8.885167 51.705837 15.953268
v 5.060523 52.022476 16.592974
v 10.465648 50.921478 16.040102
v -2.474188 52.270618 16.289467
v 1.059737 52.214901 16.682919
v 6.600709 52.157314 15.817429
v -4.906143 52.276981 15.643713
v -1.506388 52.423435 15.928600
v 10.091350 52.067188 14.362312
v 10.894003 51.578030 15.007210
v -5.382510 52.619251 14.538882
v 12.428479 51.994530 12.771241
v -7.627371 52.250149 14.441097
v -7.833738 52.784275 13.120526
v 13.903913 51.575172 12.563536
v 15.044228 51.642628 11.194092
v -9.063684 52.566566 12.883343
v -9.754570 52.875675 11.636807
v -5.611548 42.366787 -3.517048
v -5.997016 41.936146 -3.289651
v -5.407721 42.305885 -4.359646
v -6.068934 42.302971 -2.684054
v -6.495289 41.737297 -2.512513
v -6.634674 42.128796 -1.247641
v -5.606435 42.951637 -1.105355
v -6.190264 42.703030 -0.058577
v -5.542629 43.475136 0.279951
v -5.230700 42.955372 -2.393954
v -4.720319 43.514362 -2.147529
v -6.971179 41.924541 0.323869
v -5.060941 42.682987 -3.558013
v -4.081385 43.369289 -3.220391
v -3.953018 42.984695 -4.584166
v -5.541483 43.471275 1.716598
v -6.063842 42.567017 1.839006
v -5.122699 43.772507 -1.028845
v -7.019080 41.534554 -0.757748
v -6.540400 42.091770 1.422453
v -6.973877 41.690044 1.116158
v -4.604395 44.238094 -1.837018
v -3.839818 44.031937 -3.131882
v -3.736454 43.223862 -3.822037
v -3.217732 43.290394 -4.338920
v -3.233602 43.357800 -5.053930
v -2.798434 44.073944 -4.536101
v -2.718516 43.908401 -5.228981
v -3.260452 43.674507 -6.137379
v -2.679868 44.112789 -6.284754
v -2.260726 44.645882 -5.780538
v -2.173491 44.351780 -6.816405
v -2.976667 44.006382 -6.635040
v -1.644300 45.351192 -6.498316
v -4.024952 43.184261 -5.923772
v -3.967258 43.112728 -5.183652
v -2.261942 45.193901 -5.342712
v -5.376544 42.745033 3.127023
v -4.740459 43.166367 -5.214640
v -6.746849 41.505714 -1.160257
v -7.172252 53.126785 -6.355580
v -6.882342 52.495422 -5.342586
v -5.501043 52.578335 -6.732723
v -6.092370 53.096279 -7.230101
v -6.739357 51.901234 -4.464750
v -3.038022 52.566639 -8.330426
v -4.018305 53.086155 -8.597670
v -7.155011 52.225632 -4.809851
v -1.292710 53.082813 -9.858889
v -0.593584 52.632339 -9.429367
v 1.490269 53.108574 -10.685004
v 1.577890 52.644287 -9.961591
v -2.133371 53.323177 -10.427288
v -3.656897 53.277084 -9.516771
v -6.362703 53.367599 -8.330411
v 3.897842 52.621365 -9.999029
v 4.738131 52.985382 -10.616594
v 6.288573 52.620552 -9.654649
v 7.144094 52.864216 -10.012758
v 8.634557 52.561356 -8.830295
v 9.885795 52.769424 -9.189238
v 10.302877 52.499775 -7.904830
v 11.184466 52.607712 -7.763989
v 11.161003 52.049446 -6.133493
v 12.306242 52.363354 -5.791242
v 12.347832 52.011158 -4.482394
v 9.985364 51.971790 -7.074456
v 8.112660 51.971596 -8.193058
v 6.133274 51.889736 -8.864913
v 4.405660 51.888905 -9.236968
v 2.408618 51.872311 -9.321028
v -0.164957 51.911812 -8.926437
v 10.835493 50.949600 -4.754578
v -4.784939 51.611683 -6.099386
v -3.741509 51.798084 -7.101335
v 12.187745 51.256512 -2.919785
v 13.166524 52.015118 -2.938014
v 13.623160 52.006504 -1.416246
v -7.169360 52.848446 -6.046809
v -7.585217 52.990520 -5.434581
v 9.972318 45.113701 -6.981856
v 11.839337 45.112892 -5.251879
v 11.254103 44.118511 -5.136747
v 9.744518 43.825977 -6.514505
v 12.956153 45.057655 -3.776652
v 11.970610 43.740913 -4.057177
v 12.845884 43.624187 -2.785335
v 10.758503 46.005505 -7.044018
v 11.995845 46.138474 -6.069766
v 13.160357 46.155014 -4.838342
v 14.590365 46.190182 -2.691643
v 13.812425 44.855186 -2.150267
v 13.427352 43.275181 -1.460058
v 9.339271 45.991821 -8.019317
v 8.257854 45.275517 -8.184277
v 8.305123 44.092648 -7.673010
v 10.647054 42.811039 -5.381427
v 7.957623 46.102737 -8.803125
v 8.910273 42.591766 -7.005324
v 12.261102 42.308861 -3.250977
v 6.551687 44.703327 -8.750741
v 6.970117 43.567867 -8.280376
v 5.809378 45.734325 -9.486217
v 6.207042 46.299335 -9.720241
v 7.105412 42.344391 -8.148309
v 10.299449 41.709118 -5.723280
v 11.495366 41.290356 -4.356197
v 8.959922 41.520111 -7.042032
v 12.499997 41.234180 -2.840212
v 13.182331 41.387245 -1.376724
v 4.124912 44.784988 -9.603991
v 4.620906 43.454746 -9.160185
v 6.167745 42.896591 -8.552714
v 4.696611 42.342133 -9.092777
v 3.732989 45.892185 -10.165653
v 7.203830 41.226974 -8.252364
v 3.155865 44.078327 -9.606021
v 3.199858 42.849953 -9.447170
v 1.752975 45.385647 -10.156301
v 4.955195 41.237194 -9.177020
v 2.895766 41.672634 -9.542490
v 1.588334 43.805435 -9.710286
v 8.905262 40.805748 -7.291039
v 10.302504 40.521317 -6.118157
v 1.133904 42.288181 -9.648956
v 7.858721 40.028263 -8.339823
v 6.611420 39.691532 -9.144225
v 9.349687 39.473991 -7.619889
v 11.453399 40.373539 -4.853211
v 12.894916 39.333572 -3.290090
v 11.099432 38.890068 -6.357001
v 8.530934 39.088749 -8.484006
v 12.067991 39.019260 -4.952921
v 10.255063 37.980122 -8.077170
v -0.138963 44.197853 -9.707898
v -0.919359 42.371479 -9.485964
v -0.022118 16.332298 -38.272156
v -0.171868 13.736400 -40.283997
v -3.087510 16.059391 -38.314079
v -3.196360 13.186107 -40.490414
v -5.712658 14.606187 -39.089024
v -2.850280 11.213219 -41.886997
v 0.003455 11.260854 -41.989727
v -5.251492 11.858037 -41.160629
v -7.252073 14.099427 -39.203915
v -5.424898 9.634414 -42.573494
v -2.956809 9.254692 -43.097099
v -0.264746 8.658489 -43.558578
v -7.352402 10.580967 -41.670452
v -9.806364 13.370171 -39.171341
v -5.107410 18.114798 -36.295391
v -7.297838 17.405542 -36.542751
v -2.941158 18.334814 -36.377079
v -0.044554 18.412022 -36.460163
v -9.603254 16.189205 -37.026505
v -9.865722 10.460492 -41.163097
v -7.269380 19.630072 -34.503712
v -9.977765 18.461374 -34.945221
v -11.598411 12.934124 -39.000828
v -11.763178 16.316078 -36.301701
v -3.080358 20.630617 -34.155834
v -5.565337 20.956308 -33.473827
v -0.198329 20.976463 -33.937981
v -7.282366 21.131666 -32.956001
v -11.667098 18.951958 -33.956623
v -9.841818 20.878078 -32.560986
v -14.325290 14.170062 -37.104534
v -12.120839 8.867956 -41.564610
v -14.374228 10.423251 -39.850899
v -9.725416 7.974683 -42.711250
v -6.825649 7.504155 -43.580875
v -14.205238 16.867113 -34.935234
v -14.323842 18.360241 -33.516068
v -2.957548 6.496355 -44.605061
v -14.306833 8.009681 -41.367432
v -16.500320 12.755511 -37.285507
v -9.678285 5.904512 -43.827736
v -7.261713 5.728823 -44.420044
v -5.156920 4.746717 -45.218212
v -11.663057 5.786777 -43.385300
v -14.166983 5.095496 -42.971191
v -16.695724 9.968085 -39.223854
v -16.405930 7.672664 -40.784134
v -16.771429 5.302433 -41.916248
v -16.508583 16.201437 -34.509319
v -14.264789 20.119896 -31.786577
v -11.754738 21.626482 -31.111744
v -16.663631 19.212780 -31.655218
v -18.803976 17.923386 -31.827204
v -18.878290 14.927375 -34.411182
v -19.075026 9.493120 -38.456848
v -18.759174 12.051058 -36.728298
v -18.844370 7.609553 -39.771885
v -14.098046 21.879923 -29.919088
v -16.481302 20.957554 -29.893129
v -21.239296 10.096179 -36.865078
v -21.013163 16.858576 -31.540440
v -18.692768 5.455327 -41.043526
v -18.804384 19.960497 -29.778234
v -21.348557 14.336848 -33.502472
v -21.129787 7.558762 -38.642044
v -9.719727 23.204298 -29.924019
v -9.638004 3.128240 -45.139034
v -7.496384 2.904419 -45.677120
v -11.740750 2.800170 -44.746052
v -21.125759 5.398002 -39.897442
v -14.340509 2.840632 -43.925308
v -16.517172 2.490568 -43.304337
v -23.491344 10.519760 -35.161762
v -21.098085 19.215742 -29.151880
v -23.550619 7.413582 -37.324417
v -23.490362 14.952569 -31.622786
v -18.647833 2.431479 -42.469280
v -21.030931 3.809803 -40.746891
v -16.640829 22.504946 -28.001402
v -23.364260 17.141886 -29.711044
v -18.738729 22.050171 -27.386837
v -11.670956 23.810612 -28.507385
v -23.396379 4.286914 -39.228291
v -25.745167 12.184195 -32.289467
v -14.169385 23.343372 -28.084301
v -6.699809 23.240612 -30.621798
v -20.918213 21.219069 -26.988405
v -26.179594 8.403657 -34.857845
v -3.398263 22.537619 -31.995958
v -25.680855 15.266494 -29.701197
v -23.320183 19.189144 -27.552313
v -25.729145 5.729809 -36.927898
v -20.998289 2.022589 -41.550842
v -27.857752 9.813594 -32.514515
v -14.223547 -0.351782 -45.190048
v -11.885849 0.167773 -45.716648
v -9.627029 0.553812 -46.132160
v -2.674526 3.850533 -45.878262
v -18.895813 0.445046 -43.137142
v -25.505365 2.896501 -38.622944
v -23.319715 1.031356 -40.742924
v -16.351114 -0.628481 -44.516388
v -27.821281 6.034924 -35.215134
v -5.237507 1.936757 -46.387455
v -23.239388 21.253521 -25.175438
v -25.768286 17.308041 -27.559711
v -27.751535 3.954742 -36.491596
v -21.088617 -1.628746 -42.866356
v -28.465919 12.648840 -29.607576
v -18.766956 -2.230614 -44.100723
v -29.736349 7.667287 -32.501812
v -21.156904 22.470449 -25.193392
v -14.143289 25.069098 -25.742208
v -16.598228 24.175287 -25.735563
v -11.782960 25.673615 -25.908325
v -27.804953 15.154212 -27.909594
v -25.573250 19.408447 -25.331631
v -29.907812 5.386843 -33.929977
v -19.062958 24.430044 -23.821278
v -9.673718 26.167025 -25.991077
v -6.942720 25.159164 -28.089231
v -23.670498 22.326334 -23.363550
v -30.565470 9.145289 -30.603868
v -23.279514 -2.077520 -41.884140
v -27.647013 1.221894 -37.902897
v -25.193230 -1.150478 -40.466290
v -16.773121 -3.779421 -45.364037
v -28.258696 17.031696 -25.456709
v -11.151895 -2.190498 -46.678658
v -7.233116 -1.879170 -47.429970
v -5.172674 -1.346149 -47.568829
v -0.242003 4.943061 -45.488712
v -14.246853 -4.438169 -46.410145
v -18.912838 -5.364315 -44.971573
v -21.241047 -4.511000 -43.682968
v -23.355368 -4.629965 -42.626575
v -30.028980 2.851005 -35.247925
v -3.456773 -0.301694 -47.410881
v -11.924545 -5.107809 -47.258633
v -30.322609 12.424891 -27.977842
v -30.098034 14.599026 -26.122864
v -27.783655 -1.943235 -39.007061
v -16.562172 -5.813333 -45.968925
v -29.995953 -0.021229 -36.619961
v -29.872787 -2.746397 -37.716484
v -32.038250 5.356571 -31.936043
v -25.664726 -4.622756 -41.248276
v -10.019211 -5.340422 -47.811172
v -7.572039 -5.139829 -48.280796
v -32.417545 9.679328 -28.232542
v -25.686569 21.107231 -23.042364
v -21.395027 23.815416 -23.048004
v -32.654831 2.867477 -32.814171
v -21.013962 -7.058290 -44.396996
v -33.453560 6.359008 -29.730183
v -27.762442 19.338480 -23.129435
v -31.786621 0.202780 -34.974373
v -33.491966 0.140734 -33.396061
v -32.389256 12.635570 -25.484804
v -23.325815 -7.227436 -43.258575
v -25.648569 -6.457214 -41.691513
v -14.259017 -7.984470 -47.173641
v -5.286514 -4.151278 -48.380894
v -19.052563 -7.872886 -45.424259
v -2.220983 -1.359904 -47.881062
v 0.169853 2.130950 -46.671680
v 0.214024 -0.627824 -47.700920
v -16.418880 -8.074748 -46.455719
v 2.682538 7.806659 -43.934959
v 2.635603 4.798287 -45.481709
v 3.019726 2.487232 -46.438377
v 2.700512 13.232429 -40.507935
v 2.981039 11.075658 -41.968784
v -11.972652 -7.916736 -47.803307
v 3.271623 16.059900 -38.308155
v -29.863724 -4.906549 -38.362953
v -27.645252 -7.547472 -40.566551
v -32.130699 -2.811987 -35.894073
v -0.804118 23.178144 -31.444725
v -2.280892 -4.743920 -48.788322
v -9.597784 -8.975716 -48.559135
v -15.021365 26.578157 -22.974091
v -3.398536 24.939344 -28.978630
v -11.530177 27.529598 -23.248480
v -6.178294 27.706421 -24.774414
v 3.613416 18.388622 -36.258194
v -9.190476 29.294165 -21.564564
v 2.555131 20.692680 -34.118263
v -12.025537 29.315897 -20.161167
v -7.217300 29.528662 -21.878365
v 4.770543 8.675737 -43.232689
v -2.668689 27.456469 -25.645796
v -2.791733 29.567913 -22.673050
v -17.972702 26.511179 -21.187252
v -20.999804 25.368601 -20.782133
v -9.079025 31.504337 -18.003874
v -23.474775 23.948423 -20.968540
v -30.172560 16.995392 -23.294769
v -14.397586 27.818966 -21.295444
v -0.579870 25.076153 -29.026508
v -25.737125 22.473854 -20.966000
v -16.576784 28.389755 -18.902390
v -14.618545 29.592649 -18.126804
v -7.756648 31.108088 -19.211206
v -5.414238 32.377110 -17.990379
v -7.015170 33.205475 -16.153042
v -3.683677 35.565422 -13.883329
v -4.736660 35.694588 -13.334901
v -4.555262 36.668846 -12.098780
v -6.503600 35.134975 -13.377238
v -1.948644 36.393532 -13.155092
v -2.392881 33.813293 -16.644201
v -2.197897 37.744411 -11.631949
v -4.392486 37.668407 -10.986030
v -3.587638 38.763931 -10.323812
v -1.973217 39.483574 -10.301776
v -5.138409 38.926579 -9.456516
v -6.234306 37.159618 -10.607159
v -3.150061 40.133591 -9.565387
v -4.479052 40.639870 -8.692111
v -0.214397 37.938538 -11.722079
v -0.252804 39.776505 -10.404186
v -0.261437 36.659073 -13.011971
v -1.772750 41.206211 -9.505769
v -7.015952 37.911999 -9.230312
v -6.161931 39.701305 -8.197531
v -8.283655 36.613918 -9.950849
v -7.541736 35.431374 -12.300534
v -7.458517 39.605999 -7.250218
v -3.412116 41.422348 -8.897652
v -9.003136 38.123882 -7.388423
v -8.755001 33.638653 -14.569834
v -10.829013 31.471909 -17.120293
v -4.228318 31.077551 -20.217308
v -0.444302 34.815834 -15.466133
v -2.182660 32.071777 -19.051670
v -9.427118 35.033421 -11.680915
v -10.745598 36.852398 -7.491589
v -11.276147 35.490501 -9.340150
v -0.365714 31.957926 -19.326937
v -0.362435 27.405138 -25.838720
v 0.138902 29.869581 -22.372074
v 2.760123 22.977373 -31.571968
v 2.150364 37.840542 -11.682021
v 1.505400 36.682640 -12.883664
v 1.260643 39.020187 -10.857249
v 1.503053 40.026184 -10.253702
v 2.308393 25.001335 -29.077501
v 2.475199 27.344845 -25.811497
v -12.233687 32.516850 -14.256184
v -5.184804 41.372715 -7.918508
v -18.624977 27.794170 -18.431980
v -0.228912 41.206203 -9.792487
v 1.898427 35.550411 -14.281729
v 4.848913 20.688341 -33.862221
v 4.701368 22.805964 -31.541410
v -16.043900 30.182688 -15.947803
v -8.536983 39.465622 -6.346390
v -10.193514 38.294891 -5.928029
v 1.670355 33.665112 -16.888517
v 2.006989 32.180305 -18.908329
v 2.845667 29.777971 -22.311508
v 4.722349 13.898285 -39.780102
v 3.033069 39.236839 -10.472411
v -21.661566 26.452188 -18.186064
v 7.009841 20.422918 -33.791878
v 7.014342 18.181118 -35.934303
v 6.981303 15.831581 -37.930279
v -13.292436 33.613701 -11.226472
v -18.537432 29.254230 -15.660230
v -20.606314 28.072573 -16.009377
v 4.817273 24.973152 -28.805258
v 4.717890 11.241914 -41.665878
v -13.483786 35.611671 -6.876695
v -14.849572 33.391830 -10.245490
v -18.560966 30.020781 -13.978587
v -9.485767 40.010815 -4.768681
v 6.908486 22.865231 -31.096581
v -6.597002 41.282589 -6.882257
v -23.812996 24.962320 -18.714441
v -12.499668 36.854851 -5.501841
v 4.612910 36.691849 -12.317589
v 4.474012 35.247013 -14.259059
v 5.035207 29.424707 -22.508909
v 5.106968 32.197174 -18.410318
v 6.860533 13.512576 -39.718071
v 6.887969 11.556785 -41.110611
v 9.422616 18.771532 -34.849148
v -25.843803 23.807484 -18.345724
v 6.719812 25.148287 -28.166887
v -28.340481 20.197445 -21.171385
v -7.711430 41.168419 -5.836257
v -8.545584 41.560978 -4.538589
v 9.534920 20.643745 -32.944805
v 5.563643 37.795918 -10.910332
v 6.984580 27.261433 -25.132486
v 6.799335 29.701410 -21.734507
v 7.007089 34.079494 -15.333897
v 9.433236 16.327452 -36.972954
v 7.143044 8.889862 -42.769085
v -15.381502 33.969711 -8.390719
v -18.816935 30.799957 -11.836142
v -20.776331 28.876133 -13.967033
v -23.606796 26.172888 -16.447302
v 9.429358 22.719013 -30.608564
v 9.189318 24.773970 -27.990271
v 8.520207 29.814096 -21.094330
v 9.539390 27.288748 -24.324722
v 5.027723 5.109664 -45.116550
v 6.843510 5.897514 -44.461411
v 1.468824 41.187138 -9.802109
v 10.547174 13.778946 -38.686974
v 10.336617 11.147054 -40.642220
v 10.261200 9.008576 -42.037201
v 5.380397 38.938347 -10.091821
v 7.239282 35.490009 -13.161535
v 11.154493 20.224918 -32.890354
v 11.259489 18.086552 -34.942547
v 11.250302 16.391077 -36.416325
v -11.505701 38.063828 -4.634449
v -10.677867 39.168331 -4.119750
v 3.161417 40.662853 -9.771654
v 11.301353 22.557562 -30.169353
v -30.004921 19.119747 -20.504927
v -32.365559 14.630512 -23.325804
v 8.064311 36.748531 -11.059532
v 9.623880 30.035460 -20.396790
v 9.183496 33.648193 -15.198143
v 9.539659 6.901474 -43.401337
v 7.023238 3.623722 -45.502293
v 4.876250 1.717452 -46.560200
v 13.483288 15.629502 -36.303036
v 13.665357 13.424625 -37.977913
v 5.343974 39.812511 -9.590400
v 14.129054 18.457027 -33.514816
v 15.045294 16.246805 -35.164585
v 11.443132 24.962437 -26.853491
v 7.835347 38.176483 -9.621635
v 14.116401 20.653349 -31.227608
v 13.771038 9.906200 -40.441116
v 2.831487 -1.071682 -47.732952
v 9.591999 4.610426 -44.547096
v 11.607290 28.244606 -22.104891
v 13.725764 22.714651 -28.930399
v 11.538525 6.181070 -43.290085
v 0.106511 -2.522237 -48.279896
v 13.917209 7.178148 -42.048225
v 9.149452 35.619404 -12.105205
v -6.947783 42.320393 -6.136773
v 16.430777 14.454176 -36.078316
v 16.126465 11.815529 -38.219673
v 14.318064 24.968300 -25.463005
v 13.813681 28.055201 -21.198034
v 15.853835 18.036352 -33.143272
v 16.139250 20.421005 -30.498287
v 11.117523 32.593540 -15.830924
v 16.229822 22.548994 -27.856792
v 11.556845 3.909143 -44.376820
v 4.867483 -1.923816 -47.797729
v 6.739825 0.036977 -46.893055
v 9.963250 2.145673 -45.503819
v 15.952229 8.723385 -40.396706
v 14.329475 4.857364 -43.115551
v 18.249910 13.168324 -36.262943
v 18.639227 15.179879 -34.394508
v -0.330714 -5.499557 -49.020370
v 18.213184 17.989616 -31.962858
v 3.566660 -3.718830 -48.431908
v -2.745521 -6.341215 -49.112080
v 16.219103 24.623367 -24.882111
v -5.275621 -6.930933 -48.979229
v -7.329695 -9.488084 -49.061832
v 18.470110 9.300829 -38.927227
v 18.817297 11.280560 -37.375290
v 18.200008 20.640198 -29.068396
v 20.055578 18.512274 -30.317331
v 2.428125 -5.326831 -48.902557
v 16.299221 5.795805 -41.934380
v 20.001915 16.334391 -32.552700
v 18.396618 22.660629 -26.356966
v 18.922407 6.476837 -40.470669
v 11.755782 0.784892 -45.549896
v 10.058033 36.689133 -9.905925
v 15.858293 27.996252 -20.002798
v 18.576944 24.476847 -23.521227
v 6.767261 -3.815446 -48.050266
v 9.360192 -1.807852 -46.940872
v 8.723232 37.910740 -9.353080
v 14.154961 1.657354 -44.508411
v 16.199856 2.857538 -43.338936
v 10.779651 35.726734 -10.869809
v 12.940200 32.712681 -14.417360
v 21.167284 14.024736 -33.936188
v 20.340170 9.035731 -38.153835
v 20.990541 6.545176 -39.390697
v 18.379299 3.658028 -42.135937
v 21.054216 11.680045 -35.858696
v 20.976049 20.788233 -26.973118
v 0.106103 -7.382933 -49.375446
v 4.870444 -6.901763 -49.004848
v 16.127245 29.957947 -16.584072
v 20.508854 4.438521 -40.795288
v 11.772147 -2.842119 -46.640419
v 9.847556 -4.506518 -47.575096
v 23.222191 16.024532 -30.680635
v 23.270584 13.560155 -32.935081
v 7.420330 -6.874444 -48.634125
v -2.591748 -9.490417 -49.599644
v 23.062840 18.407616 -28.259741
v 3.025894 -8.607048 -49.442188
v 14.422632 -2.180857 -45.677975
v 16.230448 -0.209922 -44.444969
v 18.975039 0.738175 -43.075089
v 19.908958 2.363028 -42.039726
v 23.211777 8.665959 -36.706837
v 23.215399 11.198590 -34.873566
v 18.418180 27.826550 -18.257006
v 21.062815 23.014610 -23.724697
v 20.545799 24.966925 -21.075335
v 15.758680 31.519777 -14.175307
v 0.098584 -9.578014 -49.685009
v 23.020172 4.573305 -39.356007
v 10.854216 -6.665678 -47.832615
v 21.596497 2.581774 -41.115528
v 14.313143 -5.479102 -46.577301
v 17.918657 -1.925986 -44.371292
v 12.787177 35.058064 -10.236292
v 16.047400 32.517235 -11.954167
v 23.109190 20.394306 -25.705002
v 25.561901 13.918109 -30.888496
v 25.144804 11.106721 -33.591965
v 25.148109 16.862909 -28.250908
v 25.288748 6.092668 -37.008461
v 25.676874 8.726915 -34.989311
v 5.926665 -9.660206 -49.297462
v 18.264477 -5.565620 -45.249821
v 8.954996 -9.224983 -48.728497
v 20.561293 -1.839596 -43.242954
v 2.883248 -11.358160 -49.770531
v 22.332470 -0.525511 -41.964413
v 11.193056 -9.520219 -48.255127
v 19.823866 -4.986379 -44.479134
v 12.097655 36.383709 -8.443688
v 23.263420 23.142618 -21.398481
v 22.508223 25.155308 -18.837420
v 24.724728 20.722689 -23.666752
v 21.140438 27.352999 -16.269928
v 19.012142 29.930481 -13.717372
v 25.849306 18.392422 -25.731174
v 26.919733 11.161721 -32.138840
v 13.472752 -9.122959 -47.554287
v 27.274096 9.180109 -33.427235
v 17.283291 -7.500474 -46.022335
v 27.293079 6.522404 -35.276917
v 24.770342 1.506695 -39.727856
v 25.164913 2.870224 -38.861588
v 23.884365 0.039518 -40.887562
v 0.387327 -11.741381 -49.877197
v 26.997513 15.844195 -27.651787
v 5.423114 -11.914186 -49.576206
v 8.891190 -12.044740 -49.074043
v 21.977512 -3.894106 -43.187378
v 28.264843 14.200710 -28.155195
v 27.861870 12.769757 -29.914940
v 11.531364 37.775295 -7.060518
v 27.419403 4.331020 -36.487408
v 28.194792 16.284058 -25.922478
v 11.832294 -11.968512 -48.374264
v 25.842194 21.321304 -21.486517
v 25.108715 23.472477 -18.791275
v 27.835072 18.494192 -23.478159
v 27.710455 20.395872 -20.753511
v 24.007927 -3.454180 -41.980858
v 17.247427 -9.857183 -46.414146
v 29.737904 7.070487 -32.869667
v 19.785889 -9.120016 -45.337986
v 30.060354 9.459581 -30.717216
v 27.910107 2.425324 -37.098404
v 29.514620 4.681782 -34.621429
v 23.092489 -6.014172 -43.158352
v 21.838388 -7.659343 -44.141865
v 8.095323 -14.043206 -49.315769
v 29.869642 12.709957 -27.994278
v 15.076679 -12.849949 -47.492111
v 27.500765 -0.000120 -38.464127
v 29.731974 15.505904 -25.132212
v 27.663605 -1.377326 -38.887257
v 25.477194 -4.090293 -41.266766
v 5.460675 -15.323597 -49.674221
v -3.804686 42.580658 -8.472648
v -2.106095 43.280552 -9.191060
v 12.224192 -13.779922 -48.386551
v 17.833933 -12.922489 -46.533192
v -4.952198 43.155010 -7.756587
v 31.682533 13.228809 -25.394009
v 29.466970 1.062682 -36.493847
v 32.047485 10.690706 -27.517311
v 32.705673 9.234984 -28.120558
v 31.649729 4.727076 -32.629005
v 32.802967 6.973957 -29.900496
v 33.212154 5.081614 -30.828838
v 31.556684 1.793021 -34.291409
v 11.903406 -15.725328 -48.473454
v 9.086247 -15.989285 -49.110939
v 34.434254 4.505049 -29.890959
v 11.536760 49.810730 15.563911
v 12.459251 49.142681 14.488163
v 13.257088 49.788513 14.250903
v 11.116268 49.196484 15.483734
v 13.966209 49.273048 13.347360
v 15.448902 49.942741 12.370030
v 14.791023 48.942093 12.188620
v 15.827672 49.344513 11.476045
v 16.628374 49.814381 10.794799
v 9.189612 49.296700 16.567204
v 13.095965 48.458050 13.130933
v 11.785490 48.337742 14.042330
v 9.896081 48.500381 15.408007
v 12.955423 46.766132 10.594994
v 11.499794 46.267509 11.315153
v 11.480528 45.371555 10.302585
v 9.969579 45.577339 11.730089
v 10.560109 46.645622 12.547559
v 8.519930 45.511425 12.539392
v 9.166889 46.858295 13.625483
v 12.932561 45.600323 8.887604
v 13.913962 46.840050 9.445201
v 15.121615 48.320683 10.626163
v 6.898669 46.727760 14.503459
v 7.226332 48.412117 16.444881
v 6.591228 45.807663 13.623335
v 9.080270 44.356567 11.306217
v 7.302786 44.010941 12.080376
v 10.334110 43.841457 10.049838
v 11.473804 44.299839 9.314691
v 6.684162 49.289539 17.436619
v 5.894457 44.354092 12.809991
v 4.362016 45.860348 14.357816
v 4.553658 46.822937 15.223911
v 4.499181 48.738266 17.442579
v 4.325143 44.985310 13.687748
v 8.778791 49.997265 17.045330
v 10.058519 50.340282 16.485651
v 12.168160 50.348312 15.160030
v 15.288323 50.422062 12.518312
v 13.095324 50.359581 -11.518211
v 14.963179 50.375931 -9.809178
v 14.587140 49.763893 -9.923756
v 13.393387 49.751579 -10.985025
v 16.076504 49.790890 -8.179324
v 12.261562 49.709671 -11.796511
v 11.573453 50.220783 -12.563871
v 10.413360 49.678917 -12.811790
v 9.873887 50.312229 -13.524186
v 15.171277 49.104393 -8.300040
v 13.496004 49.061417 -9.934172
v 16.804018 49.063847 -5.847132
v 14.425916 47.517605 -5.654110
v 15.367316 47.485214 -4.149925
v 13.160357 46.155014 -4.838342
v 14.590365 46.190182 -2.691643
v 12.912134 47.452942 -7.250425
v 11.995845 46.138474 -6.069766
v 16.904741 49.804726 -6.919512
v 17.921095 49.019360 -2.932581
v 15.741086 47.155510 -2.448602
v 17.528971 49.192944 -4.534508
v 15.081842 46.079754 -1.183328
v 16.645287 47.386368 0.043151
v 15.586409 46.261055 0.083819
v 17.682978 49.838829 -5.292665
v 13.812425 44.855186 -2.150267
v 14.673311 44.930988 -0.048753
v 18.972168 49.976460 2.770393
v 18.695335 49.525154 3.760149
v 18.752216 49.366688 1.504700
v 18.963940 49.954155 -0.318114
v 18.620274 49.238499 -0.302210
v 18.556908 49.583755 -1.984348
v 18.609453 50.000095 5.453891
v 18.146618 49.192806 5.667419
v 18.243082 48.810246 2.532165
v 18.044987 49.831406 7.561596
v 17.243870 48.979019 8.047852
v 16.304453 47.049240 3.721636
v 16.670179 47.283710 1.984721
v 15.723143 46.191017 1.900504
v 15.353334 45.804867 3.742763
v 16.291290 47.369701 5.346503
v 15.059411 46.088173 5.571166
v 15.328185 47.190025 7.577532
v 14.317723 46.135792 7.465755
v 14.776314 44.764812 3.562329
v 14.673975 44.369022 2.031678
v 14.010022 44.067360 5.143158
v 17.542566 49.831539 8.904666
v 16.797207 49.120495 9.412265
v 13.857040 45.167416 6.899642
v 13.980442 42.913918 3.889398
v 14.220021 43.870895 0.123597
v 14.196721 42.972336 2.391977
v 13.309721 42.105091 5.433323
v 18.213142 49.842922 -3.862590
v 13.986216 41.842289 2.127754
v 13.804595 42.360390 0.085635
v 13.808288 41.632820 3.863824
v 18.584352 50.199738 -2.781959
v 13.427352 43.275181 -1.460058
v 13.106003 41.265144 5.725942
v 18.541748 50.386833 5.828642
v 18.024868 50.432045 7.768514
v 17.002499 50.441723 10.198779
v 13.733624 41.212063 0.108295
v 18.955574 50.458340 2.890996
v 13.182331 41.387245 -1.376724
v 18.943840 50.457577 -0.405201
v 17.617558 50.381638 -5.676773
v 16.798681 50.494740 -7.324601
v 16.381523 50.531685 11.170598
v -13.833867 51.158943 7.403392
v -14.459279 51.326675 5.177908
v -14.105145 50.359600 5.321891
v -13.410471 50.903584 8.514029
v -14.602566 50.785072 3.243584
v -13.184854 50.102345 7.794328
v -12.601188 50.267853 9.650942
v -12.577631 50.629372 10.069586
v -14.103364 50.064205 3.577883
v -14.698209 50.803116 1.795799
v -14.193360 50.058380 1.728893
v -14.429644 50.554665 -0.600019
v -14.133519 50.111813 -0.603396
v -11.944758 48.240723 5.239139
v -11.075469 47.910690 7.216239
v -10.587638 46.657135 5.345500
v -11.377603 47.286293 3.586499
v -12.537747 48.580948 3.667119
v -12.739676 48.697838 1.907540
v -11.441099 47.254593 1.769980
v -10.098700 46.930767 7.390059
v -12.546113 48.622440 -0.169388
v -11.448675 47.450783 -0.053194
v -10.383141 45.735329 3.721486
v -10.658534 46.016098 1.881522
v -10.690026 46.354717 0.010288
v -10.601268 48.420689 9.282086
v -9.208158 45.396549 7.097962
v -8.821509 46.682076 9.281020
v -8.463862 45.525597 8.511337
v -9.634062 44.735840 5.166247
v -12.235363 48.820061 -2.531682
v -13.533048 50.170395 -3.506120
v -13.959556 50.517960 -2.938880
v -11.229429 47.972134 -2.742657
v -10.637377 46.946163 -1.784643
v -10.163017 45.215153 -0.012903
v -10.078535 45.923141 -1.479098
v -10.146027 44.641853 1.829493
v -9.799459 43.974033 3.687450
v -9.191193 44.012642 5.821098
v -8.476852 44.012192 7.369220
v -9.624404 44.675571 -1.479210
v -9.806172 44.015232 -0.553060
v -9.978551 43.584015 2.199603
v -9.323620 43.235329 5.224608
v -9.892406 43.421074 -0.012199
v -8.315930 43.063038 7.377335
v -14.617808 51.544281 3.608349
v -12.169304 51.217285 11.008357
v -9.332229 42.998646 -2.236057
v -13.026746 51.557224 9.385445
v -14.675443 51.736759 1.570988
v -14.645819 51.173740 -0.334075
v -13.897124 51.637375 7.062084
v -14.552526 51.556606 -0.900654
v -12.440120 51.599312 -6.833674
v -12.008289 51.283928 -7.629131
v -12.992180 50.903790 -5.776696
v -13.571532 51.350693 -4.687938
v -14.338602 51.132099 -2.263628
v -14.087934 51.572144 -3.066795
v -11.996297 50.334480 -6.979411
v -11.306965 50.951420 -8.561073
v -12.557275 50.206070 -5.744134
v -10.774002 50.257652 -8.565588
v -10.276970 50.531578 -9.514793
v -10.878830 48.708851 -5.140150
v -9.512063 47.358814 -4.848646
v -10.038786 46.894283 -3.167800
v -8.513919 45.894142 -4.670080
v -8.087637 47.930542 -7.540819
v -8.282456 46.674095 -5.689629
v -9.043071 49.063999 -8.351233
v -9.133994 50.336128 -10.570751
v -7.259315 46.840572 -7.093717
v -7.353490 49.108990 -10.218081
v -6.342412 47.551876 -8.803493
v -7.998276 50.260208 -11.512609
v -5.972466 46.414639 -7.992446
v -6.872764 50.157158 -12.261061
v -5.463082 47.743954 -9.700298
v -6.923812 45.877621 -6.662531
v -9.436459 45.506870 -2.685837
v -4.649536 46.386959 -8.965868
v -4.858556 45.627888 -8.386621
v -7.816266 50.908657 -12.087375
v -9.784302 51.067310 -10.356096
v -8.249396 44.908745 -4.493677
v -7.780176 44.166111 -4.941868
v -6.250762 44.629395 -6.820872
v -5.070521 44.681213 -7.865198
v -5.854736 50.969601 -13.331383
v -9.009863 44.091900 -2.840513
v -4.952198 43.155010 -7.756587
v -6.219600 43.493530 -6.706433
v -7.122943 43.398277 -5.757077
v -8.281839 42.926365 -4.261737
v -6.947783 42.320393 -6.136773
v 11.473804 44.299839 9.314691
v 10.334110 43.841457 10.049838
v 11.292070 42.910217 8.658467
v 9.885208 41.984524 9.656869
v 12.382155 43.009838 7.411206
v 12.446945 44.267288 8.143886
v 13.297481 44.052719 6.717831
v 12.866570 42.617939 6.456352
v 11.061716 41.722061 8.549543
v 12.101808 41.709145 7.325518
v 13.309721 42.105091 5.433323
v 14.010022 44.067360 5.143158
v 12.932561 45.600323 8.887604
v 13.857040 45.167416 6.899642
v 14.317723 46.135792 7.465755
v 8.664040 42.913937 10.858070
v 9.080270 44.356567 11.306217
v 8.457320 41.680435 10.696240
v 7.302786 44.010941 12.080376
v 6.472214 43.188755 12.065436
v 6.566146 42.112606 11.757544
v 5.894457 44.354092 12.809991
v 6.295746 41.285637 11.839417
v 10.693076 40.867901 8.991274
v 8.319569 41.005848 10.853716
v 12.016152 40.583637 7.537665
v 13.106003 41.265144 5.725942
v 4.337853 41.746166 12.487511
v 4.665661 42.678467 12.517705
v 2.265923 42.940422 13.023418
v 2.248983 42.038654 12.869433
v 4.410779 40.807018 12.611295
v 2.120208 41.335381 12.897460
v 6.312791 40.110950 12.175375
v 8.288929 40.045910 11.140961
v 10.399802 39.187565 9.870780
v 11.262048 39.543236 8.839746
v 13.279232 38.259628 7.011716
v 4.537233 39.031239 13.247679
v 8.925075 38.836952 11.271465
v 7.687381 38.671829 12.138914
v 6.111615 39.032349 12.720685
v 11.618944 38.153221 9.339685
v 11.022171 37.003845 10.959668
v 9.961239 36.731018 12.220214
v 8.308667 36.639805 13.422898
v -0.013430 42.261539 12.789957
v 0.044522 41.319767 12.821531
v -0.567595 14.001202 38.681152
v -2.671307 11.414314 40.347168
v 0.150317 11.633557 40.322369
v -4.308551 13.897375 38.462311
v -4.202112 15.949652 36.916317
v -0.565121 16.376802 36.873741
v -6.776997 11.540607 39.787605
v -7.300741 13.996659 37.976376
v -7.248983 16.098120 36.342068
v -6.697308 9.186872 41.294346
v -2.647250 9.187912 41.723095
v -0.107195 9.408118 41.683884
v -9.711911 13.704713 37.711323
v -9.637126 11.427283 39.307697
v -9.314048 9.234552 40.752213
v -9.767409 15.960981 35.931179
v -2.694391 18.271908 35.097763
v -6.798457 18.463013 34.361832
v -9.328593 17.842615 34.368256
v 0.001143 18.485315 35.107857
v -11.845617 13.896539 37.012989
v -12.051709 11.627828 38.551075
v 2.632663 16.085022 37.084995
v 2.454014 18.465555 35.118362
v -3.196954 20.532930 32.896996
v 3.979644 13.964990 38.586861
v 0.326041 20.746872 32.977497
v 2.958237 20.571798 33.094048
v -7.160433 20.937790 31.817314
v -9.203277 20.315069 31.967178
v -12.049395 16.359577 34.935352
v -0.017643 22.788668 30.853685
v -2.509285 22.906971 30.502922
v -5.306653 23.523979 29.401594
v -11.515564 18.450640 33.157070
v -2.408349 25.027075 28.200378
v -0.064175 25.015656 28.423613
v -7.116082 23.321568 29.231647
v -9.020383 22.700470 29.416077
v 2.333781 23.154690 30.449451
v 2.524534 25.444845 27.908205
v 4.653305 18.130796 35.224255
v 4.750587 16.059868 36.944435
v 4.698214 20.301546 33.194481
v -2.189718 28.296186 24.466845
v 0.198288 28.550646 24.382931
v 3.119530 28.506432 24.375071
v -4.488411 27.638227 24.823481
v -12.007929 20.669075 30.694107
v -2.354589 31.785892 20.175943
v -0.087635 31.864996 20.353603
v 2.649226 31.761944 20.449429
v 0.255355 34.390385 17.581810
v -2.348554 34.311558 17.302158
v -0.190756 36.444492 15.505419
v -1.936339 36.466667 15.197718
v 2.357057 36.412251 15.546663
v -4.858760 31.806080 19.574930
v -4.138812 34.671761 16.425936
v -3.284839 36.521538 14.785307
v -7.445127 27.979658 23.602095
v 2.875464 34.214668 17.641520
v -7.052479 32.349823 18.241789
v -0.118916 37.801277 14.447645
v -2.348699 37.819954 13.999184
v -10.470262 23.443592 28.047998
v -11.069187 27.957863 22.354700
v -11.153275 30.417957 19.177067
v -13.114354 22.335461 28.360090
v 2.477565 37.719803 14.481852
v -14.133290 18.076935 32.573170
v 4.839755 22.835587 30.539953
v 4.741459 25.419748 27.728605
v 4.765294 28.402905 24.308132
v -6.604024 34.373898 15.876064
v -5.128058 36.331470 14.246342
v -4.067445 37.514137 13.613413
v -14.420704 23.277691 26.631989
v -15.526950 20.091343 29.874636
v -8.316682 33.913689 15.666433
v -15.630071 15.875772 34.038754
v -14.075112 13.727690 36.422615
v -16.655609 18.145891 31.380312
v -16.569155 20.889730 28.444498
v -15.879137 23.652617 25.467632
v -14.316792 27.375002 21.577345
v 4.724583 31.560961 20.425205
v -16.548468 13.943849 35.266350
v -14.270012 29.778868 18.404613
v -19.468081 18.650501 29.373102
v -6.031270 37.635502 12.514606
v -19.453577 20.845778 26.896820
v -18.514370 23.480724 24.182129
v -17.251823 26.559092 20.935190
v -19.987482 16.300287 31.465036
v -20.105869 13.610123 33.769810
v -3.413773 39.021652 12.717781
v -4.928195 39.057709 11.931803
v -6.667243 36.573803 13.207773
v -8.617652 34.941769 14.075990
v -10.527537 33.661697 14.749002
v -0.216083 39.179161 13.521412
v -1.981460 39.156658 13.171262
v 6.994483 26.589714 26.046526
v 6.933235 22.992956 30.048359
v 6.995277 20.403412 32.736324
v -15.491829 11.626314 37.379761
v 7.071952 18.289789 34.734730
v 4.866906 34.382248 17.101084
v 2.155995 38.923065 13.735081
v -17.927280 11.613312 36.381786
v -19.988581 11.612562 35.385727
v -15.673113 29.341923 18.100985
v -11.915985 9.472049 39.939232
v -21.934711 17.944832 28.577168
v -20.981775 15.909086 31.239258
v -23.921719 15.734541 29.552753
v -21.396959 20.503302 25.995173
v -8.013801 36.913265 11.841382
v -15.241650 30.731308 16.275360
v -21.158638 23.398165 22.398397
v -14.400802 9.299582 39.269779
v -23.583973 13.764161 31.579208
v -10.747975 35.058670 12.345716
v -13.889819 32.614330 14.055929
v -24.119183 18.070044 26.861044
v -19.168835 27.631910 17.947607
v -16.676636 9.191747 38.493725
v -23.494471 20.216776 24.737928
v -23.412193 22.147388 22.234930
v -23.525372 11.693231 33.297985
v -6.786924 38.964111 10.767044
v -20.729357 8.986909 36.793980
v -25.514967 13.625140 30.358944
v -26.505596 15.802726 27.450930
v -27.792311 13.946706 28.229511
v -16.632736 30.794313 14.960692
v -9.530611 7.189202 41.838066
v -6.715788 6.919537 42.557026
v -2.753136 7.081342 42.890236
v -13.100207 7.307616 40.789959
v -24.007612 9.513356 34.591923
v -18.590771 7.311959 38.780293
v -9.560981 36.770161 10.692136
v -9.328680 37.773262 9.579420
v -8.420382 39.036911 9.073152
v -23.182705 24.441954 19.033247
v -25.108189 20.266029 23.241554
v -26.274405 17.787424 25.356920
v -26.463053 11.726504 31.256884
v -26.651791 9.252151 32.974686
v -28.584038 11.764744 29.509115
v -20.215712 28.258627 15.863294
v -16.585258 5.886580 40.338173
v -24.950018 22.314505 20.465193
v -21.111217 6.971097 37.777916
v -12.213475 35.049976 10.950068
v -15.951704 32.548923 12.199646
v -10.923100 36.797832 9.116180
v -23.248425 7.131442 36.538048
v -19.185230 29.842016 14.065330
v -28.511902 15.778424 25.572235
v -26.550627 20.152784 21.899479
v 6.936983 28.735058 23.504070
v 4.358766 36.917957 14.713817
v -28.757236 17.887363 22.603462
v -18.925449 4.688689 40.014648
v -7.279511 5.014653 43.402905
v 4.161303 11.664685 40.113983
v 2.520728 9.235828 41.683292
v -12.621868 4.939322 42.093002
v -9.371071 4.676694 43.111423
v 7.165267 16.134478 36.525276
v 9.098105 24.075773 28.415430
v -21.307991 3.589912 39.495979
v 6.733591 31.741629 19.783348
v -0.123324 7.125250 42.935665
v 2.753298 7.211237 42.760170
v 9.256761 20.811848 31.832888
v 9.403693 18.357714 34.198296
v -26.194098 7.022087 34.781475
v -28.227726 9.412183 31.660765
v -5.115085 4.720148 43.826935
v -2.849950 4.917627 43.924747
v -10.241043 2.978950 43.654922
v 7.185247 13.873630 38.202591
v -24.493893 4.888971 37.092747
v -23.046761 2.630758 39.058781
v -18.922310 2.854825 40.883392
v -15.654528 2.475726 42.214046
v -6.531157 39.984898 10.297439
v -23.445175 26.044319 16.010630
v -30.008194 13.627438 26.399343
v -30.356558 11.562806 28.026194
v -25.935518 22.721109 18.702061
v 9.803601 27.479265 24.288788
v 11.078746 25.082453 26.730593
v 9.237692 15.969787 36.224709
v 9.383314 13.859108 37.763702
v 11.216967 22.798975 29.234629
v 7.406578 11.574052 39.722027
v -7.268724 2.735971 44.399227
v 4.804270 8.622762 41.840870
v 7.354065 9.433064 40.993443
v 11.407225 20.569517 31.501362
v 11.482591 18.362980 33.619957
v -0.001396 4.517686 44.173267
v 3.037503 4.894125 43.851940
v -2.727539 40.697086 12.248778
v -1.470473 41.210114 12.492904
v -5.220835 1.120258 45.317616
v -3.032844 1.534982 45.333141
v 9.670948 11.638351 39.211243
v 6.739065 33.253498 17.932644
v 9.304552 30.808916 20.198816
v 11.231421 27.742439 23.501526
v 6.667560 35.024483 15.875069
v 11.535488 16.292793 35.374058
v 6.556891 37.163609 13.829382
v 2.230728 39.935749 13.311316
v 11.530326 13.980128 37.138130
v 11.602126 11.676545 38.695000
v -7.306909 0.272487 45.323891
v -11.347534 0.200660 44.391499
v 4.851669 5.471192 43.423828
v 9.008320 32.981583 17.492964
v -20.929783 0.504227 40.993534
v -4.316145 41.187046 11.295431
v -19.142025 0.533204 41.707211
v -28.842289 7.241055 32.670513
v 13.791698 20.657595 30.596416
v -0.051285 0.752468 45.683224
v -27.830019 4.729485 34.980457
v -26.469721 2.714854 36.999695
v -16.123899 0.154987 42.905285
v -30.105776 9.154248 30.255894
v -30.632963 6.898166 31.370649
v 13.823173 23.435696 27.603786
v 13.832903 18.357969 32.826954
v 7.341880 6.412917 42.599960
v 2.743461 1.993065 45.099350
v 9.631968 9.331490 40.579071
v 9.610389 7.259253 41.690231
v -10.303802 -1.959093 45.357880
v 13.912581 25.220825 25.505760
v 13.888964 26.400738 24.073545
v 14.078530 16.271641 34.543674
v -4.180215 -1.950471 46.443661
v -7.223879 -1.894466 46.018906
v -0.289687 -2.022699 46.609184
v 4.923748 2.516851 44.693302
v -14.535953 -2.026259 44.115261
v 14.271691 14.035867 36.178219
v 12.762155 28.448547 21.893002
v 11.557614 8.658866 40.474430
v -23.897903 0.512678 39.468369
v 7.338666 2.788883 44.223522
v 14.164752 11.529857 37.952084
v -18.347303 -1.906817 42.755432
v -29.943022 15.945973 23.781004
v 3.001297 -1.960681 46.460907
v 5.044991 0.190647 45.547718
v 16.407923 18.603741 31.492128
v 16.146479 16.214991 33.716690
v -3.297962 41.751038 11.763188
v 9.832517 3.977284 43.203716
v 15.968855 20.840694 29.434393
v 9.108540 34.230583 15.775133
v 7.223638 0.235127 45.226376
v -9.563637 -4.325551 46.156960
v -5.898497 41.306713 10.165446
v 16.036844 14.033854 35.474300
v 16.131517 11.687034 37.093430
v 14.453938 7.928719 39.961544
v -12.789658 -4.461607 45.310574
v 15.942971 22.853661 27.230110
v 11.705126 3.946106 42.734291
v 14.371428 5.226134 41.325020
v -7.216844 -4.978211 46.811523
v -5.423708 -4.208338 46.878502
v -3.134070 -4.202165 47.086399
v -20.935118 -2.954024 41.991379
v -30.337513 4.905755 32.900738
v 4.958570 -2.125592 46.301922
v -17.178038 -4.066060 43.736683
v -29.605057 2.417572 34.870564
v 9.809446 0.657725 44.539429
v -27.771515 0.376891 37.129650
v -29.621321 0.342274 35.786690
v -0.208342 -5.759322 47.542336
v 2.949718 -4.186401 47.041019
v -22.237820 -2.029933 41.131172
v 16.338072 8.118939 39.159435
v 7.260765 -2.051269 45.953529
v -5.281115 -7.676932 47.650402
v -3.154065 -7.096523 47.717796
v -10.110261 -6.645977 46.524208
v -14.092580 -6.525437 45.347549
v 11.843218 0.222329 44.201618
v -31.822725 13.703504 24.226614
v -32.197910 9.349226 28.027225
v -32.341930 7.034017 29.602243
v -28.521946 20.386635 19.167778
v -25.607639 -2.071790 39.328186
v -7.137375 -8.796381 47.566544
v -9.382473 -8.774017 47.065128
v -20.318449 -6.578109 43.053120
v -17.553284 -6.670340 44.147671
v -32.457607 11.337365 25.958586
v 4.798942 -6.287700 47.364063
v 2.906340 -6.972366 47.678844
v 10.948481 -2.294329 45.272488
v -23.410446 -4.271216 41.122559
v 18.044804 20.469669 28.714832
v 18.343187 18.278671 30.776979
v 18.258821 16.027433 32.829655
v 14.637594 1.542422 42.850780
v 18.342190 13.622614 34.682335
v 18.316441 11.608806 36.140846
v 16.871328 25.090237 24.032368
v 16.139433 4.462356 41.050926
v 7.687821 -4.326067 46.490074
v 15.537929 27.084267 22.226248
v 13.287075 29.601332 19.976873
v 18.625572 9.139314 37.537518
v 0.006276 -8.929462 48.108765
v -14.118162 -8.583572 45.690475
v -11.756365 -9.024471 46.471104
v -16.012396 -9.061612 45.128662
v -28.989733 -2.244643 37.228260
v -23.205641 -6.712474 41.772350
v -26.170488 -4.247664 39.590416
v -28.256117 -4.217462 38.290058
v 18.708193 4.867038 39.812775
v 18.266935 22.774975 25.949701
v 18.518728 7.157531 38.724106
v -2.767569 -10.839282 48.294895
v 7.245349 -6.784987 47.108517
v 16.268154 0.478122 42.693359
v 3.192770 -9.103942 48.017792
v -5.297724 -11.149378 48.115242
v -7.024959 -12.206882 47.985371
v 15.093826 -2.599913 44.159039
v -31.683704 2.398966 33.075195
v -25.185356 -6.713703 40.728191
v 18.967834 2.699953 40.683495
v 11.626230 -3.924022 45.521664
v 4.951519 -9.902635 47.968300
v 7.011476 -8.988674 47.549931
v 20.606148 13.932103 33.136452
v 20.592316 11.501074 34.959652
v 20.307926 18.456951 29.364590
v 2.794438 -11.474285 48.348686
v 21.292585 16.120876 30.884449
v 21.121634 7.985748 36.912785
v 9.696788 -7.399624 46.704826
v 18.636314 0.264200 41.797504
v -0.033091 -13.285699 48.587784
v 21.112608 4.244024 38.942711
v 14.343033 -5.172542 45.034985
v 13.699587 30.603308 18.187305
v 16.790035 27.361645 20.940439
v 10.793163 33.878754 15.257633
v 9.238582 35.705276 13.872127
v 21.200226 20.366404 26.651924
v 18.867659 -2.463005 42.661839
v 11.576373 -7.944888 46.350410
v 18.807083 24.882875 22.917742
v 21.216274 21.741703 24.971558
v 21.122370 0.290413 40.670975
v 21.293556 -2.247612 41.515587
v 23.262569 11.587308 33.214561
v 23.484243 9.019806 34.829620
v 10.817938 35.530312 12.920022
v 16.341425 -3.946988 44.075932
v 23.300993 7.086729 36.153072
v 22.887634 3.529510 38.288422
v 23.308764 0.454535 39.414101
v 2.780112 -13.545421 48.526569
v 22.712309 16.565535 29.442074
v 22.483812 18.289942 27.928883
v 4.953554 -13.447487 48.338375
v 24.176386 14.186237 30.449308
v 6.922402 -13.044147 48.047306
v 9.042498 -11.530457 47.486919
v 11.773249 34.152470 14.077719
v 14.581048 -8.572825 45.579048
v 25.371059 5.125262 35.943226
v 25.411280 2.993410 37.017746
v 25.113270 0.290144 38.425079
v 25.481932 7.574545 34.422409
v 25.534185 11.553035 31.594076
v 25.619047 9.750187 32.861835
v 16.763159 -7.118394 44.596214
v 11.405842 -11.546626 46.899494
v 14.117132 -11.504792 46.140724
v 15.082286 30.496380 17.230303
v 18.676443 -6.048920 43.632919
v 23.077662 -2.145244 40.538864
v 21.621372 -4.970886 42.081711
v 26.018719 14.667886 28.537615
v 10.043774 -13.429379 47.447403
v -31.393322 0.316999 34.327866
v -5.403134 42.320843 10.478052
v -33.122841 4.590683 30.417738
v -7.288570 41.165821 8.909802
v 14.141475 -13.502511 46.348198
v 27.814230 6.307830 33.524853
v 25.287336 -1.947070 39.182858
v 27.615721 9.042727 31.846697
v 28.098425 11.722836 29.401670
v 28.977047 9.432916 30.459461
v -1.495812 42.333126 12.446188
v 23.022789 -4.283723 41.190571
v 27.474951 2.647498 35.774467
v 29.363239 4.148256 33.563606
v 16.212431 -12.906253 45.601269
v 18.677465 -10.085814 44.302971
v 29.648865 6.934239 31.673296
v 27.751123 0.360866 36.640713
v 21.379219 -8.820569 42.931606
v 25.614359 -3.952018 39.624718
v 27.936010 -1.818139 37.404228
v 27.772079 -4.131053 38.275196
v 23.139936 -6.735616 41.685982
v 7.035718 -15.794959 48.069294
v 9.669285 -16.343697 47.553646
v 18.503119 -13.400985 44.736210
v 30.114532 0.744741 34.697014
v 25.336306 -6.303355 40.360638
v 21.079714 -12.550484 43.544987
v 23.445436 -9.693556 42.041012
v 25.586670 -8.926690 40.719498
v 11.378860 -16.127420 47.136250
v 14.324420 -15.952166 46.333500
v 30.914722 3.565805 32.587502
v 16.343868 -15.788434 45.667747
v 18.525314 -15.958418 44.823711
v 30.303503 -2.136309 35.745716
v 30.229362 -4.210998 36.506332
v 27.662321 -6.445116 38.932323
v 23.238527 -13.482702 42.549496
v 25.505314 -12.932014 41.302952
v 20.962648 -15.624072 43.766582
v 28.222954 -9.062118 39.096081
v -33.987324 2.401814 30.798506
v 28.061188 -11.388363 39.578537
v 30.190872 -6.448348 37.133476
v 32.156647 0.043680 33.257999
v 30.695881 -9.266688 37.342628
v 23.190517 -15.959594 42.667503
v 14.227994 -18.132071 46.199707
v 28.161369 -14.019284 39.792366
v 32.452736 -3.453597 34.389587
v 11.479856 -19.031754 46.837116
v 16.274681 -18.617901 45.487946
v 25.285379 -16.071606 41.542088
v 28.146852 -15.895026 39.868214
v 18.409748 -18.189905 44.734585
v 20.863123 -18.411455 43.685341
v 32.224022 -6.361105 35.433140
v 32.504593 -8.893353 35.773552
v 29.928848 -13.150857 38.491547
v 23.137058 -18.771877 42.532269
v 31.386259 -12.327935 37.262413
v 14.357460 -21.072027 45.722725
v 11.639245 -22.062189 46.293915
v 31.127836 -15.352947 37.658482
v -10.165706 51.607586 13.179781
v -11.074240 51.087662 12.442676
v -8.925153 51.015202 14.475638
v -11.282346 51.564369 12.065289
v -12.169304 51.217285 11.008357
v -8.182113 51.561104 14.799319
v -7.044193 50.978004 15.762357
v -12.318651 52.217453 9.952485
v -10.398550 52.265232 12.349941
v -13.026746 51.557224 9.385445
v -5.905350 51.646221 16.020315
v -7.627371 52.250149 14.441097
v -9.063684 52.566566 12.883343
v -4.807680 51.058666 16.891329
v -3.447231 51.764774 16.856905
v -4.906143 52.276981 15.643713
v -3.085695 51.023079 17.486383
v -14.274337 52.200466 3.861133
v -14.675443 51.736759 1.570988
v -14.617808 51.544281 3.608349
v -14.023793 52.204239 5.354203
v -14.459279 51.326675 5.177908
v -13.897124 51.637375 7.062084
v -13.362877 52.119732 7.853264
v -14.201974 52.404270 1.949249
v -12.968844 52.817574 6.751898
v -14.267522 52.198902 -0.490475
v -13.393551 52.916672 4.183612
v -11.751635 52.847557 9.477313
v -13.569687 52.883457 1.856076
v -9.754570 52.875675 11.636807
v -14.552526 51.556606 -0.900654
v 17.565153 50.989025 8.324266
v 17.002499 50.441723 10.198779
v 18.024868 50.432045 7.768514
v 18.240917 50.947388 6.096041
v 18.541748 50.386833 5.828642
v 16.696144 51.134869 9.903841
v 16.381523 50.531685 11.170598
v 15.461379 51.040340 11.831926
v 16.448277 51.574875 9.268540
v 15.288323 50.422062 12.518312
v 13.723343 50.949966 13.554656
v 15.044228 51.642628 11.194092
v 13.903913 51.575172 12.563536
v 12.219603 50.966640 14.804277
v 10.894003 51.578030 15.007210
v 10.465648 50.921478 16.040102
v 12.168160 50.348312 15.160030
v 10.058519 50.340282 16.485651
v 8.613711 50.951218 16.909842
v 7.800606 50.570629 17.382132
v 15.215379 50.909710 -9.324038
v 16.161798 51.017178 -7.944443
v 16.798681 50.494740 -7.324601
v 14.963179 50.375931 -9.809178
v 13.901483 50.876961 -10.716254
v 13.095324 50.359581 -11.518211
v 12.250810 50.944080 -12.052997
v 17.313444 50.977562 -5.861643
v 13.854026 51.558853 -10.032545
v 15.476851 51.586067 -8.027498
v 11.179664 51.587742 -12.250372
v 10.350794 50.957394 -13.273275
v 16.437119 51.595936 -6.340462
v 17.347860 51.563316 -4.270100
v 12.558448 52.144028 -9.998737
v 14.637092 52.061810 -7.847337
v 10.050264 52.275761 -11.748564
v 8.688278 51.665653 -13.535783
v 18.185781 50.989227 -3.348623
v 17.617558 50.381638 -5.676773
v 18.584352 50.199738 -2.781959
v 18.943840 50.457577 -0.405201
v 18.663355 51.073380 -0.271333
v 18.708363 51.088593 1.671840
v 18.955574 50.458340 2.890996
v 18.587717 51.042908 3.892367
v 17.678965 51.699337 -2.521116
v 18.086502 51.682079 1.220422
v 17.386190 51.581558 6.753898
v 17.578550 51.747841 4.849915
v 16.856888 52.228806 -0.878918
v 16.882816 52.178066 2.435291
v 16.347246 52.067345 6.752546
v 16.446604 52.153324 -3.773472
v 15.015949 52.065056 9.638524
v 15.308990 52.176449 -6.299808
v 15.085366 52.393490 -5.059423
v 13.765029 52.489838 -7.127340
v 11.487391 52.474628 -9.912354
v 12.428479 51.994530 12.771241
v 16.011675 52.412678 -1.788452
v 15.558830 52.406132 -0.519167
v 15.187008 52.297401 4.412459
v 15.866907 52.258202 5.616647
v 14.550014 52.485706 -4.090629
v 14.288526 52.267471 8.545054
v 13.437183 52.222485 7.959348
v 14.700859 52.358368 -1.288787
v 11.490195 52.254734 11.108732
v 11.557262 52.208176 12.461565
v 9.380453 52.282635 13.208651
v 13.470865 52.522446 -5.388494
v 12.460670 52.570019 -6.728169
v 12.109824 52.588715 -8.348111
v 11.184466 52.607712 -7.763989
v 9.885795 52.769424 -9.189238
v 10.091350 52.067188 14.362312
v 9.291429 52.186020 12.065518
v 6.895892 52.278217 13.616739
v 6.376521 52.316021 15.132932
v 4.198572 52.380550 14.921557
v -1.607654 52.537182 15.100142
v 3.402421 52.326656 16.020639
v -1.506388 52.423435 15.928600
v -4.915325 52.712715 13.997938
v -2.656308 52.535458 14.014002
v 0.242240 52.380547 14.340046
v 4.459625 52.305077 14.228042
v 11.633132 52.145855 9.951110
v 13.498144 52.318932 -3.880123
v -4.094757 52.501221 13.045027
v 6.600709 52.157314 15.817429
v 1.059737 52.214901 16.682919
v 12.306242 52.363354 -5.791242
v 5.060523 52.022476 16.592974
v 3.193451 52.014259 13.551298
v 12.889461 51.899239 6.933516
v -0.823071 51.972141 13.267906
v 12.347832 52.011158 -4.482394
v 0.022166 52.176998 13.760203
v 13.623160 52.006504 -1.416246
v 14.123375 52.047573 0.561009
v 14.090337 51.981346 2.515660
v 14.458735 52.231068 5.653748
v 13.703368 51.921009 4.859624
v 7.189098 51.932297 12.411096
v 5.343064 51.978577 13.153866
v 9.712201 51.854721 10.660239
v 11.614001 51.863457 8.782063
v 13.166524 52.015118 -2.938014
v -4.024952 43.184261 -5.923772
v -4.550129 43.878441 -5.351511
v -3.912145 41.559639 -6.482290
v -3.553846 42.978516 -6.500941
v -2.585865 43.434650 -7.167185
v -2.976667 44.006382 -6.635040
v -3.107035 41.236000 -7.126924
v -4.740459 43.166367 -5.214640
v -4.802461 41.566826 -5.422389
v -5.407721 42.305885 -4.359646
v -4.488005 41.070091 -5.740420
v -3.667641 40.678093 -6.535863
v -1.983205 41.786232 -7.646044
v -1.220109 43.750397 -7.718363
v -1.337995 44.823845 -7.236385
v -0.946383 46.103268 -7.022898
v -1.644300 45.351192 -6.498316
v -2.173491 44.351780 -6.816405
v -1.759941 46.057812 -6.120205
v 0.433225 46.012939 -7.612642
v -3.260452 43.674507 -6.137379
v -0.608895 46.932220 -7.134151
v -1.895797 46.932510 -6.059585
v 0.154501 48.046417 -7.523502
v -1.184326 47.854877 -6.827109
v -2.392363 47.795216 -5.769480
v 0.078451 43.727016 -8.045522
v -0.603305 41.785515 -8.029086
v -1.389654 49.048672 -6.981063
v -2.885226 49.047100 -5.923195
v 0.867320 43.059555 -8.205872
v -1.357960 40.665531 -7.651825
v 1.579534 47.041779 -7.759204
v 1.680795 45.813904 -7.793128
v 2.176552 48.183453 -7.940519
v -0.228139 49.542519 -7.716387
v 1.230355 49.631012 -8.126776
v -2.832659 40.655293 -7.056681
v 2.717129 45.998531 -7.717668
v 1.291666 40.997585 -8.059519
v 2.292694 49.466049 -8.219144
v -1.869309 50.389519 -7.271777
v 1.644022 42.693920 -8.165523
v -0.324996 51.037174 -8.283698
v 1.890986 50.986118 -8.753716
v 2.416596 43.296013 -8.050810
v -3.633354 48.190048 -4.561273
v -3.056432 50.725590 -6.732830
v 0.685949 40.589550 -7.822759
v -2.110891 51.565144 -7.837011
v -3.766636 49.883224 -5.594087
v -0.164957 51.911812 -8.926437
v 2.408618 51.872311 -9.321028
v -3.741509 51.798084 -7.101335
v -2.972731 46.519020 -4.549807
v -2.609553 45.495079 -4.734010
v -4.784939 51.611683 -6.099386
v -2.261942 45.193901 -5.342712
v -2.798434 44.073944 -4.536101
v -3.841386 44.871964 -2.919989
v -4.361241 45.355591 -2.102707
v -4.604395 44.238094 -1.837018
v -3.839818 44.031937 -3.131882
v -5.343642 41.133282 -4.407505
v -5.965645 41.421452 -3.457109
v -5.997016 41.936146 -3.289651
v -3.038022 52.566639 -8.330426
v -6.209121 41.358147 -2.730280
v -6.495289 41.737297 -2.512513
v -5.963519 41.164494 -2.985037
v -6.746849 41.505714 -1.160257
v -8.043842 51.697201 -4.372909
v -7.329890 51.079350 -4.768363
v -8.708956 50.975807 -4.922232
v -7.908808 50.507065 -5.698294
v -8.257966 50.515568 -5.743198
v -7.052522 50.949970 -5.523510
v -9.026009 50.866558 -5.894279
v -8.971673 51.930477 -4.808722
v -7.085711 51.606083 -4.759455
v -8.089827 52.152779 -4.391528
v -7.155011 52.225632 -4.809851
v -8.784527 52.671688 -4.888503
v -7.238676 52.495823 -6.677195
v -8.143357 52.153706 -7.121901
v -8.081393 51.594906 -7.111304
v -7.132936 51.195686 -6.515157
v -6.672822 51.891396 -5.958942
v -7.799652 50.925228 -6.657643
v -8.147761 52.778259 -6.739826
v -9.047711 51.541409 -6.745007
v -8.769667 50.981400 -6.693983
v -9.046885 52.491333 -6.658376
v -7.908808 50.507065 -5.698294
v -7.052522 50.949970 -5.523510
v -8.257966 50.515568 -5.743198
v -9.026009 50.866558 -5.894279
v -9.755605 51.508247 -10.298197
v -8.158853 51.436459 -11.760791
v -9.784302 51.067310 -10.356096
v -7.816266 50.908657 -12.087375
v -10.974179 51.602333 -8.942381
v -5.854736 50.969601 -13.331383
v -6.680191 51.586861 -12.679136
v -5.009547 51.501999 -13.617173
v -8.025876 52.191803 -11.224575
v -9.880865 52.187923 -9.568535
v -4.940881 52.106884 -13.168632
v -3.413545 51.510918 -14.212360
v -5.480743 52.732758 -11.931580
v -11.306965 50.951420 -8.561073
v -12.008289 51.283928 -7.629131
v 6.448867 51.003777 -14.705564
v 8.109666 50.976719 -14.258862
v 6.999591 50.513832 -14.575838
v 8.302956 50.335491 -14.153116
v 4.545698 50.905392 -15.095434
v 9.873887 50.312229 -13.524186
v 10.350794 50.957394 -13.273275
v 11.573453 50.220783 -12.563871
v 12.250810 50.944080 -12.052997
v 13.095324 50.359581 -11.518211
v 5.206950 51.535671 -14.715994
v 7.084235 51.576977 -14.220882
v 8.688278 51.665653 -13.535783
v 3.477095 51.510502 -14.970293
v 1.642768 50.934757 -15.204888
v 3.356411 50.494892 -15.132830
v -1.808276 51.541523 -14.617637
v 0.261085 51.375729 -15.049471
v -0.626714 50.976475 -15.031108
v -2.982320 50.991364 -14.478118
v -3.413545 51.510918 -14.212360
v -5.009547 51.501999 -13.617173
v -5.854736 50.969601 -13.331383
v 0.734001 51.967758 -14.624305
v -2.198781 52.213997 -13.927633
v -4.940881 52.106884 -13.168632
v 3.897084 52.306492 -14.059916
v -0.597274 52.802307 -13.268681
v 1.494505 52.774063 -13.430923
v -2.815416 52.787109 -12.854347
v -5.480743 52.732758 -11.931580
v 7.828660 52.245712 -13.097437
v 4.861524 52.700695 -13.144489
v 2.054027 53.045750 -12.732147
v 6.027280 52.835907 -12.392491
v 8.135755 52.711090 -11.695236
v 10.050264 52.275761 -11.748564
v 11.179664 51.587742 -12.250372
v -12.440120 51.599312 -6.833674
v -11.480086 52.078915 -7.788740
v -12.008289 51.283928 -7.629131
v -10.974179 51.602333 -8.942381
v -12.567871 52.228302 -5.765586
v -13.112576 52.061615 -4.989526
v -13.571532 51.350693 -4.687938
v -14.087934 51.572144 -3.066795
v -13.923678 52.157917 -2.399420
v -14.552526 51.556606 -0.900654
v -14.267522 52.198902 -0.490475
v -12.324940 52.731644 -4.992454
v -9.880865 52.187923 -9.568535
v -10.565186 52.747208 -7.740030
v -13.334345 52.888386 -1.040206
v -9.133196 52.748848 -9.308877
v -13.569687 52.883457 1.856076
v -14.201974 52.404270 1.949249
v -11.864200 52.940052 -4.950281
v -12.250914 53.161201 -2.317436
v -10.182908 53.078037 -7.028127
v -8.025876 52.191803 -11.224575
v -8.434255 53.154305 -8.707661
v -11.053410 53.205555 -4.915444
v -7.498026 52.776787 -10.635501
v -12.681025 53.233936 2.570956
v -9.017859 53.315395 -7.083692
v -13.393551 52.916672 4.183612
v -5.738036 53.081799 -10.865378
v -6.685053 53.303898 -9.303378
v -12.195123 53.161297 6.392797
v -4.314021 53.254990 -10.841795
v -2.622620 53.133053 -11.933820
v -12.968844 52.817574 6.751898
v -11.751635 52.847557 9.477313
v -10.993991 53.116234 9.203535
v -9.754570 52.875675 11.636807
v -9.445052 53.055176 10.807464
v -7.833738 52.784275 13.120526
v -7.390052 52.894707 12.337072
v -11.069199 53.222561 7.776882
v -6.062970 52.774475 12.911591
v -4.915325 52.712715 13.997938
v -5.382510 52.619251 14.538882
v -8.462402 52.995171 10.513409
v -9.300003 53.052956 9.072709
v -2.474188 52.270618 16.289467
v -10.131342 53.072620 6.842630
v -11.643393 53.291332 4.963468
v -10.840164 53.097954 2.837245
v -4.094757 52.501221 13.045027
v -11.764316 53.315258 -0.175276
v -10.532948 53.084293 -0.152394
v -10.994182 53.307621 -2.716614
v -10.089909 53.277672 -3.899411
v -8.702171 53.363102 -6.273796
v -8.332373 53.131241 -4.958890
v -7.172252 53.126785 -6.355580
v -4.636916 53.361874 -9.869105
v -6.362703 53.367599 -8.330411
v -3.656897 53.277084 -9.516771
v -2.133371 53.323177 -10.427288
v 0.579429 53.302380 -11.609343
v 1.490269 53.108574 -10.685004
v 5.319445 53.076153 -11.091075
v 6.056164 52.975285 -11.726277
v 8.499020 52.905529 -10.296922
v 7.144094 52.864216 -10.012758
v 4.738131 52.985382 -10.616594
v 9.885795 52.769424 -9.189238
v 11.487391 52.474628 -9.912354
v -9.523002 53.034630 -2.979638
v -5.826729 52.512764 11.766809
v -1.506388 52.423435 15.928600
v -7.646769 52.636112 10.030141
v -8.511577 52.638908 8.566574
v -7.585217 52.990520 -5.434581
v -9.645530 52.540154 0.506795
v -10.016433 52.698059 2.362148
v -9.864292 52.666199 4.176286
v -8.857684 52.551205 -2.345756
v -9.233839 52.610985 6.806099
v -6.095843 51.836426 10.293416
v -7.878600 52.773109 -4.893016
v -8.348914 53.095078 -5.912522
v -7.585217 52.990520 -5.434581
v -7.878600 52.773109 -4.893016
v -8.784527 52.671688 -4.888503
v -9.067029 52.759995 -5.657896
v -8.089827 52.152779 -4.391528
v -7.169360 52.848446 -6.046809
v -7.155011 52.225632 -4.809851
v -8.147761 52.778259 -6.739826
v -9.046885 52.491333 -6.658376
v -7.238676 52.495823 -6.677195
v -3.085695 51.023079 17.486383
v -3.823958 50.499313 17.334806
v -1.786838 50.710953 17.909147
v -4.807680 51.058666 16.891329
v -5.755597 50.498753 16.482292
v -7.044193 50.978004 15.762357
v -2.713079 49.791790 17.530180
v -4.396987 49.851536 16.934544
v -7.246202 50.327419 15.546090
v -0.274996 49.927299 18.108379
v -8.561754 50.377846 14.614576
v -8.925153 51.015202 14.475638
v -9.689633 50.330376 13.604049
v -1.186397 49.221714 17.588129
v -2.892333 48.988335 16.874432
v -11.074240 51.087662 12.442676
v -10.711586 50.340439 12.547286
v -11.765530 50.338539 11.203633
v -5.445728 49.576992 16.207682
v -7.514628 49.636585 14.825898
v -8.777654 49.662334 13.749197
v -4.361742 47.232403 14.143252
v -6.257236 48.115036 13.858258
v -6.018946 46.663731 12.378647
v -4.634023 46.092445 12.839377
v -2.865023 46.245525 13.935885
v -8.058524 48.206257 12.359386
v -7.403754 46.441528 10.832530
v -5.803960 45.400604 11.400138
v -1.932785 47.039604 15.065440
v -1.716895 45.577297 13.821296
v -10.653319 49.756123 11.813799
v -8.866847 47.925285 10.979292
v -4.220613 44.895626 12.195662
v -7.245113 45.220158 9.915050
v -1.993152 44.555828 13.070350
v -8.821509 46.682076 9.281020
v -10.601268 48.420689 9.282086
v -12.601188 50.267853 9.650942
v -8.463862 45.525597 8.511337
v -4.836501 43.909897 11.250260
v -2.721655 44.040817 12.509045
v -12.577631 50.629372 10.069586
v -7.441060 44.058956 8.932140
v -5.684161 43.622578 10.485902
v -3.456356 42.940540 11.791675
v -9.208158 45.396549 7.097962
v -8.476852 44.012192 7.369220
v -1.495812 42.333126 12.446188
v -12.169304 51.217285 11.008357
v -6.940300 43.296600 9.220666
v -8.315930 43.063038 7.377335
v -5.403134 42.320843 10.478052
v -6.847861 42.321739 9.186220
v -3.297962 41.751038 11.763188
v -8.308697 42.273041 7.394446
v -5.898497 41.306713 10.165446
v -7.288570 41.165821 8.909802
v 2.462529 50.203342 18.256733
v 1.767031 49.418495 18.073771
v 4.400802 49.484020 17.965330
v 4.478671 50.150444 18.108641
v 5.944317 50.203560 17.903481
v 6.684162 49.289539 17.436619
v 8.778791 49.997265 17.045330
v 9.189612 49.296700 16.567204
v 4.499181 48.738266 17.442579
v 2.221807 48.726612 17.540640
v 0.113484 48.754826 17.416739
v 2.349160 46.980347 15.613853
v 4.553658 46.822937 15.223911
v 4.362016 45.860348 14.357816
v 2.532371 45.540653 14.323610
v 4.325143 44.985310 13.687748
v -0.075169 46.701084 15.153096
v 0.421933 45.350159 14.115486
v 2.799499 44.347275 13.520033
v 1.230851 44.189674 13.465930
v -0.538009 44.633785 13.501083
v 4.016100 43.551697 12.961177
v -0.311851 43.547447 13.049411
v 2.265923 42.940422 13.023418
v 5.894457 44.354092 12.809991
v 6.472214 43.188755 12.065436
v 4.665661 42.678467 12.517705
v 6.566146 42.112606 11.757544
v -0.013430 42.261539 12.789957
v 2.248983 42.038654 12.869433
v 7.800606 50.570629 17.382132
v -0.131859 50.678085 18.121275
v 10.058519 50.340282 16.485651
v -6.882342 52.495422 -5.342586
v -6.672822 51.891396 -5.958942
v -6.728625 51.613998 -5.345761
v -7.155011 52.225632 -4.809851
v -7.085711 51.606083 -4.759455
v -7.169360 52.848446 -6.046809
v -7.238676 52.495823 -6.677195
v -7.052522 50.949970 -5.523510
v -7.329890 51.079350 -4.768363
v -7.132936 51.195686 -6.515157
v -9.067029 52.759995 -5.657896
v -9.397502 51.881824 -5.570994
v -9.427728 51.820446 -6.105836
v -9.046885 52.491333 -6.658376
v -8.971673 51.930477 -4.808722
v -8.784527 52.671688 -4.888503
v -8.708956 50.975807 -4.922232
v -9.026009 50.866558 -5.894279
v -9.047711 51.541409 -6.745007
v -8.769667 50.981400 -6.693983
v -4.550129 43.878441 -5.351511
v -4.024952 43.184261 -5.923772
v -3.967258 43.112728 -5.183652
v -3.967258 43.112728 -5.183652
v -4.740459 43.166367 -5.214640
v -4.550129 43.878441 -5.351511
vn 0.3424 -0.9171 -0.2040
vn 0.4901 -0.8302 0.2657
vn 0.4089 -0.9076 -0.0946
vn 0.3331 -0.9357 -0.1164
vn 0.0805 -0.9573 0.2776
vn 0.5508 -0.8044 -0.2224
vn 0.0257 -0.1953 -0.9804
vn 0.4402 -0.8708 0.2192
vn 0.2748 -0.7765 -0.5670
vn -0.7961 -0.6052 0.0036
vn 0.4845 -0.8290 0.2794
vn 0.3184 -0.9266 0.2003
vn 0.3857 -0.9214 -0.0469
vn 0.6758 -0.7028 -0.2222
vn 0.4693 -0.8444 -0.2585
vn 0.5749 -0.8070 -0.1352
vn -0.0594 -0.9765 -0.2071
vn 0.5759 0.1127 -0.8097
vn 0.0185 0.2115 -0.9772
vn 0.3183 -0.2216 -0.9217
vn 0.0353 0.0466 -0.9983
vn 0.0486 0.1658 -0.9850
vn 0.0112 0.0975 -0.9952
vn 0.0022 0.1493 -0.9888
vn 0.3855 -0.1035 -0.9169
vn 0.3504 -0.1313 -0.9274
vn 0.0190 0.1119 -0.9935
vn 0.0045 0.1584 -0.9874
vn 0.0104 0.1497 -0.9887
vn 0.0369 0.0460 -0.9983
vn -0.0280 -0.1060 -0.9940
vn 0.0580 0.1457 -0.9876
vn -0.0314 0.1581 -0.9869
vn -0.0747 -0.2829 -0.9562
vn 0.1544 0.1772 -0.9720
vn 0.0087 0.1495 -0.9887
vn -0.0548 -0.0335 -0.9979
vn 0.0403 0.2056 -0.9778
vn -0.2625 0.0932 -0.9604
vn 0.4601 -0.1224 -0.8794
vn 0.0235 0.1959 -0.9803
vn -0.0176 0.2120 -0.9771
vn -0.0192 -0.6977 -0.7161
vn 0.0679 0.0974 -0.9929
vn 0.9950 0.0402 -0.0917
vn 0.9951 -0.0362 -0.0921
vn 0.9946 0.0418 -0.0947
vn 0.9958 0.0782 -0.0474
vn 0.9972 0.0446 -0.0602
vn 0.9982 0.0348 -0.0483
vn 0.9973 -0.0403 -0.0620
vn 0.9962 -0.0483 -0.0725
vn 0.9919 -0.1047 -0.0725
vn 0.9930 -0.0960 -0.0682
vn 0.9991 0.0332 -0.0281
vn 0.9957 0.0919 -0.0130
vn 1.0000 0.0050 -0.0081
vn 0.9992 -0.0363 -0.0147
vn 0.9939 -0.1086 -0.0174
vn 0.9938 -0.1099 -0.0166
vn 0.9971 0.0767 0.0026
vn 0.9992 -0.0386 -0.0128
vn 0.9950 0.0884 0.0468
vn 0.9968 0.0735 0.0319
vn 0.9979 0.0444 0.0466
vn 0.9990 0.0167 0.0407
vn 0.9988 0.0006 0.0490
vn 0.9983 -0.0401 0.0425
vn 0.9946 -0.0944 0.0431
vn 0.9935 -0.1087 0.0342
vn 0.9983 -0.0362 0.0459
vn 0.9917 0.0794 0.1009
vn 0.9939 -0.0404 0.1023
vn 0.9930 0.0509 0.1061
vn 0.9927 0.0469 0.1110
vn 0.9947 0.0021 0.1031
vn 0.9884 -0.1020 0.1129
vn 0.9930 -0.0214 0.1165
vn 0.9840 0.0337 -0.1747
vn 0.9824 -0.0391 -0.1829
vn 0.9821 -0.0395 -0.1840
vn 0.9829 0.0936 -0.1584
vn 0.9830 0.0951 -0.1570
vn 0.9887 0.0391 -0.1449
vn 0.9906 -0.0481 -0.1283
vn 0.9899 -0.0437 -0.1346
vn 0.9886 0.0389 -0.1452
vn 0.9872 -0.1049 -0.1202
vn 0.9894 0.0932 -0.1118
vn 0.9890 0.1124 -0.0960
vn 0.9822 -0.1648 -0.0900
vn 0.9811 0.1571 -0.1128
vn 0.9892 -0.1131 -0.0929
vn 0.9820 -0.1703 -0.0816
vn 0.9919 0.1101 -0.0626
vn 0.9831 0.1789 -0.0400
vn 0.9863 0.1559 -0.0536
vn 0.9905 0.1314 -0.0415
vn 0.9859 -0.1550 -0.0633
vn 0.9917 0.1270 -0.0208
vn 0.9860 -0.1624 -0.0385
vn 0.9753 -0.2178 -0.0375
vn 0.9841 0.1769 -0.0130
vn 0.9893 -0.1449 -0.0195
vn 0.9884 0.1517 -0.0021
vn 0.9766 -0.2126 0.0324
vn 0.9859 0.1621 0.0423
vn 0.9869 0.1521 0.0532
vn 0.9881 -0.1484 0.0414
vn 0.9863 -0.1617 0.0318
vn 0.9780 -0.2068 0.0272
vn 0.9902 0.1272 0.0570
vn 0.9801 0.1620 0.1149
vn 0.9863 0.1255 0.1073
vn 0.9870 0.1077 0.1195
vn 0.9850 -0.1416 0.0986
vn 0.9904 -0.0907 0.1039
vn 0.9797 -0.1625 0.1174
vn 0.9820 0.1061 0.1561
vn 0.9883 0.0476 0.1449
vn 0.9852 -0.0875 0.1474
vn 0.9764 -0.1589 0.1462
vn 0.9863 0.0049 0.1649
vn 0.9900 -0.0213 0.1392
vn 0.9844 -0.0774 0.1578
vn 0.9831 0.0741 0.1673
vn 0.9826 0.0043 0.1856
vn 0.9712 0.0672 -0.2285
vn 0.9732 0.0517 -0.2240
vn 0.9712 0.0346 -0.2359
vn 0.9762 -0.0283 -0.2152
vn 0.9711 -0.1143 -0.2096
vn 0.9742 0.0950 -0.2045
vn 0.9714 -0.1474 -0.1864
vn 0.9693 0.1667 -0.1806
vn 0.9778 -0.1470 -0.1495
vn 0.9662 -0.2209 -0.1332
vn 0.9747 0.1544 -0.1616
vn 0.9764 -0.1749 -0.1266
vn 0.9673 0.2252 -0.1164
vn 0.9811 0.1572 -0.1130
vn 0.9693 0.2198 -0.1106
vn 0.9675 -0.2332 -0.0977
vn 0.9732 -0.2164 -0.0779
vn 0.9704 0.2370 -0.0456
vn 0.9728 0.2251 -0.0538
vn 0.9725 -0.2280 -0.0470
vn 0.9701 0.2425 -0.0024
vn 0.9733 0.2293 0.0045
vn 0.9754 0.2139 0.0531
vn 0.9683 -0.2482 0.0275
vn 0.9711 0.2282 0.0705
vn 0.9692 0.2227 0.1048
vn 0.9729 -0.2109 0.0946
vn 0.9789 0.1660 0.1194
vn 0.9733 0.1632 0.1615
vn 0.9673 0.1792 0.1797
vn 0.9780 0.1210 0.1696
vn 0.9753 -0.1613 0.1510
vn 0.9691 0.1176 0.2168
vn 0.9771 0.0734 0.1998
vn 0.9747 0.0512 0.2175
vn 0.9774 -0.0766 0.1969
vn 0.9693 -0.1409 0.2013
vn 0.9696 -0.1589 0.1862
vn 0.9693 0.1194 0.2149
vn 0.9750 -0.0375 0.2192
vn 0.9754 -0.0659 0.2103
vn 0.9692 -0.0236 0.2453
vn 0.9557 0.1280 -0.2651
vn 0.9627 0.0147 -0.2702
vn 0.9630 -0.0363 -0.2672
vn 0.9632 -0.0355 -0.2665
vn 0.9583 -0.1106 -0.2636
vn 0.9588 0.1449 -0.2444
vn 0.9628 0.0797 -0.2581
vn 0.9578 -0.1067 -0.2668
vn 0.9489 -0.1731 -0.2639
vn 0.9656 0.1659 -0.2004
vn 0.9635 0.1444 -0.2254
vn 0.9629 -0.1729 -0.2073
vn 0.9520 -0.2367 -0.1943
vn 0.9484 -0.2442 -0.2024
vn 0.9586 -0.2385 -0.1554
vn 0.9595 0.2239 -0.1709
vn 0.9548 0.2713 -0.1216
vn 0.9481 -0.2993 -0.1071
vn 0.9485 -0.2977 -0.1081
vn 0.9541 0.2931 -0.0623
vn 0.9482 -0.3059 -0.0854
vn 0.9601 -0.2759 -0.0457
vn 0.9660 0.2585 0.0007
vn 0.9582 -0.2836 -0.0382
vn 0.9461 -0.3224 -0.0318
vn 0.9513 0.3041 0.0505
vn 0.9545 0.2881 0.0768
vn 0.9595 -0.2768 0.0528
vn 0.9524 0.2888 0.0981
vn 0.9570 0.2572 0.1345
vn 0.9603 -0.2618 0.0967
vn 0.9639 -0.2423 0.1104
vn 0.9506 0.2549 0.1769
vn 0.9493 0.2569 0.1810
vn 0.9578 -0.2410 0.1564
vn 0.9581 -0.2453 0.1476
vn 0.9584 0.1805 0.2211
vn 0.9583 0.1792 0.2228
vn 0.9542 -0.2411 0.1771
vn 0.9548 -0.2056 0.2149
vn 0.9497 -0.2057 0.2360
vn 0.9543 0.1385 0.2648
vn 0.9617 0.1208 0.2461
vn 0.9616 -0.1039 0.2539
vn 0.9602 -0.1382 0.2427
vn 0.9609 0.0812 0.2647
vn 0.9703 0.0489 0.2369
vn 0.9661 0.0222 0.2572
vn 0.9544 0.0806 0.2875
vn 0.9513 0.0624 0.3018
vn 0.9567 0.0228 0.2900
vn 0.9512 -0.0030 0.3087
vn 0.9573 -0.0382 0.2865
vn 0.9470 -0.1048 -0.3037
vn 0.9524 0.0620 -0.2984
vn 0.9542 0.0698 -0.2911
vn 0.9584 0.0214 -0.2847
vn 0.9503 -0.0137 -0.3112
vn 0.9365 -0.1737 -0.3047
vn 0.9519 0.1282 -0.2782
vn 0.9475 -0.1077 -0.3012
vn 0.9485 0.1968 -0.2484
vn 0.9494 -0.1719 -0.2628
vn 0.9362 -0.2398 -0.2568
vn 0.9440 0.2044 -0.2592
vn 0.9457 0.2526 -0.2047
vn 0.9511 0.2065 -0.2295
vn 0.9265 -0.3187 -0.2003
vn 0.9282 -0.3021 -0.2171
vn 0.9453 0.2475 -0.2123
vn 0.9505 0.2475 -0.1881
vn 0.9484 0.2701 -0.1659
vn 0.9391 -0.3033 -0.1619
vn 0.9516 0.2920 -0.0962
vn 0.9480 0.3168 -0.0318
vn 0.9367 -0.3403 -0.0825
vn 0.9303 -0.3550 -0.0920
vn 0.9483 0.3170 -0.0153
vn 0.9407 -0.3369 -0.0399
vn 0.9452 0.3264 -0.0029
vn 0.9473 0.3176 0.0412
vn 0.9456 -0.3224 0.0433
vn 0.9353 -0.3488 0.0602
vn 0.9450 -0.3083 0.1089
vn 0.9403 -0.3115 0.1375
vn 0.9424 0.2562 0.2149
vn 0.9416 0.2483 0.2276
vn 0.9380 0.2473 0.2431
vn 0.9408 0.2059 0.2693
vn 0.9508 0.1823 0.2506
vn 0.9421 -0.2197 0.2533
vn 0.9523 -0.1630 0.2579
vn 0.9400 -0.1661 0.2981
vn 0.9518 -0.0895 0.2934
vn 0.9473 0.1379 0.2891
vn 0.9458 0.1227 0.3008
vn 0.9508 -0.0808 0.2989
vn 0.9385 -0.1556 0.3083
vn 0.9450 -0.0036 0.3271
vn 0.9407 -0.0806 0.3295
vn 0.9311 0.0870 -0.3542
vn 0.9414 0.0685 -0.3302
vn 0.9341 0.0132 -0.3567
vn 0.9416 -0.0136 -0.3364
vn 0.9336 -0.0448 -0.3554
vn 0.9330 -0.1043 -0.3443
vn 0.9233 0.1612 -0.3486
vn 0.9209 -0.1715 -0.3501
vn 0.9354 0.1637 -0.3134
vn 0.9365 0.1943 -0.2920
vn 0.9302 -0.2516 -0.2672
vn 0.9137 -0.3127 -0.2595
vn 0.9062 -0.3241 -0.2715
vn 0.9313 0.3153 -0.1825
vn 0.9166 -0.3639 -0.1653
vn 0.9250 0.3442 -0.1611
vn 0.9167 -0.3634 -0.1659
vn 0.9310 0.3496 -0.1044
vn 0.9267 0.3563 -0.1193
vn 0.9245 -0.3595 -0.1267
vn 0.9225 -0.3673 -0.1189
vn 0.9054 -0.4160 -0.0847
vn 0.9308 0.3622 -0.0488
vn 0.9083 -0.4167 -0.0372
vn 0.9309 0.3653 0.0012
vn 0.9093 -0.4142 -0.0395
vn 0.9340 0.3543 0.0461
vn 0.9104 -0.4123 0.0335
vn 0.9209 -0.3853 0.0594
vn 0.9349 0.3310 0.1281
vn 0.9154 -0.3951 0.0767
vn 0.9309 0.3315 0.1537
vn 0.9345 -0.3238 0.1482
vn 0.9152 -0.3830 0.1253
vn 0.9321 0.3198 0.1702
vn 0.9364 -0.2825 0.2083
vn 0.9280 -0.3201 0.1907
vn 0.9275 -0.2692 0.2594
vn 0.9365 0.2051 0.2845
vn 0.9370 0.1728 0.3037
vn 0.9302 -0.1530 0.3336
vn 0.9334 0.1194 0.3384
vn 0.9400 0.0623 0.3354
vn 0.9275 -0.1327 0.3495
vn 0.9346 0.0431 0.3530
vn 0.9343 -0.0402 0.3542
vn 0.9112 0.0757 -0.4049
vn 0.9212 0.0181 -0.3887
vn 0.9274 -0.1188 -0.3546
vn 0.9243 0.1600 -0.3466
vn 0.9135 -0.1854 -0.3621
vn 0.9025 -0.2428 -0.3558
vn 0.9177 -0.2514 -0.3075
vn 0.9234 0.2317 -0.3061
vn 0.9254 0.2479 -0.2868
vn 0.8976 -0.3181 -0.3052
vn 0.9251 0.3012 -0.2311
vn 0.9262 0.3017 -0.2260
vn 0.9253 0.3140 -0.2125
vn 0.9013 -0.3701 -0.2251
vn 0.9093 -0.3587 -0.2109
vn 0.9167 0.3587 -0.1763
vn 0.8990 -0.4227 -0.1147
vn 0.8998 -0.4260 -0.0947
vn 0.9268 0.3738 -0.0369
vn 0.9266 0.3759 -0.0063
vn 0.9300 0.3628 0.0589
vn 0.9291 0.3582 0.0923
vn 0.9222 0.3181 0.2198
vn 0.9236 0.3030 0.2348
vn 0.9141 -0.3475 0.2089
vn 0.9209 0.3020 0.2463
vn 0.9229 0.2762 0.2683
vn 0.9197 -0.2785 0.2769
vn 0.9124 -0.2746 0.3034
vn 0.9272 0.2251 0.2996
vn 0.9179 -0.2333 0.3210
vn 0.9205 0.1819 0.3459
vn 0.9265 0.1694 0.3361
vn 0.9279 0.1291 0.3498
vn 0.9168 0.0696 0.3932
vn 0.9281 0.0418 0.3701
vn 0.9218 0.0149 0.3873
vn 0.9268 -0.0409 0.3732
vn 0.9251 -0.0375 0.3777
vn 0.9119 -0.0048 -0.4104
vn 0.9054 -0.0440 -0.4222
vn 0.9083 -0.0551 -0.4147
vn 0.8983 0.1258 -0.4210
vn 0.9117 0.0751 -0.4039
vn 0.8978 -0.1189 -0.4241
vn 0.8984 -0.1214 -0.4222
vn 0.9038 0.1564 -0.3983
vn 0.8903 -0.1811 -0.4178
vn 0.9094 0.2165 -0.3551
vn 0.8939 -0.2559 -0.3679
vn 0.9116 0.2295 -0.3411
vn 0.8752 -0.3251 -0.3582
vn 0.8927 -0.3251 -0.3122
vn 0.8919 -0.3640 -0.2684
vn 0.8914 -0.3646 -0.2691
vn 0.9104 0.3592 -0.2054
vn 0.8866 -0.4303 -0.1696
vn 0.8855 -0.4348 -0.1638
vn 0.8905 -0.4366 -0.1285
vn 0.9073 0.4157 -0.0627
vn 0.8714 -0.4832 -0.0849
vn 0.9126 0.4088 0.0042
vn 0.9129 0.4046 0.0538
vn 0.8799 -0.4741 0.0324
vn 0.8805 -0.4630 0.1021
vn 0.8789 -0.4625 0.1166
vn 0.9115 0.3701 0.1793
vn 0.8861 -0.4387 0.1497
vn 0.9053 0.3695 0.2094
vn 0.8868 -0.4265 0.1780
vn 0.8840 -0.4375 0.1650
vn 0.9090 0.3516 0.2238
vn 0.9001 0.3436 0.2679
vn 0.9022 -0.3510 0.2508
vn 0.9196 0.2757 0.2797
vn 0.9192 0.2710 0.2857
vn 0.9060 -0.2829 0.3149
vn 0.9166 0.2222 0.3324
vn 0.9070 0.2384 0.3472
vn 0.9068 -0.2267 0.3556
vn 0.9071 -0.2282 0.3538
vn 0.9049 -0.2265 0.3604
vn 0.9113 0.1273 0.3916
vn 0.9155 -0.1330 0.3798
vn 0.9157 -0.1335 0.3791
vn 0.9110 0.1267 0.3925
vn 0.8893 0.0124 -0.4571
vn 0.8906 0.0077 -0.4547
vn 0.8919 0.0662 -0.4474
vn 0.8911 0.0639 -0.4492
vn 0.8864 -0.0530 -0.4598
vn 0.8868 -0.1872 -0.4225
vn 0.8737 -0.2496 -0.4177
vn 0.8997 0.3180 -0.2989
vn 0.8821 -0.3604 -0.3035
vn 0.9161 0.3282 -0.2303
vn 0.8719 -0.4146 -0.2606
vn 0.8809 -0.4166 -0.2244
vn 0.9097 0.3603 -0.2064
vn 0.8781 -0.4290 -0.2117
vn 0.9003 0.4079 -0.1518
vn 0.9048 0.4096 -0.1168
vn 0.9023 0.4175 -0.1075
vn 0.8634 -0.4950 -0.0976
vn 0.8704 -0.4906 -0.0410
vn 0.8716 -0.4887 -0.0383
vn 0.9081 0.4175 0.0320
vn 0.8681 -0.4964 -0.0002
vn 0.8726 -0.4831 0.0728
vn 0.9025 0.4176 0.1056
vn 0.9036 0.4113 0.1199
vn 0.9006 0.4094 0.1462
vn 0.8748 -0.4152 0.2498
vn 0.8830 -0.3821 0.2727
vn 0.8781 -0.3813 0.2889
vn 0.8798 -0.3516 0.3198
vn 0.9085 0.2693 0.3195
vn 0.8890 -0.2828 0.3602
vn 0.8892 -0.2826 0.3598
vn 0.8975 0.1924 0.3969
vn 0.9045 0.1803 0.3864
vn 0.8965 0.1233 0.4255
vn 0.8974 0.0678 0.4361
vn 0.9062 -0.1289 0.4027
vn 0.8909 0.0851 0.4461
vn 0.8975 0.0191 0.4406
vn 0.8988 0.0170 0.4380
vn 0.9064 -0.0434 0.4201
vn 0.8961 -0.0683 0.4385
vn 0.8871 0.1243 -0.4445
vn 0.8862 0.1207 -0.4473
vn 0.8778 -0.0684 -0.4741
vn 0.8764 -0.1221 -0.4659
vn 0.8662 -0.1850 -0.4641
vn 0.8898 0.1878 -0.4159
vn 0.8821 0.2365 -0.4073
vn 0.8908 0.2176 -0.3989
vn 0.8687 -0.2565 -0.4237
vn 0.8518 -0.3186 -0.4159
vn 0.8821 0.2526 -0.3975
vn 0.8897 0.3126 -0.3327
vn 0.9008 0.3169 -0.2969
vn 0.8701 -0.3754 -0.3193
vn 0.8534 -0.4181 -0.3112
vn 0.8968 0.3666 -0.2476
vn 0.8627 -0.4263 -0.2720
vn 0.8916 0.3996 -0.2131
vn 0.8871 0.4183 -0.1951
vn 0.8482 -0.4835 -0.2164
vn 0.8904 0.4217 -0.1711
vn 0.8505 -0.4992 -0.1655
vn 0.8506 -0.4991 -0.1657
vn 0.8562 -0.5018 -0.1229
vn 0.8965 0.4416 -0.0352
vn 0.8968 0.4415 -0.0278
vn 0.8964 0.4418 0.0368
vn 0.9024 0.3413 0.2631
vn 0.8998 0.3390 0.2745
vn 0.9001 0.3254 0.2897
vn 0.8866 0.3191 0.3349
vn 0.8687 -0.3475 0.3530
vn 0.8987 0.2370 0.3689
vn 0.8906 -0.2463 0.3823
vn 0.8875 -0.2234 0.4030
vn 0.9001 -0.1408 0.4123
vn 0.8686 0.0105 -0.4953
vn 0.8770 0.1840 -0.4439
vn 0.8750 0.1638 -0.4556
vn 0.8521 -0.2487 -0.4604
vn 0.8894 0.3129 -0.3332
vn 0.8893 0.3671 -0.2727
vn 0.8390 -0.4766 -0.2626
vn 0.8389 -0.4769 -0.2623
vn 0.8446 -0.4941 -0.2059
vn 0.8815 0.4457 -0.1558
vn 0.8866 0.4475 -0.1167
vn 0.8838 0.4550 -0.1086
vn 0.8281 -0.5481 -0.1176
vn 0.8865 0.4587 -0.0611
vn 0.8864 0.4630 -0.0051
vn 0.8311 -0.5539 -0.0497
vn 0.8265 -0.5615 -0.0407
vn 0.8862 0.4588 0.0636
vn 0.8255 -0.5634 0.0333
vn 0.8874 0.4529 0.0866
vn 0.8303 -0.5527 0.0717
vn 0.8905 0.4222 0.1695
vn 0.8864 0.4192 0.1963
vn 0.8911 0.3961 0.2214
vn 0.8859 0.3936 0.2455
vn 0.8323 -0.4898 0.2597
vn 0.8315 -0.4933 0.2555
vn 0.8984 0.3110 0.3100
vn 0.8686 -0.3476 0.3531
vn 0.8799 0.3007 0.3680
vn 0.8831 -0.2798 0.3766
vn 0.8814 0.2655 0.3906
vn 0.8824 -0.2682 0.3866
vn 0.8852 0.1893 0.4250
vn 0.8821 0.1828 0.4341
vn 0.8835 0.1465 0.4450
vn 0.8682 -0.2192 0.4452
vn 0.8834 0.0843 0.4609
vn 0.8779 0.0690 0.4739
vn 0.8857 0.0168 0.4639
vn 0.8746 -0.0086 0.4848
vn 0.8757 -0.0601 0.4792
vn 0.8775 -0.0639 0.4753
vn 0.8592 0.1199 -0.4974
vn 0.8632 0.0635 -0.5008
vn 0.8647 0.0679 -0.4977
vn 0.8679 0.0120 -0.4965
vn 0.8681 -0.0543 -0.4934
vn 0.8543 0.1595 -0.4947
vn 0.8591 0.1195 -0.4977
vn 0.8533 0.2287 -0.4687
vn 0.8503 -0.2512 -0.4625
vn 0.8628 0.2989 -0.4077
vn 0.8690 0.3518 -0.3480
vn 0.8323 -0.4165 -0.3658
vn 0.8323 -0.4156 -0.3667
vn 0.8661 0.4064 -0.2910
vn 0.8275 -0.4728 -0.3028
vn 0.8752 0.4115 -0.2542
vn 0.8671 0.4560 -0.2004
vn 0.8732 0.4572 -0.1690
vn 0.8209 -0.5561 -0.1302
vn 0.8277 -0.5540 -0.0895
vn 0.8287 -0.5521 -0.0922
vn 0.8281 -0.5552 0.0778
vn 0.8247 -0.5505 0.1299
vn 0.8209 -0.5541 0.1382
vn 0.8178 -0.5486 0.1740
vn 0.8166 -0.5527 0.1664
vn 0.8826 0.3973 0.2514
vn 0.8282 -0.4859 0.2793
vn 0.8360 -0.4453 0.3208
vn 0.8363 -0.4455 0.3196
vn 0.8376 -0.4257 0.3423
vn 0.8623 -0.3436 0.3721
vn 0.8633 -0.3337 0.3787
vn 0.8695 -0.2770 0.4089
vn 0.8806 0.1418 0.4521
vn 0.8737 -0.1451 0.4644
vn 0.8661 -0.1863 0.4638
vn 0.8765 0.1202 0.4662
vn 0.8679 -0.1179 0.4826
vn 0.8470 -0.1920 -0.4957
vn 0.8452 -0.1845 -0.5017
vn 0.8336 -0.2470 -0.4940
vn 0.8733 0.2152 -0.4371
vn 0.8326 -0.3191 -0.4526
vn 0.8667 0.2946 -0.4027
vn 0.8295 -0.3722 -0.4165
vn 0.8600 0.3970 -0.3206
vn 0.8718 0.4012 -0.2811
vn 0.8515 0.4747 -0.2228
vn 0.8079 -0.5487 -0.2150
vn 0.8158 -0.5547 -0.1638
vn 0.8113 -0.5661 -0.1460
vn 0.8605 0.5051 -0.0666
vn 0.7927 -0.6087 -0.0341
vn 0.8682 0.4963 -0.0021
vn 0.8608 0.5079 0.0333
vn 0.8664 0.4963 0.0554
vn 0.7937 -0.6078 0.0261
vn 0.8690 0.4795 0.1221
vn 0.8675 0.4783 0.1367
vn 0.8702 0.4692 0.1501
vn 0.8640 0.4629 0.1982
vn 0.8657 0.4542 0.2105
vn 0.8666 0.4282 0.2563
vn 0.8074 -0.5455 0.2248
vn 0.8697 0.3945 0.2966
vn 0.8699 0.3967 0.2932
vn 0.8721 0.3548 0.3370
vn 0.8643 0.3518 0.3595
vn 0.8282 -0.4248 0.3656
vn 0.8704 0.3147 0.3788
vn 0.8679 0.2646 0.4204
vn 0.8527 -0.3311 0.4041
vn 0.8665 0.2444 0.4352
vn 0.8622 -0.2727 0.4270
vn 0.8683 0.2037 0.4523
vn 0.8615 -0.1161 0.4943
vn 0.8644 0.0320 0.5017
vn 0.8686 -0.0086 0.4954
vn 0.8637 -0.0249 0.5034
vn 0.8469 -0.0625 -0.5281
vn 0.8491 -0.0679 -0.5239
vn 0.8441 -0.1221 -0.5221
vn 0.8465 0.1719 -0.5039
vn 0.8509 0.2121 -0.4805
vn 0.8290 -0.2533 -0.4985
vn 0.8222 -0.3304 -0.4635
vn 0.8492 0.2905 -0.4409
vn 0.8472 0.2626 -0.4618
vn 0.8538 0.3478 -0.3874
vn 0.8527 0.4050 -0.3300
vn 0.7998 -0.4807 -0.3596
vn 0.8118 -0.4890 -0.3191
vn 0.8424 0.4641 -0.2738
vn 0.7981 -0.5495 -0.2471
vn 0.8482 0.4742 -0.2361
vn 0.8034 -0.5598 -0.2030
vn 0.8513 0.5012 -0.1550
vn 0.8578 0.5024 -0.1085
vn 0.8562 0.5143 -0.0486
vn 0.8559 0.5161 -0.0334
vn 0.7849 -0.6182 -0.0413
vn 0.7834 -0.6203 0.0383
vn 0.8587 0.5048 0.0880
vn 0.8608 0.4535 0.2311
vn 0.8613 0.4248 0.2787
vn 0.8673 0.3958 0.3019
vn 0.8365 -0.3510 0.4209
vn 0.8635 0.2372 0.4451
vn 0.8603 -0.2507 0.4440
vn 0.8546 -0.1859 0.4848
vn 0.8545 -0.0759 0.5139
vn 0.8692 0.0674 0.4898
vn 0.8387 0.0713 -0.5400
vn 0.8447 0.0101 -0.5352
vn 0.8398 0.1181 -0.5299
vn 0.8331 -0.1401 -0.5351
vn 0.8393 0.1703 -0.5164
vn 0.8277 -0.1851 -0.5298
vn 0.8385 0.2345 -0.4919
vn 0.8092 -0.3210 -0.4920
vn 0.8049 -0.3679 -0.4656
vn 0.8393 0.3685 -0.3998
vn 0.8340 0.3911 -0.3892
vn 0.7961 -0.4301 -0.4257
vn 0.8289 0.4475 -0.3357
vn 0.8335 0.4731 -0.2853
vn 0.8381 0.5088 -0.1967
vn 0.8424 0.5094 -0.1759
vn 0.7700 -0.6256 -0.1257
vn 0.7749 -0.6209 -0.1185
vn 0.7797 -0.6192 -0.0928
vn 0.7791 -0.6202 -0.0913
vn 0.7800 -0.6203 0.0824
vn 0.7783 -0.6232 0.0765
vn 0.8427 0.5154 0.1555
vn 0.7766 -0.6216 0.1026
vn 0.7695 -0.6099 0.1892
vn 0.7668 -0.6076 0.2071
vn 0.7828 -0.5724 0.2441
vn 0.7835 -0.5396 0.3081
vn 0.8458 0.4158 0.3343
vn 0.7945 -0.5058 0.3362
vn 0.7825 -0.5379 0.3135
vn 0.8413 0.4140 0.3476
vn 0.8537 0.3661 0.3704
vn 0.8258 -0.3971 0.4004
vn 0.8581 0.3047 0.4133
vn 0.8574 0.2964 0.4207
vn 0.8371 -0.3107 0.4502
vn 0.8556 0.1861 0.4829
vn 0.8581 0.1590 0.4882
vn 0.8550 0.1414 0.4989
vn 0.8627 0.1189 0.4916
vn 0.8510 -0.1613 0.4998
vn 0.8618 0.0909 0.4990
vn 0.8300 0.1415 -0.5395
vn 0.8273 0.2728 -0.4911
vn 0.8244 0.3241 -0.4640
vn 0.8207 0.3610 -0.4428
vn 0.7891 -0.4110 -0.4565
vn 0.7775 -0.4700 -0.4178
vn 0.7939 -0.4849 -0.3669
vn 0.8220 0.5001 -0.2725
vn 0.8242 0.5020 -0.2623
vn 0.7613 -0.6145 -0.2070
vn 0.7638 -0.6244 -0.1632
vn 0.8320 0.5546 -0.0142
vn 0.7516 -0.6588 -0.0321
vn 0.8329 0.5522 0.0371
vn 0.8312 0.5548 0.0350
vn 0.7520 -0.6587 0.0241
vn 0.8319 0.5484 0.0850
vn 0.8377 0.5381 0.0937
vn 0.8344 0.5340 0.1365
vn 0.7572 -0.6394 0.1337
vn 0.8408 0.5111 0.1784
vn 0.7738 -0.5747 0.2662
vn 0.7893 -0.4920 0.3674
vn 0.8401 0.3615 0.4045
vn 0.7962 -0.4402 0.4151
vn 0.8513 0.2990 0.4311
vn 0.8334 -0.3507 0.4272
vn 0.8336 -0.3078 0.4586
vn 0.8467 -0.2423 0.4738
vn 0.8474 -0.2464 0.4704
vn 0.8734 -0.0710 0.4819
vn 0.8424 0.0308 0.5380
vn 0.8387 0.0137 0.5443
vn 0.8451 -0.0268 0.5339
vn 0.8442 -0.0248 0.5355
vn 0.8461 -0.0546 0.5301
vn 0.8012 0.0998 -0.5900
vn 0.8222 0.0656 -0.5654
vn 0.8034 0.0214 -0.5951
vn 0.8128 -0.0018 -0.5826
vn 0.8101 -0.0591 -0.5833
vn 0.8093 -0.0603 -0.5842
vn 0.8067 -0.1305 -0.5764
vn 0.8029 -0.1356 -0.5805
vn 0.8104 0.1411 -0.5686
vn 0.7968 -0.1887 -0.5740
vn 0.8190 -0.1978 -0.5387
vn 0.8074 -0.2612 -0.5291
vn 0.8150 0.2284 -0.5325
vn 0.8213 0.2039 -0.5328
vn 0.8125 0.2711 -0.5161
vn 0.7909 -0.3216 -0.5206
vn 0.7899 -0.3715 -0.4879
vn 0.7985 0.4187 -0.4326
vn 0.8136 0.4243 -0.3974
vn 0.8112 0.4418 -0.3831
vn 0.7452 -0.6047 -0.2810
vn 0.7552 -0.6091 -0.2421
vn 0.7573 -0.6229 -0.1965
vn 0.8212 0.5279 0.2165
vn 0.7490 -0.6208 0.2315
vn 0.8339 0.4881 0.2577
vn 0.7501 -0.6055 0.2659
vn 0.8278 0.4865 0.2794
vn 0.8342 0.4608 0.3029
vn 0.8320 0.4593 0.3112
vn 0.7770 -0.5423 0.3197
vn 0.8244 0.4293 0.3690
vn 0.8271 0.3750 0.4186
vn 0.7942 -0.4410 0.4181
vn 0.8257 0.3317 0.4563
vn 0.8037 -0.4018 0.4389
vn 0.8458 0.2599 0.4659
vn 0.8508 0.2440 0.4654
vn 0.8258 -0.3145 0.4681
vn 0.8406 0.2109 0.4989
vn 0.8281 0.1435 0.5419
vn 0.8460 -0.1599 0.5086
vn 0.8216 0.1288 0.5553
vn 0.8348 0.0913 0.5429
vn 0.8406 -0.1327 0.5251
vn 0.8316 0.0756 0.5502
vn 0.8046 0.1492 -0.5748
vn 0.7992 0.2008 -0.5665
vn 0.7959 0.1907 -0.5746
vn 0.7837 -0.3304 -0.5260
vn 0.8181 0.3162 -0.4803
vn 0.7776 -0.3841 -0.4978
vn 0.7909 0.3752 -0.4835
vn 0.7894 0.4805 -0.3820
vn 0.8040 0.4899 -0.3371
vn 0.7574 -0.5471 -0.3564
vn 0.8073 0.5377 -0.2432
vn 0.8094 0.5394 -0.2320
vn 0.8076 0.5797 -0.1088
vn 0.8061 0.5832 -0.1003
vn 0.8080 0.5864 -0.0562
vn 0.8106 0.5816 -0.0684
vn 0.7353 -0.6711 -0.0944
vn 0.7320 -0.6755 -0.0887
vn 0.8116 0.5833 -0.0311
vn 0.8081 0.5879 0.0380
vn 0.7380 -0.6736 0.0391
vn 0.8106 0.5785 0.0910
vn 0.8073 0.5840 0.0848
vn 0.7462 -0.6615 0.0752
vn 0.7354 -0.6694 0.1053
vn 0.7576 -0.5425 0.3630
vn 0.7632 -0.5212 0.3819
vn 0.8152 0.4237 0.3948
vn 0.7579 -0.5211 0.3924
vn 0.8168 0.3724 0.4406
vn 0.8186 0.3282 0.4713
vn 0.8228 0.2914 0.4879
vn 0.8231 0.2105 0.5274
vn 0.7992 -0.2919 0.5255
vn 0.8249 -0.2455 0.5091
vn 0.8234 -0.2063 0.5286
vn 0.8218 -0.0813 0.5639
vn 0.8206 -0.1222 0.5583
vn 0.7745 0.0898 -0.6261
vn 0.7798 0.0241 -0.6255
vn 0.7710 0.0096 -0.6368
vn 0.7719 -0.0603 -0.6329
vn 0.7806 -0.2064 -0.5899
vn 0.7865 0.2343 -0.5714
vn 0.7638 -0.4269 -0.4841
vn 0.7417 -0.5210 -0.4225
vn 0.7764 0.4885 -0.3982
vn 0.7947 0.5195 -0.3140
vn 0.7981 0.5225 -0.3001
vn 0.7946 0.5478 -0.2618
vn 0.7157 -0.6698 -0.1979
vn 0.7099 -0.6796 -0.1852
vn 0.8003 0.5794 -0.1541
vn 0.7226 -0.6730 -0.1576
vn 0.7210 -0.6806 -0.1299
vn 0.8002 0.5998 -0.0054
vn 0.8037 0.5941 0.0329
vn 0.8053 0.5754 0.1430
vn 0.8041 0.5784 0.1373
vn 0.8047 0.5117 0.3011
vn 0.7306 -0.6210 0.2838
vn 0.7353 -0.5957 0.3232
vn 0.8081 0.4795 0.3422
vn 0.8043 0.4762 0.3554
vn 0.7756 -0.4550 0.4375
vn 0.7949 0.3934 0.4619
vn 0.7663 -0.4778 0.4295
vn 0.7864 -0.4016 0.4694
vn 0.7859 -0.3933 0.4771
vn 0.7926 0.2822 0.5404
vn 0.8124 0.1890 0.5516
vn 0.7923 0.1305 0.5960
vn 0.7970 -0.1429 0.5868
vn 0.8021 0.0741 0.5926
vn 0.8015 -0.0246 0.5975
vn 0.7606 -0.1240 -0.6373
vn 0.7643 -0.1359 -0.6304
vn 0.7633 -0.2596 -0.5916
vn 0.7929 0.3064 -0.5267
vn 0.7671 0.3657 -0.5271
vn 0.7867 0.3784 -0.4877
vn 0.7639 -0.4268 -0.4841
vn 0.7480 -0.4670 -0.4715
vn 0.7728 0.4492 -0.4484
vn 0.7634 0.4816 -0.4304
vn 0.7797 0.5294 -0.3344
vn 0.7135 -0.6100 -0.3446
vn 0.7208 -0.6243 -0.3010
vn 0.7917 0.5467 -0.2726
vn 0.7112 -0.6612 -0.2388
vn 0.7084 -0.6662 -0.2331
vn 0.7907 0.5758 -0.2077
vn 0.7953 0.5828 -0.1670
vn 0.6900 -0.7225 -0.0437
vn 0.6974 -0.7159 -0.0342
vn 0.6900 -0.7238 0.0120
vn 0.6983 -0.7151 0.0315
vn 0.6836 -0.7273 0.0604
vn 0.6981 -0.7080 0.1067
vn 0.7997 0.5595 0.2176
vn 0.7965 0.5614 0.2245
vn 0.7104 -0.6665 0.2262
vn 0.7893 0.5461 0.2806
vn 0.7956 0.5076 0.3308
vn 0.7866 0.5151 0.3407
vn 0.7248 -0.5856 0.3630
vn 0.7877 0.4482 0.4228
vn 0.7964 0.2484 0.5514
vn 0.7843 -0.3005 0.5427
vn 0.7932 0.1929 0.5776
vn 0.7688 -0.2015 0.6069
vn 0.7891 0.1221 0.6019
vn 0.7951 0.0542 0.6040
vn 0.8031 0.0135 0.5957
vn 0.7956 -0.0109 0.6058
vn 0.7997 -0.0751 0.5957
vn 0.7820 -0.0913 0.6166
vn 0.7583 0.1615 -0.6316
vn 0.7623 0.1868 -0.6197
vn 0.7518 -0.1746 -0.6358
vn 0.7498 -0.3200 -0.5792
vn 0.7586 0.4370 -0.4832
vn 0.7002 -0.5994 -0.3878
vn 0.7778 0.5786 -0.2456
vn 0.7787 0.6247 -0.0579
vn 0.7812 0.6210 -0.0635
vn 0.7773 0.6288 -0.0211
vn 0.7805 0.6251 -0.0133
vn 0.7814 0.6118 0.1230
vn 0.7955 0.5763 0.1871
vn 0.6919 -0.7026 0.1662
vn 0.7031 -0.6803 0.2070
vn 0.7777 0.5095 0.3683
vn 0.7865 0.4907 0.3749
vn 0.7759 0.4835 0.4052
vn 0.7743 0.4418 0.4531
vn 0.7353 -0.5294 0.4232
vn 0.7754 0.4336 0.4591
vn 0.7383 -0.4853 0.4683
vn 0.7671 0.3926 0.5073
vn 0.7567 -0.4706 0.4538
vn 0.7692 0.3746 0.5177
vn 0.7636 -0.3865 0.5171
vn 0.7580 -0.3594 0.5443
vn 0.7737 0.2358 0.5880
vn 0.7786 0.2111 0.5909
vn 0.7511 -0.2662 0.6041
vn 0.7727 -0.1975 0.6032
vn 0.7831 0.1529 0.6028
vn 0.7602 0.0568 0.6472
vn 0.7383 0.0091 -0.6745
vn 0.7575 0.2819 -0.5889
vn 0.7697 0.3012 -0.5630
vn 0.7360 -0.3726 -0.5652
vn 0.7468 0.3595 -0.5596
vn 0.7407 -0.3900 -0.5470
vn 0.7619 0.3689 -0.5324
vn 0.7456 0.4462 -0.4951
vn 0.7271 -0.4871 -0.4839
vn 0.7055 -0.5436 -0.4547
vn 0.7564 0.5266 -0.3881
vn 0.6863 -0.6089 -0.3978
vn 0.7566 0.5252 -0.3896
vn 0.7851 0.5810 -0.2145
vn 0.7764 0.6231 -0.0947
vn 0.7843 0.6190 0.0427
vn 0.7817 0.6186 0.0794
vn 0.7845 0.6142 0.0854
vn 0.7072 -0.6639 0.2429
vn 0.7006 -0.6445 0.3062
vn 0.7117 -0.5724 0.4072
vn 0.7577 0.3676 0.5392
vn 0.7563 0.3314 0.5641
vn 0.7327 -0.2777 0.6214
vn 0.7391 0.2174 0.6376
vn 0.7482 0.2087 0.6298
vn 0.7376 -0.1948 0.6466
vn 0.7540 0.1101 0.6476
vn 0.7511 -0.0941 0.6534
vn 0.7496 0.0700 0.6582
vn 0.7587 -0.0125 0.6514
vn 0.7606 -0.0145 0.6491
vn 0.7236 0.0568 -0.6879
vn 0.7271 -0.0678 -0.6832
vn 0.7224 -0.1249 -0.6801
vn 0.7193 -0.1305 -0.6824
vn 0.7185 0.1663 -0.6754
vn 0.7280 -0.1943 -0.6575
vn 0.7290 0.3626 -0.5806
vn 0.7343 -0.4337 -0.5223
vn 0.7378 0.4357 -0.5155
vn 0.7159 -0.4760 -0.5108
vn 0.7564 0.5841 -0.2945
vn 0.7563 0.5844 -0.2941
vn 0.6664 -0.7037 -0.2465
vn 0.7623 0.6258 -0.1652
vn 0.7751 0.6311 0.0299
vn 0.7702 0.6232 0.1358
vn 0.7652 0.6148 0.1909
vn 0.7596 0.6190 0.1995
vn 0.7568 0.6052 0.2470
vn 0.7596 0.5723 0.3089
vn 0.6714 -0.6820 0.2900
vn 0.7527 0.5659 0.3366
vn 0.7533 0.5634 0.3392
vn 0.7468 0.5052 0.4324
vn 0.7447 0.4754 0.4685
vn 0.7096 -0.5391 0.4537
vn 0.7497 0.4160 0.5147
vn 0.7499 0.4146 0.5156
vn 0.7134 -0.4801 0.5104
vn 0.7224 -0.4472 0.5273
vn 0.7264 0.3292 0.6033
vn 0.7198 -0.3631 0.5916
vn 0.7161 -0.3429 0.6080
vn 0.7482 0.2568 0.6118
vn 0.7544 0.1703 0.6339
vn 0.7177 -0.2206 0.6605
vn 0.7225 0.1353 0.6780
vn 0.7543 -0.0916 0.6501
vn 0.7310 -0.1471 0.6663
vn 0.7173 0.0659 0.6936
vn 0.7177 0.1330 -0.6835
vn 0.7289 0.1707 -0.6630
vn 0.7367 0.2234 -0.6383
vn 0.7043 -0.3267 -0.6302
vn 0.7021 -0.4866 -0.5200
vn 0.7264 0.4921 -0.4799
vn 0.7265 0.4945 -0.4772
vn 0.7007 -0.5364 -0.4704
vn 0.7350 0.5156 -0.4403
vn 0.7372 0.5565 -0.3832
vn 0.7450 0.5711 -0.3447
vn 0.6533 -0.6816 -0.3295
vn 0.7434 0.5775 -0.3374
vn 0.6645 -0.6945 -0.2759
vn 0.7636 0.5912 -0.2596
vn 0.7570 0.6195 -0.2077
vn 0.7562 0.6213 -0.2052
vn 0.7608 0.6288 -0.1606
vn 0.7632 0.6356 -0.1165
vn 0.7529 0.6577 -0.0255
vn 0.7573 0.6522 0.0325
vn 0.7566 0.6481 0.0869
vn 0.7543 0.6114 0.2394
vn 0.7478 0.5974 0.2896
vn 0.6667 -0.6959 0.2669
vn 0.7424 0.5553 0.3748
vn 0.7513 0.5348 0.3868
vn 0.7393 0.5289 0.4168
vn 0.7389 0.4995 0.4522
vn 0.7243 0.3997 0.5618
vn 0.7239 0.2980 0.6222
vn 0.7081 -0.2709 0.6521
vn 0.7038 0.2223 0.6747
vn 0.7210 0.1540 0.6756
vn 0.7086 0.2516 -0.6592
vn 0.7013 -0.3198 -0.6371
vn 0.6282 -0.7642 -0.1462
vn 0.7462 0.6574 -0.1047
vn 0.7480 0.6601 -0.0688
vn 0.7511 0.6573 -0.0619
vn 0.7502 0.6609 -0.0208
vn 0.7534 0.6555 0.0518
vn 0.7564 0.6483 0.0865
vn 0.7526 0.6462 0.1265
vn 0.6285 -0.7670 0.1293
vn 0.7439 0.6417 0.1868
vn 0.7302 0.6089 0.3101
vn 0.7199 0.6035 0.3428
vn 0.6636 -0.6344 0.3964
vn 0.6892 -0.5863 0.4258
vn 0.7270 0.4650 0.5052
vn 0.7314 0.4497 0.5126
vn 0.7250 0.3996 0.5610
vn 0.6968 -0.4964 0.5177
vn 0.6656 -0.4860 0.5664
vn 0.6998 0.3696 0.6113
vn 0.6952 -0.4109 0.5899
vn 0.7111 -0.2682 0.6499
vn 0.6981 0.1768 0.6939
vn 0.6918 -0.2057 0.6922
vn 0.6985 -0.1547 0.6987
vn 0.6982 -0.1551 0.6989
vn 0.7043 0.0820 0.7051
vn 0.7124 -0.0056 0.7018
vn 0.7153 -0.0108 0.6988
vn 0.7003 -0.0694 0.7105
vn 0.6957 0.2204 -0.6836
vn 0.6945 0.3493 -0.6290
vn 0.6772 -0.4377 -0.5914
vn 0.6973 0.4494 -0.5585
vn 0.6699 -0.5580 -0.4898
vn 0.7110 0.5481 -0.4406
vn 0.7189 0.5648 -0.4053
vn 0.7102 0.6058 -0.3588
vn 0.6256 -0.6988 -0.3469
vn 0.7292 0.6220 -0.2851
vn 0.7347 0.6256 -0.2623
vn 0.7246 0.6583 -0.2037
vn 0.7288 0.6629 -0.1719
vn 0.7493 0.6620 0.0163
vn 0.6142 -0.7890 0.0155
vn 0.7469 0.6510 0.1352
vn 0.6399 -0.7241 0.2571
vn 0.7120 0.6078 0.3516
vn 0.7185 0.5753 0.3909
vn 0.6512 -0.6839 0.3289
vn 0.7053 0.5604 0.4343
vn 0.6551 -0.6392 0.4029
vn 0.6955 0.5642 0.4449
vn 0.6713 -0.5463 0.5010
vn 0.6569 -0.5540 0.5115
vn 0.7073 0.4189 0.5694
vn 0.6993 0.3786 0.6063
vn 0.6627 -0.4710 0.5822
vn 0.6630 -0.4049 0.6297
vn 0.6909 0.2935 0.6606
vn 0.6803 -0.3240 0.6575
vn 0.6838 0.2766 0.6752
vn 0.6926 0.2094 0.6902
vn 0.7015 0.1171 0.7030
vn 0.6724 0.0720 0.7366
vn 0.7048 -0.0770 0.7052
vn 0.6905 -0.0749 0.7195
vn 0.6900 -0.1277 -0.7124
vn 0.6697 -0.4171 -0.6145
vn 0.6690 -0.4917 -0.5575
vn 0.6838 0.4693 -0.5588
vn 0.6604 -0.5520 -0.5091
vn 0.6913 0.5975 -0.4063
vn 0.7035 0.6656 -0.2493
vn 0.7300 0.6722 -0.1238
vn 0.6034 -0.7830 0.1515
vn 0.7027 0.5995 0.3831
vn 0.6849 0.5566 0.4703
vn 0.6907 0.5371 0.4843
vn 0.6834 0.5309 0.5011
vn 0.6968 0.4952 0.5190
vn 0.6406 -0.5400 0.5460
vn 0.6886 0.4274 0.5857
vn 0.6620 -0.3780 0.6472
vn 0.6803 -0.3239 0.6575
vn 0.6692 0.2202 0.7097
vn 0.6716 -0.2683 0.6907
vn 0.6697 0.1607 0.7250
vn 0.6727 0.1358 0.7274
vn 0.6827 0.0004 0.7307
vn 0.6838 0.1405 -0.7160
vn 0.6774 0.2188 -0.7023
vn 0.6681 0.4391 -0.6006
vn 0.6641 0.5221 -0.5353
vn 0.6863 0.5441 -0.4827
vn 0.6993 0.5535 -0.4523
vn 0.6922 0.5941 -0.4098
vn 0.6947 0.6457 -0.3170
vn 0.7078 0.6705 -0.2223
vn 0.7150 0.6832 0.1483
vn 0.6682 0.4865 0.5629
vn 0.6825 0.4177 0.5998
vn 0.6843 0.3977 0.6112
vn 0.6555 0.3528 0.6677
vn 0.6622 0.3319 0.6719
vn 0.6598 -0.3012 0.6884
vn 0.6598 0.1715 0.7316
vn 0.6713 -0.1525 0.7253
vn 0.6674 0.0249 0.7443
vn 0.6664 -0.0460 0.7442
vn 0.6811 -0.1755 -0.7109
vn 0.6605 0.3161 -0.6810
vn 0.6627 0.3739 -0.6488
vn 0.6801 0.5458 -0.4894
vn 0.6844 0.6419 -0.3457
vn 0.6857 0.6373 -0.3517
vn 0.6786 0.6702 -0.3005
vn 0.6849 0.6765 -0.2707
vn 0.7122 0.6984 -0.0708
vn 0.5753 -0.8169 -0.0403
vn 0.7169 0.6911 0.0919
vn 0.7072 0.6837 0.1803
vn 0.7173 0.6663 0.2035
vn 0.7025 0.6628 0.2593
vn 0.7035 0.6594 0.2649
vn 0.6936 0.6541 0.3016
vn 0.6941 0.6529 0.3033
vn 0.6801 0.6404 0.3569
vn 0.5941 -0.7558 0.2755
vn 0.6804 0.6397 0.3576
vn 0.6667 0.6343 0.3913
vn 0.6742 0.6188 0.4032
vn 0.6650 0.6127 0.4271
vn 0.6199 -0.6055 0.4991
vn 0.6669 0.4803 0.5697
vn 0.6250 -0.5934 0.5072
vn 0.6161 -0.5473 0.5665
vn 0.6357 -0.4706 0.6120
vn 0.6368 -0.4549 0.6226
vn 0.6512 0.2754 0.7072
vn 0.6546 0.2092 0.7265
vn 0.6662 -0.2347 0.7079
vn 0.6520 -0.2286 0.7229
vn 0.6524 0.1125 0.7495
vn 0.6574 0.0910 0.7480
vn 0.6636 -0.0458 0.7467
vn 0.6611 -0.1268 0.7395
vn 0.6623 0.0905 -0.7437
vn 0.6602 0.0267 -0.7506
vn 0.6635 -0.0113 -0.7481
vn 0.6583 -0.3767 -0.6517
vn 0.6196 -0.5534 -0.5567
vn 0.6789 0.5910 -0.4356
vn 0.6816 0.7015 -0.2081
vn 0.6847 0.7039 -0.1889
vn 0.7066 0.6965 -0.1246
vn 0.7033 0.7014 -0.1158
vn 0.7113 0.6996 -0.0677
vn 0.7118 0.7019 -0.0260
vn 0.7113 0.7024 -0.0270
vn 0.7138 0.7001 0.0181
vn 0.7124 0.7014 0.0213
vn 0.7162 0.6958 0.0549
vn 0.7123 0.6977 0.0769
vn 0.7124 0.6874 0.1412
vn 0.5984 -0.7644 0.2400
vn 0.6003 -0.7061 0.3756
vn 0.6211 -0.6450 0.4453
vn 0.6457 0.5363 0.5436
vn 0.6376 0.3933 0.6624
vn 0.6507 0.3570 0.6702
vn 0.6307 -0.3922 0.6696
vn 0.6585 0.2816 0.6979
vn 0.6528 -0.2054 0.7292
vn 0.6512 -0.1224 0.7490
vn 0.6587 -0.0230 -0.7520
vn 0.6534 0.2677 -0.7082
vn 0.6470 0.3603 -0.6720
vn 0.6288 0.4975 -0.5976
vn 0.6063 -0.6214 -0.4962
vn 0.6511 0.6076 -0.4548
vn 0.6475 0.6769 -0.3499
vn 0.6552 0.6844 -0.3200
vn 0.6637 0.7109 -0.2326
vn 0.6449 0.5835 0.4936
vn 0.6502 0.5485 0.5258
vn 0.6032 -0.6222 0.4990
vn 0.6011 -0.5689 0.5613
vn 0.6414 0.3978 0.6560
vn 0.6307 0.2867 0.7211
vn 0.6361 -0.3129 0.7053
vn 0.6334 0.2168 0.7429
vn 0.6391 0.0459 0.7678
vn 0.6540 0.0227 0.7561
vn 0.6487 -0.0184 0.7608
vn 0.6398 -0.0888 0.7634
vn 0.6436 -0.2485 -0.7239
vn 0.6344 -0.2587 -0.7284
vn 0.6406 -0.4313 -0.6353
vn 0.6199 -0.4889 -0.6138
vn 0.6194 0.5228 -0.5857
vn 0.6399 0.5952 -0.4860
vn 0.6417 0.6446 -0.4155
vn 0.6598 0.7066 -0.2558
vn 0.6809 0.7264 0.0930
vn 0.6732 0.7093 0.2091
vn 0.6667 0.7020 0.2502
vn 0.6506 0.6839 0.3302
vn 0.6453 0.6696 0.3677
vn 0.6194 0.6729 0.4045
vn 0.6392 0.6233 0.4505
vn 0.6310 0.6149 0.4730
vn 0.5914 -0.5748 0.5655
vn 0.6367 0.4319 0.6388
vn 0.6090 -0.5108 0.6068
vn 0.6007 -0.5140 0.6123
vn 0.6167 -0.4437 0.6502
vn 0.6169 0.3516 0.7042
vn 0.6216 -0.3660 0.6925
vn 0.6163 0.3047 0.7261
vn 0.6216 0.2499 0.7424
vn 0.6172 -0.2822 0.7345
vn 0.6277 0.1716 0.7593
vn 0.6258 0.1687 0.7615
vn 0.6356 0.1234 0.7621
vn 0.6297 -0.1611 0.7600
vn 0.6269 0.1673 -0.7609
vn 0.5566 -0.7219 -0.4111
vn 0.6325 0.6389 -0.4378
vn 0.6242 0.6732 -0.3964
vn 0.6328 0.6828 -0.3651
vn 0.6347 0.7084 -0.3088
vn 0.6418 0.7147 -0.2781
vn 0.6559 0.7348 -0.1728
vn 0.6587 0.7371 -0.1510
vn 0.6669 0.7324 -0.1373
vn 0.6741 0.7350 -0.0739
vn 0.6847 0.7282 -0.0310
vn 0.6794 0.7281 0.0909
vn 0.6755 0.7217 0.1511
vn 0.6633 0.7215 0.1987
vn 0.6367 0.7023 0.3183
vn 0.5381 -0.7936 0.2839
vn 0.6295 0.6685 0.3960
vn 0.6358 0.5738 0.5163
vn 0.6066 0.4804 0.6334
vn 0.6057 0.4738 0.6392
vn 0.6050 0.4122 0.6812
vn 0.6082 -0.4524 0.6522
vn 0.6241 -0.3376 0.7047
vn 0.6233 0.2011 0.7557
vn 0.6323 -0.2480 0.7339
vn 0.6017 0.1150 0.7904
vn 0.6280 0.0481 0.7768
vn 0.5888 0.0149 0.8081
vn 0.6223 -0.0233 0.7825
vn 0.6117 -0.0805 0.7870
vn 0.6071 -0.1376 -0.7826
vn 0.6165 0.2352 -0.7514
vn 0.5985 -0.3225 -0.7333
vn 0.6164 0.3554 -0.7027
vn 0.6076 -0.3762 -0.6995
vn 0.5753 -0.6091 -0.5459
vn 0.5818 -0.6293 -0.5153
vn 0.5516 -0.6649 -0.5035
vn 0.6076 0.5825 -0.5399
vn 0.6111 0.7207 -0.3273
vn 0.6672 0.7396 -0.0882
vn 0.6758 0.7360 -0.0409
vn 0.6840 0.7293 0.0183
vn 0.6790 0.7338 0.0222
vn 0.6667 0.7262 0.1676
vn 0.6448 0.7118 0.2784
vn 0.6147 0.6591 0.4333
vn 0.5408 -0.7521 0.3768
vn 0.6162 0.5851 0.5273
vn 0.5907 0.5382 0.6012
vn 0.5838 -0.5839 0.5640
vn 0.6052 0.4736 0.6399
vn 0.5910 0.4106 0.6944
vn 0.5902 0.3693 0.7178
vn 0.5796 0.1631 0.7984
vn 0.5625 -0.2271 0.7950
vn 0.5808 0.1233 0.8047
vn 0.5973 0.0144 0.8019
vn 0.5909 0.5381 -0.6010
vn 0.5807 0.5615 -0.5895
vn 0.6037 0.5922 -0.5337
vn 0.5847 0.5942 -0.5523
vn 0.5826 0.6442 -0.4956
vn 0.5429 -0.7116 -0.4459
vn 0.5960 0.6583 -0.4598
vn 0.6041 0.7137 -0.3546
vn 0.4971 -0.8355 -0.2343
vn 0.6231 0.7527 -0.2124
vn 0.6309 0.7752 -0.0331
vn 0.6410 0.7674 0.0154
vn 0.6314 0.7415 0.2269
vn 0.6164 0.7120 0.3361
vn 0.5740 -0.6248 0.5293
vn 0.5887 0.5141 0.6239
vn 0.5691 0.4209 0.7063
vn 0.5672 0.3702 0.7357
vn 0.5728 -0.4521 0.6838
vn 0.5740 -0.4125 0.7073
vn 0.5728 0.3133 0.7575
vn 0.5659 -0.3003 0.7679
vn 0.5829 -0.1701 0.7945
vn 0.5598 -0.2298 0.7961
vn 0.5835 0.0283 0.8117
vn 0.5894 -0.0905 0.8027
vn 0.5692 -0.1248 0.8127
vn 0.5943 0.2947 -0.7483
vn 0.5595 -0.5617 -0.6095
vn 0.5712 0.6090 -0.5503
vn 0.5809 0.6797 -0.4479
vn 0.5897 0.6901 -0.4195
vn 0.6001 0.7501 -0.2778
vn 0.6217 0.7511 -0.2224
vn 0.6129 0.7785 -0.1355
vn 0.6161 0.7807 -0.1048
vn 0.6296 0.7763 -0.0312
vn 0.5969 0.6930 0.4044
vn 0.5973 0.6346 0.4905
vn 0.5531 -0.5940 0.5841
vn 0.5552 0.4794 0.6797
vn 0.5439 0.4672 0.6970
vn 0.5880 -0.5292 0.6116
vn 0.5525 -0.5165 0.6541
vn 0.5598 0.3518 0.7502
vn 0.5721 0.3140 0.7577
vn 0.5770 0.2629 0.7733
vn 0.5705 0.2537 0.7811
vn 0.5755 0.2115 0.7900
vn 0.5711 0.1726 0.8025
vn 0.5849 0.1255 0.8014
vn 0.5619 0.0882 0.8225
vn 0.5675 -0.0450 0.8221
vn 0.5894 0.3001 -0.7500
vn 0.5739 0.4487 -0.6850
vn 0.5763 0.5027 -0.6443
vn 0.5827 0.7206 -0.3757
vn 0.5919 0.7442 -0.3094
vn 0.6131 0.7839 -0.0978
vn 0.6216 0.7781 0.0908
vn 0.5993 0.7300 0.3285
vn 0.5960 0.7013 0.3911
vn 0.5942 0.6929 0.4084
vn 0.5908 0.6712 0.4478
vn 0.5881 0.6794 0.4388
vn 0.5933 0.6313 0.4994
vn 0.5346 -0.6814 0.4999
vn 0.5816 0.5811 0.5692
vn 0.5728 0.5666 0.5924
vn 0.5429 0.4026 0.7370
vn 0.5649 -0.4627 0.6832
vn 0.5583 -0.3889 0.7329
vn 0.5664 -0.3333 0.7537
vn 0.5636 -0.3387 0.7534
vn 0.5533 -0.2912 0.7804
vn 0.5682 0.1997 0.7983
vn 0.5695 0.5172 -0.6389
vn 0.5720 0.7135 -0.4046
vn 0.6049 0.7572 -0.2464
vn 0.6176 0.7857 0.0361
vn 0.6045 0.7883 0.1150
vn 0.6070 0.7759 0.1717
vn 0.6048 0.7697 0.2044
vn 0.6240 0.7345 0.2668
vn 0.5872 0.6679 0.4573
vn 0.5602 0.6075 0.5631
vn 0.5574 0.5706 0.6031
vn 0.5445 -0.6277 0.5563
vn 0.5378 0.5133 0.6688
vn 0.5351 0.5147 0.6699
vn 0.5716 0.0547 -0.8187
vn 0.5459 0.5845 -0.6003
vn 0.5498 0.6582 -0.5143
vn 0.5328 0.7052 -0.4678
vn 0.5996 0.7517 -0.2748
vn 0.5983 0.8007 0.0309
vn 0.6055 0.7786 0.1650
vn 0.6077 0.7421 0.2827
vn 0.5250 -0.6455 0.5547
vn 0.5387 -0.5861 0.6052
vn 0.5346 -0.5317 0.6568
vn 0.5366 0.4052 0.7402
vn 0.5197 0.0889 0.8497
vn 0.5091 -0.1266 0.8513
vn 0.5085 -0.1258 0.8518
vn 0.5467 0.3389 -0.7657
vn 0.5427 0.3799 -0.7491
vn 0.5435 0.5539 -0.6307
vn 0.5385 0.5973 -0.5943
vn 0.5388 0.6483 -0.5380
vn 0.5335 0.7051 -0.4671
vn 0.5427 0.7271 -0.4205
vn 0.5519 0.7467 -0.3714
vn 0.5928 0.8043 0.0396
vn 0.5993 0.7706 0.2166
vn 0.5932 0.7318 0.3356
vn 0.5793 0.6332 0.5134
vn 0.5183 0.5565 0.6493
vn 0.5266 0.5054 0.6835
vn 0.5112 -0.6039 0.6115
vn 0.5267 0.4733 0.7061
vn 0.5280 0.4717 0.7062
vn 0.5190 0.4338 0.7365
vn 0.5221 0.3917 0.7576
vn 0.5164 -0.4597 0.7225
vn 0.5253 0.3562 0.7728
vn 0.5207 -0.4062 0.7509
vn 0.5186 0.3492 0.7805
vn 0.5075 -0.3509 0.7870
vn 0.5248 0.3208 0.7885
vn 0.5269 0.2666 0.8071
vn 0.5099 -0.2934 0.8087
vn 0.5013 -0.3009 0.8113
vn 0.5310 0.2081 0.8214
vn 0.5233 0.1644 0.8361
vn 0.5065 -0.2406 0.8280
vn 0.5063 -0.2405 0.8281
vn 0.5245 0.1378 0.8402
vn 0.4939 -0.1738 0.8520
vn 0.5037 0.0310 0.8633
vn 0.5336 0.3054 -0.7887
vn 0.5180 0.5517 -0.6536
vn 0.5333 0.6491 -0.5424
vn 0.5258 0.6920 -0.4947
vn 0.5446 0.7471 -0.3812
vn 0.5600 0.7566 -0.3375
vn 0.5816 0.7775 -0.2391
vn 0.5857 0.7851 -0.2016
vn 0.5948 0.7829 -0.1825
vn 0.5963 0.7865 -0.1608
vn 0.5882 0.8029 -0.0968
vn 0.5913 0.8016 -0.0887
vn 0.5966 0.8021 -0.0284
vn 0.5980 0.7941 0.1081
vn 0.5800 0.7213 0.3787
vn 0.5659 0.6768 0.4709
vn 0.5492 0.6073 0.5741
vn 0.5401 0.6009 0.5892
vn 0.5263 0.5524 0.6464
vn 0.5079 -0.6507 0.5645
vn 0.5149 -0.5334 0.6711
vn 0.5111 -0.4286 0.7451
vn 0.5044 -0.3479 0.7903
vn 0.5196 0.3101 0.7962
vn 0.5288 0.2640 0.8066
vn 0.5217 0.1980 0.8299
vn 0.5234 0.1643 0.8361
vn 0.5074 0.1141 0.8541
vn 0.5033 0.0305 0.8636
vn 0.5060 -0.0473 0.8612
vn 0.5065 -0.0465 0.8610
vn 0.4871 -0.5490 -0.6792
vn 0.5037 0.6962 -0.5114
vn 0.5896 0.8058 -0.0560
vn 0.5939 0.8039 -0.0327
vn 0.5849 0.7611 0.2803
vn 0.5918 0.7591 0.2712
vn 0.5761 0.7226 0.3821
vn 0.5530 0.6590 0.5098
vn 0.4980 -0.7053 0.5045
vn 0.4889 -0.6404 0.5924
vn 0.5037 0.5126 0.6953
vn 0.4979 -0.4987 0.7095
vn 0.5114 0.0145 -0.8592
vn 0.5128 -0.2514 -0.8209
vn 0.5002 0.6157 -0.6089
vn 0.4999 0.6717 -0.5468
vn 0.5021 0.7331 -0.4587
vn 0.5048 0.7364 -0.4504
vn 0.5553 0.7812 -0.2852
vn 0.5743 0.7509 0.3261
vn 0.5782 0.6985 0.4218
vn 0.5753 0.6953 0.4309
vn 0.5623 0.6872 0.4599
vn 0.5539 0.6697 0.4946
vn 0.5106 0.6016 0.6143
vn 0.4913 0.5477 0.6772
vn 0.4974 0.4847 0.7195
vn 0.4856 0.4621 0.7421
vn 0.4769 -0.5718 0.6676
vn 0.4948 0.4421 0.7481
vn 0.4794 0.3631 0.7990
vn 0.4781 0.3149 0.8199
vn 0.4846 -0.3029 0.8206
vn 0.4629 -0.1755 0.8689
vn 0.4788 -0.1293 0.8684
vn 0.4820 0.5133 -0.7101
vn 0.4925 0.7489 -0.4433
vn 0.5502 0.7674 -0.3293
vn 0.5592 0.7746 -0.2954
vn 0.5649 0.7806 -0.2675
vn 0.5675 0.7527 0.3338
vn 0.5634 0.7362 0.3751
vn 0.5718 0.7131 0.4056
vn 0.5658 0.6951 0.4436
vn 0.4560 -0.7868 0.4159
vn 0.5250 0.6566 0.5416
vn 0.5133 0.6035 0.6102
vn 0.5076 0.5815 0.6357
vn 0.4785 0.4024 0.7805
vn 0.4694 -0.4282 0.7722
vn 0.4735 0.3592 0.8042
vn 0.4806 -0.3553 0.8017
vn 0.4612 -0.3809 0.8014
vn 0.4874 0.2630 0.8326
vn 0.4799 -0.3004 0.8243
vn 0.4862 0.2081 0.8487
vn 0.4858 0.1638 0.8586
vn 0.4804 -0.2449 0.8421
vn 0.4913 0.1158 0.8633
vn 0.4755 0.0327 0.8791
vn 0.4744 0.0338 0.8797
vn 0.4712 -0.0513 0.8805
vn 0.4704 -0.0522 0.8809
vn 0.4700 -0.1209 0.8744
vn 0.4707 -0.3770 -0.7977
vn 0.4778 0.6416 -0.6001
vn 0.4040 -0.8363 -0.3706
vn 0.5027 0.7659 -0.4009
vn 0.5488 0.7425 0.3840
vn 0.4921 0.4936 0.7171
vn 0.4513 -0.5358 0.7136
vn 0.4706 0.4133 0.7796
vn 0.4762 0.3132 0.8217
vn 0.4783 0.2448 0.8434
vn 0.4687 -0.2608 0.8439
vn 0.4781 0.1958 0.8562
vn 0.4787 0.1532 0.8645
vn 0.4752 -0.1887 0.8594
vn 0.4623 0.0931 0.8818
vn 0.4726 0.3529 -0.8075
vn 0.4669 0.4650 -0.7522
vn 0.4538 0.5590 -0.6940
vn 0.4695 0.7379 -0.4848
vn 0.4969 0.7721 -0.3961
vn 0.5993 0.7933 0.1073
vn 0.5942 0.7896 0.1532
vn 0.5071 0.6828 0.5261
vn 0.5038 0.6640 0.5525
vn 0.4974 0.6563 0.5673
vn 0.4354 -0.6911 0.5768
vn 0.4762 0.5567 0.6806
vn 0.4485 0.4211 0.7883
vn 0.4447 0.1519 0.8827
vn 0.4432 -0.1283 0.8872
vn 0.4503 -0.1879 0.8729
vn 0.4503 0.0946 0.8879
vn 0.4283 -0.5010 -0.7520
vn 0.4206 -0.5377 -0.7307
vn 0.4472 0.5241 -0.7249
vn 0.4406 -0.6444 -0.6250
vn 0.4466 0.6087 -0.6558
vn 0.4419 0.7344 -0.5152
vn 0.4682 0.7356 -0.4896
vn 0.4553 0.7603 -0.4633
vn 0.5021 0.7809 -0.3715
vn 0.5855 0.7989 -0.1374
vn 0.5596 0.7795 0.2815
vn 0.5442 0.7704 0.3321
vn 0.5422 0.7339 0.4092
vn 0.5390 0.7148 0.4455
vn 0.5025 0.6667 0.5505
vn 0.4861 0.5770 0.6563
vn 0.4191 -0.6717 0.6109
vn 0.4711 0.5565 0.6844
vn 0.4213 -0.6204 0.6615
vn 0.4584 0.4230 0.7817
vn 0.4541 0.3195 0.8317
vn 0.4452 -0.3104 0.8399
vn 0.4352 -0.3195 0.8417
vn 0.4540 0.2491 0.8555
vn 0.4378 0.2332 0.8683
vn 0.4554 0.1972 0.8682
vn 0.4565 -0.2617 0.8503
vn 0.4464 -0.1923 0.8739
vn 0.4330 0.1123 0.8944
vn 0.4335 -0.1214 0.8929
vn 0.4428 0.6534 -0.6140
vn 0.4528 0.7577 -0.4700
vn 0.5016 0.7815 -0.3709
vn 0.5731 0.7952 -0.1980
vn 0.6143 0.7882 -0.0374
vn 0.6132 0.7898 0.0159
vn 0.6171 0.7861 0.0347
vn 0.5646 0.7957 0.2192
vn 0.5512 0.7802 0.2957
vn 0.5294 0.7364 0.4212
vn 0.4927 0.6998 0.5173
vn 0.4986 0.6955 0.5174
vn 0.4656 0.6178 0.6337
vn 0.4623 0.5004 0.7321
vn 0.4575 0.4724 0.7534
vn 0.4010 -0.5975 0.6944
vn 0.4199 -0.4618 0.7813
vn 0.4446 0.3597 0.8203
vn 0.4470 0.3609 0.8185
vn 0.4303 -0.3856 0.8162
vn 0.4386 -0.3940 0.8077
vn 0.4428 0.3099 0.8414
vn 0.4279 0.1691 0.8879
vn 0.4359 -0.2430 0.8666
vn 0.4354 0.0482 0.8990
vn 0.4463 0.0340 0.8943
vn 0.4370 -0.0418 0.8985
vn 0.4452 -0.0515 0.8940
vn 0.4373 0.0117 -0.8992
vn 0.4078 -0.4316 -0.8046
vn 0.4309 0.6412 -0.6350
vn 0.5124 0.7933 -0.3289
vn 0.5532 0.7909 -0.2617
vn 0.6036 0.7854 0.1372
vn 0.5689 0.7894 0.2305
vn 0.5246 0.7752 0.3519
vn 0.5193 0.7697 0.3714
vn 0.4956 0.7123 0.4969
vn 0.4609 0.6122 0.6424
vn 0.3832 -0.6439 0.6622
vn 0.4495 0.4846 0.7504
vn 0.4091 -0.5574 0.7225
vn 0.3874 -0.4889 0.7816
vn 0.5194 0.7812 -0.3465
vn 0.5996 0.7920 -0.1146
vn 0.6084 0.7910 -0.0654
vn 0.6091 0.7908 0.0610
vn 0.5740 0.7934 0.2026
vn 0.5050 0.7522 0.4233
vn 0.4623 0.7057 0.5370
vn 0.4514 0.6530 0.6081
vn 0.3727 -0.6987 0.6107
vn 0.4504 0.5341 0.7155
vn 0.3889 -0.5478 0.7407
vn 0.4136 0.3655 0.8338
vn 0.4034 -0.3272 0.8545
vn 0.3986 0.2324 0.8872
vn 0.4090 0.1721 0.8961
vn 0.4037 0.4418 -0.8011
vn 0.4073 0.5334 -0.7413
vn 0.4048 0.5680 -0.7166
vn 0.4161 0.7448 -0.5216
vn 0.4042 0.7583 -0.5114
vn 0.4130 0.7698 -0.4867
vn 0.4501 0.7826 -0.4301
vn 0.5331 0.7926 -0.2960
vn 0.5602 0.7986 -0.2201
vn 0.5858 0.7967 -0.1486
vn 0.6079 0.7920 -0.0567
vn 0.5104 0.7909 0.3375
vn 0.4897 0.7730 0.4033
vn 0.4896 0.7730 0.4034
vn 0.4337 0.6953 0.5732
vn 0.4239 0.6127 0.6670
vn 0.3442 -0.5712 0.7452
vn 0.4183 0.4324 0.7988
vn 0.3858 -0.3908 0.8357
vn 0.3825 0.3149 0.8687
vn 0.3898 0.2213 0.8939
vn 0.3904 0.1508 0.9082
vn 0.3905 0.0991 0.9153
vn 0.4054 0.0504 0.9128
vn 0.4147 -0.1504 -0.8974
vn 0.3794 0.1849 -0.9066
vn 0.4064 0.6994 -0.5879
vn 0.4417 0.7747 -0.4525
vn 0.4464 0.7882 -0.4237
vn 0.5880 0.7983 -0.1305
vn 0.6380 0.7701 0.0019
vn 0.5156 0.7966 0.3157
vn 0.4590 0.7476 0.4800
vn 0.4334 0.7019 0.5652
vn 0.4211 0.6707 0.6106
vn 0.4002 0.6564 0.6395
vn 0.4170 0.6038 0.6794
vn 0.4270 0.5799 0.6938
vn 0.3650 -0.6965 0.6178
vn 0.4175 0.4885 0.7661
vn 0.4077 0.4528 0.7929
vn 0.4004 0.3825 0.8327
vn 0.3549 -0.4599 0.8140
vn 0.3900 0.3081 0.8678
vn 0.3762 -0.2956 0.8781
vn 0.4056 0.1165 0.9066
vn 0.3851 -0.1314 0.9135
vn 0.4023 -0.0410 0.9146
vn 0.3694 0.6395 -0.6742
vn 0.3921 0.6542 -0.6468
vn 0.3902 0.7245 -0.5682
vn 0.4055 0.7767 -0.4820
vn 0.5518 0.8054 -0.2162
vn 0.6454 0.7606 -0.0705
vn 0.6387 0.7695 0.0031
vn 0.6378 0.7674 0.0654
vn 0.6396 0.7662 0.0620
vn 0.4646 0.7808 0.4176
vn 0.4368 0.7546 0.4897
vn 0.4158 0.6818 0.6019
vn 0.4111 0.5652 0.7152
vn 0.4219 0.5424 0.7265
vn 0.4099 0.5316 0.7412
vn 0.4206 0.4859 0.7661
vn 0.3347 -0.5685 0.7516
vn 0.4031 0.4198 0.8132
vn 0.3787 -0.4894 0.7856
vn 0.3852 0.3400 0.8579
vn 0.3773 -0.3750 0.8468
vn 0.3663 -0.2203 0.9040
vn 0.3936 0.0348 0.9186
vn 0.3882 -0.0568 0.9198
vn 0.3802 -0.1276 0.9160
vn 0.3488 -0.2952 -0.8895
vn 0.3555 -0.7306 -0.5829
vn 0.4450 0.7889 -0.4238
vn 0.4815 0.7984 -0.3616
vn 0.8871 0.4366 -0.1496
vn 0.9885 0.0134 -0.1510
vn 0.9485 -0.2658 -0.1726
vn 0.8936 -0.4319 -0.1223
vn 0.9078 0.4188 -0.0243
vn 0.9006 -0.4333 -0.0350
vn 0.9332 0.3594 -0.0034
vn 0.9994 0.0353 -0.0036
vn 0.9992 0.0394 -0.0029
vn 0.9407 -0.3392 -0.0001
vn 0.8865 0.4592 0.0576
vn 0.8990 -0.4347 0.0532
vn 0.9910 0.0006 0.1339
vn 0.9467 -0.2944 0.1306
vn 0.9280 0.3456 0.1391
vn 0.8995 0.4068 0.1592
vn 0.9894 0.0373 0.1403
vn 0.6281 0.7627 0.1542
vn 0.5694 0.7962 0.2044
vn 0.5660 0.7909 0.2326
vn 0.4292 0.7503 0.5028
vn 0.4046 0.7155 0.5695
vn 0.3344 -0.7003 0.6307
vn 0.3282 -0.5474 0.7699
vn 0.3521 0.4917 -0.7964
vn 0.3637 0.6866 -0.6295
vn 0.5008 0.8111 -0.3022
vn 0.5503 0.8113 -0.1972
vn 0.9216 0.2559 -0.2917
vn 0.9478 -0.0230 -0.3180
vn 0.9296 -0.1316 -0.3442
vn 0.6257 0.7628 -0.1631
vn 0.9243 -0.3168 -0.2129
vn 0.7281 0.6728 -0.1314
vn 0.7750 -0.6127 -0.1549
vn 0.6177 0.7808 -0.0934
vn 0.6385 0.7668 -0.0660
vn 0.6985 0.7153 -0.0218
vn 0.7329 -0.6803 -0.0053
vn 0.6696 0.7409 0.0516
vn 0.7913 -0.6082 0.0627
vn 0.6162 0.7843 0.0720
vn 0.8736 -0.4553 0.1720
vn 0.7515 -0.6517 0.1026
vn 0.6410 0.7545 0.1406
vn 0.6482 0.7501 0.1310
vn 0.6555 0.7430 0.1354
vn 0.6160 0.7435 0.2603
vn 0.8721 -0.4477 0.1977
vn 0.8989 0.3723 0.2308
vn 0.9644 -0.0567 0.2583
vn 0.9647 -0.0756 0.2523
vn 0.5417 0.7848 0.3012
vn 0.5133 0.8013 0.3071
vn 0.4196 0.7789 0.4662
vn 0.3002 -0.7951 0.5270
vn 0.3544 0.6660 0.6564
vn 0.3027 -0.5959 0.7438
vn 0.3138 -0.5429 0.7789
vn 0.3545 -0.3801 0.8543
vn 0.3725 0.2240 0.9006
vn 0.3679 -0.2200 0.9035
vn 0.3705 0.1012 0.9233
vn 0.3630 0.0350 0.9311
vn 0.3565 -0.0557 0.9326
vn 0.3531 0.6423 -0.6803
vn 0.3595 0.7356 -0.5742
vn 0.3329 0.7740 -0.5386
vn 0.3491 0.7789 -0.5210
vn 0.4080 0.7933 -0.4519
vn 0.4459 0.7934 -0.4143
vn 0.5129 0.8202 -0.2532
vn 0.7206 0.6455 -0.2531
vn 0.8827 0.3549 -0.3081
vn 0.6855 0.7043 -0.1845
vn 0.7001 0.7039 -0.1196
vn 0.4723 0.8802 -0.0474
vn 0.7050 0.7092 -0.0027
vn 0.3905 0.9206 0.0110
vn 0.7185 0.6953 -0.0188
vn 0.7160 0.6926 0.0879
vn 0.7057 0.7048 0.0720
vn 0.4164 0.9082 0.0418
vn 0.6955 0.6894 0.2025
vn 0.6712 -0.7165 0.1902
vn 0.6036 0.7504 0.2695
vn 0.6757 0.7119 0.1916
vn 0.7720 -0.5887 0.2399
vn 0.5943 0.7725 0.2237
vn 0.8544 0.4551 0.2506
vn 0.8634 0.3516 0.3618
vn 0.9217 -0.0066 0.3878
vn 0.9329 -0.0890 0.3490
vn 0.4658 0.7982 0.3820
vn 0.4180 0.7796 0.4663
vn 0.3887 0.7468 0.5396
vn 0.3489 0.6242 0.6990
vn 0.3117 -0.7227 0.6169
vn 0.3580 0.5400 0.7617
vn 0.3511 0.5463 0.7605
vn 0.3625 0.4928 0.7910
vn 0.3655 0.4636 0.8072
vn 0.3538 0.4252 0.8331
vn 0.3508 0.3850 0.8536
vn 0.3238 -0.4634 0.8249
vn 0.3591 0.3473 0.8663
vn 0.3462 -0.3887 0.8539
vn 0.3608 0.3094 0.8798
vn 0.3297 -0.3197 0.8883
vn 0.3433 0.2938 0.8921
vn 0.3471 0.2660 0.8993
vn 0.3454 -0.2975 0.8900
vn 0.3509 0.1969 0.9155
vn 0.3755 0.1519 0.9143
vn 0.3425 0.1290 0.9306
vn 0.3602 0.0379 0.9321
vn 0.3441 -0.0679 0.9365
vn 0.3529 -0.1294 0.9267
vn 0.3281 0.5721 -0.7516
vn 0.3361 0.6208 -0.7083
vn 0.3373 0.6338 -0.6961
vn 0.3373 0.7274 -0.5976
vn 0.3813 0.7886 -0.4825
vn 0.4801 0.8109 -0.3345
vn 0.8590 0.3126 -0.4054
vn 0.8847 -0.1273 -0.4484
vn 0.5519 0.8103 -0.1971
vn 0.7334 -0.5896 -0.3385
vn 0.5963 0.7632 -0.2488
vn 0.4624 0.8661 -0.1898
vn 0.4785 0.8638 -0.1578
vn 0.5441 -0.8094 -0.2209
vn 0.6058 0.7767 -0.1722
vn 0.4175 0.9049 -0.0828
vn 0.6669 0.7332 -0.1327
vn 0.7762 0.6295 -0.0353
vn 0.7837 0.6206 -0.0268
vn 0.3463 0.9357 0.0670
vn 0.4203 0.8993 0.1210
vn 0.4181 0.8945 0.1583
vn 0.6168 0.7389 0.2711
vn 0.7606 -0.5382 0.3630
vn 0.7754 0.5044 0.3800
vn 0.8938 -0.1234 0.4312
vn 0.4588 0.7853 0.4157
vn 0.3897 0.7476 0.5377
vn 0.3620 0.7015 0.6139
vn 0.3471 0.6709 0.6553
vn 0.3623 0.6137 0.7015
vn 0.3037 -0.6901 0.6569
vn 0.3598 0.5744 0.7353
vn 0.3554 0.5781 0.7344
vn 0.3520 0.4842 0.8010
vn 0.3404 0.4174 0.8426
vn 0.3289 -0.4679 0.8203
vn 0.3414 0.3676 0.8650
vn 0.3293 -0.2599 0.9077
vn 0.3069 -0.1638 0.9375
vn 0.3465 0.7834 -0.5159
vn 0.5258 0.7963 -0.2991
vn 0.8214 -0.1895 -0.5379
vn 0.7843 0.4518 -0.4251
vn 0.6219 0.6965 -0.3580
vn 0.6604 0.6629 -0.3526
vn 0.4436 0.8755 -0.1917
vn 0.6386 0.7346 -0.2291
vn 0.2778 0.9585 -0.0644
vn 0.7540 0.6375 -0.1581
vn 0.7549 0.6358 -0.1610
vn 0.1987 0.9800 0.0134
vn 0.7562 -0.6491 -0.0819
vn 0.7267 -0.6854 -0.0456
vn 0.7813 0.6175 0.0916
vn 0.1518 0.9881 0.0236
vn 0.7821 0.6161 0.0933
vn 0.7721 0.6053 0.1936
vn 0.2515 0.9662 0.0560
vn 0.3573 0.9192 0.1656
vn 0.5773 0.7430 0.3387
vn 0.7448 0.5115 0.4285
vn 0.8430 0.0083 0.5379
vn 0.3563 0.7139 0.6028
vn 0.3431 0.6956 0.6312
vn 0.3188 0.4218 0.8488
vn 0.3246 0.1950 0.9255
vn 0.3336 0.1304 0.9336
vn 0.3217 -0.1621 0.9329
vn 0.3120 -0.6615 -0.6820
vn 0.3093 0.6895 -0.6550
vn 0.3025 0.7372 -0.6042
vn 0.3078 0.7810 -0.5435
vn 0.3062 0.7880 -0.5341
vn 0.3272 0.7885 -0.5208
vn 0.7896 0.1642 -0.5912
vn 0.8020 -0.1098 -0.5872
vn 0.7788 0.2888 -0.5568
vn 0.4355 0.8640 -0.2529
vn 0.2784 0.9534 -0.1166
vn 0.2404 0.9679 -0.0738
vn 0.6955 0.6849 -0.2173
vn 0.0599 0.9979 0.0265
vn 0.0200 0.9996 0.0212
vn 0.7943 -0.6066 0.0323
vn 0.7774 -0.5905 0.2165
vn 0.7208 0.6433 0.2579
vn 0.7187 -0.6456 0.2583
vn 0.7187 0.6370 0.2788
vn 0.6214 0.6895 0.3721
vn 0.6171 0.7095 0.3404
vn 0.5855 -0.7463 0.3165
vn 0.5116 0.7868 0.3453
vn 0.6013 -0.7134 0.3599
vn 0.6576 0.6036 0.4507
vn 0.5273 0.7624 0.3751
vn 0.6717 0.4582 0.5821
vn 0.7983 -0.0401 0.6010
vn 0.7187 -0.3975 0.5705
vn 0.6126 -0.5119 0.6021
vn 0.7725 0.0634 0.6318
vn 0.4994 0.7899 0.3558
vn 0.4959 0.7860 0.3691
vn 0.4210 0.7854 0.4538
vn 0.3934 0.7835 0.4809
vn 0.3565 0.7793 0.5153
vn 0.3356 0.7457 0.5755
vn 0.3325 0.7248 0.6035
vn 0.3015 0.6769 0.6715
vn 0.3027 0.6316 0.7138
vn 0.3123 0.5399 0.7816
vn 0.2967 0.5504 0.7804
vn 0.2390 -0.5770 0.7810
vn 0.3135 0.4201 0.8516
vn 0.3039 -0.2589 0.9168
vn 0.3266 0.1277 0.9365
vn 0.3114 0.1019 0.9448
vn 0.3173 -0.0679 0.9459
vn 0.2938 0.5935 -0.7493
vn 0.3082 0.7335 -0.6058
vn 0.3588 0.7971 -0.4856
vn 0.3790 0.8018 -0.4619
vn 0.5991 0.6539 -0.4620
vn 0.5706 -0.6686 -0.4768
vn 0.4352 0.8640 -0.2530
vn 0.4928 -0.8005 -0.3412
vn 0.6081 0.7408 -0.2854
vn 0.1062 0.9937 -0.0359
vn 0.6904 0.6780 -0.2523
vn -0.1007 0.9936 0.0506
vn 0.0268 0.9995 0.0147
vn 0.8103 -0.5317 -0.2466
vn 0.8133 0.5578 -0.1656
vn 0.8543 -0.5017 -0.1358
vn -0.0705 0.9974 0.0167
vn 0.8175 0.5659 -0.1067
vn 0.8512 0.5224 -0.0497
vn 0.8670 -0.4933 0.0706
vn 0.8666 -0.4940 0.0698
vn 0.8453 0.5224 0.1124
vn 0.8393 0.5346 0.0987
vn 0.8205 0.5158 0.2463
vn 0.8483 -0.4853 0.2116
vn 0.7938 0.5408 0.2783
vn 0.6775 -0.6792 0.2823
vn 0.7013 0.6149 0.3607
vn 0.0323 0.9994 0.0143
vn 0.1745 0.9804 0.0909
vn 0.1610 0.9841 0.0751
vn 0.3689 0.8987 0.2373
vn 0.4665 0.7749 0.4266
vn 0.3552 0.7783 0.5177
vn 0.3100 0.7677 0.5608
vn 0.3296 0.7313 0.5971
vn 0.3063 0.7047 0.6400
vn 0.3147 0.5859 0.7468
vn 0.3025 0.5794 0.7568
vn 0.2731 -0.6991 0.6608
vn 0.3159 0.4891 0.8130
vn 0.3013 0.4830 0.8222
vn 0.2880 -0.5683 0.7707
vn 0.3010 0.3834 0.8732
vn 0.3115 -0.4696 0.8261
vn 0.3251 0.3694 0.8705
vn 0.2961 -0.3898 0.8720
vn 0.2736 -0.4137 0.8683
vn 0.2941 0.3171 0.9016
vn 0.3015 -0.3277 0.8954
vn 0.3018 -0.3279 0.8952
vn 0.3054 0.2258 0.9250
vn 0.3033 -0.2595 0.9169
vn 0.3074 0.1713 0.9360
vn 0.2842 -0.1925 0.9393
vn 0.2953 -0.1403 0.9450
vn 0.3297 0.0368 0.9434
vn 0.3118 0.0176 0.9500
vn 0.3123 -0.0720 0.9472
vn 0.4549 0.8194 -0.3487
vn 0.5754 0.5987 -0.5572
vn 0.6962 0.2741 -0.6635
vn 0.5669 0.6780 -0.4680
vn 0.4070 0.8475 -0.3409
vn 0.5128 0.7850 -0.3476
vn 0.6053 0.7573 -0.2453
vn 0.2593 0.9582 -0.1209
vn 0.1182 0.9926 -0.0292
vn 0.7131 0.6191 -0.3290
vn 0.7234 0.5927 -0.3541
vn 0.7671 0.5988 -0.2303
vn 0.7699 -0.5672 -0.2924
vn 0.7845 0.5519 -0.2827
vn 0.7702 -0.5654 -0.2951
vn 0.8467 -0.4160 -0.3318
vn 0.8646 0.4952 -0.0852
vn 0.9207 0.3734 -0.1133
vn 0.8645 0.4959 -0.0820
vn -0.3677 0.9290 0.0413
vn 0.9073 -0.4058 -0.1099
vn -0.3192 0.9473 0.0267
vn 0.9255 -0.2408 0.2925
vn 0.9205 -0.3889 0.0390
vn 0.9483 -0.2916 0.1256
vn 0.9224 0.3771 0.0833
vn 0.9155 0.3904 0.0967
vn -0.1853 0.9811 -0.0563
vn 0.8974 -0.3351 0.2871
vn 0.7880 -0.4886 0.3746
vn 0.7395 0.5310 0.4137
vn -0.3238 0.9357 -0.1400
vn -0.0502 0.9987 -0.0037
vn 0.7717 -0.5519 0.3160
vn 0.6611 0.6089 0.4383
vn 0.5971 0.7208 0.3520
vn 0.5862 0.5229 0.6188
vn 0.4869 0.6960 0.5277
vn 0.6216 -0.5156 0.5897
vn 0.4818 0.7869 0.3856
vn 0.4549 0.7820 0.4261
vn 0.3073 0.7183 0.6242
vn 0.2896 0.7000 0.6528
vn 0.2908 0.6688 0.6842
vn 0.3112 0.6254 0.7155
vn 0.2536 -0.5351 0.8058
vn 0.2396 -0.7181 -0.6534
vn 0.2677 0.7863 -0.5568
vn 0.1886 -0.9136 -0.3603
vn 0.2621 0.7962 -0.5453
vn 0.3801 0.8062 -0.4534
vn 0.4085 0.8116 -0.4176
vn 0.4740 0.7852 -0.3984
vn 0.3806 0.8620 -0.3348
vn 0.2718 0.9352 -0.2268
vn 0.7540 0.4508 -0.4778
vn 0.2956 0.9347 -0.1976
vn 0.0470 0.9988 -0.0108
vn -0.1288 0.9825 0.1349
vn -0.1461 0.9879 0.0528
vn 0.7766 0.5031 -0.3792
vn -0.3219 0.9371 0.1352
vn 0.8450 0.4713 -0.2527
vn -0.3162 0.9468 0.0603
vn 0.8835 -0.3509 -0.3103
vn 0.9013 -0.2388 -0.3613
vn 0.8872 0.3484 -0.3024
vn 0.9542 -0.2586 -0.1505
vn 0.9925 -0.0634 -0.1044
vn 0.9358 0.3384 -0.0988
vn 0.9895 0.0443 -0.1376
vn 0.9735 0.2048 -0.1016
vn 0.9535 0.2753 -0.1227
vn 0.9769 -0.1998 0.0760
vn 0.9951 0.0341 0.0928
vn 0.9921 0.0621 0.1092
vn 0.9682 0.2377 0.0779
vn 0.9616 0.2576 0.0946
vn 0.9815 -0.1346 0.1365
vn 0.9326 -0.1320 0.3360
vn 0.9349 0.0109 0.3547
vn 0.9236 0.2237 0.3115
vn -0.3491 0.9365 -0.0335
vn 0.9235 -0.2929 0.2477
vn 0.9237 0.2277 0.3081
vn 0.8745 0.3774 0.3045
vn 0.8711 0.4044 0.2788
vn 0.8083 -0.4647 0.3614
vn 0.8049 0.3840 0.4525
vn -0.2702 0.9558 -0.1162
vn 0.7727 0.4917 0.4015
vn 0.1232 0.9873 0.1008
vn 0.5894 0.6939 0.4136
vn 0.5484 0.7191 0.4268
vn 0.2742 0.9293 0.2474
vn 0.2994 0.9077 0.2940
vn 0.6215 -0.3624 0.6945
vn 0.4282 0.7822 0.4526
vn 0.3138 0.7732 0.5511
vn 0.2424 -0.6099 0.7545
vn 0.2871 0.3171 0.9039
vn 0.2588 -0.3317 0.9072
vn 0.2574 -0.2672 0.9286
vn 0.2757 0.2368 0.9316
vn 0.2678 -0.1428 0.9528
vn 0.2718 0.6455 -0.7138
vn 0.2678 0.7393 -0.6178
vn 0.3221 0.7965 -0.5117
vn 0.3351 0.7989 -0.4995
vn 0.4043 0.8082 -0.4281
vn 0.2706 0.9357 -0.2264
vn 0.6617 0.6295 -0.4072
vn 0.7865 0.4909 -0.3747
vn -0.4330 0.8912 0.1350
vn 0.7994 -0.3933 -0.4543
vn 0.9410 -0.1358 -0.3100
vn 0.9123 0.2715 -0.3066
vn 0.9330 -0.0646 -0.3540
vn -0.6115 0.7790 0.1385
vn -0.6024 0.7981 0.0099
vn -0.6107 0.7917 0.0165
vn -0.5681 0.8180 -0.0902
vn -0.5960 0.7992 -0.0778
vn 0.9369 -0.1118 0.3313
vn 0.8614 -0.3292 0.3867
vn 0.8454 -0.2305 0.4818
vn 0.8405 0.3321 0.4281
vn -0.3292 0.9367 -0.1194
vn 0.7639 -0.4577 0.4549
vn 0.6926 -0.5271 0.4924
vn 0.7071 0.4968 0.5031
vn 0.6999 0.5771 0.4208
vn -0.0321 0.9990 -0.0301
vn 0.0258 0.9991 0.0331
vn 0.4963 -0.6749 0.5460
vn 0.4851 -0.6679 0.5645
vn 0.5965 0.3652 0.7147
vn 0.6458 0.0167 0.7633
vn 0.4369 0.7807 0.4468
vn 0.3968 0.7785 0.4863
vn 0.2387 0.7346 0.6352
vn 0.2406 0.7101 0.6617
vn 0.2230 -0.7746 0.5918
vn 0.2308 -0.7292 0.6441
vn 0.2562 0.5848 0.7697
vn 0.2572 0.5857 0.7686
vn 0.2662 0.5493 0.7921
vn 0.2620 0.5460 0.7958
vn 0.2322 -0.5355 0.8120
vn 0.2803 0.3845 0.8795
vn 0.2505 -0.4170 0.8737
vn 0.2231 -0.4531 0.8631
vn 0.2614 0.3622 0.8947
vn 0.2398 -0.2998 0.9234
vn 0.2656 0.2787 -0.9229
vn 0.2933 0.7817 -0.5504
vn 0.5048 0.6285 -0.5918
vn 0.1572 0.9784 -0.1339
vn 0.0609 0.9981 -0.0017
vn 0.0587 0.9982 -0.0088
vn -0.1942 0.9642 0.1807
vn -0.2184 0.9406 0.2600
vn -0.3203 0.9380 0.1324
vn -0.3402 0.9233 0.1780
vn 0.7963 -0.3843 -0.4671
vn 0.8565 0.2805 -0.4333
vn -0.5999 0.7785 0.1844
vn 0.8676 -0.2296 -0.4411
vn 0.8619 -0.1335 -0.4892
vn 0.9041 0.0383 -0.4255
vn 0.8576 0.2831 -0.4294
vn -0.6148 0.7609 0.2075
vn -0.7228 0.6818 -0.1126
vn -0.7137 0.6929 -0.1027
vn -0.5615 0.7998 -0.2120
vn 0.8399 -0.2426 0.4854
vn 0.8445 -0.0184 0.5353
vn 0.8719 0.1756 0.4570
vn 0.7797 -0.3310 0.5314
vn 0.8211 0.3430 0.4562
vn 0.7833 -0.3426 0.5187
vn -0.2348 0.9560 -0.1759
vn 0.6811 0.5256 0.5098
vn 0.6271 0.5796 0.5205
vn 0.6792 0.5378 0.4994
vn 0.5591 -0.6882 0.4624
vn 0.1778 0.9695 0.1687
vn 0.5328 0.7018 0.4730
vn 0.4513 0.7154 0.5335
vn 0.5982 0.3616 0.7151
vn 0.6019 -0.1130 0.7905
vn 0.5495 -0.4118 0.7270
vn 0.3795 0.7807 0.4964
vn 0.2293 0.7035 0.6727
vn 0.2174 -0.7229 0.6559
vn 0.2229 -0.6279 0.7457
vn 0.2697 0.4856 0.8315
vn 0.2372 -0.3868 0.8911
vn 0.2681 0.2949 0.9171
vn 0.2683 0.2537 0.9293
vn 0.2579 0.1920 0.9469
vn 0.2783 0.1707 0.9452
vn 0.2683 -0.1921 0.9440
vn 0.2734 0.1391 0.9518
vn 0.2576 -0.1573 0.9533
vn 0.2594 0.1029 0.9603
vn 0.2593 0.0170 0.9656
vn 0.2622 0.0138 0.9649
vn 0.2526 0.7278 -0.6376
vn 0.2439 0.7801 -0.5762
vn 0.2866 0.7977 -0.5306
vn 0.3262 0.8091 -0.4888
vn 0.4937 0.6416 -0.5870
vn 0.3630 0.8283 -0.4269
vn 0.5961 0.6749 -0.4349
vn 0.6762 0.5623 -0.4759
vn 0.6014 0.6798 -0.4198
vn 0.6112 -0.5484 -0.5707
vn 0.6829 0.5146 -0.5184
vn 0.8068 -0.1570 -0.5696
vn 0.8026 0.2901 -0.5211
vn -0.7326 0.6344 0.2468
vn -0.6631 0.7031 -0.2567
vn -0.4884 0.8426 -0.2271
vn 0.8507 0.0341 0.5246
vn 0.7986 0.2162 0.5617
vn -0.5037 0.7975 -0.3321
vn 0.8332 -0.2132 0.5102
vn -0.3384 0.9160 -0.2157
vn 0.7048 -0.3839 0.5965
vn 0.7422 0.3873 0.5470
vn 0.6405 -0.5387 0.5473
vn -0.1660 0.9797 -0.1126
vn 0.6346 -0.5259 0.5662
vn 0.5827 0.6760 0.4511
vn 0.4222 0.7431 0.5192
vn 0.4542 -0.6914 0.5618
vn 0.5199 -0.4506 0.7257
vn 0.5231 0.3919 0.7568
vn 0.3279 0.7746 0.5408
vn 0.3461 0.7824 0.5178
vn 0.3061 0.7764 0.5509
vn 0.2614 0.7673 0.5856
vn 0.2411 0.7435 0.6238
vn 0.2297 0.7530 0.6166
vn 0.2289 0.7255 0.6490
vn 0.2387 0.6783 0.6949
vn 0.2365 0.6771 0.6968
vn 0.2450 0.6331 0.7343
vn 0.2496 0.6297 0.7357
vn 0.2177 -0.6753 0.7046
vn 0.2689 0.4863 0.8314
vn 0.2612 0.4284 0.8650
vn 0.2270 -0.5390 0.8112
vn 0.2553 0.4245 0.8687
vn 0.2350 -0.2203 0.9467
vn 0.2652 0.1330 0.9550
vn 0.2673 0.0860 0.9598
vn 0.2662 -0.0708 0.9613
vn 0.2530 -0.0904 0.9632
vn 0.3328 0.8477 -0.4132
vn 0.4092 0.7804 -0.4729
vn 0.4254 0.7982 -0.4266
vn 0.1261 0.9845 -0.1220
vn 0.5092 0.7020 -0.4978
vn 0.0244 0.9997 0.0062
vn -0.1283 0.9727 0.1934
vn -0.3347 0.8930 0.3009
vn -0.3258 0.9103 0.2553
vn -0.5699 0.7027 0.4259
vn 0.6945 -0.4716 -0.5434
vn 0.6966 -0.3935 -0.5999
vn -0.5834 0.7532 0.3040
vn 0.8328 -0.0262 -0.5529
vn 0.7902 0.2637 -0.5532
vn -0.6293 0.6951 0.3476
vn -0.8561 0.5163 -0.0246
vn 0.7453 -0.2027 0.6352
vn 0.7452 -0.2025 0.6354
vn 0.7621 0.0060 0.6475
vn 0.7444 0.0685 0.6642
vn 0.7402 0.2464 0.6256
vn 0.7335 0.2562 0.6295
vn 0.7131 -0.3735 0.5934
vn 0.5886 0.5410 0.6007
vn 0.4798 0.6766 0.5586
vn 0.1659 0.9657 0.1996
vn 0.4924 0.7342 0.4675
vn 0.2662 0.8981 0.3500
vn 0.3018 0.8783 0.3707
vn 0.2117 -0.5887 0.7801
vn 0.2331 -0.1616 -0.9589
vn 0.2314 0.7965 -0.5586
vn 0.2632 0.8024 -0.5356
vn 0.4563 0.5434 -0.7046
vn 0.2589 0.9175 -0.3020
vn 0.4884 0.6872 -0.5378
vn 0.0583 0.9965 0.0599
vn 0.5602 0.5863 -0.5851
vn -0.1650 0.9338 0.3174
vn 0.7092 0.3662 -0.6025
vn 0.7232 0.4322 -0.5387
vn 0.8013 0.0449 -0.5965
vn -0.4320 0.8339 -0.3435
vn -0.2267 0.9476 -0.2252
vn 0.6050 -0.4033 0.6865
vn 0.6299 0.4010 0.6651
vn 0.4601 -0.6693 0.5834
vn 0.4881 0.6725 0.5563
vn 0.3696 -0.7127 0.5962
vn 0.4263 0.7367 0.5250
vn 0.4081 0.6843 0.6043
vn 0.5120 0.2672 0.8164
vn 0.5320 0.0113 0.8467
vn 0.2575 0.7743 0.5780
vn 0.2480 0.7778 0.5775
vn 0.2054 0.6357 0.7441
vn 0.2078 0.4606 0.8630
vn 0.2387 0.4259 0.8727
vn 0.2322 0.3640 0.9020
vn 0.1722 -0.4657 0.8680
vn 0.2207 0.3144 0.9233
vn 0.2357 0.1934 0.9524
vn 0.2400 -0.2201 0.9455
vn 0.2407 -0.1590 0.9575
vn 0.2366 0.0050 0.9716
vn 0.2252 0.1688 -0.9596
vn 0.2185 0.6813 -0.6987
vn 0.2118 0.7354 -0.6437
vn 0.2142 0.7358 -0.6424
vn 0.2261 0.7839 -0.5782
vn 0.2345 0.7943 -0.5605
vn 0.2625 0.8027 -0.5356
vn 0.2746 0.8123 -0.5146
vn 0.3184 0.8111 -0.4906
vn 0.1509 0.9862 -0.0678
vn 0.4271 0.7164 -0.5517
vn -0.3704 0.8414 0.3934
vn 0.6818 -0.1841 -0.7080
vn 0.3168 0.9391 -0.1331
vn -0.8071 0.4836 -0.3386
vn -0.8335 0.4329 -0.3434
vn -0.4359 0.7864 -0.4377
vn 0.6765 -0.3054 0.6702
vn 0.6492 -0.1933 0.7356
vn 0.6921 0.0727 0.7181
vn 0.7071 0.2271 0.6697
vn 0.6586 0.4777 0.5815
vn -0.0757 0.9918 -0.1026
vn 0.5485 -0.5192 0.6554
vn 0.0452 0.9985 0.0321
vn 0.4382 0.6651 0.6047
vn 0.3310 -0.7479 0.5754
vn 0.4027 0.7456 0.5310
vn 0.4329 -0.4017 0.8070
vn 0.1915 0.7725 0.6055
vn 0.2079 0.7501 0.6278
vn 0.1868 0.7310 0.6563
vn 0.1848 0.7084 0.6812
vn 0.1942 0.6828 0.7043
vn 0.1857 0.6876 0.7019
vn 0.1913 0.6273 0.7549
vn 0.1690 -0.7082 0.6855
vn 0.2048 0.5933 0.7785
vn 0.1923 -0.6684 0.7185
vn 0.2043 0.5525 0.8081
vn 0.2050 0.5530 0.8076
vn 0.1747 -0.6250 0.7608
vn 0.1634 -0.6308 0.7586
vn 0.2155 0.4936 0.8425
vn 0.2186 0.4950 0.8410
vn 0.1921 -0.5377 0.8209
vn 0.2272 0.4205 0.8784
vn 0.1727 -0.5117 0.8416
vn 0.1894 -0.4537 0.8708
vn 0.2277 0.3621 0.9039
vn 0.2059 -0.3876 0.8985
vn 0.1830 -0.3611 0.9144
vn 0.2166 -0.3017 0.9285
vn 0.2098 0.2325 0.9497
vn 0.2243 0.1469 0.9634
vn 0.2399 0.1352 0.9613
vn 0.2470 -0.0908 0.9647
vn 0.2191 0.7947 -0.5661
vn 0.2879 0.8113 -0.5089
vn 0.2854 0.8246 -0.4884
vn 0.1683 0.9572 -0.2354
vn 0.3441 0.7806 -0.5218
vn -0.1571 0.9550 0.2515
vn 0.6203 0.4017 -0.6737
vn 0.6838 -0.1811 -0.7069
vn 0.6821 0.0116 -0.7311
vn -0.6061 0.5569 0.5679
vn -0.7402 0.4639 0.4868
vn -0.9625 0.0645 0.2635
vn -0.9556 -0.1605 0.2472
vn 0.3092 0.9389 -0.1513
vn 0.2486 0.9642 -0.0924
vn 0.1717 0.9469 -0.2720
vn -0.0005 0.9994 -0.0341
vn 0.5447 -0.2976 0.7840
vn 0.6041 -0.2024 0.7708
vn 0.6163 -0.0233 0.7872
vn 0.6019 0.2854 0.7459
vn 0.5673 -0.3891 0.7257
vn -0.2478 0.9238 -0.2920
vn 0.4538 -0.5688 0.6860
vn 0.5340 0.4942 0.6860
vn 0.5740 0.5541 0.6030
vn -0.0655 0.9947 -0.0790
vn 0.3780 -0.6844 0.6235
vn 0.0801 0.9876 0.1351
vn 0.3349 0.7336 0.5914
vn 0.3290 0.7293 0.6000
vn 0.3389 -0.6663 0.6642
vn 0.4309 -0.3225 0.8428
vn 0.2354 0.7703 0.5927
vn 0.1688 0.7460 0.6442
vn 0.1959 0.5865 0.7859
vn 0.1632 -0.5774 0.8000
vn 0.1850 -0.2775 0.9428
vn 0.2137 0.2064 0.9548
vn 0.2126 -0.1965 0.9572
vn 0.2405 0.1067 0.9648
vn 0.2205 -0.1098 0.9692
vn 0.1724 0.6973 -0.6957
vn 0.3464 0.5250 -0.7774
vn 0.2127 0.9587 -0.1886
vn 0.3237 0.7914 -0.5186
vn -0.0939 0.9678 0.2337
vn 0.3292 -0.6615 -0.6739
vn 0.5142 0.5619 -0.6479
vn -0.2238 0.8589 0.4606
vn -0.4427 0.6898 0.5729
vn -0.6942 0.4815 0.5350
vn -0.8213 0.0633 0.5669
vn 0.1400 0.9802 -0.1400
vn 0.1313 0.9827 -0.1307
vn 0.0975 0.9938 -0.0541
vn 0.1302 0.9914 0.0093
vn -0.0245 0.9963 -0.0821
vn -0.4888 0.6820 -0.5440
vn -0.3413 0.8305 -0.4402
vn 0.5769 0.0721 0.8136
vn 0.5670 0.2195 0.7939
vn 0.5857 0.3852 0.7131
vn 0.4240 -0.5569 0.7142
vn 0.4341 0.5388 0.7220
vn 0.4625 0.5703 0.6788
vn 0.4011 0.6892 0.6034
vn 0.2370 0.8931 0.3825
vn 0.3125 0.7007 0.6414
vn 0.4007 0.3639 0.8408
vn 0.1824 0.7733 0.6073
vn 0.1698 0.7710 0.6138
vn 0.1667 0.7465 0.6442
vn 0.1703 0.7165 0.6764
vn 0.1615 -0.4583 0.8740
vn 0.1528 -0.3156 0.9365
vn 0.2141 -0.1089 0.9707
vn 0.1763 0.5952 -0.7840
vn 0.1689 0.7407 -0.6503
vn 0.1616 0.7834 -0.6001
vn 0.1711 0.8047 -0.5684
vn 0.1724 0.8017 -0.5723
vn 0.1962 0.8016 -0.5648
vn 0.1845 0.8143 -0.5503
vn 0.1952 0.8120 -0.5500
vn 0.2324 0.8214 -0.5209
vn 0.1987 0.9163 -0.3476
vn 0.3773 0.6912 -0.6164
vn 0.4150 -0.4436 -0.7943
vn -0.3008 0.8100 0.5034
vn -0.5790 0.4879 0.6533
vn -0.3502 0.9357 0.0435
vn -0.4507 0.8540 0.2599
vn 0.1302 0.9914 0.0092
vn -0.1592 0.9492 -0.2714
vn -0.0154 0.9964 -0.0830
vn 0.0926 0.9875 0.1274
vn 0.4275 0.7002 0.5718
vn 0.3787 0.2840 0.8809
vn 0.3760 0.1003 0.9212
vn 0.2086 0.7736 0.5983
vn 0.1576 0.7565 0.6347
vn 0.1602 0.6322 0.7581
vn 0.1666 0.5535 0.8160
vn 0.1681 0.5546 0.8149
vn 0.1771 0.4998 0.8479
vn 0.1785 0.4635 0.8679
vn 0.1764 0.4617 0.8693
vn 0.1977 0.4215 0.8850
vn 0.1537 -0.4923 0.8568
vn 0.1302 -0.5084 0.8512
vn 0.1982 0.3647 0.9098
vn 0.1700 -0.3611 0.9169
vn 0.1851 -0.2774 0.9428
vn 0.2085 0.2031 0.9567
vn 0.1948 -0.1993 0.9604
vn 0.2158 0.1485 0.9651
vn 0.1981 0.0841 0.9766
vn 0.1943 0.0108 0.9809
vn 0.1801 -0.0584 0.9819
vn 0.1726 0.3442 -0.9229
vn 0.1571 0.7348 -0.6599
vn 0.1953 0.8129 -0.5487
vn 0.2621 0.7792 -0.5694
vn 0.3910 0.6834 -0.6165
vn -0.0037 0.9920 0.1265
vn -0.0644 0.9442 0.3230
vn -0.6463 0.3649 0.6701
vn -0.7528 0.2192 0.6206
vn -0.7841 0.0001 0.6207
vn 0.0287 0.9673 -0.2522
vn -0.0165 0.9833 -0.1812
vn 0.0357 0.9930 -0.1130
vn 0.0629 0.9961 -0.0617
vn -0.4016 0.6929 -0.5989
vn -0.3443 0.7746 -0.5305
vn 0.4472 -0.1896 0.8741
vn 0.4305 -0.3787 0.8193
vn 0.5055 0.3511 0.7881
vn 0.4200 -0.5593 0.7147
vn 0.2979 -0.6818 0.6681
vn 0.1052 0.9758 0.1918
vn 0.1635 0.9280 0.3347
vn 0.2598 0.7174 0.6464
vn 0.2670 0.7183 0.6424
vn 0.2741 0.7702 0.5760
vn 0.2998 -0.4116 0.8607
vn 0.1758 0.7621 0.6231
vn 0.1528 0.7182 0.6788
vn 0.1446 0.7143 0.6848
vn 0.1575 0.6902 0.7063
vn 0.1555 0.6352 0.7565
vn 0.1617 0.5887 0.7920
vn 0.1429 -0.6265 0.7662
vn 0.1766 0.4994 0.8482
vn 0.1355 -0.5814 0.8023
vn 0.1757 0.4024 0.8985
vn 0.1862 0.3519 0.9173
vn 0.1971 0.3072 0.9310
vn 0.1923 0.3003 0.9343
vn 0.1919 0.2593 0.9465
vn 0.2018 0.1717 0.9642
vn 0.1906 0.0157 0.9815
vn 0.1651 0.6372 -0.7528
vn 0.1617 0.7834 -0.6001
vn 0.1627 0.8030 -0.5734
vn 0.1593 0.8060 -0.5701
vn 0.1555 0.8130 -0.5611
vn 0.1683 0.9239 -0.3435
vn 0.1267 0.9775 -0.1688
vn -0.1072 0.9223 0.3714
vn -0.1845 0.7920 0.5819
vn -0.4067 0.4636 0.7872
vn -0.6043 0.3005 0.7380
vn -0.6737 0.2139 0.7073
vn -0.5911 0.5020 0.6313
vn -0.1936 0.9810 -0.0152
vn -0.2522 0.9668 0.0419
vn -0.0191 0.9715 -0.2365
vn 0.0358 0.9942 -0.1010
vn -0.6421 0.5379 -0.5462
vn 0.4762 -0.0689 0.8766
vn 0.4478 0.1155 0.8866
vn 0.3979 -0.4168 0.8173
vn 0.4516 -0.2088 0.8674
vn 0.4360 0.3960 0.8081
vn -0.1638 0.9370 -0.3087
vn 0.3441 0.5745 0.7427
vn -0.0062 0.9996 -0.0271
vn 0.1961 0.5706 0.7975
vn 0.1324 0.7362 0.6637
vn 0.1324 -0.8004 0.5846
vn 0.1449 0.6825 0.7163
vn 0.1620 0.5889 0.7918
vn 0.1348 -0.6688 0.7311
vn 0.1567 -0.6170 0.7712
vn 0.1451 -0.5739 0.8059
vn 0.1862 -0.2049 0.9609
vn 0.1721 -0.2595 0.9503
vn 0.1756 0.1160 0.9776
vn 0.1889 -0.1273 0.9737
vn 0.2138 0.7706 -0.6004
vn 0.1263 0.9699 -0.2084
vn 0.1902 0.8076 -0.5582
vn 0.2563 0.7060 -0.6603
vn 0.3371 -0.5529 -0.7620
vn -0.2450 0.7351 0.6321
vn -0.2828 0.5821 0.7623
vn -0.4454 0.4200 0.7907
vn -0.4411 0.4081 0.7993
vn -0.6579 0.1874 0.7294
vn -0.6506 0.0530 0.7575
vn -0.6577 -0.0150 0.7531
vn -0.6580 -0.0479 0.7515
vn -0.6727 0.2049 0.7109
vn 0.0501 0.9987 -0.0089
vn -0.1819 0.9717 -0.1505
vn -0.2265 0.8346 -0.5021
vn 0.4517 0.2514 0.8560
vn 0.4562 0.2417 0.8564
vn 0.3942 0.3550 0.8477
vn 0.3019 -0.4943 0.8152
vn 0.3312 -0.5767 0.7469
vn 0.3976 0.5364 0.7444
vn 0.3512 0.6565 0.6675
vn 0.1502 0.8898 0.4308
vn 0.2213 0.5801 0.7839
vn 0.2837 -0.0774 0.9558
vn 0.2621 -0.2622 0.9287
vn 0.2119 0.7443 0.6333
vn 0.1174 0.5049 0.8551
vn 0.1352 -0.4052 0.9042
vn 0.1123 0.7384 -0.6649
vn 0.1304 0.7861 -0.6042
vn 0.1251 0.8091 -0.5742
vn 0.1011 0.8196 -0.5639
vn 0.2135 0.4819 -0.8498
vn 0.1456 0.9095 -0.3893
vn 0.2422 0.6771 -0.6949
vn 0.0720 0.9946 -0.0745
vn 0.0078 0.9836 0.1801
vn -0.5153 0.2439 0.8216
vn -0.6459 0.2945 0.7043
vn -0.1088 0.9935 0.0323
vn -0.0184 0.9664 -0.2565
vn -0.0144 0.9725 -0.2324
vn 0.0542 0.9971 -0.0537
vn 0.2987 -0.2383 0.9241
vn -0.0952 0.9505 -0.2959
vn 0.3536 -0.3728 0.8579
vn 0.0310 0.9994 -0.0143
vn 0.1413 0.8892 0.4351
vn 0.2067 0.2843 0.9362
vn 0.1874 -0.3223 0.9279
vn 0.1281 0.7748 0.6191
vn 0.1202 0.7601 0.6386
vn 0.1150 0.5553 0.8237
vn 0.1429 0.4644 0.8740
vn 0.1241 0.4469 0.8860
vn 0.1458 0.4044 0.9029
vn 0.1396 0.3565 0.9238
vn 0.1294 -0.4048 0.9052
vn 0.1299 0.3478 0.9285
vn 0.1330 0.3024 0.9439
vn 0.1331 0.3023 0.9439
vn 0.1205 -0.3214 0.9393
vn 0.1228 -0.3202 0.9394
vn 0.1369 0.2517 0.9581
vn 0.1449 0.2167 0.9654
vn 0.1384 0.1804 0.9738
vn 0.1475 0.1172 0.9821
vn 0.1248 0.1031 0.9868
vn 0.1435 0.0138 0.9896
vn 0.1394 -0.0660 0.9880
vn 0.1409 -0.0674 0.9877
vn 0.1411 -0.1169 0.9831
vn 0.1313 0.6010 -0.7884
vn 0.1167 0.6421 -0.7577
vn 0.1079 0.6888 -0.7168
vn 0.1144 0.7375 -0.6656
vn 0.1222 0.8084 -0.5758
vn 0.1160 0.8218 -0.5579
vn 0.1289 0.8084 -0.5743
vn 0.1459 0.8225 -0.5497
vn 0.1458 0.7731 -0.6173
vn 0.1541 0.8008 -0.5788
vn 0.1382 0.8484 -0.5109
vn 0.1677 0.7851 -0.5963
vn 0.0018 0.9818 0.1900
vn -0.0672 0.8922 0.4466
vn -0.3544 0.2123 0.9107
vn -0.4678 0.2658 0.8429
vn -0.4893 0.1183 0.8641
vn -0.5285 0.0660 0.8464
vn -0.5170 0.0279 0.8556
vn -0.5986 -0.0379 0.8002
vn -0.5446 0.0722 0.8356
vn -0.2204 0.9705 0.0983
vn 0.0228 0.9786 -0.2043
vn 0.0477 0.9976 0.0507
vn -0.4648 0.8211 -0.3314
vn -0.2570 0.6982 -0.6682
vn 0.3067 0.2658 0.9139
vn 0.2924 0.3875 0.8743
vn 0.2623 0.5378 0.8012
vn 0.2244 -0.5555 0.8006
vn 0.2383 -0.5968 0.7662
vn -0.0179 0.9932 -0.1148
vn 0.2062 0.6818 0.7018
vn 0.2214 0.6916 0.6875
vn 0.1177 0.8341 0.5389
vn 0.1754 -0.6878 0.7044
vn 0.1681 0.7500 0.6397
vn 0.1562 0.6733 0.7227
vn 0.1825 0.7612 0.6223
vn 0.1139 0.7713 0.6262
vn 0.0993 0.7496 0.6544
vn 0.1133 0.7381 0.6651
vn 0.1024 0.7341 0.6712
vn 0.1055 0.7174 0.6887
vn 0.1122 0.6380 0.7618
vn 0.1125 0.6378 0.7619
vn 0.1200 0.5922 0.7968
vn 0.1063 -0.6761 0.7291
vn 0.1128 0.5870 0.8017
vn 0.1145 0.5557 0.8234
vn 0.1226 -0.6158 0.7783
vn 0.1154 -0.4939 0.8618
vn 0.1325 0.3940 0.9095
vn 0.1159 -0.3941 0.9117
vn 0.1277 0.2406 0.9622
vn 0.1520 -0.2609 0.9533
vn 0.1238 0.1687 0.9779
vn 0.1434 -0.2063 0.9679
vn 0.1116 -0.2265 0.9676
vn 0.1390 0.0098 0.9902
vn 0.1245 -0.1300 0.9837
vn 0.1237 0.5743 -0.8092
vn 0.1113 0.6474 -0.7540
vn -0.1419 0.7403 0.6572
vn -0.1772 0.5415 0.8218
vn -0.2142 0.6073 0.7651
vn -0.2504 0.4279 0.8684
vn -0.3569 0.3238 0.8762
vn -0.5672 -0.0609 0.8213
vn -0.2161 0.9007 0.3769
vn 0.0354 0.9833 -0.1783
vn 0.0496 0.9928 -0.1089
vn 0.0491 0.9987 -0.0112
vn -0.2911 0.3604 -0.8862
vn 0.3296 -0.1461 0.9328
vn 0.3125 -0.0081 0.9499
vn 0.3421 0.1489 0.9278
vn -0.2092 0.7950 -0.5694
vn 0.2529 -0.4287 0.8673
vn 0.3000 -0.2450 0.9219
vn 0.3264 0.3394 0.8822
vn 0.2681 0.5338 0.8020
vn 0.1424 -0.5555 0.8192
vn 0.1382 0.7522 0.6443
vn 0.1081 0.7162 0.6895
vn 0.1027 0.6782 0.7276
vn 0.1132 0.6848 0.7199
vn 0.0845 -0.7188 0.6901
vn 0.0857 -0.6601 0.7463
vn 0.1213 0.5093 0.8520
vn 0.1100 -0.5762 0.8099
vn 0.0953 -0.5500 0.8297
vn 0.1069 -0.4984 0.8603
vn 0.0847 0.8122 -0.5772
vn 0.0883 0.8091 -0.5810
vn -0.0633 0.8950 0.4415
vn -0.1041 0.6815 0.7244
vn -0.3499 0.2140 0.9120
vn -0.3590 0.0531 0.9318
vn -0.3609 0.0518 0.9312
vn -0.3842 -0.0806 0.9197
vn -0.4376 -0.0593 0.8972
vn -0.4169 0.0833 0.9051
vn -0.4265 0.0922 0.8998
vn -0.4026 0.5122 0.7587
vn -0.0215 0.9897 -0.1418
vn 0.0451 0.9956 -0.0823
vn 0.0548 0.9976 0.0415
vn 0.0538 0.9952 0.0818
vn -0.0583 0.9158 -0.3974
vn 0.2726 -0.4811 0.8332
vn -0.0629 0.9542 -0.2924
vn 0.0647 0.9766 0.2052
vn 0.0696 0.9503 0.3034
vn 0.1280 0.2107 0.9691
vn 0.1431 -0.2240 0.9640
vn 0.0859 -0.6601 0.7462
vn 0.0901 0.3950 0.9142
vn 0.1026 0.3045 0.9470
vn 0.0981 -0.3202 0.9423
vn 0.1065 0.2420 0.9644
vn 0.0980 0.2150 -0.9717
vn 0.0761 0.7390 -0.6694
vn 0.0758 0.7391 -0.6693
vn 0.0787 0.7811 -0.6195
vn 0.0762 0.7800 -0.6211
vn 0.0724 0.8086 -0.5839
vn 0.0823 0.8236 -0.5611
vn 0.0854 0.8246 -0.5593
vn 0.0888 0.8095 -0.5803
vn 0.0997 0.8021 -0.5888
vn 0.0891 0.7291 -0.6786
vn 0.0989 0.7949 -0.5986
vn 0.0750 0.9547 -0.2880
vn 0.0692 0.9759 -0.2072
vn -0.1752 0.3855 0.9059
vn -0.2282 0.1762 0.9575
vn -0.4050 0.5084 0.7599
vn -0.0319 0.9764 -0.2138
vn 0.0344 0.9836 -0.1769
vn -0.0954 0.8030 -0.5883
vn 0.1560 -0.3526 0.9227
vn 0.1947 -0.1001 0.9757
vn 0.1601 0.3431 0.9256
vn 0.0986 -0.4667 0.8789
vn 0.0915 -0.6079 0.7888
vn 0.1205 0.6932 0.7106
vn 0.0775 0.2577 0.9631
vn 0.1117 0.7553 0.6458
vn 0.0821 0.7720 0.6303
vn 0.0743 0.7740 0.6288
vn 0.0739 0.7513 0.6558
vn 0.0619 0.7491 0.6596
vn 0.0685 0.6806 0.7294
vn 0.0602 0.6384 0.7673
vn 0.0585 0.6395 0.7666
vn 0.0761 0.5044 0.8601
vn 0.0826 -0.6007 0.7952
vn 0.0668 0.4745 0.8777
vn 0.0903 0.4481 0.8894
vn 0.0934 -0.4939 0.8645
vn 0.0781 0.3871 0.9187
vn 0.0903 0.3475 0.9333
vn 0.0842 -0.3945 0.9150
vn 0.0748 -0.3422 0.9366
vn 0.0992 0.2488 0.9635
vn 0.0816 0.2212 0.9718
vn 0.1017 0.1695 0.9803
vn 0.1040 0.1682 0.9802
vn 0.1097 -0.2267 0.9678
vn 0.0992 0.1034 0.9897
vn 0.0959 -0.1285 0.9871
vn 0.0939 -0.1302 0.9870
vn 0.0791 -0.1940 0.9778
vn 0.0822 0.0847 0.9930
vn 0.0859 0.0086 0.9963
vn 0.0856 0.0089 0.9963
vn 0.0849 -0.0681 0.9941
vn 0.0870 -0.0659 0.9940
vn 0.0883 0.6005 -0.7947
vn 0.0796 0.8145 -0.5747
vn 0.0557 0.9867 -0.1524
vn 0.0574 0.9942 -0.0913
vn 0.0322 0.9737 0.2257
vn 0.0210 0.8485 0.5288
vn -0.1070 0.2181 0.9700
vn -0.2054 0.0489 0.9774
vn -0.2610 -0.0685 0.9629
vn -0.2332 0.0073 0.9724
vn -0.2904 0.0785 0.9537
vn -0.2288 0.2096 0.9506
vn -0.1857 0.0215 0.9824
vn -0.0186 0.9905 -0.1363
vn 0.0202 0.9918 0.1260
vn -0.0942 0.8042 -0.5869
vn 0.1543 -0.1691 0.9734
vn 0.1547 0.1409 0.9779
vn 0.1846 0.2921 0.9384
vn 0.1702 0.3697 0.9134
vn 0.1312 -0.5333 0.8357
vn 0.1435 0.5493 0.8232
vn 0.1363 0.5569 0.8193
vn 0.0814 -0.6756 0.7328
vn 0.1663 0.6134 0.7721
vn 0.0528 0.9371 0.3450
vn 0.0616 -0.7548 0.6531
vn 0.0551 0.8760 0.4792
vn 0.0529 0.8728 0.4852
vn 0.1316 0.7001 0.7018
vn 0.0658 -0.2171 0.9739
vn 0.0801 0.7475 0.6594
vn 0.0627 0.7390 0.6707
vn 0.0693 0.7357 0.6738
vn 0.0670 0.7217 0.6890
vn 0.0719 0.7195 0.6907
vn 0.0581 -0.7994 0.5980
vn 0.0642 0.6835 0.7271
vn 0.0600 0.6021 0.7961
vn 0.0745 0.4325 0.8985
vn 0.0776 -0.3906 0.9173
vn 0.0743 0.3290 0.9414
vn 0.0777 -0.2877 0.9546
vn 0.0841 0.1239 0.9887
vn 0.0573 0.8936 -0.4452
vn 0.1297 0.6783 -0.7232
vn 0.0170 0.8424 0.5386
vn 0.0187 0.6503 0.7595
vn -0.0228 0.5484 0.8359
vn -0.0712 0.3141 0.9467
vn -0.0290 0.3456 0.9379
vn -0.1085 0.2204 0.9694
vn -0.2216 -0.0950 0.9705
vn -0.0230 0.9756 -0.2185
vn -0.0346 0.9578 -0.2854
vn 0.0374 0.9993 -0.0091
vn 0.1807 0.0061 0.9835
vn 0.1663 -0.3837 0.9083
vn 0.0056 0.9149 -0.4037
vn 0.0151 0.9946 -0.1026
vn 0.0673 0.5694 0.8193
vn 0.0480 -0.5691 0.8209
vn 0.0785 0.2545 0.9639
vn 0.0463 -0.2655 0.9630
vn 0.0445 -0.6658 0.7448
vn 0.0405 0.8184 -0.5732
vn 0.0405 0.8210 -0.5695
vn 0.0396 0.7431 -0.6680
vn 0.1083 0.7872 -0.6071
vn 0.0730 0.1191 0.9902
vn -0.0667 -0.0331 0.9972
vn -0.1700 0.0304 0.9850
vn -0.1233 0.0874 0.9885
vn -0.1705 0.2462 0.9541
vn -0.0872 0.5936 0.8000
vn -0.0507 0.9721 -0.2289
vn -0.0126 0.9788 -0.2044
vn 0.0150 0.9978 -0.0647
vn 0.0137 0.9996 0.0265
vn 0.0176 -0.9987 0.0488
vn -0.0036 0.7613 -0.6484
vn 0.0270 -0.5542 0.8320
vn 0.0301 0.6934 0.7199
vn 0.0478 0.6062 0.7939
vn 0.0376 -0.5943 0.8034
vn 0.0453 -0.6664 0.7442
vn 0.0389 0.5548 0.8311
vn 0.0617 -0.5475 0.8346
vn 0.0421 0.4301 0.9018
vn 0.0477 -0.5051 0.8617
vn 0.0489 0.3904 0.9194
vn 0.0514 0.3282 0.9432
vn 0.0461 0.6565 -0.7529
vn 0.0443 0.6907 -0.7218
vn 0.0327 0.7426 -0.6689
vn 0.0125 0.8248 -0.5653
vn 0.0273 0.9834 0.1793
vn 0.1179 0.7062 0.6982
vn 0.1405 0.4743 0.8691
vn 0.1362 0.3605 0.9228
vn 0.1158 0.2008 0.9728
vn -0.0482 -0.1341 0.9898
vn -0.0819 -0.1130 0.9902
vn -0.0877 -0.0767 0.9932
vn 0.0115 0.9927 0.1204
vn 0.0010 -0.3332 0.9429
vn 0.0259 0.9401 -0.3398
vn -0.0389 -0.5086 0.8601
vn -0.0492 -0.7417 0.6689
vn -0.0330 -0.1991 0.9794
vn 0.0354 0.7512 0.6591
vn 0.0134 0.7705 0.6373
vn 0.0132 0.7546 0.6561
vn 0.0169 0.7173 0.6966
vn 0.0140 0.6911 0.7226
vn 0.0315 -0.7606 0.6484
vn 0.0332 -0.6179 0.7855
vn 0.0402 0.5230 0.8514
vn 0.0499 -0.6015 0.7973
vn 0.0401 -0.5152 0.8561
vn 0.0370 0.1618 0.9861
vn 0.0355 0.1323 0.9906
vn 0.2032 0.3278 0.9226
vn 0.1804 0.2406 0.9537
vn 0.1984 0.0517 0.9788
vn 0.1407 -0.0157 0.9899
vn 0.1087 -0.2012 0.9735
vn 0.0602 -0.1653 0.9844
vn -0.0205 0.0666 0.9976
vn -0.0327 0.9983 0.0477
vn -0.0482 0.9883 -0.1447
vn -0.0417 0.9848 -0.1685
vn -0.0257 0.9551 -0.2951
vn 0.0075 0.9995 0.0298
vn 0.0249 0.9893 0.1434
vn 0.0384 0.7985 -0.6007
vn -0.0511 -0.1672 0.9846
vn -0.0306 0.0454 0.9985
vn -0.0372 0.2807 0.9591
vn 0.0054 0.5284 0.8490
vn -0.0224 -0.6141 0.7889
vn 0.0276 0.9994 0.0207
vn -0.0633 -0.6705 0.7392
vn 0.0096 0.6309 0.7758
vn 0.0170 0.9908 0.1340
vn 0.0273 0.9965 0.0794
vn 0.0151 0.9758 0.2182
vn -0.0139 0.2033 0.9790
vn -0.0534 -0.0070 0.9985
vn 0.0069 0.7725 0.6350
vn 0.0064 0.7524 0.6587
vn 0.0103 0.7424 0.6698
vn 0.0027 0.6055 0.7958
vn 0.0215 0.5870 0.8093
vn 0.0215 0.5740 0.8186
vn 0.0342 0.5187 0.8543
vn 0.0317 0.4804 0.8765
vn 0.0396 0.4728 0.8803
vn 0.0422 0.4300 0.9018
vn 0.0385 -0.5156 0.8560
vn 0.0289 -0.3995 0.9163
vn 0.0279 -0.2993 0.9537
vn 0.0439 0.2223 0.9740
vn 0.0351 -0.2424 0.9695
vn 0.0274 -0.1939 0.9806
vn 0.0264 -0.1930 0.9808
vn 0.0296 -0.0662 0.9974
vn 0.0188 0.7517 -0.6592
vn 0.0214 0.7783 -0.6276
vn 0.0095 0.7862 -0.6179
vn 0.0228 0.8117 -0.5836
vn 0.0219 0.8262 -0.5630
vn 0.0282 0.8076 -0.5890
vn -0.0310 0.8373 -0.5459
vn 0.0348 0.7814 -0.6230
vn 0.0684 0.9878 0.1397
vn 0.1241 0.8418 0.5253
vn 0.1842 0.5599 0.8078
vn 0.2555 0.1876 0.9484
vn 0.0496 0.0809 0.9955
vn 0.1472 -0.0232 0.9888
vn -0.0377 0.9873 -0.1542
vn 0.0637 0.5478 -0.8342
vn -0.0387 -0.2063 0.9777
vn -0.0368 0.0312 0.9988
vn -0.0150 0.3124 0.9498
vn -0.0834 -0.3934 0.9156
vn -0.0410 0.3883 0.9206
vn -0.0146 0.5571 0.8303
vn 0.0221 0.9884 -0.1500
vn -0.0050 0.6150 0.7885
vn -0.0429 -0.7381 0.6733
vn -0.0269 0.8488 0.5280
vn -0.0024 0.7107 0.7035
vn -0.0510 0.5025 0.8631
vn -0.0179 0.5902 0.8070
vn -0.0539 -0.6315 0.7735
vn 0.0042 0.7389 0.6738
vn 0.0014 0.7373 0.6756
vn 0.0067 0.7214 0.6925
vn 0.0024 0.6855 0.7281
vn 0.0019 0.6418 0.7669
vn 0.0072 0.6372 0.7707
vn 0.0023 -0.5610 0.8278
vn 0.0209 -0.4196 0.9075
vn 0.0288 0.3717 0.9279
vn 0.0096 -0.3644 0.9312
vn 0.0368 0.3134 0.9489
vn 0.0297 -0.3390 0.9403
vn 0.0391 0.2429 0.9693
vn 0.0283 0.2515 0.9674
vn 0.0224 -0.3074 0.9513
vn 0.0239 -0.2554 0.9665
vn 0.0260 0.1775 0.9838
vn 0.0302 -0.1324 0.9907
vn 0.0141 0.1092 0.9939
vn 0.0295 0.0853 0.9959
vn 0.0227 0.0104 0.9997
vn 0.0244 0.0083 0.9997
vn 0.0253 -0.0606 0.9978
vn 0.0246 -0.1246 0.9919
vn 0.0105 0.8071 -0.5904
vn 0.0548 0.7964 -0.6023
vn -0.0306 0.9584 -0.2838
vn -0.0254 0.9668 -0.2543
vn 0.0771 0.9541 0.2894
vn 0.1633 0.8017 0.5750
vn 0.1810 0.6330 0.7527
vn 0.2327 0.3583 0.9042
vn 0.1600 -0.0478 0.9860
vn 0.1174 0.2451 0.9624
vn 0.0911 0.3951 0.9141
vn 0.4314 0.0196 0.9019
vn -0.0480 0.9856 -0.1622
vn -0.0041 0.9677 -0.2521
vn -0.0102 0.9971 -0.0748
vn 0.0531 0.9978 0.0396
vn 0.2420 0.4019 -0.8832
vn 0.3803 0.9249 -0.0046
vn -0.0815 -0.3971 0.9142
vn -0.1211 -0.5478 0.8278
vn -0.1088 -0.4951 0.8620
vn -0.0965 -0.5685 0.8170
vn -0.0312 0.8081 -0.5882
vn -0.1156 0.6779 -0.7260
vn -0.0665 0.8192 -0.5697
vn 0.4079 0.3470 0.8445
vn 0.2349 -0.2159 0.9477
vn 0.2423 -0.0769 0.9672
vn 0.4504 0.2265 0.8636
vn 0.4319 0.1880 0.8821
vn 0.4622 -0.0068 0.8867
vn 0.3908 -0.0357 0.9198
vn 0.3578 -0.3027 0.8834
vn 0.0608 0.9504 0.3049
vn -0.0023 0.9647 -0.2635
vn 0.4195 0.7808 -0.4630
vn 0.0970 0.9922 -0.0784
vn 0.1302 0.6687 -0.7320
vn 0.1481 0.7937 -0.5901
vn -0.2229 0.3274 0.9182
vn -0.1699 -0.5004 0.8489
vn -0.1710 -0.6390 0.7500
vn -0.1295 0.6139 0.7787
vn -0.0227 0.9410 0.3375
vn -0.1635 -0.7238 0.6703
vn -0.0425 0.8627 0.5039
vn -0.1026 0.4748 0.8741
vn -0.0572 0.7532 0.6553
vn -0.0185 -0.6205 0.7840
vn -0.0206 0.1745 0.9844
vn -0.0391 0.6936 -0.7193
vn -0.0389 0.7443 -0.6667
vn -0.0304 0.8143 -0.5796
vn -0.0248 0.8165 -0.5768
vn -0.0263 0.8224 -0.5683
vn -0.0338 0.8247 -0.5645
vn -0.0754 0.8000 -0.5952
vn -0.0696 0.9385 -0.3381
vn -0.1011 0.7082 -0.6988
vn 0.2122 0.8265 0.5214
vn 0.2938 0.6584 0.6929
vn 0.2927 0.6267 0.7222
vn 0.3479 0.5130 0.7847
vn 0.3415 0.4633 0.8177
vn 0.2668 -0.0683 0.9613
vn 0.2648 0.1428 0.9537
vn 0.4013 0.3289 0.8548
vn 0.5362 -0.2960 0.7905
vn 0.6344 0.1428 0.7597
vn 0.6331 -0.1560 0.7582
vn -0.0038 1.0000 -0.0011
vn -0.2303 -0.2435 0.9422
vn -0.2241 0.0355 0.9739
vn -0.2133 0.0196 0.9768
vn -0.1866 0.3497 0.9181
vn -0.2378 -0.4147 0.8783
vn -0.1612 0.5427 0.8243
vn -0.1757 -0.7312 0.6591
vn -0.1270 0.0072 0.9919
vn -0.0974 0.6970 0.7104
vn -0.0781 0.7417 0.6661
vn -0.0767 0.7673 0.6366
vn -0.0602 0.7733 0.6312
vn -0.0588 0.7528 0.6557
vn -0.0607 0.7356 0.6747
vn -0.0601 0.7353 0.6750
vn -0.0593 0.7148 0.6968
vn -0.0225 -0.7993 0.6005
vn -0.0583 0.6889 0.7225
vn -0.0543 0.6496 0.7583
vn -0.0179 -0.7100 0.7040
vn -0.0333 0.5244 0.8508
vn -0.0324 0.5252 0.8504
vn -0.0286 0.4855 0.8738
vn -0.0232 0.4808 0.8765
vn -0.0180 0.4319 0.9017
vn -0.0228 0.4278 0.9036
vn -0.0342 -0.5123 0.8581
vn -0.0189 -0.5025 0.8644
vn -0.0113 0.3723 0.9280
vn -0.0339 -0.3582 0.9330
vn -0.0277 0.3185 0.9475
vn -0.0211 -0.1942 0.9807
vn -0.0086 0.1094 0.9940
vn -0.0230 -0.1241 0.9920
vn -0.0481 0.5715 -0.8192
vn -0.0474 0.6492 -0.7591
vn -0.0398 0.8027 -0.5950
vn -0.0591 0.8064 -0.5885
vn -0.0589 0.8062 -0.5887
vn -0.1017 0.8521 -0.5134
vn -0.0601 0.7419 -0.6678
vn 0.4181 -0.3335 0.8450
vn 0.3953 -0.1200 0.9107
vn 0.5389 0.3581 0.7624
vn 0.5656 0.2004 0.7999
vn 0.5989 -0.5129 0.6150
vn 0.1067 0.9538 0.2809
vn 0.6504 0.1222 0.7497
vn 0.7394 0.0684 0.6698
vn 0.7292 -0.2262 0.6458
vn -0.0453 0.9617 -0.2702
vn -0.0502 0.9571 -0.2854
vn -0.0239 0.9985 -0.0491
vn -0.2559 -0.2183 0.9417
vn -0.3197 0.3680 0.8731
vn -0.2119 -0.5410 0.8139
vn 0.0901 0.9285 -0.3602
vn 0.0599 0.9964 -0.0595
vn -0.3041 -0.6430 0.7030
vn -0.1480 0.6300 0.7623
vn -0.0997 0.8216 0.5613
vn -0.1144 0.7052 0.6997
vn -0.1883 -0.4136 0.8908
vn -0.0932 0.7480 0.6572
vn -0.0635 0.7177 0.6934
vn -0.0573 0.6898 0.7217
vn -0.0197 -0.6679 0.7440
vn -0.0364 0.5618 0.8264
vn -0.0346 -0.5516 0.8334
vn -0.0211 -0.5638 0.8256
vn -0.0264 0.3855 0.9224
vn -0.0204 -0.4396 0.8980
vn -0.0225 0.2418 0.9701
vn -0.0323 -0.2875 0.9572
vn -0.0158 -0.3078 0.9513
vn -0.0359 -0.2238 0.9740
vn -0.0144 -0.2550 0.9668
vn -0.0360 0.1487 0.9882
vn -0.0380 -0.1727 0.9842
vn -0.0346 0.0806 0.9961
vn -0.0286 0.0048 0.9996
vn -0.0378 0.0126 0.9992
vn -0.0263 -0.0611 0.9978
vn -0.0431 -0.0848 0.9955
vn -0.0429 0.7458 -0.6648
vn -0.0490 0.8022 -0.5951
vn -0.0354 0.9857 -0.1649
vn -0.0194 0.9979 -0.0621
vn 0.1139 0.9642 0.2393
vn -0.2970 0.4288 -0.8532
vn 0.1146 0.9627 0.2450
vn 0.2617 0.7836 0.5634
vn 0.4717 0.4589 0.7529
vn 0.4541 -0.0914 0.8862
vn 0.3369 0.1832 0.9235
vn 0.3579 0.2770 0.8917
vn 0.4711 0.4217 0.7747
vn 0.5983 -0.5065 0.6209
vn 0.0970 0.9889 0.1123
vn 0.6127 0.3294 0.7184
vn 0.8332 -0.5096 0.2148
vn 0.0749 0.9969 0.0232
vn 0.7151 0.1849 0.6741
vn 0.8321 0.0913 0.5471
vn 0.8591 -0.0399 0.5103
vn 0.8831 -0.1007 0.4583
vn 0.8514 -0.3262 0.4107
vn -0.0727 0.9650 -0.2519
vn -0.0550 0.9623 -0.2663
vn -0.0646 0.9779 -0.1989
vn 0.1252 0.9884 -0.0855
vn 0.2973 0.6425 -0.7063
vn -0.3346 -0.0671 0.9400
vn -0.3628 0.0306 0.9313
vn -0.2879 0.2678 0.9195
vn 0.1662 0.7662 -0.6207
vn 0.1720 0.9419 -0.2886
vn 0.0708 0.8720 -0.4844
vn -0.2084 0.6121 0.7628
vn -0.1689 0.5886 0.7906
vn -0.2458 -0.5794 0.7771
vn -0.1507 0.5154 0.8436
vn -0.2179 -0.1762 0.9599
vn -0.0455 -0.7596 0.6488
vn -0.0455 -0.7305 0.6814
vn -0.0617 0.6044 0.7943
vn -0.0542 -0.4190 0.9064
vn -0.0429 -0.3614 0.9314
vn -0.0363 0.2587 0.9653
vn -0.0386 0.2132 0.9762
vn -0.0841 0.8262 -0.5571
vn -0.1418 0.8044 -0.5768
vn -0.2221 0.6705 -0.7079
vn -0.1989 0.6432 -0.7394
vn -0.1460 0.8079 -0.5709
vn -0.1951 0.7177 -0.6685
vn 0.3831 0.6686 0.6373
vn 0.4119 0.5202 0.7482
vn 0.3832 -0.4752 0.7920
vn 0.6270 -0.2561 0.7357
vn 0.6059 -0.1427 0.7826
vn 0.5052 0.3349 0.7953
vn 0.8190 -0.5682 -0.0800
vn 0.7078 0.3537 0.6114
vn 0.7375 0.2957 0.6071
vn 0.7801 0.1683 0.6026
vn 0.9272 -0.2326 0.2937
vn 0.8924 -0.4047 0.1996
vn 0.8583 -0.0429 0.5114
vn -0.0370 0.9874 -0.1541
vn 0.5600 0.4927 -0.6660
vn 0.2813 0.6559 -0.7005
vn 0.2910 0.6615 -0.6912
vn -0.3119 0.3724 0.8741
vn -0.2304 -0.5352 0.8127
vn -0.2753 0.5764 0.7694
vn -0.2975 0.5605 0.7729
vn 0.0785 0.9939 -0.0774
vn 0.0076 0.9908 0.1351
vn -0.1832 0.6983 0.6920
vn -0.1928 0.7042 0.6834
vn -0.2810 0.1205 0.9521
vn -0.2556 -0.1370 0.9570
vn -0.0664 0.6416 0.7642
vn -0.0633 0.6026 0.7956
vn -0.0637 0.5764 0.8147
vn -0.0534 -0.6123 0.7888
vn -0.0658 -0.4343 0.8984
vn -0.0568 -0.3929 0.9178
vn -0.0807 -0.2805 0.9564
vn -0.0668 -0.2320 0.9704
vn -0.0567 0.8066 -0.5884
vn -0.1822 0.8200 -0.5426
vn -0.2402 0.6253 -0.7425
vn -0.0097 0.9936 -0.1124
vn 0.0423 0.9918 0.1210
vn 0.6519 0.1355 0.7461
vn 0.8669 -0.4625 0.1859
vn 0.5348 -0.5572 0.6352
vn 0.6233 0.3904 0.6775
vn 0.6461 0.4339 0.6279
vn 0.8729 -0.4835 -0.0650
vn 0.8321 -0.0335 0.5536
vn 0.7967 -0.1464 0.5864
vn 0.7767 -0.2727 0.5678
vn 0.6628 -0.4355 0.6091
vn -0.0387 0.9978 -0.0543
vn 0.0521 0.9965 -0.0648
vn 0.6590 0.2962 -0.6914
vn 0.7151 0.2351 -0.6583
vn 0.7074 -0.0050 -0.7068
vn 0.6985 0.2012 -0.6868
vn 0.4186 0.6398 -0.6445
vn -0.4769 0.1415 0.8675
vn -0.3879 -0.3709 0.8438
vn -0.3744 -0.5685 0.7326
vn -0.3185 -0.6316 0.7069
vn -0.0595 0.9665 0.2498
vn -0.1357 0.8437 0.5194
vn -0.1221 0.7677 0.6291
vn -0.1139 0.7507 0.6507
vn -0.0837 -0.7823 0.6172
vn -0.0720 -0.5027 0.8615
vn -0.0887 0.8041 -0.5879
vn -0.0861 0.8106 -0.5793
vn -0.1427 0.8199 -0.5545
vn -0.1933 0.8389 -0.5088
vn -0.2093 0.7827 -0.5862
vn -0.1314 0.9367 -0.3245
vn 0.4192 0.6423 0.6416
vn 0.4291 0.6955 0.5763
vn 0.5220 0.5558 0.6470
vn 0.5132 0.5052 0.6938
vn 0.7256 0.1606 0.6692
vn 0.7310 -0.1759 0.6594
vn 0.5571 -0.2351 0.7965
vn 0.2191 0.9748 -0.0420
vn 0.5915 0.7731 0.2290
vn 0.6959 0.4131 0.5874
vn 0.1999 0.9757 -0.0895
vn 0.7847 0.3139 0.5345
vn 0.7876 0.3293 0.5209
vn 0.8233 0.1619 0.5441
vn 0.8127 0.1891 0.5511
vn 0.8327 -0.0383 0.5523
vn 0.7727 -0.3522 0.5281
vn -0.0678 0.9908 -0.1175
vn 0.0566 0.9884 -0.1410
vn 0.6767 0.3273 -0.6595
vn 0.8159 0.1100 -0.5677
vn 0.6748 0.4180 -0.6082
vn 0.6023 0.5602 -0.5687
vn 0.4210 0.6401 -0.6426
vn -0.3936 0.3653 0.8436
vn 0.2210 0.8541 -0.4708
vn -0.4149 0.3989 0.8178
vn 0.0784 0.9854 -0.1512
vn -0.4100 -0.5378 0.7366
vn -0.2750 0.6352 0.7217
vn 0.0103 0.9838 0.1789
vn -0.2634 0.5463 0.7950
vn -0.3180 0.1788 0.9311
vn -0.3297 -0.2677 0.9053
vn -0.1643 0.7480 0.6431
vn -0.1506 0.7427 0.6524
vn -0.1430 0.7701 0.6216
vn -0.1182 0.7490 0.6520
vn -0.1024 0.7340 0.6714
vn -0.0620 -0.7796 0.6232
vn -0.0980 0.6829 0.7239
vn -0.0948 0.5615 0.8220
vn -0.0774 -0.6335 0.7699
vn -0.0899 0.5229 0.8477
vn -0.0911 -0.5744 0.8135
vn -0.0921 0.4861 0.8690
vn -0.0870 -0.5113 0.8550
vn -0.0679 0.3231 0.9439
vn -0.0758 -0.3325 0.9401
vn -0.0885 0.2352 0.9679
vn -0.0734 -0.2753 0.9585
vn -0.0889 0.2129 0.9730
vn -0.0755 0.0077 0.9971
vn -0.0820 0.0018 0.9966
vn -0.0818 -0.0812 0.9933
vn -0.1079 0.5391 -0.8353
vn -0.0922 0.7791 -0.6201
vn -0.1012 0.8200 -0.5633
vn -0.1289 0.8089 -0.5736
vn -0.1084 0.9367 -0.3328
vn -0.1321 0.9416 -0.3098
vn 0.3116 0.8279 0.4664
vn 0.3147 0.8194 0.4791
vn 0.7639 0.0731 0.6412
vn 0.6251 0.5346 0.5687
vn 0.6249 0.5347 0.5689
vn 0.7786 -0.0887 0.6212
vn 0.7605 -0.1125 0.6396
vn 0.4640 0.8475 0.2577
vn 0.1581 0.9832 -0.0916
vn 0.7198 0.4541 0.5251
vn 0.8447 -0.1294 0.5194
vn 0.7823 -0.3472 0.5172
vn 0.7819 -0.3536 0.5134
vn 0.8568 0.2821 0.4317
vn 0.8296 -0.0483 0.5563
vn -0.1038 0.9631 -0.2483
vn -0.1701 0.9701 -0.1734
vn -0.1480 0.9795 -0.1364
vn 0.2313 0.9470 -0.2230
vn -0.0395 -0.9982 0.0446
vn 0.7895 0.3107 -0.5293
vn 0.8261 0.0983 -0.5548
vn 0.8207 0.0789 -0.5659
vn 0.8586 -0.0792 -0.5065
vn 0.2365 0.9455 -0.2239
vn 0.7817 0.2912 -0.5515
vn 0.7609 0.0245 -0.6484
vn 0.6966 0.2654 -0.6665
vn 0.6253 0.5711 -0.5318
vn 0.4976 0.6228 -0.6038
vn -0.5514 -0.3666 0.7493
vn -0.5290 -0.1193 0.8402
vn -0.5368 -0.0916 0.8387
vn -0.4831 0.1578 0.8613
vn 0.3215 0.7842 -0.5307
vn 0.3247 0.8412 -0.4324
vn -0.3618 0.5871 0.7241
vn 0.1432 0.9851 -0.0953
vn -0.2765 0.6343 0.7219
vn -0.0846 0.9409 0.3280
vn -0.2650 0.7054 0.6574
vn -0.2444 0.7524 0.6116
vn -0.2859 0.5878 0.7568
vn -0.3289 -0.6228 0.7099
vn -0.4037 0.0152 0.9148
vn -0.3952 -0.2038 0.8957
vn -0.1101 0.7214 0.6837
vn -0.1039 0.6541 0.7492
vn -0.0759 -0.6703 0.7382
vn -0.0780 -0.6688 0.7393
vn -0.0980 0.5342 0.8397
vn -0.0929 0.4850 0.8696
vn -0.0874 -0.5488 0.8314
vn -0.0931 0.4329 0.8966
vn -0.0780 0.4553 0.8869
vn -0.0792 0.3834 0.9202
vn -0.0734 0.3867 0.9193
vn -0.0950 -0.1930 0.9766
vn -0.0708 0.1449 0.9869
vn -0.0864 0.1326 0.9874
vn -0.0925 -0.0891 0.9917
vn -0.0770 -0.1753 0.9815
vn -0.0755 0.0750 0.9943
vn -0.1089 0.7543 -0.6474
vn -0.1034 0.7880 -0.6069
vn -0.0989 0.7999 -0.5919
vn -0.2332 0.7801 -0.5806
vn 0.0623 0.9959 0.0662
vn 0.1439 0.9561 0.2552
vn 0.5668 0.5921 0.5728
vn 0.8318 -0.1031 0.5454
vn 0.8770 0.0283 0.4797
vn 0.8303 0.1901 0.5239
vn 0.7810 0.4297 0.4532
vn 0.1199 0.9923 0.0305
vn 0.7813 0.4485 0.4340
vn -0.1940 0.9628 -0.1880
vn 0.8718 -0.3043 0.3838
vn 0.7757 -0.4938 0.3930
vn 0.8606 0.3204 0.3958
vn 0.9200 0.1066 0.3772
vn 0.9160 0.0084 0.4011
vn 0.9224 -0.1129 0.3692
vn 0.8740 -0.2529 0.4148
vn -0.2004 0.9635 -0.1775
vn -0.2339 0.9467 -0.2213
vn -0.0597 0.9793 -0.1934
vn 0.8992 0.0850 -0.4291
vn 0.8288 0.3569 -0.4310
vn 0.9011 0.2025 -0.3834
vn 0.9305 0.0002 -0.3662
vn 0.8575 -0.0822 -0.5079
vn 0.8287 0.4042 -0.3872
vn 0.6915 0.5298 -0.4911
vn 0.5473 0.6294 -0.5517
vn -0.5793 0.0319 0.8145
vn 0.3737 0.8152 -0.4425
vn -0.5189 0.3783 0.7666
vn -0.3690 0.5829 0.7239
vn -0.4655 -0.6159 0.6356
vn -0.3352 0.6603 0.6720
vn -0.2001 0.7470 0.6340
vn -0.1487 0.3322 -0.9314
vn -0.1154 0.8215 -0.5583
vn -0.1237 0.8270 -0.5485
vn -0.1917 0.8073 -0.5581
vn -0.3766 0.5790 -0.7231
vn -0.2041 0.9147 -0.3487
vn -0.1147 0.9714 -0.2077
vn -0.0639 0.9895 -0.1299
vn -0.0424 0.9978 -0.0513
vn 0.1396 0.9688 0.2046
vn 0.5147 0.7029 0.4909
vn 0.6176 0.6602 0.4275
vn 0.8398 0.0238 0.5424
vn 0.7100 0.5426 0.4488
vn 0.7824 -0.5783 0.2311
vn 0.8854 -0.0941 0.4551
vn 0.7496 0.5828 0.3138
vn 0.7116 0.5350 0.4555
vn 0.5442 -0.8047 0.2372
vn 0.7788 -0.4912 0.3900
vn 0.5944 0.8033 -0.0376
vn 0.5700 -0.8052 0.1639
vn 0.9171 0.2319 0.3242
vn 0.9488 -0.1710 0.2656
vn 0.8448 -0.5122 0.1547
vn 0.9607 0.1141 0.2531
vn 0.9516 -0.1801 0.2489
vn 0.9541 0.2943 0.0552
vn 0.9713 0.2216 0.0859
vn 0.9985 0.0387 0.0389
vn 0.9898 -0.1380 -0.0350
vn 0.9984 0.0412 0.0380
vn 0.9400 0.2849 -0.1879
vn 0.9675 0.0836 -0.2386
vn 0.9733 0.0502 -0.2241
vn 0.9553 -0.2022 -0.2158
vn 0.9673 -0.0414 -0.2502
vn 0.9396 0.2984 -0.1679
vn 0.9078 -0.1043 -0.4061
vn 0.9026 -0.1464 -0.4048
vn 0.7805 0.5450 -0.3062
vn 0.7959 0.4708 -0.3807
vn 0.6260 0.6115 -0.4839
vn -0.5647 0.3451 0.7497
vn 0.1477 0.9703 -0.1914
vn -0.4634 -0.5906 0.6606
vn -0.4092 -0.6835 0.6045
vn -0.1667 0.9193 0.3566
vn -0.2652 0.7681 0.5829
vn -0.4509 0.1169 0.8849
vn -0.2328 0.7199 0.6539
vn -0.1822 0.7686 0.6133
vn -0.1748 0.7536 0.6337
vn -0.1445 0.7487 0.6470
vn -0.1444 0.7288 0.6694
vn -0.1129 0.7203 0.6845
vn -0.1100 0.6503 0.7516
vn -0.0999 -0.7232 0.6834
vn -0.1127 0.5741 0.8110
vn -0.1148 -0.6078 0.7858
vn -0.1292 -0.4813 0.8670
vn -0.1091 0.3830 0.9173
vn -0.1201 -0.4361 0.8918
vn -0.1147 -0.3943 0.9118
vn -0.1188 -0.1933 0.9739
vn -0.1543 0.1318 0.9792
vn -0.1204 0.0751 0.9899
vn -0.1488 0.0319 0.9884
vn -0.1232 0.0038 0.9924
vn -0.1523 -0.0566 0.9867
vn -0.1157 -0.0900 0.9892
vn -0.1347 0.6705 -0.7296
vn -0.1357 0.7105 -0.6905
vn -0.1753 0.8312 -0.5277
vn -0.2047 0.8131 -0.5450
vn -0.2461 0.8165 -0.5222
vn -0.2995 0.8060 -0.5106
vn -0.3151 0.7843 -0.5343
vn -0.2812 0.7717 -0.5705
vn 0.3674 0.8274 0.4248
vn 0.3668 0.8330 0.4142
vn 0.4177 0.7826 0.4617
vn 0.7802 0.2629 0.5675
vn 0.9484 -0.0443 0.3139
vn 0.7645 0.5676 0.3055
vn 0.7788 0.5339 0.3293
vn 0.8079 -0.5320 0.2537
vn 0.8361 0.4932 0.2400
vn 0.6061 -0.7823 0.1439
vn 0.1417 0.9889 -0.0444
vn 0.8109 0.4335 0.3930
vn 0.8361 0.4837 0.2587
vn 0.8644 0.3884 0.3192
vn 0.6954 -0.6823 0.2258
vn 0.2082 0.9746 0.0829
vn -0.3446 0.9246 -0.1623
vn 0.8566 -0.5075 -0.0934
vn 0.7667 -0.6420 -0.0023
vn 0.8981 0.4326 0.0789
vn 0.9031 0.4205 0.0868
vn 0.1762 0.9206 -0.3484
vn 0.7892 -0.5035 -0.3516
vn 0.8583 0.3694 -0.3562
vn 0.9107 0.4125 -0.0232
vn 0.8742 0.4624 -0.1482
vn 0.8744 0.4607 -0.1521
vn 0.7384 0.5973 -0.3130
vn 0.6543 0.6189 -0.4346
vn 0.5731 0.6583 -0.4880
vn -0.6949 -0.0911 0.7133
vn -0.6594 -0.1468 0.7373
vn -0.6635 0.0953 0.7421
vn -0.6422 0.3742 0.6690
vn -0.5816 -0.2978 0.7570
vn 0.4696 0.7667 -0.4377
vn -0.5706 -0.5393 0.6193
vn 0.0235 0.9880 0.1526
vn 0.0109 0.9989 0.0453
vn -0.0215 0.9881 0.1521
vn -0.1659 0.9049 0.3919
vn -0.2275 0.7608 0.6078
vn -0.1191 0.7032 0.7009
vn -0.1177 0.6114 0.7825
vn -0.1085 0.6017 0.7913
vn -0.1181 -0.5908 0.7981
vn -0.1165 0.4317 0.8945
vn -0.1241 0.3970 0.9094
vn -0.1290 -0.4124 0.9018
vn -0.1394 0.3499 0.9264
vn -0.1265 0.2986 0.9460
vn -0.1212 0.3053 0.9445
vn -0.1181 -0.3399 0.9330
vn -0.1295 0.2466 0.9604
vn -0.1497 0.2659 0.9523
vn -0.1159 -0.2703 0.9558
vn -0.1563 -0.1528 0.9758
vn -0.3125 0.7991 -0.5135
vn -0.1994 0.9389 -0.2807
vn -0.1618 0.9586 -0.2344
vn 0.1833 0.9640 0.1927
vn -0.5964 0.5934 0.5405
vn 0.2085 0.8254 0.5247
vn 0.6828 0.6226 0.3824
vn 0.6836 0.6764 0.2743
vn 0.7493 0.5653 0.3450
vn 0.9758 -0.1539 0.1552
vn 0.8240 -0.0695 0.5623
vn 0.7202 -0.6908 0.0644
vn 0.2246 0.9710 0.0824
vn 0.8197 0.5046 0.2710
vn 0.4754 0.8757 -0.0841
vn 0.8478 0.5234 0.0856
vn -0.2282 0.9483 -0.2205
vn 0.8027 0.5485 -0.2341
vn -0.6726 0.0805 0.7356
vn 0.4742 0.7957 -0.3767
vn 0.2779 0.9339 -0.2249
vn 0.0892 0.9960 0.0024
vn 0.2532 0.9531 -0.1656
vn -0.3136 0.7101 0.6304
vn -0.3785 0.6482 0.6607
vn -0.4790 -0.5374 0.6941
vn -0.4368 0.4419 0.7836
vn -0.5180 -0.1207 0.8468
vn -0.4567 -0.3915 0.7988
vn -0.1494 -0.3187 0.9360
vn -0.1496 -0.2260 0.9626
vn -0.1266 0.2105 0.9694
vn -0.1574 0.1884 0.9694
vn -0.1494 0.7812 -0.6061
vn -0.1505 0.8004 -0.5803
vn -0.2215 0.8284 -0.5145
vn -0.2673 0.8136 -0.5163
vn -0.4766 0.5631 -0.6751
vn -0.3699 0.7778 -0.5082
vn -0.3797 0.7040 -0.6002
vn -0.5128 0.5924 -0.6214
vn -0.0460 0.9977 -0.0501
vn -0.2160 -0.5106 0.8322
vn -0.4315 -0.0308 0.9016
vn -0.5112 0.0652 0.8570
vn -0.3494 0.4203 0.8374
vn 0.1596 0.9699 0.1837
vn -0.4143 0.8507 0.3237
vn -0.4845 0.8391 0.2472
vn 0.7764 0.4717 0.4179
vn 0.3520 0.8901 0.2895
vn 0.4733 0.6984 0.5368
vn -0.3913 0.8723 -0.2932
vn 0.6247 0.7767 -0.0805
vn 0.5293 0.7995 0.2839
vn 0.5745 0.7413 0.3470
vn 0.7859 0.5827 0.2069
vn 0.9972 -0.0724 -0.0180
vn 0.8379 0.5356 0.1053
vn 0.8374 0.5453 -0.0364
vn 0.8419 0.5365 -0.0574
vn 0.8145 0.5719 -0.0972
vn 0.6984 0.6303 -0.3390
vn 0.6268 0.6739 -0.3912
vn 0.5722 0.7478 -0.3367
vn -0.6303 0.3867 0.6732
vn -0.4458 0.6611 0.6035
vn -0.5778 -0.0902 0.8112
vn -0.3309 0.7627 0.5557
vn -0.2727 0.7286 0.6283
vn -0.2758 0.7556 0.5942
vn -0.1470 -0.6698 0.7278
vn -0.1560 -0.5441 0.8244
vn -0.1590 -0.4886 0.8579
vn -0.1642 -0.3189 0.9334
vn -0.2124 0.1853 0.9594
vn -0.1862 -0.1521 0.9707
vn -0.1974 -0.0553 0.9788
vn -0.1812 0.4124 -0.8928
vn -0.1641 0.6171 -0.7695
vn -0.1570 0.7520 -0.6402
vn -0.1825 0.8294 -0.5280
vn -0.2817 0.8204 -0.4975
vn -0.3341 0.7953 -0.5058
vn -0.2653 0.9137 -0.3078
vn -0.4283 0.7208 -0.5450
vn -0.1333 0.9804 -0.1451
vn -0.0372 0.9983 -0.0443
vn 0.0015 0.5613 0.8276
vn 0.0365 0.9050 0.4238
vn -0.0287 0.9175 0.3967
vn 0.1581 0.9791 0.1282
vn 0.0800 0.8876 -0.4537
vn -0.0059 0.8533 -0.5214
vn 0.3818 0.8831 0.2728
vn 0.7320 0.6409 0.2312
vn 0.7267 0.6506 0.2203
vn 0.7584 0.6471 0.0789
vn 0.7935 0.6085 -0.0108
vn 0.7599 0.6248 -0.1795
vn 0.7719 0.5970 -0.2184
vn 0.5714 0.7666 -0.2931
vn -0.5513 0.6200 0.5583
vn -0.5513 0.6214 0.5567
vn -0.0187 0.9914 0.1291
vn -0.2335 0.8882 0.3957
vn -0.4575 -0.7217 0.5194
vn -0.3751 0.7431 0.5542
vn -0.5349 -0.5808 0.6136
vn -0.1840 0.7520 0.6330
vn -0.1722 0.7257 0.6661
vn -0.1608 0.6960 0.6998
vn -0.1677 0.6912 0.7030
vn -0.1565 0.6524 0.7415
vn -0.1579 0.6515 0.7421
vn -0.1600 0.6085 0.7773
vn -0.1652 -0.6788 0.7155
vn -0.1585 -0.6321 0.7585
vn -0.1608 0.5283 0.8337
vn -0.1634 0.5258 0.8347
vn -0.1695 0.4806 0.8604
vn -0.1817 0.4435 0.8777
vn -0.2066 0.2916 0.9340
vn -0.1971 0.2436 0.9496
vn -0.1833 -0.2225 0.9575
vn -0.1915 0.1134 0.9749
vn -0.1940 -0.1626 0.9674
vn -0.2043 0.0329 0.9784
vn -0.1845 0.8121 -0.5536
vn -0.1592 0.8089 -0.5661
vn -0.2431 0.8340 -0.4954
vn -0.3830 0.8039 -0.4551
vn 0.2366 -0.5058 0.8296
vn 0.4304 -0.0823 0.8989
vn 0.3511 0.0567 0.9346
vn 0.3314 0.2475 0.9104
vn 0.3626 0.8991 0.2453
vn 0.4422 0.8638 -0.2413
vn 0.1722 0.9734 0.1511
vn 0.6254 0.7594 0.1795
vn 0.7534 0.6539 0.0694
vn 0.7591 0.6498 -0.0404
vn 0.6392 0.7461 -0.1868
vn 0.6298 0.7283 -0.2699
vn -0.7268 0.4277 0.5374
vn -0.7062 0.4510 0.5458
vn 0.3490 0.9145 -0.2045
vn 0.3225 0.9346 -0.1500
vn 0.0658 0.9977 0.0163
vn -0.4644 0.7038 0.5375
vn -0.2285 0.9078 0.3518
vn -0.0910 0.9798 0.1781
vn -0.4457 0.6684 0.5955
vn -0.1723 0.7256 0.6661
vn -0.1592 0.6091 0.7770
vn -0.1584 0.5632 0.8110
vn -0.1574 0.5642 0.8105
vn -0.1745 0.4761 0.8619
vn -0.1628 -0.5582 0.8136
vn -0.1662 -0.5013 0.8492
vn -0.1928 0.4338 0.8801
vn -0.1882 0.3856 0.9033
vn -0.1931 0.3923 0.8993
vn -0.2010 0.3470 0.9161
vn -0.1672 -0.4073 0.8979
vn -0.2191 0.3083 0.9257
vn -0.2081 0.2539 0.9446
vn -0.2109 0.2011 0.9566
vn -0.1980 0.1773 0.9640
vn -0.2147 0.1344 0.9674
vn -0.2060 0.0773 0.9755
vn -0.2129 -0.1053 0.9714
vn -0.1696 0.6671 -0.7254
vn -0.1734 0.7425 -0.6470
vn -0.1639 0.7888 -0.5923
vn -0.2634 0.8303 -0.4912
vn -0.5521 0.5607 -0.6171
vn -0.4201 0.7770 -0.4688
vn -0.2979 0.9153 -0.2710
vn -0.2964 0.9170 -0.2670
vn -0.4742 0.6938 -0.5420
vn -0.5726 0.6176 -0.5391
vn 0.9040 -0.4080 0.1278
vn 0.8490 -0.0487 0.5261
vn 0.8468 0.4270 0.3171
vn 0.8329 0.4437 0.3307
vn 0.9354 -0.3532 -0.0123
vn 0.9248 0.3685 -0.0946
vn 0.1587 0.9790 0.1280
vn 0.8950 -0.2646 -0.3590
vn 0.8259 -0.3542 -0.4387
vn 0.8289 0.2853 -0.4812
vn 0.8505 0.4144 -0.3240
vn 0.4919 0.8595 0.1392
vn 0.6334 0.7531 0.1779
vn 0.6421 0.7639 0.0648
vn 0.6437 0.7626 0.0638
vn 0.6507 0.7582 -0.0413
vn 0.6800 0.7331 -0.0131
vn 0.6927 0.7052 -0.1513
vn 0.3900 0.9105 -0.1374
vn 0.4423 0.8753 -0.1953
vn -0.6209 0.6321 0.4637
vn 0.0621 0.9981 0.0039
vn -0.4290 0.7637 0.4825
vn -0.4005 0.7381 0.5430
vn -0.4929 0.6093 0.6212
vn -0.5838 0.3645 0.7255
vn -0.6476 -0.2095 0.7326
vn -0.2323 0.7766 0.5856
vn -0.2247 0.7676 0.6002
vn -0.2138 0.7647 0.6078
vn -0.2180 0.7534 0.6203
vn -0.2060 0.7516 0.6266
vn -0.1837 -0.6112 0.7699
vn -0.1829 -0.6032 0.7763
vn -0.1872 -0.4441 0.8762
vn -0.2178 0.3302 0.9184
vn -0.1909 -0.3672 0.9103
vn -0.1981 -0.2892 0.9365
vn -0.1802 -0.2210 0.9585
vn -0.2162 0.8326 -0.5100
vn -0.3928 0.7933 -0.4652
vn -0.6169 0.5203 -0.5906
vn -0.4514 0.7920 -0.4112
vn -0.2045 0.9641 -0.1691
vn 0.2771 0.9573 0.0822
vn 0.4391 0.8873 0.1413
vn 0.5073 0.8613 0.0281
vn 0.4527 0.8871 -0.0899
vn 0.1220 0.9919 -0.0367
vn 0.0908 0.9958 0.0063
vn -0.1303 0.9780 0.1630
vn -0.3522 0.8440 0.4045
vn -0.3184 0.7675 0.5564
vn -0.1955 0.6883 0.6986
vn -0.2292 0.4130 -0.8814
vn -0.2188 0.7511 -0.6229
vn -0.1841 0.7861 -0.5900
vn -0.2156 0.8085 -0.5476
vn -0.2485 0.8206 -0.5147
vn -0.2441 0.8273 -0.5059
vn -0.4955 0.7186 -0.4880
vn -0.2041 0.9685 -0.1426
vn -0.0822 0.9963 -0.0267
vn -0.0696 0.9976 -0.0048
vn -0.0266 0.9986 -0.0456
vn 0.1180 0.9909 0.0651
vn 0.4562 0.8888 0.0428
vn 0.4273 0.9039 -0.0200
vn 0.4954 0.8648 -0.0822
vn 0.1727 0.9847 -0.0243
vn 0.1513 0.9885 -0.0067
vn -0.6267 0.6270 0.4627
vn -0.5595 0.7180 0.4140
vn -0.0398 0.9963 0.0763
vn -0.5540 0.6726 0.4906
vn -0.2536 0.9414 0.2222
vn -0.4872 0.7576 0.4344
vn -0.4007 0.8427 0.3596
vn -0.6906 0.2389 0.6826
vn -0.3574 0.7928 0.4936
vn -0.2264 0.7350 0.6391
vn -0.2085 0.7218 0.6600
vn -0.1897 -0.7242 0.6630
vn -0.2105 -0.6861 0.6964
vn -0.1983 0.6041 0.7718
vn -0.2559 0.2365 0.9373
vn -0.2240 -0.2901 0.9304
vn -0.2552 0.1553 0.9543
vn -0.2537 0.1326 0.9581
vn -0.2323 -0.1672 0.9582
vn -0.2324 -0.2026 0.9513
vn -0.2687 0.0791 0.9600
vn -0.2675 0.0082 0.9635
vn -0.2637 0.0030 0.9646
vn -0.2593 -0.0458 0.9647
vn -0.2193 0.6007 -0.7688
vn -0.2318 0.7052 -0.6701
vn -0.1980 0.7396 -0.6433
vn -0.2111 0.8109 -0.5458
vn -0.2616 0.8329 -0.4876
vn -0.3089 0.8264 -0.4708
vn -0.5201 0.7427 -0.4218
vn -0.3573 0.9055 -0.2290
vn -0.2991 0.9371 -0.1798
vn 0.1832 0.9817 0.0526
vn 0.1841 0.9828 0.0144
vn 0.2318 0.9728 -0.0009
vn -0.8340 -0.5183 0.1892
vn -0.8141 0.4985 0.2979
vn -0.6551 0.6531 0.3799
vn -0.4295 0.7852 0.4461
vn -0.6096 0.5290 0.5903
vn -0.2185 0.7030 0.6768
vn -0.2125 0.6640 0.7170
vn -0.2041 0.6532 0.7291
vn -0.2115 -0.6256 0.7510
vn -0.2058 0.5572 0.8045
vn -0.2161 0.5190 0.8270
vn -0.2123 0.5156 0.8301
vn -0.2353 0.4643 0.8538
vn -0.2225 0.4754 0.8511
vn -0.2132 -0.5514 0.8065
vn -0.2412 0.4300 0.8700
vn -0.2388 0.4269 0.8722
vn -0.2431 0.4065 0.8807
vn -0.2071 -0.4438 0.8718
vn -0.2564 0.2097 0.9435
vn -0.2635 0.0704 0.9621
vn -0.2538 -0.0999 0.9621
vn -0.2514 -0.0974 0.9630
vn -0.2532 -0.1471 0.9562
vn -0.2374 0.5397 -0.8077
vn -0.2076 0.7908 -0.5758
vn -0.3458 0.8312 -0.4354
vn -0.3684 0.8255 -0.4276
vn -0.5273 0.7782 -0.3410
vn -0.5421 0.7672 -0.3429
vn -0.5288 0.7087 -0.4671
vn -0.3040 0.9446 -0.1240
vn -0.1289 0.9907 -0.0425
vn -0.1288 0.9908 -0.0420
vn -0.6985 0.6720 0.2459
vn -0.1119 0.9926 0.0471
vn -0.2112 0.9689 0.1289
vn -0.3050 0.9484 0.0868
vn -0.4839 0.7779 0.4009
vn -0.5137 0.7610 0.3962
vn -0.3498 0.7956 0.4946
vn -0.2958 0.7857 0.5434
vn -0.2333 0.7357 0.6359
vn -0.2212 0.6180 0.7544
vn -0.2113 0.5616 0.8000
vn -0.2189 -0.5553 0.8023
vn -0.2311 -0.4740 0.8497
vn -0.2077 -0.4990 0.8413
vn -0.2402 -0.3783 0.8940
vn -0.2205 -0.3646 0.9047
vn -0.2309 -0.2937 0.9276
vn -0.2491 -0.2106 0.9453
vn -0.2612 0.1243 0.9573
vn -0.2347 0.7485 -0.6202
vn -0.4513 0.7983 -0.3988
vn -0.3981 0.9074 -0.1347
vn -0.6584 0.6870 -0.3076
vn -0.1780 0.9836 -0.0303
vn -0.0697 0.9975 0.0063
vn -0.1388 0.9896 0.0365
vn -0.6838 -0.7064 0.1828
vn -0.5904 0.7340 0.3356
vn -0.3452 0.9274 0.1440
vn -0.5793 0.7056 0.4082
vn -0.4988 0.7956 0.3438
vn -0.4042 0.8129 0.4193
vn -0.3495 0.8087 0.4732
vn -0.3086 0.7926 0.5259
vn -0.2776 0.7561 0.5927
vn -0.2526 0.7451 0.6173
vn -0.2474 0.7597 0.6013
vn -0.2712 0.3461 0.8981
vn -0.2730 0.1892 0.9432
vn -0.2799 0.1726 0.9444
vn -0.2680 -0.2094 0.9404
vn -0.2423 0.7031 -0.6685
vn -0.2444 0.8060 -0.5392
vn -0.2629 0.8162 -0.5144
vn -0.2855 0.8312 -0.4770
vn -0.6226 0.7307 -0.2801
vn -0.3892 0.9111 -0.1355
vn -0.7043 0.6908 -0.1634
vn -0.2876 0.9569 -0.0395
vn -0.7331 0.6800 0.0169
vn -0.2977 0.9530 0.0560
vn -0.3664 0.9255 0.0963
vn -0.6850 -0.7055 0.1816
vn -0.6005 0.7550 0.2635
vn -0.6095 0.7475 0.2640
vn -0.7740 0.5203 0.3608
vn -0.2497 0.6941 0.6751
vn -0.2519 0.6635 0.7045
vn -0.2453 0.6131 0.7509
vn -0.2516 0.5587 0.7903
vn -0.2431 -0.6163 0.7490
vn -0.2564 0.5118 0.8199
vn -0.2597 0.4730 0.8419
vn -0.2445 -0.5551 0.7950
vn -0.2622 -0.4989 0.8260
vn -0.2382 -0.4733 0.8481
vn -0.2488 -0.3776 0.8919
vn -0.2746 0.2790 0.9202
vn -0.2760 0.2567 0.9262
vn -0.2567 -0.2894 0.9222
vn -0.2752 0.1613 0.9478
vn -0.2676 -0.2091 0.9405
vn -0.2908 0.1222 0.9489
vn -0.2731 -0.1555 0.9493
vn -0.2779 0.6095 -0.7425
vn -0.2434 0.7821 -0.5736
vn -0.2620 0.8100 -0.5247
vn -0.2765 0.8191 -0.5027
vn -0.3719 0.8372 -0.4009
vn -0.5205 0.7935 -0.3155
vn -0.6318 0.7417 -0.2254
vn -0.5762 0.7975 -0.1788
vn -0.6513 0.7342 -0.1920
vn -0.3481 0.9371 -0.0267
vn -0.6887 0.7224 0.0625
vn -0.3775 0.9259 0.0154
vn -0.6575 0.7408 0.1374
vn -0.6326 0.7409 0.2258
vn -0.6238 0.7702 0.1329
vn -0.6795 0.7049 0.2035
vn -0.2986 0.7628 0.5736
vn -0.2785 0.7473 0.6032
vn -0.2843 0.7497 0.5976
vn -0.2682 0.6221 0.7355
vn -0.2548 -0.6045 0.7547
vn -0.2468 -0.5566 0.7933
vn -0.2708 0.3769 0.8858
vn -0.2692 -0.4301 0.8617
vn -0.2766 -0.3474 0.8960
vn -0.2752 -0.2695 0.9228
vn -0.2949 0.0850 0.9517
vn -0.2541 0.7151 -0.6512
vn -0.2905 0.8262 -0.4827
vn -0.2969 0.8409 -0.4524
vn -0.3304 0.8446 -0.4212
vn -0.4154 0.8278 -0.3771
vn -0.4635 0.8176 -0.3416
vn -0.8014 0.5332 -0.2708
vn -0.6091 0.7834 -0.1236
vn -0.6379 0.7588 -0.1312
vn -0.6079 0.7924 -0.0504
vn -0.6118 0.7895 -0.0484
vn -0.6471 0.7527 0.1214
vn -0.6005 0.7989 0.0340
vn -0.6424 0.7643 0.0572
vn -0.6506 0.7518 0.1073
vn -0.5231 0.8079 0.2713
vn -0.5058 0.7929 0.3397
vn -0.4257 0.8236 0.3749
vn -0.3307 0.7960 0.5070
vn -0.2674 0.7198 0.6406
vn -0.2690 0.7001 0.6615
vn -0.2658 0.6530 0.7092
vn -0.2706 0.5442 0.7941
vn -0.2744 0.5255 0.8053
vn -0.2837 0.3260 0.9018
vn -0.3000 -0.0618 0.9519
vn -0.2948 -0.0783 0.9524
vn -0.3206 0.8402 -0.4373
vn -0.9866 0.1515 -0.0601
vn -0.8944 0.4423 0.0671
vn -0.4036 0.8130 0.4197
vn -0.3545 0.7826 0.5118
vn -0.2850 -0.5964 0.7503
vn -0.2824 0.4180 0.8634
vn -0.3034 -0.1357 0.9431
vn -0.3106 0.0045 0.9505
vn -0.2816 0.7740 -0.5672
vn -0.4952 0.8146 -0.3020
vn -0.5143 0.8262 -0.2300
vn -0.5454 0.8157 0.1926
vn -0.5362 0.8032 0.2594
vn -0.3870 0.8059 0.4481
vn -0.2906 0.7305 0.6180
vn -0.2903 0.7298 0.6190
vn -0.2851 -0.7769 0.5613
vn -0.2956 0.6860 0.6648
vn -0.2920 0.6080 0.7383
vn -0.2898 -0.6699 0.6836
vn -0.3080 -0.5670 0.7640
vn -0.2944 -0.5460 0.7844
vn -0.3041 -0.4972 0.8126
vn -0.2897 0.3993 0.8698
vn -0.3083 -0.4301 0.8485
vn -0.2863 0.2969 0.9110
vn -0.3100 0.2304 0.9224
vn -0.3122 0.1316 0.9408
vn -0.3166 0.5564 -0.7682
vn -0.2924 0.6753 -0.6771
vn -0.2820 0.7106 -0.6446
vn -0.5479 0.8146 -0.1905
vn -0.5536 0.8225 -0.1306
vn -0.5783 0.8138 0.0569
vn -0.5688 0.8217 0.0362
vn -0.5629 0.8180 0.1181
vn -0.5606 0.8191 0.1220
vn -0.5523 0.8135 0.1822
vn -0.4024 0.8143 0.4183
vn -0.3334 0.7538 0.5662
vn -0.2993 0.7330 0.6109
vn -0.3100 -0.7429 0.5933
vn -0.3021 -0.6777 0.6705
vn -0.2987 0.5134 0.8045
vn -0.2934 0.4515 0.8426
vn -0.3126 -0.5080 0.8026
vn -0.3153 -0.4363 0.8427
vn -0.3198 -0.3370 0.8855
vn -0.3126 0.2140 0.9255
vn -0.3175 0.1597 0.9347
vn -0.3257 -0.1500 0.9335
vn -0.3233 -0.2037 0.9241
vn -0.3270 -0.2006 0.9235
vn -0.3145 0.0644 0.9471
vn -0.3166 0.0189 0.9484
vn -0.2835 0.7744 -0.5656
vn -0.3131 0.8156 -0.4865
vn -0.3141 0.8189 -0.4803
vn -0.3117 0.8185 -0.4826
vn -0.3347 0.8312 -0.4440
vn -0.3599 0.8419 -0.4021
vn -0.3683 0.8420 -0.3942
vn -0.5600 0.8198 -0.1201
vn -0.4687 0.8298 0.3028
vn -0.3545 0.7583 0.5471
vn -0.3123 0.5541 0.7716
vn -0.3160 -0.6263 0.7127
vn -0.3163 0.5615 0.7646
vn -0.3063 0.4574 0.8348
vn -0.3249 -0.3465 0.8800
vn -0.3155 0.2742 0.9084
vn -0.3192 0.2434 0.9159
vn -0.3286 0.1932 0.9245
vn -0.3292 0.1690 0.9290
vn -0.3218 0.8032 -0.5014
vn -0.3425 0.8293 -0.4415
vn -0.3714 0.8429 -0.3894
vn -0.4075 0.8415 -0.3547
vn -0.3970 0.8378 -0.3749
vn -0.4423 0.8344 -0.3288
vn -0.5016 0.8420 -0.1986
vn -0.3335 0.7455 0.5771
vn -0.3312 0.7446 0.5795
vn -0.3489 0.1125 0.9304
vn -0.3490 0.0964 0.9321
vn -0.3488 -0.0610 0.9352
vn -0.3300 0.6404 -0.6936
vn -0.3163 0.7977 -0.5135
vn -0.5200 0.8386 -0.1623
vn -0.5267 0.8436 -0.1050
vn -0.4891 0.8271 0.2770
vn -0.4404 0.8029 0.4016
vn -0.3996 0.7725 0.4935
vn -0.3928 0.7560 0.5235
vn -0.3318 -0.7871 0.5199
vn -0.3602 -0.6144 0.7020
vn -0.3263 0.5200 0.7894
vn -0.3221 0.4545 0.8305
vn -0.3550 -0.5049 0.7868
vn -0.3074 0.3928 0.8667
vn -0.3126 0.3287 0.8912
vn -0.3517 -0.2851 0.8916
vn -0.3509 0.1529 0.9239
vn -0.3401 0.4475 -0.8271
vn -0.3370 0.7146 -0.6130
vn -0.3584 0.8306 -0.4262
vn -0.4422 0.8351 -0.3273
vn -0.4724 0.8389 -0.2703
vn -0.5347 0.8442 -0.0387
vn -0.4973 0.8365 0.2303
vn -0.4893 0.8269 0.2772
vn -0.4691 0.8107 0.3503
vn -0.4124 0.7782 0.4737
vn -0.3370 0.7312 0.5931
vn -0.3325 0.7284 0.5990
vn -0.3355 0.6971 0.6336
vn -0.3341 0.6904 0.6417
vn -0.3593 -0.7347 0.5754
vn -0.3405 0.6461 0.6831
vn -0.3554 0.6158 0.7032
vn -0.3383 0.4357 0.8341
vn -0.3252 0.4044 0.8548
vn -0.3197 0.3436 0.8830
vn -0.3661 -0.4216 0.8296
vn -0.3556 -0.2119 0.9103
vn -0.3545 0.1227 0.9270
vn -0.3640 -0.1033 0.9256
vn -0.3576 -0.1333 0.9243
vn -0.3510 0.4576 -0.8170
vn -0.3474 0.6649 -0.6612
vn -0.3349 0.7141 -0.6148
vn -0.3424 0.7668 -0.5429
vn -0.3438 0.8175 -0.4621
vn -0.4946 0.8336 -0.2459
vn -0.5316 0.8463 0.0353
vn -0.5298 0.8423 0.0994
vn -0.5202 0.8460 0.1174
vn -0.5152 0.8377 0.1811
vn -0.4678 0.8071 0.3602
vn -0.4447 0.7831 0.4348
vn -0.4362 0.7776 0.4529
vn -0.3585 0.5670 0.7416
vn -0.3587 0.4867 0.7966
vn -0.3801 -0.4863 0.7868
vn -0.3718 -0.3748 0.8493
vn -0.3231 0.2828 0.9031
vn -0.3675 -0.2423 0.8979
vn -0.3666 0.8072 -0.4627
vn -0.3535 0.6175 0.7026
vn -0.3629 0.5731 0.7348
vn -0.3557 0.5031 0.7876
vn -0.4048 -0.5239 0.7494
vn -0.3889 -0.4427 0.8080
vn -0.3553 0.1954 0.9141
vn -0.3703 -0.1578 0.9154
vn -0.3724 -0.1880 0.9088
vn -0.3845 0.0168 0.9230
vn -0.3911 0.5480 -0.7394
vn -0.3581 0.7612 -0.5407
vn -0.3653 0.7980 -0.4793
vn -0.4295 0.8276 -0.3614
vn -0.4309 0.8303 -0.3535
vn -0.4891 0.8199 -0.2975
vn -0.5022 0.8179 -0.2807
vn -0.5005 0.8285 -0.2511
vn -0.5427 0.8365 -0.0763
vn -0.5437 0.8369 -0.0635
vn -0.4057 0.7459 0.5282
vn -0.3926 0.7388 0.5478
vn -0.4022 -0.5995 0.6920
vn -0.3723 0.5181 0.7701
vn -0.3611 0.2663 0.8937
vn -0.3961 -0.3575 0.8457
vn -0.3954 -0.3030 0.8671
vn -0.3618 0.2049 0.9095
vn -0.3897 0.0028 0.9210
vn -0.3890 -0.0381 0.9205
vn -0.3781 0.7022 -0.6033
vn -0.3824 0.7334 -0.5621
vn -0.3929 0.8087 -0.4377
vn -0.4524 0.8279 -0.3315
vn -0.5472 0.8309 0.1012
vn -0.1809 -0.9804 0.0775
vn -0.5299 0.8186 0.2218
vn -0.3995 0.7269 0.5586
vn -0.3911 0.7244 0.5678
vn -0.4021 0.6863 0.6061
vn -0.4309 -0.6261 0.6499
vn -0.3809 0.4628 0.8004
vn -0.3829 0.4361 0.8144
vn -0.3779 0.4332 0.8182
vn -0.3666 0.3978 0.8411
vn -0.3813 0.3654 0.8492
vn -0.4062 -0.4344 0.8039
vn -0.4174 -0.3820 0.8245
vn -0.3682 0.2583 0.8931
vn -0.4013 -0.3177 0.8591
vn -0.3966 -0.2426 0.8854
vn -0.3832 0.0595 0.9217
vn -0.3890 -0.0379 0.9204
vn -0.3962 0.6464 -0.6520
vn -0.3905 0.6914 -0.6078
vn -0.3969 0.8179 -0.4165
vn -0.5453 0.8256 -0.1451
vn -0.5552 0.8311 0.0325
vn -0.5000 0.7806 0.3751
vn -0.4715 0.7508 0.4626
vn -0.3933 0.6927 0.6045
vn -0.4063 -0.2552 0.8774
vn -0.3890 -0.0709 0.9185
vn -0.4799 0.8141 -0.3269
vn -0.5666 0.8237 -0.0220
vn -0.5635 0.8230 0.0718
vn -0.5372 0.7996 0.2683
vn -0.4515 0.7385 0.5007
vn -0.4243 -0.7397 0.5223
vn -0.4238 -0.7336 0.5312
vn -0.4544 -0.4551 0.7658
vn -0.3970 0.1504 0.9054
vn -0.3954 -0.2092 0.8944
vn -0.3920 0.0750 0.9169
vn -0.4241 0.6370 -0.6437
vn -0.4222 0.7933 -0.4387
vn -0.4548 0.8058 -0.3794
vn -0.4617 0.8117 -0.3578
vn -0.5041 0.8100 -0.2997
vn -0.5270 0.8059 -0.2698
vn -0.5637 0.7956 -0.2218
vn -0.5868 0.8092 -0.0279
vn -0.5380 0.7749 0.3317
vn -0.4940 0.7497 0.4403
vn -0.4024 0.6520 0.6426
vn -0.4063 0.6019 0.6875
vn -0.4184 0.5730 0.7047
vn -0.4123 0.5582 0.7200
vn -0.4180 0.5181 0.7462
vn -0.4590 -0.5487 0.6987
vn -0.4462 -0.4869 0.7509
vn -0.4084 0.3575 0.8399
vn -0.4248 0.2189 0.8784
vn -0.4054 0.1928 0.8936
vn -0.3994 0.1199 0.9089
vn -0.4361 0.5035 -0.7458
vn -0.4424 0.6845 -0.5794
vn -0.4181 0.7481 -0.5154
vn -0.4758 0.8109 -0.3407
vn -0.5479 0.7989 -0.2481
vn -0.5903 0.8034 -0.0786
vn -0.5882 0.8054 0.0734
vn -0.5679 0.7964 0.2081
vn -0.5644 0.7892 0.2419
vn -0.5016 0.7591 0.4149
vn -0.4479 0.7416 0.4994
vn -0.4364 0.7148 0.5464
vn -0.4249 0.7235 0.5441
vn -0.4070 0.6494 0.6423
vn -0.4196 0.6149 0.6678
vn -0.4221 0.5300 0.7355
vn -0.4650 -0.5426 0.6995
vn -0.4191 0.4611 0.7821
vn -0.4276 0.4337 0.7931
vn -0.4257 0.4295 0.7965
vn -0.4319 0.4187 0.7988
vn -0.4299 0.3349 0.8385
vn -0.4578 -0.3822 0.8027
vn -0.4390 0.2731 0.8559
vn -0.4178 0.2008 0.8861
vn -0.4196 -0.1041 0.9017
vn -0.4181 -0.1346 0.8984
vn -0.4474 0.6535 -0.6106
vn -0.4437 0.7905 -0.4221
vn -0.4595 0.8002 -0.3855
vn -0.5210 0.8036 -0.2877
vn -0.5942 0.7994 -0.0885
vn -0.5916 0.8053 -0.0399
vn -0.6012 0.7985 0.0320
vn -0.5944 0.7990 0.0911
vn -0.5877 0.7943 0.1541
vn -0.5830 0.7911 0.1848
vn -0.5373 0.7733 0.3365
vn -0.4250 0.6857 0.5910
vn -0.4333 0.4834 0.7606
vn -0.4765 -0.5059 0.7191
vn -0.4609 -0.3790 0.8025
vn -0.4610 -0.3174 0.8287
vn -0.4631 -0.2579 0.8479
vn -0.4392 -0.1797 0.8802
vn -0.4386 -0.1757 0.8813
vn -0.5864 0.7960 0.1496
vn -0.4818 0.7283 0.4874
vn -0.4695 0.7065 0.5295
vn -0.4378 0.6934 0.5723
vn -0.4389 0.6625 0.6070
vn -0.4802 -0.6051 0.6350
vn -0.4879 -0.4477 0.7493
vn -0.4696 -0.3294 0.8191
vn -0.4605 0.2377 0.8552
vn -0.4559 -0.2504 0.8541
vn -0.4482 0.1482 0.8816
vn -0.4538 -0.1940 0.8697
vn -0.4483 0.1146 0.8865
vn -0.4526 0.0623 0.8896
vn -0.5018 0.1991 -0.8418
vn -0.4718 0.5502 -0.6890
vn -0.4966 0.7613 -0.4169
vn -0.5270 0.7868 -0.3212
vn -0.5344 0.7957 -0.2851
vn -0.5625 0.7895 -0.2456
vn -0.5906 0.7798 -0.2077
vn -0.5528 0.7581 0.3458
vn -0.5109 0.7300 0.4539
vn -0.4658 0.4661 0.7522
vn -0.4699 0.4490 0.7600
vn -0.4674 0.3908 0.7930
vn -0.4927 -0.3257 0.8069
vn -0.4579 0.1926 0.8679
vn -0.4604 0.1626 0.8727
vn -0.4500 0.1125 0.8859
vn -0.4574 0.0530 0.8877
vn -0.4564 0.0102 0.8897
vn -0.4551 0.0128 0.8903
vn -0.4495 -0.0511 0.8918
vn -0.4546 -0.0438 0.8896
vn -0.4505 -0.0828 0.8889
vn -0.5627 0.7887 -0.2477
vn -0.5895 0.7790 -0.2135
vn -0.5952 0.7657 0.2438
vn -0.5455 0.7508 0.3725
vn -0.5160 0.7435 0.4255
vn -0.4950 0.7124 0.4974
vn -0.4478 -0.7922 0.4146
vn -0.4860 0.6820 0.5466
vn -0.4586 0.5977 0.6576
vn -0.4692 0.5580 0.6844
vn -0.4726 0.5549 0.6847
vn -0.5087 -0.5396 0.6709
vn -0.4986 -0.4609 0.7341
vn -0.4770 0.3478 0.8072
vn -0.4715 0.2247 0.8528
vn -0.4736 0.2059 0.8563
vn -0.4655 -0.1041 0.8789
vn -0.4940 0.4173 -0.7627
vn -0.5013 0.6160 -0.6077
vn -0.5083 0.7136 -0.4821
vn -0.5062 0.7601 -0.4075
vn -0.5368 0.7751 -0.3333
vn -0.5534 0.7883 -0.2689
vn -0.6262 0.7770 -0.0653
vn -0.6263 0.7787 -0.0376
vn -0.6258 0.7794 0.0311
vn -0.6069 0.7696 0.1983
vn -0.4729 0.6901 0.5479
vn -0.4860 0.6605 0.5723
vn -0.4694 0.6496 0.5981
vn -0.4905 0.4856 0.7236
vn -0.5016 -0.3968 0.7688
vn -0.6275 0.7730 0.0934
vn -0.6253 0.7691 0.1320
vn -0.5879 0.7572 0.2846
vn -0.4908 0.6089 0.6232
vn -0.5200 -0.3802 0.7648
vn -0.5000 -0.2579 0.8267
vn -0.5376 0.6365 -0.5530
vn -0.5632 0.6839 -0.4638
vn -0.5586 0.7627 -0.3258
vn -0.5769 0.7671 -0.2806
vn -0.6205 0.7720 -0.1380
vn -0.6003 0.7574 0.2570
vn -0.5801 0.7505 0.3166
vn -0.4964 0.6052 0.6223
vn -0.5286 -0.5746 0.6248
vn -0.4814 0.5243 0.7024
vn -0.4993 0.4220 0.7567
vn -0.4994 0.4215 0.7569
vn -0.5175 -0.4518 0.7267
vn -0.5376 -0.4013 0.7416
vn -0.4976 0.3218 0.8055
vn -0.5023 0.2881 0.8153
vn -0.5035 0.1879 0.8433
vn -0.5072 0.1592 0.8470
vn -0.5219 -0.2498 0.8156
vn -0.5145 0.1193 0.8491
vn -0.5188 -0.1197 0.8465
vn -0.5208 -0.1689 0.8368
vn -0.5171 -0.0162 0.8557
vn -0.5181 -0.0364 0.8546
vn -0.5423 0.3690 -0.7548
vn -0.5489 0.6116 -0.5697
vn -0.5498 0.6489 -0.5260
vn -0.5614 0.6840 -0.4658
vn -0.5631 0.7270 -0.3929
vn -0.5789 0.7377 -0.3474
vn -0.5744 0.7596 -0.3053
vn -0.5855 0.7828 -0.2109
vn -0.6064 0.7538 0.2529
vn -0.5670 0.7358 0.3701
vn -0.5495 0.6998 0.4564
vn -0.5264 0.6815 0.5083
vn -0.5262 0.6454 0.5536
vn -0.5277 -0.6252 0.5751
vn -0.5205 0.5634 0.6417
vn -0.5178 0.5142 0.6837
vn -0.5409 -0.3240 0.7762
vn -0.5215 0.2338 0.8206
vn -0.5092 0.2534 0.8225
vn -0.5142 0.1490 0.8446
vn -0.5245 -0.1748 0.8333
vn -0.5257 0.1028 0.8444
vn -0.5273 0.0669 0.8470
vn -0.5239 -0.0456 0.8506
vn -0.5224 -0.1137 0.8451
vn -0.6308 0.7618 0.1473
vn -0.6249 0.7611 0.1739
vn -0.5660 0.7105 0.4180
vn -0.5591 0.6882 0.4624
vn -0.5038 -0.7414 0.4434
vn -0.5446 0.6618 0.5151
vn -0.5188 0.5647 0.6419
vn -0.5359 0.5242 0.6618
vn -0.5341 0.4761 0.6986
vn -0.5273 0.4669 0.7099
vn -0.5177 0.2711 0.8115
vn -0.5486 -0.3008 0.7801
vn -0.5163 0.1999 0.8327
vn -0.5309 -0.2557 0.8079
vn -0.5383 0.0492 0.8413
vn -0.5728 0.2919 -0.7659
vn -0.6031 0.7554 -0.2564
vn -0.6092 0.7324 0.3043
vn -0.5898 0.7403 0.3227
vn -0.5615 0.6520 0.5096
vn -0.5425 0.6158 0.5714
vn -0.5356 0.4445 0.7180
vn -0.5437 0.3819 0.7473
vn -0.5490 0.3479 0.7599
vn -0.5400 0.0181 0.8415
vn -0.5738 0.5231 -0.6302
vn -0.6013 0.6511 -0.4631
vn -0.6057 0.6851 -0.4048
vn -0.6061 0.7231 -0.3314
vn -0.6045 0.7581 -0.2446
vn -0.6167 0.7709 -0.1595
vn -0.6447 0.7548 0.1212
vn -0.6211 0.7402 0.2578
vn -0.6215 0.7391 0.2596
vn -0.5567 0.6058 0.5684
vn -0.5744 0.5591 0.5979
vn -0.5590 0.4279 0.7102
vn -0.5737 -0.4639 0.6750
vn -0.5568 0.3391 0.7583
vn -0.5655 0.2918 0.7714
vn -0.5591 0.2220 0.7988
vn -0.5713 -0.2901 0.7678
vn -0.5644 0.1838 0.8048
vn -0.5723 -0.1677 0.8027
vn -0.5694 -0.0554 0.8202
vn -0.5661 -0.1125 0.8167
vn -0.6441 0.7645 -0.0245
vn -0.6491 0.7598 0.0366
vn -0.6467 0.7324 0.2129
vn -0.6213 0.7200 0.3092
vn -0.5976 0.6932 0.4030
vn -0.5470 -0.7389 0.3935
vn -0.5655 0.5672 0.5987
vn -0.5585 0.5122 0.6525
vn -0.5683 -0.5214 0.6365
vn -0.5677 0.4017 0.7185
vn -0.5588 0.1906 0.8071
vn -0.5629 0.1458 0.8135
vn -0.5745 0.1310 0.8080
vn -0.5782 -0.1812 0.7955
vn -0.5790 -0.2185 0.7855
vn -0.5707 0.1167 0.8128
vn -0.5923 -0.0346 0.8050
vn -0.6167 0.6833 -0.3907
vn -0.6091 0.7309 -0.3079
vn -0.6170 0.7372 -0.2754
vn -0.6174 0.7531 -0.2273
vn -0.6218 0.7580 -0.1968
vn -0.6455 0.7424 0.1794
vn -0.6048 0.6847 0.4068
vn -0.5978 0.6672 0.4444
vn -0.5887 0.6124 0.5276
vn -0.5826 0.5186 0.6258
vn -0.5862 -0.4097 0.6990
vn -0.5963 0.0595 0.8005
vn -0.5918 0.0629 0.8036
vn -0.5977 -0.0090 0.8016
vn -0.5951 0.5287 -0.6053
vn -0.6416 0.7110 0.2879
vn -0.6103 0.7094 0.3527
vn -0.6110 0.6514 0.4498
vn -0.6018 0.6495 0.4647
vn -0.5997 0.6064 0.5221
vn -0.6001 -0.3399 0.7242
vn -0.5838 -0.3569 0.7292
vn -0.6052 0.2696 0.7490
vn -0.6088 0.2524 0.7521
vn -0.5943 -0.0026 0.8043
vn -0.6509 0.6095 -0.4526
vn -0.6374 0.6310 -0.4422
vn -0.6572 0.6396 -0.3988
vn -0.6463 0.6917 -0.3221
vn -0.6598 0.6875 -0.3034
vn -0.6557 0.7418 -0.1408
vn -0.6562 0.7415 -0.1398
vn -0.6615 0.7420 -0.1088
vn -0.6623 0.7468 -0.0604
vn -0.6694 0.7317 0.1285
vn -0.6625 0.7408 0.1112
vn -0.6577 0.7354 0.1631
vn -0.6458 0.7148 0.2682
vn -0.6303 0.6720 0.3887
vn -0.6078 0.3751 0.6999
vn -0.6162 0.3412 0.7099
vn -0.6144 0.2444 0.7502
vn -0.6037 -0.3050 0.7365
vn -0.6248 0.1820 0.7592
vn -0.6194 0.1884 0.7622
vn -0.6016 -0.2356 0.7633
vn -0.6140 0.1299 0.7786
vn -0.6080 -0.0536 0.7921
vn -0.6066 -0.0987 0.7889
vn -0.6239 0.2115 -0.7523
vn -0.6345 0.5712 -0.5208
vn -0.6543 0.7030 -0.2787
vn -0.6773 0.7345 0.0428
vn -0.6601 0.7072 0.2533
vn -0.6400 0.6802 0.3573
vn -0.5735 -0.7421 0.3470
vn -0.6263 0.5213 0.5796
vn -0.6321 0.4108 0.6570
vn -0.6266 -0.4391 0.6438
vn -0.6373 0.3885 0.6655
vn -0.6238 -0.2745 0.7318
vn -0.6263 -0.1697 0.7609
vn -0.6369 0.0580 0.7687
vn -0.6316 0.0680 0.7723
vn -0.6375 0.0097 0.7704
vn -0.6606 0.6041 -0.4457
vn -0.6538 0.7228 -0.2240
vn -0.6812 0.7311 0.0385
vn -0.6744 0.7098 0.2033
vn -0.6587 0.6738 0.3347
vn -0.6439 0.6528 0.3990
vn -0.6116 -0.6267 0.4830
vn -0.6242 0.5635 0.5411
vn -0.6140 -0.5836 0.5314
vn -0.6365 0.4195 0.6473
vn -0.6496 0.3234 0.6880
vn -0.6185 -0.2759 0.7358
vn -0.6313 -0.1240 0.7656
vn -0.6283 -0.1674 0.7597
vn -0.6780 0.7134 0.1771
vn -0.6666 0.6813 0.3024
vn -0.6423 0.6614 0.3872
vn -0.6427 0.6244 0.4439
vn -0.6611 0.3391 0.6693
vn -0.6492 -0.3537 0.6733
vn -0.6560 0.2924 0.6958
vn -0.6582 0.1965 0.7268
vn -0.6553 -0.0387 0.7544
vn -0.6500 -0.0942 0.7541
vn -0.6638 0.5529 -0.5036
vn -0.6836 0.5742 -0.4505
vn -0.6889 0.7031 -0.1764
vn -0.6939 0.7062 -0.1407
vn -0.6940 0.7061 -0.1404
vn -0.6976 0.7097 -0.0987
vn -0.6995 0.7049 0.1179
vn -0.6779 0.6776 0.2852
vn -0.6590 0.4993 0.5626
vn -0.6725 0.4654 0.5755
vn -0.6595 0.4504 0.6018
vn -0.6306 -0.5128 0.5825
vn -0.6639 -0.2311 0.7112
vn -0.6592 0.1049 0.7446
vn -0.6555 -0.0382 0.7542
vn -0.6752 0.4679 -0.5702
vn -0.6987 0.6742 -0.2394
vn -0.6819 0.6826 0.2627
vn -0.6688 0.6582 0.3457
vn -0.6694 0.5177 0.5327
vn -0.6892 0.4529 0.5656
vn -0.6762 0.1794 0.7146
vn -0.6783 0.1601 0.7171
vn -0.6844 0.0884 0.7238
vn -0.6611 -0.1932 0.7250
vn -0.6708 0.0468 0.7401
vn -0.6692 0.0066 0.7431
vn -0.6862 0.4153 -0.5972
vn -0.6798 0.4616 -0.5700
vn -0.7079 0.6693 -0.2258
vn -0.7118 0.6725 -0.2025
vn -0.6468 -0.7599 0.0651
vn -0.7083 0.6841 0.1740
vn -0.7055 0.6801 0.1992
vn -0.6941 0.6762 0.2470
vn -0.6799 0.5566 0.4774
vn -0.6755 -0.5646 0.4742
vn -0.6797 0.4099 0.6082
vn -0.6899 0.3797 0.6163
vn -0.6880 0.3196 0.6515
vn -0.6638 -0.3635 0.6536
vn -0.6903 0.2330 0.6850
vn -0.6799 -0.2434 0.6917
vn -0.6934 -0.1486 0.7051
vn -0.6869 0.0691 0.7235
vn -0.7043 0.2383 -0.6687
vn -0.7038 0.5769 -0.4145
vn -0.6682 -0.6450 0.3707
vn -0.6845 -0.5112 0.5198
vn -0.6939 0.2902 0.6590
vn -0.6963 0.1959 0.6905
vn -0.7046 0.1331 0.6970
vn -0.7330 0.6240 -0.2708
vn -0.7309 0.6285 -0.2659
vn -0.7355 0.6347 -0.2370
vn -0.7353 0.6645 -0.1336
vn -0.7243 0.6722 0.1534
vn -0.7104 0.6345 0.3045
vn -0.7033 0.6083 0.3679
vn -0.7070 -0.4683 0.5298
vn -0.7056 0.2774 0.6521
vn -0.7115 0.2466 0.6580
vn -0.7059 -0.1857 0.6835
vn -0.7148 0.0031 0.6993
vn -0.7192 0.4832 -0.4993
vn -0.7372 0.6740 0.0479
vn -0.7157 0.6515 0.2515
vn -0.6986 0.5616 0.4434
vn -0.7127 0.4648 0.5254
vn -0.7294 0.2920 -0.6187
vn -0.7486 0.5855 -0.3111
vn -0.7494 0.6319 -0.1979
vn -0.7396 0.6423 0.2010
vn -0.7367 0.6485 0.1916
vn -0.6862 -0.6929 0.2214
vn -0.7436 0.6113 0.2710
vn -0.7171 0.6141 0.3297
vn -0.7248 0.4553 0.5171
vn -0.7244 0.1980 0.6603
vn -0.7529 0.2118 -0.6232
vn -0.7698 0.6369 0.0429
vn -0.7645 0.6279 0.1460
vn -0.7425 0.4335 0.5106
vn -0.7390 0.3748 0.5598
vn -0.7435 -0.4058 0.5316
vn -0.7358 0.2713 0.6205
vn -0.7437 0.1269 0.6564
vn -0.7468 0.0970 0.6580
vn -0.7482 0.2984 -0.5926
vn -0.7585 0.2928 -0.5822
vn -0.7519 0.4410 -0.4900
vn -0.7691 0.5700 -0.2892
vn -0.7756 0.5904 -0.2235
vn -0.7308 -0.6464 0.2195
vn -0.7687 0.5739 0.2824
vn -0.7423 0.5550 0.3753
vn -0.7471 0.2528 0.6148
vn -0.7562 -0.2968 0.5832
vn -0.7609 0.1864 0.6215
vn -0.7682 -0.2488 0.5899
vn -0.7653 0.5139 0.3876
vn -0.7647 0.4871 0.4219
vn -0.7705 0.4762 0.4238
vn -0.7716 -0.4674 0.4315
vn -0.7782 0.4188 0.4680
vn -0.7668 -0.4170 0.4880
vn -0.7666 0.3172 0.5584
vn -0.8039 0.5893 -0.0811
vn -0.7793 0.2815 0.5599
vn -0.7870 -0.2895 0.5448
vn -0.7868 0.0987 0.6092
vn -0.7822 0.0589 0.6202
vn -0.8041 0.2760 -0.5265
vn -0.7981 0.5103 0.3203
vn -0.8068 -0.0047 0.5908
vn -0.8149 0.5410 -0.2078
vn -0.8121 0.5534 -0.1852
vn -0.8133 0.5142 0.2724
vn -0.8313 0.5458 0.1054
vn -0.8417 0.4667 0.2717
vn -0.8297 0.4570 0.3205
vn -0.8221 0.3085 0.4785
vn -0.8256 -0.3016 0.4768
vn -0.8279 0.3634 0.4273
vn -0.8314 0.2381 0.5021
vn -0.8486 -0.2335 0.4747
vn -0.8400 0.2404 -0.4864
vn -0.8583 0.4942 0.1379
vn -0.8659 0.4494 0.2194
vn -0.8532 0.4079 0.3250
vn -0.8620 -0.2991 0.4093
vn -0.8693 -0.0747 0.4886
vn -0.8692 0.4937 -0.0277
vn -0.8736 0.4088 0.2639
vn -0.8707 0.1839 0.4562
vn -0.8697 -0.0256 0.4930
vn -0.8754 0.4067 0.2614
vn -0.8763 0.3577 0.3226
vn -0.8883 -0.0844 0.4514
vn -0.8895 -0.0871 0.4485
vn -0.8969 0.4265 0.1168
vn -0.9056 -0.2547 0.3392
vn -0.9020 -0.3974 0.1686
vn -0.9118 -0.3005 0.2798
vn -0.9358 -0.0337 0.3509
vn -0.9269 0.2247 0.3006
vn -0.9362 0.0808 0.3421
vn -0.9428 0.2694 -0.1963
vn -0.9357 0.3501 0.0437
vn -0.9359 0.3494 0.0443
vn -0.9312 -0.3303 0.1543
vn -0.9423 0.2271 0.2461
vn -0.9396 0.1624 0.3014
vn -0.9397 0.1633 0.3007
vn -0.9420 0.3093 -0.1300
vn -0.9510 -0.2481 0.1845
vn -0.9515 0.1699 0.2566
vn -0.9593 -0.1709 0.2247
vn -0.9540 -0.1343 0.2679
vn -0.9788 -0.0525 0.1978
vn -0.9927 0.0987 -0.0691
vn -0.9867 0.1041 0.1247
vn 0.9551 -0.0355 -0.2941
vn 0.9432 -0.2953 -0.1522
vn 0.9361 -0.1710 -0.3074
vn 0.9312 -0.2101 0.2978
vn 0.9177 -0.2499 -0.3089
vn 0.9344 0.2493 -0.2545
vn 0.9336 0.2507 -0.2560
vn 0.8751 -0.3202 -0.3629
vn 0.8915 0.3531 -0.2837
vn 0.8963 0.2582 -0.3606
vn 0.8608 -0.4953 -0.1172
vn 0.8472 -0.4945 0.1943
vn 0.8741 -0.1142 -0.4721
vn 0.8642 -0.1884 -0.4666
vn 0.8544 -0.3715 -0.3631
vn 0.8546 -0.3660 -0.3683
vn 0.8885 0.3961 -0.2318
vn 0.8355 -0.5494 0.0085
vn 0.8548 -0.1358 -0.5008
vn 0.8470 -0.3252 -0.4205
vn 0.8487 -0.4235 -0.3168
vn 0.8365 -0.3632 -0.4102
vn 0.8476 0.0045 -0.5307
vn 0.8151 -0.4109 -0.4085
vn 0.8491 0.4688 -0.2434
vn 0.7998 -0.5434 -0.2548
vn 0.8568 0.5036 -0.1112
vn 0.8346 -0.3988 0.3800
vn 0.8614 -0.0606 0.5042
vn 0.8365 0.0671 -0.5438
vn 0.8027 -0.3275 -0.4984
vn 0.8367 0.2592 -0.4824
vn 0.8053 -0.3746 -0.4596
vn 0.8239 0.4672 -0.3208
vn 0.7856 -0.5419 -0.2988
vn 0.7670 -0.6219 -0.1581
vn 0.8035 -0.4582 0.3799
vn 0.8053 -0.2508 -0.5372
vn 0.8139 0.3201 -0.4849
vn 0.8051 0.3820 -0.4538
vn 0.7754 -0.5513 -0.3080
vn 0.7557 -0.6077 -0.2440
vn 0.8277 0.2608 -0.4969
vn 0.7585 -0.4883 -0.4315
vn 0.7599 -0.5452 -0.3539
vn 0.7311 -0.6722 -0.1169
vn 0.7398 -0.6715 -0.0433
vn 0.7567 -0.6369 0.1476
vn 0.7717 -0.0598 -0.6332
vn 0.7941 0.3055 -0.5255
vn 0.7712 -0.2498 -0.5855
vn 0.7398 -0.5385 -0.4035
vn 0.6951 -0.7102 0.1114
vn 0.7347 -0.5378 0.4135
vn 0.7654 0.0998 -0.6358
vn 0.7663 0.1461 -0.6257
vn 0.7698 0.2482 -0.5880
vn 0.7702 -0.3730 -0.5173
vn 0.7104 -0.6192 -0.3347
vn 0.6885 -0.7146 -0.1237
vn 0.6895 -0.7187 -0.0896
vn 0.6888 -0.7193 -0.0903
vn 0.7036 -0.6841 0.1924
vn 0.7290 -0.6207 0.2886
vn 0.7244 -0.5858 0.3635
vn 0.7491 -0.3179 -0.5812
vn 0.7068 -0.6509 -0.2772
vn 0.6839 -0.7064 -0.1822
vn 0.6840 -0.7182 -0.1276
vn 0.7278 -0.0135 -0.6857
vn 0.7379 0.0950 -0.6682
vn 0.7251 -0.0638 -0.6857
vn 0.7438 0.2205 -0.6310
vn 0.7461 0.2861 -0.6013
vn 0.7386 0.5022 -0.4497
vn 0.6710 -0.6546 -0.3483
vn 0.6660 -0.7207 -0.1924
vn 0.6512 -0.7395 0.1704
vn 0.7164 -0.1779 -0.6746
vn 0.7193 -0.2543 -0.6465
vn 0.7180 -0.2503 -0.6495
vn 0.7313 -0.4123 -0.5433
vn 0.6783 -0.5958 -0.4302
vn 0.6640 -0.6429 -0.3817
vn 0.6579 -0.6963 -0.2871
vn 0.6405 -0.7668 -0.0424
vn 0.6411 -0.7663 -0.0414
vn 0.6385 -0.7696 0.0068
vn 0.6393 -0.7689 0.0080
vn 0.6850 -0.6341 0.3587
vn 0.6929 -0.5862 0.4198
vn 0.6934 -0.5544 0.4602
vn 0.7188 0.0559 -0.6930
vn 0.7147 0.2757 -0.6428
vn 0.7187 0.3525 -0.5994
vn 0.7488 0.6142 -0.2491
vn 0.6628 -0.7099 -0.2382
vn 0.6462 -0.7410 -0.1827
vn 0.6402 -0.7574 -0.1281
vn 0.6337 -0.7684 -0.0897
vn 0.6345 -0.7707 0.0590
vn 0.6357 -0.7695 0.0610
vn 0.6529 -0.7217 0.2299
vn 0.6494 -0.7167 0.2540
vn 0.6763 -0.6398 0.3651
vn 0.6852 -0.5770 0.4445
vn 0.6910 -0.4143 0.5924
vn 0.7077 0.2549 -0.6589
vn 0.6917 0.3159 -0.6494
vn 0.6963 -0.3602 -0.6208
vn 0.6390 -0.7632 -0.0953
vn 0.6314 -0.7681 0.1068
vn 0.6323 -0.7675 0.1055
vn 0.6400 -0.7405 0.2051
vn 0.6957 0.0405 -0.7172
vn 0.6975 -0.0105 -0.7165
vn 0.6940 -0.0644 -0.7171
vn 0.6882 -0.1220 -0.7152
vn 0.6930 -0.1946 -0.6942
vn 0.6828 -0.3231 -0.6553
vn 0.6813 -0.3764 -0.6279
vn 0.6913 0.4546 -0.5617
vn 0.6853 0.4913 -0.5376
vn 0.6557 -0.5621 -0.5041
vn 0.6393 -0.6177 -0.4580
vn 0.6415 -0.6154 -0.4580
vn 0.6286 -0.6673 -0.3996
vn 0.6026 -0.7826 -0.1563
vn 0.6041 -0.7910 -0.0970
vn 0.6932 0.1271 -0.7095
vn 0.6869 0.0953 -0.7204
vn 0.6947 0.0416 -0.7181
vn 0.6935 -0.0196 -0.7202
vn 0.6930 -0.0624 -0.7182
vn 0.6842 -0.2580 -0.6821
vn 0.6889 -0.2504 -0.6803
vn 0.6777 -0.3077 -0.6678
vn 0.6731 0.2838 -0.6829
vn 0.6688 0.3060 -0.6775
vn 0.6692 0.3720 -0.6433
vn 0.6592 -0.4849 -0.5747
vn 0.6155 -0.6820 -0.3950
vn 0.5922 -0.7709 -0.2347
vn 0.6118 -0.7678 -0.1901
vn 0.7245 0.6694 -0.1644
vn 0.6000 -0.7847 -0.1556
vn 0.5832 -0.8021 -0.1288
vn 0.6123 -0.7888 0.0540
vn 0.6079 -0.7670 0.2052
vn 0.6145 -0.7332 0.2913
vn 0.6444 -0.6360 0.4246
vn 0.6524 -0.4905 -0.5777
vn 0.5886 -0.7376 -0.3309
vn 0.5952 -0.7498 -0.2891
vn 0.5905 -0.7737 -0.2296
vn 0.5803 -0.8107 -0.0773
vn 0.5809 -0.8126 -0.0478
vn 0.5847 -0.8112 0.0018
vn 0.5598 -0.8279 0.0337
vn 0.5898 -0.8050 0.0642
vn 0.5840 -0.8069 0.0887
vn 0.6034 -0.7621 0.2345
vn 0.6131 -0.7163 0.3331
vn 0.6103 -0.6852 0.3975
vn 0.6357 -0.6132 0.4689
vn 0.6851 0.0914 -0.7227
vn 0.6703 -0.3659 -0.6456
vn 0.6381 -0.5640 -0.5241
vn 0.5941 -0.6961 -0.4032
vn 0.6657 0.6309 -0.3986
vn 0.5723 -0.7456 -0.3415
vn 0.5861 -0.7630 -0.2726
vn 0.6920 0.6996 -0.1778
vn 0.5581 -0.8205 -0.1236
vn 0.5780 -0.8105 0.0946
vn 0.5783 -0.8061 0.1254
vn 0.5999 -0.7779 0.1870
vn 0.6100 -0.7171 0.3371
vn 0.6213 -0.6454 0.4442
vn 0.6603 0.0266 -0.7506
vn 0.6571 -0.0680 -0.7507
vn 0.6520 -0.0766 -0.7544
vn 0.6498 -0.1114 -0.7519
vn 0.6715 0.2043 -0.7123
vn 0.6534 0.2657 -0.7089
vn 0.6448 -0.3171 -0.6955
vn 0.6421 -0.4294 -0.6351
vn 0.6294 0.4477 -0.6352
vn 0.6607 0.5353 -0.5263
vn 0.6148 -0.6310 -0.4732
vn 0.5877 -0.7032 -0.4002
vn 0.5383 -0.8321 -0.1331
vn 0.5580 -0.8247 -0.0918
vn 0.5977 -0.6788 0.4266
vn 0.6436 0.1069 -0.7579
vn 0.6421 -0.1244 -0.7565
vn 0.6430 0.1380 -0.7534
vn 0.6533 -0.1892 -0.7330
vn 0.6295 0.4484 -0.6346
vn 0.6107 -0.5571 -0.5627
vn 0.5811 -0.6775 -0.4509
vn 0.5645 -0.7392 -0.3673
vn 0.5463 -0.8091 -0.2163
vn 0.5428 -0.8187 -0.1871
vn 0.5354 -0.8250 -0.1808
vn 0.5069 -0.8610 -0.0417
vn 0.5187 -0.8542 0.0353
vn 0.5042 -0.8617 0.0570
vn 0.5195 -0.8505 0.0827
vn 0.5888 -0.6852 0.4287
vn 0.5916 -0.6501 0.4769
vn 0.6342 0.1990 -0.7471
vn 0.6389 -0.1762 -0.7488
vn 0.6291 -0.2976 -0.7181
vn 0.6324 -0.3622 -0.6847
vn 0.6303 0.3675 -0.6838
vn 0.6146 -0.4946 -0.6145
vn 0.6189 0.4780 -0.6233
vn 0.5936 -0.5433 -0.5937
vn 0.6164 0.5266 -0.5854
vn 0.6298 0.5497 -0.5488
vn 0.6307 0.5972 -0.4955
vn 0.5522 -0.7651 -0.3313
vn 0.5450 -0.7866 -0.2902
vn 0.5381 -0.8121 -0.2258
vn 0.4968 -0.8595 -0.1201
vn 0.4903 -0.8666 -0.0931
vn 0.5075 -0.8580 -0.0795
vn 0.5011 -0.8646 -0.0373
vn 0.5398 -0.8280 0.1517
vn 0.5546 -0.8120 0.1821
vn 0.5554 -0.7978 0.2347
vn 0.5651 -0.7690 0.2990
vn 0.5696 -0.7541 0.3268
vn 0.5665 -0.7226 0.3961
vn 0.6292 0.0411 -0.7761
vn 0.6068 -0.1909 -0.7716
vn 0.6335 0.3165 -0.7060
vn 0.6110 0.4302 -0.6645
vn 0.5308 -0.7998 -0.2804
vn 0.4914 -0.8709 0.0010
vn 0.4996 -0.8583 0.1173
vn 0.5135 -0.8463 0.1418
vn 0.5413 -0.8142 0.2098
vn 0.5671 -0.7109 0.4159
vn 0.5815 -0.6596 0.4763
vn 0.6162 0.0853 -0.7830
vn 0.5989 -0.2380 -0.7647
vn 0.6314 0.2981 -0.7158
vn 0.5891 -0.3693 -0.7187
vn 0.5994 -0.4333 -0.6731
vn 0.5464 -0.6895 -0.4753
vn 0.5532 -0.6948 -0.4596
vn 0.5348 -0.7567 -0.3759
vn 0.5344 -0.7571 -0.3758
vn 0.5280 -0.7717 -0.3546
vn 0.5075 -0.8134 -0.2842
vn 0.4525 -0.8796 -0.1467
vn 0.4884 -0.8558 0.1704
vn 0.5379 -0.7937 0.2840
vn 0.5522 -0.7447 0.3749
vn 0.5598 -0.6751 0.4804
vn 0.5623 -0.6968 0.4452
vn 0.5702 -0.6187 0.5405
vn 0.5842 -0.5310 0.6138
vn 0.6048 0.0896 -0.7913
vn 0.6103 0.0130 -0.7921
vn 0.6109 -0.0237 -0.7913
vn 0.6086 -0.0652 -0.7908
vn 0.6004 0.1668 -0.7821
vn 0.6015 -0.1843 -0.7773
vn 0.5783 0.2049 -0.7897
vn 0.5952 0.2458 -0.7651
vn 0.5761 -0.3758 -0.7259
vn 0.5958 0.3628 -0.7165
vn 0.5892 -0.4424 -0.6761
vn 0.5725 -0.5050 -0.6459
vn 0.4919 -0.8264 -0.2742
vn 0.4750 -0.8618 -0.1777
vn 0.4282 -0.8999 -0.0827
vn 0.4295 -0.9019 -0.0458
vn 0.4474 -0.8925 0.0572
vn 0.4968 -0.8440 0.2019
vn 0.5459 -0.7155 0.4360
vn 0.5912 -0.0895 -0.8015
vn 0.5951 0.2457 -0.7652
vn 0.5688 -0.4923 -0.6589
vn 0.5499 -0.5545 -0.6246
vn 0.5387 -0.6053 -0.5860
vn 0.5433 -0.6143 -0.5722
vn 0.5815 0.6442 -0.4969
vn 0.5005 -0.7468 -0.4379
vn 0.4649 -0.8619 -0.2026
vn 0.4271 -0.9003 -0.0834
vn 0.4157 -0.9089 -0.0334
vn 0.4261 -0.9046 0.0068
vn 0.4191 -0.9078 0.0149
vn 0.4343 -0.8976 0.0750
vn 0.4458 -0.8879 0.1139
vn 0.4344 -0.8951 0.1001
vn 0.4783 -0.8499 0.2212
vn 0.4758 -0.8411 0.2570
vn 0.5075 -0.7956 0.3309
vn 0.5125 -0.7842 0.3499
vn 0.5592 -0.6623 0.4987
vn 0.5844 0.1448 -0.7984
vn 0.5898 -0.1127 -0.7997
vn 0.5600 -0.2658 -0.7847
vn 0.5759 0.3252 -0.7501
vn 0.5560 -0.4156 -0.7199
vn 0.5788 0.3803 -0.7214
vn 0.5614 0.4247 -0.7102
vn 0.5607 0.4757 -0.6777
vn 0.5711 0.5310 -0.6259
vn 0.5031 -0.7658 -0.4004
vn 0.5016 -0.7952 -0.3406
vn 0.4106 -0.9020 -0.1333
vn 0.4067 -0.9051 -0.1240
vn 0.4309 -0.8899 0.1498
vn 0.4662 -0.8447 0.2629
vn 0.5675 0.0540 -0.8216
vn 0.5577 -0.2041 -0.8046
vn 0.5577 0.2091 -0.8033
vn 0.5521 -0.3064 -0.7755
vn 0.5134 -0.6638 -0.5438
vn 0.5141 -0.6701 -0.5354
vn 0.4546 -0.8454 -0.2803
vn 0.3891 -0.9096 -0.1459
vn 0.4120 -0.8965 0.1633
vn 0.5157 -0.7500 0.4142
vn 0.5165 -0.7407 0.4298
vn 0.5341 -0.7000 0.4742
vn 0.5372 -0.6813 0.4972
vn 0.5449 -0.5855 0.6002
vn 0.5450 0.0767 -0.8349
vn 0.5490 -0.0103 -0.8357
vn 0.5456 -0.0659 -0.8354
vn 0.5523 -0.2523 -0.7945
vn 0.5567 0.2470 -0.7931
vn 0.5409 -0.3228 -0.7767
vn 0.5333 -0.3570 -0.7669
vn 0.5377 0.4842 -0.6902
vn 0.4964 -0.7137 -0.4943
vn 0.4607 -0.7994 -0.3857
vn 0.4626 -0.8139 -0.3516
vn 0.4244 -0.8804 -0.2115
vn 0.3489 -0.9365 -0.0344
vn 0.3424 -0.9391 -0.0303
vn 0.3569 -0.9321 0.0619
vn 0.4284 -0.8807 0.2021
vn 0.4592 -0.8361 0.3000
vn 0.4865 -0.7879 0.3774
vn 0.4900 -0.7779 0.3934
vn 0.5119 -0.7410 0.4347
vn 0.5472 -0.0124 -0.8369
vn 0.5561 0.1535 -0.8168
vn 0.5452 0.1401 -0.8265
vn 0.5503 -0.1494 -0.8215
vn 0.5192 -0.3745 -0.7683
vn 0.5110 -0.4139 -0.7534
vn 0.5220 0.4101 -0.7479
vn 0.5219 -0.4296 -0.7369
vn 0.5078 -0.4971 -0.7036
vn 0.5160 -0.5725 -0.6372
vn 0.4950 -0.6153 -0.6135
vn 0.4921 -0.7048 -0.5110
vn 0.4217 -0.8688 -0.2595
vn 0.3878 -0.9022 -0.1887
vn 0.3483 -0.9350 -0.0671
vn 0.3387 -0.9408 -0.0107
vn 0.3656 -0.9306 0.0163
vn 0.3456 -0.9376 0.0378
vn 0.3779 -0.9124 0.1572
vn 0.4142 -0.8806 0.2299
vn 0.5122 -0.7226 0.4642
vn 0.5444 0.1910 -0.8168
vn 0.5468 -0.1920 -0.8150
vn 0.5321 0.3034 -0.7904
vn 0.5413 0.3337 -0.7718
vn 0.5348 0.4320 -0.7262
vn 0.5052 -0.4887 -0.7112
vn 0.5163 0.4718 -0.7147
vn 0.5196 0.5160 -0.6810
vn 0.5285 0.5272 -0.6655
vn 0.4986 -0.6122 -0.6137
vn 0.4763 -0.6586 -0.5825
vn 0.5270 0.6069 -0.5949
vn 0.4717 -0.7567 -0.4527
vn 0.4724 -0.7534 -0.4574
vn 0.5310 0.7268 -0.4356
vn 0.4450 -0.8289 -0.3391
vn 0.3663 -0.9100 -0.1941
vn 0.3277 -0.9399 -0.0958
vn 0.3235 -0.9423 -0.0865
vn 0.3293 -0.9397 0.0927
vn 0.3284 -0.9401 0.0917
vn 0.4493 -0.8393 0.3060
vn 0.4522 -0.8194 0.3523
vn 0.4852 -0.7577 0.4364
vn 0.5333 0.0762 -0.8425
vn 0.5301 -0.0874 -0.8435
vn 0.5263 -0.1407 -0.8386
vn 0.5154 -0.1161 -0.8490
vn 0.5192 -0.2102 -0.8284
vn 0.5286 0.2775 -0.8022
vn 0.4747 -0.6599 -0.5824
vn 0.4597 -0.7661 -0.4491
vn 0.4372 -0.7964 -0.4178
vn 0.4391 -0.8041 -0.4008
vn 0.3801 -0.8851 -0.2686
vn 0.3046 -0.9491 -0.0803
vn 0.3256 -0.9455 -0.0029
vn 0.3512 -0.9161 0.1932
vn 0.3768 -0.8965 0.2332
vn 0.4965 -0.7241 0.4788
vn 0.4807 -0.6978 0.5311
vn 0.5157 0.1394 -0.8454
vn 0.5070 0.1967 -0.8392
vn 0.5135 0.2728 -0.8136
vn 0.4887 -0.3153 -0.8135
vn 0.5046 0.4157 -0.7567
vn 0.4926 0.4825 -0.7242
vn 0.4896 0.5203 -0.6997
vn 0.5016 0.5598 -0.6595
vn 0.4638 -0.7151 -0.5230
vn 0.4933 0.6823 -0.5395
vn 0.3976 -0.8512 -0.3425
vn 0.3477 -0.9044 -0.2473
vn 0.3041 -0.9448 -0.1223
vn 0.3062 -0.9441 -0.1219
vn 0.2956 -0.9534 -0.0601
vn 0.3202 -0.9466 0.0390
vn 0.3141 -0.9487 0.0352
vn 0.3287 -0.9399 0.0925
vn 0.3467 -0.9276 0.1394
vn 0.3849 -0.8918 0.2380
vn 0.4012 -0.8712 0.2828
vn 0.4651 -0.7806 0.4175
vn 0.4703 -0.5908 0.6556
vn 0.4659 -0.5077 0.7246
vn 0.4991 0.0996 -0.8608
vn 0.5060 0.0144 -0.8624
vn 0.4970 0.1737 -0.8502
vn 0.5079 -0.1978 -0.8384
vn 0.4990 0.2084 -0.8411
vn 0.4886 -0.2804 -0.8262
vn 0.4844 -0.3034 -0.8206
vn 0.4703 -0.3765 -0.7982
vn 0.4657 -0.4318 -0.7724
vn 0.4606 -0.5617 -0.6873
vn 0.4805 0.5971 -0.6424
vn 0.4538 -0.7005 -0.5508
vn 0.4519 -0.7336 -0.5075
vn 0.3817 -0.8631 -0.3309
vn 0.3042 -0.9380 0.1663
vn 0.4255 -0.8266 0.3683
vn 0.4745 -0.7463 0.4668
vn 0.4597 -0.7039 0.5415
vn 0.4586 -0.6507 0.6052
vn 0.4910 0.0979 -0.8657
vn 0.4715 0.0682 -0.8792
vn 0.4781 -0.0814 -0.8745
vn 0.4718 -0.1304 -0.8720
vn 0.4773 0.2778 -0.8337
vn 0.4768 0.3689 -0.7978
vn 0.4584 -0.4214 -0.7825
vn 0.4493 -0.4827 -0.7517
vn 0.4802 0.5498 -0.6835
vn 0.3371 -0.9084 -0.2471
vn 0.3065 -0.9380 -0.1617
vn 0.2512 -0.9679 -0.0115
vn 0.3061 -0.9471 0.0968
vn 0.3277 -0.9297 0.1682
vn 0.3327 -0.9138 0.2332
vn 0.4237 -0.8227 0.3791
vn 0.4428 -0.6143 0.6531
vn 0.4737 -0.1335 -0.8705
vn 0.4635 0.1669 -0.8702
vn 0.4598 0.2301 -0.8577
vn 0.4503 0.2624 -0.8535
vn 0.4743 0.3677 -0.7999
vn 0.4413 -0.6009 -0.6664
vn 0.4537 -0.6186 -0.6415
vn 0.4468 -0.6651 -0.5984
vn 0.2848 -0.9517 -0.1142
vn 0.2737 -0.9566 -0.0998
vn 0.2492 -0.9684 -0.0097
vn 0.2594 -0.9652 0.0335
vn 0.3751 -0.8740 0.3089
vn 0.4498 -0.7569 0.4741
vn 0.4196 -0.7468 0.5160
vn 0.4348 -0.6696 0.6021
vn 0.4465 -0.4625 0.7660
vn 0.4567 0.0662 -0.8871
vn 0.4671 -0.0298 -0.8837
vn 0.4665 -0.0602 -0.8825
vn 0.4506 0.1324 -0.8829
vn 0.4526 0.3332 -0.8271
vn 0.4419 0.4889 -0.7521
vn 0.4652 0.4656 -0.7529
vn 0.4442 0.5552 -0.7032
vn 0.4178 -0.7087 -0.5685
vn 0.4163 -0.7532 -0.5092
vn 0.4567 0.6982 -0.5513
vn 0.3904 -0.8202 -0.4182
vn 0.2779 -0.9390 -0.2027
vn 0.2481 -0.9675 -0.0484
vn 0.2476 -0.9677 -0.0478
vn 0.2515 -0.9671 0.0375
vn 0.2639 -0.9610 0.0832
vn 0.2838 -0.9488 0.1390
vn 0.2891 -0.9458 0.1479
vn 0.3629 -0.8798 0.3070
vn 0.3913 -0.8345 0.3880
vn 0.4299 -0.7869 0.4426
vn 0.4295 0.1285 -0.8939
vn 0.4624 -0.1995 -0.8639
vn 0.4440 -0.2178 -0.8692
vn 0.4404 -0.2611 -0.8590
vn 0.4152 -0.3813 -0.8259
vn 0.4403 0.3968 -0.8054
vn 0.4314 0.4301 -0.7930
vn 0.4369 0.5194 -0.7344
vn 0.4108 -0.7033 -0.5802
vn 0.4129 -0.6976 -0.5856
vn 0.4077 -0.7258 -0.5541
vn 0.4049 -0.7678 -0.4965
vn 0.3458 -0.8789 -0.3286
vn 0.3039 -0.9075 -0.2899
vn 0.2745 -0.9454 -0.1759
vn 0.5818 0.8007 -0.1429
vn 0.2331 -0.9692 -0.0796
vn 0.2127 -0.9766 0.0317
vn 0.2946 -0.9311 0.2149
vn 0.2879 -0.9358 0.2036
vn 0.3422 -0.8940 0.2891
vn 0.3692 -0.8494 0.3770
vn 0.4013 -0.8032 0.4403
vn 0.4174 -0.7474 0.5169
vn 0.3819 -0.7208 0.5785
vn 0.4198 0.1059 -0.9014
vn 0.4223 0.2100 -0.8818
vn 0.4217 0.2064 -0.8829
vn 0.4244 0.2692 -0.8646
vn 0.4127 -0.3326 -0.8480
vn 0.4099 -0.3749 -0.8315
vn 0.4201 0.3304 -0.8452
vn 0.4153 -0.4230 -0.8054
vn 0.4084 -0.4880 -0.7714
vn 0.3945 -0.6066 -0.6902
vn 0.4399 0.6143 -0.6550
vn 0.4252 0.6896 -0.5863
vn 0.3971 -0.7737 -0.4937
vn 0.3722 -0.8379 -0.3993
vn 0.3705 -0.8414 -0.3934
vn 0.3101 -0.9050 -0.2913
vn 0.2604 -0.9514 -0.1643
vn 0.2531 -0.9582 -0.1333
vn 0.2384 -0.9673 -0.0865
vn 0.2097 -0.9772 0.0327
vn 0.2447 -0.9652 0.0925
vn 0.2588 -0.9486 0.1821
vn 0.2616 -0.9465 0.1888
vn 0.3523 -0.8699 0.3451
vn 0.4061 -0.7462 0.5276
vn 0.3869 -0.6537 0.6503
vn 0.3942 0.1835 -0.9005
vn 0.4124 -0.2077 -0.8870
vn 0.4087 -0.2901 -0.8653
vn 0.4005 0.2522 -0.8809
vn 0.4028 -0.3203 -0.8574
vn 0.4001 0.3025 -0.8651
vn 0.4030 0.3157 -0.8590
vn 0.3987 -0.5566 -0.7289
vn 0.4043 -0.6588 -0.6345
vn 0.3946 -0.6719 -0.6268
vn 0.3791 -0.7969 -0.4704
vn 0.2197 -0.9703 -0.1016
vn 0.1966 -0.9797 -0.0380
vn 0.2045 -0.9778 -0.0446
vn 0.2065 -0.9784 -0.0092
vn 0.2044 -0.9788 -0.0105
vn 0.2032 -0.9763 0.0747
vn 0.2432 -0.9627 0.1188
vn 0.2965 -0.9140 0.2770
vn 0.3767 -0.7199 0.5829
vn 0.3839 -0.1914 0.9033
vn 0.3913 -0.2243 -0.8925
vn 0.4057 0.3809 -0.8309
vn 0.3909 0.4893 -0.7796
vn 0.4045 -0.5984 -0.6916
vn 0.3951 0.5830 -0.7100
vn 0.4028 0.6113 -0.6812
vn 0.3455 -0.8137 -0.4674
vn 0.3344 -0.8729 -0.3553
vn 0.2546 -0.9387 -0.2325
vn 0.2549 -0.9417 -0.2194
vn 0.2284 -0.9660 -0.1209
vn 0.2068 -0.9759 -0.0698
vn 0.2093 -0.9695 0.1277
vn 0.3773 -0.8041 0.4594
vn 0.3768 -0.8018 0.4638
vn 0.3563 -0.6548 0.6666
vn 0.3577 -0.6115 0.7058
vn 0.3777 0.0956 -0.9210
vn 0.3909 0.0106 -0.9204
vn 0.3854 0.0161 -0.9226
vn 0.3915 -0.0855 -0.9162
vn 0.3958 -0.0787 -0.9150
vn 0.3948 -0.1297 -0.9096
vn 0.3843 -0.2754 -0.8812
vn 0.3716 0.2627 -0.8904
vn 0.3686 0.2844 -0.8850
vn 0.3732 -0.3314 -0.8665
vn 0.3764 -0.4343 -0.8184
vn 0.3984 0.5516 -0.7329
vn 0.3527 -0.7515 -0.5575
vn 0.3510 -0.7540 -0.5553
vn 0.3252 -0.8769 -0.3539
vn 0.1633 -0.9862 0.0266
vn 0.2116 -0.9661 0.1479
vn 0.2719 -0.9248 0.2662
vn 0.2635 -0.9330 0.2453
vn 0.3054 -0.8985 0.3154
vn 0.3269 -0.8453 0.4226
vn 0.3440 -0.7832 0.5180
vn 0.3372 -0.7391 0.5831
vn 0.3911 -0.2460 0.8868
vn 0.3630 -0.3831 -0.8494
vn 0.3687 0.4191 -0.8297
vn 0.3835 0.3909 -0.8367
vn 0.3642 -0.4942 -0.7894
vn 0.3678 -0.4996 -0.7843
vn 0.3917 0.4888 -0.7795
vn 0.3877 0.5256 -0.7572
vn 0.3242 -0.8370 -0.4407
vn 0.2840 -0.9081 -0.3076
vn 0.2840 -0.9082 -0.3075
vn 0.2237 -0.9594 -0.1716
vn 0.1478 -0.9883 0.0367
vn 0.1734 -0.9815 0.0816
vn 0.3435 -0.8387 0.4226
vn 0.3306 -0.7832 0.5266
vn 0.3388 -0.6457 0.6843
vn 0.3621 0.1053 -0.9262
vn 0.3657 0.1792 -0.9133
vn 0.3491 0.1485 -0.9252
vn 0.3513 -0.2143 -0.9114
vn 0.3487 -0.3074 -0.8854
vn 0.3584 -0.3770 -0.8541
vn 0.3517 0.3509 -0.8679
vn 0.3604 -0.4209 -0.8325
vn 0.3560 -0.5421 -0.7612
vn 0.3635 -0.5583 -0.7458
vn 0.3607 -0.6852 -0.6328
vn 0.3562 -0.7292 -0.5843
vn 0.3180 -0.8404 -0.4389
vn 0.2881 -0.8717 -0.3964
vn 0.2230 -0.9434 -0.2455
vn 0.2245 -0.9551 -0.1932
vn 0.1956 -0.9696 -0.1468
vn 0.1948 -0.9702 -0.1441
vn 0.1831 -0.9791 -0.0883
vn 0.1792 -0.9804 -0.0818
vn 0.9238 0.3397 -0.1766
vn 0.1547 -0.9875 -0.0303
vn 0.1555 -0.9878 -0.0066
vn 0.1514 -0.9885 -0.0011
vn 0.1456 -0.9871 0.0660
vn 0.1896 -0.9750 0.1159
vn 0.3557 -0.1603 -0.9208
vn 0.3523 0.2511 -0.9016
vn 0.3419 0.2981 -0.8912
vn 0.3505 0.3508 -0.8684
vn 0.3549 0.4239 -0.8333
vn 0.3479 0.5399 -0.7665
vn 0.3476 0.5514 -0.7584
vn 0.3490 -0.5933 -0.7254
vn 0.3554 -0.6069 -0.7109
vn 0.3510 0.5999 -0.7190
vn 0.3449 -0.7067 -0.6177
vn 0.3646 0.6886 -0.6269
vn 0.3235 -0.7744 -0.5437
vn 0.3120 -0.7926 -0.5238
vn 0.3843 0.7841 -0.4873
vn 0.1582 -0.9806 -0.1157
vn 0.7939 -0.5330 -0.2928
vn 0.8118 -0.5397 -0.2230
vn 0.7854 -0.5647 -0.2534
vn 0.7038 -0.7023 0.1073
vn 0.2140 -0.9540 0.2098
vn 0.2148 -0.9533 0.2121
vn 0.2645 -0.9057 0.3314
vn 0.2754 -0.8826 0.3809
vn 0.3182 -0.7381 0.5949
vn 0.3261 -0.7040 0.6309
vn 0.3199 -0.6493 0.6900
vn 0.3288 -0.2367 -0.9143
vn 0.3344 0.4690 -0.8175
vn 0.3334 0.5301 -0.7796
vn 0.3356 -0.6457 -0.6859
vn 0.2224 -0.9398 -0.2593
vn 0.8871 -0.1906 -0.4204
vn 0.7339 -0.5834 -0.3479
vn 0.6220 -0.7676 -0.1546
vn 0.6685 -0.7345 -0.1165
vn 0.6991 -0.7149 -0.0150
vn 0.6789 -0.7327 -0.0474
vn 0.6872 -0.7249 0.0468
vn 0.6802 -0.7181 0.1471
vn 0.7744 -0.5625 0.2897
vn 0.7581 -0.5749 0.3078
vn 0.2849 -0.8315 0.4769
vn 0.2794 -0.7663 0.5785
vn 0.2929 -0.6387 0.7116
vn 0.3343 0.0098 -0.9424
vn 0.3288 0.0159 -0.9443
vn 0.3352 -0.0719 -0.9394
vn 0.3155 0.2095 -0.9255
vn 0.3266 -0.2690 -0.9061
vn 0.3228 0.2509 -0.9126
vn 0.3310 0.3230 -0.8866
vn 0.3333 -0.3740 -0.8654
vn 0.3266 0.3986 -0.8570
vn 0.3191 -0.4468 -0.8358
vn 0.3387 0.6804 -0.6499
vn 0.2626 -0.8815 -0.3925
vn 0.1920 -0.9573 -0.2162
vn 0.1907 -0.9600 -0.2051
vn 0.6501 0.7084 -0.2748
vn 0.1357 -0.9886 -0.0656
vn 0.5803 -0.7800 -0.2343
vn 0.5883 -0.7599 -0.2765
vn 0.1408 -0.9892 -0.0396
vn 0.1500 -0.9887 -0.0005
vn 0.1353 -0.9905 0.0232
vn 0.1753 -0.9716 0.1592
vn 0.2255 -0.9299 0.2906
vn 0.2261 -0.9284 0.2947
vn 0.2747 -0.7912 0.5464
vn 0.3292 0.0994 -0.9390
vn 0.3252 -0.0854 -0.9418
vn 0.3139 0.2401 -0.9186
vn 0.3257 -0.3337 -0.8846
vn 0.3242 0.3990 -0.8577
vn 0.3098 -0.4809 -0.8202
vn 0.3135 -0.4876 -0.8148
vn 0.3023 -0.5363 -0.7880
vn 0.2864 -0.7211 -0.6308
vn 0.2843 -0.7189 -0.6343
vn 0.2806 -0.7427 -0.6080
vn 0.2727 -0.8167 -0.5085
vn 0.2281 -0.9184 -0.3234
vn 0.1942 -0.9424 -0.2722
vn 0.1615 -0.9707 -0.1781
vn 0.1311 -0.9850 -0.1125
vn 0.6246 -0.6687 -0.4033
vn 0.7107 -0.6758 -0.1953
vn 0.7204 -0.6666 -0.1915
vn 0.7512 -0.6564 0.0696
vn 0.7260 -0.6736 0.1387
vn 0.6376 -0.7395 0.2157
vn 0.6181 -0.7351 0.2786
vn 0.6899 -0.6097 0.3903
vn 0.1470 -0.9800 0.1338
vn 0.1782 -0.9682 0.1756
vn 0.2362 -0.8763 0.4198
vn 0.2474 -0.8512 0.4629
vn 0.2768 -0.6415 0.7155
vn 0.3234 -0.1387 -0.9360
vn 0.3127 0.1511 -0.9378
vn 0.3079 0.1168 -0.9442
vn 0.3190 0.2749 -0.9070
vn 0.3190 0.3243 -0.8906
vn 0.2970 0.4420 -0.8464
vn 0.3125 0.4705 -0.8252
vn 0.3068 0.5363 -0.7863
vn 0.3042 0.5789 -0.7566
vn 0.2979 0.6061 -0.7374
vn 0.3081 0.6478 -0.6967
vn 0.3154 0.6854 -0.6564
vn 0.2606 -0.8345 -0.4855
vn 0.2231 -0.9111 -0.3467
vn 0.1052 -0.9904 -0.0898
vn 0.5867 -0.7029 -0.4021
vn 0.4961 -0.8040 -0.3278
vn 0.8254 -0.5583 -0.0837
vn 0.0972 -0.9952 -0.0139
vn 0.1526 -0.9789 0.1359
vn 0.1943 -0.9285 0.3165
vn 0.2009 -0.8940 0.4004
vn 0.2282 -0.8406 0.4912
vn 0.2481 -0.8034 0.5413
vn 0.2732 -0.7356 0.6199
vn 0.2990 0.1822 -0.9367
vn 0.2952 0.2973 -0.9080
vn 0.2864 -0.3813 -0.8790
vn 0.2994 -0.3936 -0.8691
vn 0.2856 -0.5949 -0.7513
vn 0.2619 -0.7692 -0.5829
vn 0.2557 -0.8373 -0.4832
vn 0.2899 0.7791 -0.5559
vn 0.2325 -0.8783 -0.4178
vn 0.7208 -0.3286 -0.6103
vn 0.1124 -0.9909 -0.0742
vn 0.6510 -0.7056 -0.2798
vn 0.6520 -0.7106 -0.2645
vn 0.0969 -0.9950 -0.0241
vn 0.8446 -0.5012 0.1883
vn 0.1239 -0.9895 0.0748
vn 0.5974 -0.7378 0.3141
vn 0.5595 -0.7227 0.4058
vn 0.1982 -0.9458 0.2573
vn 0.2579 -0.7587 0.5982
vn 0.3006 -0.1661 -0.9392
vn 0.2992 -0.2134 -0.9300
vn 0.2901 -0.3341 -0.8968
vn 0.2888 0.3688 -0.8835
vn 0.2946 -0.4170 -0.8599
vn 0.2865 0.4976 -0.8187
vn 0.2863 0.5553 -0.7808
vn 0.2512 -0.7754 -0.5793
vn 0.2376 -0.8019 -0.5482
vn 0.1595 -0.9520 -0.2613
vn 0.1482 -0.9594 -0.2401
vn 0.1500 -0.9607 -0.2336
vn 0.1268 -0.9743 -0.1860
vn 0.1354 -0.9758 -0.1716
vn 0.1109 -0.9840 -0.1393
vn 0.4802 -0.7388 -0.4728
vn 0.5081 0.8092 -0.2948
vn 0.4284 -0.8230 -0.3729
vn 0.5615 -0.7415 -0.3674
vn 0.5614 -0.7442 -0.3618
vn 0.9514 -0.2649 -0.1572
vn 0.6512 -0.6633 0.3688
vn 0.5202 -0.7501 0.4084
vn 0.6518 -0.0162 0.7582
vn 0.1421 -0.9733 0.1800
vn 0.2572 -0.7219 0.6424
vn 0.2512 -0.6669 0.7015
vn 0.2881 0.1081 -0.9515
vn 0.2786 0.0668 -0.9581
vn 0.2943 0.0162 -0.9556
vn 0.2817 -0.0036 -0.9595
vn 0.2805 -0.0649 -0.9577
vn 0.2766 0.2442 -0.9294
vn 0.2829 -0.2937 -0.9131
vn 0.2797 -0.3188 -0.9056
vn 0.2871 0.2975 -0.9105
vn 0.2630 0.4413 -0.8580
vn 0.2758 -0.5462 -0.7910
vn 0.2864 -0.5478 -0.7861
vn 0.2725 -0.6062 -0.7471
vn 0.2182 -0.8137 -0.5387
vn 0.2096 -0.8415 -0.4979
vn 0.1917 -0.8950 -0.4028
vn 0.6717 0.0927 -0.7350
vn 0.6517 -0.2676 -0.7097
vn 0.6333 -0.3110 -0.7087
vn 0.4669 -0.7176 -0.5169
vn 0.4120 -0.8183 -0.4008
vn 0.6910 -0.5649 -0.4510
vn 0.6899 -0.5785 -0.4352
vn 0.9506 0.2027 -0.2349
vn 0.0767 -0.9964 -0.0375
vn 0.0835 -0.9963 0.0211
vn 0.6807 -0.5831 0.4435
vn 0.6402 -0.6732 0.3701
vn 0.5909 -0.6699 0.4495
vn 0.5358 -0.7442 0.3989
vn 0.1147 -0.9883 0.1003
vn 0.1256 -0.9801 0.1535
vn 0.1491 -0.9561 0.2524
vn 0.1554 -0.9360 0.3159
vn 0.2423 -0.6107 0.7538
vn 0.2730 0.1177 -0.9548
vn 0.2612 0.3538 -0.8981
vn 0.2765 0.3708 -0.8866
vn 0.2572 -0.6554 -0.7102
vn 0.2565 -0.6540 -0.7117
vn 0.2697 0.6417 -0.7180
vn 0.2731 0.6946 -0.6655
vn 0.2059 -0.8375 -0.5061
vn 0.1480 -0.9508 -0.2723
vn 0.0902 -0.9870 -0.1327
vn 0.6210 0.2051 -0.7565
vn 0.5047 -0.7375 -0.4488
vn 0.7048 0.5455 -0.4536
vn 0.4740 -0.7444 0.4703
vn 0.1150 -0.9879 0.1037
vn 0.5653 -0.4426 0.6961
vn 0.1264 -0.9789 0.1605
vn 0.1438 -0.9461 0.2903
vn 0.1763 -0.8995 0.3998
vn 0.2635 -0.0820 -0.9612
vn 0.2772 0.1887 -0.9421
vn 0.2611 -0.4402 -0.8591
vn 0.2533 0.4191 -0.8719
vn 0.2575 -0.4822 -0.8374
vn 0.2599 -0.4799 -0.8379
vn 0.2280 -0.7252 -0.6497
vn 0.1557 -0.9300 -0.3328
vn 0.5474 -0.3838 -0.7437
vn 0.4068 -0.7448 -0.5289
vn 0.4885 -0.7464 -0.4519
vn 0.6279 -0.5984 -0.4977
vn 0.7256 -0.4283 -0.5386
vn 0.0776 -0.9956 -0.0528
vn -0.6399 0.7588 0.1216
vn 0.0800 -0.9968 0.0060
vn 0.0796 -0.9965 0.0265
vn 0.0816 -0.9957 0.0433
vn 0.2007 -0.8463 0.4934
vn 0.2128 -0.8015 0.5588
vn 0.2198 -0.7691 0.6002
vn 0.2241 -0.6707 0.7070
vn 0.2606 -0.1421 -0.9549
vn 0.2620 0.1717 -0.9497
vn 0.2582 -0.2495 -0.9333
vn 0.2576 -0.2643 -0.9294
vn 0.2615 0.2295 -0.9375
vn 0.2559 0.2312 -0.9386
vn 0.2260 -0.4952 -0.8389
vn 0.2486 0.5015 -0.8287
vn 0.2375 0.5248 -0.8174
vn 0.2505 -0.5522 -0.7952
vn 0.2385 -0.5901 -0.7713
vn 0.2434 0.5658 -0.7878
vn 0.2488 0.5605 -0.7899
vn 0.2416 0.5995 -0.7630
vn 0.2533 0.6339 -0.7308
vn 0.2135 -0.7711 -0.5999
vn 0.1748 -0.8915 -0.4179
vn 0.5619 0.0567 -0.8253
vn 0.5467 -0.3824 -0.7449
vn 0.3698 -0.7737 -0.5144
vn 0.3595 -0.8328 -0.4209
vn 0.4082 -0.7509 -0.5192
vn 0.7913 0.3936 -0.4679
vn -0.5798 0.7554 0.3054
vn -0.7197 0.6813 0.1339
vn -0.7426 0.6494 0.1638
vn -0.7617 0.6477 -0.0154
vn -0.7268 0.6868 0.0127
vn 0.5038 -0.6517 0.5670
vn 0.4844 -0.7399 0.4668
vn 0.1296 -0.9670 0.2194
vn 0.1525 -0.9261 0.3451
vn 0.1706 -0.8932 0.4160
vn 0.1914 -0.8337 0.5180
vn 0.2120 -0.7947 0.5688
vn 0.2459 0.3544 -0.9022
vn 0.2324 -0.4038 -0.8848
vn 0.2308 -0.4224 -0.8766
vn 0.2385 0.4815 -0.8434
vn 0.2428 0.5984 -0.7635
vn 0.2566 0.6758 -0.6910
vn 0.1148 -0.9557 -0.2710
vn 0.5388 0.0873 -0.8379
vn 0.4107 -0.5448 -0.7311
vn 0.3267 -0.7525 -0.5718
vn 0.0768 -0.9907 -0.1122
vn 0.3252 -0.8274 -0.4579
vn 0.0839 -0.9918 -0.0964
vn 0.4841 -0.7048 -0.5186
vn 0.5444 -0.5722 -0.6133
vn 0.7663 -0.2446 -0.5941
vn 0.7589 -0.1957 -0.6211
vn -0.8225 0.5685 0.0201
vn -0.8160 0.5611 -0.1385
vn -0.6745 0.6683 -0.3137
vn 0.4056 -0.7401 0.5364
vn 0.4213 -0.7524 0.5064
vn 0.4177 -0.6821 0.6003
vn 0.2297 0.0563 -0.9716
vn 0.2264 -0.0704 -0.9715
vn 0.2291 -0.2149 -0.9494
vn 0.2273 -0.2929 -0.9287
vn 0.2363 0.2808 -0.9302
vn 0.2352 -0.3319 -0.9135
vn 0.2156 -0.5278 -0.8216
vn 0.1878 -0.7831 -0.5929
vn 0.1800 -0.8058 -0.5642
vn 0.1649 -0.8416 -0.5144
vn 0.1588 -0.8445 -0.5115
vn 0.1425 -0.8988 -0.4146
vn 0.1268 -0.9344 -0.3329
vn 0.4908 -0.0241 -0.8709
vn 0.3629 -0.7182 -0.5937
vn 0.5697 -0.5451 -0.6151
vn 0.6115 -0.4363 -0.6601
vn 0.6667 -0.3557 -0.6550
vn 0.7669 0.2042 -0.6084
vn 0.7221 0.3039 -0.6215
vn 0.7477 -0.0301 -0.6633
vn -0.7688 0.5381 0.3455
vn -0.7910 0.4930 0.3623
vn -0.7966 0.5443 0.2630
vn -0.8468 0.5070 0.1610
vn -0.8448 0.5120 0.1553
vn -0.8085 0.5697 -0.1474
vn -0.7680 0.5578 -0.3147
vn -0.6467 0.6861 -0.3332
vn -0.5804 0.6747 -0.4559
vn 0.5981 -0.5452 0.5874
vn 0.0647 -0.9958 0.0647
vn 0.4618 -0.6858 0.5625
vn 0.3387 -0.7570 0.5588
vn 0.1017 -0.9720 0.2117
vn 0.1847 -0.8366 0.5157
vn 0.1755 -0.7603 0.6254
vn 0.1957 -0.7270 0.6581
vn 0.2176 0.0314 -0.9755
vn 0.2191 0.0075 -0.9757
vn 0.2199 0.0093 -0.9755
vn 0.2275 0.1065 -0.9679
vn 0.2082 -0.0903 -0.9739
vn 0.2083 -0.1455 -0.9672
vn 0.2290 0.2617 -0.9376
vn 0.2222 -0.3167 -0.9221
vn 0.2212 -0.3861 -0.8955
vn 0.2140 0.3813 -0.8993
vn 0.2065 -0.4494 -0.8692
vn 0.2076 0.4413 -0.8730
vn 0.2266 0.4218 -0.8779
vn 0.2081 -0.4795 -0.8525
vn 0.2191 0.4763 -0.8516
vn 0.2142 -0.6000 -0.7708
vn 0.2131 0.6077 -0.7651
vn 0.1920 -0.7263 -0.6601
vn 0.1711 -0.7510 -0.6377
vn 0.2040 0.6416 -0.7394
vn 0.2022 0.6429 -0.7388
vn 0.2023 0.6924 -0.6926
vn 0.1803 -0.7806 -0.5984
vn 0.1180 -0.9187 -0.3769
vn 0.1066 -0.9487 -0.2977
vn 0.0975 -0.9646 -0.2449
vn 0.0931 -0.9779 -0.1870
vn 0.4015 -0.5121 -0.7593
vn 0.2594 -0.8019 -0.5383
vn 0.2584 -0.8436 -0.4707
vn 0.2422 -0.8340 -0.4958
vn 0.3653 -0.6883 -0.6267
vn 0.4173 -0.6847 -0.5976
vn 0.4974 -0.4885 -0.7169
vn 0.6028 0.5440 -0.5837
vn 0.6643 0.2373 -0.7088
vn -0.4436 0.7488 0.4925
vn -0.6805 0.6028 0.4166
vn -0.9025 0.3489 0.2525
vn -0.9983 0.0215 0.0536
vn -0.9208 0.3638 0.1404
vn -0.9254 0.3423 0.1629
vn -0.9964 -0.0816 -0.0222
vn -0.9351 0.3510 -0.0488
vn -0.9206 0.3905 0.0014
vn -0.8987 0.3911 -0.1984
vn -0.8859 0.4427 -0.1386
vn -0.8336 0.4267 -0.3508
vn -0.7732 0.5533 -0.3099
vn -0.7623 0.5162 -0.3904
vn -0.5818 0.6459 -0.4943
vn 0.0634 -0.9963 0.0587
vn 0.0905 -0.9885 0.1214
vn 0.0909 -0.9893 0.1142
vn 0.4441 -0.2553 0.8588
vn 0.0959 -0.9791 0.1791
vn 0.0966 -0.9749 0.2007
vn 0.1423 -0.8739 0.4648
vn 0.1700 -0.6815 0.7118
vn 0.1864 -0.5946 0.7821
vn 0.2199 0.1138 -0.9689
vn 0.2099 0.2117 -0.9545
vn 0.2083 0.3059 -0.9290
vn 0.2051 -0.5950 -0.7771
vn 0.1978 -0.6671 -0.7182
vn 0.1821 -0.7147 -0.6753
vn 0.1707 -0.8124 -0.5575
vn 0.2062 0.7788 -0.5924
vn 0.0982 -0.9684 -0.2294
vn 0.0914 -0.9721 -0.2161
vn 0.0817 -0.9830 -0.1642
vn 0.3739 0.6231 -0.6870
vn 0.4960 0.5147 -0.6994
vn 0.6391 0.3786 -0.6695
vn 0.6964 0.0568 -0.7155
vn 0.6534 0.2041 -0.7289
vn 0.0607 -0.9960 -0.0657
vn -0.5647 0.6587 0.4972
vn -0.7938 0.4901 0.3600
vn -0.8301 0.3461 0.4371
vn -0.8218 0.3132 0.4759
vn -0.8925 0.3603 0.2714
vn -0.9286 0.1028 0.3566
vn -0.9142 -0.1476 0.3773
vn -0.8610 0.2429 0.4468
vn -0.9510 -0.1747 0.2550
vn -0.9502 -0.2300 0.2103
vn 0.0579 -0.9980 -0.0250
vn -0.9912 0.0141 0.1314
vn -0.9757 -0.2040 0.0795
vn -0.9593 0.2481 0.1347
vn -0.9808 0.0803 0.1778
vn -0.9870 -0.0384 0.1559
vn -0.9892 -0.1457 -0.0124
vn -0.9788 0.1993 -0.0479
vn -0.9858 0.1103 -0.1266
vn -0.9931 -0.0259 -0.1143
vn -0.9828 -0.1698 -0.0728
vn -0.9928 -0.0301 -0.1162
vn -0.9853 0.0165 -0.1700
vn -0.9687 -0.1411 -0.2045
vn -0.9803 -0.1111 -0.1632
vn -0.8328 0.5449 -0.0972
vn 0.0578 -0.9983 -0.0036
vn -0.9440 0.2782 -0.1773
vn -0.9469 0.1695 -0.2731
vn -0.9061 -0.1183 -0.4063
vn -0.6691 0.5318 -0.5192
vn 0.3785 -0.6853 0.6222
vn 0.1210 -0.9264 0.3566
vn 0.1413 -0.8977 0.4174
vn 0.1389 -0.8938 0.4263
vn 0.2134 0.1779 -0.9606
vn 0.1997 0.3077 -0.9303
vn 0.1802 0.4433 -0.8781
vn 0.1815 0.4899 -0.8527
vn 0.1810 0.5771 -0.7963
vn 0.1989 -0.6662 -0.7188
vn 0.1294 -0.8871 -0.4431
vn 0.4023 0.0579 -0.9137
vn 0.3708 -0.0412 -0.9278
vn 0.2976 -0.5719 -0.7644
vn 0.3064 -0.5843 -0.7515
vn 0.2434 -0.7977 -0.5517
vn 0.3433 -0.7144 -0.6098
vn 0.4560 -0.5225 -0.7205
vn 0.5093 -0.3718 -0.7762
vn 0.5608 -0.3095 -0.7680
vn 0.6122 -0.1020 -0.7841
vn -0.6979 0.4899 0.5224
vn -0.8202 -0.1447 0.5534
vn -0.8363 0.2608 0.4822
vn -0.9459 0.0338 0.3226
vn -0.9382 -0.1161 0.3260
vn -0.9703 -0.0230 -0.2408
vn -0.8044 0.2459 -0.5408
vn -0.9312 0.0551 -0.3603
vn -0.9065 0.2849 -0.3115
vn -0.8975 0.2465 -0.3657
vn -0.9417 0.0973 -0.3222
vn -0.9297 -0.1101 -0.3514
vn -0.9354 -0.0817 -0.3440
vn -0.9325 -0.1556 -0.3258
vn -0.7923 0.5835 -0.1784
vn -0.8488 0.4083 -0.3357
vn -0.8503 0.4156 -0.3229
vn -0.7393 0.4091 -0.5348
vn -0.7550 0.3975 -0.5214
vn -0.6900 0.5143 -0.5093
vn 0.0601 -0.9949 0.0816
vn 0.1521 -0.7108 0.6868
vn 0.1612 -0.1656 -0.9729
vn 0.1634 -0.2225 -0.9612
vn 0.1975 0.2243 -0.9543
vn 0.2037 0.2587 -0.9442
vn 0.1699 -0.3286 -0.9291
vn 0.1674 -0.3319 -0.9283
vn 0.1755 -0.3804 -0.9080
vn 0.1906 0.3800 -0.9051
vn 0.1695 0.4213 -0.8910
vn 0.1758 0.5335 -0.8273
vn 0.1817 0.6022 -0.7774
vn 0.1762 0.6461 -0.7426
vn 0.1278 -0.8230 -0.5534
vn 0.1201 -0.8414 -0.5268
vn 0.3902 0.5870 -0.7093
vn 0.5197 0.4803 -0.7066
vn 0.5111 0.3630 -0.7791
vn -0.3947 0.6385 0.6607
vn 0.0510 -0.9966 -0.0640
vn -0.7822 0.2993 0.5464
vn -0.8051 0.3382 0.4873
vn -0.7327 0.2737 0.6230
vn -0.8051 0.3405 0.4857
vn -0.8612 0.0754 0.5026
vn -0.8614 -0.0807 0.5015
vn -0.8408 0.0402 0.5399
vn 0.0529 -0.9986 0.0021
vn 0.0488 -0.9986 0.0221
vn -0.8289 0.2741 -0.4876
vn -0.8052 -0.0030 -0.5930
vn -0.4813 0.6952 -0.5340
vn -0.8244 0.2478 -0.5090
vn -0.6442 0.3799 -0.6638
vn -0.6291 0.5175 -0.5800
vn -0.5965 0.4723 -0.6489
vn -0.4834 0.6450 -0.5919
vn 0.2719 -0.7606 0.5895
vn 0.2606 -0.7506 0.6072
vn 0.2769 -0.7049 0.6530
vn 0.0760 -0.9877 0.1370
vn 0.1082 -0.9525 0.2847
vn 0.1111 -0.9315 0.3465
vn 0.1295 -0.8315 0.5402
vn 0.1405 -0.7939 0.5917
vn 0.1442 -0.7725 0.6184
vn 0.1333 -0.7662 0.6286
vn 0.1290 -0.7296 0.6716
vn 0.1672 0.1162 -0.9790
vn 0.1570 -0.2678 -0.9506
vn 0.1642 0.4731 -0.8656
vn 0.1335 -0.7880 -0.6010
vn 0.2996 -0.0667 -0.9517
vn 0.2991 0.5598 -0.7727
vn 0.2233 -0.6108 -0.7596
vn 0.1931 -0.8295 -0.5241
vn 0.2565 -0.7207 -0.6441
vn 0.4685 -0.1945 -0.8618
vn 0.5378 -0.0315 -0.8425
vn 0.5290 0.0535 -0.8469
vn 0.5488 0.1253 -0.8265
vn 0.5222 0.2448 -0.8169
vn 0.5250 0.3436 -0.7786
vn -0.5050 0.5236 0.6861
vn -0.6507 0.3349 0.6815
vn -0.7316 0.0996 0.6744
vn -0.7567 0.1210 0.6424
vn -0.7157 -0.1156 0.6888
vn 0.0519 -0.9982 0.0307
vn -0.8691 0.1798 -0.4608
vn -0.8577 0.1015 -0.5041
vn -0.8830 -0.0972 -0.4591
vn -0.8076 0.1072 -0.5800
vn -0.6465 0.5986 -0.4729
vn 0.0452 -0.9980 0.0447
vn 0.0938 -0.9647 0.2462
vn 0.1031 -0.9408 0.3230
vn 0.1237 -0.8228 0.5547
vn 0.1447 -0.6739 0.7246
vn 0.1625 0.1453 -0.9760
vn 0.1453 0.0616 -0.9875
vn 0.1483 -0.0285 -0.9885
vn 0.1397 -0.0850 -0.9865
vn 0.1593 -0.2283 -0.9605
vn 0.1556 -0.2703 -0.9501
vn 0.1828 0.2840 -0.9412
vn 0.1538 -0.4493 -0.8800
vn 0.1504 -0.5242 -0.8382
vn 0.1742 0.5320 -0.8286
vn 0.1424 -0.5983 -0.7885
vn 0.1768 0.5725 -0.8006
vn 0.1462 -0.6029 -0.7843
vn 0.1343 -0.6688 -0.7312
vn 0.1456 -0.6581 -0.7387
vn 0.1319 -0.7235 -0.6776
vn 0.1274 -0.7603 -0.6370
vn 0.1229 -0.7573 -0.6414
vn 0.1544 0.6828 -0.7141
vn 0.1163 -0.8083 -0.5772
vn 0.0778 -0.9533 -0.2919
vn 0.0699 -0.9501 -0.3039
vn 0.0731 -0.9619 -0.2636
vn 0.2137 -0.4693 -0.8568
vn 0.2082 -0.5855 -0.7835
vn 0.4214 0.5642 -0.7100
vn 0.3395 -0.4813 -0.8081
vn 0.3949 -0.3279 -0.8582
vn 0.4101 0.4178 -0.8107
vn 0.3989 -0.3503 -0.8474
vn 0.4666 -0.1862 -0.8646
vn -0.3482 0.6627 0.6630
vn 0.0419 -0.9984 -0.0381
vn -0.7837 0.1138 -0.6107
vn -0.6692 0.2615 -0.6955
vn -0.8414 0.1819 -0.5089
vn -0.6557 0.5275 -0.5402
vn -0.6761 0.3506 -0.6481
vn -0.5484 0.2853 -0.7860
vn -0.5611 0.3409 -0.7543
vn -0.4766 0.5043 -0.7201
vn -0.4774 0.5037 -0.7200
vn 0.2581 -0.7115 0.6536
vn 0.2499 -0.6534 0.7146
vn 0.1206 -0.8609 0.4942
vn 0.1460 0.0892 -0.9853
vn 0.1383 -0.0821 -0.9870
vn 0.1369 -0.1411 -0.9805
vn 0.1511 -0.4008 -0.9036
vn 0.1464 -0.4378 -0.8871
vn 0.1408 -0.5018 -0.8535
vn 0.1408 -0.5351 -0.8330
vn 0.1201 -0.7104 -0.6934
vn 0.0861 -0.8841 -0.4594
vn 0.2376 0.4600 -0.8555
vn 0.2601 0.0369 -0.9649
vn 0.1479 -0.8211 -0.5513
vn 0.1835 -0.8305 -0.5259
vn 0.0542 -0.9921 -0.1127
vn 0.2369 -0.6940 -0.6799
vn 0.3239 0.5848 -0.7437
vn 0.3109 0.5049 -0.8052
vn 0.4550 0.3095 -0.8350
vn 0.3654 -0.0599 -0.9289
vn -0.6791 0.1051 0.7265
vn 0.0407 -0.9978 -0.0528
vn -0.5450 0.6523 -0.5268
vn -0.7113 0.1644 -0.6833
vn -0.7046 0.1210 -0.6992
vn -0.7544 0.0851 -0.6509
vn 0.1404 0.1575 -0.9775
vn 0.1331 -0.3342 -0.9331
vn 0.1489 -0.4916 -0.8580
vn 0.0920 -0.8613 -0.4998
vn 0.1182 0.8100 -0.5744
vn 0.0603 -0.9857 -0.1576
vn 0.3317 0.4797 -0.8123
vn 0.3781 0.1188 -0.9181
vn 0.3558 0.3630 -0.8612
vn -0.6646 -0.0381 0.7462
vn -0.6341 0.5033 0.5871
vn 0.0385 -0.9992 -0.0044
vn -0.4422 0.3159 -0.8394
vn -0.5181 0.1698 -0.8383
vn -0.5151 0.1422 -0.8453
vn -0.7092 0.0953 -0.6985
vn -0.6701 0.0741 -0.7385
vn -0.5421 0.6497 -0.5330
vn -0.4810 0.3952 -0.7826
vn 0.2047 -0.7115 0.6723
vn 0.0541 -0.9891 0.1370
vn 0.0883 -0.9001 0.4266
vn 0.1205 0.0299 -0.9923
vn 0.1383 0.2141 -0.9670
vn 0.1221 0.2508 -0.9603
vn 0.1199 0.3192 -0.9401
vn 0.1582 0.2851 -0.9454
vn 0.1117 -0.3705 -0.9221
vn 0.1479 0.3474 -0.9260
vn 0.1096 0.3851 -0.9163
vn 0.1405 0.4213 -0.8960
vn 0.1117 0.4705 -0.8753
vn 0.1266 0.4787 -0.8688
vn 0.1011 -0.5404 -0.8353
vn 0.1365 0.5325 -0.8353
vn 0.1274 0.5765 -0.8071
vn 0.1173 0.6116 -0.7825
vn 0.1103 0.6868 -0.7184
vn 0.0746 -0.7852 -0.6147
vn 0.0852 -0.8097 -0.5806
vn 0.0713 -0.9169 -0.3928
vn 0.0754 -0.9248 -0.3729
vn 0.0704 -0.9308 -0.3586
vn 0.0572 -0.9663 -0.2510
vn 0.1676 0.3734 -0.9124
vn 0.2022 -0.0319 -0.9788
vn 0.1136 -0.6514 -0.7502
vn 0.0991 -0.6987 -0.7085
vn 0.1627 -0.7503 -0.6408
vn 0.3407 0.3466 -0.8740
vn 0.3121 -0.2631 -0.9129
vn 0.3527 -0.1752 -0.9192
vn 0.3522 -0.0416 -0.9350
vn 0.3644 -0.0618 -0.9292
vn 0.3605 0.1545 -0.9199
vn 0.0390 -0.9957 -0.0839
vn -0.6072 0.2864 0.7412
vn 0.0365 -0.9988 -0.0331
vn -0.6116 -0.0076 -0.7912
vn -0.6102 -0.0330 -0.7916
vn -0.4948 0.6907 -0.5274
vn -0.7567 -0.0011 -0.6538
vn 0.0322 -0.9980 0.0542
vn -0.3174 0.5153 -0.7961
vn -0.3168 0.6473 -0.6933
vn 0.0752 -0.9469 0.3125
vn 0.0801 -0.9158 0.3936
vn 0.0832 -0.8745 0.4777
vn 0.0800 -0.8723 0.4823
vn 0.0874 -0.8372 0.5399
vn 0.0936 -0.7819 0.6164
vn 0.0965 -0.7722 0.6280
vn 0.0857 -0.7605 0.6437
vn 0.1221 0.2240 -0.9669
vn 0.1129 -0.2911 -0.9500
vn 0.1185 0.5192 -0.8464
vn 0.0862 -0.7109 -0.6980
vn 0.0881 -0.7647 -0.6383
vn 0.1041 0.7775 -0.6202
vn 0.0814 -0.8873 -0.4540
vn 0.0598 -0.9758 -0.2105
vn 0.0533 -0.9811 -0.1858
vn 0.1442 -0.3329 -0.9319
vn 0.1433 -0.3512 -0.9253
vn 0.1157 -0.4966 -0.8603
vn 0.1010 -0.8214 -0.5613
vn 0.0854 -0.8127 -0.5763
vn 0.1588 -0.7024 -0.6939
vn 0.2363 -0.5979 -0.7659
vn 0.2329 -0.5075 -0.8296
vn 0.2905 -0.4082 -0.8654
vn 0.3552 -0.0324 -0.9342
vn -0.2993 0.1153 -0.9472
vn -0.4180 -0.0597 -0.9065
vn -0.2932 0.3586 -0.8863
vn -0.3058 0.5278 -0.7924
vn 0.1908 -0.6773 0.7105
vn 0.1630 -0.7587 0.6307
vn 0.1479 -0.7468 0.6484
vn 0.0421 -0.9871 0.1542
vn 0.0574 -0.9782 0.1994
vn 0.0555 -0.9759 0.2109
vn 0.0661 -0.9683 0.2407
vn 0.0607 -0.9646 0.2565
vn 0.0929 -0.7288 0.6784
vn 0.0998 -0.5932 0.7988
vn 0.0978 0.1006 -0.9901
vn 0.1011 0.1431 -0.9845
vn 0.0914 -0.1635 -0.9823
vn 0.1039 0.3198 -0.9418
vn 0.0991 0.4704 -0.8769
vn 0.0524 -0.9709 -0.2336
vn 0.1268 0.4106 -0.9030
vn 0.0493 -0.9906 -0.1277
vn 0.2653 -0.3598 -0.8945
vn 0.2000 0.4938 -0.8463
vn -0.6068 0.7684 0.2035
vn 0.0210 0.9643 -0.2640
vn -0.2502 0.1715 -0.9529
vn -0.3254 -0.2138 -0.9211
vn -0.0757 0.5547 -0.8286
vn 0.0310 -0.9972 0.0686
vn 0.0386 -0.9961 0.0800
vn 0.0332 -0.9948 0.0961
vn 0.0553 -0.8230 0.5653
vn 0.0905 0.1134 -0.9894
vn 0.0827 0.0295 -0.9961
vn 0.0812 -0.0787 -0.9936
vn 0.0778 -0.0844 -0.9934
vn 0.0814 -0.1503 -0.9853
vn 0.0876 -0.2067 -0.9745
vn 0.0835 -0.2791 -0.9566
vn 0.0883 -0.2841 -0.9547
vn 0.0704 -0.3342 -0.9399
vn 0.0782 0.3371 -0.9382
vn 0.0902 -0.3752 -0.9225
vn 0.0885 0.3935 -0.9151
vn 0.0998 0.3859 -0.9171
vn 0.0762 0.4550 -0.8872
vn 0.0805 -0.4885 -0.8689
vn 0.0982 0.5201 -0.8485
vn 0.0759 -0.6723 -0.7363
vn 0.0693 -0.6862 -0.7241
vn 0.0807 0.6980 -0.7116
vn 0.1619 0.7203 -0.6745
vn 0.1851 0.5918 -0.7845
vn 0.2336 0.4118 -0.8808
vn 0.1835 -0.2489 -0.9510
vn 0.2437 -0.1158 -0.9629
vn 0.2159 -0.0444 -0.9754
vn 0.2360 0.0177 -0.9716
vn 0.1981 0.1205 -0.9727
vn 0.2028 0.3235 -0.9242
vn -0.0969 0.0811 -0.9920
vn -0.0972 0.3763 -0.9214
vn -0.0793 0.3978 -0.9140
vn -0.1203 0.5265 -0.8416
vn 0.0839 0.0303 -0.9960
vn 0.0669 -0.0323 -0.9972
vn 0.0714 0.1746 -0.9820
vn 0.0841 -0.2113 -0.9738
vn 0.0852 0.2764 -0.9572
vn 0.0772 -0.3897 -0.9177
vn 0.0760 -0.4380 -0.8958
vn 0.0838 -0.4466 -0.8908
vn 0.0604 -0.5037 -0.8617
vn 0.0603 -0.5206 -0.8517
vn 0.0767 0.5088 -0.8575
vn 0.0655 -0.5937 -0.8020
vn 0.0887 0.5665 -0.8193
vn 0.0711 -0.6068 -0.7917
vn 0.0654 -0.6235 -0.7791
vn 0.1024 0.5757 -0.8112
vn 0.0609 -0.7407 -0.6691
vn 0.0610 -0.7518 -0.6566
vn 0.0491 -0.8504 -0.5238
vn 0.0479 -0.9523 -0.3014
vn 0.0367 -0.9588 -0.2816
vn 0.2016 0.5654 -0.7998
vn 0.0739 -0.5834 -0.8088
vn 0.2235 0.2713 -0.9362
vn 0.0256 -0.9968 -0.0760
vn 0.0208 -0.9989 -0.0410
vn 0.0248 -0.9996 0.0105
vn 0.0240 -0.9996 0.0169
vn 0.0076 0.2315 -0.9728
vn -0.0801 0.5574 -0.8264
vn -0.1068 0.6561 -0.7471
vn 0.0507 -0.9377 0.3436
vn 0.0532 -0.9277 0.3694
vn 0.0828 -0.2512 0.9644
vn 0.0390 -0.7675 -0.6398
vn 0.0500 -0.8352 -0.5476
vn 0.0480 -0.8479 -0.5279
vn 0.0479 -0.9406 -0.3361
vn 0.0390 0.2680 -0.9626
vn 0.0375 -0.0176 -0.9991
vn 0.0040 -0.8131 -0.5820
vn 0.0390 -0.7902 -0.6117
vn 0.0539 0.9153 -0.3990
vn 0.0522 -0.7242 -0.6876
vn 0.0988 -0.7554 -0.6478
vn 0.1034 -0.4206 -0.9013
vn 0.1664 -0.2255 -0.9599
vn 0.1123 -0.2807 -0.9532
vn 0.0948 0.4322 -0.8968
vn 0.0874 -0.1247 -0.9883
vn -0.0356 0.7086 0.7047
vn -0.0401 0.5250 0.8501
vn 0.0216 -0.9980 -0.0594
vn -0.0862 0.5089 -0.8565
vn -0.1165 0.6417 -0.7581
vn 0.1008 -0.6569 0.7473
vn 0.0148 -0.9952 0.0969
vn 0.0327 -0.7395 0.6724
vn 0.0390 -0.7812 0.6230
vn 0.0491 0.1708 -0.9841
vn 0.0504 0.2680 -0.9621
vn 0.0460 0.3393 -0.9395
vn 0.0272 0.3862 -0.9220
vn 0.0380 -0.7769 -0.6284
vn 0.0433 -0.8816 -0.4700
vn 0.0400 -0.8776 -0.4777
vn 0.0363 -0.9136 -0.4051
vn 0.0081 0.3550 -0.9348
vn 0.0025 -0.7845 -0.6201
vn 0.0942 0.6172 -0.7812
vn 0.1312 -0.5282 -0.8389
vn 0.0198 -0.9967 -0.0790
vn 0.1193 0.1723 -0.9778
vn 0.0928 0.2435 -0.9654
vn 0.1290 0.3628 -0.9229
vn 0.1171 -0.0751 -0.9903
vn 0.0810 0.0596 -0.9949
vn 0.0224 -0.9980 -0.0599
vn 0.0154 -0.9995 0.0282
vn 0.0743 0.1843 -0.9801
vn 0.1329 0.2891 -0.9480
vn 0.2553 -0.1067 -0.9610
vn 0.0494 0.4278 -0.9025
vn 0.0255 0.4481 -0.8936
vn 0.0472 0.5611 -0.8264
vn 0.0073 -0.9971 0.0757
vn 0.0084 -0.9958 0.0914
vn 0.0201 -0.9883 0.1509
vn 0.0271 -0.8719 0.4890
vn 0.0274 -0.8716 0.4894
vn 0.0285 -0.8429 0.5374
vn 0.0398 -0.7705 0.6362
vn 0.0357 -0.7207 0.6923
vn 0.0495 -0.7120 0.7005
vn 0.0358 0.1394 -0.9896
vn 0.0438 0.1162 -0.9923
vn 0.0284 0.0922 -0.9953
vn 0.0368 0.0385 -0.9986
vn 0.0445 0.2515 -0.9668
vn 0.0375 0.2901 -0.9563
vn 0.0329 0.3498 -0.9362
vn 0.0379 0.5125 -0.8578
vn 0.0232 -0.5473 -0.8366
vn 0.0262 -0.5681 -0.8226
vn 0.0409 0.5640 -0.8248
vn 0.0448 0.6078 -0.7928
vn 0.0418 0.6105 -0.7909
vn 0.0181 -0.6968 -0.7171
vn 0.0458 0.6563 -0.7531
vn -0.0046 0.5857 -0.8105
vn -0.0384 -0.7412 -0.6702
vn 0.0061 -0.6550 -0.7556
vn -0.0280 -0.4759 -0.8791
vn 0.1280 0.4874 -0.8638
vn 0.2689 -0.0206 -0.9630
vn 0.0125 -0.9772 0.2121
vn 0.0162 -0.9624 0.2713
vn 0.0126 -0.9638 0.2664
vn 0.0205 -0.9478 0.3181
vn 0.0220 -0.9190 0.3937
vn 0.0312 -0.7409 0.6709
vn 0.0437 -0.5817 0.8122
vn 0.0133 0.0217 -0.9997
vn 0.0187 -0.0356 -0.9992
vn 0.0174 -0.0773 -0.9969
vn 0.0218 -0.2024 -0.9791
vn 0.0207 -0.2908 -0.9566
vn 0.0337 -0.3330 -0.9423
vn 0.0190 -0.4460 -0.8948
vn 0.0051 -0.4624 -0.8866
vn 0.0251 0.4568 -0.8892
vn 0.0082 -0.4984 -0.8669
vn 0.0388 0.5130 -0.8575
vn 0.0357 0.5687 -0.8217
vn 0.0176 -0.6972 -0.7167
vn 0.0250 -0.9206 -0.3898
vn 0.0239 -0.9336 -0.3576
vn 0.0187 -0.9840 -0.1771
vn -0.0479 -0.3406 -0.9390
vn -0.0363 -0.5154 -0.8562
vn 0.0417 0.7082 -0.7048
vn 0.0382 0.5918 -0.8052
vn -0.0172 -0.3290 -0.9442
vn -0.0616 -0.2652 -0.9622
vn -0.0099 -0.0374 -0.9993
vn -0.0041 0.1366 -0.9906
vn 0.1530 0.2790 -0.9480
vn 0.1737 0.4814 -0.8591
vn 0.0617 0.6512 -0.7564
vn 0.0184 0.6900 -0.7235
vn 0.1499 0.7948 -0.5880
vn 0.0065 -0.9871 0.1599
vn 0.0074 -0.9788 0.2045
vn 0.0029 -0.9397 0.3420
vn 0.0039 -0.9263 0.3768
vn 0.0086 -0.0152 -0.9998
vn 0.0147 -0.0734 -0.9972
vn 0.0162 -0.1531 -0.9881
vn 0.0180 -0.1509 -0.9884
vn 0.0299 0.1919 -0.9810
vn 0.0144 -0.2088 -0.9779
vn 0.0266 0.2376 -0.9710
vn 0.0171 -0.2941 -0.9556
vn 0.0203 -0.3853 -0.9226
vn 0.0219 0.3904 -0.9204
vn 0.0199 0.4610 -0.8872
vn 0.0034 -0.5351 -0.8448
vn -0.0025 -0.5993 -0.8005
vn 0.0208 -0.6314 -0.7752
vn 0.0162 -0.7202 -0.6936
vn 0.0257 0.7018 -0.7120
vn 0.0178 -0.7961 -0.6049
vn 0.0169 -0.8093 -0.5871
vn 0.0069 -0.9587 -0.2844
vn 0.0236 -0.9609 -0.2760
vn 0.0208 -0.9712 -0.2373
vn 0.0116 -0.9811 -0.1930
vn 0.0377 0.8035 -0.5940
vn 0.0243 -0.9909 -0.1324
vn 0.0440 0.8077 -0.5880
vn -0.0737 0.1182 -0.9903
vn -0.0785 -0.2465 -0.9659
vn -0.0518 -0.6689 -0.7416
vn -0.0460 -0.8063 -0.5897
vn 0.0190 -0.9919 -0.1253
vn 0.0413 0.7086 -0.7044
vn -0.0228 -0.7595 -0.6502
vn 0.0483 0.5827 -0.8112
vn -0.0715 -0.5259 -0.8475
vn 0.0003 0.5144 -0.8575
vn 0.0282 0.3631 -0.9313
vn -0.0008 0.3934 -0.9194
vn 0.0095 -0.9993 -0.0353
vn -0.0068 -0.9994 0.0350
vn 0.4052 0.0586 -0.9123
vn 0.3904 -0.0372 -0.9199
vn -0.0112 -0.9981 0.0609
vn -0.0118 -0.9954 0.0946
vn 0.0124 -0.3910 -0.9203
vn -0.0038 -0.5098 -0.8603
vn 0.0043 -0.7336 -0.6795
vn 0.0041 -0.7460 -0.6659
vn 0.0158 -0.9378 -0.3468
vn 0.0229 0.8133 -0.5815
vn 0.0160 -0.9725 -0.2325
vn 0.0162 -0.9883 -0.1518
vn -0.0147 0.9358 -0.3521
vn -0.0823 -0.0855 -0.9929
vn -0.0686 0.2156 -0.9741
vn 0.0066 -0.9999 -0.0095
vn 0.3285 0.3372 -0.8822
vn 0.5197 0.0518 -0.8528
vn 0.2219 0.5458 -0.8080
vn 0.1719 0.4821 -0.8591
vn 0.1492 0.6299 -0.7622
vn -0.0124 -0.9980 0.0621
vn -0.0124 -0.9980 0.0613
vn -0.0288 0.0846 -0.9960
vn -0.0314 0.0813 -0.9962
vn -0.0279 0.0459 -0.9986
vn -0.0355 0.2085 -0.9774
vn -0.0252 0.1796 -0.9834
vn -0.0208 0.2442 -0.9695
vn -0.0174 0.2931 -0.9559
vn -0.0287 -0.3903 -0.9202
vn -0.0295 -0.4491 -0.8930
vn -0.0482 0.4289 -0.9021
vn -0.0303 -0.5166 -0.8557
vn -0.0319 -0.5965 -0.8020
vn -0.0104 -0.9696 -0.2445
vn -0.1086 0.6356 -0.7643
vn 0.0013 -0.9934 -0.1148
vn -0.1462 -0.7626 -0.6301
vn -0.1621 -0.6303 -0.7592
vn -0.1458 0.5745 -0.8054
vn -0.0956 0.6125 -0.7847
vn -0.2145 -0.3063 -0.9274
vn -0.2492 -0.0112 -0.9684
vn 0.4729 0.0676 -0.8785
vn 0.4122 -0.2786 -0.8675
vn 0.6050 -0.0896 -0.7912
vn 0.5706 0.1121 -0.8135
vn 0.1529 0.6774 -0.7196
vn -0.0287 -0.9883 0.1501
vn -0.0357 -0.9627 0.2683
vn -0.0195 -0.8720 0.4891
vn -0.0269 0.1397 -0.9898
vn -0.0398 -0.0834 -0.9957
vn -0.0369 -0.1501 -0.9880
vn -0.0391 -0.2000 -0.9790
vn -0.0358 0.2594 -0.9651
vn -0.0385 -0.2830 -0.9583
vn -0.0258 -0.2944 -0.9553
vn -0.0356 0.3488 -0.9365
vn -0.0299 -0.3911 -0.9199
vn -0.0249 0.3845 -0.9228
vn -0.0252 0.4607 -0.8872
vn -0.0317 0.5184 -0.8545
vn -0.0394 0.5268 -0.8491
vn -0.0391 0.5651 -0.8241
vn -0.0438 0.6136 -0.7884
vn -0.0391 0.6562 -0.7536
vn -0.0301 0.7000 -0.7135
vn -0.1113 -0.7303 -0.6740
vn -0.1131 -0.7759 -0.6206
vn -0.1345 -0.7889 -0.5996
vn -0.1283 -0.7346 -0.6662
vn -0.1816 -0.5148 -0.8378
vn -0.1915 -0.3376 -0.9216
vn -0.1681 0.3901 -0.9053
vn -0.1262 0.4282 -0.8948
vn -0.1719 -0.1774 -0.9690
vn -0.1806 0.1488 -0.9722
vn 0.7671 -0.3269 0.5519
vn 0.3866 0.4363 -0.8125
vn 0.1395 0.6362 -0.7588
vn -0.1540 -0.6534 0.7412
vn -0.1775 -0.7151 0.6761
vn -0.0260 -0.9878 0.1533
vn -0.0288 -0.9171 0.3977
vn -0.0201 -0.8296 0.5581
vn -0.0212 -0.8005 0.5989
vn -0.0241 -0.7739 0.6329
vn -0.0294 -0.6124 0.7900
vn -0.0425 -0.1439 -0.9887
vn -0.0360 0.1512 -0.9879
vn -0.0313 -0.2081 -0.9776
vn -0.0454 -0.3275 -0.9438
vn -0.0459 0.3549 -0.9338
vn -0.0441 0.4792 -0.8766
vn -0.0366 -0.5298 -0.8474
vn -0.0302 -0.5374 -0.8428
vn -0.0416 -0.6033 -0.7964
vn -0.0557 0.6042 -0.7949
vn -0.0373 -0.6853 -0.7273
vn -0.0294 -0.7642 -0.6444
vn -0.0284 -0.7749 -0.6314
vn -0.0194 -0.8254 -0.5643
vn -0.0180 -0.8463 -0.5324
vn -0.0249 -0.8745 -0.4845
vn -0.0283 -0.8775 -0.4788
vn -0.0258 -0.9051 -0.4243
vn -0.0190 -0.9606 -0.2774
vn -0.1675 0.3297 -0.9291
vn -0.2210 0.2313 -0.9475
vn -0.2199 -0.2886 -0.9319
vn -0.2207 -0.2861 -0.9324
vn -0.1807 -0.6185 -0.7648
vn 0.0004 -0.9968 -0.0804
vn -0.0019 -0.9966 -0.0828
vn -0.1393 -0.5871 -0.7975
vn -0.0000 -0.9982 -0.0600
vn -0.0071 -0.9989 -0.0455
vn 0.5909 0.1710 -0.7884
vn 0.6274 -0.0899 -0.7735
vn 0.6539 -0.0344 -0.7558
vn 0.6286 0.4868 -0.6065
vn -0.2852 -0.4926 0.8222
vn -0.1690 0.5521 0.8165
vn -0.0419 -0.9767 0.2104
vn -0.0441 -0.9504 0.3078
vn -0.0384 -0.8874 0.4595
vn -0.0355 -0.8431 0.5366
vn -0.0279 -0.7222 0.6912
vn -0.0260 -0.6733 0.7389
vn -0.0589 -0.0279 -0.9979
vn -0.0608 -0.0591 -0.9964
vn -0.0536 -0.6048 -0.7946
vn -0.0285 -0.8557 -0.5167
vn -0.0487 0.7879 -0.6139
vn -0.0265 -0.9597 -0.2799
vn -0.0157 -0.9907 -0.1353
vn -0.2606 0.6075 -0.7503
vn -0.3264 -0.5568 -0.7638
vn -0.2583 -0.3435 -0.9030
vn -0.3630 -0.1058 -0.9258
vn -0.2335 0.0106 -0.9723
vn -0.3092 0.2421 -0.9197
vn 0.6228 -0.7373 0.2618
vn -0.0248 -0.9994 0.0253
vn 0.6117 0.1529 -0.7762
vn 0.5127 0.4089 -0.7550
vn 0.6183 0.3317 -0.7125
vn 0.3383 0.5523 -0.7619
vn 0.5028 0.3839 -0.7745
vn 0.2845 0.5876 -0.7575
vn 0.3364 0.5368 -0.7737
vn -0.3859 -0.3090 0.8692
vn -0.0315 -0.9966 0.0766
vn -0.0289 -0.9958 0.0866
vn -0.0521 -0.9737 0.2216
vn -0.0540 -0.9722 0.2278
vn -0.0723 0.0018 -0.9974
vn -0.0518 0.3544 -0.9337
vn -0.0751 -0.3919 -0.9169
vn -0.0607 0.7810 -0.6216
vn -0.2402 0.2766 -0.9305
vn -0.2440 -0.6554 -0.7148
vn -0.2232 0.5258 -0.8208
vn -0.4011 -0.2147 -0.8905
vn -0.2724 0.3984 -0.8758
vn -0.3558 -0.0913 -0.9301
vn 0.5890 -0.1250 0.7984
vn 0.7460 -0.6232 0.2349
vn -0.0070 -0.9985 -0.0550
vn -0.0650 -0.9426 0.3275
vn -0.0677 -0.8855 0.4597
vn -0.0345 0.3137 0.9489
vn -0.0697 0.0128 -0.9975
vn -0.0793 0.2595 -0.9625
vn -0.0878 0.2223 -0.9710
vn -0.1112 0.2922 -0.9499
vn -0.0777 -0.4595 -0.8848
vn -0.0717 -0.4649 -0.8824
vn -0.0697 -0.4915 -0.8681
vn -0.0613 -0.6949 -0.7165
vn -0.0642 -0.7009 -0.7103
vn -0.0523 -0.7268 -0.6849
vn -0.0561 -0.7465 -0.6630
vn -0.0532 -0.7936 -0.6060
vn -0.0498 -0.8119 -0.5816
vn -0.0554 -0.9368 -0.3454
vn -0.0522 -0.9495 -0.3093
vn -0.0357 -0.9733 -0.2267
vn -0.0301 -0.9794 -0.1997
vn -0.2181 -0.7763 -0.5914
vn -0.2590 -0.7021 -0.6633
vn -0.2648 -0.7427 -0.6151
vn -0.0184 -0.9964 -0.0831
vn -0.2809 -0.4668 -0.8386
vn -0.4432 0.1726 -0.8797
vn -0.0262 -0.9996 0.0090
vn -0.0266 -0.9996 0.0102
vn 0.6714 0.0681 -0.7380
vn 0.7018 0.2571 -0.6644
vn 0.5680 0.5041 -0.6506
vn 0.4627 0.5773 -0.6728
vn 0.4681 0.5844 -0.6628
vn -0.2943 -0.7240 0.6238
vn -0.2930 -0.5645 0.7717
vn -0.0547 -0.9890 0.1377
vn -0.0703 -0.9302 0.3602
vn -0.0676 -0.9280 0.3664
vn -0.0784 -0.8780 0.4722
vn -0.0763 -0.8468 0.5263
vn -0.0924 0.0802 -0.9925
vn -0.0974 0.0734 -0.9925
vn -0.0998 0.2090 -0.9728
vn -0.0863 0.1483 -0.9852
vn -0.1013 0.1328 -0.9860
vn -0.0994 -0.1966 -0.9754
vn -0.0825 0.2802 -0.9564
vn -0.0995 -0.3331 -0.9376
vn -0.1173 0.3342 -0.9352
vn -0.0915 -0.3808 -0.9201
vn -0.0832 0.3588 -0.9297
vn -0.0864 0.4245 -0.9013
vn -0.0980 0.5269 -0.8442
vn -0.0968 0.5637 -0.8203
vn -0.0786 -0.6618 -0.7456
vn -0.1003 0.6032 -0.7913
vn -0.0971 0.6890 -0.7182
vn -0.0859 0.7406 -0.6665
vn -0.0724 -0.8241 -0.5618
vn -0.0693 -0.8422 -0.5347
vn -0.0653 -0.9193 -0.3881
vn -0.0665 -0.9279 -0.3668
vn -0.3443 0.1851 -0.9204
vn -0.3698 0.0908 -0.9247
vn -0.3571 -0.2722 -0.8935
vn -0.3542 -0.2795 -0.8924
vn -0.2846 0.5916 -0.7543
vn -0.2643 -0.6971 -0.6665
vn -0.2323 -0.7851 -0.5742
vn -0.2128 0.7422 -0.6356
vn -0.4115 -0.4786 -0.7756
vn -0.4747 -0.3931 -0.7874
vn -0.3410 0.4893 -0.8027
vn -0.3679 0.5376 -0.7587
vn -0.4179 0.3495 -0.8386
vn -0.4882 -0.2240 0.8435
vn -0.3269 -0.7052 0.6292
vn -0.0903 -0.8377 0.5385
vn -0.0777 -0.7196 0.6900
vn -0.1076 -0.0915 -0.9900
vn -0.1117 -0.1445 -0.9832
vn -0.1034 -0.1523 -0.9829
vn -0.0968 -0.2827 -0.9543
vn -0.0962 -0.3287 -0.9395
vn -0.1050 0.3846 -0.9171
vn -0.1154 0.4546 -0.8832
vn -0.0956 -0.5098 -0.8549
vn -0.1067 0.4770 -0.8724
vn -0.0928 -0.5265 -0.8451
vn -0.1233 0.6311 -0.7659
vn -0.0944 0.6488 -0.7551
vn -0.0912 -0.7752 -0.6252
vn -0.1053 0.6921 -0.7141
vn -0.3176 0.6504 -0.6900
vn -0.4722 -0.3418 -0.8125
vn -0.5267 -0.2159 -0.8222
vn -0.5372 -0.0221 -0.8432
vn -0.4725 0.1407 -0.8700
vn -0.4810 0.1537 -0.8631
vn -0.4506 0.4055 -0.7953
vn 0.5637 -0.7046 0.4310
vn 0.7228 0.4744 -0.5024
vn -0.0382 -0.9977 0.0558
vn -0.4296 -0.4707 0.7706
vn -0.3494 -0.6680 0.6570
vn -0.0947 -0.9646 0.2461
vn -0.0879 -0.5494 0.8310
vn -0.0802 0.0791 0.9936
vn -0.1195 -0.2192 -0.9683
vn -0.1166 -0.2638 -0.9575
vn -0.1231 -0.4500 -0.8845
vn -0.1100 0.4831 -0.8686
vn -0.1060 -0.5401 -0.8349
vn -0.1046 -0.5731 -0.8128
vn -0.1166 0.5853 -0.8024
vn -0.0977 -0.7629 -0.6390
vn -0.0822 -0.8834 -0.4613
vn -0.0904 -0.8947 -0.4375
vn -0.0617 -0.9640 -0.2586
vn -0.0409 -0.9837 -0.1753
vn -0.0335 -0.9894 -0.1411
vn -0.3144 -0.7697 -0.5557
vn -0.3252 0.7266 -0.6052
vn -0.3176 -0.7711 -0.5518
vn -0.3211 0.6486 -0.6901
vn -0.3895 -0.6863 -0.6142
vn -0.3539 -0.6003 -0.7172
vn -0.4905 0.5055 -0.7098
vn -0.5467 -0.4076 -0.7314
vn -0.4565 0.3996 -0.7950
vn -0.5028 -0.1001 -0.8586
vn -0.0212 -0.9980 -0.0599
vn 0.4998 -0.8468 0.1821
vn 0.4949 -0.8273 0.2658
vn 0.6796 -0.7069 0.1961
vn 0.8877 -0.1174 -0.4452
vn 0.1554 0.9098 -0.3848
vn -0.0484 -0.9963 0.0716
vn -0.5104 -0.4074 0.7573
vn -0.5092 -0.5374 0.6722
vn -0.0690 -0.9876 0.1410
vn -0.0840 -0.9814 0.1724
vn -0.1063 -0.9242 0.3669
vn -0.1001 -0.8037 0.5865
vn -0.1322 -0.0059 -0.9912
vn -0.1255 0.1326 -0.9832
vn -0.1366 0.2806 -0.9501
vn -0.1317 -0.3948 -0.9093
vn -0.1231 0.3843 -0.9150
vn -0.1368 -0.4641 -0.8751
vn -0.1135 -0.6999 -0.7051
vn -0.1177 0.6309 -0.7669
vn -0.1023 -0.7610 -0.6406
vn -0.1069 0.6918 -0.7141
vn -0.1080 -0.8058 -0.5823
vn -0.0602 -0.9662 -0.2506
vn -0.0424 -0.9908 -0.1288
vn -0.3245 -0.7152 -0.6191
vn -0.4875 -0.6232 -0.6115
vn -0.0293 -0.9967 -0.0752
vn -0.4789 -0.6076 -0.6336
vn -0.5853 -0.5147 -0.6265
vn -0.6335 -0.2596 -0.7289
vn -0.6380 -0.2517 -0.7278
vn -0.6565 -0.1041 -0.7471
vn -0.6499 -0.0938 -0.7542
vn 0.7896 -0.4788 0.3838
vn -0.0293 -0.9993 -0.0209
vn 0.9936 -0.1132 -0.0011
vn 0.8832 -0.1083 -0.4563
vn -0.0493 -0.9965 0.0672
vn -0.3519 0.6503 0.6732
vn -0.4093 -0.7022 0.5826
vn -0.4153 -0.7071 0.5722
vn -0.4530 -0.3910 0.8012
vn -0.1073 -0.9539 0.2804
vn -0.1418 0.0671 -0.9876
vn -0.1412 0.0676 -0.9877
vn -0.1450 -0.0209 -0.9892
vn -0.1433 -0.0586 -0.9880
vn -0.1480 -0.1578 -0.9763
vn -0.1324 0.2081 -0.9691
vn -0.1561 0.2645 -0.9517
vn -0.1411 -0.2784 -0.9501
vn -0.1487 -0.3160 -0.9371
vn -0.1376 -0.3265 -0.9351
vn -0.1484 0.4124 -0.8988
vn -0.1259 0.4491 -0.8846
vn -0.1255 0.5390 -0.8329
vn -0.1290 -0.5922 -0.7954
vn -0.1319 0.5825 -0.8021
vn -0.1508 0.5703 -0.8075
vn -0.1462 0.6191 -0.7716
vn -0.1190 0.7513 -0.6491
vn -0.0950 -0.8573 -0.5060
vn -0.0806 -0.9526 -0.2934
vn -0.0781 -0.9570 -0.2793
vn -0.1754 0.8312 -0.5276
vn -0.4597 0.2769 -0.8438
vn -0.4473 -0.4544 -0.7704
vn -0.4178 -0.7647 -0.4906
vn -0.3896 -0.7449 -0.5415
vn -0.4326 0.6649 -0.6089
vn -0.4049 0.5943 -0.6949
vn -0.5506 0.4403 -0.7093
vn -0.5697 0.3437 -0.7465
vn -0.6349 0.0190 -0.7724
vn -0.7252 0.1209 -0.6779
vn -0.6606 0.1530 -0.7350
vn 0.6047 -0.7819 0.1516
vn 0.6783 -0.7283 -0.0974
vn 0.7774 -0.5912 -0.2148
vn 0.6190 0.0653 -0.7827
vn -0.6086 -0.4600 0.6465
vn -0.4873 0.4628 0.7405
vn -0.4420 0.6117 0.6561
vn -0.4230 0.4087 0.8087
vn -0.1678 0.7662 0.6203
vn -0.1308 -0.7879 0.6017
vn -0.1147 -0.7624 0.6369
vn -0.1234 -0.7384 0.6629
vn -0.1203 -0.6773 0.7258
vn -0.1153 0.1173 0.9864
vn -0.1667 0.1653 -0.9721
vn -0.1455 -0.2022 -0.9685
vn -0.1502 0.3329 -0.9309
vn -0.1403 -0.3885 -0.9107
vn -0.1360 -0.4847 -0.8640
vn -0.1520 0.5025 -0.8511
vn -0.1366 -0.6498 -0.7477
vn -0.1108 -0.6802 -0.7246
vn -0.1255 -0.6929 -0.7101
vn -0.5324 0.1653 -0.8302
vn -0.5316 0.1685 -0.8300
vn -0.4767 -0.4200 -0.7722
vn -0.3798 0.6753 -0.6322
vn -0.5151 -0.4830 -0.7081
vn -0.5005 0.5994 -0.6247
vn -0.5847 -0.5884 -0.5584
vn -0.6021 -0.4915 -0.6292
vn -0.5497 0.4385 -0.7110
vn -0.6739 0.2670 -0.6889
vn -0.7171 -0.0893 -0.6913
vn 0.8775 -0.4623 0.1278
vn 0.7362 -0.6497 -0.1898
vn -0.0251 0.6231 -0.7817
vn 0.7355 0.5788 -0.3522
vn -0.6763 -0.1732 0.7160
vn -0.5757 -0.5597 0.5961
vn -0.4449 0.6098 0.6560
vn -0.5018 -0.6565 0.5631
vn -0.1276 -0.8860 0.4457
vn -0.1318 -0.7851 0.6051
vn -0.1679 0.0661 -0.9836
vn -0.1779 0.1644 -0.9702
vn -0.1846 -0.2106 -0.9600
vn -0.1726 0.5687 -0.8042
vn -0.1359 -0.7596 -0.6360
vn -0.1321 -0.8064 -0.5764
vn -0.1292 -0.8459 -0.5174
vn -0.0780 -0.9709 -0.2265
vn -0.0552 -0.9909 -0.1230
vn -0.3976 -0.7750 -0.4912
vn -0.5382 -0.6359 -0.5532
vn -0.6318 0.4614 -0.6228
vn -0.8516 -0.4121 0.3241
vn -0.2891 -0.8216 0.4914
vn -0.1590 -0.9343 0.3191
vn -0.7794 0.0147 0.6264
vn -0.8806 0.4384 0.1800
vn -0.7033 -0.2973 -0.6457
vn -0.8844 -0.4463 0.1367
vn -0.1933 -0.9765 0.0953
vn -0.9718 -0.1689 -0.1648
vn -0.9046 0.4132 0.1046
vn -0.7762 0.0051 -0.6305
vn 0.6012 0.7987 0.0266
vn -0.3113 -0.5311 -0.7881
vn -0.8486 -0.1462 -0.5084
vn -0.8452 -0.1366 -0.5166
vn -0.3979 -0.1185 -0.9098
vn -0.3793 -0.0760 -0.9222
vn -0.7494 0.4859 -0.4498
vn -0.8384 0.3950 -0.3756
vn -0.3534 0.1793 -0.9181
vn -0.0498 -0.9984 -0.0265
vn -0.0603 -0.9980 -0.0170
vn -0.0613 -0.9978 0.0253
vn -0.0621 -0.9974 0.0361
vn -0.6577 -0.4189 0.6260
vn -0.5072 -0.6638 0.5497
vn -0.4676 -0.7160 0.5183
vn -0.1051 -0.9766 0.1878
vn -0.1227 -0.9484 0.2925
vn -0.1363 -0.9343 0.3295
vn -0.1640 -0.7276 0.6661
vn -0.1576 -0.5744 0.8032
vn -0.1852 -0.0024 -0.9827
vn -0.1847 -0.1027 -0.9774
vn -0.1808 -0.1448 -0.9728
vn -0.1935 -0.1539 -0.9690
vn -0.1794 -0.3855 -0.9051
vn -0.1932 0.3524 -0.9157
vn -0.1804 0.4562 -0.8714
vn -0.1621 -0.5022 -0.8494
vn -0.1583 -0.5280 -0.8344
vn -0.1722 -0.5387 -0.8247
vn -0.1681 -0.5853 -0.7932
vn -0.1782 -0.5916 -0.7863
vn -0.1597 -0.7019 -0.6942
vn -0.1676 -0.7348 -0.6573
vn -0.1504 -0.7840 -0.6022
vn -0.1402 -0.8180 -0.5579
vn -0.1157 -0.8962 -0.4283
vn -0.1223 -0.9222 -0.3669
vn -0.1046 -0.9315 -0.3483
vn -0.0989 -0.9445 -0.3133
vn -0.0696 -0.9782 -0.1955
vn -0.5918 -0.4353 -0.6785
vn -0.0433 -0.9958 -0.0806
vn -0.4931 -0.7383 -0.4602
vn -0.4888 -0.7411 -0.4603
vn -0.5793 -0.6448 -0.4986
vn -0.6790 -0.4838 -0.5521
vn -0.5988 0.4819 -0.6397
vn -0.6785 -0.5010 -0.5373
vn -0.7619 -0.2282 -0.6062
vn -0.8641 -0.3038 -0.4013
vn -0.7409 0.3401 -0.5791
vn 0.0802 -0.9393 -0.3336
vn 0.1028 -0.9339 -0.3424
vn 0.0680 -0.6411 -0.7644
vn 0.0477 0.5770 -0.8154
vn -0.7873 -0.0195 -0.6163
vn -0.7999 0.0795 -0.5948
vn -0.7420 0.2679 -0.6145
vn -0.0660 -0.9976 0.0185
vn -0.0673 -0.9969 0.0415
vn -0.7550 -0.2698 0.5976
vn -0.7918 -0.0964 0.6031
vn -0.7751 0.0066 0.6318
vn -0.7781 0.1254 0.6155
vn -0.7689 0.1442 0.6229
vn -0.0554 -0.9964 0.0645
vn -0.7428 -0.3551 0.5676
vn -0.6336 0.4487 0.6303
vn -0.6780 -0.4957 0.5427
vn -0.5998 -0.6391 0.4814
vn -0.0912 -0.9889 0.1176
vn -0.5412 0.2630 0.7987
vn -0.5608 -0.1419 0.8157
vn -0.5068 -0.5199 0.6876
vn -0.0912 -0.9887 0.1193
vn -0.1125 -0.9729 0.2020
vn -0.1366 -0.9356 0.3255
vn -0.1543 -0.8757 0.4575
vn -0.1633 -0.8607 0.4821
vn -0.1552 -0.8451 0.5116
vn -0.1622 -0.7286 0.6654
vn -0.1830 -0.2598 -0.9482
vn -0.2019 0.2669 -0.9424
vn -0.1925 -0.3182 -0.9283
vn -0.1670 0.3311 -0.9287
vn -0.1839 -0.3888 -0.9028
vn -0.1859 -0.4374 -0.8798
vn -0.1876 0.4173 -0.8892
vn -0.1740 0.4978 -0.8497
vn -0.1385 -0.8512 -0.5062
vn -0.1373 -0.8864 -0.4421
vn -0.6583 0.0379 -0.7518
vn -0.6322 -0.3610 -0.6856
vn -0.4377 -0.7690 -0.4658
vn -0.4534 -0.7812 -0.4292
vn -0.5483 0.6234 -0.5574
vn 0.3111 -0.8598 0.4049
vn 0.4785 -0.8456 0.2367
vn -0.6582 0.4903 -0.5714
vn 0.3431 -0.9106 -0.2305
vn 0.4608 -0.2092 -0.8625
vn 0.4264 0.0061 -0.9045
vn 0.4604 0.2287 -0.8578
vn -0.8619 0.0735 -0.5018
vn -0.0485 -0.9981 -0.0380
vn -0.7876 -0.3120 0.5313
vn -0.7871 -0.4190 0.4527
vn -0.8241 -0.1350 0.5502
vn -0.7273 0.3699 0.5781
vn -0.6917 -0.5360 0.4839
vn -0.6102 -0.6469 0.4573
vn -0.1758 0.0136 0.9843
vn -0.1933 -0.0524 0.9797
vn -0.1970 0.0860 -0.9766
vn -0.1982 -0.1981 -0.9599
vn -0.2027 0.2660 -0.9424
vn -0.2089 -0.2850 -0.9355
vn -0.2025 0.2983 -0.9327
vn -0.2027 -0.3113 -0.9284
vn -0.1848 0.4633 -0.8668
vn -0.1899 0.5572 -0.8084
vn -0.1718 -0.6531 -0.7375
vn -0.1822 0.6036 -0.7761
vn -0.1861 0.6468 -0.7396
vn -0.1758 0.7058 -0.6862
vn -0.1869 0.6952 -0.6941
vn -0.0656 -0.9899 -0.1260
vn -0.3278 0.8187 -0.4715
vn -0.5529 0.5449 -0.6304
vn -0.6654 0.1396 -0.7333
vn -0.6527 -0.5932 -0.4713
vn -0.5771 -0.6814 -0.4501
vn -0.6639 0.4869 -0.5675
vn -0.6604 -0.5165 -0.5451
vn -0.8391 -0.3058 -0.4498
vn -0.8367 -0.2283 -0.4977
vn -0.8174 0.2619 -0.5130
vn -0.8480 -0.2021 -0.4899
vn -0.8876 0.0071 -0.4605
vn -0.8385 0.3130 -0.4460
vn -0.8989 -0.1599 0.4080
vn -0.9027 0.0544 0.4269
vn -0.8974 0.0013 0.4412
vn -0.8792 0.1756 0.4429
vn -0.8438 -0.3695 0.3892
vn -0.8979 -0.1487 0.4143
vn -0.5230 -0.7093 0.4725
vn -0.3772 0.7761 0.5054
vn -0.5270 -0.5857 0.6158
vn -0.1728 -0.8094 0.5612
vn -0.1624 -0.7757 0.6099
vn -0.2216 -0.0185 -0.9750
vn -0.1994 0.1753 -0.9641
vn -0.1936 0.5108 -0.8376
vn -0.1967 -0.6654 -0.7201
vn -0.1982 -0.6758 -0.7099
vn -0.1429 -0.9187 -0.3683
vn -0.6583 -0.3980 -0.6389
vn -0.4788 -0.7700 -0.4217
vn -0.5448 -0.7405 -0.3934
vn -0.5695 0.6084 -0.5527
vn -0.7404 -0.5514 -0.3844
vn -0.7546 -0.4822 -0.4450
vn -0.7375 0.5126 -0.4398
vn -0.7372 0.4859 -0.4695
vn -0.8466 0.3039 -0.4369
vn -0.9189 -0.2431 -0.3106
vn -0.9220 -0.2061 -0.3279
vn -0.9409 0.0982 -0.3242
vn -0.9105 -0.3173 0.2653
vn -0.9604 -0.0471 0.2746
vn -0.9560 0.0438 0.2900
vn -0.9102 -0.2868 0.2988
vn -0.8762 0.1825 0.4460
vn -0.8277 0.3797 0.4132
vn -0.7656 0.4733 0.4358
vn -0.7568 0.5070 0.4126
vn -0.7397 -0.5124 0.4363
vn -0.7397 -0.5161 0.4318
vn -0.6536 -0.6693 0.3534
vn -0.6236 -0.6386 0.4509
vn -0.0901 -0.9932 0.0736
vn -0.5253 -0.7196 0.4542
vn -0.5595 -0.6529 0.5106
vn -0.1132 -0.9827 0.1466
vn -0.1332 -0.9682 0.2117
vn -0.1739 -0.8991 0.4018
vn -0.2288 -0.0318 -0.9729
vn -0.2273 -0.0794 -0.9706
vn -0.2413 0.2503 -0.9376
vn -0.2447 -0.2601 -0.9341
vn -0.2146 -0.4476 -0.8681
vn -0.2191 0.4593 -0.8608
vn -0.2073 -0.5351 -0.8190
vn -0.2088 -0.5862 -0.7828
vn -0.2116 0.5550 -0.8045
vn -0.2356 -0.6102 -0.7564
vn -0.2100 0.6414 -0.7380
vn -0.1809 -0.7792 -0.6001
vn -0.1800 -0.8106 -0.5573
vn -0.1644 -0.8841 -0.4375
vn -0.1711 -0.8870 -0.4290
vn -0.1192 -0.9544 -0.2736
vn -0.0880 -0.9805 -0.1757
vn -0.7322 0.1353 -0.6675
vn -0.5645 -0.6659 -0.4878
vn -0.3927 0.7906 -0.4698
vn -0.0676 -0.9951 -0.0727
vn -0.0708 -0.9956 -0.0608
vn -0.6657 0.5864 -0.4615
vn -0.6337 -0.7086 -0.3104
vn -0.6654 0.6101 -0.4302
vn -0.6911 -0.6114 -0.3855
vn -0.8386 -0.4635 -0.2863
vn -0.7875 -0.5261 -0.3211
vn -0.7584 0.5050 -0.4122
vn -0.7619 0.5270 -0.3766
vn -0.7931 0.5578 -0.2445
vn -0.8778 -0.3195 -0.3569
vn -0.9083 0.2949 -0.2966
vn -0.9179 -0.3341 -0.2142
vn -0.9447 -0.1495 -0.2920
vn -0.9704 -0.0696 -0.2312
vn -0.9390 0.2056 -0.2756
vn -0.9077 0.3780 -0.1821
vn -0.9644 -0.2551 -0.0705
vn -0.9895 0.0122 -0.1443
vn -0.9782 0.2048 -0.0330
vn -0.9859 -0.1653 -0.0262
vn -0.9891 0.1392 -0.0488
vn -0.9663 0.2503 -0.0608
vn -0.9837 -0.1047 0.1459
vn -0.9954 0.0166 0.0945
vn -0.9563 0.2388 0.1689
vn -0.9515 0.2675 0.1521
vn -0.9470 -0.3150 0.0634
vn -0.9148 -0.3082 0.2611
vn -0.9535 -0.2429 0.1784
vn -0.9590 0.1694 0.2272
vn -0.9237 0.2634 0.2781
vn -0.9248 0.2013 0.3227
vn -0.8808 -0.4507 0.1449
vn -0.8312 -0.4438 0.3350
vn -0.0896 -0.9950 0.0450
vn -0.8116 -0.5213 0.2638
vn -0.5734 -0.7295 0.3730
vn -0.5273 -0.6845 0.5034
vn -0.6755 0.1599 0.7198
vn -0.6982 -0.2446 0.6728
vn -0.6821 -0.1495 0.7158
vn -0.1990 -0.7960 0.5717
vn -0.1938 -0.7799 0.5952
vn -0.1961 -0.6752 0.7111
vn -0.2256 0.0850 -0.9705
vn -0.2467 -0.1033 -0.9636
vn -0.2454 -0.1383 -0.9595
vn -0.2403 -0.1296 -0.9620
vn -0.2511 -0.2037 -0.9463
vn -0.2397 -0.2165 -0.9464
vn -0.2228 0.3080 -0.9249
vn -0.2260 -0.3271 -0.9176
vn -0.2246 0.3499 -0.9095
vn -0.2268 0.3479 -0.9097
vn -0.2227 -0.3831 -0.8965
vn -0.2268 -0.3865 -0.8940
vn -0.2234 -0.4397 -0.8699
vn -0.2216 0.4091 -0.8852
vn -0.2084 -0.4856 -0.8490
vn -0.2102 0.5083 -0.8351
vn -0.2194 -0.5485 -0.8068
vn -0.2221 0.6016 -0.7673
vn -0.1927 -0.7316 -0.6539
vn -0.2336 0.6510 -0.7222
vn -0.2045 -0.7421 -0.6384
vn -0.2032 0.6934 -0.6913
vn -0.1736 -0.8483 -0.5003
vn -0.1575 -0.9215 -0.3551
vn -0.1315 -0.9465 -0.2947
vn -0.1330 -0.9479 -0.2895
vn -0.0980 -0.9787 -0.1803
vn -0.3101 0.8340 -0.4564
vn -0.7629 0.0114 -0.6464
vn -0.7104 -0.3261 -0.6237
vn -0.6149 0.5963 -0.5160
vn -0.6842 -0.5223 -0.5090
vn -0.5024 -0.7912 -0.3488
vn -0.5081 -0.7748 -0.3762
vn -0.5838 0.6587 -0.4746
vn -0.6973 -0.6611 -0.2770
vn -0.7426 0.5865 -0.3234
vn -0.8091 0.5474 -0.2137
vn -0.8354 -0.5143 -0.1940
vn -0.8818 -0.4028 -0.2453
vn -0.8691 0.4450 -0.2158
vn -0.8833 0.4680 0.0286
vn -0.9065 -0.4180 -0.0604
vn -0.9336 -0.3444 -0.0986
vn -0.9324 -0.3510 0.0860
vn -0.8127 0.4997 0.2998
vn -0.7068 -0.6589 0.2572
vn -0.6990 -0.6403 0.3185
vn -0.5979 -0.6495 0.4699
vn -0.1137 -0.9885 0.0999
vn -0.1206 -0.9814 0.1491
vn -0.1597 -0.9536 0.2553
vn -0.1611 -0.9510 0.2639
vn -0.2003 -0.8506 0.4862
vn -0.2187 -0.7420 0.6338
vn -0.2525 0.0419 -0.9667
vn -0.2289 0.1706 -0.9584
vn -0.2525 0.1191 -0.9602
vn -0.2523 0.1884 -0.9491
vn -0.2330 0.4688 -0.8520
vn -0.2177 -0.4944 -0.8415
vn -0.2177 -0.6876 -0.6927
vn -0.1941 -0.7894 -0.5823
vn -0.1998 -0.8291 -0.5222
vn -0.1131 -0.9630 -0.2444
vn -0.0836 -0.9897 -0.1166
vn -0.0918 -0.9909 -0.0985
vn -0.6866 -0.5242 -0.5037
vn -0.4507 0.7756 -0.4420
vn -0.3818 0.8927 -0.2395
vn -0.5583 -0.7601 -0.3326
vn -0.5361 0.7366 -0.4123
vn -0.6501 -0.6945 -0.3085
vn -0.6557 -0.7294 -0.1949
vn -0.7688 -0.6132 -0.1815
vn -0.7983 -0.5647 -0.2095
vn -0.8275 0.5522 -0.1012
vn -0.8193 -0.5704 -0.0580
vn -0.8406 0.5413 -0.0223
vn -0.8390 -0.5377 -0.0832
vn -0.8383 0.5208 0.1615
vn -0.8272 0.5467 0.1297
vn -0.8427 -0.5370 0.0388
vn -0.8463 -0.5307 0.0457
vn -0.7583 -0.6424 0.1108
vn -0.7474 -0.6254 0.2242
vn -0.6701 0.6425 0.3717
vn -0.6393 -0.6995 0.3194
vn -0.5942 -0.7164 0.3657
vn -0.5768 -0.7409 0.3441
vn -0.6323 0.5964 0.4945
vn -0.1126 -0.9886 0.0998
vn -0.7544 -0.2832 0.5921
vn -0.1740 -0.9424 0.2856
vn -0.1761 -0.9328 0.3143
vn -0.2001 -0.9136 0.3540
vn -0.2179 -0.7996 0.5596
vn -0.2570 -0.0411 0.9655
vn -0.2660 -0.3108 -0.9125
vn -0.2216 -0.7839 -0.5800
vn -0.1245 -0.9651 -0.2305
vn -0.7632 0.4062 -0.5025
vn -0.7902 0.0460 -0.6111
vn -0.7407 0.3811 -0.5532
vn -0.8055 -0.3416 -0.4843
vn -0.7043 0.5717 -0.4209
vn -0.5860 -0.7649 -0.2677
vn -0.5876 -0.7617 -0.2731
vn -0.6654 0.6607 -0.3475
vn -0.7376 0.6327 -0.2358
vn -0.7139 -0.6837 -0.1511
vn -0.7484 0.6609 -0.0550
vn -0.7987 0.5871 -0.1319
vn -0.7994 0.5983 0.0550
vn -0.7449 -0.6637 -0.0683
vn -0.7430 -0.6682 0.0376
vn -0.7340 -0.6660 0.1327
vn -0.6281 -0.7325 0.2627
vn -0.7594 0.4154 0.5008
vn -0.8154 -0.2597 0.5173
vn -0.7807 0.1411 0.6088
vn -0.7832 -0.2316 0.5770
vn -0.1442 -0.9728 0.1811
vn -0.2073 -0.8974 0.3894
vn -0.2276 -0.8562 0.4638
vn -0.2267 -0.7977 0.5589
vn -0.2366 -0.7388 0.6310
vn -0.2376 -0.6816 0.6921
vn -0.2730 0.0374 -0.9613
vn -0.2713 -0.0319 -0.9620
vn -0.2660 0.2553 -0.9296
vn -0.2668 -0.3119 -0.9119
vn -0.2714 -0.3790 -0.8847
vn -0.2572 0.4062 -0.8769
vn -0.2671 0.4605 -0.8465
vn -0.2612 -0.5449 -0.7968
vn -0.2596 0.5946 -0.7609
vn -0.2554 0.6478 -0.7177
vn -0.2649 0.6804 -0.6833
vn -0.2335 -0.8214 -0.5203
vn -0.2092 -0.8829 -0.4204
vn -0.1386 -0.9626 -0.2328
vn -0.3980 0.8269 -0.3973
vn -0.8816 -0.0172 -0.4718
vn -0.7963 -0.3484 -0.4944
vn -0.7406 0.5366 -0.4046
vn -0.7689 -0.4980 -0.4010
vn -0.6179 0.7255 -0.3031
vn -0.0886 -0.9960 -0.0135
vn -0.0960 -0.9954 -0.0013
vn -0.7271 -0.6852 -0.0429
vn -0.0936 -0.9954 0.0192
vn -0.7179 0.6822 0.1385
vn -0.7409 -0.6704 0.0405
vn -0.7094 0.6937 0.1244
vn -0.6848 0.6830 0.2541
vn -0.0931 -0.9947 0.0436
vn -0.6208 0.7166 0.3180
vn -0.7747 -0.4564 0.4377
vn -0.7710 0.4043 0.4920
vn -0.2223 -0.8868 0.4051
vn -0.2345 -0.7402 0.6302
vn -0.2912 0.1229 0.9487
vn -0.2718 0.0363 -0.9617
vn -0.2781 -0.0214 -0.9603
vn -0.2723 -0.0779 -0.9591
vn -0.2660 0.1879 -0.9455
vn -0.2669 0.1195 -0.9563
vn -0.2712 0.2900 -0.9178
vn -0.2787 0.3457 -0.8960
vn -0.2738 -0.3809 -0.8831
vn -0.2713 0.3927 -0.8787
vn -0.2628 -0.4338 -0.8618
vn -0.2713 -0.4400 -0.8560
vn -0.2561 0.4566 -0.8520
vn -0.2606 -0.4890 -0.8325
vn -0.2726 0.5064 -0.8181
vn -0.2552 -0.5494 -0.7957
vn -0.2411 0.5396 -0.8067
vn -0.2437 -0.6094 -0.7545
vn -0.2634 -0.6208 -0.7384
vn -0.2456 -0.6810 -0.6899
vn -0.2437 -0.6801 -0.6915
vn -0.2535 -0.7208 -0.6451
vn -0.2359 -0.7393 -0.6307
vn -0.2632 0.6536 -0.7096
vn -0.2429 -0.7649 -0.5966
vn -0.2238 -0.8205 -0.5260
vn -0.2443 0.7534 -0.6105
vn -0.2410 0.7839 -0.5723
vn -0.1951 -0.9126 -0.3593
vn -0.2026 -0.9181 -0.3405
vn -0.1312 -0.9773 -0.1664
vn -0.5292 0.7823 -0.3286
vn -0.0888 -0.9948 -0.0502
vn -0.8382 0.3719 -0.3989
vn -0.8841 -0.0081 -0.4671
vn -0.7871 -0.5070 -0.3513
vn -0.8237 -0.4522 -0.3422
vn -0.6562 -0.7394 -0.1507
vn -0.6548 -0.7411 -0.1481
vn -0.6893 0.7189 -0.0898
vn -0.6872 -0.7191 0.1036
vn -0.6928 -0.7111 0.1197
vn -0.8132 -0.4986 0.3001
vn -0.9286 0.0560 0.3669
vn -0.8396 -0.3869 0.3813
vn -0.8882 -0.0814 0.4522
vn -0.8842 -0.1107 0.4539
vn -0.2341 -0.8724 0.4292
vn -0.2456 -0.7823 0.5725
vn -0.2866 0.1049 -0.9523
vn -0.2839 0.2027 -0.9372
vn -0.2686 -0.2796 -0.9218
vn -0.2803 0.2761 -0.9194
vn -0.2777 0.3450 -0.8966
vn -0.2681 -0.4833 -0.8334
vn -0.2790 0.5701 -0.7728
vn -0.2183 -0.8931 -0.3933
vn -0.1737 -0.9413 -0.2894
vn -0.1813 -0.9423 -0.2815
vn -0.1273 -0.9798 -0.1541
vn -0.8862 -0.3101 -0.3443
vn -0.0934 -0.9950 -0.0364
vn -0.8511 0.4106 -0.3272
vn -0.5940 0.7607 -0.2615
vn -0.7470 -0.6433 -0.1675
vn -0.6705 0.7407 -0.0422
vn -0.6788 -0.7335 -0.0342
vn -0.6804 -0.7319 -0.0368
vn -0.6693 0.7423 0.0329
vn -0.6852 -0.7275 0.0356
vn -0.6884 -0.7247 0.0309
vn -0.0985 -0.9947 0.0300
vn -0.6282 0.7438 0.2284
vn -0.8194 0.5231 0.2344
vn -0.8946 -0.3656 0.2570
vn -0.8405 -0.4734 0.2636
vn -0.8542 0.3987 0.3338
vn -0.9272 0.1284 0.3518
vn -0.1358 -0.9831 0.1229
vn -0.1390 -0.9813 0.1329
vn -0.2594 -0.8199 0.5103
vn -0.2594 -0.8117 0.5233
vn -0.2440 -0.6770 0.6944
vn -0.3010 -0.2078 -0.9307
vn -0.3042 0.5658 -0.7664
vn -0.2818 -0.6167 -0.7350
vn -0.2625 -0.8090 -0.5259
vn -0.2418 -0.8586 -0.4520
vn -0.1086 -0.9894 -0.0961
vn -0.9531 -0.0090 -0.3024
vn -0.9227 -0.2261 -0.3123
vn -0.8719 0.4539 -0.1838
vn -0.9631 0.1739 -0.2053
vn -0.8581 0.4862 -0.1650
vn -0.9127 -0.3680 -0.1777
vn -0.8216 -0.5482 -0.1565
vn -0.9875 0.0077 -0.1574
vn -0.9518 -0.2698 -0.1457
vn -0.8922 0.4450 -0.0768
vn -0.9511 -0.2996 -0.0755
vn -0.8309 -0.5554 -0.0340
vn -0.8078 0.5888 -0.0279
vn -0.8287 -0.5586 -0.0350
vn -0.8231 0.5672 0.0293
vn -0.8253 -0.5632 0.0419
vn -0.8315 -0.5535 0.0480
vn -0.9938 -0.0639 0.0915
vn -0.8985 0.4126 0.1497
vn -0.8974 0.4155 0.1483
vn -0.9345 -0.3186 0.1584
vn -0.8379 -0.5383 0.0903
vn -0.8931 0.4030 0.2000
vn -0.9590 0.0692 0.2747
vn -0.9232 -0.3028 0.2366
vn -0.1671 -0.9694 0.1797
vn -0.3229 -0.0193 -0.9462
vn -0.3055 -0.1486 -0.9405
vn -0.3041 -0.2118 -0.9288
vn -0.3017 -0.2545 -0.9188
vn -0.3061 0.2740 -0.9117
vn -0.3043 -0.3791 -0.8739
vn -0.3039 -0.4324 -0.8489
vn -0.3049 0.4479 -0.8405
vn -0.3000 -0.4803 -0.8242
vn -0.3054 0.4483 -0.8401
vn -0.2954 -0.5432 -0.7859
vn -0.2822 -0.7641 -0.5801
vn -0.2835 -0.7877 -0.5470
vn -0.2737 0.7467 -0.6062
vn -0.2528 -0.8836 -0.3942
vn -0.2919 0.7978 -0.5275
vn -0.4575 0.8279 -0.3244
vn -0.9996 0.0193 -0.0212
vn -0.9990 0.0319 0.0313
vn -0.9966 -0.0513 0.0652
vn -0.1314 -0.9876 0.0858
vn -0.1611 -0.9748 0.1543
vn -0.2143 -0.9335 0.2875
vn -0.2768 -0.8542 0.4401
vn -0.2945 -0.8276 0.4778
vn -0.2900 -0.7874 0.5439
vn -0.2826 -0.7321 0.6198
vn -0.3132 -0.0467 0.9485
vn -0.3137 0.0361 -0.9489
vn -0.3290 -0.0248 -0.9440
vn -0.3256 -0.1019 -0.9400
vn -0.3176 0.1038 -0.9425
vn -0.3062 0.1117 -0.9454
vn -0.3105 -0.1415 -0.9400
vn -0.2977 0.2019 -0.9331
vn -0.3229 0.2860 -0.9022
vn -0.3171 -0.3145 -0.8947
vn -0.3313 -0.3450 -0.8782
vn -0.3082 0.3406 -0.8883
vn -0.3237 0.3277 -0.8876
vn -0.3101 0.3906 -0.8668
vn -0.3169 -0.4183 -0.8512
vn -0.3104 -0.4871 -0.8163
vn -0.3243 0.5930 -0.7370
vn -0.2940 -0.6595 -0.6918
vn -0.3103 0.6042 -0.7340
vn -0.3147 0.6407 -0.7004
vn -0.2666 -0.8524 -0.4499
vn -0.1706 -0.9639 -0.2046
vn -0.1668 -0.9672 -0.1918
vn -0.1386 -0.9820 -0.1280
vn -0.1257 -0.9894 -0.0729
vn -0.5611 0.8245 -0.0732
vn -0.5802 0.8143 -0.0180
vn -0.1317 -0.9890 0.0671
vn -0.1958 -0.9584 0.2076
vn -0.2003 -0.9513 0.2343
vn -0.2445 -0.9082 0.3396
vn -0.2567 -0.9013 0.3490
vn -0.3069 -0.2682 0.9132
vn -0.3287 0.0580 -0.9426
vn -0.3115 -0.0678 -0.9478
vn -0.3170 0.1803 -0.9311
vn -0.3173 0.2399 -0.9175
vn -0.3174 0.3965 -0.8614
vn -0.3055 0.5005 -0.8101
vn -0.3160 0.5057 -0.8027
vn -0.3080 -0.5538 -0.7736
vn -0.3022 -0.5975 -0.7428
vn -0.2831 -0.7164 -0.6377
vn -0.2982 0.6935 -0.6558
vn -0.2889 0.7290 -0.6206
vn -0.2487 -0.9072 -0.3394
vn -0.2067 -0.9381 -0.2778
vn -0.2186 -0.9432 -0.2501
vn -0.2212 -0.9405 0.2580
vn -0.3052 0.6628 0.6837
vn -0.3345 -0.2956 0.8949
vn -0.3273 -0.2791 -0.9028
vn -0.3412 0.3246 -0.8822
vn -0.3150 -0.6656 -0.6765
vn -0.3074 -0.7357 -0.6035
vn -0.3192 0.6432 -0.6960
vn -0.3057 -0.7419 -0.5968
vn -0.2878 -0.8268 -0.4833
vn -0.2803 -0.8678 -0.4103
vn -0.2695 -0.9072 -0.3230
vn -0.1257 -0.9892 -0.0758
vn -0.4579 0.8206 0.3420
vn -0.1605 -0.9815 0.1043
vn -0.2745 -0.8943 0.3532
vn -0.3186 -0.8113 0.4901
vn -0.3276 -0.7900 0.5183
vn -0.3412 0.2353 -0.9101
vn -0.3572 -0.2039 -0.9115
vn -0.3590 -0.2712 -0.8930
vn -0.3550 -0.2750 -0.8935
vn -0.3439 0.2866 -0.8942
vn -0.3549 -0.3428 -0.8698
vn -0.3453 0.3901 -0.8535
vn -0.3488 -0.4786 -0.8058
vn -0.3554 -0.4822 -0.8008
vn -0.3537 0.5506 -0.7561
vn -0.3464 0.5880 -0.7309
vn -0.3155 -0.6629 -0.6790
vn -0.3123 -0.8154 -0.4875
vn -0.2728 -0.9061 -0.3232
vn -0.1727 -0.9768 -0.1263
vn -0.1432 -0.9897 -0.0054
vn -0.1363 -0.9897 0.0432
vn -0.1399 -0.9883 0.0599
vn -0.1688 -0.9800 0.1057
vn -0.3471 -0.7316 0.5868
vn -0.3511 -0.6684 0.6557
vn -0.3528 -0.5570 0.7519
vn -0.3652 -0.5425 0.7565
vn -0.3507 0.1113 -0.9299
vn -0.3522 0.0564 -0.9342
vn -0.3590 0.0487 -0.9320
vn -0.3559 -0.0101 -0.9345
vn -0.3637 -0.1024 -0.9259
vn -0.3560 0.1750 -0.9179
vn -0.3646 -0.2103 -0.9071
vn -0.3527 0.3020 -0.8857
vn -0.3516 0.3375 -0.8732
vn -0.3538 0.3946 -0.8480
vn -0.3508 -0.4146 -0.8397
vn -0.3595 -0.4220 -0.8323
vn -0.3435 0.4979 -0.7963
vn -0.3620 -0.5404 -0.7595
vn -0.3646 -0.5378 -0.7602
vn -0.3620 -0.5905 -0.7213
vn -0.3580 -0.5943 -0.7202
vn -0.3500 -0.6418 -0.6824
vn -0.3440 -0.7108 -0.6136
vn -0.3173 -0.7879 -0.5278
vn -0.3274 0.6881 -0.6475
vn -0.3285 0.7632 -0.5564
vn -0.3063 -0.8624 -0.4030
vn -0.3079 -0.8854 -0.3483
vn -0.2272 -0.9412 -0.2500
vn -0.2033 -0.9658 -0.1609
vn -0.2011 -0.9677 -0.1521
vn -0.1410 -0.9886 -0.0527
vn -0.1400 -0.9890 -0.0487
vn -0.1486 -0.9888 -0.0147
vn -0.2314 -0.9506 0.2071
vn -0.2450 -0.9342 0.2592
vn -0.2969 -0.8964 0.3290
vn -0.3175 -0.8555 0.4091
vn -0.3164 -0.8630 0.3939
vn -0.3460 0.1852 -0.9198
vn -0.3545 0.1157 -0.9279
vn -0.3634 -0.1396 -0.9211
vn -0.3607 -0.1361 -0.9227
vn -0.3605 0.2653 -0.8942
vn -0.3699 -0.3509 -0.8603
vn -0.3545 0.5057 -0.7865
vn -0.3580 0.5527 -0.7525
vn -0.3606 0.5760 -0.7336
vn -0.3595 0.6146 -0.7022
vn -0.3301 -0.8157 -0.4750
vn -0.3172 -0.8570 -0.4061
vn -0.2763 -0.9066 -0.3189
vn -0.1740 -0.9793 -0.1035
vn -0.5355 0.8434 0.0441
vn -0.1515 -0.9882 0.0245
vn -0.1916 -0.9740 0.1206
vn -0.1998 -0.9704 0.1359
vn -0.2492 -0.9424 0.2232
vn -0.2876 -0.9107 0.2964
vn -0.3443 0.7035 0.6217
vn -0.3514 0.6646 0.6594
vn -0.3744 -0.6813 0.6290
vn -0.3671 -0.6079 0.7041
vn -0.3894 -0.3464 -0.8534
vn -0.3807 0.3897 -0.8386
vn -0.3686 -0.7041 -0.6069
vn -0.3565 -0.7494 -0.5579
vn -0.3567 -0.7590 -0.5447
vn -0.3396 -0.8347 -0.4335
vn -0.2529 -0.9308 -0.2638
vn -0.4085 0.8284 -0.3833
vn -0.2331 -0.9593 0.1596
vn -0.3560 -0.8227 0.4431
vn -0.3942 0.0446 -0.9179
vn -0.4032 0.0293 -0.9146
vn -0.3951 -0.0311 -0.9181
vn -0.3998 -0.0405 -0.9157
vn -0.3921 -0.0762 -0.9168
vn -0.4180 -0.3763 -0.8268
vn -0.4036 -0.4701 -0.7849
vn -0.3943 0.4931 -0.7755
vn -0.3980 -0.5308 -0.7482
vn -0.4045 0.5635 -0.7203
vn -0.4025 -0.6444 -0.6502
vn -0.3859 -0.7138 -0.5845
vn -0.3728 -0.7614 -0.5304
vn -0.3779 -0.7748 -0.5068
vn -0.3409 -0.8722 -0.3507
vn -0.2769 -0.9242 -0.2630
vn -0.2509 -0.9458 -0.2061
vn -0.4533 0.8302 -0.3244
vn -0.2016 -0.9749 -0.0945
vn -0.1903 -0.9791 -0.0722
vn -0.5170 0.8355 0.1860
vn -0.1790 -0.9808 0.0776
vn -0.4910 0.8103 0.3199
vn -0.2712 -0.9356 0.2262
vn -0.3509 -0.8640 0.3610
vn -0.3855 -0.7801 0.4928
vn -0.4007 -0.6737 0.6209
vn -0.4121 -0.5079 0.7564
vn -0.3531 0.3424 0.8707
vn -0.3569 0.2194 0.9080
vn -0.3585 0.1624 0.9193
vn -0.4223 -0.1392 -0.8957
vn -0.4128 0.2115 -0.8859
vn -0.3948 0.1844 -0.9001
vn -0.4116 -0.2041 -0.8882
vn -0.3990 0.2627 -0.8785
vn -0.3886 0.2701 -0.8809
vn -0.3999 -0.2725 -0.8751
vn -0.3875 0.2958 -0.8731
vn -0.4153 -0.3088 -0.8557
vn -0.3929 0.3367 -0.8557
vn -0.3933 0.3712 -0.8412
vn -0.4002 -0.4177 -0.8157
vn -0.4107 -0.4316 -0.8032
vn -0.3897 0.4477 -0.8048
vn -0.4174 -0.4823 -0.7702
vn -0.4200 -0.5725 -0.7041
vn -0.3835 0.6086 -0.6946
vn -0.3894 0.6531 -0.6494
vn -0.3750 0.7661 -0.5219
vn -0.3584 -0.8550 -0.3748
vn -0.3953 0.8178 -0.4183
vn -0.2480 -0.9484 -0.1976
vn -0.2350 -0.9643 -0.1223
vn -0.2171 -0.9748 -0.0518
vn -0.2049 -0.9786 -0.0179
vn -0.5146 0.8325 0.2051
vn -0.4936 0.7733 0.3981
vn -0.3160 -0.9059 0.2817
vn -0.3532 -0.8567 0.3759
vn -0.3808 -0.8099 0.4462
vn -0.3994 -0.7182 0.5698
vn -0.4184 -0.6883 0.5926
vn -0.3955 0.6076 0.6888
vn -0.4045 0.1119 -0.9077
vn -0.4133 0.0937 -0.9058
vn -0.4153 0.1347 -0.8997
vn -0.4207 -0.1381 -0.8966
vn -0.4196 -0.2132 -0.8823
vn -0.4069 0.3185 -0.8561
vn -0.3958 0.4146 -0.8194
vn -0.4018 0.4595 -0.7921
vn -0.4126 0.5105 -0.7544
vn -0.4262 -0.5556 -0.7139
vn -0.4005 0.5629 -0.7230
vn -0.4109 -0.6399 -0.6494
vn -0.3989 0.5956 -0.6973
vn -0.4063 -0.7068 -0.5791
vn -0.3956 -0.7752 -0.4925
vn -0.3691 0.7954 -0.4808
vn -0.2830 -0.9302 -0.2336
vn -0.2249 -0.9687 -0.1052
vn -0.5499 0.8304 -0.0899
vn -0.2164 -0.9763 -0.0094
vn -0.1956 -0.9802 0.0290
vn -0.2105 -0.9766 0.0446
vn -0.2196 -0.9710 0.0948
vn -0.5259 0.8113 0.2554
vn -0.2254 -0.9689 0.1023
vn -0.2588 -0.9525 0.1606
vn -0.2995 -0.9207 0.2501
vn -0.4286 -0.5964 -0.6787
vn -0.4307 -0.6474 -0.6288
vn -0.4228 -0.7112 -0.5616
vn -0.4067 -0.7961 -0.4482
vn -0.3877 -0.8191 -0.4227
vn -0.3740 -0.8466 -0.3787
vn -0.3207 -0.8949 -0.3104
vn -0.3207 -0.8950 -0.3099
vn -0.2805 -0.9309 -0.2340
vn -0.2785 -0.9465 -0.1631
vn -0.2684 -0.9531 -0.1398
vn -0.5443 0.8261 0.1456
vn -0.5262 0.7943 0.3036
vn -0.3363 -0.8944 0.2949
vn -0.3666 -0.8642 0.3446
vn -0.3957 -0.8102 0.4324
vn -0.3951 0.6580 0.6411
vn -0.4337 -0.6811 0.5899
vn -0.4521 -0.6184 0.6429
vn -0.4314 -0.5571 0.7096
vn -0.4485 -0.4456 0.7748
vn -0.4006 0.2546 0.8802
vn -0.4444 0.2048 -0.8721
vn -0.4392 0.2663 -0.8580
vn -0.4532 -0.3103 -0.8357
vn -0.4293 0.3155 -0.8463
vn -0.4522 -0.3673 -0.8128
vn -0.4475 0.4486 -0.7736
vn -0.4588 -0.4711 -0.7534
vn -0.4340 0.5529 -0.7113
vn -0.4306 0.5892 -0.6837
vn -0.3478 -0.8726 -0.3431
vn -0.5695 0.8055 -0.1640
vn -0.2424 -0.9687 0.0528
vn -0.2606 -0.9582 0.1177
vn -0.2804 -0.9438 0.1751
vn -0.3917 -0.8238 0.4097
vn -0.4567 -0.6142 0.6436
vn -0.4064 0.1633 0.8990
vn -0.3919 0.1099 0.9134
vn -0.4448 -0.0434 -0.8946
vn -0.4456 0.1400 -0.8842
vn -0.4602 -0.1084 -0.8812
vn -0.4515 -0.1298 -0.8828
vn -0.4466 0.2067 -0.8705
vn -0.4635 -0.3024 -0.8329
vn -0.4409 0.3043 -0.8444
vn -0.4404 0.3616 -0.8218
vn -0.4694 -0.4226 -0.7753
vn -0.4669 -0.5223 -0.7136
vn -0.4376 -0.7074 -0.5551
vn -0.4345 0.6786 -0.5922
vn -0.4231 0.7159 -0.5554
vn -0.3937 -0.8274 -0.4005
vn -0.4301 0.7282 -0.5335
vn -0.4142 0.7828 -0.4643
vn -0.3700 -0.8618 -0.3469
vn -0.3503 -0.8964 -0.2716
vn -0.5571 0.8059 -0.2003
vn -0.2679 -0.9600 -0.0811
vn -0.2484 -0.9669 -0.0584
vn -0.2586 -0.9659 -0.0136
vn -0.2386 -0.9696 0.0533
vn -0.2845 -0.9424 0.1758
vn -0.3845 -0.8554 0.3470
vn -0.4645 0.1193 -0.8775
vn -0.4524 0.0868 -0.8876
vn -0.4633 0.0619 -0.8841
vn -0.4505 0.0250 -0.8924
vn -0.4621 -0.0181 -0.8866
vn -0.4431 0.2625 -0.8572
vn -0.4574 -0.2081 -0.8646
vn -0.4584 -0.2087 -0.8639
vn -0.4485 0.3683 -0.8144
vn -0.4785 -0.3829 -0.7902
vn -0.4746 -0.4173 -0.7750
vn -0.4350 0.4043 -0.8046
vn -0.4478 0.4488 -0.7733
vn -0.4777 -0.4816 -0.7347
vn -0.4533 0.5151 -0.7274
vn -0.4550 -0.6379 -0.6213
vn -0.4518 0.5567 -0.6971
vn -0.4745 -0.6494 -0.5943
vn -0.4428 0.6041 -0.6626
vn -0.4433 -0.7412 -0.5041
vn -0.4106 -0.8218 -0.3950
vn -0.4323 0.7626 -0.4812
vn -0.3884 -0.8455 -0.3665
vn -0.3137 -0.9290 -0.1965
vn -0.3073 -0.9344 -0.1800
vn -0.2485 -0.9685 -0.0176
vn -0.2641 -0.9642 0.0239
vn -0.2840 -0.9519 0.1146
vn -0.3528 -0.9101 0.2175
vn -0.4171 -0.8253 0.3807
vn -0.4213 -0.7935 0.4392
vn -0.4505 -0.7433 0.4946
vn -0.4612 -0.1414 -0.8760
vn -0.5003 -0.3697 -0.7829
vn -0.4737 -0.5984 -0.6462
vn -0.4833 -0.6470 -0.5897
vn -0.4480 -0.6992 -0.5572
vn -0.4438 -0.7764 -0.4474
vn -0.4069 -0.8342 -0.3722
vn -0.3544 -0.8892 -0.2894
vn -0.3551 -0.8916 -0.2809
vn -0.3524 -0.9077 -0.2279
vn -0.3064 -0.9449 -0.1152
vn -0.2880 -0.9537 -0.0869
vn -0.5916 0.7962 -0.1269
vn -0.3255 -0.9220 0.2095
vn -0.3757 -0.8813 0.2868
vn -0.4201 -0.8235 0.3813
vn -0.4642 -0.6836 0.5632
vn -0.4873 -0.5000 0.7160
vn -0.4584 0.2571 0.8508
vn -0.4984 0.1216 -0.8584
vn -0.5047 -0.0245 -0.8629
vn -0.5094 -0.0950 -0.8552
vn -0.5138 -0.1402 -0.8464
vn -0.4920 0.2566 -0.8319
vn -0.4866 -0.3016 -0.8199
vn -0.4705 0.2987 -0.8303
vn -0.5114 -0.3426 -0.7881
vn -0.4703 0.3631 -0.8043
vn -0.5049 -0.4290 -0.7490
vn -0.4945 -0.4675 -0.7327
vn -0.4793 -0.5943 -0.6458
vn -0.4566 -0.7433 -0.4889
vn -0.4893 0.6666 -0.5623
vn -0.4517 -0.7782 -0.4363
vn -0.4454 -0.7968 -0.4083
vn -0.5057 0.6842 -0.5254
vn -0.4843 0.7423 -0.4631
vn -0.3915 -0.8607 -0.3254
vn -0.3360 -0.9294 -0.1524
vn -0.3050 -0.9521 -0.0217
vn -0.2959 -0.9525 0.0726
vn -0.3195 -0.9390 0.1271
vn -0.3661 -0.9004 0.2349
vn -0.4045 -0.8610 0.3082
vn -0.5152 0.0619 -0.8549
vn -0.5217 -0.1057 -0.8465
vn -0.5019 0.1990 -0.8417
vn -0.5172 0.1534 -0.8420
vn -0.5071 -0.2029 -0.8377
vn -0.4951 0.2543 -0.8308
vn -0.5110 -0.2684 -0.8166
vn -0.4993 0.3270 -0.8024
vn -0.4781 0.4395 -0.7605
vn -0.4803 0.5073 -0.7155
vn -0.4910 -0.6548 -0.5746
vn -0.4837 -0.6819 -0.5487
vn -0.4819 0.5919 -0.6461
vn -0.4885 0.6381 -0.5952
vn -0.4992 0.6519 -0.5708
vn -0.4419 -0.7972 -0.4114
vn -0.3361 -0.9338 -0.1230
vn -0.3419 -0.9310 -0.1278
vn -0.3238 -0.9436 -0.0684
vn -0.3220 -0.9461 -0.0342
vn -0.3169 -0.9481 0.0261
vn -0.3087 -0.9509 0.0200
vn -0.3098 -0.9483 0.0691
vn -0.3099 -0.9422 0.1270
vn -0.5478 0.7468 0.3771
vn -0.4002 -0.8854 0.2366
vn -0.5248 0.7324 0.4338
vn -0.4473 -0.7960 0.4078
vn -0.4661 -0.7339 0.4941
vn -0.4685 -0.6818 0.5618
vn -0.5266 0.0772 -0.8466
vn -0.5267 -0.0063 -0.8500
vn -0.5183 -0.1353 -0.8444
vn -0.5101 -0.2054 -0.8353
vn -0.4997 0.4761 -0.7237
vn -0.4943 -0.5402 -0.6811
vn -0.4931 0.5270 -0.6923
vn -0.5013 -0.6018 -0.6218
vn -0.4975 0.5639 -0.6592
vn -0.4783 -0.7302 -0.4879
vn -0.4985 0.6842 -0.5324
vn -0.4459 -0.8187 -0.3618
vn -0.4383 -0.8199 -0.3682
vn -0.5092 0.7776 -0.3689
vn -0.4168 -0.8491 -0.3246
vn -0.6256 0.7794 -0.0353
vn -0.6242 0.7808 0.0261
vn -0.6240 0.7770 0.0837
vn -0.3324 -0.9402 0.0745
vn -0.3759 -0.9139 0.1534
vn -0.3873 -0.9064 0.1687
vn -0.4274 -0.8685 0.2511
vn -0.4228 -0.8533 0.3053
vn -0.4536 -0.8160 0.3582
vn -0.4749 -0.7328 0.4873
vn -0.4827 -0.6902 0.5391
vn -0.5003 -0.6320 0.5918
vn -0.5097 -0.5671 0.6470
vn -0.5148 -0.5245 0.6781
vn -0.5522 -0.0100 -0.8337
vn -0.5178 0.3212 -0.7929
vn -0.5183 0.4672 -0.7163
vn -0.4949 -0.6901 -0.5281
vn -0.4848 -0.7344 -0.4750
vn -0.4777 -0.7565 -0.4467
vn -0.4359 -0.8338 -0.3387
vn -0.4303 -0.8620 -0.2680
vn -0.4136 -0.8828 -0.2226
vn -0.3416 -0.9365 -0.0794
vn -0.3552 -0.9345 0.0219
vn -0.3516 -0.9337 0.0674
vn -0.3370 -0.9362 0.0996
vn -0.3990 -0.8999 0.1761
vn -0.4483 -0.8340 0.3216
vn -0.4821 0.5236 0.7024
vn -0.5251 -0.3422 0.7792
vn -0.5455 0.1476 -0.8250
vn -0.5469 0.0775 -0.8336
vn -0.5587 0.1901 -0.8073
vn -0.5326 0.2541 -0.8073
vn -0.5361 0.2986 -0.7896
vn -0.5253 -0.3874 -0.7576
vn -0.5099 -0.4714 -0.7195
vn -0.5122 -0.5272 -0.6780
vn -0.5131 0.5219 -0.6814
vn -0.5336 0.6012 -0.5949
vn -0.4709 -0.8022 -0.3671
vn -0.4385 -0.8523 -0.2853
vn -0.4331 -0.8672 -0.2458
vn -0.5840 0.7787 -0.2292
vn -0.4158 -0.8893 -0.1903
vn -0.4019 -0.9048 -0.1410
vn -0.3660 -0.9304 -0.0184
vn -0.3615 -0.9322 0.0182
vn -0.3996 -0.9077 0.1283
vn -0.5373 0.7050 0.4629
vn -0.5121 0.7049 0.4909
vn -0.4860 -0.7473 0.4532
vn -0.5655 0.0385 -0.8239
vn -0.5640 -0.0316 -0.8251
vn -0.5491 -0.0961 -0.8302
vn -0.5652 0.1098 -0.8176
vn -0.5734 -0.1370 -0.8078
vn -0.5619 -0.1947 -0.8039
vn -0.5415 -0.3220 -0.7766
vn -0.5334 -0.3344 -0.7769
vn -0.5313 -0.3784 -0.7580
vn -0.5199 0.4079 -0.7505
vn -0.5339 0.4292 -0.7286
vn -0.5242 -0.5039 -0.6865
vn -0.5374 0.5489 -0.6403
vn -0.5500 0.5631 -0.6168
vn -0.5167 -0.6789 -0.5216
vn -0.5043 -0.7584 -0.4129
vn -0.5421 0.6617 -0.5179
vn -0.4761 -0.8279 -0.2966
vn -0.4264 -0.8870 -0.1770
vn -0.4288 -0.9001 0.0771
vn -0.4604 -0.8538 0.2431
vn -0.5572 0.7233 0.4079
vn -0.4867 -0.8185 0.3052
vn -0.4745 -0.7973 0.3731
vn -0.4806 -0.7941 0.3722
vn -0.4982 -0.6853 0.5311
vn -0.5165 -0.6219 0.5886
vn -0.5195 -0.5211 0.6772
vn -0.5673 -0.1325 -0.8127
vn -0.5624 0.2216 -0.7966
vn -0.5644 0.1952 -0.8021
vn -0.5649 -0.1994 -0.8007
vn -0.5488 -0.2715 -0.7906
vn -0.5568 -0.2593 -0.7891
vn -0.5205 -0.4139 -0.7468
vn -0.5293 -0.4237 -0.7351
vn -0.5281 -0.5732 -0.6265
vn -0.5166 -0.5930 -0.6177
vn -0.5407 0.5429 -0.6426
vn -0.5124 -0.7157 -0.4746
vn -0.4949 -0.7618 -0.4180
vn -0.4770 -0.8202 -0.3159
vn -0.6178 0.7694 -0.1622
vn -0.6305 0.7688 -0.1070
vn -0.4299 -0.8996 -0.0766
vn -0.6325 0.7698 -0.0852
vn -0.4238 -0.9050 -0.0372
vn -0.4334 -0.9007 0.0285
vn -0.4301 -0.8995 0.0766
vn -0.6269 0.7582 0.1793
vn -0.4204 -0.8989 0.1236
vn -0.4898 -0.8299 0.2673
vn -0.5340 0.6773 0.5061
vn -0.5050 -0.6910 0.5171
vn -0.5389 -0.4786 0.6932
vn -0.5670 0.4169 -0.7104
vn -0.5507 0.4842 -0.6800
vn -0.5341 -0.5005 -0.6814
vn -0.5516 0.4787 -0.6831
vn -0.5304 -0.6343 -0.5624
vn -0.5179 -0.6309 -0.5778
vn -0.5238 -0.6719 -0.5237
vn -0.5402 -0.7134 -0.4464
vn -0.5060 -0.7675 -0.3936
vn -0.5794 0.7002 -0.4171
vn -0.4921 -0.8248 -0.2785
vn -0.4773 -0.8468 -0.2349
vn -0.4431 -0.8901 -0.1063
vn -0.4309 -0.8991 -0.0774
vn -0.6408 0.7626 0.0879
vn -0.4748 -0.8593 0.1902
vn -0.4784 -0.8562 0.1950
vn -0.5800 0.7334 0.3546
vn -0.5141 -0.7855 0.3446
vn -0.6006 0.0386 -0.7986
vn -0.6078 0.0265 -0.7937
vn -0.6023 -0.0321 -0.7976
vn -0.5903 0.1099 -0.7997
vn -0.5866 -0.1269 -0.7999
vn -0.5743 0.2325 -0.7849
vn -0.5751 0.3579 -0.7356
vn -0.5602 -0.4199 -0.7141
vn -0.5911 0.5535 -0.5866
vn -0.5797 0.5917 -0.5602
vn -0.5833 0.6357 -0.5057
vn -0.5009 -0.8001 -0.3301
vn -0.5005 -0.7985 -0.3345
vn -0.6108 0.7305 -0.3056
vn -0.4988 -0.8302 -0.2489
vn -0.4619 -0.8677 -0.1836
vn -0.4793 -0.8693 -0.1207
vn -0.4588 -0.8884 -0.0140
vn -0.4548 -0.8905 0.0152
vn -0.4813 -0.8636 0.1501
vn -0.5184 -0.7930 0.3200
vn -0.5250 -0.7476 0.4067
vn -0.5970 0.1552 -0.7871
vn -0.5743 -0.2617 -0.7757
vn -0.5803 0.2813 -0.7643
vn -0.5826 -0.3070 -0.7526
vn -0.5743 -0.2997 -0.7618
vn -0.5719 -0.3634 -0.7355
vn -0.5838 0.3445 -0.7352
vn -0.5650 -0.4248 -0.7074
vn -0.5642 -0.4702 -0.6787
vn -0.5643 0.4683 -0.6800
vn -0.5633 -0.5317 -0.6324
vn -0.5779 0.5020 -0.6434
vn -0.5542 -0.5531 -0.6220
vn -0.5832 0.5613 -0.5873
vn -0.5512 -0.6645 -0.5046
vn -0.5568 -0.7023 -0.4436
vn -0.5394 -0.7520 -0.3788
vn -0.6142 0.7673 -0.1846
vn -0.4883 -0.8575 -0.1621
vn -0.4972 -0.8634 0.0851
vn -0.4921 -0.8586 0.1437
vn -0.5292 -0.8222 0.2096
vn -0.6113 0.7069 0.3558
vn -0.5488 -0.6875 0.4756
vn -0.5385 -0.6802 0.4973
vn -0.5683 -0.6252 0.5350
vn -0.5521 -0.6119 0.5664
vn -0.5540 -0.5585 0.6174
vn -0.5683 0.4737 0.6727
vn -0.5693 -0.4689 0.6753
vn -0.5747 -0.1269 0.8085
vn -0.6055 0.0891 -0.7908
vn -0.6097 -0.0421 -0.7915
vn -0.6116 -0.0985 -0.7851
vn -0.5956 -0.1927 -0.7798
vn -0.5960 -0.1929 -0.7795
vn -0.5749 -0.3665 -0.7315
vn -0.5806 0.3971 -0.7108
vn -0.5824 -0.5113 -0.6320
vn -0.5512 -0.6110 -0.5682
vn -0.5791 -0.6250 -0.5235
vn -0.5686 -0.6753 -0.4698
vn -0.5607 -0.7024 -0.4384
vn -0.6050 0.6506 -0.4590
vn -0.5680 -0.7205 -0.3978
vn -0.5440 -0.7559 -0.3642
vn -0.5285 -0.8129 -0.2449
vn -0.5415 -0.8143 -0.2092
vn -0.4985 -0.8606 -0.1047
vn -0.5013 -0.8628 -0.0653
vn -0.6487 0.7590 -0.0560
vn -0.5039 -0.8634 -0.0245
vn -0.6503 0.7589 0.0339
vn -0.5046 -0.8596 0.0803
vn -0.5537 -0.7992 0.2337
vn -0.5551 -0.7912 0.2567
vn -0.5479 -0.7814 0.2988
vn -0.5535 -0.7472 0.3679
vn -0.5595 -0.5303 0.6370
vn -0.5812 0.4397 0.6847
vn -0.5725 -0.3878 0.7224
vn -0.6266 0.0853 -0.7747
vn -0.6172 0.1555 -0.7713
vn -0.6147 0.3342 -0.7144
vn -0.5967 -0.4722 -0.6488
vn -0.5742 -0.5705 -0.5872
vn -0.5974 -0.6138 -0.5161
vn -0.6039 0.6002 -0.5245
vn -0.5594 -0.7524 -0.3478
vn -0.6285 0.6919 -0.3554
vn -0.5605 -0.7693 -0.3065
vn -0.5448 -0.7905 -0.2798
vn -0.5306 -0.8288 -0.1774
vn -0.5024 -0.8621 -0.0668
vn -0.5170 -0.8558 -0.0155
vn -0.5103 -0.8594 0.0325
vn -0.5758 -0.7865 0.2235
vn -0.5467 -0.7935 0.2674
vn -0.5721 -0.6817 0.4561
vn -0.5705 -0.5762 0.5853
vn -0.5764 0.4663 0.6711
vn -0.5980 -0.5115 0.6170
vn -0.6036 0.3259 0.7276
vn -0.5893 -0.2339 0.7733
vn -0.6260 0.0847 -0.7752
vn -0.6280 -0.1010 -0.7716
vn -0.6165 -0.1874 -0.7648
vn -0.6161 0.2235 -0.7553
vn -0.6091 0.2722 -0.7449
vn -0.6146 -0.2862 -0.7351
vn -0.6218 -0.4129 -0.6655
vn -0.6267 0.3827 -0.6788
vn -0.6086 -0.4614 -0.6456
vn -0.6130 0.4520 -0.6481
vn -0.6114 0.5217 -0.5950
vn -0.5933 -0.6581 -0.4635
vn -0.6257 0.5869 -0.5138
vn -0.5537 -0.7699 -0.3172
vn -0.5499 -0.7939 -0.2596
vn -0.6421 0.7198 -0.2639
vn -0.5175 -0.8553 0.0267
vn -0.5604 -0.8119 0.1637
vn -0.6058 0.6637 0.4388
vn -0.6068 0.5050 0.6138
vn -0.5931 -0.5628 0.5758
vn -0.6121 0.2823 0.7387
vn -0.6307 0.0252 -0.7756
vn -0.6311 0.0246 -0.7753
vn -0.6363 -0.0251 -0.7710
vn -0.6309 0.1384 -0.7634
vn -0.6350 -0.1343 -0.7607
vn -0.6349 -0.2431 -0.7334
vn -0.6271 0.2919 -0.7222
vn -0.6389 -0.3552 -0.6824
vn -0.6172 -0.3792 -0.6894
vn -0.6354 0.3507 -0.6879
vn -0.6194 -0.4158 -0.6659
vn -0.6315 0.3924 -0.6688
vn -0.6208 0.4636 -0.6322
vn -0.6196 -0.5178 -0.5899
vn -0.5936 -0.5615 -0.5765
vn -0.6068 -0.5924 -0.5300
vn -0.6290 0.5325 -0.5664
vn -0.6228 0.5441 -0.5623
vn -0.6089 -0.6248 -0.4887
vn -0.5828 -0.7107 -0.3940
vn -0.6571 0.6403 -0.3977
vn -0.6501 0.6786 -0.3420
vn -0.6476 0.7257 -0.2325
vn -0.5684 -0.8075 -0.1577
vn -0.6523 0.7353 -0.1841
vn -0.5724 -0.8123 -0.1118
vn -0.5752 -0.8098 -0.1157
vn -0.6595 0.7446 -0.1031
vn -0.5820 -0.8130 -0.0182
vn -0.5836 -0.8118 -0.0197
vn -0.5880 -0.8083 0.0306
vn -0.5848 -0.8063 0.0891
vn -0.5738 -0.8030 0.1614
vn -0.5832 -0.7474 0.3183
vn -0.5805 -0.6990 0.4176
vn -0.6009 -0.6104 0.5160
vn -0.6153 0.5493 0.5654
vn -0.6246 0.4654 0.6271
vn -0.6114 -0.5227 0.5941
vn -0.6210 0.4590 0.6354
vn -0.6131 -0.4579 0.6438
vn -0.6278 0.1496 0.7639
vn -0.6479 -0.0365 -0.7608
vn -0.6474 -0.0802 -0.7579
vn -0.6323 -0.2033 -0.7476
vn -0.6346 0.4640 -0.6180
vn -0.6396 0.4729 -0.6060
vn -0.6194 -0.5283 -0.5807
vn -0.6016 -0.6807 -0.4179
vn -0.6017 -0.6809 -0.4175
vn -0.5955 -0.7136 -0.3689
vn -0.5952 -0.7218 -0.3534
vn -0.5941 -0.7447 -0.3040
vn -0.5991 -0.7440 -0.2958
vn -0.5829 -0.7736 -0.2485
vn -0.5880 -0.7822 -0.2059
vn -0.6590 0.7269 -0.1932
vn -0.5778 -0.8134 -0.0668
vn -0.5800 -0.8116 -0.0698
vn -0.5894 -0.8072 0.0319
vn -0.5885 -0.8042 0.0834
vn -0.5901 -0.7998 0.1100
vn -0.6658 0.7142 0.2158
vn -0.5792 -0.7980 0.1669
vn -0.5870 -0.7832 0.2050
vn -0.5980 -0.7503 0.2819
vn -0.5926 -0.7432 0.3105
vn -0.5952 -0.6944 0.4044
vn -0.6213 0.6168 0.4833
vn -0.6148 -0.4022 0.6784
vn -0.6337 -0.3619 0.6837
vn -0.6366 0.0914 0.7657
vn -0.6441 0.2895 -0.7080
vn -0.6388 -0.3242 -0.6977
vn -0.6446 0.3436 -0.6830
vn -0.6435 -0.4592 -0.6124
vn -0.6340 -0.4680 -0.6156
vn -0.6442 -0.5536 -0.5277
vn -0.6079 -0.6641 -0.4351
vn -0.6692 0.6530 -0.3546
vn -0.5981 -0.7675 -0.2306
vn -0.5912 -0.7869 -0.1766
vn -0.6792 0.7330 -0.0379
vn -0.6205 -0.7444 0.2467
vn -0.6039 -0.7018 0.3778
vn -0.6386 0.6073 0.4726
vn -0.6429 0.5572 0.5255
vn -0.6521 0.3724 0.6603
vn -0.6556 0.1324 0.7434
vn -0.6770 0.0660 -0.7330
vn -0.6764 0.0205 -0.7363
vn -0.6796 0.0126 -0.7334
vn -0.6785 -0.0211 -0.7343
vn -0.6745 -0.1312 -0.7266
vn -0.6720 -0.1893 -0.7159
vn -0.6506 0.2076 -0.7305
vn -0.6585 0.2430 -0.7122
vn -0.6530 0.3040 -0.6936
vn -0.6729 -0.3026 -0.6751
vn -0.6564 -0.4275 -0.6216
vn -0.6494 -0.5361 -0.5394
vn -0.6572 0.5165 -0.5489
vn -0.6413 -0.6031 -0.4744
vn -0.6748 0.6181 -0.4033
vn -0.6062 -0.7220 -0.3336
vn -0.6243 -0.7744 -0.1031
vn -0.6252 -0.7773 -0.0706
vn -0.7064 0.7067 0.0407
vn -0.6308 -0.7463 0.2124
vn -0.6187 -0.7423 0.2572
vn -0.6318 -0.7064 0.3190
vn -0.6288 -0.6937 0.3512
vn -0.6515 -0.6298 0.4229
vn -0.6569 0.5764 0.4861
vn -0.6369 -0.6153 0.4644
vn -0.6424 -0.5651 0.5176
vn -0.6593 -0.2952 0.6915
vn -0.6543 0.2263 0.7216
vn -0.6688 0.1223 -0.7333
vn -0.6679 0.0843 -0.7394
vn -0.6662 0.1786 -0.7241
vn -0.6620 0.1338 -0.7375
vn -0.6819 -0.2053 -0.7021
vn -0.6689 -0.2443 -0.7021
vn -0.6809 0.3467 -0.6451
vn -0.6676 0.3893 -0.6346
vn -0.6676 -0.4168 -0.6169
vn -0.6744 0.4801 -0.5610
vn -0.6730 0.5321 -0.5137
vn -0.6231 -0.6771 -0.3916
vn -0.6861 0.6422 -0.3420
vn -0.6920 0.6473 -0.3196
vn -0.6887 0.6555 -0.3099
vn -0.6295 -0.7255 -0.2780
vn -0.6966 0.6632 -0.2738
vn -0.6931 0.6701 -0.2657
vn -0.6254 -0.7460 -0.2286
vn -0.6272 -0.7636 -0.1533
vn -0.6348 -0.7707 -0.0544
vn -0.6301 -0.7763 -0.0199
vn -0.6360 -0.7713 -0.0245
vn -0.6248 -0.7804 0.0260
vn -0.6963 0.7092 0.1099
vn -0.6912 0.7045 0.1610
vn -0.6443 -0.7412 0.1883
vn -0.6306 -0.7403 0.2330
vn -0.6513 -0.6971 0.2999
vn -0.6647 0.6297 0.4021
vn -0.6599 0.6208 0.4232
vn -0.6518 -0.6277 0.4256
vn -0.6575 -0.5301 0.5354
vn -0.6705 0.4187 0.6125
vn -0.6682 -0.4388 0.6009
vn -0.6404 -0.4502 0.6223
vn -0.6489 -0.4280 0.6291
vn -0.6678 0.2799 0.6897
vn -0.6727 0.2469 0.6975
vn -0.6564 -0.0086 0.7543
vn -0.6859 -0.0339 -0.7269
vn -0.6842 -0.0848 -0.7243
vn -0.6818 -0.0886 -0.7261
vn -0.6813 -0.1164 -0.7226
vn -0.6844 0.3064 -0.6616
vn -0.6837 -0.3100 -0.6607
vn -0.6738 -0.3545 -0.6483
vn -0.6709 0.4110 -0.6172
vn -0.6887 -0.4403 -0.5760
vn -0.6722 -0.4725 -0.5700
vn -0.6702 -0.5109 -0.5383
vn -0.6519 -0.5856 -0.4817
vn -0.6355 -0.6337 -0.4412
vn -0.6929 0.5697 -0.4420
vn -0.6185 -0.6800 -0.3936
vn -0.6877 0.6111 -0.3919
vn -0.6446 -0.6951 -0.3182
vn -0.6358 -0.7290 -0.2537
vn -0.6368 -0.7420 -0.2095
vn -0.6319 -0.7665 -0.1150
vn -0.7101 0.7030 -0.0383
vn -0.7076 0.7053 0.0426
vn -0.7002 0.6831 0.2077
vn -0.6375 -0.7530 0.1627
vn -0.6531 -0.7017 0.2849
vn -0.6863 0.5133 0.5153
vn -0.6575 -0.5765 0.4851
vn -0.7178 0.2023 -0.6662
vn -0.7087 0.1786 -0.6825
vn -0.6961 -0.3006 -0.6520
vn -0.6845 0.3512 -0.6389
vn -0.6850 -0.3751 -0.6246
vn -0.6842 -0.5078 -0.5234
vn -0.6526 -0.6318 -0.4183
vn -0.7042 0.6235 -0.3395
vn -0.6571 -0.6757 -0.3341
vn -0.7095 0.6041 -0.3628
vn -0.6396 -0.7501 -0.1680
vn -0.7101 0.6998 -0.0779
vn -0.7118 0.7012 -0.0409
vn -0.6626 -0.7486 0.0240
vn -0.6478 -0.7606 0.0430
vn -0.6470 -0.7531 0.1191
vn -0.6525 -0.7496 0.1114
vn -0.6822 0.6474 0.3398
vn -0.6841 0.6234 0.3786
vn -0.6999 0.4248 0.5742
vn -0.6897 0.3770 0.6182
vn -0.6833 -0.2618 0.6816
vn -0.6936 -0.1469 0.7053
vn -0.7105 0.0618 -0.7009
vn -0.7229 -0.1320 -0.6782
vn -0.7124 -0.2001 -0.6726
vn -0.7082 0.2818 -0.6473
vn -0.6947 0.3477 -0.6296
vn -0.6995 -0.3674 -0.6130
vn -0.6719 -0.5673 -0.4761
vn -0.6557 -0.6770 -0.3342
vn -0.6489 -0.7002 -0.2978
vn -0.7254 0.6178 -0.3036
vn -0.7255 0.6173 -0.3042
vn -0.7372 0.6687 -0.0965
vn -0.6623 -0.7492 -0.0104
vn -0.7338 0.6780 0.0430
vn -0.6553 -0.7506 0.0848
vn -0.6795 -0.7080 0.1923
vn -0.6919 -0.6486 0.3171
vn -0.6962 -0.6461 0.3128
vn -0.6813 -0.6388 0.3575
vn -0.6888 0.5528 0.4689
vn -0.6971 0.5038 0.5101
vn -0.7019 0.3375 0.6273
vn -0.7022 -0.4003 0.5888
vn -0.6973 -0.3461 0.6276
vn -0.7119 -0.3598 0.6031
vn -0.7109 -0.3054 0.6335
vn -0.7085 -0.2705 0.6518
vn -0.7056 0.1110 0.6998
vn -0.7144 0.1171 -0.6899
vn -0.7203 0.1252 -0.6823
vn -0.7224 0.0292 -0.6909
vn -0.7184 -0.0349 -0.6948
vn -0.7174 -0.0779 -0.6923
vn -0.7272 0.2858 -0.6241
vn -0.7192 0.3811 -0.5809
vn -0.6950 0.3857 -0.6068
vn -0.7284 -0.3852 -0.5666
vn -0.6937 -0.5335 -0.4839
vn -0.7052 0.5152 -0.4870
vn -0.7159 0.5314 -0.4528
vn -0.6755 -0.6141 -0.4081
vn -0.7215 0.5659 -0.3990
vn -0.7358 0.5821 -0.3462
vn -0.6741 -0.7145 -0.1873
vn -0.6709 -0.7248 -0.1567
vn -0.6765 -0.7172 -0.1673
vn -0.7358 0.6528 -0.1803
vn -0.6744 -0.7299 -0.1115
vn -0.7402 0.6563 -0.1459
vn -0.6696 -0.7356 -0.1031
vn -0.7280 0.6762 0.1131
vn -0.7069 0.6459 0.2885
vn -0.7108 0.6348 0.3029
vn -0.6843 -0.6866 0.2456
vn -0.6790 -0.6909 0.2481
vn -0.7172 0.5077 0.4773
vn -0.7078 -0.5172 0.4812
vn -0.7077 -0.5253 0.4724
vn -0.7131 0.4162 0.5641
vn -0.7070 -0.4684 0.5299
vn -0.7163 0.1833 0.6733
vn -0.7208 0.1524 0.6762
vn -0.7150 0.0486 0.6974
vn -0.7160 0.0052 0.6980
vn -0.7148 -0.0449 0.6978
vn -0.7135 -0.0474 0.6990
vn -0.7121 -0.1031 0.6944
vn -0.7231 0.0284 -0.6901
vn -0.7252 -0.0228 -0.6882
vn -0.7275 -0.0935 -0.6797
vn -0.7272 -0.1250 -0.6750
vn -0.7187 -0.2108 -0.6626
vn -0.7218 -0.3055 -0.6211
vn -0.7248 -0.3357 -0.6016
vn -0.7230 -0.4182 -0.5499
vn -0.7299 -0.4227 -0.5372
vn -0.7250 0.4146 -0.5500
vn -0.7277 -0.4438 -0.5230
vn -0.7140 0.4422 -0.5428
vn -0.7065 -0.5253 -0.4742
vn -0.7188 0.4921 -0.4910
vn -0.6924 -0.5813 -0.4274
vn -0.6906 -0.6208 -0.3710
vn -0.7361 0.5818 -0.3459
vn -0.6894 -0.6567 -0.3059
vn -0.6782 -0.6817 -0.2744
vn -0.7467 0.6278 -0.2197
vn -0.7443 0.6624 -0.0847
vn -0.6734 -0.7359 -0.0699
vn -0.6844 -0.7271 -0.0535
vn -0.7411 0.6706 -0.0312
vn -0.7423 0.6694 -0.0290
vn -0.7329 0.6721 0.1055
vn -0.7463 0.6442 0.1673
vn -0.7270 0.6435 0.2393
vn -0.7107 0.5550 0.4324
vn -0.7172 0.5038 0.4815
vn -0.7003 -0.5711 0.4283
vn -0.6995 -0.5762 0.4228
vn -0.7270 0.3109 0.6122
vn -0.7180 0.2395 0.6536
vn -0.7295 -0.2480 0.6374
vn -0.7393 0.0848 0.6680
vn -0.7397 0.0700 0.6693
vn -0.7519 0.1261 -0.6471
vn -0.7496 0.2036 -0.6298
vn -0.7465 -0.2140 -0.6301
vn -0.7502 -0.2611 -0.6075
vn -0.7491 -0.3432 -0.5666
vn -0.7507 -0.3505 -0.5600
vn -0.7232 0.3658 -0.5858
vn -0.7309 0.4568 -0.5071
vn -0.7156 -0.5513 -0.4290
vn -0.7433 0.4939 -0.4513
vn -0.7396 0.5192 -0.4284
vn -0.7439 0.5228 -0.4162
vn -0.6931 -0.6595 -0.2910
vn -0.6826 -0.6853 -0.2540
vn -0.6938 -0.6792 -0.2395
vn -0.6858 -0.7273 -0.0289
vn -0.6934 -0.7198 0.0335
vn -0.6922 -0.7186 0.0669
vn -0.6902 -0.7108 0.1358
vn -0.6960 -0.6990 0.1643
vn -0.7501 0.6140 0.2457
vn -0.7105 -0.6519 0.2651
vn -0.7110 -0.6463 0.2770
vn -0.7272 0.5660 0.3883
vn -0.7164 -0.5825 0.3841
vn -0.7346 0.5114 0.4459
vn -0.7371 0.4662 0.4892
vn -0.7242 -0.5280 0.4436
vn -0.7402 0.4136 0.5301
vn -0.7257 -0.4808 0.4921
vn -0.7253 0.3869 0.5694
vn -0.7282 -0.4186 0.5426
vn -0.7395 -0.3415 0.5800
vn -0.7370 -0.1878 0.6492
vn -0.7659 0.0847 -0.6373
vn -0.7537 0.0377 -0.6562
vn -0.7640 -0.0385 -0.6441
vn -0.7593 -0.0864 -0.6450
vn -0.7604 0.1478 -0.6324
vn -0.7649 -0.1284 -0.6312
vn -0.7660 -0.3823 -0.5168
vn -0.7463 -0.4603 -0.4809
vn -0.7430 -0.4755 -0.4710
vn -0.7577 0.5172 -0.3980
vn -0.7129 -0.6061 -0.3527
vn -0.7690 0.5351 -0.3497
vn -0.7200 -0.6140 -0.3234
vn -0.7704 0.5857 -0.2521
vn -0.6992 -0.6818 -0.2152
vn -0.7177 -0.6693 -0.1923
vn -0.7751 0.6052 -0.1812
vn -0.7816 0.6098 -0.1313
vn -0.7154 -0.6917 -0.0991
vn -0.7147 -0.6958 -0.0714
vn -0.7737 0.6333 -0.0197
vn -0.7677 0.6402 -0.0288
vn -0.7686 0.6382 0.0448
vn -0.7357 -0.5695 0.3667
vn -0.7392 0.2867 0.6094
vn -0.7564 -0.2989 0.5818
vn -0.7540 0.0472 0.6552
vn -0.7595 0.0016 0.6505
vn -0.7608 -0.0432 0.6476
vn -0.7597 -0.1281 0.6375
vn -0.7586 -0.1238 0.6397
vn -0.7551 -0.1654 0.6344
vn -0.7557 0.0083 0.6548
vn -0.7598 -0.0412 0.6489
vn -0.7662 -0.1060 -0.6338
vn -0.7741 -0.1525 -0.6144
vn -0.7698 -0.1851 -0.6109
vn -0.7779 0.2180 -0.5893
vn -0.7651 -0.3556 -0.5368
vn -0.7551 0.3714 -0.5403
vn -0.7517 0.3915 -0.5308
vn -0.7628 0.3997 -0.5083
vn -0.7710 0.4512 -0.4494
vn -0.7460 -0.5272 -0.4069
vn -0.7238 -0.6322 -0.2766
vn -0.7746 0.5725 -0.2688
vn -0.7763 0.5879 -0.2274
vn -0.7801 0.5944 -0.1952
vn -0.7225 -0.6717 -0.1637
vn -0.7305 -0.6721 -0.1211
vn -0.7734 0.6161 -0.1494
vn -0.7789 0.6201 -0.0938
vn -0.7751 0.6257 -0.0877
vn -0.7071 -0.7069 -0.0163
vn -0.7088 -0.7053 0.0131
vn -0.7684 0.6307 0.1085
vn -0.7685 0.6306 0.1087
vn -0.7085 -0.6999 0.0901
vn -0.7844 0.6002 0.1565
vn -0.7784 0.5974 0.1929
vn -0.7752 0.6052 0.1809
vn -0.7634 0.6029 0.2319
vn -0.7345 -0.6373 0.2331
vn -0.7321 -0.6355 0.2453
vn -0.7587 0.5649 0.3245
vn -0.7584 0.5658 0.3234
vn -0.7484 -0.5788 0.3238
vn -0.7507 -0.5775 0.3208
vn -0.7575 -0.5242 0.3892
vn -0.7682 0.4424 0.4628
vn -0.7434 -0.5150 0.4268
vn -0.7666 0.3706 0.5244
vn -0.7679 0.3802 0.5154
vn -0.7549 0.3265 0.5688
vn -0.7623 -0.3549 0.5413
vn -0.7580 0.2387 0.6070
vn -0.7647 0.1957 0.6139
vn -0.7682 -0.2489 0.5898
vn -0.7659 0.1477 0.6257
vn -0.7845 -0.1966 0.5881
vn -0.7787 0.0871 0.6214
vn -0.7704 0.0062 -0.6375
vn -0.7664 -0.0348 -0.6414
vn -0.7865 -0.2224 -0.5762
vn -0.7821 0.2460 -0.5725
vn -0.7781 -0.2598 -0.5719
vn -0.7833 -0.2800 -0.5551
vn -0.7766 0.3133 -0.5465
vn -0.7748 0.3399 -0.5331
vn -0.7715 0.4509 -0.4488
vn -0.7583 -0.4833 -0.4374
vn -0.7512 -0.5307 -0.3925
vn -0.7846 0.4886 -0.3817
vn -0.7449 -0.5609 -0.3612
vn -0.7803 0.5278 -0.3356
vn -0.7350 -0.6040 -0.3082
vn -0.7362 -0.6053 -0.3028
vn -0.7288 -0.6348 -0.2567
vn -0.7378 -0.6281 -0.2473
vn -0.7270 -0.6688 -0.1555
vn -0.7266 -0.6849 -0.0543
vn -0.7258 -0.6871 -0.0320
vn -0.7511 -0.6463 0.1347
vn -0.7370 -0.6512 0.1812
vn -0.7339 -0.6564 0.1748
vn -0.7954 0.5563 0.2405
vn -0.7915 0.5682 0.2250
vn -0.7851 0.5615 0.2615
vn -0.7547 -0.5853 0.2965
vn -0.7783 0.4199 0.4669
vn -0.7672 -0.4377 0.4688
vn -0.7864 0.3299 0.5223
vn -0.7770 0.2732 0.5671
vn -0.7677 -0.3495 0.5372
vn -0.7904 -0.3085 0.5292
vn -0.7856 0.1234 0.6063
vn -0.8025 -0.0557 0.5941
vn -0.8008 -0.1060 0.5895
vn -0.8004 0.0803 -0.5941
vn -0.8085 0.0350 -0.5875
vn -0.8082 -0.0399 -0.5876
vn -0.7928 0.1532 -0.5899
vn -0.7978 0.1769 -0.5764
vn -0.7937 -0.2848 -0.5375
vn -0.8133 0.3515 -0.4638
vn -0.7788 -0.3891 -0.4920
vn -0.7794 -0.4061 -0.4772
vn -0.7922 0.4592 -0.4020
vn -0.7555 -0.5629 -0.3353
vn -0.7940 0.4914 -0.3580
vn -0.7843 0.5315 -0.3200
vn -0.7438 -0.6345 -0.2100
vn -0.8066 0.5904 -0.0296
vn -0.8077 0.5890 -0.0276
vn -0.8076 0.5882 0.0419
vn -0.8096 0.5857 0.0386
vn -0.7531 -0.6567 0.0411
vn -0.8031 0.5856 0.1096
vn -0.7443 -0.6617 0.0901
vn -0.7358 -0.6729 0.0768
vn -0.7999 0.5846 0.1357
vn -0.8073 0.5581 0.1916
vn -0.7624 -0.5884 0.2694
vn -0.7578 -0.5837 0.2916
vn -0.7806 -0.5251 0.3390
vn -0.7650 -0.5174 0.3835
vn -0.7850 -0.4734 0.3995
vn -0.7917 0.3811 0.4775
vn -0.7739 -0.4408 0.4547
vn -0.7937 -0.3634 0.4878
vn -0.7894 0.2323 0.5682
vn -0.7942 0.2483 0.5546
vn -0.8000 -0.2570 0.5422
vn -0.8117 -0.1260 0.5703
vn -0.8002 -0.1814 0.5716
vn -0.8021 0.0338 0.5962
vn -0.8031 0.0025 0.5958
vn -0.8076 -0.0485 0.5877
vn -0.8098 0.1043 -0.5773
vn -0.8032 0.0196 -0.5954
vn -0.8093 -0.0383 -0.5862
vn -0.7985 -0.1033 -0.5931
vn -0.7977 0.2490 -0.5492
vn -0.7968 -0.3017 -0.5235
vn -0.8064 -0.3484 -0.4779
vn -0.7908 0.3625 -0.4932
vn -0.8069 0.3764 -0.4552
vn -0.7940 -0.4125 -0.4466
vn -0.7898 -0.4399 -0.4275
vn -0.8066 0.3949 -0.4398
vn -0.8067 0.5374 -0.2457
vn -0.8125 0.5430 -0.2122
vn -0.8089 0.5752 -0.1214
vn -0.7515 -0.6513 -0.1048
vn -0.8106 0.5784 -0.0919
vn -0.7562 -0.6500 -0.0755
vn -0.7573 -0.6528 -0.0173
vn -0.7453 -0.6663 0.0247
vn -0.8061 0.5823 0.1052
vn -0.7750 -0.5775 0.2567
vn -0.7998 0.4997 0.3326
vn -0.8056 -0.4537 0.3810
vn -0.8085 0.3607 0.4650
vn -0.8156 0.3050 0.4917
vn -0.8027 -0.3561 0.4784
vn -0.8224 -0.2195 0.5248
vn -0.8232 -0.1861 0.5364
vn -0.8044 0.1841 0.5648
vn -0.8111 0.1334 0.5695
vn -0.8180 0.1228 0.5620
vn -0.8055 -0.1305 -0.5780
vn -0.8191 -0.1383 -0.5568
vn -0.8121 0.1784 -0.5556
vn -0.8184 0.3169 -0.4794
vn -0.8001 -0.4775 -0.3631
vn -0.7903 -0.5262 -0.3139
vn -0.7966 -0.5297 -0.2913
vn -0.8135 0.5047 -0.2890
vn -0.7870 -0.5546 -0.2702
vn -0.8228 0.5105 -0.2499
vn -0.7903 -0.5573 -0.2546
vn -0.8265 0.4928 -0.2723
vn -0.7807 -0.5768 -0.2404
vn -0.7912 -0.5810 -0.1910
vn -0.7808 -0.5970 -0.1839
vn -0.7749 -0.6135 -0.1522
vn -0.7847 -0.6071 -0.1250
vn -0.8254 0.5477 -0.1371
vn -0.8400 0.5361 -0.0840
vn -0.7809 -0.6222 -0.0553
vn -0.7816 -0.6231 -0.0294
vn -0.8264 0.5451 0.1413
vn -0.7879 -0.5989 0.1430
vn -0.7969 -0.5909 0.1257
vn -0.8258 0.5464 0.1395
vn -0.7856 -0.5960 0.1661
vn -0.8207 0.5436 0.1763
vn -0.7925 -0.5819 0.1826
vn -0.7847 -0.5801 0.2184
vn -0.8290 0.5113 0.2266
vn -0.7845 -0.5808 0.2172
vn -0.8199 0.5077 0.2647
vn -0.8162 0.4677 0.3393
vn -0.8032 -0.5025 0.3200
vn -0.8079 0.4454 0.3858
vn -0.8184 0.4199 0.3924
vn -0.8172 -0.4577 0.3503
vn -0.8091 0.4018 0.4288
vn -0.8244 -0.3814 0.4182
vn -0.8235 0.3075 0.4767
vn -0.8247 -0.3660 0.4312
vn -0.8134 0.2834 0.5080
vn -0.8256 -0.2910 0.4834
vn -0.8308 0.2356 0.5042
vn -0.8063 0.1891 0.5605
vn -0.8401 -0.1561 0.5195
vn -0.8220 0.0843 0.5632
vn -0.8427 -0.0796 0.5325
vn -0.8344 -0.1155 0.5389
vn -0.8224 0.0852 0.5625
vn -0.8243 0.0505 0.5639
vn -0.8391 -0.0109 0.5438
vn -0.8378 -0.0664 0.5419
vn -0.8286 0.1391 -0.5423
vn -0.8210 0.1041 -0.5614
vn -0.8135 -0.1436 -0.5635
vn -0.8098 -0.2097 -0.5480
vn -0.8189 0.2082 -0.5349
vn -0.8140 -0.2230 -0.5363
vn -0.8145 0.2790 -0.5087
vn -0.8077 -0.3074 -0.5031
vn -0.8157 -0.3860 -0.4308
vn -0.8080 -0.4442 -0.3871
vn -0.8253 0.4224 -0.3748
vn -0.8277 0.4048 -0.3886
vn -0.8328 0.4263 -0.3531
vn -0.8069 -0.4842 -0.3383
vn -0.8277 0.4568 -0.3260
vn -0.8298 0.4580 -0.3188
vn -0.8218 -0.4976 -0.2776
vn -0.8422 0.5004 -0.2008
vn -0.8028 -0.5861 -0.1099
vn -0.8387 0.5302 -0.1244
vn -0.8046 -0.5869 -0.0906
vn -0.8422 0.5316 -0.0896
vn -0.8446 0.5347 -0.0276
vn -0.8441 0.5356 -0.0264
vn -0.7890 -0.6139 -0.0232
vn -0.8426 0.5368 0.0426
vn -0.8431 0.5359 0.0437
vn -0.8378 0.5376 0.0958
vn -0.7989 -0.5919 0.1070
vn -0.8418 0.5056 0.1894
vn -0.8380 0.5026 0.2122
vn -0.8011 -0.5110 0.3117
vn -0.8087 -0.5067 0.2988
vn -0.8272 0.3546 0.4359
vn -0.8290 -0.4036 0.3872
vn -0.8306 -0.3831 0.4042
vn -0.8454 -0.3165 0.4303
vn -0.8405 0.1906 0.5072
vn -0.8469 -0.2233 0.4826
vn -0.8411 0.0262 0.5402
vn -0.8411 -0.0079 0.5409
vn -0.8272 0.0362 -0.5608
vn -0.8357 -0.0171 -0.5489
vn -0.8261 -0.0385 -0.5622
vn -0.8381 0.0656 -0.5415
vn -0.8363 -0.0887 -0.5410
vn -0.8398 -0.2219 -0.4954
vn -0.8254 -0.2890 -0.4849
vn -0.8325 0.3196 -0.4525
vn -0.8356 0.3318 -0.4378
vn -0.8190 -0.3551 -0.4506
vn -0.8301 -0.3917 -0.3970
vn -0.8287 -0.4107 -0.3803
vn -0.8250 -0.4666 -0.3189
vn -0.8316 -0.4690 -0.2976
vn -0.8397 0.4497 -0.3045
vn -0.8520 0.4571 -0.2553
vn -0.8284 -0.5004 -0.2518
vn -0.8209 -0.5209 -0.2341
vn -0.8278 -0.5225 -0.2043
vn -0.8415 0.5023 -0.1990
vn -0.8144 -0.5507 -0.1832
vn -0.8559 0.4895 -0.1669
vn -0.8265 -0.5403 -0.1582
vn -0.8190 -0.5607 -0.1221
vn -0.8549 0.5023 -0.1298
vn -0.8018 -0.5961 0.0422
vn -0.8034 -0.5942 0.0388
vn -0.8094 -0.5808 0.0873
vn -0.8593 0.4836 0.1662
vn -0.8635 0.4607 0.2051
vn -0.8206 -0.5195 0.2382
vn -0.8145 -0.5170 0.2633
vn -0.8526 0.4553 0.2563
vn -0.8139 -0.5190 0.2612
vn -0.8423 -0.4120 0.3476
vn -0.8371 0.4005 0.3727
vn -0.8428 0.3170 0.4351
vn -0.8468 0.2709 0.4577
vn -0.8452 0.1835 0.5020
vn -0.8524 0.1297 0.5066
vn -0.8574 0.1201 0.5004
vn -0.8613 -0.1600 0.4822
vn -0.8617 -0.1609 0.4812
vn -0.8470 0.0649 -0.5276
vn -0.8461 0.1394 -0.5145
vn -0.8362 0.2103 -0.5065
vn -0.8452 -0.1446 -0.5145
vn -0.8353 -0.2108 -0.5077
vn -0.8377 -0.2924 -0.4613
vn -0.8389 -0.3268 -0.4352
vn -0.8548 0.3368 -0.3947
vn -0.8532 0.3640 -0.3737
vn -0.8582 0.3944 -0.3286
vn -0.8419 -0.4144 -0.3457
vn -0.8615 0.4455 -0.2435
vn -0.8630 0.4914 -0.1170
vn -0.8665 0.4912 -0.0883
vn -0.8656 0.4934 -0.0861
vn -0.8696 0.4918 0.0444
vn -0.8669 0.4876 0.1034
vn -0.8685 0.4838 0.1078
vn -0.8406 -0.5163 0.1639
vn -0.8749 0.4526 0.1721
vn -0.8575 -0.4471 0.2547
vn -0.8506 -0.4448 0.2805
vn -0.8585 0.4024 0.3178
vn -0.8621 -0.3948 0.3176
vn -0.8540 0.3555 0.3799
vn -0.8573 -0.3943 0.3310
vn -0.8542 0.3593 0.3760
vn -0.8728 -0.3436 0.3466
vn -0.8535 0.3038 0.4233
vn -0.8640 -0.3396 0.3717
vn -0.8620 0.2724 0.4276
vn -0.8706 -0.3017 0.3886
vn -0.8742 -0.2371 0.4237
vn -0.8522 0.2280 0.4709
vn -0.8571 0.2458 0.4528
vn -0.8720 -0.2315 0.4312
vn -0.8668 0.1899 0.4611
vn -0.8626 0.0785 0.4997
vn -0.8619 0.0764 0.5013
vn -0.8632 0.0375 0.5035
vn -0.8683 0.0269 0.4953
vn -0.8684 -0.0219 0.4954
vn -0.8658 -0.0804 0.4940
vn -0.8576 0.0209 -0.5138
vn -0.8523 -0.0148 -0.5229
vn -0.8566 0.0949 -0.5071
vn -0.8511 -0.0899 -0.5173
vn -0.8566 -0.1176 -0.5025
vn -0.8522 0.1728 -0.4940
vn -0.8527 0.2438 -0.4619
vn -0.8582 -0.2534 -0.4464
vn -0.8584 0.2625 -0.4408
vn -0.8525 -0.3325 -0.4033
vn -0.8513 -0.3513 -0.3897
vn -0.8706 0.3745 -0.3191
vn -0.8675 0.3536 -0.3499
vn -0.8673 0.3984 -0.2984
vn -0.8603 -0.4326 -0.2698
vn -0.8673 0.4018 -0.2938
vn -0.8720 0.4497 -0.1935
vn -0.8727 0.4461 -0.1985
vn -0.8552 -0.4873 -0.1766
vn -0.8571 -0.4890 -0.1622
vn -0.8765 0.4504 -0.1698
vn -0.8495 -0.5069 -0.1464
vn -0.8546 -0.5070 -0.1124
vn -0.8482 -0.5266 -0.0574
vn -0.8494 -0.5268 -0.0319
vn -0.8770 0.4803 -0.0161
vn -0.8559 -0.5168 -0.0186
vn -0.8757 0.4817 0.0348
vn -0.8559 -0.5163 0.0276
vn -0.8559 -0.5164 0.0275
vn -0.8492 -0.5172 0.1070
vn -0.8556 -0.5094 0.0914
vn -0.8528 -0.5078 0.1221
vn -0.8517 -0.5115 0.1141
vn -0.8801 0.4445 0.1668
vn -0.8536 -0.4819 0.1979
vn -0.8638 -0.4498 0.2269
vn -0.8537 -0.4821 0.1970
vn -0.8871 0.4124 0.2073
vn -0.8588 -0.4456 0.2529
vn -0.8719 0.3066 0.3817
vn -0.8797 -0.3351 0.3375
vn -0.8721 0.3086 0.3798
vn -0.8684 0.2635 0.4201
vn -0.8815 -0.2835 0.3777
vn -0.8750 0.2336 0.4240
vn -0.8821 -0.1628 0.4421
vn -0.8829 -0.1647 0.4398
vn -0.8797 0.1175 0.4607
vn -0.8815 0.1240 0.4556
vn -0.8849 0.0789 0.4591
vn -0.8592 -0.0441 -0.5097
vn -0.8778 0.1778 -0.4448
vn -0.8700 0.1845 -0.4573
vn -0.8802 -0.1544 -0.4489
vn -0.8521 -0.2186 -0.4756
vn -0.8738 0.2678 -0.4059
vn -0.8711 -0.2995 -0.3891
vn -0.8719 0.3096 -0.3794
vn -0.8592 -0.3969 -0.3229
vn -0.8801 0.3574 -0.3127
vn -0.8652 -0.3992 -0.3035
vn -0.8672 -0.4347 -0.2428
vn -0.8761 0.4071 -0.2582
vn -0.8761 0.4071 -0.2583
vn -0.8670 -0.4366 -0.2400
vn -0.8841 0.4420 -0.1519
vn -0.8760 -0.4680 -0.1166
vn -0.8882 0.4439 -0.1184
vn -0.8616 -0.4978 -0.0989
vn -0.8889 0.4509 -0.0808
vn -0.8620 -0.4983 -0.0932
vn -0.8912 0.4525 -0.0322
vn -0.8872 0.4488 0.1074
vn -0.8911 0.4391 0.1151
vn -0.8907 0.4219 0.1692
vn -0.8842 0.4160 0.2126
vn -0.8915 0.3646 0.2688
vn -0.8751 0.3592 0.3243
vn -0.8828 -0.3365 0.3278
vn -0.8819 -0.3671 0.2958
vn -0.8912 0.3119 0.3294
vn -0.8862 0.2614 0.3825
vn -0.8868 0.2686 0.3762
vn -0.8882 -0.2862 0.3593
vn -0.8836 0.2200 0.4134
vn -0.8942 -0.2272 0.3858
vn -0.8874 -0.2396 0.3938
vn -0.8891 0.0713 0.4520
vn -0.8905 0.0299 0.4539
vn -0.8894 0.0270 0.4562
vn -0.8898 -0.0277 0.4555
vn -0.8910 -0.0251 0.4532
vn -0.8923 0.1188 -0.4354
vn -0.8851 0.0944 -0.4557
vn -0.8732 -0.1182 -0.4729
vn -0.8749 -0.2561 -0.4110
vn -0.8870 0.3116 -0.3407
vn -0.8663 -0.3574 -0.3491
vn -0.8888 0.4111 -0.2026
vn -0.8736 -0.4413 -0.2053
vn -0.8737 -0.4647 -0.1441
vn -0.8883 0.4433 -0.1197
vn -0.8910 0.4455 -0.0878
vn -0.8919 0.4492 0.0526
vn -0.8778 -0.4770 0.0427
vn -0.8763 -0.4754 0.0786
vn -0.8777 -0.4569 0.1444
vn -0.8761 -0.4526 0.1661
vn -0.8912 0.4211 0.1684
vn -0.9028 0.3724 0.2151
vn -0.8853 -0.4151 0.2096
vn -0.8905 0.3660 0.2703
vn -0.8888 -0.3701 0.2704
vn -0.8892 0.3146 0.3322
vn -0.9018 0.2684 0.3386
vn -0.8934 0.1717 0.4152
vn -0.9023 -0.1686 0.3968
vn -0.8956 0.1856 0.4043
vn -0.9077 0.1058 0.4062
vn -0.9105 0.1250 0.3941
vn -0.9026 -0.1695 0.3958
vn -0.8958 0.0543 -0.4412
vn -0.8872 0.0237 -0.4607
vn -0.8926 -0.0309 -0.4498
vn -0.8873 -0.0432 -0.4592
vn -0.8855 -0.0975 -0.4543
vn -0.9079 0.1204 -0.4015
vn -0.9005 -0.1592 -0.4047
vn -0.8986 0.1897 -0.3956
vn -0.8982 0.2285 -0.3755
vn -0.9010 0.2012 -0.3843
vn -0.8898 -0.3033 -0.3410
vn -0.9026 0.2930 -0.3155
vn -0.8871 -0.3254 -0.3275
vn -0.9049 0.2931 -0.3086
vn -0.8963 -0.3298 -0.2965
vn -0.8968 0.3335 -0.2906
vn -0.8841 -0.3733 -0.2812
vn -0.9003 0.3570 -0.2490
vn -0.9029 0.3348 -0.2698
vn -0.8923 -0.3778 -0.2473
vn -0.9081 0.3632 -0.2083
vn -0.8852 -0.4271 -0.1842
vn -0.8967 0.3996 -0.1905
vn -0.9003 0.4008 -0.1698
vn -0.9038 0.3960 -0.1620
vn -0.8897 -0.4280 -0.1590
vn -0.8981 0.4334 -0.0750
vn -0.8871 -0.4575 -0.0606
vn -0.9034 0.4274 -0.0356
vn -0.8882 -0.4585 -0.0305
vn -0.8989 0.4375 -0.0241
vn -0.9022 0.4294 0.0412
vn -0.8981 0.4235 0.1191
vn -0.8927 -0.4134 0.1792
vn -0.9076 0.3835 0.1709
vn -0.8978 0.3794 0.2235
vn -0.8968 -0.3720 0.2397
vn -0.8892 -0.3696 0.2696
vn -0.9016 0.3254 0.2852
vn -0.9068 0.3173 0.2775
vn -0.9022 0.2679 0.3380
vn -0.9064 -0.2889 0.3081
vn -0.9030 -0.2537 0.3467
vn -0.8998 0.2208 0.3762
vn -0.9002 0.2246 0.3730
vn -0.9118 0.1655 0.3758
vn -0.9043 -0.2281 0.3608
vn -0.9137 0.1740 0.3672
vn -0.9137 0.0731 0.3998
vn -0.9155 0.0362 0.4008
vn -0.9148 0.0776 0.3964
vn -0.9125 0.0261 0.4082
vn -0.9137 -0.0342 0.4049
vn -0.9118 -0.0885 0.4010
vn -0.9108 -0.0857 0.4038
vn -0.9124 -0.0298 0.4082
vn -0.9154 -0.0291 -0.4015
vn -0.9117 0.1389 -0.3868
vn -0.9158 0.0889 -0.3917
vn -0.9122 0.0556 -0.4059
vn -0.9191 0.0325 -0.3928
vn -0.9191 -0.0398 -0.3921
vn -0.9067 -0.1036 -0.4087
vn -0.9109 -0.1326 -0.3909
vn -0.8974 -0.2177 -0.3837
vn -0.9126 0.2418 -0.3295
vn -0.9148 -0.2224 -0.3371
vn -0.9106 -0.2624 -0.3192
vn -0.9109 0.2839 -0.2994
vn -0.9063 -0.3155 -0.2811
vn -0.9117 -0.3203 -0.2574
vn -0.8982 -0.3691 -0.2385
vn -0.9085 -0.3719 -0.1906
vn -0.9056 -0.4036 -0.1305
vn -0.9081 0.3986 -0.1280
vn -0.9092 -0.4030 -0.1050
vn -0.9044 -0.4151 -0.0981
vn -0.9011 -0.4270 -0.0748
vn -0.9020 -0.4316 -0.0120
vn -0.9025 0.4288 0.0403
vn -0.9017 -0.4317 0.0230
vn -0.9067 -0.4203 0.0359
vn -0.9019 -0.4209 0.0968
vn -0.9010 -0.4241 0.0917
vn -0.9077 0.4016 0.1215
vn -0.9112 0.3867 0.1422
vn -0.8996 -0.4198 0.1202
vn -0.9063 -0.3973 0.1440
vn -0.9031 0.3909 0.1778
vn -0.9087 -0.3729 0.1877
vn -0.9132 0.3384 0.2269
vn -0.9140 0.3299 0.2364
vn -0.9008 -0.3672 0.2319
vn -0.9167 0.2760 0.2890
vn -0.9167 0.2735 0.2914
vn -0.9141 0.2200 0.3407
vn -0.9144 0.2221 0.3384
vn -0.9254 -0.2103 0.3152
vn -0.9175 -0.1714 0.3590
vn -0.9208 0.1198 0.3711
vn -0.9179 -0.1707 0.3581
vn -0.9356 -0.0344 0.3513
vn -0.9269 -0.0935 0.3634
vn -0.9294 0.1415 -0.3408
vn -0.9377 0.1213 -0.3257
vn -0.9264 0.1796 -0.3309
vn -0.9222 -0.2094 -0.3251
vn -0.9224 0.2313 -0.3093
vn -0.9181 -0.2642 -0.2953
vn -0.9191 0.2866 -0.2703
vn -0.9186 0.2981 -0.2595
vn -0.9178 0.3459 -0.1951
vn -0.9123 -0.3666 -0.1826
vn -0.9232 0.3485 -0.1619
vn -0.9231 0.3494 -0.1608
vn -0.9154 -0.3706 -0.1573
vn -0.9201 0.3771 -0.1057
vn -0.9211 0.3775 -0.0951
vn -0.9205 0.3817 -0.0840
vn -0.9237 0.3811 -0.0392
vn -0.9217 0.3853 -0.0450
vn -0.9115 -0.4103 -0.0274
vn -0.9208 0.3879 0.0410
vn -0.9215 0.3859 0.0427
vn -0.9162 0.3862 0.1065
vn -0.9260 -0.3572 0.1220
vn -0.9256 0.3508 0.1420
vn -0.9233 0.3375 0.1833
vn -0.9226 0.3409 0.1804
vn -0.9277 0.2848 0.2413
vn -0.9278 0.2812 0.2450
vn -0.9215 -0.3168 0.2245
vn -0.9223 -0.3029 0.2400
vn -0.9118 -0.2896 0.2912
vn -0.9280 0.2226 0.2988
vn -0.9252 0.1573 0.3453
vn -0.9264 0.1640 0.3389
vn -0.9339 0.1031 0.3425
vn -0.9238 -0.1714 0.3423
vn -0.9338 0.1025 0.3429
vn -0.9373 0.0107 0.3483
vn -0.9330 -0.0825 0.3502
vn -0.9456 0.0318 -0.3237
vn -0.9476 0.0399 -0.3168
vn -0.9468 -0.0335 -0.3200
vn -0.9446 -0.0402 -0.3258
vn -0.9366 0.0935 -0.3377
vn -0.9455 -0.0892 -0.3131
vn -0.9334 -0.1334 -0.3330
vn -0.9346 -0.1409 -0.3264
vn -0.9319 -0.2138 -0.2931
vn -0.9298 0.1965 -0.3112
vn -0.9510 -0.1568 -0.2663
vn -0.9230 0.2429 -0.2985
vn -0.9297 -0.2408 -0.2787
vn -0.9299 0.2464 -0.2729
vn -0.9274 -0.2931 -0.2322
vn -0.9362 -0.2964 -0.1890
vn -0.9282 0.2997 -0.2206
vn -0.9272 0.3511 -0.1303
vn -0.9225 -0.3750 -0.0914
vn -0.9271 -0.3732 -0.0350
vn -0.9244 -0.3804 -0.0291
vn -0.9248 -0.3787 0.0357
vn -0.9266 -0.3739 0.0401
vn -0.9309 0.3474 0.1131
vn -0.9226 -0.3738 0.0958
vn -0.9327 0.3393 0.1223
vn -0.9269 -0.3572 0.1149
vn -0.9391 0.2901 0.1842
vn -0.9275 -0.3291 0.1771
vn -0.9288 -0.3192 0.1881
vn -0.9428 -0.2335 0.2381
vn -0.9322 -0.2298 0.2795
vn -0.9317 -0.2137 0.2938
vn -0.9412 -0.0949 0.3241
vn -0.9407 -0.1336 0.3119
vn -0.9389 0.0728 0.3363
vn -0.9425 0.0329 0.3326
vn -0.9585 0.0372 -0.2827
vn -0.9594 0.0402 -0.2793
vn -0.9603 -0.0257 -0.2777
vn -0.9432 0.1699 -0.2854
vn -0.9462 0.1211 -0.3002
vn -0.9573 0.0979 -0.2720
vn -0.9594 -0.0951 -0.2654
vn -0.9498 -0.1411 -0.2791
vn -0.9481 0.1686 -0.2697
vn -0.9547 -0.1568 -0.2531
vn -0.9548 -0.1972 -0.2224
vn -0.9364 -0.2398 -0.2561
vn -0.9396 0.2310 -0.2526
vn -0.9461 0.2317 -0.2265
vn -0.9427 -0.2839 -0.1751
vn -0.9451 -0.2836 -0.1624
vn -0.9416 0.2970 -0.1585
vn -0.9448 0.2698 -0.1859
vn -0.9335 -0.3377 -0.1205
vn -0.9473 0.2985 -0.1161
vn -0.9350 -0.3393 -0.1036
vn -0.9363 0.3500 -0.0296
vn -0.9445 -0.3256 0.0434
vn -0.9418 -0.3233 0.0924
vn -0.9403 0.2874 0.1821
vn -0.9532 0.2315 0.1943
vn -0.9416 0.2284 0.2475
vn -0.9368 -0.2418 0.2529
vn -0.9530 0.1665 0.2530
vn -0.9481 0.1002 0.3016
vn -0.9486 0.1030 0.2991
vn -0.9506 0.0714 0.3020
vn -0.9551 0.0579 0.2906
vn -0.9564 0.0233 0.2912
vn -0.9482 -0.1423 0.2840
vn -0.9555 0.0194 0.2943
vn -0.9556 -0.0354 0.2926
vn -0.9558 -0.0369 0.2917
vn -0.9541 -0.0626 0.2930
vn -0.9614 -0.0910 -0.2595
vn -0.9643 -0.0383 -0.2620
vn -0.9578 0.0993 -0.2698
vn -0.9663 0.0233 -0.2563
vn -0.9639 -0.0395 -0.2634
vn -0.9646 -0.1090 -0.2401
vn -0.9561 0.1494 -0.2520
vn -0.9639 0.1514 -0.2191
vn -0.9593 0.1937 -0.2054
vn -0.9593 -0.1974 -0.2017
vn -0.9599 -0.2076 -0.1883
vn -0.9620 0.2067 -0.1786
vn -0.9542 0.2484 -0.1670
vn -0.9667 -0.2060 -0.1519
vn -0.9589 -0.2502 -0.1341
vn -0.9590 0.2485 -0.1360
vn -0.9608 -0.2512 -0.1174
vn -0.9471 -0.3086 -0.0879
vn -0.9472 0.3102 -0.0807
vn -0.9462 0.3122 -0.0853
vn -0.9465 -0.3095 -0.0910
vn -0.9424 -0.3331 -0.0291
vn -0.9465 0.3197 -0.0438
vn -0.9444 -0.3271 -0.0326
vn -0.9518 0.3051 -0.0318
vn -0.9468 0.3183 0.0482
vn -0.9495 0.3087 0.0558
vn -0.9427 0.3061 0.1324
vn -0.9609 -0.2489 0.1210
vn -0.9470 0.2962 0.1247
vn -0.9603 -0.2549 0.1129
vn -0.9542 -0.2651 0.1386
vn -0.9596 0.2275 0.1653
vn -0.9490 0.2432 0.2005
vn -0.9625 0.1729 0.2090
vn -0.9628 -0.1716 0.2089
vn -0.9621 -0.2008 0.1847
vn -0.9602 0.1040 0.2592
vn -0.9670 -0.0351 0.2524
vn -0.9667 -0.0359 0.2533
vn -0.9646 -0.0854 0.2496
vn -0.9596 0.1005 0.2627
vn -0.9617 0.0727 0.2643
vn -0.9670 0.0046 0.2546
vn -0.9605 -0.0951 0.2615
vn -0.9728 0.0804 -0.2172
vn -0.9764 0.0358 -0.2128
vn -0.9758 0.0655 -0.2087
vn -0.9791 0.0176 -0.2026
vn -0.9790 -0.0468 -0.1984
vn -0.9746 -0.1084 -0.1962
vn -0.9726 -0.0894 -0.2146
vn -0.9681 0.1360 -0.2103
vn -0.9779 -0.0529 -0.2023
vn -0.9709 -0.1526 -0.1848
vn -0.9818 -0.1195 -0.1476
vn -0.9745 -0.1564 -0.1612
vn -0.9710 -0.1926 -0.1416
vn -0.9731 0.1888 -0.1322
vn -0.9633 0.2372 -0.1259
vn -0.9743 -0.1941 -0.1142
vn -0.9717 -0.2139 -0.1005
vn -0.9728 -0.2183 -0.0778
vn -0.9643 0.2519 -0.0818
vn -0.9657 -0.2536 -0.0552
vn -0.9716 0.2327 -0.0428
vn -0.9669 -0.2544 -0.0195
vn -0.9686 0.2466 -0.0305
vn -0.9694 -0.2437 -0.0310
vn -0.9701 0.2380 0.0469
vn -0.9685 0.2436 0.0517
vn -0.9698 -0.2408 0.0395
vn -0.9669 -0.2506 0.0469
vn -0.9615 0.2422 0.1297
vn -0.9584 0.2591 0.1196
vn -0.9721 -0.2039 0.1160
vn -0.9695 0.1834 0.1624
vn -0.9768 -0.1562 0.1463
vn -0.9723 -0.1838 0.1440
vn -0.9696 0.1686 0.1775
vn -0.9654 0.1651 0.2019
vn -0.9762 0.0663 0.2065
vn -0.9752 0.0510 0.2154
vn -0.9768 0.0128 0.2137
vn -0.9781 0.0261 0.2066
vn -0.9774 -0.0383 0.2077
vn -0.9771 -0.0892 0.1933
vn -0.9726 -0.1404 0.1852
vn -0.9685 0.1051 0.2256
vn -0.9767 -0.0835 0.1978
vn -0.9778 0.1188 -0.1726
vn -0.9823 0.0790 -0.1698
vn -0.9909 -0.0052 -0.1341
vn -0.9903 -0.0324 -0.1348
vn -0.9816 0.1364 -0.1335
vn -0.9859 -0.1116 -0.1250
vn -0.9856 -0.1375 -0.0987
vn -0.9747 0.1822 -0.1295
vn -0.9857 0.1169 -0.1218
vn -0.9884 -0.1333 -0.0728
vn -0.9799 -0.1959 -0.0368
vn -0.9822 0.1837 -0.0388
vn -0.9818 0.1859 -0.0377
vn -0.9844 -0.1732 -0.0294
vn -0.9864 -0.1632 -0.0184
vn -0.9811 0.1883 0.0441
vn -0.9818 0.1843 0.0469
vn -0.9852 -0.1665 0.0401
vn -0.9814 -0.1843 0.0537
vn -0.9779 -0.1841 0.0993
vn -0.9745 0.1838 0.1290
vn -0.9858 0.1083 0.1283
vn -0.9881 -0.0983 0.1184
vn -0.9821 -0.1407 0.1253
vn -0.9742 0.1845 0.1297
vn -0.9823 0.1080 0.1532
vn -0.9816 0.0749 0.1755
vn -0.9907 0.0568 -0.1240
vn -0.9925 0.0149 -0.1217
vn -0.9913 -0.0595 -0.1171
vn -0.9907 0.0567 -0.1240
vn -0.9950 0.0722 -0.0685
vn -0.9977 -0.0106 -0.0672
vn -0.9966 -0.0519 -0.0642
vn -0.9927 -0.1093 -0.0510
vn -0.9963 -0.0542 -0.0664
vn -0.9922 0.1189 -0.0383
vn -0.9981 0.0519 -0.0337
vn -0.9994 0.0120 -0.0325
vn -0.9947 0.0999 -0.0245
vn -0.9977 0.0642 -0.0239
vn -0.9998 -0.0039 -0.0183
vn -0.9982 -0.0570 -0.0174
vn -0.9939 -0.1089 -0.0189
vn -0.9983 -0.0561 -0.0167
vn -0.9943 -0.1053 -0.0161
vn -0.9935 0.1032 0.0488
vn -0.9933 0.1044 0.0495
vn -0.9969 0.0605 0.0507
vn -0.9969 0.0591 0.0517
vn -0.9986 -0.0000 0.0527
vn -0.9986 -0.0009 0.0522
vn -0.9971 -0.0555 0.0515
vn -0.9972 -0.0531 0.0533
vn -0.9932 -0.1046 0.0515
vn -0.9934 -0.1033 0.0506
vn -0.9908 0.0585 0.1223
vn -0.9871 -0.1032 0.1224
vn -0.9904 0.0524 0.1278
vn -0.9917 0.0009 0.1288
vn -0.9917 0.0015 0.1283
vn -0.9905 -0.0535 0.1266
vn -0.9912 -0.0484 0.1235
vt 0.980565 0.829840
vt 0.979475 0.832262
vt 0.983057 0.833012
vt 0.981458 0.818990
vt 0.978492 0.823541
vt 0.984366 0.824833
vt 0.984198 0.830475
vt 0.978039 0.835157
vt 0.983617 0.827704
vt 0.981601 0.837489
vt 0.982399 0.840136
vt 0.984501 0.839356
vt 0.153061 0.700931
vt 0.150531 0.698393
vt 0.148202 0.700931
vt 0.974458 0.825529
vt 0.975886 0.831275
vt 0.006774 0.210237
vt 0.004373 0.214467
vt 0.008260 0.214467
vt 0.985674 0.842479
vt 0.985874 0.834972
vt 0.109953 0.030743
vt 0.108330 0.030640
vt 0.111146 0.033191
vt 0.096374 0.043199
vt 0.102593 0.041274
vt 0.097981 0.037388
vt 0.104856 0.032242
vt 0.105690 0.053690
vt 0.112245 0.050803
vt 0.106807 0.046474
vt 0.096790 0.052159
vt 0.101305 0.048423
vt 0.098280 0.047803
vt 0.100674 0.053603
vt 0.109054 0.045537
vt 0.108023 0.038012
vt 0.111061 0.039646
vt 0.109571 0.037490
vt 0.092534 0.049758
vt 0.091877 0.043076
vt 0.094879 0.039986
vt 0.110920 0.053015
vt 0.331016 0.597197
vt 0.328280 0.607309
vt 0.317076 0.589625
vt 0.008696 0.825837
vt 0.027307 0.823859
vt 0.017003 0.834249
vt 0.310518 0.598908
vt 0.326799 0.616659
vt 0.316368 0.614889
vt 0.302833 0.606051
vt 0.003401 0.817113
vt 0.013784 0.808688
vt 0.022749 0.803637
vt 0.031463 0.812213
vt 0.303845 0.619491
vt 0.320829 0.630938
vt 0.292752 0.616446
vt 0.290183 0.600647
vt 0.006184 0.798190
vt 0.014995 0.792417
vt 0.282172 0.610693
vt 0.309838 0.640136
vt 0.302539 0.634839
vt 0.291902 0.630743
vt 0.284168 0.627133
vt 0.275079 0.621862
vt 0.267932 0.617477
vt 0.005258 0.783988
vt 0.298309 0.645111
vt 0.271046 0.632306
vt 0.284377 0.638659
vt 0.029923 0.845920
vt 0.015569 0.851073
vt 0.025402 0.840081
vt 0.039873 0.832318
vt 0.043480 0.840923
vt 0.341699 0.603941
vt 0.348480 0.594617
vt 0.336350 0.586726
vt 0.004711 0.844180
vt 0.038907 0.819796
vt 0.338733 0.614499
vt 0.046020 0.811387
vt 0.348645 0.620739
vt 0.034737 0.799907
vt 0.344962 0.631012
vt 0.337022 0.625655
vt 0.025943 0.789533
vt 0.037374 0.781464
vt 0.334551 0.638324
vt 0.015240 0.776394
vt 0.326686 0.649208
vt 0.318282 0.644822
vt 0.028307 0.769918
vt 0.310789 0.651912
vt 0.259938 0.628000
vt 0.255617 0.613414
vt 0.242629 0.622337
vt 0.296064 0.656017
vt 0.283562 0.649839
vt 0.254834 0.636427
vt 0.269072 0.642667
vt 0.272004 0.654983
vt 0.016149 0.864582
vt 0.031932 0.859370
vt 0.035852 0.848863
vt 0.052920 0.835424
vt 0.351334 0.583952
vt 0.053081 0.822537
vt 0.364631 0.604528
vt 0.356089 0.611990
vt 0.056983 0.808305
vt 0.364604 0.617225
vt 0.359237 0.625975
vt 0.049870 0.796363
vt 0.355653 0.635610
vt 0.342921 0.647116
vt 0.042058 0.773370
vt 0.335262 0.655510
vt 0.323181 0.659051
vt 0.012783 0.762017
vt 0.306699 0.661956
vt 0.317886 0.667254
vt 0.238911 0.630314
vt 0.300846 0.669502
vt 0.286512 0.663607
vt 0.250425 0.645762
vt 0.240178 0.641900
vt 0.254960 0.655038
vt 0.263754 0.662874
vt 0.369547 0.583822
vt 0.357263 0.574696
vt 0.043934 0.855707
vt 0.052228 0.849056
vt 0.060915 0.843161
vt 0.364813 0.593782
vt 0.026080 0.871040
vt 0.061510 0.828942
vt 0.063822 0.815689
vt 0.070534 0.823322
vt 0.376675 0.624706
vt 0.067248 0.802708
vt 0.062073 0.793425
vt 0.373568 0.634310
vt 0.053936 0.784541
vt 0.351739 0.645634
vt 0.051987 0.767697
vt 0.351917 0.663613
vt 0.036263 0.761026
vt 0.339715 0.668287
vt 0.028699 0.754950
vt 0.335904 0.676228
vt 0.094146 0.320524
vt 0.089488 0.312707
vt 0.108293 0.306337
vt 0.111485 0.315736
vt 0.312427 0.674033
vt 0.096054 0.300127
vt 0.078468 0.305666
vt 0.079567 0.295542
vt 0.298735 0.678842
vt 0.286006 0.672835
vt 0.241822 0.653565
vt 0.274665 0.667490
vt 0.277644 0.679764
vt 0.266321 0.674892
vt 0.252582 0.668553
vt 0.058548 0.857386
vt 0.067207 0.850483
vt 0.031988 0.880539
vt 0.045317 0.868394
vt 0.076068 0.843994
vt 0.367444 0.568726
vt 0.381007 0.591243
vt 0.375231 0.600095
vt 0.069680 0.836598
vt 0.384076 0.605588
vt 0.080056 0.817756
vt 0.072363 0.809991
vt 0.379809 0.614947
vt 0.370590 0.644185
vt 0.061241 0.779251
vt 0.069095 0.787537
vt 0.361340 0.653960
vt 0.039868 0.750609
vt 0.123370 0.312598
vt 0.327090 0.681796
vt 0.313082 0.686056
vt 0.089440 0.290388
vt 0.231222 0.648058
vt 0.226022 0.658617
vt 0.239672 0.663101
vt 0.288755 0.685545
vt 0.255749 0.680966
vt 0.239180 0.675854
vt 0.041029 0.888898
vt 0.048975 0.878057
vt 0.061272 0.870003
vt 0.068580 0.863851
vt 0.384767 0.580040
vt 0.376281 0.560491
vt 0.075732 0.857760
vt 0.078013 0.830228
vt 0.087027 0.825548
vt 0.389260 0.620974
vt 0.083749 0.803976
vt 0.391178 0.632465
vt 0.078714 0.796466
vt 0.386762 0.641206
vt 0.071622 0.773297
vt 0.370518 0.662796
vt 0.062667 0.761323
vt 0.055190 0.750655
vt 0.357300 0.676749
vt 0.046703 0.744585
vt 0.346137 0.681488
vt 0.121847 0.300151
vt 0.131002 0.307065
vt 0.108263 0.292534
vt 0.299361 0.691269
vt 0.224926 0.669492
vt 0.271457 0.688799
vt 0.061188 0.883287
vt 0.390907 0.570273
vt 0.084540 0.851370
vt 0.085470 0.838469
vt 0.401088 0.591189
vt 0.395787 0.600348
vt 0.397546 0.613481
vt 0.090147 0.812203
vt 0.399331 0.628416
vt 0.080968 0.782662
vt 0.385692 0.651878
vt 0.364593 0.672876
vt 0.339463 0.688656
vt 0.120452 0.289438
vt 0.329638 0.693994
vt 0.107241 0.282397
vt 0.089739 0.278212
vt 0.310107 0.696830
vt 0.074715 0.284582
vt 0.297448 0.700532
vt 0.286937 0.695812
vt 0.266543 0.697323
vt 0.258032 0.693555
vt 0.247308 0.689648
vt 0.235326 0.684143
vt 0.069539 0.878793
vt 0.077502 0.872239
vt 0.044387 0.903350
vt 0.053910 0.893057
vt 0.085087 0.865343
vt 0.029650 0.901778
vt 0.401998 0.579625
vt 0.093487 0.845543
vt 0.101771 0.840052
vt 0.095419 0.831969
vt 0.097464 0.819285
vt 0.093816 0.797622
vt 0.089033 0.790527
vt 0.398690 0.649631
vt 0.083950 0.768791
vt 0.387894 0.666705
vt 0.377364 0.676159
vt 0.068637 0.747267
vt 0.061548 0.736949
vt 0.139230 0.291683
vt 0.146532 0.299940
vt 0.358710 0.687748
vt 0.347807 0.694296
vt 0.128877 0.284868
vt 0.321049 0.702061
vt 0.102385 0.274731
vt 0.313404 0.708030
vt 0.066982 0.275744
vt 0.084899 0.270697
vt 0.065094 0.263400
vt 0.282428 0.705307
vt 0.217247 0.679756
vt 0.070438 0.893556
vt 0.077205 0.886642
vt 0.063600 0.900126
vt 0.092930 0.859106
vt 0.408005 0.607123
vt 0.405101 0.618124
vt 0.099141 0.806535
vt 0.402739 0.639518
vt 0.090431 0.776611
vt 0.077657 0.756771
vt 0.375656 0.687719
vt 0.122433 0.276964
vt 0.113087 0.270399
vt 0.098758 0.265026
vt 0.298859 0.713516
vt 0.267740 0.710271
vt 0.253693 0.704143
vt 0.221881 0.692048
vt 0.239418 0.697141
vt 0.056541 0.907305
vt 0.091289 0.883697
vt 0.093647 0.873373
vt 0.035525 0.914739
vt 0.405840 0.565745
vt 0.419340 0.574786
vt 0.102439 0.853605
vt 0.413144 0.586448
vt 0.418732 0.602239
vt 0.105574 0.826642
vt 0.107471 0.814643
vt 0.415843 0.613445
vt 0.419312 0.625081
vt 0.413012 0.635532
vt 0.109757 0.801229
vt 0.105400 0.792008
vt 0.098071 0.785611
vt 0.404051 0.663661
vt 0.393010 0.675576
vt 0.344830 0.704427
vt 0.336251 0.710833
vt 0.071386 0.252274
vt 0.063040 0.254703
vt 0.052350 0.256070
vt 0.086536 0.893860
vt 0.049514 0.915836
vt 0.102166 0.867056
vt 0.422323 0.591786
vt 0.117300 0.808771
vt 0.415062 0.647177
vt 0.409241 0.655361
vt 0.103973 0.771410
vt 0.097481 0.761020
vt 0.086504 0.748236
vt 0.387741 0.686274
vt 0.080361 0.735944
vt 0.373288 0.696813
vt 0.363388 0.703242
vt 0.136465 0.269004
vt 0.136874 0.281887
vt 0.325953 0.715684
vt 0.109141 0.260066
vt 0.314531 0.719936
vt 0.092785 0.254019
vt 0.292563 0.719917
vt 0.278737 0.724351
vt 0.067373 0.240660
vt 0.259861 0.719790
vt 0.245794 0.713190
vt 0.232177 0.708005
vt 0.219115 0.702739
vt 0.066762 0.915231
vt 0.073375 0.908018
vt 0.081243 0.901353
vt 0.026156 0.927245
vt 0.110966 0.860880
vt 0.431098 0.598036
vt 0.121667 0.828111
vt 0.111916 0.834228
vt 0.115505 0.821114
vt 0.425867 0.619363
vt 0.422444 0.641918
vt 0.110440 0.778646
vt 0.075499 0.728849
vt 0.160686 0.291631
vt 0.158825 0.282068
vt 0.150154 0.275803
vt 0.356337 0.710142
vt 0.127819 0.263452
vt 0.120648 0.256595
vt 0.102271 0.250873
vt 0.089402 0.244500
vt 0.270645 0.724286
vt 0.058882 0.242264
vt 0.047237 0.245727
vt 0.102671 0.880700
vt 0.111737 0.874810
vt 0.038931 0.928350
vt 0.112431 0.847632
vt 0.433190 0.584944
vt 0.120522 0.841700
vt 0.433398 0.611937
vt 0.436615 0.637656
vt 0.121265 0.795446
vt 0.116464 0.786684
vt 0.425431 0.665348
vt 0.097797 0.742183
vt 0.410111 0.679051
vt 0.400590 0.689387
vt 0.391821 0.697644
vt 0.382440 0.702845
vt 0.380074 0.711415
vt 0.366684 0.716499
vt 0.355881 0.721210
vt 0.338741 0.722624
vt 0.325340 0.727658
vt 0.110169 0.248397
vt 0.303596 0.735596
vt 0.078585 0.237043
vt 0.287872 0.734171
vt 0.052639 0.229394
vt 0.244621 0.731319
vt 0.234836 0.727501
vt 0.225384 0.724074
vt 0.096032 0.900946
vt 0.103837 0.894131
vt 0.055579 0.929623
vt 0.119173 0.868666
vt 0.120678 0.856328
vt 0.434431 0.572554
vt 0.421922 0.563938
vt 0.439280 0.602411
vt 0.126679 0.815655
vt 0.436074 0.625168
vt 0.128267 0.803213
vt 0.431990 0.658406
vt 0.422432 0.672221
vt 0.109081 0.754260
vt 0.184555 0.303272
vt 0.166232 0.298551
vt 0.179178 0.291073
vt 0.102479 0.241277
vt 0.065907 0.225795
vt 0.204568 0.713351
vt 0.082215 0.917927
vt 0.092127 0.906862
vt 0.112817 0.888294
vt 0.069740 0.930827
vt 0.048078 0.939982
vt 0.129799 0.849673
vt 0.444193 0.592250
vt 0.133668 0.839638
vt 0.447619 0.608282
vt 0.446553 0.619757
vt 0.438727 0.653423
vt 0.115971 0.763951
vt 0.123521 0.772890
vt 0.174197 0.283173
vt 0.394371 0.711905
vt 0.165669 0.266605
vt 0.152779 0.265294
vt 0.143529 0.252483
vt 0.354820 0.731339
vt 0.129383 0.249161
vt 0.337312 0.733850
vt 0.320368 0.738084
vt 0.092710 0.229760
vt 0.273604 0.740720
vt 0.256976 0.735607
vt 0.041653 0.947738
vt 0.030751 0.940372
vt 0.446730 0.580893
vt 0.133886 0.822924
vt 0.448483 0.631960
vt 0.134369 0.790061
vt 0.128605 0.779780
vt 0.420119 0.684903
vt 0.110563 0.736019
vt 0.410008 0.695773
vt 0.196280 0.295372
vt 0.401137 0.703718
vt 0.174670 0.269716
vt 0.118227 0.241386
vt 0.306331 0.743312
vt 0.076679 0.224943
vt 0.207841 0.722344
vt 0.235050 0.740635
vt 0.225649 0.737318
vt 0.217421 0.734636
vt 0.087137 0.929320
vt 0.094362 0.917512
vt 0.104926 0.908296
vt 0.113077 0.900345
vt 0.121324 0.894474
vt 0.121999 0.882647
vt 0.130814 0.876674
vt 0.056722 0.950707
vt 0.060748 0.941791
vt 0.129444 0.862938
vt 0.457579 0.587917
vt 0.454905 0.599694
vt 0.139420 0.797225
vt 0.137645 0.809362
vt 0.383261 0.724890
vt 0.159609 0.257342
vt 0.369286 0.729659
vt 0.138848 0.246656
vt 0.350758 0.742131
vt 0.336087 0.745437
vt 0.103819 0.227687
vt 0.318128 0.750175
vt 0.294762 0.748116
vt 0.086433 0.219955
vt 0.264154 0.750176
vt 0.058369 0.217946
vt 0.245903 0.744682
vt 0.044304 0.222989
vt 0.080383 0.936981
vt 0.072904 0.945936
vt 0.139249 0.870957
vt 0.454526 0.571022
vt 0.444439 0.564457
vt 0.143731 0.859336
vt 0.460867 0.616111
vt 0.144387 0.817205
vt 0.453907 0.647501
vt 0.442370 0.675543
vt 0.450403 0.669538
vt 0.436072 0.684126
vt 0.120826 0.748030
vt 0.128633 0.759039
vt 0.419779 0.702483
vt 0.186360 0.280648
vt 0.412893 0.710746
vt 0.132707 0.237875
vt 0.119577 0.233822
vt 0.305607 0.753452
vt 0.281998 0.753931
vt 0.068771 0.216322
vt 0.028843 0.216025
vt 0.044180 0.212636
vt 0.106608 0.925632
vt 0.116039 0.915799
vt 0.122794 0.908152
vt 0.132292 0.891404
vt 0.148825 0.836290
vt 0.152143 0.825168
vt 0.469867 0.609237
vt 0.466338 0.630581
vt 0.463930 0.642479
vt 0.146735 0.783817
vt 0.137244 0.769989
vt 0.431435 0.694646
vt 0.410801 0.720675
vt 0.382030 0.736652
vt 0.161304 0.245562
vt 0.149985 0.240034
vt 0.366688 0.739446
vt 0.115266 0.222017
vt 0.330282 0.754224
vt 0.100792 0.215711
vt 0.292508 0.760723
vt 0.251782 0.760453
vt 0.048402 0.205455
vt 0.238249 0.753050
vt 0.213025 0.744112
vt 0.130398 0.902615
vt 0.140993 0.884644
vt 0.048156 0.962748
vt 0.036117 0.957667
vt 0.467133 0.578266
vt 0.462720 0.561965
vt 0.149647 0.851732
vt 0.469698 0.594067
vt 0.469760 0.623419
vt 0.154081 0.812916
vt 0.151811 0.801870
vt 0.149211 0.794195
vt 0.456428 0.662405
vt 0.126021 0.732458
vt 0.132850 0.743243
vt 0.202814 0.279382
vt 0.210894 0.289243
vt 0.193707 0.269805
vt 0.186615 0.262006
vt 0.403867 0.727843
vt 0.393715 0.733563
vt 0.171369 0.250310
vt 0.375665 0.744853
vt 0.349292 0.752791
vt 0.081144 0.208943
vt 0.266611 0.759826
vt 0.227086 0.749860
vt 0.027961 0.205688
vt 0.096329 0.939021
vt 0.086268 0.947826
vt 0.147072 0.876431
vt 0.464860 0.655100
vt 0.454900 0.683157
vt 0.449697 0.689253
vt 0.443459 0.699388
vt 0.423878 0.717538
vt 0.179139 0.254790
vt 0.363246 0.749945
vt 0.338044 0.759310
vt 0.125910 0.222760
vt 0.112703 0.212664
vt 0.318532 0.761820
vt 0.095013 0.208279
vt 0.277621 0.763756
vt 0.064198 0.203567
vt 0.224305 0.757575
vt 0.120422 0.929436
vt 0.055576 0.966273
vt 0.070698 0.956761
vt 0.155465 0.870721
vt 0.041856 0.977995
vt 0.477939 0.570937
vt 0.484428 0.584769
vt 0.160954 0.847531
vt 0.162568 0.832370
vt 0.478995 0.615279
vt 0.165129 0.821461
vt 0.432978 0.709985
vt 0.158200 0.235707
vt 0.144297 0.230841
vt 0.308023 0.765916
vt 0.080057 0.199895
vt 0.279671 0.771097
vt 0.263147 0.767796
vt 0.052652 0.193806
vt 0.237276 0.762786
vt 0.026032 0.196341
vt 0.210312 0.753184
vt 0.112139 0.940694
vt 0.127004 0.923432
vt 0.134838 0.916316
vt 0.142960 0.910424
vt 0.088308 0.954113
vt 0.145095 0.900134
vt 0.051320 0.984261
vt 0.159764 0.860292
vt 0.483486 0.641988
vt 0.475456 0.648889
vt 0.164512 0.787656
vt 0.469191 0.669416
vt 0.420248 0.727378
vt 0.417935 0.737919
vt 0.408561 0.743174
vt 0.393890 0.744676
vt 0.167920 0.233515
vt 0.386267 0.751566
vt 0.363276 0.761822
vt 0.349976 0.766442
vt 0.331003 0.769468
vt 0.101837 0.204243
vt 0.295149 0.776769
vt 0.088884 0.196676
vt 0.063043 0.189848
vt 0.247374 0.772739
vt 0.039827 0.192432
vt 0.221567 0.768712
vt 0.102694 0.954805
vt 0.157750 0.883582
vt 0.165743 0.852807
vt 0.493086 0.594619
vt 0.487041 0.604586
vt 0.484906 0.629391
vt 0.167045 0.796136
vt 0.165334 0.809555
vt 0.476363 0.661616
vt 0.465842 0.677165
vt 0.462530 0.697453
vt 0.448942 0.715291
vt 0.438486 0.726122
vt 0.374478 0.756081
vt 0.273496 0.779704
vt 0.091307 0.968376
vt 0.151248 0.892584
vt 0.146392 0.767466
vt 0.155166 0.753414
vt 0.157206 0.769626
vt 0.467666 0.690452
vt 0.456466 0.706708
vt 0.444107 0.720514
vt 0.189168 0.250983
vt 0.201549 0.253587
vt 0.427855 0.733244
vt 0.403920 0.750243
vt 0.142434 0.219689
vt 0.158934 0.224609
vt 0.137663 0.212965
vt 0.336174 0.774218
vt 0.320607 0.775440
vt 0.110521 0.201710
vt 0.109548 0.194080
vt 0.309235 0.783884
vt 0.098309 0.194947
vt 0.073552 0.189396
vt 0.257811 0.780265
vt 0.052056 0.180757
vt 0.040388 0.181620
vt 0.232382 0.774502
vt 0.011021 0.197010
vt 0.008982 0.185565
vt 0.022970 0.183572
vt 0.069434 0.981864
vt 0.062938 0.969483
vt 0.172770 0.869596
vt 0.487313 0.564761
vt 0.175326 0.840563
vt 0.491810 0.619640
vt 0.493497 0.634826
vt 0.176780 0.806204
vt 0.485054 0.654954
vt 0.478853 0.674898
vt 0.213296 0.272683
vt 0.219390 0.268321
vt 0.224557 0.279650
vt 0.181837 0.242975
vt 0.179036 0.233201
vt 0.395327 0.757610
vt 0.381901 0.761680
vt 0.153190 0.215933
vt 0.378231 0.771242
vt 0.128036 0.207468
vt 0.121549 0.195973
vt 0.094511 0.183915
vt 0.285889 0.783247
vt 0.086281 0.181366
vt 0.219685 0.780032
vt 0.034762 0.174635
vt 0.146249 0.924324
vt 0.154538 0.919265
vt 0.169089 0.879717
vt 0.171928 0.854704
vt 0.499727 0.572057
vt 0.501774 0.584626
vt 0.503009 0.627372
vt 0.488786 0.668501
vt 0.475803 0.683585
vt 0.201031 0.242288
vt 0.364095 0.776273
vt 0.347992 0.779363
vt 0.331484 0.787416
vt 0.269789 0.790436
vt 0.069837 0.175686
vt 0.241596 0.786741
vt 0.018497 0.175293
vt 0.115062 0.962147
vt 0.121377 0.954789
vt 0.107371 0.972249
vt 0.272603 0.590366
vt 0.279476 0.582939
vt 0.277913 0.596024
vt 0.506503 0.590975
vt 0.502373 0.613653
vt 0.497291 0.649802
vt 0.444385 0.740361
vt 0.344860 0.790150
vt 0.321357 0.787494
vt 0.288344 0.792601
vt 0.254055 0.790187
vt 0.048363 0.170720
vt 0.006347 0.174127
vt 0.158252 0.908806
vt 0.081007 0.989283
vt 0.087760 0.982500
vt 0.065770 0.996334
vt 0.055218 0.990771
vt 0.509158 0.605485
vt 0.503744 0.641678
vt 0.498470 0.662553
vt 0.481571 0.699706
vt 0.244472 0.279557
vt 0.232762 0.268476
vt 0.451890 0.734449
vt 0.430931 0.744236
vt 0.425867 0.752816
vt 0.414197 0.756945
vt 0.405724 0.762652
vt 0.177295 0.223832
vt 0.188334 0.226052
vt 0.395411 0.769700
vt 0.129614 0.191319
vt 0.138672 0.203302
vt 0.117220 0.184401
vt 0.103570 0.180593
vt 0.054810 0.163995
vt 0.222051 0.789528
vt 0.027290 0.164963
vt 0.135707 0.951295
vt 0.129290 0.945833
vt 0.132953 0.937781
vt 0.146747 0.945397
vt 0.140336 0.932479
vt 0.169950 0.892998
vt 0.180380 0.887589
vt 0.185345 0.847823
vt 0.180471 0.862053
vt 0.495125 0.684958
vt 0.485515 0.690763
vt 0.477831 0.705852
vt 0.470887 0.716808
vt 0.462867 0.728234
vt 0.194636 0.234289
vt 0.161935 0.212072
vt 0.172664 0.215751
vt 0.150869 0.203363
vt 0.358307 0.792396
vt 0.322713 0.797070
vt 0.306150 0.798673
vt 0.094890 0.171350
vt 0.042445 0.162102
vt 0.151318 0.940243
vt 0.104867 0.984077
vt 0.275188 0.566641
vt 0.291164 0.575245
vt 0.191215 0.835279
vt 0.516439 0.620635
vt 0.508380 0.656137
vt 0.503846 0.677004
vt 0.377350 0.786330
vt 0.140947 0.189574
vt 0.273042 0.802760
vt 0.080474 0.166654
vt 0.261469 0.802392
vt 0.000486 0.165629
vt 0.016137 0.163493
vt 0.164935 0.901992
vt 0.167236 0.915218
vt 0.178243 0.909771
vt 0.187152 0.879477
vt 0.295110 0.568459
vt 0.516536 0.636427
vt 0.464612 0.742420
vt 0.443672 0.752777
vt 0.423529 0.765534
vt 0.391915 0.781023
vt 0.122573 0.177490
vt 0.106622 0.171165
vt 0.288990 0.803966
vt 0.089579 0.166256
vt 0.721574 0.536841
vt 0.709155 0.532872
vt 0.705450 0.546130
vt 0.717706 0.553114
vt 0.701752 0.555445
vt 0.064601 0.162150
vt 0.711783 0.566254
vt 0.698333 0.565316
vt 0.710250 0.577606
vt 0.697933 0.578002
vt 0.698929 0.591872
vt 0.123039 0.976136
vt 0.133399 0.964766
vt 0.190242 0.820053
vt 0.189928 0.812234
vt 0.199320 0.816158
vt 0.517265 0.648920
vt 0.509622 0.669295
vt 0.499260 0.699283
vt 0.492099 0.704823
vt 0.488751 0.712711
vt 0.479264 0.721703
vt 0.471440 0.734386
vt 0.457710 0.749526
vt 0.440299 0.762806
vt 0.184043 0.212869
vt 0.197245 0.222132
vt 0.407515 0.776537
vt 0.338518 0.804821
vt 0.324060 0.803751
vt 0.688762 0.594402
vt 0.694661 0.604938
vt 0.004956 0.156657
vt 0.025545 0.156312
vt 0.159958 0.933808
vt 0.163826 0.925000
vt 0.174384 0.932388
vt 0.178102 0.899035
vt 0.186484 0.904115
vt 0.232248 0.591789
vt 0.248210 0.580291
vt 0.247442 0.596011
vt 0.189362 0.891632
vt 0.193860 0.856584
vt 0.200544 0.846213
vt 0.206083 0.838011
vt 0.309078 0.545510
vt 0.308020 0.558872
vt 0.292228 0.555410
vt 0.522144 0.664118
vt 0.169922 0.201389
vt 0.376031 0.797089
vt 0.351854 0.806622
vt 0.133241 0.180259
vt 0.718435 0.503406
vt 0.710734 0.516750
vt 0.719818 0.519837
vt 0.682874 0.575354
vt 0.050351 0.148686
vt 0.019417 0.146847
vt 0.280088 0.549452
vt 0.290833 0.545830
vt 0.303781 0.538428
vt 0.521312 0.613590
vt 0.531305 0.628485
vt 0.206773 0.828761
vt 0.190405 0.778845
vt 0.188223 0.768146
vt 0.201649 0.775475
vt 0.512522 0.695169
vt 0.495541 0.720112
vt 0.486421 0.729870
vt 0.456159 0.760804
vt 0.436274 0.772144
vt 0.144261 0.180580
vt 0.705238 0.506106
vt 0.695981 0.523105
vt 0.099805 0.158467
vt 0.691042 0.543513
vt 0.084854 0.153392
vt 0.065740 0.151797
vt 0.677077 0.596813
vt 0.675344 0.604997
vt 0.032407 0.147566
vt 0.095363 0.995349
vt 0.115069 0.995097
vt 0.192151 0.870203
vt 0.205839 0.864355
vt 0.293083 0.536710
vt 0.529302 0.643044
vt 0.525298 0.679659
vt 0.505536 0.713454
vt 0.433942 0.782426
vt 0.396021 0.798440
vt 0.136586 0.169512
vt 0.719947 0.490787
vt 0.710139 0.492656
vt 0.118567 0.168198
vt 0.108954 0.158296
vt 0.693586 0.533636
vt 0.686569 0.553619
vt 0.682804 0.563618
vt 0.679206 0.585317
vt 0.109761 0.999577
vt 0.244749 0.567733
vt 0.260883 0.573370
vt 0.257632 0.559313
vt 0.528769 0.656808
vt 0.480198 0.741919
vt 0.453585 0.772504
vt 0.416015 0.784512
vt 0.412569 0.794661
vt 0.159257 0.179990
vt 0.152551 0.189645
vt 0.371193 0.805080
vt 0.091938 0.154947
vt 0.265960 0.551963
vt 0.521773 0.687614
vt 0.480627 0.756286
vt 0.480555 0.767078
vt 0.388815 0.807678
vt 0.368961 0.813192
vt 0.719897 0.478932
vt 0.702874 0.479771
vt 0.148423 0.969102
vt 0.159145 0.953366
vt 0.166162 0.964419
vt 0.273267 0.539174
vt 0.302773 0.524538
vt 0.316922 0.529249
vt 0.325197 0.513155
vt 0.331171 0.521415
vt 0.503613 0.741514
vt 0.151481 0.173819
vt 0.124061 0.159737
vt 0.687924 0.510847
vt 0.662672 0.589989
vt 0.047228 0.136086
vt 0.034625 0.134167
vt 0.217710 0.572477
vt 0.229618 0.582499
vt 0.217323 0.588905
vt 0.235380 0.574969
vt 0.312518 0.512860
vt 0.540803 0.660133
vt 0.539154 0.673643
vt 0.491535 0.751866
vt 0.473867 0.773531
vt 0.450485 0.780649
vt 0.714372 0.463278
vt 0.699172 0.488826
vt 0.135376 0.157431
vt 0.693539 0.499381
vt 0.684215 0.520623
vt 0.107488 0.146762
vt 0.098020 0.146183
vt 0.677788 0.532575
vt 0.674092 0.551456
vt 0.069944 0.139941
vt 0.089085 0.143091
vt 0.667617 0.572816
vt 0.055800 0.137040
vt 0.210112 0.575405
vt 0.212307 0.593774
vt 0.256197 0.547005
vt 0.288278 0.528146
vt 0.534073 0.706603
vt 0.525903 0.713368
vt 0.532625 0.729277
vt 0.518548 0.730745
vt 0.416190 0.808905
vt 0.388343 0.814766
vt 0.701069 0.465968
vt 0.151753 0.164140
vt 0.118095 0.150291
vt 0.675175 0.542526
vt 0.669407 0.561374
vt 0.658555 0.603454
vt 0.021240 0.132030
vt 0.218298 0.888363
vt 0.204645 0.879340
vt 0.219546 0.873469
vt 0.299901 0.510053
vt 0.511622 0.734719
vt 0.466530 0.780822
vt 0.446124 0.793092
vt 0.404084 0.810699
vt 0.166441 0.168987
vt 0.689014 0.479283
vt 0.170446 0.971187
vt 0.179727 0.959982
vt 0.188666 0.929331
vt 0.195498 0.921360
vt 0.201213 0.937659
vt 0.272749 0.525681
vt 0.286187 0.517143
vt 0.322247 0.499537
vt 0.338040 0.502406
vt 0.542499 0.687450
vt 0.438104 0.799771
vt 0.427887 0.809024
vt 0.390638 0.825277
vt 0.684724 0.491821
vt 0.679687 0.500888
vt 0.126385 0.144639
vt 0.670735 0.516890
vt 0.667844 0.530757
vt 0.091276 0.133901
vt 0.061697 0.126862
vt 0.048405 0.126068
vt 0.247103 0.541120
vt 0.247017 0.556026
vt 0.234759 0.548909
vt 0.334142 0.489209
vt 0.543375 0.700772
vt 0.459413 0.789311
vt 0.177819 0.175425
vt 0.187285 0.174964
vt 0.187268 0.188948
vt 0.379371 0.827834
vt 0.698234 0.453107
vt 0.103895 0.136828
vt 0.662391 0.541936
vt 0.077256 0.129109
vt 0.659052 0.551059
vt 0.656512 0.561587
vt 0.654624 0.574429
vt 0.649359 0.590501
vt 0.646704 0.601210
vt 0.021525 0.121312
vt 0.036019 0.122264
vt 0.213134 0.922376
vt 0.202634 0.914523
vt 0.219270 0.912713
vt 0.219150 0.802459
vt 0.236582 0.804588
vt 0.232606 0.812314
vt 0.554342 0.666982
vt 0.454861 0.799414
vt 0.116686 0.137880
vt 0.199917 0.577032
vt 0.200373 0.562240
vt 0.232616 0.563000
vt 0.215088 0.560704
vt 0.251708 0.526390
vt 0.259409 0.533842
vt 0.307325 0.494706
vt 0.557130 0.682805
vt 0.512936 0.776169
vt 0.414300 0.822795
vt 0.404418 0.826957
vt 0.158569 0.154406
vt 0.164242 0.159857
vt 0.688198 0.455620
vt 0.669139 0.495742
vt 0.644368 0.569022
vt 0.052394 0.115359
vt 0.638436 0.584640
vt 0.223366 0.903494
vt 0.237357 0.896868
vt 0.231345 0.881736
vt 0.239453 0.533354
vt 0.225919 0.862166
vt 0.238534 0.861595
vt 0.237732 0.869588
vt 0.290529 0.503055
vt 0.319899 0.485383
vt 0.487952 0.785259
vt 0.477684 0.788818
vt 0.440940 0.811271
vt 0.151584 0.147199
vt 0.142662 0.151040
vt 0.678873 0.466871
vt 0.136940 0.138583
vt 0.662136 0.512703
vt 0.655529 0.530055
vt 0.077400 0.118788
vt 0.095171 0.124718
vt 0.652478 0.541110
vt 0.650490 0.552925
vt 0.061598 0.116202
vt 0.035628 0.110708
vt 0.271399 0.508597
vt 0.563417 0.700390
vt 0.546547 0.727235
vt 0.527546 0.755461
vt 0.519682 0.759451
vt 0.437167 0.819849
vt 0.701526 0.443273
vt 0.688386 0.442760
vt 0.673346 0.478914
vt 0.129505 0.134773
vt 0.106717 0.125522
vt 0.634605 0.597738
vt 0.631645 0.609830
vt 0.644084 0.613523
vt 0.188564 0.981210
vt 0.181733 0.971396
vt 0.196830 0.970633
vt 0.231162 0.918480
vt 0.258722 0.515680
vt 0.556971 0.720514
vt 0.514897 0.766698
vt 0.503746 0.781130
vt 0.476773 0.800598
vt 0.153216 0.141253
vt 0.121711 0.128358
vt 0.560751 0.712586
vt 0.538830 0.747466
vt 0.454997 0.813929
vt 0.436490 0.826139
vt 0.699467 0.431209
vt 0.166890 0.145211
vt 0.648072 0.518045
vt 0.091218 0.110148
vt 0.639431 0.540105
vt 0.633518 0.555044
vt 0.203645 0.553409
vt 0.206021 0.542608
vt 0.214919 0.548657
vt 0.227807 0.528035
vt 0.223597 0.539285
vt 0.234544 0.520651
vt 0.289994 0.489258
vt 0.304552 0.482533
vt 0.330514 0.468000
vt 0.344688 0.476167
vt 0.552639 0.742283
vt 0.495459 0.800590
vt 0.475632 0.808597
vt 0.688646 0.417193
vt 0.703953 0.422452
vt 0.676408 0.443650
vt 0.137106 0.127069
vt 0.653484 0.498052
vt 0.105782 0.115413
vt 0.628481 0.572053
vt 0.623679 0.585958
vt 0.200486 0.960689
vt 0.204247 0.951625
vt 0.215207 0.957485
vt 0.154480 0.575541
vt 0.162846 0.578975
vt 0.146591 0.591273
vt 0.275606 0.496130
vt 0.353706 0.459571
vt 0.531757 0.767553
vt 0.698663 0.403368
vt 0.680595 0.431178
vt 0.670405 0.455574
vt 0.657778 0.489102
vt 0.650392 0.508377
vt 0.117715 0.118730
vt 0.642452 0.528288
vt 0.076689 0.107323
vt 0.055150 0.101965
vt 0.621085 0.596947
vt 0.246421 0.515517
vt 0.259881 0.505228
vt 0.559271 0.731245
vt 0.538554 0.760370
vt 0.527572 0.773832
vt 0.471568 0.815877
vt 0.455396 0.827834
vt 0.665432 0.467696
vt 0.660997 0.477441
vt 0.131787 0.117503
vt 0.618470 0.606600
vt 0.036288 0.098721
vt 0.223558 0.950447
vt 0.224078 0.939598
vt 0.241603 0.946877
vt 0.250427 0.859878
vt 0.247800 0.850177
vt 0.264606 0.858382
vt 0.346040 0.445148
vt 0.574952 0.716347
vt 0.905929 0.888420
vt 0.916410 0.897966
vt 0.903739 0.890712
vt 0.690520 0.610295
vt 0.701713 0.606449
vt 0.702671 0.608485
vt 0.695092 0.612002
vt 0.703441 0.611807
vt 0.895280 0.886971
vt 0.711918 0.609780
vt 0.891232 0.882110
vt 0.717742 0.604032
vt 0.717466 0.606160
vt 0.885350 0.883176
vt 0.722626 0.607728
vt 0.730608 0.604952
vt 0.877351 0.877822
vt 0.875044 0.880029
vt 0.732354 0.603178
vt 0.513257 0.788006
vt 0.687376 0.402791
vt 0.154335 0.133960
vt 0.204504 0.527099
vt 0.217019 0.532936
vt 0.264914 0.491216
vt 0.574541 0.732581
vt 0.916443 0.893462
vt 0.927190 0.902825
vt 0.676161 0.614496
vt 0.685872 0.613475
vt 0.678999 0.615992
vt 0.550299 0.751181
vt 0.910874 0.899453
vt 0.691201 0.616228
vt 0.895454 0.891067
vt 0.717459 0.612212
vt 0.878611 0.886207
vt 0.732330 0.608751
vt 0.527478 0.784100
vt 0.870018 0.883066
vt 0.741257 0.605386
vt 0.867518 0.876174
vt 0.742297 0.602792
vt 0.512421 0.802424
vt 0.179871 0.146400
vt 0.193611 0.146335
vt 0.189850 0.155115
vt 0.666522 0.441343
vt 0.140457 0.117069
vt 0.121204 0.108654
vt 0.097935 0.102929
vt 0.624362 0.544202
vt 0.067581 0.095392
vt 0.612189 0.581690
vt 0.609685 0.594125
vt 0.250006 0.498413
vt 0.278840 0.483839
vt 0.293736 0.475721
vt 0.334850 0.453059
vt 0.357319 0.441037
vt 0.925936 0.905621
vt 0.918036 0.903588
vt 0.545247 0.764491
vt 0.901706 0.900077
vt 0.887415 0.893753
vt 0.538260 0.771678
vt 0.533596 0.777939
vt 0.744616 0.609890
vt 0.733412 0.619956
vt 0.521671 0.791606
vt 0.863806 0.878375
vt 0.857104 0.881602
vt 0.854468 0.875211
vt 0.755275 0.603532
vt 0.748183 0.605651
vt 0.480875 0.823498
vt 0.694562 0.387157
vt 0.685906 0.389730
vt 0.659446 0.453748
vt 0.166143 0.130216
vt 0.176037 0.137547
vt 0.654068 0.464544
vt 0.649692 0.475836
vt 0.643953 0.492294
vt 0.636579 0.508222
vt 0.630654 0.525477
vt 0.107625 0.104805
vt 0.085552 0.097402
vt 0.620024 0.537454
vt 0.622250 0.557836
vt 0.606667 0.606428
vt 0.040135 0.088949
vt 0.219570 0.518501
vt 0.233574 0.511407
vt 0.237212 0.501809
vt 0.317459 0.460919
vt 0.932820 0.909221
vt 0.667781 0.617861
vt 0.671225 0.619601
vt 0.568546 0.738049
vt 0.677243 0.621319
vt 0.565144 0.749311
vt 0.925434 0.910607
vt 0.913574 0.906713
vt 0.683401 0.617902
vt 0.555465 0.755999
vt 0.551773 0.769961
vt 0.545346 0.776187
vt 0.867605 0.887464
vt 0.854988 0.878692
vt 0.758241 0.606621
vt 0.751524 0.609512
vt 0.490366 0.817230
vt 0.675464 0.416730
vt 0.670019 0.428624
vt 0.156620 0.124095
vt 0.665066 0.623072
vt 0.933054 0.913646
vt 0.931204 0.917066
vt 0.922571 0.915357
vt 0.903874 0.905040
vt 0.556202 0.765131
vt 0.716712 0.621937
vt 0.717568 0.628285
vt 0.708544 0.629753
vt 0.707137 0.623095
vt 0.540783 0.782668
vt 0.871403 0.891600
vt 0.852173 0.886647
vt 0.848713 0.875807
vt 0.761073 0.603972
vt 0.634172 0.491704
vt 0.612656 0.547463
vt 0.609299 0.561865
vt 0.054201 0.082252
vt 0.267436 0.883358
vt 0.262399 0.869467
vt 0.273873 0.875825
vt 0.245324 0.492118
vt 0.257759 0.484732
vt 0.287416 0.469176
vt 0.307744 0.455257
vt 0.937889 0.919413
vt 0.941531 0.920254
vt 0.655371 0.625749
vt 0.916494 0.914279
vt 0.561918 0.759557
vt 0.897382 0.904435
vt 0.875103 0.896521
vt 0.725642 0.622331
vt 0.727200 0.629105
vt 0.736300 0.627307
vt 0.533966 0.789786
vt 0.745273 0.621239
vt 0.525112 0.797803
vt 0.759685 0.615563
vt 0.845498 0.882910
vt 0.762505 0.609705
vt 0.843725 0.878972
vt 0.840061 0.876423
vt 0.767656 0.608013
vt 0.767449 0.613150
vt 0.769376 0.606313
vt 0.513061 0.812355
vt 0.695693 0.364572
vt 0.687248 0.364985
vt 0.681239 0.372476
vt 0.674267 0.394410
vt 0.670951 0.401880
vt 0.657951 0.428807
vt 0.648849 0.452343
vt 0.645060 0.463426
vt 0.639454 0.475205
vt 0.629074 0.503455
vt 0.074671 0.084741
vt 0.603168 0.573728
vt 0.600795 0.582207
vt 0.599001 0.592850
vt 0.228124 0.499168
vt 0.217993 0.506397
vt 0.269002 0.476282
vt 0.339833 0.432938
vt 0.665066 0.628007
vt 0.655942 0.628894
vt 0.928371 0.920385
vt 0.679336 0.633334
vt 0.573241 0.751328
vt 0.911106 0.914750
vt 0.898950 0.909161
vt 0.702522 0.632626
vt 0.709255 0.636870
vt 0.557602 0.773100
vt 0.720086 0.637378
vt 0.554255 0.781479
vt 0.727333 0.634429
vt 0.547685 0.787225
vt 0.736040 0.637276
vt 0.542777 0.793502
vt 0.746266 0.627431
vt 0.533341 0.800607
vt 0.855175 0.891689
vt 0.836598 0.883784
vt 0.674459 0.380555
vt 0.665491 0.412718
vt 0.166542 0.117804
vt 0.134232 0.102672
vt 0.624236 0.519535
vt 0.117075 0.098197
vt 0.100903 0.092434
vt 0.088160 0.088941
vt 0.596361 0.602240
vt 0.594393 0.615435
vt 0.587773 0.732351
vt 0.942187 0.926641
vt 0.937510 0.926467
vt 0.588152 0.742477
vt 0.923255 0.922883
vt 0.576889 0.757391
vt 0.567120 0.764179
vt 0.695096 0.634649
vt 0.698965 0.640673
vt 0.562662 0.775145
vt 0.711219 0.641701
vt 0.559638 0.784707
vt 0.889459 0.908085
vt 0.880840 0.904527
vt 0.723283 0.643426
vt 0.723023 0.648464
vt 0.730677 0.642823
vt 0.554527 0.791051
vt 0.868061 0.896854
vt 0.744373 0.632289
vt 0.855724 0.896097
vt 0.525057 0.805301
vt 0.831703 0.880834
vt 0.774441 0.613434
vt 0.513853 0.818635
vt 0.652419 0.441420
vt 0.281322 0.863843
vt 0.289112 0.881612
vt 0.274996 0.461164
vt 0.388758 0.294371
vt 0.382736 0.284319
vt 0.401349 0.284411
vt 0.353474 0.413941
vt 0.934500 0.931923
vt 0.582505 0.746807
vt 0.914851 0.921204
vt 0.907998 0.918527
vt 0.571092 0.770845
vt 0.897051 0.913755
vt 0.704014 0.646685
vt 0.712715 0.648404
vt 0.568103 0.779863
vt 0.714243 0.653141
vt 0.568510 0.790977
vt 0.564509 0.788285
vt 0.572024 0.782737
vt 0.731410 0.648291
vt 0.560551 0.794450
vt 0.563279 0.796505
vt 0.739100 0.645765
vt 0.557555 0.803244
vt 0.869749 0.901506
vt 0.550272 0.797269
vt 0.721574 0.289865
vt 0.714060 0.284103
vt 0.713209 0.289390
vt 0.541673 0.802371
vt 0.831853 0.893816
vt 0.526805 0.812878
vt 0.832560 0.889774
vt 0.590379 0.978426
vt 0.576271 0.973512
vt 0.583897 0.973182
vt 0.780471 0.612945
vt 0.148225 0.098320
vt 0.153059 0.111645
vt 0.608470 0.522522
vt 0.100333 0.079095
vt 0.908630 0.651862
vt 0.900137 0.641423
vt 0.894929 0.655245
vt 0.601096 0.539593
vt 0.581271 0.603463
vt 0.232503 0.484961
vt 0.258187 0.469984
vt 0.329375 0.428700
vt 0.359869 0.421684
vt 0.932034 0.936243
vt 0.577934 0.766718
vt 0.902861 0.918329
vt 0.412077 0.393809
vt 0.408813 0.399964
vt 0.404763 0.395378
vt 0.706752 0.654399
vt 0.578055 0.778597
vt 0.505779 0.834452
vt 0.496257 0.837732
vt 0.496441 0.832034
vt 0.486713 0.836655
vt 0.487156 0.831395
vt 0.474578 0.835629
vt 0.475834 0.831218
vt 0.741052 0.649205
vt 0.713004 0.295856
vt 0.718293 0.298214
vt 0.548213 0.802628
vt 0.858887 0.900481
vt 0.703628 0.281639
vt 0.705128 0.288291
vt 0.536041 0.807253
vt 0.837514 0.896907
vt 0.774851 0.618541
vt 0.782576 0.616999
vt 0.820095 0.880505
vt 0.787927 0.613022
vt 0.510170 0.825876
vt 0.688214 0.339884
vt 0.655766 0.401353
vt 0.650380 0.414991
vt 0.177405 0.125506
vt 0.191491 0.115732
vt 0.185777 0.136160
vt 0.182217 0.115083
vt 0.636279 0.450413
vt 0.631399 0.461660
vt 0.627167 0.472510
vt 0.123425 0.088098
vt 0.613919 0.506595
vt 0.111703 0.081919
vt 0.884278 0.644259
vt 0.153601 0.553272
vt 0.141664 0.546537
vt 0.156020 0.536456
vt 0.298968 0.448436
vt 0.945747 0.935233
vt 0.925865 0.931388
vt 0.919060 0.927431
vt 0.914362 0.926556
vt 0.908169 0.924290
vt 0.406346 0.388650
vt 0.583404 0.773604
vt 0.873101 0.074540
vt 0.878537 0.076884
vt 0.868319 0.079949
vt 0.398584 0.397990
vt 0.403584 0.405740
vt 0.397553 0.402477
vt 0.512634 0.841441
vt 0.504109 0.839081
vt 0.485975 0.841316
vt 0.475215 0.841590
vt 0.465322 0.831910
vt 0.707368 0.299771
vt 0.716525 0.301689
vt 0.707803 0.294065
vt 0.550735 0.810414
vt 0.842859 0.898824
vt 0.538102 0.814166
vt 0.763156 0.626516
vt 0.764083 0.635306
vt 0.754986 0.631712
vt 0.822248 0.883013
vt 0.790111 0.616496
vt 0.681074 0.342595
vt 0.645660 0.427778
vt 0.172480 0.109121
vt 0.159257 0.102467
vt 0.621374 0.486022
vt 0.600228 0.532158
vt 0.595180 0.556211
vt 0.061667 0.070772
vt 0.579373 0.617174
vt 0.580129 0.577655
vt 0.583701 0.590613
vt 0.243698 0.477696
vt 0.943597 0.940360
vt 0.589327 0.751209
vt 0.591351 0.756885
vt 0.407401 0.382748
vt 0.399829 0.384101
vt 0.401257 0.379109
vt 0.584428 0.761032
vt 0.399412 0.391345
vt 0.390798 0.398334
vt 0.392254 0.408691
vt 0.506252 0.845783
vt 0.467968 0.842527
vt 0.461408 0.836802
vt 0.706400 0.304549
vt 0.454962 0.833799
vt 0.847904 0.901538
vt 0.697748 0.288302
vt 0.699551 0.309543
vt 0.699507 0.316016
vt 0.713215 0.314266
vt 0.758847 0.639559
vt 0.530550 0.820184
vt 0.817783 0.888175
vt 0.781636 0.621754
vt 0.790020 0.619675
vt 0.811899 0.885666
vt 0.672365 0.340489
vt 0.663994 0.384872
vt 0.640664 0.439811
vt 0.136823 0.091302
vt 0.922331 0.638478
vt 0.589463 0.571127
vt 0.938564 0.944591
vt 0.357267 0.408059
vt 0.367437 0.414313
vt 0.925805 0.941657
vt 0.367331 0.403831
vt 0.373742 0.407890
vt 0.921528 0.934198
vt 0.881107 0.063753
vt 0.888733 0.056592
vt 0.887149 0.063925
vt 0.879337 0.069383
vt 0.888083 0.071654
vt 0.395653 0.386994
vt 0.386743 0.400648
vt 0.569310 0.230475
vt 0.568613 0.240040
vt 0.561736 0.228003
vt 0.494767 0.845043
vt 0.493824 0.852401
vt 0.484629 0.850071
vt 0.699637 0.294680
vt 0.699396 0.299931
vt 0.696676 0.303759
vt 0.520315 0.826012
vt 0.820140 0.895261
vt 0.563810 0.967990
vt 0.567616 0.964350
vt 0.245923 0.985912
vt 0.244758 0.973205
vt 0.257989 0.980475
vt 0.283633 0.446372
vt 0.303445 0.435391
vt 0.948980 0.944565
vt 0.377424 0.403368
vt 0.893097 0.056922
vt 0.380299 0.396285
vt 0.384394 0.406215
vt 0.389706 0.390066
vt 0.449894 0.839924
vt 0.835301 0.904800
vt 0.691438 0.290653
vt 0.692995 0.311528
vt 0.769180 0.631559
vt 0.773980 0.637730
vt 0.528325 0.827142
vt 0.792193 0.625350
vt 0.686741 0.331199
vt 0.808143 0.883936
vt 0.798845 0.617988
vt 0.667902 0.348969
vt 0.662986 0.363592
vt 0.630557 0.438175
vt 0.613469 0.481224
vt 0.609662 0.490291
vt 0.605044 0.504641
vt 0.874567 0.636714
vt 0.859808 0.649626
vt 0.872558 0.645487
vt 0.599469 0.518627
vt 0.586757 0.551924
vt 0.908378 0.630989
vt 0.937688 0.635263
vt 0.930228 0.625169
vt 0.574692 0.589761
vt 0.113288 0.563420
vt 0.106757 0.555009
vt 0.123314 0.554213
vt 0.229654 0.477325
vt 0.240282 0.471506
vt 0.252215 0.463933
vt 0.264773 0.455432
vt 0.328626 0.418692
vt 0.344223 0.409967
vt 0.549053 0.923565
vt 0.555789 0.912287
vt 0.556380 0.919703
vt 0.358500 0.399752
vt 0.893916 0.061324
vt 0.387011 0.383062
vt 0.624866 0.935547
vt 0.627576 0.936432
vt 0.628827 0.931605
vt 0.494616 0.881797
vt 0.490189 0.880375
vt 0.490577 0.879327
vt 0.474271 0.858623
vt 0.467066 0.856042
vt 0.474724 0.848514
vt 0.442853 0.836957
vt 0.691263 0.298988
vt 0.692512 0.322375
vt 0.828120 0.903202
vt 0.764053 0.643603
vt 0.823405 0.900437
vt 0.684698 0.324450
vt 0.677516 0.330889
vt 0.785277 0.634354
vt 0.776994 0.631960
vt 0.799695 0.623851
vt 0.655881 0.385711
vt 0.643202 0.405916
vt 0.635745 0.424719
vt 0.624573 0.450028
vt 0.173772 0.099656
vt 0.183926 0.105840
vt 0.163802 0.094467
vt 0.620934 0.460307
vt 0.617915 0.470927
vt 0.148189 0.087974
vt 0.135459 0.081142
vt 0.860477 0.640255
vt 0.850160 0.640388
vt 0.887774 0.635306
vt 0.581607 0.537013
vt 0.577671 0.568508
vt 0.539353 0.916977
vt 0.540966 0.905329
vt 0.545932 0.903497
vt 0.545415 0.914304
vt 0.896372 0.051740
vt 0.370165 0.396471
vt 0.379665 0.384926
vt 0.384733 0.392681
vt 0.567378 0.247171
vt 0.561869 0.242504
vt 0.562248 0.237053
vt 0.554326 0.239443
vt 0.503488 0.864861
vt 0.506891 0.873028
vt 0.498968 0.872802
vt 0.504409 0.876178
vt 0.622959 0.941453
vt 0.633951 0.933340
vt 0.633138 0.929265
vt 0.641487 0.923081
vt 0.682718 0.295075
vt 0.682442 0.300518
vt 0.681464 0.303524
vt 0.682973 0.288466
vt 0.772996 0.644430
vt 0.682898 0.313578
vt 0.781023 0.641420
vt 0.557239 0.961417
vt 0.565468 0.959052
vt 0.803963 0.622256
vt 0.949880 0.624920
vt 0.230513 0.464644
vt 0.535309 0.911296
vt 0.537951 0.901242
vt 0.551118 0.907804
vt 0.347696 0.402118
vt 0.902008 0.054482
vt 0.403451 0.919458
vt 0.408242 0.915652
vt 0.404396 0.909804
vt 0.363981 0.395222
vt 0.575802 0.249218
vt 0.568720 0.253304
vt 0.556084 0.247019
vt 0.522443 0.237266
vt 0.522791 0.244741
vt 0.520759 0.240813
vt 0.627878 0.941425
vt 0.648525 0.924908
vt 0.646769 0.922028
vt 0.658470 0.919247
vt 0.651142 0.919243
vt 0.454218 0.844285
vt 0.444349 0.846527
vt 0.436832 0.843336
vt 0.680545 0.307880
vt 0.675222 0.314369
vt 0.674530 0.325319
vt 0.555944 0.956151
vt 0.802205 0.888951
vt 0.652382 0.355831
vt 0.644937 0.375592
vt 0.639449 0.389035
vt 0.866136 0.626000
vt 0.897112 0.621157
vt 0.881194 0.625424
vt 0.940246 0.616360
vt 0.208659 0.495996
vt 0.195335 0.485503
vt 0.206800 0.479007
vt 0.244337 0.455854
vt 0.273942 0.438813
vt 0.297494 0.433029
vt 0.323067 0.410213
vt 0.334771 0.404825
vt 0.388993 0.372526
vt 0.383161 0.372738
vt 0.383803 0.368572
vt 0.904033 0.058476
vt 0.621525 0.951580
vt 0.623006 0.950276
vt 0.621477 0.945515
vt 0.821692 0.910541
vt 0.815630 0.908907
vt 0.807873 0.907623
vt 0.797049 0.888781
vt 0.926882 0.239002
vt 0.921742 0.248881
vt 0.926211 0.245391
vt 0.656647 0.346007
vt 0.615200 0.447236
vt 0.610707 0.458081
vt 0.607241 0.468973
vt 0.603047 0.478472
vt 0.597587 0.491639
vt 0.849830 0.628215
vt 0.591381 0.507041
vt 0.575796 0.546639
vt 0.927254 0.615855
vt 0.571370 0.555519
vt 0.565002 0.572492
vt 0.562080 0.584474
vt 0.950397 0.612666
vt 0.155498 0.527021
vt 0.136557 0.522321
vt 0.152116 0.513627
vt 0.355719 0.396145
vt 0.560583 0.908288
vt 0.910236 0.050465
vt 0.562305 0.255575
vt 0.554883 0.254069
vt 0.543199 0.249497
vt 0.545261 0.245361
vt 0.537360 0.249050
vt 0.529482 0.249506
vt 0.535510 0.243267
vt 0.638317 0.949514
vt 0.645966 0.943429
vt 0.648256 0.935457
vt 0.078208 0.070119
vt 0.074984 0.063200
vt 0.070121 0.067998
vt 0.063023 0.065013
vt 0.070138 0.076565
vt 0.671902 0.298801
vt 0.673900 0.290453
vt 0.780259 0.649956
vt 0.794889 0.640628
vt 0.805445 0.905257
vt 0.546019 0.963301
vt 0.661173 0.334641
vt 0.548341 0.958207
vt 0.926179 0.255351
vt 0.930817 0.244312
vt 0.629988 0.410267
vt 0.623943 0.424933
vt 0.619409 0.436306
vt 0.155019 0.076372
vt 0.139825 0.069469
vt 0.586618 0.517609
vt 0.583134 0.527126
vt 0.218640 0.471892
vt 0.217283 0.484964
vt 0.258439 0.446571
vt 0.290300 0.428219
vt 0.553960 0.898985
vt 0.556617 0.900574
vt 0.914033 0.052876
vt 0.567246 0.263445
vt 0.546453 0.257222
vt 0.519093 0.253332
vt 0.519083 0.246612
vt 0.517234 0.253358
vt 0.622612 0.958552
vt 0.624449 0.958108
vt 0.458226 0.879756
vt 0.452132 0.878711
vt 0.456142 0.878206
vt 0.670336 0.302120
vt 0.670629 0.294315
vt 0.669309 0.307296
vt 0.665755 0.322049
vt 0.552010 0.953417
vt 0.199553 0.102638
vt 0.209489 0.101464
vt 0.201295 0.118840
vt 0.167246 0.080557
vt 0.180816 0.092422
vt 0.909281 0.618833
vt 0.542338 0.898161
vt 0.333208 0.391351
vt 0.343715 0.390323
vt 0.377793 0.363037
vt 0.374867 0.364305
vt 0.914162 0.057571
vt 0.572720 0.266766
vt 0.574809 0.258251
vt 0.556939 0.261984
vt 0.541098 0.258486
vt 0.533752 0.259151
vt 0.519964 0.258682
vt 0.673044 0.932590
vt 0.663455 0.918429
vt 0.670741 0.918359
vt 0.065341 0.056510
vt 0.666821 0.312214
vt 0.787672 0.652389
vt 0.791127 0.645228
vt 0.539170 0.953053
vt 0.920299 0.257472
vt 0.592657 0.464933
vt 0.225229 0.457040
vt 0.250856 0.441434
vt 0.282181 0.423840
vt 0.302682 0.412043
vt 0.540457 0.894442
vt 0.545027 0.890599
vt 0.553774 0.893296
vt 0.561062 0.899416
vt 0.516909 0.259046
vt 0.622564 0.964300
vt 0.637976 0.959529
vt 0.665096 0.942744
vt 0.964135 0.263636
vt 0.963504 0.271664
vt 0.969388 0.264474
vt 0.814045 0.915871
vt 0.666343 0.289422
vt 0.803428 0.916216
vt 0.538236 0.960266
vt 0.543022 0.950287
vt 0.921600 0.264822
vt 0.641757 0.355249
vt 0.633387 0.375676
vt 0.589926 0.479222
vt 0.584562 0.492854
vt 0.579830 0.505403
vt 0.865734 0.617099
vt 0.576502 0.515237
vt 0.572327 0.524689
vt 0.899430 0.613628
vt 0.879731 0.615241
vt 0.564981 0.541625
vt 0.560103 0.556794
vt 0.554694 0.571689
vt 0.964216 0.609812
vt 0.960201 0.601390
vt 0.948341 0.603641
vt 0.937782 0.605379
vt 0.190559 0.477719
vt 0.196535 0.466770
vt 0.209236 0.460656
vt 0.236941 0.449210
vt 0.322427 0.396928
vt 0.552052 0.887871
vt 0.564499 0.898470
vt 0.922254 0.049492
vt 0.555052 0.268648
vt 0.546328 0.264894
vt 0.537744 0.264919
vt 0.523330 0.264122
vt 0.517272 0.263116
vt 0.625580 0.967225
vt 0.446210 0.879481
vt 0.441683 0.882826
vt 0.442116 0.880132
vt 0.071023 0.053341
vt 0.660187 0.303149
vt 0.658419 0.311256
vt 0.653509 0.321969
vt 0.796684 0.654399
vt 0.800512 0.651084
vt 0.807056 0.916737
vt 0.650008 0.337405
vt 0.533369 0.956078
vt 0.803565 0.632489
vt 0.810216 0.630570
vt 0.815841 0.638919
vt 0.625655 0.393791
vt 0.619725 0.409007
vt 0.612992 0.423110
vt 0.607915 0.434526
vt 0.603967 0.445010
vt 0.184830 0.076107
vt 0.596278 0.454116
vt 0.166745 0.072102
vt 0.922977 0.607822
vt 0.186282 0.491267
vt 0.178181 0.485370
vt 0.922751 0.057316
vt 0.571059 0.273967
vt 0.565694 0.273599
vt 0.622487 0.968360
vt 0.648263 0.955578
vt 0.662406 0.952297
vt 0.090840 0.057635
vt 0.089664 0.051826
vt 0.081671 0.052600
vt 0.662863 0.295542
vt 0.660756 0.299143
vt 0.059964 0.057082
vt 0.957153 0.264892
vt 0.958263 0.273413
vt 0.926103 0.265241
vt 0.198902 0.084204
vt 0.838893 0.614040
vt 0.833082 0.630507
vt 0.850152 0.613805
vt 0.259536 0.424253
vt 0.301496 0.394331
vt 0.925842 0.053051
vt 0.545913 0.270048
vt 0.538614 0.270542
vt 0.523889 0.268635
vt 0.516451 0.268556
vt 0.515050 0.264855
vt 0.624710 0.970030
vt 0.633713 0.972389
vt 0.682405 0.928659
vt 0.680603 0.918617
vt 0.807084 0.923050
vt 0.951048 0.270773
vt 0.796768 0.916806
vt 0.798245 0.909249
vt 0.535770 0.949265
vt 0.918431 0.263766
vt 0.171414 0.066239
vt 0.575399 0.493059
vt 0.563604 0.521572
vt 0.889241 0.603578
vt 0.559744 0.530616
vt 0.102657 0.534684
vt 0.101509 0.522074
vt 0.111483 0.521733
vt 0.218374 0.449781
vt 0.232057 0.442439
vt 0.243271 0.433315
vt 0.277565 0.415198
vt 0.292129 0.401896
vt 0.315590 0.386939
vt 0.548073 0.884022
vt 0.562451 0.884437
vt 0.555270 0.274261
vt 0.514409 0.270815
vt 0.057669 0.048077
vt 0.959014 0.281137
vt 0.651975 0.292673
vt 0.648191 0.305008
vt 0.952523 0.277668
vt 0.945959 0.269666
vt 0.945387 0.277549
vt 0.642090 0.322952
vt 0.525840 0.948816
vt 0.639490 0.336530
vt 0.632101 0.351704
vt 0.625781 0.373196
vt 0.615339 0.391052
vt 0.598698 0.430178
vt 0.594525 0.442290
vt 0.580837 0.473709
vt 0.822309 0.616053
vt 0.823980 0.622994
vt 0.578210 0.482817
vt 0.863233 0.608890
vt 0.569077 0.504866
vt 0.876805 0.604564
vt 0.555032 0.542023
vt 0.552983 0.551202
vt 0.911016 0.600100
vt 0.547307 0.560527
vt 0.933876 0.595875
vt 0.923557 0.598224
vt 0.543927 0.569173
vt 0.957448 0.591888
vt 0.945899 0.594086
vt 0.181428 0.473270
vt 0.570639 0.881573
vt 0.572281 0.886813
vt 0.938002 0.050751
vt 0.550061 0.279131
vt 0.539988 0.275625
vt 0.526880 0.276581
vt 0.518598 0.273532
vt 0.627044 0.975673
vt 0.690976 0.926907
vt 0.063277 0.043259
vt 0.651247 0.296280
vt 0.649760 0.298887
vt 0.646177 0.309502
vt 0.645468 0.315957
vt 0.935949 0.276566
vt 0.940079 0.267696
vt 0.788094 0.924052
vt 0.518598 0.960231
vt 0.521963 0.956072
vt 0.915717 0.272172
vt 0.608886 0.404291
vt 0.605664 0.419601
vt 0.205456 0.091069
vt 0.221156 0.085598
vt 0.898547 0.600035
vt 0.560725 0.880928
vt 0.322041 0.380816
vt 0.331083 0.378783
vt 0.937098 0.054395
vt 0.932419 0.058204
vt 0.568707 0.282024
vt 0.563218 0.282995
vt 0.556255 0.279692
vt 0.649158 0.966257
vt 0.676563 0.946841
vt 0.796188 0.932241
vt 0.523571 0.951970
vt 0.918862 0.275783
vt 0.192446 0.063101
vt 0.269923 0.405697
vt 0.556600 0.875315
vt 0.754036 0.851697
vt 0.759698 0.854107
vt 0.764360 0.849035
vt 0.765690 0.853332
vt 0.523744 0.279755
vt 0.515367 0.280732
vt 0.512634 0.282995
vt 0.644539 0.979196
vt 0.669228 0.968950
vt 0.298334 0.150083
vt 0.317745 0.155902
vt 0.308611 0.166965
vt 0.054749 0.034790
vt 0.951808 0.284391
vt 0.627122 0.332028
vt 0.923458 0.274676
vt 0.181839 0.056786
vt 0.574833 0.459884
vt 0.841757 0.604588
vt 0.561196 0.490648
vt 0.857760 0.598758
vt 0.554404 0.506268
vt 0.188591 0.455333
vt 0.198967 0.448808
vt 0.212202 0.439853
vt 0.944749 0.060784
vt 0.735196 0.849337
vt 0.734266 0.860241
vt 0.739876 0.852112
vt 0.746781 0.855535
vt 0.747758 0.851033
vt 0.779609 0.855353
vt 0.777577 0.848985
vt 0.780964 0.851945
vt 0.696975 0.931802
vt 0.798295 0.934358
vt 0.944609 0.286717
vt 0.921546 0.283455
vt 0.914683 0.283918
vt 0.612273 0.368932
vt 0.594267 0.415102
vt 0.211042 0.069740
vt 0.216317 0.076777
vt 0.832634 0.601106
vt 0.817365 0.603751
vt 0.538295 0.546059
vt 0.739317 0.861717
vt 0.754936 0.860590
vt 0.765192 0.858873
vt 0.776803 0.858998
vt 0.789323 0.852752
vt 0.636221 0.985109
vt 0.644707 0.988569
vt 0.694790 0.936329
vt 0.060855 0.034495
vt 0.960604 0.290971
vt 0.963281 0.281813
vt 0.641826 0.292351
vt 0.640378 0.295987
vt 0.632981 0.311851
vt 0.935836 0.287267
vt 0.788348 0.937499
vt 0.785050 0.935296
vt 0.513015 0.950705
vt 0.911149 0.282865
vt 0.619350 0.347188
vt 0.602459 0.390067
vt 0.581030 0.436462
vt 0.576277 0.447885
vt 0.569541 0.469483
vt 0.565300 0.479409
vt 0.845523 0.597662
vt 0.866613 0.592765
vt 0.895327 0.590273
vt 0.542602 0.532741
vt 0.905869 0.588544
vt 0.921211 0.585669
vt 0.932120 0.583703
vt 0.223257 0.429952
vt 0.235689 0.423329
vt 0.251668 0.414470
vt 0.283332 0.394646
vt 0.566228 0.873797
vt 0.316183 0.374577
vt 0.581859 0.874107
vt 0.947534 0.057351
vt 0.747254 0.862070
vt 0.786403 0.860955
vt 0.681380 0.960111
vt 0.072445 0.031168
vt 0.073813 0.042714
vt 0.079333 0.037043
vt 0.954148 0.291488
vt 0.635304 0.304718
vt 0.629764 0.319044
vt 0.509839 0.955507
vt 0.597416 0.403133
vt 0.587890 0.426676
vt 0.883759 0.592301
vt 0.548558 0.517362
vt 0.530862 0.564051
vt 0.955619 0.579370
vt 0.942560 0.581564
vt 0.302805 0.381984
vt 0.576600 0.869276
vt 0.955587 0.052607
vt 0.951308 0.055044
vt 0.792264 0.863872
vt 0.791746 0.855213
vt 0.760843 0.864176
vt 0.657519 0.990710
vt 0.658692 0.977298
vt 0.698595 0.943452
vt 0.087255 0.033707
vt 0.096291 0.027257
vt 0.087265 0.025076
vt 0.697770 0.934779
vt 0.948249 0.291631
vt 0.917962 0.288427
vt 0.245883 0.406138
vt 0.561562 0.865566
vt 0.566457 0.866269
vt 0.743087 0.869470
vt 0.777358 0.864602
vt 0.750127 0.867963
vt 0.756256 0.867265
vt 0.765210 0.865487
vt 0.643950 0.990854
vt 0.699057 0.939774
vt 0.058287 0.025382
vt 0.056670 0.030951
vt 0.633418 0.293604
vt 0.942375 0.295992
vt 0.621568 0.315589
vt 0.505815 0.963046
vt 0.501163 0.961144
vt 0.932816 0.295046
vt 0.504808 0.951270
vt 0.600812 0.366545
vt 0.815864 0.590809
vt 0.526745 0.533812
vt 0.191167 0.439240
vt 0.202883 0.431242
vt 0.259844 0.396586
vt 0.279170 0.387482
vt 0.309828 0.369114
vt 0.572953 0.866580
vt 0.317622 0.362754
vt 0.324029 0.369904
vt 0.959234 0.062540
vt 0.730321 0.872326
vt 0.736554 0.869544
vt 0.787112 0.866869
vt 0.771915 0.866231
vt 0.761267 0.871596
vt 0.696278 0.953665
vt 0.959868 0.297211
vt 0.635713 0.289480
vt 0.627026 0.301379
vt 0.948328 0.298271
vt 0.622535 0.307366
vt 0.919093 0.296234
vt 0.910121 0.290098
vt 0.614733 0.327718
vt 0.608669 0.343679
vt 0.592035 0.386143
vt 0.586698 0.398386
vt 0.578373 0.410639
vt 0.224519 0.068236
vt 0.234862 0.071101
vt 0.575703 0.423556
vt 0.804701 0.605193
vt 0.800331 0.591257
vt 0.793230 0.605685
vt 0.562154 0.456718
vt 0.558072 0.466739
vt 0.553724 0.475787
vt 0.549388 0.484826
vt 0.855561 0.588549
vt 0.843850 0.587453
vt 0.542542 0.498680
vt 0.885306 0.582669
vt 0.909237 0.576904
vt 0.522004 0.549842
vt 0.922321 0.573438
vt 0.157259 0.460603
vt 0.165517 0.453817
vt 0.175764 0.462508
vt 0.179471 0.445762
vt 0.290607 0.379022
vt 0.779503 0.870623
vt 0.750769 0.875868
vt 0.768881 0.869201
vt 0.774357 0.870126
vt 0.651297 0.993382
vt 0.757154 0.874255
vt 0.765539 0.870796
vt 0.667413 0.989271
vt 0.951297 0.302077
vt 0.626822 0.292999
vt 0.790370 0.943767
vt 0.938211 0.300562
vt 0.496536 0.957660
vt 0.914390 0.294563
vt 0.832616 0.588576
vt 0.531949 0.522012
vt 0.898163 0.581953
vt 0.964381 0.564825
vt 0.951770 0.569289
vt 0.937864 0.571504
vt 0.212941 0.423310
vt 0.227660 0.413956
vt 0.585107 0.865258
vt 0.962841 0.056732
vt 0.327568 0.357946
vt 0.328175 0.351194
vt 0.336049 0.354220
vt 0.964449 0.060831
vt 0.741672 0.875099
vt 0.790334 0.871779
vt 0.793194 0.870658
vt 0.656063 0.994263
vt 0.991305 0.843063
vt 0.988572 0.838631
vt 0.756100 0.881682
vt 0.768873 0.877302
vt 0.769906 0.874377
vt 0.991740 0.837512
vt 0.679932 0.975622
vt 0.682717 0.971681
vt 0.699223 0.948934
vt 0.079334 0.025337
vt 0.076407 0.017797
vt 0.069470 0.024551
vt 0.957220 0.305990
vt 0.962892 0.305090
vt 0.626709 0.287679
vt 0.052964 0.017275
vt 0.798632 0.938640
vt 0.790906 0.951226
vt 0.615405 0.312298
vt 0.498356 0.953450
vt 0.223035 0.056338
vt 0.205217 0.052274
vt 0.564409 0.432844
vt 0.861741 0.576809
vt 0.870964 0.574894
vt 0.531255 0.511239
vt 0.266994 0.384259
vt 0.299947 0.365707
vt 0.566816 0.860272
vt 0.575672 0.857441
vt 0.305764 0.356829
vt 0.735723 0.877091
vt 0.776688 0.873405
vt 0.782062 0.875521
vt 0.789217 0.876227
vt 0.793489 0.874942
vt 0.764171 0.879188
vt 0.987619 0.832391
vt 0.775512 0.877753
vt 0.094913 0.017669
vt 0.091786 0.014347
vt 0.085383 0.018817
vt 0.058778 0.017305
vt 0.620151 0.298536
vt 0.613943 0.304757
vt 0.784742 0.952200
vt 0.607326 0.321507
vt 0.908235 0.295997
vt 0.910785 0.299270
vt 0.559892 0.442542
vt 0.823361 0.581069
vt 0.854648 0.578349
vt 0.899145 0.568921
vt 0.312470 0.353410
vt 0.320260 0.353258
vt 0.590019 0.866010
vt 0.589271 0.870373
vt 0.777927 0.876040
vt 0.781285 0.878824
vt 0.746889 0.879933
vt 0.772827 0.885774
vt 0.776620 0.884700
vt 0.987785 0.825259
vt 0.695849 0.964653
vt 0.699053 0.956330
vt 0.097563 0.011351
vt 0.100568 0.014863
vt 0.105229 0.017808
vt 0.102594 0.011141
vt 0.109063 0.019601
vt 0.109680 0.013260
vt 0.110611 0.017695
vt 0.060656 0.012582
vt 0.620903 0.286817
vt 0.947084 0.308810
vt 0.932111 0.306342
vt 0.703650 0.907050
vt 0.710884 0.920747
vt 0.707394 0.924281
vt 0.488919 0.962944
vt 0.589000 0.366248
vt 0.239076 0.392065
vt 0.273636 0.373376
vt 0.582792 0.858446
vt 0.298738 0.360460
vt 0.971186 0.069534
vt 0.961635 0.069150
vt 0.966509 0.073698
vt 0.737618 0.882897
vt 0.792090 0.880045
vt 0.778238 0.882492
vt 0.663421 0.992676
vt 0.662035 0.994501
vt 0.950483 0.194437
vt 0.951036 0.186832
vt 0.942849 0.189497
vt 0.943040 0.183111
vt 0.934303 0.189533
vt 0.936491 0.179377
vt 0.931151 0.177329
vt 0.929117 0.190204
vt 0.771094 0.889847
vt 0.925385 0.141022
vt 0.917991 0.141325
vt 0.922789 0.143614
vt 0.936915 0.139632
vt 0.932381 0.133108
vt 0.929706 0.138676
vt 0.942906 0.131985
vt 0.941927 0.127178
vt 0.080305 0.012861
vt 0.613313 0.294059
vt 0.940033 0.309565
vt 0.707083 0.905893
vt 0.224563 0.019036
vt 0.220744 0.013271
vt 0.228863 0.016606
vt 0.908163 0.303999
vt 0.914085 0.302102
vt 0.597362 0.338323
vt 0.575842 0.389790
vt 0.234513 0.059294
vt 0.558369 0.415540
vt 0.544728 0.449409
vt 0.813534 0.575597
vt 0.540599 0.460202
vt 0.832179 0.573070
vt 0.841551 0.572116
vt 0.532165 0.496960
vt 0.883162 0.570398
vt 0.521586 0.518340
vt 0.948358 0.557873
vt 0.934662 0.560408
vt 0.143853 0.455931
vt 0.154398 0.450391
vt 0.209429 0.408655
vt 0.588167 0.859820
vt 0.974538 0.066799
vt 0.789788 0.882146
vt 0.960314 0.195854
vt 0.958309 0.188118
vt 0.781857 0.883264
vt 0.669524 0.992608
vt 0.776387 0.890784
vt 0.989307 0.818867
vt 0.985411 0.819457
vt 0.942547 0.174592
vt 0.676574 0.990067
vt 0.693610 0.973989
vt 0.697714 0.965240
vt 0.699057 0.960241
vt 0.341505 0.132422
vt 0.349051 0.144856
vt 0.328702 0.148314
vt 0.931755 0.143746
vt 0.927288 0.147529
vt 0.921008 0.150580
vt 0.917890 0.147563
vt 0.112245 0.007374
vt 0.111721 0.010950
vt 0.063057 0.005499
vt 0.953077 0.312689
vt 0.955459 0.317325
vt 0.961517 0.315499
vt 0.619303 0.279625
vt 0.055920 0.008563
vt 0.697624 0.909148
vt 0.700364 0.900639
vt 0.606516 0.308661
vt 0.486103 0.967789
vt 0.214920 0.018943
vt 0.213332 0.013737
vt 0.916017 0.307341
vt 0.911258 0.308287
vt 0.799303 0.580562
vt 0.536286 0.470094
vt 0.539165 0.482104
vt 0.515867 0.532778
vt 0.918024 0.564699
vt 0.509500 0.547056
vt 0.198776 0.421291
vt 0.220806 0.399982
vt 0.291623 0.355007
vt 0.600623 0.862587
vt 0.975952 0.061929
vt 0.966199 0.186472
vt 0.786570 0.887705
vt 0.792437 0.886973
vt 0.949956 0.177929
vt 0.682852 0.986073
vt 0.987637 0.814507
vt 0.983093 0.813265
vt 0.935183 0.166614
vt 0.929515 0.169619
vt 0.926081 0.175616
vt 0.924138 0.171767
vt 0.692034 0.976992
vt 0.695770 0.970201
vt 0.929779 0.151263
vt 0.923731 0.152878
vt 0.938233 0.148348
vt 0.918446 0.152132
vt 0.947416 0.137763
vt 0.959491 0.120558
vt 0.614135 0.281288
vt 0.605223 0.298382
vt 0.937555 0.316064
vt 0.588736 0.329728
vt 0.096970 0.484970
vt 0.089486 0.478653
vt 0.110804 0.476555
vt 0.249258 0.379756
vt 0.276558 0.362385
vt 0.009337 0.709817
vt 0.009051 0.701515
vt 0.005502 0.709088
vt 0.592970 0.853425
vt 0.597113 0.859440
vt 0.976787 0.079949
vt 0.958460 0.179302
vt 0.791461 0.892050
vt 0.975885 0.822035
vt 0.973739 0.820136
vt 0.788922 0.893012
vt 0.793315 0.893804
vt 0.976147 0.817950
vt 0.678544 0.990111
vt 0.942624 0.165281
vt 0.922973 0.166351
vt 0.987975 0.808385
vt 0.929610 0.164897
vt 0.939690 0.156128
vt 0.932385 0.158032
vt 0.926734 0.159095
vt 0.922994 0.160729
vt 0.918992 0.155583
vt 0.917456 0.156747
vt 0.946407 0.146672
vt 0.958479 0.128885
vt 0.608103 0.284473
vt 0.694301 0.900058
vt 0.945539 0.316757
vt 0.927412 0.314487
vt 0.474899 0.966842
vt 0.201533 0.013792
vt 0.909632 0.314820
vt 0.595424 0.317295
vt 0.576786 0.357635
vt 0.567519 0.387436
vt 0.562085 0.401222
vt 0.551616 0.426845
vt 0.795761 0.572918
vt 0.783273 0.586034
vt 0.547236 0.437002
vt 0.819938 0.570062
vt 0.854958 0.565896
vt 0.526158 0.486804
vt 0.868224 0.564883
vt 0.906347 0.557923
vt 0.499367 0.548464
vt 0.959578 0.554215
vt 0.952013 0.547984
vt 0.936653 0.551484
vt 0.921993 0.554624
vt 0.184884 0.432316
vt 0.176285 0.426664
vt 0.187785 0.419601
vt 0.195891 0.414385
vt 0.259667 0.369744
vt 0.292390 0.348272
vt 0.004754 0.693198
vt 0.000486 0.704193
vt 0.306287 0.346531
vt 0.979890 0.070467
vt 0.978001 0.075476
vt 0.790381 0.897162
vt 0.792286 0.895407
vt 0.954026 0.171697
vt 0.976910 0.811250
vt 0.973275 0.816083
vt 0.793489 0.903130
vt 0.685826 0.986848
vt 0.949211 0.164412
vt 0.982704 0.807897
vt 0.688838 0.984093
vt 0.990976 0.802672
vt 0.986512 0.800244
vt 0.948141 0.156491
vt 0.694436 0.977767
vt 0.991740 0.795685
vt 0.918884 0.161203
vt 0.916910 0.160483
vt 0.949205 0.151691
vt 0.954742 0.139627
vt 0.964643 0.127663
vt 0.958882 0.324502
vt 0.963449 0.323411
vt 0.966764 0.316939
vt 0.607414 0.276227
vt 0.948737 0.325324
vt 0.686527 0.897387
vt 0.689045 0.889886
vt 0.941223 0.324539
vt 0.699865 0.894221
vt 0.704399 0.893563
vt 0.473367 0.972965
vt 0.530322 0.477235
vt 0.521433 0.496910
vt 0.517783 0.505875
vt 0.512043 0.518391
vt 0.887760 0.560365
vt 0.591154 0.849544
vt 0.603565 0.853892
vt 0.979825 0.072254
vt 0.979064 0.078138
vt 0.967120 0.175612
vt 0.962420 0.171426
vt 0.974034 0.810067
vt 0.974684 0.808031
vt 0.978531 0.804399
vt 0.688237 0.986492
vt 0.960213 0.163742
vt 0.694519 0.980565
vt 0.957463 0.147231
vt 0.969388 0.324329
vt 0.967651 0.122681
vt 0.692996 0.887018
vt 0.600029 0.302648
vt 0.587641 0.307297
vt 0.201609 0.009647
vt 0.913016 0.315671
vt 0.917406 0.317815
vt 0.209403 0.009048
vt 0.505090 0.534170
vt 0.202732 0.397292
vt 0.221531 0.385019
vt 0.260307 0.361826
vt 0.277109 0.351900
vt 0.009551 0.693879
vt 0.300148 0.338233
vt 0.309951 0.339408
vt 0.309367 0.327517
vt 0.319203 0.331130
vt 0.614874 0.857592
vt 0.815452 0.315172
vt 0.820323 0.316836
vt 0.820531 0.313794
vt 0.820502 0.311749
vt 0.815315 0.309368
vt 0.819032 0.308669
vt 0.611203 0.863444
vt 0.818921 0.304146
vt 0.813682 0.304883
vt 0.982993 0.073879
vt 0.619980 0.861586
vt 0.616259 0.863730
vt 0.619485 0.864070
vt 0.876827 0.967428
vt 0.878708 0.971420
vt 0.873078 0.968975
vt 0.973393 0.187048
vt 0.976190 0.186843
vt 0.974027 0.175636
vt 0.979229 0.800880
vt 0.961350 0.155983
vt 0.967010 0.136658
vt 0.970387 0.129337
vt 0.597127 0.280772
vt 0.594650 0.295562
vt 0.914043 0.322475
vt 0.586666 0.315629
vt 0.808582 0.562489
vt 0.836328 0.559023
vt 0.846897 0.557345
vt 0.872329 0.552890
vt 0.494614 0.529800
vt 0.912154 0.545887
vt 0.932936 0.542790
vt 0.109392 0.465936
vt 0.105331 0.457395
vt 0.122216 0.459634
vt 0.160289 0.436771
vt 0.165246 0.421837
vt 0.243777 0.372638
vt 0.287237 0.340542
vt 0.602337 0.849741
vt 0.611982 0.854842
vt 0.823965 0.308805
vt 0.820935 0.304224
vt 0.878919 0.972959
vt 0.874153 0.975013
vt 0.631508 0.860613
vt 0.633060 0.864942
vt 0.969896 0.163860
vt 0.969449 0.155485
vt 0.966615 0.146783
vt 0.604609 0.288335
vt 0.590431 0.284371
vt 0.696098 0.883389
vt 0.467081 0.973141
vt 0.918949 0.324696
vt 0.929317 0.324428
vt 0.557905 0.387142
vt 0.551962 0.400662
vt 0.546259 0.413943
vt 0.540576 0.422820
vt 0.794936 0.563376
vt 0.532279 0.444723
vt 0.529476 0.455233
vt 0.524685 0.463772
vt 0.503923 0.500389
vt 0.502647 0.511394
vt 0.902207 0.549480
vt 0.968416 0.542589
vt 0.952922 0.536676
vt 0.825318 0.315694
vt 0.825559 0.311424
vt 0.825318 0.305199
vt 0.879009 0.976734
vt 0.628467 0.856573
vt 0.972634 0.137004
vt 0.920797 0.204422
vt 0.908562 0.206464
vt 0.911478 0.197814
vt 0.901505 0.203430
vt 0.683532 0.884115
vt 0.687623 0.881340
vt 0.587320 0.290179
vt 0.463071 0.978426
vt 0.700663 0.883364
vt 0.185247 0.009900
vt 0.536363 0.433958
vt 0.826067 0.559742
vt 0.520639 0.474803
vt 0.513660 0.480279
vt 0.858700 0.554887
vt 0.503464 0.489522
vt 0.495542 0.519729
vt 0.964995 0.532801
vt 0.942622 0.539167
vt 0.923191 0.544404
vt 0.175898 0.413267
vt 0.189107 0.405535
vt 0.257533 0.353683
vt 0.007899 0.684499
vt 0.003319 0.682386
vt 0.602532 0.845588
vt 0.612321 0.847267
vt 0.614700 0.850348
vt 0.299976 0.322975
vt 0.310013 0.319389
vt 0.317656 0.325201
vt 0.583004 0.996437
vt 0.588486 0.997885
vt 0.585873 0.993404
vt 0.582604 0.991782
vt 0.587364 0.988579
vt 0.583102 0.988920
vt 0.588835 0.993757
vt 0.592908 0.997417
vt 0.593294 0.993891
vt 0.592908 0.989086
vt 0.647753 0.866705
vt 0.975033 0.163378
vt 0.976190 0.155594
vt 0.975178 0.148101
vt 0.678540 0.874454
vt 0.676409 0.878487
vt 0.906138 0.192460
vt 0.578395 0.298532
vt 0.189482 0.007183
vt 0.198646 0.006314
vt 0.911278 0.324570
vt 0.915855 0.328664
vt 0.566043 0.332518
vt 0.560808 0.349100
vt 0.553326 0.379217
vt 0.819751 0.553144
vt 0.888314 0.548586
vt 0.289415 0.327466
vt 0.005867 0.676740
vt 0.646572 0.861420
vt 0.657134 0.868060
vt 0.665268 0.871677
vt 0.684657 0.872029
vt 0.691251 0.874560
vt 0.184038 0.014699
vt 0.191090 0.013540
vt 0.576255 0.310436
vt 0.538166 0.406081
vt 0.099132 0.450158
vt 0.117408 0.450240
vt 0.189551 0.395220
vt 0.202620 0.387001
vt 0.227439 0.370830
vt 0.239454 0.359642
vt 0.625902 0.850953
vt 0.635705 0.855071
vt 0.661072 0.865124
vt 0.672524 0.865215
vt 0.894469 0.199864
vt 0.896719 0.190852
vt 0.581270 0.283062
vt 0.694083 0.871777
vt 0.169848 0.012571
vt 0.181990 0.005823
vt 0.184362 0.003962
vt 0.540690 0.392417
vt 0.788978 0.552257
vt 0.777706 0.563905
vt 0.804661 0.551741
vt 0.527641 0.428788
vt 0.487722 0.505474
vt 0.884601 0.543002
vt 0.482968 0.525988
vt 0.959964 0.522803
vt 0.899660 0.540045
vt 0.937064 0.525123
vt 0.926500 0.528895
vt 0.151181 0.429455
vt 0.145311 0.423909
vt 0.175057 0.405063
vt 0.214352 0.378438
vt 0.264355 0.340371
vt 0.613842 0.842614
vt 0.627388 0.847546
vt 0.648878 0.856329
vt 0.094317 0.628391
vt 0.102514 0.623241
vt 0.103025 0.631312
vt 0.897894 0.222866
vt 0.884800 0.218363
vt 0.893667 0.210907
vt 0.571921 0.291942
vt 0.531650 0.416052
vt 0.522356 0.439025
vt 0.518783 0.449048
vt 0.509526 0.456092
vt 0.836000 0.549516
vt 0.507030 0.467197
vt 0.852431 0.547202
vt 0.949388 0.526256
vt 0.919338 0.534486
vt 0.908973 0.533507
vt 0.125301 0.433232
vt 0.137475 0.437448
vt 0.272752 0.327558
vt 0.625143 0.842358
vt 0.628122 0.845487
vt 0.299940 0.311575
vt 0.640003 0.850741
vt 0.885740 0.207027
vt 0.680239 0.865231
vt 0.884745 0.184988
vt 0.892104 0.179001
vt 0.170481 0.008394
vt 0.559048 0.306526
vt 0.550890 0.327709
vt 0.539486 0.379669
vt 0.869008 0.544441
vt 0.186677 0.384614
vt 0.289825 0.313142
vt 0.868330 0.248841
vt 0.861162 0.237905
vt 0.872195 0.241376
vt 0.663327 0.857115
vt 0.084251 0.623776
vt 0.080116 0.611050
vt 0.093707 0.619330
vt 0.885745 0.196904
vt 0.683559 0.862434
vt 0.548810 0.317033
vt 0.545311 0.344000
vt 0.535858 0.370268
vt 0.488932 0.471137
vt 0.477439 0.511013
vt 0.472899 0.519211
vt 0.895687 0.530232
vt 0.176495 0.390422
vt 0.206303 0.370983
vt 0.215340 0.359638
vt 0.238173 0.345478
vt 0.629727 0.841302
vt 0.647955 0.848363
vt 0.869134 0.232868
vt 0.874772 0.229281
vt 0.873789 0.220841
vt 0.880575 0.225186
vt 0.672290 0.856643
vt 0.091817 0.606489
vt 0.155235 0.013283
vt 0.159057 0.008429
vt 0.166359 0.005181
vt 0.526207 0.402090
vt 0.517795 0.424802
vt 0.804123 0.540699
vt 0.507779 0.444583
vt 0.832016 0.541082
vt 0.843035 0.538682
vt 0.854837 0.535587
vt 0.484802 0.491943
vt 0.870368 0.534914
vt 0.883392 0.531965
vt 0.958116 0.511772
vt 0.944921 0.511050
vt 0.145869 0.409422
vt 0.159473 0.401627
vt 0.161396 0.413169
vt 0.195288 0.378420
vt 0.225178 0.356173
vt 0.270167 0.319830
vt 0.852196 0.247804
vt 0.850526 0.241696
vt 0.643056 0.842677
vt 0.857805 0.227800
vt 0.661801 0.852082
vt 0.863054 0.222950
vt 0.865719 0.216017
vt 0.876768 0.213570
vt 0.877208 0.203577
vt 0.142874 0.016219
vt 0.146674 0.010586
vt 0.530340 0.363865
vt 0.515392 0.410319
vt 0.820386 0.541319
vt 0.241619 0.334353
vt 0.275364 0.312378
vt 0.841943 0.249813
vt 0.837252 0.242144
vt 0.640503 0.839447
vt 0.852936 0.233395
vt 0.652519 0.844465
vt 0.663656 0.848988
vt 0.869881 0.209509
vt 0.131828 0.019036
vt 0.130927 0.015631
vt 0.139474 0.012054
vt 0.873033 0.189966
vt 0.874568 0.165147
vt 0.524367 0.387072
vt 0.507620 0.431490
vt 0.482171 0.479649
vt 0.906971 0.519067
vt 0.118173 0.598997
vt 0.108634 0.597543
vt 0.120810 0.597134
vt 0.127860 0.012767
vt 0.137177 0.009314
vt 0.549884 0.297653
vt 0.543777 0.326026
vt 0.810520 0.531585
vt 0.491628 0.454640
vt 0.920614 0.509402
vt 0.186018 0.371153
vt 0.835451 0.235778
vt 0.861590 0.196163
vt 0.542874 0.310654
vt 0.521523 0.379367
vt 0.772969 0.542533
vt 0.766251 0.531318
vt 0.762036 0.543604
vt 0.515522 0.395266
vt 0.507630 0.417891
vt 0.798069 0.531623
vt 0.788299 0.541857
vt 0.825094 0.530821
vt 0.839198 0.527870
vt 0.851502 0.527748
vt 0.468542 0.494322
vt 0.952547 0.504197
vt 0.127817 0.420158
vt 0.121194 0.411908
vt 0.134923 0.404627
vt 0.166969 0.396250
vt 0.167353 0.383447
vt 0.177293 0.377909
vt 0.842846 0.228137
vt 0.850339 0.216249
vt 0.853013 0.209263
vt 0.857355 0.202643
vt 0.530691 0.340303
vt 0.785327 0.532623
vt 0.497749 0.439928
vt 0.859931 0.519874
vt 0.462999 0.516896
vt 0.890967 0.516924
vt 0.877973 0.523869
vt 0.930555 0.506108
vt 0.196679 0.363930
vt 0.211200 0.345402
vt 0.226836 0.342177
vt 0.232303 0.326078
vt 0.239074 0.320659
vt 0.844504 0.220347
vt 0.862075 0.172127
vt 0.497098 0.425712
vt 0.467907 0.482999
vt 0.461071 0.503849
vt 0.195108 0.350783
vt 0.220306 0.334689
vt 0.246512 0.313090
vt 0.827167 0.249929
vt 0.815611 0.238485
vt 0.814833 0.225566
vt 0.518496 0.356976
vt 0.937010 0.493610
vt 0.907878 0.507626
vt 0.151956 0.394071
vt 0.156954 0.378439
vt 0.826271 0.220443
vt 0.850381 0.178737
vt 0.529502 0.306570
vt 0.524629 0.325330
vt 0.761776 0.519079
vt 0.751091 0.521227
vt 0.796269 0.521828
vt 0.485712 0.443720
vt 0.826321 0.522820
vt 0.475317 0.462227
vt 0.469546 0.471325
vt 0.869585 0.512998
vt 0.960897 0.493151
vt 0.946863 0.486814
vt 0.099609 0.423908
vt 0.096525 0.415507
vt 0.111095 0.419345
vt 0.167968 0.371259
vt 0.798024 0.252500
vt 0.835426 0.209004
vt 0.849882 0.169435
vt 0.850609 0.156718
vt 0.508884 0.371155
vt 0.504355 0.384467
vt 0.780103 0.522021
vt 0.497396 0.396307
vt 0.478997 0.454364
vt 0.847821 0.516241
vt 0.880298 0.509697
vt 0.895124 0.500619
vt 0.106130 0.409291
vt 0.180158 0.363357
vt 0.838756 0.202461
vt 0.843639 0.196172
vt 0.860098 0.149129
vt 0.521374 0.315331
vt 0.488140 0.420363
vt 0.479685 0.430776
vt 0.834223 0.514525
vt 0.199958 0.335450
vt 0.491567 0.410124
vt 0.818324 0.510573
vt 0.812550 0.520706
vt 0.448478 0.496857
vt 0.887239 0.499992
vt 0.921564 0.483553
vt 0.114544 0.403131
vt 0.113696 0.391704
vt 0.127486 0.396975
vt 0.179747 0.349504
vt 0.221746 0.321150
vt 0.229170 0.314064
vt 0.788655 0.246673
vt 0.792582 0.239442
vt 0.806583 0.230733
vt 0.820404 0.209540
vt 0.506666 0.348147
vt 0.803893 0.511248
vt 0.461509 0.467178
vt 0.854431 0.505216
vt 0.863628 0.502324
vt 0.453887 0.480982
vt 0.910642 0.486100
vt 0.901134 0.489988
vt 0.172325 0.356168
vt 0.207986 0.325124
vt 0.780565 0.254355
vt 0.830660 0.190039
vt 0.373959 0.086837
vt 0.392452 0.092101
vt 0.392548 0.101780
vt 0.836261 0.183732
vt 0.838440 0.173531
vt 0.499622 0.366819
vt 0.788635 0.510876
vt 0.473935 0.438814
vt 0.466208 0.453233
vt 0.844481 0.508472
vt 0.877410 0.497315
vt 0.147956 0.371829
vt 0.160556 0.363122
vt 0.814722 0.214770
vt 0.823870 0.199394
vt 0.842764 0.140535
vt 0.499811 0.331736
vt 0.492111 0.380861
vt 0.766905 0.248422
vt 0.833471 0.158701
vt 0.764929 0.499031
vt 0.751511 0.507013
vt 0.771784 0.507806
vt 0.841242 0.498774
vt 0.828242 0.500610
vt 0.956084 0.480729
vt 0.941581 0.473865
vt 0.930004 0.478978
vt 0.146164 0.359397
vt 0.187825 0.329093
vt 0.205925 0.313821
vt 0.780515 0.235459
vt 0.795483 0.215140
vt 0.810892 0.196781
vt 0.830173 0.149123
vt 0.502073 0.317063
vt 0.492270 0.395453
vt 0.476531 0.399040
vt 0.472678 0.409805
vt 0.466162 0.419015
vt 0.803274 0.501206
vt 0.456407 0.452762
vt 0.449970 0.473999
vt 0.439418 0.479840
vt 0.434694 0.490081
vt 0.101759 0.399377
vt 0.096930 0.388597
vt 0.157679 0.351883
vt 0.169932 0.343876
vt 0.176325 0.336567
vt 0.188385 0.341750
vt 0.757123 0.254632
vt 0.791578 0.224036
vt 0.806240 0.202361
vt 0.813713 0.189314
vt 0.826712 0.168566
vt 0.839240 0.129707
vt 0.856677 0.138005
vt 0.493991 0.347980
vt 0.489698 0.360969
vt 0.478929 0.387267
vt 0.812921 0.498250
vt 0.464732 0.432258
vt 0.454508 0.438809
vt 0.447990 0.459316
vt 0.889776 0.487877
vt 0.195679 0.320694
vt 0.797990 0.206351
vt 0.816262 0.182393
vt 0.817507 0.174880
vt 0.482622 0.372530
vt 0.849119 0.492633
vt 0.861829 0.490094
vt 0.875974 0.483070
vt 0.885117 0.482734
vt 0.487300 0.339710
vt 0.482468 0.353984
vt 0.791810 0.490578
vt 0.786023 0.500747
vt 0.835834 0.487666
vt 0.434177 0.464999
vt 0.949693 0.467908
vt 0.935587 0.462851
vt 0.924237 0.465847
vt 0.029589 0.423062
vt 0.037246 0.406563
vt 0.041603 0.417705
vt 0.112147 0.379838
vt 0.117165 0.363509
vt 0.134460 0.366121
vt 0.176397 0.322796
vt 0.755177 0.242193
vt 0.770893 0.226846
vt 0.772273 0.215231
vt 0.822659 0.133343
vt 0.483495 0.331398
vt 0.451127 0.423960
vt 0.440838 0.442562
vt 0.859441 0.483811
vt 0.425265 0.484705
vt 0.945424 0.458661
vt 0.913577 0.467866
vt 0.904592 0.475420
vt 0.893980 0.477192
vt 0.757880 0.230609
vt 0.814090 0.160394
vt 0.827030 0.123297
vt 0.827619 0.110348
vt 0.843307 0.114960
vt 0.332479 0.015991
vt 0.351202 0.015346
vt 0.333680 0.026887
vt 0.467560 0.393406
vt 0.459444 0.400110
vt 0.803618 0.481181
vt 0.821915 0.486656
vt 0.426379 0.472110
vt 0.072389 0.390938
vt 0.085365 0.382586
vt 0.082502 0.397531
vt 0.133247 0.353800
vt 0.144375 0.345819
vt 0.167192 0.330125
vt 0.186938 0.313685
vt 0.738072 0.254247
vt 0.786214 0.191485
vt 0.793810 0.187625
vt 0.799063 0.182134
vt 0.472238 0.365838
vt 0.467319 0.377436
vt 0.453565 0.411821
vt 0.800657 0.175129
vt 0.812914 0.140022
vt 0.843087 0.475590
vt 0.140568 0.332192
vt 0.156772 0.338414
vt 0.154884 0.325095
vt 0.737409 0.242413
vt 0.743474 0.234108
vt 0.763537 0.199370
vt 0.457710 0.383240
vt 0.788830 0.478016
vt 0.438697 0.429186
vt 0.828064 0.476314
vt 0.429493 0.448465
vt 0.954213 0.448400
vt 0.939639 0.445501
vt 0.871883 0.471178
vt 0.928378 0.450417
vt 0.881136 0.468972
vt 0.899075 0.460715
vt 0.060954 0.384187
vt 0.073679 0.377008
vt 0.130357 0.342234
vt 0.160375 0.316667
vt 0.726949 0.262880
vt 0.724504 0.248267
vt 0.758647 0.219207
vt 0.800468 0.152049
vt 0.812607 0.117114
vt 0.466598 0.335601
vt 0.475540 0.348007
vt 0.457814 0.369032
vt 0.776768 0.486674
vt 0.772103 0.475691
vt 0.446544 0.405563
vt 0.848762 0.469118
vt 0.417564 0.455525
vt 0.416451 0.465767
vt 0.917549 0.451886
vt 0.889220 0.466250
vt 0.791283 0.161686
vt 0.812892 0.101662
vt 0.460649 0.353395
vt 0.756123 0.477213
vt 0.749898 0.469029
vt 0.738525 0.478370
vt 0.449634 0.392122
vt 0.439147 0.413949
vt 0.862488 0.469224
vt 0.949293 0.438354
vt 0.907543 0.453609
vt 0.045932 0.390416
vt 0.051217 0.374635
vt 0.740935 0.220357
vt 0.799691 0.132342
vt 0.807664 0.125092
vt 0.451120 0.360924
vt 0.425176 0.433555
vt 0.102250 0.359794
vt 0.095491 0.346525
vt 0.116217 0.347135
vt 0.139222 0.319682
vt 0.711707 0.255331
vt 0.705382 0.247898
vt 0.724084 0.234179
vt 0.754394 0.205534
vt 0.782306 0.170604
vt 0.791387 0.140327
vt 0.446466 0.375597
vt 0.426997 0.419547
vt 0.812370 0.467373
vt 0.815108 0.476527
vt 0.420353 0.442512
vt 0.956052 0.429655
vt 0.944960 0.429671
vt 0.857113 0.462331
vt 0.875171 0.455544
vt 0.884878 0.457623
vt 0.771963 0.180125
vt 0.785122 0.148224
vt 0.794546 0.119607
vt 0.800316 0.112014
vt 0.741056 0.457015
vt 0.732577 0.469937
vt 0.440687 0.385901
vt 0.437040 0.399755
vt 0.796701 0.466892
vt 0.933853 0.434373
vt 0.917346 0.441106
vt 0.867929 0.456953
vt 0.890577 0.446123
vt 0.709031 0.240969
vt 0.729797 0.227470
vt 0.745206 0.212151
vt 0.797538 0.097670
vt 0.812681 0.082940
vt 0.834276 0.463277
vt 0.822810 0.465381
vt 0.902832 0.444030
vt 0.113122 0.336797
vt 0.786325 0.125887
vt 0.787588 0.090776
vt 0.795266 0.079737
vt 0.805450 0.073507
vt 0.437475 0.366080
vt 0.843584 0.453883
vt 0.965481 0.419023
vt 0.948142 0.412629
vt 0.676044 0.247538
vt 0.691993 0.242430
vt 0.689740 0.255302
vt 0.696054 0.233242
vt 0.711586 0.227604
vt 0.719169 0.221063
vt 0.742530 0.198710
vt 0.747515 0.191250
vt 0.753318 0.184105
vt 0.767801 0.192393
vt 0.768208 0.162972
vt 0.775649 0.154193
vt 0.786378 0.105281
vt 0.414710 0.425799
vt 0.411422 0.436123
vt 0.939294 0.420447
vt 0.926969 0.421704
vt 0.861594 0.450665
vt 0.919612 0.429633
vt 0.880162 0.447746
vt 0.804872 0.849920
vt 0.819135 0.844392
vt 0.822921 0.857415
vt 0.125251 0.330294
vt 0.112560 0.322671
vt 0.124108 0.314630
vt 0.728353 0.213563
vt 0.777219 0.134005
vt 0.373346 0.003708
vt 0.383285 0.004026
vt 0.374482 0.018339
vt 0.429682 0.377328
vt 0.426996 0.389721
vt 0.429746 0.408861
vt 0.412150 0.409634
vt 0.825738 0.454002
vt 0.807239 0.454357
vt 0.905224 0.429748
vt 0.897940 0.434797
vt 0.682033 0.236546
vt 0.731454 0.205328
vt 0.759595 0.174453
vt 0.771101 0.141568
vt 0.775531 0.110852
vt 0.777229 0.098604
vt 0.767010 0.464975
vt 0.774827 0.452089
vt 0.758308 0.453302
vt 0.781183 0.464790
vt 0.789340 0.454112
vt 0.421382 0.400983
vt 0.968416 0.401417
vt 0.954171 0.398374
vt 0.960456 0.409793
vt 0.851038 0.447714
vt 0.868843 0.442118
vt 0.777970 0.077315
vt 0.961673 0.388283
vt 0.838120 0.441361
vt 0.933651 0.410168
vt 0.872523 0.435487
vt 0.662487 0.252808
vt 0.664116 0.239620
vt 0.730465 0.192984
vt 0.736832 0.185810
vt 0.755380 0.155607
vt 0.769747 0.118909
vt 0.787491 0.053587
vt 0.772893 0.050642
vt 0.786515 0.040814
vt 0.771708 0.036563
vt 0.781999 0.028993
vt 0.799052 0.444361
vt 0.859443 0.438237
vt 0.915079 0.418975
vt 0.881920 0.430459
vt 0.624450 0.257611
vt 0.638304 0.240705
vt 0.643421 0.258898
vt 0.713965 0.206393
vt 0.780393 0.062119
vt 0.761586 0.044661
vt 0.920406 0.409391
vt 0.900054 0.416495
vt 0.892113 0.425705
vt 0.609669 0.252298
vt 0.622897 0.244160
vt 0.716872 0.197917
vt 0.437958 0.046273
vt 0.458708 0.040796
vt 0.444885 0.054854
vt 0.761550 0.147343
vt 0.757144 0.135557
vt 0.762598 0.127481
vt 0.771908 0.064032
vt 0.783583 0.442470
vt 0.775515 0.435102
vt 0.768839 0.441126
vt 0.758150 0.031050
vt 0.773209 0.019794
vt 0.748735 0.024884
vt 0.764015 0.012859
vt 0.947003 0.385696
vt 0.820558 0.442118
vt 0.940750 0.400226
vt 0.928777 0.400558
vt 0.851357 0.431908
vt 0.860970 0.427275
vt 0.835681 0.849836
vt 0.849567 0.851799
vt 0.837607 0.857699
vt 0.667891 0.229319
vt 0.681785 0.225743
vt 0.759835 0.434757
vt 0.743201 0.437377
vt 0.750395 0.445887
vt 0.791190 0.435060
vt 0.907778 0.407073
vt 0.691402 0.205920
vt 0.701505 0.198877
vt 0.706282 0.214052
vt 0.723505 0.178183
vt 0.748961 0.141431
vt 0.754855 0.100288
vt 0.768687 0.098299
vt 0.758624 0.092486
vt 0.768933 0.085438
vt 0.806251 0.439395
vt 0.934490 0.388235
vt 0.876208 0.419365
vt 0.642035 0.228138
vt 0.647869 0.242998
vt 0.737613 0.160401
vt 0.743228 0.149309
vt 0.758154 0.112989
vt 0.764193 0.071630
vt 0.763061 0.057547
vt 0.849288 0.865892
vt 0.862769 0.852917
vt 0.864782 0.870981
vt 0.687622 0.214645
vt 0.675448 0.209831
vt 0.705803 0.191269
vt 0.715574 0.185401
vt 0.745689 0.128923
vt 0.750779 0.121181
vt 0.423337 0.017968
vt 0.432151 0.005519
vt 0.440279 0.011564
vt 0.747552 0.107120
vt 0.751006 0.052979
vt 0.922919 0.389703
vt 0.913761 0.395715
vt 0.863113 0.838631
vt 0.731692 0.144415
vt 0.737531 0.135699
vt 0.742298 0.046550
vt 0.750128 0.039233
vt 0.740574 0.032539
vt 0.815084 0.430319
vt 0.807498 0.420125
vt 0.798122 0.428139
vt 0.737340 0.019573
vt 0.727692 0.013229
vt 0.749431 0.009921
vt 0.901736 0.394965
vt 0.891095 0.401952
vt 0.579072 0.237383
vt 0.591803 0.227940
vt 0.604461 0.234727
vt 0.598947 0.242378
vt 0.626408 0.232989
vt 0.627356 0.220703
vt 0.673617 0.197603
vt 0.693085 0.184460
vt 0.721925 0.410859
vt 0.723834 0.394663
vt 0.713551 0.405349
vt 0.742651 0.094991
vt 0.747098 0.086931
vt 0.755784 0.079055
vt 0.928221 0.375296
vt 0.836965 0.428214
vt 0.830074 0.418137
vt 0.829900 0.430479
vt 0.907328 0.383604
vt 0.847170 0.423422
vt 0.837422 0.413296
vt 0.741354 0.079470
vt 0.753779 0.065754
vt 0.737882 0.066647
vt 0.785907 0.424727
vt 0.785881 0.409646
vt 0.777447 0.416843
vt 0.731994 0.055542
vt 0.799479 0.413163
vt 0.728259 0.027304
vt 0.710818 0.171774
vt 0.708009 0.158541
vt 0.720141 0.164470
vt 0.718427 0.021406
vt 0.822859 0.423101
vt 0.824970 0.408080
vt 0.815248 0.413272
vt 0.895922 0.385779
vt 0.887047 0.391994
vt 0.880766 0.403751
vt 0.585165 0.213364
vt 0.603470 0.221025
vt 0.732259 0.088799
vt 0.874839 0.392615
vt 0.865386 0.398035
vt 0.870371 0.408117
vt 0.673846 0.185279
vt 0.685350 0.173814
vt 0.700101 0.177582
vt 0.735695 0.102095
vt 0.721085 0.139305
vt 0.717133 0.124521
vt 0.727114 0.130103
vt 0.725291 0.096480
vt 0.720914 0.083847
vt 0.726661 0.076674
vt 0.723027 0.049451
vt 0.712655 0.044046
vt 0.713658 0.030430
vt 0.814177 0.399835
vt 0.807654 0.406404
vt 0.714691 0.057778
vt 0.701778 0.023837
vt 0.826493 0.393846
vt 0.581202 0.198556
vt 0.598326 0.205944
vt 0.708942 0.114440
vt 0.721941 0.116624
vt 0.719131 0.103699
vt 0.709029 0.098317
vt 0.716750 0.071578
vt 0.809834 0.392007
vt 0.799906 0.399335
vt 0.860544 0.389764
vt 0.840425 0.385875
vt 0.846255 0.395135
vt 0.696167 0.153481
vt 0.687438 0.148973
vt 0.702867 0.143216
vt 0.714382 0.090958
vt 0.710793 0.078579
vt 0.693209 0.031996
vt 0.684215 0.026145
vt 0.691417 0.018274
vt 0.863089 0.373523
vt 0.852562 0.378557
vt 0.703921 0.085708
vt 0.707728 0.065677
vt 0.846681 0.369670
vt 0.834021 0.375919
vt 0.688823 0.122166
vt 0.679058 0.117351
vt 0.700800 0.108370
vt 0.805470 0.380435
vt 0.806234 0.365937
vt 0.792358 0.376693
vt 0.758552 0.364877
vt 0.756781 0.351439
vt 0.743412 0.361298
vt 0.782152 0.372234
vt 0.784477 0.355879
vt 0.774928 0.363016
vt 0.647277 0.019630
vt 0.635992 0.032018
vt 0.627212 0.026350
vt 0.674126 0.071007
vt 0.665285 0.066064
vt 0.671873 0.057124
vt 0.664141 0.032784
vt 0.653840 0.047494
vt 0.652373 0.027181
vt 0.616433 0.157441
vt 0.613592 0.144597
vt 0.629925 0.152100
vt 0.660839 0.123908
vt 0.650158 0.118533
vt 0.669189 0.111984
vt 0.659780 0.107298
vt 0.768658 0.341705
vt 0.758891 0.335923
vt 0.668644 0.078575
vt 0.655401 0.061088
vt 0.661935 0.052463
vt 0.625872 0.140452
vt 0.630511 0.131317
vt 0.643466 0.137468
vt 0.786229 0.341548
vt 0.775599 0.331022
vt 0.658908 0.073524
vt 0.649445 0.068703
vt 0.594616 0.026943
vt 0.600103 0.041531
vt 0.584936 0.032738
vt 0.613783 0.028688
vt 0.611792 0.047273
vt 0.612894 0.064669
vt 0.602654 0.059898
vt 0.613351 0.119086
vt 0.603223 0.117647
vt 0.608117 0.110351
vt 0.631227 0.092764
vt 0.623265 0.088476
vt 0.628622 0.079630
vt 0.139775 0.755251
vt 0.160180 0.779854
vt 0.220648 0.298316
vt 0.232823 0.288922
vt 0.117113 0.940179
vt 0.074473 0.972027
vt 0.205976 0.261875
vt 0.147343 0.737355
vt 0.177651 0.823770
vt 0.169696 0.769981
vt 0.160767 0.744779
vt 0.179810 0.782205
vt 0.170368 0.757614
vt 0.179804 0.792358
vt 0.248461 0.292076
vt 0.218740 0.255982
vt 0.188896 0.801157
vt 0.170220 0.741967
vt 0.210999 0.245141
vt 0.180957 0.754092
vt 0.256223 0.286338
vt 0.261021 0.586773
vt 0.253419 0.272613
vt 0.233839 0.254647
vt 0.221725 0.243375
vt 0.158786 0.200697
vt 0.193655 0.792894
vt 0.271963 0.293465
vt 0.267218 0.281251
vt 0.244806 0.263182
vt 0.204203 0.231745
vt 0.148878 0.955558
vt 0.177481 0.922582
vt 0.214282 0.231889
vt 0.205145 0.804107
vt 0.204510 0.790524
vt 0.291069 0.291496
vt 0.209326 0.222581
vt 0.192531 0.211346
vt 0.180906 0.201191
vt 0.162755 0.189590
vt 0.164003 0.949498
vt 0.134821 0.977866
vt 0.125860 0.984540
vt 0.195566 0.898569
vt 0.198383 0.888103
vt 0.285931 0.303031
vt 0.262017 0.264837
vt 0.236138 0.242262
vt 0.175017 0.943890
vt 0.210940 0.853639
vt 0.530924 0.613855
vt 0.213334 0.814872
vt 0.301744 0.303459
vt 0.271091 0.270044
vt 0.250510 0.254535
vt 0.228104 0.232187
vt 0.222797 0.225239
vt 0.205496 0.214987
vt 0.189755 0.201054
vt 0.284894 0.275619
vt 0.202531 0.204381
vt 0.136659 0.994599
vt 0.219035 0.846290
vt 0.215713 0.787459
vt 0.300597 0.282822
vt 0.213106 0.212752
vt 0.178983 0.188874
vt 0.156781 0.975792
vt 0.221278 0.835195
vt 0.310661 0.295155
vt 0.269003 0.258612
vt 0.265329 0.245964
vt 0.240080 0.231939
vt 0.169853 0.180219
vt 0.149764 0.983839
vt 0.187665 0.940602
vt 0.208815 0.906024
vt 0.211335 0.895686
vt 0.321129 0.306661
vt 0.250154 0.242294
vt 0.218431 0.212101
vt 0.231989 0.831954
vt 0.540390 0.644558
vt 0.315435 0.286261
vt 0.285152 0.265646
vt 0.227885 0.214116
vt 0.197352 0.191465
vt 0.187718 0.952191
vt 0.195359 0.945503
vt 0.190842 0.595029
vt 0.230628 0.852406
vt 0.236324 0.826436
vt 0.331941 0.298204
vt 0.281764 0.254506
vt 0.257394 0.237448
vt 0.214393 0.200081
vt 0.206375 0.191374
vt 0.161647 0.985711
vt 0.154967 0.996341
vt 0.186518 0.588149
vt 0.234277 0.842619
vt 0.309555 0.275013
vt 0.244837 0.224510
vt 0.172381 0.593028
vt 0.211030 0.931297
vt 0.349799 0.309138
vt 0.197611 0.180602
vt 0.173982 0.983027
vt 0.190809 0.573794
vt 0.333002 0.287923
vt 0.272664 0.238030
vt 0.237007 0.211605
vt 0.222054 0.198798
vt 0.210443 0.185349
vt 0.166705 0.994884
vt 0.175959 0.582817
vt 0.305475 0.263326
vt 0.262651 0.229731
vt 0.179226 0.165632
vt 0.246607 0.841496
vt 0.250283 0.823885
vt 0.330138 0.276241
vt 0.285254 0.245207
vt 0.250303 0.215609
vt 0.231458 0.198165
vt 0.204439 0.176418
vt 0.192149 0.166333
vt 0.181006 0.996039
vt 0.213882 0.944559
vt 0.354829 0.298130
vt 0.303543 0.252027
vt 0.267989 0.223145
vt 0.218806 0.180326
vt 0.201265 0.165403
vt 0.179676 0.158915
vt 0.175631 0.153526
vt 0.160624 0.593807
vt 0.178260 0.572064
vt 0.226689 0.928295
vt 0.192501 0.557625
vt 0.234327 0.907825
vt 0.244394 0.885334
vt 0.254354 0.836809
vt 0.255793 0.816942
vt 0.350848 0.286907
vt 0.322766 0.267774
vt 0.256973 0.211154
vt 0.245074 0.204907
vt 0.228105 0.183266
vt 0.182211 0.559441
vt 0.249906 0.871690
vt 0.320238 0.258245
vt 0.297323 0.239637
vt 0.279856 0.231625
vt 0.209156 0.168222
vt 0.264188 0.832249
vt 0.373689 0.307460
vt 0.345037 0.276693
vt 0.239623 0.188221
vt 0.201989 0.988268
vt 0.208610 0.977375
vt 0.216171 0.969430
vt 0.167553 0.563830
vt 0.236673 0.936026
vt 0.245225 0.913272
vt 0.266067 0.853680
vt 0.374104 0.296232
vt 0.271983 0.213668
vt 0.217667 0.167082
vt 0.246608 0.924687
vt 0.191841 0.549130
vt 0.252530 0.904906
vt 0.391754 0.313115
vt 0.375143 0.315873
vt 0.367464 0.287770
vt 0.339673 0.268192
vt 0.272049 0.199050
vt 0.249852 0.191568
vt 0.198023 0.154647
vt 0.133984 0.584848
vt 0.124481 0.596024
vt 0.143209 0.577991
vt 0.227611 0.964622
vt 0.260438 0.895333
vt 0.390188 0.304003
vt 0.361623 0.276400
vt 0.338864 0.259716
vt 0.320361 0.248065
vt 0.291911 0.219826
vt 0.168043 0.553494
vt 0.180262 0.544657
vt 0.192929 0.536592
vt 0.272340 0.845396
vt 0.226392 0.162816
vt 0.207886 0.153766
vt 0.241518 0.959598
vt 0.695351 0.628145
vt 0.222601 0.985003
vt 0.214331 0.995794
vt 0.140199 0.562302
vt 0.247354 0.938122
vt 0.259782 0.921775
vt 0.357043 0.268095
vt 0.307409 0.225784
vt 0.686782 0.629424
vt 0.285159 0.210651
vt 0.237539 0.169776
vt 0.218181 0.154799
vt 0.114409 0.586373
vt 0.233126 0.978795
vt 0.181703 0.533204
vt 0.265739 0.911402
vt 0.408447 0.316616
vt 0.409207 0.307262
vt 0.340201 0.248574
vt 0.203837 0.142970
vt 0.122928 0.569947
vt 0.167957 0.541635
vt 0.190165 0.525366
vt 0.201825 0.517094
vt 0.327382 0.229331
vt 0.302792 0.209077
vt 0.246969 0.171081
vt 0.211373 0.149232
vt 0.196501 0.138023
vt 0.261498 0.944433
vt 0.262331 0.933456
vt 0.276203 0.899371
vt 0.430087 0.321621
vt 0.411650 0.326142
vt 0.402619 0.298271
vt 0.268574 0.183001
vt 0.756162 0.624615
vt 0.425429 0.309521
vt 0.381713 0.270196
vt 0.369029 0.264023
vt 0.359924 0.256456
vt 0.656068 0.634582
vt 0.408213 0.932350
vt 0.399963 0.942893
vt 0.415176 0.939543
vt 0.684589 0.640694
vt 0.238318 0.156335
vt 0.106000 0.572693
vt 0.100397 0.579411
vt 0.229880 0.999577
vt 0.236763 0.993015
vt 0.258640 0.956076
vt 0.177595 0.520847
vt 0.273316 0.912121
vt 0.286782 0.892466
vt 0.423320 0.300771
vt 0.415977 0.292802
vt 0.946720 0.930274
vt 0.645540 0.632843
vt 0.649858 0.633439
vt 0.392791 0.935079
vt 0.416424 0.388788
vt 0.323898 0.212067
vt 0.295506 0.194837
vt 0.713127 0.279044
vt 0.266057 0.172862
vt 0.247072 0.157680
vt 0.230080 0.145193
vt 0.223544 0.138254
vt 0.168078 0.527210
vt 0.392159 0.277529
vt 0.368529 0.242283
vt 0.671270 0.639530
vt 0.215853 0.135835
vt 0.273730 0.927223
vt 0.294996 0.868920
vt 0.644626 0.637688
vt 0.383031 0.929807
vt 0.386543 0.934914
vt 0.678301 0.645387
vt 0.284930 0.183565
vt 0.208398 0.130652
vt 0.263185 0.969796
vt 0.128469 0.544854
vt 0.289188 0.921478
vt 0.185616 0.508963
vt 0.195554 0.503079
vt 0.287455 0.905371
vt 0.223850 0.490218
vt 0.442748 0.314759
vt 0.532950 0.920649
vt 0.529155 0.924281
vt 0.530352 0.916498
vt 0.638825 0.638732
vt 0.385912 0.926243
vt 0.404449 0.925171
vt 0.416424 0.927721
vt 0.282504 0.942013
vt 0.398469 0.266382
vt 0.636865 0.644399
vt 0.378531 0.921707
vt 0.348853 0.225997
vt 0.412496 0.921942
vt 0.395183 0.376210
vt 0.095447 0.562828
vt 0.250260 0.998738
vt 0.270766 0.963887
vt 0.137624 0.535841
vt 0.274102 0.952725
vt 0.296697 0.908999
vt 0.440748 0.300829
vt 0.430835 0.295444
vt 0.426892 0.288208
vt 0.421730 0.279188
vt 0.410295 0.272182
vt 0.532789 0.908486
vt 0.390396 0.378240
vt 0.555797 0.232894
vt 0.508570 0.852588
vt 0.501187 0.852396
vt 0.461814 0.843089
vt 0.280902 0.164479
vt 0.245347 0.134984
vt 0.208789 0.120348
vt 0.084917 0.565914
vt 0.091708 0.584106
vt 0.080762 0.575120
vt 0.256467 0.991039
vt 0.164454 0.519107
vt 0.288487 0.931165
vt 0.174045 0.512622
vt 0.299798 0.897956
vt 0.451651 0.326142
vt 0.456700 0.312071
vt 0.448756 0.307012
vt 0.396257 0.255115
vt 0.383770 0.248433
vt 0.631195 0.644559
vt 0.382584 0.918624
vt 0.395603 0.912244
vt 0.376565 0.388762
vt 0.501021 0.860230
vt 0.496832 0.880608
vt 0.500162 0.882826
vt 0.493120 0.861626
vt 0.483997 0.860892
vt 0.464012 0.850095
vt 0.267861 0.152646
vt 0.252512 0.140832
vt 0.217910 0.117628
vt 0.110949 0.543271
vt 0.466052 0.318936
vt 0.946656 0.952200
vt 0.373607 0.390904
vt 0.547611 0.240862
vt 0.544333 0.236585
vt 0.508635 0.863256
vt 0.528871 0.234410
vt 0.521030 0.230602
vt 0.520803 0.236610
vt 0.320689 0.192321
vt 0.493271 0.869937
vt 0.493158 0.874608
vt 0.482500 0.868703
vt 0.485942 0.872486
vt 0.479292 0.873657
vt 0.479817 0.879537
vt 0.474805 0.867390
vt 0.476470 0.878115
vt 0.222398 0.120940
vt 0.161141 0.506900
vt 0.175054 0.499607
vt 0.303693 0.888410
vt 0.534670 0.901473
vt 0.370590 0.913056
vt 0.373555 0.919822
vt 0.375894 0.914470
vt 0.380698 0.377521
vt 0.532731 0.236517
vt 0.474944 0.879363
vt 0.467834 0.873363
vt 0.467335 0.867513
vt 0.464780 0.859507
vt 0.468459 0.876767
vt 0.469913 0.878968
vt 0.456140 0.850765
vt 0.456800 0.858297
vt 0.597179 0.789206
vt 0.594266 0.779029
vt 0.610865 0.780298
vt 0.595018 0.767577
vt 0.121075 0.532761
vt 0.611666 0.758975
vt 0.600029 0.759983
vt 0.599655 0.748505
vt 0.613136 0.748318
vt 0.604790 0.736426
vt 0.447270 0.286281
vt 0.365123 0.390096
vt 0.352591 0.209981
vt 0.313845 0.178444
vt 0.458307 0.864799
vt 0.461198 0.877973
vt 0.463020 0.879555
vt 0.449869 0.853988
vt 0.237757 0.126439
vt 0.232485 0.117823
vt 0.214422 0.110751
vt 0.191965 0.096844
vt 0.094963 0.545890
vt 0.616031 0.770954
vt 0.457874 0.296294
vt 0.537316 0.895987
vt 0.372964 0.906953
vt 0.399719 0.902453
vt 0.373485 0.375491
vt 0.370385 0.380136
vt 0.366950 0.384159
vt 0.459392 0.872058
vt 0.084274 0.550494
vt 0.070954 0.560589
vt 0.594868 0.798238
vt 0.615344 0.792039
vt 0.608039 0.724844
vt 0.623926 0.730195
vt 0.627996 0.717457
vt 0.606850 0.715299
vt 0.612100 0.702098
vt 0.629230 0.704172
vt 0.630202 0.695312
vt 0.613715 0.690908
vt 0.616604 0.681119
vt 0.630087 0.687665
vt 0.470758 0.303474
vt 0.413799 0.255805
vt 0.422379 0.260972
vt 0.367926 0.907593
vt 0.369108 0.904878
vt 0.357917 0.387257
vt 0.374956 0.370207
vt 0.341497 0.192176
vt 0.448375 0.862967
vt 0.088727 0.063009
vt 0.088223 0.068611
vt 0.095626 0.062713
vt 0.082027 0.061514
vt 0.612839 0.803435
vt 0.623353 0.740724
vt 0.633557 0.675297
vt 0.443999 0.275938
vt 0.392150 0.903298
vt 0.382479 0.215417
vt 0.349036 0.385811
vt 0.368192 0.375415
vt 0.451249 0.880981
vt 0.448938 0.869221
vt 0.624303 0.755797
vt 0.395323 0.230082
vt 0.353049 0.382815
vt 0.357455 0.377035
vt 0.334719 0.176774
vt 0.095381 0.055730
vt 0.102023 0.060686
vt 0.442132 0.875117
vt 0.272596 0.136285
vt 0.230835 0.105440
vt 0.122758 0.521364
vt 0.137687 0.511760
vt 0.152247 0.503224
vt 0.166908 0.492686
vt 0.636285 0.709167
vt 0.469251 0.292130
vt 0.465494 0.284493
vt 0.439503 0.266849
vt 0.435382 0.259997
vt 0.415957 0.244261
vt 0.543354 0.886877
vt 0.367684 0.892220
vt 0.371110 0.895511
vt 0.385142 0.894170
vt 0.392032 0.893627
vt 0.366100 0.363076
vt 0.363885 0.368926
vt 0.360478 0.372728
vt 0.243783 0.115386
vt 0.221429 0.100471
vt 0.645139 0.683860
vt 0.406866 0.235288
vt 0.543836 0.881697
vt 0.364858 0.892106
vt 0.398767 0.891783
vt 0.368004 0.358234
vt 0.804655 0.646811
vt 0.260387 0.123831
vt 0.252592 0.118368
vt 0.078298 0.539942
vt 0.089971 0.532912
vt 0.631338 0.784036
vt 0.120121 0.512307
vt 0.156994 0.488351
vt 0.341591 0.377041
vt 0.075531 0.049624
vt 0.284115 0.144364
vt 0.623782 0.822179
vt 0.611169 0.818533
vt 0.628433 0.800860
vt 0.630561 0.792870
vt 0.634845 0.773156
vt 0.634091 0.760080
vt 0.635664 0.752904
vt 0.135375 0.503624
vt 0.143930 0.496273
vt 0.638684 0.733052
vt 0.172310 0.480318
vt 0.646020 0.695360
vt 0.348412 0.373009
vt 0.360590 0.362678
vt 0.356719 0.366565
vt 0.351484 0.369109
vt 0.088422 0.045768
vt 0.081913 0.045015
vt 0.628090 0.808694
vt 0.638517 0.742936
vt 0.643293 0.719703
vt 0.646153 0.701778
vt 0.483706 0.291535
vt 0.485567 0.300083
vt 0.461323 0.264291
vt 0.434438 0.249458
vt 0.392336 0.886612
vt 0.374419 0.197023
vt 0.354778 0.181474
vt 0.334636 0.162674
vt 0.242039 0.105293
vt 0.483127 0.280840
vt 0.467757 0.270161
vt 0.549456 0.876117
vt 0.370634 0.882385
vt 0.383065 0.885014
vt 0.359939 0.354875
vt 0.354668 0.359170
vt 0.339964 0.369344
vt 0.281014 0.125938
vt 0.086092 0.519362
vt 0.106246 0.506765
vt 0.114411 0.502276
vt 0.125829 0.494994
vt 0.453115 0.256143
vt 0.554727 0.872115
vt 0.334374 0.371644
vt 0.400185 0.883312
vt 0.388289 0.209636
vt 0.348020 0.361753
vt 0.344832 0.365841
vt 0.088354 0.038493
vt 0.093982 0.035549
vt 0.294045 0.132999
vt 0.232397 0.087523
vt 0.240699 0.093420
vt 0.202497 0.068210
vt 0.076918 0.525137
vt 0.068913 0.532074
vt 0.636651 0.821554
vt 0.164839 0.470110
vt 0.654945 0.709948
vt 0.659044 0.697799
vt 0.387529 0.877189
vt 0.393525 0.876250
vt 0.262555 0.107943
vt 0.254080 0.102312
vt 0.644477 0.811899
vt 0.643533 0.803586
vt 0.642596 0.794145
vt 0.643920 0.784472
vt 0.645509 0.773581
vt 0.647759 0.756991
vt 0.650198 0.743298
vt 0.656586 0.734300
vt 0.136545 0.486300
vt 0.152554 0.476340
vt 0.664840 0.687892
vt 0.450807 0.246106
vt 0.414707 0.214749
vt 0.362317 0.884911
vt 0.365127 0.876105
vt 0.397771 0.875950
vt 0.406177 0.875353
vt 0.408124 0.882530
vt 0.351321 0.353020
vt 0.339848 0.359982
vt 0.270853 0.112633
vt 0.251919 0.094155
vt 0.092655 0.512889
vt 0.654083 0.718985
vt 0.652270 0.677857
vt 0.480881 0.271092
vt 0.444972 0.241685
vt 0.427880 0.234288
vt 0.422458 0.223151
vt 0.402664 0.212044
vt 0.555547 0.868087
vt 0.362002 0.875174
vt 0.379390 0.876739
vt 0.333428 0.363814
vt 0.349366 0.165530
vt 0.288208 0.121449
vt 0.667855 0.680725
vt 0.662310 0.671785
vt 0.342655 0.354943
vt 0.102994 0.025871
vt 0.317263 0.133949
vt 0.637382 0.831297
vt 0.651064 0.832519
vt 0.651661 0.821219
vt 0.090284 0.503965
vt 0.082223 0.506324
vt 0.104671 0.495641
vt 0.658506 0.755964
vt 0.659798 0.744486
vt 0.136092 0.472944
vt 0.125459 0.480787
vt 0.666378 0.725634
vt 0.669438 0.712513
vt 0.433916 0.224232
vt 0.403376 0.197660
vt 0.381662 0.866940
vt 0.389320 0.868383
vt 0.404061 0.868860
vt 0.415342 0.872792
vt 0.411590 0.867366
vt 0.097499 0.021906
vt 0.109577 0.026148
vt 0.281357 0.105627
vt 0.267657 0.092896
vt 0.243092 0.080997
vt 0.069332 0.514963
vt 0.655941 0.795786
vt 0.655346 0.785966
vt 0.657125 0.775727
vt 0.658546 0.763976
vt 0.148191 0.465611
vt 0.368939 0.868149
vt 0.398128 0.867865
vt 0.250235 0.085763
vt 0.669380 0.699143
vt 0.679225 0.674046
vt 0.493914 0.269078
vt 0.477968 0.259506
vt 0.473794 0.249456
vt 0.463107 0.245562
vt 0.563236 0.860251
vt 0.366339 0.864978
vt 0.363075 0.864852
vt 0.387574 0.184778
vt 0.373856 0.163299
vt 0.110403 0.022776
vt 0.662798 0.806036
vt 0.679438 0.704137
vt 0.445688 0.226050
vt 0.394895 0.861616
vt 0.408932 0.861281
vt 0.344127 0.349065
vt 0.333715 0.347068
vt 0.303994 0.115816
vt 0.282834 0.096394
vt 0.663589 0.817185
vt 0.105868 0.488554
vt 0.669161 0.745997
vt 0.386258 0.857957
vt 0.402909 0.860235
vt 0.416424 0.860329
vt 0.267480 0.082278
vt 0.257834 0.077922
vt 0.084669 0.491495
vt 0.673341 0.735619
vt 0.682680 0.697114
vt 0.684672 0.686017
vt 0.490923 0.258635
vt 0.456670 0.228072
vt 0.432942 0.207438
vt 0.372385 0.858545
vt 0.406642 0.186471
vt 0.338094 0.343418
vt 0.363128 0.148926
vt 0.253959 0.068982
vt 0.664959 0.831047
vt 0.072659 0.498351
vt 0.664272 0.844661
vt 0.668342 0.786072
vt 0.670840 0.765865
vt 0.672367 0.756559
vt 0.123035 0.469744
vt 0.166248 0.440820
vt 0.488155 0.247141
vt 0.468166 0.230809
vt 0.572583 0.854946
vt 0.573721 0.850593
vt 0.368372 0.856396
vt 0.366268 0.851971
vt 0.008466 0.717005
vt 0.398104 0.854993
vt 0.402616 0.853867
vt 0.328232 0.343922
vt 0.318385 0.345464
vt 0.249110 0.060602
vt 0.672368 0.798115
vt 0.131021 0.456615
vt 0.683354 0.726083
vt 0.501041 0.253199
vt 0.407774 0.852908
vt 0.414999 0.854369
vt 0.339152 0.337625
vt 0.330723 0.338873
vt 0.288392 0.082538
vt 0.676935 0.776506
vt 0.684003 0.746096
vt 0.688253 0.715010
vt 0.698384 0.672361
vt 0.481903 0.235520
vt 0.447612 0.204563
vt 0.429175 0.192675
vt 0.372597 0.847293
vt 0.390535 0.851686
vt 0.321098 0.337904
vt 0.167716 0.632541
vt 0.175016 0.635220
vt 0.171334 0.637628
vt 0.393558 0.164237
vt 0.331217 0.113386
vt 0.302316 0.097569
vt 0.268076 0.071593
vt 0.675102 0.816444
vt 0.675316 0.833667
vt 0.691196 0.737658
vt 0.695499 0.687013
vt 0.171202 0.627166
vt 0.177243 0.628194
vt 0.159276 0.633068
vt 0.167636 0.640847
vt 0.160323 0.639169
vt 0.165747 0.646985
vt 0.158640 0.643802
vt 0.681093 0.806267
vt 0.678648 0.786416
vt 0.074531 0.485228
vt 0.681682 0.768917
vt 0.681834 0.758019
vt 0.143606 0.446445
vt 0.692022 0.704632
vt 0.456925 0.210136
vt 0.012148 0.705935
vt 0.176002 0.618075
vt 0.186573 0.614254
vt 0.333119 0.327924
vt 0.328571 0.331676
vt 0.153079 0.647631
vt 0.152412 0.642856
vt 0.982591 0.800666
vt 0.917404 0.163945
vt 0.248816 0.050128
vt 0.777835 0.570331
vt 0.772306 0.582657
vt 0.056100 0.496275
vt 0.698410 0.697431
vt 0.012148 0.695779
vt 0.194849 0.613529
vt 0.184446 0.609337
vt 0.180831 0.611407
vt 0.161156 0.628520
vt 0.327145 0.325362
vt 0.955797 0.327558
vt 0.239231 0.046354
vt 0.686962 0.819496
vt 0.052601 0.486153
vt 0.689756 0.777287
vt 0.710320 0.679479
vt 0.504304 0.239215
vt 0.496734 0.232682
vt 0.442074 0.191519
vt 0.414560 0.172341
vt 0.161990 0.622287
vt 0.089893 0.715617
vt 0.091409 0.718697
vt 0.095179 0.715934
vt 0.596156 0.672148
vt 0.591381 0.672166
vt 0.591351 0.668981
vt 0.597164 0.668402
vt 0.810982 0.312018
vt 0.098605 0.718697
vt 0.100583 0.714275
vt 0.148252 0.638668
vt 0.092276 0.712667
vt 0.593569 0.666204
vt 0.097084 0.713224
vt 0.969020 0.187451
vt 0.595386 0.663683
vt 0.591926 0.660981
vt 0.597092 0.660321
vt 0.094084 0.710237
vt 0.097496 0.710369
vt 0.867388 0.972527
vt 0.867149 0.967926
vt 0.870401 0.967807
vt 0.869610 0.972185
vt 0.100357 0.710596
vt 0.392719 0.148809
vt 0.376891 0.139231
vt 0.365587 0.130874
vt 0.309174 0.087314
vt 0.286196 0.073881
vt 0.280664 0.066907
vt 0.686856 0.797872
vt 0.690554 0.788421
vt 0.692389 0.757526
vt 0.094196 0.463698
vt 0.697507 0.726731
vt 0.699790 0.716234
vt 0.703218 0.705927
vt 0.707009 0.691298
vt 0.714186 0.669207
vt 0.478611 0.222135
vt 0.468210 0.212181
vt 0.174310 0.608833
vt 0.164139 0.615205
vt 0.152531 0.627525
vt 0.146900 0.630461
vt 0.145912 0.634940
vt 0.328864 0.318928
vt 0.599974 0.663979
vt 0.143212 0.643159
vt 0.887177 0.258961
vt 0.881703 0.267766
vt 0.880461 0.257792
vt 0.345302 0.119538
vt 0.962739 0.333592
vt 0.966307 0.332726
vt 0.917136 0.212990
vt 0.912509 0.210138
vt 0.949831 0.333262
vt 0.943014 0.333428
vt 0.933433 0.330364
vt 0.327029 0.093756
vt 0.274868 0.058173
vt 0.263895 0.052625
vt 0.078659 0.464365
vt 0.694773 0.747887
vt 0.126493 0.444692
vt 0.488888 0.228093
vt 0.009988 0.684419
vt 0.172706 0.604780
vt 0.600947 0.672166
vt 0.601069 0.667575
vt 0.865403 0.976734
vt 0.869460 0.976697
vt 0.136482 0.637337
vt 0.952838 0.339378
vt 0.958547 0.335058
vt 0.687035 0.836292
vt 0.067600 0.476157
vt 0.699002 0.767244
vt 0.434905 0.176833
vt 0.146536 0.622562
vt 0.145868 0.614049
vt 0.320371 0.317452
vt 0.135714 0.630892
vt 0.882057 0.252873
vt 0.132724 0.641608
vt 0.890726 0.249807
vt 0.094205 0.641436
vt 0.098027 0.643863
vt 0.087565 0.647631
vt 0.919720 0.215481
vt 0.911911 0.222991
vt 0.909152 0.220338
vt 0.086657 0.637074
vt 0.086467 0.643736
vt 0.921959 0.335770
vt 0.767930 0.567707
vt 0.697468 0.814983
vt 0.714970 0.702583
vt 0.482316 0.211797
vt 0.167436 0.605982
vt 0.162065 0.606293
vt 0.137489 0.624016
vt 0.872235 0.254741
vt 0.875601 0.249007
vt 0.883367 0.247930
vt 0.129462 0.634270
vt 0.124824 0.636949
vt 0.096732 0.637437
vt 0.104588 0.639192
vt 0.902982 0.226283
vt 0.903671 0.216834
vt 0.083995 0.629776
vt 0.079415 0.639330
vt 0.074579 0.635014
vt 0.073679 0.624473
vt 0.934499 0.340855
vt 0.354181 0.111169
vt 0.314848 0.075102
vt 0.697669 0.806485
vt 0.064054 0.468019
vt 0.707075 0.777014
vt 0.708411 0.737985
vt 0.112465 0.443013
vt 0.710920 0.726284
vt 0.712610 0.715863
vt 0.722594 0.677906
vt 0.507662 0.228417
vt 0.495644 0.218711
vt 0.457581 0.189169
vt 0.414001 0.152556
vt 0.315674 0.312162
vt 0.133839 0.617404
vt 0.129062 0.628477
vt 0.129920 0.623187
vt 0.885794 0.241731
vt 0.121810 0.631752
vt 0.122275 0.639422
vt 0.897268 0.241665
vt 0.890705 0.238694
vt 0.113037 0.634920
vt 0.900011 0.234431
vt 0.111923 0.639571
vt 0.903583 0.234104
vt 0.892539 0.230491
vt 0.917624 0.334660
vt 0.914476 0.336918
vt 0.755285 0.560725
vt 0.771408 0.552438
vt 0.700189 0.827139
vt 0.707428 0.798244
vt 0.704763 0.789282
vt 0.087292 0.455912
vt 0.703482 0.758275
vt 0.705859 0.748785
vt 0.720480 0.689483
vt 0.472408 0.201246
vt 0.446255 0.176754
vt 0.008203 0.674401
vt 0.161418 0.602559
vt 0.607365 0.841318
vt 0.152662 0.604068
vt 0.308625 0.311580
vt 0.876376 0.237360
vt 0.121051 0.626271
vt 0.883661 0.234478
vt 0.111896 0.628630
vt 0.920285 0.341463
vt 0.325632 0.084158
vt 0.310972 0.066678
vt 0.273106 0.047064
vt 0.051426 0.474151
vt 0.699586 0.841243
vt 0.726756 0.667922
vt 0.434431 0.164483
vt 0.146117 0.604019
vt 0.131522 0.611941
vt 0.120484 0.620387
vt 0.111517 0.622173
vt 0.924127 0.348139
vt 0.349747 0.092604
vt 0.301940 0.060789
vt 0.298229 0.055655
vt 0.753453 0.551309
vt 0.715610 0.768097
vt 0.715144 0.760413
vt 0.736558 0.672447
vt 0.615254 0.838635
vt 0.005453 0.669628
vt 0.619956 0.839458
vt 0.156090 0.600179
vt 0.134397 0.603268
vt 0.861122 0.247836
vt 0.119831 0.613358
vt 0.109560 0.613857
vt 0.101105 0.615767
vt 0.070904 0.612998
vt 0.175413 0.003807
vt 0.916876 0.344397
vt 0.921538 0.347403
vt 0.285999 0.043909
vt 0.711140 0.816195
vt 0.711656 0.807147
vt 0.061671 0.457048
vt 0.104011 0.434981
vt 0.723608 0.715760
vt 0.515927 0.221807
vt 0.495239 0.204533
vt 0.457784 0.176761
vt 0.151929 0.598258
vt 0.145748 0.600536
vt 0.403592 0.132190
vt 0.391578 0.121041
vt 0.372655 0.114136
vt 0.299922 0.048997
vt 0.711142 0.824892
vt 0.045722 0.464834
vt 0.711692 0.841021
vt 0.079821 0.447800
vt 0.716277 0.748376
vt 0.093656 0.439787
vt 0.719253 0.738993
vt 0.116848 0.426940
vt 0.720925 0.727311
vt 0.728094 0.702766
vt 0.733648 0.694852
vt 0.736316 0.683919
vt 0.505180 0.211982
vt 0.485069 0.195144
vt 0.475798 0.187677
vt 0.444483 0.157604
vt 0.409780 0.140352
vt 0.632046 0.837986
vt 0.140011 0.598104
vt 0.131237 0.601434
vt 0.120177 0.603868
vt 0.100327 0.606561
vt 0.075946 0.608168
vt 0.081019 0.605538
vt 0.070498 0.606919
vt 0.068403 0.611981
vt 0.062682 0.611123
vt 0.109098 0.605329
vt 0.154258 0.006563
vt 0.081911 0.603126
vt 0.347561 0.083327
vt 0.285569 0.036452
vt 0.754325 0.536468
vt 0.722855 0.789136
vt 0.738407 0.707311
vt 0.516129 0.208026
vt 0.433959 0.150103
vt 0.131725 0.596870
vt 0.127621 0.598737
vt 0.651490 0.841013
vt 0.119801 0.601638
vt 0.119195 0.018234
vt 0.116132 0.015920
vt 0.108189 0.601613
vt 0.101355 0.602684
vt 0.091602 0.602064
vt 0.098957 0.599767
vt 0.144466 0.006719
vt 0.342844 0.073912
vt 0.722036 0.817806
vt 0.724787 0.777500
vt 0.059004 0.445074
vt 0.728002 0.753200
vt 0.729723 0.739934
vt 0.733417 0.726886
vt 0.752226 0.677789
vt 0.751543 0.668553
vt 0.490380 0.188519
vt 0.369935 0.095514
vt 0.317833 0.056304
vt 0.300509 0.038717
vt 0.728381 0.806746
vt 0.723297 0.840573
vt 0.723011 0.829124
vt 0.722534 0.798579
vt 0.050297 0.450437
vt 0.074014 0.439686
vt 0.726619 0.766382
vt 0.087538 0.431791
vt 0.508131 0.197199
vt 0.455965 0.157859
vt 0.428961 0.137101
vt 0.330519 0.064531
vt 0.040344 0.455842
vt 0.737029 0.717130
vt 0.744759 0.693084
vt 0.471841 0.170633
vt 0.073532 0.426555
vt 0.750587 0.697064
vt 0.754511 0.685983
vt 0.317779 0.046006
vt 0.301803 0.029069
vt 0.047251 0.439384
vt 0.735296 0.789144
vt 0.736724 0.777417
vt 0.736204 0.767347
vt 0.061766 0.433108
vt 0.082957 0.423025
vt 0.741220 0.739929
vt 0.744050 0.729865
vt 0.141486 0.387743
vt 0.522393 0.198644
vt 0.485749 0.168226
vt 0.442553 0.142419
vt 0.408324 0.111785
vt 0.736290 0.828855
vt 0.734428 0.816936
vt 0.736055 0.798891
vt 0.740026 0.751631
vt 0.747591 0.718423
vt 0.752011 0.708150
vt 0.763452 0.671425
vt 0.497912 0.180692
vt 0.465431 0.154672
vt 0.453117 0.142534
vt 0.420388 0.122329
vt 0.352236 0.064490
vt 0.337561 0.056355
vt 0.333712 0.048282
vt 0.316823 0.036367
vt 0.035466 0.443972
vt 0.737745 0.841151
vt 0.520188 0.188198
vt 0.509057 0.181616
vt 0.474874 0.161970
vt 0.369629 0.076604
vt 0.749289 0.760513
vt 0.084597 0.409438
vt 0.761389 0.695635
vt 0.766993 0.682869
vt 0.747943 0.823796
vt 0.746687 0.815023
vt 0.745407 0.803226
vt 0.752271 0.748660
vt 0.753277 0.740057
vt 0.756419 0.728086
vt 0.776762 0.679278
vt 0.774575 0.667315
vt 0.499233 0.166747
vt 0.474285 0.148419
vt 0.463255 0.141469
vt 0.432917 0.123298
vt 0.357882 0.056971
vt 0.333342 0.036307
vt 0.046340 0.427189
vt 0.035057 0.433490
vt 0.749102 0.787928
vt 0.059798 0.421614
vt 0.750481 0.774159
vt 0.076546 0.413787
vt 0.091705 0.405073
vt 0.768936 0.717019
vt 0.445884 0.125963
vt 0.424443 0.113252
vt 0.355641 0.051038
vt 0.315289 0.020464
vt 0.750429 0.834204
vt 0.749215 0.844384
vt 0.134527 0.378324
vt 0.767446 0.707274
vt 0.772706 0.695661
vt 0.784413 0.674091
vt 0.411267 0.100738
vt 0.394682 0.083880
vt 0.378353 0.067800
vt 0.529713 0.180950
vt 0.521451 0.173104
vt 0.508914 0.167095
vt 0.486052 0.150520
vt 0.471095 0.140656
vt 0.458122 0.127840
vt 0.349638 0.044674
vt 0.053509 0.412630
vt 0.760739 0.761710
vt 0.067666 0.405593
vt 0.763858 0.739844
vt 0.758854 0.806225
vt 0.762278 0.842950
vt 0.760745 0.797261
vt 0.761099 0.775542
vt 0.776579 0.727625
vt 0.788537 0.684961
vt 0.498430 0.149888
vt 0.477573 0.134171
vt 0.432898 0.108053
vt 0.411337 0.090262
vt 0.379228 0.060543
vt 0.352933 0.035386
vt 0.762169 0.828629
vt 0.761442 0.818206
vt 0.760345 0.787775
vt 0.768380 0.749478
vt 0.780091 0.706021
vt 0.782466 0.694839
vt 0.514142 0.158268
vt 0.468379 0.127654
vt 0.420348 0.096735
vt 0.399482 0.075522
vt 0.746784 0.492416
vt 0.774748 0.757997
vt 0.793426 0.705864
vt 0.533919 0.170183
vt 0.484729 0.138544
vt 0.447911 0.111737
vt 0.377170 0.054459
vt 0.364250 0.045977
vt 0.350037 0.026509
vt 0.773466 0.834340
vt 0.769618 0.806702
vt 0.771399 0.786989
vt 0.054223 0.401610
vt 0.771379 0.768822
vt 0.780547 0.738830
vt 0.785580 0.717489
vt 0.797053 0.676157
vt 0.528633 0.158535
vt 0.464985 0.120779
vt 0.428591 0.092019
vt 0.772391 0.819289
vt 0.772439 0.795961
vt 0.028689 0.410193
vt 0.776729 0.845474
vt 0.772664 0.776533
vt 0.097612 0.372828
vt 0.798558 0.697206
vt 0.521289 0.150856
vt 0.453743 0.105664
vt 0.442589 0.097268
vt 0.417900 0.084314
vt 0.398836 0.066918
vt 0.382588 0.049968
vt 0.762462 0.487691
vt 0.805076 0.686486
vt 0.506500 0.138135
vt 0.494691 0.135146
vt 0.408605 0.069755
vt 0.398299 0.058022
vt 0.372094 0.038224
vt 0.365593 0.028095
vt 0.785252 0.814447
vt 0.083565 0.371101
vt 0.812647 0.679753
vt 0.809659 0.670443
vt 0.488011 0.125057
vt 0.477182 0.119265
vt 0.423072 0.078511
vt 0.787813 0.839773
vt 0.786246 0.824535
vt 0.019922 0.402002
vt 0.791577 0.749310
vt 0.791811 0.736719
vt 0.795683 0.723142
vt 0.517766 0.136538
vt 0.466175 0.106481
vt 0.434083 0.085051
vt 0.783955 0.802706
vt 0.786909 0.785996
vt 0.786312 0.768208
vt 0.788713 0.759302
vt 0.813942 0.689493
vt 0.817791 0.663618
vt 0.503068 0.123834
vt 0.413661 0.062811
vt 0.387649 0.039385
vt 0.379118 0.031590
vt 0.362906 0.016189
vt 0.028339 0.385575
vt 0.788015 0.775408
vt 0.805435 0.713019
vt 0.826445 0.675937
vt 0.449252 0.087691
vt 0.428973 0.072089
vt 0.077336 0.361656
vt 0.088950 0.355927
vt 0.801503 0.729028
vt 0.811942 0.703729
vt 0.535957 0.143642
vt 0.497324 0.118440
vt 0.481908 0.107886
vt 0.457866 0.092726
vt 0.406869 0.047396
vt 0.799189 0.821476
vt 0.797617 0.812149
vt 0.802979 0.834447
vt 0.797941 0.787807
vt 0.038540 0.381183
vt 0.064866 0.367594
vt 0.802908 0.748146
vt 0.515832 0.128442
vt 0.472977 0.094011
vt 0.440190 0.076947
vt 0.800058 0.772087
vt 0.802471 0.760577
vt 0.803557 0.739026
vt 0.812518 0.721305
vt 0.822398 0.701188
vt 0.830762 0.691310
vt 0.531102 0.127850
vt 0.421864 0.053905
vt 0.407664 0.040033
vt 0.801801 0.802685
vt 0.814642 0.727705
vt 0.816417 0.710945
vt 0.835030 0.682689
vt 0.153044 0.310068
vt 0.844364 0.671841
vt 0.491996 0.102850
vt 0.485397 0.097776
vt 0.465676 0.086356
vt 0.457989 0.080138
vt 0.436392 0.062983
vt 0.398429 0.025524
vt 0.388061 0.021296
vt 0.813912 0.820620
vt 0.049420 0.364044
vt 0.830677 0.710634
vt 0.523853 0.118663
vt 0.508535 0.110835
vt 0.447053 0.070500
vt 0.409722 0.028476
vt 0.815390 0.830828
vt 0.811400 0.790739
vt 0.810875 0.782868
vt 0.034406 0.368943
vt 0.811339 0.767096
vt 0.815830 0.738361
vt 0.061102 0.352309
vt 0.074323 0.349209
vt 0.096333 0.333237
vt 0.836646 0.701436
vt 0.812178 0.812489
vt 0.812489 0.773750
vt 0.819013 0.745603
vt 0.815999 0.756916
vt 0.827660 0.725844
vt 0.823411 0.715873
vt 0.849410 0.682326
vt 0.482094 0.085913
vt 0.473129 0.080258
vt 0.465599 0.073954
vt 0.454591 0.064646
vt 0.428502 0.040870
vt 0.815265 0.801773
vt 0.077896 0.337307
vt 0.850603 0.694915
vt 0.860016 0.680856
vt 0.855051 0.666087
vt 0.526332 0.106217
vt 0.511165 0.101673
vt 0.495130 0.089017
vt 0.419989 0.033942
vt 0.397732 0.010335
vt 0.793164 0.065978
vt 0.827006 0.870981
vt 0.046595 0.354135
vt 0.829847 0.733277
vt 0.841334 0.717112
vt 0.410318 0.011960
vt 0.737094 0.449284
vt 0.402818 0.416152
vt 0.831152 0.827334
vt 0.828806 0.818226
vt 0.830143 0.809883
vt 0.825172 0.782443
vt 0.838651 0.869287
vt 0.824955 0.769614
vt 0.852533 0.706118
vt 0.868866 0.669252
vt 0.482545 0.070982
vt 0.747504 0.167449
vt 0.725734 0.439801
vt 0.834059 0.839044
vt 0.588593 0.263171
vt 0.588329 0.253371
vt 0.602814 0.266362
vt 0.616401 0.267766
vt 0.837080 0.740840
vt 0.697495 0.220067
vt 0.523804 0.093133
vt 0.514545 0.084521
vt 0.493561 0.076536
vt 0.477394 0.063252
vt 0.459928 0.057660
vt 0.438091 0.026857
vt 0.733960 0.426986
vt 0.828481 0.800456
vt 0.828678 0.789939
vt 0.832547 0.755391
vt 0.841659 0.729589
vt 0.862594 0.692787
vt 0.878948 0.681064
vt 0.503030 0.081043
vt 0.720302 0.430093
vt 0.848111 0.839237
vt 0.836505 0.767243
vt 0.851488 0.724344
vt 0.737979 0.176389
vt 0.471448 0.046928
vt 0.452068 0.030314
vt 0.845941 0.823007
vt 0.839925 0.779979
vt 0.841351 0.747364
vt 0.856610 0.711952
vt 0.875065 0.692067
vt 0.883862 0.668632
vt 0.753785 0.425143
vt 0.746213 0.418790
vt 0.842223 0.799085
vt 0.614158 0.237875
vt 0.849782 0.741692
vt 0.653642 0.231237
vt 0.869874 0.705181
vt 0.670280 0.218411
vt 0.512180 0.072954
vt 0.504044 0.066717
vt 0.494460 0.061618
vt 0.710410 0.421002
vt 0.886711 0.415551
vt 0.866359 0.422983
vt 0.846948 0.808659
vt 0.842252 0.789456
vt 0.846667 0.759444
vt 0.857945 0.732506
vt 0.863449 0.717127
vt 0.885314 0.689796
vt 0.892925 0.680858
vt 0.728400 0.169655
vt 0.489725 0.052528
vt 0.769359 0.424848
vt 0.862631 0.826551
vt 0.848407 0.769571
vt 0.855647 0.754001
vt 0.649481 0.218426
vt 0.894894 0.662014
vt 0.905242 0.677845
vt 0.469955 0.029686
vt 0.455830 0.019087
vt 0.739909 0.411169
vt 0.859649 0.815119
vt 0.858215 0.795823
vt 0.857250 0.788122
vt 0.866294 0.746604
vt 0.868988 0.726427
vt 0.661147 0.211597
vt 0.882119 0.700600
vt 0.684769 0.191493
vt 0.530698 0.072363
vt 0.525887 0.062123
vt 0.502790 0.051802
vt 0.726170 0.155069
vt 0.764452 0.415108
vt 0.739074 0.003254
vt 0.861804 0.413813
vt 0.853429 0.414820
vt 0.860681 0.777005
vt 0.877664 0.843313
vt 0.614148 0.225485
vt 0.879083 0.718896
vt 0.900278 0.692430
vt 0.517038 0.055085
vt 0.483960 0.036609
vt 0.733499 0.122460
vt 0.740557 0.115050
vt 0.733190 0.399245
vt 0.757294 0.406136
vt 0.732440 0.041214
vt 0.916426 0.378015
vt 0.860746 0.805151
vt 0.862552 0.766772
vt 0.574923 0.221757
vt 0.635404 0.212086
vt 0.886440 0.710120
vt 0.647989 0.206223
vt 0.660943 0.201349
vt 0.894004 0.700741
vt 0.910873 0.685414
vt 0.498469 0.042493
vt 0.468540 0.014520
vt 0.458778 0.009239
vt 0.450502 0.000423
vt 0.730948 0.109172
vt 0.857356 0.405231
vt 0.874014 0.815995
vt 0.872574 0.805455
vt 0.869936 0.792376
vt 0.876465 0.829596
vt 0.875291 0.762220
vt 0.875669 0.738695
vt 0.917630 0.676193
vt 0.714364 0.149297
vt 0.487881 0.026489
vt 0.477653 0.018100
vt 0.750218 0.399727
vt 0.772188 0.408215
vt 0.709645 0.015032
vt 0.717636 0.007113
vt 0.847166 0.407283
vt 0.882117 0.749766
vt 0.614055 0.211968
vt 0.622444 0.205718
vt 0.883624 0.729019
vt 0.700993 0.166134
vt 0.511764 0.045517
vt 0.741817 0.391843
vt 0.779303 0.402481
vt 0.834262 0.402455
vt 0.901240 0.372171
vt 0.890641 0.375307
vt 0.877892 0.774600
vt 0.889838 0.833568
vt 0.894950 0.721336
vt 0.899947 0.710303
vt 0.907503 0.702871
vt 0.660441 0.190788
vt 0.665559 0.181247
vt 0.915507 0.693424
vt 0.929383 0.682885
vt 0.927598 0.670688
vt 0.939426 0.669090
vt 0.509745 0.031551
vt 0.723645 0.377806
vt 0.705522 0.381589
vt 0.712731 0.389085
vt 0.716064 0.372049
vt 0.736580 0.384198
vt 0.768912 0.394568
vt 0.724171 0.063835
vt 0.911783 0.368319
vt 0.880664 0.380810
vt 0.887965 0.821727
vt 0.880369 0.784785
vt 0.570104 0.208075
vt 0.889963 0.741219
vt 0.632095 0.198192
vt 0.644089 0.192889
vt 0.912442 0.711610
vt 0.671071 0.173644
vt 0.946603 0.681251
vt 0.690721 0.161206
vt 0.955000 0.671858
vt 0.498780 0.021159
vt 0.710004 0.132706
vt 0.700485 0.374289
vt 0.759255 0.391194
vt 0.785729 0.396441
vt 0.700746 0.008682
vt 0.868906 0.383032
vt 0.884495 0.806524
vt 0.883242 0.795437
vt 0.893856 0.774101
vt 0.887358 0.761828
vt 0.605393 0.198545
vt 0.901159 0.734387
vt 0.905890 0.721403
vt 0.651125 0.185932
vt 0.921755 0.705512
vt 0.928780 0.694631
vt 0.675937 0.164978
vt 0.937439 0.687173
vt 0.489725 0.011589
vt 0.706663 0.363512
vt 0.750058 0.384732
vt 0.703062 0.037606
vt 0.691433 0.003211
vt 0.683206 0.013348
vt 0.901476 0.809624
vt 0.904018 0.823174
vt 0.896715 0.754261
vt 0.618638 0.190848
vt 0.632159 0.187081
vt 0.653101 0.175320
vt 0.681292 0.156316
vt 0.700059 0.128201
vt 0.735822 0.370259
vt 0.767457 0.384500
vt 0.780269 0.386767
vt 0.796080 0.387805
vt 0.704872 0.052089
vt 0.820716 0.384872
vt 0.885287 0.363881
vt 0.873253 0.368986
vt 0.899971 0.799762
vt 0.897907 0.789749
vt 0.566216 0.192380
vt 0.589089 0.190884
vt 0.901763 0.767835
vt 0.906808 0.745263
vt 0.620366 0.181750
vt 0.634235 0.176958
vt 0.919983 0.726213
vt 0.656695 0.165265
vt 0.936316 0.706270
vt 0.942463 0.697183
vt 0.963632 0.687073
vt 0.969706 0.666494
vt 0.688118 0.135230
vt 0.979236 0.682943
vt 0.709866 0.343255
vt 0.695335 0.356503
vt 0.716849 0.355213
vt 0.731143 0.358402
vt 0.749182 0.370821
vt 0.760368 0.374609
vt 0.698218 0.060326
vt 0.694554 0.046328
vt 0.675496 0.021430
vt 0.672458 0.006354
vt 0.574832 0.184955
vt 0.905858 0.778191
vt 0.603352 0.184869
vt 0.911245 0.755894
vt 0.913770 0.736396
vt 0.932120 0.722012
vt 0.641010 0.169721
vt 0.657992 0.156500
vt 0.947914 0.705194
vt 0.957144 0.697443
vt 0.662114 0.146618
vt 0.675466 0.142893
vt 0.698036 0.093503
vt 0.701068 0.073315
vt 0.688008 0.055395
vt 0.685523 0.041409
vt 0.814911 0.374599
vt 0.664136 0.015515
vt 0.655925 0.009350
vt 0.663326 0.000423
vt 0.856909 0.363916
vt 0.561067 0.179415
vt 0.551525 0.187370
vt 0.724005 0.348603
vt 0.690737 0.103132
vt 0.694028 0.080890
vt 0.691396 0.067547
vt 0.676352 0.035830
vt 0.827550 0.366676
vt 0.548282 0.174284
vt 0.912326 0.800024
vt 0.909962 0.788256
vt 0.570210 0.171128
vt 0.916688 0.768417
vt 0.582221 0.176304
vt 0.591276 0.176615
vt 0.919712 0.747312
vt 0.605505 0.176000
vt 0.621168 0.171271
vt 0.925345 0.735533
vt 0.629883 0.163383
vt 0.641934 0.158231
vt 0.942682 0.718745
vt 0.647044 0.150818
vt 0.665050 0.139822
vt 0.969421 0.696753
vt 0.670881 0.129298
vt 0.688017 0.088419
vt 0.684513 0.075985
vt 0.682009 0.062813
vt 0.795220 0.363292
vt 0.678746 0.049677
vt 0.669699 0.043349
vt 0.849321 0.353037
vt 0.838834 0.358597
vt 0.924579 0.795912
vt 0.560984 0.166796
vt 0.551589 0.163230
vt 0.921070 0.782576
vt 0.923880 0.756734
vt 0.611546 0.166677
vt 0.932227 0.745957
vt 0.938527 0.734869
vt 0.955136 0.721200
vt 0.970161 0.705727
vt 0.988543 0.698787
vt 0.724297 0.330811
vt 0.735477 0.340484
vt 0.743746 0.347474
vt 0.676232 0.104394
vt 0.681603 0.096183
vt 0.766789 0.357274
vt 0.678290 0.083229
vt 0.805978 0.354260
vt 0.820747 0.357467
vt 0.637152 0.013600
vt 0.584852 0.164837
vt 0.570540 0.159297
vt 0.928200 0.765175
vt 0.599765 0.160320
vt 0.951066 0.731011
vt 0.635254 0.144949
vt 0.648532 0.132381
vt 0.670112 0.093575
vt 0.777117 0.349025
vt 0.829167 0.345727
vt 0.556920 0.154774
vt 0.546429 0.148131
vt 0.537503 0.157303
vt 0.537331 0.145319
vt 0.931313 0.774557
vt 0.936038 0.758275
vt 0.939905 0.769228
vt 0.944372 0.746325
vt 0.976362 0.718712
vt 0.994433 0.710040
vt 0.734061 0.321912
vt 0.744940 0.332767
vt 0.796606 0.346467
vt 0.815697 0.343639
vt 0.643899 0.040999
vt 0.563467 0.145167
vt 0.576894 0.143258
vt 0.586521 0.156157
vt 0.538795 0.136350
vt 0.602045 0.151179
vt 0.950885 0.762452
vt 0.956329 0.743965
vt 0.962736 0.733386
vt 0.538220 0.061005
vt 0.545710 0.048162
vt 0.556168 0.053876
vt 0.753595 0.325122
vt 0.657755 0.088781
vt 0.646339 0.055797
vt 0.633148 0.054814
vt 0.626766 0.045493
vt 0.616598 0.039907
vt 0.556390 0.132099
vt 0.588180 0.144461
vt 0.567332 0.135726
vt 0.541078 0.124965
vt 0.605254 0.135066
vt 0.960255 0.755211
vt 0.615900 0.136040
vt 0.542220 0.114164
vt 0.530878 0.108066
vt 0.539754 0.101313
vt 0.968262 0.743716
vt 0.540813 0.088421
vt 0.528183 0.096380
vt 0.978474 0.733754
vt 0.636200 0.123610
vt 0.984668 0.725580
vt 0.999514 0.719628
vt 0.643175 0.113467
vt 0.548505 0.066502
vt 0.649594 0.102228
vt 0.566888 0.059510
vt 0.558818 0.042336
vt 0.576140 0.044429
vt 0.647300 0.089310
vt 0.652083 0.081155
vt 0.586885 0.045780
vt 0.639872 0.063582
vt 0.621465 0.053167
vt 0.592447 0.134556
vt 0.583625 0.126577
vt 0.573555 0.125138
vt 0.565252 0.118025
vt 0.552442 0.117249
vt 0.553873 0.107251
vt 0.621794 0.123209
vt 0.557540 0.093226
vt 0.550717 0.083572
vt 0.540285 0.078679
vt 0.632978 0.109624
vt 0.561994 0.073922
vt 0.640095 0.097377
vt 0.581346 0.055048
vt 0.637007 0.084078
vt 0.593933 0.053988
vt 0.638573 0.075723
vt 0.622422 0.071417
vt 0.597917 0.127011
vt 0.582315 0.109907
vt 0.571395 0.102760
vt 0.568206 0.090934
vt 0.623094 0.104338
vt 0.575574 0.079806
vt 0.581297 0.066854
vt 0.594863 0.110598
vt 0.588612 0.100365
vt 0.578305 0.095996
vt 0.605362 0.095422
vt 0.615218 0.099805
vt 0.595746 0.090109
vt 0.585845 0.085065
vt 0.613632 0.083558
vt 0.603979 0.078421
vt 0.593788 0.073239
s 0
usemtl Material_0.007
f 3584/1/1 3605/2/1 3595/3/1
f 3579/4/2 3582/5/2 3583/6/2
f 3594/7/3 3584/1/3 3595/3/3
f 3605/2/4 3604/8/4 3595/3/4
f 3593/9/5 3583/6/5 3584/1/5
f 3598/10/6 3602/11/6 3599/12/6
f 5441/13/7 5442/14/7 5443/15/7
f 3584/1/8 3582/5/8 3572/16/8
f 3608/17/9 3584/1/9 3572/16/9
f 5438/18/10 5439/19/10 5440/20/10
f 3583/6/11 3582/5/11 3584/1/11
f 3593/9/12 3584/1/12 3594/7/12
f 3602/11/13 3601/21/13 3599/12/13
f 3595/3/14 3598/10/14 3597/22/14
f 3598/10/15 3595/3/15 3604/8/15
f 3598/10/16 3599/12/16 3597/22/16
f 3605/2/17 3584/1/17 3608/17/17
f 3528/23/18 3527/24/18 3488/25/18
f 3460/26/19 3459/27/19 3456/28/19
f 3458/29/20 3488/25/20 3527/24/20
f 3470/30/21 3472/31/21 3471/32/21
f 3466/33/22 3462/34/22 3464/35/22
f 3462/34/23 3469/36/23 3470/30/23
f 3464/35/24 3462/34/24 3460/26/24
f 3473/37/21 3471/32/21 3472/31/21
f 3457/38/25 3459/27/25 3477/39/25
f 3477/39/26 3487/40/26 3457/38/26
f 3470/30/27 3471/32/27 3462/34/27
f 3465/41/28 3464/35/28 3460/26/28
f 3465/41/29 3460/26/29 3463/42/29
f 3473/37/30 3459/27/30 3471/32/30
f 3477/39/31 3473/37/31 3472/31/31
f 3464/35/32 3465/41/32 3466/33/32
f 3457/38/33 3456/28/33 3459/27/33
f 3457/38/34 3488/25/34 3458/29/34
f 3456/28/35 3457/38/35 3458/29/35
f 3463/42/36 3460/26/36 3461/43/36
f 3473/37/37 3477/39/37 3459/27/37
f 3462/34/38 3459/27/38 3460/26/38
f 3488/25/39 3457/38/39 3487/40/39
f 3470/30/40 3526/44/40 3472/31/40
f 3456/28/41 3461/43/41 3460/26/41
f 3466/33/42 3469/36/42 3462/34/42
f 3477/39/43 3488/25/43 3487/40/43
f 3471/32/44 3459/27/44 3462/34/44
f 929/45/45 901/46/45 949/47/45
f 2298/48/46 2266/49/46 2267/50/46
f 901/46/47 948/51/47 949/47/47
f 879/52/48 905/53/48 901/46/48
f 901/46/49 905/53/49 948/51/49
f 948/51/50 905/53/50 953/54/50
f 2299/55/51 2289/56/51 2298/48/51
f 2298/48/52 2289/56/52 2266/49/52
f 2266/49/53 2289/56/53 2274/57/53
f 2266/49/54 2274/57/54 2175/58/54
f 905/53/55 917/59/55 953/54/55
f 879/52/56 855/60/56 905/53/56
f 917/59/57 958/61/57 953/54/57
f 953/54/58 958/61/58 986/62/58
f 2289/56/59 2292/63/59 2274/57/59
f 2292/63/60 2291/64/60 2274/57/60
f 905/53/61 855/60/61 917/59/61
f 958/61/62 985/65/62 986/62/62
f 877/66/63 903/67/63 855/60/63
f 855/60/64 903/67/64 917/59/64
f 917/59/65 903/67/65 933/68/65
f 917/59/66 933/68/66 958/61/66
f 958/61/67 933/68/67 964/69/67
f 958/61/68 984/70/68 985/65/68
f 984/70/69 1008/71/69 985/65/69
f 2292/63/70 2351/72/70 2291/64/70
f 958/61/71 964/69/71 984/70/71
f 903/67/72 877/66/72 893/73/72
f 984/70/73 964/69/73 977/74/73
f 903/67/74 893/73/74 933/68/74
f 933/68/75 893/73/75 934/75/75
f 933/68/76 934/75/76 964/69/76
f 984/70/77 977/74/77 1008/71/77
f 964/69/78 934/75/78 977/74/78
f 2264/76/79 2293/77/79 2265/78/79
f 2264/76/80 2138/79/80 2132/80/80
f 2264/76/81 2265/78/81 2138/79/81
f 876/81/82 929/45/82 885/82/82
f 885/82/83 929/45/83 935/83/83
f 2293/77/84 2267/50/84 2265/78/84
f 2265/78/85 2267/50/85 2138/79/85
f 2267/50/86 2266/49/86 2138/79/86
f 2293/77/87 2306/84/87 2267/50/87
f 2266/49/88 2170/85/88 2138/79/88
f 876/81/89 901/46/89 929/45/89
f 876/81/90 866/86/90 901/46/90
f 2170/85/91 2175/58/91 2137/87/91
f 660/88/92 866/86/92 876/81/92
f 2266/49/93 2175/58/93 2170/85/93
f 2175/58/94 2174/89/94 2137/87/94
f 866/86/95 879/52/95 901/46/95
f 660/88/96 564/90/96 687/91/96
f 660/88/97 687/91/97 866/86/97
f 866/86/98 687/91/98 879/52/98
f 2175/58/99 2274/57/99 2174/89/99
f 687/91/100 855/60/100 879/52/100
f 2274/57/101 2261/92/101 2174/89/101
f 2174/89/102 2261/92/102 2169/93/102
f 564/90/103 659/94/103 687/91/103
f 2274/57/104 2291/64/104 2261/92/104
f 659/94/105 855/60/105 687/91/105
f 2261/92/106 2297/95/106 2169/93/106
f 668/96/107 854/97/107 855/60/107
f 659/94/108 668/96/108 855/60/108
f 2291/64/109 2351/72/109 2297/95/109
f 2291/64/110 2297/95/110 2261/92/110
f 2297/95/111 2287/98/111 2169/93/111
f 854/97/112 877/66/112 855/60/112
f 668/96/113 853/99/113 854/97/113
f 854/97/114 853/99/114 877/66/114
f 853/99/115 893/73/115 877/66/115
f 1008/71/116 1007/100/116 1025/101/116
f 977/74/117 1007/100/117 1008/71/117
f 1025/101/118 1007/100/118 1027/102/118
f 853/99/119 888/103/119 893/73/119
f 893/73/120 916/104/120 934/75/120
f 977/74/121 1000/105/121 1007/100/121
f 1007/100/122 1000/105/122 1027/102/122
f 916/104/123 966/106/123 934/75/123
f 934/75/124 966/106/124 977/74/124
f 977/74/125 966/106/125 1000/105/125
f 893/73/126 888/103/126 916/104/126
f 916/104/127 937/107/127 966/106/127
f 2296/108/128 2293/77/128 2268/109/128
f 2268/109/129 2293/77/129 2264/76/129
f 2268/109/130 2264/76/130 2241/110/130
f 2264/76/131 2132/80/131 2241/110/131
f 2091/111/132 2132/80/132 2138/79/132
f 885/82/133 935/83/133 922/112/133
f 2138/79/134 2110/113/134 2091/111/134
f 662/114/135 661/115/135 885/82/135
f 2138/79/136 2170/85/136 2110/113/136
f 2137/87/137 2112/116/137 2110/113/137
f 661/115/138 876/81/138 885/82/138
f 2170/85/139 2137/87/139 2110/113/139
f 661/115/140 640/117/140 542/118/140
f 661/115/141 660/88/141 876/81/141
f 661/115/142 542/118/142 660/88/142
f 2112/116/143 2137/87/143 2134/119/143
f 2137/87/144 2174/89/144 2134/119/144
f 542/118/145 531/120/145 564/90/145
f 542/118/146 564/90/146 660/88/146
f 2174/89/147 2169/93/147 2134/119/147
f 531/120/148 522/121/148 564/90/148
f 564/90/149 522/121/149 659/94/149
f 522/121/150 668/96/150 659/94/150
f 2169/93/151 2287/98/151 2168/122/151
f 524/123/152 668/96/152 522/121/152
f 524/123/153 667/124/153 668/96/153
f 2297/95/154 2388/125/154 2287/98/154
f 668/96/155 667/124/155 853/99/155
f 667/124/156 850/126/156 853/99/156
f 667/124/157 674/127/157 850/126/157
f 853/99/158 850/126/158 888/103/158
f 1000/105/159 1028/128/159 1027/102/159
f 850/126/160 852/129/160 888/103/160
f 888/103/161 894/130/161 916/104/161
f 916/104/162 894/130/162 937/107/162
f 966/106/163 997/131/163 1000/105/163
f 1000/105/164 997/131/164 1026/132/164
f 1000/105/165 1026/132/165 1028/128/165
f 852/129/166 894/130/166 888/103/166
f 966/106/167 937/107/167 983/133/167
f 966/106/168 983/133/168 997/131/168
f 937/107/169 965/134/169 983/133/169
f 886/135/170 922/112/170 939/136/170
f 2268/109/171 2241/110/171 2240/137/171
f 2241/110/172 2132/80/172 2240/137/172
f 2240/137/173 2132/80/173 2111/138/173
f 2111/138/174 2132/80/174 2087/139/174
f 886/135/175 875/140/175 922/112/175
f 2278/141/176 2296/108/176 2268/109/176
f 2132/80/177 2091/111/177 2087/139/177
f 2087/139/178 2091/111/178 2090/142/178
f 662/114/179 885/82/179 875/140/179
f 875/140/180 885/82/180 922/112/180
f 2091/111/181 2110/113/181 2090/142/181
f 2110/113/182 2092/143/182 2090/142/182
f 2090/142/183 2092/143/183 2077/144/183
f 2110/113/184 2112/116/184 2092/143/184
f 662/114/185 640/117/185 661/115/185
f 548/145/186 542/118/186 640/117/186
f 2112/116/187 2134/119/187 2109/146/187
f 2109/146/188 2134/119/188 2125/147/188
f 532/148/189 531/120/189 542/118/189
f 2125/147/190 2134/119/190 2136/149/190
f 2134/119/191 2169/93/191 2136/149/191
f 520/150/192 522/121/192 531/120/192
f 2169/93/193 2168/122/193 2136/149/193
f 2168/122/194 2150/151/194 2136/149/194
f 520/150/195 521/152/195 522/121/195
f 521/152/196 524/123/196 522/121/196
f 2287/98/197 2283/153/197 2168/122/197
f 521/152/198 525/154/198 524/123/198
f 524/123/199 525/154/199 667/124/199
f 2287/98/200 2361/155/200 2283/153/200
f 2287/98/201 2388/125/201 2361/155/201
f 525/154/202 674/127/202 667/124/202
f 525/154/203 567/156/203 674/127/203
f 2736/157/204 2735/158/204 2706/159/204
f 2736/157/205 2706/159/205 2721/160/205
f 688/161/206 852/129/206 850/126/206
f 674/127/207 688/161/207 850/126/207
f 2735/158/208 2709/162/208 2706/159/208
f 2734/163/209 2709/162/209 2735/158/209
f 2734/163/210 2722/164/210 2709/162/210
f 846/165/211 892/166/211 852/129/211
f 852/129/212 892/166/212 894/130/212
f 997/131/213 983/133/213 1011/167/213
f 997/131/214 1011/167/214 1026/132/214
f 892/166/215 931/168/215 894/130/215
f 894/130/216 931/168/216 937/107/216
f 937/107/217 931/168/217 965/134/217
f 892/166/218 904/169/218 931/168/218
f 904/169/219 954/170/219 931/168/219
f 931/168/220 954/170/220 965/134/220
f 965/134/221 954/170/221 981/171/221
f 965/134/222 981/171/222 983/133/222
f 2105/172/223 2111/138/223 2086/173/223
f 2277/174/224 2278/141/224 2268/109/224
f 2277/174/225 2268/109/225 2242/175/225
f 2268/109/226 2240/137/226 2242/175/226
f 2242/175/227 2240/137/227 2105/172/227
f 2086/173/228 2087/139/228 2066/176/228
f 938/177/229 886/135/229 939/136/229
f 2111/138/230 2087/139/230 2086/173/230
f 886/135/231 860/178/231 663/179/231
f 2087/139/232 2090/142/232 2067/180/232
f 2090/142/233 2077/144/233 2067/180/233
f 663/179/234 875/140/234 886/135/234
f 663/179/235 639/181/235 662/114/235
f 663/179/236 662/114/236 875/140/236
f 2077/144/237 2092/143/237 2065/182/237
f 2092/143/238 2089/183/238 2065/182/238
f 639/181/239 610/184/239 662/114/239
f 610/184/240 640/117/240 662/114/240
f 610/184/241 548/145/241 640/117/241
f 2092/143/242 2109/146/242 2089/183/242
f 548/145/243 532/148/243 542/118/243
f 532/148/244 529/185/244 531/120/244
f 2136/149/245 2133/186/245 2125/147/245
f 2125/147/246 2133/186/246 2124/187/246
f 529/185/247 520/150/247 531/120/247
f 2136/149/248 2150/151/248 2133/186/248
f 529/185/249 523/188/249 520/150/249
f 523/188/250 521/152/250 520/150/250
f 2168/122/251 2283/153/251 2150/151/251
f 2283/153/252 2282/189/252 2150/151/252
f 2283/153/253 2361/155/253 2282/189/253
f 2721/160/254 2706/159/254 2696/190/254
f 673/191/255 674/127/255 567/156/255
f 674/127/256 673/191/256 688/161/256
f 673/191/257 689/192/257 688/161/257
f 689/192/258 846/165/258 688/161/258
f 688/161/259 846/165/259 852/129/259
f 2722/164/260 2698/193/260 2709/162/260
f 1026/132/261 1011/167/261 1034/194/261
f 1011/167/262 1036/195/262 1034/194/262
f 983/133/263 1010/196/263 1011/167/263
f 846/165/264 878/197/264 892/166/264
f 892/166/265 878/197/265 904/169/265
f 981/171/266 1010/196/266 983/133/266
f 1011/167/267 1010/196/267 1036/195/267
f 954/170/268 972/198/268 981/171/268
f 981/171/269 1001/199/269 1010/196/269
f 2273/200/270 2277/174/270 2249/201/270
f 2249/201/271 2277/174/271 2242/175/271
f 2249/201/272 2242/175/272 2104/202/272
f 2242/175/273 2105/172/273 2104/202/273
f 2104/202/274 2105/172/274 2085/203/274
f 2085/203/275 2105/172/275 2086/173/275
f 889/204/276 938/177/276 940/205/276
f 2068/206/277 2086/173/277 2066/176/277
f 889/204/278 886/135/278 938/177/278
f 860/178/279 886/135/279 889/204/279
f 2067/180/280 2077/144/280 2058/207/280
f 2077/144/281 2065/182/281 2058/207/281
f 2058/207/282 2065/182/282 2057/208/282
f 563/209/283 548/145/283 610/184/283
f 2089/183/284 2109/146/284 2075/210/284
f 563/209/285 547/211/285 548/145/285
f 2109/146/286 2106/212/286 2075/210/286
f 547/211/287 533/213/287 548/145/287
f 533/213/288 532/148/288 548/145/288
f 2125/147/289 2124/187/289 2106/212/289
f 2109/146/290 2125/147/290 2106/212/290
f 2133/186/291 2130/214/291 2124/187/291
f 532/148/292 533/213/292 529/185/292
f 2133/186/293 2150/151/293 2130/214/293
f 529/185/294 526/215/294 523/188/294
f 2150/151/295 2148/216/295 2130/214/295
f 526/215/296 521/152/296 523/188/296
f 2150/151/297 2178/217/297 2148/216/297
f 2150/151/298 2282/189/298 2178/217/298
f 528/218/299 525/154/299 521/152/299
f 2282/189/300 2288/219/300 2178/217/300
f 528/218/301 561/220/301 525/154/301
f 2696/190/302 2706/159/302 2667/221/302
f 2696/190/303 2667/221/303 2668/222/303
f 525/154/304 561/220/304 567/156/304
f 2709/162/305 2678/223/305 2706/159/305
f 2706/159/306 2678/223/306 2667/221/306
f 2709/162/307 2698/193/307 2678/223/307
f 689/192/308 842/224/308 846/165/308
f 842/224/309 878/197/309 846/165/309
f 1010/196/310 1029/225/310 1036/195/310
f 878/197/311 913/226/311 904/169/311
f 904/169/312 913/226/312 954/170/312
f 1010/196/313 1001/199/313 1029/225/313
f 913/226/314 972/198/314 954/170/314
f 981/171/315 972/198/315 1001/199/315
f 2237/227/316 2273/200/316 2249/201/316
f 2237/227/317 2249/201/317 2104/202/317
f 2068/206/318 2085/203/318 2086/173/318
f 932/228/319 889/204/319 940/205/319
f 2068/206/320 2066/176/320 2047/229/320
f 2047/229/321 2066/176/321 2050/230/321
f 2067/180/322 2058/207/322 2050/230/322
f 664/231/323 860/178/323 889/204/323
f 664/231/324 638/232/324 860/178/324
f 2050/230/325 2058/207/325 2057/208/325
f 638/232/326 589/233/326 639/181/326
f 589/233/327 610/184/327 639/181/327
f 563/209/328 610/184/328 589/233/328
f 2065/182/329 2075/210/329 2064/234/329
f 2065/182/330 2089/183/330 2075/210/330
f 553/235/331 547/211/331 563/209/331
f 2106/212/332 2124/187/332 2117/236/332
f 2124/187/333 2130/214/333 2117/236/333
f 533/213/334 530/237/334 529/185/334
f 530/237/335 526/215/335 529/185/335
f 527/238/336 521/152/336 526/215/336
f 527/238/337 528/218/337 521/152/337
f 561/220/338 657/239/338 567/156/338
f 657/239/339 673/191/339 567/156/339
f 2667/221/340 2678/223/340 2658/240/340
f 657/239/341 670/241/341 673/191/341
f 670/241/342 689/192/342 673/191/342
f 2698/193/343 2661/242/343 2678/223/343
f 2698/193/344 2690/243/344 2661/242/344
f 690/244/345 842/224/345 689/192/345
f 2708/245/346 2690/243/346 2698/193/346
f 848/246/347 887/247/347 842/224/347
f 842/224/348 887/247/348 878/197/348
f 887/247/349 913/226/349 878/197/349
f 915/248/350 970/249/350 913/226/350
f 913/226/351 970/249/351 972/198/351
f 970/249/352 989/250/352 972/198/352
f 972/198/353 989/250/353 1002/251/353
f 972/198/354 1002/251/354 1001/199/354
f 2103/252/355 2237/227/355 2104/202/355
f 2104/202/356 2085/203/356 2084/253/356
f 2103/252/357 2104/202/357 2084/253/357
f 2286/254/358 2273/200/358 2260/255/358
f 2260/255/359 2273/200/359 2237/227/359
f 2085/203/360 2068/206/360 2061/256/360
f 2084/253/361 2085/203/361 2061/256/361
f 2286/254/362 2302/257/362 2273/200/362
f 2061/256/363 2068/206/363 2047/229/363
f 918/258/364 889/204/364 932/228/364
f 2047/229/365 2050/230/365 2036/259/365
f 918/258/366 664/231/366 889/204/366
f 2036/259/367 2050/230/367 2032/260/367
f 2050/230/368 2057/208/368 2041/261/368
f 2057/208/369 2064/234/369 2049/262/369
f 2057/208/370 2065/182/370 2064/234/370
f 589/233/371 553/235/371 563/209/371
f 2075/210/372 2106/212/372 2076/263/372
f 2106/212/373 2107/264/373 2076/263/373
f 2106/212/374 2117/236/374 2107/264/374
f 533/213/375 539/265/375 530/237/375
f 2130/214/376 2131/266/376 2117/236/376
f 534/267/377 526/215/377 530/237/377
f 535/268/378 527/238/378 526/215/378
f 2148/216/379 2178/217/379 2167/269/379
f 2178/217/380 2288/219/380 2284/270/380
f 2668/222/381 2553/271/381 2557/272/381
f 543/273/382 561/220/382 528/218/382
f 2667/221/383 2553/271/383 2668/222/383
f 543/273/384 644/274/384 561/220/384
f 2658/240/385 2550/275/385 2667/221/385
f 2667/221/386 2550/275/386 2553/271/386
f 644/274/387 657/239/387 561/220/387
f 657/239/388 644/274/388 670/241/388
f 2678/223/389 2661/242/389 2658/240/389
f 670/241/390 686/276/390 689/192/390
f 689/192/391 686/276/391 690/244/391
f 2690/243/392 2666/277/392 2661/242/392
f 690/244/393 848/246/393 842/224/393
f 690/244/394 692/278/394 848/246/394
f 2708/245/395 2707/279/395 2689/280/395
f 2708/245/396 2689/280/396 2690/243/396
f 2707/279/397 2695/281/397 2689/280/397
f 887/247/398 895/282/398 913/226/398
f 1001/199/399 1002/251/399 1035/283/399
f 1001/199/400 1035/283/400 1029/225/400
f 895/282/401 915/248/401 913/226/401
f 2238/284/402 2237/227/402 2099/285/402
f 2099/285/403 2237/227/403 2103/252/403
f 2259/286/404 2260/255/404 2237/227/404
f 2259/286/405 2237/227/405 2238/284/405
f 2099/285/406 2103/252/406 2084/253/406
f 2061/256/407 2047/229/407 2046/287/407
f 2046/287/408 2047/229/408 2036/259/408
f 631/288/409 638/232/409 664/231/409
f 2041/261/410 2057/208/410 2049/262/410
f 631/288/411 588/289/411 638/232/411
f 2064/234/412 2062/290/412 2049/262/412
f 2064/234/413 2075/210/413 2062/290/413
f 588/289/414 553/235/414 589/233/414
f 2075/210/415 2076/263/415 2062/290/415
f 546/291/416 547/211/416 553/235/416
f 546/291/417 533/213/417 547/211/417
f 546/291/418 539/265/418 533/213/418
f 2117/236/419 2131/266/419 2123/292/419
f 2130/214/420 2147/293/420 2131/266/420
f 2130/214/421 2148/216/421 2147/293/421
f 534/267/422 535/268/422 526/215/422
f 2148/216/423 2167/269/423 2147/293/423
f 2178/217/424 2284/270/424 2167/269/424
f 535/268/425 537/294/425 527/238/425
f 537/294/426 528/218/426 527/238/426
f 537/294/427 543/273/427 528/218/427
f 2658/240/428 2549/295/428 2550/275/428
f 2661/242/429 2549/295/429 2658/240/429
f 2661/242/430 2554/296/430 2549/295/430
f 2661/242/431 2666/277/431 2554/296/431
f 686/276/432 692/278/432 690/244/432
f 2690/243/433 2689/280/433 2666/277/433
f 2666/277/434 2689/280/434 2664/297/434
f 847/298/435 895/282/435 848/246/435
f 848/246/436 895/282/436 887/247/436
f 895/282/437 951/299/437 915/248/437
f 915/248/438 975/300/438 970/249/438
f 1002/251/439 1023/301/439 1035/283/439
f 915/248/440 951/299/440 975/300/440
f 975/300/441 994/302/441 970/249/441
f 970/249/442 994/302/442 989/250/442
f 989/250/443 994/302/443 1002/251/443
f 1002/251/444 994/302/444 1023/301/444
f 2281/303/445 2286/254/445 2260/255/445
f 2281/303/446 2260/255/446 2259/286/446
f 2099/285/447 2084/253/447 2078/304/447
f 2084/253/448 2061/256/448 2060/305/448
f 2060/305/449 2061/256/449 2046/287/449
f 2313/306/450 2302/257/450 2286/254/450
f 950/307/451 924/308/451 918/258/451
f 950/307/452 918/258/452 932/228/452
f 2046/287/453 2036/259/453 2035/309/453
f 2035/309/454 2036/259/454 2032/260/454
f 924/308/455 857/310/455 918/258/455
f 635/311/456 664/231/456 857/310/456
f 635/311/457 631/288/457 664/231/457
f 2041/261/458 2049/262/458 2034/312/458
f 2049/262/459 2048/313/459 2034/312/459
f 605/314/460 588/289/460 631/288/460
f 2049/262/461 2062/290/461 2048/313/461
f 576/315/462 553/235/462 588/289/462
f 576/315/463 555/316/463 553/235/463
f 2062/290/464 2076/263/464 2063/317/464
f 555/316/465 546/291/465 553/235/465
f 2076/263/466 2107/264/466 2088/318/466
f 2088/318/467 2107/264/467 2108/319/467
f 2107/264/468 2123/292/468 2108/319/468
f 539/265/469 538/320/469 530/237/469
f 538/320/470 534/267/470 530/237/470
f 536/321/471 535/268/471 534/267/471
f 654/322/472 670/241/472 644/274/472
f 654/322/473 671/323/473 670/241/473
f 671/323/474 686/276/474 670/241/474
f 686/276/475 671/323/475 692/278/475
f 2666/277/476 2664/297/476 2554/296/476
f 692/278/477 847/298/477 848/246/477
f 2695/281/478 2683/324/478 2689/280/478
f 2695/281/479 2697/325/479 2683/324/479
f 2695/281/480 2719/326/480 2697/325/480
f 2238/284/481 2099/285/481 2097/327/481
f 2313/306/482 2286/254/482 2301/328/482
f 2301/328/483 2286/254/483 2281/303/483
f 2042/329/484 2046/287/484 2035/309/484
f 856/330/485 635/311/485 857/310/485
f 635/311/486 605/314/486 631/288/486
f 2062/290/487 2043/331/487 2048/313/487
f 2043/331/488 2062/290/488 2063/317/488
f 2063/317/489 2076/263/489 2088/318/489
f 549/332/490 546/291/490 555/316/490
f 549/332/491 539/265/491 546/291/491
f 549/332/492 541/333/492 539/265/492
f 2123/292/493 2127/334/493 2108/319/493
f 541/333/494 538/320/494 539/265/494
f 538/320/495 536/321/495 534/267/495
f 2131/266/496 2147/293/496 2135/335/496
f 2147/293/497 2149/336/497 2135/335/497
f 536/321/498 540/337/498 535/268/498
f 2167/269/499 2181/338/499 2149/336/499
f 540/337/500 537/294/500 535/268/500
f 2167/269/501 2284/270/501 2181/338/501
f 559/339/502 543/273/502 537/294/502
f 559/339/503 566/340/503 543/273/503
f 566/340/504 644/274/504 543/273/504
f 566/340/505 654/322/505 644/274/505
f 2549/295/506 2493/341/506 2550/275/506
f 2550/275/507 2493/341/507 2539/342/507
f 691/343/508 692/278/508 671/323/508
f 2664/297/509 2555/344/509 2554/296/509
f 691/343/510 823/345/510 692/278/510
f 2689/280/511 2665/346/511 2664/297/511
f 823/345/512 847/298/512 692/278/512
f 2689/280/513 2683/324/513 2665/346/513
f 847/298/514 883/347/514 895/282/514
f 883/347/515 902/348/515 895/282/515
f 895/282/516 902/348/516 951/299/516
f 2697/325/517 2688/349/517 2683/324/517
f 951/299/518 969/350/518 975/300/518
f 969/350/519 988/351/519 975/300/519
f 975/300/520 988/351/520 994/302/520
f 994/302/521 988/351/521 1006/352/521
f 994/302/522 1006/352/522 1024/353/522
f 994/302/523 1024/353/523 1023/301/523
f 2280/354/524 2259/286/524 2258/355/524
f 2258/355/525 2259/286/525 2238/284/525
f 2258/355/526 2238/284/526 2236/356/526
f 2236/356/527 2238/284/527 2097/327/527
f 2097/327/528 2099/285/528 2078/304/528
f 2301/328/529 2281/303/529 2280/354/529
f 2280/354/530 2281/303/530 2259/286/530
f 2329/357/531 2313/306/531 2301/328/531
f 2042/329/532 2035/309/532 2026/358/532
f 924/308/533 856/330/533 857/310/533
f 646/359/534 635/311/534 856/330/534
f 2034/312/535 2018/360/535 2028/361/535
f 2034/312/536 2030/362/536 2018/360/536
f 635/311/537 587/363/537 605/314/537
f 2048/313/538 2043/331/538 2030/362/538
f 587/363/539 576/315/539 605/314/539
f 576/315/540 562/364/540 555/316/540
f 562/364/541 549/332/541 555/316/541
f 2108/319/542 2127/334/542 2114/365/542
f 2131/266/543 2135/335/543 2127/334/543
f 2123/292/544 2131/266/544 2127/334/544
f 2284/270/545 2285/366/545 2181/338/545
f 2557/272/546 2553/271/546 2556/367/546
f 2553/271/547 2512/368/547 2556/367/547
f 2553/271/548 2539/342/548 2506/369/548
f 2553/271/549 2506/369/549 2512/368/549
f 653/370/550 654/322/550 566/340/550
f 2549/295/551 2494/371/551 2493/341/551
f 2549/295/552 2554/296/552 2494/371/552
f 2554/296/553 2496/372/553 2494/371/553
f 2554/296/554 2555/344/554 2496/372/554
f 2664/297/555 2566/373/555 2555/344/555
f 2664/297/556 2665/346/556 2566/373/556
f 2683/324/557 2657/374/557 2665/346/557
f 902/348/558 952/375/558 951/299/558
f 2719/326/559 2704/376/559 2697/325/559
f 2697/325/560 2704/376/560 2688/349/560
f 952/375/561 969/350/561 951/299/561
f 2720/377/562 2704/376/562 2719/326/562
f 2059/378/563 2060/305/563 2040/379/563
f 2040/379/564 2060/305/564 2042/329/564
f 2040/379/565 2042/329/565 2026/358/565
f 2322/380/566 2329/357/566 2301/328/566
f 2026/358/567 2035/309/567 2021/381/567
f 870/382/568 856/330/568 924/308/568
f 2021/381/569 2028/361/569 2019/383/569
f 646/359/570 613/384/570 635/311/570
f 613/384/571 587/363/571 635/311/571
f 583/385/572 562/364/572 576/315/572
f 2063/317/573 2088/318/573 2072/386/573
f 2108/319/574 2114/365/574 2093/387/574
f 2088/318/575 2108/319/575 2093/387/575
f 551/388/576 538/320/576 541/333/576
f 2135/335/577 2149/336/577 2164/389/577
f 544/390/578 536/321/578 538/320/578
f 544/390/579 545/391/579 536/321/579
f 545/391/580 540/337/580 536/321/580
f 2149/336/581 2181/338/581 2164/389/581
f 552/392/582 537/294/582 540/337/582
f 552/392/583 556/393/583 537/294/583
f 537/294/584 556/393/584 559/339/584
f 556/393/585 573/394/585 559/339/585
f 573/394/586 566/340/586 559/339/586
f 609/395/587 653/370/587 566/340/587
f 2539/342/588 2493/341/588 2506/369/588
f 653/370/589 665/396/589 654/322/589
f 665/396/590 671/323/590 654/322/590
f 672/397/591 691/343/591 671/323/591
f 672/397/592 698/398/592 691/343/592
f 2555/344/593 2508/399/593 2496/372/593
f 698/398/594 823/345/594 691/343/594
f 823/345/595 839/400/595 847/298/595
f 2665/346/596 2657/374/596 2566/373/596
f 847/298/597 839/400/597 883/347/597
f 2683/324/598 2663/401/598 2657/374/598
f 883/347/599 884/402/599 902/348/599
f 2720/377/600 2705/403/600 2704/376/600
f 987/404/601 1005/405/601 988/351/601
f 988/351/602 1005/405/602 1006/352/602
f 1006/352/603 1005/405/603 1017/406/603
f 2098/407/604 2097/327/604 2071/408/604
f 2097/327/605 2078/304/605 2071/408/605
f 2071/408/606 2078/304/606 2059/378/606
f 2304/409/607 2301/328/607 2280/354/607
f 2304/409/608 2322/380/608 2301/328/608
f 2040/379/609 2026/358/609 2025/410/609
f 2026/358/610 2021/381/610 2020/411/610
f 870/382/611 924/308/611 945/412/611
f 945/412/612 924/308/612 979/413/612
f 870/382/613 646/359/613 856/330/613
f 643/414/614 613/384/614 646/359/614
f 2018/360/615 2030/362/615 2029/415/615
f 2030/362/616 2043/331/616 2029/415/616
f 613/384/617 586/416/617 587/363/617
f 2043/331/618 2063/317/618 2052/417/618
f 586/416/619 583/385/619 576/315/619
f 2088/318/620 2093/387/620 2072/386/620
f 562/364/621 554/418/621 549/332/621
f 554/418/622 551/388/622 549/332/622
f 550/419/623 538/320/623 551/388/623
f 550/419/624 544/390/624 538/320/624
f 2135/335/625 2164/389/625 2140/420/625
f 2567/421/626 2559/422/626 2558/423/626
f 545/391/627 552/392/627 540/337/627
f 573/394/628 609/395/628 566/340/628
f 609/395/629 665/396/629 653/370/629
f 665/396/630 672/397/630 671/323/630
f 2566/373/631 2657/374/631 2509/424/631
f 839/400/632 884/402/632 883/347/632
f 2683/324/633 2688/349/633 2663/401/633
f 2704/376/634 2684/425/634 2688/349/634
f 1017/406/635 1033/426/635 1024/353/635
f 969/350/636 987/404/636 988/351/636
f 2257/427/637 2258/355/637 2236/356/637
f 2235/428/638 2236/356/638 2098/407/638
f 2257/427/639 2280/354/639 2258/355/639
f 2071/408/640 2059/378/640 2054/429/640
f 2294/430/641 2304/409/641 2280/354/641
f 2054/429/642 2059/378/642 2040/379/642
f 2344/431/643 2322/380/643 2304/409/643
f 2026/358/644 2020/411/644 2025/410/644
f 2021/381/645 2019/383/645 2010/432/645
f 858/433/646 646/359/646 870/382/646
f 643/414/647 646/359/647 858/433/647
f 2009/434/648 2019/383/648 2018/360/648
f 637/435/649 613/384/649 643/414/649
f 604/436/650 586/416/650 613/384/650
f 583/385/651 575/437/651 562/364/651
f 575/437/652 554/418/652 562/364/652
f 2114/365/653 2139/438/653 2116/439/653
f 2114/365/654 2127/334/654 2139/438/654
f 2135/335/655 2140/420/655 2139/438/655
f 2127/334/656 2135/335/656 2139/438/656
f 2558/423/657 2559/422/657 2543/440/657
f 2559/422/658 2556/367/658 2543/440/658
f 565/441/659 556/393/659 552/392/659
f 2556/367/660 2512/368/660 2543/440/660
f 2506/369/661 2495/442/661 2512/368/661
f 2506/369/662 2492/443/662 2495/442/662
f 2506/369/663 2493/341/663 2492/443/663
f 2493/341/664 2494/371/664 2462/444/664
f 666/445/665 672/397/665 665/396/665
f 2494/371/666 2496/372/666 2454/446/666
f 2494/371/667 2454/446/667 2462/444/667
f 666/445/668 685/447/668 672/397/668
f 672/397/669 685/447/669 698/398/669
f 2566/373/670 2509/424/670 2508/399/670
f 698/398/671 820/448/671 823/345/671
f 820/448/672 839/400/672 823/345/672
f 2663/401/673 2551/449/673 2657/374/673
f 884/402/674 936/450/674 902/348/674
f 902/348/675 936/450/675 952/375/675
f 936/450/676 971/451/676 952/375/676
f 952/375/677 971/451/677 969/350/677
f 2704/376/678 2705/403/678 2684/425/678
f 971/451/679 987/404/679 969/350/679
f 2294/430/680 2280/354/680 2257/427/680
f 2355/452/681 2350/453/681 2344/431/681
f 923/454/682 870/382/682 945/412/682
f 923/454/683 858/433/683 870/382/683
f 2019/383/684 2009/434/684 2010/432/684
f 2018/360/685 2013/455/685 2009/434/685
f 2018/360/686 2029/415/686 2013/455/686
f 604/436/687 602/456/687 586/416/687
f 602/456/688 583/385/688 586/416/688
f 2072/386/689 2093/387/689 2074/457/689
f 2093/387/690 2116/439/690 2115/458/690
f 550/419/691 557/459/691 544/390/691
f 2164/389/692 2172/460/692 2140/420/692
f 558/461/693 545/391/693 544/390/693
f 557/459/694 558/461/694 544/390/694
f 2567/421/695 2558/423/695 2562/462/695
f 558/461/696 560/463/696 545/391/696
f 560/463/697 552/392/697 545/391/697
f 560/463/698 565/441/698 552/392/698
f 2543/440/699 2512/368/699 2500/464/699
f 565/441/700 573/394/700 556/393/700
f 2493/341/701 2462/444/701 2492/443/701
f 2496/372/702 2453/465/702 2454/446/702
f 685/447/703 820/448/703 698/398/703
f 2508/399/704 2509/424/704 2453/465/704
f 820/448/705 838/466/705 839/400/705
f 2657/374/706 2551/449/706 2509/424/706
f 2663/401/707 2662/467/707 2551/449/707
f 2688/349/708 2684/425/708 2662/467/708
f 2688/349/709 2662/467/709 2663/401/709
f 1017/406/710 1032/468/710 1033/426/710
f 987/404/711 1004/469/711 1005/405/711
f 1004/469/712 1015/470/712 1005/405/712
f 1015/470/713 1018/471/713 1005/405/713
f 1005/405/714 1018/471/714 1017/406/714
f 1017/406/715 1018/471/715 1032/468/715
f 2275/472/716 2257/427/716 2246/473/716
f 2246/473/717 2257/427/717 2235/428/717
f 2246/473/718 2235/428/718 2100/474/718
f 2235/428/719 2098/407/719 2100/474/719
f 2098/407/720 2071/408/720 2100/474/720
f 2100/474/721 2071/408/721 2079/475/721
f 2071/408/722 2054/429/722 2079/475/722
f 2079/475/723 2054/429/723 2051/476/723
f 2275/472/724 2294/430/724 2257/427/724
f 2051/476/725 2054/429/725 2039/477/725
f 2054/429/726 2040/379/726 2039/477/726
f 2040/379/727 2023/478/727 2039/477/727
f 2343/479/728 2344/431/728 2304/409/728
f 2317/480/729 2304/409/729 2294/430/729
f 2355/452/730 2344/431/730 2343/479/730
f 2025/410/731 2017/481/731 2023/478/731
f 2017/481/732 2020/411/732 2010/432/732
f 874/482/733 793/483/733 858/433/733
f 793/483/734 643/414/734 858/433/734
f 793/483/735 637/435/735 643/414/735
f 2052/417/736 2073/484/736 2031/485/736
f 2052/417/737 2072/386/737 2073/484/737
f 2093/387/738 2115/458/738 2074/457/738
f 565/441/739 607/486/739 573/394/739
f 2492/443/740 2485/487/740 2495/442/740
f 607/486/741 609/395/741 573/394/741
f 2492/443/742 2462/444/742 2485/487/742
f 607/486/743 655/488/743 609/395/743
f 655/488/744 665/396/744 609/395/744
f 665/396/745 655/488/745 666/445/745
f 2462/444/746 2454/446/746 2452/489/746
f 666/445/747 684/490/747 685/447/747
f 791/491/748 820/448/748 685/447/748
f 2509/424/749 2447/492/749 2453/465/749
f 831/493/750 838/466/750 820/448/750
f 2551/449/751 2447/492/751 2509/424/751
f 838/466/752 890/494/752 839/400/752
f 839/400/753 890/494/753 884/402/753
f 2662/467/754 2552/495/754 2551/449/754
f 890/494/755 936/450/755 884/402/755
f 936/450/756 973/496/756 971/451/756
f 2705/403/757 2693/497/757 2684/425/757
f 973/496/758 990/498/758 971/451/758
f 971/451/759 990/498/759 987/404/759
f 2716/499/760 2693/497/760 2705/403/760
f 990/498/761 1004/469/761 987/404/761
f 2295/500/762 2294/430/762 2275/472/762
f 2316/501/763 2317/480/763 2294/430/763
f 2316/501/764 2294/430/764 2295/500/764
f 2023/478/765 2017/481/765 2011/502/765
f 944/503/766 923/454/766 946/504/766
f 2017/481/767 2010/432/767 2008/505/767
f 874/482/768 923/454/768 944/503/768
f 793/483/769 636/506/769 637/435/769
f 636/506/770 604/436/770 637/435/770
f 2013/455/771 2031/485/771 2015/507/771
f 600/508/772 583/385/772 602/456/772
f 600/508/773 575/437/773 583/385/773
f 572/509/774 551/388/774 574/510/774
f 574/510/775 551/388/775 554/418/775
f 572/509/776 568/511/776 550/419/776
f 572/509/777 550/419/777 551/388/777
f 2140/420/778 2161/512/778 2151/513/778
f 2139/438/779 2140/420/779 2151/513/779
f 568/511/780 557/459/780 550/419/780
f 569/514/781 558/461/781 557/459/781
f 2562/462/782 2558/423/782 2538/515/782
f 571/516/783 560/463/783 558/461/783
f 569/514/784 571/516/784 558/461/784
f 2558/423/785 2543/440/785 2538/515/785
f 2543/440/786 2500/464/786 2538/515/786
f 2454/446/787 2442/517/787 2452/489/787
f 2454/446/788 2453/465/788 2442/517/788
f 684/490/789 791/491/789 685/447/789
f 2453/465/790 2443/518/790 2442/517/790
f 791/491/791 831/493/791 820/448/791
f 831/493/792 851/519/792 838/466/792
f 851/519/793 890/494/793 838/466/793
f 890/494/794 957/520/794 936/450/794
f 2662/467/795 2660/521/795 2552/495/795
f 2684/425/796 2660/521/796 2662/467/796
f 2684/425/797 2693/497/797 2660/521/797
f 2716/499/798 2732/522/798 2714/523/798
f 2716/499/799 2714/523/799 2693/497/799
f 2245/524/800 2275/472/800 2246/473/800
f 2245/524/801 2246/473/801 2100/474/801
f 2245/524/802 2100/474/802 2101/525/802
f 2101/525/803 2100/474/803 2082/526/803
f 2051/476/804 2039/477/804 2038/527/804
f 2316/501/805 2343/479/805 2317/480/805
f 2010/432/806 2009/434/806 2008/505/806
f 2004/528/807 2013/455/807 2005/529/807
f 788/530/808 636/506/808 793/483/808
f 612/531/809 604/436/809 636/506/809
f 612/531/810 602/456/810 604/436/810
f 602/456/811 611/532/811 600/508/811
f 2115/458/812 2122/533/812 2074/457/812
f 2115/458/813 2141/534/813 2122/533/813
f 574/510/814 554/418/814 575/437/814
f 2115/458/815 2116/439/815 2141/534/815
f 2116/439/816 2151/513/816 2141/534/816
f 568/511/817 570/535/817 557/459/817
f 570/535/818 569/514/818 557/459/818
f 577/536/819 560/463/819 571/516/819
f 577/536/820 565/441/820 560/463/820
f 607/486/821 656/537/821 655/488/821
f 2485/487/822 2462/444/822 2465/538/822
f 2462/444/823 2452/489/823 2451/539/823
f 677/540/824 666/445/824 655/488/824
f 677/540/825 684/490/825 666/445/825
f 2443/518/826 2453/465/826 2433/541/826
f 791/491/827 816/542/827 831/493/827
f 2453/465/828 2447/492/828 2433/541/828
f 2551/449/829 2429/543/829 2447/492/829
f 2551/449/830 2552/495/830 2429/543/830
f 851/519/831 911/544/831 890/494/831
f 957/520/832 973/496/832 936/450/832
f 973/496/833 995/545/833 990/498/833
f 2714/523/834 2692/546/834 2693/497/834
f 990/498/835 996/547/835 1004/469/835
f 1015/470/836 1037/548/836 1018/471/836
f 2079/475/837 2051/476/837 2069/549/837
f 2082/526/838 2079/475/838 2069/549/838
f 2038/527/839 2023/478/839 2024/550/839
f 2368/551/840 2369/552/840 2343/479/840
f 930/553/841 944/503/841 999/554/841
f 930/553/842 874/482/842 944/503/842
f 2008/505/843 2009/434/843 1998/555/843
f 1998/555/844 2009/434/844 2004/528/844
f 861/556/845 793/483/845 874/482/845
f 788/530/846 793/483/846 861/556/846
f 642/557/847 612/531/847 636/506/847
f 2015/507/848 2031/485/848 2022/558/848
f 2031/485/849 2073/484/849 2053/559/849
f 611/532/850 602/456/850 612/531/850
f 2073/484/851 2074/457/851 2113/560/851
f 2113/560/852 2074/457/852 2122/533/852
f 600/508/853 584/561/853 575/437/853
f 584/561/854 574/510/854 575/437/854
f 2161/512/855 2173/562/855 2171/563/855
f 2161/512/856 2172/460/856 2173/562/856
f 2562/462/857 2547/564/857 2564/565/857
f 2562/462/858 2538/515/858 2547/564/858
f 2538/515/859 2536/566/859 2547/564/859
f 2536/566/860 2500/464/860 2505/567/860
f 599/568/861 607/486/861 565/441/861
f 599/568/862 608/569/862 607/486/862
f 2495/442/863 2485/487/863 2483/570/863
f 608/569/864 656/537/864 607/486/864
f 656/537/865 677/540/865 655/488/865
f 656/537/866 682/571/866 677/540/866
f 2452/489/867 2442/517/867 2451/539/867
f 779/572/868 791/491/868 684/490/868
f 890/494/869 911/544/869 957/520/869
f 2552/495/870 2660/521/870 2644/573/870
f 957/520/871 978/574/871 973/496/871
f 2693/497/872 2692/546/872 2660/521/872
f 995/545/873 996/547/873 990/498/873
f 996/547/874 1021/575/874 1004/469/874
f 1004/469/875 1021/575/875 1015/470/875
f 1015/470/876 1021/575/876 1037/548/876
f 2732/522/877 2724/576/877 2714/523/877
f 2714/523/878 2724/576/878 2692/546/878
f 2279/577/879 2308/578/879 2295/500/879
f 2308/578/880 2316/501/880 2295/500/880
f 2069/549/881 2051/476/881 2038/527/881
f 2023/478/882 2011/502/882 2014/579/882
f 861/556/883 874/482/883 930/553/883
f 2005/529/884 2015/507/884 2022/558/884
f 601/580/885 600/508/885 611/532/885
f 572/509/886 582/581/886 568/511/886
f 568/511/887 582/581/887 581/582/887
f 568/511/888 581/582/888 580/583/888
f 568/511/889 580/583/889 570/535/889
f 571/516/890 579/584/890 577/536/890
f 577/536/891 599/568/891 565/441/891
f 2500/464/892 2491/585/892 2505/567/892
f 2495/442/893 2483/570/893 2491/585/893
f 682/571/894 693/586/894 677/540/894
f 677/540/895 693/586/895 684/490/895
f 693/586/896 779/572/896 684/490/896
f 779/572/897 815/587/897 791/491/897
f 2443/518/898 2433/541/898 2432/588/898
f 791/491/899 815/587/899 816/542/899
f 2429/543/900 2425/589/900 2433/541/900
f 816/542/901 845/590/901 831/493/901
f 2447/492/902 2429/543/902 2433/541/902
f 831/493/903 845/590/903 851/519/903
f 2552/495/904 2416/591/904 2429/543/904
f 2552/495/905 2644/573/905 2416/591/905
f 911/544/906 974/592/906 957/520/906
f 957/520/907 974/592/907 978/574/907
f 2660/521/908 2670/593/908 2644/573/908
f 2692/546/909 2670/593/909 2660/521/909
f 973/496/910 978/574/910 995/545/910
f 996/547/911 1031/594/911 1021/575/911
f 2243/595/912 2245/524/912 2101/525/912
f 2358/596/913 2343/479/913 2342/597/913
f 2358/596/914 2368/551/914 2343/479/914
f 2011/502/915 1993/598/915 2014/579/915
f 2358/596/916 2391/599/916 2368/551/916
f 2011/502/917 2008/505/917 1993/598/917
f 963/600/918 930/553/918 999/554/918
f 930/553/919 921/601/919 861/556/919
f 1998/555/920 2004/528/920 1997/602/920
f 2004/528/921 2005/529/921 1999/603/921
f 788/530/922 787/604/922 636/506/922
f 2005/529/923 2022/558/923 2007/605/923
f 787/604/924 642/557/924 636/506/924
f 601/580/925 584/561/925 600/508/925
f 582/581/926 572/509/926 574/510/926
f 578/606/927 569/514/927 570/535/927
f 579/584/928 569/514/928 578/606/928
f 579/584/929 571/516/929 569/514/929
f 2485/487/930 2465/538/930 2483/570/930
f 2465/538/931 2451/539/931 2450/607/931
f 2442/517/932 2432/588/932 2440/608/932
f 845/590/933 891/609/933 851/519/933
f 851/519/934 891/609/934 911/544/934
f 2670/593/935 2647/610/935 2644/573/935
f 974/592/936 976/611/936 993/612/936
f 974/592/937 993/612/937 978/574/937
f 2692/546/938 2685/613/938 2670/593/938
f 995/545/939 1020/614/939 996/547/939
f 2724/576/940 2723/615/940 2692/546/940
f 996/547/941 1020/614/941 1031/594/941
f 1021/575/942 1031/594/942 1042/616/942
f 1021/575/943 1042/616/943 1037/548/943
f 2272/617/944 2245/524/944 2243/595/944
f 2102/618/945 2101/525/945 2095/619/945
f 2082/526/946 2069/549/946 2095/619/946
f 2095/619/947 2069/549/947 2080/620/947
f 2319/621/948 2308/578/948 2279/577/948
f 2069/549/949 2038/527/949 2044/622/949
f 2358/596/950 2390/623/950 2391/599/950
f 2008/505/951 1998/555/951 1991/624/951
f 930/553/952 963/600/952 921/601/952
f 1998/555/953 1997/602/953 1991/624/953
f 634/625/954 611/532/954 612/531/954
f 634/625/955 624/626/955 611/532/955
f 2113/560/956 2122/533/956 2128/627/956
f 584/561/957 593/628/957 574/510/957
f 580/583/958 578/606/958 570/535/958
f 597/629/959 577/536/959 579/584/959
f 597/629/960 599/568/960 577/536/960
f 597/629/961 622/630/961 599/568/961
f 599/568/962 623/631/962 608/569/962
f 608/569/963 669/632/963 656/537/963
f 2465/538/964 2450/607/964 2460/633/964
f 669/632/965 683/634/965 656/537/965
f 656/537/966 683/634/966 682/571/966
f 693/586/967 778/635/967 779/572/967
f 779/572/968 807/636/968 815/587/968
f 2433/541/969 2425/589/969 2432/588/969
f 815/587/970 837/637/970 816/542/970
f 837/637/971 845/590/971 816/542/971
f 2429/543/972 2413/638/972 2425/589/972
f 2416/591/973 2413/638/973 2429/543/973
f 891/609/974 956/639/974 911/544/974
f 2644/573/975 2415/640/975 2416/591/975
f 2647/610/976 2415/640/976 2644/573/976
f 911/544/977 976/611/977 974/592/977
f 993/612/978 995/545/978 978/574/978
f 2685/613/979 2671/641/979 2670/593/979
f 995/545/980 1022/642/980 1020/614/980
f 2723/615/981 2703/643/981 2692/546/981
f 2692/546/982 2703/643/982 2685/613/982
f 1020/614/983 1041/644/983 1031/594/983
f 2305/645/984 2279/577/984 2272/617/984
f 2305/645/985 2319/621/985 2279/577/985
f 2319/621/986 2342/597/986 2308/578/986
f 2024/550/987 2014/579/987 2012/646/987
f 1991/624/988 1997/602/988 1992/647/988
f 921/601/989 920/648/989 861/556/989
f 920/648/990 862/649/990 861/556/990
f 2004/528/991 1999/603/991 1997/602/991
f 787/604/992 788/530/992 862/649/992
f 647/650/993 642/557/993 787/604/993
f 647/650/994 612/531/994 642/557/994
f 2053/559/995 2119/651/995 2055/652/995
f 647/650/996 634/625/996 612/531/996
f 2053/559/997 2128/627/997 2119/651/997
f 624/626/998 601/580/998 611/532/998
f 603/653/999 593/628/999 584/561/999
f 603/653/1000 584/561/1000 601/580/1000
f 592/654/1001 574/510/1001 593/628/1001
f 592/654/1002 582/581/1002 574/510/1002
f 581/582/1003 590/655/1003 580/583/1003
f 580/583/1004 585/656/1004 578/606/1004
f 578/606/1005 596/657/1005 579/584/1005
f 622/630/1006 623/631/1006 599/568/1006
f 623/631/1007 669/632/1007 608/569/1007
f 2483/570/1008 2465/538/1008 2460/633/1008
f 683/634/1009 696/658/1009 682/571/1009
f 682/571/1010 696/658/1010 693/586/1010
f 696/658/1011 778/635/1011 693/586/1011
f 778/635/1012 807/636/1012 779/572/1012
f 837/637/1013 891/609/1013 845/590/1013
f 956/639/1014 976/611/1014 911/544/1014
f 2670/593/1015 2671/641/1015 2647/610/1015
f 976/611/1016 1003/659/1016 993/612/1016
f 993/612/1017 1022/642/1017 995/545/1017
f 2348/660/1018 2342/597/1018 2319/621/1018
f 2024/550/1019 2012/646/1019 2027/661/1019
f 2146/662/1020 2176/663/1020 2160/664/1020
f 592/654/1021 594/665/1021 582/581/1021
f 582/581/1022 594/665/1022 590/655/1022
f 590/655/1023 581/582/1023 582/581/1023
f 590/655/1024 591/666/1024 580/583/1024
f 585/656/1025 595/667/1025 578/606/1025
f 595/667/1026 596/657/1026 578/606/1026
f 596/657/1027 597/629/1027 579/584/1027
f 2505/567/1028 2497/668/1028 2511/669/1028
f 598/670/1029 622/630/1029 597/629/1029
f 680/671/1030 669/632/1030 623/631/1030
f 669/632/1031 680/671/1031 683/634/1031
f 2440/608/1032 2439/672/1032 2441/673/1032
f 2432/588/1033 2431/674/1033 2439/672/1033
f 807/636/1034 833/675/1034 815/587/1034
f 815/587/1035 833/675/1035 837/637/1035
f 837/637/1036 896/676/1036 891/609/1036
f 2413/638/1037 2414/677/1037 2425/589/1037
f 2413/638/1038 2409/678/1038 2414/677/1038
f 955/679/1039 956/639/1039 891/609/1039
f 2413/638/1040 2415/640/1040 2408/680/1040
f 2671/641/1041 2652/681/1041 2647/610/1041
f 993/612/1042 1016/682/1042 1022/642/1042
f 2677/683/1043 2671/641/1043 2685/613/1043
f 2702/684/1044 2677/683/1044 2685/613/1044
f 2703/643/1045 2702/684/1045 2685/613/1045
f 1020/614/1046 1038/685/1046 1041/644/1046
f 2743/686/1047 2744/687/1047 2728/688/1047
f 2743/686/1048 2728/688/1048 2723/615/1048
f 2723/615/1049 2702/684/1049 2703/643/1049
f 2348/660/1050 2319/621/1050 2305/645/1050
f 2382/689/1051 2390/623/1051 2360/690/1051
f 1993/598/1052 1991/624/1052 1984/691/1052
f 921/601/1053 963/600/1053 1013/692/1053
f 1997/602/1054 1999/603/1054 1996/693/1054
f 796/694/1055 787/604/1055 862/649/1055
f 796/694/1056 647/650/1056 787/604/1056
f 647/650/1057 766/695/1057 634/625/1057
f 2055/652/1058 2119/651/1058 2118/696/1058
f 634/625/1059 629/697/1059 624/626/1059
f 629/697/1060 603/653/1060 624/626/1060
f 603/653/1061 614/698/1061 593/628/1061
f 614/698/1062 592/654/1062 593/628/1062
f 591/666/1063 585/656/1063 580/583/1063
f 2548/699/1064 2545/700/1064 2563/701/1064
f 598/670/1065 597/629/1065 596/657/1065
f 2484/702/1066 2460/633/1066 2476/703/1066
f 680/671/1067 694/704/1067 683/634/1067
f 764/705/1068 696/658/1068 683/634/1068
f 2450/607/1069 2441/673/1069 2460/633/1069
f 696/658/1070 764/705/1070 778/635/1070
f 2441/673/1071 2439/672/1071 2438/706/1071
f 764/705/1072 785/707/1072 778/635/1072
f 2425/589/1073 2414/677/1073 2423/708/1073
f 2414/677/1074 2417/709/1074 2423/708/1074
f 833/675/1075 896/676/1075 837/637/1075
f 896/676/1076 955/679/1076 891/609/1076
f 2408/680/1077 2409/678/1077 2413/638/1077
f 2415/640/1078 2406/710/1078 2408/680/1078
f 956/639/1079 992/711/1079 976/611/1079
f 2647/610/1080 2407/712/1080 2415/640/1080
f 992/711/1081 1003/659/1081 976/611/1081
f 1003/659/1082 1016/682/1082 993/612/1082
f 1022/642/1083 1038/685/1083 1020/614/1083
f 1038/685/1084 1044/713/1084 1041/644/1084
f 2723/615/1085 2728/688/1085 2702/684/1085
f 2728/688/1086 2715/714/1086 2702/684/1086
f 2096/715/1087 2095/619/1087 2094/716/1087
f 1993/598/1088 1984/691/1088 1985/717/1088
f 1991/624/1089 1992/647/1089 1990/718/1089
f 921/601/1090 1014/719/1090 998/720/1090
f 1997/602/1091 1996/693/1091 1990/718/1091
f 796/694/1092 795/721/1092 647/650/1092
f 629/697/1093 630/722/1093 603/653/1093
f 592/654/1094 606/723/1094 594/665/1094
f 2511/669/1095 2497/668/1095 2501/724/1095
f 694/704/1096 764/705/1096 683/634/1096
f 785/707/1097 813/725/1097 778/635/1097
f 778/635/1098 813/725/1098 807/636/1098
f 807/636/1099 813/725/1099 830/726/1099
f 830/726/1100 833/675/1100 807/636/1100
f 2414/677/1101 2409/678/1101 2417/709/1101
f 833/675/1102 882/727/1102 896/676/1102
f 2415/640/1103 2407/712/1103 2406/710/1103
f 2647/610/1104 2652/681/1104 2407/712/1104
f 1003/659/1105 1012/728/1105 1016/682/1105
f 2671/641/1106 2656/729/1106 2652/681/1106
f 1016/682/1107 1040/730/1107 1022/642/1107
f 1022/642/1108 1040/730/1108 1038/685/1108
f 2744/687/1109 2729/731/1109 2728/688/1109
f 2318/732/1110 2305/645/1110 2300/733/1110
f 2305/645/1111 2346/734/1111 2348/660/1111
f 4206/735/1112 4205/736/1112 4210/737/1112
f 998/720/1113 980/738/1113 920/648/1113
f 920/648/1114 859/739/1114 862/649/1114
f 859/739/1115 796/694/1115 862/649/1115
f 766/695/1116 647/650/1116 795/721/1116
f 634/625/1117 652/740/1117 629/697/1117
f 630/722/1118 614/698/1118 603/653/1118
f 596/657/1119 621/741/1119 598/670/1119
f 830/726/1120 849/742/1120 833/675/1120
f 882/727/1121 914/743/1121 896/676/1121
f 896/676/1122 914/743/1122 955/679/1122
f 955/679/1123 991/744/1123 956/639/1123
f 956/639/1124 991/744/1124 992/711/1124
f 2652/681/1125 2656/729/1125 2407/712/1125
f 1016/682/1126 1030/745/1126 1040/730/1126
f 2702/684/1127 2691/746/1127 2677/683/1127
f 2746/747/1128 2729/731/1128 2744/687/1128
f 2729/731/1129 2715/714/1129 2728/688/1129
f 2094/716/1130 2080/620/1130 2045/748/1130
f 2383/749/1131 2382/689/1131 2370/750/1131
f 2395/751/1132 2396/752/1132 2382/689/1132
f 925/753/1133 859/739/1133 920/648/1133
f 765/754/1134 634/625/1134 766/695/1134
f 765/754/1135 652/740/1135 634/625/1135
f 652/740/1136 648/755/1136 629/697/1136
f 629/697/1137 648/755/1137 630/722/1137
f 617/756/1138 590/655/1138 594/665/1138
f 2580/757/1139 2563/701/1139 2561/758/1139
f 620/759/1140 596/657/1140 595/667/1140
f 621/741/1141 645/760/1141 598/670/1141
f 645/760/1142 622/630/1142 598/670/1142
f 645/760/1143 675/761/1143 622/630/1143
f 622/630/1144 675/761/1144 623/631/1144
f 675/761/1145 681/762/1145 623/631/1145
f 623/631/1146 681/762/1146 680/671/1146
f 681/762/1147 695/763/1147 680/671/1147
f 2461/764/1148 2480/765/1148 2476/703/1148
f 680/671/1149 695/763/1149 694/704/1149
f 694/704/1150 695/763/1150 770/766/1150
f 770/766/1151 764/705/1151 694/704/1151
f 764/705/1152 770/766/1152 785/707/1152
f 2419/767/1153 2428/768/1153 2423/708/1153
f 849/742/1154 882/727/1154 833/675/1154
f 2417/709/1155 2419/767/1155 2423/708/1155
f 2409/678/1156 2410/769/1156 2417/709/1156
f 2408/680/1157 2405/770/1157 2409/678/1157
f 2406/710/1158 2405/770/1158 2408/680/1158
f 992/711/1159 991/744/1159 1003/659/1159
f 1012/728/1160 1030/745/1160 1016/682/1160
f 2677/683/1161 2656/729/1161 2671/641/1161
f 2677/683/1162 2676/771/1162 2656/729/1162
f 1040/730/1163 1043/772/1163 1038/685/1163
f 1038/685/1164 1043/772/1164 1044/713/1164
f 2729/731/1165 2726/773/1165 2715/714/1165
f 2715/714/1166 2691/746/1166 2702/684/1166
f 2271/774/1167 2300/733/1167 2270/775/1167
f 2270/775/1168 2244/776/1168 2251/777/1168
f 2251/777/1169 2244/776/1169 2231/778/1169
f 2016/779/1170 1985/717/1170 1981/780/1170
f 1990/718/1171 1994/781/1171 1986/782/1171
f 859/739/1172 795/721/1172 796/694/1172
f 630/722/1173 628/783/1173 614/698/1173
f 628/783/1174 618/784/1174 614/698/1174
f 618/784/1175 617/756/1175 594/665/1175
f 618/784/1176 594/665/1176 606/723/1176
f 617/756/1177 616/785/1177 590/655/1177
f 590/655/1178 615/786/1178 591/666/1178
f 590/655/1179 616/785/1179 615/786/1179
f 615/786/1180 585/656/1180 591/666/1180
f 615/786/1181 619/787/1181 585/656/1181
f 585/656/1182 619/787/1182 595/667/1182
f 619/787/1183 620/759/1183 595/667/1183
f 620/759/1184 621/741/1184 596/657/1184
f 2476/703/1185 2480/765/1185 2490/788/1185
f 2441/673/1186 2444/789/1186 2455/790/1186
f 2428/768/1187 2434/791/1187 2431/674/1187
f 830/726/1188 834/792/1188 849/742/1188
f 914/743/1189 968/793/1189 955/679/1189
f 982/794/1190 991/744/1190 955/679/1190
f 2407/712/1191 2403/795/1191 2406/710/1191
f 991/744/1192 1012/728/1192 1003/659/1192
f 2677/683/1193 2691/746/1193 2676/771/1193
f 2715/714/1194 2701/796/1194 2691/746/1194
f 2251/777/1195 2231/778/1195 2232/797/1195
f 2363/798/1196 2370/750/1196 2348/660/1196
f 2395/751/1197 2382/689/1197 2383/749/1197
f 4182/799/1198 4203/800/1198 4205/736/1198
f 1996/693/1199 2003/801/1199 1994/781/1199
f 865/802/1200 795/721/1200 859/739/1200
f 765/754/1201 759/803/1201 652/740/1201
f 759/803/1202 648/755/1202 652/740/1202
f 630/722/1203 649/804/1203 628/783/1203
f 785/707/1204 817/805/1204 813/725/1204
f 813/725/1205 834/792/1205 830/726/1205
f 2428/768/1206 2419/767/1206 2427/806/1206
f 2410/769/1207 2419/767/1207 2417/709/1207
f 968/793/1208 982/794/1208 955/679/1208
f 991/744/1209 1019/807/1209 1012/728/1209
f 2656/729/1210 2648/808/1210 2407/712/1210
f 1012/728/1211 1039/809/1211 1030/745/1211
f 2746/747/1212 2747/810/1212 2740/811/1212
f 2746/747/1213 2740/811/1213 2729/731/1213
f 2729/731/1214 2740/811/1214 2726/773/1214
f 2726/773/1215 2701/796/1215 2715/714/1215
f 2045/748/1216 2037/812/1216 2083/813/1216
f 2083/813/1217 2037/812/1217 2070/814/1217
f 1981/780/1218 1984/691/1218 1982/815/1218
f 1984/691/1219 1986/782/1219 1982/815/1219
f 4182/799/1220 4202/816/1220 4203/800/1220
f 865/802/1221 859/739/1221 925/753/1221
f 801/817/1222 765/754/1222 795/721/1222
f 648/755/1223 649/804/1223 630/722/1223
f 619/787/1224 633/818/1224 620/759/1224
f 621/741/1225 676/819/1225 645/760/1225
f 676/819/1226 675/761/1226 645/760/1226
f 750/820/1227 681/762/1227 675/761/1227
f 681/762/1228 750/820/1228 695/763/1228
f 750/820/1229 770/766/1229 695/763/1229
f 770/766/1230 805/821/1230 785/707/1230
f 785/707/1231 805/821/1231 817/805/1231
f 2410/769/1232 2411/822/1232 2419/767/1232
f 968/793/1233 914/743/1233 882/727/1233
f 2409/678/1234 2405/770/1234 2410/769/1234
f 2405/770/1235 2400/823/1235 2410/769/1235
f 2406/710/1236 2403/795/1236 2405/770/1236
f 982/794/1237 1009/824/1237 991/744/1237
f 2407/712/1238 2404/825/1238 2403/795/1238
f 4920/826/1239 4900/827/1239 4910/828/1239
f 4925/829/1240 4910/828/1240 4911/830/1240
f 2656/729/1241 2659/831/1241 2648/808/1241
f 4932/832/1242 4919/833/1242 4933/834/1242
f 4919/833/1243 4921/835/1243 4933/834/1243
f 4933/834/1244 4921/835/1244 4936/836/1244
f 2691/746/1245 2701/796/1245 2676/771/1245
f 2345/837/1246 2318/732/1246 2315/838/1246
f 2120/839/1247 2121/840/1247 2143/841/1247
f 795/721/1248 865/802/1248 801/817/1248
f 765/754/1249 801/817/1249 789/842/1249
f 789/842/1250 759/803/1250 765/754/1250
f 752/843/1251 648/755/1251 759/803/1251
f 648/755/1252 752/843/1252 649/804/1252
f 628/783/1253 641/844/1253 618/784/1253
f 641/844/1254 632/845/1254 618/784/1254
f 632/845/1255 617/756/1255 618/784/1255
f 617/756/1256 627/846/1256 616/785/1256
f 616/785/1257 625/847/1257 615/786/1257
f 619/787/1258 626/848/1258 633/818/1258
f 620/759/1259 633/818/1259 621/741/1259
f 621/741/1260 658/849/1260 676/819/1260
f 739/850/1261 750/820/1261 675/761/1261
f 2464/851/1262 2482/852/1262 2480/765/1262
f 750/820/1263 781/853/1263 770/766/1263
f 817/805/1264 834/792/1264 813/725/1264
f 849/742/1265 962/854/1265 882/727/1265
f 962/854/1266 968/793/1266 882/727/1266
f 967/855/1267 982/794/1267 968/793/1267
f 2403/795/1268 2400/823/1268 2405/770/1268
f 2648/808/1269 2404/825/1269 2407/712/1269
f 4911/830/1270 4919/833/1270 4932/832/1270
f 2676/771/1271 2659/831/1271 2656/729/1271
f 4921/835/1272 4934/856/1272 4936/836/1272
f 4936/836/1273 4934/856/1273 4939/857/1273
f 2740/811/1274 2745/858/1274 2727/859/1274
f 2740/811/1275 2727/859/1275 2726/773/1275
f 2726/773/1276 2727/859/1276 2701/796/1276
f 2223/860/1277 2207/861/1277 2211/862/1277
f 2363/798/1278 2346/734/1278 2345/837/1278
f 2070/814/1279 2033/863/1279 2056/864/1279
f 4201/865/1280 4184/866/1280 4207/867/1280
f 2033/863/1281 1981/780/1281 1980/868/1281
f 1989/869/1282 1994/781/1282 2000/870/1282
f 1994/781/1283 2003/801/1283 2000/870/1283
f 2003/801/1284 2126/871/1284 2000/870/1284
f 4191/872/1285 4200/873/1285 4188/874/1285
f 759/803/1286 769/875/1286 752/843/1286
f 617/756/1287 632/845/1287 627/846/1287
f 627/846/1288 625/847/1288 616/785/1288
f 625/847/1289 619/787/1289 615/786/1289
f 625/847/1290 626/848/1290 619/787/1290
f 633/818/1291 658/849/1291 621/741/1291
f 676/819/1292 739/850/1292 675/761/1292
f 781/853/1293 805/821/1293 770/766/1293
f 2455/790/1294 2449/876/1294 2464/851/1294
f 817/805/1295 818/877/1295 834/792/1295
f 834/792/1296 912/878/1296 849/742/1296
f 2419/767/1297 2411/822/1297 2420/879/1297
f 962/854/1298 967/855/1298 968/793/1298
f 4890/880/1299 4887/881/1299 4907/882/1299
f 4907/882/1300 4887/881/1300 4900/827/1300
f 4921/835/1301 4919/833/1301 4916/883/1301
f 2676/771/1302 2686/884/1302 2659/831/1302
f 4921/835/1303 4916/883/1303 4934/856/1303
f 2745/858/1304 2739/885/1304 2727/859/1304
f 4182/799/1305 4169/886/1305 4188/874/1305
f 4188/874/1306 4169/886/1306 4168/887/1306
f 4188/874/1307 4168/887/1307 4172/888/1307
f 4188/874/1308 4172/888/1308 4191/872/1308
f 926/889/1309 927/890/1309 865/802/1309
f 2142/891/1310 2120/839/1310 2143/841/1310
f 865/802/1311 927/890/1311 801/817/1311
f 789/842/1312 769/875/1312 759/803/1312
f 2182/892/1313 2189/893/1313 2199/894/1313
f 628/783/1314 740/895/1314 641/844/1314
f 627/846/1315 651/896/1315 625/847/1315
f 625/847/1316 650/897/1316 626/848/1316
f 658/849/1317 697/898/1317 676/819/1317
f 739/850/1318 761/899/1318 750/820/1318
f 2419/767/1319 2420/879/1319 2426/900/1319
f 849/742/1320 912/878/1320 962/854/1320
f 4890/880/1321 4879/901/1321 4887/881/1321
f 4887/881/1322 4886/902/1322 4900/827/1322
f 2403/795/1323 2401/903/1323 2400/823/1323
f 2403/795/1324 2404/825/1324 2401/903/1324
f 4900/827/1325 4894/904/1325 4910/828/1325
f 2659/831/1326 2650/905/1326 2648/808/1326
f 2701/796/1327 2686/884/1327 2676/771/1327
f 2659/831/1328 2686/884/1328 2669/906/1328
f 4934/856/1329 4924/907/1329 4929/908/1329
f 2727/859/1330 2717/909/1330 2701/796/1330
f 2717/909/1331 2686/884/1331 2701/796/1331
f 2386/910/1332 2363/798/1332 2373/911/1332
f 1987/912/1333 1989/869/1333 1995/913/1333
f 4168/887/1334 4164/914/1334 4172/888/1334
f 927/890/1335 864/915/1335 801/817/1335
f 864/915/1336 789/842/1336 801/817/1336
f 752/843/1337 754/916/1337 649/804/1337
f 649/804/1338 740/895/1338 628/783/1338
f 641/844/1339 679/917/1339 632/845/1339
f 632/845/1340 679/917/1340 627/846/1340
f 651/896/1341 650/897/1341 625/847/1341
f 750/820/1342 782/918/1342 781/853/1342
f 805/821/1343 806/919/1343 817/805/1343
f 2420/879/1344 2411/822/1344 2421/920/1344
f 4883/921/1345 4881/922/1345 4890/880/1345
f 4890/880/1346 4881/922/1346 4879/901/1346
f 2400/823/1347 2412/923/1347 2411/822/1347
f 2400/823/1348 2402/924/1348 2412/923/1348
f 4886/902/1349 4891/925/1349 4900/827/1349
f 4900/827/1350 4891/925/1350 4894/904/1350
f 4910/828/1351 4894/904/1351 4911/830/1351
f 4911/830/1352 4894/904/1352 4895/926/1352
f 4911/830/1353 4895/926/1353 4919/833/1353
f 4919/833/1354 4912/927/1354 4916/883/1354
f 4916/883/1355 4918/928/1355 4934/856/1355
f 4934/856/1356 4918/928/1356 4924/907/1356
f 2739/885/1357 2717/909/1357 2727/859/1357
f 2387/929/1358 2386/910/1358 2373/911/1358
f 4159/930/1359 4180/931/1359 4184/866/1359
f 4157/932/1360 4182/799/1360 4180/931/1360
f 809/933/1361 769/875/1361 789/842/1361
f 752/843/1362 769/875/1362 754/916/1362
f 679/917/1363 651/896/1363 627/846/1363
f 678/934/1364 633/818/1364 626/848/1364
f 739/850/1365 748/935/1365 761/899/1365
f 782/918/1366 750/820/1366 761/899/1366
f 782/918/1367 783/936/1367 781/853/1367
f 804/937/1368 805/821/1368 781/853/1368
f 783/936/1369 804/937/1369 781/853/1369
f 817/805/1370 806/919/1370 818/877/1370
f 2426/900/1371 2436/938/1371 2435/939/1371
f 818/877/1372 898/940/1372 834/792/1372
f 898/940/1373 912/878/1373 834/792/1373
f 4887/881/1374 4879/901/1374 4886/902/1374
f 2400/823/1375 2401/903/1375 2402/924/1375
f 2404/825/1376 2639/941/1376 2401/903/1376
f 2648/808/1377 2650/905/1377 2404/825/1377
f 2650/905/1378 2639/941/1378 2404/825/1378
f 2659/831/1379 2669/906/1379 2650/905/1379
f 4895/926/1380 4912/927/1380 4919/833/1380
f 4155/942/1381 4182/799/1381 4157/932/1381
f 864/915/1382 809/933/1382 789/842/1382
f 649/804/1383 753/943/1383 740/895/1383
f 626/848/1384 650/897/1384 678/934/1384
f 678/934/1385 728/944/1385 633/818/1385
f 633/818/1386 733/945/1386 658/849/1386
f 733/945/1387 697/898/1387 658/849/1387
f 676/819/1388 697/898/1388 739/850/1388
f 804/937/1389 806/919/1389 805/821/1389
f 840/946/1390 898/940/1390 818/877/1390
f 898/940/1391 919/947/1391 912/878/1391
f 2420/879/1392 2421/920/1392 2426/900/1392
f 4882/948/1393 4863/949/1393 4881/922/1393
f 4882/948/1394 4881/922/1394 4883/921/1394
f 2320/950/1395 2252/951/1395 2307/952/1395
f 4169/886/1396 4135/953/1396 4168/887/1396
f 4154/954/1397 4176/955/1397 4172/888/1397
f 4176/955/1398 4174/956/1398 4177/957/1398
f 754/916/1399 753/943/1399 649/804/1399
f 650/897/1400 699/958/1400 678/934/1400
f 728/944/1401 733/945/1401 633/818/1401
f 697/898/1402 748/935/1402 739/850/1402
f 2426/900/1403 2421/920/1403 2430/959/1403
f 2412/923/1404 2418/960/1404 2421/920/1404
f 2412/923/1405 2402/924/1405 2418/960/1405
f 4879/901/1406 4859/961/1406 4886/902/1406
f 4918/928/1407 4914/962/1407 4924/907/1407
f 2686/884/1408 2717/909/1408 2713/963/1408
f 2717/909/1409 2718/964/1409 2713/963/1409
f 4161/965/1410 4183/966/1410 4190/967/1410
f 4161/965/1411 4171/968/1411 4183/966/1411
f 4155/942/1412 4135/953/1412 4169/886/1412
f 4135/953/1413 4164/914/1413 4168/887/1413
f 4164/914/1414 4154/954/1414 4172/888/1414
f 4151/969/1415 4174/956/1415 4176/955/1415
f 864/915/1416 810/970/1416 809/933/1416
f 797/971/1417 769/875/1417 809/933/1417
f 678/934/1418 699/958/1418 700/972/1418
f 733/945/1419 734/973/1419 697/898/1419
f 761/899/1420 748/935/1420 762/974/1420
f 806/919/1421 840/946/1421 818/877/1421
f 4872/975/1422 4863/949/1422 4882/948/1422
f 4863/949/1423 4864/976/1423 4881/922/1423
f 2418/960/1424 2424/977/1424 2421/920/1424
f 4864/976/1425 4862/978/1425 4881/922/1425
f 4881/922/1426 4862/978/1426 4879/901/1426
f 4879/901/1427 4862/978/1427 4859/961/1427
f 4859/961/1428 4860/979/1428 4886/902/1428
f 2401/903/1429 2521/980/1429 2402/924/1429
f 4886/902/1430 4860/979/1430 4891/925/1430
f 2639/941/1431 2636/981/1431 2401/903/1431
f 4891/925/1432 4860/979/1432 4861/982/1432
f 2650/905/1433 2636/981/1433 2639/941/1433
f 4891/925/1434 4861/982/1434 4894/904/1434
f 4894/904/1435 4893/983/1435 4895/926/1435
f 2669/906/1436 2672/984/1436 2650/905/1436
f 2672/984/1437 2651/985/1437 2650/905/1437
f 4895/926/1438 4893/983/1438 4912/927/1438
f 4912/927/1439 4904/986/1439 4916/883/1439
f 2686/884/1440 2672/984/1440 2669/906/1440
f 2686/884/1441 2687/987/1441 2672/984/1441
f 4916/883/1442 4904/986/1442 4918/928/1442
f 2713/963/1443 2687/987/1443 2686/884/1443
f 4924/907/1444 4914/962/1444 4929/908/1444
f 4160/988/1445 4190/967/1445 4192/989/1445
f 4155/942/1446 4136/990/1446 4135/953/1446
f 4137/991/1447 4154/954/1447 4164/914/1447
f 4151/969/1448 4176/955/1448 4154/954/1448
f 810/970/1449 797/971/1449 809/933/1449
f 797/971/1450 754/916/1450 769/875/1450
f 753/943/1451 751/992/1451 740/895/1451
f 740/895/1452 751/992/1452 741/993/1452
f 740/895/1453 741/993/1453 641/844/1453
f 641/844/1454 741/993/1454 679/917/1454
f 679/917/1455 737/994/1455 726/995/1455
f 679/917/1456 726/995/1456 651/896/1456
f 651/896/1457 699/958/1457 650/897/1457
f 678/934/1458 700/972/1458 728/944/1458
f 761/899/1459 762/974/1459 782/918/1459
f 804/937/1460 822/996/1460 806/919/1460
f 899/997/1461 898/940/1461 840/946/1461
f 898/940/1462 899/997/1462 919/947/1462
f 4872/975/1463 4854/998/1463 4863/949/1463
f 2430/959/1464 2421/920/1464 2437/999/1464
f 2402/924/1465 2422/1000/1465 2418/960/1465
f 2401/903/1466 2636/981/1466 2521/980/1466
f 2650/905/1467 2651/985/1467 2636/981/1467
f 4861/982/1468 4880/1001/1468 4894/904/1468
f 4894/904/1469 4880/1001/1469 4893/983/1469
f 4893/983/1470 4901/1002/1470 4912/927/1470
f 4912/927/1471 4901/1002/1471 4904/986/1471
f 4918/928/1472 4904/986/1472 4914/962/1472
f 4914/962/1473 4928/1003/1473 4929/908/1473
f 2741/1004/1474 2718/964/1474 2717/909/1474
f 2739/885/1475 2741/1004/1475 2717/909/1475
f 2155/1005/1476 1988/1006/1476 2002/1007/1476
f 4154/954/1477 4134/1008/1477 4151/969/1477
f 726/995/1478 701/1009/1478 651/896/1478
f 701/1009/1479 699/958/1479 651/896/1479
f 734/973/1480 749/1010/1480 748/935/1480
f 697/898/1481 734/973/1481 748/935/1481
f 762/974/1482 784/1011/1482 782/918/1482
f 806/919/1483 836/1012/1483 840/946/1483
f 2436/938/1484 2430/959/1484 2448/1013/1484
f 2424/977/1485 2437/999/1485 2421/920/1485
f 4863/949/1486 4843/1014/1486 4864/976/1486
f 2402/924/1487 2521/980/1487 2422/1000/1487
f 2326/1015/1488 2307/952/1488 2276/1016/1488
f 2212/1017/1489 2200/1018/1489 2228/1019/1489
f 4110/1020/1490 4137/991/1490 4135/953/1490
f 4137/991/1491 4114/1021/1491 4154/954/1491
f 4174/956/1492 4151/969/1492 4149/1022/1492
f 4149/1022/1493 4175/1023/1493 4174/956/1493
f 754/916/1494 768/1024/1494 753/943/1494
f 748/935/1495 749/1010/1495 762/974/1495
f 782/918/1496 803/1025/1496 783/936/1496
f 783/936/1497 803/1025/1497 804/937/1497
f 804/937/1498 819/1026/1498 822/996/1498
f 822/996/1499 836/1012/1499 806/919/1499
f 899/997/1500 959/1027/1500 919/947/1500
f 4854/998/1501 4843/1014/1501 4863/949/1501
f 4864/976/1502 4844/1028/1502 4862/978/1502
f 4862/978/1503 4844/1028/1503 4847/1029/1503
f 2422/1000/1504 2467/1030/1504 2418/960/1504
f 4862/978/1505 4847/1029/1505 4859/961/1505
f 4860/979/1506 4848/1031/1506 4861/982/1506
f 4861/982/1507 4849/1032/1507 4880/1001/1507
f 2672/984/1508 2645/1033/1508 2651/985/1508
f 2713/963/1509 2682/1034/1509 2687/987/1509
f 2718/964/1510 2712/1035/1510 2713/963/1510
f 4121/1036/1511 4139/1037/1511 4120/1038/1511
f 4149/1022/1512 4150/1039/1512 4175/1023/1512
f 768/1024/1513 754/916/1513 797/971/1513
f 768/1024/1514 767/1040/1514 753/943/1514
f 753/943/1515 767/1040/1515 751/992/1515
f 749/1010/1516 763/1041/1516 762/974/1516
f 762/974/1517 763/1041/1517 784/1011/1517
f 784/1011/1518 803/1025/1518 782/918/1518
f 804/937/1519 803/1025/1519 819/1026/1519
f 2466/1042/1520 2473/1043/1520 2472/1044/1520
f 836/1012/1521 899/997/1521 840/946/1521
f 959/1027/1522 960/1045/1522 919/947/1522
f 4872/975/1523 4851/1046/1523 4854/998/1523
f 4859/961/1524 4848/1031/1524 4860/979/1524
f 2636/981/1525 2624/1047/1525 2521/980/1525
f 4861/982/1526 4848/1031/1526 4849/1032/1526
f 2651/985/1527 2645/1033/1527 2636/981/1527
f 2636/981/1528 2645/1033/1528 2624/1047/1528
f 4880/1001/1529 4870/1048/1529 4893/983/1529
f 2672/984/1530 2673/1049/1530 2645/1033/1530
f 4893/983/1531 4885/1050/1531 4901/1002/1531
f 4901/1002/1532 4896/1051/1532 4904/986/1532
f 2687/987/1533 2682/1034/1533 2672/984/1533
f 4904/986/1534 4903/1052/1534 4914/962/1534
f 4914/962/1535 4913/1053/1535 4922/1054/1535
f 4914/962/1536 4922/1054/1536 4928/1003/1536
f 2742/1055/1537 2725/1056/1537 2718/964/1537
f 2741/1004/1538 2742/1055/1538 2718/964/1538
f 2718/964/1539 2725/1056/1539 2712/1035/1539
f 2213/1057/1540 2193/1058/1540 2209/1059/1540
f 4110/1020/1541 4114/1021/1541 4137/991/1541
f 2192/1060/1542 2219/1061/1542 2196/1062/1542
f 810/970/1543 873/1063/1543 797/971/1543
f 763/1041/1544 802/1064/1544 784/1011/1544
f 4843/1014/1545 4844/1028/1545 4864/976/1545
f 2522/1065/1546 2467/1030/1546 2422/1000/1546
f 4859/961/1547 4847/1029/1547 4848/1031/1547
f 4849/1032/1548 4870/1048/1548 4880/1001/1548
f 4870/1048/1549 4885/1050/1549 4893/983/1549
f 2682/1034/1550 2673/1049/1550 2672/984/1550
f 4901/1002/1551 4885/1050/1551 4896/1051/1551
f 4896/1051/1552 4903/1052/1552 4904/986/1552
f 2713/963/1553 2712/1035/1553 2682/1034/1553
f 4903/1052/1554 4913/1053/1554 4914/962/1554
f 4162/1066/1555 4129/1067/1555 4160/988/1555
f 4120/1038/1556 4138/1068/1556 4127/1069/1556
f 4121/1036/1557 4098/1070/1557 4111/1071/1557
f 4151/969/1558 4123/1072/1558 4149/1022/1558
f 873/1063/1559 872/1073/1559 797/971/1559
f 700/972/1560 727/1074/1560 728/944/1560
f 727/1074/1561 733/945/1561 728/944/1561
f 822/996/1562 897/1075/1562 836/1012/1562
f 836/1012/1563 900/1076/1563 899/997/1563
f 899/997/1564 900/1076/1564 959/1027/1564
f 2468/1077/1565 2458/1078/1565 2437/999/1565
f 4825/1079/1566 4843/1014/1566 4854/998/1566
f 4847/1029/1567 4826/1080/1567 4848/1031/1567
f 4903/1052/1568 4896/1051/1568 4892/1081/1568
f 2725/1056/1569 2711/1082/1569 2712/1035/1569
f 2712/1035/1570 2711/1082/1570 2682/1034/1570
f 4903/1052/1571 4902/1083/1571 4913/1053/1571
f 2203/1084/1572 2155/1005/1572 2206/1085/1572
f 2206/1085/1573 2155/1005/1573 2186/1086/1573
f 4102/1087/1574 4121/1036/1574 4120/1038/1574
f 2153/1088/1575 2185/1089/1575 2184/1090/1575
f 4098/1070/1576 4110/1020/1576 4111/1071/1576
f 4134/1008/1577 4103/1091/1577 4123/1072/1577
f 4123/1072/1578 4151/969/1578 4134/1008/1578
f 4149/1022/1579 4124/1092/1579 4150/1039/1579
f 797/971/1580 872/1073/1580 768/1024/1580
f 741/993/1581 737/994/1581 679/917/1581
f 745/1093/1582 749/1010/1582 734/973/1582
f 749/1010/1583 771/1094/1583 763/1041/1583
f 802/1064/1584 803/1025/1584 784/1011/1584
f 821/1095/1585 819/1026/1585 803/1025/1585
f 897/1075/1586 900/1076/1586 836/1012/1586
f 4851/1046/1587 4825/1079/1587 4854/998/1587
f 2471/1096/1588 2468/1077/1588 2457/1097/1588
f 4825/1079/1589 4821/1098/1589 4843/1014/1589
f 2467/1030/1590 2477/1099/1590 2457/1097/1590
f 4826/1080/1591 4830/1100/1591 4848/1031/1591
f 4849/1032/1592 4841/1101/1592 4870/1048/1592
f 2673/1049/1593 2674/1102/1593 2645/1033/1593
f 2674/1102/1594 2646/1103/1594 2645/1033/1594
f 4870/1048/1595 4842/1104/1595 4885/1050/1595
f 4885/1050/1596 4842/1104/1596 4871/1105/1596
f 4885/1050/1597 4871/1105/1597 4896/1051/1597
f 2682/1034/1598 2674/1102/1598 2673/1049/1598
f 2711/1082/1599 2694/1106/1599 2682/1034/1599
f 4892/1081/1600 4902/1083/1600 4903/1052/1600
f 2730/1107/1601 2711/1082/1601 2725/1056/1601
f 4110/1020/1602 4081/1108/1602 4114/1021/1602
f 4149/1022/1603 4123/1072/1603 4124/1092/1603
f 872/1073/1604 832/1109/1604 768/1024/1604
f 741/993/1605 751/992/1605 742/1110/1605
f 703/1111/1606 699/958/1606 701/1009/1606
f 703/1111/1607 702/1112/1607 699/958/1607
f 699/958/1608 702/1112/1608 700/972/1608
f 733/945/1609 745/1093/1609 734/973/1609
f 745/1093/1610 771/1094/1610 749/1010/1610
f 821/1095/1611 803/1025/1611 802/1064/1611
f 819/1026/1612 881/1113/1612 897/1075/1612
f 819/1026/1613 897/1075/1613 822/996/1613
f 4852/1114/1614 4823/1115/1614 4851/1046/1614
f 4843/1014/1615 4822/1116/1615 4844/1028/1615
f 4844/1028/1616 4826/1080/1616 4847/1029/1616
f 2467/1030/1617 2519/1117/1617 2477/1099/1617
f 2623/1118/1618 2522/1065/1618 2624/1047/1618
f 4830/1100/1619 4841/1101/1619 4849/1032/1619
f 4848/1031/1620 4830/1100/1620 4849/1032/1620
f 2645/1033/1621 2623/1118/1621 2624/1047/1621
f 2645/1033/1622 2646/1103/1622 2623/1118/1622
f 4841/1101/1623 4842/1104/1623 4870/1048/1623
f 4896/1051/1624 4871/1105/1624 4892/1081/1624
f 2694/1106/1625 2674/1102/1625 2682/1034/1625
f 4913/1053/1626 4902/1083/1626 4915/1119/1626
f 4913/1053/1627 4915/1119/1627 4922/1054/1627
f 4915/1119/1628 4931/1120/1628 4922/1054/1628
f 4922/1054/1629 4931/1120/1629 4935/1121/1629
f 2352/1122/1630 2327/1123/1630 2325/1124/1630
f 2209/1059/1631 2203/1084/1631 2222/1125/1631
f 4110/1020/1632 4084/1126/1632 4081/1108/1632
f 768/1024/1633 832/1109/1633 767/1040/1633
f 767/1040/1634 760/1127/1634 751/992/1634
f 700/972/1635 724/1128/1635 727/1074/1635
f 733/945/1636 744/1129/1636 745/1093/1636
f 771/1094/1637 800/1130/1637 763/1041/1637
f 763/1041/1638 800/1130/1638 802/1064/1638
f 819/1026/1639 821/1095/1639 881/1113/1639
f 4823/1115/1640 4825/1079/1640 4851/1046/1640
f 2457/1097/1641 2479/1131/1641 2471/1096/1641
f 4822/1116/1642 4826/1080/1642 4844/1028/1642
f 2467/1030/1643 2522/1065/1643 2519/1117/1643
f 2623/1118/1644 2577/1132/1644 2522/1065/1644
f 832/1109/1645 794/1133/1645 767/1040/1645
f 726/995/1646 737/994/1646 725/1134/1646
f 725/1134/1647 701/1009/1647 726/995/1647
f 702/1112/1648 724/1128/1648 700/972/1648
f 727/1074/1649 744/1129/1649 733/945/1649
f 827/1135/1650 821/1095/1650 802/1064/1650
f 881/1113/1651 961/1136/1651 897/1075/1651
f 4836/1137/1652 4823/1115/1652 4852/1114/1652
f 2468/1077/1653 2471/1096/1653 2478/1138/1653
f 4821/1098/1654 4822/1116/1654 4843/1014/1654
f 2522/1065/1655 2577/1132/1655 2519/1117/1655
f 4830/1100/1656 4817/1139/1656 4841/1101/1656
f 2674/1102/1657 2654/1140/1657 2646/1103/1657
f 4871/1105/1658 4842/1104/1658 4837/1141/1658
f 4871/1105/1659 4869/1142/1659 4892/1081/1659
f 4107/1143/1660 4086/1144/1660 4100/1145/1660
f 4079/1146/1661 4102/1087/1661 4099/1147/1661
f 4069/1148/1662 4098/1070/1662 4102/1087/1662
f 4085/1149/1663 4123/1072/1663 4103/1091/1663
f 4123/1072/1664 4085/1149/1664 4090/1150/1664
f 4090/1150/1665 4124/1092/1665 4123/1072/1665
f 4150/1039/1666 4122/1151/1666 4152/1152/1666
f 767/1040/1667 794/1133/1667 760/1127/1667
f 751/992/1668 760/1127/1668 742/1110/1668
f 742/1110/1669 735/1153/1669 737/994/1669
f 701/1009/1670 725/1134/1670 703/1111/1670
f 771/1094/1671 776/1154/1671 800/1130/1671
f 802/1064/1672 800/1130/1672 814/1155/1672
f 802/1064/1673 814/1155/1673 827/1135/1673
f 4806/1156/1674 4836/1137/1674 4840/1157/1674
f 4823/1115/1675 4786/1158/1675 4825/1079/1675
f 2577/1132/1676 2527/1159/1676 2519/1117/1676
f 4826/1080/1677 4807/1160/1677 4830/1100/1677
f 2646/1103/1678 2638/1161/1678 2623/1118/1678
f 4841/1101/1679 4837/1141/1679 4842/1104/1679
f 4837/1141/1680 4869/1142/1680 4871/1105/1680
f 4869/1142/1681 4889/1162/1681 4892/1081/1681
f 4902/1083/1682 4889/1162/1682 4899/1163/1682
f 4902/1083/1683 4899/1163/1683 4915/1119/1683
f 2303/1164/1684 2263/1165/1684 2312/1166/1684
f 4141/1167/1685 4147/1168/1685 4181/1169/1685
f 4081/1108/1686 4080/1170/1686 4103/1091/1686
f 4124/1092/1687 4122/1151/1687 4150/1039/1687
f 4152/1152/1688 4122/1151/1688 4153/1171/1688
f 737/994/1689 735/1153/1689 725/1134/1689
f 703/1111/1690 704/1172/1690 702/1112/1690
f 745/1093/1691 776/1154/1691 771/1094/1691
f 821/1095/1692 827/1135/1692 881/1113/1692
f 4839/1173/1693 4806/1156/1693 4840/1157/1693
f 4836/1137/1694 4785/1174/1694 4823/1115/1694
f 4785/1174/1695 4786/1158/1695 4823/1115/1695
f 4786/1158/1696 4787/1175/1696 4825/1079/1696
f 4825/1079/1697 4787/1175/1697 4821/1098/1697
f 2479/1131/1698 2478/1138/1698 2471/1096/1698
f 4822/1116/1699 4796/1176/1699 4826/1080/1699
f 4796/1176/1700 4807/1160/1700 4826/1080/1700
f 4805/1177/1701 4817/1139/1701 4830/1100/1701
f 2638/1161/1702 2608/1178/1702 2623/1118/1702
f 4841/1101/1703 4828/1179/1703 4837/1141/1703
f 2674/1102/1704 2681/1180/1704 2654/1140/1704
f 4892/1081/1705 4889/1162/1705 4902/1083/1705
f 2730/1107/1706 2700/1181/1706 2711/1082/1706
f 4915/1119/1707 4909/1182/1707 4931/1120/1707
f 4084/1126/1708 4070/1183/1708 4072/1184/1708
f 4084/1126/1709 4072/1184/1709 4081/1108/1709
f 4080/1170/1710 4085/1149/1710 4103/1091/1710
f 4124/1092/1711 4090/1150/1711 4122/1151/1711
f 757/1185/1712 742/1110/1712 760/1127/1712
f 725/1134/1713 705/1186/1713 703/1111/1713
f 703/1111/1714 705/1186/1714 704/1172/1714
f 704/1172/1715 724/1128/1715 702/1112/1715
f 704/1172/1716 717/1187/1716 724/1128/1716
f 814/1155/1717 828/1188/1717 827/1135/1717
f 827/1135/1718 908/1189/1718 881/1113/1718
f 4806/1156/1719 4785/1174/1719 4836/1137/1719
f 4821/1098/1720 4787/1175/1720 4789/1190/1720
f 4821/1098/1721 4789/1190/1721 4822/1116/1721
f 4822/1116/1722 4789/1190/1722 4790/1191/1722
f 4790/1191/1723 4796/1176/1723 4822/1116/1723
f 2577/1132/1724 2588/1192/1724 2527/1159/1724
f 4830/1100/1725 4807/1160/1725 4805/1177/1725
f 2623/1118/1726 2608/1178/1726 2577/1132/1726
f 4841/1101/1727 4817/1139/1727 4828/1179/1727
f 2646/1103/1728 2654/1140/1728 2638/1161/1728
f 2700/1181/1729 2681/1180/1729 2694/1106/1729
f 4915/1119/1730 4899/1163/1730 4909/1182/1730
f 4909/1182/1731 4930/1193/1731 4931/1120/1731
f 2731/1194/1732 2700/1181/1732 2730/1107/1732
f 2309/1195/1733 2256/1196/1733 2321/1197/1733
f 2195/1198/1734 2194/1199/1734 2217/1200/1734
f 4122/1151/1735 4125/1201/1735 4153/1171/1735
f 832/1109/1736 871/1202/1736 794/1133/1736
f 5013/1203/1737 5010/1204/1737 5014/1205/1737
f 4312/1206/1738 4321/1207/1738 4282/1208/1738
f 4312/1206/1739 4282/1208/1739 4284/1209/1739
f 4282/1208/1740 4283/1210/1740 4284/1209/1740
f 5014/1205/1741 5015/1211/1741 5013/1203/1741
f 4282/1208/1742 4281/1212/1742 4283/1210/1742
f 5015/1211/1743 5016/1213/1743 5013/1203/1743
f 4321/1207/1744 4319/1214/1744 4279/1215/1744
f 4321/1207/1745 4279/1215/1745 4282/1208/1745
f 4282/1208/1746 4279/1215/1746 4281/1212/1746
f 5015/1211/1747 5017/1216/1747 5016/1213/1747
f 4279/1215/1748 4280/1217/1748 4281/1212/1748
f 4319/1214/1749 4285/1218/1749 4279/1215/1749
f 4279/1215/1750 4285/1218/1750 4280/1217/1750
f 5017/1216/1751 4976/1219/1751 5016/1213/1751
f 5017/1216/1752 4975/1220/1752 4976/1219/1752
f 4319/1214/1753 4315/1221/1753 4285/1218/1753
f 724/1128/1754 717/1187/1754 727/1074/1754
f 727/1074/1755 743/1222/1755 744/1129/1755
f 744/1129/1756 743/1222/1756 745/1093/1756
f 908/1189/1757 961/1136/1757 881/1113/1757
f 4839/1173/1758 4791/1223/1758 4806/1156/1758
f 2515/1224/1759 2478/1138/1759 2479/1131/1759
f 2608/1178/1760 2588/1192/1760 2577/1132/1760
f 4086/1144/1761 4067/1225/1761 4078/1226/1761
f 4081/1108/1762 4060/1227/1762 4080/1170/1762
f 794/1133/1763 792/1228/1763 760/1127/1763
f 757/1185/1764 735/1153/1764 742/1110/1764
f 5010/1204/1765 5012/1229/1765 5011/1230/1765
f 4322/1231/1766 4312/1206/1766 4308/1232/1766
f 4322/1231/1767 4308/1232/1767 4276/1233/1767
f 735/1153/1768 720/1234/1768 725/1134/1768
f 4308/1232/1769 4312/1206/1769 4284/1209/1769
f 5010/1204/1770 5018/1235/1770 5014/1205/1770
f 4284/1209/1771 4283/1210/1771 4270/1236/1771
f 720/1234/1772 705/1186/1772 725/1134/1772
f 5014/1205/1773 5018/1235/1773 5019/1237/1773
f 5014/1205/1774 5019/1237/1774 5015/1211/1774
f 4281/1212/1775 4287/1238/1775 4283/1210/1775
f 5015/1211/1776 5019/1237/1776 5017/1216/1776
f 4281/1212/1777 4280/1217/1777 4287/1238/1777
f 5019/1237/1778 5021/1239/1778 5017/1216/1778
f 4285/1218/1779 4286/1240/1779 4280/1217/1779
f 4280/1217/1780 4286/1240/1780 4287/1238/1780
f 717/1187/1781 718/1241/1781 727/1074/1781
f 5021/1239/1782 5020/1242/1782 5017/1216/1782
f 5017/1216/1783 5020/1242/1783 4975/1220/1783
f 718/1241/1784 743/1222/1784 727/1074/1784
f 4285/1218/1785 4288/1243/1785 4286/1240/1785
f 4975/1220/1786 4974/1244/1786 4976/1219/1786
f 4315/1221/1787 4316/1245/1787 4288/1243/1787
f 4315/1221/1788 4288/1243/1788 4285/1218/1788
f 743/1222/1789 774/1246/1789 776/1154/1789
f 745/1093/1790 743/1222/1790 776/1154/1790
f 828/1188/1791 908/1189/1791 827/1135/1791
f 2503/1247/1792 2518/1248/1792 2489/1249/1792
f 4785/1174/1793 4734/1250/1793 4786/1158/1793
f 2588/1192/1794 2576/1251/1794 2527/1159/1794
f 2609/1252/1795 2588/1192/1795 2608/1178/1795
f 2654/1140/1796 2653/1253/1796 2638/1161/1796
f 4837/1141/1797 4846/1254/1797 4869/1142/1797
f 2700/1181/1798 2699/1255/1798 2681/1180/1798
f 4889/1162/1799 4888/1256/1799 4899/1163/1799
f 4899/1163/1800 4908/1257/1800 4909/1182/1800
f 4909/1182/1801 4908/1257/1801 4930/1193/1801
f 4070/1183/1802 4059/1258/1802 4072/1184/1802
f 4080/1170/1803 4062/1259/1803 4085/1149/1803
f 4075/1260/1804 4085/1149/1804 4062/1259/1804
f 4085/1149/1805 4075/1260/1805 4090/1150/1805
f 4122/1151/1806 4106/1261/1806 4125/1201/1806
f 4153/1171/1807 4125/1201/1807 4133/1262/1807
f 760/1127/1808 792/1228/1808 757/1185/1808
f 4999/1263/1809 5005/1264/1809 5010/1204/1809
f 4999/1263/1810 5010/1204/1810 5011/1230/1810
f 5018/1235/1811 5010/1204/1811 5005/1264/1811
f 720/1234/1812 706/1265/1812 705/1186/1812
f 5018/1235/1813 5022/1266/1813 5019/1237/1813
f 706/1265/1814 704/1172/1814 705/1186/1814
f 5019/1237/1815 5022/1266/1815 5023/1267/1815
f 706/1265/1816 707/1268/1816 704/1172/1816
f 707/1268/1817 713/1269/1817 704/1172/1817
f 704/1172/1818 713/1269/1818 717/1187/1818
f 5019/1237/1819 5023/1267/1819 5021/1239/1819
f 713/1269/1820 718/1241/1820 717/1187/1820
f 4289/1270/1821 4294/1271/1821 4286/1240/1821
f 718/1241/1822 730/1272/1822 743/1222/1822
f 5020/1242/1823 4972/1273/1823 4975/1220/1823
f 4286/1240/1824 4288/1243/1824 4289/1270/1824
f 5020/1242/1825 4980/1274/1825 4972/1273/1825
f 4975/1220/1826 4972/1273/1826 4974/1244/1826
f 4972/1273/1827 4973/1275/1827 4974/1244/1827
f 4316/1245/1828 4317/1276/1828 4301/1277/1828
f 4316/1245/1829 4301/1277/1829 4288/1243/1829
f 800/1130/1830 776/1154/1830 814/1155/1830
f 828/1188/1831 906/1278/1831 908/1189/1831
f 4833/1279/1832 4794/1280/1832 4839/1173/1832
f 4787/1175/1833 4786/1158/1833 4735/1281/1833
f 2478/1138/1834 2516/1282/1834 2514/1283/1834
f 4789/1190/1835 4743/1284/1835 4744/1285/1835
f 4789/1190/1836 4744/1285/1836 4790/1191/1836
f 4790/1191/1837 4744/1285/1837 4796/1176/1837
f 4796/1176/1838 4764/1286/1838 4807/1160/1838
f 4807/1160/1839 4764/1286/1839 4805/1177/1839
f 4805/1177/1840 4792/1287/1840 4817/1139/1840
f 2638/1161/1841 2609/1252/1841 2608/1178/1841
f 4817/1139/1842 4810/1288/1842 4828/1179/1842
f 2653/1253/1843 2640/1289/1843 2638/1161/1843
f 4828/1179/1844 4810/1288/1844 4837/1141/1844
f 2654/1140/1845 2679/1290/1845 2653/1253/1845
f 4837/1141/1846 4810/1288/1846 4814/1291/1846
f 4837/1141/1847 4814/1291/1847 4846/1254/1847
f 2681/1180/1848 2679/1290/1848 2654/1140/1848
f 4869/1142/1849 4846/1254/1849 4865/1292/1849
f 4865/1292/1850 4889/1162/1850 4869/1142/1850
f 4889/1162/1851 4865/1292/1851 4888/1256/1851
f 4899/1163/1852 4888/1256/1852 4908/1257/1852
f 4908/1257/1853 4927/1293/1853 4930/1193/1853
f 2731/1194/1854 2737/1294/1854 2700/1181/1854
f 4069/1148/1855 4056/1295/1855 4055/1296/1855
f 4041/1297/1856 4070/1183/1856 4055/1296/1856
f 4070/1183/1857 4041/1297/1857 4059/1258/1857
f 4080/1170/1858 4060/1227/1858 4062/1259/1858
f 4122/1151/1859 4089/1298/1859 4106/1261/1859
f 794/1133/1860 871/1202/1860 792/1228/1860
f 4994/1299/1861 4999/1263/1861 5011/1230/1861
f 4323/1300/1862 4322/1231/1862 4269/1301/1862
f 757/1185/1863 755/1302/1863 735/1153/1863
f 4276/1233/1864 4262/1303/1864 4269/1301/1864
f 735/1153/1865 755/1302/1865 736/1304/1865
f 5005/1264/1866 5004/1305/1866 5025/1306/1866
f 5005/1264/1867 5025/1306/1867 5018/1235/1867
f 4272/1307/1868 4270/1236/1868 4262/1303/1868
f 735/1153/1869 736/1304/1869 720/1234/1869
f 5018/1235/1870 5025/1306/1870 5022/1266/1870
f 720/1234/1871 719/1308/1871 706/1265/1871
f 706/1265/1872 709/1309/1872 708/1310/1872
f 706/1265/1873 708/1310/1873 707/1268/1873
f 5021/1239/1874 5023/1267/1874 5024/1311/1874
f 5021/1239/1875 5024/1311/1875 5020/1242/1875
f 5020/1242/1876 5024/1311/1876 4980/1274/1876
f 4980/1274/1877 4977/1312/1877 4972/1273/1877
f 4301/1277/1878 4219/1313/1878 4302/1314/1878
f 4972/1273/1879 4977/1312/1879 4973/1275/1879
f 4317/1276/1880 4219/1313/1880 4301/1277/1880
f 829/1315/1881 828/1188/1881 814/1155/1881
f 4794/1280/1882 4791/1223/1882 4839/1173/1882
f 4806/1156/1883 4747/1316/1883 4785/1174/1883
f 4738/1317/1884 4734/1250/1884 4785/1174/1884
f 4786/1158/1885 4734/1250/1885 4735/1281/1885
f 2528/1318/1886 2516/1282/1886 2515/1224/1886
f 4787/1175/1887 4735/1281/1887 4743/1284/1887
f 4787/1175/1888 4743/1284/1888 4789/1190/1888
f 4796/1176/1889 4744/1285/1889 4764/1286/1889
f 4764/1286/1890 4792/1287/1890 4805/1177/1890
f 2638/1161/1891 2640/1289/1891 2609/1252/1891
f 4792/1287/1892 4810/1288/1892 4817/1139/1892
f 2681/1180/1893 2699/1255/1893 2679/1290/1893
f 2737/1294/1894 2699/1255/1894 2700/1181/1894
f 4075/1260/1895 4089/1298/1895 4090/1150/1895
f 792/1228/1896 755/1302/1896 757/1185/1896
f 4323/1300/1897 4269/1301/1897 4255/1319/1897
f 4993/1320/1898 4999/1263/1898 4994/1299/1898
f 4993/1320/1899 5001/1321/1899 5004/1305/1899
f 4993/1320/1900 5004/1305/1900 4999/1263/1900
f 5004/1305/1901 5027/1322/1901 5025/1306/1901
f 736/1304/1902 719/1308/1902 720/1234/1902
f 5025/1306/1903 5032/1323/1903 5022/1266/1903
f 719/1308/1904 716/1324/1904 706/1265/1904
f 716/1324/1905 709/1309/1905 706/1265/1905
f 5022/1266/1906 5032/1323/1906 5023/1267/1906
f 4291/1325/1907 4292/1326/1907 4275/1327/1907
f 4274/1328/1908 4291/1325/1908 4275/1327/1908
f 712/1329/1909 707/1268/1909 708/1310/1909
f 5023/1267/1910 5032/1323/1910 5035/1330/1910
f 712/1329/1911 713/1269/1911 707/1268/1911
f 712/1329/1912 718/1241/1912 713/1269/1912
f 5023/1267/1913 5035/1330/1913 5024/1311/1913
f 5024/1311/1914 5026/1331/1914 4980/1274/1914
f 730/1272/1915 774/1246/1915 743/1222/1915
f 4977/1312/1916 4978/1332/1916 4973/1275/1916
f 4317/1276/1917 4324/1333/1917 4219/1313/1917
f 4791/1223/1918 4747/1316/1918 4806/1156/1918
f 4747/1316/1919 4738/1317/1919 4785/1174/1919
f 4764/1286/1920 4745/1334/1920 4792/1287/1920
f 4846/1254/1921 4831/1335/1921 4865/1292/1921
f 4865/1292/1922 4858/1336/1922 4888/1256/1922
f 2737/1294/1923 2733/1337/1923 2699/1255/1923
f 2220/1338/1924 2214/1339/1924 2239/1340/1924
f 4059/1258/1925 4040/1341/1925 4060/1227/1925
f 4044/1342/1926 4062/1259/1926 4060/1227/1926
f 4062/1259/1927 4057/1343/1927 4075/1260/1927
f 4075/1260/1928 4057/1343/1928 4058/1344/1928
f 4075/1260/1929 4058/1344/1929 4089/1298/1929
f 4992/1345/1930 4994/1299/1930 4995/1346/1930
f 4252/1347/1931 4323/1300/1931 4255/1319/1931
f 4992/1345/1932 4993/1320/1932 4994/1299/1932
f 5004/1305/1933 5001/1321/1933 5027/1322/1933
f 5027/1322/1934 5028/1348/1934 5025/1306/1934
f 5025/1306/1935 5028/1348/1935 5032/1323/1935
f 719/1308/1936 731/1349/1936 716/1324/1936
f 5032/1323/1937 5033/1350/1937 5034/1351/1937
f 5032/1323/1938 5034/1351/1938 5035/1330/1938
f 4292/1326/1939 4290/1352/1939 4293/1353/1939
f 4290/1352/1940 4295/1354/1940 4293/1353/1940
f 721/1355/1941 718/1241/1941 712/1329/1941
f 4294/1271/1942 4296/1356/1942 4295/1354/1942
f 721/1355/1943 730/1272/1943 718/1241/1943
f 721/1355/1944 772/1357/1944 730/1272/1944
f 730/1272/1945 772/1357/1945 774/1246/1945
f 4302/1314/1946 4233/1358/1946 4296/1356/1946
f 4980/1274/1947 4983/1359/1947 4977/1312/1947
f 4302/1314/1948 4218/1360/1948 4233/1358/1948
f 4977/1312/1949 4979/1361/1949 4978/1332/1949
f 4977/1312/1950 4983/1359/1950 4979/1361/1950
f 4979/1361/1951 4981/1362/1951 4978/1332/1951
f 4324/1333/1952 4216/1363/1952 4219/1313/1952
f 4219/1313/1953 4216/1363/1953 4218/1360/1953
f 4216/1363/1954 4217/1364/1954 4218/1360/1954
f 4324/1333/1955 4250/1365/1955 4216/1363/1955
f 774/1246/1956 811/1366/1956 776/1154/1956
f 776/1154/1957 811/1366/1957 814/1155/1957
f 829/1315/1958 906/1278/1958 828/1188/1958
f 4868/1367/1959 4832/1368/1959 4833/1279/1959
f 4833/1279/1960 4795/1369/1960 4794/1280/1960
f 4794/1280/1961 4717/1370/1961 4791/1223/1961
f 4791/1223/1962 4716/1371/1962 4747/1316/1962
f 4738/1317/1963 4702/1372/1963 4734/1250/1963
f 4734/1250/1964 4718/1373/1964 4735/1281/1964
f 4743/1284/1965 4724/1374/1965 4729/1375/1965
f 4743/1284/1966 4729/1375/1966 4744/1285/1966
f 2609/1252/1967 2576/1251/1967 2588/1192/1967
f 4745/1334/1968 4749/1376/1968 4792/1287/1968
f 2699/1255/1969 2710/1377/1969 2679/1290/1969
f 4888/1256/1970 4858/1336/1970 4867/1378/1970
f 4888/1256/1971 4867/1378/1971 4878/1379/1971
f 4908/1257/1972 4906/1380/1972 4927/1293/1972
f 4037/1381/1973 4055/1296/1973 4038/1382/1973
f 4062/1259/1974 4044/1342/1974 4049/1383/1974
f 4106/1261/1975 4089/1298/1975 4097/1384/1975
f 4106/1261/1976 4097/1384/1976 4125/1201/1976
f 4992/1345/1977 5001/1321/1977 4993/1320/1977
f 4255/1319/1978 4260/1385/1978 4253/1386/1978
f 5001/1321/1979 5007/1387/1979 5027/1322/1979
f 4262/1303/1980 4263/1388/1980 4260/1385/1980
f 736/1304/1981 756/1389/1981 731/1349/1981
f 5028/1348/1982 5036/1390/1982 5032/1323/1982
f 731/1349/1983 719/1308/1983 736/1304/1983
f 5036/1390/1984 5039/1391/1984 5033/1350/1984
f 5032/1323/1985 5036/1390/1985 5033/1350/1985
f 4273/1392/1986 4275/1327/1986 4278/1393/1986
f 714/1394/1987 709/1309/1987 716/1324/1987
f 4292/1326/1988 4299/1395/1988 4278/1393/1988
f 5039/1391/1989 5034/1351/1989 5033/1350/1989
f 714/1394/1990 710/1396/1990 709/1309/1990
f 710/1396/1991 708/1310/1991 709/1309/1991
f 4292/1326/1992 4293/1353/1992 4298/1397/1992
f 4292/1326/1993 4298/1397/1993 4299/1395/1993
f 710/1396/1994 711/1398/1994 708/1310/1994
f 708/1310/1995 711/1398/1995 712/1329/1995
f 711/1398/1996 721/1355/1996 712/1329/1996
f 4295/1354/1997 4300/1399/1997 4293/1353/1997
f 711/1398/1998 729/1400/1998 721/1355/1998
f 4295/1354/1999 4296/1356/1999 4297/1401/1999
f 721/1355/2000 773/1402/2000 772/1357/2000
f 5035/1330/2001 5034/1351/2001 5037/1403/2001
f 5035/1330/2002 5037/1403/2002 5024/1311/2002
f 5024/1311/2003 5037/1403/2003 5026/1331/2003
f 4980/1274/2004 5026/1331/2004 4983/1359/2004
f 4983/1359/2005 4984/1404/2005 4979/1361/2005
f 4832/1368/2006 4795/1369/2006 4833/1279/2006
f 4725/1405/2007 4717/1370/2007 4794/1280/2007
f 4717/1370/2008 4716/1371/2008 4791/1223/2008
f 4747/1316/2009 4709/1406/2009 4738/1317/2009
f 4735/1281/2010 4718/1373/2010 4743/1284/2010
f 4743/1284/2011 4718/1373/2011 4724/1374/2011
f 2528/1318/2012 2537/1407/2012 2516/1282/2012
f 4744/1285/2013 4729/1375/2013 4764/1286/2013
f 4764/1286/2014 4729/1375/2014 4745/1334/2014
f 2609/1252/2015 2607/1408/2015 2576/1251/2015
f 4792/1287/2016 4749/1376/2016 4788/1409/2016
f 2640/1289/2017 2630/1410/2017 2609/1252/2017
f 4792/1287/2018 4788/1409/2018 4810/1288/2018
f 2653/1253/2019 2655/1411/2019 2640/1289/2019
f 2655/1411/2020 2630/1410/2020 2640/1289/2020
f 4810/1288/2021 4788/1409/2021 4814/1291/2021
f 2679/1290/2022 2655/1411/2022 2653/1253/2022
f 2680/1412/2023 2655/1411/2023 2679/1290/2023
f 4814/1291/2024 4831/1335/2024 4846/1254/2024
f 2679/1290/2025 2710/1377/2025 2680/1412/2025
f 4865/1292/2026 4831/1335/2026 4858/1336/2026
f 2699/1255/2027 2733/1337/2027 2710/1377/2027
f 4923/1413/2028 4937/1414/2028 4927/1293/2028
f 4888/1256/2029 4878/1379/2029 4908/1257/2029
f 4908/1257/2030 4878/1379/2030 4906/1380/2030
f 4906/1380/2031 4923/1413/2031 4927/1293/2031
f 871/1202/2032 947/1415/2032 792/1228/2032
f 4992/1345/2033 4996/1416/2033 5000/1417/2033
f 4996/1416/2034 4992/1345/2034 4995/1346/2034
f 5000/1417/2035 5001/1321/2035 4992/1345/2035
f 5000/1417/2036 5007/1387/2036 5001/1321/2036
f 755/1302/2037 808/1418/2037 756/1389/2037
f 756/1389/2038 736/1304/2038 755/1302/2038
f 5029/1419/2039 5028/1348/2039 5027/1322/2039
f 5028/1348/2040 5029/1419/2040 5036/1390/2040
f 756/1389/2041 758/1420/2041 731/1349/2041
f 758/1420/2042 732/1421/2042 731/1349/2042
f 732/1421/2043 716/1324/2043 731/1349/2043
f 4266/1422/2044 4273/1392/2044 4277/1423/2044
f 732/1421/2045 715/1424/2045 716/1324/2045
f 4273/1392/2046 4278/1393/2046 4277/1423/2046
f 4278/1393/2047 4305/1425/2047 4277/1423/2047
f 715/1424/2048 714/1394/2048 716/1324/2048
f 715/1424/2049 722/1426/2049 710/1396/2049
f 715/1424/2050 710/1396/2050 714/1394/2050
f 5039/1391/2051 5073/1427/2051 5034/1351/2051
f 4278/1393/2052 4299/1395/2052 4305/1425/2052
f 5034/1351/2053 5073/1427/2053 5074/1428/2053
f 4299/1395/2054 4306/1429/2054 4309/1430/2054
f 4298/1397/2055 4304/1431/2055 4299/1395/2055
f 4299/1395/2056 4304/1431/2056 4306/1429/2056
f 722/1426/2057 711/1398/2057 710/1396/2057
f 722/1426/2058 723/1432/2058 711/1398/2058
f 5034/1351/2059 5074/1428/2059 5075/1433/2059
f 4298/1397/2060 4300/1399/2060 4304/1431/2060
f 4295/1354/2061 4303/1434/2061 4300/1399/2061
f 773/1402/2062 721/1355/2062 729/1400/2062
f 5034/1351/2063 5075/1433/2063 5038/1435/2063
f 5034/1351/2064 5038/1435/2064 5037/1403/2064
f 4295/1354/2065 4297/1401/2065 4303/1434/2065
f 773/1402/2066 775/1436/2066 772/1357/2066
f 772/1357/2067 775/1436/2067 774/1246/2067
f 4979/1361/2068 4982/1437/2068 4981/1362/2068
f 4979/1361/2069 4984/1404/2069 4982/1437/2069
f 4216/1363/2070 4215/1438/2070 4217/1364/2070
f 811/1366/2071 824/1439/2071 814/1155/2071
f 814/1155/2072 824/1439/2072 829/1315/2072
f 4716/1371/2073 4709/1406/2073 4747/1316/2073
f 4709/1406/2074 4702/1372/2074 4738/1317/2074
f 4702/1372/2075 4710/1440/2075 4734/1250/2075
f 4734/1250/2076 4710/1440/2076 4718/1373/2076
f 2630/1410/2077 2607/1408/2077 2609/1252/2077
f 2239/1340/2078 2333/1441/2078 2332/1442/2078
f 4049/1383/2079 4042/1443/2079 4057/1343/2079
f 2989/1444/2080 2917/1445/2080 2958/1446/2080
f 4057/1343/2081 4042/1443/2081 4058/1344/2081
f 4125/1201/2082 4097/1384/2082 4096/1447/2082
f 4125/1201/2083 4096/1447/2083 4133/1262/2083
f 792/1228/2084 947/1415/2084 808/1418/2084
f 5000/1417/2085 5006/1448/2085 5007/1387/2085
f 5006/1448/2086 5029/1419/2086 5007/1387/2086
f 808/1418/2087 798/1449/2087 756/1389/2087
f 5007/1387/2088 5029/1419/2088 5027/1322/2088
f 5029/1419/2089 5043/1450/2089 5036/1390/2089
f 5043/1450/2090 5061/1451/2090 5036/1390/2090
f 5036/1390/2091 5061/1451/2091 5039/1391/2091
f 758/1420/2092 738/1452/2092 732/1421/2092
f 5061/1451/2093 5072/1453/2093 5039/1391/2093
f 738/1452/2094 715/1424/2094 732/1421/2094
f 5039/1391/2095 5072/1453/2095 5073/1427/2095
f 4277/1423/2096 4305/1425/2096 4313/1454/2096
f 4313/1454/2097 4305/1425/2097 4310/1455/2097
f 738/1452/2098 746/1456/2098 715/1424/2098
f 4305/1425/2099 4309/1430/2099 4310/1455/2099
f 4310/1455/2100 4309/1430/2100 4318/1457/2100
f 746/1456/2101 722/1426/2101 715/1424/2101
f 941/1458/2102 786/1459/2102 844/1460/2102
f 844/1460/2103 786/1459/2103 746/1456/2103
f 746/1456/2104 786/1459/2104 722/1426/2104
f 4306/1429/2105 4311/1461/2105 4309/1430/2105
f 941/1458/2106 799/1462/2106 786/1459/2106
f 941/1458/2107 942/1463/2107 799/1462/2107
f 786/1459/2108 799/1462/2108 723/1432/2108
f 786/1459/2109 723/1432/2109 722/1426/2109
f 4306/1429/2110 4304/1431/2110 4311/1461/2110
f 4304/1431/2111 4307/1464/2111 4311/1461/2111
f 942/1463/2112 843/1465/2112 799/1462/2112
f 799/1462/2113 843/1465/2113 723/1432/2113
f 5074/1428/2114 5076/1466/2114 5075/1433/2114
f 4304/1431/2115 4300/1399/2115 4307/1464/2115
f 723/1432/2116 843/1465/2116 747/1467/2116
f 723/1432/2117 747/1467/2117 711/1398/2117
f 747/1467/2118 729/1400/2118 711/1398/2118
f 4435/1468/2119 4437/1469/2119 4430/1470/2119
f 747/1467/2120 777/1471/2120 729/1400/2120
f 5075/1433/2121 5076/1466/2121 5038/1435/2121
f 729/1400/2122 777/1471/2122 773/1402/2122
f 5026/1331/2123 5037/1403/2123 5041/1472/2123
f 775/1436/2124 812/1473/2124 811/1366/2124
f 775/1436/2125 811/1366/2125 774/1246/2125
f 4983/1359/2126 5026/1331/2126 5031/1474/2126
f 3567/1475/2127 3563/1476/2127 3566/1477/2127
f 4216/1363/2128 4213/1478/2128 4215/1438/2128
f 829/1315/2129 824/1439/2129 906/1278/2129
f 4795/1369/2130 4725/1405/2130 4794/1280/2130
f 2576/1251/2131 2603/1479/2131 2579/1480/2131
f 4788/1409/2132 4770/1481/2132 4814/1291/2132
f 2680/1412/2133 2675/1482/2133 2655/1411/2133
f 1484/1483/2134 1419/1484/2134 1483/1485/2134
f 4831/1335/2135 4814/1291/2135 4818/1486/2135
f 4923/1413/2136 4926/1487/2136 4937/1414/2136
f 4041/1297/2137 4023/1488/2137 4040/1341/2137
f 4044/1342/2138 4028/1489/2138 4049/1383/2138
f 4089/1298/2139 4058/1344/2139 4061/1490/2139
f 4089/1298/2140 4061/1490/2140 4097/1384/2140
f 4133/1262/2141 4096/1447/2141 4132/1491/2141
f 5006/1448/2142 5030/1492/2142 5029/1419/2142
f 798/1449/2143 758/1420/2143 756/1389/2143
f 790/1493/2144 738/1452/2144 758/1420/2144
f 5061/1451/2145 5081/1494/2145 5072/1453/2145
f 3661/1495/2146 3662/1496/2146 3656/1497/2146
f 4313/1454/2147 4310/1455/2147 4320/1498/2147
f 867/1499/2148 844/1460/2148 738/1452/2148
f 4310/1455/2149 4318/1457/2149 4320/1498/2149
f 3453/1500/2150 3416/1501/2150 3451/1502/2150
f 3416/1501/2151 3418/1503/2151 3450/1504/2151
f 3451/1502/2152 3416/1501/2152 3450/1504/2152
f 3418/1503/2153 3419/1505/2153 3448/1506/2153
f 3450/1504/2154 3418/1503/2154 3448/1506/2154
f 4307/1464/2155 4314/1507/2155 4311/1461/2155
f 4435/1468/2156 4430/1470/2156 4431/1508/2156
f 4435/1468/2157 4431/1508/2157 4434/1509/2157
f 835/1510/2158 777/1471/2158 747/1467/2158
f 5076/1466/2159 5068/1511/2159 5038/1435/2159
f 4437/1469/2160 4436/1512/2160 4430/1470/2160
f 4436/1512/2161 4429/1513/2161 4430/1470/2161
f 780/1514/2162 773/1402/2162 777/1471/2162
f 780/1514/2163 775/1436/2163 773/1402/2163
f 5037/1403/2164 5038/1435/2164 5040/1515/2164
f 5037/1403/2165 5040/1515/2165 5041/1472/2165
f 4215/1438/2166 4221/1516/2166 4217/1364/2166
f 4212/1517/2167 4221/1516/2167 4215/1438/2167
f 4982/1437/2168 4988/1518/2168 4981/1362/2168
f 4250/1365/2169 4249/1519/2169 4213/1478/2169
f 824/1439/2170 907/1520/2170 906/1278/2170
f 4857/1521/2171 4832/1368/2171 4868/1367/2171
f 4716/1371/2172 4668/1522/2172 4709/1406/2172
f 4709/1406/2173 4671/1523/2173 4702/1372/2173
f 2530/1524/2174 2570/1525/2174 2526/1526/2174
f 2530/1524/2175 2537/1407/2175 2572/1527/2175
f 4718/1373/2176 4689/1528/2176 4724/1374/2176
f 4689/1528/2177 4692/1529/2177 4724/1374/2177
f 4724/1374/2178 4692/1529/2178 4729/1375/2178
f 4729/1375/2179 4692/1529/2179 4693/1530/2179
f 2630/1410/2180 2631/1531/2180 2607/1408/2180
f 4749/1376/2181 4748/1532/2181 4788/1409/2181
f 2655/1411/2182 2649/1533/2182 2630/1410/2182
f 2649/1533/2183 2631/1531/2183 2630/1410/2183
f 4748/1532/2184 4770/1481/2184 4788/1409/2184
f 1419/1484/2185 1408/1534/2185 1483/1485/2185
f 4116/1535/2186 4108/1536/2186 4087/1537/2186
f 4058/1344/2187 4042/1443/2187 4048/1538/2187
f 4996/1416/2188 4998/1539/2188 5000/1417/2188
f 5045/1540/2189 5029/1419/2189 5030/1492/2189
f 5045/1540/2190 5044/1541/2190 5029/1419/2190
f 5029/1419/2191 5044/1541/2191 5043/1450/2191
f 5044/1541/2192 5065/1542/2192 5043/1450/2192
f 5043/1450/2193 5065/1542/2193 5070/1543/2193
f 5043/1450/2194 5070/1543/2194 5061/1451/2194
f 5061/1451/2195 5070/1543/2195 5081/1494/2195
f 3654/1544/2196 3661/1495/2196 3656/1497/2196
f 868/1545/2197 738/1452/2197 790/1493/2197
f 3646/1546/2198 3645/1547/2198 3647/1548/2198
f 3656/1497/2199 3662/1496/2199 3669/1549/2199
f 3662/1496/2200 3679/1550/2200 3669/1549/2200
f 3669/1549/2201 3679/1550/2201 3678/1551/2201
f 868/1545/2202 867/1499/2202 738/1452/2202
f 3453/1500/2203 3445/1552/2203 3424/1553/2203
f 3401/1554/2204 3399/1555/2204 3418/1503/2204
f 3418/1503/2205 3399/1555/2205 3419/1505/2205
f 3448/1506/2206 3419/1505/2206 3449/1556/2206
f 4431/1508/2207 4433/1557/2207 4434/1509/2207
f 4434/1509/2208 4433/1557/2208 4450/1558/2208
f 747/1467/2209 843/1465/2209 835/1510/2209
f 4430/1470/2210 4428/1559/2210 4431/1508/2210
f 841/1560/2211 777/1471/2211 835/1510/2211
f 4430/1470/2212 4429/1513/2212 4428/1559/2212
f 5038/1435/2213 5068/1511/2213 5060/1561/2213
f 777/1471/2214 826/1562/2214 780/1514/2214
f 780/1514/2215 812/1473/2215 775/1436/2215
f 780/1514/2216 826/1562/2216 812/1473/2216
f 4224/1563/2217 4226/1564/2217 4231/1565/2217
f 5026/1331/2218 5041/1472/2218 5031/1474/2218
f 811/1366/2219 812/1473/2219 824/1439/2219
f 4984/1404/2220 4985/1566/2220 4982/1437/2220
f 4982/1437/2221 4985/1566/2221 4988/1518/2221
f 4249/1519/2222 4211/1567/2222 4213/1478/2222
f 4211/1567/2223 4212/1517/2223 4213/1478/2223
f 4857/1521/2224 4834/1568/2224 4832/1368/2224
f 4702/1372/2225 4671/1523/2225 4676/1569/2225
f 2578/1570/2226 2572/1527/2226 2537/1407/2226
f 2603/1479/2227 2591/1571/2227 2579/1480/2227
f 4729/1375/2228 4726/1572/2228 4745/1334/2228
f 2675/1482/2229 2649/1533/2229 2655/1411/2229
f 4770/1481/2230 4783/1573/2230 4814/1291/2230
f 4783/1573/2231 4818/1486/2231 4814/1291/2231
f 4831/1335/2232 4818/1486/2232 4838/1574/2232
f 4831/1335/2233 4838/1574/2233 4858/1336/2233
f 2733/1337/2234 2738/1575/2234 2710/1377/2234
f 4858/1336/2235 4838/1574/2235 4867/1378/2235
f 4937/1414/2236 4926/1487/2236 4938/1576/2236
f 4867/1378/2237 4873/1577/2237 4878/1379/2237
f 4878/1379/2238 4873/1577/2238 4905/1578/2238
f 4878/1379/2239 4905/1578/2239 4906/1380/2239
f 4022/1579/2240 4028/1489/2240 4044/1342/2240
f 4028/1489/2241 4042/1443/2241 4049/1383/2241
f 4058/1344/2242 4048/1538/2242 4061/1490/2242
f 4097/1384/2243 4061/1490/2243 4096/1447/2243
f 5002/1580/2244 5000/1417/2244 4998/1539/2244
f 5002/1580/2245 5006/1448/2245 5000/1417/2245
f 808/1418/2246 863/1581/2246 798/1449/2246
f 863/1581/2247 880/1582/2247 758/1420/2247
f 863/1581/2248 758/1420/2248 798/1449/2248
f 3659/1583/2249 3651/1584/2249 3658/1585/2249
f 880/1582/2250 869/1586/2250 758/1420/2250
f 3655/1587/2251 3656/1497/2251 3669/1549/2251
f 3676/1588/2252 3678/1551/2252 3699/1589/2252
f 3424/1553/2253 3445/1552/2253 3417/1590/2253
f 3399/1555/2254 3398/1591/2254 3419/1505/2254
f 3419/1505/2255 3420/1592/2255 3449/1556/2255
f 4433/1557/2256 4449/1593/2256 4450/1558/2256
f 843/1465/2257 841/1560/2257 835/1510/2257
f 3449/1556/2258 3420/1592/2258 3452/1594/2258
f 4431/1508/2259 4428/1559/2259 4433/1557/2259
f 5068/1511/2260 5080/1595/2260 5060/1561/2260
f 4429/1513/2261 4424/1596/2261 4428/1559/2261
f 4460/1597/2262 4466/1598/2262 4461/1599/2262
f 4429/1513/2263 4436/1512/2263 4424/1596/2263
f 5038/1435/2264 5060/1561/2264 5040/1515/2264
f 4231/1565/2265 4226/1564/2265 4240/1600/2265
f 812/1473/2266 825/1601/2266 824/1439/2266
f 4984/1404/2267 4986/1602/2267 4985/1566/2267
f 4221/1516/2268 4212/1517/2268 4222/1603/2268
f 4211/1567/2269 4214/1604/2269 4212/1517/2269
f 4985/1566/2270 4987/1605/2270 4988/1518/2270
f 4834/1568/2271 4739/1606/2271 4832/1368/2271
f 4832/1368/2272 4739/1606/2272 4795/1369/2272
f 4739/1606/2273 4725/1405/2273 4795/1369/2273
f 4725/1405/2274 4687/1607/2274 4717/1370/2274
f 4687/1607/2275 4668/1522/2275 4717/1370/2275
f 4717/1370/2276 4668/1522/2276 4716/1371/2276
f 4668/1522/2277 4671/1523/2277 4709/1406/2277
f 4676/1569/2278 4710/1440/2278 4702/1372/2278
f 4710/1440/2279 4676/1569/2279 4677/1608/2279
f 4710/1440/2280 4689/1528/2280 4718/1373/2280
f 4710/1440/2281 4677/1608/2281 4689/1528/2281
f 2591/1571/2282 2578/1570/2282 2537/1407/2282
f 4729/1375/2283 4693/1530/2283 4726/1572/2283
f 4745/1334/2284 4726/1572/2284 4749/1376/2284
f 2631/1531/2285 2620/1609/2285 2607/1408/2285
f 4726/1572/2286 4748/1532/2286 4749/1376/2286
f 1484/1483/2287 1444/1610/2287 1419/1484/2287
f 4838/1574/2288 4866/1611/2288 4867/1378/2288
f 4867/1378/2289 4866/1611/2289 4873/1577/2289
f 4906/1380/2290 4905/1578/2290 4923/1413/2290
f 4905/1578/2291 4926/1487/2291 4923/1413/2291
f 5002/1580/2292 5008/1612/2292 5006/1448/2292
f 4096/1447/2293 4088/1613/2293 4132/1491/2293
f 4132/1491/2294 4088/1613/2294 4148/1614/2294
f 5030/1492/2295 5047/1615/2295 5045/1540/2295
f 4148/1614/2296 3703/1616/2296 4170/1617/2296
f 5045/1540/2297 5046/1618/2297 5044/1541/2297
f 5044/1541/2298 5046/1618/2298 5065/1542/2298
f 3634/1619/2299 3632/1620/2299 3633/1621/2299
f 3634/1619/2300 3633/1621/2300 3635/1622/2300
f 3633/1621/2301 3642/1623/2301 3635/1622/2301
f 3651/1584/2302 3654/1544/2302 3652/1624/2302
f 3654/1544/2303 3655/1587/2303 3652/1624/2303
f 3635/1622/2304 3642/1623/2304 3645/1547/2304
f 3669/1549/2305 3678/1551/2305 3676/1588/2305
f 3676/1588/2306 3699/1589/2306 3698/1625/2306
f 3305/1626/2307 3295/1627/2307 3302/1628/2307
f 3406/1629/2308 3404/1630/2308 3397/1631/2308
f 4428/1559/2309 4426/1632/2309 4432/1633/2309
f 4428/1559/2310 4432/1633/2310 4433/1557/2310
f 4433/1557/2311 4432/1633/2311 4447/1634/2311
f 4433/1557/2312 4447/1634/2312 4449/1593/2312
f 4447/1634/2313 4460/1597/2313 4449/1593/2313
f 4449/1593/2314 4460/1597/2314 4461/1599/2314
f 4424/1596/2315 4426/1632/2315 4428/1559/2315
f 826/1562/2316 825/1601/2316 812/1473/2316
f 825/1601/2317 909/1635/2317 824/1439/2317
f 5031/1474/2318 5041/1472/2318 5048/1636/2318
f 909/1635/2319 907/1520/2319 824/1439/2319
f 3563/1476/2320 3560/1637/2320 3561/1638/2320
f 3563/1476/2321 3561/1638/2321 3566/1477/2321
f 2607/1408/2322 2620/1609/2322 2603/1479/2322
f 2389/1639/2323 2359/1640/2323 2392/1641/2323
f 4042/1443/2324 4013/1642/2324 4048/1538/2324
f 4048/1538/2325 4032/1643/2325 4061/1490/2325
f 4998/1539/2326 5003/1644/2326 5002/1580/2326
f 5008/1612/2327 5030/1492/2327 5006/1448/2327
f 4088/1613/2328 3703/1616/2328 4148/1614/2328
f 5047/1615/2329 5046/1618/2329 5045/1540/2329
f 4170/1617/2330 3703/1616/2330 3700/1645/2330
f 3632/1620/2331 3631/1646/2331 3633/1621/2331
f 3693/1647/2332 3698/1625/2332 3702/1648/2332
f 3693/1647/2333 3702/1648/2333 3700/1645/2333
f 3666/1649/2334 3669/1549/2334 3676/1588/2334
f 3420/1592/2335 3440/1650/2335 3452/1594/2335
f 5080/1595/2336 5079/1651/2336 5060/1561/2336
f 4424/1596/2337 4425/1652/2337 4426/1632/2337
f 4460/1597/2338 4459/1653/2338 4466/1598/2338
f 4225/1654/2339 4227/1655/2339 4226/1564/2339
f 825/1601/2340 910/1656/2340 909/1635/2340
f 4214/1604/2341 4223/1657/2341 4222/1603/2341
f 4845/1658/2342 4834/1568/2342 4857/1521/2342
f 4986/1602/2343 4987/1605/2343 4985/1566/2343
f 4987/1605/2344 4989/1659/2344 4988/1518/2344
f 4249/1519/2345 4248/1660/2345 4211/1567/2345
f 4739/1606/2346 4697/1661/2346 4725/1405/2346
f 4725/1405/2347 4686/1662/2347 4687/1607/2347
f 4677/1608/2348 4651/1663/2348 4689/1528/2348
f 4726/1572/2349 4713/1664/2349 4714/1665/2349
f 4726/1572/2350 4714/1665/2350 4748/1532/2350
f 4748/1532/2351 4737/1666/2351 4770/1481/2351
f 1399/1667/2352 1431/1668/2352 1432/1669/2352
f 4770/1481/2353 4758/1670/2353 4783/1573/2353
f 4818/1486/2354 4827/1671/2354 4838/1574/2354
f 1444/1610/2355 1418/1672/2355 1419/1484/2355
f 1482/1673/2356 1433/1674/2356 1444/1610/2356
f 4873/1577/2357 4898/1675/2357 4905/1578/2357
f 4146/1676/2358 4142/1677/2358 4128/1678/2358
f 4022/1579/2359 4023/1488/2359 3993/1679/2359
f 3999/1680/2360 4010/1681/2360 4022/1579/2360
f 4022/1579/2361 4010/1681/2361 4028/1489/2361
f 4028/1489/2362 4011/1682/2362 4042/1443/2362
f 4048/1538/2363 4013/1642/2363 4032/1643/2363
f 4061/1490/2364 4032/1643/2364 4033/1683/2364
f 4061/1490/2365 4033/1683/2365 4053/1684/2365
f 4061/1490/2366 4053/1684/2366 4096/1447/2366
f 5302/1685/2367 5298/1686/2367 5301/1687/2367
f 4088/1613/2368 4093/1688/2368 3703/1616/2368
f 3631/1646/2369 3636/1689/2369 3633/1621/2369
f 3653/1690/2370 3652/1624/2370 3666/1649/2370
f 1110/1691/2371 1073/1692/2371 1104/1693/2371
f 3431/1694/2372 3430/1695/2372 3429/1696/2372
f 3388/1697/2373 3391/1698/2373 3393/1699/2373
f 3440/1650/2374 3454/1700/2374 3452/1594/2374
f 4425/1652/2375 4427/1701/2375 4426/1632/2375
f 4426/1632/2376 4427/1701/2376 4432/1633/2376
f 4432/1633/2377 4427/1701/2377 4447/1634/2377
f 4447/1634/2378 4459/1653/2378 4460/1597/2378
f 4459/1653/2379 4467/1702/2379 4466/1598/2379
f 5060/1561/2380 5049/1703/2380 5040/1515/2380
f 4227/1655/2381 4239/1704/2381 4226/1564/2381
f 5040/1515/2382 5042/1705/2382 5041/1472/2382
f 4468/1706/2383 4835/1707/2383 4845/1658/2383
f 4222/1603/2384 4230/1708/2384 4228/1709/2384
f 4845/1658/2385 4835/1707/2385 4834/1568/2385
f 4211/1567/2386 4220/1710/2386 4214/1604/2386
f 4687/1607/2387 4686/1662/2387 4667/1711/2387
f 4687/1607/2388 4667/1711/2388 4668/1522/2388
f 4645/1712/2389 4671/1523/2389 4668/1522/2389
f 4671/1523/2390 4650/1713/2390 4676/1569/2390
f 4651/1663/2391 4677/1608/2391 4676/1569/2391
f 4650/1713/2392 4651/1663/2392 4676/1569/2392
f 4689/1528/2393 4651/1663/2393 4669/1714/2393
f 2595/1715/2394 2586/1716/2394 2578/1570/2394
f 4689/1528/2395 4669/1714/2395 4692/1529/2395
f 2601/1717/2396 2595/1715/2396 2578/1570/2396
f 4692/1529/2397 4670/1718/2397 4693/1530/2397
f 4693/1530/2398 4670/1718/2398 4684/1719/2398
f 2616/1720/2399 2601/1717/2399 2591/1571/2399
f 2603/1479/2400 2616/1720/2400 2591/1571/2400
f 4693/1530/2401 4684/1719/2401 4726/1572/2401
f 4726/1572/2402 4684/1719/2402 4713/1664/2402
f 2631/1531/2403 2635/1721/2403 2620/1609/2403
f 4714/1665/2404 4737/1666/2404 4748/1532/2404
f 1415/1722/2405 1416/1723/2405 1431/1668/2405
f 1399/1667/2406 1415/1722/2406 1431/1668/2406
f 4737/1666/2407 4758/1670/2407 4770/1481/2407
f 1408/1534/2408 1399/1667/2408 1432/1669/2408
f 1407/1724/2409 1399/1667/2409 1408/1534/2409
f 1419/1484/2410 1407/1724/2410 1408/1534/2410
f 4783/1573/2411 4793/1725/2411 4818/1486/2411
f 4838/1574/2412 4827/1671/2412 4856/1726/2412
f 4838/1574/2413 4856/1726/2413 4866/1611/2413
f 4905/1578/2414 4898/1675/2414 4926/1487/2414
f 4011/1682/2415 4013/1642/2415 4042/1443/2415
f 5231/1727/2416 5206/1728/2416 5225/1729/2416
f 5231/1727/2417 5225/1729/2417 5230/1730/2417
f 5302/1685/2418 5230/1730/2418 5298/1686/2418
f 4096/1447/2419 4053/1684/2419 4088/1613/2419
f 3630/1731/2420 3631/1646/2420 3632/1620/2420
f 3693/1647/2421 3700/1645/2421 3697/1732/2421
f 3653/1690/2422 3666/1649/2422 3668/1733/2422
f 3668/1733/2423 3666/1649/2423 3675/1734/2423
f 3295/1627/2424 3262/1735/2424 3293/1736/2424
f 3296/1737/2425 3293/1736/2425 3279/1738/2425
f 3414/1739/2426 3434/1740/2426 3423/1741/2426
f 3423/1741/2427 3434/1740/2427 3455/1742/2427
f 1074/1743/2428 1073/1692/2428 1110/1691/2428
f 1073/1692/2429 1050/1744/2429 1104/1693/2429
f 1104/1693/2430 1050/1744/2430 1057/1745/2430
f 1057/1745/2431 1050/1744/2431 1056/1746/2431
f 4425/1652/2432 4439/1747/2432 4427/1701/2432
f 4439/1747/2433 4441/1748/2433 4427/1701/2433
f 4427/1701/2434 4448/1749/2434 4447/1634/2434
f 4447/1634/2435 4448/1749/2435 4459/1653/2435
f 4440/1750/2436 4439/1747/2436 4425/1652/2436
f 5060/1561/2437 5079/1651/2437 5049/1703/2437
f 4227/1655/2438 4237/1751/2438 4239/1704/2438
f 4459/1653/2439 4463/1752/2439 4467/1702/2439
f 4467/1702/2440 4463/1752/2440 4468/1706/2440
f 5040/1515/2441 5049/1703/2441 5042/1705/2441
f 4230/1708/2442 4229/1753/2442 4228/1709/2442
f 5041/1472/2443 5042/1705/2443 5048/1636/2443
f 4835/1707/2444 4739/1606/2444 4834/1568/2444
f 3561/1638/2445 3552/1754/2445 3554/1755/2445
f 4220/1710/2446 4223/1657/2446 4214/1604/2446
f 4211/1567/2447 4247/1756/2447 4220/1710/2447
f 4697/1661/2448 4686/1662/2448 4725/1405/2448
f 4667/1711/2449 4645/1712/2449 4668/1522/2449
f 4669/1714/2450 4670/1718/2450 4692/1529/2450
f 2620/1609/2451 2635/1721/2451 2616/1720/2451
f 1418/1672/2452 1407/1724/2452 1419/1484/2452
f 4818/1486/2453 4793/1725/2453 4827/1671/2453
f 1444/1610/2454 1433/1674/2454 1418/1672/2454
f 4866/1611/2455 4856/1726/2455 4873/1577/2455
f 1452/1757/2456 1433/1674/2456 1482/1673/2456
f 3999/1680/2457 3993/1679/2457 3971/1758/2457
f 5200/1759/2458 5195/1760/2458 5206/1728/2458
f 5230/1730/2459 5229/1761/2459 5298/1686/2459
f 4053/1684/2460 4031/1762/2460 4088/1613/2460
f 3630/1731/2461 3629/1763/2461 3631/1646/2461
f 3198/1764/2462 3200/1765/2462 3197/1766/2462
f 3701/1767/2463 3703/1616/2463 4093/1688/2463
f 3631/1646/2464 3629/1763/2464 3636/1689/2464
f 3299/1768/2465 3253/1769/2465 3262/1735/2465
f 3262/1735/2466 3259/1770/2466 3293/1736/2466
f 3278/1771/2467 3270/1772/2467 3275/1773/2467
f 1074/1743/2468 1049/1774/2468 1073/1692/2468
f 1073/1692/2469 1049/1774/2469 1050/1744/2469
f 1050/1744/2470 1053/1775/2470 1056/1746/2470
f 1056/1746/2471 1053/1775/2471 1060/1776/2471
f 1060/1776/2472 1059/1777/2472 1061/1778/2472
f 3402/1779/2473 3441/1780/2473 3440/1650/2473
f 3440/1650/2474 3447/1781/2474 3454/1700/2474
f 4427/1701/2475 4441/1748/2475 4448/1749/2475
f 4448/1749/2476 4458/1782/2476 4459/1653/2476
f 4459/1653/2477 4458/1782/2477 4463/1752/2477
f 4227/1655/2478 4229/1753/2478 4237/1751/2478
f 4463/1752/2479 4464/1783/2479 4468/1706/2479
f 4468/1706/2480 4464/1783/2480 4469/1784/2480
f 4468/1706/2481 4469/1784/2481 4835/1707/2481
f 3560/1637/2482 3552/1754/2482 3561/1638/2482
f 3552/1754/2483 3550/1785/2483 3554/1755/2483
f 4987/1605/2484 4990/1786/2484 4989/1659/2484
f 4686/1662/2485 4647/1787/2485 4667/1711/2485
f 4647/1787/2486 4635/1788/2486 4667/1711/2486
f 4667/1711/2487 4575/1789/2487 4645/1712/2487
f 4671/1523/2488 4645/1712/2488 4650/1713/2488
f 1399/1667/2489 1396/1790/2489 1415/1722/2489
f 1393/1791/2490 1392/1792/2490 1407/1724/2490
f 1452/1757/2491 1424/1793/2491 1433/1674/2491
f 4017/1794/2492 3991/1795/2492 3973/1796/2492
f 3999/1680/2493 3983/1797/2493 4010/1681/2493
f 4010/1681/2494 3983/1797/2494 4011/1682/2494
f 4013/1642/2495 4011/1682/2495 4001/1798/2495
f 4013/1642/2496 4001/1798/2496 4012/1799/2496
f 4013/1642/2497 4012/1799/2497 4032/1643/2497
f 4032/1643/2498 4012/1799/2498 4033/1683/2498
f 4033/1683/2499 4012/1799/2499 4003/1800/2499
f 4033/1683/2500 4021/1801/2500 4053/1684/2500
f 5230/1730/2501 5225/1729/2501 5229/1761/2501
f 4031/1762/2502 4093/1688/2502 4088/1613/2502
f 3663/1802/2503 3664/1803/2503 3667/1804/2503
f 3629/1763/2504 3637/1805/2504 3636/1689/2504
f 3253/1769/2505 3259/1770/2505 3262/1735/2505
f 1109/1806/2506 1081/1807/2506 1116/1808/2506
f 1116/1808/2507 1081/1807/2507 1074/1743/2507
f 1060/1776/2508 1053/1775/2508 1059/1777/2508
f 5079/1651/2509 5077/1809/2509 5049/1703/2509
f 5049/1703/2510 5050/1810/2510 5042/1705/2510
f 5042/1705/2511 5051/1811/2511 5048/1636/2511
f 4835/1707/2512 4469/1784/2512 4739/1606/2512
f 4990/1786/2513 4991/1812/2513 4989/1659/2513
f 5417/1813/2514 5415/1814/2514 5391/1815/2514
f 4697/1661/2515 4685/1816/2515 4686/1662/2515
f 4635/1788/2516 4575/1789/2516 4667/1711/2516
f 4651/1663/2517 4644/1817/2517 4669/1714/2517
f 4670/1718/2518 4657/1818/2518 4684/1719/2518
f 4684/1719/2519 4657/1818/2519 4672/1819/2519
f 4672/1819/2520 4713/1664/2520 4684/1719/2520
f 4713/1664/2521 4675/1820/2521 4714/1665/2521
f 4714/1665/2522 4675/1820/2522 4711/1821/2522
f 4714/1665/2523 4711/1821/2523 4737/1666/2523
f 1396/1790/2524 1395/1822/2524 1416/1723/2524
f 1415/1722/2525 1396/1790/2525 1416/1723/2525
f 4737/1666/2526 4728/1823/2526 4758/1670/2526
f 1407/1724/2527 1392/1792/2527 1399/1667/2527
f 1418/1672/2528 1393/1791/2528 1407/1724/2528
f 4793/1725/2529 4809/1824/2529 4827/1671/2529
f 1410/1825/2530 1418/1672/2530 1433/1674/2530
f 4827/1671/2531 4820/1826/2531 4856/1726/2531
f 4873/1577/2532 4856/1726/2532 4855/1827/2532
f 4873/1577/2533 4897/1828/2533 4898/1675/2533
f 1425/1829/2534 1424/1793/2534 1452/1757/2534
f 4066/1830/2535 4065/1831/2535 4035/1832/2535
f 3971/1758/2536 3983/1797/2536 3999/1680/2536
f 4033/1683/2537 4003/1800/2537 4021/1801/2537
f 4053/1684/2538 4021/1801/2538 4031/1762/2538
f 4031/1762/2539 4043/1833/2539 4093/1688/2539
f 5298/1686/2540 5299/1834/2540 5301/1687/2540
f 3630/1731/2541 3628/1835/2541 3629/1763/2541
f 3259/1770/2542 3251/1836/2542 3249/1837/2542
f 3249/1837/2543 3258/1838/2543 3260/1839/2543
f 3261/1840/2544 3269/1841/2544 3274/1842/2544
f 1074/1743/2545 1081/1807/2545 1049/1774/2545
f 1048/1843/2546 1045/1844/2546 1049/1774/2546
f 1050/1744/2547 1049/1774/2547 1045/1844/2547
f 1050/1744/2548 1051/1845/2548 1053/1775/2548
f 3524/1846/2549 3505/1847/2549 3518/1848/2549
f 3518/1848/2550 3519/1849/2550 3530/1850/2550
f 4439/1747/2551 4444/1851/2551 4441/1748/2551
f 4440/1750/2552 4442/1852/2552 4439/1747/2552
f 4458/1782/2553 4464/1783/2553 4463/1752/2553
f 4229/1753/2554 4238/1853/2554 4237/1751/2554
f 4230/1708/2555 4234/1854/2555 4229/1753/2555
f 5048/1636/2556 5051/1811/2556 5063/1855/2556
f 3560/1637/2557 3557/1856/2557 3552/1754/2557
f 4469/1784/2558 4688/1857/2558 4739/1606/2558
f 3552/1754/2559 3549/1858/2559 3550/1785/2559
f 4739/1606/2560 4688/1857/2560 4697/1661/2560
f 5391/1815/2561 5390/1859/2561 5392/1860/2561
f 4685/1816/2562 4647/1787/2562 4686/1662/2562
f 4645/1712/2563 4576/1861/2563 4650/1713/2563
f 4576/1861/2564 4577/1862/2564 4650/1713/2564
f 4650/1713/2565 4577/1862/2565 4651/1663/2565
f 4651/1663/2566 4579/1863/2566 4644/1817/2566
f 4669/1714/2567 4644/1817/2567 4670/1718/2567
f 2616/1720/2568 2622/1864/2568 2601/1717/2568
f 4672/1819/2569 4675/1820/2569 4713/1664/2569
f 2635/1721/2570 2637/1865/2570 2616/1720/2570
f 4711/1821/2571 4728/1823/2571 4737/1666/2571
f 4758/1670/2572 4728/1823/2572 4740/1866/2572
f 4758/1670/2573 4740/1866/2573 4783/1573/2573
f 4783/1573/2574 4740/1866/2574 4765/1867/2574
f 4783/1573/2575 4765/1867/2575 4793/1725/2575
f 4809/1824/2576 4820/1826/2576 4827/1671/2576
f 4873/1577/2577 4855/1827/2577 4897/1828/2577
f 3972/1868/2578 4004/1869/2578 3973/1796/2578
f 4011/1682/2579 3983/1797/2579 3995/1870/2579
f 4011/1682/2580 3995/1870/2580 4001/1798/2580
f 4001/1798/2581 4002/1871/2581 4012/1799/2581
f 4012/1799/2582 4002/1871/2582 4003/1800/2582
f 5225/1729/2583 5228/1872/2583 5229/1761/2583
f 5229/1761/2584 5297/1873/2584 5298/1686/2584
f 3628/1835/2585 3627/1874/2585 3629/1763/2585
f 3629/1763/2586 3627/1874/2586 3637/1805/2586
f 3253/1769/2587 3252/1875/2587 3251/1836/2587
f 3249/1837/2588 3248/1876/2588 3258/1838/2588
f 3270/1772/2589 3271/1877/2589 3272/1878/2589
f 3271/1877/2590 3286/1879/2590 3272/1878/2590
f 1102/1880/2591 1092/1881/2591 1081/1807/2591
f 1109/1806/2592 1102/1880/2592 1081/1807/2592
f 1049/1774/2593 1081/1807/2593 1048/1843/2593
f 1050/1744/2594 1045/1844/2594 1051/1845/2594
f 3412/1882/2595 3435/1883/2595 3386/1884/2595
f 4444/1851/2596 4446/1885/2596 4441/1748/2596
f 4441/1748/2597 4446/1885/2597 4448/1749/2597
f 4442/1852/2598 4443/1886/2598 4439/1747/2598
f 4439/1747/2599 4443/1886/2599 4444/1851/2599
f 4458/1782/2600 4457/1887/2600 4464/1783/2600
f 5049/1703/2601 5077/1809/2601 5050/1810/2601
f 4464/1783/2602 4690/1888/2602 4469/1784/2602
f 5042/1705/2603 5050/1810/2603 5051/1811/2603
f 3550/1785/2604 3549/1858/2604 3537/1889/2604
f 4575/1789/2605 4576/1861/2605 4645/1712/2605
f 2589/1890/2606 2590/1891/2606 2569/1892/2606
f 4577/1862/2607 4579/1863/2607 4651/1663/2607
f 4644/1817/2608 4657/1818/2608 4670/1718/2608
f 2610/1893/2609 2599/1894/2609 2601/1717/2609
f 2622/1864/2610 2610/1893/2610 2601/1717/2610
f 2637/1865/2611 2622/1864/2611 2616/1720/2611
f 1410/1825/2612 1391/1895/2612 1418/1672/2612
f 1391/1895/2613 1393/1791/2613 1418/1672/2613
f 4856/1726/2614 4820/1826/2614 4855/1827/2614
f 1424/1793/2615 1410/1825/2615 1433/1674/2615
f 5205/1896/2616 5225/1729/2616 5206/1728/2616
f 5228/1872/2617 5297/1873/2617 5229/1761/2617
f 4021/1801/2618 3987/1897/2618 4031/1762/2618
f 4031/1762/2619 4000/1898/2619 4043/1833/2619
f 3673/1899/2620 3667/1804/2620 3672/1900/2620
f 3627/1874/2621 3638/1901/2621 3637/1805/2621
f 3297/1902/2622 3252/1875/2622 3298/1903/2622
f 3252/1875/2623 3246/1904/2623 3251/1836/2623
f 3251/1836/2624 3246/1904/2624 3249/1837/2624
f 3248/1876/2625 3250/1905/2625 3258/1838/2625
f 3258/1838/2626 3250/1905/2626 3257/1906/2626
f 3261/1840/2627 3257/1906/2627 3269/1841/2627
f 3269/1841/2628 3264/1907/2628 3270/1772/2628
f 3270/1772/2629 3264/1907/2629 3271/1877/2629
f 1053/1775/2630 1058/1908/2630 1059/1777/2630
f 1097/1909/2631 1059/1777/2631 1069/1910/2631
f 3518/1848/2632 3503/1911/2632 3519/1849/2632
f 4448/1749/2633 4446/1885/2633 4457/1887/2633
f 4448/1749/2634 4457/1887/2634 4458/1782/2634
f 4457/1887/2635 4465/1912/2635 4464/1783/2635
f 4242/1913/2636 4238/1853/2636 4229/1753/2636
f 4236/1914/2637 4242/1913/2637 4229/1753/2637
f 4465/1912/2638 4690/1888/2638 4464/1783/2638
f 4690/1888/2639 4688/1857/2639 4469/1784/2639
f 3552/1754/2640 3557/1856/2640 3549/1858/2640
f 3549/1858/2641 3538/1915/2641 3537/1889/2641
f 5415/1814/2642 5389/1916/2642 5391/1815/2642
f 5391/1815/2643 5389/1916/2643 5390/1859/2643
f 4688/1857/2644 4685/1816/2644 4697/1661/2644
f 4672/1819/2645 4640/1917/2645 4675/1820/2645
f 1399/1667/2646 1392/1792/2646 1396/1790/2646
f 3971/1758/2647 3960/1918/2647 3983/1797/2647
f 3983/1797/2648 3977/1919/2648 3995/1870/2648
f 4001/1798/2649 3989/1920/2649 4002/1871/2649
f 4002/1871/2650 3990/1921/2650 4003/1800/2650
f 5194/1922/2651 5204/1923/2651 5205/1896/2651
f 5225/1729/2652 5226/1924/2652 5228/1872/2652
f 4031/1762/2653 3987/1897/2653 4000/1898/2653
f 5297/1873/2654 5296/1925/2654 5298/1686/2654
f 5298/1686/2655 5296/1925/2655 5299/1834/2655
f 3249/1837/2656 3246/1904/2656 3248/1876/2656
f 3271/1877/2657 3264/1907/2657 3268/1926/2657
f 1103/1927/2658 1092/1881/2658 1102/1880/2658
f 1092/1881/2659 1082/1928/2659 1081/1807/2659
f 1081/1807/2660 1082/1928/2660 1048/1843/2660
f 1053/1775/2661 1051/1845/2661 1052/1929/2661
f 5410/1930/2662 5411/1931/2662 5412/1932/2662
f 5077/1809/2663 5078/1933/2663 5050/1810/2663
f 4445/1934/2664 4443/1886/2664 4442/1852/2664
f 5050/1810/2665 5052/1935/2665 5051/1811/2665
f 3557/1856/2666 3553/1936/2666 3549/1858/2666
f 3537/1889/2667 3538/1915/2667 3539/1937/2667
f 5389/1916/2668 5387/1938/2668 5390/1859/2668
f 4647/1787/2669 4558/1939/2669 4635/1788/2669
f 4635/1788/2670 4545/1940/2670 4575/1789/2670
f 4672/1819/2671 4657/1818/2671 4640/1917/2671
f 4675/1820/2672 4674/1941/2672 4711/1821/2672
f 4674/1941/2673 4696/1942/2673 4711/1821/2673
f 4711/1821/2674 4696/1942/2674 4728/1823/2674
f 4728/1823/2675 4722/1943/2675 4740/1866/2675
f 1392/1792/2676 1358/1944/2676 1396/1790/2676
f 4740/1866/2677 4722/1943/2677 4733/1945/2677
f 4740/1866/2678 4733/1945/2678 4755/1946/2678
f 4740/1866/2679 4755/1946/2679 4765/1867/2679
f 1371/1947/2680 1357/1948/2680 1392/1792/2680
f 1393/1791/2681 1371/1947/2681 1392/1792/2681
f 4765/1867/2682 4755/1946/2682 4793/1725/2682
f 4793/1725/2683 4781/1949/2683 4809/1824/2683
f 4809/1824/2684 4781/1949/2684 4820/1826/2684
f 4820/1826/2685 4819/1950/2685 4855/1827/2685
f 4819/1950/2686 4853/1951/2686 4855/1827/2686
f 1451/1952/2687 1434/1953/2687 1425/1829/2687
f 1425/1829/2688 1406/1954/2688 1405/1955/2688
f 1425/1829/2689 1405/1955/2689 1424/1793/2689
f 1424/1793/2690 1405/1955/2690 1410/1825/2690
f 3991/1795/2691 3968/1956/2691 3973/1796/2691
f 3973/1796/2692 3880/1957/2692 3972/1868/2692
f 3971/1758/2693 3891/1958/2693 3960/1918/2693
f 3960/1918/2694 3961/1959/2694 3983/1797/2694
f 4001/1798/2695 3977/1919/2695 3989/1920/2695
f 4002/1871/2696 3989/1920/2696 3990/1921/2696
f 4003/1800/2697 3990/1921/2697 3988/1960/2697
f 4003/1800/2698 3988/1960/2698 4021/1801/2698
f 5205/1896/2699 5204/1923/2699 5220/1961/2699
f 5205/1896/2700 5220/1961/2700 5225/1729/2700
f 5225/1729/2701 5220/1961/2701 5226/1924/2701
f 4021/1801/2702 3988/1960/2702 3987/1897/2702
f 5296/1925/2703 5300/1962/2703 5299/1834/2703
f 3628/1835/2704 3626/1963/2704 3627/1874/2704
f 3243/1964/2705 3245/1965/2705 3246/1904/2705
f 3246/1904/2706 3245/1965/2706 3248/1876/2706
f 3248/1876/2707 3245/1965/2707 3250/1905/2707
f 3245/1965/2708 3255/1966/2708 3250/1905/2708
f 3250/1905/2709 3255/1966/2709 3257/1906/2709
f 3264/1907/2710 3257/1906/2710 3263/1967/2710
f 3264/1907/2711 3263/1967/2711 3265/1968/2711
f 1103/1927/2712 1085/1969/2712 1092/1881/2712
f 1092/1881/2713 1085/1969/2713 1082/1928/2713
f 1059/1777/2714 1058/1908/2714 1069/1910/2714
f 3439/1970/2715 3446/1971/2715 3443/1972/2715
f 3505/1847/2716 3493/1973/2716 3503/1911/2716
f 4446/1885/2717 4455/1974/2717 4457/1887/2717
f 4457/1887/2718 4462/1975/2718 4465/1912/2718
f 4465/1912/2719 4636/1976/2719 4690/1888/2719
f 4236/1914/2720 4246/1977/2720 4242/1913/2720
f 4236/1914/2721 4243/1978/2721 4246/1977/2721
f 5050/1810/2722 5059/1979/2722 5052/1935/2722
f 4688/1857/2723 4690/1888/2723 4636/1976/2723
f 4688/1857/2724 4636/1976/2724 4580/1980/2724
f 3553/1936/2725 3545/1981/2725 3549/1858/2725
f 4235/1982/2726 4241/1983/2726 4245/1984/2726
f 4688/1857/2727 4580/1980/2727 4685/1816/2727
f 3549/1858/2728 3545/1981/2728 3538/1915/2728
f 4685/1816/2729 4580/1980/2729 4647/1787/2729
f 4558/1939/2730 4545/1940/2730 4635/1788/2730
f 4545/1940/2731 4544/1985/2731 4575/1789/2731
f 4575/1789/2732 4544/1985/2732 4576/1861/2732
f 4544/1985/2733 4543/1986/2733 4576/1861/2733
f 4576/1861/2734 4515/1987/2734 4577/1862/2734
f 4579/1863/2735 4513/1988/2735 4514/1989/2735
f 4579/1863/2736 4514/1989/2736 4644/1817/2736
f 4644/1817/2737 4514/1989/2737 4657/1818/2737
f 2610/1893/2738 2612/1990/2738 2599/1894/2738
f 4657/1818/2739 4514/1989/2739 4497/1991/2739
f 4657/1818/2740 4497/1991/2740 4640/1917/2740
f 2622/1864/2741 2625/1992/2741 2610/1893/2741
f 1396/1790/2742 1358/1944/2742 1395/1822/2742
f 4728/1823/2743 4696/1942/2743 4722/1943/2743
f 1392/1792/2744 1357/1948/2744 1358/1944/2744
f 4793/1725/2745 4755/1946/2745 4781/1949/2745
f 1391/1895/2746 1371/1947/2746 1393/1791/2746
f 4820/1826/2747 4781/1949/2747 4819/1950/2747
f 1410/1825/2748 1390/1993/2748 1391/1895/2748
f 1390/1993/2749 1371/1947/2749 1391/1895/2749
f 1434/1953/2750 1406/1954/2750 1425/1829/2750
f 1405/1955/2751 1390/1993/2751 1410/1825/2751
f 3968/1956/2752 3992/1994/2752 3978/1995/2752
f 3880/1957/2753 3891/1958/2753 3972/1868/2753
f 3627/1874/2754 3639/1996/2754 3638/1901/2754
f 3300/1997/2755 3247/1998/2755 3297/1902/2755
f 3297/1902/2756 3247/1998/2756 3252/1875/2756
f 3252/1875/2757 3247/1998/2757 3246/1904/2757
f 3247/1998/2758 3243/1964/2758 3246/1904/2758
f 3255/1966/2759 3263/1967/2759 3257/1906/2759
f 1118/1999/2760 1085/1969/2760 1103/1927/2760
f 1048/1843/2761 1046/2000/2761 1045/1844/2761
f 1045/1844/2762 1047/2001/2762 1051/1845/2762
f 1053/1775/2763 1052/1929/2763 1058/1908/2763
f 3482/2002/2764 3474/2003/2764 3480/2004/2764
f 4452/2005/2765 4451/2006/2765 4444/1851/2765
f 4444/1851/2766 4451/2006/2766 4446/1885/2766
f 4446/1885/2767 4451/2006/2767 4455/1974/2767
f 3519/1849/2768 3503/1911/2768 3516/2007/2768
f 5409/2008/2769 5406/2009/2769 5410/1930/2769
f 5410/1930/2770 5406/2009/2770 5411/1931/2770
f 4457/1887/2771 4455/1974/2771 4462/1975/2771
f 4465/1912/2772 4462/1975/2772 4636/1976/2772
f 5387/1938/2773 5393/2010/2773 5390/1859/2773
f 4580/1980/2774 4558/1939/2774 4647/1787/2774
f 4543/1986/2775 4515/1987/2775 4576/1861/2775
f 4515/1987/2776 4513/1988/2776 4579/1863/2776
f 4577/1862/2777 4515/1987/2777 4579/1863/2777
f 2612/1990/2778 2606/2011/2778 2599/1894/2778
f 2625/1992/2779 2612/1990/2779 2610/1893/2779
f 4640/1917/2780 4674/1941/2780 4675/1820/2780
f 1395/1822/2781 1352/2012/2781 1409/2013/2781
f 1332/2014/2782 1352/2012/2782 1395/1822/2782
f 1358/1944/2783 1332/2014/2783 1395/1822/2783
f 3977/1919/2784 3954/2015/2784 3989/1920/2784
f 3990/1921/2785 3965/2016/2785 3988/1960/2785
f 3626/1963/2786 3625/2017/2786 3627/1874/2786
f 3627/1874/2787 3625/2017/2787 3639/1996/2787
f 3243/1964/2788 3244/2018/2788 3245/1965/2788
f 3244/2018/2789 3256/2019/2789 3255/1966/2789
f 3245/1965/2790 3244/2018/2790 3255/1966/2790
f 3255/1966/2791 3256/2019/2791 3267/2020/2791
f 3255/1966/2792 3267/2020/2792 3263/1967/2792
f 3263/1967/2793 3267/2020/2793 3266/2021/2793
f 3263/1967/2794 3266/2021/2794 3265/1968/2794
f 3265/1968/2795 3266/2021/2795 3280/2022/2795
f 1086/2023/2796 1084/2024/2796 1085/1969/2796
f 1051/1845/2797 1047/2001/2797 1052/1929/2797
f 1058/1908/2798 1067/2025/2798 1069/1910/2798
f 1069/1910/2799 1067/2025/2799 1075/2026/2799
f 5078/1933/2800 5067/2027/2800 5050/1810/2800
f 5409/2008/2801 5400/2028/2801 5406/2009/2801
f 5050/1810/2802 5067/2027/2802 5059/1979/2802
f 5051/1811/2803 5054/2029/2803 5063/1855/2803
f 5063/1855/2804 5054/2029/2804 5066/2030/2804
f 3538/1915/2805 3540/2031/2805 3539/1937/2805
f 5389/1916/2806 5388/2032/2806 5387/1938/2806
f 2625/1992/2807 2626/2033/2807 2612/1990/2807
f 4696/1942/2808 4679/2034/2808 4722/1943/2808
f 4755/1946/2809 4733/1945/2809 4732/2035/2809
f 1371/1947/2810 1341/2036/2810 1357/1948/2810
f 4755/1946/2811 4762/2037/2811 4781/1949/2811
f 4105/2038/2812 4082/2039/2812 4073/2040/2812
f 3960/1918/2813 3893/2041/2813 3961/1959/2813
f 3961/1959/2814 3893/2041/2814 3948/2042/2814
f 3961/1959/2815 3948/2042/2815 3953/2043/2815
f 3961/1959/2816 3953/2043/2816 3977/1919/2816
f 3977/1919/2817 3953/2043/2817 3954/2015/2817
f 3989/1920/2818 3967/2044/2818 3966/2045/2818
f 3989/1920/2819 3966/2045/2819 3990/1921/2819
f 3990/1921/2820 3966/2045/2820 3965/2016/2820
f 3965/2016/2821 3959/2046/2821 3988/1960/2821
f 5204/1923/2822 5207/2047/2822 5220/1961/2822
f 3988/1960/2823 3959/2046/2823 3987/1897/2823
f 5226/1924/2824 5227/2048/2824 5228/1872/2824
f 5228/1872/2825 5227/2048/2825 5297/1873/2825
f 3247/1998/2826 3254/2049/2826 3243/1964/2826
f 3243/1964/2827 3254/2049/2827 3244/2018/2827
f 3266/2021/2828 3276/2050/2828 3280/2022/2828
f 1085/1969/2829 1084/2024/2829 1082/1928/2829
f 1045/1844/2830 1046/2000/2830 1047/2001/2830
f 3503/1911/2831 3515/2051/2831 3516/2007/2831
f 5406/2009/2832 5408/2052/2832 5411/1931/2832
f 4452/2005/2833 4453/2053/2833 4451/2006/2833
f 4455/1974/2834 4691/2054/2834 4462/1975/2834
f 5400/2028/2835 5403/2055/2835 5406/2009/2835
f 5398/2056/2836 5399/2057/2836 5400/2028/2836
f 4636/1976/2837 4528/2058/2837 4580/1980/2837
f 3538/1915/2838 3541/2059/2838 3540/2031/2838
f 4580/1980/2839 4533/2060/2839 4558/1939/2839
f 4523/2061/2840 4518/2062/2840 4558/1939/2840
f 4558/1939/2841 4518/2062/2841 4545/1940/2841
f 4545/1940/2842 4518/2062/2842 4544/1985/2842
f 4518/2062/2843 4512/2063/2843 4544/1985/2843
f 4515/1987/2844 4495/2064/2844 4513/1988/2844
f 4513/1988/2845 4495/2064/2845 4494/2065/2845
f 4513/1988/2846 4494/2065/2846 4514/1989/2846
f 4674/1941/2847 4640/1917/2847 4641/2066/2847
f 1352/2012/2848 1353/2067/2848 1403/2068/2848
f 4674/1941/2849 4641/2066/2849 4649/2069/2849
f 4674/1941/2850 4649/2069/2850 4696/1942/2850
f 1358/1944/2851 1331/2070/2851 1332/2014/2851
f 4722/1943/2852 4679/2034/2852 4712/2071/2852
f 4722/1943/2853 4712/2071/2853 4733/1945/2853
f 1357/1948/2854 1331/2070/2854 1358/1944/2854
f 1341/2036/2855 1330/2072/2855 1357/1948/2855
f 4755/1946/2856 4732/2035/2856 4762/2037/2856
f 4781/1949/2857 4762/2037/2857 4782/2073/2857
f 4781/1949/2858 4782/2073/2858 4811/2074/2858
f 4781/1949/2859 4811/2074/2859 4819/1950/2859
f 1390/1993/2860 1355/2075/2860 1371/1947/2860
f 4819/1950/2861 4824/2076/2861 4853/1951/2861
f 1361/2077/2862 1356/2078/2862 1390/1993/2862
f 1405/1955/2863 1361/2077/2863 1390/1993/2863
f 1390/1993/2864 1356/2078/2864 1355/2075/2864
f 4853/1951/2865 4824/2076/2865 4850/2079/2865
f 1434/1953/2866 1398/2080/2866 1397/2081/2866
f 1434/1953/2867 1397/2081/2867 1406/1954/2867
f 1397/2081/2868 1361/2077/2868 1405/1955/2868
f 1406/1954/2869 1397/2081/2869 1405/1955/2869
f 3968/1956/2870 3877/2082/2870 3880/1957/2870
f 3954/2015/2871 3967/2044/2871 3989/1920/2871
f 5227/2048/2872 5294/2083/2872 5297/1873/2872
f 5297/1873/2873 5294/2083/2873 5296/1925/2873
f 5296/1925/2874 5295/2084/2874 5300/1962/2874
f 3626/1963/2875 3620/2085/2875 3625/2017/2875
f 3254/2049/2876 3282/2086/2876 3244/2018/2876
f 3282/2086/2877 3281/2087/2877 3244/2018/2877
f 3256/2019/2878 3277/2088/2878 3267/2020/2878
f 3277/2088/2879 3273/2089/2879 3267/2020/2879
f 3267/2020/2880 3273/2089/2880 3266/2021/2880
f 3266/2021/2881 3273/2089/2881 3276/2050/2881
f 3244/2018/2882 3281/2087/2882 3256/2019/2882
f 1087/2090/2883 1084/2024/2883 1086/2023/2883
f 1067/2025/2884 1077/2091/2884 1075/2026/2884
f 3503/1911/2885 3499/2092/2885 3515/2051/2885
f 4453/2053/2886 4454/2093/2886 4451/2006/2886
f 4451/2006/2887 4456/2094/2887 4455/1974/2887
f 4455/1974/2888 4456/2094/2888 4691/2054/2888
f 4462/1975/2889 4691/2054/2889 4581/2095/2889
f 5399/2057/2890 5403/2055/2890 5400/2028/2890
f 4462/1975/2891 4581/2095/2891 4541/2096/2891
f 4462/1975/2892 4541/2096/2892 4636/1976/2892
f 5396/2097/2893 5398/2056/2893 5397/2098/2893
f 4636/1976/2894 4541/2096/2894 4528/2058/2894
f 5054/2029/2895 5064/2099/2895 5066/2030/2895
f 5393/2010/2896 5396/2097/2896 5397/2098/2896
f 3556/2100/2897 3547/2101/2897 3545/1981/2897
f 3553/1936/2898 3556/2100/2898 3545/1981/2898
f 4528/2058/2899 4533/2060/2899 4580/1980/2899
f 5388/2032/2900 5385/2102/2900 5387/1938/2900
f 4533/2060/2901 4523/2061/2901 4558/1939/2901
f 4512/2063/2902 4511/2103/2902 4544/1985/2902
f 4544/1985/2903 4511/2103/2903 4543/1986/2903
f 4511/2103/2904 4499/2104/2904 4543/1986/2904
f 4543/1986/2905 4499/2104/2905 4515/1987/2905
f 2590/1891/2906 2600/2105/2906 2602/2106/2906
f 4499/2104/2907 4495/2064/2907 4515/1987/2907
f 4494/2065/2908 4497/1991/2908 4514/1989/2908
f 4696/1942/2909 4649/2069/2909 4679/2034/2909
f 1357/1948/2910 1330/2072/2910 1331/2070/2910
f 4733/1945/2911 4712/2071/2911 4732/2035/2911
f 1371/1947/2912 1342/2107/2912 1341/2036/2912
f 4811/2074/2913 4824/2076/2913 4819/1950/2913
f 5220/1961/2914 5222/2108/2914 5226/1924/2914
f 3950/2109/2915 3949/2110/2915 3987/1897/2915
f 3620/2085/2916 3621/2111/2916 3625/2017/2916
f 3621/2111/2917 3640/2112/2917 3625/2017/2917
f 3247/1998/2918 3301/2113/2918 3287/2114/2918
f 3287/2114/2919 3283/2115/2919 3254/2049/2919
f 3247/1998/2920 3287/2114/2920 3254/2049/2920
f 3283/2115/2921 3282/2086/2921 3254/2049/2921
f 3256/2019/2922 3281/2087/2922 3277/2088/2922
f 1084/2024/2923 1083/2116/2923 1082/1928/2923
f 1082/1928/2924 1083/2116/2924 1046/2000/2924
f 1052/1929/2925 1054/2117/2925 1058/1908/2925
f 4454/2093/2926 4456/2094/2926 4451/2006/2926
f 5406/2009/2927 5403/2055/2927 5408/2052/2927
f 5067/2027/2928 5058/2118/2928 5059/1979/2928
f 5059/1979/2929 5058/2118/2929 5052/1935/2929
f 3545/1981/2930 3542/2119/2930 3538/1915/2930
f 5387/1938/2931 5386/2120/2931 5393/2010/2931
f 3538/1915/2932 3542/2119/2932 3541/2059/2932
f 5385/2102/2933 5386/2120/2933 5387/1938/2933
f 2626/2033/2934 2621/2121/2934 2612/1990/2934
f 3954/2015/2935 3947/2122/2935 3967/2044/2935
f 3967/2044/2936 3947/2122/2936 3966/2045/2936
f 5207/2047/2937 5217/2123/2937 5220/1961/2937
f 3959/2046/2938 3950/2109/2938 3987/1897/2938
f 5116/2124/2939 5114/2125/2939 5120/2126/2939
f 5120/2126/2940 5114/2125/2940 5115/2127/2940
f 3277/2088/2941 3284/2128/2941 3273/2089/2941
f 3273/2089/2942 3284/2128/2942 3285/2129/2942
f 3273/2089/2943 3285/2129/2943 3276/2050/2943
f 3285/2129/2944 3304/2130/2944 3276/2050/2944
f 1084/2024/2945 1089/2131/2945 1083/2116/2945
f 1072/2132/2946 1047/2001/2946 1046/2000/2946
f 1052/1929/2947 1047/2001/2947 1054/2117/2947
f 1058/1908/2948 1054/2117/2948 1067/2025/2948
f 2789/2133/2949 2778/2134/2949 2774/2135/2949
f 3499/2092/2950 3513/2136/2950 3515/2051/2950
f 5399/2057/2951 5404/2137/2951 5403/2055/2951
f 4528/2058/2952 4524/2138/2952 4533/2060/2952
f 3545/1981/2953 3547/2101/2953 3542/2119/2953
f 5386/2120/2954 5394/2139/2954 5393/2010/2954
f 2626/2033/2955 2627/2140/2955 2621/2121/2955
f 4640/1917/2956 4497/1991/2956 4474/2141/2956
f 1332/2014/2957 1325/2142/2957 1352/2012/2957
f 4649/2069/2958 4678/2143/2958 4679/2034/2958
f 1331/2070/2959 1312/2144/2959 1332/2014/2959
f 4679/2034/2960 4678/2143/2960 4712/2071/2960
f 4712/2071/2961 4703/2145/2961 4732/2035/2961
f 3880/1957/2962 3706/2146/2962 3723/2147/2962
f 3723/2147/2963 3893/2041/2963 3891/1958/2963
f 3893/2041/2964 3732/2148/2964 3948/2042/2964
f 5220/1961/2965 5217/2123/2965 5222/2108/2965
f 5296/1925/2966 5294/2083/2966 5295/2084/2966
f 3621/2111/2967 3641/2149/2967 3640/2112/2967
f 5134/2150/2968 5133/2151/2968 5126/2152/2968
f 5126/2152/2969 5118/2153/2969 5122/2154/2969
f 5122/2154/2970 5118/2153/2970 5116/2124/2970
f 5120/2126/2971 5115/2127/2971 5112/2155/2971
f 5120/2126/2972 5112/2155/2972 5127/2156/2972
f 5127/2156/2973 5112/2155/2973 5124/2157/2973
f 1067/2025/2974 1078/2158/2974 1077/2091/2974
f 5403/2055/2975 5404/2137/2975 5408/2052/2975
f 5067/2027/2976 5071/2159/2976 5058/2118/2976
f 5399/2057/2977 5402/2160/2977 5404/2137/2977
f 5394/2139/2978 5395/2161/2978 5396/2097/2978
f 5385/2102/2979 5336/2162/2979 5386/2120/2979
f 4533/2060/2980 4524/2138/2980 4523/2061/2980
f 4518/2062/2981 4523/2061/2981 4517/2163/2981
f 4517/2163/2982 4512/2063/2982 4518/2062/2982
f 4511/2103/2983 4498/2164/2983 4499/2104/2983
f 4499/2104/2984 4498/2164/2984 4495/2064/2984
f 2615/2165/2985 2611/2166/2985 2606/2011/2985
f 1315/2167/2986 1327/2168/2986 1353/2067/2986
f 4474/2141/2987 4641/2066/2987 4640/1917/2987
f 1352/2012/2988 1315/2167/2988 1353/2067/2988
f 1312/2144/2989 1325/2142/2989 1332/2014/2989
f 4811/2074/2990 4782/2073/2990 4797/2169/2990
f 4811/2074/2991 4797/2169/2991 4824/2076/2991
f 5126/2152/2992 5125/2170/2992 5118/2153/2992
f 5118/2153/2993 5105/2171/2993 5116/2124/2993
f 5116/2124/2994 5105/2171/2994 5114/2125/2994
f 5114/2125/2995 5101/2172/2995 5115/2127/2995
f 5101/2172/2996 5108/2173/2996 5115/2127/2996
f 5115/2127/2997 5108/2173/2997 5112/2155/2997
f 5124/2157/2998 5112/2155/2998 5121/2174/2998
f 1096/2175/2999 1088/2176/2999 1087/2090/2999
f 1087/2090/3000 1088/2176/3000 1084/2024/3000
f 1084/2024/3001 1088/2176/3001 1089/2131/3001
f 1083/2116/3002 1072/2132/3002 1046/2000/3002
f 1067/2025/3003 1054/2117/3003 1068/2177/3003
f 1067/2025/3004 1068/2177/3004 1078/2158/3004
f 3499/2092/3005 3502/2178/3005 3513/2136/3005
f 5408/2052/3006 5413/2179/3006 5414/2180/3006
f 4454/2093/3007 4470/2181/3007 4456/2094/3007
f 4456/2094/3008 4471/2182/3008 4691/2054/3008
f 4581/2095/3009 4535/2183/3009 4541/2096/3009
f 5399/2057/3010 5401/2184/3010 5402/2160/3010
f 5052/1935/3011 5053/2185/3011 5051/1811/3011
f 5396/2097/3012 5401/2184/3012 5399/2057/3012
f 4541/2096/3013 4535/2183/3013 4528/2058/3013
f 5053/2185/3014 5055/2186/3014 5054/2029/3014
f 5051/1811/3015 5053/2185/3015 5054/2029/3015
f 5054/2029/3016 5055/2186/3016 5064/2099/3016
f 3542/2119/3017 3543/2187/3017 3541/2059/3017
f 5385/2102/3018 5416/2188/3018 5336/2162/3018
f 4523/2061/3019 4522/2189/3019 4517/2163/3019
f 4517/2163/3020 4508/2190/3020 4512/2063/3020
f 4512/2063/3021 4508/2190/3021 4511/2103/3021
f 4494/2065/3022 4477/2191/3022 4472/2192/3022
f 4494/2065/3023 4472/2192/3023 4497/1991/3023
f 4497/1991/3024 4472/2192/3024 4474/2141/3024
f 4474/2141/3025 4483/2193/3025 4641/2066/3025
f 4641/2066/3026 4483/2193/3026 4648/2194/3026
f 4641/2066/3027 4648/2194/3027 4649/2069/3027
f 4649/2069/3028 4648/2194/3028 4678/2143/3028
f 1312/2144/3029 1307/2195/3029 1325/2142/3029
f 1330/2072/3030 1300/2196/3030 1331/2070/3030
f 1342/2107/3031 1324/2197/3031 1341/2036/3031
f 4762/2037/3032 4761/2198/3032 4782/2073/3032
f 1355/2075/3033 1336/2199/3033 1342/2107/3033
f 1356/2078/3034 1344/2200/3034 1336/2199/3034
f 1356/2078/3035 1336/2199/3035 1355/2075/3035
f 1397/2081/3036 1360/2201/3036 1361/2077/3036
f 3732/2148/3037 3884/2202/3037 3948/2042/3037
f 3948/2042/3038 3884/2202/3038 3953/2043/3038
f 3953/2043/3039 3884/2202/3039 3905/2203/3039
f 3953/2043/3040 3946/2204/3040 3954/2015/3040
f 3947/2122/3041 3945/2205/3041 3966/2045/3041
f 3966/2045/3042 3945/2205/3042 3965/2016/3042
f 5217/2123/3043 5221/2206/3043 5222/2108/3043
f 3959/2046/3044 3928/2207/3044 3950/2109/3044
f 5294/2083/3045 5293/2208/3045 5295/2084/3045
f 3620/2085/3046 3619/2209/3046 3621/2111/3046
f 5133/2151/3047 5125/2170/3047 5126/2152/3047
f 5118/2153/3048 5117/2210/3048 5105/2171/3048
f 5112/2155/3049 5109/2211/3049 5121/2174/3049
f 5105/2171/3050 5101/2172/3050 5114/2125/3050
f 1072/2132/3051 1055/2212/3051 1047/2001/3051
f 3491/2213/3052 3490/2214/3052 3481/2215/3052
f 5408/2052/3053 5407/2216/3053 5413/2179/3053
f 4470/2181/3054 4471/2182/3054 4456/2094/3054
f 4471/2182/3055 4573/2217/3055 4691/2054/3055
f 5404/2137/3056 5407/2216/3056 5408/2052/3056
f 4691/2054/3057 4573/2217/3057 4581/2095/3057
f 4581/2095/3058 4573/2217/3058 4535/2183/3058
f 5058/2118/3059 5053/2185/3059 5052/1935/3059
f 4535/2183/3060 4526/2218/3060 4528/2058/3060
f 5395/2161/3061 5401/2184/3061 5396/2097/3061
f 3556/2100/3062 3544/2219/3062 3547/2101/3062
f 4526/2218/3063 4524/2138/3063 4528/2058/3063
f 3544/2219/3064 3543/2187/3064 3542/2119/3064
f 3547/2101/3065 3544/2219/3065 3542/2119/3065
f 5386/2120/3066 5395/2161/3066 5394/2139/3066
f 4524/2138/3067 4522/2189/3067 4523/2061/3067
f 4511/2103/3068 4508/2190/3068 4503/2220/3068
f 4511/2103/3069 4503/2220/3069 4498/2164/3069
f 4498/2164/3070 4491/2221/3070 4495/2064/3070
f 4491/2221/3071 4477/2191/3071 4495/2064/3071
f 4495/2064/3072 4477/2191/3072 4494/2065/3072
f 1307/2195/3073 1315/2167/3073 1325/2142/3073
f 1331/2070/3074 1300/2196/3074 1312/2144/3074
f 4678/2143/3075 4703/2145/3075 4712/2071/3075
f 1330/2072/3076 1304/2222/3076 1300/2196/3076
f 4703/2145/3077 4721/2223/3077 4732/2035/3077
f 1341/2036/3078 1304/2222/3078 1330/2072/3078
f 4732/2035/3079 4721/2223/3079 4761/2198/3079
f 4732/2035/3080 4761/2198/3080 4762/2037/3080
f 1324/2197/3081 1304/2222/3081 1341/2036/3081
f 1336/2199/3082 1324/2197/3082 1342/2107/3082
f 4782/2073/3083 4761/2198/3083 4797/2169/3083
f 1361/2077/3084 1344/2200/3084 1356/2078/3084
f 4797/2169/3085 4829/2224/3085 4824/2076/3085
f 4824/2076/3086 4829/2224/3086 4850/2079/3086
f 1375/2225/3087 1372/2226/3087 1398/2080/3087
f 1398/2080/3088 1372/2226/3088 1397/2081/3088
f 1372/2226/3089 1360/2201/3089 1397/2081/3089
f 1360/2201/3090 1344/2200/3090 1361/2077/3090
f 3953/2043/3091 3905/2203/3091 3946/2204/3091
f 3959/2046/3092 3940/2227/3092 3928/2207/3092
f 5227/2048/3093 5221/2206/3093 5264/2228/3093
f 5227/2048/3094 5264/2228/3094 5294/2083/3094
f 3620/2085/3095 3622/2229/3095 3618/2230/3095
f 3620/2085/3096 3618/2230/3096 3619/2209/3096
f 3621/2111/3097 3619/2209/3097 3641/2149/3097
f 5118/2153/3098 5125/2170/3098 5117/2210/3098
f 5108/2173/3099 5109/2211/3099 5112/2155/3099
f 5109/2211/3100 5113/2231/3100 5121/2174/3100
f 5121/2174/3101 5113/2231/3101 5130/2232/3101
f 5105/2171/3102 5103/2233/3102 5101/2172/3102
f 1088/2176/3103 1090/2234/3103 1089/2131/3103
f 1089/2131/3104 1091/2235/3104 1083/2116/3104
f 1047/2001/3105 1055/2212/3105 1054/2117/3105
f 1054/2117/3106 1066/2236/3106 1068/2177/3106
f 3476/2237/3107 3484/2238/3107 3485/2239/3107
f 1068/2177/3108 1070/2240/3108 1078/2158/3108
f 5404/2137/3109 5405/2241/3109 5407/2216/3109
f 5402/2160/3110 5405/2241/3110 5404/2137/3110
f 5336/2162/3111 5340/2242/3111 5386/2120/3111
f 5386/2120/3112 5340/2242/3112 5395/2161/3112
f 3905/2203/3113 3897/2243/3113 3946/2204/3113
f 5217/2123/3114 5210/2244/3114 5218/2245/3114
f 5217/2123/3115 5218/2245/3115 5221/2206/3115
f 5125/2170/3116 5123/2246/3116 5117/2210/3116
f 5101/2172/3117 5095/2247/3117 5108/2173/3117
f 5108/2173/3118 5095/2247/3118 5109/2211/3118
f 5117/2210/3119 5110/2248/3119 5105/2171/3119
f 5105/2171/3120 5110/2248/3120 5106/2249/3120
f 5105/2171/3121 5106/2249/3121 5103/2233/3121
f 5103/2233/3122 5097/2250/3122 5101/2172/3122
f 5097/2250/3123 5095/2247/3123 5101/2172/3123
f 1096/2175/3124 1117/2251/3124 1088/2176/3124
f 1091/2235/3125 1072/2132/3125 1083/2116/3125
f 1066/2236/3126 1119/2252/3126 1070/2240/3126
f 1068/2177/3127 1066/2236/3127 1070/2240/3127
f 3491/2213/3128 3501/2253/3128 3502/2178/3128
f 3502/2178/3129 3501/2253/3129 3512/2254/3129
f 4471/2182/3130 4681/2255/3130 4573/2217/3130
f 5402/2160/3131 5357/2256/3131 5405/2241/3131
f 5401/2184/3132 5357/2256/3132 5402/2160/3132
f 4526/2218/3133 4535/2183/3133 4527/2257/3133
f 3559/2258/3134 3555/2259/3134 3556/2100/3134
f 5395/2161/3135 5356/2260/3135 5401/2184/3135
f 3556/2100/3136 3555/2259/3136 3544/2219/3136
f 3544/2219/3137 3546/2261/3137 3543/2187/3137
f 4517/2163/3138 4516/2262/3138 4508/2190/3138
f 1315/2167/3139 1291/2263/3139 1327/2168/3139
f 4761/2198/3140 4767/2264/3140 4797/2169/3140
f 3723/2147/3141 3722/2265/3141 3730/2266/3141
f 3732/2148/3142 3730/2266/3142 3884/2202/3142
f 3897/2243/3143 3898/2267/3143 3946/2204/3143
f 3946/2204/3144 3898/2267/3144 3947/2122/3144
f 3947/2122/3145 3898/2267/3145 3945/2205/3145
f 3898/2267/3146 3941/2268/3146 3945/2205/3146
f 3940/2227/3147 3916/2269/3147 3928/2207/3147
f 5221/2206/3148 5223/2270/3148 5264/2228/3148
f 3928/2207/3149 3918/2271/3149 3926/2272/3149
f 3618/2230/3150 3615/2273/3150 3619/2209/3150
f 3619/2209/3151 3615/2273/3151 3641/2149/3151
f 5133/2151/3152 5148/2274/3152 5131/2275/3152
f 5133/2151/3153 5131/2275/3153 5125/2170/3153
f 5125/2170/3154 5131/2275/3154 5123/2246/3154
f 5095/2247/3155 5094/2276/3155 5109/2211/3155
f 5109/2211/3156 5094/2276/3156 5113/2231/3156
f 5123/2246/3157 5110/2248/3157 5117/2210/3157
f 5097/2250/3158 5096/2277/3158 5095/2247/3158
f 5106/2249/3159 5104/2278/3159 5103/2233/3159
f 5103/2233/3160 5104/2278/3160 5097/2250/3160
f 1054/2117/3161 1062/2279/3161 1066/2236/3161
f 5407/2216/3162 5375/2280/3162 5413/2179/3162
f 4470/2181/3163 4884/2281/3163 4681/2255/3163
f 4470/2181/3164 4681/2255/3164 4471/2182/3164
f 4681/2255/3165 4574/2282/3165 4573/2217/3165
f 5405/2241/3166 5362/2283/3166 5407/2216/3166
f 4573/2217/3167 4536/2284/3167 4535/2183/3167
f 5340/2242/3168 5341/2285/3168 5395/2161/3168
f 5416/2188/3169 5329/2286/3169 5336/2162/3169
f 4526/2218/3170 4525/2287/3170 4524/2138/3170
f 4524/2138/3171 4521/2288/3171 4522/2189/3171
f 4522/2189/3172 4521/2288/3172 4517/2163/3172
f 4517/2163/3173 4521/2288/3173 4516/2262/3173
f 4516/2262/3174 4507/2289/3174 4508/2190/3174
f 4508/2190/3175 4507/2289/3175 4504/2290/3175
f 4508/2190/3176 4504/2290/3176 4503/2220/3176
f 4503/2220/3177 4496/2291/3177 4498/2164/3177
f 2611/2166/3178 2618/2292/3178 2617/2293/3178
f 4498/2164/3179 4496/2291/3179 4491/2221/3179
f 4491/2221/3180 4488/2294/3180 4477/2191/3180
f 1328/2295/3181 1292/2296/3181 1404/2297/3181
f 4474/2141/3182 4473/2298/3182 4483/2193/3182
f 4473/2298/3183 4482/2299/3183 4483/2193/3183
f 4483/2193/3184 4482/2299/3184 4611/2300/3184
f 4483/2193/3185 4611/2300/3185 4648/2194/3185
f 4611/2300/3186 4655/2301/3186 4678/2143/3186
f 4648/2194/3187 4611/2300/3187 4678/2143/3187
f 1307/2195/3188 1287/2302/3188 1282/2303/3188
f 1312/2144/3189 1287/2302/3189 1307/2195/3189
f 4678/2143/3190 4683/2304/3190 4703/2145/3190
f 1304/2222/3191 1303/2305/3191 1300/2196/3191
f 4703/2145/3192 4683/2304/3192 4721/2223/3192
f 1344/2200/3193 1320/2306/3193 1336/2199/3193
f 4797/2169/3194 4808/2307/3194 4829/2224/3194
f 1360/2201/3195 1333/2308/3195 1344/2200/3195
f 3711/2309/3196 3709/2310/3196 3707/2311/3196
f 3706/2146/3197 3708/2312/3197 3722/2265/3197
f 3945/2205/3198 3941/2268/3198 3940/2227/3198
f 3940/2227/3199 3941/2268/3199 3917/2313/3199
f 3940/2227/3200 3917/2313/3200 3916/2269/3200
f 5218/2245/3201 5223/2270/3201 5221/2206/3201
f 3928/2207/3202 3916/2269/3202 3918/2271/3202
f 5096/2277/3203 5086/2314/3203 5095/2247/3203
f 5095/2247/3204 5086/2314/3204 5094/2276/3204
f 5110/2248/3205 5123/2246/3205 5111/2315/3205
f 5110/2248/3206 5111/2315/3206 5106/2249/3206
f 5098/2316/3207 5099/2317/3207 5096/2277/3207
f 1117/2251/3208 1107/2318/3208 1088/2176/3208
f 5106/2249/3209 5107/2319/3209 5104/2278/3209
f 5104/2278/3210 5100/2320/3210 5097/2250/3210
f 5097/2250/3211 5100/2320/3211 5098/2316/3211
f 1090/2234/3212 1093/2321/3212 1089/2131/3212
f 1089/2131/3213 1093/2321/3213 1091/2235/3213
f 1055/2212/3214 1062/2279/3214 1054/2117/3214
f 5407/2216/3215 5368/2322/3215 5375/2280/3215
f 4681/2255/3216 4680/2323/3216 4574/2282/3216
f 5405/2241/3217 5357/2256/3217 5362/2283/3217
f 5071/2159/3218 5057/2324/3218 5058/2118/3218
f 5058/2118/3219 5057/2324/3219 5053/2185/3219
f 5356/2260/3220 5352/2325/3220 5357/2256/3220
f 4536/2284/3221 4527/2257/3221 4535/2183/3221
f 3555/2259/3222 3551/2326/3222 3544/2219/3222
f 4526/2218/3223 4527/2257/3223 4525/2287/3223
f 5336/2162/3224 5333/2327/3224 5340/2242/3224
f 4524/2138/3225 4525/2287/3225 4521/2288/3225
f 4504/2290/3226 4496/2291/3226 4503/2220/3226
f 4496/2291/3227 4488/2294/3227 4491/2221/3227
f 1327/2168/3228 1291/2263/3228 1328/2295/3228
f 4472/2192/3229 4473/2298/3229 4474/2141/3229
f 1282/2303/3230 1281/2328/3230 1307/2195/3230
f 1307/2195/3231 1281/2328/3231 1315/2167/3231
f 4655/2301/3232 4683/2304/3232 4678/2143/3232
f 1300/2196/3233 1287/2302/3233 1312/2144/3233
f 4721/2223/3234 4752/2329/3234 4761/2198/3234
f 1324/2197/3235 1305/2330/3235 1303/2305/3235
f 1324/2197/3236 1303/2305/3236 1304/2222/3236
f 1336/2199/3237 1320/2306/3237 1305/2330/3237
f 1336/2199/3238 1305/2330/3238 1324/2197/3238
f 4767/2264/3239 4808/2307/3239 4797/2169/3239
f 1344/2200/3240 1333/2308/3240 1320/2306/3240
f 1375/2225/3241 1402/2331/3241 1374/2332/3241
f 1375/2225/3242 1374/2332/3242 1348/2333/3242
f 1375/2225/3243 1348/2333/3243 1372/2226/3243
f 1372/2226/3244 1348/2333/3244 1360/2201/3244
f 1360/2201/3245 1348/2333/3245 1333/2308/3245
f 3730/2266/3246 3794/2334/3246 3884/2202/3246
f 3905/2203/3247 3888/2335/3247 3897/2243/3247
f 5264/2228/3248 5263/2336/3248 5294/2083/3248
f 5294/2083/3249 5263/2336/3249 5293/2208/3249
f 3622/2229/3250 3623/2337/3250 3618/2230/3250
f 3921/2338/3251 3924/2339/3251 3929/2340/3251
f 3623/2337/3252 3616/2341/3252 3618/2230/3252
f 3618/2230/3253 3616/2341/3253 3615/2273/3253
f 5131/2275/3254 5129/2342/3254 5123/2246/3254
f 5086/2314/3255 5088/2343/3255 5094/2276/3255
f 5094/2276/3256 5088/2343/3256 5113/2231/3256
f 5113/2231/3257 5088/2343/3257 5119/2344/3257
f 5123/2246/3258 5129/2342/3258 5111/2315/3258
f 5096/2277/3259 5099/2317/3259 5086/2314/3259
f 1107/2318/3260 1095/2345/3260 1088/2176/3260
f 5111/2315/3261 5107/2319/3261 5106/2249/3261
f 3603/2346/3262 3600/2347/3262 3601/21/3262
f 1088/2176/3263 1095/2345/3263 1090/2234/3263
f 5107/2319/3264 5128/2348/3264 5104/2278/3264
f 5100/2320/3265 5104/2278/3265 5137/2349/3265
f 5100/2320/3266 5137/2349/3266 5139/2350/3266
f 5100/2320/3267 5139/2350/3267 5098/2316/3267
f 3603/2346/3268 3606/2351/3268 3600/2347/3268
f 1093/2321/3269 1076/2352/3269 1072/2132/3269
f 1091/2235/3270 1093/2321/3270 1072/2132/3270
f 1076/2352/3271 1071/2353/3271 1072/2132/3271
f 1062/2279/3272 1065/2354/3272 1066/2236/3272
f 3486/2355/3273 3498/2356/3273 3492/2357/3273
f 5375/2280/3274 5372/2358/3274 5381/2359/3274
f 4884/2281/3275 4736/2360/3275 4681/2255/3275
f 4681/2255/3276 4736/2360/3276 4680/2323/3276
f 3501/2253/3277 3514/2361/3277 3512/2254/3277
f 5069/2362/3278 5062/2363/3278 5057/2324/3278
f 5069/2362/3279 5057/2324/3279 5071/2159/3279
f 4536/2284/3280 4531/2364/3280 4527/2257/3280
f 3551/2326/3281 3548/2365/3281 3544/2219/3281
f 5340/2242/3282 5333/2327/3282 5341/2285/3282
f 3544/2219/3283 3548/2365/3283 3546/2261/3283
f 5329/2286/3284 5333/2327/3284 5336/2162/3284
f 2615/2165/3285 2632/2366/3285 2618/2292/3285
f 2634/2367/3286 2632/2366/3286 2615/2165/3286
f 4477/2191/3287 4476/2368/3287 4472/2192/3287
f 1300/2196/3288 1270/2369/3288 1287/2302/3288
f 1303/2305/3289 1280/2370/3289 1300/2196/3289
f 4721/2223/3290 4719/2371/3290 4752/2329/3290
f 4752/2329/3291 4767/2264/3291 4761/2198/3291
f 3898/2267/3292 3939/2372/3292 3941/2268/3292
f 3917/2313/3293 3912/2373/3293 3916/2269/3293
f 5214/2374/3294 5219/2375/3294 5218/2245/3294
f 5210/2244/3295 5214/2374/3295 5218/2245/3295
f 3912/2373/3296 3914/2376/3296 3916/2269/3296
f 3916/2269/3297 3914/2376/3297 3918/2271/3297
f 5148/2274/3298 5135/2377/3298 5131/2275/3298
f 5131/2275/3299 5135/2377/3299 5129/2342/3299
f 5099/2317/3300 5087/2378/3300 5086/2314/3300
f 5087/2378/3301 5085/2379/3301 5086/2314/3301
f 5085/2379/3302 5084/2380/3302 5086/2314/3302
f 5119/2344/3303 5088/2343/3303 5093/2381/3303
f 3600/2347/3304 3597/22/3304 3599/12/3304
f 5111/2315/3305 5128/2348/3305 5107/2319/3305
f 5128/2348/3306 5136/2382/3306 5104/2278/3306
f 5104/2278/3307 5136/2382/3307 5137/2349/3307
f 3606/2351/3308 3596/2383/3308 3600/2347/3308
f 3600/2347/3309 3596/2383/3309 3597/22/3309
f 5139/2350/3310 5137/2349/3310 5140/2384/3310
f 1072/2132/3311 1071/2353/3311 1055/2212/3311
f 3497/2385/3312 3507/2386/3312 3496/2387/3312
f 3492/2357/3313 3498/2356/3313 3504/2388/3313
f 3492/2357/3314 3504/2388/3314 3501/2253/3314
f 4680/2323/3315 4568/2389/3315 4574/2282/3315
f 5357/2256/3316 5352/2325/3316 5362/2283/3316
f 4568/2389/3317 4548/2390/3317 4536/2284/3317
f 4574/2282/3318 4568/2389/3318 4536/2284/3318
f 5057/2324/3319 5056/2391/3319 5053/2185/3319
f 5053/2185/3320 5056/2391/3320 5055/2186/3320
f 4531/2364/3321 4530/2392/3321 4527/2257/3321
f 4527/2257/3322 4530/2392/3322 4525/2287/3322
f 5327/2393/3323 5328/2394/3323 5329/2286/3323
f 5329/2286/3324 5328/2394/3324 5333/2327/3324
f 4488/2294/3325 4476/2368/3325 4477/2191/3325
f 4476/2368/3326 4475/2395/3326 4472/2192/3326
f 4472/2192/3327 4475/2395/3327 4473/2298/3327
f 1281/2328/3328 1272/2396/3328 1291/2263/3328
f 1270/2369/3329 1268/2397/3329 1287/2302/3329
f 1300/2196/3330 1280/2370/3330 1270/2369/3330
f 1305/2330/3331 1301/2398/3331 1303/2305/3331
f 1305/2330/3332 1320/2306/3332 1301/2398/3332
f 3939/2372/3333 3917/2313/3333 3941/2268/3333
f 5218/2245/3334 5219/2375/3334 5223/2270/3334
f 3918/2271/3335 3919/2399/3335 3920/2400/3335
f 5263/2336/3336 5290/2401/3336 5293/2208/3336
f 5293/2208/3337 5290/2401/3337 5292/2402/3337
f 5084/2380/3338 5093/2381/3338 5088/2343/3338
f 5087/2378/3339 5102/2403/3339 5085/2379/3339
f 5102/2403/3340 5082/2404/3340 5085/2379/3340
f 5129/2342/3341 5132/2405/3341 5111/2315/3341
f 5111/2315/3342 5132/2405/3342 5128/2348/3342
f 3596/2383/3343 3594/7/3343 3595/3/3343
f 5137/2349/3344 5141/2406/3344 5140/2384/3344
f 5140/2384/3345 5141/2406/3345 5144/2407/3345
f 3596/2383/3346 3592/2408/3346 3594/7/3346
f 3592/2408/3347 3593/9/3347 3594/7/3347
f 1055/2212/3348 1063/2409/3348 1062/2279/3348
f 1062/2279/3349 1064/2410/3349 1065/2354/3349
f 3510/2411/3350 3497/2385/3350 3500/2412/3350
f 3500/2412/3351 3509/2413/3351 3520/2414/3351
f 3509/2413/3352 3532/2415/3352 3531/2416/3352
f 3531/2416/3353 3532/2415/3353 3534/2417/3353
f 3498/2356/3354 3508/2418/3354 3504/2388/3354
f 4736/2360/3355 4699/2419/3355 4680/2323/3355
f 5362/2283/3356 5360/2420/3356 5368/2322/3356
f 5352/2325/3357 5360/2420/3357 5362/2283/3357
f 5356/2260/3358 5348/2421/3358 5352/2325/3358
f 5274/2422/3359 5278/2423/3359 5305/2424/3359
f 3555/2259/3360 3558/2425/3360 3551/2326/3360
f 4521/2288/3361 4519/2426/3361 4516/2262/3361
f 4516/2262/3362 4519/2426/3362 4507/2289/3362
f 2618/2292/3363 2632/2366/3363 2617/2293/3363
f 1287/2302/3364 1268/2397/3364 1282/2303/3364
f 3888/2335/3365 3890/2427/3365 3897/2243/3365
f 3897/2243/3366 3890/2427/3366 3898/2267/3366
f 3939/2372/3367 3910/2428/3367 3917/2313/3367
f 5219/2375/3368 5224/2429/3368 5223/2270/3368
f 3912/2373/3369 3913/2430/3369 3914/2376/3369
f 5223/2270/3370 5224/2429/3370 5264/2228/3370
f 3615/2273/3371 3612/2431/3371 3644/2432/3371
f 3612/2431/3372 3643/2433/3372 3644/2432/3372
f 5135/2377/3373 5138/2434/3373 5129/2342/3373
f 5129/2342/3374 5138/2434/3374 5132/2405/3374
f 5084/2380/3375 5092/2435/3375 5093/2381/3375
f 5082/2404/3376 5084/2380/3376 5085/2379/3376
f 5082/2404/3377 5083/2436/3377 5084/2380/3377
f 1099/2437/3378 1090/2234/3378 1095/2345/3378
f 1120/2438/3379 1099/2437/3379 1095/2345/3379
f 3368/2439/3380 3356/2440/3380 3361/2441/3380
f 1090/2234/3381 1099/2437/3381 1093/2321/3381
f 3361/2441/3382 3355/2442/3382 3360/2443/3382
f 3355/2442/3383 3353/2444/3383 3360/2443/3383
f 3360/2443/3384 3353/2444/3384 3358/2445/3384
f 3360/2443/3385 3358/2445/3385 3367/2446/3385
f 5137/2349/3386 5142/2447/3386 5141/2406/3386
f 3592/2408/3387 3583/6/3387 3593/9/3387
f 1055/2212/3388 1071/2353/3388 1063/2409/3388
f 1063/2409/3389 1064/2410/3389 1062/2279/3389
f 3510/2411/3390 3500/2412/3390 3520/2414/3390
f 3340/2448/3391 3375/2449/3391 3374/2450/3391
f 3327/2451/3392 3339/2452/3392 3335/2453/3392
f 3334/2454/3393 3341/2455/3393 3339/2452/3393
f 3498/2356/3394 3506/2456/3394 3508/2418/3394
f 4699/2419/3395 4569/2457/3395 4680/2323/3395
f 3504/2388/3396 3514/2361/3396 3501/2253/3396
f 4680/2323/3397 4569/2457/3397 4568/2389/3397
f 5062/2363/3398 5056/2391/3398 5057/2324/3398
f 5352/2325/3399 5351/2458/3399 5360/2420/3399
f 4548/2390/3400 4531/2364/3400 4536/2284/3400
f 5274/2422/3401 5275/2459/3401 5278/2423/3401
f 4954/2460/3402 4953/2461/3402 4956/2462/3402
f 5327/2393/3403 5330/2463/3403 5328/2394/3403
f 5328/2394/3404 5334/2464/3404 5333/2327/3404
f 4525/2287/3405 4530/2392/3405 4529/2465/3405
f 4525/2287/3406 4529/2465/3406 4521/2288/3406
f 4521/2288/3407 4529/2465/3407 4519/2426/3407
f 4519/2426/3408 4505/2466/3408 4507/2289/3408
f 4507/2289/3409 4505/2466/3409 4504/2290/3409
f 2632/2366/3410 2633/2467/3410 2617/2293/3410
f 4496/2291/3411 4489/2468/3411 4488/2294/3411
f 4475/2395/3412 4478/2469/3412 4473/2298/3412
f 1272/2396/3413 1263/2470/3413 1291/2263/3413
f 4473/2298/3414 4481/2471/3414 4482/2299/3414
f 1281/2328/3415 1259/2472/3415 1272/2396/3415
f 4482/2299/3416 4481/2471/3416 4611/2300/3416
f 1268/2397/3417 1257/2473/3417 1282/2303/3417
f 4683/2304/3418 4682/2474/3418 4719/2371/3418
f 1303/2305/3419 1283/2475/3419 1280/2370/3419
f 4719/2371/3420 4751/2476/3420 4752/2329/3420
f 1301/2398/3421 1283/2475/3421 1303/2305/3421
f 4752/2329/3422 4751/2476/3422 4767/2264/3422
f 1374/2332/3423 1370/2477/3423 1348/2333/3423
f 1370/2477/3424 1343/2478/3424 1348/2333/3424
f 1348/2333/3425 1343/2478/3425 1333/2308/3425
f 3711/2309/3426 3715/2479/3426 3713/2480/3426
f 3794/2334/3427 3791/2481/3427 3888/2335/3427
f 3898/2267/3428 3890/2427/3428 3939/2372/3428
f 3917/2313/3429 3910/2428/3429 3912/2373/3429
f 5224/2429/3430 5260/2482/3430 5263/2336/3430
f 5264/2228/3431 5224/2429/3431 5263/2336/3431
f 3616/2341/3432 3613/2483/3432 3615/2273/3432
f 3615/2273/3433 3613/2483/3433 3612/2431/3433
f 5084/2380/3434 5090/2484/3434 5092/2435/3434
f 3369/2485/3435 3356/2440/3435 3368/2439/3435
f 3369/2485/3436 3357/2486/3436 3356/2440/3436
f 5083/2436/3437 5089/2487/3437 5084/2380/3437
f 5084/2380/3438 5089/2487/3438 5090/2484/3438
f 1099/2437/3439 1120/2438/3439 1098/2488/3439
f 1099/2437/3440 1098/2488/3440 1093/2321/3440
f 3361/2441/3441 3356/2440/3441 3355/2442/3441
f 5141/2406/3442 5143/2489/3442 5144/2407/3442
f 3592/2408/3443 3591/2490/3443 3580/2491/3443
f 3592/2408/3444 3580/2491/3444 3583/6/3444
f 3355/2442/3445 3345/2492/3445 3353/2444/3445
f 5142/2447/3446 5143/2489/3446 5141/2406/3446
f 1093/2321/3447 1094/2493/3447 1076/2352/3447
f 1076/2352/3448 1079/2494/3448 1071/2353/3448
f 1071/2353/3449 1079/2494/3449 1063/2409/3449
f 1106/2495/3450 1105/2496/3450 1063/2409/3450
f 2795/2497/3451 2767/2498/3451 2781/2499/3451
f 3332/2500/3452 3340/2448/3452 3338/2501/3452
f 3338/2501/3453 3340/2448/3453 3374/2450/3453
f 3338/2501/3454 3374/2450/3454 3366/2502/3454
f 3366/2502/3455 3374/2450/3455 3379/2503/3455
f 1063/2409/3456 1105/2496/3456 1064/2410/3456
f 3332/2500/3457 3335/2453/3457 3340/2448/3457
f 3374/2450/3458 3375/2449/3458 3379/2503/3458
f 3536/2504/3459 3531/2416/3459 3535/2505/3459
f 3334/2454/3460 3339/2452/3460 3327/2451/3460
f 3506/2456/3461 3511/2506/3461 3508/2418/3461
f 5367/2507/3462 5371/2508/3462 5372/2358/3462
f 5372/2358/3463 5371/2508/3463 5379/2509/3463
f 5372/2358/3464 5379/2509/3464 5381/2359/3464
f 4736/2360/3465 4875/2510/3465 4699/2419/3465
f 3508/2418/3466 3517/2511/3466 3504/2388/3466
f 3504/2388/3467 3517/2511/3467 3514/2361/3467
f 4569/2457/3468 4548/2390/3468 4568/2389/3468
f 5282/2512/3469 5273/2513/3469 5274/2422/3469
f 4548/2390/3470 4547/2514/3470 4531/2364/3470
f 3562/2515/3471 3558/2425/3471 3555/2259/3471
f 4531/2364/3472 4547/2514/3472 4530/2392/3472
f 4955/2516/3473 4950/2517/3473 4954/2460/3473
f 4954/2460/3474 4950/2517/3474 4953/2461/3474
f 5334/2464/3475 5345/2518/3475 5341/2285/3475
f 5330/2463/3476 5331/2519/3476 5328/2394/3476
f 5328/2394/3477 5331/2519/3477 5334/2464/3477
f 4504/2290/3478 4505/2466/3478 4496/2291/3478
f 4488/2294/3479 4489/2468/3479 4476/2368/3479
f 1291/2263/3480 1263/2470/3480 1284/2520/3480
f 1291/2263/3481 1284/2520/3481 1292/2296/3481
f 4473/2298/3482 4478/2469/3482 4481/2471/3482
f 4481/2471/3483 4610/2521/3483 4611/2300/3483
f 1282/2303/3484 1257/2473/3484 1281/2328/3484
f 4611/2300/3485 4610/2521/3485 4655/2301/3485
f 4610/2521/3486 4654/2522/3486 4655/2301/3486
f 4654/2522/3487 4682/2474/3487 4683/2304/3487
f 4655/2301/3488 4654/2522/3488 4683/2304/3488
f 4751/2476/3422 4766/2523/3422 4767/2264/3422
f 1316/2524/3489 1301/2398/3489 1320/2306/3489
f 4767/2264/3490 4766/2523/3490 4808/2307/3490
f 4766/2523/3491 4812/2525/3491 4808/2307/3491
f 1343/2478/3492 1316/2524/3492 1333/2308/3492
f 1333/2308/3493 1316/2524/3493 1320/2306/3493
f 1402/2331/3494 1370/2477/3494 1374/2332/3494
f 3731/2526/3495 3791/2481/3495 3794/2334/3495
f 3791/2481/3496 3826/2527/3496 3888/2335/3496
f 3888/2335/3497 3826/2527/3497 3890/2427/3497
f 3915/2528/3498 3914/2376/3498 3913/2430/3498
f 5290/2401/3499 5291/2529/3499 5292/2402/3499
f 3623/2337/3500 3624/2530/3500 3616/2341/3500
f 3369/2485/3501 3354/2531/3501 3357/2486/3501
f 5089/2487/3502 5091/2532/3502 5090/2484/3502
f 5091/2532/3503 5145/2533/3503 5090/2484/3503
f 5090/2484/3504 5145/2533/3504 5092/2435/3504
f 3348/2534/3505 3355/2442/3505 3356/2440/3505
f 1093/2321/3506 1098/2488/3506 1094/2493/3506
f 3348/2534/3507 3345/2492/3507 3355/2442/3507
f 1094/2493/3508 1100/2535/3508 1076/2352/3508
f 3591/2490/3509 3587/2536/3509 3580/2491/3509
f 3587/2536/3510 3576/2537/3510 3580/2491/3510
f 3345/2492/3511 3311/2538/3511 3353/2444/3511
f 3353/2444/3512 3311/2538/3512 3358/2445/3512
f 3311/2538/3513 3352/2539/3513 3358/2445/3513
f 3358/2445/3514 3352/2539/3514 3370/2540/3514
f 3370/2540/3515 3352/2539/3515 3371/2541/3515
f 1076/2352/3516 1100/2535/3516 1101/2542/3516
f 1076/2352/3517 1101/2542/3517 1079/2494/3517
f 1079/2494/3518 1080/2543/3518 1063/2409/3518
f 3331/2544/3519 3338/2501/3519 3351/2545/3519
f 3331/2544/3520 3317/2546/3520 3332/2500/3520
f 3331/2544/3521 3332/2500/3521 3338/2501/3521
f 3338/2501/3522 3366/2502/3522 3351/2545/3522
f 3366/2502/3523 3379/2503/3523 3373/2547/3523
f 3317/2546/3524 3327/2451/3524 3332/2500/3524
f 3326/2548/3525 3334/2454/3525 3327/2451/3525
f 3334/2454/3526 3337/2549/3526 3341/2455/3526
f 4875/2510/3527 4742/2550/3527 4699/2419/3527
f 3508/2418/3528 3511/2506/3528 3517/2511/3528
f 4699/2419/3529 4742/2550/3529 4569/2457/3529
f 4569/2457/3530 4562/2551/3530 4548/2390/3530
f 5348/2421/3531 5350/2552/3531 5351/2458/3531
f 4548/2390/3532 4562/2551/3532 4547/2514/3532
f 4530/2392/3533 4534/2553/3533 4529/2465/3533
f 3836/2554/3534 3835/2555/3534 3809/2556/3534
f 3890/2427/3535 3895/2557/3535 3939/2372/3535
f 3939/2372/3536 3895/2557/3536 3910/2428/3536
f 3912/2373/3537 3911/2558/3537 3913/2430/3537
f 5186/2559/3538 5185/2560/3538 5189/2561/3538
f 5224/2429/3539 5256/2562/3539 5260/2482/3539
f 5263/2336/3540 5260/2482/3540 5261/2563/3540
f 5263/2336/3541 5261/2563/3541 5290/2401/3541
f 5290/2401/3542 5261/2563/3542 5291/2529/3542
f 3616/2341/3543 3624/2530/3543 3613/2483/3543
f 3643/2433/3544 3612/2431/3544 3614/2564/3544
f 3357/2486/3545 3354/2531/3545 3347/2565/3545
f 5091/2532/3546 5146/2566/3546 5145/2533/3546
f 3357/2486/3547 3347/2565/3547 3356/2440/3547
f 3570/2567/3548 3571/2568/3548 3572/16/3548
f 5091/2532/3549 5147/2569/3549 5146/2566/3549
f 5146/2566/3550 5151/2570/3550 5145/2533/3550
f 3356/2440/3551 3347/2565/3551 3348/2534/3551
f 3570/2567/3552 3579/4/3552 3573/2571/3552
f 3570/2567/3553 3573/2571/3553 3571/2568/3553
f 1094/2493/3554 1114/2572/3554 1100/2535/3554
f 3579/4/3555 3576/2537/3555 3573/2571/3555
f 3345/2492/3556 3308/2573/3556 3311/2538/3556
f 3352/2539/3557 3365/2574/3557 3371/2541/3557
f 3587/2536/3558 3578/2575/3558 3576/2537/3558
f 3311/2538/3559 3350/2576/3559 3352/2539/3559
f 3352/2539/3560 3350/2576/3560 3365/2574/3560
f 3308/2573/3561 3309/2577/3561 3311/2538/3561
f 3309/2577/3562 3333/2578/3562 3311/2538/3562
f 3311/2538/3563 3333/2578/3563 3350/2576/3563
f 3349/2579/3564 3359/2580/3564 3350/2576/3564
f 3350/2576/3565 3333/2578/3565 3349/2579/3565
f 3309/2577/3566 3331/2544/3566 3333/2578/3566
f 3333/2578/3567 3331/2544/3567 3349/2579/3567
f 3331/2544/3568 3351/2545/3568 3349/2579/3568
f 3351/2545/3569 3372/2581/3569 3359/2580/3569
f 3349/2579/3570 3351/2545/3570 3359/2580/3570
f 3309/2577/3571 3317/2546/3571 3331/2544/3571
f 3351/2545/3572 3373/2547/3572 3372/2581/3572
f 3372/2581/3573 3373/2547/3573 3376/2582/3573
f 3316/2583/3574 3326/2548/3574 3327/2451/3574
f 3316/2583/3575 3327/2451/3575 3317/2546/3575
f 3328/2584/3576 3337/2549/3576 3334/2454/3576
f 4742/2550/3577 4662/2585/3577 4569/2457/3577
f 5304/2586/3578 5273/2513/3578 5282/2512/3578
f 5350/2552/3579 5355/2587/3579 5351/2458/3579
f 5348/2421/3580 5349/2588/3580 5350/2552/3580
f 3562/2515/3581 3564/2589/3581 3558/2425/3581
f 4955/2516/3582 4951/2590/3582 4950/2517/3582
f 5330/2463/3583 5332/2591/3583 5331/2519/3583
f 4547/2514/3584 4546/2592/3584 4530/2392/3584
f 4529/2465/3585 4534/2553/3585 4532/2593/3585
f 4519/2426/3586 4532/2593/3586 4509/2594/3586
f 4519/2426/3587 4509/2594/3587 4505/2466/3587
f 4505/2466/3588 4509/2594/3588 4500/2595/3588
f 4505/2466/3589 4500/2595/3589 4496/2291/3589
f 4489/2468/3590 4480/2596/3590 4476/2368/3590
f 1284/2520/3591 1271/2597/3591 1326/2598/3591
f 4475/2395/3592 4479/2599/3592 4478/2469/3592
f 1272/2396/3593 1254/2600/3593 1263/2470/3593
f 1268/2397/3594 1253/2601/3594 1257/2473/3594
f 4654/2522/3595 4673/2602/3595 4682/2474/3595
f 1270/2369/3596 1253/2601/3596 1268/2397/3596
f 1280/2370/3597 1261/2603/3597 1270/2369/3597
f 1316/2524/3598 1293/2604/3598 1301/2398/3598
f 4766/2523/3599 4813/2605/3599 4812/2525/3599
f 1394/2606/3600 1359/2607/3600 1370/2477/3600
f 1359/2607/3601 1337/2608/3601 1370/2477/3601
f 1370/2477/3602 1337/2608/3602 1343/2478/3602
f 1343/2478/3603 1337/2608/3603 1306/2609/3603
f 1343/2478/3604 1306/2609/3604 1316/2524/3604
f 3720/2610/3605 3721/2611/3605 3726/2612/3605
f 3726/2612/3606 3733/2613/3606 3731/2526/3606
f 3895/2557/3607 3909/2614/3607 3910/2428/3607
f 3910/2428/3608 3911/2558/3608 3912/2373/3608
f 3911/2558/3609 3915/2528/3609 3913/2430/3609
f 3915/2528/3610 3933/2615/3610 3914/2376/3610
f 5189/2561/3611 5187/2616/3611 5191/2617/3611
f 3914/2376/3612 3933/2615/3612 3923/2618/3612
f 3613/2483/3613 3610/2619/3613 3612/2431/3613
f 3610/2619/3614 3611/2620/3614 3612/2431/3614
f 3612/2431/3615 3611/2620/3615 3614/2564/3615
f 5147/2569/3616 5150/2621/3616 5149/2622/3616
f 5147/2569/3617 5149/2622/3617 5146/2566/3617
f 5146/2566/3618 5149/2622/3618 5151/2570/3618
f 3347/2565/3619 3343/2623/3619 3348/2534/3619
f 3573/2571/3620 3575/2624/3620 3574/2625/3620
f 5149/2622/3621 5150/2621/3621 5152/2626/3621
f 3573/2571/3622 3576/2537/3622 3575/2624/3622
f 1114/2572/3623 1113/2627/3623 1100/2535/3623
f 3343/2623/3624 3345/2492/3624 3348/2534/3624
f 3343/2623/3625 3306/2628/3625 3345/2492/3625
f 3306/2628/3626 3308/2573/3626 3345/2492/3626
f 3576/2537/3627 3578/2575/3627 3577/2629/3627
f 1100/2535/3628 1113/2627/3628 1111/2630/3628
f 1100/2535/3629 1111/2630/3629 1101/2542/3629
f 3585/2631/3630 3586/2632/3630 3577/2629/3630
f 3578/2575/3631 3585/2631/3631 3577/2629/3631
f 3306/2628/3632 3307/2633/3632 3308/2573/3632
f 3307/2633/3633 3309/2577/3633 3308/2573/3633
f 1101/2542/3634 1108/2634/3634 1079/2494/3634
f 3585/2631/3635 3607/2635/3635 3586/2632/3635
f 3377/2636/3636 3376/2582/3636 3378/2637/3636
f 3307/2633/3637 3310/2638/3637 3309/2577/3637
f 3310/2638/3638 3317/2546/3638 3309/2577/3638
f 3310/2638/3639 3316/2583/3639 3317/2546/3639
f 3316/2583/3640 3320/2639/3640 3326/2548/3640
f 3326/2548/3641 3328/2584/3641 3334/2454/3641
f 3329/2640/3642 3337/2549/3642 3328/2584/3642
f 5371/2508/3643 5377/2641/3643 5380/2642/3643
f 5371/2508/3644 5380/2642/3644 5379/2509/3644
f 5379/2509/3645 5380/2642/3645 5383/2643/3645
f 4877/2644/3646 4662/2585/3646 4742/2550/3646
f 5367/2507/3647 5361/2645/3647 5371/2508/3647
f 5314/2646/3648 5306/2647/3648 5304/2586/3648
f 5355/2587/3649 5354/2648/3649 5361/2645/3649
f 5273/2513/3650 5271/2649/3650 5270/2650/3650
f 5273/2513/3651 5270/2650/3651 5274/2422/3651
f 5274/2422/3652 5270/2650/3652 5275/2459/3652
f 3562/2515/3653 3565/2651/3653 3564/2589/3653
f 4530/2392/3654 4546/2592/3654 4534/2553/3654
f 4496/2291/3655 4500/2595/3655 4489/2468/3655
f 4480/2596/3656 4479/2599/3656 4476/2368/3656
f 4476/2368/3657 4479/2599/3657 4475/2395/3657
f 1259/2472/3658 1254/2600/3658 1272/2396/3658
f 4610/2521/3659 4639/2652/3659 4654/2522/3659
f 4654/2522/3660 4639/2652/3660 4673/2602/3660
f 1270/2369/3661 1261/2603/3661 1253/2601/3661
f 4673/2602/3662 4694/2653/3662 4682/2474/3662
f 4694/2653/3663 4720/2654/3663 4719/2371/3663
f 4682/2474/3664 4694/2653/3664 4719/2371/3664
f 1283/2475/3665 1261/2603/3665 1280/2370/3665
f 4720/2654/3666 4750/2655/3666 4719/2371/3666
f 4719/2371/3667 4750/2655/3667 4751/2476/3667
f 1301/2398/3668 1269/2656/3668 1283/2475/3668
f 1306/2609/3669 1293/2604/3669 1316/2524/3669
f 5224/2429/3670 5253/2657/3670 5256/2562/3670
f 5260/2482/3671 5256/2562/3671 5254/2658/3671
f 5260/2482/3672 5254/2658/3672 5261/2563/3672
f 3613/2483/3673 3624/2530/3673 3610/2619/3673
f 3610/2619/3674 3648/2659/3674 3611/2620/3674
f 3611/2620/3675 3617/2660/3675 3614/2564/3675
f 3347/2565/3676 3354/2531/3676 3344/2661/3676
f 3347/2565/3677 3344/2661/3677 3342/2662/3677
f 3347/2565/3678 3342/2662/3678 3343/2623/3678
f 3574/2625/3679 3575/2624/3679 3609/2663/3679
f 3575/2624/3680 3588/2664/3680 3609/2663/3680
f 3575/2624/3681 3577/2629/3681 3581/2665/3681
f 1113/2627/3682 1115/2666/3682 1111/2630/3682
f 3312/2667/3683 3306/2628/3683 3343/2623/3683
f 1111/2630/3684 1115/2666/3684 1112/2668/3684
f 3312/2667/3685 3307/2633/3685 3306/2628/3685
f 1111/2630/3686 1112/2668/3686 1101/2542/3686
f 3314/2669/3687 3320/2639/3687 3316/2583/3687
f 5380/2642/3688 5384/2670/3688 5383/2643/3688
f 3329/2640/3689 3336/2671/3689 3337/2549/3689
f 5306/2647/3690 5276/2672/3690 5304/2586/3690
f 5276/2672/3691 5271/2649/3691 5273/2513/3691
f 5304/2586/3692 5276/2672/3692 5273/2513/3692
f 4570/2673/3693 4571/2674/3693 4547/2514/3693
f 4951/2590/3694 4945/2675/3694 4950/2517/3694
f 5335/2676/3695 5346/2677/3695 5345/2518/3695
f 4950/2517/3696 4945/2675/3696 4946/2678/3696
f 5332/2591/3697 5335/2676/3697 5331/2519/3697
f 5331/2519/3698 5335/2676/3698 5345/2518/3698
f 1283/2475/3699 1269/2656/3699 1261/2603/3699
f 1301/2398/3700 1293/2604/3700 1269/2656/3700
f 4751/2476/3701 4750/2655/3701 4766/2523/3701
f 4766/2523/3702 4750/2655/3702 4776/2679/3702
f 3771/2680/3703 3826/2527/3703 3791/2481/3703
f 3826/2527/3704 3825/2681/3704 3890/2427/3704
f 3909/2614/3705 3901/2682/3705 3911/2558/3705
f 3911/2558/3706 3937/2683/3706 3915/2528/3706
f 5185/2560/3707 5180/2684/3707 5187/2616/3707
f 3933/2615/3708 3932/2685/3708 3923/2618/3708
f 3923/2618/3709 3932/2685/3709 3930/2686/3709
f 3930/2686/3710 3936/2687/3710 3934/2688/3710
f 5291/2529/3711 5261/2563/3711 5287/2689/3711
f 5165/2690/3712 5171/2691/3712 5166/2692/3712
f 5165/2690/3713 5166/2692/3713 5167/2693/3713
f 5165/2690/3714 5167/2693/3714 5168/2694/3714
f 5168/2694/3715 5167/2693/3715 5170/2695/3715
f 5291/2529/3716 5287/2689/3716 5289/2696/3716
f 5168/2694/3717 5170/2695/3717 5175/2697/3717
f 5168/2694/3718 5175/2697/3718 5176/2698/3718
f 3610/2619/3719 3649/2699/3719 3648/2659/3719
f 5289/2696/3720 5288/2700/3720 5308/2701/3720
f 5308/2701/3721 5288/2700/3721 5315/2702/3721
f 5158/2703/3722 5156/2704/3722 5154/2705/3722
f 3354/2531/3723 3363/2706/3723 3362/2707/3723
f 3354/2531/3724 3362/2707/3724 3346/2708/3724
f 3354/2531/3725 3346/2708/3725 3344/2661/3725
f 3342/2662/3726 3312/2667/3726 3343/2623/3726
f 3581/2665/3727 3590/2709/3727 3588/2664/3727
f 3312/2667/3728 3313/2710/3728 3307/2633/3728
f 3313/2710/3729 3314/2669/3729 3310/2638/3729
f 3313/2710/3730 3310/2638/3730 3307/2633/3730
f 3314/2669/3731 3316/2583/3731 3310/2638/3731
f 3320/2639/3732 3321/2711/3732 3329/2640/3732
f 3320/2639/3733 3329/2640/3733 3328/2584/3733
f 3329/2640/3734 3330/2712/3734 3336/2671/3734
f 4877/2644/3735 4617/2713/3735 4662/2585/3735
f 4562/2551/3736 4590/2714/3736 4570/2673/3736
f 5332/2591/3737 5337/2715/3737 5335/2676/3737
f 4547/2514/3738 4571/2674/3738 4551/2716/3738
f 4547/2514/3739 4551/2716/3739 4546/2592/3739
f 4546/2592/3740 4551/2716/3740 4534/2553/3740
f 1263/2470/3741 1237/2717/3741 1271/2597/3741
f 1257/2473/3742 1232/2718/3742 1259/2472/3742
f 1253/2601/3743 1219/2719/3743 1257/2473/3743
f 1269/2656/3744 1252/2720/3744 1261/2603/3744
f 4750/2655/3745 4777/2721/3745 4776/2679/3745
f 1306/2609/3746 1294/2722/3746 1293/2604/3746
f 1337/2608/3747 1321/2723/3747 1306/2609/3747
f 3773/2724/3748 3772/2725/3748 3747/2726/3748
f 3714/2727/3749 3724/2728/3749 3721/2611/3749
f 3733/2613/3750 3771/2680/3750 3791/2481/3750
f 3895/2557/3751 3892/2729/3751 3909/2614/3751
f 3915/2528/3752 3937/2683/3752 3933/2615/3752
f 3933/2615/3753 3942/2730/3753 3932/2685/3753
f 5256/2562/3754 5247/2731/3754 5254/2658/3754
f 3932/2685/3755 3936/2687/3755 3930/2686/3755
f 5261/2563/3756 5254/2658/3756 5258/2732/3756
f 5261/2563/3757 5258/2732/3757 5287/2689/3757
f 5167/2693/3758 5173/2733/3758 5170/2695/3758
f 5170/2695/3759 5173/2733/3759 5177/2734/3759
f 5170/2695/3760 5177/2734/3760 5175/2697/3760
f 5287/2689/3761 5288/2700/3761 5289/2696/3761
f 5156/2704/3762 5157/2735/3762 5155/2736/3762
f 5156/2704/3763 5155/2736/3763 5154/2705/3763
f 5288/2700/3764 5303/2737/3764 5312/2738/3764
f 3344/2661/3765 3319/2739/3765 3342/2662/3765
f 3342/2662/3766 3319/2739/3766 3312/2667/3766
f 3312/2667/3767 3318/2740/3767 3313/2710/3767
f 3313/2710/3768 3315/2741/3768 3314/2669/3768
f 3321/2711/3769 3320/2639/3769 3315/2741/3769
f 3315/2741/3770 3320/2639/3770 3314/2669/3770
f 3321/2711/3771 3330/2712/3771 3329/2640/3771
f 4603/2742/3772 4617/2713/3772 4616/2743/3772
f 4603/2742/3773 4616/2743/3773 4590/2714/3773
f 5271/2649/3774 5269/2744/3774 5270/2650/3774
f 3565/2651/3775 3568/2745/3775 3564/2589/3775
f 5346/2677/3776 5347/2746/3776 5353/2747/3776
f 4570/2673/3777 4590/2714/3777 4571/2674/3777
f 5346/2677/3778 5337/2715/3778 5347/2746/3778
f 4532/2593/3779 4510/2748/3779 4509/2594/3779
f 4509/2594/3780 4510/2748/3780 4500/2595/3780
f 4500/2595/3781 4501/2749/3781 4489/2468/3781
f 4489/2468/3782 4501/2749/3782 4490/2750/3782
f 4490/2750/3783 4487/2751/3783 4480/2596/3783
f 4489/2468/3784 4490/2750/3784 4480/2596/3784
f 4480/2596/3785 4487/2751/3785 4479/2599/3785
f 1237/2717/3786 1262/2752/3786 1271/2597/3786
f 1254/2600/3787 1237/2717/3787 1263/2470/3787
f 4478/2469/3788 4485/2753/3788 4481/2471/3788
f 4485/2753/3789 4486/2754/3789 4481/2471/3789
f 4481/2471/3790 4486/2754/3790 4610/2521/3790
f 4610/2521/3791 4609/2755/3791 4639/2652/3791
f 4694/2653/3792 4715/2756/3792 4720/2654/3792
f 4720/2654/3793 4741/2757/3793 4750/2655/3793
f 1293/2604/3794 1285/2758/3794 1269/2656/3794
f 1389/2759/3795 1363/2760/3795 1359/2607/3795
f 1293/2604/3796 1294/2722/3796 1285/2758/3796
f 1359/2607/3797 1321/2723/3797 1337/2608/3797
f 3825/2681/3798 3892/2729/3798 3895/2557/3798
f 3890/2427/3799 3825/2681/3799 3895/2557/3799
f 3911/2558/3800 3901/2682/3800 3937/2683/3800
f 5256/2562/3801 5253/2657/3801 5247/2731/3801
f 5171/2691/3802 5174/2761/3802 5166/2692/3802
f 5166/2692/3803 5174/2761/3803 5172/2762/3803
f 5166/2692/3804 5172/2762/3804 5167/2693/3804
f 5167/2693/3805 5172/2762/3805 5173/2733/3805
f 5173/2733/3806 5178/2763/3806 5177/2734/3806
f 5157/2735/3807 5159/2764/3807 5155/2736/3807
f 5288/2700/3808 5286/2765/3808 5303/2737/3808
f 3344/2661/3809 3346/2708/3809 3319/2739/3809
f 3319/2739/3810 3318/2740/3810 3312/2667/3810
f 3318/2740/3811 3315/2741/3811 3313/2710/3811
f 3315/2741/3812 3323/2766/3812 3321/2711/3812
f 3323/2766/3813 3330/2712/3813 3321/2711/3813
f 374/2767/3814 311/2768/3814 328/2769/3814
f 311/2768/3815 292/2770/3815 328/2769/3815
f 5307/2771/3816 5277/2772/3816 5306/2647/3816
f 5277/2772/3817 5276/2672/3817 5306/2647/3817
f 5276/2672/3818 5269/2744/3818 5271/2649/3818
f 4616/2743/3819 4615/2773/3819 4590/2714/3819
f 3569/2774/3820 3568/2745/3820 3565/2651/3820
f 5269/2744/3821 5268/2775/3821 5270/2650/3821
f 4951/2590/3822 4948/2776/3822 4945/2675/3822
f 4500/2595/3823 4510/2748/3823 4501/2749/3823
f 4487/2751/3824 4484/2777/3824 4479/2599/3824
f 4484/2777/3825 4485/2753/3825 4478/2469/3825
f 4479/2599/3826 4484/2777/3826 4478/2469/3826
f 4486/2754/3827 4609/2755/3827 4610/2521/3827
f 1232/2718/3828 1231/2778/3828 1259/2472/3828
f 1257/2473/3829 1219/2719/3829 1232/2718/3829
f 4609/2755/3830 4643/2779/3830 4639/2652/3830
f 4643/2779/3831 4656/2780/3831 4639/2652/3831
f 4639/2652/3832 4656/2780/3832 4673/2602/3832
f 4673/2602/3833 4656/2780/3833 4694/2653/3833
f 1261/2603/3834 1230/2781/3834 1253/2601/3834
f 4694/2653/3835 4695/2782/3835 4715/2756/3835
f 4720/2654/3836 4715/2756/3836 4741/2757/3836
f 4741/2757/3837 4768/2783/3837 4750/2655/3837
f 4750/2655/3838 4768/2783/3838 4777/2721/3838
f 1389/2759/3839 1382/2784/3839 1363/2760/3839
f 1363/2760/3840 1335/2785/3840 1359/2607/3840
f 1306/2609/3841 1309/2786/3841 1294/2722/3841
f 3721/2611/3842 3727/2787/3842 3726/2612/3842
f 3733/2613/3843 3735/2788/3843 3771/2680/3843
f 3771/2680/3844 3825/2681/3844 3826/2527/3844
f 3901/2682/3845 3938/2789/3845 3937/2683/3845
f 5179/2790/3846 5188/2791/3846 5187/2616/3846
f 5253/2657/3847 5244/2792/3847 5247/2731/3847
f 5247/2731/3848 5245/2793/3848 5254/2658/3848
f 5254/2658/3849 5245/2793/3849 5252/2794/3849
f 3932/2685/3850 3943/2795/3850 3936/2687/3850
f 3936/2687/3851 3964/2796/3851 3963/2797/3851
f 5431/2798/3852 5428/2799/3852 5430/2800/3852
f 5431/2798/3853 5430/2800/3853 5436/2801/3853
f 5436/2801/3854 5430/2800/3854 5435/2802/3854
f 5436/2801/3855 5435/2802/3855 5437/2803/3855
f 5428/2799/3856 5429/2804/3856 5430/2800/3856
f 5430/2800/3857 5429/2804/3857 5435/2802/3857
f 5287/2689/3858 5286/2765/3858 5288/2700/3858
f 5428/2799/3859 5433/2805/3859 5432/2806/3859
f 5428/2799/3860 5432/2806/3860 5429/2804/3860
f 5429/2804/3861 5432/2806/3861 5434/2807/3861
f 5429/2804/3862 5434/2807/3862 5435/2802/3862
f 5303/2737/3863 5309/2808/3863 5312/2738/3863
f 3346/2708/3864 3325/2809/3864 3319/2739/3864
f 3325/2809/3865 3318/2740/3865 3319/2739/3865
f 3325/2809/3866 3324/2810/3866 3318/2740/3866
f 3318/2740/3867 3324/2810/3867 3322/2811/3867
f 3318/2740/3868 3322/2811/3868 3315/2741/3868
f 3322/2811/3869 3323/2766/3869 3315/2741/3869
f 5279/2812/3870 5277/2772/3870 5307/2771/3870
f 5313/2813/3871 5279/2812/3871 5307/2771/3871
f 328/2769/3872 292/2770/3872 327/2814/3872
f 5277/2772/3873 5269/2744/3873 5276/2672/3873
f 4590/2714/3874 4615/2773/3874 4595/2815/3874
f 4590/2714/3875 4595/2815/3875 4571/2674/3875
f 4948/2776/3876 4940/2816/3876 4945/2675/3876
f 4945/2675/3877 4940/2816/3877 4942/2817/3877
f 5338/2818/3878 5339/2819/3878 5337/2715/3878
f 4551/2716/3879 4539/2820/3879 4534/2553/3879
f 4534/2553/3880 4539/2820/3880 4538/2821/3880
f 4534/2553/3881 4538/2821/3881 4532/2593/3881
f 4532/2593/3882 4538/2821/3882 4537/2822/3882
f 4532/2593/3883 4537/2822/3883 4510/2748/3883
f 1254/2600/3884 1221/2823/3884 1237/2717/3884
f 1231/2778/3885 1221/2823/3885 1254/2600/3885
f 1253/2601/3886 1230/2781/3886 1219/2719/3886
f 4656/2780/3887 4695/2782/3887 4694/2653/3887
f 1261/2603/3888 1252/2720/3888 1230/2781/3888
f 1269/2656/3889 1256/2824/3889 1252/2720/3889
f 1285/2758/3890 1256/2824/3890 1269/2656/3890
f 3892/2729/3891 3901/2682/3891 3909/2614/3891
f 3942/2730/3892 3944/2825/3892 3932/2685/3892
f 5179/2790/3893 5183/2826/3893 5188/2791/3893
f 5244/2792/3894 5245/2793/3894 5247/2731/3894
f 5254/2658/3895 5252/2794/3895 5258/2732/3895
f 5286/2765/3896 5284/2827/3896 5303/2737/3896
f 5303/2737/3897 5284/2827/3897 5309/2808/3897
f 5309/2808/3898 5284/2827/3898 5310/2828/3898
f 5313/2813/3899 5311/2829/3899 5279/2812/3899
f 5279/2812/3900 5272/2830/3900 5277/2772/3900
f 5272/2830/3901 5269/2744/3901 5277/2772/3901
f 5267/2831/3902 5268/2775/3902 5269/2744/3902
f 4970/2832/3903 4948/2776/3903 4952/2833/3903
f 4571/2674/3904 4572/2834/3904 4551/2716/3904
f 4501/2749/3905 4506/2835/3905 4490/2750/3905
f 3772/2725/3906 3774/2836/3906 3746/2837/3906
f 3756/2838/3907 3787/2839/3907 3771/2680/3907
f 3771/2680/3908 3787/2839/3908 3825/2681/3908
f 3825/2681/3909 3889/2840/3909 3892/2729/3909
f 3889/2840/3910 3894/2841/3910 3892/2729/3910
f 3892/2729/3911 3894/2841/3911 3901/2682/3911
f 3936/2687/3912 3943/2795/3912 3964/2796/3912
f 5258/2732/3913 5252/2794/3913 5255/2842/3913
f 5258/2732/3914 5255/2842/3914 5287/2689/3914
f 5287/2689/3915 5255/2842/3915 5286/2765/3915
f 5286/2765/3916 5255/2842/3916 5285/2843/3916
f 5286/2765/3917 5285/2843/3917 5284/2827/3917
f 5284/2827/3918 5281/2844/3918 5310/2828/3918
f 5310/2828/3919 5281/2844/3919 5311/2829/3919
f 5281/2844/3920 5279/2812/3920 5311/2829/3920
f 5279/2812/3921 5281/2844/3921 5280/2845/3921
f 5279/2812/3922 5280/2845/3922 5272/2830/3922
f 292/2770/3923 288/2846/3923 327/2814/3923
f 288/2846/3924 321/2847/3924 327/2814/3924
f 5269/2744/3925 5272/2830/3925 5267/2831/3925
f 4616/2743/3926 4630/2848/3926 4615/2773/3926
f 5267/2831/3927 5266/2849/3927 5268/2775/3927
f 4615/2773/3928 4630/2848/3928 4595/2815/3928
f 4968/2850/3929 4948/2776/3929 4970/2832/3929
f 4940/2816/3930 4943/2851/3930 4941/2852/3930
f 4595/2815/3931 4572/2834/3931 4571/2674/3931
f 4510/2748/3932 4537/2822/3932 4520/2853/3932
f 4510/2748/3933 4520/2853/3933 4501/2749/3933
f 1262/2752/3934 1228/2854/3934 1274/2855/3934
f 1262/2752/3935 1227/2856/3935 1228/2854/3935
f 4487/2751/3936 4492/2857/3936 4484/2777/3936
f 4715/2756/3937 4746/2858/3937 4741/2757/3937
f 1256/2824/3938 1255/2859/3938 1252/2720/3938
f 4768/2783/3939 4799/2860/3939 4777/2721/3939
f 1376/2861/3940 1363/2760/3940 1382/2784/3940
f 1294/2722/3941 1266/2862/3941 1285/2758/3941
f 1285/2758/3942 1266/2862/3942 1256/2824/3942
f 1363/2760/3943 1334/2863/3943 1335/2785/3943
f 1334/2863/3944 1311/2864/3944 1335/2785/3944
f 1335/2785/3945 1311/2864/3945 1321/2723/3945
f 1321/2723/3946 1311/2864/3946 1309/2786/3946
f 3719/2865/3947 3728/2866/3947 3724/2728/3947
f 3735/2788/3948 3734/2867/3948 3756/2838/3948
f 3735/2788/3949 3756/2838/3949 3771/2680/3949
f 3820/2868/3950 3889/2840/3950 3825/2681/3950
f 3894/2841/3951 3938/2789/3951 3901/2682/3951
f 3937/2683/3952 3955/2869/3952 3942/2730/3952
f 5244/2792/3953 5233/2870/3953 5245/2793/3953
f 5252/2794/3954 5245/2793/3954 5250/2871/3954
f 5252/2794/3955 5250/2871/3955 5255/2842/3955
f 5285/2843/3956 5283/2872/3956 5284/2827/3956
f 5284/2827/3957 5283/2872/3957 5281/2844/3957
f 5281/2844/3958 5283/2872/3958 5280/2845/3958
f 4340/2873/3959 4341/2874/3959 4348/2875/3959
f 245/2876/3960 244/2877/3960 255/2878/3960
f 255/2878/3961 288/2846/3961 292/2770/3961
f 4630/2848/3962 4628/2879/3962 4595/2815/3962
f 4948/2776/3963 4943/2851/3963 4940/2816/3963
f 4520/2853/3964 4506/2835/3964 4501/2749/3964
f 4506/2835/3965 4502/2880/3965 4490/2750/3965
f 4490/2750/3966 4502/2880/3966 4487/2751/3966
f 1237/2717/3967 1221/2823/3967 1227/2856/3967
f 4484/2777/3968 4493/2881/3968 4485/2753/3968
f 4493/2881/3969 4585/2882/3969 4485/2753/3969
f 4485/2753/3970 4585/2882/3970 4486/2754/3970
f 4585/2882/3971 4612/2883/3971 4609/2755/3971
f 4486/2754/3972 4585/2882/3972 4609/2755/3972
f 1232/2718/3973 1217/2884/3973 1231/2778/3973
f 4612/2883/3974 4642/2885/3974 4609/2755/3974
f 4609/2755/3975 4642/2885/3975 4643/2779/3975
f 4643/2779/3976 4642/2885/3976 4656/2780/3976
f 1230/2781/3977 1218/2886/3977 1219/2719/3977
f 4741/2757/3978 4746/2858/3978 4768/2783/3978
f 1363/2760/3979 1362/2887/3979 1334/2863/3979
f 1309/2786/3980 1308/2888/3980 1294/2722/3980
f 1294/2722/3981 1308/2888/3981 1289/2889/3981
f 1294/2722/3982 1289/2889/3982 1266/2862/3982
f 3737/2890/3983 3728/2866/3983 3725/2891/3983
f 3787/2839/3984 3820/2868/3984 3825/2681/3984
f 3942/2730/3985 3955/2869/3985 3944/2825/3985
f 3955/2869/3986 3974/2892/3986 3944/2825/3986
f 5233/2870/3987 5236/2893/3987 5243/2894/3987
f 5245/2793/3988 5233/2870/3988 5243/2894/3988
f 3943/2795/3989 3986/2895/3989 3964/2796/3989
f 5255/2842/3990 5250/2871/3990 5251/2896/3990
f 5255/2842/3991 5251/2896/3991 5285/2843/3991
f 5285/2843/3992 5251/2896/3992 5283/2872/3992
f 255/2878/3993 244/2877/3993 253/2897/3993
f 5280/2845/3994 5262/2898/3994 5272/2830/3994
f 5272/2830/3995 5262/2898/3995 5266/2849/3995
f 5272/2830/3996 5266/2849/3996 5267/2831/3996
f 321/2847/3997 320/2899/3997 343/2900/3997
f 4968/2850/3998 4947/2901/3998 4948/2776/3998
f 4595/2815/3999 4596/2902/3999 4572/2834/3999
f 4551/2716/4000 4560/2903/4000 4539/2820/4000
f 4537/2822/4001 4540/2904/4001 4520/2853/4001
f 4502/2880/4002 4492/2857/4002 4487/2751/4002
f 4484/2777/4003 4492/2857/4003 4493/2881/4003
f 1231/2778/4004 1217/2884/4004 1221/2823/4004
f 1219/2719/4005 1218/2886/4005 1217/2884/4005
f 1219/2719/4006 1217/2884/4006 1232/2718/4006
f 1230/2781/4007 1229/2905/4007 1218/2886/4007
f 1252/2720/4008 1229/2905/4008 1230/2781/4008
f 1255/2859/4009 1229/2905/4009 1252/2720/4009
f 1266/2862/4010 1255/2859/4010 1256/2824/4010
f 1376/2861/4011 1362/2887/4011 1363/2760/4011
f 3756/2838/4012 3763/2906/4012 3787/2839/4012
f 3979/2907/4013 3986/2895/4013 3943/2795/4013
f 5250/2871/4014 5243/2894/4014 5251/2896/4014
f 259/2908/4015 248/2909/4015 247/2910/4015
f 5283/2872/4016 5251/2896/4016 5257/2911/4016
f 5283/2872/4017 5257/2911/4017 5280/2845/4017
f 5257/2911/4018 5262/2898/4018 5280/2845/4018
f 4339/2912/4019 4330/2913/4019 4338/2914/4019
f 253/2897/4020 276/2915/4020 288/2846/4020
f 5262/2898/4021 5265/2916/4021 5266/2849/4021
f 288/2846/4022 276/2915/4022 321/2847/4022
f 321/2847/4023 276/2915/4023 320/2899/4023
f 4595/2815/4024 4628/2879/4024 4596/2902/4024
f 4596/2902/4025 4591/2917/4025 4572/2834/4025
f 4551/2716/4026 4572/2834/4026 4560/2903/4026
f 4539/2820/4027 4557/2918/4027 4538/2821/4027
f 4538/2821/4028 4549/2919/4028 4537/2822/4028
f 4537/2822/4029 4549/2919/4029 4540/2904/4029
f 4656/2780/4030 4661/2920/4030 4695/2782/4030
f 4746/2858/4031 4769/2921/4031 4768/2783/4031
f 4768/2783/4032 4798/2922/4032 4799/2860/4032
f 1266/2862/4033 1258/2923/4033 1255/2859/4033
f 3755/2924/4034 3756/2838/4034 3734/2867/4034
f 3820/2868/4035 3818/2925/4035 3889/2840/4035
f 3889/2840/4036 3887/2926/4036 3894/2841/4036
f 3894/2841/4037 3908/2927/4037 3938/2789/4037
f 5236/2893/4038 5237/2928/4038 5243/2894/4038
f 5243/2894/4039 5246/2929/4039 5251/2896/4039
f 247/2910/4040 248/2909/4040 241/2930/4040
f 5251/2896/4041 5246/2929/4041 5257/2911/4041
f 235/2931/4042 234/2932/4042 236/2933/4042
f 5257/2911/4043 5259/2934/4043 5262/2898/4043
f 5262/2898/4044 5259/2934/4044 5265/2916/4044
f 4330/2913/4045 4327/2935/4045 4338/2914/4045
f 4965/2936/4046 4963/2937/4046 4947/2901/4046
f 4965/2936/4047 4947/2901/4047 4968/2850/4047
f 4947/2901/4048 4963/2937/4048 4949/2938/4048
f 4520/2853/4049 4542/2939/4049 4506/2835/4049
f 4542/2939/4050 4502/2880/4050 4506/2835/4050
f 4502/2880/4051 4553/2940/4051 4492/2857/4051
f 4553/2940/4052 4493/2881/4052 4492/2857/4052
f 1221/2823/4053 1210/2941/4053 1227/2856/4053
f 4493/2881/4054 4593/2942/4054 4585/2882/4054
f 4593/2942/4055 4612/2883/4055 4585/2882/4055
f 1199/2943/4056 1221/2823/4056 1217/2884/4056
f 1217/2884/4057 1201/2944/4057 1199/2943/4057
f 1218/2886/4058 1201/2944/4058 1217/2884/4058
f 1229/2905/4059 1202/2945/4059 1218/2886/4059
f 4695/2782/4060 4723/2946/4060 4715/2756/4060
f 4715/2756/4061 4723/2946/4061 4746/2858/4061
f 1255/2859/4062 1206/2947/4062 1229/2905/4062
f 4768/2783/4063 4769/2921/4063 4798/2922/4063
f 1258/2923/4064 1238/2948/4064 1255/2859/4064
f 1377/2949/4065 1350/2950/4065 1376/2861/4065
f 1289/2889/4066 1258/2923/4066 1266/2862/4066
f 3736/2951/4067 3741/2952/4067 3729/2953/4067
f 3787/2839/4068 3790/2954/4068 3818/2925/4068
f 3818/2925/4069 3887/2926/4069 3889/2840/4069
f 3887/2926/4070 3904/2955/4070 3894/2841/4070
f 3974/2892/4071 3980/2956/4071 3979/2907/4071
f 269/2957/4072 262/2958/4072 248/2909/4072
f 5237/2928/4073 5240/2959/4073 5243/2894/4073
f 5243/2894/4074 5240/2959/4074 5246/2929/4074
f 248/2909/4075 243/2960/4075 241/2930/4075
f 5246/2929/4076 5248/2961/4076 5257/2911/4076
f 235/2931/4077 232/2962/4077 234/2932/4077
f 5248/2961/4078 5259/2934/4078 5257/2911/4078
f 234/2932/4079 233/2963/4079 246/2964/4079
f 246/2964/4080 254/2965/4080 253/2897/4080
f 4967/2966/4081 4960/2967/4081 4965/2936/4081
f 4965/2936/4082 4960/2967/4082 4963/2937/4082
f 4539/2820/4083 4560/2903/4083 4557/2918/4083
f 4557/2918/4084 4556/2968/4084 4538/2821/4084
f 4538/2821/4085 4556/2968/4085 4549/2919/4085
f 4502/2880/4086 4552/2969/4086 4553/2940/4086
f 1205/2970/4087 1210/2941/4087 1221/2823/4087
f 1221/2823/4088 1199/2943/4088 1205/2970/4088
f 4642/2885/4089 4661/2920/4089 4656/2780/4089
f 1218/2886/4090 1202/2945/4090 1201/2944/4090
f 1229/2905/4091 1206/2947/4091 1202/2945/4091
f 1255/2859/4092 1238/2948/4092 1206/2947/4092
f 1362/2887/4093 1350/2950/4093 1334/2863/4093
f 3756/2838/4094 3755/2924/4094 3763/2906/4094
f 3894/2841/4095 3904/2955/4095 3908/2927/4095
f 3938/2789/4096 3908/2927/4096 3955/2869/4096
f 3962/2971/4097 3974/2892/4097 3955/2869/4097
f 3980/2956/4098 4006/2972/4098 3979/2907/4098
f 294/2973/4099 301/2974/4099 262/2958/4099
f 5237/2928/4100 5239/2975/4100 5240/2959/4100
f 248/2909/4101 251/2976/4101 243/2960/4101
f 5240/2959/4102 5242/2977/4102 5246/2929/4102
f 5242/2977/4103 5249/2978/4103 5248/2961/4103
f 5246/2929/4104 5242/2977/4104 5248/2961/4104
f 233/2963/4105 250/2979/4105 246/2964/4105
f 4969/2980/4106 4964/2981/4106 4967/2966/4106
f 4967/2966/4107 4964/2981/4107 4957/2982/4107
f 4967/2966/4108 4957/2982/4108 4960/2967/4108
f 254/2965/4109 284/2983/4109 276/2915/4109
f 276/2915/4110 284/2983/4110 320/2899/4110
f 343/2900/4111 320/2899/4111 331/2984/4111
f 4572/2834/4112 4591/2917/4112 4560/2903/4112
f 4540/2904/4113 4550/2985/4113 4520/2853/4113
f 4520/2853/4114 4550/2985/4114 4542/2939/4114
f 4502/2880/4115 4542/2939/4115 4552/2969/4115
f 4553/2940/4116 4578/2986/4116 4493/2881/4116
f 4578/2986/4117 4593/2942/4117 4493/2881/4117
f 4661/2920/4118 4706/2987/4118 4695/2782/4118
f 1311/2864/4119 1267/2988/4119 1308/2888/4119
f 1308/2888/4120 1267/2988/4120 1289/2889/4120
f 3908/2927/4121 3962/2971/4121 3955/2869/4121
f 4378/2989/4122 4377/2990/4122 4380/2991/4122
f 4957/2982/4123 4958/2992/4123 4959/2993/4123
f 4628/2879/4124 4629/2994/4124 4596/2902/4124
f 4560/2903/4125 4591/2917/4125 4584/2995/4125
f 1205/2970/4126 1167/2996/4126 1210/2941/4126
f 4612/2883/4127 4625/2997/4127 4642/2885/4127
f 1289/2889/4128 1267/2988/4128 1258/2923/4128
f 1334/2863/4129 1302/2998/4129 1311/2864/4129
f 3784/2999/4130 3818/2925/4130 3790/2954/4130
f 301/2974/4131 263/3000/4131 262/2958/4131
f 262/2958/4132 263/3000/4132 251/2976/4132
f 254/2965/4133 250/2979/4133 266/3001/4133
f 254/2965/4134 266/3001/4134 284/2983/4134
f 4596/2902/4135 4608/3002/4135 4591/2917/4135
f 4549/2919/4136 4555/3003/4136 4540/2904/4136
f 4555/3003/4137 4550/2985/4137 4540/2904/4137
f 1242/3004/4138 1236/3005/4138 1278/3006/4138
f 4550/2985/4139 4554/3007/4139 4542/2939/4139
f 4552/2969/4140 4559/3008/4140 4553/2940/4140
f 1210/2941/4141 1168/3009/4141 1222/3010/4141
f 1205/2970/4142 1166/3011/4142 1167/2996/4142
f 1199/2943/4143 1166/3011/4143 1205/2970/4143
f 1201/2944/4144 1164/3012/4144 1199/2943/4144
f 4642/2885/4145 4625/2997/4145 4661/2920/4145
f 1202/2945/4146 1173/3013/4146 1201/2944/4146
f 4695/2782/4147 4706/2987/4147 4723/2946/4147
f 4723/2946/4148 4756/3014/4148 4746/2858/4148
f 1377/2949/4149 1369/3015/4149 1350/2950/4149
f 3738/3016/4150 3751/3017/4150 3745/3018/4150
f 3755/2924/4151 3742/3019/4151 3757/3020/4151
f 3755/2924/4152 3764/3021/4152 3763/2906/4152
f 251/2976/4153 263/3000/4153 252/3022/4153
f 251/2976/4154 252/3022/4154 243/2960/4154
f 232/2962/4155 230/3023/4155 233/2963/4155
f 233/2963/4156 230/3023/4156 231/3024/4156
f 233/2963/4157 231/3024/4157 258/3025/4157
f 233/2963/4158 258/3025/4158 250/2979/4158
f 250/2979/4159 258/3025/4159 266/3001/4159
f 4629/2994/4160 4608/3002/4160 4596/2902/4160
f 4560/2903/4161 4565/3026/4161 4557/2918/4161
f 4556/2968/4162 4555/3003/4162 4549/2919/4162
f 1215/3027/4163 1236/3005/4163 1242/3004/4163
f 1222/3010/4164 1168/3009/4164 1215/3027/4164
f 4578/2986/4165 4599/3028/4165 4593/2942/4165
f 4593/2942/4166 4625/2997/4166 4612/2883/4166
f 1199/2943/4167 1164/3012/4167 1166/3011/4167
f 1201/2944/4168 1173/3013/4168 1164/3012/4168
f 1206/2947/4169 1180/3029/4169 1202/2945/4169
f 4746/2858/4170 4756/3014/4170 4769/2921/4170
f 4769/2921/4171 4800/3030/4171 4798/2922/4171
f 1267/2988/4172 1249/3031/4172 1258/2923/4172
f 1258/2923/4173 1249/3031/4173 1208/3032/4173
f 1258/2923/4174 1208/3032/4174 1238/2948/4174
f 1350/2950/4175 1322/3033/4175 1334/2863/4175
f 1322/3033/4176 1302/2998/4176 1334/2863/4176
f 3784/2999/4177 3819/3034/4177 3818/2925/4177
f 3904/2955/4178 3887/2926/4178 3899/3035/4178
f 3904/2955/4179 3899/3035/4179 3908/2927/4179
f 3899/3035/4180 3907/3036/4180 3908/2927/4180
f 3907/3036/4181 3962/2971/4181 3908/2927/4181
f 3962/2971/4182 3975/3037/4182 3974/2892/4182
f 3974/2892/4183 3981/3038/4183 3980/2956/4183
f 252/3022/4184 226/3039/4184 243/2960/4184
f 284/2983/4185 290/3040/4185 320/2899/4185
f 4560/2903/4186 4584/2995/4186 4565/3026/4186
f 4559/3008/4187 4582/3041/4187 4553/2940/4187
f 1210/2941/4188 1167/2996/4188 1168/3009/4188
f 4553/2940/4189 4582/3041/4189 4578/2986/4189
f 4599/3028/4190 4625/2997/4190 4593/2942/4190
f 1180/3029/4191 1173/3013/4191 1202/2945/4191
f 4706/2987/4192 4730/3042/4192 4723/2946/4192
f 4723/2946/4193 4730/3042/4193 4756/3014/4193
f 4756/3014/4194 4779/3043/4194 4769/2921/4194
f 4769/2921/4195 4779/3043/4195 4800/3030/4195
f 3887/2926/4196 3824/3044/4196 3899/3035/4196
f 3957/3045/4197 3962/2971/4197 3907/3036/4197
f 3975/3037/4198 3981/3038/4198 3974/2892/4198
f 3981/3038/4199 4007/3046/4199 3980/2956/4199
f 3980/2956/4200 4007/3046/4200 4006/2972/4200
f 314/3047/4201 264/3048/4201 301/2974/4201
f 263/3000/4202 217/3049/4202 252/3022/4202
f 4557/2918/4203 4565/3026/4203 4564/3050/4203
f 4557/2918/4204 4564/3050/4204 4556/2968/4204
f 1369/3015/4205 1345/3051/4205 1350/2950/4205
f 1345/3051/4206 1322/3033/4206 1350/2950/4206
f 1302/2998/4207 1288/3052/4207 1267/2988/4207
f 3754/3053/4208 3758/3054/4208 3757/3020/4208
f 3819/3034/4209 3824/3044/4209 3887/2926/4209
f 217/3049/4210 222/3055/4210 252/3022/4210
f 222/3055/4211 226/3039/4211 252/3022/4211
f 284/2983/4212 277/3056/4212 290/3040/4212
f 4629/2994/4213 4632/3057/4213 4608/3002/4213
f 4591/2917/4214 4598/3058/4214 4584/2995/4214
f 4584/2995/4215 4598/3058/4215 4565/3026/4215
f 1236/3005/4216 1224/3059/4216 1279/3060/4216
f 1167/2996/4217 1144/3061/4217 1168/3009/4217
f 4578/2986/4218 4582/3041/4218 4599/3028/4218
f 4599/3028/4219 4614/3062/4219 4625/2997/4219
f 1164/3012/4220 1148/3063/4220 1166/3011/4220
f 4625/2997/4221 4660/3064/4221 4661/2920/4221
f 4661/2920/4222 4700/3065/4222 4706/2987/4222
f 1208/3032/4223 1197/3066/4223 1180/3029/4223
f 1381/3067/4224 1368/3068/4224 1369/3015/4224
f 3753/3069/4225 3767/3070/4225 3752/3071/4225
f 3768/3072/4226 3784/2999/4226 3764/3021/4226
f 3962/2971/4227 3957/3045/4227 3975/3037/4227
f 313/3073/4228 264/3048/4228 314/3047/4228
f 301/2974/4229 264/3048/4229 263/3000/4229
f 226/3039/4230 210/3074/4230 230/3023/4230
f 266/3001/4231 277/3056/4231 284/2983/4231
f 277/3056/4232 289/3075/4232 290/3040/4232
f 290/3040/4233 297/3076/4233 331/2984/4233
f 4608/3002/4234 4598/3058/4234 4591/2917/4234
f 4556/2968/4235 4564/3050/4235 4563/3077/4235
f 4556/2968/4236 4563/3077/4236 4555/3003/4236
f 4555/3003/4237 4561/3078/4237 4550/2985/4237
f 4550/2985/4238 4561/3078/4238 4554/3007/4238
f 1209/3079/4239 1224/3059/4239 1236/3005/4239
f 4554/3007/4240 4566/3080/4240 4552/2969/4240
f 4552/2969/4241 4566/3080/4241 4559/3008/4241
f 4614/3062/4242 4638/3081/4242 4625/2997/4242
f 4625/2997/4243 4638/3081/4243 4660/3064/4243
f 4660/3064/4244 4700/3065/4244 4661/2920/4244
f 1173/3013/4245 1165/3082/4245 1164/3012/4245
f 1208/3032/4246 1249/3031/4246 1207/3083/4246
f 1368/3068/4247 1345/3051/4247 1369/3015/4247
f 1267/2988/4248 1288/3052/4248 1260/3084/4248
f 1267/2988/4249 1260/3084/4249 1249/3031/4249
f 3752/3071/4250 3767/3070/4250 3762/3085/4250
f 3758/3054/4251 3768/3072/4251 3757/3020/4251
f 3784/2999/4252 3768/3072/4252 3786/3086/4252
f 3786/3086/4253 3824/3044/4253 3819/3034/4253
f 3907/3036/4254 3899/3035/4254 3957/3045/4254
f 264/3048/4255 217/3049/4255 263/3000/4255
f 210/3074/4256 218/3087/4256 231/3024/4256
f 231/3024/4257 218/3087/4257 261/3088/4257
f 231/3024/4258 261/3088/4258 258/3025/4258
f 258/3025/4259 261/3088/4259 266/3001/4259
f 331/2984/4260 297/3076/4260 330/3089/4260
f 4608/3002/4261 4632/3057/4261 4624/3090/4261
f 4608/3002/4262 4624/3090/4262 4598/3058/4262
f 4559/3008/4263 4583/3091/4263 4582/3041/4263
f 4599/3028/4264 4604/3092/4264 4614/3062/4264
f 1164/3012/4265 1146/3093/4265 1148/3063/4265
f 1173/3013/4266 1180/3029/4266 1165/3082/4266
f 4706/2987/4267 4700/3065/4267 4730/3042/4267
f 1207/3083/4268 1197/3066/4268 1208/3032/4268
f 3899/3035/4269 3900/3094/4269 3957/3045/4269
f 4566/3080/4270 4567/3095/4270 4559/3008/4270
f 4559/3008/4271 4567/3095/4271 4583/3091/4271
f 4582/3041/4272 4604/3092/4272 4599/3028/4272
f 1148/3063/4273 1139/3096/4273 1143/3097/4273
f 1164/3012/4274 1165/3082/4274 1146/3093/4274
f 4756/3014/4275 4778/3098/4275 4779/3043/4275
f 1260/3084/4276 1233/3099/4276 1249/3031/4276
f 1249/3031/4277 1233/3099/4277 1207/3083/4277
f 1322/3033/4278 1319/3100/4278 1302/2998/4278
f 3760/3101/4279 3765/3102/4279 3761/3103/4279
f 3786/3086/4280 3817/3104/4280 3824/3044/4280
f 3824/3044/4281 3900/3094/4281 3899/3035/4281
f 3976/3105/4282 4008/3106/4282 3981/3038/4282
f 3981/3038/4283 4008/3106/4283 4007/3046/4283
f 295/3107/4284 278/3108/4284 264/3048/4284
f 278/3108/4285 227/3109/4285 264/3048/4285
f 264/3048/4286 227/3109/4286 217/3049/4286
f 222/3055/4287 204/3110/4287 226/3039/4287
f 226/3039/4288 204/3110/4288 210/3074/4288
f 4565/3026/4289 4598/3058/4289 4592/3111/4289
f 4565/3026/4290 4592/3111/4290 4564/3050/4290
f 1144/3061/4291 1143/3097/4291 1140/3112/4291
f 4583/3091/4292 4604/3092/4292 4582/3041/4292
f 4700/3065/4293 4698/3113/4293 4730/3042/4293
f 1180/3029/4294 1163/3114/4294 1165/3082/4294
f 1197/3066/4295 1174/3115/4295 1180/3029/4295
f 4756/3014/4296 4753/3116/4296 4778/3098/4296
f 1319/3100/4297 1296/3117/4297 1302/2998/4297
f 1302/2998/4298 1265/3118/4298 1288/3052/4298
f 3786/3086/4299 3768/3072/4299 3792/3119/4299
f 3786/3086/4300 3792/3119/4300 3817/3104/4300
f 3900/3094/4301 3970/3120/4301 3957/3045/4301
f 312/3121/4302 295/3107/4302 313/3073/4302
f 218/3087/4303 206/3122/4303 261/3088/4303
f 2851/3123/4304 2852/3124/4304 2828/3125/4304
f 216/3126/4305 265/3127/4305 277/3056/4305
f 4564/3050/4306 4592/3111/4306 4589/3128/4306
f 4564/3050/4307 4589/3128/4307 4563/3077/4307
f 4563/3077/4308 4589/3128/4308 4561/3078/4308
f 1140/3112/4309 1141/3129/4309 1144/3061/4309
f 4614/3062/4310 4604/3092/4310 4627/3130/4310
f 4627/3130/4311 4646/3131/4311 4614/3062/4311
f 4614/3062/4312 4646/3131/4312 4638/3081/4312
f 4638/3081/4313 4646/3131/4313 4660/3064/4313
f 4660/3064/4314 4646/3131/4314 4698/3113/4314
f 1165/3082/4315 1152/3132/4315 1146/3093/4315
f 1163/3114/4316 1152/3132/4316 1165/3082/4316
f 4698/3113/4317 4753/3116/4317 4730/3042/4317
f 1180/3029/4318 1174/3115/4318 1163/3114/4318
f 1207/3083/4319 1196/3133/4319 1197/3066/4319
f 1345/3051/4320 1319/3100/4320 1322/3033/4320
f 1302/2998/4321 1296/3117/4321 1265/3118/4321
f 3758/3054/4322 3766/3134/4322 3779/3135/4322
f 3768/3072/4323 3779/3135/4323 3792/3119/4323
f 3970/3120/4324 3976/3105/4324 3975/3037/4324
f 217/3049/4325 205/3136/4325 222/3055/4325
f 210/3074/4326 198/3137/4326 218/3087/4326
f 297/3076/4327 302/3138/4327 330/3089/4327
f 4624/3090/4328 4618/3139/4328 4598/3058/4328
f 4589/3128/4329 4586/3140/4329 4561/3078/4329
f 1196/3133/4330 1174/3115/4330 1197/3066/4330
f 1288/3052/4331 1265/3118/4331 1260/3084/4331
f 312/3121/4332 279/3141/4332 295/3107/4332
f 204/3110/4333 198/3137/4333 210/3074/4333
f 218/3087/4334 198/3137/4334 206/3122/4334
f 289/3075/4335 265/3127/4335 229/3142/4335
f 4598/3058/4336 4618/3139/4336 4592/3111/4336
f 1224/3059/4337 1212/3143/4337 1235/3144/4337
f 1211/3145/4338 1212/3143/4338 1224/3059/4338
f 1146/3093/4339 1147/3146/4339 1142/3147/4339
f 1380/3148/4340 1367/3149/4340 1368/3068/4340
f 1233/3099/4341 1196/3133/4341 1207/3083/4341
f 1345/3051/4342 1339/3150/4342 1319/3100/4342
f 3766/3134/4343 3785/3151/4343 3779/3135/4343
f 3900/3094/4344 3902/3152/4344 3970/3120/4344
f 3970/3120/4345 4009/3153/4345 3976/3105/4345
f 3976/3105/4346 4009/3153/4346 4008/3106/4346
f 279/3141/4347 278/3108/4347 295/3107/4347
f 278/3108/4348 267/3154/4348 227/3109/4348
f 227/3109/4349 195/3155/4349 217/3049/4349
f 198/3137/4350 204/3110/4350 185/3156/4350
f 229/3142/4351 274/3157/4351 297/3076/4351
f 4624/3090/4352 4663/3158/4352 4618/3139/4352
f 4566/3080/4353 4586/3140/4353 4587/3159/4353
f 4587/3159/4354 4594/3160/4354 4567/3095/4354
f 4567/3095/4355 4594/3160/4355 4602/3161/4355
f 4567/3095/4356 4602/3161/4356 4583/3091/4356
f 4583/3091/4357 4613/3162/4357 4604/3092/4357
f 1139/3096/4358 1129/3163/4358 1140/3112/4358
f 1146/3093/4359 1142/3147/4359 1139/3096/4359
f 4646/3131/4360 4659/3164/4360 4698/3113/4360
f 4763/3165/4361 4784/3166/4361 4753/3116/4361
f 4753/3116/4362 4802/3167/4362 4778/3098/4362
f 1367/3149/4363 1339/3150/4363 1368/3068/4363
f 3770/3168/4364 3780/3169/4364 3765/3102/4364
f 3796/3170/4365 3810/3171/4365 3792/3119/4365
f 3817/3104/4366 3827/3172/4366 3857/3173/4366
f 293/3174/4367 279/3141/4367 312/3121/4367
f 267/3154/4368 213/3175/4368 227/3109/4368
f 205/3136/4369 184/3176/4369 204/3110/4369
f 198/3137/4370 186/3177/4370 206/3122/4370
f 216/3126/4371 209/3178/4371 265/3127/4371
f 265/3127/4372 209/3178/4372 229/3142/4372
f 302/3138/4373 307/3179/4373 338/3180/4373
f 4618/3139/4374 4601/3181/4374 4592/3111/4374
f 4592/3111/4375 4601/3181/4375 4589/3128/4375
f 4589/3128/4376 4601/3181/4376 4600/3182/4376
f 4587/3159/4377 4586/3140/4377 4588/3183/4377
f 4587/3159/4378 4588/3183/4378 4594/3160/4378
f 4602/3161/4379 4613/3162/4379 4583/3091/4379
f 1139/3096/4380 1127/3184/4380 1129/3163/4380
f 4627/3130/4381 4604/3092/4381 4631/3185/4381
f 4631/3185/4382 4658/3186/4382 4627/3130/4382
f 4627/3130/4383 4658/3186/4383 4646/3131/4383
f 4646/3131/4384 4658/3186/4384 4659/3164/4384
f 4659/3164/4385 4727/3187/4385 4698/3113/4385
f 1163/3114/4386 1147/3146/4386 1152/3132/4386
f 4727/3187/4387 4763/3165/4387 4698/3113/4387
f 4753/3116/4388 4784/3166/4388 4802/3167/4388
f 1260/3084/4389 1265/3118/4389 1234/3188/4389
f 1260/3084/4390 1234/3188/4390 1233/3099/4390
f 3779/3135/4391 3785/3151/4391 3796/3170/4391
f 3970/3120/4392 3902/3152/4392 3985/3189/4392
f 3970/3120/4393 3985/3189/4393 4009/3153/4393
f 279/3141/4394 267/3154/4394 278/3108/4394
f 205/3136/4395 183/3190/4395 184/3176/4395
f 204/3110/4396 184/3176/4396 185/3156/4396
f 185/3156/4397 186/3177/4397 198/3137/4397
f 206/3122/4398 186/3177/4398 190/3191/4398
f 206/3122/4399 190/3191/4399 216/3126/4399
f 216/3126/4400 193/3192/4400 209/3178/4400
f 297/3076/4401 274/3157/4401 302/3138/4401
f 4589/3128/4402 4597/3193/4402 4586/3140/4402
f 4613/3162/4403 4631/3185/4403 4604/3092/4403
f 1142/3147/4404 1127/3184/4404 1139/3096/4404
f 1163/3114/4405 1153/3194/4405 1147/3146/4405
f 1174/3115/4406 1169/3195/4406 1163/3114/4406
f 1196/3133/4407 1182/3196/4407 1174/3115/4407
f 1234/3188/4408 1203/3197/4408 1233/3099/4408
f 1233/3099/4409 1203/3197/4409 1196/3133/4409
f 190/3191/4410 193/3192/4410 216/3126/4410
f 4618/3139/4411 4626/3198/4411 4601/3181/4411
f 4601/3181/4412 4619/3199/4412 4600/3182/4412
f 4600/3182/4413 4597/3193/4413 4589/3128/4413
f 4597/3193/4414 4588/3183/4414 4586/3140/4414
f 1129/3163/4415 1130/3200/4415 1137/3201/4415
f 1147/3146/4416 1145/3202/4416 1142/3147/4416
f 1169/3195/4417 1153/3194/4417 1163/3114/4417
f 4775/3203/4418 4784/3166/4418 4763/3165/4418
f 1182/3196/4419 1169/3195/4419 1174/3115/4419
f 1378/3204/4420 1366/3205/4420 1367/3149/4420
f 1203/3197/4421 1182/3196/4421 1196/3133/4421
f 1367/3149/4422 1366/3205/4422 1339/3150/4422
f 1339/3150/4423 1338/3206/4423 1319/3100/4423
f 3865/3207/4424 3852/3208/4424 3841/3209/4424
f 3778/3210/4425 3789/3211/4425 3781/3212/4425
f 3902/3152/4426 3906/3213/4426 3985/3189/4426
f 293/3174/4427 270/3214/4427 279/3141/4427
f 270/3214/4428 267/3154/4428 279/3141/4428
f 267/3154/4429 214/3215/4429 213/3175/4429
f 213/3175/4430 196/3216/4430 195/3155/4430
f 302/3138/4431 274/3157/4431 285/3217/4431
f 4618/3139/4432 4666/3218/4432 4626/3198/4432
f 4613/3162/4433 4652/3219/4433 4631/3185/4433
f 4631/3185/4434 4652/3219/4434 4658/3186/4434
f 4658/3186/4435 4705/3220/4435 4659/3164/4435
f 1169/3195/4436 1162/3221/4436 1153/3194/4436
f 4784/3166/4437 4816/3222/4437 4802/3167/4437
f 1378/3204/4438 1385/3223/4438 1366/3205/4438
f 1366/3205/4439 1338/3206/4439 1339/3150/4439
f 1338/3206/4440 1310/3224/4440 1319/3100/4440
f 1319/3100/4441 1310/3224/4441 1296/3117/4441
f 1296/3117/4442 1310/3224/4442 1295/3225/4442
f 1296/3117/4443 1295/3225/4443 1251/3226/4443
f 1296/3117/4444 1251/3226/4444 1265/3118/4444
f 1265/3118/4445 1251/3226/4445 1234/3188/4445
f 267/3154/4446 211/3227/4446 214/3215/4446
f 214/3215/4447 196/3216/4447 213/3175/4447
f 209/3178/4448 194/3228/4448 229/3142/4448
f 285/3217/4449 306/3229/4449 307/3179/4449
f 306/3229/4450 326/3230/4450 341/3231/4450
f 4601/3181/4451 4626/3198/4451 4619/3199/4451
f 3132/3232/4452 3129/3233/4452 3107/3234/4452
f 4600/3182/4453 4619/3199/4453 4597/3193/4453
f 4588/3183/4454 4605/3235/4454 4594/3160/4454
f 4605/3235/4455 4621/3236/4455 4602/3161/4455
f 4594/3160/4456 4605/3235/4456 4602/3161/4456
f 1127/3184/4457 1126/3237/4457 1129/3163/4457
f 1142/3147/4458 1145/3202/4458 1125/3238/4458
f 4659/3164/4459 4705/3220/4459 4727/3187/4459
f 4775/3203/4460 4803/3239/4460 4784/3166/4460
f 4784/3166/4461 4803/3239/4461 4816/3222/4461
f 1251/3226/4462 1203/3197/4462 1234/3188/4462
f 3805/3240/4463 3797/3241/4463 3788/3242/4463
f 3785/3151/4464 3795/3243/4464 3811/3244/4464
f 3827/3172/4465 3856/3245/4465 3906/3213/4465
f 3906/3213/4466 3994/3246/4466 3985/3189/4466
f 293/3174/4467 281/3247/4467 270/3214/4467
f 270/3214/4468 211/3227/4468 267/3154/4468
f 183/3190/4469 177/3248/4469 184/3176/4469
f 184/3176/4470 177/3248/4470 175/3249/4470
f 175/3249/4471 176/3250/4471 186/3177/4471
f 193/3192/4472 194/3228/4472 209/3178/4472
f 4619/3199/4473 4620/3251/4473 4597/3193/4473
f 4620/3251/4474 4606/3252/4474 4597/3193/4474
f 4597/3193/4475 4606/3252/4475 4588/3183/4475
f 4613/3162/4476 4622/3253/4476 4652/3219/4476
f 1153/3194/4477 1145/3202/4477 1147/3146/4477
f 176/3250/4478 182/3254/4478 190/3191/4478
f 190/3191/4479 182/3254/4479 193/3192/4479
f 229/3142/4480 219/3255/4480 274/3157/4480
f 4606/3252/4481 4605/3235/4481 4588/3183/4481
f 1153/3194/4482 1151/3256/4482 1145/3202/4482
f 1182/3196/4483 1162/3221/4483 1169/3195/4483
f 3811/3244/4484 3833/3257/4484 3822/3258/4484
f 3856/3245/4485 3861/3259/4485 3906/3213/4485
f 281/3247/4486 225/3260/4486 270/3214/4486
f 212/3261/4487 211/3227/4487 270/3214/4487
f 195/3155/4488 171/3262/4488 183/3190/4488
f 194/3228/4489 219/3255/4489 229/3142/4489
f 274/3157/4490 219/3255/4490 285/3217/4490
f 4606/3252/4491 4607/3263/4491 4605/3235/4491
f 1126/3237/4492 1131/3264/4492 1130/3200/4492
f 4621/3236/4493 4622/3253/4493 4613/3162/4493
f 4652/3219/4494 4704/3265/4494 4658/3186/4494
f 4658/3186/4495 4704/3265/4495 4705/3220/4495
f 1145/3202/4496 1123/3266/4496 1125/3238/4496
f 1145/3202/4497 1151/3256/4497 1123/3266/4497
f 4705/3220/4498 4759/3267/4498 4727/3187/4498
f 4727/3187/4499 4759/3267/4499 4775/3203/4499
f 1401/3268/4500 1384/3269/4500 1385/3223/4500
f 1384/3269/4501 1366/3205/4501 1385/3223/4501
f 1182/3196/4502 1181/3270/4502 1162/3221/4502
f 1366/3205/4503 1365/3271/4503 1338/3206/4503
f 1251/3226/4504 1200/3272/4504 1203/3197/4504
f 1203/3197/4505 1200/3272/4505 1182/3196/4505
f 1295/3225/4506 1310/3224/4506 1290/3273/4506
f 1295/3225/4507 1290/3273/4507 1251/3226/4507
f 3805/3240/4508 3830/3274/4508 3812/3275/4508
f 3811/3244/4509 3821/3276/4509 3833/3257/4509
f 3822/3258/4510 3833/3257/4510 3861/3259/4510
f 3861/3259/4511 3996/3277/4511 3906/3213/4511
f 303/3278/4512 271/3279/4512 281/3247/4512
f 281/3247/4513 271/3279/4513 225/3260/4513
f 225/3260/4514 212/3261/4514 270/3214/4514
f 200/3280/4515 196/3216/4515 214/3215/4515
f 194/3228/4516 191/3281/4516 219/3255/4516
f 285/3217/4517 287/3282/4517 306/3229/4517
f 4666/3218/4518 4774/3283/4518 4634/3284/4518
f 4634/3284/4519 4620/3251/4519 4619/3199/4519
f 4620/3251/4520 4633/3285/4520 4606/3252/4520
f 1138/3286/4521 1131/3264/4521 1136/3287/4521
f 4605/3235/4522 4607/3263/4522 4621/3236/4522
f 4621/3236/4523 4653/3288/4523 4622/3253/4523
f 1162/3221/4524 1156/3289/4524 1151/3256/4524
f 4775/3203/4525 4801/3290/4525 4803/3239/4525
f 4801/3290/4526 4804/3291/4526 4803/3239/4526
f 1366/3205/4527 1384/3269/4527 1365/3271/4527
f 1200/3272/4528 1181/3270/4528 1182/3196/4528
f 1365/3271/4529 1340/3292/4529 1338/3206/4529
f 1340/3292/4530 1310/3224/4530 1338/3206/4530
f 1290/3273/4531 1250/3293/4531 1251/3226/4531
f 1251/3226/4532 1250/3293/4532 1200/3272/4532
f 182/3254/4533 173/3294/4533 193/3192/4533
f 173/3294/4534 191/3281/4534 194/3228/4534
f 326/3230/4535 287/3282/4535 316/3295/4535
f 4634/3284/4536 4774/3283/4536 4637/3296/4536
f 1220/3297/4537 1225/3298/4537 1276/3299/4537
f 4637/3296/4538 4633/3285/4538 4620/3251/4538
f 4607/3263/4539 4623/3300/4539 4621/3236/4539
f 4623/3300/4540 4653/3288/4540 4621/3236/4540
f 4653/3288/4541 4701/3301/4541 4622/3253/4541
f 4622/3253/4542 4701/3301/4542 4652/3219/4542
f 4759/3267/4543 4801/3290/4543 4775/3203/4543
f 1171/3302/4544 1156/3289/4544 1162/3221/4544
f 1401/3268/4545 1412/3303/4545 1384/3269/4545
f 1181/3270/4546 1171/3302/4546 1162/3221/4546
f 1340/3292/4547 1318/3304/4547 1310/3224/4547
f 3847/3305/4548 3849/3306/4548 3830/3274/4548
f 212/3261/4549 179/3307/4549 211/3227/4549
f 219/3255/4550 207/3308/4550 272/3309/4550
f 219/3255/4551 272/3309/4551 285/3217/4551
f 4637/3296/4552 4731/3310/4552 4633/3285/4552
f 4633/3285/4553 4607/3263/4553 4606/3252/4553
f 4701/3301/4554 4704/3265/4554 4652/3219/4554
f 4704/3265/4555 4757/3311/4555 4705/3220/4555
f 4757/3311/4556 4759/3267/4556 4705/3220/4556
f 1310/3224/4557 1318/3304/4557 1290/3273/4557
f 3799/3312/4558 3828/3313/4558 3814/3314/4558
f 3903/3315/4559 3996/3277/4559 3861/3259/4559
f 296/3316/4560 282/3317/4560 271/3279/4560
f 271/3279/4561 203/3318/4561 225/3260/4561
f 211/3227/4562 179/3307/4562 200/3280/4562
f 196/3216/4563 172/3319/4563 171/3262/4563
f 182/3254/4564 148/3320/4564 173/3294/4564
f 191/3281/4565 187/3321/4565 219/3255/4565
f 219/3255/4566 187/3321/4566 207/3308/4566
f 4633/3285/4567 4664/3322/4567 4607/3263/4567
f 4607/3263/4568 4664/3322/4568 4623/3300/4568
f 4701/3301/4569 4754/3323/4569 4704/3265/4569
f 1123/3266/4570 1122/3324/4570 1124/3325/4570
f 4757/3311/4571 4760/3326/4571 4759/3267/4571
f 4760/3326/4572 4801/3290/4572 4759/3267/4572
f 1426/3327/4573 1413/3328/4573 1412/3303/4573
f 1171/3302/4574 1170/3329/4574 1156/3289/4574
f 1412/3303/4575 1413/3328/4575 1384/3269/4575
f 1200/3272/4576 1198/3330/4576 1181/3270/4576
f 1290/3273/4577 1246/3331/4577 1250/3293/4577
f 1250/3293/4578 1246/3331/4578 1200/3272/4578
f 177/3248/4579 147/3332/4579 175/3249/4579
f 175/3249/4580 148/3320/4580 176/3250/4580
f 174/3333/4581 187/3321/4581 191/3281/4581
f 272/3309/4582 207/3308/4582 208/3334/4582
f 287/3282/4583 286/3335/4583 316/3295/4583
f 1225/3298/4584 1277/3336/4584 1487/3337/4584
f 4664/3322/4585 4665/3338/4585 4623/3300/4585
f 4623/3300/4586 4707/3339/4586 4653/3288/4586
f 1124/3325/4587 1128/3340/4587 1126/3237/4587
f 4704/3265/4588 4754/3323/4588 4757/3311/4588
f 1413/3328/4589 1383/3341/4589 1384/3269/4589
f 1384/3269/4590 1383/3341/4590 1365/3271/4590
f 1383/3341/4591 1349/3342/4591 1365/3271/4591
f 1198/3330/4592 1184/3343/4592 1181/3270/4592
f 1181/3270/4593 1184/3343/4593 1171/3302/4593
f 1365/3271/4594 1349/3342/4594 1340/3292/4594
f 1290/3273/4595 1297/3344/4595 1246/3331/4595
f 282/3317/4596 215/3345/4596 271/3279/4596
f 203/3318/4597 201/3346/4597 212/3261/4597
f 212/3261/4598 201/3346/4598 179/3307/4598
f 179/3307/4599 178/3347/4599 200/3280/4599
f 178/3347/4600 172/3319/4600 200/3280/4600
f 173/3294/4601 174/3333/4601 191/3281/4601
f 316/3295/4602 286/3335/4602 298/3348/4602
f 316/3295/4603 298/3348/4603 329/3349/4603
f 4633/3285/4604 4731/3310/4604 4664/3322/4604
f 4665/3338/4605 4707/3339/4605 4623/3300/4605
f 1150/3350/4606 1121/3351/4606 1123/3266/4606
f 1349/3342/4607 1317/3352/4607 1318/3304/4607
f 1340/3292/4608 1349/3342/4608 1318/3304/4608
f 1318/3304/4609 1317/3352/4609 1290/3273/4609
f 3828/3313/4610 3845/3353/4610 3814/3314/4610
f 207/3308/4611 192/3354/4611 208/3334/4611
f 208/3334/4612 286/3335/4612 287/3282/4612
f 298/3348/4613 299/3355/4613 329/3349/4613
f 329/3349/4614 325/3356/4614 337/3357/4614
f 4731/3310/4615 4771/3358/4615 4664/3322/4615
f 1156/3289/4616 1160/3359/4616 1150/3350/4616
f 1156/3289/4617 1150/3350/4617 1151/3256/4617
f 1448/3360/4618 1443/3361/4618 1426/3327/4618
f 1443/3361/4619 1413/3328/4619 1426/3327/4619
f 1317/3352/4620 1297/3344/4620 1290/3273/4620
f 305/3362/4621 283/3363/4621 308/3364/4621
f 308/3364/4622 283/3363/4622 282/3317/4622
f 282/3317/4623 199/3365/4623 215/3345/4623
f 197/3366/4624 168/3367/4624 201/3346/4624
f 203/3318/4625 197/3366/4625 201/3346/4625
f 172/3319/4626 152/3368/4626 171/3262/4626
f 152/3368/4627 146/3369/4627 171/3262/4627
f 171/3262/4628 136/3370/4628 169/3371/4628
f 136/3370/4629 147/3332/4629 169/3371/4629
f 148/3320/4630 134/3372/4630 173/3294/4630
f 173/3294/4631 134/3372/4631 138/3373/4631
f 173/3294/4632 138/3373/4632 174/3333/4632
f 187/3321/4633 192/3354/4633 207/3308/4633
f 286/3335/4634 273/3374/4634 298/3348/4634
f 4754/3323/4635 4815/3375/4635 4757/3311/4635
f 4815/3375/4636 4874/3376/4636 4757/3311/4636
f 1443/3361/4637 1414/3377/4637 1413/3328/4637
f 1170/3329/4638 1160/3359/4638 1156/3289/4638
f 1414/3377/4639 1411/3378/4639 1383/3341/4639
f 1413/3328/4640 1414/3377/4640 1383/3341/4640
f 1170/3329/4641 1184/3343/4641 1177/3379/4641
f 1383/3341/4642 1379/3380/4642 1349/3342/4642
f 1246/3331/4643 1297/3344/4643 1248/3381/4643
f 1246/3331/4644 1248/3381/4644 1198/3330/4644
f 1790/3382/4645 1795/3383/4645 1841/3384/4645
f 3846/3385/4646 3864/3386/4646 4030/3387/4646
f 201/3346/4647 168/3367/4647 167/3388/4647
f 147/3332/4648 134/3372/4648 148/3320/4648
f 187/3321/4649 145/3389/4649 192/3354/4649
f 208/3334/4650 273/3374/4650 286/3335/4650
f 3155/3390/4651 3154/3391/4651 3128/3392/4651
f 4780/3393/4652 4772/3394/4652 4665/3338/4652
f 4708/3395/4653 4876/3396/4653 4754/3323/4653
f 1149/3397/4654 1132/3398/4654 1121/3351/4654
f 4754/3323/4655 4876/3396/4655 4815/3375/4655
f 1177/3379/4656 1160/3359/4656 1170/3329/4656
f 1184/3343/4657 1198/3330/4657 1177/3379/4657
f 1364/3399/4658 1323/3400/4658 1317/3352/4658
f 1349/3342/4659 1364/3399/4659 1317/3352/4659
f 1317/3352/4660 1323/3400/4660 1297/3344/4660
f 305/3362/4661 224/3401/4661 283/3363/4661
f 167/3388/4662 156/3402/4662 178/3347/4662
f 147/3332/4663 135/3403/4663 134/3372/4663
f 174/3333/4664 137/3404/4664 145/3389/4664
f 208/3334/4665 188/3405/4665 273/3374/4665
f 273/3374/4666 228/3406/4666 298/3348/4666
f 1158/3407/4667 1157/3408/4667 1214/3409/4667
f 4771/3358/4668 4780/3393/4668 4664/3322/4668
f 1134/3410/4669 1133/3411/4669 1157/3408/4669
f 4708/3395/4670 4773/3412/4670 4876/3396/4670
f 1478/3413/4671 1468/3414/4671 1456/3415/4671
f 1177/3379/4672 1176/3416/4672 1160/3359/4672
f 1248/3381/4673 1195/3417/4673 1198/3330/4673
f 1198/3330/4674 1195/3417/4674 1177/3379/4674
f 138/3373/4675 137/3404/4675 174/3333/4675
f 192/3354/4676 188/3405/4676 208/3334/4676
f 228/3406/4677 299/3355/4677 298/3348/4677
f 299/3355/4678 315/3418/4678 325/3356/4678
f 1478/3413/4679 1492/3419/4679 1468/3414/4679
f 1160/3359/4680 1161/3420/4680 1149/3397/4680
f 1456/3415/4681 1468/3414/4681 1443/3361/4681
f 1414/3377/4682 1438/3421/4682 1411/3378/4682
f 1248/3381/4683 1297/3344/4683 1247/3422/4683
f 1248/3381/4684 1247/3422/4684 1195/3417/4684
f 355/3423/4685 304/3424/4685 305/3362/4685
f 304/3424/4686 224/3401/4686 305/3362/4686
f 156/3402/4687 132/3425/4687 152/3368/4687
f 132/3425/4688 121/3426/4688 146/3369/4688
f 152/3368/4689 132/3425/4689 146/3369/4689
f 121/3426/4690 136/3370/4690 146/3369/4690
f 134/3372/4691 116/3427/4691 138/3373/4691
f 192/3354/4692 149/3428/4692 188/3405/4692
f 356/3429/4693 354/3430/4693 376/3431/4693
f 376/3431/4694 354/3430/4694 381/3432/4694
f 376/3431/4695 381/3432/4695 414/3433/4695
f 1132/3398/4696 1135/3434/4696 1133/3411/4696
f 1177/3379/4697 1186/3435/4697 1176/3416/4697
f 1379/3380/4698 1388/3436/4698 1364/3399/4698
f 1297/3344/4699 1313/3437/4699 1247/3422/4699
f 418/3438/4700 350/3439/4700 416/3440/4700
f 167/3388/4701 150/3441/4701 156/3402/4701
f 192/3354/4702 145/3389/4702 149/3428/4702
f 273/3374/4703 188/3405/4703 228/3406/4703
f 333/3442/4704 354/3430/4704 356/3429/4704
f 360/3443/4705 381/3432/4705 354/3430/4705
f 1438/3421/4706 1427/3444/4706 1411/3378/4706
f 1411/3378/4707 1427/3444/4707 1388/3436/4707
f 1388/3436/4708 1386/3445/4708 1364/3399/4708
f 1195/3417/4709 1186/3435/4709 1177/3379/4709
f 1364/3399/4710 1346/3446/4710 1323/3400/4710
f 1323/3400/4711 1346/3446/4711 1313/3437/4711
f 458/3447/4712 417/3448/4712 418/3438/4712
f 417/3448/4713 350/3439/4713 418/3438/4713
f 150/3441/4714 139/3449/4714 156/3402/4714
f 156/3402/4715 139/3449/4715 132/3425/4715
f 3105/3450/4716 3134/3451/4716 3104/3452/4716
f 120/3453/4717 117/3454/4717 137/3404/4717
f 137/3404/4718 117/3454/4718 124/3455/4718
f 145/3389/4719 124/3455/4719 149/3428/4719
f 315/3418/4720 332/3456/4720 333/3442/4720
f 1159/3457/4721 1213/3458/4721 1190/3459/4721
f 381/3432/4722 383/3460/4722 432/3461/4722
f 432/3461/4723 404/3462/4723 443/3463/4723
f 1492/3419/4724 1477/3464/4724 1468/3414/4724
f 1161/3420/4725 1154/3465/4725 1149/3397/4725
f 1459/3466/4726 1445/3467/4726 1438/3421/4726
f 1186/3435/4727 1185/3468/4727 1176/3416/4727
f 1195/3417/4728 1204/3469/4728 1186/3435/4728
f 1364/3399/4729 1386/3445/4729 1346/3446/4729
f 1840/3470/4730 1900/3471/4730 1899/3472/4730
f 224/3401/4731 220/3473/4731 180/3474/4731
f 1240/3475/4732 1486/3476/4732 1241/3477/4732
f 1135/3434/4733 1178/3478/4733 1159/3457/4733
f 1468/3414/4734 1477/3464/4734 1459/3466/4734
f 1438/3421/4735 1445/3467/4735 1427/3444/4735
f 1427/3444/4736 1422/3479/4736 1388/3436/4736
f 144/3480/4737 133/3481/4737 160/3482/4737
f 160/3482/4738 133/3481/4738 150/3441/4738
f 150/3441/4739 133/3481/4739 139/3449/4739
f 132/3425/4740 85/3483/4740 121/3426/4740
f 120/3453/4741 90/3484/4741 117/3454/4741
f 188/3405/4742 125/3485/4742 189/3486/4742
f 189/3486/4743 128/3487/4743 280/3488/4743
f 1155/3489/4744 1178/3478/4744 1135/3434/4744
f 1459/3466/4745 1477/3464/4745 1467/3490/4745
f 1459/3466/4746 1467/3490/4746 1445/3467/4746
f 1204/3469/4747 1185/3468/4747 1186/3435/4747
f 1346/3446/4748 1314/3491/4748 1313/3437/4748
f 350/3439/4749 324/3492/4749 349/3493/4749
f 87/3494/4750 89/3495/4750 116/3427/4750
f 124/3455/4751 126/3496/4751 149/3428/4751
f 280/3488/4752 319/3497/4752 315/3418/4752
f 354/3430/4753 344/3498/4753 360/3443/4753
f 1925/3499/4754 1902/3500/4754 1935/3501/4754
f 165/3502/4755 154/3503/4755 144/3480/4755
f 118/3504/4756 88/3505/4756 139/3449/4756
f 117/3454/4757 93/3506/4757 124/3455/4757
f 124/3455/4758 93/3506/4758 106/3507/4758
f 3149/3508/4759 3167/3509/4759 3162/3510/4759
f 126/3496/4760 107/3511/4760 125/3485/4760
f 189/3486/4761 125/3485/4761 128/3487/4761
f 344/3498/4762 346/3512/4762 360/3443/4762
f 1454/3513/4763 1440/3514/4763 1445/3467/4763
f 1900/3471/4764 1878/3515/4764 1902/3500/4764
f 87/3494/4765 53/3516/4765 89/3495/4765
f 90/3484/4766 65/3517/4766 93/3506/4766
f 347/3518/4767 361/3519/4767 360/3443/4767
f 361/3519/4768 377/3520/4768 404/3462/4768
f 1172/3521/4769 1188/3522/4769 1179/3523/4769
f 413/3524/4770 434/3525/4770 459/3526/4770
f 1440/3514/4771 1435/3527/4771 1422/3479/4771
f 1435/3527/4772 1420/3528/4772 1422/3479/4772
f 477/3529/4773 447/3530/4773 425/3531/4773
f 457/3532/4774 477/3529/4774 425/3531/4774
f 367/3533/4775 334/3534/4775 324/3492/4775
f 154/3503/4776 119/3535/4776 144/3480/4776
f 133/3481/4777 49/3536/4777 118/3504/4777
f 1513/3537/4778 1514/3538/4778 1530/3539/4778
f 125/3485/4779 107/3511/4779 103/3540/4779
f 127/3541/4780 291/3542/4780 128/3487/4780
f 1479/3543/4781 1454/3513/4781 1467/3490/4781
f 1183/3544/4782 1193/3545/4782 1175/3546/4782
f 1454/3513/4783 1453/3547/4783 1440/3514/4783
f 1192/3548/4784 1194/3549/4784 1183/3544/4784
f 291/3542/4785 127/3541/4785 129/3550/4785
f 291/3542/4786 129/3550/4786 322/3551/4786
f 129/3550/4787 317/3552/4787 322/3551/4787
f 1191/3553/4788 1243/3554/4788 1244/3555/4788
f 346/3512/4789 339/3556/4789 347/3518/4789
f 1188/3522/4790 1223/3557/4790 1179/3523/4790
f 377/3520/4791 380/3558/4791 413/3524/4791
f 46/3559/4792 33/3560/4792 51/3561/4792
f 413/3524/4793 405/3562/4793 434/3525/4793
f 1187/3563/4794 1245/3564/4794 1189/3565/4794
f 1435/3527/4795 1447/3566/4795 1439/3567/4795
f 1439/3567/4796 1400/3568/4796 1420/3528/4796
f 447/3530/4797 431/3569/4797 397/3570/4797
f 102/3571/4798 127/3541/4798 103/3540/4798
f 1437/3572/4799 1421/3573/4799 1373/3574/4799
f 35/3575/4800 30/3576/4800 49/3536/4800
f 30/3576/4801 43/3577/4801 49/3536/4801
f 92/3578/4802 102/3571/4802 103/3540/4802
f 42/3579/4803 57/3580/4803 64/3581/4803
f 84/3582/4804 94/3583/4804 102/3571/4804
f 102/3571/4805 94/3583/4805 112/3584/4805
f 348/3585/4806 362/3586/4806 375/3587/4806
f 1189/3565/4807 1428/3588/4807 1423/3589/4807
f 339/3556/4808 336/3590/4808 348/3585/4808
f 375/3587/4809 387/3591/4809 405/3562/4809
f 1245/3564/4810 1441/3592/4810 1428/3588/4810
f 431/3569/4811 424/3593/4811 393/3594/4811
f 57/3580/4812 54/3595/4812 63/3596/4812
f 84/3582/4813 70/3597/4813 69/3598/4813
f 112/3584/4814 94/3583/4814 111/3599/4814
f 1466/3600/4815 1446/3601/4815 1428/3588/4815
f 1442/3602/4816 1449/3603/4816 1436/3604/4816
f 29/3605/4817 20/3606/4817 31/3607/4817
f 94/3583/4818 81/3608/4818 95/3609/4818
f 382/3610/4819 402/3611/4819 403/3612/4819
f 1463/3613/4820 1462/3614/4820 1442/3602/4820
f 81/3608/4821 80/3615/4821 95/3609/4821
f 95/3609/4822 122/3616/4822 111/3599/4822
f 1462/3614/4823 1470/3617/4823 1449/3603/4823
f 1449/3603/4824 1470/3617/4824 1469/3618/4824
f 37/3619/4825 36/3620/4825 55/3621/4825
f 1480/3622/4826 1499/3623/4826 1494/3624/4826
f 1524/3625/4827 1532/3626/4827 1533/3627/4827
f 1496/3628/4828 1511/3629/4828 1520/3630/4828
f 472/3631/4829 450/3632/4829 471/3633/4829
f 104/3634/4830 105/3635/4830 358/3636/4830
f 427/3637/4831 408/3638/4831 430/3639/4831
f 67/3640/4832 68/3641/4832 16/3642/4832
f 5/3643/4833 1/3644/4833 38/3645/4833
f 38/3645/4834 1/3644/4834 39/3646/4834
f 1532/3626/4835 1534/3647/4835 1540/3648/4835
f 104/3634/4836 78/3649/4836 105/3635/4836
f 105/3635/4837 372/3650/4837 358/3636/4837
f 358/3636/4838 372/3650/4838 373/3651/4838
f 14/3652/4839 6/3653/4839 7/3654/4839
f 1529/3655/4840 1536/3656/4840 1534/3647/4840
f 100/3657/4841 131/3658/4841 372/3650/4841
f 504/3659/4842 483/3660/4842 508/3661/4842
f 489/3662/4843 483/3660/4843 504/3659/4843
f 469/3663/4844 440/3664/4844 465/3665/4844
f 98/3666/4845 390/3667/4845 379/3668/4845
f 97/3669/4846 385/3670/4846 384/3671/4846
f 2105/172/4847 2240/137/4847 2111/138/4847
f 2092/143/4848 2112/116/4848 2109/146/4848
f 2066/176/4849 2087/139/4849 2067/180/4849
f 2698/193/4850 2722/164/4850 2708/245/4850
f 2050/230/4851 2066/176/4851 2067/180/4851
f 639/181/4852 663/179/4852 860/178/4852
f 638/232/4853 639/181/4853 860/178/4853
f 2032/260/4854 2050/230/4854 2041/261/4854
f 588/289/4855 589/233/4855 638/232/4855
f 857/310/4856 664/231/4856 918/258/4856
f 2107/264/4857 2117/236/4857 2123/292/4857
f 2539/342/4858 2553/271/4858 2550/275/4858
f 2078/304/4859 2084/253/4859 2060/305/4859
f 2060/305/4860 2046/287/4860 2042/329/4860
f 2032/260/4861 2041/261/4861 2028/361/4861
f 2028/361/4862 2041/261/4862 2034/312/4862
f 576/315/4863 588/289/4863 605/314/4863
f 2149/336/4864 2147/293/4864 2167/269/4864
f 2078/304/4865 2060/305/4865 2059/378/4865
f 2021/381/4866 2035/309/4866 2032/260/4866
f 2030/362/4867 2034/312/4867 2048/313/4867
f 2021/381/4868 2032/260/4868 2028/361/4868
f 2236/356/4869 2097/327/4869 2098/407/4869
f 2019/383/4870 2028/361/4870 2018/360/4870
f 586/416/4871 576/315/4871 587/363/4871
f 2052/417/4872 2063/317/4872 2072/386/4872
f 551/388/4873 541/333/4873 549/332/4873
f 2508/399/4874 2555/344/4874 2566/373/4874
f 1024/353/4875 1006/352/4875 1017/406/4875
f 2257/427/4876 2236/356/4876 2235/428/4876
f 2017/481/4877 2025/410/4877 2020/411/4877
f 2350/453/4878 2322/380/4878 2344/431/4878
f 2020/411/4879 2021/381/4879 2010/432/4879
f 604/436/4880 613/384/4880 637/435/4880
f 2029/415/4881 2043/331/4881 2052/417/4881
f 2093/387/4882 2114/365/4882 2116/439/4882
f 2453/465/4883 2496/372/4883 2508/399/4883
f 2040/379/4884 2025/410/4884 2023/478/4884
f 923/454/4885 945/412/4885 946/504/4885
f 874/482/4886 858/433/4886 923/454/4886
f 2029/415/4887 2052/417/4887 2031/485/4887
f 2073/484/4888 2072/386/4888 2074/457/4888
f 2343/479/4889 2304/409/4889 2317/480/4889
f 2004/528/4890 2009/434/4890 2013/455/4890
f 2013/455/4891 2029/415/4891 2031/485/4891
f 2116/439/4892 2139/438/4892 2151/513/4892
f 2161/512/4893 2140/420/4893 2172/460/4893
f 2500/464/4894 2512/368/4894 2495/442/4894
f 2082/526/4895 2100/474/4895 2079/475/4895
f 2369/552/4896 2355/452/4896 2343/479/4896
f 2038/527/4897 2039/477/4897 2023/478/4897
f 2005/529/4898 2013/455/4898 2015/507/4898
f 2536/566/4899 2538/515/4899 2500/464/4899
f 2442/517/4900 2443/518/4900 2432/588/4900
f 2279/577/4901 2275/472/4901 2245/524/4901
f 2279/577/4902 2295/500/4902 2275/472/4902
f 2342/597/4903 2343/479/4903 2316/501/4903
f 2011/502/4904 2017/481/4904 2008/505/4904
f 2022/558/4905 2031/485/4905 2053/559/4905
f 2141/534/4906 2151/513/4906 2163/3672/4906
f 2151/513/4907 2161/512/4907 2171/563/4907
f 2163/3672/4908 2151/513/4908 2171/563/4908
f 2500/464/4909 2495/442/4909 2491/585/4909
f 2465/538/4910 2462/444/4910 2451/539/4910
f 2451/539/4911 2442/517/4911 2440/608/4911
f 2024/550/4912 2023/478/4912 2014/579/4912
f 2053/559/4913 2073/484/4913 2113/560/4913
f 2146/662/4914 2122/533/4914 2141/534/4914
f 2146/662/4915 2141/534/4915 2163/3672/4915
f 2243/595/4916 2101/525/4916 2102/618/4916
f 2279/577/4917 2245/524/4917 2272/617/4917
f 2095/619/4918 2101/525/4918 2082/526/4918
f 2342/597/4919 2316/501/4919 2308/578/4919
f 2360/690/4920 2358/596/4920 2342/597/4920
f 862/649/4921 788/530/4921 861/556/4921
f 2022/558/4922 2053/559/4922 2055/652/4922
f 2129/3673/4923 2122/533/4923 2146/662/4923
f 2497/668/4924 2505/567/4924 2491/585/4924
f 2080/620/4925 2069/549/4925 2044/622/4925
f 2044/622/4926 2038/527/4926 2027/661/4926
f 2027/661/4927 2038/527/4927 2024/550/4927
f 1993/598/4928 2008/505/4928 1991/624/4928
f 1999/603/4929 2005/529/4929 2007/605/4929
f 2007/605/4930 2022/558/4930 2055/652/4930
f 2053/559/4931 2113/560/4931 2128/627/4931
f 2583/3674/4932 2564/565/4932 2563/701/4932
f 2581/3675/4933 2583/3674/4933 2563/701/4933
f 2564/565/4934 2547/564/4934 2548/699/4934
f 2563/701/4935 2564/565/4935 2548/699/4935
f 2451/539/4936 2440/608/4936 2450/607/4936
f 2439/672/4937 2440/608/4937 2432/588/4937
f 2423/708/4938 2432/588/4938 2425/589/4938
f 2269/3676/4939 2272/617/4939 2243/595/4939
f 2354/3677/4940 2360/690/4940 2342/597/4940
f 2390/623/4941 2358/596/4941 2360/690/4941
f 603/653/4942 601/580/4942 624/626/4942
f 2128/627/4943 2122/533/4943 2129/3673/4943
f 2129/3673/4944 2146/662/4944 2160/664/4944
f 2176/663/4945 2146/662/4945 2163/3672/4945
f 2176/663/4946 2163/3672/4946 2171/563/4946
f 2548/699/4947 2547/564/4947 2535/3678/4947
f 2535/3678/4948 2547/564/4948 2536/566/4948
f 2484/702/4949 2491/585/4949 2483/570/4949
f 2484/702/4950 2483/570/4950 2460/633/4950
f 2450/607/4951 2440/608/4951 2441/673/4951
f 2431/674/4952 2432/588/4952 2423/708/4952
f 2413/638/4953 2416/591/4953 2415/640/4953
f 2354/3677/4954 2342/597/4954 2348/660/4954
f 2382/689/4955 2360/690/4955 2354/3677/4955
f 2012/646/4956 2014/579/4956 1993/598/4956
f 2176/663/4957 2171/563/4957 2191/3679/4957
f 2535/3678/4958 2536/566/4958 2505/567/4958
f 2535/3678/4959 2505/567/4959 2511/669/4959
f 2497/668/4960 2491/585/4960 2484/702/4960
f 2269/3676/4961 2243/595/4961 2244/776/4961
f 2243/595/4962 2102/618/4962 2244/776/4962
f 2102/618/4963 2095/619/4963 2096/715/4963
f 2095/619/4964 2080/620/4964 2094/716/4964
f 2080/620/4965 2044/622/4965 2045/748/4965
f 2027/661/4966 2012/646/4966 2016/779/4966
f 2012/646/4967 1993/598/4967 1985/717/4967
f 1014/719/4968 921/601/4968 1013/692/4968
f 998/720/4969 920/648/4969 921/601/4969
f 1990/718/4970 1992/647/4970 1997/602/4970
f 1996/693/4971 1999/603/4971 2007/605/4971
f 1996/693/4972 2007/605/4972 2006/3680/4972
f 2006/3680/4973 2007/605/4973 2055/652/4973
f 2166/3681/4974 2160/664/4974 2176/663/4974
f 2176/663/4975 2191/3679/4975 2198/3682/4975
f 2305/645/4976 2272/617/4976 2300/733/4976
f 2300/733/4977 2272/617/4977 2269/3676/4977
f 2270/775/4978 2269/3676/4978 2244/776/4978
f 2244/776/4979 2102/618/4979 2231/778/4979
f 2231/778/4980 2102/618/4980 2096/715/4980
f 2045/748/4981 2044/622/4981 2027/661/4981
f 2037/812/4982 2045/748/4982 2027/661/4982
f 2037/812/4983 2027/661/4983 2016/779/4983
f 2370/750/4984 2354/3677/4984 2348/660/4984
f 2382/689/4985 2354/3677/4985 2370/750/4985
f 2396/752/4986 2390/623/4986 2382/689/4986
f 1984/691/4987 1991/624/4987 1990/718/4987
f 2006/3680/4988 2055/652/4988 2118/696/4988
f 2159/3683/4989 2128/627/4989 2129/3673/4989
f 2129/3673/4990 2160/664/4990 2166/3681/4990
f 606/723/4991 592/654/4991 614/698/4991
f 2177/3684/4992 2166/3681/4992 2176/663/4992
f 2177/3684/4993 2176/663/4993 2198/3682/4993
f 2545/700/4994 2548/699/4994 2535/3678/4994
f 2497/668/4995 2484/702/4995 2490/788/4995
f 2476/703/4996 2460/633/4996 2461/764/4996
f 2438/706/4997 2439/672/4997 2431/674/4997
f 1986/782/4998 1984/691/4998 1990/718/4998
f 2118/696/4999 2119/651/4999 2145/3685/4999
f 2119/651/5000 2128/627/5000 2145/3685/5000
f 2159/3683/5001 2129/3673/5001 2166/3681/5001
f 2596/3686/5002 2581/3675/5002 2580/757/5002
f 2581/3675/5003 2563/701/5003 2580/757/5003
f 2563/701/5004 2545/700/5004 2561/758/5004
f 2561/758/5005 2545/700/5005 2540/3687/5005
f 2540/3687/5006 2545/700/5006 2535/3678/5006
f 2540/3687/5007 2535/3678/5007 2511/669/5007
f 2490/788/5008 2484/702/5008 2476/703/5008
f 2461/764/5009 2460/633/5009 2441/673/5009
f 2441/673/5010 2438/706/5010 2444/789/5010
f 2428/768/5011 2431/674/5011 2423/708/5011
f 2300/733/5012 2269/3676/5012 2270/775/5012
f 2016/779/5013 2012/646/5013 1985/717/5013
f 1994/781/5014 1990/718/5014 1996/693/5014
f 2120/839/5015 2006/3680/5015 2118/696/5015
f 765/754/5016 766/695/5016 795/721/5016
f 2118/696/5017 2145/3685/5017 2152/3688/5017
f 2145/3685/5018 2128/627/5018 2159/3683/5018
f 618/784/5019 606/723/5019 614/698/5019
f 2210/3689/5020 2177/3684/5020 2198/3682/5020
f 2540/3687/5021 2511/669/5021 2520/3690/5021
f 2520/3690/5022 2511/669/5022 2501/724/5022
f 2501/724/5023 2497/668/5023 2490/788/5023
f 2461/764/5024 2441/673/5024 2455/790/5024
f 2434/791/5025 2438/706/5025 2431/674/5025
f 2271/774/5026 2270/775/5026 2251/777/5026
f 2232/797/5027 2231/778/5027 2096/715/5027
f 2232/797/5028 2096/715/5028 2223/860/5028
f 2223/860/5029 2096/715/5029 2094/716/5029
f 2346/734/5030 2305/645/5030 2318/732/5030
f 2348/660/5031 2346/734/5031 2363/798/5031
f 2037/812/5032 2016/779/5032 2033/863/5032
f 1981/780/5033 1985/717/5033 1984/691/5033
f 4180/931/5034 4205/736/5034 4206/735/5034
f 925/753/5035 920/648/5035 980/738/5035
f 2003/801/5036 1996/693/5036 2006/3680/5036
f 2120/839/5037 2118/696/5037 2121/840/5037
f 2190/3691/5038 2177/3684/5038 2210/3689/5038
f 2596/3686/5039 2580/757/5039 2597/3692/5039
f 2444/789/5040 2438/706/5040 2434/791/5040
f 2315/838/5041 2300/733/5041 2271/774/5041
f 2223/860/5042 2094/716/5042 2207/861/5042
f 2315/838/5043 2318/732/5043 2300/733/5043
f 2094/716/5044 2045/748/5044 2083/813/5044
f 4180/931/5045 4206/735/5045 4204/3693/5045
f 1986/782/5046 1994/781/5046 1989/869/5046
f 2003/801/5047 2006/3680/5047 2120/839/5047
f 2121/840/5048 2118/696/5048 2152/3688/5048
f 2159/3683/5049 2166/3681/5049 2189/893/5049
f 2166/3681/5050 2177/3684/5050 2189/893/5050
f 2189/893/5051 2177/3684/5051 2190/3691/5051
f 2582/3694/5052 2580/757/5052 2561/758/5052
f 2560/3695/5053 2561/758/5053 2540/3687/5053
f 2560/3695/5054 2540/3687/5054 2541/3696/5054
f 2541/3696/5055 2540/3687/5055 2520/3690/5055
f 2445/3697/5056 2444/789/5056 2434/791/5056
f 2427/806/5057 2434/791/5057 2428/768/5057
f 2346/734/5058 2318/732/5058 2345/837/5058
f 2207/861/5059 2094/716/5059 2083/813/5059
f 2070/814/5060 2037/812/5060 2033/863/5060
f 2033/863/5061 2016/779/5061 1981/780/5061
f 4184/866/5062 4204/3693/5062 4207/867/5062
f 1982/815/5063 1986/782/5063 1987/912/5063
f 4182/799/5064 4205/736/5064 4180/931/5064
f 1987/912/5065 1986/782/5065 1989/869/5065
f 4188/874/5066 4202/816/5066 4182/799/5066
f 4200/873/5067 4202/816/5067 4188/874/5067
f 865/802/5068 925/753/5068 926/889/5068
f 2162/3698/5069 2152/3688/5069 2145/3685/5069
f 2145/3685/5070 2159/3683/5070 2162/3698/5070
f 2182/892/5071 2159/3683/5071 2189/893/5071
f 2614/3699/5072 2597/3692/5072 2598/3700/5072
f 2598/3700/5073 2597/3692/5073 2582/3694/5073
f 2597/3692/5074 2580/757/5074 2582/3694/5074
f 2582/3694/5075 2561/758/5075 2574/3701/5075
f 2502/3702/5076 2520/3690/5076 2501/724/5076
f 2502/3702/5077 2501/724/5077 2490/788/5077
f 2482/852/5078 2490/788/5078 2480/765/5078
f 2480/765/5079 2461/764/5079 2464/851/5079
f 2464/851/5080 2461/764/5080 2455/790/5080
f 2455/790/5081 2444/789/5081 2449/876/5081
f 2290/3703/5082 2271/774/5082 2251/777/5082
f 2207/861/5083 2083/813/5083 2202/3704/5083
f 2386/910/5084 2383/749/5084 2370/750/5084
f 4180/931/5085 4204/3693/5085 4184/866/5085
f 2162/3698/5086 2159/3683/5086 2182/892/5086
f 2574/3701/5087 2561/758/5087 2560/3695/5087
f 2541/3696/5088 2520/3690/5088 2525/3705/5088
f 2525/3705/5089 2520/3690/5089 2502/3702/5089
f 2502/3702/5090 2490/788/5090 2482/852/5090
f 2449/876/5091 2444/789/5091 2445/3697/5091
f 2435/939/5092 2434/791/5092 2427/806/5092
f 2315/838/5093 2271/774/5093 2290/3703/5093
f 2202/3704/5094 2083/813/5094 2070/814/5094
f 2386/910/5095 2370/750/5095 2363/798/5095
f 2056/864/5096 2033/863/5096 1980/868/5096
f 1980/868/5097 1981/780/5097 1982/815/5097
f 2126/871/5098 2003/801/5098 2142/891/5098
f 2003/801/5099 2120/839/5099 2142/891/5099
f 2121/840/5100 2152/3688/5100 2143/841/5100
f 2143/841/5101 2152/3688/5101 2158/3706/5101
f 2152/3688/5102 2162/3698/5102 2158/3706/5102
f 2162/3698/5103 2182/892/5103 2183/3707/5103
f 2995/3708/5104 2614/3699/5104 2598/3700/5104
f 2525/3705/5105 2502/3702/5105 2510/3709/5105
f 2482/852/5106 2464/851/5106 2481/3710/5106
f 2464/851/5107 2449/876/5107 2463/3711/5107
f 2446/3712/5108 2445/3697/5108 2434/791/5108
f 2446/3712/5109 2434/791/5109 2435/939/5109
f 2427/806/5110 2419/767/5110 2426/900/5110
f 2411/822/5111 2410/769/5111 2400/823/5111
f 2315/838/5112 2290/3703/5112 2320/950/5112
f 2290/3703/5113 2251/777/5113 2252/951/5113
f 2252/951/5114 2251/777/5114 2232/797/5114
f 2252/951/5114 2232/797/5114 2250/3713/5114
f 2250/3713/5115 2232/797/5115 2223/860/5115
f 2345/837/5116 2315/838/5116 2347/3714/5116
f 2211/862/5117 2207/861/5117 2202/3704/5117
f 2362/3715/5118 2345/837/5118 2347/3714/5118
f 2373/911/5119 2363/798/5119 2345/837/5119
f 2056/864/5120 1980/868/5120 2081/3716/5120
f 4183/966/5121 4184/866/5121 4201/865/5121
f 1983/3717/5122 1980/868/5122 1982/815/5122
f 1988/1006/5123 1982/815/5123 1987/912/5123
f 2183/3707/5124 2182/892/5124 2199/894/5124
f 3055/3718/5125 2614/3699/5125 2995/3708/5125
f 2598/3700/5126 2582/3694/5126 2957/3719/5126
f 2957/3719/5127 2582/3694/5127 2574/3701/5127
f 2565/3720/5128 2560/3695/5128 2541/3696/5128
f 2510/3709/5129 2502/3702/5129 2482/852/5129
f 2449/876/5130 2445/3697/5130 2446/3712/5130
f 2247/3721/5131 2250/3713/5131 2223/860/5131
f 2373/911/5132 2345/837/5132 2362/3715/5132
f 1983/3717/5133 1982/815/5133 1988/1006/5133
f 1988/1006/5134 1987/912/5134 1995/913/5134
f 1995/913/5135 1989/869/5135 2001/3722/5135
f 2001/3722/5136 1989/869/5136 2000/870/5136
f 928/3723/5137 927/890/5137 926/889/5137
f 2142/891/5138 2143/841/5138 2165/3724/5138
f 3033/3725/5139 3055/3718/5139 2995/3708/5139
f 2943/3726/5140 2598/3700/5140 2957/3719/5140
f 2957/3719/5141 2574/3701/5141 2956/3727/5141
f 2574/3701/5142 2560/3695/5142 2956/3727/5142
f 2956/3727/5143 2560/3695/5143 2565/3720/5143
f 2565/3720/5144 2541/3696/5144 2546/3728/5144
f 2546/3728/5145 2541/3696/5145 2542/3729/5145
f 2542/3729/5146 2541/3696/5146 2525/3705/5146
f 2510/3709/5147 2482/852/5147 2499/3730/5147
f 2499/3730/5148 2482/852/5148 2481/3710/5148
f 2481/3710/5149 2464/851/5149 2475/3731/5149
f 2475/3731/5150 2464/851/5150 2463/3711/5150
f 2435/939/5151 2427/806/5151 2426/900/5151
f 2347/3714/5152 2315/838/5152 2320/950/5152
f 2247/3721/5153 2223/860/5153 2211/862/5153
f 2202/3704/5154 2070/814/5154 2200/1018/5154
f 4183/966/5155 4201/865/5155 4190/967/5155
f 2081/3716/5156 1980/868/5156 1983/3717/5156
f 4184/866/5157 4183/966/5157 4171/968/5157
f 4159/930/5158 4184/866/5158 4171/968/5158
f 4157/932/5159 4180/931/5159 4159/930/5159
f 4155/942/5160 4169/886/5160 4182/799/5160
f 2165/3724/5161 2143/841/5161 2158/3706/5161
f 2158/3706/5162 2162/3698/5162 2183/3707/5162
f 2995/3708/5163 2598/3700/5163 2942/3732/5163
f 2942/3732/5164 2598/3700/5164 2943/3726/5164
f 2542/3729/5165 2525/3705/5165 2510/3709/5165
f 2499/3730/5166 2481/3710/5166 2498/3733/5166
f 2320/950/5167 2290/3703/5167 2252/951/5167
f 2211/862/5168 2202/3704/5168 2212/1017/5168
f 2371/3734/5169 2362/3715/5169 2347/3714/5169
f 2200/1018/5170 2070/814/5170 2056/864/5170
f 2001/3722/5171 2000/870/5171 2144/3735/5171
f 2144/3735/5172 2000/870/5172 2126/871/5172
f 2183/3707/5173 2199/894/5173 2208/3736/5173
f 2941/3737/5174 2995/3708/5174 2942/3732/5174
f 2523/3738/5175 2542/3729/5175 2510/3709/5175
f 2459/3739/5176 2463/3711/5176 2449/876/5176
f 2459/3739/5177 2449/876/5177 2446/3712/5177
f 2446/3712/5178 2435/939/5178 2436/938/5178
f 2436/938/5179 2426/900/5179 2430/959/5179
f 2421/920/5180 2411/822/5180 2412/923/5180
f 2328/3740/5181 2320/950/5181 2307/952/5181
f 2307/952/5182 2252/951/5182 2250/3713/5182
f 2250/3713/5183 2247/3721/5183 2276/1016/5183
f 2212/1017/5184 2202/3704/5184 2200/1018/5184
f 2373/911/5185 2362/3715/5185 2371/3734/5185
f 2200/1018/5186 2056/864/5186 2193/1058/5186
f 2193/1058/5187 2056/864/5187 2081/3716/5187
f 4139/1037/5188 4157/932/5188 4159/930/5188
f 2126/871/5189 2142/891/5189 2157/3741/5189
f 2165/3724/5190 2158/3706/5190 2192/1060/5190
f 2158/3706/5191 2183/3707/5191 2192/1060/5191
f 2992/3742/5192 3033/3725/5192 2995/3708/5192
f 2957/3719/5193 2956/3727/5193 2919/3743/5193
f 2919/3743/5194 2956/3727/5194 2888/3744/5194
f 2945/3745/5195 2565/3720/5195 2546/3728/5195
f 2523/3738/5196 2510/3709/5196 2499/3730/5196
f 2498/3733/5197 2481/3710/5197 2475/3731/5197
f 2475/3731/5198 2463/3711/5198 2472/1044/5198
f 2463/3711/5199 2459/3739/5199 2472/1044/5199
f 2459/3739/5200 2446/3712/5200 2456/3746/5200
f 2307/952/5201 2250/3713/5201 2276/1016/5201
f 2347/3714/5202 2320/950/5202 2353/3747/5202
f 2353/3747/5203 2320/950/5203 2328/3740/5203
f 2234/3748/5204 2247/3721/5204 2211/862/5204
f 2188/3749/5205 2193/1058/5205 2081/3716/5205
f 2188/3749/5206 2081/3716/5206 2156/3750/5206
f 4138/1068/5207 4171/968/5207 4161/965/5207
f 2156/3750/5208 2081/3716/5208 1983/3717/5208
f 2155/1005/5209 1983/3717/5209 1988/1006/5209
f 2002/1007/5210 1988/1006/5210 1995/913/5210
f 1995/913/5211 2001/3722/5211 2002/1007/5211
f 2144/3735/5212 2126/871/5212 2157/3741/5212
f 3027/3751/5213 3033/3725/5213 2992/3742/5213
f 2992/3742/5214 2995/3708/5214 2941/3737/5214
f 2943/3726/5215 2957/3719/5215 2919/3743/5215
f 2888/3744/5216 2956/3727/5216 2944/3752/5216
f 2956/3727/5217 2565/3720/5217 2944/3752/5217
f 2944/3752/5218 2565/3720/5218 2945/3745/5218
f 2544/3753/5219 2542/3729/5219 2523/3738/5219
f 2523/3738/5220 2499/3730/5220 2498/3733/5220
f 2456/3746/5221 2446/3712/5221 2436/938/5221
f 2371/3734/5222 2347/3714/5222 2353/3747/5222
f 2234/3748/5223 2211/862/5223 2212/1017/5223
f 4160/988/5224 4192/989/5224 4162/1066/5224
f 4161/965/5225 4190/967/5225 4160/988/5225
f 4138/1068/5226 4159/930/5226 4171/968/5226
f 2156/3750/5227 1983/3717/5227 2155/1005/5227
f 4139/1037/5228 4159/930/5228 4138/1068/5228
f 4136/990/5229 4157/932/5229 4139/1037/5229
f 4155/942/5230 4157/932/5230 4136/990/5230
f 2002/1007/5231 2001/3722/5231 2153/1088/5231
f 2153/1088/5232 2001/3722/5232 2144/3735/5232
f 4137/991/5233 4164/914/5233 4135/953/5233
f 2157/3741/5234 2142/891/5234 2180/3754/5234
f 2180/3754/5235 2142/891/5235 2165/3724/5235
f 810/970/5236 864/915/5236 943/3755/5236
f 2192/1060/5237 2183/3707/5237 2208/3736/5237
f 2992/3742/5238 2941/3737/5238 2934/3756/5238
f 2942/3732/5239 2943/3726/5239 2913/3757/5239
f 2913/3757/5240 2943/3726/5240 2919/3743/5240
f 2945/3745/5241 2546/3728/5241 2946/3758/5241
f 2946/3758/5242 2546/3728/5242 2542/3729/5242
f 2487/3759/5243 2498/3733/5243 2475/3731/5243
f 2475/3731/5244 2472/1044/5244 2487/3759/5244
f 2459/3739/5245 2456/3746/5245 2466/1042/5245
f 2328/3740/5246 2307/952/5246 2326/1015/5246
f 2276/1016/5247 2247/3721/5247 2255/3760/5247
f 2255/3760/5248 2247/3721/5248 2248/3761/5248
f 2248/3761/5249 2247/3721/5249 2234/3748/5249
f 2228/1019/5250 2234/3748/5250 2212/1017/5250
f 4162/1066/5251 4192/989/5251 4193/3762/5251
f 2153/1088/5252 2144/3735/5252 2154/3763/5252
f 2180/3754/5253 2165/3724/5253 2187/3764/5253
f 2187/3764/5254 2165/3724/5254 2196/1062/5254
f 2165/3724/5255 2192/1060/5255 2196/1062/5255
f 2994/3765/5256 3027/3751/5256 2992/3742/5256
f 2913/3757/5257 2919/3743/5257 2882/3766/5257
f 2888/3744/5258 2944/3752/5258 2887/3767/5258
f 2544/3753/5259 2523/3738/5259 2524/3768/5259
f 2523/3738/5260 2498/3733/5260 2513/3769/5260
f 2448/1013/5261 2456/3746/5261 2436/938/5261
f 2448/1013/5262 2430/959/5262 2437/999/5262
f 2353/3747/5263 2328/3740/5263 2356/3770/5263
f 2371/3734/5264 2353/3747/5264 2380/3771/5264
f 4162/1066/5265 4193/3762/5265 4178/3772/5265
f 2213/1057/5266 2200/1018/5266 2193/1058/5266
f 4127/1069/5267 4138/1068/5267 4161/965/5267
f 4120/1038/5268 4139/1037/5268 4138/1068/5268
f 4121/1036/5269 4136/990/5269 4139/1037/5269
f 4111/1071/5270 4135/953/5270 4136/990/5270
f 2179/3773/5271 2144/3735/5271 2157/3741/5271
f 4134/1008/5272 4154/954/5272 4114/1021/5272
f 2192/1060/5273 2208/3736/5273 2219/1061/5273
f 2994/3765/5274 2992/3742/5274 2934/3756/5274
f 2941/3737/5275 2942/3732/5275 2913/3757/5275
f 2909/3774/5276 2941/3737/5276 2913/3757/5276
f 2882/3766/5277 2919/3743/5277 2888/3744/5277
f 2887/3767/5278 2944/3752/5278 2889/3775/5278
f 2889/3775/5279 2944/3752/5279 2945/3745/5279
f 2889/3775/5280 2945/3745/5280 2946/3758/5280
f 2946/3758/5281 2542/3729/5281 2544/3753/5281
f 2524/3768/5282 2523/3738/5282 2513/3769/5282
f 2513/3769/5283 2498/3733/5283 2487/3759/5283
f 2472/1044/5284 2459/3739/5284 2466/1042/5284
f 2424/977/5285 2418/960/5285 2467/1030/5285
f 2422/1000/5286 2521/980/5286 2522/1065/5286
f 2356/3770/5287 2328/3740/5287 2326/1015/5287
f 2326/1015/5288 2276/1016/5288 2327/1123/5288
f 2380/3771/5289 2353/3747/5289 2356/3770/5289
f 2248/3761/5290 2234/3748/5290 2228/1019/5290
f 4178/3772/5291 4193/3762/5291 4185/3776/5291
f 2224/3777/5292 2228/1019/5292 2200/1018/5292
f 2224/3777/5293 2200/1018/5293 2213/1057/5293
f 2193/1058/5294 2188/3749/5294 2209/1059/5294
f 2203/1084/5295 2188/3749/5295 2156/3750/5295
f 2186/1086/5296 2155/1005/5296 2002/1007/5296
f 4110/1020/5297 4135/953/5297 4111/1071/5297
f 2154/3763/5298 2144/3735/5298 2179/3773/5298
f 2179/3773/5299 2157/3741/5299 2180/3754/5299
f 3031/3778/5300 3027/3751/5300 2994/3765/5300
f 2946/3758/5301 2544/3753/5301 2524/3768/5301
f 2487/3759/5302 2472/1044/5302 2488/3779/5302
f 2466/1042/5303 2456/3746/5303 2448/1013/5303
f 2448/1013/5304 2437/999/5304 2458/1078/5304
f 2457/1097/5305 2437/999/5305 2424/977/5305
f 2356/3770/5306 2326/1015/5306 2357/3780/5306
f 2357/3780/5307 2326/1015/5307 2327/1123/5307
f 2276/1016/5308 2255/3760/5308 2303/1164/5308
f 2255/3760/5309 2248/3761/5309 2263/1165/5309
f 4145/3781/5310 4162/1066/5310 4178/3772/5310
f 4161/965/5311 4160/988/5311 4127/1069/5311
f 2209/1059/5312 2188/3749/5312 2203/1084/5312
f 2203/1084/5313 2156/3750/5313 2155/1005/5313
f 4111/1071/5314 4136/990/5314 4121/1036/5314
f 2940/3782/5315 2994/3765/5315 2934/3756/5315
f 2934/3756/5316 2941/3737/5316 2909/3774/5316
f 2858/3783/5317 2888/3744/5317 2887/3767/5317
f 2889/3775/5318 2946/3758/5318 2903/3784/5318
f 2947/3785/5319 2946/3758/5319 2524/3768/5319
f 2524/3768/5320 2513/3769/5320 2529/3786/5320
f 2488/3779/5321 2472/1044/5321 2473/1043/5321
f 2457/1097/5322 2424/977/5322 2467/1030/5322
f 2303/1164/5323 2255/3760/5323 2263/1165/5323
f 2380/3771/5324 2356/3770/5324 2381/3787/5324
f 4167/3788/5325 4178/3772/5325 4185/3776/5325
f 4145/3781/5326 4178/3772/5326 4167/3788/5326
f 4127/1069/5327 4160/988/5327 4129/1067/5327
f 2186/1086/5328 2002/1007/5328 2184/1090/5328
f 2002/1007/5329 2153/1088/5329 2184/1090/5329
f 2153/1088/5330 2154/3763/5330 2185/1089/5330
f 2909/3774/5331 2913/3757/5331 2876/3789/5331
f 2876/3789/5332 2913/3757/5332 2882/3766/5332
f 2858/3783/5333 2887/3767/5333 2859/3790/5333
f 2859/3790/5334 2887/3767/5334 2889/3775/5334
f 2487/3759/5335 2488/3779/5335 2513/3769/5335
f 2466/1042/5336 2448/1013/5336 2469/3791/5336
f 2469/3791/5337 2448/1013/5337 2458/1078/5337
f 2468/1077/5338 2437/999/5338 2457/1097/5338
f 2522/1065/5339 2521/980/5339 2624/1047/5339
f 2352/1122/5340 2357/3780/5340 2327/1123/5340
f 2327/1123/5341 2276/1016/5341 2325/1124/5341
f 2325/1124/5342 2276/1016/5342 2303/1164/5342
f 2381/3787/5343 2356/3770/5343 2357/3780/5343
f 4129/1067/5344 4162/1066/5344 4145/3781/5344
f 4099/1147/5345 4120/1038/5345 4100/1145/5345
f 4120/1038/5346 4127/1069/5346 4100/1145/5346
f 4098/1070/5347 4121/1036/5347 4102/1087/5347
f 2194/1199/5348 2154/3763/5348 2179/3773/5348
f 2197/3792/5349 2179/3773/5349 2180/3754/5349
f 4103/1091/5350 4134/1008/5350 4114/1021/5350
f 2187/3764/5351 2196/1062/5351 2215/3793/5351
f 2940/3782/5352 2934/3756/5352 2908/3794/5352
f 2882/3766/5353 2888/3744/5353 2860/3795/5353
f 2860/3795/5354 2888/3744/5354 2858/3783/5354
f 2859/3790/5355 2889/3775/5355 2865/3796/5355
f 2865/3796/5356 2889/3775/5356 2903/3784/5356
f 2903/3784/5357 2946/3758/5357 2886/3797/5357
f 2886/3797/5358 2946/3758/5358 2947/3785/5358
f 2513/3769/5359 2488/3779/5359 2517/3798/5359
f 2488/3779/5360 2473/1043/5360 2486/3799/5360
f 2473/1043/5361 2466/1042/5361 2469/3791/5361
f 2381/3787/5362 2357/3780/5362 2385/3800/5362
f 2263/1165/5363 2248/3761/5363 2228/1019/5363
f 2263/1165/5364 2228/1019/5364 2254/3801/5364
f 2254/3801/5365 2228/1019/5365 2224/3777/5365
f 2213/1057/5366 2209/1059/5366 2222/1125/5366
f 4107/1143/5367 4127/1069/5367 4129/1067/5367
f 4100/1145/5368 4127/1069/5368 4107/1143/5368
f 4102/1087/5369 4120/1038/5369 4099/1147/5369
f 2185/1089/5370 2154/3763/5370 2195/1198/5370
f 2195/1198/5371 2154/3763/5371 2194/1199/5371
f 2194/1199/5372 2179/3773/5372 2197/3792/5372
f 2197/3792/5373 2180/3754/5373 2187/3764/5373
f 3031/3778/5374 2994/3765/5374 2993/3802/5374
f 2993/3802/5375 2994/3765/5375 2940/3782/5375
f 2908/3794/5376 2934/3756/5376 2909/3774/5376
f 737/994/5377 741/993/5377 742/1110/5377
f 2882/3766/5378 2860/3795/5378 2842/3803/5378
f 2821/3804/5379 2859/3790/5379 2865/3796/5379
f 2947/3785/5380 2524/3768/5380 2932/3805/5380
f 2932/3805/5381 2524/3768/5381 2529/3786/5381
f 2529/3786/5382 2513/3769/5382 2517/3798/5382
f 2504/3806/5383 2488/3779/5383 2486/3799/5383
f 2486/3799/5384 2473/1043/5384 2469/3791/5384
f 2470/3807/5385 2469/3791/5385 2458/1078/5385
f 2474/3808/5386 2458/1078/5386 2468/1077/5386
f 2385/3800/5387 2357/3780/5387 2352/1122/5387
f 4167/3788/5388 4185/3776/5388 4147/1168/5388
f 4147/1168/5389 4185/3776/5389 4186/3809/5389
f 4145/3781/5390 4167/3788/5390 4143/3810/5390
f 2224/3777/5391 2213/1057/5391 2233/3811/5391
f 2233/3811/5392 2213/1057/5392 2222/1125/5392
f 4119/3812/5393 4129/1067/5393 4145/3781/5393
f 2222/1125/5394 2203/1084/5394 2216/3813/5394
f 2203/1084/5395 2206/1085/5395 2216/3813/5395
f 2186/1086/5396 2184/1090/5396 2205/3814/5396
f 4084/1126/5397 4110/1020/5397 4098/1070/5397
f 4103/1091/5398 4114/1021/5398 4081/1108/5398
f 2204/3815/5399 2197/3792/5399 2187/3764/5399
f 2215/3793/5400 2196/1062/5400 2225/3816/5400
f 2225/3816/5401 2196/1062/5401 2219/1061/5401
f 2935/3817/5402 2993/3802/5402 2940/3782/5402
f 2908/3794/5403 2909/3774/5403 2873/3818/5403
f 2873/3818/5404 2909/3774/5404 2876/3789/5404
f 2842/3803/5405 2876/3789/5405 2882/3766/5405
f 2821/3804/5406 2865/3796/5406 2825/3819/5406
f 2865/3796/5407 2903/3784/5407 2846/3820/5407
f 2886/3797/5408 2947/3785/5408 2881/3821/5408
f 2881/3821/5409 2947/3785/5409 2932/3805/5409
f 2517/3798/5410 2488/3779/5410 2504/3806/5410
f 2470/3807/5411 2458/1078/5411 2474/3808/5411
f 2479/1131/5412 2457/1097/5412 2477/1099/5412
f 4147/1168/5413 4186/3809/5413 4181/1169/5413
f 2312/1166/5414 2263/1165/5414 2254/3801/5414
f 2254/3801/5415 2224/3777/5415 2256/1196/5415
f 4147/1168/5416 4143/3810/5416 4167/3788/5416
f 2256/1196/5417 2224/3777/5417 2233/3811/5417
f 4118/3822/5418 4145/3781/5418 4143/3810/5418
f 4119/3812/5419 4145/3781/5419 4118/3822/5419
f 2206/1085/5420 2186/1086/5420 2205/3814/5420
f 2201/3823/5421 2184/1090/5421 2185/1089/5421
f 2201/3823/5422 2185/1089/5422 2195/1198/5422
f 2204/3815/5423 2187/3764/5423 2215/3793/5423
f 2841/3824/5424 2876/3789/5424 2842/3803/5424
f 2816/3825/5425 2860/3795/5425 2858/3783/5425
f 2816/3825/5426 2858/3783/5426 2822/3826/5426
f 2858/3783/5427 2859/3790/5427 2821/3804/5427
f 2822/3826/5428 2858/3783/5428 2821/3804/5428
f 2825/3819/5429 2865/3796/5429 2846/3820/5429
f 2846/3820/5430 2903/3784/5430 2886/3797/5430
f 2529/3786/5431 2517/3798/5431 2534/3827/5431
f 2474/3808/5432 2468/1077/5432 2478/1138/5432
f 2694/1106/5433 2711/1082/5433 2700/1181/5433
f 2312/1166/5434 2254/3801/5434 2309/1195/5434
f 4107/1143/5435 4129/1067/5435 4119/3812/5435
f 4099/1147/5436 4100/1145/5436 4086/1144/5436
f 2205/3814/5437 2184/1090/5437 2201/3823/5437
f 4070/1183/5438 4098/1070/5438 4069/1148/5438
f 4084/1126/5439 4098/1070/5439 4070/1183/5439
f 2204/3815/5440 2215/3793/5440 2229/3828/5440
f 3032/3829/5441 3031/3778/5441 2993/3802/5441
f 2935/3817/5442 2940/3782/5442 2906/3830/5442
f 2906/3830/5443 2940/3782/5443 2908/3794/5443
f 2873/3818/5444 2876/3789/5444 2841/3824/5444
f 2842/3803/5445 2860/3795/5445 2816/3825/5445
f 2846/3820/5446 2886/3797/5446 2863/3831/5446
f 2486/3799/5447 2469/3791/5447 2489/1249/5447
f 2489/1249/5448 2469/3791/5448 2470/3807/5448
f 2515/1224/5449 2479/1131/5449 2477/1099/5449
f 2477/1099/5450 2519/1117/5450 2527/1159/5450
f 2385/3800/5451 2352/1122/5451 2372/3832/5451
f 2352/1122/5452 2325/1124/5452 2336/3833/5452
f 2372/3832/5453 2352/1122/5453 2336/3833/5453
f 2336/3833/5454 2325/1124/5454 2303/1164/5454
f 2336/3833/5455 2303/1164/5455 2335/3834/5455
f 2335/3834/5456 2303/1164/5456 2312/1166/5456
f 2309/1195/5457 2254/3801/5457 2256/1196/5457
f 4131/3835/5458 4143/3810/5458 4147/1168/5458
f 4118/3822/5459 4143/3810/5459 4131/3835/5459
f 2262/3836/5460 2256/1196/5460 2233/3811/5460
f 2222/1125/5461 2216/3813/5461 2227/3837/5461
f 4069/1148/5462 4102/1087/5462 4079/1146/5462
f 2194/1199/5463 2197/3792/5463 2218/3838/5463
f 2218/3838/5464 2197/3792/5464 2204/3815/5464
f 3032/3829/5465 2993/3802/5465 2986/3839/5465
f 2821/3804/5466 2825/3819/5466 2815/3840/5466
f 2863/3831/5467 2886/3797/5467 2881/3821/5467
f 2932/3805/5468 2529/3786/5468 2933/3841/5468
f 2933/3841/5469 2529/3786/5469 2534/3827/5469
f 2534/3827/5470 2517/3798/5470 2504/3806/5470
f 2504/3806/5471 2486/3799/5471 2489/1249/5471
f 2489/1249/5472 2470/3807/5472 2474/3808/5472
f 2503/1247/5473 2474/3808/5473 2478/1138/5473
f 2681/1180/5474 2674/1102/5474 2694/1106/5474
f 2253/3842/5475 2233/3811/5475 2222/1125/5475
f 4086/1144/5476 4107/1143/5476 4101/3843/5476
f 4107/1143/5477 4119/3812/5477 4101/3843/5477
f 2227/3837/5478 2216/3813/5478 2226/3844/5478
f 2226/3844/5479 2216/3813/5479 2206/1085/5479
f 4078/1226/5480 4099/1147/5480 4086/1144/5480
f 4078/1226/5481 4079/1146/5481 4099/1147/5481
f 3072/3845/5482 3073/3846/5482 3032/3829/5482
f 2986/3839/5483 2993/3802/5483 2936/3847/5483
f 2993/3802/5484 2935/3817/5484 2936/3847/5484
f 2872/3848/5485 2908/3794/5485 2873/3818/5485
f 2815/3840/5486 2825/3819/5486 2786/3849/5486
f 2825/3819/5487 2846/3820/5487 2826/3850/5487
f 2507/3851/5488 2504/3806/5488 2489/1249/5488
f 2489/1249/5489 2474/3808/5489 2503/1247/5489
f 2515/1224/5490 2477/1099/5490 2527/1159/5490
f 4179/3852/5491 4181/1169/5491 4198/3853/5491
f 4141/1167/5492 4181/1169/5492 4158/3854/5492
f 4181/1169/5493 4179/3852/5493 4158/3854/5493
f 2337/3855/5494 2312/1166/5494 2309/1195/5494
f 2321/1197/5495 2256/1196/5495 2262/3836/5495
f 2262/3836/5496 2233/3811/5496 2253/3842/5496
f 4101/3843/5497 4119/3812/5497 4118/3822/5497
f 2253/3842/5498 2222/1125/5498 2227/3837/5498
f 2226/3844/5499 2206/1085/5499 2221/3856/5499
f 2221/3856/5500 2206/1085/5500 2205/3814/5500
f 2201/3823/5501 2195/1198/5501 2214/1339/5501
f 2217/1200/5502 2194/1199/5502 2218/3838/5502
f 3072/3845/5503 3032/3829/5503 3026/3857/5503
f 3026/3857/5504 3032/3829/5504 2986/3839/5504
f 2935/3817/5505 2906/3830/5505 2905/3858/5505
f 2906/3830/5506 2908/3794/5506 2872/3848/5506
f 2872/3848/5507 2873/3818/5507 2824/3859/5507
f 2824/3859/5508 2873/3818/5508 2841/3824/5508
f 2841/3824/5509 2842/3803/5509 2787/3860/5509
f 2787/3860/5510 2842/3803/5510 2816/3825/5510
f 5010/1204/5511 5013/1203/5511 5012/1229/5511
f 2816/3825/5512 2822/3826/5512 2784/3861/5512
f 2822/3826/5513 2821/3804/5513 2784/3861/5513
f 2784/3861/5514 2821/3804/5514 2815/3840/5514
f 2786/3849/5515 2825/3819/5515 2826/3850/5515
f 2826/3850/5516 2846/3820/5516 2863/3831/5516
f 2335/3834/5517 2312/1166/5517 2337/3855/5517
f 4131/3835/5518 4147/1168/5518 4141/1167/5518
f 4118/3822/5519 4131/3835/5519 4117/3862/5519
f 4101/3843/5520 4118/3822/5520 4095/3863/5520
f 4086/1144/5521 4101/3843/5521 4083/3864/5521
f 4079/1146/5522 4078/1226/5522 4056/1295/5522
f 4069/1148/5523 4079/1146/5523 4056/1295/5523
f 2221/3856/5524 2205/3814/5524 2220/1338/5524
f 2220/1338/5525 2205/3814/5525 2201/3823/5525
f 4070/1183/5526 4069/1148/5526 4055/1296/5526
f 2214/1339/5527 2195/1198/5527 2217/1200/5527
f 4081/1108/5528 4072/1184/5528 4060/1227/5528
f 2218/3838/5529 2204/3815/5529 2230/3865/5529
f 2230/3865/5530 2204/3815/5530 2229/3828/5530
f 4089/1298/5531 4122/1151/5531 4090/1150/5531
f 2824/3859/5532 2841/3824/5532 2787/3860/5532
f 4276/1233/5533 4308/1232/5533 4272/1307/5533
f 4308/1232/5534 4284/1209/5534 4270/1236/5534
f 4272/1307/5535 4308/1232/5535 4270/1236/5535
f 4290/1352/5536 4287/1238/5536 4286/1240/5536
f 2881/3821/5537 2932/3805/5537 2877/3866/5537
f 2877/3866/5538 2932/3805/5538 2933/3841/5538
f 2534/3827/5539 2504/3806/5539 2532/3867/5539
f 2504/3806/5540 2507/3851/5540 2532/3867/5540
f 2514/1283/5541 2503/1247/5541 2478/1138/5541
f 2516/1282/5542 2478/1138/5542 2515/1224/5542
f 2515/1224/5543 2527/1159/5543 2528/1318/5543
f 2337/3855/5544 2309/1195/5544 2338/3868/5544
f 4067/1225/5545 4086/1144/5545 4083/3864/5545
f 4056/1295/5546 4078/1226/5546 4067/1225/5546
f 2220/1338/5547 2201/3823/5547 2214/1339/5547
f 2936/3847/5548 2935/3817/5548 2905/3858/5548
f 4269/1301/5549 4322/1231/5549 4276/1233/5549
f 4262/1303/5550 4276/1233/5550 4272/1307/5550
f 4271/3869/5551 4270/1236/5551 4274/1328/5551
f 4270/1236/5552 4283/1210/5552 4274/1328/5552
f 4283/1210/5553 4287/1238/5553 4291/1325/5553
f 4274/1328/5554 4283/1210/5554 4291/1325/5554
f 4291/1325/5555 4287/1238/5555 4290/1352/5555
f 4290/1352/5556 4286/1240/5556 4294/1271/5556
f 4289/1270/5557 4288/1243/5557 4301/1277/5557
f 4289/1270/5558 4301/1277/5558 4302/1314/5558
f 2507/3851/5559 2489/1249/5559 2518/1248/5559
f 2526/1526/5560 2503/1247/5560 2514/1283/5560
f 2528/1318/5561 2527/1159/5561 2576/1251/5561
f 2372/3832/5562 2336/3833/5562 2374/3870/5562
f 2375/3871/5563 2372/3832/5563 2374/3870/5563
f 2374/3870/5564 2336/3833/5564 2335/3834/5564
f 4130/3872/5565 4141/1167/5565 4158/3854/5565
f 2338/3868/5566 2309/1195/5566 2321/1197/5566
f 4131/3835/5567 4141/1167/5567 4116/1535/5567
f 4095/3863/5568 4118/3822/5568 4117/3862/5568
f 2262/3836/5569 2253/3842/5569 2314/3873/5569
f 4083/3864/5570 4101/3843/5570 4095/3863/5570
f 2253/3842/5571 2227/3837/5571 2311/3874/5571
f 4060/1227/5572 4072/1184/5572 4059/1258/5572
f 3026/3857/5573 2986/3839/5573 2989/1444/5573
f 2905/3858/5574 2906/3830/5574 2864/3875/5574
f 2906/3830/5575 2872/3848/5575 2864/3875/5575
f 5005/1264/5576 4999/1263/5576 5004/1305/5576
f 2787/3860/5577 2816/3825/5577 2777/3876/5577
f 4262/1303/5578 4270/1236/5578 4264/3877/5578
f 4264/3877/5579 4270/1236/5579 4271/3869/5579
f 2777/3876/5580 2816/3825/5580 2784/3861/5580
f 2783/3878/5581 2784/3861/5581 2815/3840/5581
f 2783/3878/5582 2815/3840/5582 2786/3849/5582
f 2861/3879/5583 2863/3831/5583 2881/3821/5583
f 2933/3841/5584 2534/3827/5584 2930/3880/5584
f 2930/3880/5585 2534/3827/5585 2532/3867/5585
f 2518/1248/5586 2503/1247/5586 2526/1526/5586
f 4189/3881/5587 4179/3852/5587 4198/3853/5587
f 2364/3882/5588 2374/3870/5588 2335/3834/5588
f 4116/1535/5589 4141/1167/5589 4130/3872/5589
f 2321/1197/5590 2262/3836/5590 2314/3873/5590
f 4068/3883/5591 4083/3864/5591 4095/3863/5591
f 2311/3874/5592 2227/3837/5592 2310/3884/5592
f 2227/3837/5593 2226/3844/5593 2310/3884/5593
f 2226/3844/5594 2221/3856/5594 2310/3884/5594
f 2214/1339/5595 2217/1200/5595 2333/1441/5595
f 2239/1340/5596 2214/1339/5596 2333/1441/5596
f 2333/1441/5597 2217/1200/5597 2218/3838/5597
f 3090/3885/5598 3072/3845/5598 3063/3886/5598
f 2986/3839/5599 2936/3847/5599 2917/1445/5599
f 2917/1445/5600 2936/3847/5600 2905/3858/5600
f 2864/3875/5601 2872/3848/5601 2824/3859/5601
f 2785/3887/5602 2824/3859/5602 2787/3860/5602
f 4255/1319/5603 4269/1301/5603 4262/1303/5603
f 4271/3869/5604 4274/1328/5604 4275/1327/5604
f 4273/1392/5605 4271/3869/5605 4275/1327/5605
f 4292/1326/5606 4291/1325/5606 4290/1352/5606
f 4290/1352/5607 4294/1271/5607 4295/1354/5607
f 4296/1356/5608 4294/1271/5608 4289/1270/5608
f 4289/1270/5609 4302/1314/5609 4296/1356/5609
f 4302/1314/5610 4219/1313/5610 4218/1360/5610
f 2826/3850/5611 2863/3831/5611 2861/3879/5611
f 2861/3879/5612 2881/3821/5612 2877/3866/5612
f 2532/3867/5613 2507/3851/5613 2533/3888/5613
f 2507/3851/5614 2518/1248/5614 2533/3888/5614
f 2528/1318/5615 2576/1251/5615 2579/1480/5615
f 2364/3882/5616 2335/3834/5616 2337/3855/5616
f 4158/3854/5617 4179/3852/5617 4156/3889/5617
f 4156/3889/5618 4179/3852/5618 4189/3881/5618
f 4117/3862/5619 4131/3835/5619 4116/1535/5619
f 4094/3890/5620 4095/3863/5620 4117/3862/5620
f 4052/3891/5621 4083/3864/5621 4068/3883/5621
f 4067/1225/5622 4083/3864/5622 4052/3891/5622
f 4056/1295/5623 4067/1225/5623 4045/3892/5623
f 4055/1296/5624 4056/1295/5624 4038/1382/5624
f 4037/1381/5625 4041/1297/5625 4055/1296/5625
f 4040/1341/5626 4059/1258/5626 4041/1297/5626
f 4044/1342/5627 4060/1227/5627 4040/1341/5627
f 3063/3886/5628 3072/3845/5628 3026/3857/5628
f 2989/1444/5629 2986/3839/5629 2917/1445/5629
f 2785/3887/5630 2787/3860/5630 2772/3893/5630
f 4255/1319/5631 4262/1303/5631 4260/1385/5631
f 4263/1388/5632 4262/1303/5632 4264/3877/5632
f 4278/1393/5633 4275/1327/5633 4292/1326/5633
f 2775/3894/5634 2784/3861/5634 2783/3878/5634
f 2829/3895/5635 2826/3850/5635 2861/3879/5635
f 2930/3880/5636 2532/3867/5636 2573/3896/5636
f 2573/3896/5637 2532/3867/5637 2533/3888/5637
f 2533/3888/5638 2518/1248/5638 2531/3897/5638
f 2531/3897/5639 2518/1248/5639 2526/1526/5639
f 2514/1283/5640 2516/1282/5640 2530/1524/5640
f 4130/3872/5641 4158/3854/5641 4156/3889/5641
f 4094/3890/5642 4117/3862/5642 4116/1535/5642
f 2339/3898/5643 2314/3873/5643 2330/3899/5643
f 2330/3899/5644 2314/3873/5644 2253/3842/5644
f 2323/3900/5645 2221/3856/5645 2220/1338/5645
f 3138/3901/5646 3139/3902/5646 3090/3885/5646
f 3063/3886/5647 3026/3857/5647 3007/3903/5647
f 4057/1343/5648 4062/1259/5648 4049/1383/5648
f 3026/3857/5649 2989/1444/5649 3007/3903/5649
f 4252/1347/5650 4255/1319/5650 4253/1386/5650
f 2772/3893/5651 2787/3860/5651 2777/3876/5651
f 4264/3877/5652 4271/3869/5652 4266/1422/5652
f 4271/3869/5653 4273/1392/5653 4266/1422/5653
f 2777/3876/5654 2784/3861/5654 2775/3894/5654
f 4298/1397/5655 4293/1353/5655 4300/1399/5655
f 2786/3849/5656 2826/3850/5656 2791/3904/5656
f 4232/3905/5657 4296/1356/5657 4233/1358/5657
f 4233/1358/5658 4218/1360/5658 4217/1364/5658
f 2877/3866/5659 2933/3841/5659 2930/3880/5659
f 2526/1526/5660 2514/1283/5660 2530/1524/5660
f 2364/3882/5661 2337/3855/5661 2359/1640/5661
f 2359/1640/5662 2337/3855/5662 2338/3868/5662
f 2339/3898/5663 2321/1197/5663 2314/3873/5663
f 4068/3883/5664 4095/3863/5664 4094/3890/5664
f 2330/3899/5665 2253/3842/5665 2311/3874/5665
f 4045/3892/5666 4067/1225/5666 4052/3891/5666
f 4038/1382/5667 4056/1295/5667 4045/3892/5667
f 3138/3901/5668 3090/3885/5668 3089/3906/5668
f 3089/3906/5669 3090/3885/5669 3063/3886/5669
f 2917/1445/5670 2905/3858/5670 2883/3907/5670
f 2883/3907/5671 2905/3858/5671 2845/3908/5671
f 2905/3858/5672 2864/3875/5672 2845/3908/5672
f 2845/3908/5673 2864/3875/5673 2817/3909/5673
f 2864/3875/5674 2824/3859/5674 2817/3909/5674
f 2824/3859/5675 2785/3887/5675 2817/3909/5675
f 4253/1386/5676 4260/1385/5676 4261/3910/5676
f 808/1418/5677 755/1302/5677 792/1228/5677
f 3187/3911/5678 3193/3912/5678 3195/3913/5678
f 4263/1388/5679 4264/3877/5679 4265/3914/5679
f 4264/3877/5680 4266/1422/5680 4265/3914/5680
f 4305/1425/5681 4299/1395/5681 4309/1430/5681
f 4232/3905/5682 4297/1401/5682 4296/1356/5682
f 4232/3905/5683 4233/1358/5683 4217/1364/5683
f 4216/1363/5684 4250/1365/5684 4213/1478/5684
f 2862/3915/5685 2861/3879/5685 2877/3866/5685
f 2537/1407/5686 2530/1524/5686 2516/1282/5686
f 2537/1407/5687 2528/1318/5687 2579/1480/5687
f 4156/3889/5688 4189/3881/5688 4173/3916/5688
f 4173/3916/5689 4189/3881/5689 4197/3917/5689
f 2375/3871/5690 2374/3870/5690 2397/3918/5690
f 2397/3918/5691 2374/3870/5691 2393/3919/5691
f 2393/3919/5692 2374/3870/5692 2364/3882/5692
f 4108/1536/5693 4116/1535/5693 4130/3872/5693
f 2349/3920/5694 2338/3868/5694 2321/1197/5694
f 2349/3920/5695 2321/1197/5695 2339/3898/5695
f 4087/1537/5696 4094/3890/5696 4116/1535/5696
f 4052/3891/5697 4068/3883/5697 4050/3921/5697
f 2324/3922/5698 2310/3884/5698 2323/3900/5698
f 2323/3900/5699 2310/3884/5699 2221/3856/5699
f 2323/3900/5700 2220/1338/5700 2331/3923/5700
f 3089/3906/5701 3063/3886/5701 3059/3924/5701
f 3063/3886/5702 3007/3903/5702 3000/3925/5702
f 3007/3903/5703 2989/1444/5703 2958/1446/5703
f 4996/1416/5704 4995/1346/5704 4997/3926/5704
f 4251/3927/5705 4252/1347/5705 4253/1386/5705
f 4251/3927/5706 4253/1386/5706 4254/3928/5706
f 4254/3928/5707 4253/1386/5707 4261/3910/5707
f 3181/3929/5708 3193/3912/5708 3187/3911/5708
f 3659/1583/5709 3660/3930/5709 3654/1544/5709
f 3660/3930/5710 3661/1495/5710 3654/1544/5710
f 844/1460/5711 746/1456/5711 738/1452/5711
f 2769/3931/5712 2777/3876/5712 2775/3894/5712
f 2783/3878/5713 2786/3849/5713 2776/3932/5713
f 4437/1469/5714 4438/3933/5714 4436/1512/5714
f 4231/1565/5715 4297/1401/5715 4232/3905/5715
f 4231/1565/5716 4232/3905/5716 4224/1563/5716
f 4232/3905/5717 4217/1364/5717 4224/1563/5717
f 2792/3934/5718 2791/3904/5718 2826/3850/5718
f 2829/3895/5719 2861/3879/5719 2830/3935/5719
f 2877/3866/5720 2930/3880/5720 2875/3936/5720
f 2948/3937/5721 2930/3880/5721 2573/3896/5721
f 2603/1479/5722 2576/1251/5722 2607/1408/5722
f 4146/1676/5723 4156/3889/5723 4173/3916/5723
f 4063/3938/5724 4094/3890/5724 4087/1537/5724
f 4063/3938/5725 4068/3883/5725 4094/3890/5725
f 2331/3923/5726 2220/1338/5726 2332/1442/5726
f 2332/1442/5727 2220/1338/5727 2239/1340/5727
f 4023/1488/5728 4041/1297/5728 4037/1381/5728
f 4044/1342/5729 4040/1341/5729 4022/1579/5729
f 3059/3924/5730 3063/3886/5730 3000/3925/5730
f 2911/3939/5731 2917/1445/5731 2883/3907/5731
f 2817/3909/5732 2785/3887/5732 2780/3940/5732
f 4998/1539/5733 4996/1416/5733 4997/3926/5733
f 4267/3941/5734 4263/1388/5734 4265/3914/5734
f 869/1586/5735 790/1493/5735 758/1420/5735
f 4224/1563/5736 4217/1364/5736 4221/1516/5736
f 2792/3934/5737 2826/3850/5737 2829/3895/5737
f 4212/1517/5738 4215/1438/5738 4213/1478/5738
f 2830/3935/5739 2861/3879/5739 2862/3915/5739
f 2875/3936/5740 2930/3880/5740 2948/3937/5740
f 2575/3942/5741 2573/3896/5741 2533/3888/5741
f 2393/3919/5742 2364/3882/5742 2389/1639/5742
f 4128/1678/5743 4130/3872/5743 4156/3889/5743
f 2340/3943/5744 2330/3899/5744 2311/3874/5744
f 4068/3883/5745 4063/3938/5745 4050/3921/5745
f 2311/3874/5746 2310/3884/5746 2340/3943/5746
f 2340/3943/5747 2310/3884/5747 2324/3922/5747
f 2332/1442/5748 2333/1441/5748 2334/3944/5748
f 2958/1446/5749 2917/1445/5749 2911/3939/5749
f 4251/3927/5750 4254/3928/5750 4256/3945/5750
f 3186/3946/5751 3194/3947/5751 3181/3929/5751
f 4267/3941/5752 4265/3914/5752 4268/3948/5752
f 3659/1583/5753 3654/1544/5753 3651/1584/5753
f 3655/1587/5754 3654/1544/5754 3656/1497/5754
f 2772/3893/5755 2777/3876/5755 2769/3931/5755
f 3416/1501/5756 3453/1500/5756 3424/1553/5756
f 2775/3894/5757 2783/3878/5757 2776/3932/5757
f 2776/3932/5758 2786/3849/5758 2782/3949/5758
f 2786/3849/5759 2791/3904/5759 2782/3949/5759
f 2568/3950/5760 2533/3888/5760 2531/3897/5760
f 2569/1892/5761 2531/3897/5761 2526/1526/5761
f 2570/1525/5762 2530/1524/5762 2572/1527/5762
f 2537/1407/5763 2579/1480/5763 2591/1571/5763
f 2389/1639/5764 2364/3882/5764 2359/1640/5764
f 4128/1678/5765 4156/3889/5765 4146/1676/5765
f 2359/1640/5766 2338/3868/5766 2376/3951/5766
f 2376/3951/5767 2338/3868/5767 2349/3920/5767
f 4108/1536/5768 4130/3872/5768 4128/1678/5768
f 4109/3952/5769 4108/1536/5769 4128/1678/5769
f 2340/3943/5770 2324/3922/5770 2365/3953/5770
f 4045/3892/5771 4052/3891/5771 4019/3954/5771
f 4018/3955/5772 4045/3892/5772 4019/3954/5772
f 2341/3956/5773 2324/3922/5773 2323/3900/5773
f 2341/3956/5774 2323/3900/5774 2331/3923/5774
f 4017/1794/5775 4038/1382/5775 4018/3955/5775
f 4038/1382/5776 4045/3892/5776 4018/3955/5776
f 4037/1381/5777 4038/1382/5777 4017/1794/5777
f 4023/1488/5778 4037/1381/5778 4024/3957/5778
f 3116/3958/5779 3138/3901/5779 3089/3906/5779
f 3000/3925/5780 3007/3903/5780 2958/1446/5780
f 5202/3959/5781 5203/3960/5781 5201/3961/5781
f 4257/3962/5782 4251/3927/5782 4256/3945/5782
f 3186/3946/5783 3181/3929/5783 3177/3963/5783
f 3181/3929/5784 3187/3911/5784 3178/3964/5784
f 3178/3964/5785 3187/3911/5785 3192/3965/5785
f 3698/1625/5786 3699/1589/5786 3702/1648/5786
f 3646/1546/5787 3635/1622/5787 3645/1547/5787
f 3416/1501/5788 3424/1553/5788 3417/1590/5788
f 3416/1501/5789 3417/1590/5789 3406/1629/5789
f 3416/1501/5790 3406/1629/5790 3401/1554/5790
f 3418/1503/5791 3416/1501/5791 3401/1554/5791
f 4226/1564/5792 4224/1563/5792 4225/1654/5792
f 4225/1654/5793 4224/1563/5793 4221/1516/5793
f 2862/3915/5794 2877/3866/5794 2875/3936/5794
f 2948/3937/5795 2573/3896/5795 2575/3942/5795
f 2575/3942/5796 2533/3888/5796 2568/3950/5796
f 2568/3950/5797 2531/3897/5797 2569/1892/5797
f 2569/1892/5798 2526/1526/5798 2570/1525/5798
f 4063/3938/5799 4087/1537/5799 4066/1830/5799
f 2367/3966/5800 2339/3898/5800 2330/3899/5800
f 2367/3966/5801 2330/3899/5801 2340/3943/5801
f 4019/3954/5802 4052/3891/5802 4050/3921/5802
f 4024/3957/5803 4037/1381/5803 4017/1794/5803
f 4022/1579/5804 4040/1341/5804 4023/1488/5804
f 2911/3939/5805 2883/3907/5805 2899/3967/5805
f 5200/1759/5806 5202/3959/5806 5201/3961/5806
f 4257/3962/5807 4256/3945/5807 4258/3968/5807
f 3182/3969/5808 3186/3946/5808 3177/3963/5808
f 2780/3940/5809 2785/3887/5809 2771/3970/5809
f 3177/3963/5810 3181/3929/5810 3178/3964/5810
f 2771/3970/5811 2785/3887/5811 2772/3893/5811
f 3178/3964/5812 3192/3965/5812 3199/3971/5812
f 3657/3972/5813 3658/1585/5813 3651/1584/5813
f 3652/1624/5814 3655/1587/5814 3666/1649/5814
f 3666/1649/5815 3655/1587/5815 3669/1549/5815
f 3401/1554/5816 3406/1629/5816 3397/1631/5816
f 3401/1554/5817 3397/1631/5817 3399/1555/5817
f 3419/1505/5818 3398/1591/5818 3420/1592/5818
f 4225/1654/5819 4221/1516/5819 4228/1709/5819
f 4228/1709/5820 4221/1516/5820 4222/1603/5820
f 4222/1603/5821 4212/1517/5821 4214/1604/5821
f 4166/3973/5822 4173/3916/5822 4197/3917/5822
f 2399/3974/5823 2393/3919/5823 2389/1639/5823
f 2392/1641/5824 2359/1640/5824 2376/3951/5824
f 2376/3951/5825 2349/3920/5825 2384/3975/5825
f 4087/1537/5826 4108/1536/5826 4092/3976/5826
f 2349/3920/5827 2339/3898/5827 2377/3977/5827
f 2365/3953/5828 2324/3922/5828 2366/3978/5828
f 3116/3958/5829 3089/3906/5829 3083/3979/5829
f 3083/3979/5830 3089/3906/5830 3059/3924/5830
f 3059/3924/5831 3000/3925/5831 3058/3980/5831
f 3058/3980/5832 3000/3925/5832 3015/3981/5832
f 2977/3982/5833 3000/3925/5833 2958/1446/5833
f 2958/1446/5834 2911/3939/5834 2915/3983/5834
f 5199/3984/5835 5200/1759/5835 5201/3961/5835
f 3198/1764/5836 3178/3964/5836 3199/3971/5836
f 3650/3985/5837 3657/3972/5837 3651/1584/5837
f 3650/3985/5838 3651/1584/5838 3652/1624/5838
f 3650/3985/5839 3652/1624/5839 3653/1690/5839
f 3675/1734/5840 3676/1588/5840 3693/1647/5840
f 3693/1647/5841 3676/1588/5841 3698/1625/5841
f 3675/1734/5842 3666/1649/5842 3676/1588/5842
f 3302/1628/5843 3295/1627/5843 3296/1737/5843
f 3302/1628/5844 3296/1737/5844 3292/3986/5844
f 3417/1590/5845 3421/3987/5845 3415/3988/5845
f 3417/1590/5846 3415/3988/5846 3406/1629/5846
f 3406/1629/5847 3415/3988/5847 3404/1630/5847
f 3399/1555/5848 3397/1631/5848 3393/1699/5848
f 3399/1555/5849 3393/1699/5849 3398/1591/5849
f 3420/1592/5850 3398/1591/5850 3400/3989/5850
f 3402/1779/5851 3420/1592/5851 3400/3989/5851
f 4239/1704/5852 4240/1600/5852 4226/1564/5852
f 2791/3904/5853 2792/3934/5853 2788/3990/5853
f 4227/1655/5854 4225/1654/5854 4228/1709/5854
f 4230/1708/5855 4222/1603/5855 4223/1657/5855
f 2862/3915/5856 2875/3936/5856 2868/3991/5856
f 2568/3950/5857 2569/1892/5857 2571/3992/5857
f 2570/1525/5858 2572/1527/5858 2586/1716/5858
f 2586/1716/5859 2572/1527/5859 2578/1570/5859
f 4166/3973/5860 4197/3917/5860 4187/3993/5860
f 4187/3993/5861 4197/3917/5861 4208/3994/5861
f 4187/3993/5862 4208/3994/5862 4209/3995/5862
f 4146/1676/5863 4173/3916/5863 4166/3973/5863
f 2399/3974/5864 2389/1639/5864 2398/3996/5864
f 2398/3996/5865 2389/1639/5865 2392/1641/5865
f 4108/1536/5866 4109/3952/5866 4092/3976/5866
f 2384/3975/5867 2349/3920/5867 2377/3977/5867
f 2377/3977/5868 2339/3898/5868 2367/3966/5868
f 4047/3997/5869 4063/3938/5869 4066/1830/5869
f 2367/3966/5870 2340/3943/5870 2379/3998/5870
f 4034/3999/5871 4050/3921/5871 4047/3997/5871
f 4050/3921/5872 4063/3938/5872 4047/3997/5872
f 2379/3998/5873 2340/3943/5873 2365/3953/5873
f 4019/3954/5874 4050/3921/5874 4034/3999/5874
f 2366/3978/5828 2324/3922/5828 2341/3956/5828
f 2341/3956/5875 2331/3923/5875 2378/4000/5875
f 4004/1869/5876 4024/3957/5876 4017/1794/5876
f 3161/4001/5877 3116/3958/5877 3137/4002/5877
f 3137/4002/5878 3116/3958/5878 3115/4003/5878
f 4023/1488/5879 4024/3957/5879 4004/1869/5879
f 3993/1679/5880 4023/1488/5880 4004/1869/5880
f 3999/1680/5881 4022/1579/5881 3993/1679/5881
f 3115/4003/5882 3116/3958/5882 3083/3979/5882
f 2977/3982/5883 2958/1446/5883 2915/3983/5883
f 2915/3983/5884 2911/3939/5884 2899/3967/5884
f 2899/3967/5885 2883/3907/5885 2857/4004/5885
f 2820/4005/5886 2845/3908/5886 2817/3909/5886
f 4259/4006/5887 4257/3962/5887 4258/3968/5887
f 3182/3969/5888 3177/3963/5888 3180/4007/5888
f 3177/3963/5889 3178/3964/5889 3179/4008/5889
f 3180/4007/5890 3177/3963/5890 3179/4008/5890
f 3179/4008/5891 3178/3964/5891 3198/1764/5891
f 3198/1764/5892 3199/3971/5892 3200/1765/5892
f 3663/1802/5893 3657/3972/5893 3650/3985/5893
f 3697/1732/5894 3700/1645/5894 3703/1616/5894
f 3677/4009/5895 3675/1734/5895 3693/1647/5895
f 3633/1621/5896 3636/1689/5896 3642/1623/5896
f 3295/1627/5897 3293/1736/5897 3296/1737/5897
f 3415/3988/5898 3421/3987/5898 3413/4010/5898
f 3432/4011/5899 3433/4012/5899 3431/1694/5899
f 3404/1630/5900 3415/3988/5900 3413/4010/5900
f 3404/1630/5901 3413/4010/5901 3403/4013/5901
f 3429/1696/5902 3432/4011/5902 3431/1694/5902
f 3404/1630/5903 3403/4013/5903 3395/4014/5903
f 3397/1631/5904 3404/1630/5904 3395/4014/5904
f 3388/1697/5905 3397/1631/5905 3395/4014/5905
f 3393/1699/5906 3397/1631/5906 3388/1697/5906
f 3392/4015/5907 3393/1699/5907 3391/1698/5907
f 3398/1591/5908 3393/1699/5908 3392/4015/5908
f 3398/1591/5909 3392/4015/5909 3400/3989/5909
f 3420/1592/5910 3402/1779/5910 3440/1650/5910
f 2782/3949/5911 2791/3904/5911 2788/3990/5911
f 2799/4016/5912 2792/3934/5912 2829/3895/5912
f 2799/4016/5913 2829/3895/5913 2830/3935/5913
f 4211/1567/5914 4248/1660/5914 4247/1756/5914
f 2831/4017/5915 2830/3935/5915 2862/3915/5915
f 2831/4017/5916 2862/3915/5916 2868/3991/5916
f 2584/4018/5917 2568/3950/5917 2571/3992/5917
f 2601/1717/5918 2578/1570/5918 2591/1571/5918
f 2616/1720/5919 2603/1479/5919 2620/1609/5919
f 4142/1677/5920 4146/1676/5920 4166/3973/5920
f 4109/3952/5921 4128/1678/5921 4112/4019/5921
f 4066/1830/5922 4087/1537/5922 4092/3976/5922
f 2366/3978/5923 2341/3956/5923 2378/4000/5923
f 2378/4000/5924 2331/3923/5924 2332/1442/5924
f 3160/4020/5925 3161/4001/5925 3137/4002/5925
f 3083/3979/5926 3059/3924/5926 3058/3980/5926
f 4011/1682/5927 4028/1489/5927 4010/1681/5927
f 2883/3907/5928 2845/3908/5928 2857/4004/5928
f 2857/4004/5929 2845/3908/5929 2820/4005/5929
f 2820/4005/5930 2817/3909/5930 2780/3940/5930
f 5009/4021/5931 5002/1580/5931 5003/1644/5931
f 3697/1732/5932 3703/1616/5932 3701/1767/5932
f 3692/4022/5933 3693/1647/5933 3697/1732/5933
f 3668/1733/5934 3675/1734/5934 3677/4009/5934
f 3677/4009/5935 3693/1647/5935 3692/4022/5935
f 2771/3970/5936 2772/3893/5936 2769/3931/5936
f 3295/1627/5937 3299/1768/5937 3262/1735/5937
f 3292/3986/5938 3296/1737/5938 3279/1738/5938
f 3292/3986/5939 3279/1738/5939 3290/4023/5939
f 3292/3986/5940 3290/4023/5940 3289/4024/5940
f 3421/3987/5941 3422/4025/5941 3413/4010/5941
f 3413/4010/5942 3422/4025/5942 3414/1739/5942
f 3303/4026/5943 3278/1771/5943 3294/4027/5943
f 3294/4027/5944 3278/1771/5944 3291/4028/5944
f 3423/1741/5945 3455/1742/5945 3432/4011/5945
f 3432/4011/5946 3455/1742/5946 3433/4012/5946
f 2769/3931/5947 2775/3894/5947 2770/4029/5947
f 3414/1739/5948 3423/1741/5948 3405/4030/5948
f 3408/4031/5949 3423/1741/5949 3432/4011/5949
f 3403/4013/5950 3413/4010/5950 3414/1739/5950
f 3403/4013/5951 3414/1739/5951 3405/4030/5951
f 3405/4030/5952 3423/1741/5952 3408/4031/5952
f 3408/4031/5953 3432/4011/5953 3429/1696/5953
f 3395/4014/5954 3403/4013/5954 3396/4032/5954
f 3396/4032/5955 3403/4013/5955 3405/4030/5955
f 3407/4033/5956 3405/4030/5956 3408/4031/5956
f 3407/4033/5957 3408/4031/5957 3429/1696/5957
f 3396/4032/5958 3405/4030/5958 3407/4033/5958
f 3396/4032/5959 3407/4033/5959 3390/4034/5959
f 3390/4034/5960 3407/4033/5960 3426/4035/5960
f 3407/4033/5961 3429/1696/5961 3426/4035/5961
f 3429/1696/5962 3430/1695/5962 3426/4035/5962
f 2770/4029/5963 2775/3894/5963 2776/3932/5963
f 3388/1697/5964 3395/4014/5964 3389/4036/5964
f 3389/4036/5965 3395/4014/5965 3396/4032/5965
f 3390/4034/5966 3426/4035/5966 3411/4037/5966
f 3402/1779/5967 3400/3989/5967 3392/4015/5967
f 4227/1655/5968 4228/1709/5968 4229/1753/5968
f 2948/3937/5969 2575/3942/5969 2585/4038/5969
f 2585/4038/5970 2575/3942/5970 2568/3950/5970
f 2585/4038/5971 2568/3950/5971 2584/4018/5971
f 4112/4019/5972 4128/1678/5972 4142/1677/5972
f 4066/1830/5973 4092/3976/5973 4065/1831/5973
f 4015/4039/5974 4034/3999/5974 4047/3997/5974
f 4019/3954/5975 4034/3999/5975 4005/4040/5975
f 4017/1794/5976 4018/3955/5976 3991/1795/5976
f 2378/4000/5977 2332/1442/5977 2394/4041/5977
f 3015/3981/5978 3000/3925/5978 2977/3982/5978
f 5195/1760/5979 5200/1759/5979 5199/3984/5979
f 5195/1760/5980 5199/3984/5980 5197/4042/5980
f 3201/4043/5981 3203/4044/5981 3183/4045/5981
f 3183/4045/5982 3203/4044/5982 3182/3969/5982
f 3183/4045/5983 3182/3969/5983 3180/4007/5983
f 3179/4008/5984 3198/1764/5984 3197/1766/5984
f 3664/1803/5985 3663/1802/5985 3650/3985/5985
f 3664/1803/5986 3650/3985/5986 3653/1690/5986
f 3664/1803/5987 3653/1690/5987 3665/4046/5987
f 3665/4046/5988 3653/1690/5988 3668/1733/5988
f 3279/1738/5989 3293/1736/5989 3259/1770/5989
f 3270/1772/5990 3278/1771/5990 3288/4047/5990
f 3278/1771/5991 3275/1773/5991 3291/4028/5991
f 3414/1739/5992 3422/4025/5992 3434/1740/5992
f 3303/4026/5993 3288/4047/5993 3278/1771/5993
f 3389/4036/5994 3396/4032/5994 3390/4034/5994
f 3411/4037/5995 3426/4035/5995 3427/4048/5995
f 3387/4049/5996 3389/4036/5996 3390/4034/5996
f 3388/1697/5997 3389/4036/5997 3382/4050/5997
f 3381/4051/5998 3388/1697/5998 3382/4050/5998
f 3382/4050/5999 3389/4036/5999 3387/4049/5999
f 3387/4049/6000 3390/4034/6000 3410/4052/6000
f 3410/4052/6001 3390/4034/6001 3411/4037/6001
f 3410/4052/6002 3411/4037/6002 3428/4053/6002
f 3428/4053/6003 3411/4037/6003 3427/4048/6003
f 3391/1698/6004 3388/1697/6004 3381/4051/6004
f 3392/4015/6005 3391/1698/6005 3381/4051/6005
f 3394/4054/6006 3392/4015/6006 3381/4051/6006
f 3394/4054/6007 3381/4051/6007 3384/4055/6007
f 3402/1779/6008 3392/4015/6008 3394/4054/6008
f 2788/3990/6009 2792/3934/6009 2799/4016/6009
f 2586/1716/6010 2595/1715/6010 2599/1894/6010
f 1892/4056/6011 1888/4057/6011 1820/4058/6011
f 1820/4058/6012 1888/4057/6012 1887/4059/6012
f 4091/4060/6013 4109/3952/6013 4112/4019/6013
f 4092/3976/6014 4109/3952/6014 4091/4060/6014
f 1823/4061/6015 1886/4062/6015 1889/4063/6015
f 1823/4061/6016 1889/4063/6016 1821/4064/6016
f 1821/4064/6017 1889/4063/6017 1871/4065/6017
f 4047/3997/6018 4066/1830/6018 4035/1832/6018
f 4015/4039/6019 4047/3997/6019 4035/1832/6019
f 3992/1994/6020 4018/3955/6020 4019/3954/6020
f 4004/1869/6021 4017/1794/6021 3973/1796/6021
f 3972/1868/6022 3993/1679/6022 4004/1869/6022
f 3083/3979/6023 3058/3980/6023 3039/4066/6023
f 3039/4066/6024 3058/3980/6024 3015/3981/6024
f 4043/1833/6025 3701/1767/6025 4093/1688/6025
f 3695/4067/6026 3697/1732/6026 3701/1767/6026
f 3695/4067/6027 3692/4022/6027 3697/1732/6027
f 3299/1768/6028 3298/1903/6028 3253/1769/6028
f 2756/4068/6029 2771/3970/6029 2769/3931/6029
f 3279/1738/6030 3259/1770/6030 3260/1839/6030
f 3279/1738/6031 3260/1839/6031 3290/4023/6031
f 3270/1772/6032 3272/1878/6032 3275/1773/6032
f 3290/4023/6033 3260/1839/6033 3289/4024/6033
f 3289/4024/6034 3260/1839/6034 3274/1842/6034
f 3274/1842/6035 3270/1772/6035 3288/4047/6035
f 3289/4024/6036 3274/1842/6036 3288/4047/6036
f 2770/4029/6037 2776/3932/6037 2773/4069/6037
f 2776/3932/6038 2782/3949/6038 2774/2135/6038
f 3381/4051/6039 3382/4050/6039 3383/4070/6039
f 3410/4052/6040 3428/4053/6040 3409/4071/6040
f 3409/4071/6041 3428/4053/6041 3425/4072/6041
f 3384/4055/6042 3381/4051/6042 3383/4070/6042
f 3437/4073/6043 3394/4054/6043 3384/4055/6043
f 3402/1779/6044 3394/4054/6044 3437/4073/6044
f 3441/1780/6045 3402/1779/6045 3437/4073/6045
f 3447/1781/6046 3440/1650/6046 3441/1780/6046
f 4234/1854/6047 4230/1708/6047 4223/1657/6047
f 4234/1854/6048 4223/1657/6048 4235/1982/6048
f 4235/1982/6049 4223/1657/6049 4220/1710/6049
f 2799/4016/6050 2830/3935/6050 2831/4017/6050
f 2892/4074/6051 2875/3936/6051 2948/3937/6051
f 2960/4075/6052 2948/3937/6052 2585/4038/6052
f 2587/4076/6053 2571/3992/6053 2569/1892/6053
f 2569/1892/6054 2570/1525/6054 2589/1890/6054
f 2589/1890/6055 2570/1525/6055 2586/1716/6055
f 2589/1890/6056 2586/1716/6056 2594/4077/6056
f 2594/4077/6057 2586/1716/6057 2599/1894/6057
f 4140/4078/6058 4142/1677/6058 4166/3973/6058
f 1818/4079/6059 1887/4059/6059 1886/4062/6059
f 4005/4040/6060 4034/3999/6060 4015/4039/6060
f 3115/4003/6061 3083/3979/6061 3088/4080/6061
f 5195/1760/6062 5197/4042/6062 5196/4081/6062
f 5206/1728/6063 5195/1760/6063 5205/1896/6063
f 3185/4082/6064 3201/4043/6064 3183/4045/6064
f 3183/4045/6065 3180/4007/6065 3179/4008/6065
f 3196/4083/6066 3179/4008/6066 3197/1766/6066
f 3665/4046/6067 3668/1733/6067 3671/4084/6067
f 3671/4084/6068 3668/1733/6068 3674/4085/6068
f 3668/1733/6069 3677/4009/6069 3674/4085/6069
f 3674/4085/6070 3677/4009/6070 3685/4086/6070
f 3677/4009/6071 3692/4022/6071 3685/4086/6071
f 3692/4022/6072 3695/4067/6072 3685/4086/6072
f 3253/1769/6073 3251/1836/6073 3259/1770/6073
f 3260/1839/6074 3259/1770/6074 3249/1837/6074
f 3260/1839/6075 3258/1838/6075 3261/1840/6075
f 3260/1839/6076 3261/1840/6076 3274/1842/6076
f 3274/1842/6077 3269/1841/6077 3270/1772/6077
f 2773/4069/6078 2776/3932/6078 2774/2135/6078
f 3383/4070/6079 3382/4050/6079 3385/4087/6079
f 3385/4087/6080 3382/4050/6080 3387/4049/6080
f 3385/4087/6081 3387/4049/6081 3410/4052/6081
f 3385/4087/6082 3410/4052/6082 3409/4071/6082
f 3412/1882/6083 3409/4071/6083 3425/4072/6083
f 2774/2135/6084 2782/3949/6084 2788/3990/6084
f 2868/3991/6085 2875/3936/6085 2892/4074/6085
f 2892/4074/6086 2948/3937/6086 2960/4075/6086
f 2587/4076/6087 2569/1892/6087 2590/1891/6087
f 2599/1894/6088 2595/1715/6088 2601/1717/6088
f 4112/4019/6089 4142/1677/6089 4140/4078/6089
f 4166/3973/6090 4187/3993/6090 4165/4088/6090
f 4187/3993/6091 4209/3995/6091 4194/4089/6091
f 1893/4090/6092 1892/4056/6092 1824/4091/6092
f 1818/4079/6093 1820/4058/6093 1887/4059/6093
f 1818/4079/6094 1886/4062/6094 1823/4061/6094
f 4065/1831/6095 4092/3976/6095 4091/4060/6095
f 1871/4065/6096 1884/4092/6096 1817/4093/6096
f 1819/4094/6097 1885/4095/6097 1890/4096/6097
f 3992/1994/6098 4019/3954/6098 4005/4040/6098
f 1833/4097/6099 1890/4096/6099 1868/4098/6099
f 3991/1795/6100 4018/3955/6100 3992/1994/6100
f 1868/4098/6101 1890/4096/6101 1898/4099/6101
f 1868/4098/6102 1898/4099/6102 1946/4100/6102
f 1868/4098/6103 1946/4100/6103 1896/4101/6103
f 3160/4020/6104 3137/4002/6104 3136/4102/6104
f 3137/4002/6105 3115/4003/6105 3088/4080/6105
f 3136/4102/6106 3137/4002/6106 3088/4080/6106
f 3993/1679/6107 3972/1868/6107 3971/1758/6107
f 3088/4080/6108 3083/3979/6108 3039/4066/6108
f 2915/3983/6109 2899/3967/6109 2894/4103/6109
f 2916/4104/6110 2915/3983/6110 2894/4103/6110
f 2894/4103/6111 2899/3967/6111 2857/4004/6111
f 3242/4105/6112 3201/4043/6112 3241/4106/6112
f 3241/4106/6113 3201/4043/6113 3185/4082/6113
f 3696/4107/6114 3701/1767/6114 4043/1833/6114
f 3672/1900/6115 3667/1804/6115 3664/1803/6115
f 3672/1900/6116 3664/1803/6116 3670/4108/6116
f 3695/4067/6117 3701/1767/6117 3696/4107/6117
f 3670/4108/6118 3664/1803/6118 3665/4046/6118
f 3670/4108/6119 3665/4046/6119 3671/4084/6119
f 3253/1769/6120 3298/1903/6120 3252/1875/6120
f 2751/4109/6121 2769/3931/6121 2770/4029/6121
f 3386/1884/6122 3385/4087/6122 3409/4071/6122
f 3384/4055/6123 3383/4070/6123 3438/4110/6123
f 3383/4070/6124 3385/4087/6124 3386/1884/6124
f 3386/1884/6125 3409/4071/6125 3412/1882/6125
f 3437/4073/6126 3384/4055/6126 3438/4110/6126
f 3521/4111/6127 3523/4112/6127 3522/4113/6127
f 3483/4114/6128 3523/4112/6128 3521/4111/6128
f 3505/1847/6129 3524/1846/6129 3523/4112/6129
f 3505/1847/6130 3523/4112/6130 3483/4114/6130
f 4236/1914/6131 4229/1753/6131 4234/1854/6131
f 4235/1982/6132 4220/1710/6132 4241/1983/6132
f 2584/4018/6133 2571/3992/6133 2587/4076/6133
f 4140/4078/6134 4166/3973/6134 4165/4088/6134
f 1832/4115/6135 1893/4090/6135 1824/4091/6135
f 1824/4091/6136 1892/4056/6136 1820/4058/6136
f 1821/4064/6137 1871/4065/6137 1776/4116/6137
f 1776/4116/6138 1871/4065/6138 1817/4093/6138
f 1817/4093/6139 1884/4092/6139 1885/4095/6139
f 1819/4094/6140 1890/4096/6140 1833/4097/6140
f 1896/4101/6141 1946/4100/6141 1936/4117/6141
f 3014/4118/6142 3015/3981/6142 2977/3982/6142
f 5205/1896/6143 5195/1760/6143 5194/1922/6143
f 5194/1922/6144 5195/1760/6144 5196/4081/6144
f 3185/4082/6145 3183/4045/6145 3184/4119/6145
f 3183/4045/6146 3179/4008/6146 3184/4119/6146
f 2758/4120/6147 2780/3940/6147 2771/3970/6147
f 3184/4119/6148 3179/4008/6148 3196/4083/6148
f 4020/4121/6149 4043/1833/6149 4000/1898/6149
f 3696/4107/6150 4043/1833/6150 4020/4121/6150
f 3685/4086/6151 3695/4067/6151 3696/4107/6151
f 3682/4122/6152 3671/4084/6152 3674/4085/6152
f 3258/1838/6153 3257/1906/6153 3261/1840/6153
f 2756/4068/6154 2769/3931/6154 2751/4109/6154
f 3444/4123/6155 3435/1883/6155 3412/1882/6155
f 3438/4110/6156 3383/4070/6156 3436/4124/6156
f 3436/4124/6157 3383/4070/6157 3386/1884/6157
f 3436/4124/6158 3386/1884/6158 3435/1883/6158
f 4105/2038/6159 4112/4019/6159 4140/4078/6159
f 1771/4125/6160 1823/4061/6160 1821/4064/6160
f 1819/4094/6161 1817/4093/6161 1885/4095/6161
f 3039/4066/6162 3015/3981/6162 3014/4118/6162
f 4001/1798/6163 3995/1870/6163 3977/1919/6163
f 2820/4005/6164 2780/3940/6164 2779/4126/6164
f 3696/4107/6165 4020/4121/6165 4039/4127/6165
f 3674/4085/6166 3685/4086/6166 3689/4128/6166
f 3689/4128/6167 3685/4086/6167 3696/4107/6167
f 3257/1906/6168 3264/1907/6168 3269/1841/6168
f 3271/1877/6169 3268/1926/6169 3286/1879/6169
f 2750/4129/6170 2770/4029/6170 2773/4069/6170
f 3521/4111/6171 3522/4113/6171 3482/2002/6171
f 3482/2002/6172 3522/4113/6172 3478/4130/6172
f 3478/4130/6173 3522/4113/6173 3525/4131/6173
f 3436/4124/6174 3435/1883/6174 3439/1970/6174
f 3436/4124/6175 3439/1970/6175 3442/4132/6175
f 3439/1970/6176 3435/1883/6176 3444/4123/6176
f 3483/4114/6177 3521/4111/6177 3482/2002/6177
f 4243/1978/6178 4236/1914/6178 4234/1854/6178
f 2799/4016/6179 2831/4017/6179 2809/4133/6179
f 2592/4134/6180 2585/4038/6180 2584/4018/6180
f 4165/4088/6181 4187/3993/6181 4194/4089/6181
f 4091/4060/6182 4112/4019/6182 4105/2038/6182
f 4064/4135/6183 4091/4060/6183 4073/2040/6183
f 4036/4136/6184 4065/1831/6184 4064/4135/6184
f 4065/1831/6185 4091/4060/6185 4064/4135/6185
f 1771/4125/6186 1821/4064/6186 1776/4116/6186
f 4035/1832/6187 4065/1831/6187 4036/4136/6187
f 4014/4137/6188 4035/1832/6188 4036/4136/6188
f 4015/4039/6189 4035/1832/6189 4014/4137/6189
f 3896/4138/6190 4015/4039/6190 4014/4137/6190
f 4005/4040/6191 4015/4039/6191 3896/4138/6191
f 1746/4139/6192 1819/4094/6192 1833/4097/6192
f 3992/1994/6193 4005/4040/6193 3978/1995/6193
f 3991/1795/6194 3992/1994/6194 3968/1956/6194
f 3880/1957/6195 3973/1796/6195 3968/1956/6195
f 3971/1758/6196 3972/1868/6196 3891/1958/6196
f 3114/4140/6197 3088/4080/6197 3065/4141/6197
f 3065/4141/6198 3088/4080/6198 3039/4066/6198
f 2987/4142/6199 2977/3982/6199 2937/4143/6199
f 2977/3982/6200 2915/3983/6200 2937/4143/6200
f 2937/4143/6201 2915/3983/6201 2916/4104/6201
f 2894/4103/6202 2857/4004/6202 2871/4144/6202
f 5204/1923/6203 5194/1922/6203 5198/4145/6203
f 5198/4145/6204 5194/1922/6204 5196/4081/6204
f 3219/4146/6205 3241/4106/6205 3185/4082/6205
f 3219/4146/6206 3185/4082/6206 3189/4147/6206
f 3188/4148/6207 3184/4119/6207 3190/4149/6207
f 3689/4128/6208 3696/4107/6208 4039/4127/6208
f 3680/4150/6209 3670/4108/6209 3671/4084/6209
f 3680/4150/6210 3671/4084/6210 3681/4151/6210
f 3681/4151/6211 3671/4084/6211 3682/4122/6211
f 3682/4122/6212 3674/4085/6212 3683/4152/6212
f 3683/4152/6213 3674/4085/6213 3689/4128/6213
f 2771/3970/6214 2756/4068/6214 2758/4120/6214
f 3264/1907/6215 3265/1968/6215 3268/1926/6215
f 2751/4109/6216 2770/4029/6216 2750/4129/6216
f 3478/4130/6217 3525/4131/6217 3469/36/6217
f 3469/36/6218 3525/4131/6218 3470/30/6218
f 3439/1970/6219 3444/4123/6219 3446/1971/6219
f 3442/4132/6220 3439/1970/6220 3443/1972/6220
f 2774/2135/6221 2788/3990/6221 2789/2133/6221
f 3493/1973/6222 3505/1847/6222 3483/4114/6222
f 3518/1848/6223 3505/1847/6223 3503/1911/6223
f 2892/4074/6224 2960/4075/6224 2912/4153/6224
f 2960/4075/6225 2585/4038/6225 2592/4134/6225
f 2592/4134/6226 2584/4018/6226 2587/4076/6226
f 2592/4134/6227 2587/4076/6227 2593/4154/6227
f 2593/4154/6228 2587/4076/6228 2590/1891/6228
f 2590/1891/6229 2589/1890/6229 2600/2105/6229
f 2600/2105/6230 2589/1890/6230 2594/4077/6230
f 2600/2105/6231 2594/4077/6231 2606/2011/6231
f 4073/2040/6232 4091/4060/6232 4105/2038/6232
f 1771/4125/6233 1818/4079/6233 1823/4061/6233
f 3978/1995/6234 4005/4040/6234 3896/4138/6234
f 1872/4155/6235 1896/4101/6235 1936/4117/6235
f 3136/4102/6236 3088/4080/6236 3114/4140/6236
f 3977/1919/6237 3983/1797/6237 3961/1959/6237
f 3014/4118/6238 2977/3982/6238 2987/4142/6238
f 2823/4156/6239 2857/4004/6239 2820/4005/6239
f 2823/4156/6240 2820/4005/6240 2779/4126/6240
f 5198/4145/6241 5196/4081/6241 5209/4157/6241
f 3240/4158/6242 3242/4105/6242 3241/4106/6242
f 3240/4158/6243 3241/4106/6243 3219/4146/6243
f 3185/4082/6244 3184/4119/6244 3188/4148/6244
f 3189/4147/6245 3185/4082/6245 3188/4148/6245
f 3190/4149/6246 3184/4119/6246 3196/4083/6246
f 3190/4149/6247 3196/4083/6247 3202/4159/6247
f 3684/4160/6248 3673/1899/6248 3672/1900/6248
f 3672/1900/6249 3670/4108/6249 3680/4150/6249
f 3681/4151/6250 3682/4122/6250 3683/4152/6250
f 3474/2003/6251 3482/2002/6251 3478/4130/6251
f 3478/4130/6252 3469/36/6252 3466/33/6252
f 3483/4114/6253 3482/2002/6253 3480/2004/6253
f 3493/1973/6254 3483/4114/6254 3480/2004/6254
f 4243/1978/6255 4234/1854/6255 4244/4161/6255
f 4244/4161/6256 4234/1854/6256 4235/1982/6256
f 4244/4161/6257 4235/1982/6257 4245/1984/6257
f 2837/4162/6258 2809/4133/6258 2831/4017/6258
f 2837/4162/6259 2831/4017/6259 2868/3991/6259
f 2837/4162/6260 2868/3991/6260 2867/4163/6260
f 2867/4163/6261 2868/3991/6261 2892/4074/6261
f 2867/4163/6262 2892/4074/6262 2912/4153/6262
f 2606/2011/6263 2594/4077/6263 2599/1894/6263
f 1403/2068/6264 1409/2013/6264 1352/2012/6264
f 4144/4164/6265 4140/4078/6265 4165/4088/6265
f 4105/2038/6266 4140/4078/6266 4115/4165/6266
f 1743/4166/6267 1824/4091/6267 1820/4058/6267
f 4046/4167/6268 4036/4136/6268 4064/4135/6268
f 3896/4138/6269 4014/4137/6269 3874/4168/6269
f 2871/4144/6270 2857/4004/6270 2823/4156/6270
f 5207/2047/6271 5204/1923/6271 5198/4145/6271
f 2779/4126/6272 2780/3940/6272 2758/4120/6272
f 3684/4160/6273 3672/1900/6273 3680/4150/6273
f 4039/4127/6274 4020/4121/6274 3969/4169/6274
f 1085/1969/6275 1118/1999/6275 1086/2023/6275
f 1046/2000/6276 1048/1843/6276 1082/1928/6276
f 3474/2003/6277 3478/4130/6277 3465/41/6277
f 3465/41/6278 3478/4130/6278 3466/33/6278
f 3489/4170/6279 3493/1973/6279 3480/2004/6279
f 2789/2133/6280 2788/3990/6280 2798/4171/6280
f 2788/3990/6281 2799/4016/6281 2798/4171/6281
f 2798/4171/6282 2799/4016/6282 2809/4133/6282
f 2593/4154/6283 2590/1891/6283 2602/2106/6283
f 4115/4165/6284 4140/4078/6284 4144/4164/6284
f 1894/4172/6285 1895/4173/6285 1832/4115/6285
f 1797/4174/6286 1832/4115/6286 1824/4091/6286
f 1797/4174/6287 1824/4091/6287 1744/4175/6287
f 1744/4175/6288 1824/4091/6288 1743/4166/6288
f 1820/4058/6289 1818/4079/6289 1743/4166/6289
f 1736/4176/6290 1818/4079/6290 1735/4177/6290
f 1818/4079/6291 1771/4125/6291 1735/4177/6291
f 1735/4177/6292 1771/4125/6292 1730/4178/6292
f 4036/4136/6293 4046/4167/6293 3876/4179/6293
f 1730/4178/6294 1771/4125/6294 1776/4116/6294
f 3875/4180/6295 4014/4137/6295 3876/4179/6295
f 4014/4137/6296 4036/4136/6296 3876/4179/6296
f 3874/4168/6297 4014/4137/6297 3875/4180/6297
f 1731/4181/6298 1817/4093/6298 1819/4094/6298
f 3878/4182/6299 3978/1995/6299 3896/4138/6299
f 1868/4098/6300 1896/4101/6300 1826/4183/6300
f 1826/4183/6301 1896/4101/6301 1872/4155/6301
f 3893/2041/6302 3960/1918/6302 3891/1958/6302
f 3949/2110/6303 4000/1898/6303 3987/1897/6303
f 4020/4121/6304 4000/1898/6304 3949/2110/6304
f 4027/4184/6305 4039/4127/6305 3969/4169/6305
f 3686/4185/6306 3680/4150/6306 3681/4151/6306
f 3686/4185/6307 3681/4151/6307 3687/4186/6307
f 3687/4186/6308 3681/4151/6308 3683/4152/6308
f 3687/4186/6309 3683/4152/6309 3690/4187/6309
f 3690/4187/6310 3683/4152/6310 3689/4128/6310
f 4027/4184/6311 3689/4128/6311 4039/4127/6311
f 3467/4188/6312 3474/2003/6312 3465/41/6312
f 3479/4189/6313 3480/2004/6313 3474/2003/6313
f 3479/4189/6314 3474/2003/6314 3467/4188/6314
f 3489/4170/6315 3480/2004/6315 3479/4189/6315
f 1894/4172/6316 1832/4115/6316 1822/4190/6316
f 1822/4190/6317 1832/4115/6317 1797/4174/6317
f 4082/2039/6318 4105/2038/6318 4115/4165/6318
f 1743/4166/6319 1818/4079/6319 1736/4176/6319
f 4046/4167/6320 4064/4135/6320 4073/2040/6320
f 1730/4178/6321 1776/4116/6321 1729/4191/6321
f 1729/4191/6322 1776/4116/6322 1731/4181/6322
f 1731/4181/6323 1776/4116/6323 1817/4093/6323
f 1731/4181/6324 1819/4094/6324 1732/4192/6324
f 1732/4192/6325 1819/4094/6325 1746/4139/6325
f 3878/4182/6326 3896/4138/6326 3874/4168/6326
f 1746/4139/6327 1833/4097/6327 1814/4193/6327
f 3877/2082/6328 3978/1995/6328 3878/4182/6328
f 1814/4193/6329 1833/4097/6329 1868/4098/6329
f 1814/4193/6330 1868/4098/6330 1826/4183/6330
f 3968/1956/6331 3978/1995/6331 3877/2082/6331
f 3133/4194/6332 3148/4195/6332 3136/4102/6332
f 3133/4194/6333 3136/4102/6333 3114/4140/6333
f 3039/4066/6334 3014/4118/6334 3023/4196/6334
f 2904/4197/6335 2916/4104/6335 2894/4103/6335
f 2894/4103/6336 2871/4144/6336 2904/4197/6336
f 3969/4169/6337 4020/4121/6337 3949/2110/6337
f 3191/4198/6338 3190/4149/6338 3202/4159/6338
f 3690/4187/6339 3689/4128/6339 4027/4184/6339
f 2758/4120/6340 2756/4068/6340 2755/4199/6340
f 2749/4200/6341 2751/4109/6341 2750/4129/6341
f 2750/4129/6342 2773/4069/6342 2752/4201/6342
f 2773/4069/6343 2774/2135/6343 2752/4201/6343
f 3467/4188/6344 3465/41/6344 3463/42/6344
f 3490/2214/6345 3493/1973/6345 3489/4170/6345
f 3499/2092/6346 3503/1911/6346 3493/1973/6346
f 2912/4153/6347 2960/4075/6347 2959/4202/6347
f 2959/4202/6348 2960/4075/6348 2592/4134/6348
f 1342/2107/6349 1371/1947/6349 1355/2075/6349
f 3133/4194/6350 3114/4140/6350 3102/4203/6350
f 3065/4141/6351 3039/4066/6351 3047/4204/6351
f 3047/4204/6352 3039/4066/6352 3023/4196/6352
f 2904/4197/6353 2937/4143/6353 2916/4104/6353
f 5207/2047/6354 5198/4145/6354 5208/4205/6354
f 5208/4205/6355 5198/4145/6355 5209/4157/6355
f 3217/4206/6356 3189/4147/6356 3188/4148/6356
f 3217/4206/6357 3188/4148/6357 3215/4207/6357
f 5227/2048/6358 5226/1924/6358 5222/2108/6358
f 3215/4207/6359 3188/4148/6359 3191/4198/6359
f 3188/4148/6360 3190/4149/6360 3191/4198/6360
f 3684/4160/6361 3680/4150/6361 3688/4208/6361
f 3688/4208/6362 3680/4150/6362 3686/4185/6362
f 3688/4208/6363 3686/4185/6363 3691/4209/6363
f 3952/4210/6364 4027/4184/6364 3969/4169/6364
f 3686/4185/6365 3687/4186/6365 3691/4209/6365
f 3639/1996/6366 3625/2017/6366 3640/2112/6366
f 3300/1997/6367 3301/2113/6367 3247/1998/6367
f 2756/4068/6368 2751/4109/6368 2755/4199/6368
f 3490/2214/6369 3489/4170/6369 3479/4189/6369
f 3499/2092/6370 3493/1973/6370 3490/2214/6370
f 5399/2057/6371 5398/2056/6371 5396/2097/6371
f 2798/4171/6372 2809/4133/6372 2808/4211/6372
f 5396/2097/6373 5393/2010/6373 5394/2139/6373
f 2602/2106/6374 2600/2105/6374 2611/2166/6374
f 4082/2039/6375 4115/4165/6375 4104/4212/6375
f 4046/4167/6376 4073/2040/6376 4051/4213/6376
f 3876/4179/6377 4046/4167/6377 3872/4214/6377
f 3875/4180/6378 3876/4179/6378 3871/4215/6378
f 3102/4203/6379 3114/4140/6379 3065/4141/6379
f 3014/4118/6380 2987/4142/6380 2982/4216/6380
f 3023/4196/6381 3014/4118/6381 2982/4216/6381
f 2982/4216/6382 2987/4142/6382 2937/4143/6382
f 5211/4217/6383 5207/2047/6383 5208/4205/6383
f 3219/4146/6384 3189/4147/6384 3217/4206/6384
f 3951/4218/6385 3969/4169/6385 3949/2110/6385
f 3191/4198/6386 3202/4159/6386 3212/4219/6386
f 2759/4220/6387 2758/4120/6387 2755/4199/6387
f 3694/4221/6388 3690/4187/6388 4016/4222/6388
f 3690/4187/6389 4027/4184/6389 4016/4222/6389
f 4016/4222/6390 4027/4184/6390 3952/4210/6390
f 3691/4209/6391 3687/4186/6391 3694/4221/6391
f 3694/4221/6392 3687/4186/6392 3690/4187/6392
f 2755/4199/6393 2751/4109/6393 2749/4200/6393
f 2752/4201/6394 2774/2135/6394 2778/2134/6394
f 3468/4223/6395 3467/4188/6395 3463/42/6395
f 3468/4223/6396 3463/42/6396 3475/4224/6396
f 3475/4224/6397 3463/42/6397 3461/43/6397
f 3479/4189/6398 3467/4188/6398 3468/4223/6398
f 3481/2215/6399 3479/4189/6399 3468/4223/6399
f 3490/2214/6400 3479/4189/6400 3481/2215/6400
f 2789/2133/6401 2798/4171/6401 2794/4225/6401
f 2794/4225/6402 2798/4171/6402 2808/4211/6402
f 2808/4211/6403 2809/4133/6403 2837/4162/6403
f 2592/4134/6404 2593/4154/6404 2604/4226/6404
f 2605/4227/6405 2592/4134/6405 2604/4226/6405
f 2604/4226/6406 2593/4154/6406 2602/2106/6406
f 2611/2166/6407 2600/2105/6407 2606/2011/6407
f 2606/2011/6408 2612/1990/6408 2621/2121/6408
f 2619/4228/6409 2606/2011/6409 2621/2121/6409
f 4104/4212/6410 4115/4165/6410 4126/4229/6410
f 4115/4165/6411 4144/4164/6411 4126/4229/6411
f 4126/4229/6412 4144/4164/6412 4163/4230/6412
f 1829/4231/6413 1894/4172/6413 1822/4190/6413
f 4051/4213/6414 4073/2040/6414 4082/2039/6414
f 3872/4214/6415 4046/4167/6415 4051/4213/6415
f 3871/4215/6416 3876/4179/6416 3872/4214/6416
f 3712/4232/6417 3878/4182/6417 3874/4168/6417
f 1732/4192/6418 1746/4139/6418 1720/4233/6418
f 1746/4139/6419 1814/4193/6419 1720/4233/6419
f 3877/2082/6420 3878/4182/6420 3712/4232/6420
f 3880/1957/6421 3877/2082/6421 3707/2311/6421
f 3706/2146/6422 3880/1957/6422 3707/2311/6422
f 1734/4234/6423 1826/4183/6423 1872/4155/6423
f 3891/1958/6424 3880/1957/6424 3723/2147/6424
f 5217/2123/6425 5207/2047/6425 5211/4217/6425
f 3215/4207/6426 3191/4198/6426 3210/4235/6426
f 3210/4235/6427 3191/4198/6427 3209/4236/6427
f 3209/4236/6428 3191/4198/6428 3212/4219/6428
f 3952/4210/6429 3969/4169/6429 3951/4218/6429
f 3475/4224/6430 3461/43/6430 3456/28/6430
f 2866/4237/6431 2837/4162/6431 2867/4163/6431
f 2867/4163/6432 2912/4153/6432 2914/4238/6432
f 2866/4237/6433 2867/4163/6433 2914/4238/6433
f 2914/4238/6434 2912/4153/6434 2959/4202/6434
f 2959/4202/6435 2592/4134/6435 2605/4227/6435
f 2615/2165/6436 2606/2011/6436 2619/4228/6436
f 1315/2167/6437 1352/2012/6437 1325/2142/6437
f 1829/4231/6438 1822/4190/6438 1765/4239/6438
f 1822/4190/6439 1797/4174/6439 1753/4240/6439
f 1797/4174/6440 1744/4175/6440 1738/4241/6440
f 1727/4242/6441 1743/4166/6441 1736/4176/6441
f 1736/4176/6442 1735/4177/6442 1716/4243/6442
f 1711/4244/6443 1735/4177/6443 1730/4178/6443
f 1729/4191/6444 1731/4181/6444 1714/4245/6444
f 1714/4245/6445 1731/4181/6445 1706/4246/6445
f 3837/4247/6446 3874/4168/6446 3875/4180/6446
f 1706/4246/6447 1731/4181/6447 1732/4192/6447
f 3712/4232/6448 3874/4168/6448 3717/4248/6448
f 3707/2311/6449 3877/2082/6449 3712/4232/6449
f 1734/4234/6450 1872/4155/6450 1825/4249/6450
f 2982/4216/6451 2937/4143/6451 2952/4250/6451
f 2952/4250/6452 2937/4143/6452 2904/4197/6452
f 2790/4251/6453 2823/4156/6453 2779/4126/6453
f 3239/4252/6454 3240/4158/6454 3218/4253/6454
f 3218/4253/6455 3240/4158/6455 3219/4146/6455
f 3949/2110/6456 3950/2109/6456 3928/2207/6456
f 3951/4218/6457 3949/2110/6457 3926/2272/6457
f 3211/4254/6458 3212/4219/6458 3230/4255/6458
f 3230/4255/6459 3212/4219/6459 3233/4256/6459
f 3704/4257/6460 3691/4209/6460 3694/4221/6460
f 3694/4221/6461 4016/4222/6461 3958/4258/6461
f 3476/2237/6462 3468/4223/6462 3475/4224/6462
f 3481/2215/6463 3468/4223/6463 3476/2237/6463
f 3491/2213/6464 3499/2092/6464 3490/2214/6464
f 3502/2178/6465 3499/2092/6465 3491/2213/6465
f 3512/2254/6466 3513/2136/6466 3502/2178/6466
f 2808/4211/6467 2837/4162/6467 2838/4259/6467
f 2837/4162/6468 2866/4237/6468 2838/4259/6468
f 2914/4238/6469 2959/4202/6469 2955/4260/6469
f 2955/4260/6470 2959/4202/6470 2605/4227/6470
f 1765/4239/6471 1822/4190/6471 1753/4240/6471
f 1753/4240/6472 1797/4174/6472 1738/4241/6472
f 1738/4241/6473 1744/4175/6473 1743/4166/6473
f 1738/4241/6474 1743/4166/6474 1727/4242/6474
f 4082/2039/6475 4104/4212/6475 4071/4261/6475
f 1727/4242/6476 1736/4176/6476 1716/4243/6476
f 4051/4213/6477 4082/2039/6477 4071/4261/6477
f 1716/4243/6478 1735/4177/6478 1711/4244/6478
f 1711/4244/6479 1730/4178/6479 1729/4191/6479
f 3837/4247/6480 3875/4180/6480 3871/4215/6480
f 3717/4248/6481 3874/4168/6481 3837/4247/6481
f 1719/4262/6482 1732/4192/6482 1720/4233/6482
f 1720/4233/6483 1814/4193/6483 1734/4234/6483
f 1814/4193/6484 1826/4183/6484 1734/4234/6484
f 1825/4249/6485 1872/4155/6485 1891/4263/6485
f 3732/2148/6486 3893/2041/6486 3723/2147/6486
f 3102/4203/6487 3065/4141/6487 3076/4264/6487
f 3076/4264/6488 3065/4141/6488 3047/4204/6488
f 2907/4265/6489 2904/4197/6489 2870/4266/6489
f 2904/4197/6490 2871/4144/6490 2870/4266/6490
f 2870/4266/6491 2871/4144/6491 2823/4156/6491
f 2839/4267/6492 2823/4156/6492 2790/4251/6492
f 3940/2227/6493 3965/2016/6493 3945/2205/6493
f 2779/4126/6494 2758/4120/6494 2768/4268/6494
f 3959/2046/6495 3965/2016/6495 3940/2227/6495
f 5211/4217/6496 5208/4205/6496 5212/4269/6496
f 3238/4270/6497 3239/4252/6497 3218/4253/6497
f 3218/4253/6498 3219/4146/6498 3217/4206/6498
f 3217/4206/6499 3215/4207/6499 3214/4271/6499
f 2768/4268/6500 2758/4120/6500 2759/4220/6500
f 3926/2272/6501 3949/2110/6501 3928/2207/6501
f 3210/4235/6502 3214/4271/6502 3215/4207/6502
f 3927/4272/6503 3951/4218/6503 3926/2272/6503
f 3209/4236/6504 3212/4219/6504 3211/4254/6504
f 3952/4210/6505 3951/4218/6505 3927/4272/6505
f 4016/4222/6506 3952/4210/6506 3927/4272/6506
f 3958/4258/6507 4016/4222/6507 3927/4272/6507
f 2748/4273/6508 2749/4200/6508 2750/4129/6508
f 2752/4201/6509 2778/2134/6509 2781/2499/6509
f 3475/4224/6510 3456/28/6510 3484/2238/6510
f 3484/2238/6511 3456/28/6511 3458/29/6511
f 2781/2499/6512 2778/2134/6512 2789/2133/6512
f 2794/4225/6513 2808/4211/6513 2805/4274/6513
f 1711/4244/6514 1729/4191/6514 1714/4245/6514
f 1706/4246/6515 1732/4192/6515 1719/4262/6515
f 1866/4275/6516 1825/4249/6516 1891/4263/6516
f 1866/4275/6517 1891/4263/6517 1897/4276/6517
f 2952/4250/6518 2904/4197/6518 2907/4265/6518
f 3946/2204/6519 3947/2122/6519 3954/2015/6519
f 2870/4266/6520 2823/4156/6520 2839/4267/6520
f 2790/4251/6521 2779/4126/6521 2768/4268/6521
f 5227/2048/6522 5222/2108/6522 5221/2206/6522
f 3705/4277/6523 3704/4257/6523 3694/4221/6523
f 3705/4277/6524 3694/4221/6524 3958/4258/6524
f 2748/4273/6525 2750/4129/6525 2752/4201/6525
f 3476/2237/6526 3475/4224/6526 3484/2238/6526
f 3484/2238/6527 3458/29/6527 3495/4278/6527
f 3486/2355/6528 3476/2237/6528 3485/2239/6528
f 3481/2215/6529 3476/2237/6529 3486/2355/6529
f 3491/2213/6530 3481/2215/6530 3486/2355/6530
f 2781/2499/6531 2789/2133/6531 2793/4279/6531
f 2793/4279/6532 2789/2133/6532 2794/4225/6532
f 1830/4280/6533 1829/4231/6533 1769/4281/6533
f 1769/4281/6534 1829/4231/6534 1766/4282/6534
f 1829/4231/6535 1765/4239/6535 1766/4282/6535
f 3885/4283/6536 4071/4261/6536 4074/4284/6536
f 4074/4284/6537 4071/4261/6537 4104/4212/6537
f 3885/4283/6538 4051/4213/6538 4071/4261/6538
f 3872/4214/6539 4051/4213/6539 3870/4285/6539
f 1711/4244/6540 1714/4245/6540 1695/4286/6540
f 1703/4287/6541 1714/4245/6541 1706/4246/6541
f 3743/4288/6542 3837/4247/6542 3803/4289/6542
f 1706/4246/6543 1719/4262/6543 1705/4290/6543
f 1707/4291/6544 1720/4233/6544 1734/4234/6544
f 2869/4292/6545 2870/4266/6545 2839/4267/6545
f 5210/2244/6546 5217/2123/6546 5211/4217/6546
f 2768/4268/6547 2759/4220/6547 2760/4293/6547
f 3213/4294/6548 3214/4271/6548 3210/4235/6548
f 3207/4295/6549 3210/4235/6549 3209/4236/6549
f 3921/2338/6550 3927/4272/6550 3926/2272/6550
f 3921/2338/6551 3926/2272/6551 3918/2271/6551
f 3211/4254/6552 3230/4255/6552 3228/4296/6552
f 3230/4255/6553 3237/4297/6553 3234/4298/6553
f 3494/4299/6554 3484/2238/6554 3495/4278/6554
f 3495/4278/6555 3458/29/6555 3527/24/6555
f 3495/4278/6556 3527/24/6556 3529/4300/6556
f 3527/24/6557 3528/23/6557 3529/4300/6557
f 3501/2253/6558 3491/2213/6558 3492/2357/6558
f 2833/4301/6559 2808/4211/6559 2838/4259/6559
f 2866/4237/6560 2914/4238/6560 2880/4302/6560
f 2605/4227/6561 2604/4226/6561 2613/4303/6561
f 4113/4304/6562 4104/4212/6562 4126/4229/6562
f 1753/4240/6563 1738/4241/6563 1715/4305/6563
f 1738/4241/6564 1727/4242/6564 1709/4306/6564
f 1709/4306/6565 1727/4242/6565 1697/4307/6565
f 3870/4285/6566 4051/4213/6566 3885/4283/6566
f 1697/4307/6567 1716/4243/6567 1696/4308/6567
f 1716/4243/6568 1711/4244/6568 1696/4308/6568
f 3871/4215/6569 3872/4214/6569 3870/4285/6569
f 1695/4286/6570 1714/4245/6570 1703/4287/6570
f 3837/4247/6571 3871/4215/6571 3803/4289/6571
f 3743/4288/6572 3717/4248/6572 3837/4247/6572
f 3716/4309/6573 3712/4232/6573 3717/4248/6573
f 3711/2309/6574 3712/4232/6574 3716/4309/6574
f 3711/2309/6575 3707/2311/6575 3712/4232/6575
f 3706/2146/6576 3707/2311/6576 3708/2312/6576
f 3723/2147/6577 3706/2146/6577 3722/2265/6577
f 3732/2148/6578 3723/2147/6578 3730/2266/6578
f 3218/4253/6579 3217/4206/6579 3216/4310/6579
f 3216/4310/6580 3217/4206/6580 3214/4271/6580
f 3216/4310/6581 3214/4271/6581 3213/4294/6581
f 3213/4294/6582 3210/4235/6582 3207/4295/6582
f 3209/4236/6583 3211/4254/6583 3205/4311/6583
f 3205/4311/6584 3211/4254/6584 3228/4296/6584
f 3929/2340/6585 3958/4258/6585 3927/4272/6585
f 3929/2340/6586 3927/4272/6586 3921/2338/6586
f 3228/4296/6587 3230/4255/6587 3234/4298/6587
f 3705/4277/6588 3958/4258/6588 3929/2340/6588
f 5096/2277/6589 5097/2250/6589 5098/2316/6589
f 3485/2239/6590 3484/2238/6590 3494/4299/6590
f 3492/2357/6591 3491/2213/6591 3486/2355/6591
f 5357/2256/6592 5401/2184/6592 5356/2260/6592
f 5356/2260/6593 5395/2161/6593 5341/2285/6593
f 2805/4274/6594 2808/4211/6594 2833/4301/6594
f 2955/4260/6595 2605/4227/6595 2985/4312/6595
f 2604/4226/6596 2602/2106/6596 2617/2293/6596
f 2602/2106/6597 2611/2166/6597 2617/2293/6597
f 2618/2292/6598 2611/2166/6598 2615/2165/6598
f 1291/2263/6599 1315/2167/6599 1281/2328/6599
f 1715/4305/6600 1738/4241/6600 1709/4306/6600
f 4074/4284/6601 4104/4212/6601 4113/4304/6601
f 1727/4242/6602 1716/4243/6602 1697/4307/6602
f 1696/4308/6603 1711/4244/6603 1695/4286/6603
f 3803/4289/6604 3871/4215/6604 3870/4285/6604
f 3716/4309/6605 3717/4248/6605 3743/4288/6605
f 1705/4290/6606 1719/4262/6606 1707/4291/6606
f 1719/4262/6607 1720/4233/6607 1707/4291/6607
f 1707/4291/6608 1734/4234/6608 1733/4313/6608
f 3708/2312/6609 3707/2311/6609 3709/2310/6609
f 1733/4313/6610 1734/4234/6610 1825/4249/6610
f 1866/4275/6611 1897/4276/6611 1869/4314/6611
f 3103/4315/6612 3102/4203/6612 3076/4264/6612
f 3076/4264/6613 3047/4204/6613 3043/4316/6613
f 3043/4316/6614 3047/4204/6614 3023/4196/6614
f 3022/4317/6615 3023/4196/6615 2982/4216/6615
f 3022/4317/6616 2982/4216/6616 2983/4318/6616
f 2983/4318/6617 2982/4216/6617 2952/4250/6617
f 2907/4265/6618 2870/4266/6618 2869/4292/6618
f 5210/2244/6619 5211/4217/6619 5212/4269/6619
f 5210/2244/6620 5212/4269/6620 5213/4319/6620
f 3238/4270/6621 3218/4253/6621 3221/4320/6621
f 3232/4321/6622 3238/4270/6622 3221/4320/6622
f 3221/4320/6623 3218/4253/6623 3216/4310/6623
f 2759/4220/6624 2755/4199/6624 2754/4322/6624
f 2760/4293/6625 2759/4220/6625 2754/4322/6625
f 3207/4295/6626 3209/4236/6626 3205/4311/6626
f 2754/4322/6627 2755/4199/6627 2749/4200/6627
f 2753/4323/6628 2749/4200/6628 2748/4273/6628
f 3494/4299/6629 3495/4278/6629 3509/2413/6629
f 3509/2413/6630 3495/4278/6630 3529/4300/6630
f 3509/2413/6631 3529/4300/6631 3532/2415/6631
f 3532/2415/6632 3529/4300/6632 3533/4324/6632
f 5368/2322/6633 5407/2216/6633 5362/2283/6633
f 4573/2217/6634 4574/2282/6634 4536/2284/6634
f 2833/4301/6635 2838/4259/6635 2866/4237/6635
f 2880/4302/6636 2914/4238/6636 2955/4260/6636
f 2985/4312/6637 2605/4227/6637 2613/4303/6637
f 2613/4303/6638 2604/4226/6638 2617/2293/6638
f 2615/2165/6639 2619/4228/6639 2634/2367/6639
f 1292/2296/6640 1328/2295/6640 1291/2263/6640
f 1765/4239/6641 1753/4240/6641 1728/4325/6641
f 1728/4325/6642 1753/4240/6642 1715/4305/6642
f 1708/4326/6643 1707/4291/6643 1733/4313/6643
f 3043/4316/6644 3023/4196/6644 3022/4317/6644
f 3905/2203/6645 3884/2202/6645 3888/2335/6645
f 2895/4327/6646 2907/4265/6646 2869/4292/6646
f 2790/4251/6647 2768/4268/6647 2760/4293/6647
f 3920/2400/6648 3921/2338/6648 3918/2271/6648
f 3204/4328/6649 3207/4295/6649 3205/4311/6649
f 3205/4311/6650 3228/4296/6650 3229/4329/6650
f 3228/4296/6651 3234/4298/6651 3229/4329/6651
f 4196/4330/6652 3705/4277/6652 3935/4331/6652
f 3935/4331/6653 3705/4277/6653 3929/2340/6653
f 3601/21/6654 3600/2347/6654 3599/12/6654
f 2767/2498/6655 2752/4201/6655 2781/2499/6655
f 3500/2412/6656 3494/4299/6656 3509/2413/6656
f 3497/2385/6657 3494/4299/6657 3500/2412/6657
f 3532/2415/6658 3533/4324/6658 3534/2417/6658
f 3496/2387/6659 3485/2239/6659 3497/2385/6659
f 3485/2239/6660 3494/4299/6660 3497/2385/6660
f 3498/2356/6661 3486/2355/6661 3496/2387/6661
f 3486/2355/6662 3485/2239/6662 3496/2387/6662
f 5372/2358/6663 5375/2280/6663 5368/2322/6663
f 2793/4279/6664 2794/4225/6664 2804/4332/6664
f 2804/4332/6665 2794/4225/6665 2805/4274/6665
f 2833/4301/6666 2866/4237/6666 2856/4333/6666
f 2856/4333/6667 2866/4237/6667 2880/4302/6667
f 1747/4334/6668 1765/4239/6668 1728/4325/6668
f 3843/4335/6669 3803/4289/6669 3870/4285/6669
f 1695/4286/6670 1703/4287/6670 1674/4336/6670
f 3888/2335/6671 3884/2202/6671 3794/2334/6671
f 5214/2374/6672 5210/2244/6672 5213/4319/6672
f 3208/4337/6673 3207/4295/6673 3204/4328/6673
f 3924/2339/6674 3921/2338/6674 3920/2400/6674
f 3205/4311/6675 3229/4329/6675 3206/4338/6675
f 3935/4331/6676 3929/2340/6676 3924/2339/6676
f 3229/4329/6677 3234/4298/6677 3235/4339/6677
f 5088/2343/6678 5086/2314/6678 5084/2380/6678
f 3595/3/6679 3597/22/6679 3596/2383/6679
f 2754/4322/6680 2749/4200/6680 2753/4323/6680
f 2880/4302/6681 2955/4260/6681 2949/4340/6681
f 2985/4312/6682 2613/4303/6682 2984/4341/6682
f 4721/2223/6683 4683/2304/6683 4719/2371/6683
f 1747/4334/6684 1766/4282/6684 1765/4239/6684
f 3868/4342/6685 3870/4285/6685 3885/4283/6685
f 3868/4342/6686 3885/4283/6686 4074/4284/6686
f 3843/4335/6687 3870/4285/6687 3868/4342/6687
f 1674/4336/6688 1703/4287/6688 1672/4343/6688
f 1672/4343/6689 1703/4287/6689 1706/4246/6689
f 1672/4343/6690 1706/4246/6690 1705/4290/6690
f 1718/4344/6691 1733/4313/6691 1825/4249/6691
f 1718/4344/6692 1825/4249/6692 1816/4345/6692
f 1825/4249/6693 1866/4275/6693 1816/4345/6693
f 1816/4345/6694 1866/4275/6694 1869/4314/6694
f 3103/4315/6695 3076/4264/6695 3077/4346/6695
f 3077/4346/6696 3076/4264/6696 3043/4316/6696
f 2952/4250/6697 2907/4265/6697 2918/4347/6697
f 2918/4347/6698 2907/4265/6698 2895/4327/6698
f 2869/4292/6699 2839/4267/6699 2827/4348/6699
f 2827/4348/6700 2839/4267/6700 2790/4251/6700
f 3220/4349/6701 3216/4310/6701 3213/4294/6701
f 3221/4320/6702 3216/4310/6702 3220/4349/6702
f 3208/4337/6703 3213/4294/6703 3207/4295/6703
f 2761/4350/6704 2760/4293/6704 2754/4322/6704
f 3204/4328/6705 3205/4311/6705 3206/4338/6705
f 4195/4351/6706 4196/4330/6706 3935/4331/6706
f 2748/4273/6707 2752/4201/6707 2763/4352/6707
f 2763/4352/6708 2752/4201/6708 2767/2498/6708
f 3520/2414/6709 3509/2413/6709 3531/2416/6709
f 3531/2416/6710 3534/2417/6710 3535/2505/6710
f 3507/2386/6711 3497/2385/6711 3510/2411/6711
f 3506/2456/6712 3496/2387/6712 3507/2386/6712
f 3498/2356/6713 3496/2387/6713 3506/2456/6713
f 5348/2421/6714 5356/2260/6714 5341/2285/6714
f 5341/2285/6715 5333/2327/6715 5334/2464/6715
f 2804/4332/6716 2805/4274/6716 2833/4301/6716
f 2949/4340/6717 2955/4260/6717 2984/4341/6717
f 2955/4260/6718 2985/4312/6718 2984/4341/6718
f 2984/4341/6719 2613/4303/6719 2628/4353/6719
f 2628/4353/6720 2613/4303/6720 2617/2293/6720
f 1768/4354/6721 1769/4281/6721 1766/4282/6721
f 1768/4354/6722 1766/4282/6722 1747/4334/6722
f 3868/4342/6723 4074/4284/6723 4076/4355/6723
f 4074/4284/6724 4113/4304/6724 4076/4355/6724
f 1831/4356/6725 1769/4281/6725 1768/4354/6725
f 1698/4357/6726 1709/4306/6726 1697/4307/6726
f 3836/2554/6727 3843/4335/6727 3868/4342/6727
f 1676/4358/6728 1696/4308/6728 1695/4286/6728
f 3809/2556/6729 3843/4335/6729 3836/2554/6729
f 1695/4286/6730 1674/4336/6730 1673/4359/6730
f 3803/4289/6731 3843/4335/6731 3809/2556/6731
f 3748/4360/6732 3743/4288/6732 3803/4289/6732
f 3715/2479/6733 3711/2309/6733 3716/4309/6733
f 3709/2310/6734 3711/2309/6734 3713/2480/6734
f 1708/4326/6735 1733/4313/6735 1718/4344/6735
f 3710/4361/6736 3708/2312/6736 3709/2310/6736
f 3730/2266/6737 3722/2265/6737 3720/2610/6737
f 3731/2526/6738 3794/2334/6738 3730/2266/6738
f 3077/4346/6739 3043/4316/6739 3042/4362/6739
f 3042/4362/6740 3043/4316/6740 3022/4317/6740
f 2983/4318/6741 2952/4250/6741 2964/4363/6741
f 2964/4363/6742 2952/4250/6742 2918/4347/6742
f 5215/4364/6743 5214/2374/6743 5213/4319/6743
f 5215/4364/6744 5213/4319/6744 5216/4365/6744
f 3232/4321/6745 3221/4320/6745 3222/4366/6745
f 3227/4367/6746 3232/4321/6746 3222/4366/6746
f 5189/2561/6747 5190/4368/6747 5186/2559/6747
f 3222/4366/6748 3221/4320/6748 3220/4349/6748
f 3220/4349/6749 3213/4294/6749 3208/4337/6749
f 3919/2399/6750 3918/2271/6750 3914/2376/6750
f 3225/4369/6751 3204/4328/6751 3226/4370/6751
f 3204/4328/6752 3206/4338/6752 3226/4370/6752
f 3925/4371/6753 3924/2339/6753 3922/4372/6753
f 3924/2339/6754 3920/2400/6754 3922/4372/6754
f 3925/4371/6755 3935/4331/6755 3924/2339/6755
f 5368/2322/6756 5367/2507/6756 5372/2358/6756
f 5348/2421/6757 5341/2285/6757 5345/2518/6757
f 2628/4353/6758 2617/2293/6758 2629/4373/6758
f 1326/2598/6759 1292/2296/6759 1284/2520/6759
f 1728/4325/6760 1715/4305/6760 1699/4374/6760
f 1699/4374/6761 1715/4305/6761 1698/4357/6761
f 1715/4305/6762 1709/4306/6762 1698/4357/6762
f 1676/4358/6763 1697/4307/6763 1696/4308/6763
f 1676/4358/6764 1695/4286/6764 1673/4359/6764
f 3748/4360/6765 3803/4289/6765 3809/2556/6765
f 3740/4375/6766 3743/4288/6766 3748/4360/6766
f 1672/4343/6767 1705/4290/6767 1660/4376/6767
f 3740/4375/6768 3716/4309/6768 3743/4288/6768
f 1660/4376/6769 1705/4290/6769 1707/4291/6769
f 3720/2610/6770 3708/2312/6770 3710/4361/6770
f 3720/2610/6771 3722/2265/6771 3708/2312/6771
f 3103/4315/6772 3077/4346/6772 3086/4377/6772
f 3731/2526/6773 3730/2266/6773 3720/2610/6773
f 3920/2400/6774 3919/2399/6774 3922/4372/6774
f 3226/4370/6775 3206/4338/6775 3231/4378/6775
f 3231/4378/6776 3206/4338/6776 3229/4329/6776
f 3229/4329/6777 3235/4339/6777 3236/4379/6777
f 4199/4380/6778 4195/4351/6778 3956/4381/6778
f 3956/4381/6779 4195/4351/6779 3935/4331/6779
f 3956/4381/6780 3935/4331/6780 3925/4371/6780
f 3579/4/6781 3583/6/6781 3580/2491/6781
f 3327/2451/6782 3335/2453/6782 3332/2500/6782
f 2795/2497/6783 2781/2499/6783 2793/4279/6783
f 5360/2420/6784 5367/2507/6784 5368/2322/6784
f 5348/2421/6785 5351/2458/6785 5352/2325/6785
f 2856/4333/6786 2880/4302/6786 2884/4382/6786
f 1259/2472/6787 1281/2328/6787 1257/2473/6787
f 1402/2331/6788 1394/2606/6788 1370/2477/6788
f 1698/4357/6789 1697/4307/6789 1675/4383/6789
f 1675/4383/6790 1697/4307/6790 1676/4358/6790
f 1674/4336/6791 1672/4343/6791 1653/4384/6791
f 3715/2479/6792 3716/4309/6792 3740/4375/6792
f 1660/4376/6793 1707/4291/6793 1658/4385/6793
f 1707/4291/6794 1708/4326/6794 1658/4385/6794
f 3710/4361/6795 3709/2310/6795 3713/2480/6795
f 1816/4345/6796 1869/4314/6796 1862/4386/6796
f 3006/4387/6797 3022/4317/6797 2983/4318/6797
f 3006/4387/6798 2983/4318/6798 2964/4363/6798
f 2895/4327/6799 2869/4292/6799 2874/4388/6799
f 2827/4348/6800 2790/4251/6800 2810/4389/6800
f 2810/4389/6801 2790/4251/6801 2760/4293/6801
f 3223/4390/6802 3220/4349/6802 3208/4337/6802
f 3923/2618/6803 3919/2399/6803 3914/2376/6803
f 3223/4390/6804 3208/4337/6804 3224/4391/6804
f 3923/2618/6805 3922/4372/6805 3919/2399/6805
f 3208/4337/6806 3204/4328/6806 3224/4391/6806
f 3224/4391/6807 3204/4328/6807 3225/4369/6807
f 3925/4371/6808 3922/4372/6808 3931/4392/6808
f 4404/4393/6809 4409/4394/6809 4410/4395/6809
f 3956/4381/6810 3925/4371/6810 3931/4392/6810
f 3231/4378/6811 3229/4329/6811 3236/4379/6811
f 2757/4396/6812 2754/4322/6812 2753/4323/6812
f 3572/16/6813 3582/5/6813 3570/2567/6813
f 3570/2567/6814 3582/5/6814 3579/4/6814
f 3579/4/6815 3580/2491/6815 3576/2537/6815
f 3351/2545/6816 3366/2502/6816 3373/2547/6816
f 1106/2495/6817 1063/2409/6817 1080/2543/6817
f 2793/4279/6818 2804/4332/6818 2803/4397/6818
f 5367/2507/6819 5360/2420/6819 5355/2587/6819
f 5355/2587/6820 5360/2420/6820 5351/2458/6820
f 2835/4398/6821 2804/4332/6821 2833/4301/6821
f 2835/4398/6822 2833/4301/6822 2856/4333/6822
f 2979/4399/6823 2949/4340/6823 2984/4341/6823
f 2629/4373/6824 2617/2293/6824 2633/2467/6824
f 1747/4334/6825 1728/4325/6825 1740/4400/6825
f 1767/4401/6826 1831/4356/6826 1768/4354/6826
f 3835/2555/6827 3836/2554/6827 3868/4342/6827
f 1673/4359/6828 1674/4336/6828 1653/4384/6828
f 3748/4360/6829 3809/2556/6829 3773/2724/6829
f 1653/4384/6830 1672/4343/6830 1642/4402/6830
f 1745/4403/6831 1718/4344/6831 1816/4345/6831
f 3721/2611/6832 3720/2610/6832 3710/4361/6832
f 1745/4403/6833 1816/4345/6833 1862/4386/6833
f 3726/2612/6834 3731/2526/6834 3720/2610/6834
f 3086/4377/6835 3077/4346/6835 3042/4362/6835
f 2874/4388/6836 2869/4292/6836 2827/4348/6836
f 2810/4389/6837 2760/4293/6837 2761/4350/6837
f 3222/4366/6838 3220/4349/6838 3223/4390/6838
f 4402/4404/6839 4406/4405/6839 4409/4394/6839
f 2761/4350/6840 2754/4322/6840 2757/4396/6840
f 4402/4404/6841 4409/4394/6841 4404/4393/6841
f 4404/4393/6842 4410/4395/6842 4407/4406/6842
f 4410/4395/6843 4416/4407/6843 4415/4408/6843
f 4407/4406/6844 4410/4395/6844 4415/4408/6844
f 4415/4408/6845 4416/4407/6845 4419/4409/6845
f 4415/4408/6846 4419/4409/6846 4420/4410/6846
f 3571/2568/6847 3573/2571/6847 3574/2625/6847
f 2753/4323/6848 2748/4273/6848 2763/4352/6848
f 3365/2574/6849 3350/2576/6849 3359/2580/6849
f 3377/2636/6850 3372/2581/6850 3376/2582/6850
f 2795/2497/6851 2793/4279/6851 2803/4397/6851
f 4547/2514/6852 4562/2551/6852 4570/2673/6852
f 5348/2421/6853 5345/2518/6853 5346/2677/6853
f 5349/2588/6854 5348/2421/6854 5346/2677/6854
f 5345/2518/6855 5334/2464/6855 5331/2519/6855
f 2884/4382/6856 2880/4302/6856 2949/4340/6856
f 1768/4354/6857 1747/4334/6857 1767/4401/6857
f 1767/4401/6858 1747/4334/6858 1740/4400/6858
f 1740/4400/6859 1728/4325/6859 1704/4411/6859
f 1728/4325/6860 1699/4374/6860 1704/4411/6860
f 1699/4374/6861 1698/4357/6861 1681/4412/6861
f 3868/4342/6862 4076/4355/6862 3854/4413/6862
f 3835/2555/6863 3868/4342/6863 3854/4413/6863
f 1675/4383/6864 1676/4358/6864 1662/4414/6864
f 1662/4414/6865 1676/4358/6865 1656/4415/6865
f 1656/4415/6866 1676/4358/6866 1673/4359/6866
f 3747/2726/6867 3748/4360/6867 3773/2724/6867
f 3747/2726/6868 3740/4375/6868 3748/4360/6868
f 3718/4416/6869 3713/2480/6869 3715/2479/6869
f 1658/4385/6870 1708/4326/6870 1659/4417/6870
f 3714/2727/6871 3710/4361/6871 3713/2480/6871
f 3714/2727/6872 3713/2480/6872 3718/4416/6872
f 3721/2611/6873 3710/4361/6873 3714/2727/6873
f 3791/2481/6874 3731/2526/6874 3733/2613/6874
f 3042/4362/6875 3022/4317/6875 3006/4387/6875
f 2918/4347/6876 2895/4327/6876 2910/4418/6876
f 2910/4418/6877 2895/4327/6877 2874/4388/6877
f 3911/2558/6878 3910/2428/6878 3909/2614/6878
f 5185/2560/6879 5186/2559/6879 5184/4419/6879
f 3227/4367/6880 3222/4366/6880 3223/4390/6880
f 4401/4420/6881 4405/4421/6881 4406/4405/6881
f 4401/4420/6882 4406/4405/6882 4402/4404/6882
f 3922/4372/6883 3923/2618/6883 3930/2686/6883
f 3931/4392/6884 3922/4372/6884 3930/2686/6884
f 3956/4381/6885 3931/4392/6885 3934/2688/6885
f 4054/4422/6886 3956/4381/6886 3984/4423/6886
f 4420/4410/6887 4419/4409/6887 4423/4424/6887
f 4421/4425/6888 4420/4410/6888 4423/4424/6888
f 4199/4380/6889 3956/4381/6889 4054/4422/6889
f 3575/2624/6890 3576/2537/6890 3577/2629/6890
f 3581/2665/6891 3577/2629/6891 3586/2632/6891
f 3581/2665/6892 3586/2632/6892 3589/4426/6892
f 3377/2636/6893 3378/2637/6893 3380/4427/6893
f 5367/2507/6894 5355/2587/6894 5361/2645/6894
f 4569/2457/6895 4662/2585/6895 4603/2742/6895
f 4569/2457/6896 4603/2742/6896 4562/2551/6896
f 4953/2461/6897 4950/2517/6897 4946/2678/6897
f 4519/2426/6898 4529/2465/6898 4532/2593/6898
f 2629/4373/6899 2633/2467/6899 2642/4428/6899
f 1275/4429/6900 1354/4430/6900 1326/2598/6900
f 1275/4429/6901 1326/2598/6901 1271/2597/6901
f 1271/2597/6902 1284/2520/6902 1263/2470/6902
f 4766/2523/6903 4776/2679/6903 4813/2605/6903
f 3854/4413/6904 4076/4355/6904 4077/4431/6904
f 1698/4357/6905 1675/4383/6905 1681/4412/6905
f 3773/2724/6906 3809/2556/6906 3835/2555/6906
f 1656/4415/6907 1673/4359/6907 1653/4384/6907
f 1642/4402/6908 1672/4343/6908 1660/4376/6908
f 3718/4416/6909 3715/2479/6909 3740/4375/6909
f 1708/4326/6910 1718/4344/6910 1713/4432/6910
f 1659/4417/6911 1708/4326/6911 1713/4432/6911
f 1713/4432/6912 1718/4344/6912 1745/4403/6912
f 5180/2684/6913 5185/2560/6913 5184/4419/6913
f 5180/2684/6914 5184/4419/6914 5182/4433/6914
f 4417/4434/6915 4405/4421/6915 4411/4435/6915
f 5187/2616/6916 5189/2561/6916 5185/2560/6916
f 4411/4435/6917 4405/4421/6917 4403/4436/6917
f 3934/2688/6918 3931/4392/6918 3930/2686/6918
f 4402/4404/6919 4404/4393/6919 4400/4437/6919
f 4400/4437/6920 4404/4393/6920 4407/4406/6920
f 3984/4423/6921 3956/4381/6921 3934/2688/6921
f 4054/4422/6922 3984/4423/6922 3997/4438/6922
f 4415/4408/6923 4420/4410/6923 4421/4425/6923
f 3588/2664/6924 3575/2624/6924 3581/2665/6924
f 3581/2665/6925 3589/4426/6925 3590/2709/6925
f 1108/2634/6926 1101/2542/6926 1112/2668/6926
f 3328/2584/6927 3326/2548/6927 3320/2639/6927
f 5371/2508/6928 5370/4439/6928 5377/2641/6928
f 5350/2552/6929 5354/2648/6929 5355/2587/6929
f 4603/2742/6930 4590/2714/6930 4562/2551/6930
f 5350/2552/6931 5349/2588/6931 5353/2747/6931
f 2984/4341/6932 2628/4353/6932 2979/4399/6932
f 2642/4428/6933 2633/2467/6933 2643/4440/6933
f 1767/4401/6934 1740/4400/6934 1722/4441/6934
f 3854/4413/6935 4077/4431/6935 3886/4442/6935
f 1681/4412/6936 1675/4383/6936 1661/4443/6936
f 3719/2865/6937 3714/2727/6937 3718/4416/6937
f 1745/4403/6938 1862/4386/6938 1815/4444/6938
f 3081/4445/6939 3086/4377/6939 3042/4362/6939
f 3046/4446/6940 3042/4362/6940 3006/4387/6940
f 2874/4388/6941 2827/4348/6941 2843/4447/6941
f 2810/4389/6942 2761/4350/6942 2762/4448/6942
f 4403/4436/6943 4405/4421/6943 4401/4420/6943
f 4396/4449/6944 4402/4404/6944 4400/4437/6944
f 3997/4438/6945 3984/4423/6945 3934/2688/6945
f 5423/4450/6946 5424/4451/6946 5419/4452/6946
f 5324/4453/6947 5326/4454/6947 5322/4455/6947
f 5324/4453/6948 5322/4455/6948 5316/4456/6948
f 5169/4457/6949 5165/2690/6949 5168/2694/6949
f 5419/4452/6950 5427/4458/6950 5425/4459/6950
f 4407/4406/6951 4415/4408/6951 4414/4460/6951
f 5418/4461/6952 5423/4450/6952 5419/4452/6952
f 5316/4456/6953 5322/4455/6953 5317/4462/6953
f 5418/4461/6954 5419/4452/6954 5420/4463/6954
f 5420/4463/6955 5419/4452/6955 5425/4459/6955
f 4414/4460/6956 4415/4408/6956 4421/4425/6956
f 3363/2706/6957 3354/2531/6957 3364/4464/6957
f 5318/4465/6958 5323/4466/6958 5321/4467/6958
f 5421/4468/6959 5418/4461/6959 5420/4463/6959
f 5421/4468/6960 5420/4463/6960 5422/4469/6960
f 5162/4470/6961 5163/4471/6961 5161/4472/6961
f 5162/4470/6962 5161/4472/6962 5153/4473/6962
f 5422/4469/6963 5420/4463/6963 5425/4459/6963
f 5422/4469/6964 5425/4459/6964 5426/4474/6964
f 5153/4473/6965 5161/4472/6965 5154/2705/6965
f 2753/4323/6966 2763/4352/6966 2764/4475/6966
f 2764/4475/6967 2763/4352/6967 2765/4476/6967
f 2763/4352/6968 2767/2498/6968 2796/4477/6968
f 2767/2498/6969 2795/2497/6969 2796/4477/6969
f 5361/2645/6970 5370/4439/6970 5371/2508/6970
f 5354/2648/6971 5350/2552/6971 5353/2747/6971
f 5353/2747/6972 5349/2588/6972 5346/2677/6972
f 2849/4478/6973 2835/4398/6973 2856/4333/6973
f 2884/4382/6974 2949/4340/6974 2951/4479/6974
f 2949/4340/6975 2979/4399/6975 2978/4480/6975
f 1274/2855/6976 1271/2597/6976 1262/2752/6976
f 1254/2600/6977 1259/2472/6977 1231/2778/6977
f 1740/4400/6978 1704/4411/6978 1722/4441/6978
f 1704/4411/6979 1699/4374/6979 1686/4481/6979
f 1686/4481/6980 1699/4374/6980 1681/4412/6980
f 1686/4481/6981 1681/4412/6981 1671/4482/6981
f 1656/4415/6982 1653/4384/6982 1647/4483/6982
f 3772/2725/6983 3773/2724/6983 3802/4484/6983
f 3740/4375/6984 3747/2726/6984 3746/2837/6984
f 1642/4402/6985 1660/4376/6985 1643/4485/6985
f 1660/4376/6986 1658/4385/6986 1643/4485/6986
f 1643/4485/6987 1658/4385/6987 1646/4486/6987
f 1658/4385/6988 1659/4417/6988 1646/4486/6988
f 1646/4486/6989 1659/4417/6989 1645/4487/6989
f 1713/4432/6990 1745/4403/6990 1717/4488/6990
f 1717/4488/6991 1745/4403/6991 1815/4444/6991
f 1815/4444/6992 1862/4386/6992 1865/4489/6992
f 3081/4445/6993 3042/4362/6993 3046/4446/6993
f 2980/4490/6994 3006/4387/6994 2964/4363/6994
f 2980/4490/6995 2964/4363/6995 2925/4491/6995
f 2925/4491/6996 2964/4363/6996 2918/4347/6996
f 2925/4491/6997 2918/4347/6997 2910/4418/6997
f 2843/4447/6998 2827/4348/6998 2810/4389/6998
f 4411/4435/6999 4403/4436/6999 4399/4492/6999
f 2762/4448/7000 2761/4350/7000 2757/4396/7000
f 4396/4449/7001 4401/4420/7001 4402/4404/7001
f 4398/4493/7002 4401/4420/7002 4396/4449/7002
f 4396/4449/7003 4400/4437/7003 4397/4494/7003
f 4397/4494/7004 4400/4437/7004 4407/4406/7004
f 3997/4438/7005 3934/2688/7005 3963/2797/7005
f 4397/4494/7006 4407/4406/7006 4395/4495/7006
f 4395/4495/7007 4407/4406/7007 4414/4460/7007
f 4395/4495/7008 4414/4460/7008 4413/4496/7008
f 3998/4497/7009 4054/4422/7009 3997/4438/7009
f 5316/4456/7010 5317/4462/7010 5318/4465/7010
f 5316/4456/7011 5318/4465/7011 5319/4498/7011
f 5319/4498/7012 5318/4465/7012 5321/4467/7012
f 5153/4473/7013 5154/2705/7013 5155/2736/7013
f 4414/4460/7014 4421/4425/7014 4422/4499/7014
f 4421/4425/7015 4423/4424/7015 4422/4499/7015
f 392/4500/7016 494/4501/7016 309/4502/7016
f 2765/4476/7017 2763/4352/7017 2796/4477/7017
f 2796/4477/7018 2795/2497/7018 2797/4503/7018
f 5370/4439/7019 5378/4504/7019 5377/2641/7019
f 5377/2641/7020 5378/4504/7020 5380/2642/7020
f 5378/4504/7021 5382/4505/7021 5380/2642/7021
f 363/4506/7022 340/4507/7022 374/2767/7022
f 5380/2642/7023 5382/4505/7023 5384/2670/7023
f 2797/4503/7024 2795/2497/7024 2803/4397/7024
f 5361/2645/7025 5366/4508/7025 5370/4439/7025
f 4662/2585/7026 4617/2713/7026 4603/2742/7026
f 5354/2648/7027 5363/4509/7027 5361/2645/7027
f 5353/2747/7028 5359/4510/7028 5354/2648/7028
f 2803/4397/7029 2804/4332/7029 2834/4511/7029
f 4945/2675/7030 4942/2817/7030 4946/2678/7030
f 5332/2591/7031 5338/2818/7031 5337/2715/7031
f 5337/2715/7032 5346/2677/7032 5335/2676/7032
f 2834/4511/7033 2804/4332/7033 2835/4398/7033
f 2849/4478/7034 2856/4333/7034 2884/4382/7034
f 2951/4479/7035 2949/4340/7035 2978/4480/7035
f 2979/4399/7036 2628/4353/7036 3029/4512/7036
f 3029/4512/7037 2628/4353/7037 2641/4513/7037
f 2641/4513/7038 2628/4353/7038 2629/4373/7038
f 1275/4429/7039 1271/2597/7039 1274/2855/7039
f 1661/4443/7040 1675/4383/7040 1662/4414/7040
f 3834/4514/7041 3835/2555/7041 3854/4413/7041
f 1662/4414/7042 1656/4415/7042 1647/4483/7042
f 3802/4484/7043 3773/2724/7043 3835/2555/7043
f 1647/4483/7044 1653/4384/7044 1641/4515/7044
f 1641/4515/7045 1653/4384/7045 1642/4402/7045
f 3746/2837/7046 3747/2726/7046 3772/2725/7046
f 3718/4416/7047 3740/4375/7047 3739/4516/7047
f 3046/4446/7048 3006/4387/7048 3017/4517/7048
f 3017/4517/7049 3006/4387/7049 2980/4490/7049
f 5180/2684/7050 5182/4433/7050 5181/4518/7050
f 4412/4519/7051 4411/4435/7051 4399/4492/7051
f 4403/4436/7052 4401/4420/7052 4399/4492/7052
f 4399/4492/7053 4401/4420/7053 4398/4493/7053
f 3934/2688/7054 3936/2687/7054 3963/2797/7054
f 5325/4520/7055 5324/4453/7055 5316/4456/7055
f 5325/4520/7056 5316/4456/7056 5320/4521/7056
f 3998/4497/7057 3997/4438/7057 3963/2797/7057
f 5320/4521/7058 5316/4456/7058 5319/4498/7058
f 5164/4522/7059 5162/4470/7059 5160/4523/7059
f 5160/4523/7060 5162/4470/7060 5153/4473/7060
f 5160/4523/7061 5153/4473/7061 5155/2736/7061
f 4418/4524/7062 4414/4460/7062 4422/4499/7062
f 2764/4475/7063 2757/4396/7063 2753/4323/7063
f 5373/4525/7064 5374/4526/7064 5370/4439/7064
f 5366/4508/7065 5373/4525/7065 5370/4439/7065
f 5370/4439/7066 5374/4526/7066 5378/4504/7066
f 374/2767/7067 340/4507/7067 311/2768/7067
f 5363/4509/7068 5366/4508/7068 5361/2645/7068
f 5359/4510/7069 5363/4509/7069 5354/2648/7069
f 1359/2607/7070 1335/2785/7070 1321/2723/7070
f 1321/2723/7071 1309/2786/7071 1306/2609/7071
f 1767/4401/7072 1722/4441/7072 1763/4527/7072
f 1671/4482/7073 1681/4412/7073 1661/4443/7073
f 3834/4514/7074 3854/4413/7074 3853/4528/7074
f 1661/4443/7075 1662/4414/7075 1648/4529/7075
f 3802/4484/7076 3835/2555/7076 3834/4514/7076
f 1648/4529/7077 1662/4414/7077 1647/4483/7077
f 3739/4516/7078 3740/4375/7078 3746/2837/7078
f 3719/2865/7079 3718/4416/7079 3725/2891/7079
f 1645/4487/7080 1659/4417/7080 1713/4432/7080
f 3724/2728/7081 3714/2727/7081 3719/2865/7081
f 3727/2787/7082 3721/2611/7082 3724/2728/7082
f 3735/2788/7083 3733/2613/7083 3726/2612/7083
f 3735/2788/7084 3726/2612/7084 3727/2787/7084
f 2811/4530/7085 2810/4389/7085 2762/4448/7085
f 3942/2730/7086 3933/2615/7086 3937/2683/7086
f 5179/2790/7087 5187/2616/7087 5180/2684/7087
f 5179/2790/7088 5180/2684/7088 5181/4518/7088
f 4393/4531/7089 4396/4449/7089 4397/4494/7089
f 4392/4532/7090 4396/4449/7090 4393/4531/7090
f 3998/4497/7091 3963/2797/7091 3982/4533/7091
f 4393/4531/7092 4397/4494/7092 4395/4495/7092
f 4408/4534/7093 4395/4495/7093 4413/4496/7093
f 4413/4496/7094 4414/4460/7094 4418/4524/7094
f 392/4500/7095 309/4502/7095 275/4535/7095
f 4408/4534/7096 4413/4496/7096 4418/4524/7096
f 4418/4524/7097 4422/4499/7097 4375/4536/7097
f 257/4537/7098 392/4500/7098 275/4535/7098
f 4365/4538/7099 4370/4539/7099 4372/4540/7099
f 475/4541/7100 370/4542/7100 345/4543/7100
f 475/4541/7101 345/4543/7101 363/4506/7101
f 363/4506/7102 345/4543/7102 340/4507/7102
f 4352/4544/7103 4365/4538/7103 4366/4545/7103
f 4366/4545/7104 4365/4538/7104 4372/4540/7104
f 5358/4546/7105 5353/2747/7105 5347/2746/7105
f 4951/2590/7106 4952/2833/7106 4948/2776/7106
f 5347/2746/7107 5337/2715/7107 5339/2819/7107
f 2641/4513/7108 2629/4373/7108 2642/4428/7108
f 1329/4547/7109 1275/4429/7109 1274/2855/7109
f 1722/4441/7110 1704/4411/7110 1702/4548/7110
f 3853/4528/7111 3854/4413/7111 3886/4442/7111
f 3725/2891/7112 3718/4416/7112 3739/4516/7112
f 1645/4487/7113 1713/4432/7113 1644/4549/7113
f 1644/4549/7114 1713/4432/7114 1717/4488/7114
f 2981/4550/7115 2980/4490/7115 2925/4491/7115
f 4412/4519/7116 4399/4492/7116 4391/4551/7116
f 4399/4492/7117 4398/4493/7117 4390/4552/7117
f 4398/4493/7118 4396/4449/7118 4392/4532/7118
f 3964/2796/7119 3982/4533/7119 3963/2797/7119
f 4394/4553/7120 4393/4531/7120 4395/4495/7120
f 4394/4553/7121 4395/4495/7121 4408/4534/7121
f 309/4502/7122 300/4554/7122 260/4555/7122
f 275/4535/7123 309/4502/7123 260/4555/7123
f 257/4537/7124 275/4535/7124 249/4556/7124
f 4367/4557/7125 4408/4534/7125 4418/4524/7125
f 4367/4557/7126 4418/4524/7126 4368/4558/7126
f 4368/4558/7127 4418/4524/7127 4375/4536/7127
f 4355/4559/7128 4364/4560/7128 4365/4538/7128
f 4365/4538/7129 4364/4560/7129 4370/4539/7129
f 370/4542/7130 318/4561/7130 345/4543/7130
f 4352/4544/7131 4355/4559/7131 4365/4538/7131
f 345/4543/7132 256/4562/7132 340/4507/7132
f 340/4507/7133 256/4562/7133 311/2768/7133
f 311/2768/7134 256/4562/7134 255/2878/7134
f 311/2768/7135 255/2878/7135 292/2770/7135
f 4345/4563/7136 4352/4544/7136 4354/4564/7136
f 4345/4563/7137 4354/4564/7137 4353/4565/7137
f 4345/4563/7138 4353/4565/7138 4351/4566/7138
f 5364/4567/7139 5363/4509/7139 5359/4510/7139
f 2797/4503/7140 2803/4397/7140 2807/4568/7140
f 5359/4510/7141 5353/2747/7141 5358/4546/7141
f 5358/4546/7142 5347/2746/7142 5339/2819/7142
f 2834/4511/7143 2835/4398/7143 2849/4478/7143
f 2849/4478/7144 2884/4382/7144 2885/4569/7144
f 2978/4480/7145 2979/4399/7145 3029/4512/7145
f 1702/4548/7146 1704/4411/7146 1693/4570/7146
f 1693/4570/7147 1704/4411/7147 1686/4481/7147
f 3834/4514/7148 3853/4528/7148 3844/4571/7148
f 1661/4443/7149 1648/4529/7149 1650/4572/7149
f 1628/4573/7150 1641/4515/7150 1642/4402/7150
f 3739/4516/7151 3746/2837/7151 3749/4574/7151
f 1631/4575/7152 1643/4485/7152 1646/4486/7152
f 1632/4576/7153 1646/4486/7153 1645/4487/7153
f 3728/2866/7154 3719/2865/7154 3725/2891/7154
f 1632/4576/7155 1645/4487/7155 1644/4549/7155
f 3727/2787/7156 3724/2728/7156 3729/2953/7156
f 1813/4577/7157 1815/4444/7157 1865/4489/7157
f 3068/4578/7158 3081/4445/7158 3046/4446/7158
f 3016/4579/7159 3017/4517/7159 2980/4490/7159
f 3016/4579/7160 2980/4490/7160 2981/4550/7160
f 2910/4418/7161 2874/4388/7161 2900/4580/7161
f 2843/4447/7162 2810/4389/7162 2811/4530/7162
f 5183/2826/7163 5179/2790/7163 5181/4518/7163
f 4390/4552/7164 4391/4551/7164 4399/4492/7164
f 3943/2795/7165 3932/2685/7165 3944/2825/7165
f 2762/4448/7166 2757/4396/7166 2766/4581/7166
f 2766/4581/7167 2757/4396/7167 2764/4475/7167
f 3982/4533/7168 3964/2796/7168 4026/4582/7168
f 4392/4532/7169 4393/4531/7169 4359/4583/7169
f 300/4554/7170 259/2908/7170 260/4555/7170
f 4359/4583/7171 4393/4531/7171 4394/4553/7171
f 4362/4584/7172 4394/4553/7172 4408/4534/7172
f 4394/4553/7173 4362/4584/7173 4360/4585/7173
f 275/4535/7174 260/4555/7174 247/2910/7174
f 249/4556/7175 275/4535/7175 247/2910/7175
f 240/4586/7176 249/4556/7176 247/2910/7176
f 4362/4584/7177 4408/4534/7177 4367/4557/7177
f 257/4537/7178 249/4556/7178 240/4586/7178
f 4362/4584/7179 4367/4557/7179 4361/4587/7179
f 4361/4587/7180 4367/4557/7180 4368/4558/7180
f 4368/4558/7181 4375/4536/7181 4371/4588/7181
f 342/4589/7182 257/4537/7182 242/4590/7182
f 242/4590/7183 257/4537/7183 240/4586/7183
f 4361/4587/7184 4368/4558/7184 4363/4591/7184
f 4363/4591/7185 4368/4558/7185 4371/4588/7185
f 310/4592/7186 342/4589/7186 242/4590/7186
f 4363/4591/7187 4371/4588/7187 4369/4593/7187
f 369/4594/7188 342/4589/7188 310/4592/7188
f 310/4592/7189 242/4590/7189 238/4595/7189
f 4364/4560/7190 4363/4591/7190 4369/4593/7190
f 369/4594/7191 310/4592/7191 318/4561/7191
f 318/4561/7192 310/4592/7192 238/4595/7192
f 318/4561/7193 238/4595/7193 245/2876/7193
f 4348/2875/7194 4363/4591/7194 4364/4560/7194
f 4348/2875/7195 4364/4560/7195 4355/4559/7195
f 4364/4560/7196 4369/4593/7196 4370/4539/7196
f 370/4542/7197 369/4594/7197 318/4561/7197
f 345/4543/7198 318/4561/7198 245/2876/7198
f 345/4543/7199 245/2876/7199 256/4562/7199
f 4348/2875/7200 4355/4559/7200 4340/2873/7200
f 4340/2873/7201 4355/4559/7201 4352/4544/7201
f 2796/4477/7202 2797/4503/7202 2807/4568/7202
f 4340/2873/7203 4352/4544/7203 4345/4563/7203
f 5364/4567/7204 5359/4510/7204 5358/4546/7204
f 5358/4546/7205 5339/2819/7205 5343/4596/7205
f 4940/2816/7206 4941/2852/7206 4942/2817/7206
f 5342/4597/7207 5343/4596/7207 5339/2819/7207
f 5338/2818/7208 5342/4597/7208 5339/2819/7208
f 1429/4598/7209 1329/4547/7209 1273/4599/7209
f 1329/4547/7210 1274/2855/7210 1273/4599/7210
f 1227/2856/7211 1262/2752/7211 1237/2717/7211
f 1739/4600/7212 1763/4527/7212 1722/4441/7212
f 1693/4570/7213 1686/4481/7213 1668/4601/7213
f 1686/4481/7214 1671/4482/7214 1668/4601/7214
f 1668/4601/7215 1671/4482/7215 1657/4602/7215
f 1671/4482/7216 1661/4443/7216 1650/4572/7216
f 1657/4602/7217 1671/4482/7217 1650/4572/7217
f 3801/4603/7218 3802/4484/7218 3834/4514/7218
f 1630/4604/7219 1648/4529/7219 1647/4483/7219
f 3774/2836/7220 3772/2725/7220 3802/4484/7220
f 3774/2836/7221 3802/4484/7221 3801/4603/7221
f 1647/4483/7222 1641/4515/7222 1630/4604/7222
f 1630/4604/7223 1641/4515/7223 1629/4605/7223
f 1629/4605/7224 1641/4515/7224 1628/4573/7224
f 3746/2837/7225 3774/2836/7225 3749/4574/7225
f 1642/4402/7226 1643/4485/7226 1628/4573/7226
f 3725/2891/7227 3739/4516/7227 3737/2890/7227
f 1631/4575/7228 1646/4486/7228 1632/4576/7228
f 3729/2953/7229 3724/2728/7229 3728/2866/7229
f 1712/4606/7230 1717/4488/7230 1815/4444/7230
f 3734/2867/7231 3727/2787/7231 3729/2953/7231
f 1712/4606/7232 1815/4444/7232 1813/4577/7232
f 3734/2867/7233 3735/2788/7233 3727/2787/7233
f 3046/4446/7234 3017/4517/7234 3016/4579/7234
f 2981/4550/7235 2925/4491/7235 2924/4607/7235
f 2924/4607/7236 2925/4491/7236 2910/4418/7236
f 2924/4607/7237 2910/4418/7237 2900/4580/7237
f 2844/4608/7238 2843/4447/7238 2811/4530/7238
f 3937/2683/7239 3938/2789/7239 3955/2869/7239
f 5183/2826/7240 5181/4518/7240 5192/4609/7240
f 4388/4610/7241 4412/4519/7241 4391/4551/7241
f 5233/2870/7242 5244/2792/7242 5235/4611/7242
f 4388/4610/7243 4391/4551/7243 4390/4552/7243
f 4390/4552/7244 4398/4493/7244 4387/4612/7244
f 4387/4612/7245 4398/4493/7245 4392/4532/7245
f 4026/4582/7246 3964/2796/7246 4025/4613/7246
f 4359/4583/7247 4394/4553/7247 4360/4585/7247
f 260/4555/7248 259/2908/7248 247/2910/7248
f 240/4586/7249 247/2910/7249 239/4614/7249
f 4350/4615/7250 4360/4585/7250 4362/4584/7250
f 4350/4615/7251 4362/4584/7251 4361/4587/7251
f 242/4590/7252 240/4586/7252 237/4616/7252
f 242/4590/7253 237/4616/7253 238/4595/7253
f 4349/4617/7254 4350/4615/7254 4361/4587/7254
f 4349/4617/7255 4361/4587/7255 4363/4591/7255
f 4349/4617/7256 4363/4591/7256 4348/2875/7256
f 256/4562/7257 245/2876/7257 255/2878/7257
f 4340/2873/7258 4345/4563/7258 4339/2912/7258
f 4351/4566/7259 4339/2912/7259 4345/4563/7259
f 5344/4618/7260 5358/4546/7260 5343/4596/7260
f 2807/4568/7261 2803/4397/7261 2834/4511/7261
f 2834/4511/7262 2849/4478/7262 2848/4619/7262
f 2885/4569/7263 2884/4382/7263 2950/4620/7263
f 2884/4382/7264 2951/4479/7264 2950/4620/7264
f 3029/4512/7265 2641/4513/7265 3084/4621/7265
f 1273/4599/7266 1274/2855/7266 1228/2854/7266
f 1739/4600/7267 1722/4441/7267 1702/4548/7267
f 3879/4622/7268 3853/4528/7268 3886/4442/7268
f 1770/4623/7269 1763/4527/7269 1739/4600/7269
f 3844/4571/7270 3853/4528/7270 3879/4622/7270
f 3737/2890/7271 3739/4516/7271 3749/4574/7271
f 1628/4573/7272 1643/4485/7272 1631/4575/7272
f 1644/4549/7273 1717/4488/7273 1712/4606/7273
f 1813/4577/7274 1865/4489/7274 1864/4624/7274
f 3068/4578/7275 3046/4446/7275 3016/4579/7275
f 2900/4580/7276 2874/4388/7276 2843/4447/7276
f 2811/4530/7277 2762/4448/7277 2812/4625/7277
f 2812/4625/7278 2762/4448/7278 2766/4581/7278
f 4387/4612/7279 4388/4610/7279 4390/4552/7279
f 3979/2907/7280 3943/2795/7280 3944/2825/7280
f 5250/2871/7281 5245/2793/7281 5243/2894/7281
f 4387/4612/7282 4392/4532/7282 4389/4626/7282
f 4025/4613/7283 3964/2796/7283 3986/2895/7283
f 4356/4627/7284 4392/4532/7284 4359/4583/7284
f 4356/4627/7285 4359/4583/7285 4347/4628/7285
f 4359/4583/7286 4360/4585/7286 4347/4628/7286
f 4347/4628/7287 4360/4585/7287 4350/4615/7287
f 240/4586/7288 239/4614/7288 237/4616/7288
f 4344/4629/7289 4347/4628/7289 4350/4615/7289
f 238/4595/7290 237/4616/7290 236/2933/7290
f 4344/4629/7291 4350/4615/7291 4349/4617/7291
f 245/2876/7292 238/4595/7292 236/2933/7292
f 245/2876/7293 236/2933/7293 244/2877/7293
f 4341/2874/7294 4344/4629/7294 4348/2875/7294
f 4344/4629/7295 4349/4617/7295 4348/2875/7295
f 4341/2874/7296 4340/2873/7296 4338/2914/7296
f 4340/2873/7297 4339/2912/7297 4338/2914/7297
f 288/2846/7298 255/2878/7298 253/2897/7298
f 4330/2913/7299 4339/2912/7299 4351/4566/7299
f 5365/4630/7300 5364/4567/7300 5358/4546/7300
f 5365/4630/7301 5358/4546/7301 5344/4618/7301
f 4948/2776/7302 4947/2901/7302 4943/2851/7302
f 2836/4631/7303 2807/4568/7303 2834/4511/7303
f 5342/4597/7304 5344/4618/7304 5343/4596/7304
f 2950/4620/7305 2951/4479/7305 2967/4632/7305
f 2951/4479/7306 2978/4480/7306 2967/4632/7306
f 2967/4632/7307 2978/4480/7307 3001/4633/7307
f 1430/4634/7308 1429/4598/7308 1273/4599/7308
f 1311/2864/7309 1308/2888/7309 1309/2786/7309
f 1627/4635/7310 1630/4604/7310 1620/4636/7310
f 1827/4637/7311 1813/4577/7311 1864/4624/7311
f 2900/4580/7312 2843/4447/7312 2844/4608/7312
f 5233/2870/7313 5235/4611/7313 5234/4638/7313
f 5183/2826/7314 5192/4609/7314 5193/4639/7314
f 5232/4640/7315 5233/2870/7315 5234/4638/7315
f 4382/4641/7316 4388/4610/7316 4387/4612/7316
f 5236/2893/7317 5233/2870/7317 5232/4640/7317
f 4389/4626/7318 4392/4532/7318 4357/4642/7318
f 4357/4642/7319 4392/4532/7319 4356/4627/7319
f 259/2908/7320 268/4643/7320 248/2909/7320
f 239/4614/7321 247/2910/7321 241/2930/7321
f 4356/4627/7322 4347/4628/7322 4346/4644/7322
f 239/4614/7323 241/2930/7323 235/2931/7323
f 237/4616/7324 239/4614/7324 235/2931/7324
f 236/2933/7325 237/4616/7325 235/2931/7325
f 4347/4628/7326 4344/4629/7326 4343/4645/7326
f 4344/4629/7327 4341/2874/7327 4342/4646/7327
f 4342/4646/7328 4341/2874/7328 4338/2914/7328
f 4330/2913/7329 4351/4566/7329 4331/4647/7329
f 4943/2851/7330 4947/2901/7330 4944/4648/7330
f 5376/4649/7331 5369/4650/7331 5344/4618/7331
f 4943/2851/7332 4944/4648/7332 4941/2852/7332
f 5342/4597/7333 5376/4649/7333 5344/4618/7333
f 2848/4619/7334 2849/4478/7334 2885/4569/7334
f 3001/4633/7335 2978/4480/7335 3029/4512/7335
f 3056/4651/7336 3029/4512/7336 3084/4621/7336
f 1430/4634/7337 1273/4599/7337 1278/3006/7337
f 1273/4599/7338 1228/2854/7338 1242/3004/7338
f 1228/2854/7339 1227/2856/7339 1222/3010/7339
f 1739/4600/7340 1702/4548/7340 1701/4652/7340
f 1702/4548/7341 1693/4570/7341 1679/4653/7341
f 3838/4654/7342 3834/4514/7342 3844/4571/7342
f 1627/4635/7343 1648/4529/7343 1630/4604/7343
f 1620/4636/7344 1630/4604/7344 1629/4605/7344
f 3750/4655/7345 3749/4574/7345 3774/2836/7345
f 3737/2890/7346 3749/4574/7346 3750/4655/7346
f 1631/4575/7347 1632/4576/7347 1626/4656/7347
f 3736/2951/7348 3729/2953/7348 3728/2866/7348
f 3741/2952/7349 3734/2867/7349 3729/2953/7349
f 3755/2924/7350 3734/2867/7350 3742/3019/7350
f 3069/4657/7351 3068/4578/7351 3016/4579/7351
f 3016/4579/7352 2981/4550/7352 3010/4658/7352
f 2898/4659/7353 2900/4580/7353 2844/4608/7353
f 3979/2907/7354 3944/2825/7354 3974/2892/7354
f 4381/4660/7355 4382/4641/7355 4383/4661/7355
f 4383/4661/7356 4382/4641/7356 4387/4612/7356
f 5236/2893/7357 5232/4640/7357 5237/2928/7357
f 4383/4661/7358 4387/4612/7358 4389/4626/7358
f 248/2909/7359 268/4643/7359 269/2957/7359
f 2801/4662/7360 2764/4475/7360 2765/4476/7360
f 2801/4662/7361 2765/4476/7361 2802/4663/7361
f 4343/4645/7362 4346/4644/7362 4347/4628/7362
f 2802/4663/7363 2765/4476/7363 2796/4477/7363
f 236/2933/7364 234/2932/7364 244/2877/7364
f 4343/4645/7365 4344/4629/7365 4342/4646/7365
f 244/2877/7366 234/2932/7366 246/2964/7366
f 244/2877/7367 246/2964/7367 253/2897/7367
f 2796/4477/7368 2807/4568/7368 2806/4664/7368
f 276/2915/7369 253/2897/7369 254/2965/7369
f 5369/4650/7370 5365/4630/7370 5344/4618/7370
f 4947/2901/7371 4949/2938/7371 4944/4648/7371
f 3001/4633/7372 3029/4512/7372 3024/4665/7372
f 1242/3004/7373 1228/2854/7373 1222/3010/7373
f 1376/2861/7374 1350/2950/7374 1362/2887/7374
f 1726/4666/7375 1739/4600/7375 1701/4652/7375
f 1701/4652/7376 1702/4548/7376 1679/4653/7376
f 1679/4653/7377 1693/4570/7377 1668/4601/7377
f 3867/4667/7378 3844/4571/7378 3879/4622/7378
f 1759/4668/7379 1770/4623/7379 1739/4600/7379
f 3800/4669/7380 3801/4603/7380 3834/4514/7380
f 3800/4669/7381 3774/2836/7381 3801/4603/7381
f 1620/4636/7382 1629/4605/7382 1614/4670/7382
f 3750/4655/7383 3774/2836/7383 3776/4671/7383
f 1629/4605/7384 1628/4573/7384 1614/4670/7384
f 1614/4670/7385 1628/4573/7385 1615/4672/7385
f 3744/4673/7386 3737/2890/7386 3750/4655/7386
f 1628/4573/7387 1631/4575/7387 1613/4674/7387
f 3738/3016/7388 3737/2890/7388 3744/4673/7388
f 1613/4674/7389 1631/4575/7389 1626/4656/7389
f 3728/2866/7390 3737/2890/7390 3738/3016/7390
f 1626/4656/7391 1632/4576/7391 1644/4549/7391
f 1626/4656/7392 1644/4549/7392 1639/4675/7392
f 1639/4675/7393 1644/4549/7393 1712/4606/7393
f 1639/4675/7394 1712/4606/7394 1651/4676/7394
f 1651/4676/7395 1712/4606/7395 1737/4677/7395
f 1737/4677/7396 1712/4606/7396 1813/4577/7396
f 3742/3019/7397 3734/2867/7397 3741/2952/7397
f 1737/4677/7398 1813/4577/7398 1827/4637/7398
f 3069/4657/7399 3016/4579/7399 3041/4678/7399
f 3787/2839/7400 3763/2906/7400 3790/2954/7400
f 3820/2868/7401 3787/2839/7401 3818/2925/7401
f 2988/4679/7402 2981/4550/7402 2924/4607/7402
f 2988/4679/7403 2924/4607/7403 2939/4680/7403
f 2840/4681/7404 2811/4530/7404 2812/4625/7404
f 262/2958/7405 269/2957/7405 294/2973/7405
f 2766/4581/7406 2764/4475/7406 2800/4682/7406
f 5237/2928/7407 5232/4640/7407 5238/4683/7407
f 4384/4684/7408 4381/4660/7408 4383/4661/7408
f 4383/4661/7409 4389/4626/7409 4357/4642/7409
f 4383/4661/7410 4357/4642/7410 4358/4685/7410
f 4357/4642/7411 4356/4627/7411 4337/4686/7411
f 4337/4686/7412 4356/4627/7412 4346/4644/7412
f 241/2930/7413 232/2962/7413 235/2931/7413
f 4342/4646/7414 4338/2914/7414 4333/4687/7414
f 4333/4687/7415 4338/2914/7415 4327/2935/7415
f 4328/4688/7416 4330/2913/7416 4331/4647/7416
f 4325/4689/7417 4328/4688/7417 4376/4690/7417
f 4328/4688/7418 4331/4647/7418 4332/4691/7418
f 4376/4690/7419 4328/4688/7419 4374/4692/7419
f 4374/4692/7420 4328/4688/7420 4332/4691/7420
f 3024/4665/7421 3029/4512/7421 3056/4651/7421
f 1278/3006/7422 1273/4599/7422 1242/3004/7422
f 1759/4668/7423 1739/4600/7423 1726/4666/7423
f 3838/4654/7424 3844/4571/7424 3867/4667/7424
f 1650/4572/7425 1648/4529/7425 1627/4635/7425
f 3800/4669/7426 3834/4514/7426 3838/4654/7426
f 3776/4671/7427 3774/2836/7427 3800/4669/7427
f 1615/4672/7428 1628/4573/7428 1613/4674/7428
f 3736/2951/7429 3728/2866/7429 3738/3016/7429
f 3010/4658/7430 2981/4550/7430 2988/4679/7430
f 2924/4607/7431 2900/4580/7431 2939/4680/7431
f 2939/4680/7432 2900/4580/7432 2898/4659/7432
f 2844/4608/7433 2811/4530/7433 2840/4681/7433
f 4384/4684/7434 4383/4661/7434 4358/4685/7434
f 2764/4475/7435 2801/4662/7435 2800/4682/7435
f 5239/2975/7436 5237/2928/7436 5238/4683/7436
f 251/2976/7437 248/2909/7437 262/2958/7437
f 4358/4685/7438 4357/4642/7438 4337/4686/7438
f 241/2930/7439 243/2960/7439 232/2962/7439
f 4335/4693/7440 4337/4686/7440 4346/4644/7440
f 4335/4693/7441 4346/4644/7441 4343/4645/7441
f 234/2932/7442 232/2962/7442 233/2963/7442
f 4333/4687/7443 4335/4693/7443 4343/4645/7443
f 4333/4687/7444 4343/4645/7444 4342/4646/7444
f 2802/4663/7445 2796/4477/7445 2806/4664/7445
f 246/2964/7446 250/2979/7446 254/2965/7446
f 4963/2937/7447 4960/2967/7447 4962/4694/7447
f 4325/4689/7448 4327/2935/7448 4328/4688/7448
f 4328/4688/7449 4327/2935/7449 4330/2913/7449
f 4963/2937/7450 4962/4694/7450 4949/2938/7450
f 4376/4690/7451 4379/4695/7451 4325/4689/7451
f 2836/4631/7452 2834/4511/7452 2847/4696/7452
f 2834/4511/7453 2848/4619/7453 2847/4696/7453
f 3056/4651/7454 3084/4621/7454 3112/4697/7454
f 1286/4698/7455 1430/4634/7455 1278/3006/7455
f 1222/3010/7456 1227/2856/7456 1210/2941/7456
f 1649/4699/7457 1657/4602/7457 1650/4572/7457
f 3745/3018/7458 3736/2951/7458 3738/3016/7458
f 1626/4656/7459 1639/4675/7459 1611/4700/7459
f 3069/4657/7460 3041/4678/7460 3070/4701/7460
f 3041/4678/7461 3016/4579/7461 3010/4658/7461
f 2812/4625/7462 2766/4581/7462 2813/4702/7462
f 4386/4703/7463 4384/4684/7463 4385/4704/7463
f 4385/4704/7464 4384/4684/7464 4358/4685/7464
f 5240/2959/7465 5239/2975/7465 5241/4705/7465
f 4380/2991/7466 4386/4703/7466 4385/4704/7466
f 5242/2977/7467 5240/2959/7467 5241/4705/7467
f 4385/4704/7468 4358/4685/7468 4336/4706/7468
f 4336/4706/7469 4358/4685/7469 4337/4686/7469
f 4380/2991/7470 4385/4704/7470 4378/2989/7470
f 4378/2989/7471 4385/4704/7471 4336/4706/7471
f 4958/2992/7472 4966/4707/7472 4971/4708/7472
f 4378/2989/7473 4336/4706/7473 4334/4709/7473
f 4336/4706/7474 4337/4686/7474 4335/4693/7474
f 4964/2981/7475 4966/4707/7475 4958/2992/7475
f 4334/4709/7476 4336/4706/7476 4335/4693/7476
f 4964/2981/7477 4958/2992/7477 4957/2982/7477
f 4334/4709/7478 4335/4693/7478 4333/4687/7478
f 4329/4710/7479 4334/4709/7479 4333/4687/7479
f 4329/4710/7480 4326/4711/7480 4373/4712/7480
f 4960/2967/7481 4957/2982/7481 4959/2993/7481
f 4960/2967/7482 4959/2993/7482 4961/4713/7482
f 4326/4711/7483 4329/4710/7483 4327/2935/7483
f 4329/4710/7484 4333/4687/7484 4327/2935/7484
f 4962/4694/7485 4960/2967/7485 4961/4713/7485
f 4379/4695/7486 4326/4711/7486 4325/4689/7486
f 4325/4689/7487 4326/4711/7487 4327/2935/7487
f 2878/4714/7488 2848/4619/7488 2885/4569/7488
f 1700/4715/7489 1701/4652/7489 1679/4653/7489
f 1668/4601/7490 1657/4602/7490 1649/4699/7490
f 1649/4699/7491 1650/4572/7491 1625/4716/7491
f 1625/4716/7492 1650/4572/7492 1627/4635/7492
f 3800/4669/7493 3838/4654/7493 3832/4717/7493
f 1620/4636/7494 1614/4670/7494 1592/4718/7494
f 1591/4719/7495 1614/4670/7495 1615/4672/7495
f 3753/3069/7496 3744/4673/7496 3750/4655/7496
f 1615/4672/7497 1613/4674/7497 1591/4719/7497
f 3752/3071/7498 3744/4673/7498 3753/3069/7498
f 1613/4674/7499 1626/4656/7499 1593/4720/7499
f 1737/4677/7500 1827/4637/7500 1809/4721/7500
f 1809/4721/7501 1827/4637/7501 1863/4722/7501
f 3784/2999/7502 3790/2954/7502 3763/2906/7502
f 2996/4723/7503 3010/4658/7503 2988/4679/7503
f 3819/3034/7504 3887/2926/7504 3818/2925/7504
f 301/2974/7505 294/2973/7505 314/3047/7505
f 4377/2990/7506 4378/2989/7506 4334/4709/7506
f 4373/4712/7507 4377/2990/7507 4334/4709/7507
f 4373/4712/7508 4334/4709/7508 4329/4710/7508
f 2807/4568/7509 2836/4631/7509 2832/4724/7509
f 2847/4696/7510 2848/4619/7510 2878/4714/7510
f 2970/4725/7511 2950/4620/7511 2967/4632/7511
f 3024/4665/7512 3056/4651/7512 3080/4726/7512
f 3080/4726/7513 3056/4651/7513 3112/4697/7513
f 1286/4698/7514 1278/3006/7514 1236/3005/7514
f 1215/3027/7515 1242/3004/7515 1222/3010/7515
f 1302/2998/7516 1267/2988/7516 1311/2864/7516
f 1700/4715/7517 1726/4666/7517 1701/4652/7517
f 1700/4715/7518 1679/4653/7518 1677/4727/7518
f 1677/4727/7519 1679/4653/7519 1668/4601/7519
f 1758/4728/7520 1759/4668/7520 1726/4666/7520
f 1758/4728/7521 1726/4666/7521 1724/4729/7521
f 1667/4730/7522 1668/4601/7522 1649/4699/7522
f 3848/4731/7523 3838/4654/7523 3867/4667/7523
f 3807/4732/7524 3800/4669/7524 3832/4717/7524
f 1627/4635/7525 1620/4636/7525 1612/4733/7525
f 1612/4733/7526 1620/4636/7526 1592/4718/7526
f 3776/4671/7527 3800/4669/7527 3777/4734/7527
f 3777/4734/7528 3800/4669/7528 3807/4732/7528
f 3777/4734/7529 3750/4655/7529 3776/4671/7529
f 1592/4718/7530 1614/4670/7530 1591/4719/7530
f 1593/4720/7531 1591/4719/7531 1613/4674/7531
f 3754/3053/7532 3736/2951/7532 3745/3018/7532
f 1611/4700/7533 1639/4675/7533 1651/4676/7533
f 3754/3053/7534 3741/2952/7534 3736/2951/7534
f 3742/3019/7535 3741/2952/7535 3754/3053/7535
f 3041/4678/7536 3010/4658/7536 3034/4735/7536
f 2897/4736/7537 2898/4659/7537 2844/4608/7537
f 2897/4736/7538 2844/4608/7538 2840/4681/7538
f 2812/4625/7539 2813/4702/7539 2840/4681/7539
f 2814/4737/7540 2766/4581/7540 2800/4682/7540
f 232/2962/7541 243/2960/7541 226/3039/7541
f 232/2962/7542 226/3039/7542 230/3023/7542
f 2806/4664/7543 2807/4568/7543 2832/4724/7543
f 2878/4714/7544 2885/4569/7544 2926/4738/7544
f 2926/4738/7545 2885/4569/7545 2950/4620/7545
f 2967/4632/7546 3001/4633/7546 2970/4725/7546
f 2970/4725/7547 3001/4633/7547 3024/4665/7547
f 1208/3032/7548 1206/2947/7548 1238/2948/7548
f 1724/4729/7549 1726/4666/7549 1700/4715/7549
f 1677/4727/7550 1668/4601/7550 1667/4730/7550
f 3848/4731/7551 3867/4667/7551 3873/4739/7551
f 3832/4717/7552 3838/4654/7552 3848/4731/7552
f 3753/3069/7553 3750/4655/7553 3777/4734/7553
f 3752/3071/7554 3738/3016/7554 3744/4673/7554
f 3751/3017/7555 3738/3016/7555 3752/3071/7555
f 1594/4740/7556 1593/4720/7556 1626/4656/7556
f 1594/4740/7557 1626/4656/7557 1611/4700/7557
f 1652/4741/7558 1651/4676/7558 1737/4677/7558
f 3764/3021/7559 3755/2924/7559 3757/3020/7559
f 3784/2999/7560 3763/2906/7560 3764/3021/7560
f 2988/4679/7561 2939/4680/7561 2996/4723/7561
f 2938/4742/7562 2939/4680/7562 2898/4659/7562
f 2938/4742/7563 2898/4659/7563 2897/4736/7563
f 2926/4738/7564 2950/4620/7564 2970/4725/7564
f 4542/2939/7565 4554/3007/7565 4552/2969/7565
f 1208/3032/7566 1180/3029/7566 1206/2947/7566
f 1625/4716/7567 1627/4635/7567 1612/4733/7567
f 3777/4734/7568 3807/4732/7568 3804/4743/7568
f 1611/4700/7569 1651/4676/7569 1634/4744/7569
f 1652/4741/7570 1737/4677/7570 1721/4745/7570
f 3757/3020/7571 3742/3019/7571 3754/3053/7571
f 1721/4745/7572 1737/4677/7572 1809/4721/7572
f 3034/4735/7573 3070/4701/7573 3041/4678/7573
f 3034/4735/7574 3010/4658/7574 2996/4723/7574
f 2996/4723/7575 2939/4680/7575 2938/4742/7575
f 2813/4702/7576 2766/4581/7576 2814/4737/7576
f 320/2899/7577 290/3040/7577 331/2984/7577
f 2832/4724/7578 2836/4631/7578 2847/4696/7578
f 2970/4725/7579 3024/4665/7579 3028/4746/7579
f 3080/4726/7580 3112/4697/7580 3113/4747/7580
f 1286/4698/7581 1236/3005/7581 1279/3060/7581
f 3832/4717/7582 3848/4731/7582 3839/4748/7582
f 1624/4749/7583 1649/4699/7583 1625/4716/7583
f 1616/4750/7584 1625/4716/7584 1590/4751/7584
f 1590/4751/7585 1625/4716/7585 1612/4733/7585
f 3807/4732/7586 3832/4717/7586 3815/4752/7586
f 1590/4751/7587 1612/4733/7587 1592/4718/7587
f 3753/3069/7588 3777/4734/7588 3782/4753/7588
f 1591/4719/7589 1593/4720/7589 1573/4754/7589
f 1573/4754/7590 1593/4720/7590 1574/4755/7590
f 3745/3018/7591 3751/3017/7591 3760/3101/7591
f 3754/3053/7592 3745/3018/7592 3759/4756/7592
f 1634/4744/7593 1651/4676/7593 1652/4741/7593
f 3070/4701/7594 3034/4735/7594 3082/4757/7594
f 2996/4723/7595 2938/4742/7595 2997/4758/7595
f 2850/4759/7596 2840/4681/7596 2813/4702/7596
f 2819/4760/7597 2801/4662/7597 2802/4663/7597
f 2802/4663/7598 2806/4664/7598 2828/3125/7598
f 2828/3125/7599 2806/4664/7599 2832/4724/7599
f 2851/3123/7600 2832/4724/7600 2847/4696/7600
f 1236/3005/7601 1215/3027/7601 1209/3079/7601
f 1144/3061/7602 1215/3027/7602 1168/3009/7602
f 1143/3097/7603 1167/2996/7603 1166/3011/7603
f 1143/3097/7604 1166/3011/7604 1148/3063/7604
f 1758/4728/7605 1724/4729/7605 1723/4761/7605
f 1723/4761/7606 1724/4729/7606 1700/4715/7606
f 1723/4761/7607 1700/4715/7607 1684/4762/7607
f 1684/4762/7608 1700/4715/7608 1677/4727/7608
f 1677/4727/7609 1667/4730/7609 1664/4763/7609
f 3839/4748/7610 3848/4731/7610 3873/4739/7610
f 1624/4749/7611 1625/4716/7611 1616/4750/7611
f 3804/4743/7612 3807/4732/7612 3815/4752/7612
f 3782/4753/7613 3777/4734/7613 3804/4743/7613
f 3767/3070/7614 3753/3069/7614 3782/4753/7614
f 1576/4764/7615 1592/4718/7615 1591/4719/7615
f 1576/4764/7616 1591/4719/7616 1573/4754/7616
f 3751/3017/7617 3752/3071/7617 3762/3085/7617
f 1574/4755/7618 1593/4720/7618 1578/4765/7618
f 1593/4720/7619 1594/4740/7619 1578/4765/7619
f 1594/4740/7620 1611/4700/7620 1595/4766/7620
f 1578/4765/7621 1594/4740/7621 1595/4766/7621
f 1595/4766/7622 1611/4700/7622 1634/4744/7622
f 1634/4744/7623 1652/4741/7623 1721/4745/7623
f 1828/4767/7624 1809/4721/7624 1863/4722/7624
f 3764/3021/7625 3757/3020/7625 3768/3072/7625
f 3786/3086/7626 3819/3034/7626 3784/2999/7626
f 3034/4735/7627 2996/4723/7627 3020/4768/7627
f 3020/4768/7628 2996/4723/7628 2997/4758/7628
f 2938/4742/7629 2897/4736/7629 2928/4769/7629
f 2897/4736/7630 2840/4681/7630 2896/4770/7630
f 2896/4770/7631 2840/4681/7631 2850/4759/7631
f 2814/4737/7632 2800/4682/7632 2818/4771/7632
f 2818/4771/7633 2800/4682/7633 2801/4662/7633
f 2818/4771/7634 2801/4662/7634 2819/4760/7634
f 2878/4714/7635 2926/4738/7635 2920/4772/7635
f 2926/4738/7636 2970/4725/7636 2965/4773/7636
f 3003/4774/7637 2970/4725/7637 3028/4746/7637
f 3028/4746/7638 3024/4665/7638 3079/4775/7638
f 3079/4775/7639 3024/4665/7639 3080/4726/7639
f 3839/4748/7640 3873/4739/7640 3869/4776/7640
f 1757/4777/7641 1758/4728/7641 1723/4761/7641
f 1664/4763/7642 1667/4730/7642 1649/4699/7642
f 1664/4763/7643 1649/4699/7643 1624/4749/7643
f 3815/4752/7644 3832/4717/7644 3839/4748/7644
f 1590/4751/7645 1592/4718/7645 1576/4764/7645
f 3760/3101/7646 3751/3017/7646 3762/3085/7646
f 3761/3103/7647 3745/3018/7647 3760/3101/7647
f 3759/4756/7648 3745/3018/7648 3761/3103/7648
f 3758/3054/7649 3754/3053/7649 3759/4756/7649
f 3082/4757/7650 3034/4735/7650 3062/4778/7650
f 3035/4779/7651 3034/4735/7651 3020/4768/7651
f 2997/4758/7652 2938/4742/7652 2971/4780/7652
f 2850/4759/7653 2813/4702/7653 2814/4737/7653
f 231/3024/7654 230/3023/7654 210/3074/7654
f 2819/4760/7655 2802/4663/7655 2828/3125/7655
f 2851/3123/7656 2847/4696/7656 2879/4781/7656
f 2879/4781/7657 2847/4696/7657 2878/4714/7657
f 2920/4772/7658 2926/4738/7658 2965/4773/7658
f 2965/4773/7659 2970/4725/7659 3003/4774/7659
f 4555/3003/7660 4563/3077/7660 4561/3078/7660
f 4554/3007/7661 4561/3078/7661 4566/3080/7661
f 1144/3061/7662 1209/3079/7662 1215/3027/7662
f 1143/3097/7663 1144/3061/7663 1167/2996/7663
f 1569/4782/7664 1590/4751/7664 1576/4764/7664
f 3767/3070/7665 3782/4753/7665 3783/4783/7665
f 1633/4784/7666 1634/4744/7666 1721/4745/7666
f 1721/4745/7667 1809/4721/7667 1791/4785/7667
f 1809/4721/7668 1828/4767/7668 1791/4785/7668
f 3062/4778/7669 3034/4735/7669 3035/4779/7669
f 2971/4780/7670 2938/4742/7670 2928/4769/7670
f 3976/3105/7671 3981/3038/7671 3975/3037/7671
f 2879/4781/7672 2878/4714/7672 2920/4772/7672
f 3079/4775/7673 3080/4726/7673 3113/4747/7673
f 1710/4786/7674 1723/4761/7674 1684/4762/7674
f 1710/4786/7675 1684/4762/7675 1683/4787/7675
f 1684/4762/7676 1677/4727/7676 1683/4787/7676
f 1683/4787/7677 1677/4727/7677 1663/4788/7677
f 1663/4788/7678 1677/4727/7678 1664/4763/7678
f 1569/4782/7679 1576/4764/7679 1566/4789/7679
f 1567/4790/7680 1573/4754/7680 1574/4755/7680
f 3760/3101/7681 3762/3085/7681 3770/3168/7681
f 1574/4755/7682 1578/4765/7682 1570/4791/7682
f 3759/4756/7683 3761/3103/7683 3765/3102/7683
f 1595/4766/7684 1634/4744/7684 1633/4784/7684
f 1633/4784/7685 1721/4745/7685 1791/4785/7685
f 1791/4785/7686 1828/4767/7686 1799/4792/7686
f 1799/4792/7687 1828/4767/7687 1861/4793/7687
f 3021/4794/7688 3020/4768/7688 2997/4758/7688
f 2972/4795/7689 2971/4780/7689 2928/4769/7689
f 2928/4769/7690 2897/4736/7690 2927/4796/7690
f 264/3048/7691 313/3073/7691 295/3107/7691
f 2850/4759/7692 2814/4737/7692 2853/4797/7692
f 2853/4797/7693 2814/4737/7693 2818/4771/7693
f 266/3001/7694 261/3088/7694 216/3126/7694
f 2828/3125/7695 2832/4724/7695 2851/3123/7695
f 290/3040/7696 289/3075/7696 297/3076/7696
f 2961/4798/7697 2920/4772/7697 2965/4773/7697
f 3003/4774/7698 3028/4746/7698 3060/4799/7698
f 1235/3144/7699 1279/3060/7699 1224/3059/7699
f 1209/3079/7700 1144/3061/7700 1141/3129/7700
f 1139/3096/7701 1148/3063/7701 1146/3093/7701
f 4660/3064/7702 4698/3113/7702 4700/3065/7702
f 4756/3014/7703 4730/3042/7703 4753/3116/7703
f 1381/3067/7704 1380/3148/7704 1368/3068/7704
f 1663/4788/7705 1664/4763/7705 1624/4749/7705
f 3840/4800/7706 3839/4748/7706 3859/4801/7706
f 3839/4748/7707 3869/4776/7707 3859/4801/7707
f 1623/4802/7708 1624/4749/7708 1616/4750/7708
f 3813/4803/7709 3815/4752/7709 3839/4748/7709
f 3813/4803/7710 3839/4748/7710 3840/4800/7710
f 1616/4750/7711 1590/4751/7711 1585/4804/7711
f 3804/4743/7712 3815/4752/7712 3813/4803/7712
f 1585/4804/7713 1590/4751/7713 1569/4782/7713
f 3798/4805/7714 3782/4753/7714 3804/4743/7714
f 3783/4783/7715 3782/4753/7715 3798/4805/7715
f 1576/4764/7716 1573/4754/7716 1566/4789/7716
f 1566/4789/7717 1573/4754/7717 1567/4790/7717
f 3762/3085/7718 3767/3070/7718 3775/4806/7718
f 1567/4790/7719 1574/4755/7719 1570/4791/7719
f 1578/4765/7720 1595/4766/7720 1575/4807/7720
f 3766/3134/7721 3758/3054/7721 3759/4756/7721
f 3779/3135/7722 3768/3072/7722 3758/3054/7722
f 3824/3044/7723 3817/3104/7723 3857/3173/7723
f 3035/4779/7724 3020/4768/7724 3021/4794/7724
f 3975/3037/7725 3957/3045/7725 3970/3120/7725
f 2927/4796/7726 2897/4736/7726 2896/4770/7726
f 2896/4770/7727 2850/4759/7727 2893/4808/7727
f 2853/4797/7728 2818/4771/7728 2855/4809/7728
f 2855/4809/7729 2818/4771/7729 2819/4760/7729
f 277/3056/7730 266/3001/7730 216/3126/7730
f 338/3180/7731 330/3089/7731 302/3138/7731
f 2990/4810/7732 2965/4773/7732 3003/4774/7732
f 3060/4799/7733 3028/4746/7733 3079/4775/7733
f 3079/4775/7734 3113/4747/7734 3124/4811/7734
f 1224/3059/7735 1209/3079/7735 1211/3145/7735
f 1211/3145/7736 1209/3079/7736 1141/3129/7736
f 4566/3080/7737 4587/3159/7737 4567/3095/7737
f 1748/4812/7738 1757/4777/7738 1723/4761/7738
f 1748/4812/7739 1723/4761/7739 1710/4786/7739
f 1764/4813/7740 1757/4777/7740 1748/4812/7740
f 1663/4788/7741 1624/4749/7741 1623/4802/7741
f 1623/4802/7742 1616/4750/7742 1585/4804/7742
f 3798/4805/7743 3804/4743/7743 3813/4803/7743
f 3775/4806/7744 3767/3070/7744 3783/4783/7744
f 3770/3168/7745 3762/3085/7745 3775/4806/7745
f 3765/3102/7746 3760/3101/7746 3770/3168/7746
f 1570/4791/7747 1578/4765/7747 1575/4807/7747
f 3769/4814/7748 3759/4756/7748 3765/3102/7748
f 1597/4815/7749 1595/4766/7749 1633/4784/7749
f 3769/4814/7750 3766/3134/7750 3759/4756/7750
f 1635/4816/7751 1633/4784/7751 1791/4785/7751
f 1799/4792/7752 1861/4793/7752 1839/4817/7752
f 3824/3044/7753 3857/3173/7753 3900/3094/7753
f 2972/4795/7754 2928/4769/7754 2927/4796/7754
f 2893/4808/7755 2850/4759/7755 2853/4797/7755
f 204/3110/7756 222/3055/7756 205/3136/7756
f 2855/4809/7757 2819/4760/7757 2854/4818/7757
f 2819/4760/7758 2828/3125/7758 2854/4818/7758
f 2854/4818/7759 2828/3125/7759 2852/3124/7759
f 2852/3124/7760 2851/3123/7760 2890/4819/7760
f 277/3056/7761 265/3127/7761 289/3075/7761
f 2890/4819/7762 2851/3123/7762 2879/4781/7762
f 2922/4820/7763 2879/4781/7763 2920/4772/7763
f 2961/4798/7764 2965/4773/7764 2990/4810/7764
f 1575/4807/7765 1595/4766/7765 1597/4815/7765
f 1597/4815/7766 1633/4784/7766 1635/4816/7766
f 1635/4816/7767 1791/4785/7767 1799/4792/7767
f 3099/4821/7768 3062/4778/7768 3071/4822/7768
f 3071/4822/7769 3062/4778/7769 3035/4779/7769
f 3035/4779/7770 3021/4794/7770 3054/4823/7770
f 2997/4758/7771 2971/4780/7771 3009/4824/7771
f 3009/4824/7772 2971/4780/7772 2972/4795/7772
f 2972/4795/7773 2927/4796/7773 2973/4825/7773
f 2927/4796/7774 2896/4770/7774 2921/4826/7774
f 2921/4826/7775 2896/4770/7775 2893/4808/7775
f 216/3126/7776 261/3088/7776 206/3122/7776
f 289/3075/7777 229/3142/7777 297/3076/7777
f 2990/4810/7778 3003/4774/7778 3030/4827/7778
f 3030/4827/7779 3003/4774/7779 3060/4799/7779
f 3079/4775/7780 3124/4811/7780 3107/3234/7780
f 4561/3078/7781 4586/3140/7781 4566/3080/7781
f 1137/3201/7782 1211/3145/7782 1141/3129/7782
f 1141/3129/7783 1140/3112/7783 1137/3201/7783
f 1139/3096/7784 1140/3112/7784 1143/3097/7784
f 1146/3093/7785 1152/3132/7785 1147/3146/7785
f 4698/3113/7786 4763/3165/7786 4753/3116/7786
f 3865/3207/7787 3840/4800/7787 3859/4801/7787
f 3829/4828/7788 3813/4803/7788 3840/4800/7788
f 1585/4804/7789 1569/4782/7789 1563/4829/7789
f 3806/4830/7790 3798/4805/7790 3813/4803/7790
f 1563/4829/7791 1569/4782/7791 1566/4789/7791
f 3770/3168/7792 3775/4806/7792 3788/3242/7792
f 1562/4831/7793 1567/4790/7793 1570/4791/7793
f 3769/4814/7794 3765/3102/7794 3778/3210/7794
f 3766/3134/7795 3769/4814/7795 3781/3212/7795
f 3021/4794/7796 2997/4758/7796 3009/4824/7796
f 205/3136/7797 217/3049/7797 195/3155/7797
f 2854/4818/7798 2852/3124/7798 2890/4819/7798
f 2890/4819/7799 2879/4781/7799 2922/4820/7799
f 2922/4820/7800 2920/4772/7800 2961/4798/7800
f 3060/4799/7801 3079/4775/7801 3107/3234/7801
f 1137/3201/7802 1140/3112/7802 1129/3163/7802
f 1380/3148/7803 1378/3204/7803 1367/3149/7803
f 1345/3051/7804 1368/3068/7804 1339/3150/7804
f 1683/4787/7805 1663/4788/7805 1666/4832/7805
f 1761/4833/7806 1764/4813/7806 1748/4812/7806
f 1666/4832/7807 1663/4788/7807 1654/4834/7807
f 1654/4834/7808 1663/4788/7808 1623/4802/7808
f 3841/3209/7809 3840/4800/7809 3865/3207/7809
f 1584/4835/7810 1585/4804/7810 1563/4829/7810
f 3806/4830/7811 3813/4803/7811 3829/4828/7811
f 3783/4783/7812 3798/4805/7812 3806/4830/7812
f 1566/4789/7813 1567/4790/7813 1562/4831/7813
f 1568/4836/7814 1570/4791/7814 1575/4807/7814
f 1635/4816/7815 1799/4792/7815 1793/4837/7815
f 3792/3119/7816 3779/3135/7816 3796/3170/7816
f 3817/3104/7817 3792/3119/7817 3810/3171/7817
f 3071/4822/7818 3035/4779/7818 3054/4823/7818
f 3827/3172/7819 3817/3104/7819 3810/3171/7819
f 3900/3094/7820 3857/3173/7820 3902/3152/7820
f 3040/4838/7821 3021/4794/7821 3009/4824/7821
f 2972/4795/7822 2973/4825/7822 2998/4839/7822
f 227/3109/7823 213/3175/7823 195/3155/7823
f 2893/4808/7824 2853/4797/7824 2901/4840/7824
f 2901/4840/7825 2853/4797/7825 2855/4809/7825
f 2901/4840/7826 2855/4809/7826 2854/4818/7826
f 2891/4841/7827 2854/4818/7827 2890/4819/7827
f 2922/4820/7828 2961/4798/7828 2962/4842/7828
f 3061/4843/7829 3030/4827/7829 3060/4799/7829
f 1761/4833/7830 1748/4812/7830 1741/4844/7830
f 1741/4844/7831 1748/4812/7831 1710/4786/7831
f 1741/4844/7832 1710/4786/7832 1687/4845/7832
f 1710/4786/7833 1683/4787/7833 1687/4845/7833
f 1687/4845/7834 1683/4787/7834 1666/4832/7834
f 3829/4828/7835 3840/4800/7835 3841/3209/7835
f 1619/4846/7836 1623/4802/7836 1585/4804/7836
f 1619/4846/7837 1585/4804/7837 1584/4835/7837
f 3788/3242/7838 3783/4783/7838 3806/4830/7838
f 1563/4829/7839 1566/4789/7839 1558/4847/7839
f 1566/4789/7840 1562/4831/7840 1558/4847/7840
f 3775/4806/7841 3783/4783/7841 3788/3242/7841
f 3770/3168/7842 3788/3242/7842 3780/3169/7842
f 1562/4831/7843 1570/4791/7843 1568/4836/7843
f 3778/3210/7844 3765/3102/7844 3780/3169/7844
f 1597/4815/7845 1635/4816/7845 1598/4848/7845
f 3778/3210/7846 3781/3212/7846 3769/4814/7846
f 1598/4848/7847 1635/4816/7847 1636/4849/7847
f 3766/3134/7848 3781/3212/7848 3785/3151/7848
f 1793/4837/7849 1799/4792/7849 1839/4817/7849
f 3071/4822/7850 3054/4823/7850 3064/4850/7850
f 3902/3152/7851 3857/3173/7851 3827/3172/7851
f 3040/4838/7852 3054/4823/7852 3021/4794/7852
f 2973/4825/7853 2927/4796/7853 2969/4851/7853
f 2969/4851/7854 2927/4796/7854 2921/4826/7854
f 2901/4840/7855 2854/4818/7855 2902/4852/7855
f 2902/4852/7856 2854/4818/7856 2891/4841/7856
f 2931/4853/7857 2890/4819/7857 2922/4820/7857
f 2962/4842/7858 2961/4798/7858 2990/4810/7858
f 3061/4843/7859 3060/4799/7859 3107/3234/7859
f 3107/3234/7860 3124/4811/7860 3132/3232/7860
f 1212/3143/7861 1239/4854/7861 1235/3144/7861
f 1654/4834/7862 1623/4802/7862 1619/4846/7862
f 1559/4855/7863 1563/4829/7863 1558/4847/7863
f 1575/4807/7864 1597/4815/7864 1598/4848/7864
f 1601/4856/7865 1598/4848/7865 1636/4849/7865
f 1636/4849/7866 1635/4816/7866 1793/4837/7866
f 3100/4857/7867 3099/4821/7867 3071/4822/7867
f 3064/4850/7868 3054/4823/7868 3040/4838/7868
f 3008/4858/7869 3009/4824/7869 2972/4795/7869
f 3008/4858/7870 2972/4795/7870 2998/4839/7870
f 2998/4839/7871 2973/4825/7871 2969/4851/7871
f 2923/4859/7872 2921/4826/7872 2893/4808/7872
f 2923/4859/7873 2893/4808/7873 2901/4840/7873
f 205/3136/7874 195/3155/7874 183/3190/7874
f 2962/4842/7875 2990/4810/7875 2991/4860/7875
f 2990/4810/7876 3030/4827/7876 3018/4861/7876
f 3061/4843/7877 3107/3234/7877 3108/4862/7877
f 1212/3143/7878 1211/3145/7878 1137/3201/7878
f 1127/3184/7879 1142/3147/7879 1125/3238/7879
f 4727/3187/7880 4775/3203/7880 4763/3165/7880
f 1752/4863/7881 1761/4833/7881 1741/4844/7881
f 1687/4845/7882 1666/4832/7882 1669/4864/7882
f 1669/4864/7883 1666/4832/7883 1654/4834/7883
f 1654/4834/7884 1619/4846/7884 1618/4865/7884
f 3831/4866/7885 3829/4828/7885 3841/3209/7885
f 1564/4867/7886 1584/4835/7886 1563/4829/7886
f 3806/4830/7887 3829/4828/7887 3831/4866/7887
f 1564/4867/7888 1563/4829/7888 1559/4855/7888
f 3788/3242/7889 3806/4830/7889 3805/3240/7889
f 1558/4847/7890 1562/4831/7890 1557/4868/7890
f 1557/4868/7891 1562/4831/7891 1568/4836/7891
f 1577/4869/7892 1575/4807/7892 1598/4848/7892
f 1846/4870/7893 1793/4837/7893 1839/4817/7893
f 3822/3258/7894 3810/3171/7894 3796/3170/7894
f 3100/4857/7895 3071/4822/7895 3087/4871/7895
f 3087/4871/7896 3071/4822/7896 3064/4850/7896
f 3827/3172/7897 3810/3171/7897 3822/3258/7897
f 3906/3213/7898 3902/3152/7898 3827/3172/7898
f 3040/4838/7899 3009/4824/7899 3008/4858/7899
f 2969/4851/7900 2921/4826/7900 2976/4872/7900
f 2929/4873/7901 2901/4840/7901 2902/4852/7901
f 2891/4841/7902 2890/4819/7902 2931/4853/7902
f 2931/4853/7903 2922/4820/7903 2962/4842/7903
f 2991/4860/7904 2990/4810/7904 3018/4861/7904
f 3018/4861/7905 3030/4827/7905 3061/4843/7905
f 1694/4874/7906 1741/4844/7906 1687/4845/7906
f 1669/4864/7907 1654/4834/7907 1655/4875/7907
f 3852/3208/7908 3865/3207/7908 3866/4876/7908
f 1779/4877/7909 1761/4833/7909 1752/4863/7909
f 1618/4865/7910 1619/4846/7910 1584/4835/7910
f 3831/4866/7911 3841/3209/7911 3852/3208/7911
f 1586/4878/7912 1584/4835/7912 1564/4867/7912
f 3805/3240/7913 3806/4830/7913 3831/4866/7913
f 3780/3169/7914 3788/3242/7914 3797/3241/7914
f 3793/4879/7915 3778/3210/7915 3780/3169/7915
f 1601/4856/7916 1636/4849/7916 1638/4880/7916
f 1638/4880/7917 1636/4849/7917 1793/4837/7917
f 3785/3151/7918 3781/3212/7918 3795/3243/7918
f 3811/3244/7919 3796/3170/7919 3785/3151/7919
f 3796/3170/7920 3811/3244/7920 3822/3258/7920
f 3087/4871/7921 3064/4850/7921 3067/4881/7921
f 2976/4872/7922 2921/4826/7922 2968/4882/7922
f 2968/4882/7923 2921/4826/7923 2923/4859/7923
f 2954/4883/7924 2923/4859/7924 2901/4840/7924
f 2954/4883/7925 2901/4840/7925 2929/4873/7925
f 2929/4873/7926 2902/4852/7926 2891/4841/7926
f 2929/4873/7927 2891/4841/7927 2953/4884/7927
f 2953/4884/7928 2891/4841/7928 2931/4853/7928
f 2931/4853/7929 2962/4842/7929 2963/4885/7929
f 307/3179/7930 302/3138/7930 285/3217/7930
f 3013/4886/7931 2991/4860/7931 3018/4861/7931
f 341/3231/7932 307/3179/7932 306/3229/7932
f 3108/4862/7933 3107/3234/7933 3129/3233/7933
f 1239/4854/7934 1212/3143/7934 1216/4887/7934
f 1137/3201/7935 1138/3286/7935 1212/3143/7935
f 1752/4863/7936 1741/4844/7936 1694/4874/7936
f 1694/4874/7937 1687/4845/7937 1669/4864/7937
f 1654/4834/7938 1618/4865/7938 1655/4875/7938
f 1618/4865/7939 1584/4835/7939 1586/4878/7939
f 3793/4879/7940 3780/3169/7940 3797/3241/7940
f 1568/4836/7941 1575/4807/7941 1577/4869/7941
f 3789/3211/7942 3778/3210/7942 3793/4879/7942
f 1577/4869/7943 1598/4848/7943 1601/4856/7943
f 3795/3243/7944 3781/3212/7944 3789/3211/7944
f 1793/4837/7945 1846/4870/7945 1804/4888/7945
f 3827/3172/7946 3822/3258/7946 3856/3245/7946
f 3067/4881/7947 3064/4850/7947 3040/4838/7947
f 3067/4881/7948 3040/4838/7948 3066/4889/7948
f 4009/3153/7949 3985/3189/7949 3994/3246/7949
f 3040/4838/7950 3008/4858/7950 3048/4890/7950
f 185/3156/7951 184/3176/7951 175/3249/7951
f 185/3156/7952 175/3249/7952 186/3177/7952
f 190/3191/7953 186/3177/7953 176/3250/7953
f 2953/4884/7954 2931/4853/7954 2966/4891/7954
f 2963/4885/7955 2962/4842/7955 2999/4892/7955
f 2999/4892/7956 2962/4842/7956 2991/4860/7956
f 3013/4886/7957 3018/4861/7957 3052/4893/7957
f 3052/4893/7958 3018/4861/7958 3061/4843/7958
f 3097/4894/7959 3061/4843/7959 3108/4862/7959
f 1239/4854/7960 1216/4887/7960 1220/3297/7960
f 1216/4887/7961 1212/3143/7961 1138/3286/7961
f 1138/3286/7962 1137/3201/7962 1130/3200/7962
f 1126/3237/7963 1130/3200/7963 1129/3163/7963
f 1125/3238/7964 1126/3237/7964 1127/3184/7964
f 1694/4874/7965 1669/4864/7965 1691/4895/7965
f 3805/3240/7966 3831/4866/7966 3830/3274/7966
f 3793/4879/7967 3797/3241/7967 3808/4896/7967
f 1638/4880/7968 1793/4837/7968 1804/4888/7968
f 1804/4888/7969 1846/4870/7969 1848/4897/7969
f 1846/4870/7970 1870/4898/7970 1848/4897/7970
f 3048/4890/7971 3066/4889/7971 3040/4838/7971
f 3036/4899/7972 3008/4858/7972 2998/4839/7972
f 2998/4839/7973 2969/4851/7973 3019/4900/7973
f 2968/4882/7974 2923/4859/7974 2954/4883/7974
f 2974/4901/7975 2929/4873/7975 2953/4884/7975
f 2974/4901/7976 2953/4884/7976 2966/4891/7976
f 2966/4891/7977 2931/4853/7977 2963/4885/7977
f 2999/4892/7978 2991/4860/7978 3013/4886/7978
f 3052/4893/7979 3061/4843/7979 3097/4894/7979
f 4602/3161/7980 4621/3236/7980 4613/3162/7980
f 1153/3194/7981 1162/3221/7981 1151/3256/7981
f 1779/4877/7982 1752/4863/7982 1772/4902/7982
f 1752/4863/7983 1694/4874/7983 1742/4903/7983
f 3852/3208/7984 3866/4876/7984 3882/4904/7984
f 3831/4866/7985 3852/3208/7985 3847/3305/7985
f 3830/3274/7986 3831/4866/7986 3847/3305/7986
f 1554/4905/7987 1559/4855/7987 1558/4847/7987
f 1557/4868/7988 1568/4836/7988 1555/4906/7988
f 1568/4836/7989 1577/4869/7989 1572/4907/7989
f 3799/3312/7990 3789/3211/7990 3793/4879/7990
f 3811/3244/7991 3795/3243/7991 3821/3276/7991
f 3091/4908/7992 3067/4881/7992 3066/4889/7992
f 3048/4890/7993 3008/4858/7993 3036/4899/7993
f 3036/4899/7994 2998/4839/7994 3019/4900/7994
f 214/3215/7995 211/3227/7995 200/3280/7995
f 2976/4872/7996 3019/4900/7996 2969/4851/7996
f 3002/4909/7997 2976/4872/7997 2968/4882/7997
f 2954/4883/7998 2929/4873/7998 2975/4910/7998
f 2975/4910/7999 2929/4873/7999 2974/4901/7999
f 2966/4891/8000 2963/4885/8000 2999/4892/8000
f 4626/3198/8001 4666/3218/8001 4634/3284/8001
f 4619/3199/8002 4626/3198/8002 4634/3284/8002
f 1276/3299/8003 1239/4854/8003 1220/3297/8003
f 1742/4903/8004 1694/4874/8004 1691/4895/8004
f 1691/4895/8005 1669/4864/8005 1665/4911/8005
f 1669/4864/8006 1655/4875/8006 1665/4911/8006
f 1772/4902/8007 1752/4863/8007 1742/4903/8007
f 1665/4911/8008 1655/4875/8008 1618/4865/8008
f 1617/4912/8009 1618/4865/8009 1586/4878/8009
f 1565/4913/8010 1564/4867/8010 1560/4914/8010
f 1564/4867/8011 1559/4855/8011 1560/4914/8011
f 1560/4914/8012 1559/4855/8012 1554/4905/8012
f 3812/3275/8013 3797/3241/8013 3805/3240/8013
f 3808/4896/8014 3797/3241/8014 3812/3275/8014
f 1555/4906/8015 1568/4836/8015 1572/4907/8015
f 3814/3314/8016 3795/3243/8016 3789/3211/8016
f 3821/3276/8017 3795/3243/8017 3814/3314/8017
f 1803/4915/8018 1638/4880/8018 1804/4888/8018
f 1848/4897/8019 1870/4898/8019 1881/4916/8019
f 3856/3245/8020 3822/3258/8020 3861/3259/8020
f 3075/4917/8021 3048/4890/8021 3036/4899/8021
f 3019/4900/8022 2976/4872/8022 3002/4909/8022
f 2974/4901/8023 2966/4891/8023 3012/4918/8023
f 3057/4919/8024 3013/4886/8024 3052/4893/8024
f 326/3230/8025 306/3229/8025 287/3282/8025
f 3052/4893/8026 3097/4894/8026 3098/4920/8026
f 3129/3233/8027 3097/4894/8027 3108/4862/8027
f 3130/4921/8028 3097/4894/8028 3129/3233/8028
f 1216/4887/8029 1138/3286/8029 1136/3287/8029
f 1131/3264/8030 1138/3286/8030 1130/3200/8030
f 1126/3237/8031 1125/3238/8031 1124/3325/8031
f 1665/4911/8032 1618/4865/8032 1617/4912/8032
f 3847/3305/8033 3852/3208/8033 3881/4922/8033
f 3881/4922/8034 3852/3208/8034 3882/4904/8034
f 1617/4912/8035 1586/4878/8035 1588/4923/8035
f 1586/4878/8036 1564/4867/8036 1565/4913/8036
f 1588/4923/8037 1586/4878/8037 1565/4913/8037
f 1554/4905/8038 1558/4847/8038 1557/4868/8038
f 1554/4905/8039 1557/4868/8039 1555/4906/8039
f 1572/4907/8040 1577/4869/8040 1596/4924/8040
f 1596/4924/8041 1577/4869/8041 1601/4856/8041
f 3789/3211/8042 3799/3312/8042 3814/3314/8042
f 1804/4888/8043 1848/4897/8043 1803/4915/8043
f 1848/4897/8044 1881/4916/8044 1856/4925/8044
f 3075/4917/8045 3066/4889/8045 3048/4890/8045
f 195/3155/8046 196/3216/8046 171/3262/8046
f 183/3190/8047 171/3262/8047 169/3371/8047
f 2968/4882/8048 2954/4883/8048 3004/4926/8048
f 177/3248/8049 183/3190/8049 169/3371/8049
f 3004/4926/8050 2954/4883/8050 2975/4910/8050
f 2975/4910/8051 2974/4901/8051 3011/4927/8051
f 3011/4927/8052 2974/4901/8052 3012/4918/8052
f 194/3228/8053 193/3192/8053 173/3294/8053
f 2966/4891/8054 2999/4892/8054 3012/4918/8054
f 3057/4919/8055 3052/4893/8055 3098/4920/8055
f 4620/3251/8056 4634/3284/8056 4637/3296/8056
f 1220/3297/8057 1216/4887/8057 1136/3287/8057
f 1123/3266/8058 1124/3325/8058 1125/3238/8058
f 3808/4896/8059 3812/3275/8059 3823/4928/8059
f 3816/4929/8060 3793/4879/8060 3808/4896/8060
f 1555/4906/8061 1572/4907/8061 1571/4930/8061
f 3799/3312/8062 3793/4879/8062 3816/4929/8062
f 1596/4924/8063 1601/4856/8063 1638/4880/8063
f 1596/4924/8064 1638/4880/8064 1637/4931/8064
f 1637/4931/8065 1638/4880/8065 1803/4915/8065
f 1803/4915/8066 1848/4897/8066 1856/4925/8066
f 3121/4932/8067 3067/4881/8067 3091/4908/8067
f 303/3278/8068 296/3316/8068 271/3279/8068
f 3074/4933/8069 3075/4917/8069 3036/4899/8069
f 3036/4899/8070 3019/4900/8070 3037/4934/8070
f 3005/4935/8071 3002/4909/8071 2968/4882/8071
f 3005/4935/8072 2968/4882/8072 3004/4926/8072
f 182/3254/8073 176/3250/8073 148/3320/8073
f 2999/4892/8074 3013/4886/8074 3053/4936/8074
f 3053/4936/8075 3013/4886/8075 3057/4919/8075
f 285/3217/8076 272/3309/8076 287/3282/8076
f 3128/3392/8077 3097/4894/8077 3130/4921/8077
f 1742/4903/8078 1691/4895/8078 1749/4937/8078
f 1749/4937/8079 1691/4895/8079 1692/4938/8079
f 1691/4895/8080 1665/4911/8080 1692/4938/8080
f 1772/4902/8081 1742/4903/8081 1773/4939/8081
f 1621/4940/8082 1665/4911/8082 1617/4912/8082
f 3850/4941/8083 3847/3305/8083 3881/4922/8083
f 3812/3275/8084 3830/3274/8084 3842/4942/8084
f 1553/4943/8085 1554/4905/8085 1555/4906/8085
f 3846/3385/8086 3821/3276/8086 3814/3314/8086
f 3833/3257/8087 3821/3276/8087 3846/3385/8087
f 3903/3315/8088 3861/3259/8088 3833/3257/8088
f 3091/4908/8089 3066/4889/8089 3092/4944/8089
f 3092/4944/8090 3066/4889/8090 3075/4917/8090
f 212/3261/8091 225/3260/8091 203/3318/8091
f 3074/4933/8092 3036/4899/8092 3037/4934/8092
f 3037/4934/8093 3019/4900/8093 3002/4909/8093
f 3038/4945/8094 3002/4909/8094 3005/4935/8094
f 3025/4946/8095 3004/4926/8095 2975/4910/8095
f 3025/4946/8096 2975/4910/8096 3011/4927/8096
f 3012/4918/8097 2999/4892/8097 3053/4936/8097
f 3098/4920/8098 3097/4894/8098 3128/3392/8098
f 1225/3298/8099 1487/3337/8099 1276/3299/8099
f 1790/3382/8100 1772/4902/8100 1773/4939/8100
f 1583/4947/8101 1588/4923/8101 1565/4913/8101
f 3849/3306/8102 3847/3305/8102 3850/4941/8102
f 1583/4947/8103 1565/4913/8103 1560/4914/8103
f 1583/4947/8104 1560/4914/8104 1561/4948/8104
f 1561/4948/8105 1560/4914/8105 1554/4905/8105
f 3842/4942/8106 3830/3274/8106 3849/3306/8106
f 1553/4943/8107 1555/4906/8107 1556/4949/8107
f 1556/4949/8108 1555/4906/8108 1571/4930/8108
f 3816/4929/8109 3808/4896/8109 3823/4928/8109
f 1571/4930/8110 1572/4907/8110 1589/4950/8110
f 3828/3313/8111 3799/3312/8111 3816/4929/8111
f 1589/4950/8112 1572/4907/8112 1596/4924/8112
f 3846/3385/8113 3814/3314/8113 3845/3353/8113
f 1803/4915/8114 1792/4951/8114 1637/4931/8114
f 1836/4952/8115 1803/4915/8115 1856/4925/8115
f 3121/4932/8116 3091/4908/8116 3131/4953/8116
f 196/3216/8117 200/3280/8117 172/3319/8117
f 3037/4934/8118 3002/4909/8118 3038/4945/8118
f 3011/4927/8119 3012/4918/8119 3049/4954/8119
f 3012/4918/8120 3053/4936/8120 3049/4954/8120
f 3053/4936/8121 3057/4919/8121 3101/4955/8121
f 287/3282/8122 272/3309/8122 208/3334/8122
f 1225/3298/8123 1220/3297/8123 1158/3407/8123
f 1136/3287/8124 1158/3407/8124 1220/3297/8124
f 1158/3407/8125 1136/3287/8125 1134/3410/8125
f 1131/3264/8126 1134/3410/8126 1136/3287/8126
f 1131/3264/8127 1126/3237/8127 1128/3340/8127
f 4653/3288/8128 4707/3339/8128 4701/3301/8128
f 1121/3351/8129 1122/3324/8129 1123/3266/8129
f 1246/3331/8130 1198/3330/8130 1200/3272/8130
f 1773/4939/8131 1742/4903/8131 1749/4937/8131
f 1692/4938/8132 1665/4911/8132 1680/4956/8132
f 1680/4956/8133 1665/4911/8133 1621/4940/8133
f 1621/4940/8134 1617/4912/8134 1588/4923/8134
f 1621/4940/8135 1588/4923/8135 1583/4947/8135
f 1561/4948/8136 1554/4905/8136 1553/4943/8136
f 3823/4928/8137 3812/3275/8137 3842/4942/8137
f 1579/4957/8138 1571/4930/8138 1589/4950/8138
f 1637/4931/8139 1605/4958/8139 1596/4924/8139
f 1605/4958/8140 1637/4931/8140 1792/4951/8140
f 1792/4951/8141 1803/4915/8141 1836/4952/8141
f 1836/4952/8142 1856/4925/8142 1857/4959/8142
f 3996/3277/8143 3903/3315/8143 4029/4960/8143
f 1857/4959/8144 1856/4925/8144 1879/4961/8144
f 3092/4944/8145 3131/4953/8145 3091/4908/8145
f 3074/4933/8146 3037/4934/8146 3085/4962/8146
f 3085/4962/8147 3037/4934/8147 3078/4963/8147
f 3038/4945/8148 3005/4935/8148 3045/4964/8148
f 3005/4935/8149 3004/4926/8149 3044/4965/8149
f 147/3332/8150 177/3248/8150 169/3371/8150
f 3044/4965/8151 3004/4926/8151 3025/4946/8151
f 148/3320/8152 175/3249/8152 147/3332/8152
f 3050/4966/8153 3011/4927/8153 3049/4954/8153
f 3101/4955/8154 3057/4919/8154 3118/4967/8154
f 3057/4919/8155 3098/4920/8155 3119/4968/8155
f 3119/4968/8156 3098/4920/8156 3128/3392/8156
f 3128/3392/8157 3130/4921/8157 3155/3390/8157
f 1122/3324/8158 1128/3340/8158 1124/3325/8158
f 4701/3301/8159 4708/3395/8159 4754/3323/8159
f 1151/3256/8160 1150/3350/8160 1123/3266/8160
f 1773/4939/8161 1749/4937/8161 1750/4969/8161
f 1790/3382/8162 1773/4939/8162 1795/3383/8162
f 3842/4942/8163 3849/3306/8163 3862/4970/8163
f 1556/4949/8164 1571/4930/8164 1579/4957/8164
f 1589/4950/8165 1596/4924/8165 1605/4958/8165
f 1605/4958/8166 1792/4951/8166 1786/4971/8166
f 3903/3315/8167 3833/3257/8167 3846/3385/8167
f 3131/4953/8168 3092/4944/8168 3120/4972/8168
f 203/3318/8169 271/3279/8169 215/3345/8169
f 3120/4972/8170 3092/4944/8170 3075/4917/8170
f 3106/4973/8171 3075/4917/8171 3074/4933/8171
f 3078/4963/8172 3037/4934/8172 3038/4945/8172
f 3045/4964/8173 3005/4935/8173 3044/4965/8173
f 3044/4965/8174 3025/4946/8174 3051/4974/8174
f 3025/4946/8175 3011/4927/8175 3050/4966/8175
f 3126/4975/8176 3101/4955/8176 3118/4967/8176
f 3118/4967/8177 3057/4919/8177 3119/4968/8177
f 1225/3298/8178 1158/3407/8178 1214/3409/8178
f 1128/3340/8179 1134/3410/8179 1131/3264/8179
f 4701/3301/8180 4707/3339/8180 4708/3395/8180
f 1132/3398/8181 1128/3340/8181 1122/3324/8181
f 4760/3326/8182 4757/3311/8182 4874/3376/8182
f 1184/3343/8183 1170/3329/8183 1171/3302/8183
f 1774/4976/8184 1773/4939/8184 1750/4969/8184
f 1680/4956/8185 1621/4940/8185 1678/4977/8185
f 1622/4978/8186 1621/4940/8186 1583/4947/8186
f 3883/4979/8187 3850/4941/8187 3881/4922/8187
f 3849/3306/8188 3850/4941/8188 3883/4979/8188
f 1587/4980/8189 1583/4947/8189 1561/4948/8189
f 1553/4943/8190 1556/4949/8190 1580/4981/8190
f 3823/4928/8191 3842/4942/8191 3858/4982/8191
f 1580/4981/8192 1556/4949/8192 1579/4957/8192
f 3816/4929/8193 3823/4928/8193 3851/4983/8193
f 3855/4984/8194 3845/3353/8194 3828/3313/8194
f 1792/4951/8195 1836/4952/8195 1811/4985/8195
f 4030/3387/8196 3903/3315/8196 3846/3385/8196
f 3120/4972/8197 3075/4917/8197 3106/4973/8197
f 3106/4973/8198 3074/4933/8198 3085/4962/8198
f 179/3307/8199 201/3346/8199 167/3388/8199
f 3051/4974/8200 3025/4946/8200 3050/4966/8200
f 3049/4954/8201 3053/4936/8201 3101/4955/8201
f 329/3349/8202 299/3355/8202 325/3356/8202
f 4707/3339/8203 4665/3338/8203 4772/3394/8203
f 1133/3411/8204 1134/3410/8204 1128/3340/8204
f 1448/3360/8205 1456/3415/8205 1443/3361/8205
f 1749/4937/8206 1692/4938/8206 1750/4969/8206
f 1750/4969/8207 1692/4938/8207 1725/4986/8207
f 1725/4986/8208 1692/4938/8208 1680/4956/8208
f 1795/3383/8209 1773/4939/8209 1774/4976/8209
f 1678/4977/8210 1621/4940/8210 1622/4978/8210
f 1583/4947/8211 1587/4980/8211 1607/4987/8211
f 3862/4970/8212 3849/3306/8212 3883/4979/8212
f 1561/4948/8213 1553/4943/8213 1581/4988/8213
f 1582/4989/8214 1561/4948/8214 1581/4988/8214
f 3858/4982/8215 3842/4942/8215 3862/4970/8215
f 1581/4988/8216 1553/4943/8216 1580/4981/8216
f 3851/4983/8217 3823/4928/8217 3858/4982/8217
f 3828/3313/8218 3816/4929/8218 3851/4983/8218
f 1599/4990/8219 1579/4957/8219 1589/4950/8219
f 1603/4991/8220 1589/4950/8220 1605/4958/8220
f 1786/4971/8221 1603/4991/8221 1605/4958/8221
f 3864/3386/8222 3845/3353/8222 3855/4984/8222
f 3846/3385/8223 3845/3353/8223 3864/3386/8223
f 1786/4971/8224 1792/4951/8224 1811/4985/8224
f 1857/4959/8225 1879/4961/8225 1858/4992/8225
f 199/3365/8226 282/3317/8226 283/3363/8226
f 203/3318/8227 215/3345/8227 197/3366/8227
f 179/3307/8228 167/3388/8228 178/3347/8228
f 3096/4993/8229 3078/4963/8229 3038/4945/8229
f 172/3319/8230 178/3347/8230 152/3368/8230
f 3096/4993/8231 3038/4945/8231 3094/4994/8231
f 3094/4994/8232 3038/4945/8232 3045/4964/8232
f 136/3370/8233 171/3262/8233 146/3369/8233
f 3093/4995/8234 3044/4965/8234 3095/4996/8234
f 3044/4965/8235 3051/4974/8235 3095/4996/8235
f 3095/4996/8236 3051/4974/8236 3050/4966/8236
f 3050/4966/8237 3049/4954/8237 3105/3450/8237
f 3110/4997/8238 3049/4954/8238 3101/4955/8238
f 3119/4968/8239 3128/3392/8239 3154/3391/8239
f 1277/3336/8240 1225/3298/8240 1214/3409/8240
f 1157/3408/8241 1158/3407/8241 1134/3410/8241
f 4665/3338/8242 4664/3322/8242 4780/3393/8242
f 4707/3339/8243 4772/3394/8243 4773/3412/8243
f 1133/3411/8244 1128/3340/8244 1132/3398/8244
f 4707/3339/8245 4773/3412/8245 4708/3395/8245
f 1121/3351/8246 1132/3398/8246 1122/3324/8246
f 1383/3341/8247 1411/3378/8247 1379/3380/8247
f 1689/4998/8248 1725/4986/8248 1680/4956/8248
f 1689/4998/8249 1680/4956/8249 1678/4977/8249
f 1622/4978/8250 1583/4947/8250 1607/4987/8250
f 3860/4999/8251 3828/3313/8251 3851/4983/8251
f 3855/4984/8252 3828/3313/8252 3860/4999/8252
f 1599/4990/8253 1589/4950/8253 1603/4991/8253
f 1836/4952/8254 1857/4959/8254 1849/5000/8254
f 1849/5000/8255 1857/4959/8255 1858/4992/8255
f 1858/4992/8256 1879/4961/8256 1860/5001/8256
f 1860/5001/8257 1879/4961/8257 1909/5002/8257
f 3140/5003/8258 3120/4972/8258 3106/4973/8258
f 3140/5003/8259 3106/4973/8259 3117/5004/8259
f 3117/5004/8260 3106/4973/8260 3085/4962/8260
f 3109/5005/8261 3085/4962/8261 3078/4963/8261
f 178/3347/8262 156/3402/8262 152/3368/8262
f 3093/4995/8263 3045/4964/8263 3044/4965/8263
f 3045/4964/8264 3093/4995/8264 3094/4994/8264
f 3104/3452/8265 3095/4996/8265 3050/4966/8265
f 3104/3452/8266 3050/4966/8266 3105/3450/8266
f 3105/3450/8267 3049/4954/8267 3110/4997/8267
f 187/3321/8268 174/3333/8268 145/3389/8268
f 3110/4997/8269 3101/4955/8269 3111/5006/8269
f 3111/5006/8270 3101/4955/8270 3126/4975/8270
f 3118/4967/8271 3119/4968/8271 3151/5007/8271
f 3119/4968/8272 3154/3391/8272 3151/5007/8272
f 1241/3477/8273 1277/3336/8273 1214/3409/8273
f 337/3357/8274 325/3356/8274 335/5008/8274
f 1149/3397/8275 1121/3351/8275 1150/3350/8275
f 1160/3359/8276 1149/3397/8276 1150/3350/8276
f 1349/3342/8277 1379/3380/8277 1364/3399/8277
f 1914/5009/8278 1841/3384/8278 1899/3472/8278
f 1587/4980/8279 1561/4948/8279 1582/4989/8279
f 3858/4982/8280 3862/4970/8280 3863/5010/8280
f 1599/4990/8281 1580/4981/8281 1579/4957/8281
f 1600/5011/8282 1580/4981/8282 1599/4990/8282
f 1603/4991/8283 1786/4971/8283 1640/5012/8283
f 1811/4985/8284 1836/4952/8284 1849/5000/8284
f 197/3366/8285 215/3345/8285 199/3365/8285
f 3117/5004/8286 3085/4962/8286 3109/5005/8286
f 3109/5005/8287 3078/4963/8287 3096/4993/8287
f 147/3332/8288 136/3370/8288 135/3403/8288
f 3126/4975/8289 3118/4967/8289 3152/5013/8289
f 1241/3477/8290 1491/5014/8290 1277/3336/8290
f 325/3356/8291 315/3418/8291 335/5008/8291
f 356/3429/8292 335/5008/8292 333/3442/8292
f 4876/3396/8293 4917/5015/8293 4815/3375/8293
f 1411/3378/8294 1388/3436/8294 1379/3380/8294
f 1783/5016/8295 1750/4969/8295 1756/5017/8295
f 1756/5017/8296 1750/4969/8296 1725/4986/8296
f 1756/5017/8297 1725/4986/8297 1755/5018/8297
f 1755/5018/8298 1725/4986/8298 1689/4998/8298
f 1678/4977/8299 1622/4978/8299 1670/5019/8299
f 1670/5019/8300 1622/4978/8300 1607/4987/8300
f 1841/3384/8301 1795/3383/8301 1840/3470/8301
f 1899/3472/8302 1841/3384/8302 1840/3470/8302
f 1921/5020/8303 1914/5009/8303 1899/3472/8303
f 1606/5021/8304 1587/4980/8304 1582/4989/8304
f 1581/4988/8305 1580/4981/8305 1600/5011/8305
f 1599/4990/8306 1603/4991/8306 1640/5012/8306
f 355/3423/8307 416/3440/8307 349/3493/8307
f 1810/5022/8308 1786/4971/8308 1811/4985/8308
f 199/3365/8309 283/3363/8309 224/3401/8309
f 1860/5001/8310 1909/5002/8310 1923/5023/8310
f 3096/4993/8311 3094/4994/8311 3122/5024/8311
f 3122/5024/8312 3094/4994/8312 3093/4995/8312
f 134/3372/8313 135/3403/8313 114/5025/8313
f 3149/3508/8314 3111/5006/8314 3126/4975/8314
f 3152/5013/8315 3118/4967/8315 3151/5007/8315
f 1486/3476/8316 1509/5026/8316 1491/5014/8316
f 1241/3477/8317 1486/3476/8317 1491/5014/8317
f 1240/3475/8318 1241/3477/8318 1214/3409/8318
f 335/5008/8319 315/3418/8319 333/3442/8319
f 1190/3459/8320 1214/3409/8320 1157/3408/8320
f 1159/3457/8321 1157/3408/8321 1133/3411/8321
f 1176/3416/8322 1161/3420/8322 1160/3359/8322
f 1443/3361/8323 1438/3421/8323 1414/3377/8323
f 1796/5027/8324 1774/4976/8324 1783/5016/8324
f 1774/4976/8325 1750/4969/8325 1783/5016/8325
f 1840/3470/8326 1795/3383/8326 1796/5027/8326
f 1795/3383/8327 1774/4976/8327 1796/5027/8327
f 1670/5019/8328 1607/4987/8328 1606/5021/8328
f 1606/5021/8329 1607/4987/8329 1587/4980/8329
f 493/5028/8330 492/5029/8330 491/5030/8330
f 479/5031/8331 491/5030/8331 458/3447/8331
f 1581/4988/8332 1600/5011/8332 1602/5032/8332
f 349/3493/8333 416/3440/8333 350/3439/8333
f 304/3424/8334 355/3423/8334 349/3493/8334
f 1860/5001/8335 1849/5000/8335 1858/4992/8335
f 197/3366/8336 199/3365/8336 166/5033/8336
f 197/3366/8337 166/5033/8337 160/3482/8337
f 168/3367/8338 197/3366/8338 160/3482/8338
f 3140/5003/8339 3117/5004/8339 3147/5034/8339
f 168/3367/8340 160/3482/8340 150/3441/8340
f 167/3388/8341 168/3367/8341 150/3441/8341
f 3141/5035/8342 3117/5004/8342 3109/5005/8342
f 3109/5005/8343 3096/4993/8343 3127/5036/8343
f 3122/5024/8344 3093/4995/8344 3125/5037/8344
f 3093/4995/8345 3095/4996/8345 3123/5038/8345
f 3125/5037/8346 3093/4995/8346 3123/5038/8346
f 3095/4996/8347 3104/3452/8347 3123/5038/8347
f 138/3373/8348 116/3427/8348 120/3453/8348
f 137/3404/8349 138/3373/8349 120/3453/8349
f 3144/5039/8350 3111/5006/8350 3149/3508/8350
f 3149/3508/8351 3126/4975/8351 3152/5013/8351
f 1504/5040/8352 1509/5026/8352 1486/3476/8352
f 299/3355/8353 228/3406/8353 280/3488/8353
f 299/3355/8354 280/3488/8354 315/3418/8354
f 1240/3475/8355 1214/3409/8355 1190/3459/8355
f 1135/3434/8356 1159/3457/8356 1133/3411/8356
f 414/3433/8357 381/3432/8357 432/3461/8357
f 1135/3434/8358 1132/3398/8358 1154/3465/8358
f 1155/3489/8359 1135/3434/8359 1154/3465/8359
f 1149/3397/8360 1154/3465/8360 1132/3398/8360
f 1468/3414/8361 1459/3466/8361 1443/3361/8361
f 1443/3361/8362 1459/3466/8362 1438/3421/8362
f 1323/3400/8363 1313/3437/8363 1297/3344/8363
f 1690/5041/8364 1755/5018/8364 1689/4998/8364
f 1690/5041/8365 1689/4998/8365 1688/5042/8365
f 1688/5042/8366 1689/4998/8366 1678/4977/8366
f 1688/5042/8367 1678/4977/8367 1670/5019/8367
f 1925/3499/8368 1921/5020/8368 1899/3472/8368
f 1606/5021/8369 1582/4989/8369 1604/5043/8369
f 1604/5043/8370 1582/4989/8370 1581/4988/8370
f 418/3438/8371 479/5031/8371 458/3447/8371
f 1602/5032/8372 1600/5011/8372 1609/5044/8372
f 1609/5044/8373 1600/5011/8373 1599/4990/8373
f 1599/4990/8374 1640/5012/8374 1609/5044/8374
f 1640/5012/8375 1786/4971/8375 1810/5022/8375
f 1810/5022/8376 1811/4985/8376 1849/5000/8376
f 224/3401/8377 304/3424/8377 220/3473/8377
f 1859/5045/8378 1849/5000/8378 1860/5001/8378
f 199/3365/8379 224/3401/8379 180/3474/8379
f 1912/5046/8380 1860/5001/8380 1923/5023/8380
f 3141/5035/8381 3147/5034/8381 3117/5004/8381
f 3141/5035/8382 3109/5005/8382 3135/5047/8382
f 3127/5036/8383 3096/4993/8383 3122/5024/8383
f 135/3403/8384 136/3370/8384 114/5025/8384
f 134/3372/8385 114/5025/8385 116/3427/8385
f 145/3389/8386 137/3404/8386 124/3455/8386
f 3144/5039/8387 3110/4997/8387 3111/5006/8387
f 1504/5040/8388 1517/5048/8388 1509/5026/8388
f 333/3442/8389 332/3456/8389 354/3430/8389
f 1159/3457/8390 1190/3459/8390 1157/3408/8390
f 1900/3471/8391 1840/3470/8391 1834/5049/8391
f 1840/3470/8392 1796/5027/8392 1834/5049/8392
f 1610/5050/8393 1606/5021/8393 1604/5043/8393
f 491/5030/8394 492/5029/8394 458/3447/8394
f 1602/5032/8395 1604/5043/8395 1581/4988/8395
f 1787/5051/8396 1609/5044/8396 1640/5012/8396
f 1810/5022/8397 1849/5000/8397 1859/5045/8397
f 199/3365/8398 180/3474/8398 165/3502/8398
f 1859/5045/8399 1860/5001/8399 1912/5046/8399
f 166/5033/8400 199/3365/8400 165/3502/8400
f 3135/5047/8401 3109/5005/8401 3127/5036/8401
f 136/3370/8402 121/3426/8402 115/5052/8402
f 136/3370/8403 115/5052/8403 114/5025/8403
f 3142/5053/8404 3123/5038/8404 3134/3451/8404
f 3134/3451/8405 3123/5038/8405 3104/3452/8405
f 3105/3450/8406 3110/4997/8406 3144/5039/8406
f 3143/5054/8407 3105/3450/8407 3144/5039/8407
f 228/3406/8408 188/3405/8408 189/3486/8408
f 228/3406/8409 189/3486/8409 280/3488/8409
f 381/3432/8410 360/3443/8410 383/3460/8410
f 432/3461/8411 383/3460/8411 404/3462/8411
f 1185/3468/8412 1161/3420/8412 1176/3416/8412
f 1247/3422/8413 1204/3469/8413 1195/3417/8413
f 1783/5016/8414 1756/5017/8414 1789/5055/8414
f 1688/5042/8415 1670/5019/8415 1685/5056/8415
f 1685/5056/8416 1670/5019/8416 1606/5021/8416
f 1899/3472/8417 1900/3471/8417 1925/3499/8417
f 458/3447/8418 492/5029/8418 457/3532/8418
f 1608/5057/8419 1604/5043/8419 1602/5032/8419
f 1806/5058/8420 1640/5012/8420 1810/5022/8420
f 1912/5046/8421 1880/5059/8421 1859/5045/8421
f 1912/5046/8422 1923/5023/8422 1930/5060/8422
f 166/5033/8423 165/3502/8423 144/3480/8423
f 160/3482/8424 166/5033/8424 144/3480/8424
f 121/3426/8425 85/3483/8425 115/5052/8425
f 3125/5037/8426 3123/5038/8426 3142/5053/8426
f 116/3427/8427 114/5025/8427 87/3494/8427
f 3134/3451/8428 3105/3450/8428 3143/5054/8428
f 3144/5039/8429 3149/3508/8429 3162/3510/8429
f 1504/5040/8430 1486/3476/8430 1474/5061/8430
f 1501/5062/8431 1504/5040/8431 1474/5061/8431
f 1240/3475/8432 1474/5061/8432 1486/3476/8432
f 315/3418/8433 319/3497/8433 332/3456/8433
f 354/3430/8434 332/3456/8434 344/3498/8434
f 443/3463/8435 404/3462/8435 459/3526/8435
f 1172/3521/8436 1155/3489/8436 1154/3465/8436
f 1161/3420/8437 1175/3546/8437 1154/3465/8437
f 1175/3546/8438 1172/3521/8438 1154/3465/8438
f 1183/3544/8439 1175/3546/8439 1161/3420/8439
f 1183/3544/8440 1161/3420/8440 1185/3468/8440
f 1388/3436/8441 1422/3479/8441 1386/3445/8441
f 1796/5027/8442 1783/5016/8442 1789/5055/8442
f 1834/5049/8443 1796/5027/8443 1789/5055/8443
f 1789/5055/8444 1756/5017/8444 1755/5018/8444
f 1755/5018/8445 1690/5041/8445 1760/5063/8445
f 1760/5063/8446 1690/5041/8446 1688/5042/8446
f 1902/3500/8447 1925/3499/8447 1900/3471/8447
f 417/3448/8448 458/3447/8448 457/3532/8448
f 417/3448/8449 457/3532/8449 419/5064/8449
f 1608/5057/8450 1602/5032/8450 1762/5065/8450
f 1787/5051/8451 1640/5012/8451 1806/5058/8451
f 304/3424/8452 349/3493/8452 221/5066/8452
f 220/3473/8453 304/3424/8453 221/5066/8453
f 1810/5022/8454 1859/5045/8454 1851/5067/8454
f 180/3474/8455 220/3473/8455 170/5068/8455
f 165/3502/8456 180/3474/8456 170/5068/8456
f 3153/5069/8457 3141/5035/8457 3135/5047/8457
f 3146/5070/8458 3135/5047/8458 3127/5036/8458
f 3153/5069/8459 3135/5047/8459 3146/5070/8459
f 132/3425/8460 139/3449/8460 88/3505/8460
f 3146/5070/8461 3127/5036/8461 3145/5071/8461
f 132/3425/8462 88/3505/8462 85/3483/8462
f 3145/5071/8463 3127/5036/8463 3122/5024/8463
f 120/3453/8464 116/3427/8464 90/3484/8464
f 188/3405/8465 149/3428/8465 126/3496/8465
f 188/3405/8466 126/3496/8466 125/3485/8466
f 1504/5040/8467 1518/5072/8467 1517/5048/8467
f 1513/3537/8468 1518/5072/8468 1504/5040/8468
f 344/3498/8469 332/3456/8469 322/3551/8469
f 1159/3457/8470 1191/3553/8470 1213/3458/8470
f 1178/3478/8471 1191/3553/8471 1159/3457/8471
f 360/3443/8472 361/3519/8472 383/3460/8472
f 1155/3489/8473 1179/3523/8473 1178/3478/8473
f 1445/3467/8474 1440/3514/8474 1427/3444/8474
f 1427/3444/8475 1440/3514/8475 1422/3479/8475
f 1386/3445/8476 1347/5073/8476 1346/3446/8476
f 1346/3446/8477 1347/5073/8477 1314/3491/8477
f 1314/3491/8478 1298/5074/8478 1313/3437/8478
f 1313/3437/8479 1298/5074/8479 1247/3422/8479
f 1247/3422/8480 1298/5074/8480 1204/3469/8480
f 1777/5075/8481 1789/5055/8481 1755/5018/8481
f 1777/5075/8482 1755/5018/8482 1760/5063/8482
f 1751/5076/8483 1760/5063/8483 1688/5042/8483
f 1751/5076/8484 1688/5042/8484 1685/5056/8484
f 1685/5056/8485 1606/5021/8485 1610/5050/8485
f 1610/5050/8486 1604/5043/8486 1682/5077/8486
f 1682/5077/8487 1604/5043/8487 1608/5057/8487
f 1762/5065/8488 1602/5032/8488 1609/5044/8488
f 1762/5065/8489 1609/5044/8489 1785/5078/8489
f 367/3533/8490 417/3448/8490 419/5064/8490
f 1785/5078/8491 1609/5044/8491 1787/5051/8491
f 350/3439/8492 417/3448/8492 367/3533/8492
f 1812/5079/8493 1787/5051/8493 1806/5058/8493
f 221/5066/8494 349/3493/8494 324/3492/8494
f 1851/5067/8495 1806/5058/8495 1810/5022/8495
f 1851/5067/8496 1859/5045/8496 1880/5059/8496
f 154/3503/8497 165/3502/8497 170/5068/8497
f 1913/5080/8498 1880/5059/8498 1912/5046/8498
f 1929/5081/8499 1912/5046/8499 1930/5060/8499
f 133/3481/8500 118/3504/8500 139/3449/8500
f 115/5052/8501 85/3483/8501 86/5082/8501
f 3125/5037/8502 3145/5071/8502 3122/5024/8502
f 3145/5071/8503 3125/5037/8503 3150/5083/8503
f 114/5025/8504 115/5052/8504 86/5082/8504
f 87/3494/8505 114/5025/8505 86/5082/8505
f 116/3427/8506 89/3495/8506 90/3484/8506
f 117/3454/8507 90/3484/8507 93/3506/8507
f 124/3455/8508 106/3507/8508 126/3496/8508
f 280/3488/8509 291/3542/8509 319/3497/8509
f 332/3456/8510 319/3497/8510 322/3551/8510
f 1226/5084/8511 1240/3475/8511 1190/3459/8511
f 1213/3458/8512 1226/5084/8512 1190/3459/8512
f 459/3526/8513 404/3462/8513 413/3524/8513
f 1467/3490/8514 1454/3513/8514 1445/3467/8514
f 1185/3468/8515 1192/3548/8515 1183/3544/8515
f 1386/3445/8516 1422/3479/8516 1420/3528/8516
f 1386/3445/8517 1420/3528/8517 1347/5073/8517
f 1842/5085/8518 1834/5049/8518 1789/5055/8518
f 1878/3515/8519 1900/3471/8519 1834/5049/8519
f 1685/5056/8520 1610/5050/8520 1754/5086/8520
f 1754/5086/8521 1610/5050/8521 1682/5077/8521
f 1775/5087/8522 1682/5077/8522 1608/5057/8522
f 1762/5065/8523 1775/5087/8523 1608/5057/8523
f 419/5064/8524 457/3532/8524 425/3531/8524
f 324/3492/8525 350/3439/8525 367/3533/8525
f 1812/5079/8526 1806/5058/8526 1851/5067/8526
f 202/5088/8527 221/5066/8527 324/3492/8527
f 220/3473/8528 221/5066/8528 202/5088/8528
f 170/5068/8529 220/3473/8529 202/5088/8529
f 1913/5080/8530 1912/5046/8530 1929/5081/8530
f 1942/5089/8531 1929/5081/8531 1930/5060/8531
f 1929/5081/8532 1942/5089/8532 1940/5090/8532
f 3142/5053/8533 3150/5083/8533 3125/5037/8533
f 3142/5053/8534 3134/3451/8534 3156/5091/8534
f 3134/3451/8535 3143/5054/8535 3156/5091/8535
f 3143/5054/8536 3144/5039/8536 3158/5092/8536
f 3158/5092/8537 3144/5039/8537 3162/3510/8537
f 126/3496/8538 106/3507/8538 107/3511/8538
f 1506/5093/8539 1513/3537/8539 1504/5040/8539
f 1506/5093/8540 1504/5040/8540 1501/5062/8540
f 280/3488/8541 128/3487/8541 291/3542/8541
f 1226/5084/8542 1474/5061/8542 1240/3475/8542
f 319/3497/8543 291/3542/8543 322/3551/8543
f 322/3551/8544 346/3512/8544 344/3498/8544
f 1191/3553/8545 1226/5084/8545 1213/3458/8545
f 360/3443/8546 346/3512/8546 347/3518/8546
f 1179/3523/8547 1191/3553/8547 1178/3478/8547
f 383/3460/8548 361/3519/8548 404/3462/8548
f 1172/3521/8549 1179/3523/8549 1155/3489/8549
f 1175/3546/8550 1187/3563/8550 1172/3521/8550
f 1204/3469/8551 1192/3548/8551 1185/3468/8551
f 1842/5085/8552 1789/5055/8552 1802/5094/8552
f 1789/5055/8553 1777/5075/8553 1802/5094/8553
f 1777/5075/8554 1760/5063/8554 1781/5095/8554
f 1781/5095/8555 1760/5063/8555 1751/5076/8555
f 1878/3515/8556 1834/5049/8556 1842/5085/8556
f 1751/5076/8557 1685/5056/8557 1780/5096/8557
f 1788/5097/8558 1762/5065/8558 1785/5078/8558
f 1785/5078/8559 1787/5051/8559 1807/5098/8559
f 1807/5098/8560 1787/5051/8560 1812/5079/8560
f 164/5099/8561 170/5068/8561 202/5088/8561
f 1882/5100/8562 1851/5067/8562 1880/5059/8562
f 154/3503/8563 170/5068/8563 164/5099/8563
f 1882/5100/8564 1880/5059/8564 1913/5080/8564
f 133/3481/8565 144/3480/8565 50/5101/8565
f 3163/5102/8566 3141/5035/8566 3153/5069/8566
f 3163/5102/8567 3153/5069/8567 3165/5103/8567
f 88/3505/8568 118/3504/8568 43/3577/8568
f 88/3505/8569 43/3577/8569 85/3483/8569
f 3146/5070/8570 3145/5071/8570 3159/5104/8570
f 3159/5104/8571 3145/5071/8571 3150/5083/8571
f 87/3494/8572 86/5082/8572 51/3561/8572
f 87/3494/8573 51/3561/8573 52/5105/8573
f 53/3516/8574 87/3494/8574 52/5105/8574
f 1226/5084/8575 1461/5106/8575 1474/5061/8575
f 459/3526/8576 434/3525/8576 461/5107/8576
f 1193/3545/8577 1187/3563/8577 1175/3546/8577
f 1420/3528/8578 1400/3568/8578 1347/5073/8578
f 1400/3568/8579 1373/3574/8579 1314/3491/8579
f 1373/3574/8580 1299/5108/8580 1298/5074/8580
f 1299/5108/8581 1264/5109/8581 1204/3469/8581
f 1298/5074/8582 1299/5108/8582 1204/3469/8582
f 1204/3469/8583 1264/5109/8583 1192/3548/8583
f 1347/5073/8584 1400/3568/8584 1314/3491/8584
f 1314/3491/8585 1373/3574/8585 1298/5074/8585
f 1781/5095/8586 1751/5076/8586 1780/5096/8586
f 1778/5110/8587 1780/5096/8587 1685/5056/8587
f 1778/5110/8588 1685/5056/8588 1754/5086/8588
f 1916/5111/8589 1902/3500/8589 1878/3515/8589
f 1775/5087/8590 1762/5065/8590 1788/5097/8590
f 396/5112/8591 419/5064/8591 425/3531/8591
f 367/3533/8592 419/5064/8592 396/5112/8592
f 334/3534/8593 367/3533/8593 396/5112/8593
f 324/3492/8594 334/3534/8594 202/5088/8594
f 1845/5113/8595 1812/5079/8595 1851/5067/8595
f 1922/5114/8596 1913/5080/8596 1929/5081/8596
f 50/5101/8597 144/3480/8597 119/3535/8597
f 49/3536/8598 133/3481/8598 50/5101/8598
f 118/3504/8599 49/3536/8599 43/3577/8599
f 3165/5103/8600 3153/5069/8600 3146/5070/8600
f 3166/5115/8601 3146/5070/8601 3159/5104/8601
f 85/3483/8602 43/3577/8602 46/3559/8602
f 85/3483/8603 46/3559/8603 51/3561/8603
f 86/5082/8604 85/3483/8604 51/3561/8604
f 3157/5116/8605 3150/5083/8605 3142/5053/8605
f 3157/5116/8606 3142/5053/8606 3156/5091/8606
f 90/3484/8607 89/3495/8607 53/3516/8607
f 65/3517/8608 90/3484/8608 53/3516/8608
f 3158/5092/8609 3156/5091/8609 3143/5054/8609
f 93/3506/8610 65/3517/8610 75/5117/8610
f 106/3507/8611 93/3506/8611 75/5117/8611
f 106/3507/8612 75/5117/8612 91/5118/8612
f 106/3507/8613 91/5118/8613 107/3511/8613
f 1514/3538/8614 1513/3537/8614 1512/5119/8614
f 1512/5119/8615 1513/3537/8615 1506/5093/8615
f 128/3487/8616 125/3485/8616 103/3540/8616
f 128/3487/8617 103/3540/8617 127/3541/8617
f 1461/5106/8618 1493/5120/8618 1501/5062/8618
f 1461/5106/8619 1501/5062/8619 1474/5061/8619
f 1461/5106/8620 1226/5084/8620 1244/3555/8620
f 346/3512/8621 322/3551/8621 317/3552/8621
f 1191/3553/8622 1244/3555/8622 1226/5084/8622
f 361/3519/8623 347/3518/8623 357/5121/8623
f 361/3519/8624 357/5121/8624 377/3520/8624
f 404/3462/8625 377/3520/8625 413/3524/8625
f 1187/3563/8626 1188/3522/8626 1172/3521/8626
f 1454/3513/8627 1479/3543/8627 1455/5122/8627
f 1454/3513/8628 1455/5122/8628 1453/3547/8628
f 1194/3549/8629 1193/3545/8629 1183/3544/8629
f 1440/3514/8630 1453/3547/8630 1435/3527/8630
f 1264/5109/8631 1194/3549/8631 1192/3548/8631
f 1435/3527/8632 1439/3567/8632 1420/3528/8632
f 1802/5094/8633 1777/5075/8633 1782/5123/8633
f 1782/5123/8634 1777/5075/8634 1781/5095/8634
f 1778/5110/8635 1754/5086/8635 1784/5124/8635
f 447/3530/8636 477/3529/8636 462/5125/8636
f 1784/5124/8637 1754/5086/8637 1682/5077/8637
f 1784/5124/8638 1682/5077/8638 1775/5087/8638
f 425/3531/8639 447/3530/8639 397/3570/8639
f 396/5112/8640 425/3531/8640 397/3570/8640
f 202/5088/8641 334/3534/8641 181/5126/8641
f 1845/5113/8642 1807/5098/8642 1812/5079/8642
f 1845/5113/8643 1851/5067/8643 1867/5127/8643
f 164/5099/8644 202/5088/8644 153/5128/8644
f 1867/5127/8645 1851/5067/8645 1882/5100/8645
f 154/3503/8646 164/5099/8646 143/5129/8646
f 1906/5130/8647 1882/5100/8647 1913/5080/8647
f 1906/5130/8648 1913/5080/8648 1922/5114/8648
f 1940/5090/8649 1922/5114/8649 1929/5081/8649
f 1922/5114/8650 1940/5090/8650 1941/5131/8650
f 3166/5115/8651 3165/5103/8651 3146/5070/8651
f 3164/5132/8652 3159/5104/8652 3150/5083/8652
f 3157/5116/8653 3164/5132/8653 3150/5083/8653
f 3171/5133/8654 3158/5092/8654 3172/5134/8654
f 3173/5135/8655 3172/5134/8655 3162/3510/8655
f 3162/3510/8656 3172/5134/8656 3158/5092/8656
f 107/3511/8657 91/5118/8657 79/5136/8657
f 107/3511/8658 79/5136/8658 92/3578/8658
f 107/3511/8659 92/3578/8659 103/3540/8659
f 1493/5120/8660 1506/5093/8660 1501/5062/8660
f 346/3512/8661 317/3552/8661 339/3556/8661
f 1179/3523/8662 1223/3557/8662 1191/3553/8662
f 377/3520/8663 357/5121/8663 380/3558/8663
f 413/3524/8664 380/3558/8664 405/3562/8664
f 1187/3563/8665 1189/3565/8665 1188/3522/8665
f 1245/3564/8666 1187/3563/8666 1193/3545/8666
f 1453/3547/8667 1447/3566/8667 1435/3527/8667
f 1373/3574/8668 1387/5137/8668 1299/5108/8668
f 1299/5108/8669 1387/5137/8669 1264/5109/8669
f 1853/5138/8670 1842/5085/8670 1802/5094/8670
f 1853/5138/8671 1802/5094/8671 1835/5139/8671
f 1782/5123/8672 1781/5095/8672 1798/5140/8672
f 1878/3515/8673 1842/5085/8673 1901/5141/8673
f 1916/5111/8674 1878/3515/8674 1901/5141/8674
f 1784/5124/8675 1775/5087/8675 1794/5142/8675
f 334/3534/8676 396/5112/8676 397/3570/8676
f 1805/5143/8677 1788/5097/8677 1785/5078/8677
f 1807/5098/8678 1805/5143/8678 1785/5078/8678
f 153/5128/8679 202/5088/8679 181/5126/8679
f 1867/5127/8680 1882/5100/8680 1906/5130/8680
f 164/5099/8681 153/5128/8681 143/5129/8681
f 154/3503/8682 143/5129/8682 119/3535/8682
f 1948/5144/8683 1941/5131/8683 1940/5090/8683
f 52/5105/8684 51/3561/8684 33/3560/8684
f 52/5105/8685 33/3560/8685 34/5145/8685
f 52/5105/8686 34/5145/8686 42/3579/8686
f 53/3516/8687 52/5105/8687 42/3579/8687
f 3168/5146/8688 3156/5091/8688 3170/5147/8688
f 65/3517/8689 53/3516/8689 64/3581/8689
f 3170/5147/8690 3156/5091/8690 3158/5092/8690
f 3171/5133/8691 3170/5147/8691 3158/5092/8691
f 75/5117/8692 65/3517/8692 64/3581/8692
f 91/5118/8693 75/5117/8693 79/5136/8693
f 1512/5119/8694 1506/5093/8694 1505/5148/8694
f 1505/5148/8695 1506/5093/8695 1493/5120/8695
f 1493/5120/8696 1461/5106/8696 1460/5149/8696
f 1244/3555/8697 1460/5149/8697 1461/5106/8697
f 1243/3554/8698 1460/5149/8698 1244/3555/8698
f 347/3518/8699 339/3556/8699 357/5121/8699
f 1223/3557/8700 1243/3554/8700 1191/3553/8700
f 1189/3565/8701 1223/3557/8701 1188/3522/8701
f 434/3525/8702 405/3562/8702 406/5150/8702
f 434/3525/8703 406/5150/8703 436/5151/8703
f 1194/3549/8704 1245/3564/8704 1193/3545/8704
f 1387/5137/8705 1351/5152/8705 1264/5109/8705
f 1264/5109/8706 1351/5152/8706 1194/3549/8706
f 1400/3568/8707 1439/3567/8707 1437/3572/8707
f 1400/3568/8708 1437/3572/8708 1373/3574/8708
f 1373/3574/8709 1421/3573/8709 1387/5137/8709
f 1901/5141/8710 1842/5085/8710 1853/5138/8710
f 1802/5094/8711 1782/5123/8711 1835/5139/8711
f 1835/5139/8712 1782/5123/8712 1798/5140/8712
f 1798/5140/8713 1781/5095/8713 1780/5096/8713
f 431/3569/8714 447/3530/8714 462/5125/8714
f 1794/5142/8715 1775/5087/8715 1788/5097/8715
f 1808/5153/8716 1788/5097/8716 1805/5143/8716
f 334/3534/8717 397/3570/8717 366/5154/8717
f 223/5155/8718 334/3534/8718 366/5154/8718
f 1805/5143/8719 1807/5098/8719 1844/5156/8719
f 1844/5156/8720 1807/5098/8720 1845/5113/8720
f 181/5126/8721 334/3534/8721 223/5155/8721
f 50/5101/8722 119/3535/8722 35/3575/8722
f 50/5101/8723 35/3575/8723 49/3536/8723
f 46/3559/8724 43/3577/8724 32/5157/8724
f 3169/5158/8725 3166/5115/8725 3159/5104/8725
f 46/3559/8726 32/5157/8726 33/3560/8726
f 3169/5158/8727 3159/5104/8727 3164/5132/8727
f 3168/5146/8728 3164/5132/8728 3157/5116/8728
f 3156/5091/8729 3168/5146/8729 3157/5116/8729
f 64/3581/8730 53/3516/8730 42/3579/8730
f 1516/5159/8731 1512/5119/8731 1505/5148/8731
f 129/3550/8732 127/3541/8732 102/3571/8732
f 1473/5160/8733 1460/5149/8733 1243/3554/8733
f 357/5121/8734 339/3556/8734 348/3585/8734
f 357/5121/8735 375/3587/8735 380/3558/8735
f 1189/3565/8736 1423/3589/8736 1223/3557/8736
f 1417/5161/8737 1245/3564/8737 1194/3549/8737
f 1351/5152/8738 1417/5161/8738 1194/3549/8738
f 1453/3547/8739 1455/5122/8739 1471/5162/8739
f 1453/3547/8740 1471/5162/8740 1447/3566/8740
f 1447/3566/8741 1471/5162/8741 1458/5163/8741
f 1798/5140/8742 1780/5096/8742 1778/5110/8742
f 1798/5140/8743 1778/5110/8743 1800/5164/8743
f 1916/5111/8744 1901/5141/8744 1918/5165/8744
f 366/5154/8745 397/3570/8745 393/3594/8745
f 1874/5166/8746 1845/5113/8746 1867/5127/8746
f 1907/5167/8747 1867/5127/8747 1906/5130/8747
f 1907/5167/8748 1906/5130/8748 1927/5168/8748
f 119/3535/8749 143/5129/8749 48/5169/8749
f 1927/5168/8750 1906/5130/8750 1922/5114/8750
f 27/5170/8751 119/3535/8751 48/5169/8751
f 1938/5171/8752 1927/5168/8752 1922/5114/8752
f 35/3575/8753 119/3535/8753 27/5170/8753
f 1938/5171/8754 1922/5114/8754 1941/5131/8754
f 1952/5172/8755 1938/5171/8755 1941/5131/8755
f 1952/5172/8756 1941/5131/8756 1948/5144/8756
f 1952/5172/8757 1948/5144/8757 1959/5173/8757
f 1964/5174/8758 1952/5172/8758 1959/5173/8758
f 32/5157/8759 43/3577/8759 30/3576/8759
f 33/3560/8760 32/5157/8760 29/3605/8760
f 3174/5175/8761 3169/5158/8761 3164/5132/8761
f 3174/5175/8762 3164/5132/8762 3168/5146/8762
f 75/5117/8763 64/3581/8763 57/3580/8763
f 1531/5176/8764 1538/5177/8764 1535/5178/8764
f 1542/5179/8765 1538/5177/8765 1531/5176/8765
f 75/5117/8766 57/3580/8766 63/3596/8766
f 1514/3538/8767 1531/5176/8767 1535/5178/8767
f 79/5136/8768 75/5117/8768 63/3596/8768
f 1531/5176/8769 1514/3538/8769 1523/5180/8769
f 1523/5180/8770 1514/3538/8770 1512/5119/8770
f 92/3578/8771 79/5136/8771 84/3582/8771
f 1516/5159/8772 1523/5180/8772 1512/5119/8772
f 102/3571/8773 92/3578/8773 84/3582/8773
f 129/3550/8774 102/3571/8774 112/3584/8774
f 1460/5149/8775 1490/5181/8775 1493/5120/8775
f 129/3550/8776 112/3584/8776 317/3552/8776
f 317/3552/8777 112/3584/8777 323/5182/8777
f 1473/5160/8778 1490/5181/8778 1460/5149/8778
f 317/3552/8779 323/5182/8779 339/3556/8779
f 1446/3601/8780 1243/3554/8780 1223/3557/8780
f 357/5121/8781 348/3585/8781 375/3587/8781
f 1423/3589/8782 1446/3601/8782 1223/3557/8782
f 380/3558/8783 375/3587/8783 405/3562/8783
f 1245/3564/8784 1428/3588/8784 1189/3565/8784
f 406/5150/8785 405/3562/8785 387/3591/8785
f 1455/5122/8786 1472/5183/8786 1471/5162/8786
f 1436/3604/8787 1417/5161/8787 1351/5152/8787
f 1447/3566/8788 1458/5163/8788 1457/5184/8788
f 1442/3602/8789 1436/3604/8789 1387/5137/8789
f 1387/5137/8790 1436/3604/8790 1351/5152/8790
f 1447/3566/8791 1457/5184/8791 1439/3567/8791
f 1439/3567/8792 1457/5184/8792 1437/3572/8792
f 1437/3572/8793 1442/3602/8793 1421/3573/8793
f 1421/3573/8794 1442/3602/8794 1387/5137/8794
f 1918/5165/8795 1901/5141/8795 1903/5185/8795
f 1903/5185/8796 1901/5141/8796 1853/5138/8796
f 1801/5186/8797 1798/5140/8797 1800/5164/8797
f 1800/5164/8798 1778/5110/8798 1784/5124/8798
f 462/5125/8799 456/5187/8799 431/3569/8799
f 1800/5164/8800 1784/5124/8800 1794/5142/8800
f 397/3570/8801 431/3569/8801 393/3594/8801
f 1808/5153/8802 1794/5142/8802 1788/5097/8802
f 1847/5188/8803 1805/5143/8803 1844/5156/8803
f 1844/5156/8804 1845/5113/8804 1874/5166/8804
f 153/5128/8805 181/5126/8805 158/5189/8805
f 181/5126/8806 223/5155/8806 158/5189/8806
f 141/5190/8807 153/5128/8807 158/5189/8807
f 1907/5167/8808 1874/5166/8808 1867/5127/8808
f 143/5129/8809 153/5128/8809 141/5190/8809
f 143/5129/8810 141/5190/8810 48/5169/8810
f 1924/5191/8811 1907/5167/8811 1927/5168/8811
f 35/3575/8812 27/5170/8812 24/5192/8812
f 1965/5193/8813 1952/5172/8813 1964/5174/8813
f 32/5157/8814 30/3576/8814 28/5194/8814
f 1969/5195/8815 1965/5193/8815 1964/5174/8815
f 32/5157/8816 28/5194/8816 29/3605/8816
f 33/3560/8817 29/3605/8817 31/3607/8817
f 34/5145/8818 33/3560/8818 31/3607/8818
f 3175/5196/8819 3174/5175/8819 3168/5146/8819
f 42/3579/8820 34/5145/8820 31/3607/8820
f 42/3579/8821 31/3607/8821 41/5197/8821
f 57/3580/8822 42/3579/8822 41/5197/8822
f 1542/5179/8823 1543/5198/8823 1538/5177/8823
f 79/5136/8824 63/3596/8824 70/3597/8824
f 84/3582/8825 79/5136/8825 70/3597/8825
f 1490/5181/8826 1507/5199/8826 1505/5148/8826
f 1490/5181/8827 1505/5148/8827 1493/5120/8827
f 339/3556/8828 323/5182/8828 336/3590/8828
f 1464/5200/8829 1473/5160/8829 1243/3554/8829
f 1446/3601/8830 1464/5200/8830 1243/3554/8830
f 1428/3588/8831 1446/3601/8831 1423/3589/8831
f 406/5150/8832 387/3591/8832 435/5201/8832
f 1417/5161/8833 1441/3592/8833 1245/3564/8833
f 1457/5184/8834 1450/5202/8834 1437/3572/8834
f 1437/3572/8835 1450/5202/8835 1442/3602/8835
f 1855/5203/8836 1853/5138/8836 1835/5139/8836
f 1855/5203/8837 1835/5139/8837 1843/5204/8837
f 1843/5204/8838 1835/5139/8838 1798/5140/8838
f 1903/5185/8839 1853/5138/8839 1855/5203/8839
f 1843/5204/8840 1798/5140/8840 1801/5186/8840
f 1838/5205/8841 1800/5164/8841 1794/5142/8841
f 1837/5206/8842 1794/5142/8842 1808/5153/8842
f 366/5154/8843 393/3594/8843 351/5207/8843
f 223/5155/8844 366/5154/8844 351/5207/8844
f 1847/5188/8845 1808/5153/8845 1805/5143/8845
f 1873/5208/8846 1847/5188/8846 1844/5156/8846
f 1873/5208/8847 1844/5156/8847 1874/5166/8847
f 1908/5209/8848 1874/5166/8848 1907/5167/8848
f 1924/5191/8849 1908/5209/8849 1907/5167/8849
f 48/5169/8850 141/5190/8850 44/5210/8850
f 27/5170/8851 48/5169/8851 44/5210/8851
f 1924/5191/8852 1927/5168/8852 1939/5211/8852
f 1939/5211/8853 1927/5168/8853 1938/5171/8853
f 1939/5211/8854 1938/5171/8854 1949/5212/8854
f 30/3576/8855 35/3575/8855 24/5192/8855
f 1949/5212/8856 1938/5171/8856 1952/5172/8856
f 30/3576/8857 24/5192/8857 21/5213/8857
f 1957/5214/8858 1949/5212/8858 1952/5172/8858
f 1965/5193/8859 1957/5214/8859 1952/5172/8859
f 30/3576/8860 21/5213/8860 28/5194/8860
f 3176/5215/8861 3175/5196/8861 3168/5146/8861
f 3176/5215/8862 3168/5146/8862 3170/5147/8862
f 1544/5216/8863 1543/5198/8863 1542/5179/8863
f 70/3597/8864 63/3596/8864 54/3595/8864
f 84/3582/8865 69/3598/8865 81/3608/8865
f 1515/5217/8866 1523/5180/8866 1516/5159/8866
f 1505/5148/8867 1515/5217/8867 1516/5159/8867
f 84/3582/8868 81/3608/8868 94/3583/8868
f 1515/5217/8869 1505/5148/8869 1507/5199/8869
f 1464/5200/8870 1490/5181/8870 1473/5160/8870
f 112/3584/8871 111/3599/8871 323/5182/8871
f 348/3585/8872 336/3590/8872 362/3586/8872
f 375/3587/8873 362/3586/8873 371/5218/8873
f 387/3591/8874 403/3612/8874 435/5201/8874
f 435/5201/8875 403/3612/8875 466/5219/8875
f 466/5219/8876 403/3612/8876 444/5220/8876
f 1436/3604/8877 1449/3603/8877 1417/5161/8877
f 1449/3603/8878 1441/3592/8878 1417/5161/8878
f 1903/5185/8879 1855/5203/8879 1904/5221/8879
f 1918/5165/8880 1903/5185/8880 1920/5222/8880
f 431/3569/8881 456/5187/8881 424/3593/8881
f 1801/5186/8882 1800/5164/8882 1838/5205/8882
f 1838/5205/8883 1794/5142/8883 1837/5206/8883
f 1850/5223/8884 1837/5206/8884 1808/5153/8884
f 1850/5223/8885 1808/5153/8885 1847/5188/8885
f 159/5224/8886 223/5155/8886 351/5207/8886
f 158/5189/8887 223/5155/8887 159/5224/8887
f 141/5190/8888 158/5189/8888 142/5225/8888
f 1908/5209/8889 1873/5208/8889 1874/5166/8889
f 27/5170/8890 44/5210/8890 26/5226/8890
f 28/5194/8891 21/5213/8891 19/5227/8891
f 29/3605/8892 28/5194/8892 20/3606/8892
f 28/5194/8893 19/5227/8893 20/3606/8893
f 41/5197/8894 31/3607/8894 40/5228/8894
f 57/3580/8895 41/5197/8895 40/5228/8895
f 57/3580/8896 40/5228/8896 54/3595/8896
f 1527/5229/8897 1531/5176/8897 1523/5180/8897
f 70/3597/8898 54/3595/8898 69/3598/8898
f 1502/5230/8899 1515/5217/8899 1507/5199/8899
f 1490/5181/8900 1502/5230/8900 1507/5199/8900
f 111/3599/8901 94/3583/8901 95/3609/8901
f 1502/5230/8902 1490/5181/8902 1495/5231/8902
f 111/3599/8903 122/3616/8903 323/5182/8903
f 1464/5200/8904 1495/5231/8904 1490/5181/8904
f 336/3590/8905 323/5182/8905 122/3616/8905
f 1476/5232/8906 1495/5231/8906 1464/5200/8906
f 336/3590/8907 352/5233/8907 362/3586/8907
f 1446/3601/8908 1476/5232/8908 1464/5200/8908
f 362/3586/8909 352/5233/8909 371/5218/8909
f 1466/3600/8910 1476/5232/8910 1446/3601/8910
f 1465/5234/8911 1466/3600/8911 1428/3588/8911
f 375/3587/8912 371/5218/8912 382/3610/8912
f 375/3587/8913 382/3610/8913 387/3591/8913
f 1441/3592/8914 1465/5234/8914 1428/3588/8914
f 387/3591/8915 382/3610/8915 403/3612/8915
f 1458/5163/8916 1481/5235/8916 1475/5236/8916
f 1458/5163/8917 1475/5236/8917 1457/5184/8917
f 1457/5184/8918 1475/5236/8918 1450/5202/8918
f 1450/5202/8919 1475/5236/8919 1463/3613/8919
f 1450/5202/8920 1463/3613/8920 1442/3602/8920
f 1442/3602/8921 1462/3614/8921 1449/3603/8921
f 1904/5221/8922 1855/5203/8922 1876/5237/8922
f 1876/5237/8923 1855/5203/8923 1843/5204/8923
f 1920/5222/8924 1903/5185/8924 1904/5221/8924
f 1843/5204/8925 1801/5186/8925 1854/5238/8925
f 1854/5238/8926 1801/5186/8926 1838/5205/8926
f 424/3593/8927 456/5187/8927 446/5239/8927
f 391/5240/8928 393/3594/8928 424/3593/8928
f 1852/5241/8929 1837/5206/8929 1850/5223/8929
f 351/5207/8930 393/3594/8930 391/5240/8930
f 1850/5223/8931 1847/5188/8931 1875/5242/8931
f 1875/5242/8932 1847/5188/8932 1873/5208/8932
f 158/5189/8933 159/5224/8933 151/5243/8933
f 158/5189/8934 151/5243/8934 142/5225/8934
f 141/5190/8935 142/5225/8935 47/5244/8935
f 1926/5245/8936 1908/5209/8936 1924/5191/8936
f 44/5210/8937 141/5190/8937 47/5244/8937
f 27/5170/8938 26/5226/8938 17/5246/8938
f 24/5192/8939 27/5170/8939 17/5246/8939
f 1950/5247/8940 1939/5211/8940 1949/5212/8940
f 1956/5248/8941 1950/5247/8941 1949/5212/8941
f 21/5213/8942 24/5192/8942 17/5246/8942
f 1956/5248/8943 1949/5212/8943 1957/5214/8943
f 1965/5193/8944 1956/5248/8944 1957/5214/8944
f 1967/5249/8945 1965/5193/8945 1969/5195/8945
f 1967/5249/8946 1969/5195/8946 1975/5250/8946
f 31/3607/8947 20/3606/8947 22/5251/8947
f 1976/5252/8948 1967/5249/8948 1975/5250/8948
f 40/5228/8949 31/3607/8949 22/5251/8949
f 1544/5216/8950 1549/5253/8950 1551/5254/8950
f 1549/5253/8951 1544/5216/8951 1545/5255/8951
f 1537/5256/8952 1545/5255/8952 1544/5216/8952
f 1537/5256/8953 1544/5216/8953 1542/5179/8953
f 1537/5256/8954 1542/5179/8954 1531/5176/8954
f 1537/5256/8955 1531/5176/8955 1527/5229/8955
f 69/3598/8956 54/3595/8956 55/3621/8956
f 1526/5257/8957 1527/5229/8957 1523/5180/8957
f 1519/5258/8958 1526/5257/8958 1515/5217/8958
f 1526/5257/8959 1523/5180/8959 1515/5217/8959
f 81/3608/8960 69/3598/8960 80/3615/8960
f 1519/5258/8961 1515/5217/8961 1502/5230/8961
f 336/3590/8962 122/3616/8962 123/5259/8962
f 1476/5232/8963 1494/3624/8963 1495/5231/8963
f 336/3590/8964 123/5259/8964 352/5233/8964
f 352/5233/8965 364/5260/8965 371/5218/8965
f 1466/3600/8966 1480/3622/8966 1476/5232/8966
f 371/5218/8967 364/5260/8967 382/3610/8967
f 1449/3603/8968 1469/3618/8968 1441/3592/8968
f 1469/3618/8969 1465/5234/8969 1441/3592/8969
f 403/3612/8970 402/3611/8970 428/5261/8970
f 403/3612/8971 428/5261/8971 444/5220/8971
f 444/5220/8972 428/5261/8972 474/5262/8972
f 1876/5237/8973 1843/5204/8973 1854/5238/8973
f 391/5240/8974 424/3593/8974 446/5239/8974
f 391/5240/8975 446/5239/8975 420/5263/8975
f 1877/5264/8976 1838/5205/8976 1852/5241/8976
f 1852/5241/8977 1838/5205/8977 1837/5206/8977
f 163/5265/8978 351/5207/8978 391/5240/8978
f 1883/5266/8979 1850/5223/8979 1875/5242/8979
f 159/5224/8980 351/5207/8980 163/5265/8980
f 1910/5267/8981 1873/5208/8981 1908/5209/8981
f 142/5225/8982 151/5243/8982 47/5244/8982
f 1910/5267/8983 1908/5209/8983 1926/5245/8983
f 1944/5268/8984 1926/5245/8984 1924/5191/8984
f 44/5210/8985 47/5244/8985 23/5269/8985
f 26/5226/8986 44/5210/8986 23/5269/8986
f 1944/5268/8987 1924/5191/8987 1939/5211/8987
f 21/5213/8988 17/5246/8988 13/5270/8988
f 1958/5271/8989 1956/5248/8989 1966/5272/8989
f 19/5227/8990 21/5213/8990 10/5273/8990
f 1966/5272/8991 1956/5248/8991 1965/5193/8991
f 20/3606/8992 19/5227/8992 18/5274/8992
f 1967/5249/8993 1966/5272/8993 1965/5193/8993
f 22/5251/8994 20/3606/8994 18/5274/8994
f 54/3595/8995 40/5228/8995 37/3619/8995
f 54/3595/8996 37/3619/8996 55/3621/8996
f 69/3598/8997 55/3621/8997 71/5275/8997
f 69/3598/8998 71/5275/8998 80/3615/8998
f 95/3609/8999 80/3615/8999 101/5276/8999
f 95/3609/9000 101/5276/9000 122/3616/9000
f 1494/3624/9001 1496/3628/9001 1495/5231/9001
f 1496/3628/9002 1502/5230/9002 1495/5231/9002
f 122/3616/9003 101/5276/9003 123/5259/9003
f 352/5233/9004 123/5259/9004 353/5277/9004
f 352/5233/9005 353/5277/9005 364/5260/9005
f 1480/3622/9006 1494/3624/9006 1476/5232/9006
f 382/3610/9007 364/5260/9007 365/5278/9007
f 1488/5279/9008 1480/3622/9008 1465/5234/9008
f 1465/5234/9009 1480/3622/9009 1466/3600/9009
f 428/5261/9010 451/5280/9010 474/5262/9010
f 474/5262/9011 451/5280/9011 473/5281/9011
f 474/5262/9012 473/5281/9012 476/5282/9012
f 1485/5283/9013 1470/3617/9013 1463/3613/9013
f 1463/3613/9014 1470/3617/9014 1462/3614/9014
f 420/5263/9015 446/5239/9015 452/5284/9015
f 452/5284/9016 446/5239/9016 480/5285/9016
f 1877/5264/9017 1854/5238/9017 1838/5205/9017
f 1852/5241/9018 1850/5223/9018 1883/5266/9018
f 159/5224/9019 163/5265/9019 151/5243/9019
f 1910/5267/9020 1875/5242/9020 1873/5208/9020
f 17/5246/9021 26/5226/9021 23/5269/9021
f 1950/5247/9022 1944/5268/9022 1939/5211/9022
f 1958/5271/9023 1950/5247/9023 1956/5248/9023
f 10/5273/9024 21/5213/9024 13/5270/9024
f 19/5227/9025 10/5273/9025 18/5274/9025
f 40/5228/9026 22/5251/9026 37/3619/9026
f 1547/5286/9027 1549/5253/9027 1545/5255/9027
f 1547/5286/9028 1545/5255/9028 1537/5256/9028
f 1533/3627/9029 1537/5256/9029 1527/5229/9029
f 1533/3627/9030 1527/5229/9030 1526/5257/9030
f 71/5275/9031 55/3621/9031 56/5287/9031
f 80/3615/9032 71/5275/9032 82/5288/9032
f 1524/3625/9033 1526/5257/9033 1519/5258/9033
f 101/5276/9034 80/3615/9034 82/5288/9034
f 1496/3628/9035 1519/5258/9035 1502/5230/9035
f 101/5276/9036 109/5289/9036 123/5259/9036
f 123/5259/9037 109/5289/9037 353/5277/9037
f 382/3610/9038 365/5278/9038 399/5290/9038
f 1488/5279/9039 1465/5234/9039 1489/5291/9039
f 382/3610/9040 399/5290/9040 402/3611/9040
f 402/3611/9041 399/5290/9041 427/3637/9041
f 402/3611/9042 427/3637/9042 428/5261/9042
f 1469/3618/9043 1489/5291/9043 1465/5234/9043
f 452/5284/9044 480/5285/9044 478/5292/9044
f 1904/5221/9045 1876/5237/9045 1915/5293/9045
f 1915/5293/9046 1876/5237/9046 1905/5294/9046
f 1905/5294/9047 1876/5237/9047 1854/5238/9047
f 1905/5294/9048 1854/5238/9048 1877/5264/9048
f 420/5263/9049 452/5284/9049 423/5295/9049
f 1877/5264/9050 1852/5241/9050 1911/5296/9050
f 391/5240/9051 420/5263/9051 401/5297/9051
f 163/5265/9052 391/5240/9052 368/5298/9052
f 368/5298/9053 391/5240/9053 401/5297/9053
f 1919/5299/9054 1883/5266/9054 1875/5242/9054
f 151/5243/9055 163/5265/9055 162/5300/9055
f 1919/5299/9056 1875/5242/9056 1910/5267/9056
f 151/5243/9057 162/5300/9057 140/5301/9057
f 1931/5302/9058 1919/5299/9058 1910/5267/9058
f 47/5244/9059 151/5243/9059 140/5301/9059
f 1931/5302/9060 1910/5267/9060 1926/5245/9060
f 23/5269/9061 47/5244/9061 25/5303/9061
f 47/5244/9062 140/5301/9062 25/5303/9062
f 1944/5268/9063 1931/5302/9063 1926/5245/9063
f 23/5269/9064 25/5303/9064 15/5304/9064
f 1954/5305/9065 1944/5268/9065 1950/5247/9065
f 17/5246/9066 23/5269/9066 15/5304/9066
f 17/5246/9067 15/5304/9067 13/5270/9067
f 11/5306/9068 13/5270/9068 15/5304/9068
f 1958/5271/9069 1954/5305/9069 1950/5247/9069
f 18/5274/9070 10/5273/9070 9/5307/9070
f 1972/5308/9071 1966/5272/9071 1967/5249/9071
f 18/5274/9072 9/5307/9072 8/5309/9072
f 1972/5308/9073 1967/5249/9073 1976/5252/9073
f 22/5251/9074 18/5274/9074 8/5309/9074
f 37/3619/9075 22/5251/9075 36/3620/9075
f 55/3621/9076 36/3620/9076 56/5287/9076
f 1524/3625/9077 1533/3627/9077 1526/5257/9077
f 71/5275/9078 56/5287/9078 72/5310/9078
f 82/5288/9079 71/5275/9079 72/5310/9079
f 1520/3630/9080 1524/3625/9080 1519/5258/9080
f 1520/3630/9081 1519/5258/9081 1496/3628/9081
f 82/5288/9082 83/5311/9082 109/5289/9082
f 101/5276/9083 82/5288/9083 109/5289/9083
f 109/5289/9084 110/5312/9084 353/5277/9084
f 1500/5313/9085 1496/3628/9085 1494/3624/9085
f 1499/3623/9086 1500/5313/9086 1494/3624/9086
f 364/5260/9087 353/5277/9087 359/5314/9087
f 364/5260/9088 359/5314/9088 365/5278/9088
f 365/5278/9089 359/5314/9089 398/5315/9089
f 1488/5279/9090 1499/3623/9090 1480/3622/9090
f 365/5278/9091 398/5315/9091 399/5290/9091
f 428/5261/9092 427/3637/9092 430/3639/9092
f 451/5280/9093 430/3639/9093 472/3631/9093
f 428/5261/9094 430/3639/9094 451/5280/9094
f 451/5280/9095 472/3631/9095 473/5281/9095
f 1498/5316/9096 1497/5317/9096 1470/3617/9096
f 1497/5317/9097 1489/5291/9097 1469/3618/9097
f 1470/3617/9098 1497/5317/9098 1469/3618/9098
f 1485/5283/9099 1498/5316/9099 1470/3617/9099
f 1932/5318/9100 1915/5293/9100 1905/5294/9100
f 401/5297/9101 420/5263/9101 423/5295/9101
f 423/5295/9102 452/5284/9102 445/5319/9102
f 452/5284/9103 478/5292/9103 445/5319/9103
f 445/5319/9104 478/5292/9104 455/5320/9104
f 1932/5318/9105 1905/5294/9105 1917/5321/9105
f 1917/5321/9106 1905/5294/9106 1877/5264/9106
f 1917/5321/9107 1877/5264/9107 1911/5296/9107
f 1911/5296/9108 1852/5241/9108 1883/5266/9108
f 162/5300/9109 163/5265/9109 368/5298/9109
f 1911/5296/9110 1883/5266/9110 1928/5322/9110
f 1928/5322/9111 1883/5266/9111 1919/5299/9111
f 140/5301/9112 162/5300/9112 155/5323/9112
f 1937/5324/9113 1919/5299/9113 1931/5302/9113
f 1945/5325/9114 1937/5324/9114 1931/5302/9114
f 1945/5325/9115 1931/5302/9115 1944/5268/9115
f 1945/5325/9116 1944/5268/9116 1954/5305/9116
f 1960/5326/9117 1954/5305/9117 1958/5271/9117
f 13/5270/9118 11/5306/9118 10/5273/9118
f 1968/5327/9119 1960/5326/9119 1958/5271/9119
f 1968/5327/9120 1958/5271/9120 1966/5272/9120
f 1968/5327/9121 1966/5272/9121 1972/5308/9121
f 1978/5328/9122 1972/5308/9122 1976/5252/9122
f 36/3620/9123 22/5251/9123 8/5309/9123
f 1550/5329/9124 1549/5253/9124 1547/5286/9124
f 1546/5330/9125 1550/5329/9125 1547/5286/9125
f 1539/5331/9126 1546/5330/9126 1537/5256/9126
f 1537/5256/9127 1546/5330/9127 1547/5286/9127
f 56/5287/9128 36/3620/9128 58/5332/9128
f 56/5287/9129 58/5332/9129 62/5333/9129
f 1539/5331/9130 1537/5256/9130 1533/3627/9130
f 1532/3626/9131 1539/5331/9131 1533/3627/9131
f 72/5310/9132 56/5287/9132 62/5333/9132
f 1525/5334/9133 1532/3626/9133 1524/3625/9133
f 82/5288/9134 72/5310/9134 77/5335/9134
f 82/5288/9135 77/5335/9135 83/5311/9135
f 1520/3630/9136 1525/5334/9136 1524/3625/9136
f 109/5289/9137 83/5311/9137 104/3634/9137
f 109/5289/9138 104/3634/9138 110/5312/9138
f 353/5277/9139 110/5312/9139 358/3636/9139
f 359/5314/9140 353/5277/9140 358/3636/9140
f 1508/5336/9141 1500/5313/9141 1499/3623/9141
f 1489/5291/9142 1503/5337/9142 1499/3623/9142
f 399/5290/9143 398/5315/9143 427/3637/9143
f 1489/5291/9144 1499/3623/9144 1488/5279/9144
f 472/3631/9145 471/3633/9145 488/5338/9145
f 1497/5317/9146 1503/5337/9146 1489/5291/9146
f 401/5297/9147 423/5295/9147 389/5339/9147
f 389/5339/9148 423/5295/9148 421/5340/9148
f 368/5298/9149 401/5297/9149 389/5339/9149
f 1933/5341/9150 1911/5296/9150 1928/5322/9150
f 162/5300/9151 368/5298/9151 161/5342/9151
f 1937/5324/9152 1928/5322/9152 1919/5299/9152
f 140/5301/9153 155/5323/9153 67/3640/9153
f 25/5303/9154 140/5301/9154 67/3640/9154
f 15/5304/9155 25/5303/9155 16/3642/9155
f 1955/5343/9156 1945/5325/9156 1954/5305/9156
f 15/5304/9157 16/3642/9157 12/5344/9157
f 11/5306/9158 15/5304/9158 12/5344/9158
f 1955/5343/9159 1954/5305/9159 1960/5326/9159
f 10/5273/9160 11/5306/9160 7/3654/9160
f 10/5273/9161 7/3654/9161 4/5345/9161
f 9/5307/9162 10/5273/9162 4/5345/9162
f 8/5309/9163 9/5307/9163 4/5345/9163
f 8/5309/9164 4/5345/9164 5/3643/9164
f 1968/5327/9165 1972/5308/9165 1978/5328/9165
f 36/3620/9166 8/5309/9166 5/3643/9166
f 36/3620/9167 5/3643/9167 38/3645/9167
f 58/5332/9168 36/3620/9168 38/3645/9168
f 1540/3648/9169 1539/5331/9169 1532/3626/9169
f 62/5333/9170 58/5332/9170 60/5346/9170
f 72/5310/9171 62/5333/9171 60/5346/9171
f 72/5310/9172 60/5346/9172 77/5335/9172
f 83/5311/9173 77/5335/9173 78/3649/9173
f 83/5311/9174 78/3649/9174 104/3634/9174
f 1528/5347/9175 1525/5334/9175 1520/3630/9175
f 1511/3629/9176 1528/5347/9176 1520/3630/9176
f 1500/5313/9177 1511/3629/9177 1496/3628/9177
f 110/5312/9178 104/3634/9178 358/3636/9178
f 359/5314/9179 358/3636/9179 373/3651/9179
f 359/5314/9180 373/3651/9180 398/5315/9180
f 398/5315/9181 373/3651/9181 408/3638/9181
f 1503/5337/9182 1508/5336/9182 1499/3623/9182
f 398/5315/9183 408/3638/9183 427/3637/9183
f 472/3631/9184 430/3639/9184 450/3632/9184
f 1497/5317/9185 1510/5348/9185 1503/5337/9185
f 445/5319/9186 455/5320/9186 454/5349/9186
f 421/5340/9187 445/5319/9187 454/5349/9187
f 454/5349/9188 455/5320/9188 482/5350/9188
f 482/5350/9189 455/5320/9189 490/5351/9189
f 423/5295/9190 445/5319/9190 421/5340/9190
f 482/5350/9191 490/5351/9191 500/5352/9191
f 1934/5353/9192 1917/5321/9192 1911/5296/9192
f 1934/5353/9193 1911/5296/9193 1933/5341/9193
f 1933/5341/9194 1928/5322/9194 1943/5354/9194
f 161/5342/9195 368/5298/9195 389/5339/9195
f 1951/5355/9196 1933/5341/9196 1943/5354/9196
f 155/5323/9197 162/5300/9197 161/5342/9197
f 1943/5354/9198 1928/5322/9198 1937/5324/9198
f 155/5323/9199 161/5342/9199 67/3640/9199
f 1947/5356/9200 1937/5324/9200 1945/5325/9200
f 1955/5343/9201 1947/5356/9201 1945/5325/9201
f 25/5303/9202 67/3640/9202 16/3642/9202
f 11/5306/9203 12/5344/9203 7/3654/9203
f 1971/5357/9204 1960/5326/9204 1968/5327/9204
f 1977/5358/9205 1971/5357/9205 1968/5327/9205
f 1977/5358/9206 1968/5327/9206 1978/5328/9206
f 1552/5359/9207 1550/5329/9207 1546/5330/9207
f 1541/5360/9208 1552/5359/9208 1546/5330/9208
f 58/5332/9209 38/3645/9209 39/3646/9209
f 1539/5331/9210 1541/5360/9210 1546/5330/9210
f 58/5332/9211 39/3646/9211 60/5346/9211
f 1540/3648/9212 1541/5360/9212 1539/5331/9212
f 77/5335/9213 60/5346/9213 78/3649/9213
f 1525/5334/9214 1534/3647/9214 1532/3626/9214
f 1528/5347/9215 1534/3647/9215 1525/5334/9215
f 1521/5361/9216 1528/5347/9216 1511/3629/9216
f 1521/5361/9217 1511/3629/9217 1500/5313/9217
f 1508/5336/9218 1521/5361/9218 1500/5313/9218
f 1510/5348/9219 1522/5362/9219 1503/5337/9219
f 1503/5337/9220 1522/5362/9220 1508/5336/9220
f 408/3638/9221 429/5363/9221 430/3639/9221
f 430/3639/9222 429/5363/9222 450/3632/9222
f 453/5364/9223 421/5340/9223 454/5349/9223
f 422/5365/9224 421/5340/9224 453/5364/9224
f 453/5364/9225 454/5349/9225 482/5350/9225
f 161/5342/9226 389/5339/9226 394/5366/9226
f 389/5339/9227 421/5340/9227 394/5366/9227
f 394/5366/9228 421/5340/9228 422/5365/9228
f 482/5350/9229 500/5352/9229 499/5367/9229
f 1951/5355/9230 1934/5353/9230 1933/5341/9230
f 161/5342/9231 394/5366/9231 157/5368/9231
f 1953/5369/9232 1951/5355/9232 1943/5354/9232
f 1953/5369/9233 1943/5354/9233 1947/5356/9233
f 1947/5356/9234 1943/5354/9234 1937/5324/9234
f 67/3640/9235 161/5342/9235 157/5368/9235
f 68/3641/9236 67/3640/9236 157/5368/9236
f 1962/5370/9237 1947/5356/9237 1955/5343/9237
f 1963/5371/9238 1962/5370/9238 1955/5343/9238
f 12/5344/9239 16/3642/9239 14/3652/9239
f 16/3642/9240 68/3641/9240 14/3652/9240
f 1963/5371/9241 1955/5343/9241 1960/5326/9241
f 7/3654/9242 12/5344/9242 14/3652/9242
f 1971/5357/9243 1963/5371/9243 1960/5326/9243
f 5/3643/9244 4/5345/9244 1/3644/9244
f 518/5372/9245 519/5373/9245 514/5374/9245
f 1548/5375/9246 1541/5360/9246 1540/3648/9246
f 78/3649/9247 60/5346/9247 73/5376/9247
f 78/3649/9248 73/5376/9248 100/3657/9248
f 1529/3655/4840 1534/3647/4840 1528/5347/4840
f 105/3635/9249 78/3649/9249 100/3657/9249
f 1521/5361/9250 1529/3655/9250 1528/5347/9250
f 105/3635/9251 100/3657/9251 372/3650/9251
f 373/3651/9252 372/3650/9252 407/5377/9252
f 373/3651/9253 407/5377/9253 408/3638/9253
f 408/3638/9254 407/5377/9254 429/5363/9254
f 429/5363/9255 407/5377/9255 426/5378/9255
f 429/5363/9256 426/5378/9256 449/5379/9256
f 1522/5362/9257 1521/5361/9257 1508/5336/9257
f 429/5363/9258 449/5379/9258 450/3632/9258
f 449/5379/9259 470/5380/9259 471/3633/9259
f 450/3632/9260 449/5379/9260 471/3633/9260
f 471/3633/9261 470/5380/9261 489/3662/9261
f 481/5381/9262 482/5350/9262 499/5367/9262
f 453/5364/9263 482/5350/9263 481/5381/9263
f 394/5366/9264 422/5365/9264 388/5382/9264
f 422/5365/9265 453/5364/9265 442/5383/9265
f 442/5383/9266 453/5364/9266 481/5381/9266
f 481/5381/9267 499/5367/9267 497/5384/9267
f 157/5368/9268 394/5366/9268 388/5382/9268
f 113/5385/9269 157/5368/9269 388/5382/9269
f 68/3641/9270 157/5368/9270 113/5385/9270
f 1961/5386/9271 1953/5369/9271 1947/5356/9271
f 1961/5386/9272 1947/5356/9272 1962/5370/9272
f 66/5387/9273 68/3641/9273 113/5385/9273
f 14/3652/9274 68/3641/9274 66/5387/9274
f 505/5388/9275 512/5389/9275 510/5390/9275
f 1970/5391/9276 1962/5370/9276 1963/5371/9276
f 14/3652/9277 66/5387/9277 6/3653/9277
f 511/5392/9278 510/5390/9278 517/5393/9278
f 1973/5394/9279 1963/5371/9279 1971/5357/9279
f 4/5345/9280 7/3654/9280 6/3653/9280
f 4/5345/9281 6/3653/9281 2/5395/9281
f 1974/5396/9282 1973/5394/9282 1971/5357/9282
f 1979/5397/9283 1974/5396/9283 1971/5357/9283
f 1/3644/9284 4/5345/9284 2/5395/9284
f 1979/5397/9285 1971/5357/9285 1977/5358/9285
f 1/3644/9286 2/5395/9286 3/5398/9286
f 514/5374/9245 513/5399/9245 518/5372/9245
f 39/3646/9287 1/3644/9287 3/5398/9287
f 39/3646/9288 3/5398/9288 45/5400/9288
f 39/3646/9289 45/5400/9289 73/5376/9289
f 506/5401/9290 514/5374/9290 515/5402/9290
f 60/5346/9291 39/3646/9291 73/5376/9291
f 507/5403/9292 506/5401/9292 515/5402/9292
f 1536/3656/9293 1540/3648/9293 1534/3647/9293
f 73/5376/9294 76/5404/9294 99/5405/9294
f 100/3657/9295 73/5376/9295 99/5405/9295
f 100/3657/9296 99/5405/9296 131/3658/9296
f 483/3660/9297 502/5406/9297 508/3661/9297
f 508/3661/9298 502/5406/9298 507/5403/9298
f 372/3650/9299 131/3658/9299 400/5407/9299
f 449/5379/9300 469/3663/9300 470/5380/9300
f 469/3663/9301 449/5379/9301 441/5408/9301
f 470/5380/9302 469/3663/9302 483/3660/9302
f 372/3650/9303 400/5407/9303 407/5377/9303
f 407/5377/9304 400/5407/9304 426/5378/9304
f 426/5378/9305 441/5408/9305 449/5379/9305
f 470/5380/9306 483/3660/9306 489/3662/9306
f 395/5409/9307 388/5382/9307 422/5365/9307
f 415/5410/9308 422/5365/9308 442/5383/9308
f 395/5409/9309 422/5365/9309 415/5410/9309
f 415/5410/9310 442/5383/9310 448/5411/9310
f 460/5412/9311 442/5383/9311 481/5381/9311
f 460/5412/9312 481/5381/9312 497/5384/9312
f 460/5412/9313 497/5384/9313 496/5413/9313
f 113/5385/9314 388/5382/9314 395/5409/9314
f 448/5411/9315 442/5383/9315 460/5412/9315
f 496/5413/9316 497/5384/9316 505/5388/9316
f 460/5412/9317 496/5413/9317 495/5414/9317
f 496/5413/9318 505/5388/9318 495/5414/9318
f 495/5414/9319 505/5388/9319 510/5390/9319
f 59/5415/9320 66/5387/9320 113/5385/9320
f 6/3653/9321 66/5387/9321 59/5415/9321
f 498/5416/9322 495/5414/9322 510/5390/9322
f 498/5416/9323 510/5390/9323 511/5392/9323
f 498/5416/9324 511/5392/9324 509/5417/9324
f 6/3653/9325 59/5415/9325 2/5395/9325
f 509/5417/9326 511/5392/9326 516/5418/9326
f 61/5419/9327 2/5395/9327 59/5415/9327
f 503/5420/9328 509/5417/9328 516/5418/9328
f 3/5398/9329 2/5395/9329 61/5419/9329
f 503/5420/9330 516/5418/9330 513/5399/9330
f 3/5398/9331 61/5419/9331 74/5421/9331
f 45/5400/9332 3/5398/9332 74/5421/9332
f 506/5401/9333 503/5420/9333 513/5399/9333
f 506/5401/9334 513/5399/9334 514/5374/9334
f 45/5400/9335 74/5421/9335 73/5376/9335
f 73/5376/9336 74/5421/9336 76/5404/9336
f 501/5422/9337 506/5401/9337 507/5403/9337
f 99/5405/9338 76/5404/9338 108/5423/9338
f 484/5424/9339 501/5422/9339 502/5406/9339
f 501/5422/9340 507/5403/9340 502/5406/9340
f 99/5405/9341 108/5423/9341 130/5425/9341
f 131/3658/9342 99/5405/9342 130/5425/9342
f 400/5407/9343 130/5425/9343 410/5426/9343
f 400/5407/9344 410/5426/9344 426/5378/9344
f 426/5378/9345 410/5426/9345 440/3664/9345
f 426/5378/9346 440/3664/9346 441/5408/9346
f 440/3664/9347 469/3663/9347 441/5408/9347
f 483/3660/9348 465/3665/9348 484/5424/9348
f 483/3660/9349 484/5424/9349 502/5406/9349
f 400/5407/9350 131/3658/9350 130/5425/9350
f 469/3663/9351 465/3665/9351 483/3660/9351
f 113/5385/9352 395/5409/9352 378/5427/9352
f 395/5409/9353 415/5410/9353 378/5427/9353
f 415/5410/9354 448/5411/9354 439/5428/9354
f 439/5428/9355 448/5411/9355 460/5412/9355
f 98/3666/9356 113/5385/9356 378/5427/9356
f 468/5429/9357 460/5412/9357 495/5414/9357
f 468/5429/9358 495/5414/9358 498/5416/9358
f 59/5415/9359 113/5385/9359 98/3666/9359
f 98/3666/9360 378/5427/9360 390/3667/9360
f 468/5429/9361 498/5416/9361 487/5430/9361
f 503/5420/9362 498/5416/9362 509/5417/9362
f 59/5415/9363 98/3666/9363 96/5431/9363
f 61/5419/9364 59/5415/9364 96/5431/9364
f 487/5430/9365 498/5416/9365 503/5420/9365
f 486/5432/9366 487/5430/9366 503/5420/9366
f 74/5421/9367 61/5419/9367 96/5431/9367
f 97/3669/9368 74/5421/9368 96/5431/9368
f 486/5432/9369 503/5420/9369 485/5433/9369
f 485/5433/9370 503/5420/9370 506/5401/9370
f 485/5433/9371 506/5401/9371 501/5422/9371
f 74/5421/9372 97/3669/9372 108/5423/9372
f 108/5423/9373 97/3669/9373 384/3671/9373
f 465/3665/9374 485/5433/9374 484/5424/9374
f 484/5424/9375 485/5433/9375 501/5422/9375
f 76/5404/9376 74/5421/9376 108/5423/9376
f 108/5423/9377 384/3671/9377 130/5425/9377
f 130/5425/9378 384/3671/9378 410/5426/9378
f 378/5427/9379 415/5410/9379 409/5434/9379
f 415/5410/9380 439/5428/9380 409/5434/9380
f 468/5429/9381 439/5428/9381 460/5412/9381
f 378/5427/9382 409/5434/9382 390/3667/9382
f 379/3668/9383 390/3667/9383 409/5434/9383
f 433/5435/9384 409/5434/9384 439/5428/9384
f 439/5428/9385 468/5429/9385 467/5436/9385
f 468/5429/9386 487/5430/9386 467/5436/9386
f 433/5435/9387 439/5428/9387 467/5436/9387
f 96/5431/9388 98/3666/9388 379/3668/9388
f 379/3668/9389 409/5434/9389 411/5437/9389
f 411/5437/9390 409/5434/9390 433/5435/9390
f 96/5431/9391 379/3668/9391 386/5438/9391
f 386/5438/9392 379/3668/9392 411/5437/9392
f 411/5437/9393 433/5435/9393 438/5439/9393
f 433/5435/9394 467/5436/9394 464/5440/9394
f 486/5432/9395 467/5436/9395 487/5430/9395
f 438/5439/9396 433/5435/9396 464/5440/9396
f 464/5440/9397 467/5436/9397 486/5432/9397
f 97/3669/9398 96/5431/9398 385/3670/9398
f 385/3670/9399 96/5431/9399 386/5438/9399
f 385/3670/9400 386/5438/9400 411/5437/9400
f 385/3670/9401 411/5437/9401 412/5441/9401
f 412/5441/9402 411/5437/9402 437/5442/9402
f 437/5442/9403 411/5437/9403 438/5439/9403
f 438/5439/9404 464/5440/9404 463/5443/9404
f 437/5442/9405 438/5439/9405 463/5443/9405
f 464/5440/9406 486/5432/9406 463/5443/9406
f 463/5443/9407 486/5432/9407 485/5433/9407
f 384/3671/9408 385/3670/9408 412/5441/9408
f 465/3665/9409 463/5443/9409 485/5433/9409
f 384/3671/9410 412/5441/9410 410/5426/9410
f 410/5426/9411 412/5441/9411 437/5442/9411
f 410/5426/9412 437/5442/9412 440/3664/9412
f 440/3664/9413 437/5442/9413 463/5443/9413
f 440/3664/9414 463/5443/9414 465/3665/9414
