# Blender 4.3.2
# www.blender.org
mtllib flower.mtl
o geometry_0
v -30.026579 45.958767 -10.642574
v -38.082615 45.122364 -4.239093
v -33.997826 39.753914 -4.996070
v -30.722025 41.686428 -8.256599
v -29.604614 49.644081 -12.455645
v -39.317055 52.473293 -6.876978
v -47.390980 50.340805 0.006984
v -45.066345 46.371197 0.274357
v -32.518860 53.260330 -12.263515
v -51.266983 47.787182 4.183246
v -40.523979 42.517296 -1.550219
v -27.895859 43.791702 -11.485424
v -28.213814 39.491421 -8.695860
v -43.033253 57.334896 -7.238353
v -36.675053 57.051506 -11.631680
v -48.038853 45.249908 3.297600
v -29.450478 37.737411 -6.726273
v -23.763058 48.352951 -16.620008
v -26.922583 46.191849 -13.089536
v -25.536797 43.001499 -11.814578
v -30.084511 55.328800 -16.033913
v -36.314251 39.661774 -2.912649
v -31.990147 37.195644 -4.673988
v -29.542578 37.060909 -5.924251
v -41.885353 62.345009 -12.007438
v -21.009819 49.097767 -19.896317
v -40.816113 41.504921 -0.405233
v -45.050327 43.649895 2.633404
v -45.566002 42.879395 3.723180
v -40.855671 63.237503 -13.923409
v -24.210051 53.905220 -21.490496
v -20.752417 43.658569 -14.029100
v -16.798111 44.596294 -20.019989
v -28.278048 57.291214 -20.594969
v -48.856743 44.142071 7.837539
v -33.446476 62.113014 -21.205790
v -48.490295 41.806980 7.896367
v -52.401047 44.467243 12.132547
v -52.535110 45.590260 11.596457
v -55.768501 45.431225 17.073689
v -54.923038 48.203484 9.262801
v -40.649303 66.630173 -19.711494
v -17.990932 48.935520 -26.115221
v -39.873398 68.444916 -24.399004
v -35.532326 65.932472 -26.441153
v -41.478382 68.346703 -22.320210
v -30.650885 61.501163 -26.025871
v -27.857893 58.030098 -23.556456
v -58.810192 47.243999 17.160290
v -58.467255 46.094467 17.636463
v -21.114223 52.274837 -26.197157
v -54.355545 44.316952 15.047381
v -24.664398 55.072132 -25.095160
v -15.845980 43.600773 -18.310514
v -41.717716 39.172691 0.257232
v -46.901928 40.771023 5.253889
v -37.516808 38.061584 -2.372942
v -31.319853 35.218964 -5.023817
v -28.309998 34.541580 -5.189055
v -29.428274 31.771544 -4.162097
v -28.558554 30.103218 -4.949308
v -29.168245 26.080551 -3.356591
v -31.541456 26.525942 -1.896255
v -30.272097 21.537670 -0.554452
v -31.850822 22.558466 0.218315
v -28.625854 19.207645 -1.528775
v -31.416584 21.473177 1.054840
v -27.574900 17.645813 0.784964
v -28.459209 17.469063 1.368759
v -26.537626 14.549703 0.912668
v -25.843052 14.672903 -0.318204
v -24.702524 12.241272 -0.391645
v -33.337975 36.762741 -4.400453
v -27.377712 34.371670 -6.974298
v -27.563690 37.077267 -6.554383
v -28.300800 37.830261 -5.344520
v -26.347448 37.134380 -8.982224
v -25.930201 9.360394 -0.061868
v -16.913361 46.439655 -24.780735
v -31.828093 31.947832 -4.297239
v -25.611626 41.964905 -9.988187
v -17.522194 79.749413 15.170280
v -17.385685 73.432114 14.029259
v -17.150120 76.116600 12.551747
v -17.658052 75.464706 15.814686
v -16.500595 79.593422 11.484790
v -18.955231 76.874344 19.670336
v -19.288639 82.541519 19.647072
v -19.352962 79.269798 20.953915
v -17.979538 86.659737 17.025049
v -15.055303 85.614227 10.432240
v -15.731440 82.407791 11.197953
v -16.867207 89.735359 14.081432
v -18.330236 98.049538 18.028725
v -19.593542 87.990746 20.292406
v -17.486225 98.590256 15.301748
v -19.402430 104.038094 19.331039
v -16.328426 94.308495 10.953291
v -19.628895 92.662880 20.303373
v -19.678194 99.815674 20.692698
v -17.326630 102.022041 11.997716
v -15.273098 90.261406 7.645372
v -19.869326 107.104019 18.304398
v -19.378782 81.296295 22.219654
v -16.898346 100.350998 8.314762
v -18.120884 104.226913 10.378713
v -20.526676 107.858063 15.447059
v -18.461020 104.583450 7.091407
v -18.926020 99.261490 24.853704
v -17.157019 96.550674 3.104821
v -17.815737 101.231819 3.788107
v -17.513622 107.823837 27.492359
v -19.105364 84.698166 23.027859
v -18.553740 112.508255 23.652615
v -17.635767 115.727013 27.239647
v -18.703777 85.925247 23.302185
v -17.697544 90.160851 27.968533
v -18.232580 84.864571 25.671898
v -21.148464 109.613441 16.636753
v -16.512262 90.896118 4.285853
v -17.151184 101.643417 29.457512
v -18.908768 100.534874 0.299415
v -18.876667 101.371742 0.352570
v -17.484591 90.248901 28.337503
v -20.041550 112.620178 19.960241
v -20.072348 104.830215 0.976230
v -19.370884 105.790833 -2.686559
v -20.457640 107.755898 -1.357949
v -21.193441 108.065933 1.969317
v -21.123930 107.785164 3.875063
v -16.836081 114.293358 28.854151
v -16.259035 106.341537 30.102520
v -18.910231 113.612297 23.994066
v -16.596062 95.651535 30.191559
v -16.700460 102.853470 30.507734
v -17.209814 93.628281 30.213472
v -20.187572 107.535538 10.617869
v -15.504176 105.285294 31.086386
v -22.492037 109.619293 5.204666
v -18.001902 90.048447 2.529926
v -23.285801 110.757072 13.642012
v -24.319664 111.534836 8.572309
v -23.942190 111.742676 14.767598
v -16.029858 73.596161 12.575242
v -17.354536 70.165512 13.305182
v -13.604408 85.353264 9.095497
v -13.783603 89.278397 6.681518
v -13.046750 87.092506 6.435994
v -14.172332 89.835274 4.796962
v -14.026928 79.878548 10.109911
v -26.190689 112.481606 12.238760
v -16.474546 89.497490 2.015705
v -14.057595 88.279030 3.443691
v -15.054092 76.798218 11.496261
v -28.091530 93.250130 25.859905
v -30.049919 87.738770 23.649181
v -27.134706 84.156250 23.551596
v -30.264536 92.913269 24.788532
v -29.528469 81.449905 20.835928
v -27.168989 80.092827 21.147541
v -27.801027 76.846436 18.782963
v -23.303371 78.003624 20.911648
v -22.710766 75.949348 19.772724
v -22.748405 80.484901 21.965668
v -25.318129 74.075577 18.658728
v -22.283966 82.200554 22.812544
v -21.586412 80.222626 22.294739
v -23.401617 84.021667 23.710135
v -24.425028 87.191208 24.356525
v -30.139530 98.302849 24.828314
v -28.217182 100.556549 25.309944
v -31.894361 97.810379 23.831348
v -33.934696 95.093178 22.218071
v -36.895138 99.663002 21.304199
v -37.337841 95.626068 21.083757
v -40.160000 97.543350 20.564619
v -33.310921 100.334435 22.923260
v -22.956303 75.042854 19.816866
v -37.025970 104.131866 20.151209
v -32.809093 102.717308 22.653997
v -37.815987 102.687134 19.997955
v -39.664135 99.637932 20.255083
v -28.277451 101.304268 24.951925
v -20.101166 82.360268 22.266903
v -19.378782 81.296295 22.219654
v -19.105364 84.698166 23.027859
v -25.979050 93.243347 25.153204
v -19.352962 79.269798 20.953915
v -21.284781 86.120789 21.939848
v -20.034822 89.180542 21.788919
v -20.882759 93.058388 21.439356
v -20.130957 99.600655 21.559649
v -20.765181 99.812660 21.254944
v -20.123295 101.884850 20.544529
v -39.456196 103.947144 21.285189
v -23.510632 100.216461 22.706436
v -24.153423 104.770126 21.629078
v -41.336426 102.699898 22.378553
v -34.801746 104.017776 20.994915
v -20.689135 104.230133 19.747772
v -37.236805 84.191422 11.203630
v -33.198895 78.244347 10.924982
v -36.543453 83.508614 14.298425
v -32.121201 76.761627 12.812450
v -39.335144 89.810829 16.152393
v -37.405327 86.308098 16.885330
v -40.230186 92.192711 14.754037
v -39.187222 89.590775 11.852112
v -41.097744 97.803535 19.507135
v -41.103886 96.554794 16.828577
v -37.997795 89.217033 18.394594
v -38.658638 93.015282 20.388737
v -32.338169 79.028267 15.570167
v -29.735222 73.228539 14.269312
v -33.264549 82.874512 17.706703
v -41.239876 100.241974 21.232510
v -34.494514 89.730995 19.980659
v -27.693630 73.010460 16.016991
v -28.659449 70.879753 13.777484
v -32.813194 74.334106 11.817856
v -36.017815 88.199753 18.656445
v -34.699593 76.418297 11.079006
v -35.862255 93.388443 20.699265
v -40.668259 31.040421 -8.096284
v -47.395676 32.379253 -4.010759
v -43.502445 29.527666 -3.118132
v -46.363903 33.732250 -7.280796
v -36.224167 25.899176 -4.914509
v -33.085594 26.433752 -9.633599
v -32.050232 23.837408 -5.841439
v -33.195168 23.599909 -4.054015
v -31.074900 23.115074 -6.007498
v -54.684742 36.371494 -6.344163
v -58.855221 36.538784 -3.348553
v -59.948238 38.267380 -5.800895
v -54.437496 32.213928 -0.115390
v -60.047153 34.922794 -0.028262
v -59.068130 39.507061 -9.436049
v -56.116695 39.057304 -11.834995
v -44.455727 34.326092 -12.019772
v -50.297577 37.781090 -15.215708
v -36.946995 29.876102 -12.423697
v -33.908466 22.960926 -2.973509
v -45.352863 27.045538 0.334915
v -38.493458 21.145243 1.038350
v -33.855667 21.083010 -0.946216
v -35.588650 19.894663 1.311609
v -55.641449 29.732611 2.771448
v -60.001644 33.498203 1.367668
v -48.546665 24.556334 3.687700
v -42.945057 21.622648 3.084943
v -41.115410 32.963280 -16.482582
v -47.030384 36.222961 -16.613775
v -38.630604 31.111820 -14.801828
v -43.359653 34.000641 -18.775656
v -54.344162 38.613708 -13.234213
v -41.703476 32.875782 -18.026178
v -31.416584 21.473177 1.054840
v -16.774078 25.142290 -2.141149
v -16.705519 21.431219 -2.860787
v -20.192141 17.988953 -2.009994
v -12.606442 29.550215 -2.668719
v -15.305312 33.228859 -0.406484
v -13.256570 36.670761 -0.225159
v -19.701187 16.112486 -2.919460
v -21.863476 11.880242 -3.187858
v -22.790201 13.952187 -1.815912
v -8.523219 38.086361 -0.981521
v -10.195352 41.873821 0.952339
v -7.636873 42.965405 0.162080
v -10.591561 45.607037 2.586161
v -11.255792 41.052944 1.328447
v -24.440981 8.815295 -4.075410
v -9.919039 48.581730 2.252941
v -7.809451 51.803425 2.073447
v -12.040647 52.894592 4.437611
v -10.353772 55.490517 4.152041
v -6.175612 54.117683 2.308064
v -12.923033 58.773972 7.086688
v -14.964312 19.681995 -3.175569
v -10.870181 32.041370 -2.197841
v -12.136223 24.482767 -2.976348
v -10.651192 57.944984 5.920286
v -18.717262 12.813339 -3.125287
v -21.238306 9.276251 -3.761170
v -4.390492 52.045147 2.142546
v -6.626905 55.936451 3.775377
v -24.800600 6.334731 -5.329825
v -3.475116 56.750351 0.836200
v -4.613657 57.958302 1.670602
v -2.640722 61.979771 0.817246
v -1.343571 62.118080 0.172036
v -0.480227 64.942062 0.880409
v -17.627268 26.925255 -0.501086
v -20.702118 18.494358 -0.631014
v -13.872486 57.245918 7.780941
v -14.370469 61.564945 8.226472
v -24.948084 11.062972 -1.634520
v -11.188968 60.079350 7.869258
v -15.103132 65.168373 9.657170
v -24.702524 12.241272 -0.391645
v -25.934261 9.500955 -3.474478
v -12.761114 38.802200 2.741704
v -10.881853 43.626842 3.588983
v -15.361466 62.797546 8.398994
v -16.404146 61.547604 8.746609
v -16.949455 64.668877 8.749900
v -17.295954 68.836243 10.419093
v -18.897943 68.456902 9.498154
v -19.101788 64.443184 8.967706
v -21.887154 66.760422 10.740221
v -6.067027 56.709812 5.617161
v -17.851824 63.922665 4.937795
v -10.962967 61.083298 9.401570
v -16.786663 69.281868 11.659380
v -13.829363 64.679863 10.846770
v 20.707067 93.114388 27.716787
v 20.272188 90.040642 26.684166
v 22.522717 90.555740 25.698553
v 24.538706 93.789986 25.680084
v 20.033413 95.785179 27.797792
v 23.915047 98.006828 25.436605
v 20.085526 97.458710 28.461920
v 22.710497 101.876335 28.665178
v 18.994112 103.542313 32.800838
v 19.865898 106.891663 33.498329
v 23.133972 106.284477 29.274847
v 25.810656 104.384178 25.515766
v 26.255650 110.591515 24.759556
v 28.333776 109.944832 21.730196
v 25.510822 98.262207 22.181654
v 29.299665 107.891495 18.114134
v 25.548107 94.588364 23.033325
v 22.888803 108.756531 28.836105
v 24.179661 91.622452 23.657640
v 25.754511 114.118309 23.873610
v 26.378620 98.461823 17.656982
v 29.073187 105.968559 15.709844
v 27.451365 100.812393 13.529191
v 28.389416 102.917831 13.399507
v 29.036880 106.935455 14.513742
v 25.424423 94.914497 20.756199
v 26.255573 98.847351 13.779556
v 26.660763 97.723503 13.175974
v 23.917086 95.398407 14.432801
v 23.283937 94.647705 15.684443
v 22.249832 89.494095 23.494751
v 21.665083 92.698975 15.249247
v 19.705332 91.181099 16.687538
v 18.882299 86.527641 23.540154
v 25.601431 87.383102 12.942258
v 27.848015 90.579948 11.847244
v 27.401320 83.709824 12.160566
v 24.592100 113.991295 24.740063
v 19.718824 110.054970 30.506428
v 21.815145 111.894318 27.590374
v 22.777666 86.600540 13.646008
v 19.218515 91.083961 15.744414
v 20.172787 112.453583 27.624863
v 46.489643 105.892670 27.648746
v 45.586773 108.206177 30.488783
v 48.007385 107.636253 29.269676
v 45.161861 109.980881 32.846386
v 47.989323 105.359367 25.800020
v 46.571686 103.993950 23.532043
v 45.106873 103.578667 22.815012
v 44.182430 101.680504 18.434248
v 41.894779 100.944214 17.426298
v 39.248280 103.270607 19.242050
v 35.660076 100.373451 14.333236
v 43.102261 106.090698 25.132658
v 32.996841 102.262589 15.129107
v 31.063238 101.670952 13.246942
v 33.526314 99.514198 11.733243
v 42.408436 111.633698 33.192322
v 39.267467 100.496513 15.565927
v 36.328320 99.881989 12.879352
v 44.810928 112.268822 34.500183
v 40.970001 112.948540 34.079491
v 37.198444 111.141693 25.238668
v 33.225422 108.627823 19.794329
v 30.982233 112.310204 23.720362
v 30.961506 108.248695 18.048237
v 40.471508 112.955650 30.675467
v 35.271343 113.060890 27.721336
v 28.325615 115.738922 26.705193
v 26.139252 113.922302 23.130852
v 29.468899 109.216034 18.966997
v 37.514400 114.960602 33.285709
v 39.147102 113.624992 32.827595
v 31.757536 116.295670 30.973152
v 41.530960 114.706161 34.547169
v 32.153156 106.996895 17.863892
v 29.648737 106.187714 15.440016
v 29.035242 104.684669 13.795126
v 29.299665 107.891495 18.114134
v 30.144108 106.811653 17.248920
v 42.585804 101.531166 13.539676
v 25.754511 114.118309 23.873610
v 48.476707 112.896629 33.734833
v 35.227749 115.133797 34.743309
v 39.569996 114.160851 36.033512
v 45.639793 115.284645 34.991264
v 49.274654 115.566452 34.519535
v 48.777744 115.558189 35.609993
v 51.163898 115.382881 32.422688
v 53.159115 117.564774 33.899250
v 29.497084 102.709435 13.516658
v 28.389416 102.917831 13.399507
v 46.603973 103.098434 18.714888
v 49.229736 110.110840 30.304674
v 48.665756 105.069077 20.603285
v 47.714607 104.087006 14.170784
v 49.377880 107.401398 26.056412
v 56.745544 120.615440 28.361803
v 50.924332 113.905510 30.081488
v 49.794067 106.141151 14.130841
v 53.674809 116.570290 26.618498
v 57.222103 118.021027 21.811787
v 58.784081 120.562088 24.394398
v 55.881020 115.696045 18.720621
v 52.556610 112.179184 20.845592
v 51.516201 113.676132 26.735708
v 52.151035 110.111115 16.840275
v 52.162212 109.415443 13.773992
v 55.067020 114.417664 14.845702
v -22.954142 -33.610153 -7.050592
v -23.254610 -40.435551 -8.902502
v -20.928101 -40.738472 -7.405287
v -22.449444 -45.538372 -10.864248
v -25.051199 -34.275475 -9.861064
v -26.402376 -25.591021 -6.583403
v -23.252625 -27.629160 -5.235624
v -27.151417 -21.253355 -5.051184
v -28.964275 -18.741083 -5.603498
v -19.966351 -46.304104 -9.858862
v -21.101072 -53.128990 -13.344441
v -19.663433 -52.860630 -12.451551
v -21.362516 -56.599529 -13.836172
v -19.250135 -57.357738 -12.529872
v -21.484869 -61.389732 -14.629970
v -19.679695 -62.286781 -13.891272
v -19.865231 -68.689224 -15.309791
v -20.623138 -69.752747 -15.826701
v -22.633333 -22.223557 -3.696202
v -24.758398 -19.677610 -3.828424
v -23.084335 -18.031139 -2.441215
v -23.842134 -14.034014 -1.069140
v -19.889883 -32.945576 -6.080854
v -20.597935 -28.471083 -5.025639
v -19.380024 -40.148991 -7.053783
v -20.202816 -22.626337 -3.853675
v -27.618938 -16.015903 -2.370557
v -27.401049 -12.153172 -1.175922
v -24.140368 -9.394495 0.631938
v -26.804062 -4.137836 0.982947
v -23.833708 -2.215322 2.563464
v -30.453737 -12.488949 -2.948517
v -28.785227 -17.403757 -3.664815
v -28.513445 -8.055180 -1.421491
v -31.535431 -6.928170 -3.099064
v -26.978418 0.894886 1.058067
v -25.415339 3.190786 2.457905
v -22.058632 5.868816 4.376293
v -24.454308 7.483045 3.030094
v -16.947083 -58.015572 -12.780859
v -16.950010 -64.295540 -14.522227
v -17.067829 -70.802498 -16.378500
v -19.453976 -75.334671 -17.722054
v -16.431450 -76.730705 -18.244293
v -21.140501 -78.431816 -20.373426
v -16.251818 -80.318253 -18.849934
v -19.189545 -82.458801 -19.972759
v -14.746262 -86.571487 -20.061558
v -19.418709 -88.921249 -22.247288
v -16.096876 -90.044197 -22.062672
v -19.347343 -93.864548 -24.126162
v -16.201132 -94.000595 -23.791437
v -16.851063 -97.482430 -25.814054
v -21.297409 -89.851501 -23.899673
v -19.194962 -101.850197 -27.811033
v -23.398294 -98.838387 -29.170101
v -22.537371 -105.432487 -30.784641
v -19.791918 -108.645111 -30.025106
v -23.015232 -108.874290 -31.572159
v -23.108274 -116.886108 -33.234993
v -19.103708 -111.739174 -30.988297
v -20.625595 -120.021271 -33.340813
v -24.156458 -126.969856 -35.310558
v -22.099674 -93.611801 -26.125402
v -25.860056 -121.834915 -35.802101
v -25.575174 -111.596130 -34.245300
v -26.785290 -128.817474 -37.870911
v -24.531294 -128.907227 -36.140366
v -23.009798 -129.203979 -35.721554
v -21.154606 -129.507874 -35.887856
v -16.870125 -103.388985 -28.456146
v -28.967869 -1.703690 -2.103875
v -25.585529 -104.775970 -33.712479
v -22.540199 -59.669121 -15.452394
v -16.647060 -110.413696 -30.883900
v -20.152025 12.034210 3.506770
v -20.542988 14.575663 2.998134
v -17.293463 19.046978 3.803353
v -17.706987 -114.205124 -32.475857
v -19.568550 98.485123 24.122040
v -20.130957 99.600655 21.559649
v -19.236507 90.656326 24.301090
v -20.034822 89.180542 21.788919
v -17.566767 94.003647 29.499342
v -17.558584 101.244438 29.545689
v -18.018547 106.234634 27.701374
v -18.882431 87.392075 26.569748
v -19.105364 84.698166 23.027859
v -17.209814 93.628281 30.213472
v -19.880503 105.890434 19.307959
v -18.885597 107.927658 23.834641
v -18.910231 113.612297 23.994066
v -17.884651 116.151802 27.772789
v -20.041550 112.620178 19.960241
v -21.051115 107.891167 16.490015
v -20.197060 105.434784 18.628069
v -20.123295 101.884850 20.544529
v -16.566980 111.186478 29.931871
v -16.700460 102.853470 30.507734
v -18.232580 84.864571 25.671898
v -18.485693 91.210854 29.904131
v -20.689135 104.230133 19.747772
v -23.942190 111.742676 14.767598
v -16.596062 95.651535 30.191559
v -20.101166 82.360268 22.266903
v -14.973712 113.905006 30.834766
v -19.089869 104.977364 10.804323
v -18.723631 102.935287 14.951887
v -17.820589 101.153076 9.152475
v -17.023016 95.990685 9.612449
v -18.546408 100.187744 2.550412
v -17.699482 95.635986 4.749648
v -17.115963 93.758461 8.852185
v -18.444088 91.563675 4.164369
v -18.983614 104.277962 6.030672
v -18.591717 98.963882 16.591454
v -17.685205 91.633484 8.121335
v -18.482227 92.056007 13.788306
v -19.101334 93.891068 16.846910
v -20.540686 105.525505 2.501168
v -19.217678 96.974930 1.498105
v -21.080782 107.278923 4.382580
v -21.362463 108.360603 10.262052
v -19.825842 101.439529 1.102734
v -22.471628 109.659950 14.298013
v -19.293653 90.125397 11.453878
v -23.426361 84.041466 12.621678
v -22.733788 85.575546 8.592316
v -20.614264 88.252655 4.797384
v -24.401648 83.679489 15.360112
v -19.946165 86.566238 27.916491
v -26.366955 80.989578 9.920018
v -25.888674 80.746452 12.564690
v -27.083410 79.623734 10.695655
v -24.574137 84.024918 7.167498
v -20.519690 89.476295 3.507662
v -22.918533 86.156776 4.639077
v -20.189953 93.126030 2.042791
v -25.669559 83.837486 5.765451
v -26.190689 112.481606 12.238760
v -22.578382 108.913658 5.859491
v -14.271361 110.059433 31.541683
v -15.504176 105.285294 31.086386
v -25.474237 111.550423 10.715659
v -24.309778 110.162376 7.818835
v -22.693058 42.776886 -10.484651
v -21.280252 41.544426 -13.012961
v -17.031567 44.242241 -13.655321
v -24.482386 40.736229 -11.083823
v -17.532646 49.247345 -6.394909
v -13.292649 47.038876 -12.656322
v -13.476138 44.686172 -15.507059
v -23.290964 45.676598 -5.066862
v -14.682791 42.115181 -16.949078
v -20.291023 48.501713 -5.002162
v -16.537237 41.684891 -16.989643
v -26.887318 39.788441 -5.509443
v -27.563690 37.077267 -6.554383
v -28.300800 37.830261 -5.344520
v -26.347448 37.134380 -8.982224
v -14.909719 42.015266 -18.320322
v -26.875340 41.074253 -5.406323
v 23.760597 87.564087 -2.410838
v 22.365824 85.058586 1.798553
v 30.538754 83.800957 1.078565
v 29.736908 82.670883 3.161718
v 29.450171 85.533859 -1.320752
v 24.635277 82.496536 4.610514
v 26.979355 81.503029 5.969253
v 13.771153 85.348320 1.871223
v 14.619897 89.212082 -2.404744
v 19.013750 89.624977 -3.902622
v 27.420973 88.210449 -3.591687
v 20.318457 81.170792 5.872685
v 22.840525 79.658272 7.804717
v 17.402891 79.535049 6.498888
v 23.499432 79.480820 8.394448
v 14.163694 80.789238 5.202371
v 24.995825 80.836952 7.279981
v 12.942375 86.006813 0.618292
v 12.751928 88.691963 -2.676629
v 30.828121 82.874207 3.354000
v 15.593069 90.905663 -3.565630
v 13.141273 91.417511 -3.523428
v 29.894640 87.725975 -2.149862
v 16.834677 91.167534 -3.738221
v 27.679436 89.140350 -3.678369
v 24.488333 90.524734 -3.670937
v 28.276995 82.002357 6.061388
v 16.094702 92.894211 -3.389205
v 11.888177 90.689224 -4.711029
v -32.933090 86.399147 5.066453
v -28.072680 87.664482 2.674540
v -28.546101 82.478661 4.125566
v -29.300390 93.820328 2.424555
v -34.248348 93.163582 5.197021
v -24.598101 94.082893 1.192459
v -24.489763 98.610649 1.191550
v -24.825569 85.153549 2.477524
v -29.022465 99.074921 2.829460
v -33.584888 97.583130 5.308906
v -21.132870 104.956474 1.268050
v -20.011642 102.634995 0.613995
v -18.908768 100.534874 0.299415
v -18.876667 101.371742 0.352570
v -19.942316 93.978577 0.990140
v -25.506447 79.108261 4.457610
v -20.772839 85.060814 2.456286
v -21.367353 80.470604 3.586996
v -21.288248 76.849380 4.883208
v -22.873652 73.213074 7.009902
v -29.193672 77.431305 6.886871
v -25.245216 74.848961 6.746327
v -33.990887 81.398788 7.774064
v -31.766666 79.406624 7.369708
v -32.972446 79.962151 7.754788
v -20.870871 72.649521 7.259519
v -21.020969 71.352600 7.283529
v -19.266834 88.245399 2.187481
v -19.477327 75.011108 4.201973
v -36.231483 87.398613 7.465687
v -19.325127 78.870857 2.259081
v -17.471979 76.184601 2.795034
v -16.291016 78.717873 1.557730
v -17.042980 83.879997 0.784647
v -19.479525 82.511398 1.456957
v -18.752203 87.252823 1.297267
v -15.451707 79.773758 1.659154
v -16.474546 89.497490 2.015705
v -18.001902 90.048447 2.529926
v -15.216312 85.099777 1.521419
v -19.370884 105.790833 -2.686559
v -37.236805 84.191422 11.203630
v -37.479137 88.618698 8.582981
v -25.118483 71.908348 5.720775
v -22.644539 70.529671 6.834022
v -29.329279 75.845062 5.261616
v -30.662998 75.359970 5.246461
v -32.878159 78.212914 5.515740
v -33.198895 78.244347 10.924982
v -14.057595 88.279030 3.443691
v -13.570299 83.666756 3.514530
v -14.723667 78.662430 2.765212
v -16.512262 90.896118 4.285853
v -36.125118 94.022011 19.504963
v -33.742905 95.481194 21.659847
v -32.043926 89.839523 19.606541
v -35.954029 97.525131 21.074226
v -37.217602 89.996696 15.494307
v -34.577358 87.428627 15.690832
v -30.906023 84.458183 16.698004
v -38.182945 92.740089 16.695351
v -33.928749 84.022820 13.598147
v -29.759459 91.595764 22.932293
v -28.871117 88.526466 20.381187
v -27.453133 85.383369 19.106327
v -27.670069 82.451553 17.218956
v -28.882217 79.734459 13.297261
v -38.101875 95.449059 19.630093
v -31.894361 97.810379 23.831348
v -28.408995 93.315010 24.238390
v -35.214722 86.003998 12.848539
v -39.362415 97.539299 19.633467
v -33.310921 100.334435 22.923260
v -26.062761 90.171135 22.429140
v -28.318022 96.290115 24.847696
v -30.139530 98.302849 24.828314
v -25.137671 88.661797 20.755213
v -32.809093 102.717308 22.653997
v -26.213478 83.020699 17.552921
v -26.014040 85.833694 19.204090
v -39.868404 96.943069 17.549957
v -39.641449 95.089844 15.451094
v -31.296247 80.935570 11.348817
v -27.080868 80.657814 14.699881
v -28.277451 101.304268 24.951925
v -34.801746 104.017776 20.994915
v -37.785484 102.719498 19.419582
v -39.711384 98.592567 19.484058
v -36.815926 104.182785 19.072784
v -19.928417 63.316483 9.938909
v -19.373501 63.020649 7.037741
v -17.928654 61.636059 9.692800
v -20.785610 63.736683 12.135834
v -23.106627 66.230812 11.989573
v -22.490717 65.917023 14.226659
v -25.748959 68.384499 13.126884
v -26.958776 68.996017 15.465122
v -30.636850 71.908806 10.859073
v -28.659449 70.879753 13.777484
v -29.749065 71.762085 14.993824
v -31.015858 72.822060 16.457119
v -32.543636 74.196060 18.504864
v -32.813194 74.334106 11.817856
v -27.457880 70.242630 17.838230
v -16.163675 60.993118 10.714037
v -19.082371 61.534836 4.844840
v -18.374081 61.104706 3.081612
v -19.626791 62.014599 0.491534
v -18.680952 62.103664 -1.620296
v -19.353996 64.416466 14.210217
v -20.588182 62.572132 -2.852937
v -21.647215 63.591522 -3.274460
v -21.969385 62.587795 -5.944153
v -23.431459 63.767746 -7.351581
v -22.416372 63.300800 -8.695904
v -19.879051 62.935608 1.256452
v -32.054832 76.476471 21.436274
v -26.602697 72.587029 21.057186
v -16.404146 61.547604 8.746609
v -33.224098 76.161896 18.844810
v -23.617046 69.835136 18.930576
v -15.363378 61.966011 12.338308
v -13.750372 57.495731 10.808586
v -14.516855 57.955601 9.364414
v -13.204097 52.879726 7.747448
v -11.861898 52.131241 9.230300
v -11.567817 48.545479 6.717477
v -12.239620 49.951241 5.422718
v -10.591561 45.607037 2.586161
v -10.645263 47.283546 6.874810
v -32.253616 75.205246 17.533157
v -13.872486 57.245918 7.780941
v -12.040647 52.894592 4.437611
v -14.370469 61.564945 8.226472
v -32.128651 77.816490 21.536085
v -19.276236 62.949505 -5.305228
v -10.881853 43.626842 3.588983
v -27.572376 76.585373 23.564398
v -30.182663 79.338692 23.403940
v -20.043968 66.533516 15.340942
v -25.713272 82.555664 25.942129
v 11.729452 105.124519 12.882733
v 10.984596 106.967537 14.579403
v 9.523887 106.057724 11.418240
v 10.992132 108.776947 16.250950
v 7.771300 111.613091 16.622040
v 5.239681 108.352493 10.745431
v 6.823910 104.124130 7.644673
v 10.384159 100.622131 6.511323
v 12.945643 101.488831 10.428044
v 3.777617 111.538589 14.041136
v 1.344728 115.053589 17.457312
v 8.001893 101.948540 6.523984
v 4.790464 106.963585 9.485648
v 12.462255 103.299316 12.452645
v 9.840322 110.796364 16.941078
v 3.604403 109.700752 12.021037
v 2.333690 111.065010 13.762326
v 1.200516 113.505241 16.188042
v 5.742317 102.718201 7.054591
v 8.863791 99.798096 6.448638
v 30.357002 92.019333 4.654263
v 30.186598 89.877167 -1.294271
v 30.730631 88.224953 4.197791
v 30.934168 84.631447 1.674741
v 29.962814 92.723625 0.822533
v 30.828121 82.874207 3.354000
v 29.894640 87.725975 -2.149862
v 30.538754 83.800957 1.078565
v 29.162533 91.378830 -2.019879
v 27.523390 91.858734 9.489350
v 28.390192 95.404282 7.601950
v 28.968851 95.823318 6.136761
v 28.875309 95.628578 4.639015
v 28.580284 93.962540 1.108132
v 27.309654 97.233490 7.501003
v 26.374781 96.970451 8.910455
v 28.276995 82.002357 6.061388
v 27.679436 89.140350 -3.678369
v -16.145824 47.044300 -10.996356
v -20.126051 43.570480 -13.520411
v -21.392097 45.185471 -8.913158
v -14.486981 45.481461 -15.676704
v -15.845980 43.600773 -18.310514
v -25.611626 41.964905 -9.988187
v -20.291023 48.501713 -5.002162
v -17.532646 49.247345 -6.394909
v -24.511787 43.401279 -7.409698
v -23.290964 45.676598 -5.066862
v -13.292649 47.038876 -12.656322
v -26.875340 41.074253 -5.406323
v -28.213814 39.491421 -8.695860
v -13.433492 45.217888 -16.198637
v -29.450478 37.737411 -6.726273
v -20.752417 43.658569 -14.029100
v -25.536797 43.001499 -11.814578
v -28.277451 101.304268 24.951925
v -21.121534 100.114243 20.411884
v -26.781572 95.910126 24.314671
v -24.153423 104.770126 21.629078
v -20.689135 104.230133 19.747772
v -24.620510 91.395988 22.471886
v -20.889130 94.266510 19.747980
v -19.652206 99.328217 18.972483
v -28.318022 96.290115 24.847696
v -28.408995 93.315010 24.238390
v -20.582277 91.903793 18.210516
v -19.101334 93.891068 16.846910
v -20.197060 105.434784 18.628069
v -26.062761 90.171135 22.429140
v -18.591717 98.963882 16.591454
v -25.137671 88.661797 20.755213
v -26.213478 83.020699 17.552921
v -24.401648 83.679489 15.360112
v -18.482227 92.056007 13.788306
v -26.014040 85.833694 19.204090
v -27.080868 80.657814 14.699881
v -25.888674 80.746452 12.564690
v -27.083410 79.623734 10.695655
v -28.882217 79.734459 13.297261
v 20.428034 93.694504 9.116504
v 19.485565 90.219818 10.273114
v 17.545095 92.341072 10.115974
v 21.634031 90.496735 9.337537
v 21.323309 86.275818 10.010127
v 23.308601 86.062607 8.987685
v 24.995825 80.836952 7.279981
v 23.499432 79.480820 8.394448
v 27.523390 91.858734 9.489350
v 25.752632 92.328186 9.775269
v 24.948093 96.086601 9.509656
v 26.374781 96.970451 8.910455
v 28.276995 82.002357 6.061388
v 21.923855 96.717957 8.470888
v 20.009336 95.415306 8.475537
v 17.448046 93.741570 8.775826
v 23.449623 97.714218 8.618295
v 15.401951 59.095856 22.192850
v 14.393724 57.330212 20.788145
v 16.327608 55.289333 21.750887
v 17.557161 58.522789 23.605482
v 18.620134 64.046616 27.259615
v 17.149057 64.466087 25.804354
v 19.329077 66.898239 28.332066
v 15.370647 69.459892 25.931282
v 18.329134 70.921257 28.823107
v 16.880014 74.460747 28.320368
v 14.336098 74.556496 26.118973
v 14.509564 78.972519 26.308306
v 13.452143 77.660080 25.534681
v 15.097994 65.596794 22.589989
v 14.511030 69.897171 23.573139
v 13.256912 73.927612 23.116861
v 12.319355 77.841606 23.034155
v 14.527576 60.147938 19.102135
v 19.886923 63.404011 27.546391
v 12.869633 52.617596 20.136412
v 14.061682 51.987679 20.814363
v 12.839432 49.132069 18.428944
v 11.075107 50.043022 17.531490
v 11.194272 46.785332 15.980705
v 12.797583 46.634537 16.757526
v 10.461164 42.941540 13.139178
v 20.445873 66.421005 31.590206
v 8.943031 44.338268 13.615543
v 6.280375 40.398205 10.566022
v 5.210192 41.908314 11.140326
v 2.984632 40.523197 9.825214
v 13.356926 79.770378 26.482697
v 12.333344 79.017982 25.915600
v 1.202922 39.040714 7.919394
v -0.419340 40.475307 8.302343
v -3.370624 39.127213 6.196110
v 21.450010 64.840958 29.880363
v 22.431108 67.433342 33.167706
v 19.129803 59.011002 23.942753
v 20.246992 55.296230 20.772045
v 20.649876 62.123940 25.987188
v 15.389708 49.275803 18.152689
v 18.684248 71.349075 28.700731
v 21.755140 68.460052 34.636547
v 19.276283 51.972443 18.256561
v 20.088448 67.469109 28.312490
v 20.322058 50.926552 17.401152
v 21.281219 52.171650 17.699909
v 13.761087 44.272400 13.954038
v 15.684491 45.805382 14.770840
v 21.218269 58.020241 21.438831
v 20.918217 60.623875 23.512693
v 5.808121 92.920067 15.939510
v 5.560800 93.137794 18.595673
v 5.297969 93.518616 16.993818
v 1.806868 96.097290 13.160397
v 8.395489 91.012703 18.246424
v 11.021654 90.072296 15.800963
v 2.646464 95.899063 12.087921
v 7.557552 93.141479 11.523602
v 11.246391 90.100471 17.791748
v 13.432241 90.818398 12.401701
v 7.358377 96.113701 8.239623
v 11.297427 94.643517 7.877588
v 13.716159 98.824837 2.947159
v 15.564095 95.838898 4.821629
v 16.875809 96.162750 2.997461
v 18.442154 95.554893 4.014705
v 16.827133 90.801544 11.969879
v 18.724121 95.844948 1.008471
v 20.067194 94.541077 1.872553
v 17.545095 92.341072 10.115974
v 18.636038 95.555229 5.549687
v 17.448046 93.741570 8.775826
v 19.485565 90.219818 10.273114
v 18.916637 89.008095 12.256750
v -0.765666 99.051048 12.422352
v 4.163226 99.067215 8.331883
v 20.428034 93.694504 9.116504
v 9.061412 101.095993 4.484006
v 13.401237 90.449135 15.250529
v 2.499023 101.680977 8.596527
v -2.565521 96.639687 13.972951
v -2.764854 95.689926 14.546570
v -4.966039 94.649086 15.754240
v 21.323309 86.275818 10.010127
v 21.596455 84.023079 10.973452
v 23.499432 79.480820 8.394448
v 6.528483 93.049957 19.683069
v 32.548260 80.004890 -4.430549
v 32.574615 76.103844 -2.914890
v 32.407738 73.854759 -5.318853
v 33.054871 82.673355 -3.296832
v 34.364281 78.762337 -1.291150
v 34.989407 76.929634 -0.164505
v 33.390106 75.480064 -0.134164
v -15.998061 31.835615 2.243970
v -17.627268 26.925255 -0.501086
v -18.967554 21.408117 2.519262
v -20.702118 18.494358 -0.631014
v -19.881552 19.000854 1.937586
v -21.936798 14.484951 1.988056
v -15.305312 33.228859 -0.406484
v -12.761114 38.802200 2.741704
v -11.169001 40.643711 4.717476
v -20.542988 14.575663 2.998134
v -10.881853 43.626842 3.588983
v -10.341523 43.800159 5.820290
v -17.363121 24.237822 3.825420
v -24.702524 12.241272 -0.391645
v -14.161981 32.219887 4.779643
v -25.930201 9.360394 -0.061868
v -24.454308 7.483045 3.030094
v -27.103861 5.180419 -0.147910
v -25.415339 3.190786 2.457905
v -26.978418 0.894886 1.058067
v -28.512365 -0.018431 -1.775322
v -28.967869 -1.703690 -2.103875
v -31.381283 0.006840 -5.564309
v -29.693470 0.624950 -3.516670
v -10.574323 38.395489 5.615447
v -28.544300 3.765034 -1.257901
v -29.580765 4.430491 -3.281003
v -31.792879 -2.620225 -4.001419
v -33.517323 -3.116802 -6.014773
v -33.025482 -5.933638 -5.032119
v -31.535431 -6.928170 -3.099064
v -33.374851 -7.559618 -6.048280
v -16.196970 24.632114 4.735576
v -29.388952 1.573773 -5.012425
v -29.805664 8.506661 -2.246489
v -28.799307 9.749461 -0.352933
v -17.293463 19.046978 3.803353
v -30.493305 1.219263 -7.236311
v -30.673361 12.142581 -1.630413
v -11.567817 48.545479 6.717477
v -31.499901 15.508918 -0.442897
v -30.082922 16.867361 0.804105
v -7.526941 41.248398 6.884412
v -13.537539 28.574305 5.143950
v -7.002004 47.754612 8.425080
v -10.645263 47.283546 6.874810
v -26.537626 14.549703 0.912668
v -28.459209 17.469063 1.368759
v -31.416584 21.473177 1.054840
v -32.890026 18.056767 0.705664
v -35.588650 19.894663 1.311609
v -32.934341 17.461565 0.112697
v 30.988211 76.403282 0.868850
v 32.364868 75.279884 3.524011
v 28.125698 74.067581 3.615813
v 33.900791 76.541122 1.473239
v 28.784529 77.222786 -0.150003
v 21.976398 73.678360 3.018127
v 26.704994 77.662178 -0.038054
v 20.494759 75.951149 0.862383
v 17.280371 75.550125 0.283590
v 20.090054 84.693161 -4.595246
v 30.808975 81.160446 -1.907992
v 18.137115 77.948830 -0.762456
v 27.382341 84.313416 -3.908099
v 23.269655 88.116669 -6.295269
v 28.019444 88.003571 -5.590641
v 30.817545 83.024628 -2.774661
v 12.978299 76.180374 -1.227541
v 29.616196 84.863541 -4.571855
v 26.871462 90.445457 -6.544799
v 19.865164 90.690674 -6.859995
v 17.404701 82.753754 -3.012337
v 14.501678 80.143501 -1.380507
v 14.352856 89.193680 -5.226507
v 12.643553 90.497437 -5.354093
v 12.269150 77.348221 -1.548299
v 7.114539 73.541885 -0.823906
v 8.050282 72.731239 0.152022
v 5.316405 70.000687 0.204601
v 1.721796 67.657104 -0.510394
v 2.276280 66.281044 0.286416
v 0.414262 64.564049 0.766131
v -0.480227 64.942062 0.880409
v 13.000906 84.570679 -1.829563
v 7.485425 75.297462 -0.681751
v 13.020966 80.215332 -0.388765
v 28.713797 87.201286 -5.546170
v 30.433718 84.287544 -4.696757
v 28.821280 88.989479 -7.044511
v 13.696519 75.408302 0.464448
v 9.738020 74.069016 0.929359
v 2.393379 70.887085 0.175507
v 12.365019 93.120796 11.908667
v 8.781956 93.050636 12.593724
v 11.652460 91.389069 15.484738
v 12.248563 95.781227 7.950593
v 15.649287 95.412743 8.954409
v 17.943016 96.557838 6.408663
v 15.152388 97.508476 5.580405
v 7.397871 96.922913 8.510629
v 12.685344 98.326065 5.593553
v 3.647423 96.025192 12.239008
v 9.783515 91.151810 17.369558
v 11.246391 90.100471 17.791748
v 8.395489 91.012703 18.246424
v 13.401237 90.449135 15.250529
v 5.297969 93.518616 16.993818
v 1.806868 96.097290 13.160397
v 5.635796 98.949348 8.061150
v 0.557778 99.821060 11.617167
v -1.067245 98.522964 13.564119
v 8.863791 99.798096 6.448638
v 14.621332 93.505058 12.576676
v 13.046331 92.437668 14.056033
v 14.154217 91.554443 14.828046
v 3.221534 102.235664 8.749867
v 5.742317 102.718201 7.054591
v 8.099069 92.173698 18.329527
v -2.764854 95.689926 14.546570
v 6.528483 93.049957 19.683069
v 17.195816 96.016998 8.899206
v 8.001893 101.948540 6.523984
v 16.225784 95.977669 10.241575
v 12.846814 108.595947 26.176243
v 14.260295 105.520836 29.423452
v 10.930174 102.580582 25.515860
v 10.231968 105.885101 22.582085
v 17.248850 110.841766 30.307142
v 15.564694 113.219337 25.896784
v 12.562240 110.035027 23.878662
v 11.391543 99.623543 25.896469
v 10.255312 99.260468 22.960419
v 9.940813 105.595833 20.602045
v 11.774336 110.059311 20.591127
v 14.326129 112.988777 22.300333
v 11.374346 108.892921 17.343582
v 10.071924 103.351250 18.179140
v 13.362924 111.818420 19.155602
v 10.558824 98.849953 19.595449
v 13.839530 100.122101 27.976217
v 16.801311 103.185097 30.891932
v 16.208460 106.191589 30.812445
v 17.983130 110.173477 30.740128
v 18.757530 106.210495 32.278111
v 11.752126 96.838966 22.611803
v 13.651838 97.241486 25.859476
v 17.535589 99.394463 29.300718
v 18.565392 102.436401 31.141550
v 19.718824 110.054970 30.506428
v 19.700632 106.829491 32.216549
v 26.951925 111.170052 18.699558
v 27.338469 108.512962 16.608074
v 27.844767 109.554482 19.763346
v 26.584803 113.119133 20.955879
v 27.422371 104.995087 13.646942
v 27.132456 111.500748 22.329407
v 26.139252 113.922302 23.130852
v 27.388193 104.796875 18.633888
v 19.032925 93.704620 22.322021
v 16.132181 93.748978 19.663275
v 16.372383 94.001648 22.581116
v 19.987988 93.791580 19.893360
v 18.786545 94.632919 15.517067
v 15.711593 95.127502 15.909553
v 21.604326 95.493889 15.997553
v 21.946707 96.882896 12.681780
v 21.860304 94.831726 21.811155
v 17.331276 96.440308 13.303929
v 13.974572 94.937714 19.237881
v 20.274872 98.397758 11.537844
v 19.252874 94.877975 25.050598
v 11.752126 96.838966 22.611803
v 11.635206 97.054955 18.919950
v 13.651838 97.241486 25.859476
v 18.585789 96.254700 26.577255
v 11.391543 99.623543 25.896469
v 17.535589 99.394463 29.300718
v 10.255312 99.260468 22.960419
v 10.558824 98.849953 19.595449
v 19.423742 99.849159 29.487450
v -25.873114 -116.827103 -37.620884
v -25.187582 -116.962265 -35.853111
v -26.209463 -122.905945 -37.097820
v -24.907017 -112.433029 -37.084255
v -23.683903 -112.571533 -34.393139
v -23.961531 -111.038292 -35.445793
v -22.110649 -109.516418 -33.130909
v -22.917358 -108.111511 -34.279404
v -26.854914 -119.824745 -40.749046
v -27.044033 -123.285492 -38.413349
v -26.785290 -128.817474 -37.870911
v -27.600573 -123.809715 -41.112843
v -27.267237 -128.496658 -40.748051
v -24.881998 -123.679672 -35.891880
v -24.531294 -128.907227 -36.140366
v -23.340616 -118.703194 -34.590267
v -22.698320 -116.130638 -33.822548
v -26.886192 -126.914032 -43.959240
v -26.750429 -123.708900 -44.874195
v -25.954103 -117.927155 -40.743561
v -24.738220 -114.106361 -39.120731
v -23.436205 -110.707420 -36.969173
v -22.836170 -107.279396 -35.675484
v -24.795353 -116.627075 -40.090889
v -19.678694 -111.628220 -33.092628
v -22.187881 -123.423180 -34.985222
v -21.116741 -118.710037 -34.138752
v -20.053696 -114.577301 -33.318447
v -21.154606 -129.507874 -35.887856
v 28.597294 70.749565 -6.479409
v 27.423307 71.863174 -7.776080
v 28.596600 66.418831 -6.416967
v 27.060638 66.701134 -8.287347
v 27.347605 59.316547 -6.411823
v 28.541126 59.310734 -4.653248
v 27.359602 56.575958 -5.645710
v 28.429064 54.600166 -3.035075
v 27.927629 75.087006 -6.235382
v 28.202961 53.520454 -4.215825
v 29.769749 55.799080 -2.253336
v 29.351234 61.502502 -4.964753
v 30.796230 51.785843 -1.622009
v 31.343405 52.996403 -0.873330
v 31.126093 75.038918 -4.929697
v 29.602198 79.230194 -6.317850
v 30.510042 81.561615 -5.355546
v 29.778048 83.906868 -6.835445
v 31.780699 79.991882 -3.715099
v 31.759878 75.179016 -3.730891
v 30.433718 84.287544 -4.696757
v 29.991039 85.051506 -7.852300
v 32.185593 67.557358 -5.418940
v 27.234543 60.958031 -8.234606
v 28.673517 76.981224 -7.177599
v 29.947855 80.463539 -8.566724
v 31.920834 55.498474 -1.483460
v 31.373590 71.865593 -5.672327
v 32.407738 73.854759 -5.318853
v 32.083103 62.028309 -4.580498
v 29.853691 51.909893 -4.540695
v 28.713797 87.201286 -5.546170
v 23.262623 71.992455 35.540535
v 22.420897 76.078979 38.797768
v 22.977415 71.695747 36.882046
v 22.740170 66.014610 29.574909
v 22.979418 70.323631 33.205326
v 22.596663 67.384804 29.675440
v 21.203264 65.366974 24.847401
v 21.441078 63.995060 23.847494
v 19.878654 66.115349 21.830980
v 19.251520 71.347305 23.439180
v 21.132553 60.236485 21.130554
v 19.497898 71.863907 26.638985
v 19.097897 61.478653 18.435490
v 22.022913 74.764359 36.388897
v 21.633413 79.511856 39.124577
v 18.467052 76.249062 23.895113
v 17.435469 75.698074 20.417366
v 16.745207 80.580818 23.155996
v 16.250454 78.811005 20.705034
v 14.838946 82.892273 21.612700
v 20.706537 67.104141 26.769951
v 20.373446 79.734520 37.816948
v 18.447130 75.235550 26.613045
v 18.238573 69.243484 21.709490
v 17.864477 72.721436 21.749393
v 21.449253 83.374062 39.827160
v 21.405632 83.178642 41.596920
v 21.236471 59.228397 18.719208
v 21.218269 58.020241 21.438831
v 21.993746 56.600815 17.696718
v 19.519136 59.233402 16.146215
v 20.918217 60.623875 23.512693
v 17.104912 77.912483 26.412214
v 21.740541 56.674957 15.264964
v 21.896196 55.172741 17.991331
v 23.165371 53.134155 14.676519
v 22.846226 53.968868 11.577054
v 23.033024 51.569942 11.425376
v 21.552155 53.323059 10.087475
v 21.697287 68.419144 29.915636
v 20.054413 57.051968 13.877559
v 20.088448 67.469109 28.312490
v 15.264737 76.346619 18.985615
v 20.249245 82.749931 38.704029
v 19.130600 87.766159 39.413277
v 22.426153 86.887482 41.808277
v 21.908878 90.322174 41.310986
v 22.823851 93.566513 44.372540
v 21.565464 94.848663 43.030876
v 21.431513 97.184875 46.344856
v 22.711777 88.301529 43.581261
v 19.368570 97.931229 44.283157
v 21.768194 94.868225 47.012188
v 22.393246 49.914913 14.385777
v 20.649876 62.123940 25.987188
v 20.113670 98.521233 47.477551
v 19.516970 94.860115 41.785427
v 18.684248 71.349075 28.700731
v 22.431108 67.433342 33.167706
v 21.281219 52.171650 17.699909
v 20.246992 55.296230 20.772045
v 21.450010 64.840958 29.880363
v 19.129803 59.011002 23.942753
v 19.678831 90.459999 49.041019
v 17.271130 91.212784 50.522484
v 18.592709 86.324684 47.234818
v 21.416920 87.201401 45.674477
v 19.596193 82.063950 42.326164
v 21.405632 83.178642 41.596920
v 20.414915 78.429825 40.573902
v 21.936104 91.267868 46.843552
v 21.633413 79.511856 39.124577
v 19.524399 94.983192 49.642780
v 22.711777 88.301529 43.581261
v 21.768194 94.868225 47.012188
v 17.127062 96.190117 50.918980
v 22.420897 76.078979 38.797768
v 22.823851 93.566513 44.372540
v 21.431513 97.184875 46.344856
v 20.113670 98.521233 47.477551
v 16.685526 98.097412 50.185631
v 18.162546 99.410713 8.045489
v 16.225784 95.977669 10.241575
v 13.674462 99.924850 11.089727
v 14.271061 101.639809 10.460217
v 18.517845 97.453125 8.003002
v 17.195816 96.016998 8.899206
v 12.945643 101.488831 10.428044
v 17.943016 96.557838 6.408663
v -15.173956 113.693047 30.306347
v -13.816142 114.476959 30.137987
v -12.856954 112.519333 30.716578
v -14.826301 106.196518 30.920670
v -12.280064 105.054108 30.756590
v -15.504176 105.285294 31.086386
v -7.742960 111.012154 29.466520
v -7.942110 114.524269 28.795189
v -10.297566 104.673782 29.878448
v -7.980574 105.590698 28.950344
v -9.441234 101.365250 28.321243
v -5.329368 114.143341 26.730503
v -7.525223 116.356911 27.267366
v -3.186684 116.322220 23.088448
v -13.192629 117.036652 27.907944
v -15.724444 116.430420 28.281158
v -16.259035 106.341537 30.102520
v -16.836081 114.293358 28.854151
v -17.635767 115.727013 27.239647
v -17.697544 90.160851 27.968533
v -17.484591 90.248901 28.337503
v -14.904627 89.854004 27.780418
v -17.587486 86.877312 26.871420
v -17.372763 83.846130 25.842279
v -18.232580 84.864571 25.671898
v -19.938864 82.192917 25.253344
v -14.909715 85.953896 26.520689
v -15.870401 81.625122 24.847534
v -13.955243 85.034866 25.564623
v -17.506712 80.142944 23.733953
v -20.505451 81.048317 24.527750
v -22.593895 83.147339 25.085785
v -22.194706 84.793350 26.421629
v -13.421265 91.289284 27.505110
v -18.204632 78.284294 21.667076
v -20.291298 84.605316 27.065447
v -19.946165 86.566238 27.916491
v -21.537397 86.096680 28.337347
v -20.687750 87.028664 29.329166
v -18.485693 91.210854 29.904131
v -5.314292 100.931534 19.684826
v -6.875795 93.931137 17.206455
v -9.336474 91.563660 19.464466
v -3.672263 100.747581 16.865866
v -3.329549 105.529251 19.143196
v -9.161211 90.379341 17.974213
v -12.543210 85.585693 19.435495
v -11.689440 86.551270 18.864815
v -8.860647 94.888588 21.731241
v -9.461221 97.001053 24.405022
v -5.114529 106.454109 25.040295
v -12.074973 89.847740 25.392836
v -11.904877 86.750618 22.780367
v -13.077617 84.070236 22.437349
v -3.685378 110.300476 24.341871
v -1.579007 112.841187 19.715940
v -0.273056 107.440765 14.009125
v -0.453984 116.024460 19.306583
v -0.700153 101.371132 11.800502
v -5.193862 109.764854 26.696510
v -11.902787 96.902519 27.746174
v 1.788483 113.704361 15.101159
v -15.209221 79.889763 20.463812
v -13.323516 82.386307 19.723749
v -13.211269 81.147804 19.228798
v -2.909047 114.714622 23.087105
v 3.656773 110.090996 11.139333
v -14.801415 77.281136 17.494730
v 4.797974 107.397072 8.633117
v 2.499023 101.680977 8.596527
v -2.565521 96.639687 13.972951
v -0.765666 99.051048 12.422352
v -4.966039 94.649086 15.754240
v 5.907116 104.360733 6.584918
v 9.061412 101.095993 4.484006
v -18.163733 77.110207 19.964432
v -16.336395 75.335312 16.303808
v 19.718824 110.054970 30.506428
v 22.442108 108.469650 28.729010
v 19.700632 106.829491 32.216549
v 23.120598 111.452614 26.760159
v 25.182613 108.440536 25.960373
v 24.592100 113.991295 24.740063
v 26.139252 113.922302 23.130852
v 27.132456 111.500748 22.329407
v 24.928127 103.731476 26.025509
v 20.065178 104.596474 31.431324
v 27.240854 107.573807 21.873869
v 21.274521 101.428032 29.220177
v 24.285259 100.364174 24.973402
v 27.844767 109.554482 19.763346
v 22.399757 97.044464 24.969110
v 25.522007 100.082588 21.123951
v 27.388193 104.796875 18.633888
v 23.565107 96.859879 22.414013
v 19.423742 99.849159 29.487450
v 18.565392 102.436401 31.141550
v 21.860304 94.831726 21.811155
v 18.585789 96.254700 26.577255
v 19.252874 94.877975 25.050598
v 18.757530 106.210495 32.278111
v 25.754511 114.118309 23.873610
v 20.172787 112.453583 27.624863
v 17.535589 99.394463 29.300718
v -18.712578 74.593246 -5.340259
v -20.628391 70.722061 -5.794073
v -19.965803 68.477692 -3.399224
v -17.578537 72.288895 -2.826386
v -17.990541 68.555412 -1.893210
v -19.950289 66.090393 -2.937047
v -15.866602 74.894341 -3.732448
v -15.019856 77.211823 -5.256538
v -15.497447 78.511986 -6.890252
v -18.811333 65.734016 -2.222532
v -19.376686 75.377579 -8.922742
v -16.197495 78.937401 -9.406476
v -21.129580 65.897995 -5.581106
v -21.714762 65.200058 -4.592300
v -22.166180 65.268211 -8.693400
v -23.431459 63.767746 -7.351581
v -21.647215 63.591522 -3.274460
v -19.229181 64.051376 0.608309
v -19.879051 62.935608 1.256452
v -19.373501 63.020649 7.037741
v -21.109653 69.188034 -8.602792
v -17.598339 76.469040 -11.773757
v -19.124672 73.465141 -11.518036
v -17.851824 63.922665 4.937795
v -19.101788 64.443184 8.967706
v -19.928417 63.316483 9.938909
v -20.353533 65.918411 -8.733898
v -15.067036 78.859200 -11.325223
v -22.416372 63.300800 -8.695904
v 8.009519 95.851509 25.288504
v 11.733817 95.683441 24.634815
v 9.302001 95.082298 29.474209
v 7.088444 95.275902 31.063246
v 10.443624 95.806686 22.148626
v 12.082712 95.484306 23.804655
v 8.352588 94.597023 31.469393
v 9.111909 94.475304 32.385818
v 11.748951 95.042839 32.499126
v 14.138704 95.790565 28.076994
v 13.576864 96.451988 26.366028
v 14.867289 96.188606 31.185316
v 8.902948 94.828629 33.805386
v 12.279781 95.939064 33.802036
v 5.603600 96.198769 31.244102
v 14.882510 96.903648 27.570372
v 6.666057 96.840599 26.390276
v 6.516912 94.254997 19.515930
v 7.540959 95.049088 21.653444
v 14.838946 82.892273 21.612700
v 16.343061 84.424774 22.866486
v 16.745207 80.580818 23.155996
v 15.641437 85.620827 21.611946
v 13.569122 81.383408 20.900192
v 18.882299 86.527641 23.540154
v 18.460308 88.132278 21.599796
v 20.113396 89.453453 20.604469
v 22.249832 89.494095 23.494751
v 23.283937 94.647705 15.684443
v 19.705332 91.181099 16.687538
v -23.291496 -59.190914 -18.006620
v -22.689859 -63.215752 -20.727537
v -22.779530 -63.786594 -17.656483
v -22.991255 -59.006622 -20.598642
v -22.527834 -68.943611 -19.881697
v -22.089687 -65.391014 -22.554634
v -21.386106 -68.841637 -25.047935
v -21.888605 -73.458458 -25.118082
v -21.192446 -60.666916 -23.295341
v -22.327354 -56.243050 -16.994541
v -21.188744 -54.628979 -20.126177
v -22.575344 -50.559204 -17.266827
v -21.585157 -46.344372 -18.274115
v -20.169201 -70.605049 -26.336031
v -19.468290 -52.918697 -20.850409
v -22.521778 -46.276867 -17.547220
v -23.177256 -40.874641 -15.591022
v -20.284294 -63.034161 -24.335123
v -22.106020 -40.713970 -16.050692
v -23.503164 -35.444344 -14.312836
v -23.585506 -44.186489 -13.230935
v -24.657749 -37.664440 -12.727343
v -23.425697 -43.738811 -15.276697
v -25.051199 -34.275475 -9.861064
v -25.284904 -32.158386 -12.028191
v -26.900673 -26.212559 -8.552504
v -21.933657 -52.742123 -14.496640
v -26.460300 -25.954037 -10.719015
v -28.773045 -18.920507 -8.818875
v -23.254610 -40.435551 -8.902502
v -21.362516 -56.599529 -13.836172
v -22.449444 -45.538372 -10.864248
v -26.402376 -25.591021 -6.583403
v -28.964275 -18.741083 -5.603498
v -21.101072 -53.128990 -13.344441
v -22.540199 -59.669121 -15.452394
v -22.143534 -67.702789 -17.159519
v -25.641870 -26.633118 -11.870762
v -26.358765 -22.872898 -11.295762
v -27.978405 -16.484848 -10.184555
v -23.729895 -30.194548 -13.257397
v -24.181131 -24.439154 -11.973230
v 6.016306 86.149780 31.660151
v 6.085625 87.308067 29.777046
v 7.264184 84.532181 30.941347
v 3.529753 91.026459 31.734182
v 4.460882 87.860168 34.053459
v 2.833999 91.041214 33.916420
v 8.606051 82.559288 31.124073
v 8.616302 85.981850 26.878412
v 9.261905 83.696457 27.480694
v 10.037365 80.107300 27.196995
v 9.788101 82.548714 25.314865
v 11.520329 78.899010 26.666435
v 10.575121 80.690514 23.707394
v 10.439569 80.323792 29.344263
v 12.333344 79.017982 25.915600
v 4.314149 90.818184 35.606426
v 10.441188 82.490555 32.272453
v 9.098007 86.413399 34.127625
v 8.047528 87.355103 34.654987
v 4.650343 93.834381 35.731167
v 3.601375 94.854736 34.141701
v -17.654615 -116.416527 -35.150116
v -17.120945 -115.877365 -36.631706
v -17.778444 -122.005295 -36.718235
v -16.752705 -117.813957 -38.203690
v -17.606287 -111.607903 -34.080936
v -16.620979 -123.274178 -39.096241
v -17.508162 -128.407303 -38.466961
v -16.955820 -128.154877 -41.104153
v -17.288357 -110.776505 -35.921928
v -16.358166 -122.214485 -41.568176
v -17.143185 -126.339806 -43.800152
v -17.522324 -115.353371 -38.827511
v -17.709723 -112.756790 -37.220589
v -16.966412 -122.797455 -43.605648
v -17.796776 -109.383232 -36.953632
v -17.716496 -117.423149 -40.423340
v -18.816036 -128.553574 -37.141243
v -18.903349 -116.621246 -34.004913
v -19.699816 -123.347137 -35.605446
v -21.154606 -129.507874 -35.887856
v -20.053696 -114.577301 -33.318447
v -19.678694 -111.628220 -33.092628
v -22.187881 -123.423180 -34.985222
v -21.116741 -118.710037 -34.138752
v -20.914532 -108.726349 -35.253342
v -22.110649 -109.516418 -33.130909
v -22.917358 -108.111511 -34.279404
v -22.836170 -107.279396 -35.675484
v 16.444868 90.463997 19.281225
v 17.752569 91.239067 15.994271
v 17.000235 89.770050 20.792940
v 14.314926 92.050209 15.893795
v 20.113396 89.453453 20.604469
v 19.705332 91.181099 16.687538
v 11.258718 93.608093 17.024229
v 12.772001 93.269814 14.952412
v 19.218515 91.083961 15.744414
v 15.458719 91.658058 21.771151
v 14.154217 91.554443 14.828046
v 16.827133 90.801544 11.969879
v 19.282907 89.245461 13.994778
v 18.916637 89.008095 12.256750
v 13.432241 90.818398 12.401701
v 13.046331 92.437668 14.056033
v 12.208249 93.579773 18.777615
v 12.082712 95.484306 23.804655
v 10.924884 94.787880 19.692719
v 10.443624 95.806686 22.148626
v 18.058870 94.111664 27.026606
v 13.576864 96.451988 26.366028
v 22.183594 84.050827 12.126383
v 21.596455 84.023079 10.973452
v 22.777666 86.600540 13.646008
v 23.399200 80.426132 10.262238
v 23.499432 79.480820 8.394448
v 25.325426 77.937317 8.875515
v 25.777323 79.177437 10.908756
v 28.631512 75.866074 9.079776
v 26.922844 75.112167 7.329849
v 18.681461 91.923965 26.794142
v 17.673008 91.313583 24.940260
v 30.764063 78.131577 12.238841
v 32.124363 75.558182 9.284100
v 17.319374 96.818802 28.542406
v 14.882510 96.903648 27.570372
v 15.393838 99.103058 29.486542
v 12.772669 99.257874 27.773811
v 32.312252 77.396774 11.722069
v 32.618328 74.749481 6.576955
v 19.231119 76.349854 5.965899
v 20.687780 74.760651 4.993993
v 15.534971 75.527031 1.338936
v 13.078260 77.743034 1.790522
v 14.163694 80.789238 5.202371
v 21.976398 73.678360 3.018127
v 13.696519 75.408302 0.464448
v 17.605627 101.484184 31.687860
v 17.402891 79.535049 6.498888
v 29.880772 74.481903 6.325089
v 26.435684 80.992584 11.890384
v 11.792544 101.662254 27.894302
v 10.344296 99.917191 25.879633
v 17.047867 105.955376 32.423737
v 18.994112 103.542313 32.800838
v 20.085526 97.458710 28.461920
v 20.033413 95.785179 27.797792
v 20.707067 93.114388 27.716787
v 20.272188 90.040642 26.684166
v 17.377075 87.656189 25.066120
v 18.882299 86.527641 23.540154
v 28.125698 74.067581 3.615813
v 17.280371 75.550125 0.283590
v 19.865898 106.891663 33.498329
v 9.287495 75.581161 1.578464
v 15.618310 85.793587 24.475311
v 9.738020 74.069016 0.929359
v 35.065571 77.728127 9.891028
v 27.401320 83.709824 12.160566
v 15.826523 87.367615 24.509445
v 13.531679 105.324791 29.285816
v 32.364868 75.279884 3.524011
v 15.891395 89.393341 22.636637
v 34.075108 62.419521 -5.409101
v 32.083103 62.028309 -4.580498
v 33.991310 57.910446 -3.521788
v 31.920834 55.498474 -1.483460
v 32.185593 67.557358 -5.418940
v 34.123543 68.098801 -6.609349
v 33.721592 54.518147 -2.651464
v 31.343405 52.996403 -0.873330
v 32.407738 73.854759 -5.318853
v 35.096035 58.446724 -5.140754
v 34.917747 65.429329 -7.361571
v 33.749031 74.400505 -6.083683
v 35.261086 73.888824 -7.739734
v 35.234093 76.699738 -7.503294
v 34.013821 81.914490 -4.980036
v 35.076706 85.048973 -5.455711
v 35.043667 68.883476 -8.533712
v 35.247692 72.178963 -8.815829
v 32.273018 85.606773 -1.749721
v 33.054871 82.673355 -3.296832
v 35.280693 63.390785 -8.569908
v 34.493004 54.733517 -5.158925
v 35.367519 76.856087 -8.635219
v 35.303864 81.492882 -7.790231
v 34.242531 91.017944 -3.272307
v 33.031174 90.703079 -1.444944
v 31.251785 90.800308 2.287047
v 33.339355 93.699684 -0.474525
v 31.372606 95.054588 4.004545
v 34.769596 88.253868 -5.362419
v 31.328939 91.730751 3.939093
v 30.678795 98.200310 4.876844
v 32.592636 94.776192 1.709718
v 34.989613 59.804592 -8.569127
v 32.393902 85.202477 2.097634
v 33.664124 80.046509 1.136074
v 34.364281 78.762337 -1.291150
v 34.989407 76.929634 -0.164505
v 33.900791 76.541122 1.473239
v 32.548260 80.004890 -4.430549
v 30.796230 51.785843 -1.622009
v 33.390106 75.480064 -0.134164
v 35.036366 77.878883 3.330050
v 33.887703 76.250893 3.107048
v 32.364868 75.279884 3.524011
v 36.323219 77.825165 6.618686
v 37.337799 80.333427 6.458480
v 35.065571 77.728127 9.891028
v 34.294849 85.110435 9.699038
v 35.285908 89.274933 7.404370
v 33.825062 93.582245 10.210949
v 34.052364 97.207962 8.343598
v 33.756115 101.170677 10.860722
v 33.815994 102.602188 7.804250
v 33.339073 97.909515 11.879989
v 33.526314 99.514198 11.733243
v 36.198261 83.056175 5.071392
v 35.699352 79.872032 3.203347
v 33.720242 91.439751 5.491146
v 32.595192 97.629250 6.432818
v 32.302490 101.980927 5.839346
v 34.062031 86.931374 3.973386
v 32.430630 97.096733 12.558732
v 32.570358 90.174110 11.178920
v 32.618328 74.749481 6.576955
v 32.011063 84.551086 10.980103
v 32.312252 77.396774 11.722069
v 10.138128 41.520786 10.707180
v 13.946493 43.869751 11.449385
v 13.761087 44.272400 13.954038
v 15.684491 45.805382 14.770840
v 16.117912 45.699722 11.645064
v 18.304232 48.244720 14.524069
v 19.111305 48.446545 11.600399
v 21.951815 49.874123 11.414782
v 22.393246 49.914913 14.385777
v 20.976652 49.897976 16.130949
v 11.042154 42.575001 9.264282
v 5.265352 39.545166 7.844346
v 6.280375 40.398205 10.566022
v 10.461164 42.941540 13.139178
v 1.202922 39.040714 7.919394
v -1.074246 38.679169 5.910368
v 1.254966 39.409191 5.339324
v 5.452974 40.542065 6.603822
v 23.033024 51.569942 11.425376
v -2.351122 39.734779 3.609533
v 20.408701 50.279430 10.178786
v -3.370624 39.127213 6.196110
v -4.883679 38.094852 4.862312
v -3.684622 38.532005 3.013727
v 21.281219 52.171650 17.699909
v 20.322058 50.926552 17.401152
v 17.918379 48.829193 15.141316
v 15.389708 49.275803 18.152689
v 7.600225 99.875648 28.161697
v 7.134588 98.010628 24.706854
v 5.387766 98.154625 31.286591
v 7.031528 99.763672 31.575783
v 9.512567 98.823524 22.974194
v 7.867848 97.099686 22.121574
v 6.516912 94.254997 19.515930
v 6.760036 98.944580 34.177464
v 6.666057 96.840599 26.390276
v 5.426052 97.089165 34.106503
v 10.149584 96.753769 20.183912
v 10.344296 99.917191 25.879633
v 9.597868 93.980659 18.115036
v 5.603600 96.198769 31.244102
v 9.071122 101.082863 20.077888
v 10.719269 100.727188 15.599483
v 9.314119 103.451210 18.265646
v 12.784051 95.376488 15.218200
v 13.674462 99.924850 11.089727
v 10.984596 106.967537 14.579403
v 12.462255 103.299316 12.452645
v 16.225784 95.977669 10.241575
v 14.621332 93.505058 12.576676
v 12.772001 93.269814 14.952412
v 11.258718 93.608093 17.024229
v 9.164477 105.371040 20.581987
v 10.992132 108.776947 16.250950
v 10.711544 109.352554 18.624765
v 13.046331 92.437668 14.056033
v 11.729452 105.124519 12.882733
v 9.714098 102.604378 24.448172
v 12.945643 101.488831 10.428044
v 11.708625 110.423546 21.801338
v 11.078174 106.935982 25.223112
v 15.649287 95.412743 8.954409
v 13.114405 110.719879 25.272512
v 11.792544 101.662254 27.894302
v 13.531679 105.324791 29.285816
v 15.564694 113.219337 25.896784
v 13.362924 111.818420 19.155602
v 14.326129 112.988777 22.300333
v 15.480491 110.147438 29.132841
v 17.047867 105.955376 32.423737
v 17.248850 110.841766 30.307142
v 19.865898 106.891663 33.498329
v 8.340359 93.345947 18.812471
v 13.002920 56.073368 19.015821
v 13.877326 55.790752 15.691692
v 11.348578 53.365467 18.166925
v 11.312733 52.333885 16.565561
v 14.527576 60.147938 19.102135
v 15.993485 58.279060 15.329105
v 16.239515 61.063278 17.502563
v 13.901670 53.615631 14.153864
v 10.880939 50.985958 14.660969
v 13.072077 51.264236 12.214589
v 9.826628 47.962479 13.602546
v 11.606890 48.654217 11.883948
v 15.647695 65.627144 20.159588
v 17.611092 54.966713 12.120103
v 16.342606 52.190449 11.482303
v 16.586361 65.780907 19.712105
v 19.842691 52.799232 9.850302
v 16.007198 48.580467 10.046385
v 13.971170 47.295235 10.430902
v 16.285799 69.250198 21.329283
v 14.511030 69.897171 23.573139
v 19.994946 55.544575 11.570414
v 20.054413 57.051968 13.877559
v 21.552155 53.323059 10.087475
v 8.922290 46.147690 9.726633
v 8.304300 44.778229 8.404777
v 6.259232 44.979786 9.528233
v 3.951106 42.743439 6.151205
v 22.846226 53.968868 11.577054
v 15.097994 65.596794 22.589989
v 18.177467 62.503258 18.419550
v 18.238573 69.243484 21.709490
v 19.097897 61.478653 18.435490
v 19.519136 59.233402 16.146215
v 16.035875 72.141243 20.949951
v 17.864477 72.721436 21.749393
v 17.435469 75.698074 20.417366
v 15.264737 76.346619 18.985615
v -13.192629 117.036652 27.907944
v -15.724444 116.430420 28.281158
v -14.527740 115.371048 30.122629
v -17.884651 116.151802 27.772789
v -8.174517 116.335686 27.933521
v -7.525223 116.356911 27.267366
v -11.440650 113.469032 30.667553
v -7.505295 113.736259 29.384497
v -14.973712 113.905006 30.834766
v -4.011105 115.136887 25.475235
v -3.186684 116.322220 23.088448
v -2.247783 115.362404 22.907249
v -0.453984 116.024460 19.306583
v -14.271361 110.059433 31.541683
v 9.240354 89.014732 28.688559
v 9.186129 90.227310 30.447735
v 10.261650 88.175865 31.586864
v 9.111909 94.475304 32.385818
v 8.352588 94.597023 31.469393
v 9.737860 90.259087 33.683384
v 8.902948 94.828629 33.805386
v 9.098007 86.413399 34.127625
v 10.918961 85.104546 32.175652
v 12.130443 84.953529 27.864090
v 12.142630 86.619339 26.053698
v 12.380191 81.594528 27.670906
v 10.441188 82.490555 32.272453
v 13.356926 79.770378 26.482697
v 14.647316 84.165810 25.455729
v 15.618310 85.793587 24.475311
v 16.343061 84.424774 22.866486
v 16.745207 80.580818 23.155996
v 15.380843 81.042183 25.312023
v 17.104912 77.912483 26.412214
v 14.509564 78.972519 26.308306
v 10.439569 80.323792 29.344263
v 11.520329 78.899010 26.666435
v 16.880014 74.460747 28.320368
v 18.684248 71.349075 28.700731
v 18.447130 75.235550 26.613045
v 13.223338 86.617279 24.674774
v 15.826523 87.367615 24.509445
v 18.882299 86.527641 23.540154
v 12.333344 79.017982 25.915600
v 12.772669 99.257874 27.773811
v 9.642782 100.154320 30.741507
v 14.898614 97.302773 29.093788
v 9.970697 98.443687 33.835972
v 14.867289 96.188606 31.185316
v 12.279781 95.939064 33.802036
v 6.760036 98.944580 34.177464
v 10.344296 99.917191 25.879633
v 7.031528 99.763672 31.575783
v 14.882510 96.903648 27.570372
v 7.600225 99.875648 28.161697
v -27.376007 6.431324 -4.973912
v -29.642887 5.477748 -7.528525
v -28.312099 4.344717 -5.047764
v -30.493305 1.219263 -7.236311
v -29.388952 1.573773 -5.012425
v -27.914198 8.420907 -7.646523
v -27.675537 9.491002 -6.610222
v -27.107561 9.322412 -3.896252
v -26.547173 10.516716 -5.439134
v -29.436554 5.230659 -8.685066
v -30.671446 -0.063838 -8.696665
v -31.381283 0.006840 -5.564309
v -31.800600 -1.833135 -8.601531
v -28.981073 2.691300 -9.371055
v -33.517323 -3.116802 -6.014773
v -25.689968 11.060611 -5.500723
v -25.934261 9.500955 -3.474478
v -28.964275 -18.741083 -5.603498
v -28.773045 -18.920507 -8.818875
v -26.900673 -26.212559 -8.552504
v -33.374851 -7.559618 -6.048280
v -30.453737 -12.488949 -2.948517
v -28.785227 -17.403757 -3.664815
v -33.025482 -5.933638 -5.032119
v -31.535431 -6.928170 -3.099064
v -30.867929 -12.479815 -8.606144
v -31.991722 -6.415061 -8.712033
v -27.978405 -16.484848 -10.184555
v -29.451563 -11.308542 -9.624971
v -29.006668 16.319696 -3.979227
v -27.154371 15.758555 -3.044702
v -28.504845 11.385948 -3.810827
v -28.800392 20.550587 -3.300343
v -26.623472 12.471431 -3.221576
v -27.107561 9.322412 -3.896252
v -25.934261 9.500955 -3.474478
v -30.341301 20.095299 -4.898685
v -29.444916 25.893373 -5.572781
v -31.074900 23.115074 -6.007498
v -31.974857 23.353729 -6.623079
v -24.702524 12.241272 -0.391645
v -25.843052 14.672903 -0.318204
v -29.168245 26.080551 -3.356591
v -28.558554 30.103218 -4.949308
v -28.751820 30.002930 -6.204558
v -27.377712 34.371670 -6.974298
v -28.625854 19.207645 -1.528775
v -27.574900 17.645813 0.784964
v -32.050232 23.837408 -5.841439
v -33.085594 26.433752 -9.633599
v -5.700367 56.568092 3.530088
v -6.626905 55.936451 3.775377
v -6.067027 56.709812 5.617161
v -4.613657 57.958302 1.670602
v -4.636565 56.355999 4.638888
v -1.765612 62.501770 2.219584
v -0.480227 64.942062 0.880409
v -2.640722 61.979771 0.817246
v -3.820945 59.545200 2.771399
v 0.130595 65.706085 1.599035
v 2.393379 70.887085 0.175507
v 2.131345 68.833244 2.022424
v 4.601598 72.224403 1.711112
v 5.545660 74.202759 0.474410
v 9.287495 75.581161 1.578464
v 9.014794 76.838242 0.567171
v 12.576097 79.606651 0.793903
v -3.207006 57.003113 4.192337
v 13.078260 77.743034 1.790522
v -4.321650 55.741421 5.705907
v 12.942375 86.006813 0.618292
v 12.751928 88.691963 -2.676629
v 12.355012 81.613876 2.493756
v 13.771153 85.348320 1.871223
v 14.163694 80.789238 5.202371
v 13.000906 84.570679 -1.829563
v 12.643553 90.497437 -5.354093
v 13.020966 80.215332 -0.388765
v 7.485425 75.297462 -0.681751
v 30.560148 105.470901 11.062639
v 27.719282 104.047485 12.146478
v 28.389416 102.917831 13.399507
v 26.930542 104.724098 11.031561
v 31.686716 104.730278 11.569533
v 31.063238 101.670952 13.246942
v 33.756115 101.170677 10.860722
v 33.526314 99.514198 11.733243
v 32.932304 104.311325 10.300722
v 30.505367 105.960686 7.596089
v 33.815994 102.602188 7.804250
v 13.339619 75.770149 20.050949
v 14.551931 71.689957 22.376980
v 13.256912 73.927612 23.116861
v 12.319355 77.841606 23.034155
v 12.147553 79.710556 21.673782
v 10.575121 80.690514 23.707394
v 14.511030 69.897171 23.573139
v 16.285799 69.250198 21.329283
v 12.333344 79.017982 25.915600
v 13.452143 77.660080 25.534681
v 16.035875 72.141243 20.949951
v -26.366955 80.989578 9.920018
v -28.844893 79.467384 10.785345
v -27.083410 79.623734 10.695655
v -25.669559 83.837486 5.765451
v -29.143524 83.885437 5.920622
v -33.269272 84.643288 8.377343
v -31.296247 80.935570 11.348817
v -34.251297 84.282875 11.064205
v -36.485260 90.051353 8.750195
v -37.467159 89.791504 11.589935
v -38.927361 94.355888 12.256947
v -39.641449 95.089844 15.451094
v -35.214722 86.003998 12.848539
v -33.928749 84.022820 13.598147
v -37.217602 89.996696 15.494307
v -28.882217 79.734459 13.297261
v 8.340359 93.345947 18.812471
v 10.924884 94.787880 19.692719
v 6.528483 93.049957 19.683069
v 7.540959 95.049088 21.653444
v 10.443624 95.806686 22.148626
v 8.009519 95.851509 25.288504
v 9.597868 93.980659 18.115036
v 8.099069 92.173698 18.329527
v 12.208249 93.579773 18.777615
v 11.258718 93.608093 17.024229
v -33.167839 29.289400 -4.065493
v -33.382572 26.364294 -3.419605
v -32.506767 25.424080 -1.561301
v -33.908466 22.960926 -2.973509
v -31.850822 22.558466 0.218315
v -31.828093 31.947832 -4.297239
v -32.206146 32.246906 -5.453575
v -31.319853 35.218964 -5.023817
v -33.855667 21.083010 -0.946216
v -31.416584 21.473177 1.054840
v -31.449701 35.143242 -6.544487
v -31.541456 26.525942 -1.896255
v 30.808975 81.160446 -1.907992
v 31.768892 75.905472 -2.582428
v 30.809107 75.650795 -0.966910
v 31.780699 79.991882 -3.715099
v 30.817545 83.024628 -2.774661
v 31.759878 75.179016 -3.730891
v 30.433718 84.287544 -4.696757
v 28.784529 77.222786 -0.150003
v 5.426052 97.089165 34.106503
v 4.650343 93.834381 35.731167
v 7.628689 96.310669 35.296940
v 6.760036 98.944580 34.177464
v 9.034528 97.034660 34.919853
v 5.359832 91.149559 36.266842
v 9.970697 98.443687 33.835972
v 8.216470 91.541412 35.414608
v 12.279781 95.939064 33.802036
v 8.047528 87.355103 34.654987
v 8.902948 94.828629 33.805386
v 9.737860 90.259087 33.683384
v 9.098007 86.413399 34.127625
v 4.460882 87.860168 34.053459
v 4.314149 90.818184 35.606426
v 3.601375 94.854736 34.141701
v 12.985534 109.308784 15.633149
v 10.992132 108.776947 16.250950
v 13.362924 111.818420 19.155602
v 11.594676 107.718979 14.934720
v 13.229445 109.125267 14.698749
v 10.711544 109.352554 18.624765
v 13.879770 106.580315 12.865180
v 13.407756 103.759308 11.603323
v 14.271061 101.639809 10.460217
v 17.495434 103.092827 9.899838
v 18.220499 104.249321 10.142505
v 18.162546 99.410713 8.045489
v 22.453697 99.452789 8.812306
v 17.691013 98.734573 6.867117
v 19.489996 98.180145 6.729465
v 23.185860 97.215805 5.146738
v 26.638752 97.532570 4.475520
v 24.294867 100.153282 8.709975
v 22.500267 95.240105 1.519063
v 29.890209 93.222954 -3.056873
v 30.130169 96.697388 2.103269
v 28.962845 99.111641 4.854634
v 26.151817 99.958687 7.069202
v 27.197857 92.648582 -3.567557
v 31.797804 89.435112 -7.350226
v 26.871462 90.445457 -6.544799
v 19.865164 90.690674 -6.859995
v 19.069601 91.334961 -6.113585
v 31.737411 90.965828 -5.982205
v 16.094702 92.894211 -3.389205
v 19.211983 93.688255 -2.114321
v 18.724121 95.844948 1.008471
v 12.643553 90.497437 -5.354093
v 33.339355 93.699684 -0.474525
v 30.678795 98.200310 4.876844
v 15.496437 99.808632 6.480808
v 13.716159 98.824837 2.947159
v 9.061412 101.095993 4.484006
v 12.586704 102.273346 9.474180
v 34.242531 91.017944 -3.272307
v 13.141273 91.417511 -3.523428
v 11.888177 90.689224 -4.711029
v 34.065952 86.759438 -7.639513
v 31.927402 84.806061 -9.309202
v 28.821280 88.989479 -7.044511
v 34.769596 88.253868 -5.362419
v 33.785725 81.610336 -9.613651
v 32.227020 78.760788 -10.807625
v 22.940428 101.353455 9.230341
v 25.456364 103.106300 9.764652
v 29.514706 103.192497 5.328577
v 32.302490 101.980927 5.839346
v 30.505367 105.960686 7.596089
v 28.117867 104.561020 6.807462
v 33.815994 102.602188 7.804250
v 26.930542 104.724098 11.031561
v 26.303627 104.610359 10.513397
v 29.991039 85.051506 -7.852300
v 32.932304 104.311325 10.300722
v 24.072247 113.523712 8.759600
v 20.539906 114.672966 9.777650
v 24.045815 120.232567 9.607127
v 20.261398 122.694702 11.853543
v 23.382414 123.616875 10.907729
v 23.652784 128.779770 13.304917
v 28.645603 125.644615 10.584078
v 29.560108 129.926559 12.941502
v 34.169003 125.306740 9.800835
v 34.641949 130.198914 12.546101
v 37.993023 129.595932 11.613294
v 27.699112 121.835915 9.270067
v 16.257303 116.680214 12.422751
v 18.361784 120.600555 12.387920
v 17.432426 112.177925 11.002789
v 29.287893 120.337776 8.967703
v 13.715970 113.733276 13.752447
v 29.947855 80.463539 -8.566724
v 30.415678 74.817276 -10.605949
v 32.357006 73.332939 -11.568035
v 30.365532 69.441910 -11.505915
v 31.265385 67.442497 -12.423587
v 28.809286 69.249168 -10.939986
v 28.633682 67.233437 -10.993869
v 30.820961 65.082863 -12.957942
v 28.170040 64.900993 -11.239136
v 29.284008 60.585754 -10.744755
v 31.416906 61.757198 -12.079338
v 27.060638 66.701134 -8.287347
v 28.673517 76.981224 -7.177599
v 27.423307 71.863174 -7.776080
v 29.478539 74.266411 -8.586653
v 31.600967 57.750938 -10.376446
v 28.079298 58.360649 -8.642746
v 28.950190 55.676701 -7.899401
v 27.234543 60.958031 -8.234606
v 31.739712 54.258545 -7.970294
v 27.359602 56.575958 -5.645710
v 27.347605 59.316547 -6.411823
v 28.713797 87.201286 -5.546170
v 28.202961 53.520454 -4.215825
v 29.853691 51.909893 -4.540695
v 12.751928 88.691963 -2.676629
v 26.951925 111.170052 18.699558
v 26.584803 113.119133 20.955879
v 29.468899 109.216034 18.966997
v 28.452770 108.694580 16.317295
v 26.139252 113.922302 23.130852
v 29.299665 107.891495 18.114134
v 29.036880 106.935455 14.513742
v 20.872015 75.494720 39.559376
v 20.539255 73.828178 38.601357
v 22.977415 71.695747 36.882046
v 21.897345 71.427238 37.296993
v 22.420897 76.078979 38.797768
v 20.414915 78.429825 40.573902
v 20.887152 70.778397 36.125713
v 21.755140 68.460052 34.636547
v 22.431108 67.433342 33.167706
v -12.436573 78.415459 -12.622008
v -15.067036 78.859200 -11.325223
v -11.939674 78.884766 -12.092134
v -16.074856 76.724686 -12.684846
v -17.598339 76.469040 -11.773757
v -19.124672 73.465141 -11.518036
v -16.320406 73.743042 -13.006540
v -19.588877 68.989738 -10.723732
v -21.109653 69.188034 -8.602792
v -20.353533 65.918411 -8.733898
v -16.781940 70.541824 -12.190524
v -17.699078 66.278625 -9.435823
v -14.241597 72.556755 -12.194563
v -19.659351 65.578613 -8.886696
v -14.637417 68.779694 -9.085855
v -12.574813 74.551720 -11.404810
v -12.686136 71.834145 -8.796491
v -17.719524 64.907074 -5.845191
v -19.276236 62.949505 -5.305228
v -22.416372 63.300800 -8.695904
v -21.969385 62.587795 -5.944153
v -22.166180 65.268211 -8.693400
v 17.732008 99.095673 47.396477
v 16.685526 98.097412 50.185631
v 20.113670 98.521233 47.477551
v 19.368570 97.931229 44.283157
v 16.979731 97.480057 44.583035
v 14.820022 97.436630 48.051426
v 15.258237 95.331284 44.554852
v 17.526775 83.817520 39.794136
v 19.130600 87.766159 39.413277
v 18.695671 82.055336 38.515984
v 16.786728 88.697456 40.699142
v 16.933617 93.270981 41.915138
v 14.996728 92.179207 43.384995
v 18.554518 78.875648 38.712276
v 16.173351 85.944458 41.487133
v 20.373446 79.734520 37.816948
v 19.720852 78.427856 37.562134
v 19.679008 75.285301 37.506142
v 20.711926 75.624504 36.422421
v 20.810562 72.703362 34.974277
v 15.080816 88.417290 43.863216
v 19.516970 94.860115 41.785427
v 22.022913 74.764359 36.388897
v 20.249245 82.749931 38.704029
v 0.601495 43.832462 6.345208
v -0.357688 43.433361 7.938898
v 4.071568 44.080498 9.172722
v 3.923405 43.613743 7.000091
v 6.259232 44.979786 9.528233
v 8.475715 46.180714 12.957287
v 3.951106 42.743439 6.151205
v -0.188363 43.134171 4.291737
v -1.430346 45.817173 6.726801
v -1.640395 45.346813 3.816335
v 28.452770 108.694580 16.317295
v 29.036880 106.935455 14.513742
v 27.338469 108.512962 16.608074
v 27.422371 104.995087 13.646942
v 26.951925 111.170052 18.699558
v -32.972446 79.962151 7.754788
v -34.942558 78.017052 7.712114
v -34.993534 77.587357 10.587639
v -34.198318 79.378616 6.443127
v -33.198895 78.244347 10.924982
v -34.699593 76.418297 11.079006
v -31.766666 79.406624 7.369708
v -21.944984 -126.306297 -47.022087
v -19.571507 -126.789810 -45.917591
v -25.418823 -126.948891 -45.579910
v -25.141459 -124.431755 -46.956600
v -18.572027 -124.783318 -46.548794
v -21.389214 -124.736008 -47.586014
v -16.990086 -125.177032 -45.004158
v -17.143185 -126.339806 -43.800152
v -16.955820 -128.154877 -41.104153
v -15.832036 -124.570007 -42.578167
v 6.516912 94.254997 19.515930
v 8.340359 93.345947 18.812471
v 8.099069 92.173698 18.329527
v 5.297969 93.518616 16.993818
v 13.704890 45.412636 10.057428
v 16.117912 45.699722 11.645064
v 13.946493 43.869751 11.449385
v 11.042154 42.575001 9.264282
v 7.963475 42.561470 7.448736
v 5.452974 40.542065 6.603822
v 1.864636 41.163128 4.848139
v 1.254966 39.409191 5.339324
v -2.351122 39.734779 3.609533
v -1.826806 42.472397 3.128557
v -3.684622 38.532005 3.013727
v 13.971170 47.295235 10.430902
v -0.188363 43.134171 4.291737
v 3.951106 42.743439 6.151205
v 8.304300 44.778229 8.404777
v -1.640395 45.346813 3.816335
v 16.007198 48.580467 10.046385
v 19.111305 48.446545 11.600399
v 18.082798 49.444504 10.291367
v 19.842691 52.799232 9.850302
v 20.408701 50.279430 10.178786
v 21.552155 53.323059 10.087475
v 23.033024 51.569942 11.425376
v -14.131936 79.430664 0.104117
v -13.957740 77.856583 -6.054590
v -15.150871 78.539642 -0.774369
v -15.019856 77.211823 -5.256538
v -15.451707 79.773758 1.659154
v -16.291016 78.717873 1.557730
v -15.856132 76.066551 -3.088964
v -17.504814 74.328720 0.268507
v -17.471979 76.184601 2.795034
v -15.866602 74.894341 -3.732448
v -19.477327 75.011108 4.201973
v -21.020969 71.352600 7.283529
v -20.870871 72.649521 7.259519
v -18.273640 72.328629 1.597300
v -16.877100 73.299217 -1.159153
v -22.918533 86.156776 4.639077
v -24.968328 86.016922 4.089044
v -25.669559 83.837486 5.765451
v -20.519690 89.476295 3.507662
v -20.189953 93.126030 2.042791
v -24.997957 90.304634 2.574003
v -28.680389 86.478996 4.355368
v -24.674198 94.629013 1.804866
v -19.217678 96.974930 1.498105
v -19.825842 101.439529 1.102734
v -29.143524 83.885437 5.920622
v -29.672148 93.700218 3.257636
v -33.108215 87.571190 6.381259
v -33.269272 84.643288 8.377343
v -29.153111 100.300217 3.762200
v -33.117504 99.162506 5.936112
v -33.058113 94.218414 5.166954
v -24.157709 100.216904 1.755722
v -22.041857 105.511925 2.265960
v -28.564445 103.708694 4.782643
v -36.649185 96.079399 8.459366
v -35.522545 92.869995 7.165599
v -36.485260 90.051353 8.750195
v -34.930622 100.330338 8.067467
v -32.678135 103.939445 8.086751
v -22.962017 107.443733 3.978361
v -38.927361 94.355888 12.256947
v -20.540686 105.525505 2.501168
v -21.080782 107.278923 4.382580
v -22.578382 108.913658 5.859491
v -34.546783 106.446526 16.091475
v -31.061588 109.805649 15.879014
v -34.118137 106.897049 17.657135
v -36.815926 104.182785 19.072784
v -37.581566 102.296730 14.740704
v -34.050030 105.869064 11.854747
v -30.714106 108.955460 11.771004
v -28.456770 111.681404 13.728558
v -36.644756 102.308693 11.863587
v -27.623699 111.549385 11.816003
v -37.785484 102.719498 19.419582
v -39.711384 98.592567 19.484058
v -39.199043 98.347183 14.806849
v -37.855251 99.141853 11.580319
v -29.361324 107.029182 7.762540
v -26.222523 110.228943 8.810684
v -39.868404 96.943069 17.549957
v -39.641449 95.089844 15.451094
v -24.309778 110.162376 7.818835
v -25.474237 111.550423 10.715659
v -26.190689 112.481606 12.238760
v -25.713272 82.555664 25.942129
v -25.490393 82.758018 24.427528
v -28.068792 81.248337 24.402380
v -28.024481 81.304054 23.464710
v -22.473522 83.045311 26.028786
v -22.593895 83.147339 25.085785
v -28.810919 79.927849 22.167706
v -22.858894 80.455505 22.803865
v -26.492317 77.529404 21.088272
v -23.303371 78.003624 20.911648
v -22.956303 75.042854 19.816866
v -26.606998 74.106384 19.017906
v -29.388803 78.681572 20.958879
v -31.062073 79.172226 21.726698
v -33.224098 76.161896 18.844810
v -32.253616 75.205246 17.533157
v -29.806997 75.221306 17.990202
v -29.909033 73.313202 15.672338
v -25.318129 74.075577 18.658728
v -27.693630 73.010460 16.016991
v -29.749065 71.762085 14.993824
v -28.659449 70.879753 13.777484
v -21.586412 80.222626 22.294739
v -20.505451 81.048317 24.527750
v -18.204632 78.284294 21.667076
v -31.015858 72.822060 16.457119
v -22.748405 80.484901 21.965668
v -22.710766 75.949348 19.772724
v -18.374081 61.104706 3.081612
v -17.332195 61.670040 3.185696
v -16.404146 61.547604 8.746609
v -18.680952 62.103664 -1.620296
v -16.123831 62.731834 6.724394
v -15.361466 62.797546 8.398994
v -17.377344 63.211826 2.478431
v -18.417667 62.809834 -2.031616
v -19.276236 62.949505 -5.305228
v -18.363781 64.951118 -4.150785
v -18.366016 64.290970 -0.466347
v -17.719524 64.907074 -5.845191
v -18.811333 65.734016 -2.222532
v -16.949455 64.668877 8.749900
v -17.851824 63.922665 4.937795
v 9.826628 47.962479 13.602546
v 6.259232 44.979786 9.528233
v 8.475715 46.180714 12.957287
v 10.200571 47.301682 15.180597
v 8.943031 44.338268 13.615543
v 5.612094 43.623199 11.272731
v 4.071568 44.080498 9.172722
v 5.210192 41.908314 11.140326
v 11.194272 46.785332 15.980705
v 1.270951 42.337845 9.159742
v 2.984632 40.523197 9.825214
v -0.419340 40.475307 8.302343
v -0.357688 43.433361 7.938898
v -2.647048 42.489128 7.708649
v -3.370624 39.127213 6.196110
v 11.075107 50.043022 17.531490
v -18.172960 70.195953 6.094839
v -17.295954 68.836243 10.419093
v -18.897943 68.456902 9.498154
v -19.808603 69.913216 7.456153
v -18.323568 70.958549 3.518014
v -20.263445 68.768143 9.366838
v -21.887154 66.760422 10.740221
v -22.644539 70.529671 6.834022
v -21.020969 71.352600 7.283529
v -18.273640 72.328629 1.597300
v -17.678616 72.018341 1.081817
v -16.877100 73.299217 -1.159153
v -26.750429 -123.708900 -44.874195
v -26.886192 -126.914032 -43.959240
v -25.418823 -126.948891 -45.579910
v -23.569374 -124.153168 -46.556210
v -24.966692 -121.720314 -44.914505
v -21.107588 -124.397591 -46.712528
v -19.571507 -126.789810 -45.917591
v -17.939659 -125.003799 -45.125465
v -17.143185 -126.339806 -43.800152
v -16.966412 -122.797455 -43.605648
v -18.662640 -122.349106 -45.033283
v -17.845312 -119.796478 -42.339603
v -16.358166 -122.214485 -41.568176
v -17.716496 -117.423149 -40.423340
v -24.795353 -116.627075 -40.090889
v -25.424175 -118.829430 -41.760185
v -20.555403 -118.405823 -41.830429
v -19.168217 -114.227325 -38.809860
v -21.081354 -121.087807 -44.984859
v -25.954103 -117.927155 -40.743561
v -21.291880 -112.168884 -38.143990
v -24.738220 -114.106361 -39.120731
v -23.436205 -110.707420 -36.969173
v -17.709723 -112.756790 -37.220589
v -17.522324 -115.353371 -38.827511
v -21.838392 -108.782997 -36.994274
v -17.796776 -109.383232 -36.953632
v -22.836170 -107.279396 -35.675484
v -20.914532 -108.726349 -35.253342
v -26.854914 -119.824745 -40.749046
v -15.101341 74.789581 -3.923309
v -17.578537 72.288895 -2.826386
v -16.383400 70.763969 -2.588390
v -17.990541 68.555412 -1.893210
v -15.866602 74.894341 -3.732448
v -13.085062 73.992310 -5.520562
v -13.813887 76.425018 -5.068809
v -13.631452 71.288742 -5.685007
v -18.811333 65.734016 -2.222532
v -11.624121 76.387535 -8.883146
v -12.363695 77.201126 -7.173103
v -13.957740 77.856583 -6.054590
v -12.686136 71.834145 -8.796491
v -17.719524 64.907074 -5.845191
v -14.637417 68.779694 -9.085855
v -12.187202 78.793640 -10.166890
v -12.574813 74.551720 -11.404810
v -12.436573 78.415459 -12.622008
v -11.939674 78.884766 -12.092134
v 20.088448 67.469109 28.312490
v 19.329077 66.898239 28.332066
v 19.721037 66.572556 30.209301
v 20.612629 69.256912 31.990534
v 16.899523 85.067238 44.375347
v 16.173351 85.944458 41.487133
v 17.871464 82.817154 41.074543
v 15.080816 88.417290 43.863216
v 17.526775 83.817520 39.794136
v 19.121145 78.881538 40.221321
v 16.523064 87.497528 47.004887
v 14.454994 92.049500 47.775909
v 18.554518 78.875648 38.712276
v 20.539255 73.828178 38.601357
v 19.679008 75.285301 37.506142
v 20.887152 70.778397 36.125713
v 20.810562 72.703362 34.974277
v 14.996728 92.179207 43.384995
v 20.445873 66.421005 31.590206
v 18.620134 64.046616 27.259615
v 17.271130 91.212784 50.522484
v 15.161540 94.776833 49.869278
v 14.820022 97.436630 48.051426
v 19.596193 82.063950 42.326164
v 21.755140 68.460052 34.636547
v 18.592709 86.324684 47.234818
v 21.897345 71.427238 37.296993
v 20.872015 75.494720 39.559376
v 20.414915 78.429825 40.573902
v 16.685526 98.097412 50.185631
v 15.258237 95.331284 44.554852
v 17.127062 96.190117 50.918980
v 38.183155 114.108955 27.139883
v 38.772980 118.800560 27.106028
v 38.094837 114.503563 28.624842
v 39.602520 123.388329 26.882629
v 36.046047 121.190239 14.093770
v 36.271908 115.739037 18.694508
v 32.541843 109.123161 16.659399
v 37.728863 123.570732 16.074749
v 36.755836 125.648407 11.670381
v 34.498009 110.705315 19.840910
v 35.844692 112.151855 21.292025
v 37.993023 129.595932 11.613294
v 37.823963 114.345184 24.645536
v 33.202393 117.352272 12.540470
v 29.039097 107.431946 12.835408
v 30.986956 106.833481 16.286795
v 32.153156 106.996895 17.863892
v 32.891815 108.805733 18.881325
v 33.225422 108.627823 19.794329
v 38.906342 121.175438 23.411648
v 39.231670 130.077911 18.701433
v 39.794163 129.849228 24.368528
v 38.651302 130.026123 14.005706
v 39.700340 129.188156 26.298407
v 29.648737 106.187714 15.440016
v 29.035242 104.684669 13.795126
v 26.930542 104.724098 11.031561
v 27.719282 104.047485 12.146478
v 28.389416 102.917831 13.399507
v 30.872787 119.256325 9.943424
v 34.169003 125.306740 9.800835
v 25.638865 109.202744 9.826838
v 26.303627 104.610359 10.513397
v 25.456364 103.106300 9.764652
v 29.287893 120.337776 8.967703
v 27.083746 113.770859 9.602303
v 24.072247 113.523712 8.759600
v 22.940428 101.353455 9.230341
v 2.276280 66.281044 0.286416
v 3.798214 68.688248 1.612740
v 1.904806 66.130447 1.575744
v 0.414262 64.564049 0.766131
v 6.759593 71.751823 1.367841
v 5.316405 70.000687 0.204601
v 9.287495 75.581161 1.578464
v 0.130595 65.706085 1.599035
v 9.738020 74.069016 0.929359
v 2.131345 68.833244 2.022424
v 12.978299 76.180374 -1.227541
v 8.050282 72.731239 0.152022
v 32.574615 76.103844 -2.914890
v 33.390106 75.480064 -0.134164
v 30.809107 75.650795 -0.966910
v 31.768892 75.905472 -2.582428
v 30.988211 76.403282 0.868850
v 28.784529 77.222786 -0.150003
v 33.900791 76.541122 1.473239
v 31.759878 75.179016 -3.730891
v 32.407738 73.854759 -5.318853
v -15.845980 43.600773 -18.310514
v -13.433492 45.217888 -16.198637
v -14.909719 42.015266 -18.320322
v -16.798111 44.596294 -20.019989
v -13.476138 44.686172 -15.507059
v -13.292649 47.038876 -12.656322
v -16.632416 44.249317 -22.027967
v -16.913361 46.439655 -24.780735
v -28.300800 37.830261 -5.344520
v -26.875340 41.074253 -5.406323
v -29.450478 37.737411 -6.726273
v -29.542578 37.060909 -5.924251
v -28.309998 34.541580 -5.189055
v -28.928135 7.733280 -3.625398
v -27.107561 9.322412 -3.896252
v -27.376007 6.431324 -4.973912
v -28.312099 4.344717 -5.047764
v -29.580765 4.430491 -3.281003
v -29.805664 8.506661 -2.246489
v -29.388952 1.573773 -5.012425
v -28.504845 11.385948 -3.810827
v -30.499142 13.312400 -3.021726
v -29.006668 16.319696 -3.979227
v -30.362726 16.959925 -3.932021
v -32.123619 16.672796 -2.318334
v -30.341301 20.095299 -4.898685
v -30.673361 12.142581 -1.630413
v -46.013775 31.089312 -3.545450
v -42.782059 31.312805 -6.722823
v -35.091221 24.184122 -4.348483
v -33.085594 26.433752 -9.633599
v -31.974857 23.353729 -6.623079
v -47.092606 33.560570 -6.783385
v -45.029930 26.070200 0.754861
v -35.457417 20.353064 -0.594036
v -38.493458 21.145243 1.038350
v -52.216232 31.303225 -0.437868
v -51.802505 33.665043 -3.534817
v -60.001644 33.498203 1.367668
v -55.641449 29.732611 2.771448
v -48.546665 24.556334 3.687700
v -58.855221 36.538784 -3.348553
v -42.945057 21.622648 3.084943
v -32.061592 20.292650 -3.975031
v -54.199009 36.219784 -7.171888
v -59.948238 38.267380 -5.800895
v -54.344162 38.613708 -13.234213
v -56.116695 39.057304 -11.834995
v -59.068130 39.507061 -9.436049
v -48.553333 36.103596 -12.928036
v -50.297577 37.781090 -15.215708
v -36.946995 29.876102 -12.423697
v -42.228001 32.495548 -10.828458
v -47.030384 36.222961 -16.613775
v -35.588650 19.894663 1.311609
v -43.359653 34.000641 -18.775656
v -38.630604 31.111820 -14.801828
v -60.047153 34.922794 -0.028262
v -32.934341 17.461565 0.112697
v -31.499901 15.508918 -0.442897
v -41.703476 32.875782 -18.026178
v -13.496926 79.473640 -9.005197
v -15.497447 78.511986 -6.890252
v -13.957740 77.856583 -6.054590
v -15.019856 77.211823 -5.256538
v -16.197495 78.937401 -9.406476
v -15.067036 78.859200 -11.325223
v -11.939674 78.884766 -12.092134
v -12.187202 78.793640 -10.166890
v -12.363695 77.201126 -7.173103
v 36.328320 99.881989 12.879352
v 38.249557 99.957672 13.454906
v 36.349316 98.647377 13.697681
v 42.585804 101.531166 13.539676
v 33.339073 97.909515 11.879989
v 41.239765 99.767258 16.484440
v 32.430630 97.096733 12.558732
v 44.563637 100.955292 18.284836
v 47.714607 104.087006 14.170784
v 47.585262 103.319481 20.221617
v 33.526314 99.514198 11.733243
v 50.260765 106.589638 20.475172
v 50.197124 107.634575 25.783802
v 48.598347 104.682053 24.946344
v 52.501347 112.040588 21.829847
v 53.063847 111.347931 18.315447
v 52.162212 109.415443 13.773992
v 55.067020 114.417664 14.845702
v 55.881020 115.696045 18.720621
v 49.794067 106.141151 14.130841
v 54.373741 115.439186 22.983887
v 52.226063 114.706490 28.476391
v 50.618427 112.363419 30.660992
v 48.757145 107.405304 29.426577
v 49.387157 112.018631 33.600643
v 52.153885 115.852196 33.891956
v 55.904346 118.936638 27.162634
v 56.745544 120.615440 28.361803
v 53.159115 117.564774 33.899250
v 57.222103 118.021027 21.811787
v 58.784081 120.562088 24.394398
v 46.729847 104.386360 27.216118
v 45.832825 102.457962 22.241766
v 45.753262 107.820793 32.082733
v 49.354610 114.780655 35.381897
v 44.887104 110.278107 34.420967
v 29.853691 51.909893 -4.540695
v 31.197725 51.884624 -4.821179
v 30.796230 51.785843 -1.622009
v 31.739712 54.258545 -7.970294
v 34.493004 54.733517 -5.158925
v 33.721592 54.518147 -2.651464
v 31.600967 57.750938 -10.376446
v 33.947086 56.513737 -8.236071
v 34.069603 61.497665 -10.604510
v 31.416906 61.757198 -12.079338
v 30.820961 65.082863 -12.957942
v 34.115269 66.396111 -11.051620
v 34.989613 59.804592 -8.569127
v 31.265385 67.442497 -12.423587
v 33.913269 69.707451 -11.229122
v 32.357006 73.332939 -11.568035
v 33.860142 75.675011 -10.656214
v 32.227020 78.760788 -10.807625
v 33.785725 81.610336 -9.613651
v 35.367519 76.856087 -8.635219
v 35.303864 81.492882 -7.790231
v 35.247692 72.178963 -8.815829
v 35.280693 63.390785 -8.569908
v 34.065952 86.759438 -7.639513
v 35.043667 68.883476 -8.533712
v 34.769596 88.253868 -5.362419
v 35.096035 58.446724 -5.140754
v -54.355545 44.316952 15.047381
v -55.768501 45.431225 17.073689
v -58.467255 46.094467 17.636463
v 0.414262 64.564049 0.766131
v 0.130595 65.706085 1.599035
v -0.767288 61.600544 2.347904
v -0.480739 61.627563 0.795543
v -0.931066 59.263119 1.996979
v -1.657721 55.920361 2.784459
v -3.207006 57.003113 4.192337
v -2.468123 53.031757 4.604008
v -2.957567 54.108688 5.646396
v -1.430346 45.817173 6.726801
v -3.963927 50.591438 8.904645
v -2.720097 45.682316 8.220080
v -5.869250 54.927883 9.345927
v -8.112579 55.676304 10.849141
v -7.562342 57.581470 9.733499
v -10.738276 60.766209 10.604001
v -13.050251 61.243252 12.131474
v -14.150261 63.896828 12.500152
v -4.321650 55.741421 5.705907
v -0.357688 43.433361 7.938898
v 0.601495 43.832462 6.345208
v -13.829363 64.679863 10.846770
v -15.671447 66.950478 12.905792
v -16.723137 65.222008 14.080215
v -17.340813 68.777855 14.288480
v -17.354536 70.165512 13.305182
v -20.043968 66.533516 15.340942
v -6.569471 51.714706 9.844492
v -1.765612 62.501770 2.219584
v -15.363378 61.966011 12.338308
v -16.786663 69.281868 11.659380
v -19.353996 64.416466 14.210217
v -6.067027 56.709812 5.617161
v -4.636565 56.355999 4.638888
v -10.962967 61.083298 9.401570
v -1.640395 45.346813 3.816335
v -11.188968 60.079350 7.869258
v -17.446884 12.703837 3.486281
v -20.118322 7.376248 3.828135
v -18.092852 7.975293 2.535575
v -20.939301 0.866108 2.882896
v -19.259787 0.705681 1.121760
v -22.410967 -8.291817 0.420139
v -20.052763 -5.940619 -1.817355
v -21.273026 -8.992310 -1.308997
v -21.635521 -15.047736 -1.895110
v -20.091389 -17.291550 -3.355588
v -20.202816 -22.626337 -3.853675
v -18.505032 -24.788069 -5.496986
v -22.058632 5.868816 4.376293
v -15.571667 12.903077 2.740583
v -12.572999 17.746412 2.920601
v -11.662017 21.278509 3.843606
v -24.140368 -9.394495 0.631938
v -23.833708 -2.215322 2.563464
v -23.842134 -14.034014 -1.069140
v -23.084335 -18.031139 -2.441215
v -19.054518 -27.790237 -5.230152
v -20.597935 -28.471083 -5.025639
v -19.889883 -32.945576 -6.080854
v -17.613831 -31.429407 -6.640444
v -17.650190 -38.511471 -7.394748
v -19.380024 -40.148991 -7.053783
v -17.661903 -44.877407 -10.046280
v -19.966351 -46.304104 -9.858862
v -17.374231 -48.335701 -11.253194
v -19.663433 -52.860630 -12.451551
v -16.620575 -52.848450 -12.759882
v -20.152025 12.034210 3.506770
v -16.947083 -58.015572 -12.780859
v -19.250135 -57.357738 -12.529872
v -14.910337 -53.006149 -13.931789
v -16.346020 -45.793465 -12.128653
v -15.025872 -59.234749 -14.446386
v -17.293463 19.046978 3.803353
v -11.821852 24.388433 4.686449
v -9.347464 29.955927 4.672925
v -13.537539 28.574305 5.143950
v -8.352032 35.082783 5.489960
v -16.196970 24.632114 4.735576
v -10.574323 38.395489 5.615447
v -9.659742 22.768486 2.393638
v -14.684172 -34.479511 -9.729969
v -14.567039 -36.184502 -9.875011
v -14.258503 -61.663555 -16.655867
v -16.950010 -64.295540 -14.522227
v -15.139900 -67.375313 -16.895214
v -17.067829 -70.802498 -16.378500
v -15.185970 -73.748489 -18.300972
v -16.431450 -76.730705 -18.244293
v -13.930246 -76.127838 -20.163376
v -16.251818 -80.318253 -18.849934
v -12.765759 -84.795799 -21.485703
v -14.746262 -86.571487 -20.061558
v -6.919013 32.026562 2.649728
v -4.883679 38.094852 4.862312
v -5.103191 38.926464 5.775208
v -8.661427 38.173019 6.024314
v -7.526941 41.248398 6.884412
v -16.229897 -39.468353 -9.577726
v -13.598563 -88.851303 -23.128365
v -16.096876 -90.044197 -22.062672
v -13.811177 -91.399521 -25.315002
v -16.201132 -94.000595 -23.791437
v -15.226901 -95.721802 -26.229990
v -16.851063 -97.482430 -25.814054
v -16.870125 -103.388985 -28.456146
v -14.995031 -102.867348 -29.865242
v -15.292199 -108.869026 -31.464373
v -16.647060 -110.413696 -30.883900
v -15.837808 -112.486031 -33.821365
v -17.706987 -114.205124 -32.475857
v -17.538738 -118.640762 -34.482655
v -18.430040 -124.974998 -35.971981
v -20.625595 -120.021271 -33.340813
v -21.154606 -129.507874 -35.887856
v -18.816036 -128.553574 -37.141243
v -17.508162 -128.407303 -38.466961
v -16.049431 -123.575417 -39.023495
v -15.646712 11.357824 1.296353
v -15.177303 -45.527851 -14.055319
v -16.496490 -118.666473 -36.369125
v -3.370624 39.127213 6.196110
v -2.647048 42.489128 7.708649
v -7.002004 47.754612 8.425080
v -9.949232 52.752644 10.027108
v -12.070023 57.209007 11.493617
v -11.861898 52.131241 9.230300
v -10.645263 47.283546 6.874810
v -12.740850 -78.554604 -21.882740
v -14.277634 -67.055832 -18.369612
v -17.076427 8.342771 1.013576
v -13.576718 -69.683441 -20.985779
v -17.839613 6.289208 -0.145715
v -13.929458 -106.518082 -33.384441
v -15.193341 -115.141533 -37.897690
v -13.900473 -54.606094 -16.179216
v -13.150380 -74.583786 -21.811377
v -13.904567 -108.753387 -34.596367
v -9.365675 21.970846 0.595780
v -14.240284 -99.363670 -30.262527
v -7.055134 30.039604 1.386915
v -5.784002 33.771297 1.498724
v -3.684622 38.532005 3.013727
v -13.808868 14.028787 0.533390
v -13.738642 -94.696190 -29.682583
v -13.848821 -58.323475 -17.253471
v -11.485811 -82.300888 -24.862217
v -18.904211 -0.118523 -0.669561
v -17.130125 -28.562840 -8.340894
v -16.608505 -31.000422 -9.041333
v -13.750372 57.495731 10.808586
v -14.423557 -49.441807 -16.343527
v -14.613975 -110.459122 -37.141159
v -12.846359 -88.727913 -26.231176
v -12.606548 -85.778770 -25.155342
v -13.929295 -102.046555 -33.966496
v -19.165371 -19.381433 -5.586741
v -16.955820 -128.154877 -41.104153
v -15.636350 -36.833408 -12.104436
v -20.173414 -14.273668 -4.937282
v -13.781676 -67.572571 -21.406313
v -15.832036 -124.570007 -42.578167
v -12.920016 -75.130074 -24.786106
v -13.550823 -91.264320 -31.365213
v -18.062513 -24.937199 -8.530482
v -15.708701 -119.006386 -40.167290
v -14.011862 -94.831741 -32.529667
v -12.725395 -88.631134 -29.908848
v -14.097193 -61.238785 -20.391066
v -12.855371 -84.880463 -28.390385
v -14.051700 -107.072037 -37.281425
v -21.350811 -8.491453 -4.421380
v 19.877913 104.214928 10.368330
v 18.113123 105.019379 12.069151
v 20.855509 103.077591 11.517629
v 16.937349 105.829552 11.592638
v 22.861286 100.754890 11.078911
v 19.749649 93.938728 0.370718
v 19.211983 93.688255 -2.114321
v 19.187902 92.303513 -1.885734
v 18.724121 95.844948 1.008471
v 20.067194 94.541077 1.872553
v 16.094702 92.894211 -3.389205
v 27.660929 94.921127 2.915254
v 20.346239 96.315559 5.754904
v 18.442154 95.554893 4.014705
v 28.580284 93.962540 1.108132
v 28.875309 95.628578 4.639015
v 27.250690 92.517456 -1.177062
v 26.999840 96.922012 6.030041
v 23.229931 97.547600 7.775277
v 24.488333 90.524734 -3.670937
v 16.834677 91.167534 -3.738221
v 29.162533 91.378830 -2.019879
v 29.962814 92.723625 0.822533
v 27.309654 97.233490 7.501003
v 28.968851 95.823318 6.136761
v 27.679436 89.140350 -3.678369
v 18.636038 95.555229 5.549687
v 26.374781 96.970451 8.910455
v 23.449623 97.714218 8.618295
v 21.923855 96.717957 8.470888
v 20.009336 95.415306 8.475537
v 17.448046 93.741570 8.775826
v 11.312733 52.333885 16.565561
v 10.880939 50.985958 14.660969
v 9.826628 47.962479 13.602546
v 11.075107 50.043022 17.531490
v 10.200571 47.301682 15.180597
v 11.348578 53.365467 18.166925
v 12.869633 52.617596 20.136412
v 13.002920 56.073368 19.015821
v 14.393724 57.330212 20.788145
v 14.527576 60.147938 19.102135
v -25.689968 11.060611 -5.500723
v -25.934261 9.500955 -3.474478
v -24.440981 8.815295 -4.075410
v -12.543210 85.585693 19.435495
v -12.965967 82.467400 20.250183
v -13.211269 81.147804 19.228798
v -13.603824 83.766983 24.237604
v -10.807865 87.799202 21.863152
v -12.154543 87.799461 24.897739
v -8.571529 94.672813 22.035204
v -7.827138 92.318207 17.981180
v -6.582447 98.097740 20.425585
v -17.720654 76.738815 22.437410
v -14.801415 77.281136 17.494730
v -16.119980 73.543015 15.832936
v -17.802923 70.270531 16.518080
v -17.354536 70.165512 13.305182
v -16.256931 81.011459 25.431358
v -3.392635 100.015312 16.888811
v -4.033257 102.404060 19.584526
v -4.290114 106.215073 24.312801
v -0.481045 110.285408 16.724459
v -3.524829 109.382484 24.967201
v -9.480802 97.116699 25.000063
v -0.465956 102.404495 12.614270
v -9.441234 101.365250 28.321243
v -8.307367 105.292511 29.588902
v -0.789697 114.621956 19.885517
v 1.200516 113.505241 16.188042
v -14.890878 85.020439 26.644203
v 1.344728 115.053589 17.457312
v -4.966039 94.649086 15.754240
v -9.161211 90.379341 17.974213
v -11.902787 96.902519 27.746174
v 3.522154 106.142738 9.824515
v 2.333690 111.065010 13.762326
v -18.729725 73.872589 20.972305
v -13.421265 91.289284 27.505110
v -6.049345 111.628868 28.714098
v -2.247783 115.362404 22.907249
v -0.453984 116.024460 19.306583
v 3.221534 102.235664 8.749867
v -1.067245 98.522964 13.564119
v -2.764854 95.689926 14.546570
v -21.013439 71.752838 20.907389
v -20.043968 66.533516 15.340942
v -17.340813 68.777855 14.288480
v -4.011105 115.136887 25.475235
v 5.742317 102.718201 7.054591
v 3.604403 109.700752 12.021037
v 4.790464 106.963585 9.485648
v 0.557778 99.821060 11.617167
v -19.141886 77.947067 23.930767
v -11.689440 86.551270 18.864815
v -21.898373 75.467331 23.810513
v -9.095279 110.003830 30.531677
v -20.331507 80.926949 25.887127
v -14.904627 89.854004 27.780418
v -7.505295 113.736259 29.384497
v -10.297566 104.673782 29.878448
v -12.280064 105.054108 30.756590
v -17.462881 85.406105 27.047436
v -20.687750 87.028664 29.329166
v -18.381750 88.127914 28.167316
v -18.485693 91.210854 29.904131
v -17.209814 93.628281 30.213472
v -17.484591 90.248901 28.337503
v -14.271361 110.059433 31.541683
v -23.359921 80.687202 26.054937
v -11.440650 113.469032 30.667553
v -15.504176 105.285294 31.086386
v -22.473522 83.045311 26.028786
v -26.602697 72.587029 21.057186
v -23.617046 69.835136 18.930576
v -22.490717 65.917023 14.226659
v -27.572376 76.585373 23.564398
v -25.713272 82.555664 25.942129
v -31.062073 79.172226 21.726698
v -30.182663 79.338692 23.403940
v -28.068792 81.248337 24.402380
v -32.128651 77.816490 21.536085
v -33.224098 76.161896 18.844810
v -25.713272 82.555664 25.942129
v 15.001664 107.921333 12.808090
v 15.347212 107.666786 13.576330
v 16.139814 106.357300 12.827636
v 12.985534 109.308784 15.633149
v 13.229445 109.125267 14.698749
v 17.040737 107.617088 11.295245
v 16.937349 105.829552 11.592638
v 13.715970 113.733276 13.752447
v 13.391145 104.151237 13.225798
v 11.710737 106.388710 15.320473
v 11.268621 100.882904 15.977287
v 14.718448 100.135712 12.730844
v 16.951349 102.741005 11.502751
v 11.374346 108.892921 17.343582
v 10.071924 103.351250 18.179140
v 13.896875 97.427292 15.032772
v 20.274872 98.397758 11.537844
v 17.331276 96.440308 13.303929
v 22.861286 100.754890 11.078911
v 18.113123 105.019379 12.069151
v 11.635206 97.054955 18.919950
v 20.855509 103.077591 11.517629
v 15.711593 95.127502 15.909553
v 10.558824 98.849953 19.595449
v 13.362924 111.818420 19.155602
v 18.026211 113.072464 11.066395
v 21.533989 111.868401 9.657239
v 19.877913 104.214928 10.368330
v 22.240831 118.692604 10.224511
v 16.257303 116.680214 12.422751
v 23.953375 115.047127 9.442627
v 18.361784 120.600555 12.387920
v 23.512033 123.652496 11.086588
v 26.526712 121.193634 9.688879
v 20.261398 122.694702 11.853543
v 22.904573 104.822144 9.893991
v 23.652784 128.779770 13.304917
v 28.916483 125.575035 10.925893
v 29.594427 119.551163 9.598432
v 31.786802 122.419174 9.841960
v 33.593403 125.264008 10.594769
v 29.560108 129.926559 12.941502
v 35.992367 127.895645 11.655265
v 37.058342 129.809937 12.674778
v 25.967068 111.736725 10.095355
v 24.847103 101.542618 10.670496
v 36.047836 125.204597 11.746607
v 31.245955 118.513840 10.571843
v 34.641949 130.198914 12.546101
v 24.347645 100.087074 11.611371
v 21.946707 96.882896 12.681780
v -41.717716 39.172691 0.257232
v -46.901928 40.771023 5.253889
v -45.712322 40.082478 3.403527
v -18.163733 77.110207 19.964432
v -19.352962 79.269798 20.953915
v -18.204632 78.284294 21.667076
v -18.955231 76.874344 19.670336
v -18.101881 76.117065 18.086670
v -16.336395 75.335312 16.303808
v -17.658052 75.464706 15.814686
v -21.586412 80.222626 22.294739
v -27.962360 -127.524391 -41.082642
v -26.886192 -126.914032 -43.959240
v -27.267237 -128.496658 -40.748051
v -27.622547 -124.450317 -44.862762
v -25.418823 -126.948891 -45.579910
v -25.141459 -124.431755 -46.956600
v -28.413099 -123.099258 -41.965042
v -27.405735 -122.465446 -44.668667
v -27.387499 -118.855804 -41.448509
v -26.785290 -128.817474 -37.870911
v -26.033396 -109.552628 -37.190662
v -27.555767 -117.901527 -38.632511
v -26.450125 -113.084755 -35.846756
v -25.729904 -106.623367 -35.222324
v -27.309425 -119.355080 -37.820553
v -27.714222 -125.551888 -38.416851
v -25.575174 -111.596130 -34.245300
v -25.860056 -121.834915 -35.802101
v -22.603853 -83.181625 -26.020191
v -22.628990 -84.782303 -27.951010
v -22.444906 -86.054504 -25.428644
v -22.484119 -86.439301 -29.570040
v -22.172518 -79.838768 -22.923006
v -22.126022 -78.881256 -25.928314
v -22.177099 -75.682434 -21.537420
v -21.888605 -73.458458 -25.118082
v -22.527834 -68.943611 -19.881697
v -22.834435 -87.802109 -25.849916
v -23.158260 -89.908539 -29.952854
v -23.250589 -92.322990 -27.351845
v -24.705267 -96.530907 -30.558346
v -22.143534 -67.702789 -17.159519
v -22.779530 -63.786594 -17.656483
v -21.184298 -79.261856 -28.445463
v -23.245176 -96.115990 -33.253506
v -24.944317 -99.699486 -32.895340
v -20.169201 -70.605049 -26.336031
v -21.452267 -86.274963 -30.835794
v -23.373234 -103.157753 -36.742245
v -23.638742 -107.034149 -38.060505
v -25.525017 -111.321129 -38.842957
v -26.352699 -116.429291 -40.712090
v -21.141314 -89.793274 -31.804823
v -25.585529 -104.775970 -33.712479
v -23.398294 -98.838387 -29.170101
v -22.099674 -93.611801 -26.125402
v -21.297409 -89.851501 -23.899673
v -21.140501 -78.431816 -20.373426
v -20.623138 -69.752747 -15.826701
v -21.484869 -61.389732 -14.629970
v -22.540199 -59.669121 -15.452394
v 20.706537 67.104141 26.769951
v 20.088448 67.469109 28.312490
v 21.697287 68.419144 29.915636
v 20.612629 69.256912 31.990534
v 21.783514 71.074257 33.258438
v 20.810562 72.703362 34.974277
v 22.022913 74.764359 36.388897
v 22.979418 70.323631 33.205326
v 15.826523 87.367615 24.509445
v 14.065216 86.752541 23.260666
v 13.223338 86.617279 24.674774
v 10.317099 84.763245 24.874960
v 12.142630 86.619339 26.053698
v 8.616302 85.981850 26.878412
v 9.240354 89.014732 28.688559
v 5.996870 88.891571 29.692139
v 13.569122 81.383408 20.900192
v 15.641437 85.620827 21.611946
v 12.147553 79.710556 21.673782
v 7.846878 89.887573 29.344044
v 5.654252 95.202782 31.475527
v 3.529753 91.026459 31.734182
v 7.088444 95.275902 31.063246
v 13.339619 75.770149 20.050949
v 15.264737 76.346619 18.985615
v 16.261789 89.021057 21.639008
v 10.575121 80.690514 23.707394
v 3.601375 94.854736 34.141701
v 9.788101 82.548714 25.314865
v 6.085625 87.308067 29.777046
v 15.891395 89.393341 22.636637
v 5.426052 97.089165 34.106503
v 17.000235 89.770050 20.792940
v 2.833999 91.041214 33.916420
v 5.603600 96.198769 31.244102
v 18.460308 88.132278 21.599796
v 14.838946 82.892273 21.612700
v 15.458719 91.658058 21.771151
v 16.035875 72.141243 20.949951
v 20.113396 89.453453 20.604469
v 9.186129 90.227310 30.447735
v 8.352588 94.597023 31.469393
v 13.432241 90.818398 12.401701
v 14.154217 91.554443 14.828046
v 13.401237 90.449135 15.250529
v -16.336395 75.335312 16.303808
v -14.801415 77.281136 17.494730
v -16.119980 73.543015 15.832936
v -17.385685 73.432114 14.029259
v -17.354536 70.165512 13.305182
v -17.658052 75.464706 15.814686
v -15.866602 74.894341 -3.732448
v -16.058460 73.635735 -0.543922
v -16.877100 73.299217 -1.159153
v -17.678616 72.018341 1.081817
v -16.330719 73.621078 3.010385
v -18.323568 70.958549 3.518014
v -15.346127 75.315132 4.410366
v -14.222269 77.571007 0.642892
v -13.813887 76.425018 -5.068809
v -15.101341 74.789581 -3.923309
v -16.034555 71.720078 8.376340
v -18.172960 70.195953 6.094839
v -13.953325 78.401711 6.512992
v -14.993299 75.019165 10.753860
v -16.786663 69.281868 11.659380
v -17.295954 68.836243 10.419093
v -14.723667 78.662430 2.765212
v -13.570299 83.666756 3.514530
v -14.026928 79.878548 10.109911
v -12.981030 82.850868 7.541303
v -14.131936 79.430664 0.104117
v -13.046750 87.092506 6.435994
v -16.029858 73.596161 12.575242
v -13.957740 77.856583 -6.054590
v -15.054092 76.798218 11.496261
v -17.354536 70.165512 13.305182
v -13.604408 85.353264 9.095497
v -14.057595 88.279030 3.443691
v -13.085062 73.992310 -5.520562
v -14.172332 89.835274 4.796962
v -34.993534 77.587357 10.587639
v -34.942558 78.017052 7.712114
v -34.699593 76.418297 11.079006
v -30.636850 71.908806 10.859073
v -32.813194 74.334106 11.817856
v -32.698906 74.893532 7.837063
v -29.278812 71.973770 7.852156
v -23.106627 66.230812 11.989573
v -30.662998 75.359970 5.246461
v -24.540863 69.072227 8.736964
v -25.118483 71.908348 5.720775
v -21.887154 66.760422 10.740221
v -34.198318 79.378616 6.443127
v -32.878159 78.212914 5.515740
v -22.644539 70.529671 6.834022
v -19.928417 63.316483 9.938909
v -19.101788 64.443184 8.967706
v 37.993023 129.595932 11.613294
v 34.641949 130.198914 12.546101
v 37.058342 129.809937 12.674778
v 38.651302 130.026123 14.005706
v 38.271229 129.848770 14.527649
v 39.231670 130.077911 18.701433
v 6.516912 94.254997 19.515930
v 5.560800 93.137794 18.595673
v 6.528483 93.049957 19.683069
v 7.540959 95.049088 21.653444
v 5.297969 93.518616 16.993818
v -21.537397 86.096680 28.337347
v -22.194706 84.793350 26.421629
v -22.473522 83.045311 26.028786
v -22.593895 83.147339 25.085785
v -20.331507 80.926949 25.887127
v -20.687750 87.028664 29.329166
v 37.823963 114.345184 24.645536
v 37.899143 115.037056 26.199066
v 37.381077 112.977425 25.522364
v 36.740456 113.130775 23.641367
v 35.857506 112.244316 22.336393
v 35.844692 112.151855 21.292025
v 34.498009 110.705315 19.840910
v -24.482386 40.736229 -11.083823
v -26.347448 37.134380 -8.982224
v -24.827532 40.829746 -11.593622
v -21.280252 41.544426 -13.012961
v -27.377712 34.371670 -6.974298
v -28.751820 30.002930 -6.204558
v -28.426622 33.880352 -8.093439
v -28.046043 37.356251 -9.839914
v -26.905842 40.441547 -11.358027
v -30.273472 31.877031 -7.411204
v -30.130171 27.141001 -6.329135
v -29.444916 25.893373 -5.572781
v -31.102598 25.385340 -5.745279
v -29.881208 35.431149 -8.707100
v -31.074900 23.115074 -6.007498
v -32.942493 27.575222 -5.087549
v -33.195168 23.599909 -4.054015
v -32.206146 32.246906 -5.453575
v -31.449701 35.143242 -6.544487
v -29.530767 37.722626 -8.020241
v -33.167839 29.289400 -4.065493
v -33.382572 26.364294 -3.419605
v -33.908466 22.960926 -2.973509
v -37.417675 41.883007 -3.635062
v -29.604614 49.644081 -12.455645
v -30.026579 45.958767 -10.642574
v -40.987541 49.117203 -4.101191
v -41.704975 42.870136 -1.022059
v -32.042778 38.638481 -6.355577
v -47.312878 45.086472 2.198124
v -47.390980 50.340805 0.006984
v -27.895859 43.791702 -11.485424
v -51.266983 47.787182 4.183246
v -41.717716 39.172691 0.257232
v -37.516808 38.061584 -2.372942
v -33.582424 37.424713 -5.106806
v -35.291157 54.633636 -11.048041
v -45.712322 40.082478 3.403527
v -43.033253 57.334896 -7.238353
v -27.176651 52.017437 -16.054447
v -26.922583 46.191849 -13.089536
v -25.153811 46.000912 -14.580848
v -23.631628 48.622868 -17.690632
v -45.641796 43.291763 2.611979
v -41.885353 62.345009 -12.007438
v -33.467323 58.133717 -15.662208
v -21.456820 44.126396 -15.565484
v -18.694471 44.324684 -18.735199
v -48.121132 43.792118 5.312290
v -21.632614 49.983864 -21.704561
v -25.389439 53.774181 -20.366348
v -29.188526 57.836212 -20.663679
v -52.983940 47.069706 7.508671
v -54.923038 48.203484 9.262801
v -38.533253 64.152229 -18.197882
v -16.632416 44.249317 -22.027967
v -33.337975 36.762741 -4.400453
v -16.913361 46.439655 -24.780735
v -55.912045 47.261009 12.433952
v -46.901928 40.771023 5.253889
v -21.114223 52.274837 -26.197157
v -17.990932 48.935520 -26.115221
v -24.664398 55.072132 -25.095160
v -27.857893 58.030098 -23.556456
v -16.537237 41.684891 -16.989643
v -58.810192 47.243999 17.160290
v -58.467255 46.094467 17.636463
v -54.355545 44.316952 15.047381
v -52.401047 44.467243 12.132547
v -49.459637 43.711632 8.157078
v -48.490295 41.806980 7.896367
v -34.198555 63.203091 -22.660486
v -41.478382 68.346703 -22.320210
v -40.855671 63.237503 -13.923409
v -30.650885 61.501163 -26.025871
v -35.532326 65.932472 -26.441153
v -39.873398 68.444916 -24.399004
v -14.909719 42.015266 -18.320322
v -31.319853 35.218964 -5.023817
v -34.801746 104.017776 20.994915
v -36.815926 104.182785 19.072784
v -37.025970 104.131866 20.151209
v -37.421062 104.023239 18.717825
v -39.456196 103.947144 21.285189
v -34.118137 106.897049 17.657135
v -37.739014 103.058571 14.986627
v -39.806812 99.742859 19.386684
v -41.103886 96.554794 16.828577
v -37.935768 100.262764 11.200041
v -41.097744 97.803535 19.507135
v -34.099869 106.173340 11.464375
v -33.611076 107.511391 14.967779
v -28.456770 111.681404 13.728558
v -31.061588 109.805649 15.879014
v -40.001682 93.916359 12.332939
v -41.239876 100.241974 21.232510
v -41.336426 102.699898 22.378553
v -40.230186 92.192711 14.754037
v -39.187222 89.590775 11.852112
v -27.623699 111.549385 11.816003
v -26.190689 112.481606 12.238760
v -24.319664 111.534836 8.572309
v -29.448383 107.501801 7.735527
v -33.035107 104.570786 8.241857
v -25.528080 106.804138 4.420060
v -22.492037 109.619293 5.204666
v -29.044876 103.892067 4.527780
v -22.055897 106.641434 2.454248
v -33.954258 100.700943 6.644779
v -21.132870 104.956474 1.268050
v -33.584888 97.583130 5.308906
v -29.022465 99.074921 2.829460
v -37.508633 94.293663 8.297340
v -21.193441 108.065933 1.969317
v -34.248348 93.163582 5.197021
v -37.479137 88.618698 8.582981
v -36.231483 87.398613 7.465687
v -20.457640 107.755898 -1.357949
v -19.370884 105.790833 -2.686559
v -37.236805 84.191422 11.203630
v -27.675537 9.491002 -6.610222
v -25.689968 11.060611 -5.500723
v -27.914198 8.420907 -7.646523
v -25.389185 9.378359 -6.742642
v -25.976610 7.704088 -7.239980
v -27.780205 6.439034 -8.492871
v -29.436554 5.230659 -8.685066
v -24.800600 6.334731 -5.329825
v -25.621120 5.426588 -5.587725
v -26.262634 3.148759 -6.725596
v -24.440981 8.815295 -4.075410
v -27.598696 0.806089 -8.832228
v -11.809656 21.957428 -2.456446
v -10.269140 20.801508 -0.491186
v -15.229411 15.351312 -2.365680
v -13.808868 14.028787 0.533390
v -15.646712 11.357824 1.296353
v -17.821823 10.339820 -2.044740
v -17.076427 8.342771 1.013576
v -9.365675 21.970846 0.595780
v -8.792981 26.797342 -0.592676
v -7.055134 30.039604 1.386915
v -17.839613 6.289208 -0.145715
v -19.396324 7.766001 -2.824234
v -12.136223 24.482767 -2.976348
v -9.235534 34.114788 -1.579748
v -5.784002 33.771297 1.498724
v -4.807281 36.919109 1.317481
v -3.684622 38.532005 3.013727
v -4.126115 39.970974 1.246431
v -1.826806 42.472397 3.128557
v -19.176939 4.865978 -2.507268
v -18.904211 -0.118523 -0.669561
v -19.589479 -0.776606 -2.474185
v -20.052763 -5.940619 -1.817355
v -21.071686 -6.443518 -4.583811
v -21.273026 -8.992310 -1.308997
v -21.281628 2.808949 -4.847220
v -23.323622 -4.365903 -6.643044
v -4.162625 44.821861 1.003104
v -18.717262 12.813339 -3.125287
v -6.699501 40.106270 -0.297093
v -8.523219 38.086361 -0.981521
v -21.350811 -8.491453 -4.421380
v -21.238306 9.276251 -3.761170
v -14.964312 19.681995 -3.175569
v -25.702129 0.597231 -7.342117
v -26.779665 -4.060745 -8.317339
v -23.296087 -7.237944 -6.580917
v -29.191523 -4.417685 -9.163806
v -28.981073 2.691300 -9.371055
v -1.640395 45.346813 3.816335
v -2.632974 51.330879 3.617657
v -4.390492 52.045147 2.142546
v -10.870181 32.041370 -2.197841
v -2.943516 53.446789 2.243818
v -3.475116 56.750351 0.836200
v -28.038641 -8.881326 -9.299129
v -25.397522 -9.654077 -8.869419
v -1.696601 58.330692 0.826715
v -23.014551 -15.768282 -9.707025
v -29.451563 -11.308542 -9.624971
v -24.453642 -16.379414 -10.368709
v -1.343571 62.118080 0.172036
v -0.480739 61.627563 0.795543
v 0.414262 64.564049 0.766131
v -21.652525 -22.704868 -11.399136
v -19.925955 -23.053059 -10.703832
v -7.636873 42.965405 0.162080
v -24.181131 -24.439154 -11.973230
v -20.067009 -27.012699 -12.577541
v -23.729895 -30.194548 -13.257397
v -27.978405 -16.484848 -10.184555
v -0.480227 64.942062 0.880409
v -20.203350 -32.974232 -14.208454
v -18.128527 -28.683266 -12.221768
v -16.781857 -32.317982 -12.885390
v -17.602995 -35.053017 -13.835274
v -23.503164 -35.444344 -14.312836
v -31.991722 -6.415061 -8.712033
v -18.773207 -40.392151 -16.022648
v -22.106020 -40.713970 -16.050692
v -18.391878 -47.942890 -19.172771
v -21.585157 -46.344372 -18.274115
v -19.468290 -52.918697 -20.850409
v -16.844238 -54.448029 -21.565620
v -19.688768 -57.678818 -22.657356
v -17.397388 -44.228394 -17.314564
v -15.081052 -50.317535 -18.404999
v -15.577891 -52.162785 -20.254963
v -15.957470 -44.517681 -15.903502
v -16.530687 -39.444283 -15.009217
v -14.130856 -55.550037 -19.282095
v -14.541706 -58.655872 -20.938187
v -14.423557 -49.441807 -16.343527
v -15.636350 -36.833408 -12.104436
v -16.522064 -61.112625 -23.179079
v -14.873225 -66.836197 -23.718693
v -16.072960 -67.658607 -24.858295
v -13.909915 -73.932816 -25.976658
v -12.920016 -75.130074 -24.786106
v -15.256806 -33.431282 -11.777656
v -17.092999 -30.160427 -11.704926
v -13.354544 -78.163544 -27.696064
v -18.218094 -26.286152 -10.323859
v -12.082785 -81.763580 -27.308788
v -14.036777 -83.956482 -30.753325
v -14.097193 -61.238785 -20.391066
v -13.781676 -67.572571 -21.406313
v -13.576718 -69.683441 -20.985779
v -15.177303 -45.527851 -14.055319
v -12.855371 -84.880463 -28.390385
v -13.216944 -87.771042 -32.086246
v -14.567039 -36.184502 -9.875011
v -14.684172 -34.479511 -9.729969
v -11.485811 -82.300888 -24.862217
v -13.848821 -58.323475 -17.253471
v -12.725395 -88.631134 -29.908848
v -13.900473 -54.606094 -16.179216
v -16.608505 -31.000422 -9.041333
v -17.130125 -28.562840 -8.340894
v -18.062513 -24.937199 -8.530482
v -21.047834 -16.363636 -8.466410
v -19.165371 -19.381433 -5.586741
v -20.173414 -14.273668 -4.937282
v -13.550823 -91.264320 -31.365213
v -15.563119 -76.003723 -27.596073
v -14.750550 -91.337219 -32.476460
v -14.011862 -94.831741 -32.529667
v -14.947099 -96.789490 -34.388725
v -13.929295 -102.046555 -33.966496
v -15.111130 -101.287422 -36.644817
v -14.051700 -107.072037 -37.281425
v -14.888699 -107.617149 -38.793552
v -16.367855 -105.797134 -39.234184
v -16.293633 -101.734123 -37.559589
v -16.376173 -96.380882 -35.149349
v -15.788789 -90.192802 -32.600990
v -14.810056 -87.849281 -32.781517
v -14.883436 -82.589706 -30.246710
v -15.787603 -111.868484 -39.338703
v -16.055401 -85.541298 -31.913826
v -20.284294 -63.034161 -24.335123
v -20.169201 -70.605049 -26.336031
v -18.661592 -80.776039 -29.428595
v -19.366705 -105.062927 -39.072464
v -19.612438 -84.585434 -31.113865
v -20.559076 -100.219749 -36.785767
v -19.761545 -109.589584 -39.563168
v -16.918049 -113.774940 -40.198174
v -17.090813 -117.737465 -41.800053
v -20.182009 -117.300797 -42.165791
v -20.952560 -122.249496 -46.797695
v -17.955797 -123.018776 -45.943581
v -21.389214 -124.736008 -47.586014
v -18.572027 -124.783318 -46.548794
v -16.472221 -121.365433 -43.534203
v -16.990086 -125.177032 -45.004158
v -21.141314 -89.793274 -31.804823
v -20.650303 -114.642807 -40.294289
v -24.327427 -113.481911 -40.127865
v -21.569904 -116.859627 -41.460800
v -21.184298 -79.261856 -28.445463
v -20.356100 -76.421150 -27.861826
v -26.352699 -116.429291 -40.712090
v -25.141459 -124.431755 -46.956600
v -23.699661 -122.456528 -46.724964
v -23.638742 -107.034149 -38.060505
v -23.373234 -103.157753 -36.742245
v -24.972181 -120.637833 -45.089256
v -24.401995 -118.092819 -42.541233
v -21.192446 -60.666916 -23.295341
v -25.525017 -111.321129 -38.842957
v -21.452267 -86.274963 -30.835794
v -27.387499 -118.855804 -41.448509
v -23.245176 -96.115990 -33.253506
v -27.405735 -122.465446 -44.668667
v -21.944984 -126.306297 -47.022087
v -15.708701 -119.006386 -40.167290
v -15.832036 -124.570007 -42.578167
v -14.613975 -110.459122 -37.141159
v -15.193341 -115.141533 -37.897690
v -12.543210 85.585693 19.435495
v -11.689440 86.551270 18.864815
v -12.965967 82.467400 20.250183
v 18.113123 105.019379 12.069151
v 19.464884 104.891403 12.453922
v 16.139814 106.357300 12.827636
v 17.969090 106.083931 12.710554
v 16.937349 105.829552 11.592638
v 17.969090 106.083931 12.710554
v 18.113123 105.019379 12.069151
v 19.464884 104.891403 12.453922
v 16.139814 106.357300 12.827636
v 9.840322 110.796364 16.941078
v 10.992132 108.776947 16.250950
v 11.594676 107.718979 14.934720
v 12.586704 102.273346 9.474180
v 14.271061 101.639809 10.460217
v 12.817840 101.136223 9.154863
v 13.407756 103.759308 11.603323
v 4.797974 107.397072 8.633117
v 8.206229 103.279495 6.798076
v 9.061412 101.095993 4.484006
v 5.907116 104.360733 6.584918
v 1.788483 113.704361 15.101159
v 7.771300 111.613091 16.622040
v 1.344728 115.053589 17.457312
v -0.453984 116.024460 19.306583
v -22.748405 80.484901 21.965668
v -23.303371 78.003624 20.911648
v -22.858894 80.455505 22.803865
v 37.899143 115.037056 26.199066
v 37.823963 114.345184 24.645536
v 38.183155 114.108955 27.139883
v 38.094837 114.503563 28.624842
v 4.797974 107.397072 8.633117
v 3.656773 110.090996 11.139333
v 1.788483 113.704361 15.101159
v -15.724444 116.430420 28.281158
v -17.635767 115.727013 27.239647
v -17.884651 116.151802 27.772789
v -18.910231 113.612297 23.994066
v 12.817840 101.136223 9.154863
v 14.271061 101.639809 10.460217
v 12.945643 101.488831 10.428044
v 10.384159 100.622131 6.511323
v 14.576508 100.332375 7.319782
v 12.685344 98.326065 5.593553
v 15.151755 98.736496 5.592324
v 15.496437 99.808632 6.480808
v 17.691013 98.734573 6.867117
v 8.863791 99.798096 6.448638
v 17.943016 96.557838 6.408663
v 18.517845 97.453125 8.003002
v 18.162546 99.410713 8.045489
v 15.152388 97.508476 5.580405
v -24.531294 -128.907227 -36.140366
v -21.154606 -129.507874 -35.887856
v -23.009798 -129.203979 -35.721554
v 29.036880 106.935455 14.513742
v 29.073187 105.968559 15.709844
v 29.648737 106.187714 15.440016
v 32.891815 108.805733 18.881325
v 32.349674 109.017265 18.631411
v 33.225422 108.627823 19.794329
v -6.067027 56.709812 5.617161
v -11.188968 60.079350 7.869258
v -10.738276 60.766209 10.604001
v -11.689440 86.551270 18.864815
v -10.807865 87.799202 21.863152
v -12.965967 82.467400 20.250183
v 17.673008 91.313583 24.940260
v 15.891395 89.393341 22.636637
v 15.826523 87.367615 24.509445
v 14.065216 86.752541 23.260666
v -15.636350 -36.833408 -12.104436
v -14.567039 -36.184502 -9.875011
v -16.229897 -39.468353 -9.577726
v 19.718824 110.054970 30.506428
v 17.983130 110.173477 30.740128
v 19.865898 106.891663 33.498329
v 17.248850 110.841766 30.307142
v -1.696601 58.330692 0.826715
v -1.657721 55.920361 2.784459
v -2.943516 53.446789 2.243818
v -0.931066 59.263119 1.996979
v -0.480739 61.627563 0.795543
v -2.468123 53.031757 4.604008
v -2.632974 51.330879 3.617657
v -1.640395 45.346813 3.816335
v -17.377344 63.211826 2.478431
v -19.229181 64.051376 0.608309
v -17.851824 63.922665 4.937795
v -18.366016 64.290970 -0.466347
v -18.811333 65.734016 -2.222532
v -32.878159 78.212914 5.515740
v -34.198318 79.378616 6.443127
v -31.766666 79.406624 7.369708
v -14.131936 79.430664 0.104117
v -15.451707 79.773758 1.659154
v -14.723667 78.662430 2.765212
v 14.576508 100.332375 7.319782
v 12.586704 102.273346 9.474180
v 12.817840 101.136223 9.154863
v 15.496437 99.808632 6.480808
v 33.052380 99.581612 13.778835
v 29.955017 100.553299 13.944263
v 32.430630 97.096733 12.558732
v 36.349316 98.647377 13.697681
v 29.959610 94.938118 13.016988
v 26.660763 97.723503 13.175974
v 27.451365 100.812393 13.529191
v 29.497084 102.709435 13.516658
v 27.848015 90.579948 11.847244
v 29.838930 102.586288 14.524885
v 32.570358 90.174110 11.178920
v 28.389416 102.917831 13.399507
v 40.185204 101.119995 17.991650
v 37.804821 102.768280 18.360928
v 41.239765 99.767258 16.484440
v 29.960077 89.252625 11.653838
v 44.123058 103.067032 22.611980
v 44.563637 100.955292 18.284836
v 45.832825 102.457962 22.241766
v 46.729847 104.386360 27.216118
v 44.828514 105.723732 27.675529
v 45.753262 107.820793 32.082733
v 42.594765 109.837471 31.782524
v 39.600826 111.573265 28.788435
v 38.240749 113.135834 32.595306
v 35.574486 113.885292 30.240837
v 32.406269 113.583206 26.682314
v 31.757536 116.295670 30.973152
v 28.325615 115.738922 26.705193
v 25.754511 114.118309 23.873610
v 34.928284 110.506203 23.104725
v 27.850954 112.573036 23.142805
v 35.227749 115.133797 34.743309
v 42.253464 110.997993 34.450844
v 44.887104 110.278107 34.420967
v 39.875008 109.134819 25.736156
v 44.940220 113.814209 36.157837
v 39.569996 114.160851 36.033512
v 48.777744 115.558189 35.609993
v 49.354610 114.780655 35.381897
v 29.036489 110.373520 21.223349
v 31.600492 107.247726 18.329250
v 29.230833 108.594475 19.258232
v 38.725281 112.445206 34.440838
v 32.011063 84.551086 10.980103
v 27.401320 83.709824 12.160566
v 30.764063 78.131577 12.238841
v 32.312252 77.396774 11.722069
v 42.104694 104.657600 23.228006
v 28.333776 109.944832 21.730196
v 35.985111 106.791107 20.290066
v 29.299665 107.891495 18.114134
v 30.144108 106.811653 17.248920
v 29.107895 104.968948 15.024847
v 53.159115 117.564774 33.899250
v 39.569996 114.160851 36.033512
v 35.227749 115.133797 34.743309
v 38.725281 112.445206 34.440838
v 29.107895 104.968948 15.024847
v 28.389416 102.917831 13.399507
v 29.838930 102.586288 14.524885
v 29.497084 102.709435 13.516658
v 29.073187 105.968559 15.709844
v 29.648737 106.187714 15.440016
v 39.700340 129.188156 26.298407
v 38.772980 118.800560 27.106028
v 39.602520 123.388329 26.882629
v 39.214226 129.764832 22.189014
v 37.466484 124.014091 16.613213
v 37.565815 115.870560 23.419836
v 37.899143 115.037056 26.199066
v 35.734608 115.469193 18.364183
v 38.271229 129.848770 14.527649
v 37.177582 127.336349 12.620700
v 37.058342 129.809937 12.674778
v 35.992367 127.895645 11.655265
v 38.094837 114.503563 28.624842
v 39.794163 129.849228 24.368528
v 36.047836 125.204597 11.746607
v 35.857506 112.244316 22.336393
v 34.498009 110.705315 19.840910
v 32.551773 110.716576 16.284967
v 32.349674 109.017265 18.631411
v 30.961506 108.248695 18.048237
v 30.144108 106.811653 17.248920
v 29.036880 106.935455 14.513742
v 36.740456 113.130775 23.641367
v 33.225422 108.627823 19.794329
v 29.003170 109.266144 12.548477
v 27.337597 105.636917 12.092354
v 39.231670 130.077911 18.701433
v 27.422371 104.995087 13.646942
v 26.374069 101.601128 14.410650
v 27.388193 104.796875 18.633888
v 25.522007 100.082588 21.123951
v 24.223429 97.769279 16.125034
v 24.347645 100.087074 11.611371
v 21.946707 96.882896 12.681780
v 21.604326 95.493889 15.997553
v 21.860304 94.831726 21.811155
v 29.648737 106.187714 15.440016
v 29.107895 104.968948 15.024847
v 23.565107 96.859879 22.414013
v 24.847103 101.542618 10.670496
v 37.381077 112.977425 25.522364
v 34.390511 118.672394 13.367371
v 31.245955 118.513840 10.571843
v 25.967068 111.736725 10.095355
v 32.349674 109.017265 18.631411
v 32.891815 108.805733 18.881325
v 34.498009 110.705315 19.840910
v 52.414997 69.493660 2.998860
v 52.815487 71.255562 5.736594
v 48.896709 68.482491 5.356606
v 47.458946 65.706413 2.040785
v 49.421757 71.218323 7.011538
v 52.953529 73.976952 7.709774
v 54.711658 74.834229 6.080620
v 53.041370 77.888611 8.833498
v 49.360729 73.821793 8.017242
v 55.088066 78.379410 6.278650
v 55.008644 74.192215 2.719858
v 55.502460 77.545372 3.269547
v 45.486080 76.559570 2.658183
v 45.314449 72.968361 -0.525751
v 44.845585 70.673416 2.476419
v 44.899967 67.898079 -0.687339
v 45.146790 67.349770 2.487443
v 46.368053 76.236496 -0.768865
v 46.663727 79.910820 2.865730
v 47.256504 79.518059 5.684157
v 46.119595 74.493721 5.423266
v 46.282692 70.600151 5.134603
v 48.476578 81.686592 3.423936
v 47.687889 78.849236 -0.476898
v 49.232086 80.814110 0.477476
v 47.211845 73.366180 -2.353644
v 47.241081 69.614418 -2.431493
v 49.341652 77.567825 -2.078545
v 42.471371 66.303093 0.487753
v 41.644081 65.649010 -0.926430
v 41.881168 64.745209 0.902369
v 42.113281 63.446213 -0.777499
v 44.578072 65.960724 -2.317792
v 49.311943 73.574081 -3.141285
v 46.225952 67.492416 -1.396608
v 49.311943 73.574081 -3.141285
v 51.744690 73.798569 -2.156891
v 49.841991 70.479462 -2.019901
v 47.241081 69.614418 -2.431493
v 51.474945 69.626686 -0.462854
v 47.497520 66.232185 -0.132545
v 46.225952 67.492416 -1.396608
v 45.866543 64.155029 -0.404652
v 53.798389 73.731651 -0.402597
v 44.578072 65.960724 -2.317792
v 42.113281 63.446213 -0.777499
v 52.664394 77.355881 -1.203842
v 54.190910 77.596161 0.343588
v 49.341652 77.567825 -2.078545
v 55.008644 74.192215 2.719858
v 52.414997 69.493660 2.998860
v 55.502460 77.545372 3.269547
v 46.407230 64.456398 1.311740
v 47.458946 65.706413 2.040785
v 43.055016 63.385761 0.600613
v 51.683403 81.589516 3.225080
v 52.039082 80.931870 6.830710
v 54.144802 79.933426 3.463513
v 55.088066 78.379410 6.278650
v 55.502460 77.545372 3.269547
v 52.196545 80.104988 0.514458
v 54.190910 77.596161 0.343588
v 52.664394 77.355881 -1.203842
v 49.232086 80.814110 0.477476
v 48.476578 81.686592 3.423936
v 49.477215 81.196388 6.077168
v 49.341652 77.567825 -2.078545
v 52.039082 80.931870 6.830710
v 49.073689 78.261101 8.014427
v 53.041370 77.888611 8.833498
v 49.477215 81.196388 6.077168
v 47.256504 79.518059 5.684157
v 48.476578 81.686592 3.423936
v 55.088066 78.379410 6.278650
v 49.421757 71.218323 7.011538
v 46.282692 70.600151 5.134603
v 48.896709 68.482491 5.356606
v 45.146790 67.349770 2.487443
v 49.360729 73.821793 8.017242
v 47.458946 65.706413 2.040785
v 46.119595 74.493721 5.423266
v 44.688263 64.800529 2.138351
v 41.881168 64.745209 0.902369
v 43.055016 63.385761 0.600613
v 45.146790 67.349770 2.487443
v 47.458946 65.706413 2.040785
v 46.407230 64.456398 1.311740
v 42.113281 63.446213 -0.777499
v -7.763715 81.755600 -9.019023
v -5.086974 82.076530 -7.303683
v -8.325210 81.383736 -7.339289
v -5.118423 81.916710 -8.582616
v 0.802721 82.499580 -7.810136
v 0.916299 82.819527 -8.880157
v -9.514731 80.767197 -8.899929
v -12.094872 79.483223 -8.153868
v -12.548151 79.450615 -7.166740
v 4.659445 85.445938 -8.585253
v 5.841949 87.506149 -9.098824
v 6.880341 87.443092 -6.604335
v 8.343971 90.583107 -6.888135
v 7.832550 89.120438 -5.531098
v 6.912508 90.440887 -8.336617
v 4.319669 85.484062 -6.530930
v 1.240654 83.338005 -6.697033
v -0.570568 92.517456 -4.482590
v -0.788498 92.446205 -5.377513
v -1.716847 90.147041 -5.845201
v -2.163035 88.594109 -5.393986
v -1.490317 85.159164 -7.166987
v -1.923425 85.042625 -6.207062
v 4.766306 89.570679 -7.350461
v 4.585776 92.907364 -5.362935
v 7.628482 93.589592 -5.716921
v 5.841949 87.506149 -9.098824
v 3.790505 93.576324 -4.494889
v 0.725923 84.155571 -9.255105
v 6.912508 90.440887 -8.336617
v 0.916299 82.819527 -8.880157
v -5.118423 81.916710 -8.582616
v -6.622539 83.041840 -8.863359
v -7.763715 81.755600 -9.019023
v -9.514731 80.767197 -8.899929
v -12.258697 80.684929 -8.703598
v 8.343971 90.583107 -6.888135
v -12.094872 79.483223 -8.153868
v -10.858695 81.811714 -7.485610
v -12.548151 79.450615 -7.166740
v -5.333591 83.728928 -8.411171
v -5.476962 83.586754 -7.174931
v -2.163035 88.594109 -5.393986
v -1.923425 85.042625 -6.207062
v -1.182109 85.497559 -5.451652
v 3.293365 88.718689 -5.151554
v 4.319669 85.484062 -6.530930
v 1.240654 83.338005 -6.697033
v 5.261814 87.742371 -5.644270
v -5.122487 82.979454 -6.659897
v 6.498069 92.701202 -3.034380
v 7.832550 89.120438 -5.531098
v -5.086974 82.076530 -7.303683
v -8.325210 81.383736 -7.339289
v -9.200544 81.912651 -6.982288
v -12.548151 79.450615 -7.166740
v -0.570568 92.517456 -4.482590
v 2.845387 91.244896 -4.457930
v 3.790505 93.576324 -4.494889
v 5.548965 93.758003 -3.122582
v 6.880341 87.443092 -6.604335
v 6.878778 94.178963 -3.481720
v 0.802721 82.499580 -7.810136
v -10.858695 81.811714 -7.485610
v -5.476962 83.586754 -7.174931
v 7.628482 93.589592 -5.716921
v 6.878778 94.178963 -3.481720
v 8.191328 92.577690 -4.620696
v 8.343971 90.583107 -6.888135
v 7.832550 89.120438 -5.531098
v 6.498069 92.701202 -3.034380
v 6.878778 94.178963 -3.481720
v 3.790505 93.576324 -4.494889
v 5.548965 93.758003 -3.122582
v 7.628482 93.589592 -5.716921
v -12.258697 80.684929 -8.703598
v -12.094872 79.483223 -8.153868
v -12.548151 79.450615 -7.166740
v -1.923425 85.042625 -6.207062
v -5.476962 83.586754 -7.174931
v -5.122487 82.979454 -6.659897
v -1.182109 85.497559 -5.451652
vn -0.4734 -0.7043 -0.5290
vn -0.4418 -0.7232 -0.5308
vn -0.7443 -0.5510 -0.3774
vn -0.6115 -0.7107 0.3477
vn -0.3220 -0.6498 -0.6885
vn -0.4608 -0.7503 -0.4740
vn -0.5450 -0.6375 -0.5445
vn -0.1471 -0.9830 0.1100
vn 0.0384 0.5209 0.8528
vn -0.4270 0.9008 0.0787
vn 0.7040 -0.6705 0.2339
vn 0.6994 -0.6130 0.3676
vn 0.6761 -0.6678 0.3113
vn 0.8686 0.4952 -0.0177
vn 0.8391 -0.5440 0.0032
vn -0.6457 0.7180 -0.2599
vn 0.8112 -0.5495 0.2002
vn 0.8015 0.4842 -0.3509
vn 0.9100 -0.0670 -0.4091
vn 0.9334 -0.0257 -0.3580
vn 0.9795 -0.1133 0.1663
vn 0.9795 -0.1636 0.1178
vn 0.5832 0.5718 0.5770
vn 0.7859 -0.1174 0.6071
vn 0.8053 -0.5438 0.2361
vn 0.8082 -0.5314 0.2537
vn 0.7689 -0.6001 0.2206
vn 0.8302 -0.4885 0.2686
vn 0.5757 0.5016 -0.6458
vn 0.7054 0.0647 -0.7059
vn 0.6943 0.5809 -0.4249
vn 0.8427 -0.4732 -0.2568
vn 0.8420 -0.4795 -0.2471
vn 0.5502 0.7719 -0.3186
vn 0.5491 0.8301 0.0972
vn 0.8674 -0.4690 0.1662
vn 0.6502 0.7360 0.1884
vn 0.8621 -0.4740 0.1789
vn 0.7172 -0.4325 0.5464
vn 0.7174 -0.2072 0.6652
vn 0.8111 -0.5305 0.2464
vn -0.7649 0.6327 -0.1207
vn -0.7584 0.5835 -0.2906
vn -0.7103 0.6999 -0.0744
vn 0.7684 -0.6240 0.1422
vn 0.2943 -0.5708 0.7666
vn 0.0938 -0.2768 0.9563
vn -0.8470 0.5177 -0.1205
vn 0.8684 -0.4944 0.0380
vn 0.8808 -0.4175 0.2233
vn 0.9310 -0.2989 0.2094
vn 0.8855 -0.4173 0.2041
vn 0.0402 0.9852 0.1669
vn 0.0502 0.9834 0.1744
vn 0.3022 -0.5352 0.7888
vn 0.0949 -0.3568 0.9294
vn -0.1265 0.5159 0.8472
vn 0.8092 -0.5872 -0.0180
vn 0.9132 -0.3975 0.0892
vn 0.7986 -0.5866 0.1347
vn 0.8928 -0.2963 0.3392
vn -0.5085 0.7506 -0.4220
vn 0.3647 -0.0025 0.9311
vn 0.5376 -0.3189 0.7806
vn 0.0116 0.9596 -0.2812
vn -0.1803 0.5590 0.8093
vn -0.2033 -0.0125 0.9790
vn 0.8610 -0.4969 0.1081
vn 0.8063 -0.5177 0.2861
vn 0.8602 -0.4013 0.3148
vn 0.8607 -0.4012 0.3135
vn 0.5477 -0.4489 0.7061
vn -0.6024 0.7130 0.3589
vn -0.5141 0.5206 0.6817
vn -0.7028 0.7114 -0.0047
vn 0.7744 -0.6326 -0.0122
vn 0.7732 -0.6339 0.0170
vn -0.6294 -0.0402 0.7760
vn -0.4346 -0.3334 0.8366
vn -0.4053 -0.4149 0.8146
vn -0.6863 0.7272 -0.0095
vn -0.5817 0.8044 -0.1207
vn 0.2003 -0.1360 0.9702
vn -0.9047 0.3343 -0.2643
vn -0.4437 -0.4676 0.7645
vn -0.1942 0.8893 -0.4140
vn -0.1543 0.7414 -0.6530
vn -0.1236 0.7820 -0.6109
vn 0.4649 -0.6281 0.6240
vn 0.3404 -0.5068 0.7920
vn 0.2468 -0.4302 0.8683
vn 0.6532 -0.2795 -0.7037
vn 0.0837 -0.1500 0.9851
vn 0.2315 -0.6281 0.7429
vn -0.4844 0.8595 -0.1630
vn -0.0518 0.9065 -0.4191
vn -0.0811 0.9963 -0.0294
vn -0.1939 0.6503 -0.7345
vn -0.4751 0.8601 0.1855
vn -0.4015 -0.0530 0.9143
vn -0.4526 0.8879 0.0825
vn 0.4551 -0.8413 -0.2918
vn -0.5124 0.8471 0.1413
vn -0.0733 0.9207 -0.3834
vn -0.5096 -0.7305 0.4545
vn -0.3862 0.6307 -0.6731
vn -0.5651 0.8235 -0.0503
vn 0.2886 -0.9544 0.0767
vn 0.1272 -0.7936 0.5950
vn -0.3377 0.9377 0.0816
vn -0.1327 0.9194 -0.3703
vn 0.4066 0.7733 -0.4865
vn 0.3965 0.7664 -0.5054
vn 0.1982 0.6879 -0.6982
vn -0.1866 -0.7110 0.6780
vn -0.1337 0.9578 0.2544
vn -0.0024 0.3045 0.9525
vn -0.1093 -0.4369 0.8928
vn -0.3461 -0.4780 0.8073
vn 0.5723 0.6367 -0.5169
vn 0.6716 0.7286 -0.1342
vn -0.1541 0.9759 0.1547
vn -0.0513 -0.4814 0.8750
vn -0.6429 -0.6464 0.4110
vn -0.8576 0.4082 0.3129
vn -0.2379 0.9658 0.1036
vn 0.2990 0.7748 -0.5570
vn 0.3050 0.7658 -0.5662
vn 0.5162 0.8549 0.0518
vn 0.5187 0.7892 -0.3288
vn -0.2450 -0.5921 0.7677
vn 0.9858 -0.1052 -0.1307
vn 0.9925 -0.0689 -0.1013
vn -0.7590 0.6264 0.1777
vn 0.9989 -0.0124 0.0443
vn -0.3010 0.1006 0.9483
vn -0.3806 0.9240 0.0369
vn 0.7414 -0.6658 -0.0843
vn 0.9538 -0.2046 -0.2199
vn 0.9791 -0.1219 -0.1628
vn 0.4819 0.6070 -0.6319
vn -0.5095 -0.5484 0.6630
vn 0.9576 -0.1908 -0.2160
vn 0.9832 -0.1531 -0.0996
vn 0.9706 -0.1822 -0.1570
vn 0.6000 -0.0697 0.7970
vn 0.9881 -0.1236 0.0916
vn -0.0349 0.9523 0.3033
vn 0.0185 0.9831 -0.1819
vn -0.2498 0.9576 0.1435
vn 0.8982 -0.2863 -0.3335
vn -0.1953 0.8984 -0.3934
vn -0.1274 0.9522 0.2776
vn -0.9764 0.1783 0.1221
vn 0.9140 -0.2710 -0.3019
vn 0.9615 -0.2654 0.0717
vn 0.2716 0.8519 -0.4477
vn 0.1410 0.9666 -0.2138
vn 0.8777 0.1327 -0.4606
vn -0.6443 -0.0477 0.7633
vn 0.8772 -0.3295 -0.3492
vn -0.2004 -0.7609 0.6172
vn -0.3044 -0.6045 0.7361
vn 0.8731 -0.2928 -0.3898
vn 0.8914 -0.3306 -0.3099
vn 0.7900 -0.5997 -0.1271
vn 0.6983 -0.7137 0.0546
vn 0.4857 0.7486 -0.4514
vn 0.1721 0.9729 0.1544
vn -0.3486 -0.5397 0.7663
vn 0.8627 -0.3709 -0.3437
vn 0.9273 0.2429 -0.2849
vn 0.8084 0.1246 0.5753
vn 0.7938 0.0985 0.6002
vn 0.8825 -0.3359 0.3292
vn 0.1616 0.9852 -0.0563
vn 0.0056 0.9481 -0.3179
vn 0.8339 -0.3354 -0.4383
vn 0.8357 -0.3839 -0.3928
vn 0.9931 -0.0003 0.1170
vn 0.9992 -0.0268 0.0301
vn 0.9737 0.0405 0.2241
vn 0.9932 -0.0075 0.1160
vn 0.7298 -0.0503 0.6819
vn 0.9833 0.0775 0.1646
vn 0.9947 -0.0808 -0.0629
vn 0.9940 -0.0080 0.1088
vn 0.7344 -0.1486 0.6622
vn 0.7527 0.2414 -0.6125
vn -0.4243 0.0220 0.9053
vn 0.7600 -0.3386 -0.5547
vn 0.3443 0.7701 -0.5370
vn 0.3454 0.7335 -0.5854
vn 0.8602 -0.3805 -0.3397
vn -0.3914 -0.5358 0.7481
vn 0.2698 0.8518 -0.4491
vn 0.1672 0.9750 0.1465
vn 0.8009 0.0026 -0.5989
vn 0.8472 0.0582 -0.5281
vn 0.9081 -0.0912 -0.4087
vn 0.9255 0.0362 -0.3770
vn 0.9231 0.0424 -0.3822
vn 0.8673 -0.0705 -0.4927
vn 0.8942 -0.0489 -0.4449
vn 0.7664 0.1253 -0.6300
vn 0.7603 0.1216 -0.6381
vn 0.7597 0.1963 -0.6199
vn 0.8823 0.2193 -0.4166
vn 0.9643 -0.1464 0.2206
vn 0.7365 -0.0126 0.6763
vn 0.9051 -0.0197 0.4247
vn 0.8736 0.1275 0.4697
vn 0.9940 0.0967 -0.0506
vn 0.7758 -0.1184 0.6198
vn 0.4786 0.1776 0.8599
vn 0.8451 0.1036 0.5245
vn 0.7151 0.2284 0.6607
vn 0.6385 0.5379 -0.5504
vn 0.7642 0.2369 0.5999
vn 0.9875 0.0909 0.1288
vn 0.8098 0.0846 0.5806
vn 0.9479 -0.1553 0.2783
vn 0.5956 0.1549 0.7882
vn 0.9286 0.3633 0.0757
vn 0.8156 0.1097 0.5681
vn 0.6506 -0.7123 0.2635
vn 0.6751 -0.2682 -0.6873
vn 0.8195 -0.5654 -0.0939
vn 0.7023 0.2361 -0.6715
vn 0.4905 -0.4485 0.7472
vn 0.6612 -0.6998 -0.2702
vn 0.8542 0.1901 -0.4839
vn 0.7976 0.2298 -0.5576
vn 0.6221 -0.7523 0.2168
vn 0.9400 0.1078 0.3238
vn 0.9013 0.0238 0.4325
vn 0.9929 -0.0011 0.1187
vn 0.9454 -0.0193 0.3252
vn 0.4744 0.0723 0.8773
vn -0.4241 0.0298 0.9051
vn -0.0965 -0.4191 0.9028
vn -0.8204 0.3525 0.4502
vn 0.7961 -0.5688 -0.2067
vn -0.3854 -0.5207 0.7618
vn -0.3893 -0.5431 0.7440
vn -0.3719 -0.6255 0.6859
vn 0.4228 -0.5027 -0.7540
vn 0.5989 -0.6425 -0.4780
vn 0.5312 -0.1330 0.8367
vn 0.5052 -0.1428 0.8511
vn 0.5076 -0.0416 0.8606
vn 0.5296 -0.0322 0.8476
vn 0.3582 0.1335 0.9241
vn 0.5636 -0.7033 -0.4332
vn 0.7175 -0.3833 0.5816
vn 0.8607 -0.0383 0.5076
vn 0.2958 0.3641 0.8831
vn 0.7840 -0.1137 0.6102
vn 0.7412 -0.0928 -0.6649
vn 0.3743 0.3898 0.8414
vn 0.8265 -0.2486 0.5051
vn 0.8355 -0.1558 0.5270
vn 0.5689 0.0686 0.8195
vn 0.9713 0.2379 0.0075
vn 0.9659 0.2591 -0.0031
vn 0.9318 0.3538 0.0816
vn -0.0787 -0.8203 0.5665
vn 0.5028 -0.8518 -0.1473
vn 0.5516 0.3086 -0.7749
vn 0.7921 -0.0263 -0.6098
vn 0.7963 -0.0288 -0.6042
vn 0.5153 -0.7908 0.3303
vn 0.9499 0.2755 0.1476
vn 0.9980 0.0479 0.0420
vn 0.7750 -0.1085 0.6226
vn 0.6308 -0.0119 0.7758
vn 0.5026 -0.0804 0.8608
vn -0.5168 0.2259 0.8258
vn 0.7283 0.3008 0.6157
vn 0.6678 0.2486 0.7016
vn 0.6659 0.2733 0.6942
vn 0.9925 -0.1112 0.0503
vn 0.6915 -0.1911 0.6967
vn 0.5413 0.1093 0.8337
vn 0.9418 -0.2787 -0.1882
vn 0.9151 -0.1673 -0.3670
vn -0.5642 0.5555 0.6109
vn 0.3391 0.9389 0.0590
vn 0.3705 0.7564 -0.5391
vn 0.3788 0.8184 -0.4321
vn -0.3167 -0.0039 0.9485
vn 0.9685 -0.0844 -0.2341
vn 0.9984 -0.0148 -0.0555
vn 0.1547 -0.7268 0.6692
vn 0.3457 0.7966 -0.4959
vn 0.7030 -0.6937 0.1567
vn 0.6924 -0.5791 0.4304
vn 0.8897 -0.1580 0.4283
vn -0.1849 -0.9029 0.3881
vn 0.9797 0.2002 -0.0097
vn 0.8767 -0.2274 0.4239
vn 0.9076 0.4049 0.1108
vn 0.3426 0.7960 -0.4991
vn 0.7873 -0.4021 0.4673
vn 0.8721 -0.2043 0.4447
vn 0.9663 0.2025 -0.1592
vn 0.8843 0.0669 0.4620
vn 0.6172 -0.0654 -0.7841
vn 0.5800 0.5336 -0.6155
vn 0.7020 0.6786 -0.2161
vn 0.4661 0.8770 0.1165
vn 0.0489 -0.2844 0.9575
vn 0.4793 0.8574 0.1874
vn 0.0379 -0.4031 0.9144
vn 0.1972 -0.0542 0.9789
vn 0.3617 0.1112 0.9256
vn -0.6411 0.3059 0.7038
vn 0.3278 -0.1783 0.9278
vn -0.0842 -0.4221 0.9026
vn 0.3092 -0.1547 0.9383
vn -0.7404 0.3755 0.5574
vn 0.7638 -0.3369 -0.5506
vn -0.0354 -0.2763 0.9604
vn 0.5161 0.4955 -0.6986
vn -0.2831 -0.5052 0.8153
vn -0.5697 0.6881 0.4493
vn 0.3192 0.7446 -0.5863
vn 0.3555 0.8465 -0.3963
vn -0.7027 -0.0199 0.7112
vn 0.0915 -0.2201 0.9712
vn -0.3258 0.2215 0.9191
vn -0.1661 0.1509 0.9745
vn -0.3625 0.6130 -0.7020
vn -0.2037 0.4081 0.8899
vn 0.1190 0.8210 -0.5583
vn -0.2533 0.4197 0.8716
vn -0.2866 0.2889 0.9135
vn -0.4701 -0.7996 0.3736
vn -0.2348 0.8894 0.3921
vn 0.9991 -0.0123 -0.0397
vn 0.7404 -0.0230 0.6717
vn 0.3640 0.5088 -0.7801
vn -0.1107 0.3486 -0.9307
vn -0.3885 0.2210 0.8946
vn 0.0746 0.6380 0.7664
vn 0.2484 0.4263 0.8698
vn 0.2203 0.1463 0.9644
vn 0.0464 -0.4255 0.9038
vn 0.6058 -0.2764 -0.7461
vn 0.1832 0.4966 -0.8484
vn 0.2509 -0.2257 0.9413
vn -0.7315 0.4333 0.5265
vn 0.7524 -0.4297 -0.4992
vn -0.2018 -0.7035 0.6815
vn 0.3203 0.7509 -0.5775
vn -0.9302 0.3627 0.0560
vn -0.2843 0.0139 0.9586
vn -0.2696 0.0058 0.9629
vn -0.3704 0.1679 0.9136
vn -0.1819 -0.2375 0.9542
vn -0.5699 0.3183 0.7575
vn -0.6254 -0.1526 0.7652
vn -0.7224 -0.1687 0.6706
vn -0.7362 -0.0826 0.6717
vn -0.8335 -0.3704 0.4099
vn 0.4123 0.7643 -0.4957
vn -0.2121 0.9585 0.1904
vn -0.3567 0.9335 -0.0355
vn -0.1405 0.6570 -0.7407
vn 0.0256 -0.8113 0.5841
vn -0.2007 0.9696 0.1402
vn -0.0932 0.7142 0.6937
vn 0.0021 -0.1410 0.9900
vn -0.0574 -0.2328 0.9708
vn -0.0861 0.0994 0.9913
vn -0.1450 0.1628 0.9760
vn 0.9581 -0.0956 -0.2699
vn -0.6241 -0.3392 0.7039
vn -0.0014 0.7777 0.6287
vn 0.5152 -0.4723 0.7153
vn -0.3771 -0.1100 0.9196
vn -0.2734 0.2337 0.9331
vn 0.0660 0.7986 -0.5982
vn -0.0315 0.7425 -0.6691
vn -0.6496 0.2608 0.7141
vn -0.4617 0.2087 0.8622
vn -0.4040 0.3941 0.8255
vn -0.4298 -0.6290 0.6478
vn -0.1736 0.8206 -0.5445
vn -0.4585 0.8737 -0.1626
vn -0.0113 -0.0760 0.9970
vn 0.0402 -0.2917 0.9557
vn -0.4479 0.2894 0.8459
vn -0.1668 0.7861 0.5951
vn 0.2431 0.0284 0.9696
vn -0.1174 -0.0569 0.9915
vn -0.1231 -0.2012 0.9718
vn -0.8461 0.3364 0.4134
vn -0.1701 -0.0689 0.9830
vn -0.0897 -0.1623 0.9826
vn -0.2228 -0.5563 0.8005
vn 0.9179 0.1252 -0.3766
vn 0.8570 0.4791 -0.1898
vn 0.9973 -0.0396 -0.0623
vn 0.5942 0.7149 -0.3686
vn 0.7862 0.6145 -0.0659
vn 0.6860 -0.5044 0.5245
vn 0.1873 -0.8319 0.5224
vn 0.6634 -0.2561 0.7031
vn -0.2099 -0.4884 0.8470
vn -0.1160 -0.7093 0.6953
vn -0.4796 -0.8325 0.2773
vn -0.1201 0.9901 -0.0720
vn -0.1227 0.1196 0.9852
vn 0.4220 0.0139 0.9065
vn -0.3104 -0.3626 0.8787
vn 0.1389 -0.4331 0.8906
vn 0.7766 -0.2087 -0.5944
vn 0.7930 -0.0725 -0.6049
vn 0.5500 -0.2325 0.8021
vn 0.8919 -0.3825 0.2411
vn 0.9444 -0.3230 0.0615
vn 0.5684 0.6661 -0.4829
vn 0.9399 -0.3044 0.1549
vn 0.9409 -0.2943 0.1675
vn 0.9199 -0.1804 0.3482
vn 0.9183 -0.2231 0.3271
vn -0.0482 -0.4797 0.8761
vn 0.8255 0.0096 0.5643
vn 0.1091 0.6899 0.7157
vn 0.1998 0.8351 0.5125
vn 0.1745 0.8358 0.5206
vn 0.1023 0.8788 0.4661
vn -0.3353 0.6558 -0.6764
vn -0.3546 0.9329 -0.0625
vn 0.0066 -0.0428 0.9991
vn 0.1497 -0.3434 0.9272
vn -0.5698 0.1086 0.8146
vn -0.7920 0.2964 0.5338
vn 0.5183 -0.0724 0.8521
vn 0.2611 -0.0768 0.9622
vn 0.2044 -0.1685 0.9643
vn 0.8471 -0.5256 -0.0791
vn 0.8230 0.2456 0.5122
vn 0.0380 0.0823 0.9959
vn -0.0848 0.8540 -0.5134
vn 0.1742 0.8197 0.5456
vn 0.1437 0.7865 0.6006
vn -0.0939 0.8461 -0.5246
vn -0.5034 0.5818 -0.6388
vn 0.1675 -0.3953 0.9031
vn 0.5582 -0.2273 0.7980
vn 0.4621 -0.0673 0.8843
vn 0.9493 -0.3085 -0.0608
vn 0.9357 -0.3385 -0.0993
vn 0.9802 0.0541 0.1904
vn 0.8739 -0.2648 0.4077
vn 0.6801 0.2681 0.6824
vn 0.7131 0.1905 0.6747
vn 0.8173 0.0116 0.5761
vn -0.0368 -0.7604 0.6484
vn -0.1675 0.8787 -0.4469
vn 0.0535 -0.8350 0.5477
vn -0.1802 0.8232 -0.5384
vn -0.0475 0.7655 0.6417
vn -0.0472 0.7557 0.6532
vn -0.3093 0.7225 -0.6183
vn -0.5132 0.7659 -0.3874
vn -0.2313 -0.5644 0.7925
vn -0.2896 0.7779 0.5577
vn -0.2100 0.0646 0.9756
vn 0.2505 -0.2277 0.9409
vn 0.1913 -0.1191 0.9743
vn -0.2479 0.0817 0.9653
vn -0.2349 -0.3951 0.8881
vn -0.2726 -0.4449 0.8531
vn 0.4223 -0.0792 0.9030
vn 0.2875 -0.1941 0.9379
vn 0.8322 -0.5466 0.0931
vn 0.7231 -0.6350 -0.2718
vn 0.8933 -0.4355 -0.1109
vn 0.9062 0.1567 0.3929
vn 0.8887 0.1121 0.4445
vn 0.9008 -0.3666 0.2330
vn 0.5126 0.4194 0.7492
vn 0.7804 -0.2391 0.5778
vn 0.0549 0.7997 -0.5978
vn -0.3866 -0.1752 0.9054
vn 0.0354 0.0404 0.9986
vn 0.0866 0.2778 0.9567
vn -0.0488 0.5540 0.8311
vn 0.3177 -0.3838 0.8670
vn -0.7672 0.6412 0.0124
vn 0.7758 -0.5561 -0.2982
vn 0.7850 -0.4871 0.3827
vn 0.4446 0.4578 0.7699
vn 0.7641 -0.1598 0.6249
vn 0.0643 0.7883 -0.6119
vn -0.0199 -0.1338 0.9908
vn -0.0396 -0.0160 0.9991
vn 0.0408 0.9050 -0.4234
vn 0.2221 -0.1036 0.9695
vn 0.1426 0.0609 0.9879
vn 0.0942 0.2775 0.9561
vn 0.3743 -0.2511 0.8926
vn 0.9280 0.3726 0.0048
vn 0.9934 0.0824 -0.0801
vn 0.9681 -0.2390 0.0756
vn -0.6435 0.7274 0.2383
vn 0.7686 -0.6397 0.0052
vn 0.8558 -0.2463 0.4549
vn -0.6547 0.7472 0.1139
vn 0.7146 -0.6237 -0.3169
vn 0.7118 -0.6632 0.2313
vn 0.2386 0.6566 0.7155
vn -0.7304 0.3268 -0.5997
vn 0.4652 0.1194 0.8771
vn 0.4554 0.0880 0.8859
vn 0.4885 -0.2998 0.8195
vn 0.4415 -0.3412 0.8298
vn 0.5542 0.4640 0.6911
vn 0.7695 -0.1595 0.6184
vn 0.9723 0.1167 -0.2026
vn 0.4178 0.7061 -0.5716
vn 0.9599 -0.2356 0.1520
vn 0.9732 0.1141 -0.1996
vn 0.9369 -0.2901 0.1952
vn 0.7663 0.4751 -0.4325
vn 0.9763 0.0303 0.2143
vn 0.9565 -0.0632 0.2849
vn 0.0115 0.8732 -0.4872
vn 0.0954 0.7185 0.6890
vn 0.0224 0.8762 -0.4814
vn -0.0004 0.8536 -0.5210
vn -0.1177 0.9070 0.4044
vn -0.2844 -0.3148 0.9056
vn 0.7571 0.6533 0.0025
vn -0.1664 0.3612 0.9175
vn 0.3787 0.6826 -0.6250
vn 0.2140 0.0548 0.9753
vn -0.1989 0.4413 0.8750
vn 0.4186 0.7553 -0.5043
vn 0.5051 0.7611 -0.4070
vn 0.3124 -0.1878 0.9312
vn 0.6862 -0.4731 0.5524
vn 0.7074 -0.6498 0.2782
vn 0.7440 0.6657 -0.0572
vn 0.9264 0.3496 0.1397
vn 0.9903 -0.0895 -0.1058
vn 0.8577 -0.2208 0.4642
vn 0.9656 0.2351 0.1109
vn 0.9772 -0.0232 0.2113
vn 0.8581 0.3911 -0.3326
vn 0.8982 -0.4367 -0.0497
vn 0.6166 -0.3069 0.7250
vn 0.9389 0.1220 -0.3219
vn 0.5929 0.6677 -0.4502
vn 0.6138 0.6408 -0.4612
vn 0.6776 -0.6611 0.3221
vn 0.5524 0.5862 0.5926
vn 0.7901 0.1822 0.5852
vn 0.6779 -0.6620 0.3197
vn -0.0570 -0.5546 0.8302
vn 0.7909 0.4727 -0.3886
vn 0.9282 0.2400 -0.2843
vn 0.4010 -0.2517 0.8808
vn 0.1456 -0.5148 0.8449
vn 0.5082 -0.2899 0.8110
vn 0.7232 0.1008 0.6833
vn 0.8544 0.0538 -0.5168
vn 0.9642 -0.2650 -0.0055
vn 0.9987 0.0423 0.0293
vn 0.8273 -0.2778 0.4882
vn 0.8155 0.2586 -0.5178
vn 0.9258 0.0862 -0.3680
vn 0.9616 -0.2680 0.0588
vn 0.8668 -0.3562 0.3490
vn 0.8199 0.4830 -0.3074
vn 0.9388 0.2142 0.2698
vn 0.9326 0.0266 0.3598
vn 0.8771 -0.2328 0.4202
vn -0.0240 0.7293 0.6838
vn -0.0474 0.2261 -0.9729
vn 0.3369 -0.1126 0.9348
vn 0.3976 -0.2055 0.8942
vn 0.0114 -0.1761 0.9843
vn 0.0993 0.0840 0.9915
vn 0.5925 0.7649 0.2530
vn -0.4153 -0.6347 0.6517
vn -0.3272 0.8831 0.3362
vn 0.5602 0.6592 -0.5017
vn -0.3227 0.9091 0.2634
vn 0.7573 0.4146 -0.5046
vn 0.4862 -0.5395 0.6874
vn -0.5716 0.8120 0.1177
vn 0.7184 0.6523 -0.2417
vn 0.8347 -0.2201 0.5048
vn 0.9988 0.0422 0.0254
vn 0.7818 -0.3965 0.4813
vn -0.3862 0.9147 -0.1191
vn 0.5937 -0.6806 -0.4293
vn 0.8727 0.2370 -0.4270
vn 0.9954 0.0498 0.0815
vn 0.5804 -0.4654 0.6682
vn 0.6261 -0.3887 0.6760
vn -0.4005 0.8530 -0.3345
vn 0.8814 0.3683 -0.2957
vn 0.6388 -0.7211 0.2683
vn 0.9633 -0.1700 0.2075
vn 0.9799 -0.1634 0.1147
vn 0.6571 -0.6109 0.4416
vn 0.4165 -0.6922 0.5893
vn 0.2593 0.7218 0.6417
vn -0.2335 0.9211 -0.3115
vn -0.1113 0.8999 -0.4216
vn 0.6404 -0.3128 0.7015
vn 0.6015 -0.3895 0.6975
vn -0.1167 -0.7626 0.6362
vn -0.2100 0.6468 -0.7332
vn 0.6926 0.4020 -0.5989
vn 0.5890 0.2503 -0.7684
vn 0.7244 0.1567 -0.6713
vn 0.5935 0.2409 -0.7680
vn 0.4949 -0.2140 0.8422
vn 0.4896 0.3419 -0.8021
vn 0.5026 -0.2810 0.8176
vn 0.4242 0.5836 -0.6924
vn 0.5853 -0.5780 0.5686
vn 0.5579 0.7831 -0.2748
vn 0.6494 0.6336 -0.4204
vn 0.7194 -0.2752 0.6378
vn 0.5348 -0.4522 0.7138
vn 0.7356 0.2841 0.6150
vn 0.7616 0.2412 0.6015
vn 0.7085 -0.0692 0.7023
vn 0.7609 0.0051 0.6488
vn 0.2037 0.8202 -0.5346
vn 0.1970 0.8982 -0.3930
vn 0.2430 0.8863 -0.3943
vn -0.1943 0.6331 0.7493
vn 0.0848 0.8492 -0.5212
vn 0.1688 0.7159 -0.6775
vn 0.3647 -0.0268 0.9307
vn 0.3285 0.0167 0.9444
vn 0.3857 -0.1530 0.9099
vn 0.5215 0.8411 0.1433
vn 0.0178 -0.2498 0.9681
vn 0.0436 0.6323 0.7735
vn 0.0386 -0.1637 0.9858
vn -0.3122 0.7990 -0.5140
vn 0.0101 0.7777 0.6285
vn 0.0257 -0.7178 0.6958
vn 0.2812 -0.4233 0.8613
vn 0.2653 -0.6299 0.7300
vn 0.8248 0.2371 -0.5134
vn 0.9126 0.2161 -0.3471
vn 0.9518 0.2826 -0.1189
vn 0.1838 -0.6949 0.6952
vn 0.9687 0.2467 0.0273
vn 0.3576 -0.6284 0.6909
vn -0.2864 -0.1011 0.9528
vn -0.3134 -0.1881 0.9308
vn -0.2606 -0.2741 0.9257
vn -0.4089 0.6299 -0.6603
vn -0.0517 -0.3670 0.9288
vn 0.8694 0.2735 0.4114
vn 0.9191 0.2419 0.3110
vn 0.0790 -0.0709 0.9944
vn -0.4709 -0.6746 0.5684
vn 0.1649 -0.5529 0.8167
vn 0.1430 0.6836 0.7157
vn -0.8759 -0.3517 0.3303
vn -0.4322 -0.3830 0.8164
vn -0.3590 -0.3544 0.8634
vn 0.2356 0.9444 -0.2294
vn 0.3610 -0.4513 0.8161
vn 0.5725 0.3565 0.7383
vn 0.1232 0.0685 0.9900
vn 0.1394 0.7709 0.6215
vn -0.4076 0.1556 0.8998
vn 0.0300 0.7156 0.6979
vn 0.5031 -0.8192 -0.2753
vn 0.2098 -0.2348 -0.9491
vn 0.4382 0.1228 0.8905
vn -0.0225 0.9806 0.1947
vn -0.0129 0.9994 0.0307
vn 0.6990 0.3421 -0.6279
vn 0.4471 0.3891 -0.8054
vn 0.0354 -0.6426 0.7654
vn 0.6209 0.2974 -0.7253
vn 0.0633 0.9150 -0.3986
vn 0.3414 -0.6344 0.6935
vn 0.3421 -0.5619 0.7531
vn 0.9478 0.2963 0.1174
vn 0.9807 0.1665 -0.1024
vn -0.2763 -0.2869 0.9172
vn -0.4074 -0.4480 0.7958
vn 0.0327 -0.6372 0.7700
vn -0.7128 -0.0846 0.6962
vn -0.0780 0.6382 -0.7659
vn 0.1313 -0.4568 0.8798
vn 0.8692 0.2741 0.4115
vn 0.3538 -0.0262 0.9350
vn 0.1530 -0.5589 0.8150
vn 0.2451 0.7023 0.6683
vn -0.4362 0.3727 0.8190
vn -0.3213 -0.1122 0.9403
vn -0.2111 0.6106 -0.7633
vn -0.3938 -0.7325 0.5553
vn 0.2025 0.8954 0.3965
vn 0.5342 0.4083 0.7402
vn 0.4461 -0.0582 0.8931
vn 0.4993 -0.0975 0.8609
vn 0.1630 -0.1279 0.9783
vn 0.2512 0.4449 0.8596
vn -0.1237 0.5785 0.8063
vn -0.1241 0.5400 0.8325
vn -0.3485 -0.2316 0.9082
vn -0.3594 0.9285 0.0938
vn 0.5910 0.4735 -0.6531
vn 0.1505 -0.3101 0.9387
vn 0.2683 0.2129 0.9395
vn 0.2999 0.3497 0.8875
vn 0.6710 -0.7291 0.1349
vn 0.2003 0.8192 0.5373
vn 0.4941 -0.4557 0.7404
vn 0.1901 0.9283 0.3196
vn 0.2747 -0.4291 0.8605
vn 0.1898 -0.6271 0.7554
vn 0.1014 0.9904 -0.0941
vn 0.2042 -0.5443 0.8137
vn 0.5474 -0.4312 -0.7172
vn 0.8992 0.3037 -0.3149
vn 0.9353 0.1781 -0.3057
vn 0.6528 -0.2290 -0.7221
vn 0.2629 0.7708 -0.5802
vn -0.8004 -0.2828 0.5285
vn -0.3472 0.0603 0.9358
vn 0.8921 0.3927 0.2233
vn -0.8001 -0.2839 0.5284
vn 0.8748 0.4518 0.1749
vn -0.6113 -0.2369 0.7551
vn 0.6687 0.3831 0.6372
vn 0.5112 0.3900 0.7658
vn 0.1134 0.1851 0.9762
vn -0.4174 -0.1980 0.8869
vn -0.1731 0.7614 -0.6248
vn 0.1307 0.7226 0.6788
vn 0.0332 0.8540 0.5193
vn 0.4613 0.8253 -0.3257
vn -0.4700 -0.4013 0.7861
vn -0.3857 -0.5120 0.7675
vn -0.4487 -0.0089 0.8937
vn -0.0177 0.9177 0.3968
vn -0.3610 0.9026 -0.2344
vn 0.5206 -0.0648 0.8513
vn 0.5960 0.0014 0.8030
vn 0.5215 -0.0585 0.8512
vn 0.8470 0.0392 0.5302
vn 0.5785 0.4297 0.6933
vn 0.7982 0.5787 -0.1673
vn 0.6826 -0.7210 0.1190
vn 0.4877 0.6194 0.6152
vn 0.6120 -0.5246 0.5917
vn 0.4232 0.8648 0.2702
vn 0.4612 -0.3062 -0.8328
vn 0.7470 -0.2199 -0.6274
vn 0.8148 0.3793 -0.4384
vn 0.8322 0.3561 -0.4251
vn -0.5756 -0.2310 0.7844
vn 0.8312 -0.1787 0.5265
vn 0.2401 0.7827 -0.5743
vn -0.3419 0.0249 0.9394
vn 0.7567 0.5442 0.3624
vn 0.2370 0.6806 -0.6933
vn -0.3874 -0.5287 0.7553
vn -0.5943 0.5910 0.5455
vn -0.2344 -0.5335 0.8126
vn -0.6090 0.3362 0.7184
vn -0.5612 0.1806 0.8077
vn -0.4217 -0.0841 0.9028
vn -0.4126 0.8540 -0.3170
vn -0.0012 -0.0881 0.9961
vn 0.1217 0.5127 0.8499
vn 0.3446 0.8451 -0.4089
vn 0.0696 0.7637 0.6418
vn -0.2655 0.8821 0.3892
vn 0.4474 0.0377 0.8935
vn 0.7464 0.0574 0.6631
vn 0.3604 -0.2890 0.8869
vn 0.3369 -0.2563 0.9060
vn 0.5772 0.8165 0.0109
vn 0.5010 0.4672 0.7285
vn -0.7246 0.4627 -0.5107
vn -0.7758 -0.6310 -0.0047
vn 0.4967 0.8602 -0.1154
vn -0.6223 -0.2379 0.7457
vn -0.4327 0.0153 0.9014
vn -0.4654 0.0691 0.8824
vn -0.7803 0.4330 -0.4513
vn 0.6353 0.0083 -0.7722
vn -0.6018 0.5525 0.5767
vn -0.2806 0.9568 -0.0755
vn 0.0723 -0.0312 0.9969
vn 0.8484 0.1763 0.4992
vn 0.8238 0.1278 0.5523
vn 0.1220 0.3883 0.9134
vn 0.1572 0.4699 0.8686
vn -0.6545 -0.0067 0.7560
vn -0.2541 -0.7822 0.5689
vn 0.3765 0.5325 -0.7581
vn -0.3193 -0.5792 0.7500
vn -0.6656 0.2908 0.6874
vn -0.5396 -0.2018 0.8174
vn -0.6787 0.3044 -0.6683
vn -0.9628 0.1605 -0.2173
vn -0.2227 0.3181 0.9215
vn -0.2934 0.7327 0.6141
vn -0.3224 0.7333 0.5986
vn -0.3358 -0.5309 0.7781
vn 0.2958 0.8713 -0.3916
vn 0.5270 -0.3293 0.7835
vn 0.2170 0.6430 0.7345
vn 0.7092 -0.0533 0.7030
vn -0.0751 0.8266 0.5578
vn -0.3376 0.6669 -0.6642
vn 0.5455 0.8378 -0.0221
vn 0.5423 -0.3200 0.7768
vn 0.4701 -0.3427 0.8134
vn 0.2918 -0.6547 0.6973
vn 0.6242 0.6549 0.4259
vn 0.6006 0.7168 0.3543
vn 0.1173 -0.6658 0.7369
vn 0.5179 0.8448 -0.1349
vn 0.7798 -0.4825 -0.3988
vn 0.3333 0.9063 0.2599
vn 0.4489 0.2491 0.8582
vn 0.4666 0.0690 0.8817
vn 0.3362 0.2898 0.8961
vn -0.5806 -0.0121 0.8141
vn -0.4933 -0.5034 0.7094
vn -0.5345 -0.2499 0.8074
vn 0.9995 -0.0321 -0.0021
vn -0.6690 0.0356 0.7425
vn -0.1271 0.8997 -0.4176
vn -0.6776 0.3635 0.6393
vn -0.7165 0.3703 0.5912
vn 0.0021 -0.0097 1.0000
vn 0.3006 0.8588 -0.4149
vn 0.6565 -0.4460 -0.6083
vn -0.2607 0.8930 0.3668
vn 0.6945 0.1426 0.7052
vn 0.1254 0.7375 0.6636
vn -0.6459 0.6995 -0.3060
vn 0.6822 0.3422 0.6461
vn 0.2361 0.2024 0.9504
vn 0.2647 -0.6907 0.6729
vn 0.1205 -0.5535 0.8241
vn -0.6935 0.7183 -0.0549
vn 0.4822 0.7894 -0.3799
vn 0.5044 0.4897 -0.7111
vn -0.1483 -0.4108 0.8996
vn -0.7542 0.3991 0.5215
vn 0.6608 0.5501 0.5106
vn 0.6859 -0.0315 0.7271
vn 0.8149 -0.1999 -0.5440
vn 0.6335 -0.6286 -0.4511
vn -0.5389 -0.2598 0.8013
vn 0.7244 0.6649 -0.1819
vn 0.4541 -0.8096 0.3719
vn -0.2743 0.3950 0.8768
vn 0.2034 -0.4423 0.8735
vn -0.1959 -0.5269 0.8270
vn -0.7012 -0.6064 0.3749
vn 0.0897 0.8278 0.5538
vn -0.2843 0.8839 0.3714
vn -0.6500 0.6820 -0.3353
vn 0.7855 0.0107 0.6187
vn 0.1323 -0.7351 0.6649
vn 0.7183 -0.3763 0.5852
vn 0.4622 0.7371 0.4931
vn -0.3662 0.7760 -0.5136
vn 0.7558 0.4430 0.4822
vn -0.4150 -0.5012 0.7593
vn 0.6130 -0.6730 0.4138
vn 0.7841 -0.6085 0.1220
vn -0.6768 0.7353 -0.0355
vn 0.6692 0.7427 0.0223
vn 0.6433 0.6174 -0.4528
vn -0.1932 -0.4093 0.8917
vn 0.7488 0.0316 -0.6620
vn 0.7896 0.0235 0.6131
vn 0.2825 -0.4128 0.8659
vn 0.5272 0.7880 0.3180
vn 0.5527 0.7320 0.3982
vn 0.5793 0.5256 0.6230
vn -0.4388 0.5035 0.7442
vn 0.2192 -0.3290 0.9185
vn 0.1086 -0.2732 0.9558
vn 0.4742 0.7211 -0.5051
vn 0.3286 0.4677 0.8205
vn 0.2349 0.6385 0.7329
vn -0.0627 0.7076 -0.7038
vn 0.4789 0.6831 -0.5514
vn 0.0677 0.8926 0.4457
vn -0.4174 -0.4874 0.7670
vn -0.3783 0.6292 -0.6789
vn 0.8729 -0.0119 0.4878
vn 0.9207 -0.1629 0.3547
vn -0.6314 0.7332 -0.2524
vn 0.8506 0.3692 0.3743
vn 0.9248 -0.3798 0.0225
vn 0.8782 -0.4745 -0.0598
vn 0.9024 -0.3712 -0.2190
vn 0.8509 0.5254 0.0038
vn 0.8601 0.5100 0.0154
vn 0.8609 -0.3764 -0.3424
vn 0.7685 0.5272 -0.3626
vn 0.8607 -0.2240 -0.4572
vn 0.9242 0.0966 -0.3696
vn -0.5119 0.7590 -0.4023
vn 0.3403 -0.9387 0.0544
vn 0.7344 -0.4300 0.5252
vn 0.2680 0.9634 -0.0083
vn 0.6361 0.7716 -0.0008
vn 0.9343 0.2591 0.2447
vn 0.5299 0.7648 0.3666
vn 0.9617 0.0561 0.2683
vn 0.9004 -0.1494 0.4085
vn 0.4115 0.3680 0.8338
vn -0.5869 0.7743 -0.2366
vn -0.6623 0.7377 0.1305
vn -0.0183 -0.0423 0.9989
vn 0.3360 0.3688 0.8667
vn 0.4771 0.6236 -0.6192
vn 0.2088 0.9230 0.3232
vn -0.6583 -0.1137 0.7442
vn -0.2496 -0.5444 0.8008
vn 0.8685 0.4957 -0.0008
vn 0.4061 0.7655 0.4991
vn 0.9550 -0.1901 0.2278
vn 0.3262 0.7062 0.6284
vn 0.9366 0.1933 0.2923
vn 0.9986 0.0518 0.0060
vn 0.9888 0.1300 0.0733
vn 0.9894 -0.0048 -0.1448
vn 0.9701 -0.0104 -0.2426
vn -0.0631 0.9963 -0.0577
vn 0.9347 0.2487 0.2539
vn 0.6931 -0.1002 0.7138
vn 0.4328 -0.4269 0.7940
vn 0.1498 -0.4529 0.8789
vn 0.2468 0.7435 0.6215
vn -0.5483 0.7992 -0.2463
vn 0.4970 0.6547 -0.5695
vn -0.7939 0.0158 0.6079
vn -0.3102 -0.4611 0.8314
vn 0.5273 0.0740 0.8464
vn -0.2827 0.6091 -0.7410
vn 0.2921 -0.7423 0.6030
vn -0.2460 0.9282 -0.2790
vn -0.2804 0.6958 -0.6613
vn 0.9089 0.3559 -0.2173
vn 0.8732 0.2149 -0.4375
vn 0.1844 0.8683 0.4605
vn 0.9792 0.1762 0.1003
vn 0.9825 0.1696 0.0770
vn 0.9309 -0.1148 0.3467
vn 0.7880 0.2743 0.5512
vn 0.1708 0.5270 0.8325
vn 0.9323 0.3004 -0.2014
vn 0.9678 -0.1530 0.1998
vn -0.3091 -0.5624 0.7669
vn -0.3593 0.8746 -0.3257
vn -0.8031 0.4820 0.3503
vn -0.5237 -0.6645 0.5330
vn -0.7612 -0.4383 0.4779
vn 0.4349 0.8644 0.2524
vn 0.4710 0.8758 -0.1059
vn 0.6866 0.1240 0.7164
vn 0.4480 -0.4178 0.7904
vn -0.5488 0.7274 -0.4120
vn 0.2189 -0.9584 0.1833
vn -0.5211 0.7784 -0.3500
vn -0.1454 0.9893 0.0082
vn 0.2458 0.8016 -0.5450
vn -0.0484 0.9542 0.2954
vn 0.7568 0.2822 -0.5896
vn 0.0386 0.4016 0.9150
vn 0.8084 0.1139 0.5775
vn 0.7902 0.1284 0.5993
vn 0.6812 -0.1572 0.7151
vn 0.4661 0.0246 0.8844
vn 0.7129 -0.0791 -0.6968
vn 0.6292 0.4076 -0.6618
vn 0.8336 -0.4209 -0.3577
vn 0.8950 -0.4284 -0.1245
vn 0.6509 -0.2558 0.7147
vn 0.8076 0.5777 0.1186
vn 0.6847 0.0438 0.7275
vn -0.5826 0.7755 -0.2432
vn -0.4116 0.5154 0.7516
vn 0.0656 -0.4287 0.9011
vn 0.2494 0.0661 0.9661
vn 0.3866 0.2278 0.8937
vn -0.1679 0.8709 -0.4619
vn -0.2730 0.7290 -0.6277
vn -0.4390 -0.6325 0.6382
vn 0.3848 0.7313 0.5631
vn -0.5893 0.1351 0.7966
vn -0.5844 0.0746 0.8081
vn -0.2387 -0.4884 0.8394
vn -0.2054 -0.5084 0.8362
vn 0.3923 0.7431 -0.5421
vn 0.3897 0.8392 -0.3792
vn 0.5539 0.6882 -0.4686
vn -0.8283 0.4991 0.2546
vn -0.3915 0.2476 0.8863
vn 0.2781 0.0579 0.9588
vn 0.3039 -0.1820 0.9352
vn 0.7778 -0.5305 -0.3372
vn 0.3065 -0.6304 0.7132
vn 0.3837 -0.4718 0.7939
vn 0.2299 -0.4975 0.8364
vn 0.1808 0.2420 0.9533
vn 0.4309 -0.4466 -0.7841
vn 0.6968 -0.6942 0.1805
vn 0.1343 -0.4696 0.8726
vn 0.3361 0.6631 -0.6688
vn -0.1884 -0.6257 0.7570
vn -0.3666 0.9263 -0.0875
vn 0.8683 -0.0865 0.4884
vn 0.4666 0.8389 0.2803
vn -0.7050 0.6942 0.1450
vn -0.2790 0.4813 0.8310
vn -0.2115 -0.5052 0.8367
vn -0.0162 0.1915 0.9814
vn 0.6057 -0.7874 0.1148
vn -0.2308 0.6570 -0.7177
vn -0.0934 0.9546 -0.2830
vn -0.0085 -0.4641 0.8858
vn -0.2485 0.9493 0.1927
vn -0.6269 0.6365 -0.4492
vn -0.0772 0.1468 0.9861
vn 0.2211 -0.1713 0.9601
vn 0.4531 -0.3643 0.8136
vn 0.5727 -0.2581 0.7781
vn 0.5184 0.2069 0.8297
vn -0.3501 0.9204 -0.1739
vn 0.5012 0.5786 0.6435
vn 0.3914 0.8284 -0.4007
vn -0.3389 -0.7658 0.5466
vn -0.5653 0.4723 0.6763
vn -0.3727 -0.4458 0.8139
vn -0.5395 0.0253 0.8416
vn 0.0425 -0.3805 0.9238
vn -0.6107 0.2594 0.7482
vn -0.2923 -0.1842 0.9384
vn -0.2418 -0.2966 0.9239
vn -0.3804 0.2671 -0.8854
vn 0.7742 -0.6329 -0.0077
vn 0.5415 0.5456 0.6396
vn -0.4599 0.7355 0.4976
vn -0.4458 0.0354 0.8944
vn -0.2102 -0.4741 0.8550
vn 0.4964 -0.4643 0.7335
vn 0.0188 -0.6750 0.7375
vn 0.2302 0.8915 0.3901
vn -0.7627 0.3545 -0.5410
vn -0.6760 0.5386 0.5030
vn 0.2204 -0.1770 0.9592
vn 0.1065 0.9706 -0.2158
vn 0.5831 0.2676 0.7671
vn -0.4559 -0.1065 0.8836
vn 0.5038 -0.4622 0.7298
vn 0.4112 0.4633 0.7851
vn 0.1805 -0.3368 0.9241
vn -0.0852 0.9946 -0.0584
vn -0.1715 0.6981 -0.6951
vn -0.0011 0.0163 0.9999
vn 0.7924 -0.5888 0.1595
vn 0.0529 -0.1671 0.9845
vn 0.1835 0.6894 -0.7008
vn -0.1801 0.9743 0.1356
vn -0.2999 0.4757 0.8269
vn 0.7238 0.0206 0.6897
vn 0.6972 -0.2395 0.6757
vn 0.7284 -0.3121 0.6100
vn 0.0837 -0.6827 0.7259
vn 0.1809 -0.3312 0.9261
vn -0.1117 -0.2815 0.9530
vn 0.6893 -0.7153 0.1150
vn 0.1445 -0.5594 0.8162
vn 0.2624 0.8783 -0.3996
vn -0.3283 -0.5719 0.7518
vn -0.6912 0.2896 -0.6621
vn 0.7250 -0.3174 0.6112
vn 0.4984 0.4693 0.7289
vn -0.0524 0.8623 -0.5037
vn 0.0318 -0.4723 0.8808
vn 0.0341 -0.1396 0.9896
vn 0.9432 -0.2858 0.1691
vn 0.8845 -0.1108 0.4532
vn 0.7522 0.0443 0.6574
vn 0.2727 0.1653 0.9478
vn 0.6949 -0.4935 0.5231
vn 0.7387 0.0984 0.6668
vn 0.1076 -0.8140 0.5708
vn -0.5447 0.8381 0.0298
vn -0.2819 -0.1071 0.9534
vn -0.8371 0.5251 0.1533
vn 0.0297 0.1731 0.9845
vn 0.9792 -0.0955 0.1791
vn 0.5779 0.6788 -0.4531
vn 0.6427 0.5568 0.5262
vn -0.2856 0.4919 0.8224
vn -0.3489 -0.1117 0.9305
vn 0.8219 0.0120 0.5695
vn 0.8583 -0.2360 0.4557
vn 0.8970 -0.0327 0.4408
vn 0.0374 -0.5792 0.8144
vn -0.9221 0.3257 0.2091
vn 0.8886 -0.3307 -0.3178
vn 0.1489 0.2991 0.9425
vn 0.9276 -0.1182 0.3543
vn 0.6546 -0.0446 0.7547
vn 0.8412 0.5209 -0.1449
vn 0.6012 0.5603 0.5698
vn -0.3034 -0.5507 0.7776
vn -0.0337 -0.1588 0.9867
vn 0.6805 0.5815 0.4459
vn 0.9303 -0.1706 0.3248
vn -0.1338 0.8303 -0.5411
vn -0.3924 0.9178 0.0600
vn -0.3376 0.9405 -0.0382
vn -0.4005 0.4453 0.8008
vn -0.7686 0.5833 0.2625
vn 0.8347 -0.3390 -0.4340
vn -0.3393 0.3952 0.8536
vn 0.8806 -0.4035 -0.2483
vn 0.9808 0.0177 -0.1944
vn 0.9501 0.2014 0.2380
vn 0.7326 0.2036 0.6495
vn 0.5308 0.4165 0.7381
vn 0.9103 0.1380 -0.3902
vn 0.9503 0.2055 0.2339
vn 0.9892 0.1158 -0.0901
vn 0.8400 0.2194 0.4963
vn -0.4720 -0.2752 0.8375
vn 0.7487 0.0983 0.6556
vn 0.7459 -0.2302 0.6250
vn 0.8742 -0.2411 0.4214
vn 0.9095 -0.2827 0.3049
vn 0.9070 -0.3024 0.2930
vn 0.6631 0.5535 0.5039
vn 0.8962 -0.0391 0.4420
vn 0.6543 -0.0330 -0.7555
vn 0.7934 -0.3597 -0.4911
vn -0.5646 0.5198 0.6411
vn -0.2050 0.8208 0.5332
vn 0.7825 0.2876 0.5522
vn 0.5686 -0.3264 0.7551
vn 0.8215 0.0473 0.5682
vn 0.8328 0.0128 0.5534
vn 0.8951 -0.2090 -0.3938
vn 0.9017 -0.2978 -0.3136
vn 0.2225 0.9745 -0.0271
vn 0.7860 -0.4732 0.3979
vn 0.4416 0.8277 0.3464
vn 0.7019 0.5709 0.4260
vn -0.1076 -0.2209 0.9694
vn -0.0528 -0.4003 0.9149
vn -0.0296 -0.1587 0.9869
vn 0.3193 -0.0510 0.9463
vn 0.7812 -0.3633 0.5076
vn 0.8267 -0.4152 0.3796
vn 0.5040 0.6915 0.5175
vn 0.5030 0.6960 0.5124
vn 0.7833 -0.3016 0.5437
vn 0.6768 0.2470 0.6935
vn 0.1138 -0.5738 0.8110
vn 0.8788 -0.3933 0.2703
vn -0.5843 0.7962 -0.1567
vn 0.1319 -0.3118 0.9409
vn -0.1388 -0.5411 0.8294
vn 0.7873 0.4391 0.4329
vn 0.2868 -0.1290 0.9493
vn 0.5881 0.1781 0.7890
vn -0.1120 -0.3244 0.9393
vn 0.7342 -0.3396 0.5879
vn 0.7800 -0.3787 0.4982
vn 0.8026 -0.4264 0.4171
vn 0.5413 0.5118 0.6672
vn 0.7601 -0.1849 0.6230
vn -0.2095 0.5584 0.8027
vn 0.0592 -0.4893 0.8701
vn 0.8680 -0.3074 0.3900
vn 0.5744 -0.5317 0.6224
vn 0.1025 -0.1595 0.9819
vn 0.4855 0.8742 -0.0088
vn 0.5965 0.2702 0.7557
vn 0.7650 -0.3870 0.5148
vn 0.4877 0.0599 0.8709
vn 0.5409 -0.0771 0.8375
vn -0.3578 0.8789 -0.3155
vn -0.3162 0.9460 0.0721
vn -0.2563 0.6521 0.7135
vn 0.6417 -0.1964 -0.7414
vn 0.9002 -0.2758 0.3369
vn 0.7349 -0.2436 0.6329
vn 0.5158 -0.4408 0.7346
vn 0.3439 0.8239 -0.4505
vn -0.4768 -0.1659 0.8632
vn -0.0511 -0.3320 0.9419
vn 0.8709 -0.3383 0.3564
vn 0.8393 -0.2641 0.4751
vn -0.3676 0.8542 -0.3677
vn 0.8790 -0.2097 -0.4282
vn 0.9158 -0.2895 0.2783
vn 0.7325 -0.2345 0.6392
vn -0.3689 -0.0193 0.9293
vn -0.2259 -0.1842 0.9566
vn -0.3405 -0.2995 0.8913
vn 0.4356 0.8534 -0.2861
vn 0.7190 0.6853 0.1161
vn -0.3006 -0.4473 0.8424
vn 0.5280 0.3104 0.7905
vn -0.0262 -0.2553 0.9665
vn 0.8236 -0.5666 -0.0272
vn 0.6862 -0.4519 0.5700
vn 0.2329 0.5190 0.8224
vn 0.2958 0.1633 0.9412
vn 0.1849 -0.3210 0.9289
vn 0.8529 -0.2180 -0.4744
vn 0.6824 -0.2477 0.6877
vn -0.8179 0.0134 0.5752
vn 0.9841 0.0422 -0.1728
vn -0.2055 -0.4690 0.8590
vn 0.0414 -0.2945 0.9548
vn 0.1105 -0.1290 0.9855
vn 0.8736 -0.2939 0.3877
vn 0.8493 -0.2488 0.4656
vn 0.1960 0.5506 0.8114
vn 0.2432 -0.3608 0.9004
vn -0.2925 0.3305 0.8973
vn 0.4724 -0.2079 0.8565
vn -0.2261 -0.1879 0.9558
vn -0.0104 -0.0448 0.9989
vn 0.1705 -0.1873 0.9674
vn 0.1295 -0.0551 0.9900
vn -0.7038 -0.4455 0.5534
vn -0.2370 -0.4036 0.8837
vn 0.5669 0.3288 0.7553
vn 0.8328 -0.5534 -0.0145
vn 0.2870 -0.1416 0.9474
vn 0.9535 -0.1446 -0.2644
vn 0.9619 0.1944 -0.1920
vn 0.9442 -0.2913 -0.1535
vn 0.9412 -0.3138 0.1249
vn 0.9672 0.1917 0.1664
vn 0.9300 0.0196 0.3670
vn 0.6577 -0.7517 0.0490
vn 0.9788 0.1627 -0.1245
vn 0.9546 -0.1200 -0.2725
vn 0.9543 -0.2263 -0.1950
vn 0.9117 0.3380 0.2335
vn 0.8561 -0.4774 -0.1980
vn 0.8301 -0.4465 0.3339
vn 0.8321 -0.4679 0.2978
vn 0.7851 0.6191 0.0165
vn -0.4040 -0.3862 0.8293
vn 0.7302 0.5517 0.4030
vn 0.5644 0.1205 0.8167
vn 0.9320 -0.3367 -0.1339
vn 0.8583 -0.4315 0.2779
vn 0.8501 -0.3673 0.3773
vn -0.7923 0.2104 -0.5728
vn 0.7318 -0.2171 0.6461
vn 0.7391 -0.2272 0.6341
vn 0.1035 0.7640 0.6369
vn 0.1917 0.0914 0.9772
vn 0.1901 -0.0779 0.9787
vn 0.9781 0.1063 -0.1788
vn 0.8837 -0.0579 -0.4645
vn 0.7846 0.2146 -0.5817
vn 0.9992 0.0211 0.0334
vn 0.8742 0.2651 -0.4068
vn 0.9948 -0.0481 -0.0899
vn 0.9607 -0.1607 0.2265
vn 0.9646 -0.2412 0.1065
vn 0.9931 0.1014 0.0583
vn 0.8419 0.0309 0.5388
vn 0.9969 -0.0788 0.0009
vn -0.0039 0.8894 -0.4571
vn -0.1475 0.8050 -0.5747
vn 0.5320 0.8398 0.1081
vn 0.6686 0.6394 0.3796
vn 0.9442 -0.2155 0.2491
vn 0.5930 0.6635 0.4562
vn 0.9176 -0.0015 0.3976
vn 0.9426 -0.2065 0.2625
vn -0.5246 0.1925 0.8293
vn -0.2982 0.0442 0.9535
vn 0.0052 -0.1065 0.9943
vn 0.6303 0.6640 -0.4023
vn -0.7430 0.2280 -0.6292
vn 0.6907 -0.2549 0.6767
vn 0.0937 0.4118 0.9064
vn 0.0701 0.1927 0.9787
vn 0.0927 -0.1182 0.9887
vn 0.8982 -0.2017 0.3905
vn 0.6667 0.1520 -0.7297
vn 0.9961 -0.0061 0.0881
vn 0.9508 -0.1472 -0.2728
vn 0.9913 -0.0953 -0.0906
vn 0.9910 -0.0986 -0.0904
vn 0.8939 0.3064 -0.3271
vn 0.9236 -0.1434 0.3555
vn 0.9502 -0.3106 0.0231
vn 0.9985 -0.0340 0.0422
vn 0.9436 -0.3294 0.0332
vn 0.8931 -0.3519 0.2804
vn 0.9395 -0.2648 0.2172
vn 0.8546 0.2592 -0.4500
vn 0.9047 0.0029 -0.4261
vn 0.9495 0.2483 -0.1918
vn 0.9951 0.0759 0.0631
vn 0.8695 0.0809 0.4873
vn 0.7394 -0.3776 0.5574
vn 0.9018 0.0057 0.4321
vn 0.6266 -0.2477 0.7389
vn 0.6208 -0.1002 0.7776
vn 0.5599 -0.0510 0.8270
vn 0.5918 -0.0137 0.8060
vn 0.9825 0.1232 0.1395
vn 0.9234 -0.3625 -0.1264
vn 0.9333 -0.3103 -0.1810
vn -0.2181 0.8999 -0.3778
vn -0.2787 0.8308 -0.4818
vn -0.0611 0.9743 -0.2167
vn 0.7717 -0.4504 -0.4490
vn 0.1023 0.8655 0.4903
vn 0.6222 0.2433 0.7441
vn 0.9457 0.2433 0.2154
vn 0.9948 0.1015 0.0022
vn 0.9967 -0.0262 0.0765
vn 0.5928 0.7290 0.3423
vn 0.9750 0.0169 0.2217
vn 0.8215 -0.4753 0.3149
vn 0.4399 -0.3316 0.8346
vn 0.0019 -0.1650 0.9863
vn 0.0945 -0.2559 0.9621
vn 0.9418 0.2574 -0.2161
vn 0.9540 0.0964 -0.2840
vn 0.9398 0.3277 -0.0970
vn 0.9885 -0.0236 -0.1494
vn 0.9693 -0.1710 -0.1765
vn 0.8959 0.2617 0.3590
vn 0.6707 0.4105 0.6178
vn 0.9634 0.0815 0.2553
vn 0.9642 -0.2378 0.1174
vn 0.9270 -0.0020 0.3751
vn -0.4030 -0.4231 0.8115
vn -0.8062 0.5326 -0.2575
vn 0.8914 -0.3692 0.2629
vn 0.7329 -0.3581 0.5785
vn 0.3723 -0.2114 0.9037
vn 0.8218 0.2088 -0.5302
vn 0.8869 -0.1651 -0.4314
vn 0.9729 -0.1681 -0.1586
vn 0.9155 0.2057 -0.3457
vn 0.8912 -0.4505 0.0535
vn 0.8319 0.1175 -0.5423
vn 0.9196 0.1488 -0.3636
vn 0.7922 0.1764 -0.5842
vn 0.9599 -0.1826 0.2129
vn 0.9657 0.0335 0.2576
vn 0.8867 -0.1595 0.4340
vn 0.6247 -0.2298 0.7463
vn 0.9176 -0.1562 0.3656
vn 0.5267 0.3218 -0.7868
vn 0.7486 -0.3627 0.5551
vn 0.5376 -0.5745 0.6172
vn 0.9119 0.1089 -0.3958
vn 0.5372 -0.5682 0.6234
vn 0.9298 0.0841 -0.3583
vn 0.8115 0.1877 -0.5534
vn 0.8557 0.2329 -0.4621
vn 0.9828 -0.0331 -0.1818
vn 0.9728 0.1263 -0.1943
vn 0.9980 0.0420 0.0479
vn 0.9837 -0.0577 0.1705
vn 0.8617 -0.2236 0.4555
vn 0.9331 -0.0053 0.3596
vn 0.7156 -0.1554 0.6810
vn 0.8959 0.2267 -0.3821
vn 0.9899 0.0970 -0.1030
vn 0.9928 -0.1165 0.0296
vn 0.9956 0.0386 -0.0857
vn 0.8671 -0.1537 0.4738
vn 0.9265 -0.0469 0.3733
vn 0.9669 0.0387 0.2523
vn 0.9330 0.1055 0.3442
vn 0.8962 -0.0530 0.4404
vn 0.9286 -0.0911 0.3598
vn 0.6253 -0.0758 0.7767
vn 0.9700 0.0860 -0.2273
vn -0.1726 0.9748 -0.1414
vn 0.4086 -0.7380 0.5370
vn -0.2216 0.9495 0.2222
vn -0.0058 0.7816 0.6237
vn 0.8257 -0.5422 0.1558
vn 0.6313 0.0453 0.7742
vn 0.6332 0.0544 0.7721
vn 0.7496 -0.1901 0.6340
vn -0.3264 0.8261 -0.4593
vn 0.8768 -0.4556 0.1541
vn 0.7907 -0.6120 0.0150
vn 0.9044 -0.4264 0.0145
vn 0.9653 -0.0538 0.2557
vn 0.0128 -0.0502 0.9987
vn 0.4479 0.7645 -0.4636
vn 0.9591 -0.1896 -0.2103
vn 0.9368 -0.2784 -0.2119
vn -0.2335 0.0570 0.9707
vn 0.5336 0.8449 -0.0372
vn 0.3701 0.9089 0.1922
vn 0.9345 -0.3290 -0.1360
vn 0.9544 -0.2984 -0.0039
vn 0.6568 0.4102 0.6328
vn 0.6832 0.0817 0.7256
vn 0.6019 0.0632 0.7961
vn 0.9787 -0.1821 0.0948
vn 0.4893 -0.0449 0.8710
vn 0.4510 0.2369 0.8605
vn 0.9129 -0.1303 0.3869
vn -0.6684 -0.4451 0.5959
vn 0.8571 0.3809 0.3468
vn 0.0524 -0.1161 0.9919
vn 0.7702 -0.4963 0.4005
vn -0.7944 0.5142 -0.3234
vn -0.7396 0.5561 -0.3791
vn 0.7400 -0.5372 0.4048
vn 0.1175 -0.2269 0.9668
vn -0.1166 0.8262 0.5511
vn 0.8967 0.0479 -0.4400
vn 0.9518 0.1040 -0.2887
vn 0.9956 -0.0551 0.0763
vn 0.9602 -0.2483 0.1282
vn 0.9552 0.0445 -0.2927
vn 0.9482 -0.2663 0.1731
vn 0.9081 -0.1414 -0.3942
vn 0.8912 -0.0372 -0.4521
vn 0.9934 -0.0915 -0.0697
vn 0.8942 -0.1472 0.4228
vn 0.5167 0.3687 -0.7727
vn 0.9539 -0.1591 0.2545
vn 0.9317 -0.2188 0.2898
vn 0.7306 -0.4467 0.5164
vn 0.6030 -0.2434 0.7597
vn 0.6237 -0.3383 0.7047
vn 0.5613 -0.3395 0.7548
vn 0.6573 -0.4665 0.5919
vn 0.5811 0.2407 -0.7774
vn 0.8166 0.5763 -0.0322
vn 0.8466 0.5010 -0.1797
vn 0.5252 -0.2037 0.8262
vn 0.8623 0.3048 -0.4045
vn 0.6866 0.3729 -0.6241
vn 0.5464 -0.1842 0.8170
vn 0.9251 0.3080 -0.2221
vn 0.6087 -0.2278 0.7600
vn 0.4305 -0.5867 0.6859
vn 0.8852 0.1759 -0.4307
vn 0.9366 0.1231 -0.3281
vn 0.7160 -0.1869 0.6727
vn 0.6940 -0.1367 0.7068
vn 0.5624 -0.0389 0.8260
vn 0.8519 0.0390 0.5222
vn 0.5567 -0.0955 0.8252
vn 0.9735 0.0001 0.2288
vn 0.8483 -0.2114 0.4855
vn -0.4763 0.6212 -0.6222
vn 0.8753 0.4836 0.0028
vn 0.7635 -0.2536 0.5940
vn 0.8477 -0.4541 -0.2744
vn 0.6366 -0.0218 0.7709
vn 0.7275 -0.3131 0.6105
vn 0.6269 -0.7290 -0.2749
vn -0.4579 0.6255 0.6317
vn 0.8308 -0.5360 0.1497
vn -0.4407 0.6001 0.6676
vn -0.4555 0.5443 0.7044
vn 0.7838 -0.5110 0.3529
vn 0.2595 0.1607 0.9523
vn 0.1516 0.2673 0.9516
vn 0.7359 -0.3115 0.6012
vn 0.6018 -0.5730 -0.5563
vn 0.8100 -0.0509 -0.5843
vn 0.3804 -0.2684 0.8850
vn 0.9398 0.0362 -0.3398
vn 0.9710 0.1677 -0.1705
vn 0.9082 -0.3763 -0.1834
vn 0.9868 0.1560 0.0440
vn 0.9543 -0.2988 -0.0033
vn 0.9769 0.1009 0.1882
vn 0.9798 0.1346 0.1479
vn 0.9358 0.1171 0.3324
vn 0.3867 0.2038 0.8994
vn 0.9034 -0.1385 0.4059
vn 0.3939 0.1835 0.9007
vn 0.9121 -0.2318 0.3380
vn 0.6793 0.5267 -0.5110
vn 0.8405 0.5058 0.1941
vn 0.5816 0.1845 0.7923
vn -0.4475 0.6964 -0.5610
vn -0.4210 0.7420 -0.5218
vn -0.5507 0.7444 -0.3777
vn 0.0999 -0.3192 0.9424
vn 0.0417 0.7908 -0.6106
vn 0.0864 0.9566 -0.2781
vn 0.1670 -0.2531 0.9529
vn 0.4878 -0.4537 -0.7458
vn -0.2392 0.7663 0.5963
vn -0.4173 0.4966 0.7611
vn 0.6410 -0.0734 -0.7640
vn 0.7621 -0.0562 -0.6450
vn -0.5409 0.0666 0.8384
vn 0.8689 -0.4667 0.1648
vn 0.8100 0.1119 -0.5756
vn 0.7615 -0.5119 -0.3976
vn -0.8404 -0.4003 0.3654
vn 0.0784 0.3707 -0.9254
vn 0.7904 0.0793 -0.6075
vn 0.8600 -0.1799 0.4776
vn 0.8157 -0.2387 0.5269
vn 0.8140 -0.1822 0.5515
vn 0.8382 -0.2818 0.4669
vn 0.7125 -0.2666 0.6491
vn -0.1133 -0.4832 0.8682
vn 0.8732 0.4612 0.1574
vn 0.9812 0.1870 0.0487
vn -0.1954 -0.2317 0.9530
vn 0.3102 0.8865 0.3435
vn 0.0781 0.9940 0.0760
vn -0.4311 0.7988 -0.4195
vn 0.6243 0.0823 -0.7768
vn 0.1008 -0.0104 0.9948
vn 0.7130 0.4129 -0.5667
vn 0.7618 -0.0871 0.6419
vn 0.8719 0.4896 -0.0042
vn 0.8109 -0.1316 0.5703
vn -0.5981 0.7050 -0.3811
vn 0.7567 -0.2526 0.6030
vn 0.9141 0.0814 0.3973
vn 0.8287 0.3764 0.4142
vn 0.6821 -0.0809 0.7267
vn 0.8756 -0.3413 0.3418
vn 0.1016 0.2307 0.9677
vn 0.6754 -0.2763 0.6837
vn 0.5320 -0.8030 -0.2687
vn 0.8297 -0.3528 -0.4326
vn 0.7318 -0.6795 0.0533
vn 0.8089 -0.4220 0.4095
vn 0.7967 -0.4255 0.4293
vn 0.1303 0.8451 -0.5185
vn 0.7946 -0.6048 -0.0527
vn 0.9503 -0.1064 -0.2926
vn 0.0200 -0.0504 0.9985
vn 0.3806 -0.2320 0.8952
vn -0.6128 -0.0116 0.7902
vn 0.9729 0.1611 -0.1658
vn 0.6326 0.7680 -0.0999
vn 0.7182 -0.6547 -0.2357
vn 0.7494 -0.6100 -0.2575
vn 0.7294 0.6179 -0.2936
vn 0.8685 -0.4708 -0.1553
vn 0.6856 0.6451 -0.3374
vn 0.7558 -0.5650 -0.3309
vn 0.9479 0.3168 -0.0335
vn 0.8519 -0.4946 -0.1721
vn 0.7068 0.5218 -0.4777
vn 0.9819 0.1058 0.1573
vn 0.6783 0.3077 0.6672
vn 0.7320 -0.1408 0.6666
vn 0.8689 -0.2439 0.4307
vn 0.8874 0.4570 0.0608
vn 0.9357 -0.2283 0.2690
vn 0.7955 0.3555 0.4906
vn 0.1695 -0.4089 0.8967
vn 0.9742 0.0374 0.2225
vn 0.9159 0.0500 0.3983
vn 0.9100 -0.0502 0.4116
vn 0.9321 -0.1145 0.3436
vn 0.8071 0.1351 -0.5747
vn 0.6843 0.0764 0.7252
vn 0.8922 -0.4298 0.1386
vn 0.1816 0.9540 -0.2384
vn 0.8525 -0.3588 0.3802
vn 0.6571 -0.5135 0.5519
vn -0.2893 0.7583 -0.5842
vn 0.0035 0.5982 -0.8014
vn 0.8960 -0.0004 -0.4441
vn 0.9316 0.0085 -0.3635
vn 0.8752 0.0219 -0.4832
vn 0.3880 -0.2356 0.8910
vn 0.9007 -0.0029 -0.4345
vn 0.8733 -0.1004 -0.4768
vn -0.6623 0.1440 0.7353
vn 0.8968 -0.2682 0.3518
vn 0.9047 0.0318 -0.4249
vn -0.6585 0.2945 0.6926
vn 0.5764 -0.6232 -0.5286
vn -0.6417 -0.4500 0.6211
vn -0.3658 -0.5465 0.7533
vn -0.9119 -0.1935 0.3619
vn -0.3420 -0.5122 0.7878
vn -0.9227 -0.0540 0.3817
vn 0.6972 -0.2895 0.6558
vn 0.7480 -0.2498 0.6149
vn 0.3566 -0.3100 0.8813
vn 0.1328 -0.3200 0.9381
vn 0.0620 -0.3048 0.9504
vn -0.0169 -0.4082 0.9127
vn 0.0069 -0.4189 0.9080
vn -0.1702 -0.3522 0.9203
vn -0.1141 -0.3953 0.9115
vn -0.2698 -0.3112 0.9113
vn 0.6959 0.6423 0.3211
vn 0.0953 -0.1611 0.9823
vn -0.1395 -0.3030 0.9427
vn 0.0275 -0.2974 0.9544
vn 0.6351 0.5802 0.5100
vn 0.1559 -0.2736 0.9491
vn 0.0087 -0.4421 0.8969
vn 0.0649 -0.2176 0.9739
vn 0.4597 -0.5599 0.6894
vn 0.0261 -0.2671 0.9633
vn 0.1062 -0.0076 0.9943
vn 0.7942 0.3952 -0.4617
vn 0.9498 0.3033 -0.0771
vn 0.2597 -0.2989 0.9183
vn -0.4500 0.7451 -0.4923
vn 0.9400 0.2285 -0.2534
vn 0.3274 -0.4175 0.8476
vn -0.6873 0.6725 0.2746
vn 0.9590 0.2533 0.1274
vn 0.9281 0.0613 0.3673
vn 0.6347 -0.0476 0.7713
vn -0.5924 0.2563 0.7638
vn 0.9465 0.2183 -0.2378
vn 0.8882 -0.4282 -0.1667
vn 0.8109 -0.0538 -0.5828
vn 0.9557 -0.0992 -0.2772
vn 0.7686 -0.5064 0.3910
vn 0.9551 -0.0179 -0.2957
vn 0.9283 0.1783 -0.3264
vn 0.7723 -0.0443 -0.6338
vn 0.1190 0.9445 0.3062
vn 0.5239 0.8399 -0.1417
vn -0.4441 0.1641 0.8808
vn 0.8946 0.3891 -0.2200
vn 0.8964 0.3572 -0.2623
vn 0.9417 0.3100 -0.1305
vn -0.1192 0.9793 -0.1635
vn 0.4007 -0.8477 -0.3478
vn 0.9420 0.3300 -0.0617
vn 0.8995 0.4178 0.1277
vn 0.9581 -0.0962 0.2697
vn 0.9890 -0.0054 0.1480
vn 0.3575 0.0074 0.9339
vn 0.1725 -0.4197 0.8911
vn 0.9872 -0.0074 0.1590
vn 0.9854 0.1048 0.1341
vn 0.9593 0.1714 0.2244
vn 0.9197 -0.0439 0.3902
vn 0.9445 0.1012 0.3124
vn 0.9536 0.0253 0.3001
vn 0.9362 -0.0022 0.3515
vn 0.9673 0.0452 -0.2496
vn 0.9797 -0.0121 -0.2002
vn 0.7293 0.4058 -0.5508
vn 0.8702 -0.0503 -0.4902
vn 0.5713 0.2773 -0.7725
vn 0.5216 0.3072 -0.7960
vn 0.1360 0.8048 -0.5778
vn 0.9405 -0.0516 -0.3359
vn 0.1119 -0.3158 0.9422
vn 0.5083 -0.1753 0.8431
vn -0.7627 0.3314 0.5554
vn 0.7562 -0.3635 0.5441
vn 0.5641 -0.3908 0.7274
vn 0.5563 -0.3935 0.7319
vn 0.3102 -0.4225 -0.8516
vn 0.3560 0.5400 -0.7626
vn -0.4662 -0.1572 0.8706
vn -0.4462 0.0108 0.8949
vn 0.1795 0.6572 -0.7320
vn -0.1699 -0.6135 0.7712
vn -0.2283 -0.5194 0.8234
vn -0.2872 -0.3492 0.8919
vn -0.0218 -0.0794 0.9966
vn -0.2919 -0.5535 0.7800
vn -0.5687 0.1424 -0.8101
vn 0.5447 -0.3130 0.7780
vn 0.3714 -0.3162 0.8729
vn -0.0446 -0.3060 0.9510
vn 0.0556 -0.3106 0.9489
vn 0.0283 -0.2684 0.9629
vn 0.5680 0.5238 -0.6348
vn 0.0973 -0.3005 0.9488
vn 0.2156 -0.3505 0.9114
vn 0.4754 -0.7087 0.5213
vn 0.9829 0.1223 0.1374
vn 0.3014 -0.1025 0.9480
vn 0.2896 -0.1079 0.9510
vn 0.3623 -0.2086 0.9084
vn -0.6979 0.3426 0.6289
vn 0.7837 -0.5372 0.3119
vn 0.6583 -0.0538 0.7508
vn 0.9269 -0.2755 -0.2549
vn -0.6033 0.1478 0.7837
vn -0.5191 0.0514 0.8531
vn 0.9278 0.3670 0.0663
vn 0.9995 -0.0298 -0.0047
vn 0.7540 -0.2815 -0.5935
vn 0.8672 0.0112 -0.4978
vn 0.9087 0.3269 0.2598
vn 0.9281 0.2758 0.2501
vn 0.4246 0.7494 0.5081
vn 0.8922 -0.1125 -0.4375
vn 0.9460 -0.1793 0.2702
vn 0.9573 -0.1951 0.2131
vn -0.6404 0.2638 0.7213
vn -0.3935 0.1218 0.9112
vn 0.5714 -0.2361 0.7860
vn -0.3545 0.9245 0.1403
vn 0.8086 0.5813 -0.0908
vn 0.8468 0.5311 -0.0300
vn 0.8487 0.5284 0.0243
vn 0.8588 0.5084 -0.0634
vn 0.9535 0.2157 0.2106
vn 0.6586 -0.5550 0.5081
vn 0.9403 0.0567 0.3357
vn 0.9495 0.0170 0.3132
vn 0.4802 0.8635 -0.1541
vn 0.5817 -0.5404 0.6080
vn 0.8962 -0.0024 0.4437
vn 0.9792 0.0584 0.1944
vn 0.8355 0.0303 0.5487
vn 0.8629 0.0053 0.5053
vn 0.8946 -0.0118 0.4467
vn 0.5376 -0.5974 0.5950
vn 0.9200 0.1387 -0.3665
vn 0.9821 -0.0035 0.1881
vn 0.9971 0.0489 0.0586
vn 0.7269 0.5734 -0.3780
vn 0.9570 0.0500 -0.2859
vn 0.9775 -0.0289 -0.2092
vn 0.8612 0.3818 -0.3354
vn 0.9780 -0.1191 -0.1711
vn 0.9843 0.0164 -0.1758
vn 0.9865 0.0078 -0.1638
vn 0.9661 0.0457 -0.2542
vn 0.8928 -0.2022 -0.4027
vn 0.0431 0.7356 -0.6760
vn 0.9764 -0.1025 -0.1901
vn -0.0530 0.5532 -0.8313
vn 0.3588 -0.4426 0.8218
vn -0.2175 -0.4503 0.8660
vn -0.2460 -0.7178 0.6513
vn 0.4504 -0.2549 0.8557
vn -0.1177 -0.3189 0.9404
vn -0.4988 -0.2286 0.8360
vn -0.5139 -0.3675 0.7751
vn -0.5388 -0.3061 0.7849
vn -0.5637 -0.2564 0.7852
vn -0.6591 -0.2487 0.7098
vn 0.5084 0.6425 0.5733
vn -0.4482 -0.1810 0.8754
vn -0.3820 -0.1694 0.9085
vn -0.4546 -0.2001 0.8679
vn 0.4950 -0.6395 0.5883
vn 0.6927 0.2882 -0.6612
vn -0.4473 -0.3467 0.8244
vn -0.4583 0.7374 -0.4962
vn 0.8366 0.2948 -0.4618
vn 0.9110 0.3192 -0.2611
vn -0.0506 -0.4102 0.9106
vn -0.1668 -0.1436 0.9755
vn 0.2119 -0.1924 0.9582
vn 0.2173 -0.2060 0.9541
vn 0.9555 0.1568 0.2497
vn 0.9518 0.1209 0.2818
vn 0.6350 -0.0850 0.7678
vn -0.5721 -0.2914 0.7666
vn 0.7678 -0.0599 -0.6379
vn -0.4702 0.7874 0.3986
vn 0.9408 -0.0707 -0.3315
vn 0.9418 -0.1242 -0.3123
vn 0.9449 0.2710 0.1837
vn 0.9250 -0.2405 0.2943
vn 0.9461 0.3237 0.0132
vn -0.5764 0.2709 0.7710
vn 0.6908 -0.2433 0.6809
vn 0.8431 0.4983 -0.2021
vn -0.5821 0.3476 0.7350
vn -0.0095 0.0688 0.9976
vn 0.5673 -0.1880 0.8018
vn -0.6962 0.5455 0.4665
vn 0.9126 0.3949 -0.1057
vn 0.8844 0.1593 -0.4387
vn -0.0975 0.2990 0.9493
vn 0.9995 -0.0070 0.0316
vn -0.2898 0.3895 0.8742
vn -0.4241 0.0321 0.9050
vn -0.3093 0.0181 0.9508
vn -0.0648 0.0755 0.9950
vn -0.0518 0.0703 0.9962
vn 0.5159 0.8077 0.2854
vn 0.3698 0.7989 -0.4744
vn 0.4408 -0.4978 0.7469
vn 0.4141 -0.4972 0.7624
vn 0.3392 -0.4179 0.8428
vn 0.0648 -0.6145 0.7863
vn 0.0748 -0.6004 0.7962
vn -0.0580 -0.3609 0.9308
vn 0.3238 -0.2569 0.9106
vn -0.2422 -0.2237 0.9441
vn -0.4152 -0.1803 0.8917
vn -0.4645 -0.2674 0.8442
vn 0.7280 0.5966 0.3378
vn -0.8020 -0.2390 0.5474
vn -0.5250 -0.3702 0.7664
vn -0.5147 -0.0821 0.8534
vn -0.5534 -0.1224 0.8239
vn -0.0511 0.2646 -0.9630
vn 0.5733 0.3448 -0.7433
vn -0.1027 0.2259 -0.9687
vn -0.4492 -0.4242 0.7863
vn -0.3382 0.9379 -0.0772
vn 0.9098 0.2168 -0.3538
vn 0.7889 0.3046 -0.5338
vn 0.9066 0.2244 -0.3575
vn -0.2400 -0.2586 0.9357
vn -0.2745 -0.1255 0.9534
vn 0.4913 -0.5374 0.6854
vn 0.0166 -0.2756 0.9611
vn -0.1359 -0.1859 0.9731
vn 0.9382 -0.1252 -0.3228
vn -0.8139 0.3474 0.4657
vn 0.9800 0.1989 0.0075
vn 0.9837 0.1038 0.1470
vn 0.6158 -0.0860 0.7832
vn 0.5914 -0.1127 0.7984
vn 0.7752 -0.2108 0.5955
vn 0.0171 0.0905 0.9957
vn 0.8002 -0.3198 0.5073
vn 0.6791 -0.2904 0.6741
vn 0.8189 0.5714 0.0543
vn 0.2214 0.0687 0.9728
vn -0.5890 0.6074 0.5330
vn 0.7015 0.7123 -0.0244
vn 0.7689 0.6339 -0.0833
vn -0.7934 0.6086 -0.0138
vn 0.7039 0.7095 -0.0347
vn 0.7229 0.6909 0.0046
vn -0.2432 -0.5175 0.8204
vn 0.7775 0.5175 -0.3573
vn -0.9355 -0.0562 0.3487
vn 0.2288 0.1556 0.9610
vn 0.0418 -0.0160 0.9990
vn 0.0808 -0.3745 0.9237
vn 0.2546 0.5714 -0.7802
vn -0.4052 -0.4670 0.7859
vn -0.0685 0.6402 -0.7651
vn 0.0882 0.2759 0.9571
vn 0.0450 0.3409 0.9390
vn 0.0995 -0.5167 0.8504
vn 0.0103 -0.4628 0.8864
vn -0.0423 0.7116 -0.7013
vn -0.0633 -0.3572 0.9319
vn 0.4730 -0.3824 0.7938
vn 0.0641 -0.1486 0.9868
vn 0.1941 0.2357 -0.9522
vn -0.1856 -0.1796 0.9661
vn -0.0320 -0.2575 0.9657
vn -0.4195 -0.1467 0.8958
vn -0.9754 0.2201 -0.0112
vn 0.7072 0.6672 0.2340
vn 0.2701 0.5922 0.7592
vn -0.0964 0.9540 0.2839
vn -0.4873 0.7736 -0.4051
vn -0.5357 -0.3753 0.7564
vn -0.5486 -0.1964 0.8127
vn -0.1676 -0.2939 0.9410
vn -0.6979 0.7107 0.0886
vn -0.8731 0.2865 0.3945
vn 0.8157 0.0020 -0.5785
vn 0.9892 -0.1386 -0.0470
vn 0.1081 -0.2295 0.9673
vn 0.8109 -0.1043 0.5759
vn 0.1505 -0.0052 0.9886
vn 0.1938 -0.1705 0.9661
vn -0.0051 0.1414 0.9899
vn 0.0063 0.1747 0.9846
vn -0.8121 0.3272 -0.4831
vn -0.1063 -0.6875 0.7184
vn -0.1771 0.3803 0.9077
vn -0.2643 0.1500 0.9527
vn -0.3502 0.2361 0.9064
vn 0.7000 0.3978 -0.5931
vn -0.7423 -0.2862 0.6059
vn -0.7066 0.3192 -0.6316
vn 0.4861 0.3840 0.7850
vn -0.3271 -0.3456 0.8795
vn 0.2504 -0.1616 0.9546
vn 0.4792 0.1482 0.8651
vn 0.4692 0.0159 0.8830
vn 0.5054 0.0329 0.8623
vn 0.6358 0.0098 0.7718
vn 0.2033 0.9772 0.0611
vn 0.0561 -0.0100 0.9984
vn -0.7571 0.3010 -0.5798
vn 0.9866 -0.1587 -0.0372
vn 0.8883 -0.4040 0.2186
vn 0.7933 -0.0410 -0.6074
vn 0.8262 -0.2094 -0.5229
vn -0.6978 -0.2550 0.6693
vn 0.6413 0.7500 0.1620
vn 0.1102 0.8624 0.4940
vn -0.5593 0.8023 -0.2084
vn -0.4148 -0.3016 0.8585
vn 0.2217 -0.2787 0.9344
vn 0.2907 -0.2802 0.9149
vn 0.1962 -0.3264 0.9246
vn 0.1991 -0.2842 0.9379
vn 0.2793 -0.2606 0.9242
vn -0.5699 0.3177 0.7578
vn -0.0906 0.3312 0.9392
vn 0.1600 -0.2493 0.9551
vn -0.2583 0.4736 0.8420
vn 0.1052 -0.7939 0.5989
vn -0.5343 0.7855 0.3124
vn 0.3742 0.2409 -0.8955
vn -0.7630 0.6367 0.1113
vn -0.1387 -0.3608 0.9223
vn 0.4228 0.2647 0.8667
vn -0.0724 -0.6248 0.7774
vn -0.1442 -0.5506 0.8223
vn 0.6178 0.0393 0.7854
vn -0.1514 0.9824 0.1090
vn -0.1603 0.9789 0.1264
vn -0.0301 0.0224 0.9993
vn 0.4013 -0.3427 0.8494
vn 0.4674 -0.0005 0.8841
vn 0.3025 -0.6291 0.7160
vn 0.6009 0.0593 -0.7971
vn -0.5669 -0.1084 0.8166
vn -0.5657 -0.1094 0.8173
vn -0.6331 -0.1502 0.7593
vn 0.6230 0.5864 0.5177
vn 0.6056 0.4966 0.6218
vn 0.4735 0.4964 0.7276
vn -0.5217 -0.2715 0.8088
vn 0.7408 -0.0074 -0.6716
vn -0.3236 -0.2223 0.9197
vn -0.3239 -0.2246 0.9191
vn -0.2397 0.6392 0.7307
vn 0.4991 0.8660 0.0311
vn 0.5913 0.7454 -0.3079
vn -0.4902 0.1744 0.8540
vn -0.1152 0.8653 -0.4877
vn -0.1351 0.6206 -0.7724
vn 0.6198 0.0553 0.7828
vn 0.6209 0.0565 0.7818
vn -0.1219 -0.4207 0.8990
vn 0.6321 -0.5561 0.5396
vn 0.9320 -0.2383 0.2730
vn 0.9084 -0.1679 0.3828
vn -0.6846 0.4541 -0.5702
vn 0.9167 -0.1567 -0.3675
vn -0.6002 -0.2140 0.7707
vn 0.7076 0.6935 0.1353
vn 0.8778 -0.2007 0.4350
vn 0.5984 -0.6117 -0.5174
vn 0.8820 -0.3441 0.3220
vn 0.8143 -0.5172 0.2634
vn 0.8084 -0.1119 -0.5779
vn -0.5543 -0.3607 0.7501
vn 0.0083 -0.0800 0.9968
vn 0.9049 0.3454 -0.2488
vn 0.5211 0.6448 0.5592
vn 0.9438 0.0297 -0.3292
vn -0.3563 -0.3631 0.8609
vn -0.1771 -0.2817 0.9430
vn -0.2115 -0.3484 0.9132
vn -0.8217 0.2199 0.5258
vn -0.4548 -0.0290 0.8901
vn -0.3361 -0.2313 0.9130
vn 0.3594 -0.2307 0.9042
vn 0.4280 -0.4767 0.7678
vn -0.4462 0.6520 -0.6130
vn -0.6047 0.7006 0.3788
vn -0.6643 0.6640 -0.3433
vn -0.6624 0.6634 -0.3480
vn -0.2265 -0.2452 0.9426
vn -0.2506 -0.5237 0.8142
vn -0.0379 -0.4341 0.9001
vn -0.1135 -0.5052 0.8555
vn -0.0543 -0.4681 0.8820
vn 0.4813 0.2656 0.8354
vn -0.2688 -0.2830 0.9207
vn 0.7337 0.1576 0.6609
vn 0.6866 -0.3278 0.6489
vn 0.8960 -0.4257 0.1267
vn 0.9695 -0.0737 -0.2336
vn 0.8358 -0.3378 -0.4328
vn -0.6388 -0.1395 0.7566
vn 0.6504 0.7102 0.2695
vn 0.6153 0.6058 0.5044
vn 0.5954 0.3279 0.7335
vn 0.2711 0.4564 0.8474
vn 0.5898 0.2224 -0.7763
vn 0.9373 -0.0967 -0.3349
vn -0.5350 0.8202 -0.2029
vn -0.4319 0.7391 0.5169
vn -0.3059 0.8034 0.5108
vn -0.1439 -0.4610 0.8757
vn -0.0866 -0.4262 0.9005
vn 0.8131 0.2340 -0.5329
vn 0.2022 0.6905 -0.6945
vn 0.7792 0.3805 -0.4980
vn 0.7970 0.3591 0.4857
vn 0.4835 -0.1066 0.8688
vn -0.3208 -0.2240 0.9203
vn 0.2821 -0.0176 0.9592
vn 0.4174 -0.3260 0.8482
vn 0.1085 0.3319 0.9371
vn 0.1234 0.4965 0.8592
vn 0.0440 0.6002 0.7987
vn 0.3915 0.3180 -0.8635
vn 0.4251 -0.6299 0.6499
vn 0.2956 -0.7277 0.6189
vn 0.2484 -0.8389 0.4844
vn -0.2889 0.9270 -0.2392
vn -0.4608 0.8594 -0.2216
vn -0.1692 0.7837 -0.5976
vn -0.0668 0.9448 -0.3208
vn 0.3190 0.4301 0.8445
vn -0.0492 -0.2148 0.9754
vn -0.0111 -0.2471 0.9689
vn -0.5053 0.8625 0.0274
vn 0.4871 0.1306 0.8635
vn 0.3168 -0.0434 0.9475
vn 0.9571 -0.1984 0.2110
vn 0.9750 0.0218 0.2210
vn 0.9841 0.0822 0.1573
vn 0.9716 -0.1665 -0.1680
vn 0.9781 0.0255 -0.2066
vn 0.9856 0.0578 -0.1587
vn 0.2834 0.5071 0.8140
vn 0.1700 0.0333 -0.9849
vn 0.8107 0.0612 -0.5822
vn 0.8941 -0.0080 0.4477
vn 0.8859 -0.0111 0.4637
vn 0.2241 -0.0800 0.9713
vn 0.6432 -0.4098 0.6469
vn -0.3683 -0.4494 0.8138
vn 0.9129 0.1675 -0.3724
vn -0.1203 -0.1534 0.9808
vn -0.7072 0.1845 0.6825
vn -0.6824 -0.1423 0.7170
vn 0.8201 0.5438 -0.1779
vn -0.1254 -0.1973 0.9723
vn 0.8193 0.2948 0.4918
vn 0.5103 0.2054 0.8351
vn 0.2499 0.1514 0.9564
vn 0.2697 0.1808 0.9458
vn 0.0402 0.7409 0.6704
vn 0.3955 0.6406 -0.6582
vn -0.3208 0.8055 0.4983
vn 0.0005 0.4936 0.8697
vn -0.0933 0.9899 -0.1066
vn 0.0289 0.8174 -0.5753
vn -0.5302 -0.5056 0.6806
vn 0.1845 0.8998 -0.3954
vn 0.4237 0.5598 -0.7121
vn 0.0386 0.7526 -0.6573
vn -0.3756 -0.4696 0.7990
vn -0.6414 0.3542 0.6805
vn -0.3292 -0.2591 0.9080
vn 0.3165 0.0766 0.9455
vn 0.5917 0.4818 0.6463
vn 0.5845 0.4346 0.6852
vn 0.6057 0.3106 0.7326
vn 0.5139 0.4398 0.7366
vn 0.7563 -0.3367 -0.5610
vn -0.7433 0.4562 0.4893
vn -0.7645 0.3232 0.5577
vn -0.6129 0.6373 0.4671
vn 0.9409 -0.3170 -0.1195
vn 0.8597 0.0217 0.5103
vn 0.8852 -0.0245 0.4646
vn 0.6734 0.0022 0.7393
vn -0.4682 -0.2369 0.8513
vn -0.5300 -0.2958 0.7947
vn 0.9314 0.3283 0.1571
vn -0.4937 -0.0821 0.8658
vn 0.8945 0.4320 -0.1147
vn -0.1507 -0.1850 0.9711
vn -0.2173 -0.2887 0.9324
vn 0.3694 -0.0997 0.9239
vn -0.4786 0.5527 -0.6822
vn -0.4848 0.7196 -0.4971
vn 0.6075 -0.7292 0.3149
vn -0.6153 -0.4213 0.6662
vn 0.1946 0.4099 -0.8911
vn -0.1269 0.7454 -0.6544
vn -0.5998 -0.4790 0.6409
vn 0.4279 0.6885 -0.5856
vn -0.3986 -0.3280 0.8564
vn -0.2938 -0.2641 0.9187
vn 0.6474 0.7128 0.2697
vn -0.7087 0.2998 -0.6386
vn 0.5202 0.4490 0.7265
vn 0.1265 0.3344 0.9339
vn 0.1199 0.3022 0.9457
vn 0.9734 -0.1849 -0.1351
vn 0.7844 0.1219 0.6082
vn 0.5380 0.1422 0.8309
vn 0.9761 -0.1898 -0.1058
vn 0.9895 0.0645 -0.1290
vn 0.9967 0.0658 -0.0483
vn -0.5820 0.1332 0.8022
vn -0.4668 0.0614 0.8822
vn -0.5052 -0.0750 0.8597
vn -0.7589 -0.2807 0.5876
vn 0.8195 0.5729 0.0145
vn 0.6368 0.6056 0.4772
vn 0.4498 0.3950 0.8010
vn 0.5275 -0.4938 0.6913
vn 0.3731 0.6482 -0.6638
vn 0.4976 0.8633 -0.0844
vn 0.6772 -0.7070 0.2036
vn 0.4229 0.6485 -0.6329
vn -0.7138 0.6270 0.3120
vn -0.2048 0.8710 -0.4466
vn -0.3145 0.0659 0.9470
vn -0.4427 0.0036 0.8967
vn 0.5042 0.6307 0.5899
vn -0.6393 0.7427 0.1991
vn -0.0385 0.2224 0.9742
vn 0.7333 -0.1893 -0.6530
vn 0.5381 0.3439 0.7695
vn 0.7169 0.2315 0.6577
vn -0.2812 -0.1331 0.9504
vn 0.4764 -0.1042 0.8731
vn 0.5248 -0.3260 0.7863
vn 0.4473 0.1942 0.8730
vn 0.4610 0.3967 0.7938
vn 0.3880 0.6514 -0.6520
vn 0.4673 0.6686 0.5785
vn 0.5260 0.6845 0.5048
vn -0.5970 0.7395 -0.3111
vn -0.6826 -0.6980 0.2164
vn 0.4910 0.6377 -0.5936
vn -0.6674 -0.4544 0.5900
vn -0.4430 -0.6703 0.5953
vn 0.6374 0.7185 0.2785
vn -0.7855 0.5714 -0.2377
vn -0.8308 0.5194 -0.2000
vn 0.4844 0.4473 0.7518
vn 0.4283 0.4358 0.7916
vn 0.4548 -0.0034 0.8906
vn 0.5778 0.6744 0.4597
vn -0.7667 0.0874 0.6360
vn -0.0218 0.4038 0.9146
vn 0.5834 0.3461 0.7347
vn -0.3041 -0.6609 0.6861
vn -0.0659 -0.0733 0.9951
vn -0.2984 -0.4576 0.8376
vn 0.6299 0.6163 0.4726
vn -0.5281 0.2808 -0.8014
vn 0.5047 -0.1268 0.8540
vn 0.5030 0.1516 0.8509
vn 0.5658 -0.3812 0.7311
vn 0.5147 0.4635 0.7213
vn -0.6452 -0.1249 0.7537
vn -0.6520 -0.4295 0.6249
vn 0.6075 0.7359 -0.2990
vn -0.6414 0.7585 -0.1153
vn 0.6859 -0.6989 0.2027
vn 0.5058 0.6362 -0.5826
vn -0.1358 0.7499 -0.6474
vn -0.6764 -0.3468 0.6498
vn -0.7798 0.6227 -0.0654
vn -0.1003 0.7247 -0.6817
vn -0.4950 0.0051 0.8689
vn 0.6332 0.7233 0.2754
vn 0.5656 0.5123 0.6462
vn 0.9593 0.2719 -0.0758
vn 0.4915 0.7610 -0.4235
vn 0.2271 -0.0945 0.9693
vn -0.7672 0.0877 0.6354
vn -0.8305 -0.1558 0.5348
vn -0.1358 0.3951 0.9085
vn -0.2433 0.4709 0.8480
vn 0.5946 -0.3749 0.7113
vn 0.1994 0.8125 -0.5478
vn 0.2276 0.7509 -0.6199
vn 0.6910 0.6388 0.3383
vn 0.7505 0.6602 -0.0278
vn -0.5296 0.4934 0.6900
vn -0.5307 -0.1874 0.8266
vn 0.6708 -0.7202 0.1768
vn -0.6367 -0.1909 0.7471
vn -0.5883 -0.0379 0.8078
vn 0.5693 0.6705 0.4757
vn 0.5730 0.6457 0.5047
vn 0.5414 0.3969 0.7412
vn 0.5721 0.3084 0.7600
vn 0.5675 0.3252 0.7564
vn 0.5592 0.3330 0.7592
vn 0.2603 -0.2158 0.9411
vn -0.3324 0.9155 0.2267
vn 0.5751 0.1428 0.8055
vn -0.6677 0.6691 0.3263
vn -0.7005 0.7075 0.0933
vn -0.3806 0.8242 0.4194
vn -0.2840 0.3099 0.9073
vn -0.6763 0.7355 0.0405
vn 0.6247 0.4262 -0.6542
vn -0.2625 0.5808 0.7705
vn -0.4519 0.1936 0.8708
vn 0.5216 0.4511 0.7242
vn 0.4757 0.7809 0.4048
vn 0.4756 0.7793 0.4082
vn 0.5595 0.5203 0.6451
vn 0.3440 0.6910 0.6357
vn 0.6839 -0.2121 0.6980
vn 0.6399 -0.1106 0.7605
vn 0.6525 -0.0749 0.7541
vn 0.6532 0.1891 0.7332
vn -0.7069 0.4067 -0.5787
vn 0.7010 0.3750 0.6066
vn 0.7068 -0.4441 0.5506
vn 0.8467 0.5294 -0.0535
vn 0.8338 0.3955 -0.3852
vn -0.4778 -0.3876 0.7883
vn -0.3870 -0.3521 0.8522
vn 0.4522 0.4221 -0.7857
vn 0.5143 0.3296 -0.7917
vn -0.3973 -0.3177 0.8609
vn -0.4236 0.0867 0.9017
vn -0.4884 -0.1443 0.8606
vn 0.5414 0.3631 0.7584
vn 0.4314 -0.0200 0.9019
vn 0.3098 0.6819 0.6626
vn 0.2864 0.7066 0.6471
vn 0.8130 0.4587 0.3587
vn 0.7670 -0.6176 0.1741
vn 0.6382 0.6214 -0.4545
vn -0.6459 0.7616 0.0522
vn 0.7112 -0.7029 0.0076
vn -0.3555 -0.4865 0.7981
vn -0.4786 0.7301 0.4878
vn 0.5433 0.5140 -0.6638
vn -0.4153 -0.3224 0.8506
vn 0.0310 0.9981 0.0532
vn -0.3455 -0.3756 0.8600
vn 0.5821 0.7497 0.3150
vn 0.5493 0.5903 0.5914
vn 0.5392 0.8051 0.2471
vn 0.5303 0.7277 0.4351
vn 0.2675 0.7528 0.6015
vn 0.8115 0.0502 0.5822
vn 0.7756 -0.3438 0.5294
vn 0.7832 -0.2648 0.5625
vn 0.8291 0.4527 0.3281
vn 0.8625 0.5056 -0.0220
vn 0.8683 0.4894 -0.0812
vn 0.7823 -0.5695 0.2524
vn 0.7800 -0.6124 0.1287
vn 0.5821 0.4892 -0.6495
vn 0.4344 0.6558 -0.6174
vn -0.2529 0.9675 -0.0036
vn -0.0546 -0.3644 0.9297
vn -0.4351 0.2130 0.8748
vn 0.5468 0.7464 0.3795
vn 0.5409 0.7171 0.4396
vn 0.5419 0.3017 0.7844
vn 0.5605 0.5181 0.6461
vn 0.4686 -0.0548 0.8817
vn 0.8466 0.0486 0.5300
vn 0.8752 -0.1302 0.4659
vn 0.9100 0.2419 0.3368
vn 0.8860 -0.3643 0.2870
vn 0.8398 -0.5363 0.0851
vn -0.0981 0.9940 -0.0483
vn -0.3538 -0.4823 0.8014
vn -0.0788 -0.2191 0.9725
vn -0.2014 -0.0314 0.9790
vn 0.4825 0.7230 0.4944
vn 0.5507 0.3623 0.7519
vn 0.4605 0.5997 0.6545
vn 0.5674 0.5397 0.6219
vn 0.9481 0.2818 0.1472
vn 0.8895 -0.3596 0.2819
vn 0.8766 0.4151 -0.2436
vn 0.9039 -0.4206 0.0774
vn 0.8676 0.3532 -0.3500
vn 0.8075 0.4828 -0.3390
vn 0.8065 0.4869 -0.3352
vn -0.1665 0.1826 0.9690
vn -0.2600 -0.1234 0.9577
vn 0.4205 -0.3200 0.8490
vn 0.6027 0.7979 -0.0121
vn 0.5207 0.4518 0.7244
vn 0.5365 0.0321 0.8433
vn 0.9681 -0.0848 0.2359
vn 0.9772 -0.0952 0.1897
vn 0.9660 -0.2302 0.1179
vn 0.9180 0.2619 -0.2979
vn 0.5560 -0.1169 0.8229
vn 0.5403 -0.2600 0.8003
vn 0.5109 0.8509 0.1225
vn 0.5609 0.5931 0.5777
vn 0.5067 0.8359 0.2109
vn 0.4958 0.5365 0.6829
vn 0.5557 0.2853 0.7809
vn -0.8142 0.5269 -0.2438
vn -0.7522 -0.2727 0.5999
vn -0.6232 0.3102 -0.7179
vn 0.7301 -0.0724 0.6795
vn -0.4781 -0.3865 0.7887
vn 0.4509 0.8047 0.3862
vn 0.1722 0.8471 0.5027
vn 0.4450 0.5969 0.6676
vn 0.3970 0.5492 0.7354
vn 0.4426 0.8503 0.2848
vn 0.6523 0.4986 0.5708
vn 0.6592 0.4719 0.5854
vn 0.6600 0.4298 0.6162
vn 0.6497 -0.0355 0.7593
vn 0.4326 0.7767 0.4579
vn 0.4431 0.7559 0.4820
vn 0.3666 0.5451 0.7539
vn 0.4825 0.8724 -0.0776
vn 0.4790 0.8730 0.0920
vn 0.5102 0.4447 0.7362
vn 0.5444 0.3695 0.7530
vn 0.4608 0.5829 0.6693
vn 0.7032 0.0683 0.7077
vn 0.1195 -0.9029 0.4128
vn 0.4638 0.8799 0.1033
vn 0.3381 0.6689 0.6620
vn 0.3478 0.6687 0.6572
vn 0.5542 0.3746 0.7434
vn 0.5475 0.4503 0.7053
vn 0.7918 0.2551 0.5550
vn 0.8274 -0.1270 0.5471
vn 0.3799 0.8866 0.2641
vn 0.5010 0.8157 0.2893
vn 0.7937 0.1395 0.5920
vn 0.3158 0.8374 0.4461
vn 0.7691 0.1364 0.6244
vn 0.5785 0.7623 0.2902
vn 0.3571 0.8917 0.2780
vn 0.3188 0.8816 0.3481
vn 0.6317 0.6639 0.4002
vn 0.5787 0.7697 0.2697
vn 0.7321 0.3627 0.5767
vn 0.3282 0.5816 0.7444
vn 0.1305 0.9807 -0.1456
vn 0.3316 0.8476 0.4143
vn 0.3063 0.7506 0.5855
vn 0.3314 0.6427 0.6907
vn 0.8090 0.3291 0.4871
vn 0.3801 0.7706 0.5115
vn 0.3915 0.8628 0.3199
vn 0.3481 0.8583 0.3770
vn 0.3231 0.6469 0.6908
vn 0.5278 0.7808 0.3343
vn 0.3447 0.8327 0.4333
vn 0.4889 0.8041 0.3383
vn 0.3567 0.6596 0.6615
vn 0.2854 0.4382 0.8523
vn 0.7025 -0.6809 0.2073
vn -0.6191 0.7136 -0.3277
vn -0.6882 0.6560 -0.3099
vn 0.8595 -0.5090 0.0459
vn 0.6498 0.0354 -0.7593
vn 0.6063 -0.3325 -0.7224
vn -0.8301 0.5576 -0.0096
vn -0.7726 0.5927 -0.2278
vn -0.7763 0.5650 -0.2794
vn 0.5470 -0.3451 -0.7627
vn -0.7748 0.5665 -0.2808
vn -0.7920 0.5834 -0.1801
vn 0.2614 0.2464 -0.9333
vn 0.3584 0.1540 -0.9208
vn 0.3828 -0.2561 -0.8876
vn 0.2459 0.5435 -0.8026
vn 0.1566 0.6143 -0.7734
vn 0.2143 0.8732 -0.4377
vn 0.4978 -0.7606 0.4167
vn 0.6266 -0.7535 -0.1991
vn 0.6189 -0.7659 -0.1743
vn 0.4988 -0.7587 0.4189
vn -0.8099 0.5713 -0.1326
vn -0.8872 0.4403 -0.1375
vn -0.9090 0.3364 -0.2461
vn -0.9236 0.3349 -0.1864
vn 0.2079 0.9728 0.1021
vn 0.2438 -0.2932 -0.9244
vn 0.3239 -0.6444 -0.6927
vn 0.3653 -0.5042 -0.7825
vn 0.7000 -0.7101 -0.0751
vn -0.8408 0.5383 -0.0574
vn -0.8534 0.5102 -0.1068
vn -0.8110 0.5687 -0.1373
vn -0.8844 0.3789 -0.2725
vn -0.9052 0.3950 -0.1566
vn -0.6991 0.4722 -0.5370
vn -0.6681 0.3865 -0.6358
vn -0.3526 0.0167 -0.9356
vn -0.5220 0.3164 -0.7921
vn -0.3616 0.2423 -0.9003
vn 0.2786 -0.5254 -0.8040
vn -0.2793 0.5882 -0.7590
vn -0.6379 0.6784 -0.3645
vn 0.6464 -0.7586 -0.0824
vn 0.5472 -0.8281 0.1215
vn 0.4437 -0.8597 0.2533
vn -0.7650 0.5306 -0.3651
vn -0.7497 0.5550 -0.3603
vn -0.3528 0.7831 -0.5121
vn 0.5971 -0.6947 0.4011
vn -0.6119 0.5429 -0.5752
vn 0.4146 -0.7022 0.5788
vn -0.4567 0.3233 -0.8288
vn -0.7019 0.1749 -0.6905
vn 0.5105 -0.2950 -0.8077
vn 0.7875 -0.5996 -0.1428
vn -0.8040 0.4496 -0.3891
vn 0.7946 -0.5931 -0.1294
vn -0.5744 0.7129 -0.4024
vn -0.3288 -0.6491 0.6860
vn -0.7160 0.6549 0.2419
vn -0.7449 0.1346 0.6535
vn -0.6332 -0.0836 0.7695
vn 0.5565 -0.8202 0.1330
vn -0.6085 0.7794 -0.1490
vn -0.3609 0.6220 -0.6949
vn -0.1463 0.3189 -0.9364
vn 0.3566 -0.5750 0.7364
vn -0.6030 0.0119 -0.7977
vn -0.7002 0.0799 -0.7095
vn -0.5049 -0.1711 -0.8461
vn -0.9236 0.2781 -0.2639
vn -0.9211 0.3090 0.2368
vn -0.9169 0.1892 0.3514
vn -0.2337 -0.8916 0.3878
vn -0.4339 -0.7748 0.4597
vn -0.2596 0.5393 -0.8011
vn -0.2352 0.2188 -0.9470
vn 0.1951 -0.6443 -0.7395
vn -0.9923 0.0840 -0.0908
vn -0.9940 -0.0899 0.0618
vn -0.9914 0.1101 -0.0707
vn -0.9526 0.0947 0.2890
vn -0.8779 -0.0780 0.4725
vn -0.8782 -0.0718 0.4728
vn -0.4311 -0.7729 0.4656
vn 0.1997 -0.9634 -0.1787
vn -0.6433 0.4149 0.6434
vn 0.4586 -0.8390 -0.2930
vn 0.0788 -0.8927 0.4437
vn -0.2265 -0.8842 0.4085
vn -0.4575 -0.7596 0.4623
vn 0.4114 0.7663 -0.4935
vn 0.2592 0.5916 -0.7634
vn 0.0874 0.1367 -0.9868
vn -0.4108 -0.1483 -0.8996
vn -0.5355 -0.7973 0.2783
vn 0.1433 0.2115 -0.9668
vn 0.3229 -0.8697 -0.3734
vn -0.2456 -0.8005 0.5467
vn -0.3817 -0.6892 0.6158
vn -0.3722 -0.7058 0.6028
vn -0.6133 -0.5959 0.5185
vn 0.5412 0.6440 -0.5407
vn -0.6189 -0.6398 0.4556
vn -0.6834 -0.6671 0.2966
vn -0.9781 -0.2067 0.0247
vn 0.2446 -0.6346 -0.7331
vn 0.5744 0.0343 -0.8179
vn -0.3586 -0.8719 0.3334
vn 0.4508 -0.7449 -0.4918
vn 0.0868 0.9337 -0.3473
vn 0.2371 0.7509 -0.6165
vn 0.5044 0.6025 -0.6185
vn -0.5851 -0.8020 0.1201
vn 0.2749 0.5951 -0.7552
vn -0.6140 -0.7785 -0.1301
vn -0.5065 -0.5994 0.6198
vn -0.9866 0.0982 0.1305
vn -0.9771 -0.1730 0.1243
vn -0.4745 -0.7080 0.5230
vn 0.2624 -0.5300 -0.8064
vn 0.3078 0.7037 -0.6403
vn -0.1590 -0.7875 0.5955
vn -0.5226 0.8494 0.0736
vn -0.9760 0.1207 0.1815
vn -0.9687 0.1522 0.1962
vn 0.8228 -0.4707 -0.3186
vn -0.9680 0.1835 0.1711
vn -0.9607 -0.2772 0.0165
vn -0.9729 0.1966 0.1217
vn -0.4299 -0.8788 0.2071
vn 0.5912 -0.1966 -0.7822
vn -0.8350 -0.0522 0.5477
vn -0.9427 0.2198 0.2511
vn -0.4974 -0.6093 0.6175
vn -0.9333 0.2974 0.2011
vn -0.9357 0.1272 0.3291
vn -0.3600 -0.8176 0.4494
vn -0.3512 -0.8535 0.3851
vn -0.6113 -0.7804 -0.1316
vn 0.8655 -0.3128 -0.3913
vn 0.8733 0.2782 -0.3999
vn -0.1493 0.4948 -0.8561
vn 0.7859 -0.3872 -0.4821
vn -0.6277 0.0135 0.7784
vn 0.5390 -0.4590 -0.7063
vn -0.8819 0.3290 0.3376
vn -0.9109 0.2516 0.3271
vn -0.9166 0.2497 0.3122
vn -0.8948 0.3326 0.2977
vn -0.8724 0.2944 0.3903
vn 0.9375 -0.3125 -0.1529
vn 0.9538 -0.1536 -0.2581
vn 0.7671 0.2562 -0.5882
vn 0.5734 -0.3245 -0.7523
vn 0.3899 -0.1289 -0.9118
vn -0.8426 0.3211 0.4325
vn 0.4042 0.5312 -0.7446
vn -0.9003 0.3238 0.2908
vn 0.7032 -0.7089 0.0541
vn 0.2836 0.7750 -0.5648
vn -0.4320 -0.8771 0.2100
vn 0.5235 -0.0823 -0.8480
vn 0.4698 -0.1458 -0.8707
vn 0.4093 0.0908 -0.9079
vn 0.3934 0.1638 -0.9046
vn 0.7523 -0.2978 -0.5877
vn 0.6038 0.5584 -0.5689
vn 0.7735 -0.1696 0.6107
vn 0.7640 -0.1281 -0.6323
vn 0.6277 -0.6997 -0.3411
vn 0.8509 0.0069 -0.5253
vn 0.5712 0.2843 -0.7700
vn 0.6291 -0.7553 -0.1835
vn 0.5807 -0.3339 -0.7425
vn -0.0937 0.4941 -0.8643
vn 0.4346 -0.8117 -0.3903
vn -0.8211 0.3540 0.4478
vn 0.5095 0.4967 -0.7026
vn -0.4422 -0.0775 0.8936
vn -0.4964 -0.8456 0.1963
vn 0.3612 0.0681 -0.9300
vn 0.4270 -0.0224 -0.9040
vn 0.4640 0.1116 -0.8788
vn 0.3472 0.1383 -0.9275
vn 0.4324 -0.3358 -0.8368
vn 0.2674 0.2443 -0.9321
vn 0.5058 -0.3804 -0.7743
vn 0.3325 0.3754 -0.8651
vn 0.3923 0.3106 -0.8658
vn 0.5795 0.5557 -0.5962
vn 0.5223 0.6935 -0.4962
vn 0.5444 0.3044 -0.7817
vn 0.3895 -0.2332 -0.8910
vn 0.4347 -0.7348 0.5207
vn -0.6356 0.3340 0.6960
vn 0.7482 -0.4252 -0.5092
vn -0.6943 0.6100 0.3819
vn 0.2992 0.7753 -0.5562
vn -0.4178 -0.7952 0.4395
vn -0.4331 0.2077 -0.8771
vn -0.3653 0.1206 -0.9231
vn 0.3935 -0.7783 0.4892
vn 0.6563 -0.7522 0.0591
vn 0.0067 -0.9753 -0.2207
vn 0.2333 -0.9723 -0.0146
vn 0.1341 -0.8858 -0.4443
vn 0.6513 0.1726 -0.7389
vn 0.5497 0.2224 -0.8052
vn 0.1120 -0.9774 -0.1791
vn -0.0922 0.4953 -0.8638
vn 0.0237 -0.4802 0.8768
vn 0.5301 0.4834 -0.6966
vn 0.5776 -0.7371 -0.3508
vn 0.1658 0.8015 -0.5745
vn -0.1874 -0.7457 0.6394
vn -0.1641 -0.7393 0.6531
vn -0.3581 0.2515 -0.8992
vn -0.3825 -0.2995 -0.8741
vn -0.3302 -0.3821 -0.8631
vn -0.5890 0.2309 -0.7745
vn -0.5788 0.1691 -0.7978
vn -0.6474 0.1232 -0.7521
vn -0.2991 -0.5494 -0.7802
vn -0.1508 0.3817 -0.9119
vn -0.3562 -0.6680 -0.6534
vn -0.1422 -0.7785 -0.6113
vn -0.8453 -0.1477 0.5134
vn -0.8072 -0.0378 0.5891
vn -0.8842 0.0023 0.4672
vn -0.5616 -0.7336 0.3826
vn -0.5726 -0.7330 -0.3673
vn -0.9537 -0.3007 -0.0071
vn -0.9097 -0.1716 -0.3782
vn -0.9036 -0.1120 -0.4135
vn -1.0000 0.0043 0.0051
vn -0.0259 -0.9991 -0.0341
vn -0.8501 -0.0887 -0.5190
vn -0.4672 -0.1489 -0.8715
vn -0.9323 0.2776 0.2316
vn 0.2318 -0.8469 -0.4785
vn -0.9975 -0.0071 -0.0704
vn 0.2379 0.1424 -0.9608
vn -0.0164 0.1810 -0.9833
vn -0.0238 -0.9591 0.2822
vn -0.1048 -0.8720 0.4781
vn -0.1050 -0.7901 0.6039
vn -0.1450 -0.7551 0.6394
vn -0.0921 0.1179 -0.9887
vn 0.5385 0.5123 -0.6690
vn 0.6036 -0.6552 -0.4543
vn -0.7633 0.5531 0.3340
vn -0.8557 0.5150 -0.0509
vn -0.1497 0.5443 -0.8254
vn -0.1505 0.5487 -0.8223
vn -0.2084 -0.7767 0.5944
vn -0.5147 -0.7439 0.4261
vn -0.2344 -0.8126 0.5336
vn -0.4176 -0.7952 0.4396
vn -0.4803 0.0652 -0.8747
vn -0.4755 0.2785 -0.8345
vn -0.5186 -0.2283 -0.8240
vn -0.3385 0.1584 -0.9275
vn -0.3547 0.1576 -0.9216
vn -0.4073 -0.4371 -0.8019
vn -0.5635 -0.3852 -0.7308
vn -0.8557 0.1116 -0.5053
vn -0.9016 -0.0440 -0.4304
vn -0.6024 -0.0152 -0.7981
vn -0.9854 0.0352 -0.1667
vn -0.9899 0.0217 -0.1402
vn -0.9082 0.3595 0.2144
vn -0.8609 -0.5088 -0.0024
vn -0.8264 0.0925 0.5554
vn -0.9460 -0.1009 0.3080
vn -0.4567 -0.4867 -0.7447
vn -0.0342 -0.7099 -0.7035
vn -0.1241 -0.3506 -0.9283
vn -0.9924 -0.1034 0.0672
vn -0.9606 0.0201 0.2773
vn -0.7167 0.3691 0.5917
vn -0.9112 0.1620 0.3787
vn -0.9879 -0.1348 0.0768
vn -0.6734 -0.7363 -0.0661
vn -0.9922 -0.1057 0.0665
vn 0.0691 0.1059 -0.9920
vn 0.2742 -0.9612 -0.0306
vn -0.8303 0.0720 -0.5527
vn -0.7439 0.1681 -0.6468
vn 0.3983 -0.2197 -0.8905
vn 0.5513 -0.2779 -0.7867
vn 0.1351 0.1692 -0.9763
vn -0.1785 -0.9821 -0.0594
vn -0.9428 -0.1402 0.3025
vn -0.8893 -0.2985 0.3465
vn -0.7072 -0.3463 0.6164
vn -0.9220 0.3661 0.1262
vn -0.3177 -0.7218 0.6149
vn -0.5430 0.1939 -0.8170
vn -0.8978 0.2794 -0.3404
vn -0.6961 -0.2565 -0.6705
vn -0.6889 0.3811 -0.6166
vn -0.5802 0.2330 -0.7804
vn -0.1255 0.1675 -0.9778
vn -0.9250 -0.2098 -0.3167
vn -0.5533 -0.5152 -0.6545
vn -0.9268 0.3750 0.0202
vn -0.6608 -0.5816 -0.4745
vn 0.1394 -0.4180 -0.8977
vn -0.6674 -0.7214 0.1849
vn -0.7683 -0.3923 0.5058
vn -0.5075 0.0057 0.8616
vn -0.2865 -0.8323 0.4745
vn 0.0110 -0.7674 -0.6411
vn 0.1098 -0.7713 -0.6270
vn -0.3211 0.6401 -0.6979
vn -0.8965 -0.3670 0.2481
vn -0.0888 -0.8979 0.4311
vn -0.9200 -0.3772 0.1065
vn 0.0513 -0.9916 0.1184
vn -0.8988 -0.1706 -0.4038
vn -0.8604 -0.0591 -0.5062
vn -0.8622 -0.0240 -0.5061
vn 0.2824 -0.1360 -0.9496
vn 0.8009 -0.1638 -0.5760
vn -0.3395 -0.6498 0.6801
vn -0.8616 0.2194 -0.4576
vn -0.8831 0.0892 -0.4606
vn -0.8686 0.1089 -0.4834
vn -0.9418 -0.0316 -0.3347
vn -0.8371 -0.1918 -0.5123
vn -0.7370 0.0099 0.6758
vn -0.7734 -0.0084 0.6339
vn -0.7559 0.1334 0.6409
vn -0.9420 -0.2764 -0.1905
vn -0.9569 -0.0821 -0.2787
vn -0.8196 -0.3838 -0.4253
vn -0.5528 -0.5157 -0.6546
vn -0.9392 0.2562 -0.2285
vn -0.7951 -0.1557 0.5861
vn -0.8185 0.1444 0.5560
vn -0.5240 -0.4920 -0.6952
vn -0.1751 -0.3833 -0.9069
vn -0.8176 0.1517 0.5554
vn -0.8130 -0.4154 -0.4081
vn -0.8502 0.1890 0.4913
vn -0.9476 -0.1237 0.2946
vn -0.1488 -0.4846 -0.8620
vn -0.2131 -0.8420 0.4957
vn -0.6310 0.1732 -0.7562
vn -0.5692 0.1977 -0.7981
vn -0.4882 -0.8610 0.1424
vn -0.0664 -0.9215 0.3826
vn -0.7635 -0.4751 -0.4374
vn -0.4180 0.2697 -0.8675
vn 0.6574 -0.0175 -0.7533
vn 0.6348 0.0203 -0.7724
vn -0.3200 -0.6543 0.6852
vn -0.1497 0.5012 -0.8523
vn -0.3806 0.2336 0.8947
vn -0.7961 0.5429 0.2675
vn -0.3346 0.6022 -0.7249
vn -0.2902 0.6364 -0.7147
vn -0.2933 0.5646 -0.7715
vn -0.9989 -0.0299 0.0350
vn -0.7777 0.3008 -0.5520
vn 0.2789 -0.1847 -0.9424
vn -0.7235 0.5878 -0.3620
vn -0.7049 -0.4468 -0.5509
vn -0.6486 -0.2280 -0.7262
vn -0.2892 -0.1716 -0.9418
vn -0.2165 0.2394 -0.9465
vn -0.1959 0.3630 -0.9110
vn -0.1865 -0.1089 -0.9764
vn -0.4219 -0.6070 0.6735
vn -0.4726 -0.7018 0.5331
vn -0.9551 0.2962 0.0052
vn -0.9523 -0.2096 0.2220
vn -0.9954 0.0962 -0.0030
vn -0.9075 -0.3332 0.2556
vn -0.9064 -0.3812 0.1818
vn -0.9789 0.1312 -0.1570
vn -0.9440 -0.3297 -0.0120
vn -0.9626 0.0049 -0.2709
vn -0.1984 0.9174 -0.3449
vn 0.1326 -0.3060 -0.9427
vn 0.1225 -0.4292 -0.8949
vn 0.0737 -0.6606 -0.7471
vn -0.0189 -0.8872 0.4610
vn -0.0603 -0.9739 0.2189
vn -0.0929 0.1014 -0.9905
vn 0.2772 -0.1345 -0.9513
vn -0.5583 0.4650 -0.6871
vn -0.0906 -0.9664 -0.2404
vn -0.2220 0.3116 -0.9239
vn 0.6747 -0.0127 -0.7380
vn -0.1137 0.1675 -0.9793
vn -0.9262 0.3279 0.1859
vn -0.9361 0.3496 -0.0397
vn -0.9384 0.2402 -0.2485
vn -0.9302 -0.3628 -0.0566
vn -0.9254 0.2416 -0.2920
vn -0.4041 0.8109 -0.4233
vn -0.8140 -0.1479 -0.5618
vn -0.7075 -0.2227 -0.6707
vn -0.8903 0.0281 -0.4544
vn -0.8888 0.0417 -0.4565
vn 0.0569 -0.4859 -0.8722
vn 0.0564 -0.4904 -0.8697
vn 0.0461 -0.5124 -0.8575
vn -0.0306 -0.8057 0.5915
vn -0.0439 -0.8327 0.5521
vn -0.0290 -0.9256 0.3774
vn 0.0623 -0.8892 0.4533
vn -0.1448 0.1235 -0.9817
vn 0.4147 -0.0736 -0.9070
vn 0.2052 0.0038 -0.9787
vn -0.0469 0.3523 -0.9347
vn -0.2620 -0.9315 0.2524
vn -0.0441 -0.5108 -0.8586
vn 0.0605 0.1012 -0.9930
vn -0.6600 -0.6840 0.3107
vn -0.5028 -0.6838 0.5288
vn -0.2162 0.4205 -0.8812
vn -0.8510 0.3992 0.3412
vn -0.8110 0.4874 0.3235
vn -0.7851 0.5595 0.2657
vn -0.8720 0.4894 -0.0000
vn -0.9104 0.2714 -0.3123
vn -0.6256 -0.2304 -0.7453
vn 0.0386 -0.1652 -0.9855
vn 0.0226 -0.5287 -0.8485
vn -0.1076 -0.8999 0.4227
vn -0.2329 -0.6538 0.7200
vn -0.2384 0.1208 -0.9636
vn -0.1477 0.2484 -0.9573
vn -0.4403 0.1473 -0.8857
vn -0.5970 -0.0005 -0.8022
vn 0.1109 -0.0464 -0.9927
vn 0.1165 -0.0247 -0.9929
vn -0.4683 -0.5232 0.7120
vn -0.7099 0.6342 0.3061
vn -0.8574 0.5145 -0.0154
vn -0.8631 0.4013 -0.3066
vn -0.6820 -0.2884 -0.6721
vn -0.0729 -0.8063 0.5870
vn -0.0117 -0.9091 0.4164
vn 0.5450 -0.8381 0.0236
vn 0.2631 -0.2657 -0.9275
vn 0.2479 -0.3181 -0.9151
vn -0.3523 0.2748 -0.8946
vn -0.4642 -0.1059 -0.8793
vn -0.9319 -0.2322 -0.2787
vn -0.8618 -0.4698 0.1915
vn -0.7808 -0.4722 0.4090
vn 0.7294 0.0996 -0.6768
vn 0.8377 -0.5334 -0.1171
vn -0.7980 0.4537 -0.3967
vn -0.3851 -0.4276 -0.8179
vn -0.6986 0.3976 -0.5949
vn 0.6043 -0.3910 0.6942
vn 0.5509 0.6110 -0.5685
vn 0.3412 0.5951 -0.7276
vn 0.4559 -0.6172 0.6412
vn 0.9869 0.0033 -0.1616
vn 0.0098 0.8379 -0.5458
vn 0.4737 -0.8684 -0.1465
vn -0.2690 0.0262 -0.9628
vn -0.2010 -0.0192 -0.9794
vn 0.2009 -0.2986 -0.9330
vn -0.3893 0.2181 -0.8949
vn 0.5030 -0.2141 -0.8373
vn 0.5337 -0.3354 -0.7763
vn -0.3729 0.4067 -0.8340
vn 0.5878 -0.7158 -0.3770
vn 0.5597 -0.7238 -0.4035
vn -0.6631 0.6615 -0.3502
vn -0.6407 -0.3161 -0.6997
vn -0.6819 -0.2890 -0.6719
vn -0.7558 0.0318 -0.6541
vn -0.4902 0.6886 -0.5343
vn -0.2275 0.6385 -0.7352
vn -0.0275 -0.8252 0.5642
vn 0.2638 0.4356 -0.8606
vn 0.3184 -0.9186 0.2343
vn -0.1142 -0.3547 -0.9280
vn 0.1405 -0.5196 -0.8428
vn -0.0177 -0.9089 0.4167
vn 0.5508 -0.8103 -0.1999
vn -0.0453 0.2323 -0.9716
vn -0.3690 -0.2019 -0.9072
vn -0.3837 -0.1177 -0.9159
vn 0.1642 -0.0912 -0.9822
vn -0.0458 0.5322 -0.8454
vn 0.3163 -0.7110 -0.6280
vn 0.4515 -0.8901 0.0632
vn 0.3765 -0.9254 -0.0432
vn -0.2555 -0.4504 0.8555
vn 0.3701 -0.8819 0.2919
vn 0.5162 -0.8373 -0.1802
vn 0.6751 0.5850 -0.4495
vn -0.5198 0.7388 -0.4289
vn -0.4158 0.5776 -0.7025
vn -0.5349 0.5134 -0.6710
vn -0.1413 -0.7979 0.5859
vn -0.4092 -0.6686 -0.6210
vn -0.6470 -0.3543 -0.6752
vn -0.7288 0.1182 -0.6745
vn -0.7129 0.1975 -0.6729
vn -0.4487 0.3899 -0.8041
vn -0.5180 -0.5911 0.6183
vn -0.1071 0.2416 -0.9645
vn 0.2686 0.4428 -0.8555
vn -0.4076 -0.6031 0.6857
vn 0.4543 0.1572 -0.8769
vn 0.3529 0.2794 -0.8930
vn 0.5233 -0.5876 0.6171
vn -0.1982 -0.4403 -0.8757
vn 0.2137 -0.5953 -0.7745
vn -0.1826 -0.9289 -0.3223
vn -0.3312 -0.9017 0.2779
vn 0.4109 -0.9102 -0.0517
vn 0.4183 -0.8765 -0.2382
vn 0.1512 0.4663 -0.8716
vn 0.1023 -0.3253 -0.9401
vn 0.0718 -0.6870 -0.7231
vn -0.2059 -0.2583 -0.9439
vn -0.0015 -0.1296 -0.9916
vn -0.3094 0.5172 -0.7980
vn 0.2137 -0.6887 -0.6929
vn -0.8204 -0.3522 -0.4505
vn -0.8126 -0.3097 -0.4938
vn -0.7605 -0.5117 0.3996
vn -0.8069 -0.5382 0.2435
vn 0.0571 -0.7613 0.6459
vn -0.0800 -0.9865 0.1429
vn 0.1191 -0.9038 -0.4110
vn 0.1957 -0.7344 -0.6499
vn -0.4062 0.3927 -0.8251
vn -0.5768 0.7760 0.2551
vn -0.1900 -0.7741 0.6038
vn -0.8831 -0.1386 0.4483
vn 0.2430 -0.4555 -0.8564
vn -0.1489 -0.3829 -0.9117
vn -0.2403 0.2911 -0.9260
vn -0.9433 0.3308 -0.0264
vn -0.2476 0.2852 -0.9259
vn -0.8860 -0.0133 0.4636
vn -0.9975 0.0520 0.0471
vn -0.9978 -0.0001 0.0663
vn -0.7271 0.0219 -0.6862
vn -0.7372 0.2800 -0.6150
vn -0.9534 -0.1819 -0.2406
vn -0.0099 0.2818 -0.9594
vn -0.4273 -0.0368 -0.9034
vn -0.5522 0.4166 -0.7222
vn -0.9041 -0.3267 0.2754
vn 0.0519 0.1511 -0.9871
vn -0.3810 -0.4698 0.7963
vn -0.1762 -0.3535 -0.9187
vn -0.9772 0.0510 0.2063
vn -0.8227 -0.5197 0.2304
vn -0.7586 -0.5333 0.3743
vn -0.5204 -0.7744 -0.3598
vn -0.4198 -0.9012 0.1080
vn -0.4637 -0.7311 0.5004
vn -0.4065 0.0585 -0.9118
vn -0.4404 0.2106 -0.8728
vn -0.5342 -0.5370 -0.6529
vn -0.4984 -0.6689 -0.5515
vn 0.2788 0.5230 -0.8054
vn -0.2502 -0.7297 0.6363
vn -0.6514 -0.7212 0.2358
vn -0.0554 0.6806 -0.7305
vn -0.0325 0.7166 -0.6967
vn 0.0507 -0.6876 0.7244
vn 0.1187 0.7197 -0.6840
vn 0.2717 0.2295 -0.9346
vn 0.3450 -0.8421 0.4146
vn -0.1147 -0.9447 -0.3072
vn -0.1037 -0.5124 -0.8524
vn 0.5274 -0.5949 -0.6066
vn 0.8055 0.0934 -0.5852
vn -0.0433 0.5279 -0.8482
vn -0.9616 0.1535 0.2274
vn 0.4862 -0.2320 -0.8425
vn 0.2456 0.2680 -0.9316
vn -0.6977 0.0220 -0.7161
vn -0.9039 -0.3605 0.2304
vn -0.4489 0.0967 -0.8883
vn -0.6006 0.1685 -0.7816
vn -0.2425 0.3195 -0.9160
vn -0.1721 0.6475 -0.7424
vn -0.1840 -0.3318 -0.9252
vn -0.2246 -0.4103 -0.8838
vn -0.4625 -0.3618 0.8094
vn -0.1109 -0.4353 -0.8935
vn 0.2284 -0.4377 -0.8696
vn 0.2138 -0.5214 -0.8261
vn -0.1748 -0.9401 -0.2926
vn -0.0948 -0.9954 0.0122
vn -0.8838 -0.1922 0.4266
vn -0.8778 -0.1690 0.4482
vn -0.7596 0.6444 -0.0880
vn -0.7601 0.3636 -0.5386
vn -0.4664 0.1531 -0.8712
vn -0.4440 0.3884 -0.8075
vn 0.3363 -0.6027 -0.7237
vn 0.3878 -0.4358 -0.8122
vn -0.5319 0.2784 -0.7997
vn 0.1195 0.9385 -0.3239
vn -0.6483 -0.7264 0.2281
vn 0.0165 0.6144 -0.7889
vn 0.1195 0.4139 -0.9025
vn -0.2653 -0.9095 -0.3200
vn 0.3408 -0.5213 0.7824
vn -0.2567 -0.6015 -0.7565
vn -0.0136 0.0104 -0.9999
vn 0.1741 0.4284 -0.8867
vn 0.1681 0.4312 -0.8865
vn 0.3861 0.0521 -0.9210
vn 0.1895 -0.1116 -0.9755
vn -0.8869 0.0874 0.4537
vn -0.6135 -0.2442 0.7510
vn 0.2988 0.4180 -0.8579
vn 0.4966 0.0751 -0.8647
vn -0.7436 -0.0083 -0.6686
vn -0.3882 0.2484 -0.8875
vn -0.9519 -0.3060 0.0172
vn -0.9031 -0.2623 0.3401
vn -0.6456 -0.3519 0.6778
vn -0.3498 0.5043 -0.7895
vn -0.5725 -0.7461 0.3400
vn -0.2197 0.8702 -0.4410
vn 0.0147 -0.9073 -0.4202
vn 0.0419 -0.9980 0.0474
vn -0.5124 -0.6760 0.5296
vn 0.0003 -0.9314 -0.3640
vn -0.0528 -0.8620 -0.5041
vn -0.3215 0.3788 -0.8678
vn -0.6600 -0.1036 -0.7441
vn -0.5658 -0.1935 -0.8015
vn -0.5147 0.0418 -0.8563
vn -0.3311 0.3881 -0.8601
vn -0.4448 0.3664 -0.8173
vn -0.5493 0.4274 -0.7180
vn -0.5490 0.4172 -0.7242
vn -0.1304 -0.9820 0.1367
vn -0.2105 -0.9295 -0.3029
vn -0.4466 0.4062 -0.7972
vn 0.5859 0.2929 -0.7556
vn 0.4590 -0.3055 -0.8343
vn 0.4387 -0.5108 0.7393
vn -0.7690 -0.3511 -0.5342
vn -0.8365 0.3334 -0.4350
vn -0.8147 0.0646 0.5763
vn -0.8588 0.3623 0.3622
vn -0.7172 -0.2129 0.6636
vn -0.5761 -0.3710 0.7284
vn -0.6485 -0.1598 0.7442
vn 0.4381 -0.0976 -0.8936
vn 0.7299 -0.3086 -0.6100
vn 0.6198 -0.2895 -0.7295
vn 0.3783 0.4196 -0.8251
vn -0.7832 -0.0035 -0.6218
vn -0.8788 -0.4609 -0.1235
vn -0.6638 0.2120 -0.7172
vn -0.5514 0.4509 -0.7019
vn -0.8724 -0.4833 0.0726
vn -0.4522 -0.6863 0.5696
vn -0.4084 -0.5829 0.7025
vn -0.4029 -0.4625 -0.7898
vn -0.3322 -0.2060 -0.9204
vn 0.1376 -0.0506 -0.9892
vn 0.1484 -0.1771 -0.9729
vn -0.5787 -0.6950 -0.4267
vn -0.5563 -0.5241 0.6449
vn 0.2607 -0.6643 0.7005
vn -0.5664 -0.1031 -0.8177
vn 0.0042 -0.6912 -0.7226
vn -0.0473 -0.7594 -0.6489
vn -0.3027 0.3764 -0.8756
vn 0.1369 -0.4766 -0.8684
vn 0.5400 0.0897 -0.8369
vn -0.5601 0.1127 -0.8207
vn -0.5682 0.0885 -0.8181
vn -0.3264 0.3927 -0.8598
vn -0.7937 0.6014 0.0915
vn 0.5088 -0.5314 -0.6773
vn -0.8222 -0.0039 -0.5691
vn 0.0311 -0.9590 0.2817
vn 0.6342 -0.7647 0.1138
vn 0.5685 -0.8046 0.1714
vn -0.2185 -0.8718 0.4385
vn 0.5035 0.3498 -0.7900
vn -0.6714 0.1283 -0.7299
vn -0.6603 -0.1535 -0.7352
vn -0.6921 0.3293 -0.6423
vn -0.4494 0.3452 -0.8240
vn -0.8521 -0.0715 0.5185
vn 0.7216 -0.4557 -0.5212
vn -0.8468 -0.3125 0.4304
vn -0.6494 -0.1592 0.7436
vn 0.5580 0.0882 -0.8252
vn 0.6016 0.1628 -0.7821
vn -0.8744 -0.0804 -0.4785
vn -0.8808 0.0619 -0.4694
vn -0.8811 -0.4661 0.0800
vn -0.7019 0.5679 -0.4299
vn -0.8595 -0.4357 0.2670
vn -0.8627 -0.4269 0.2711
vn -0.5223 0.7923 -0.3153
vn -0.4668 0.8736 0.1375
vn -0.6954 -0.4153 0.5865
vn -0.7628 0.2953 0.5753
vn -0.7099 -0.3038 0.6354
vn -0.0828 -0.7799 -0.6204
vn -0.3614 0.3141 -0.8779
vn -0.3619 0.3103 -0.8791
vn -0.1432 0.4240 -0.8943
vn -0.7457 -0.3618 -0.5594
vn -0.7904 0.0811 -0.6072
vn 0.8127 -0.5789 -0.0662
vn -0.6305 0.4434 -0.6371
vn -0.6870 0.5087 -0.5189
vn -0.4820 -0.8699 -0.1043
vn -0.5629 -0.8098 0.1654
vn 0.0722 0.3755 -0.9240
vn -0.5126 0.1489 -0.8456
vn -0.3262 -0.4485 -0.8321
vn -0.7305 0.2704 -0.6271
vn 0.6416 -0.1889 -0.7434
vn -0.4944 -0.5367 -0.6838
vn -0.9487 0.2348 -0.2116
vn -0.9657 -0.0606 0.2526
vn -0.9072 0.2470 0.3407
vn 0.7490 -0.6624 0.0171
vn -0.7841 -0.3320 -0.5244
vn -0.9718 -0.0822 -0.2208
vn 0.7930 -0.5774 -0.1943
vn 0.7766 -0.5866 -0.2298
vn -0.4577 -0.6971 0.5519
vn -0.9324 -0.1966 0.3034
vn -0.4519 -0.7148 0.5337
vn -0.9319 -0.2003 0.3025
vn -0.6787 0.5414 0.4963
vn 0.8017 -0.5870 -0.1127
vn -0.9916 -0.0379 -0.1235
vn -0.9901 0.0732 -0.1200
vn -0.9648 0.0522 0.2576
vn -0.3200 -0.4984 -0.8057
vn -0.4867 0.4342 -0.7581
vn -0.5454 -0.2655 -0.7950
vn -0.8391 -0.2450 0.4857
vn -0.5487 -0.6610 -0.5119
vn 0.1184 -0.7094 0.6948
vn 0.5661 0.3275 -0.7565
vn 0.5654 0.5579 -0.6074
vn 0.1033 -0.9612 0.2558
vn 0.0640 -0.3634 -0.9294
vn -0.4830 0.4236 -0.7664
vn -0.9314 0.0237 -0.3633
vn -0.4795 0.4290 -0.7655
vn -0.7562 0.3477 -0.5542
vn -0.7237 -0.5775 0.3778
vn -0.7034 -0.6152 0.3559
vn -0.7234 0.3932 -0.5676
vn -0.5094 -0.8273 -0.2370
vn -0.9009 0.3428 -0.2661
vn -0.7011 -0.6097 0.3698
vn -0.8422 0.3057 0.4441
vn -0.5982 0.1437 -0.7884
vn -0.8345 0.1988 0.5139
vn -0.5219 0.3832 -0.7620
vn -0.8692 -0.4132 -0.2717
vn -0.7050 0.6806 0.1992
vn -0.8145 -0.3090 -0.4910
vn -0.7227 0.6492 0.2372
vn -0.8968 -0.2066 0.3913
vn -0.9105 -0.1902 0.3671
vn -0.8973 -0.2371 0.3722
vn 0.6205 0.1576 -0.7682
vn 0.3579 -0.9331 0.0356
vn -0.7419 0.2933 0.6030
vn -0.5586 -0.6980 -0.4480
vn -0.9982 -0.0604 -0.0003
vn -0.3353 0.4275 -0.8395
vn -0.9711 -0.1030 -0.2155
vn -0.9788 -0.0683 -0.1930
vn 0.2292 -0.8451 -0.4829
vn -0.9431 0.2291 0.2412
vn -0.9483 0.1376 -0.2859
vn -0.9729 -0.2022 0.1122
vn -0.1228 -0.9469 0.2972
vn 0.4951 -0.2304 -0.8378
vn -0.0540 0.6840 -0.7275
vn 0.5431 -0.8027 -0.2462
vn -0.9183 -0.3778 0.1186
vn 0.4923 -0.8530 0.1736
vn -0.8245 -0.2833 -0.4899
vn -0.6193 0.6180 -0.4844
vn 0.1266 -0.9839 -0.1262
vn -0.7987 0.0798 -0.5964
vn 0.1556 -0.9878 -0.0036
vn -0.7989 0.5136 -0.3130
vn -0.7876 0.5610 -0.2549
vn -0.7228 0.2382 0.6487
vn -0.5958 -0.3491 0.7233
vn -0.6546 -0.7123 0.2535
vn -0.9598 -0.2173 -0.1774
vn -0.9582 -0.2330 -0.1659
vn -0.7041 -0.6562 0.2713
vn 0.1306 -0.9502 0.2828
vn 0.4311 -0.8382 0.3340
vn -0.7490 0.3210 0.5796
vn 0.0295 -0.9290 -0.3688
vn 0.1142 -0.9879 -0.1053
vn 0.0417 -0.2410 -0.9696
vn -0.3220 -0.6383 -0.6992
vn 0.3542 0.1335 -0.9256
vn -0.0962 -0.9567 0.2746
vn -0.6185 -0.4068 0.6723
vn -0.8403 -0.0856 -0.5354
vn -0.7022 0.4627 -0.5411
vn -0.6928 0.4413 -0.5703
vn 0.2286 -0.8535 0.4683
vn -0.5699 -0.2926 -0.7678
vn -0.9955 0.0886 -0.0348
vn -0.1703 -0.9824 0.0763
vn -0.7994 -0.0487 0.5989
vn -0.5638 -0.3594 0.7436
vn -0.5661 -0.3711 0.7361
vn -0.2691 -0.7467 0.6084
vn -0.5406 -0.7911 0.2862
vn -0.4403 -0.8566 0.2691
vn -0.2929 -0.9504 0.1049
vn -0.5291 0.3820 -0.7577
vn -0.6541 0.2213 -0.7233
vn -0.5338 0.8108 -0.2402
vn -0.8095 -0.3924 -0.4368
vn -0.8057 -0.5470 0.2272
vn -0.2738 -0.8590 -0.4326
vn -0.8112 0.1730 0.5585
vn -0.6362 -0.2951 0.7129
vn 0.7205 -0.5576 0.4122
vn 0.2144 -0.9589 -0.1859
vn 0.1921 -0.9453 0.2636
vn 0.2769 -0.8407 0.4654
vn -0.2291 0.1265 -0.9651
vn 0.2313 -0.6278 -0.7432
vn 0.5892 -0.8017 0.1004
vn -0.3057 -0.6469 -0.6986
vn 0.1630 0.3695 -0.9148
vn -0.6182 -0.5784 0.5323
vn -0.2298 -0.7940 -0.5628
vn -0.2863 -0.8731 -0.3946
vn -0.9283 -0.3719 -0.0036
vn -0.8568 -0.0475 -0.5134
vn -0.9412 0.3370 -0.0251
vn -0.9605 0.1866 0.2064
vn -0.9615 0.0819 0.2622
vn -0.6902 -0.3315 0.6433
vn -0.8728 -0.3099 -0.3771
vn -0.6888 0.5165 -0.5087
vn -0.2976 -0.9535 0.0471
vn -0.7503 0.1378 -0.6466
vn -0.8410 0.4486 0.3023
vn -0.9081 -0.4171 0.0376
vn -0.6280 -0.5143 -0.5840
vn -0.8246 0.1627 0.5418
vn -0.8427 0.0856 0.5316
vn -0.5789 -0.7933 0.1884
vn -0.4643 -0.4264 -0.7762
vn 0.4992 -0.8182 -0.2851
vn 0.4958 0.6613 -0.5629
vn 0.2311 -0.8531 0.4677
vn -0.5879 -0.6635 0.4627
vn -0.4713 -0.8516 -0.2294
vn -0.7974 0.4656 0.3839
vn -0.9502 0.2136 -0.2269
vn -0.8979 -0.0336 -0.4389
vn -0.9308 -0.1571 -0.3301
vn -0.9436 0.2786 -0.1791
vn -0.9490 0.2100 -0.2353
vn -0.9178 -0.2365 -0.3190
vn 0.4729 -0.8796 0.0522
vn -0.8975 0.4179 0.1408
vn -0.9693 -0.2425 -0.0414
vn 0.3348 -0.8493 0.4081
vn -0.4074 0.6865 -0.6023
vn 0.1655 -0.8990 0.4054
vn -0.8898 0.3913 0.2349
vn -0.9237 0.2370 0.3009
vn -0.0493 -0.9985 -0.0239
vn -0.9526 -0.0651 0.2972
vn -0.8448 0.0973 -0.5261
vn -0.0723 -0.9847 -0.1586
vn -0.7473 0.0468 -0.6629
vn -0.1754 -0.9765 -0.1253
vn -0.2829 0.5338 -0.7969
vn -0.9712 -0.1995 -0.1302
vn 0.0827 -0.9767 -0.1982
vn -0.3431 -0.8621 -0.3730
vn -0.3733 -0.7456 0.5520
vn 0.6157 -0.7878 0.0190
vn 0.3493 -0.2798 0.8943
vn 0.3971 0.7363 -0.5480
vn -0.4328 -0.4436 -0.7848
vn 0.4910 -0.2628 -0.8306
vn 0.4957 -0.7121 -0.4973
vn -0.4289 -0.6418 0.6357
vn -0.3229 -0.7114 -0.6243
vn 0.2674 -0.9435 0.1960
vn -0.4753 -0.8614 -0.1791
vn -0.9953 0.0324 -0.0911
vn -0.4203 -0.1506 -0.8948
vn -0.1478 0.4026 -0.9034
vn -0.3856 0.7161 -0.5819
vn -0.9896 0.0046 0.1440
vn -0.9891 -0.0046 0.1471
vn -0.2684 0.5338 -0.8019
vn -0.2958 0.2250 -0.9284
vn -0.9538 -0.2900 -0.0780
vn -0.8464 -0.3458 -0.4051
vn -0.8715 -0.1514 -0.4665
vn 0.4442 0.3285 -0.8335
vn 0.5643 0.2885 -0.7735
vn -0.8280 -0.5588 0.0471
vn -0.6747 -0.7110 0.1981
vn -0.4717 -0.5038 0.7237
vn -0.5222 -0.4817 0.7037
vn -0.3822 -0.7379 0.5562
vn 0.3521 0.6084 -0.7113
vn 0.3035 0.3376 -0.8910
vn -0.4549 -0.6810 0.5738
vn -0.6178 0.6702 -0.4114
vn 0.3909 -0.9081 0.1501
vn -0.3651 -0.8687 0.3347
vn -0.6960 -0.6761 -0.2418
vn -0.5351 -0.8280 -0.1679
vn -0.2791 0.2560 -0.9255
vn -0.8129 -0.5657 -0.1382
vn -0.2008 -0.8541 0.4799
vn -0.5214 0.6127 -0.5940
vn -0.4231 0.6168 0.6638
vn 0.3842 -0.3016 0.8726
vn -0.5284 0.0353 -0.8482
vn -0.4471 -0.6765 -0.5852
vn -0.4962 -0.8349 -0.2384
vn -0.5990 -0.8007 0.0099
vn -0.5178 -0.7564 0.3997
vn -0.7409 0.0853 0.6662
vn -0.9077 0.0491 0.4166
vn -0.9598 0.2688 -0.0803
vn -0.7722 0.5968 -0.2181
vn -0.9663 0.0173 -0.2569
vn -0.7683 -0.0771 -0.6355
vn -0.9689 -0.1020 -0.2256
vn -0.3044 0.2437 -0.9208
vn -0.7528 -0.4995 -0.4287
vn -0.6884 0.7196 -0.0911
vn -0.2579 -0.2311 -0.9381
vn -0.8130 -0.4821 -0.3265
vn -0.5097 0.3857 -0.7690
vn -0.2087 0.4921 -0.8451
vn 0.3037 0.3347 -0.8921
vn 0.4154 -0.1404 -0.8987
vn -0.5297 -0.2553 -0.8089
vn -0.7000 0.3897 0.5984
vn -0.0790 -0.7340 0.6745
vn -0.3515 -0.7462 0.5654
vn -0.7790 -0.6267 -0.0212
vn -0.5105 0.2080 -0.8343
vn -0.6745 -0.0772 -0.7342
vn -0.8527 -0.4303 -0.2961
vn -0.9936 -0.1091 -0.0277
vn -0.9972 -0.0607 -0.0430
vn -0.7954 0.5633 0.2236
vn -0.1857 0.1182 -0.9755
vn 0.4479 -0.4516 -0.7717
vn 0.3908 -0.3382 -0.8561
vn 0.6844 -0.6325 0.3627
vn 0.3574 -0.3650 -0.8597
vn 0.3678 -0.7512 -0.5481
vn -0.6341 0.2597 -0.7283
vn -0.5306 -0.5540 -0.6415
vn -0.5324 -0.5042 -0.6800
vn 0.1238 -0.9591 0.2544
vn 0.1146 -0.7397 0.6631
vn -0.4984 -0.8342 -0.2360
vn -0.6611 -0.7433 0.1021
vn -0.6914 0.5574 -0.4596
vn -0.8642 -0.4369 -0.2495
vn -0.3787 0.6107 -0.6954
vn 0.3560 -0.4133 -0.8381
vn 0.1867 -0.2407 -0.9525
vn -0.3645 0.4839 -0.7956
vn 0.5645 -0.8183 0.1085
vn -0.6693 0.5964 0.4431
vn -0.6891 0.3152 -0.6526
vn -0.1845 -0.6847 0.7051
vn 0.1469 -0.6352 0.7582
vn -0.9321 0.2052 -0.2986
vn -0.8528 -0.4477 -0.2689
vn -0.7900 0.1235 0.6006
vn -0.7278 -0.3467 0.5917
vn -0.7474 0.0559 0.6620
vn -0.1989 0.2426 -0.9495
vn 0.5746 -0.7989 -0.1779
vn -0.1535 0.4995 -0.8526
vn 0.6161 -0.7263 0.3047
vn 0.2180 -0.9291 -0.2986
vn 0.1238 -0.9916 0.0381
vn -0.6963 0.2843 -0.6591
vn -0.0149 0.2051 -0.9786
vn 0.1775 -0.4386 -0.8810
vn -0.7973 0.4567 0.3947
vn 0.4172 0.1832 -0.8902
vn -0.6062 -0.3119 -0.7316
vn -0.6931 0.3390 -0.6361
vn 0.7318 -0.2785 0.6220
vn -0.7371 0.2835 -0.6135
vn -0.2382 -0.2828 -0.9291
vn 0.5143 -0.1652 -0.8416
vn -0.0187 0.2486 -0.9684
vn -0.8581 0.4451 0.2561
vn 0.3748 -0.3685 -0.8507
vn -0.4073 -0.0502 0.9119
vn -0.6892 -0.1694 -0.7045
vn -0.3618 -0.2980 -0.8833
vn -0.1039 -0.9894 0.1016
vn -0.2173 -0.4708 -0.8551
vn -0.7365 0.3440 -0.5825
vn 0.7884 -0.3247 0.5224
vn -0.0069 -0.2711 -0.9625
vn -0.0124 -0.2577 -0.9661
vn 0.1293 -0.9537 -0.2715
vn 0.5005 -0.1926 -0.8441
vn 0.5255 0.1656 -0.8345
vn 0.4833 0.2682 -0.8334
vn 0.3443 -0.2260 -0.9112
vn 0.1527 -0.8634 -0.4809
vn 0.0815 -0.9892 0.1216
vn -0.8539 0.0967 -0.5114
vn -0.9125 0.0318 -0.4078
vn -0.9222 0.3321 0.1981
vn -0.6299 -0.2135 0.7467
vn -0.4473 0.3439 -0.8256
vn 0.1569 -0.1824 -0.9706
vn 0.8902 -0.2784 -0.3605
vn -0.1414 -0.9339 0.3283
vn -0.8508 -0.1135 -0.5132
vn -0.2486 -0.4620 -0.8513
vn -0.8513 0.2313 -0.4710
vn -0.8636 0.2523 -0.4364
vn -0.8653 0.2499 -0.4345
vn -0.7861 0.2027 -0.5840
vn -0.1453 0.7195 -0.6792
vn -0.4502 0.0686 -0.8903
vn 0.2926 -0.3346 -0.8958
vn -0.7792 0.5624 0.2769
vn 0.7317 0.0990 -0.6744
vn 0.6688 0.1364 -0.7308
vn 0.7290 0.1142 -0.6749
vn 0.5722 -0.2470 -0.7820
vn -0.2187 -0.9272 -0.3040
vn -0.7816 0.2044 -0.5893
vn -0.8938 0.2435 -0.3767
vn -0.9454 -0.1630 -0.2824
vn -0.5313 0.0817 -0.8432
vn 0.3658 -0.3144 -0.8760
vn -0.8970 0.4419 0.0088
vn 0.4711 -0.4307 -0.7698
vn 0.0464 0.4959 0.8671
vn 0.6021 -0.7708 0.2083
vn 0.5507 -0.8344 0.0211
vn -0.0743 -0.7460 0.6617
vn -0.6839 0.2879 -0.6704
vn -0.6126 0.0320 -0.7898
vn -0.9261 0.2442 -0.2875
vn -0.9191 0.0506 -0.3907
vn 0.1643 -0.0264 -0.9861
vn 0.5125 -0.0392 -0.8578
vn 0.5047 -0.1325 -0.8531
vn -0.5344 0.0777 -0.8416
vn -0.3144 -0.1967 -0.9287
vn -0.8530 0.5083 -0.1185
vn -0.8173 0.2945 -0.4953
vn -0.8827 0.3432 -0.3210
vn -0.9061 0.2789 -0.3180
vn -0.8145 -0.1402 -0.5630
vn -0.8321 -0.0113 -0.5545
vn -0.8429 0.2244 -0.4890
vn -0.8396 -0.0218 -0.5428
vn 0.0401 -0.9916 0.1229
vn 0.2085 -0.9673 -0.1444
vn 0.1292 0.1984 -0.9716
vn 0.0048 0.2115 -0.9774
vn 0.1514 0.1587 -0.9757
vn -0.8058 0.2377 -0.5424
vn 0.0137 0.0913 -0.9957
vn -0.4676 0.8170 0.3375
vn -0.7989 0.3511 -0.4883
vn 0.4898 -0.8713 -0.0291
vn 0.1404 0.2017 -0.9693
vn 0.4865 -0.1474 -0.8612
vn -0.6445 0.2592 -0.7194
vn 0.7469 -0.5154 0.4201
vn -0.6184 -0.4586 -0.6382
vn 0.7670 -0.3996 0.5021
vn -0.5978 -0.4287 -0.6774
vn -0.6259 -0.1805 -0.7587
vn -0.7397 -0.0177 -0.6727
vn -0.2486 0.3308 -0.9104
vn -0.3894 0.2767 -0.8785
vn 0.5331 0.0317 -0.8455
vn 0.6330 -0.2388 -0.7364
vn -0.3673 0.1898 -0.9106
vn -0.2996 0.3032 -0.9046
vn -0.1511 0.5977 -0.7873
vn 0.8926 -0.2989 0.3375
vn -0.8284 0.3338 -0.4498
vn -0.8271 0.4064 -0.3882
vn -0.8065 0.2489 -0.5362
vn -0.7101 0.0975 -0.6973
vn -0.0742 0.1103 -0.9911
vn 0.4482 -0.8939 0.0115
vn 0.7803 -0.0370 -0.6243
vn -0.6073 0.0485 -0.7930
vn -0.4044 0.3303 -0.8529
vn -0.1497 0.5659 -0.8107
vn -0.0658 0.6638 -0.7451
vn -0.7990 0.4214 -0.4289
vn -0.7939 0.3525 -0.4955
vn -0.8505 0.3739 -0.3699
vn -0.8039 0.3993 -0.4408
vn -0.7910 0.3483 -0.5029
vn -0.2869 -0.1955 -0.9378
vn -0.4051 0.1042 -0.9083
vn 0.4162 -0.8948 0.1616
vn 0.2341 0.1036 -0.9667
vn 0.6106 -0.0695 -0.7889
vn 0.2994 0.0480 -0.9529
vn 0.6481 -0.1721 -0.7419
vn -0.2492 0.3509 -0.9027
vn -0.5152 0.2972 -0.8039
vn -0.4411 0.1901 -0.8771
vn -0.4283 0.2318 -0.8734
vn 0.1357 0.9772 0.1634
vn -0.1609 -0.6102 -0.7758
vn -0.4508 0.2819 -0.8469
vn 0.7785 -0.0284 -0.6270
vn -0.6052 0.4968 -0.6220
vn -0.6514 0.0626 -0.7561
vn -0.9895 0.1446 -0.0009
vn -0.9699 0.0192 -0.2428
vn -0.9260 -0.2859 0.2465
vn -0.9599 0.1752 0.2188
vn -0.5297 -0.2877 0.7979
vn -0.9148 0.3086 -0.2606
vn -0.8753 0.2639 -0.4051
vn -0.7216 0.4642 -0.5136
vn -0.1694 -0.6236 -0.7632
vn -0.2441 -0.0241 -0.9695
vn -0.3875 0.0966 -0.9168
vn 0.2728 -0.4899 0.8280
vn -0.0521 -0.4213 -0.9054
vn 0.1599 0.0746 -0.9843
vn -0.0386 0.2115 -0.9766
vn -0.2364 0.2960 -0.9255
vn 0.6340 -0.3378 -0.6957
vn -0.8691 0.3916 -0.3021
vn -0.9084 -0.0762 -0.4111
vn -0.8549 0.2535 0.4526
vn 0.7050 -0.3439 0.6202
vn -0.2110 0.5544 -0.8051
vn -0.5522 0.2722 -0.7880
vn -0.9204 -0.3868 0.0576
vn -0.1486 0.6462 -0.7486
vn 0.5920 0.6313 -0.5010
vn -0.7773 0.4004 -0.4853
vn -0.7934 0.4277 -0.4332
vn -0.3964 -0.1814 -0.9000
vn -0.8812 0.4727 0.0035
vn -0.8787 0.2787 -0.3876
vn -0.2044 -0.3682 -0.9070
vn 0.1870 0.4412 -0.8777
vn 0.8583 0.2859 -0.4262
vn 0.6431 -0.2509 -0.7235
vn 0.7652 -0.4618 -0.4485
vn -0.7481 0.5791 0.3242
vn -0.8621 -0.3032 -0.4059
vn 0.3218 -0.1508 -0.9347
vn 0.3482 -0.1929 -0.9174
vn 0.7031 -0.4507 -0.5501
vn -0.8668 0.4621 -0.1873
vn -0.7492 0.1753 -0.6387
vn -0.9339 -0.1404 -0.3289
vn -0.9423 -0.0472 -0.3314
vn 0.0935 0.4176 -0.9038
vn -0.9261 -0.3687 0.0802
vn 0.0745 0.3810 -0.9216
vn -0.7690 -0.4140 0.4871
vn -0.7699 -0.4074 0.4912
vn 0.9880 -0.1465 -0.0480
vn -0.8165 0.1489 -0.5578
vn -0.9172 0.3966 0.0369
vn -0.8465 0.3154 -0.4290
vn 0.0486 -0.6628 -0.7472
vn -0.0691 -0.0107 -0.9976
vn -0.1083 -0.0993 -0.9891
vn 0.9995 -0.0040 -0.0308
vn 0.9989 0.0305 -0.0357
vn 0.3552 0.3755 -0.8561
vn 0.4019 -0.0730 -0.9128
vn 0.6711 -0.2108 -0.7107
vn 0.5046 0.3030 -0.8084
vn -0.0339 0.1100 -0.9934
vn 0.2810 -0.1557 -0.9470
vn -0.3045 0.1759 -0.9361
vn -0.0618 0.0548 -0.9966
vn -0.0867 0.0922 -0.9920
vn -0.3752 0.2700 -0.8867
vn -0.3870 0.2601 -0.8846
vn -0.8319 0.5071 -0.2254
vn 0.7946 0.0747 -0.6025
vn 0.7432 -0.0717 -0.6653
vn 0.7418 -0.4768 0.4716
vn -0.8608 0.3754 0.3437
vn -0.7961 0.2868 0.5330
vn -0.6034 0.0127 -0.7973
vn -0.9374 -0.1411 -0.3183
vn -0.8715 -0.3384 0.3548
vn 0.0428 -0.1459 0.9884
vn -0.6163 0.2435 -0.7490
vn -0.9712 0.2318 -0.0559
vn -0.8362 0.4122 -0.3618
vn -0.7240 0.2600 -0.6389
vn -0.4465 0.2997 -0.8431
vn 0.2186 -0.5516 -0.8050
vn 0.0350 -0.2674 -0.9629
vn 0.1371 -0.0746 -0.9877
vn 0.5112 0.2680 -0.8166
vn 0.0239 -0.0867 -0.9959
vn 0.1743 0.4275 -0.8870
vn 0.8554 -0.3672 0.3654
vn 0.1691 0.4330 -0.8854
vn 0.3339 0.3814 -0.8620
vn 0.3446 0.3919 -0.8530
vn 0.4450 0.3036 -0.8425
vn 0.7202 -0.2936 0.6285
vn 0.6307 0.1801 -0.7548
vn -0.0683 0.8283 -0.5562
vn 0.2728 -0.5988 0.7530
vn 0.3880 -0.7229 0.5717
vn 0.2127 -0.2700 -0.9391
vn -0.2679 0.6044 -0.7503
vn 0.9068 -0.0611 -0.4171
vn -0.6283 0.7407 -0.2378
vn -0.5244 0.8213 -0.2247
vn 0.3408 -0.1929 -0.9201
vn -0.2159 -0.9037 -0.3697
vn 0.8398 -0.5394 0.0621
vn 0.5836 0.2537 -0.7714
vn -0.9064 0.4222 -0.0150
vn 0.6129 0.5438 -0.5733
vn 0.3595 0.4066 -0.8399
vn -0.9347 -0.0719 -0.3481
vn -0.7999 -0.5452 0.2509
vn 0.3766 -0.3098 0.8730
vn 0.3444 0.2772 -0.8969
vn -0.6614 0.5161 -0.5443
vn 0.7700 -0.5386 0.3420
vn -0.5486 0.2576 -0.7954
vn 0.6949 -0.4146 0.5876
vn 0.4916 -0.0485 -0.8695
vn 0.4086 -0.4485 -0.7949
vn 0.8624 -0.3986 -0.3119
vn 0.8314 0.3486 -0.4328
vn 0.5748 0.2811 -0.7685
vn 0.3396 0.0486 -0.9393
vn 0.5001 0.3222 -0.8038
vn 0.4787 0.3666 -0.7978
vn 0.4389 0.3062 -0.8448
vn -0.0228 0.3712 -0.9283
vn 0.5771 0.2399 -0.7807
vn 0.4692 0.2292 -0.8529
vn 0.7265 0.3790 -0.5732
vn 0.2252 -0.9737 0.0337
vn 0.7060 0.1995 -0.6795
vn 0.7746 0.3329 -0.5377
vn 0.6599 -0.0015 -0.7513
vn 0.4673 -0.5905 -0.6580
vn 0.5172 -0.5402 -0.6638
vn -0.9084 0.3928 -0.1429
vn -0.9464 0.1619 -0.2796
vn -0.7032 0.2689 -0.6582
vn 0.5380 -0.7946 -0.2813
vn -0.7026 0.5958 -0.3890
vn 0.2613 0.1813 -0.9481
vn 0.3973 -0.0413 -0.9168
vn 0.2514 -0.1074 -0.9619
vn -0.8009 0.2565 0.5411
vn -0.6412 0.1676 0.7489
vn 0.6937 -0.6593 -0.2899
vn 0.3062 0.4200 -0.8543
vn -0.2468 -0.0631 -0.9670
vn -0.7835 -0.1577 -0.6011
vn -0.0593 -0.9627 -0.2641
vn 0.7867 0.2440 -0.5671
vn -0.5524 0.5871 -0.5917
vn 0.7854 -0.4608 0.4133
vn -0.2574 0.5553 -0.7908
vn -0.1799 0.2982 -0.9374
vn -0.0135 0.3206 -0.9471
vn -0.0303 0.3073 -0.9511
vn -0.0151 0.3164 -0.9485
vn 0.5494 -0.4709 -0.6902
vn -0.5566 0.0508 0.8292
vn -0.5520 0.0632 0.8314
vn 0.6988 0.0013 -0.7153
vn 0.6123 0.4235 -0.6676
vn -0.9602 0.0327 0.2773
vn -0.9837 0.1101 0.1425
vn -0.9934 0.0949 -0.0649
vn 0.0700 0.0239 -0.9973
vn 0.2190 0.2901 -0.9316
vn -0.8859 -0.3292 0.3267
vn -0.9941 -0.0063 -0.1084
vn -0.4252 0.1084 -0.8986
vn -0.0568 0.5080 -0.8595
vn 0.7524 -0.4225 0.5054
vn -0.0034 0.4053 -0.9142
vn 0.1126 0.3159 -0.9421
vn 0.2321 0.3840 -0.8937
vn -0.1949 -0.4317 0.8807
vn -0.1842 -0.8774 -0.4431
vn 0.2330 0.3845 -0.8932
vn -0.4224 0.8265 -0.3722
vn -0.4749 0.1330 -0.8699
vn 0.9407 0.2629 -0.2143
vn 0.3777 -0.2524 -0.8909
vn -0.9165 0.1988 -0.3472
vn 0.8072 -0.4426 -0.3906
vn -0.8753 0.4391 -0.2025
vn -0.9233 -0.0324 -0.3826
vn 0.1075 0.2024 -0.9734
vn -0.8758 0.1920 -0.4428
vn -0.9362 0.3458 -0.0629
vn 0.4822 -0.8704 -0.0996
vn -0.0078 -0.9967 0.0806
vn 0.3252 0.3748 -0.8682
vn -0.2053 -0.9483 -0.2422
vn 0.3191 0.6492 -0.6904
vn -0.0379 0.3870 -0.9213
vn 0.2134 0.0167 -0.9768
vn 0.9673 0.0068 -0.2537
vn 0.2627 -0.6124 0.7456
vn 0.1058 -0.5159 0.8501
vn 0.5454 -0.4864 -0.6826
vn -0.8509 0.0136 0.5251
vn 0.1600 0.3640 -0.9176
vn -0.8074 -0.3435 0.4797
vn -0.0266 0.1100 -0.9936
vn -0.9712 0.1446 -0.1896
vn 0.0432 0.3800 -0.9240
vn -0.8862 0.0538 -0.4601
vn -0.8748 0.0929 -0.4754
vn -0.9774 -0.1578 0.1410
vn -0.9562 -0.2712 0.1101
vn -0.9318 0.1049 -0.3475
vn -0.8996 -0.0890 0.4276
vn -0.9472 0.1059 -0.3026
vn -0.0198 0.4102 -0.9118
vn -0.9848 -0.0081 -0.1737
vn -0.9467 0.0789 -0.3123
vn -0.1073 0.3873 -0.9157
vn -0.0405 0.4289 -0.9025
vn -0.1832 0.1334 -0.9740
vn 0.1917 -0.4250 0.8846
vn 0.0951 0.3025 -0.9484
vn -0.5877 -0.5639 -0.5801
vn 0.1610 0.2545 -0.9536
vn 0.1623 0.2556 -0.9531
vn 0.0306 0.2957 -0.9548
vn 0.1713 0.2396 -0.9556
vn -0.0466 0.3564 -0.9332
vn -0.0636 0.3312 -0.9414
vn -0.5945 -0.7211 -0.3558
vn 0.2331 0.3844 -0.8932
vn 0.2395 0.3859 -0.8909
vn 0.2791 0.3110 -0.9085
vn 0.2157 -0.9505 0.2236
vn 0.3133 0.2263 -0.9223
vn 0.7858 0.3802 -0.4878
vn -0.5273 0.1976 -0.8264
vn -0.3770 -0.1774 -0.9091
vn -0.4576 -0.1092 -0.8824
vn -0.1584 -0.5116 -0.8445
vn -0.7422 0.6328 -0.2207
vn -0.6899 0.6574 0.3031
vn 0.4797 -0.3381 0.8097
vn 0.2280 -0.9100 -0.3463
vn -0.3876 0.1686 -0.9063
vn -0.4782 0.2785 -0.8329
vn -0.1075 0.0715 -0.9916
vn -0.0822 0.0376 -0.9959
vn 0.0013 0.0626 -0.9980
vn 0.5999 -0.1278 -0.7898
vn -0.7048 0.2672 -0.6571
vn 0.9303 -0.1591 -0.3306
vn 0.3975 -0.1579 -0.9039
vn -0.8985 0.0561 -0.4355
vn -0.7041 -0.4780 -0.5251
vn -0.2707 0.0091 -0.9626
vn -0.1435 -0.2187 -0.9652
vn -0.8640 0.4110 -0.2907
vn 0.4824 -0.8499 -0.2121
vn -0.1986 0.3155 -0.9279
vn -0.2943 0.5490 -0.7823
vn -0.2301 -0.1768 -0.9570
vn -0.2281 -0.3394 -0.9126
vn -0.6831 -0.5860 -0.4358
vn -0.9584 0.2750 0.0770
vn -0.3508 -0.4100 -0.8419
vn -0.8379 0.2514 0.4846
vn -0.6189 -0.0116 0.7854
vn -0.9830 -0.1129 0.1450
vn -0.9818 -0.1402 0.1284
vn -0.9676 0.1474 0.2051
vn -0.9637 0.1958 0.1814
vn -0.3277 -0.9397 0.0976
vn -0.9904 -0.0058 0.1382
vn 0.3958 0.3696 -0.8407
vn -0.1138 0.1358 -0.9842
vn -0.9397 0.3050 -0.1549
vn -0.9668 0.1176 -0.2270
vn -0.4455 -0.8667 0.2243
vn -0.2133 -0.7882 0.5772
vn -0.0831 0.8798 -0.4681
vn 0.9716 0.0228 -0.2354
vn 0.9266 -0.2382 -0.2909
vn -0.8457 0.0076 0.5336
vn -0.8814 0.0466 0.4701
vn -0.8335 0.1223 0.5388
vn -0.8949 -0.0018 0.4463
vn -0.7105 -0.0411 0.7025
vn -0.2143 0.0756 0.9738
vn 0.3417 0.1959 -0.9192
vn 0.3080 -0.4162 -0.8555
vn -0.6614 -0.2052 0.7214
vn -0.1089 0.5594 -0.8217
vn -0.0081 0.1446 -0.9895
vn -0.0137 0.4242 -0.9055
vn -0.7117 0.1570 -0.6848
vn -0.6792 0.2122 -0.7026
vn -0.6104 0.2511 -0.7512
vn -0.4282 0.1230 -0.8953
vn -0.3914 0.0874 -0.9161
vn -0.6812 0.1654 -0.7132
vn -0.1327 0.1685 -0.9767
vn -0.0973 0.4229 -0.9010
vn -0.2137 0.2560 -0.9427
vn -0.2179 0.2542 -0.9423
vn -0.7015 -0.5988 -0.3863
vn -0.7025 -0.5901 -0.3978
vn -0.6950 -0.5822 -0.4219
vn -0.0952 0.3365 -0.9369
vn -0.4976 -0.7233 -0.4789
vn 0.3565 0.2862 -0.8894
vn 0.2997 0.2777 -0.9127
vn -0.8397 0.3950 -0.3726
vn -0.2463 -0.0685 -0.9668
vn -0.1546 -0.5098 -0.8463
vn 0.8379 0.3988 -0.3727
vn 0.5955 -0.6159 -0.5158
vn 0.3804 -0.1060 -0.9187
vn 0.8538 -0.4602 -0.2435
vn -0.8133 0.3805 -0.4402
vn -0.3099 -0.9339 -0.1782
vn 0.4336 -0.1350 -0.8909
vn -0.9216 0.3330 0.1994
vn -0.9257 0.2940 0.2378
vn -0.6787 0.2631 -0.6857
vn -0.8981 0.0443 0.4376
vn -0.5578 -0.8297 -0.0217
vn -0.9003 -0.3338 0.2792
vn -0.8860 0.0968 0.4535
vn -0.6627 0.6076 -0.4377
vn -0.7148 -0.5604 -0.4183
vn -0.0671 -0.9578 -0.2795
vn -0.9654 -0.2210 0.1384
vn -0.2569 -0.8373 -0.4826
vn -0.7636 0.5664 -0.3100
vn -0.1389 -0.8345 -0.5332
vn -0.8509 -0.4804 0.2125
vn -0.6460 -0.7620 -0.0459
vn -0.9453 -0.3252 0.0266
vn -0.8285 0.5376 -0.1566
vn -0.6473 -0.7545 -0.1083
vn -0.9548 -0.2914 -0.0591
vn -0.9815 -0.1609 -0.1034
vn -0.9639 0.0841 -0.2525
vn -0.9638 0.0919 -0.2502
vn -0.3281 -0.8071 0.4909
vn -0.9789 -0.1049 -0.1753
vn 0.1728 0.4873 -0.8559
vn -0.0882 0.8793 -0.4680
vn 0.3654 -0.5224 0.7704
vn -0.8866 -0.3395 0.3140
vn -0.7892 0.0152 -0.6140
vn -0.5457 0.4126 -0.7294
vn -0.9630 -0.0117 0.2692
vn -0.9746 0.0115 0.2236
vn -0.9453 -0.0327 0.3247
vn -0.9626 0.0763 0.2600
vn -0.9428 0.0355 0.3313
vn -0.9375 -0.0012 0.3480
vn -0.9378 0.2785 -0.2074
vn 0.3216 0.2344 -0.9174
vn -0.3186 -0.6379 0.7011
vn -0.2446 0.5290 -0.8126
vn -0.2841 0.1278 -0.9503
vn -0.5163 0.1605 -0.8412
vn -0.1760 0.2476 -0.9527
vn -0.1607 0.2318 -0.9594
vn -0.3414 0.2214 -0.9135
vn -0.4124 0.3080 -0.8574
vn -0.4740 0.1953 -0.8586
vn -0.5563 0.2044 -0.8054
vn -0.3201 0.3491 -0.8807
vn -0.6233 -0.5918 -0.5111
vn -0.6069 -0.5601 -0.5639
vn -0.0293 0.3836 -0.9230
vn -0.0816 0.3595 -0.9296
vn -0.4877 -0.6304 -0.6039
vn -0.0145 0.2349 -0.9719
vn 0.3694 0.2373 -0.8984
vn -0.4436 0.8007 -0.4026
vn -0.8134 -0.0188 -0.5814
vn -0.8088 -0.1644 -0.5646
vn -0.9302 0.2464 -0.2719
vn -0.8788 0.4054 0.2517
vn 0.5121 -0.6653 -0.5432
vn 0.1918 -0.9420 -0.2753
vn 0.5442 -0.7132 0.4418
vn -0.7860 0.3275 0.5244
vn 0.1495 -0.9862 -0.0718
vn -0.0415 0.2053 -0.9778
vn 0.7501 -0.0155 -0.6611
vn 0.5357 0.1364 -0.8333
vn -0.1057 -0.9728 -0.2062
vn -0.4585 0.2876 -0.8409
vn -0.7597 0.4672 -0.4522
vn -0.6613 -0.4739 -0.5815
vn -0.1659 -0.9794 -0.1156
vn -0.1510 0.0684 -0.9862
vn -0.7688 -0.0482 0.6377
vn -0.5408 0.0547 -0.8394
vn -0.8290 -0.3054 0.4686
vn -0.7056 -0.0820 -0.7039
vn -0.6361 -0.1917 -0.7474
vn -0.6768 -0.3095 -0.6679
vn -0.5780 -0.2862 -0.7642
vn -0.9418 -0.3260 0.0819
vn -0.8776 0.2318 0.4197
vn -0.9028 0.0646 -0.4251
vn -0.8450 0.5306 0.0661
vn -0.9454 -0.3141 0.0873
vn -0.8939 -0.0004 -0.4482
vn -0.6658 -0.6120 -0.4268
vn -0.8143 0.5617 0.1463
vn -0.6597 -0.4187 -0.6241
vn -0.9325 0.1015 -0.3466
vn -0.7322 0.6795 -0.0459
vn -0.6298 -0.5909 -0.5041
vn -0.8661 0.4528 -0.2118
vn -0.0424 -0.5405 -0.8403
vn -0.4464 0.1395 -0.8839
vn -0.9175 -0.3828 -0.1075
vn -0.8463 0.3635 -0.3894
vn -0.9486 -0.1472 -0.2801
vn -0.9144 -0.1037 -0.3914
vn -0.9072 0.0702 -0.4148
vn -0.9584 -0.0502 0.2811
vn 0.2743 -0.5069 0.8172
vn -0.9756 -0.0104 0.2191
vn -0.9074 0.1732 0.3829
vn -0.9527 -0.0021 0.3040
vn -0.6878 0.0574 0.7237
vn -0.2413 -0.2059 0.9484
vn -0.9762 -0.0049 0.2168
vn -0.9709 0.1141 0.2107
vn -0.9793 -0.0370 0.1988
vn -0.9310 -0.0957 0.3521
vn -0.9659 0.0793 0.2465
vn -0.9946 -0.0421 0.0946
vn -0.5378 0.4547 -0.7099
vn -0.8190 0.4233 -0.3873
vn -0.7205 0.4517 -0.5261
vn -0.3607 0.8138 -0.4557
vn -0.0340 0.6858 -0.7270
vn -0.3544 0.3265 -0.8763
vn -0.3566 0.3226 -0.8768
vn -0.2435 0.1017 -0.9645
vn -0.2422 0.2246 -0.9439
vn -0.5050 0.3489 -0.7894
vn 0.2418 0.2615 -0.9344
vn 0.3215 -0.0624 -0.9448
vn 0.1552 0.0558 -0.9863
vn 0.0856 0.1728 -0.9812
vn -0.2071 0.2545 -0.9446
vn -0.7881 0.2314 -0.5704
vn -0.5787 -0.2984 0.7590
vn -0.6647 0.0836 -0.7424
vn -0.5756 -0.3221 0.7516
vn -0.2342 0.3143 -0.9200
vn -0.6410 0.3570 -0.6795
vn -0.6177 -0.2243 0.7538
vn -0.5162 0.1633 -0.8408
vn -0.1703 0.2676 -0.9484
vn 0.0303 0.2741 -0.9612
vn -0.5415 -0.0644 0.8382
vn 0.4104 0.3781 -0.8298
vn 0.5130 -0.6231 0.5904
vn 0.4073 0.2911 -0.8656
vn -0.0783 0.0112 -0.9969
vn -0.9626 0.2704 0.0173
vn -0.9490 -0.2100 -0.2350
vn -0.9880 0.1075 0.1106
vn 0.6158 -0.6643 0.4235
vn -0.9257 0.1121 0.3612
vn -0.9129 0.0719 0.4019
vn -0.5874 0.7829 0.2050
vn -0.5210 0.2969 -0.8003
vn 0.8829 -0.3953 -0.2533
vn -0.8802 -0.1940 -0.4331
vn -0.8510 -0.2871 -0.4397
vn -0.6986 0.6172 0.3620
vn -0.7086 -0.7002 0.0870
vn -0.8504 -0.4539 0.2661
vn 0.2029 -0.1772 -0.9630
vn -0.8902 0.4074 0.2040
vn -0.1424 -0.3427 0.9286
vn -0.8516 -0.4824 0.2052
vn -0.2019 -0.7447 0.6361
vn 0.3948 -0.1806 0.9008
vn -0.0309 -0.4945 -0.8686
vn 0.1148 -0.0317 -0.9929
vn 0.4505 -0.4765 -0.7550
vn 0.2434 -0.6740 -0.6975
vn -0.8336 -0.5490 0.0611
vn -0.8331 -0.5497 0.0620
vn -0.6324 -0.1846 -0.7524
vn -0.6559 -0.2040 -0.7267
vn -0.8301 -0.5577 -0.0005
vn -0.8308 0.5349 -0.1536
vn -0.9076 -0.4067 -0.1047
vn -0.3692 -0.7773 0.5095
vn -0.7926 0.4926 -0.3594
vn -0.1191 -0.7346 0.6680
vn -0.9144 0.0332 0.4035
vn -0.8376 0.1232 -0.5321
vn -0.8121 0.2404 -0.5316
vn -0.8830 0.4577 0.1044
vn -0.8640 -0.1049 -0.4925
vn -0.7098 -0.0389 -0.7033
vn -0.6834 0.0555 -0.7279
vn 0.5387 0.6713 -0.5090
vn 0.2148 0.4449 -0.8695
vn 0.3089 0.5997 -0.7382
vn 0.3317 0.3259 -0.8853
vn -0.1314 0.3205 -0.9381
vn -0.0370 0.1430 -0.9890
vn -0.1053 0.7365 -0.6682
vn 0.0758 -0.7659 0.6385
vn 0.0958 0.4321 -0.8967
vn -0.1541 0.3166 -0.9360
vn 0.0004 0.1431 -0.9897
vn 0.0765 -0.5541 0.8290
vn -0.4361 0.4058 -0.8032
vn 0.1024 0.1630 -0.9813
vn -0.1684 -0.9821 -0.0841
vn 0.1977 0.1296 -0.9717
vn -0.6403 0.3676 -0.6745
vn -0.6740 0.1402 -0.7253
vn -0.7703 0.2159 -0.6000
vn -0.7684 0.2326 -0.5962
vn -0.9280 0.2157 -0.3037
vn -0.9064 0.2041 -0.3699
vn -0.9905 0.1118 -0.0798
vn -0.9942 -0.1057 0.0192
vn -0.9276 0.0946 -0.3613
vn -0.9977 -0.0449 0.0502
vn -0.8011 -0.1690 0.5742
vn -0.6400 -0.6521 -0.4064
vn -0.7293 -0.6230 -0.2828
vn -0.9999 0.0037 -0.0143
vn -0.9937 0.1100 0.0197
vn -0.9868 -0.0215 0.1607
vn -0.7747 0.0203 0.6320
vn -0.8316 -0.1047 0.5454
vn -0.9073 0.1086 -0.4063
vn -0.9975 0.0510 -0.0487
vn -0.8898 -0.1366 0.4355
vn -0.9082 -0.1121 0.4033
vn -0.8118 0.0632 -0.5804
vn -0.9754 -0.0425 -0.2164
vn -0.9711 0.1089 -0.2125
vn -0.9949 -0.0278 -0.0974
vn -0.6680 0.3462 -0.6587
vn -0.9677 -0.0618 -0.2443
vn -0.9680 -0.0632 -0.2427
vn -0.8858 -0.1477 0.4400
vn -0.9988 -0.0335 -0.0354
vn -0.9787 -0.0956 0.1817
vn -0.9117 0.3895 -0.1307
vn -0.9135 -0.1927 0.3583
vn -0.8507 0.0756 -0.5201
vn -0.6145 -0.0439 -0.7877
vn -0.9282 -0.0581 -0.3674
vn -0.4138 0.3010 -0.8592
vn -0.5898 0.2107 -0.7796
vn -0.9791 -0.0331 0.2007
vn -0.9551 -0.0933 0.2812
vn -0.9314 0.1959 0.3067
vn -0.7632 -0.1701 0.6234
vn -0.7679 -0.1676 0.6182
vn -0.4109 0.1855 -0.8926
vn -0.1387 -0.7010 -0.6995
vn -0.1123 0.1912 -0.9751
vn -0.8137 -0.0210 0.5809
vn -0.7063 -0.0981 0.7011
vn -0.0075 0.2172 -0.9761
vn -0.8176 -0.3048 0.4885
vn -0.4421 -0.3486 0.8265
vn 0.5722 0.2988 -0.7637
vn 0.6719 -0.0058 -0.7406
vn 0.5924 -0.1436 -0.7927
vn 0.2867 0.1568 -0.9451
vn -0.7201 -0.6164 0.3186
vn 0.0148 -0.2853 0.9583
vn -0.1760 0.0548 -0.9829
vn -0.1291 -0.0838 -0.9881
vn -0.0434 0.0008 -0.9991
vn -0.8650 0.4445 -0.2327
vn -0.8857 -0.1856 -0.4256
vn -0.0089 -0.1614 -0.9868
vn -0.0105 -0.2379 -0.9712
vn -0.0861 -0.3374 -0.9374
vn -0.2008 -0.7516 0.6283
vn -0.1516 -0.4489 -0.8806
vn -0.6873 -0.7195 0.0994
vn -0.8179 0.5703 0.0765
vn -0.7192 -0.6782 -0.1509
vn -0.7742 -0.6329 -0.0090
vn -0.7310 -0.6740 0.1067
vn -0.8157 0.5352 -0.2198
vn 0.6795 0.7007 -0.2174
vn -0.7354 0.5000 -0.4574
vn 0.0669 -0.7587 0.6480
vn -0.3590 0.8244 -0.4377
vn -0.4100 -0.4670 0.7835
vn -0.1807 -0.2751 -0.9443
vn 0.0016 -0.9148 -0.4038
vn 0.1298 -0.7215 0.6801
vn -0.0450 0.7147 -0.6980
vn 0.6311 -0.5728 0.5230
vn 0.7518 -0.6487 0.1184
vn 0.3021 0.1525 -0.9410
vn 0.3126 0.0660 -0.9476
vn 0.6556 0.0609 -0.7526
vn -0.9810 0.1930 -0.0217
vn -0.9961 0.0791 0.0380
vn -0.7936 -0.1468 0.5905
vn -0.9381 0.3359 -0.0848
vn -0.9906 -0.0673 -0.1195
vn -0.9922 -0.1144 -0.0502
vn -0.9713 -0.1327 0.1976
vn -0.9600 -0.0867 0.2662
vn -0.9427 -0.1133 0.3139
vn -0.9144 0.0351 -0.4032
vn -0.9335 -0.0118 -0.3584
vn -0.9298 0.1975 0.3105
vn -0.4643 -0.5519 -0.6926
vn -0.4417 -0.4695 -0.7645
vn -0.9906 -0.0949 -0.0981
vn -0.9775 -0.1990 0.0696
vn -0.9223 -0.2246 0.3144
vn 0.0973 -0.9652 -0.2429
vn 0.2997 0.2812 -0.9116
vn 0.0864 0.1973 -0.9765
vn -0.9202 -0.2583 0.2942
vn -0.7771 0.0996 -0.6214
vn 0.5143 0.3100 -0.7996
vn -0.7792 -0.1319 0.6127
vn -0.5942 0.6882 -0.4163
vn -0.6421 0.6895 -0.3351
vn -0.7199 0.6881 0.0907
vn -0.5470 -0.8276 -0.1256
vn 0.3762 0.2535 -0.8912
vn 0.4538 0.0927 -0.8863
vn -0.7590 -0.5739 0.3074
vn 0.0231 0.4485 -0.8935
vn 0.0624 0.2289 -0.9715
vn -0.2473 0.4556 -0.8551
vn -0.2547 0.1463 -0.9559
vn -0.0461 -0.1411 -0.9889
vn -0.7609 0.5025 0.4105
vn -0.1010 -0.2994 -0.9488
vn -0.6693 0.7229 0.1713
vn 0.3343 -0.1513 -0.9302
vn -0.6913 0.7130 0.1169
vn -0.1214 -0.7259 -0.6770
vn -0.5490 -0.8345 0.0468
vn -0.2479 -0.7811 -0.5731
vn -0.8100 -0.5840 0.0537
vn -0.4860 -0.0892 -0.8694
vn -0.6201 0.0641 -0.7819
vn -0.7234 0.1633 -0.6709
vn -0.9575 0.2638 -0.1170
vn -0.0788 -0.6617 0.7456
vn -0.3108 0.2843 -0.9069
vn 0.0672 0.7008 -0.7101
vn -0.9823 0.1255 0.1390
vn -0.9595 0.0933 0.2657
vn -0.2744 -0.4380 -0.8561
vn -0.1246 0.2746 -0.9535
vn -0.2827 0.3697 -0.8851
vn -0.3629 0.3194 -0.8754
vn -0.7604 0.2552 -0.5972
vn -0.7752 0.2785 -0.5670
vn 0.9012 -0.1223 -0.4159
vn 0.8941 -0.1682 -0.4150
vn 0.5840 0.0313 -0.8111
vn -0.6979 -0.0568 0.7139
vn -0.6830 -0.0715 0.7269
vn -0.8682 0.2424 -0.4330
vn -0.8426 0.3594 -0.4011
vn -0.9642 0.2105 0.1612
vn -0.8236 -0.1351 0.5509
vn -0.6972 -0.5149 -0.4988
vn -0.7046 -0.4871 -0.5161
vn -0.7985 -0.0145 -0.6018
vn -0.8512 0.0713 -0.5200
vn -0.8771 0.0234 -0.4797
vn -0.2257 0.1051 -0.9685
vn -0.3353 0.1800 -0.9248
vn -0.6071 -0.0166 -0.7945
vn -0.6993 0.1118 -0.7061
vn -0.9821 -0.1529 -0.1102
vn -0.9346 -0.2304 0.2711
vn 0.3156 0.2485 -0.9158
vn 0.2669 0.2813 -0.9217
vn -0.2852 0.4914 -0.8229
vn -0.6745 0.4679 -0.5710
vn -0.7569 0.5424 -0.3647
vn -0.7575 0.4672 -0.4559
vn -0.7612 0.3842 0.5225
vn -0.3729 0.5995 -0.7082
vn -0.4928 -0.0057 0.8701
vn -0.4273 -0.1075 0.8977
vn -0.2306 -0.4715 -0.8512
vn 0.3224 0.3241 -0.8894
vn -0.1078 -0.7345 -0.6700
vn -0.5975 -0.7899 0.1383
vn -0.6044 -0.7917 0.0888
vn -0.6520 0.7464 -0.1335
vn -0.6153 -0.7861 0.0591
vn -0.5819 -0.8083 -0.0897
vn -0.2481 -0.7727 0.5842
vn -0.6599 0.4622 -0.5924
vn -0.6633 0.4839 -0.5709
vn -0.1016 0.3345 -0.9369
vn 0.0549 0.4534 -0.8896
vn -0.4371 0.4128 -0.7991
vn -0.3974 0.6922 -0.6024
vn 0.7036 -0.4701 0.5329
vn -0.6570 0.4051 -0.6358
vn 0.6651 -0.7096 0.2327
vn 0.9270 -0.0828 -0.3658
vn 0.6832 0.0353 -0.7294
vn 0.6956 0.0806 -0.7139
vn 0.6095 0.0441 -0.7916
vn -0.3092 -0.3232 0.8944
vn -0.9880 0.1365 -0.0725
vn -0.9865 0.1386 -0.0870
vn -0.8187 -0.1268 0.5600
vn -0.0047 -0.5004 -0.8658
vn 0.0164 -0.5815 -0.8134
vn -0.0570 0.1931 -0.9795
vn -0.9936 -0.1128 -0.0030
vn -0.9841 -0.1666 0.0619
vn 0.4348 -0.0153 -0.9004
vn -0.7125 -0.3421 0.6126
vn -0.7669 0.6116 -0.1944
vn 0.6365 -0.3853 -0.6681
vn 0.0716 0.7411 -0.6676
vn -0.1647 -0.1364 -0.9769
vn -0.7435 0.3520 0.5686
vn -0.3959 0.3737 -0.8388
vn -0.2112 -0.2827 -0.9357
vn -0.7268 0.6445 0.2373
vn -0.3786 -0.7733 -0.5086
vn 0.2267 -0.8397 0.4935
vn -0.6491 -0.7457 0.1506
vn -0.9372 0.2884 0.1960
vn -0.6846 -0.5822 0.4386
vn -0.4718 -0.8175 0.3302
vn -0.1370 0.5086 -0.8500
vn -0.2536 -0.7486 0.6126
vn 0.0549 0.5154 -0.8552
vn -0.4342 0.5365 -0.7237
vn -0.2426 -0.5399 0.8060
vn -0.5902 0.0464 -0.8059
vn 0.0322 0.6003 -0.7991
vn -0.4462 0.4112 -0.7949
vn -0.6389 0.1437 -0.7558
vn -0.5330 0.5647 -0.6300
vn -0.4046 0.4192 -0.8127
vn -0.7394 0.3338 -0.5847
vn 0.8460 -0.0127 -0.5330
vn -0.9936 0.1121 -0.0136
vn -0.9942 -0.0099 0.1072
vn -0.8977 0.0579 0.4367
vn -0.8539 -0.0549 0.5176
vn -0.6887 -0.6653 -0.2882
vn -0.6624 -0.3807 -0.6452
vn -0.6423 -0.2227 -0.7333
vn 0.3328 -0.5125 -0.7916
vn -0.2204 0.1127 -0.9689
vn -0.8332 -0.0751 -0.5478
vn -0.8248 -0.0372 -0.5642
vn -0.5149 0.7544 0.4071
vn 0.0875 0.2284 -0.9696
vn -0.0547 0.0919 -0.9943
vn -0.9672 -0.1383 -0.2131
vn -0.9734 -0.2074 -0.0977
vn 0.2001 0.1451 -0.9690
vn 0.3250 0.3899 -0.8616
vn 0.6242 -0.1263 -0.7710
vn 0.6082 0.3102 -0.7307
vn 0.6191 0.0211 -0.7850
vn 0.4405 0.0852 -0.8937
vn -0.7288 0.6812 -0.0686
vn 0.0583 0.5996 -0.7981
vn -0.1727 0.7048 -0.6880
vn 0.2675 0.1869 -0.9453
vn -0.9133 -0.2603 0.3133
vn 0.3137 0.1526 -0.9372
vn -0.3180 0.1795 -0.9309
vn -0.2538 0.0059 -0.9672
vn -0.7731 0.1507 0.6161
vn -0.7986 0.0997 0.5936
vn -0.5375 -0.1410 0.8314
vn -0.4167 0.4746 -0.7753
vn -0.2432 -0.2407 -0.9396
vn -0.3316 -0.4623 -0.8224
vn -0.3258 -0.7191 -0.6138
vn -0.4059 0.8132 -0.4171
vn -0.8175 0.5410 0.1976
vn 0.3061 -0.7414 0.5972
vn -0.6079 -0.7897 0.0830
vn -0.1012 0.5089 -0.8548
vn -0.0193 0.5422 -0.8400
vn -0.0987 0.5019 -0.8593
vn 0.2351 0.4972 -0.8351
vn -0.5470 -0.1404 -0.8253
vn -0.5410 -0.0509 -0.8395
vn -0.2552 0.3321 -0.9081
vn -0.1605 0.7240 -0.6709
vn -0.5051 0.8621 0.0408
vn -0.6077 -0.3285 -0.7230
vn -0.6761 -0.4233 -0.6031
vn -0.8779 0.4351 -0.1999
vn -0.9040 0.2274 -0.3620
vn -0.9806 0.1591 0.1141
vn -0.9433 0.0251 0.3311
vn -0.8139 -0.0027 0.5810
vn -0.7397 -0.0992 0.6655
vn -0.8413 -0.0540 0.5378
vn -0.6205 -0.3770 -0.6876
vn -0.6375 -0.3714 -0.6750
vn 0.3548 -0.4505 -0.8192
vn -0.7817 -0.0909 -0.6170
vn -0.7811 -0.0899 -0.6179
vn 0.4416 0.0681 -0.8946
vn 0.3365 -0.0429 -0.9407
vn 0.3146 0.1098 -0.9428
vn -0.9426 -0.2501 -0.2214
vn 0.7102 -0.5676 -0.4165
vn -0.7023 0.7097 -0.0557
vn -0.7639 0.6142 0.1980
vn -0.9785 0.0142 0.2057
vn -0.4295 0.3502 -0.8324
vn 0.2489 0.0921 -0.9642
vn 0.2005 0.1757 -0.9638
vn -0.1154 -0.0370 -0.9926
vn -0.8881 0.1002 0.4485
vn -0.3303 0.0899 -0.9396
vn -0.3976 0.3034 -0.8659
vn 0.4565 -0.5311 0.7138
vn -0.4147 0.6578 -0.6288
vn -0.5542 -0.7883 -0.2673
vn 0.5095 -0.6747 0.5340
vn 0.5505 -0.6646 0.5052
vn -0.6235 -0.7669 0.1520
vn -0.6627 -0.7335 -0.1510
vn 0.0767 0.4043 -0.9114
vn 0.1530 0.6575 -0.7378
vn 0.0996 0.5511 -0.8285
vn -0.3228 0.0223 -0.9462
vn -0.3158 0.2251 -0.9217
vn -0.2763 0.2009 -0.9398
vn -0.9236 0.2578 -0.2837
vn -0.9385 0.1336 -0.3184
vn -0.8308 -0.3929 -0.3942
vn -0.9699 -0.1387 -0.2000
vn -0.6820 -0.6207 -0.3868
vn -0.9582 0.2488 -0.1416
vn -0.9772 0.0262 0.2106
vn -0.9869 -0.0716 0.1449
vn -0.9406 -0.2251 0.2541
vn -0.8232 -0.5627 0.0752
vn -0.9409 0.0290 0.3374
vn -0.7209 -0.5854 -0.3709
vn -0.6176 -0.6137 -0.4919
vn -0.6186 -0.6040 -0.5025
vn -0.6522 -0.2203 -0.7253
vn -0.6687 -0.2246 -0.7088
vn -0.7768 -0.0226 -0.6293
vn -0.0911 -0.4391 -0.8938
vn -0.0692 0.2486 -0.9661
vn 0.3187 -0.0370 -0.9471
vn 0.1225 0.0617 -0.9906
vn -0.1696 0.3773 -0.9104
vn -0.9673 -0.2500 -0.0436
vn -0.8653 -0.3717 0.3363
vn -0.7978 0.6019 0.0350
vn -0.9778 0.0159 0.2088
vn -0.6775 -0.3462 0.6489
vn -0.7354 0.3344 0.5894
vn -0.5034 0.2550 -0.8256
vn 0.4753 0.1168 -0.8720
vn 0.4542 0.0158 -0.8908
vn -0.7824 -0.4765 0.4009
vn -0.5298 -0.1193 0.8397
vn -0.8888 0.1562 0.4308
vn -0.8318 -0.0371 0.5538
vn -0.8176 0.0034 0.5758
vn -0.2478 -0.0886 -0.9647
vn 0.0386 -0.0750 -0.9964
vn -0.3640 -0.4106 -0.8360
vn -0.3519 -0.6569 -0.6668
vn 0.4167 0.4700 -0.7781
vn -0.5639 -0.7740 0.2880
vn -0.5712 -0.5035 0.6483
vn -0.3864 -0.4927 0.7797
vn 0.2729 0.6016 -0.7507
vn -0.4580 -0.3944 0.7967
vn 0.0333 0.0205 -0.9992
vn -0.6081 -0.7228 -0.3282
vn -0.5873 -0.2824 -0.7585
vn -0.5983 -0.2696 -0.7545
vn -0.5466 -0.0653 -0.8349
vn -0.6612 -0.1911 -0.7255
vn 0.0278 -0.3451 -0.9381
vn -0.5402 0.1278 -0.8318
vn -0.1421 -0.0246 -0.9895
vn -0.2095 0.0732 -0.9751
vn 0.1545 -0.4431 -0.8830
vn 0.4612 -0.1843 -0.8679
vn -0.8387 0.4825 -0.2527
vn 0.5208 -0.2148 -0.8262
vn -0.8221 0.2007 0.5327
vn -0.8627 0.3401 0.3742
vn -0.4446 0.0435 0.8946
vn 0.7065 0.0784 -0.7034
vn -0.1694 -0.2893 -0.9421
vn -0.1442 -0.2345 -0.9614
vn -0.4281 -0.0743 -0.9007
vn -0.8061 0.0984 -0.5836
vn -0.7701 0.2920 -0.5672
vn -0.9838 0.0400 -0.1749
vn -0.5276 -0.2090 -0.8234
vn -0.8243 0.0670 -0.5622
vn -0.8128 0.1008 -0.5738
vn -0.7850 0.1707 0.5955
vn -0.7932 0.0972 0.6012
vn -0.8990 -0.1537 0.4100
vn -0.8902 -0.0018 0.4555
vn -0.8385 -0.0808 0.5389
vn -0.8438 -0.1152 0.5241
vn -0.3853 -0.2159 -0.8972
vn -0.5573 0.7005 -0.4457
vn -0.6918 -0.7150 -0.1010
vn 0.4042 0.4945 -0.7695
vn -0.1058 0.7172 -0.6888
vn -0.4352 -0.6688 0.6027
vn -0.3450 -0.5573 0.7553
vn -0.8637 0.5038 -0.0109
vn 0.3890 0.3439 -0.8546
vn 0.3386 0.1788 -0.9238
vn -0.5647 0.3190 0.7612
vn -0.4054 -0.2126 0.8891
vn -0.6344 -0.7078 -0.3108
vn -0.8354 0.5389 0.1079
vn -0.3166 0.0361 -0.9479
vn -0.5183 -0.1108 -0.8480
vn -0.9615 0.1776 -0.2095
vn -0.9706 0.2266 -0.0807
vn -0.9048 0.3685 -0.2134
vn 0.2191 -0.4150 -0.8830
vn 0.0678 0.1153 -0.9910
vn 0.5252 -0.1779 -0.8321
vn -0.6391 0.7017 0.3150
vn -0.8819 -0.3461 0.3202
vn -0.5913 0.4787 0.6490
vn -0.9459 -0.1800 -0.2698
vn -0.7959 -0.3656 0.4826
vn -0.5117 -0.2270 0.8287
vn -0.4961 0.0928 -0.8633
vn -0.5275 0.2803 -0.8020
vn -0.4133 -0.1191 -0.9028
vn -0.4690 -0.3600 -0.8065
vn -0.4468 -0.3846 -0.8077
vn -0.5440 -0.6400 -0.5427
vn -0.8433 -0.4458 0.3001
vn -0.6320 0.2549 -0.7318
vn -0.6944 -0.7147 -0.0834
vn 0.3951 0.5001 -0.7706
vn 0.1135 0.7646 -0.6344
vn -0.6895 -0.7237 -0.0289
vn 0.1378 0.6353 -0.7599
vn 0.4593 0.2797 -0.8431
vn -0.7940 0.2827 -0.5382
vn -0.8444 -0.1654 -0.5095
vn -0.8976 -0.2807 -0.3397
vn -0.4220 -0.2140 -0.8810
vn -0.4123 -0.0736 -0.9081
vn 0.5227 -0.1791 -0.8335
vn -0.9292 -0.3679 -0.0347
vn -0.4799 -0.2555 -0.8393
vn -0.8914 -0.3397 0.2999
vn -0.6110 -0.3208 -0.7238
vn -0.6525 -0.1604 -0.7406
vn -0.8589 -0.3339 -0.3883
vn -0.9490 -0.2825 0.1403
vn -0.4797 -0.0764 -0.8741
vn -0.5770 0.4249 -0.6975
vn -0.4765 -0.3385 -0.8114
vn -0.0178 0.0802 -0.9966
vn -0.5273 0.5307 -0.6635
vn -0.6195 -0.7272 -0.2955
vn 0.6159 -0.6086 0.5003
vn 0.5837 -0.6166 0.5283
vn -0.5935 0.0543 -0.8030
vn -0.7577 -0.4468 0.4757
vn 0.5432 0.3000 -0.7842
vn -0.7608 0.5501 0.3443
vn -0.6512 -0.0920 0.7534
vn -0.8431 0.0481 -0.5356
vn -0.8828 -0.0248 -0.4690
vn -0.5646 -0.0513 -0.8238
vn -0.8088 -0.0102 -0.5880
vn -0.7172 -0.1675 -0.6764
vn -0.7052 0.0558 -0.7068
vn -0.4355 -0.5818 -0.6869
vn -0.5874 -0.8043 0.0902
vn -0.7817 -0.5666 -0.2605
vn -0.9587 0.2761 0.0681
vn -0.9090 0.2199 0.3541
vn -0.7360 0.4276 0.5249
vn -0.6659 0.0776 -0.7420
vn -0.5179 -0.1843 -0.8353
vn -0.8182 -0.1441 0.5566
vn 0.1175 -0.1510 0.9815
vn -0.4995 0.0968 -0.8609
vn -0.6428 -0.4854 -0.5926
vn -0.4054 -0.2757 -0.8716
vn -0.5870 0.6307 -0.5076
vn -0.7212 -0.5619 0.4051
vn 0.5823 0.5032 -0.6385
vn 0.6944 -0.7194 0.0169
vn 0.5713 0.4805 -0.6654
vn -0.8533 -0.2131 -0.4759
vn -0.8470 -0.2218 -0.4831
vn -0.6846 -0.3371 0.6463
vn 0.6846 0.1260 -0.7179
vn -0.6276 -0.7193 -0.2979
vn -0.5558 -0.3149 -0.7694
vn -0.5421 -0.6792 -0.4948
vn -0.6005 -0.0588 -0.7975
vn -0.5899 -0.5187 -0.6189
vn -0.9132 0.1133 -0.3913
vn -0.9280 -0.0326 0.3712
vn -0.8123 0.4425 0.3800
vn -0.9698 0.0175 -0.2432
vn -0.9658 -0.0060 -0.2592
vn -0.8551 0.1709 0.4895
vn -0.5955 0.3626 0.7169
vn -0.8495 0.0626 -0.5238
vn -0.8452 0.1958 0.4974
vn -0.8217 0.1529 0.5490
vn -0.6823 0.5274 0.5063
vn -0.8144 -0.5740 -0.0854
vn -0.6336 0.2971 0.7143
vn -0.7477 -0.5447 -0.3797
vn -0.6165 -0.3295 -0.7151
vn -0.7673 -0.5393 -0.3470
vn 0.6949 -0.5052 0.5117
vn -0.7385 -0.6582 -0.1462
vn -0.7427 -0.6695 0.0077
vn -0.6448 0.7397 -0.1926
vn -0.8317 -0.5539 0.0398
vn -0.5494 -0.5030 0.6672
vn -0.8329 -0.3609 0.4196
vn -0.9048 -0.0810 0.4181
vn 0.5411 -0.2098 -0.8144
vn 0.7075 -0.2247 -0.6700
vn 0.3891 0.0443 -0.9201
vn 0.4151 0.1944 -0.8888
vn -0.6779 -0.2217 0.7009
vn -0.5615 -0.5372 -0.6294
vn -0.5692 -0.4556 -0.6845
vn -0.5671 -0.2943 -0.7693
vn -0.5291 -0.1816 -0.8289
vn -0.4713 -0.7190 -0.5108
vn -0.6041 -0.5276 -0.5973
vn -0.6764 -0.2969 -0.6741
vn -0.7488 -0.6619 -0.0349
vn -0.7105 -0.6714 -0.2105
vn -0.2970 -0.6627 0.6874
vn -0.6053 -0.1024 -0.7894
vn -0.6185 -0.2689 -0.7383
vn -0.7888 -0.5753 -0.2162
vn -0.7899 -0.5212 -0.3232
vn -0.7248 0.6713 -0.1552
vn -0.7260 -0.5738 0.3791
vn 0.5449 0.5093 -0.6661
vn -0.6979 0.2106 -0.6845
vn -0.7241 0.4916 -0.4837
vn -0.9623 -0.2658 -0.0568
vn -0.8245 -0.5626 0.0606
vn -0.5820 -0.6983 -0.4168
vn -0.5780 -0.6779 -0.4542
vn -0.5317 -0.3946 -0.7494
vn -0.5506 -0.3213 -0.7704
vn -0.5046 -0.7087 -0.4931
vn -0.6625 0.1182 -0.7397
vn -0.6911 -0.0461 -0.7213
vn -0.8047 -0.3260 -0.4961
vn -0.7903 -0.3436 -0.5073
vn -0.7289 0.6753 -0.1125
vn 0.5647 -0.5251 -0.6368
vn 0.5226 -0.1934 -0.8304
vn 0.2244 0.3892 -0.8934
vn -0.3185 -0.0168 0.9478
vn -0.5483 -0.5475 -0.6321
vn -0.4522 -0.6019 -0.6582
vn -0.3645 -0.8994 -0.2414
vn -0.6958 -0.0397 -0.7172
vn -0.7408 0.2502 -0.6234
vn -0.7803 0.5218 -0.3447
vn 0.9003 0.4278 -0.0800
vn 0.1556 -0.0880 -0.9839
vn 0.3797 0.2304 -0.8960
vn -0.5236 0.1984 0.8285
vn -0.5511 -0.7567 -0.3518
vn -0.4998 -0.8098 -0.3074
vn -0.5798 -0.2419 -0.7780
vn -0.4797 -0.6693 -0.5674
vn -0.8835 -0.2735 -0.3803
vn 0.9247 -0.1582 0.3462
vn -0.8972 -0.4287 0.1064
vn 0.9194 -0.3745 0.1204
vn -0.8763 -0.4435 0.1880
vn -0.3755 0.2688 0.8870
vn -0.5978 -0.6334 -0.4914
vn -0.5472 -0.7498 -0.3720
vn -0.5510 -0.6722 -0.4946
vn -0.4702 -0.8742 -0.1213
vn -0.5162 -0.5255 -0.6763
vn -0.4952 -0.8148 -0.3015
vn -0.5141 -0.4146 -0.7508
vn -0.5457 -0.3192 -0.7748
vn -0.5457 -0.2723 -0.7925
vn -0.5603 -0.2466 -0.7907
vn -0.8437 0.1847 -0.5040
vn -0.8490 -0.0310 -0.5274
vn -0.8941 -0.1204 -0.4314
vn -0.8880 0.3908 -0.2424
vn -0.9413 -0.3355 -0.0375
vn -0.9364 -0.3510 0.0015
vn -0.8757 0.4803 -0.0496
vn -0.7458 0.3248 -0.5816
vn -0.6946 0.3434 -0.6321
vn -0.8403 -0.3594 0.4060
vn -0.8359 -0.3771 0.3987
vn 0.6923 0.6559 -0.3009
vn -0.9050 0.2308 -0.3573
vn -0.9659 -0.1591 -0.2044
vn -0.8948 0.4371 -0.0911
vn -0.9512 -0.2713 0.1467
vn -0.8432 -0.3553 0.4034
vn -0.4867 -0.7618 -0.4275
vn 0.6227 0.7311 -0.2787
vn -0.8766 -0.0205 -0.4807
vn -0.9783 -0.1136 -0.1732
vn -0.9613 -0.2488 0.1182
vn -0.6662 0.4045 -0.6266
vn -0.7268 -0.4245 0.5400
vn -0.5629 -0.3125 -0.7652
vn -0.5987 -0.7888 0.1390
vn -0.4635 -0.8788 -0.1136
vn -0.4789 -0.6952 -0.5360
vn -0.4457 -0.6312 -0.6347
vn -0.6336 -0.2510 -0.7318
vn -0.3940 -0.5646 -0.7252
vn -0.4614 -0.8824 -0.0924
vn -0.5463 -0.4140 -0.7282
vn -0.5568 -0.6404 -0.5289
vn -0.6786 -0.1618 -0.7164
vn -0.4373 -0.8468 -0.3029
vn -0.4104 -0.8729 -0.2637
vn -0.5537 -0.3275 -0.7656
vn -0.3737 -0.5618 -0.7381
vn -0.6117 -0.7411 -0.2767
vn -0.4039 -0.7871 -0.4662
vn -0.3593 -0.6468 -0.6727
vn -0.7421 -0.1451 -0.6544
vn -0.6072 -0.6655 -0.4342
vn -0.8447 -0.3328 -0.4192
vn -0.4980 -0.8353 -0.2328
vn -0.3553 -0.7964 -0.4895
vn -0.8590 -0.3393 -0.3834
vn -0.3304 -0.6166 -0.7145
vn -0.5899 -0.3182 -0.7421
vn -0.6301 -0.6454 -0.4318
vn -0.8364 -0.3704 -0.4040
vn -0.3597 -0.8708 -0.3352
vn -0.3205 -0.8998 -0.2962
vn -0.3260 -0.7302 -0.6004
vn -0.6465 -0.6052 -0.4644
vn -0.6241 -0.7156 -0.3139
vn -0.7878 -0.3297 -0.5202
vn -0.3546 -0.8622 -0.3618
vn -0.3643 -0.6220 -0.6932
vn -0.3004 -0.8623 -0.4078
vn -0.6208 -0.7140 -0.3236
vn 0.8291 0.0369 0.5579
vn -0.7240 -0.4948 -0.4806
vn -0.6047 -0.7242 -0.3314
vn -0.3236 -0.7575 -0.5670
vn -0.3429 -0.7243 -0.5982
vn -0.3407 -0.6483 -0.6809
vn -0.7031 -0.5913 -0.3950
vn -0.5850 -0.6890 -0.4278
vn -0.3594 -0.8584 -0.3661
vn -0.5226 -0.7372 -0.4284
vn -0.3856 -0.8613 -0.3309
vn -0.6410 -0.6578 -0.3954
vn -0.5745 -0.6919 -0.4373
vn -0.1389 -0.9055 0.4011
vn -0.4356 -0.8145 -0.3832
vn -0.3911 -0.8253 -0.4074
vn -0.7705 -0.4262 -0.4740
vn -0.6983 -0.5122 -0.5000
vt 0.034689 0.413937
vt 0.030560 0.406911
vt 0.024184 0.413982
vt 0.013821 0.423578
vt 0.025263 0.430695
vt 0.018140 0.429049
vt 0.539641 0.181102
vt 0.531125 0.175585
vt 0.538271 0.170343
vt 0.032793 0.426848
vt 0.024491 0.403866
vt 0.528657 0.157635
vt 0.134166 0.816544
vt 0.119979 0.845450
vt 0.122881 0.835377
vt 0.667548 0.873673
vt 0.663000 0.896820
vt 0.664247 0.882408
vt 0.882463 0.840673
vt 0.860352 0.859271
vt 0.866166 0.843525
vt 0.893066 0.856012
vt 0.884075 0.858619
vt 0.930605 0.250879
vt 0.921866 0.244082
vt 0.932875 0.237268
vt 0.832429 0.838558
vt 0.848993 0.844111
vt 0.833699 0.859650
vt 0.819081 0.829476
vt 0.811881 0.794969
vt 0.829354 0.814944
vt 0.893433 0.891921
vt 0.920271 0.260851
vt 0.664966 0.105485
vt 0.663319 0.091432
vt 0.678472 0.092692
vt 0.681602 0.106541
vt 0.733281 0.033740
vt 0.733087 0.020040
vt 0.747008 0.024784
vt 0.747136 0.038965
vt 0.375793 0.531348
vt 0.358919 0.530719
vt 0.369554 0.519059
vt 0.740413 0.007664
vt 0.846115 0.868432
vt 0.873564 0.880184
vt 0.899049 0.885815
vt 0.911920 0.265935
vt 0.908783 0.253337
vt 0.667606 0.114963
vt 0.700309 0.109547
vt 0.701635 0.094589
vt 0.909140 0.239461
vt 0.917801 0.227273
vt 0.770004 0.039185
vt 0.762932 0.027446
vt 0.753906 0.017602
vt 0.793051 0.783029
vt 0.832809 0.784234
vt 0.796100 0.771203
vt 0.808527 0.762973
vt 0.772511 0.015721
vt 0.764123 0.006792
vt 0.814238 0.846759
vt 0.789692 0.853854
vt 0.790985 0.840476
vt 0.813322 0.854171
vt 0.825598 0.882960
vt 0.872633 0.894972
vt 0.844580 0.894529
vt 0.896628 0.235676
vt 0.905939 0.227371
vt 0.782946 0.025328
vt 0.353607 0.514933
vt 0.803500 0.868067
vt 0.879842 0.906224
vt 0.786922 0.755653
vt 0.326110 0.602403
vt 0.344764 0.582522
vt 0.347536 0.587039
vt 0.893656 0.905919
vt 0.895877 0.249426
vt 0.347678 0.527828
vt 0.359807 0.498129
vt 0.833139 0.902620
vt 0.853933 0.907428
vt 0.335624 0.531348
vt 0.340870 0.517774
vt 0.759066 0.853888
vt 0.764521 0.827215
vt 0.772137 0.853556
vt 0.813608 0.895826
vt 0.342062 0.496176
vt 0.360866 0.486428
vt 0.346249 0.480191
vt 0.358751 0.472824
vt 0.753291 0.834673
vt 0.755507 0.815820
vt 0.762792 0.807446
vt 0.358715 0.571689
vt 0.040037 0.774312
vt 0.038874 0.788944
vt 0.023873 0.788789
vt 0.340507 0.462466
vt 0.759475 0.799591
vt 0.760471 0.785747
vt 0.767501 0.793293
vt 0.762632 0.774839
vt 0.861758 0.922225
vt 0.875952 0.926332
vt 0.373606 0.578520
vt 0.719014 0.124885
vt 0.731688 0.119106
vt 0.727831 0.130094
vt 0.580867 0.605699
vt 0.578268 0.618077
vt 0.569711 0.610969
vt 0.573097 0.603448
vt 0.741974 0.835251
vt 0.749314 0.817650
vt 0.788144 0.760794
vt 0.772885 0.754159
vt 0.076001 0.769119
vt 0.083688 0.768913
vt 0.076471 0.775255
vt 0.087528 0.779852
vt 0.078047 0.788698
vt 0.558750 0.618077
vt 0.733590 0.855277
vt 0.795668 0.877570
vt 0.796998 0.903024
vt 0.777280 0.893524
vt 0.385232 0.587265
vt 0.387244 0.571807
vt 0.405732 0.589898
vt 0.089832 0.776351
vt 0.731885 0.111959
vt 0.743658 0.121513
vt 0.558535 0.609806
vt 0.732000 0.838351
vt 0.744012 0.803305
vt 0.754036 0.766018
vt 0.764884 0.764555
vt 0.750655 0.758211
vt 0.375874 0.567427
vt 0.748357 0.741284
vt 0.367350 0.551097
vt 0.740558 0.767537
vt 0.754382 0.750879
vt 0.551269 0.611907
vt 0.093288 0.780782
vt 0.719833 0.844178
vt 0.722637 0.825046
vt 0.740850 0.756750
vt 0.376906 0.552066
vt 0.996656 0.454550
vt 0.963959 0.484231
vt 0.956803 0.468412
vt 0.992330 0.477837
vt 0.666537 0.865295
vt 0.988390 0.485371
vt 0.625270 0.851061
vt 0.644207 0.855669
vt 0.522602 0.684667
vt 0.520954 0.682514
vt 0.502643 0.681478
vt 0.999471 0.435104
vt 0.998692 0.424677
vt 0.970867 0.439165
vt 0.696959 0.803232
vt 0.719820 0.783958
vt 0.427119 0.584137
vt 0.442664 0.556446
vt 0.452098 0.572888
vt 0.927355 0.468752
vt 0.924912 0.478994
vt 0.944474 0.482282
vt 0.925393 0.485371
vt 0.734672 0.749329
vt 0.533298 0.684953
vt 0.530001 0.679597
vt 0.981689 0.421702
vt 0.704580 0.853514
vt 0.703480 0.846201
vt 0.656065 0.913260
vt 0.634346 0.898936
vt 0.936088 0.444045
vt 0.609897 0.162487
vt 0.616808 0.163183
vt 0.610276 0.169801
vt 0.716251 0.769280
vt 0.238603 0.622890
vt 0.232858 0.613610
vt 0.245013 0.615522
vt 0.652981 0.921888
vt 0.643487 0.925287
vt 0.643191 0.918568
vt 0.961274 0.428019
vt 0.453931 0.584892
vt 0.480775 0.562243
vt 0.478643 0.576343
vt 0.919251 0.451988
vt 0.602464 0.166151
vt 0.594770 0.167746
vt 0.590758 0.165898
vt 0.728310 0.739289
vt 0.246829 0.288924
vt 0.246829 0.269070
vt 0.236258 0.285175
vt 0.232002 0.626172
vt 0.226212 0.616258
vt 0.268202 0.615888
vt 0.258435 0.629895
vt 0.234385 0.637548
vt 0.533298 0.669279
vt 0.691005 0.855277
vt 0.907448 0.427876
vt 0.913212 0.443716
vt 0.196211 0.569264
vt 0.197192 0.574519
vt 0.183785 0.577286
vt 0.173900 0.574607
vt 0.157606 0.580489
vt 0.139517 0.590047
vt 0.126843 0.584335
vt 0.216678 0.565554
vt 0.189497 0.587345
vt 0.099832 0.606971
vt 0.105796 0.586314
vt 0.234776 0.569174
vt 0.224107 0.578214
vt 0.256571 0.605250
vt 0.130473 0.845697
vt 0.146061 0.841931
vt 0.140473 0.852142
vt 0.944230 0.415690
vt 0.682371 0.842085
vt 0.692813 0.836204
vt 0.458870 0.535497
vt 0.693103 0.779049
vt 0.707239 0.746696
vt 0.681765 0.039109
vt 0.661592 0.037983
vt 0.676689 0.028330
vt 0.651259 0.026213
vt 0.647386 0.038354
vt 0.637388 0.026769
vt 0.624159 0.037352
vt 0.609187 0.035676
vt 0.617070 0.027281
vt 0.702600 0.031491
vt 0.702131 0.041762
vt 0.725736 0.038717
vt 0.733087 0.048589
vt 0.155952 0.592815
vt 0.246967 0.564786
vt 0.156482 0.605855
vt 0.124347 0.605371
vt 0.701141 0.317691
vt 0.687358 0.321844
vt 0.676106 0.319206
vt 0.098406 0.618859
vt 0.259892 0.568546
vt 0.079043 0.627489
vt 0.077597 0.611771
vt 0.087859 0.638992
vt 0.220470 0.597948
vt 0.229442 0.603944
vt 0.215520 0.604567
vt 0.218165 0.611506
vt 0.210744 0.611001
vt 0.219307 0.617467
vt 0.213950 0.621439
vt 0.273645 0.605150
vt 0.297690 0.608570
vt 0.296761 0.599340
vt 0.217186 0.632043
vt 0.287484 0.620156
vt 0.314923 0.612774
vt 0.304815 0.620496
vt 0.260161 0.638954
vt 0.160542 0.840567
vt 0.492411 0.564445
vt 0.600547 0.883672
vt 0.575730 0.889156
vt 0.581710 0.873486
vt 0.904516 0.436795
vt 0.453712 0.536298
vt 0.426940 0.542718
vt 0.600416 0.019581
vt 0.595430 0.032385
vt 0.584239 0.026225
vt 0.584823 0.042242
vt 0.217864 0.587656
vt 0.189098 0.595567
vt 0.126235 0.618218
vt 0.569949 0.033146
vt 0.230871 0.584460
vt 0.243997 0.584958
vt 0.069033 0.651515
vt 0.055926 0.665587
vt 0.063682 0.678437
vt 0.273449 0.575256
vt 0.261670 0.576823
vt 0.073600 0.647408
vt 0.248557 0.598156
vt 0.147463 0.763323
vt 0.135081 0.768257
vt 0.147136 0.771454
vt 0.273035 0.594737
vt 0.316596 0.600546
vt 0.311775 0.592583
vt 0.504579 0.584639
vt 0.498636 0.598059
vt 0.487296 0.596099
vt 0.702765 0.391327
vt 0.707492 0.378082
vt 0.717748 0.388702
vt 0.303173 0.625124
vt 0.278109 0.630073
vt 0.176216 0.847453
vt 0.712354 0.372473
vt 0.726491 0.375936
vt 0.725564 0.391327
vt 0.310240 0.617923
vt 0.237473 0.648380
vt 0.897638 0.430864
vt 0.903253 0.440648
vt 0.570274 0.878439
vt 0.563830 0.881299
vt 0.571858 0.872413
vt 0.921247 0.055653
vt 0.919133 0.057994
vt 0.919133 0.051724
vt 0.686321 0.757728
vt 0.638819 0.952329
vt 0.646419 0.947469
vt 0.664440 0.950096
vt 0.072410 0.663293
vt 0.072410 0.689133
vt 0.144737 0.783477
vt 0.142449 0.788344
vt 0.147463 0.795716
vt 0.691995 0.306330
vt 0.730658 0.298366
vt 0.716271 0.312301
vt 0.576237 0.048589
vt 0.560782 0.041998
vt 0.063953 0.648380
vt 0.267710 0.590614
vt 0.136097 0.776861
vt 0.296551 0.589944
vt 0.280055 0.581814
vt 0.742733 0.300564
vt 0.284347 0.590277
vt 0.772390 0.301702
vt 0.761622 0.315127
vt 0.756178 0.307566
vt 0.773131 0.316180
vt 0.697146 0.364438
vt 0.710959 0.367611
vt 0.153593 0.823660
vt 0.519483 0.576057
vt 0.527006 0.566664
vt 0.542762 0.582260
vt 0.571021 0.586136
vt 0.571353 0.593769
vt 0.606691 0.907851
vt 0.598045 0.923004
vt 0.561623 0.906321
vt 0.504383 0.557544
vt 0.482301 0.548807
vt 0.899736 0.406404
vt 0.473992 0.546178
vt 0.677480 0.820437
vt 0.690739 0.812937
vt 0.680594 0.800471
vt 0.672530 0.771480
vt 0.605977 0.944831
vt 0.615688 0.939086
vt 0.632902 0.948319
vt 0.668692 0.934177
vt 0.690596 0.938620
vt 0.688104 0.950365
vt 0.684148 0.307329
vt 0.706049 0.298407
vt 0.717165 0.943589
vt 0.718935 0.953186
vt 0.730203 0.950737
vt 0.125264 0.773646
vt 0.085853 0.507614
vt 0.076822 0.512996
vt 0.075403 0.508536
vt 0.760041 0.297846
vt 0.870474 0.311404
vt 0.851778 0.285945
vt 0.869468 0.287537
vt 0.175524 0.838167
vt 0.726744 0.363459
vt 0.553409 0.564572
vt 0.951353 0.400728
vt 0.670719 0.837120
vt 0.675535 0.837719
vt 0.554061 0.896184
vt 0.897073 0.422889
vt 0.430229 0.512566
vt 0.440155 0.520942
vt 0.609208 0.930469
vt 0.624604 0.932920
vt 0.650257 0.935304
vt 0.632929 0.934623
vt 0.700245 0.935342
vt 0.949445 0.983859
vt 0.944654 0.968763
vt 0.937104 0.979864
vt 0.950724 0.974234
vt 0.734853 0.945934
vt 0.955473 0.960181
vt 0.745533 0.293596
vt 0.066757 0.526908
vt 0.065759 0.521188
vt 0.766719 0.293697
vt 0.491339 0.619169
vt 0.486165 0.607209
vt 0.715713 0.353710
vt 0.720618 0.358407
vt 0.525132 0.556127
vt 0.474750 0.543273
vt 0.475803 0.538677
vt 0.485441 0.538667
vt 0.893547 0.417015
vt 0.887980 0.409603
vt 0.799319 0.679712
vt 0.787908 0.680773
vt 0.790639 0.673459
vt 0.232030 0.409091
vt 0.232030 0.416405
vt 0.228858 0.414818
vt 0.804968 0.678034
vt 0.804326 0.680773
vt 0.687555 0.287524
vt 0.702420 0.287999
vt 0.721173 0.936615
vt 0.118299 0.513232
vt 0.114768 0.515293
vt 0.107630 0.505225
vt 0.098839 0.509901
vt 0.489426 0.945853
vt 0.494605 0.934401
vt 0.482558 0.941955
vt 0.739641 0.283925
vt 0.778498 0.284170
vt 0.175178 0.823632
vt 0.563445 0.925287
vt 0.534564 0.620158
vt 0.522790 0.622409
vt 0.514522 0.602817
vt 0.498708 0.540484
vt 0.544835 0.905927
vt 0.012148 0.728223
vt 0.001586 0.735724
vt 0.002675 0.729787
vt 0.013214 0.717346
vt 0.313464 0.943051
vt 0.303615 0.930887
vt 0.315144 0.936842
vt 0.013214 0.744031
vt 0.010370 0.756419
vt 0.006210 0.765413
vt 0.441136 0.517809
vt 0.450371 0.524930
vt 0.455270 0.526975
vt 0.486188 0.928964
vt 0.505685 0.920626
vt 0.491471 0.916928
vt 0.495779 0.975669
vt 0.497043 0.969410
vt 0.487580 0.968398
vt 0.775516 0.282407
vt 0.203166 0.825271
vt 0.212300 0.839008
vt 0.383574 0.943051
vt 0.398171 0.933028
vt 0.413848 0.942579
vt 0.513939 0.624174
vt 0.149788 0.796008
vt 0.887737 0.395566
vt 0.885128 0.401157
vt 0.339628 0.935743
vt 0.348092 0.930879
vt 0.352864 0.933980
vt 0.331104 0.940353
vt 0.342262 0.915589
vt 0.335887 0.897419
vt 0.290214 0.918864
vt 0.306991 0.894085
vt 0.427187 0.502090
vt 0.283190 0.904825
vt 0.112308 0.531194
vt 0.093470 0.541158
vt 0.075812 0.535065
vt 0.753471 0.281755
vt 0.061481 0.535780
vt 0.171044 0.806853
vt 0.523940 0.909815
vt 0.402552 0.920674
vt 0.544615 0.640826
vt 0.268838 0.910783
vt 0.126541 0.525604
vt 0.724015 0.268519
vt 0.758055 0.273589
vt 0.363576 0.921780
vt 0.351168 0.898290
vt 0.348682 0.889819
vt 0.332341 0.882528
vt 0.284088 0.881392
vt 0.294156 0.877849
vt 0.529015 0.929724
vt 0.740201 0.270309
vt 0.525102 0.966024
vt 0.493595 0.954199
vt 0.756201 0.266697
vt 0.071982 0.554309
vt 0.059637 0.546062
vt 0.504120 0.627196
vt 0.488818 0.651102
vt 0.056554 0.543871
vt 0.244008 0.838412
vt 0.192435 0.811849
vt 0.253703 0.851267
vt 0.532145 0.641866
vt 0.375796 0.911758
vt 0.365187 0.915505
vt 0.358485 0.882524
vt 0.348551 0.879496
vt 0.267198 0.904911
vt 0.312441 0.873911
vt 0.685710 0.259981
vt 0.507674 0.636814
vt 0.219479 0.821633
vt 0.260443 0.844898
vt 0.261269 0.852142
vt 0.180422 0.795471
vt 0.511859 0.884476
vt 0.497828 0.859940
vt 0.509974 0.858164
vt 0.360244 0.872240
vt 0.269863 0.886217
vt 0.689493 0.256733
vt 0.133612 0.556652
vt 0.126346 0.548459
vt 0.707853 0.256450
vt 0.251499 0.827978
vt 0.192121 0.791556
vt 0.562237 0.541997
vt 0.581176 0.542087
vt 0.569761 0.552039
vt 0.555928 0.549453
vt 0.561532 0.562026
vt 0.501385 0.898512
vt 0.497357 0.884133
vt 0.578112 0.563741
vt 0.368578 0.877620
vt 0.263742 0.882243
vt 0.937850 0.913406
vt 0.930880 0.892800
vt 0.949379 0.904604
vt 0.337374 0.862609
vt 0.348840 0.863095
vt 0.362404 0.862648
vt 0.273161 0.869690
vt 0.286125 0.856993
vt 0.675667 0.555098
vt 0.652117 0.555083
vt 0.656568 0.551627
vt 0.446413 0.468652
vt 0.463513 0.473424
vt 0.444580 0.474690
vt 0.687347 0.558484
vt 0.690100 0.563741
vt 0.666119 0.563347
vt 0.699191 0.552139
vt 0.709965 0.557463
vt 0.770043 0.630616
vt 0.768566 0.644992
vt 0.750249 0.641530
vt 0.701297 0.244507
vt 0.746563 0.255900
vt 0.067791 0.567846
vt 0.499501 0.661683
vt 0.646905 0.291290
vt 0.660148 0.292059
vt 0.641238 0.284744
vt 0.274301 0.838627
vt 0.937104 0.608378
vt 0.940994 0.615911
vt 0.950010 0.607675
vt 0.278612 0.848457
vt 0.952849 0.597196
vt 0.579191 0.533425
vt 0.384160 0.901808
vt 0.106138 0.030607
vt 0.100951 0.014684
vt 0.109028 0.022141
vt 0.380274 0.900123
vt 0.591913 0.533002
vt 0.588693 0.548546
vt 0.585889 0.553920
vt 0.599152 0.543049
vt 0.604394 0.553683
vt 0.636112 0.541742
vt 0.629007 0.543512
vt 0.628710 0.555762
vt 0.330263 0.862429
vt 0.647136 0.540802
vt 0.660475 0.547345
vt 0.647981 0.561136
vt 0.988871 0.225774
vt 0.980219 0.231607
vt 0.985442 0.242509
vt 0.722933 0.549145
vt 0.979387 0.213454
vt 0.983604 0.225434
vt 0.981860 0.205730
vt 0.989958 0.205906
vt 0.709620 0.653484
vt 0.710002 0.662947
vt 0.695032 0.658626
vt 0.739357 0.543319
vt 0.768835 0.534438
vt 0.757463 0.544160
vt 0.742230 0.550671
vt 0.728855 0.652566
vt 0.788416 0.528653
vt 0.788013 0.538347
vt 0.766675 0.547736
vt 0.752893 0.652472
vt 0.805903 0.530948
vt 0.801698 0.540904
vt 0.781503 0.637445
vt 0.769818 0.245833
vt 0.763507 0.268777
vt 0.221398 0.805370
vt 0.211137 0.790850
vt 0.254529 0.832865
vt 0.263048 0.819011
vt 0.632163 0.292059
vt 0.564005 0.656186
vt 0.553630 0.656546
vt 0.135404 0.448085
vt 0.154998 0.441597
vt 0.150590 0.453353
vt 0.169689 0.453166
vt 0.107424 0.015367
vt 0.173602 0.464472
vt 0.604875 0.531907
vt 0.609536 0.546031
vt 0.596125 0.562262
vt 0.180073 0.453368
vt 0.406845 0.390282
vt 0.423601 0.398968
vt 0.406624 0.405457
vt 0.628820 0.529625
vt 0.617566 0.551924
vt 0.589578 0.699881
vt 0.583119 0.707384
vt 0.576897 0.695093
vt 0.565179 0.697863
vt 0.191393 0.458848
vt 0.382487 0.865503
vt 0.613194 0.560805
vt 0.478330 0.477393
vt 0.472306 0.480146
vt 0.454526 0.478580
vt 0.300358 0.853187
vt 0.636706 0.698937
vt 0.628175 0.706661
vt 0.618819 0.701649
vt 0.434516 0.480146
vt 0.720379 0.541607
vt 0.733675 0.538049
vt 0.752745 0.526036
vt 0.982758 0.192790
vt 0.784622 0.519009
vt 0.727879 0.662168
vt 0.802198 0.518190
vt 0.814482 0.526371
vt 0.772649 0.657480
vt 0.755488 0.666144
vt 0.789866 0.631177
vt 0.789439 0.649499
vt 0.798604 0.634631
vt 0.722595 0.253644
vt 0.747886 0.248704
vt 0.753331 0.250178
vt 0.243798 0.811104
vt 0.626321 0.289202
vt 0.252228 0.818214
vt 0.130550 0.438142
vt 0.146449 0.430972
vt 0.841966 0.672499
vt 0.838098 0.679728
vt 0.841966 0.664054
vt 0.959534 0.610533
vt 0.122341 0.020522
vt 0.123224 0.024473
vt 0.549674 0.688088
vt 0.547779 0.696376
vt 0.543715 0.690711
vt 0.648578 0.517760
vt 0.659902 0.525120
vt 0.609201 0.636950
vt 0.593186 0.642162
vt 0.589767 0.632951
vt 0.598971 0.702900
vt 0.606818 0.707185
vt 0.630511 0.647730
vt 0.620207 0.653136
vt 0.621666 0.640858
vt 0.612881 0.646307
vt 0.907917 0.906995
vt 0.920615 0.891620
vt 0.922562 0.916938
vt 0.637875 0.649000
vt 0.666179 0.532080
vt 0.653575 0.543556
vt 0.636644 0.722651
vt 0.620025 0.713999
vt 0.623303 0.711806
vt 0.607282 0.713168
vt 0.667176 0.662179
vt 0.655967 0.664742
vt 0.921247 0.625189
vt 0.928361 0.628330
vt 0.929704 0.608673
vt 0.240152 0.238762
vt 0.237152 0.245154
vt 0.215707 0.232429
vt 0.224516 0.230519
vt 0.238744 0.232730
vt 0.921880 0.027756
vt 0.908729 0.028930
vt 0.918629 0.019320
vt 0.781072 0.666144
vt 0.799803 0.656283
vt 0.132953 0.562016
vt 0.124942 0.567767
vt 0.532907 0.933789
vt 0.542812 0.925083
vt 0.101679 0.575930
vt 0.529873 0.977109
vt 0.542812 0.976787
vt 0.532830 0.964047
vt 0.289514 0.022488
vt 0.299046 0.021404
vt 0.279060 0.034606
vt 0.250935 0.813488
vt 0.174929 0.439048
vt 0.636563 0.517257
vt 0.973828 0.539900
vt 0.963200 0.573125
vt 0.968101 0.570491
vt 0.579403 0.713247
vt 0.184914 0.444277
vt 0.918976 0.542143
vt 0.916289 0.534024
vt 0.905391 0.541264
vt 0.582757 0.644647
vt 0.663767 0.503959
vt 0.669584 0.514253
vt 0.604677 0.721462
vt 0.201182 0.457679
vt 0.219630 0.456177
vt 0.220402 0.464472
vt 0.632587 0.659732
vt 0.634419 0.723346
vt 0.929704 0.632706
vt 0.854075 0.637629
vt 0.843571 0.656464
vt 0.833510 0.648497
vt 0.682347 0.664878
vt 0.672584 0.674476
vt 0.892758 0.030825
vt 0.906863 0.019561
vt 0.281539 0.229111
vt 0.273346 0.240065
vt 0.256174 0.235186
vt 0.926533 0.010914
vt 0.807082 0.651198
vt 0.141121 0.558956
vt 0.078055 0.579415
vt 0.798776 0.048141
vt 0.806493 0.053826
vt 0.809963 0.041262
vt 0.805911 0.920063
vt 0.802148 0.934901
vt 0.808119 0.931094
vt 0.326110 0.460469
vt 0.332452 0.463627
vt 0.327795 0.466483
vt 0.251996 0.807240
vt 0.276815 0.814699
vt 0.288254 0.829177
vt 0.123263 0.037241
vt 0.139522 0.033351
vt 0.161183 0.429875
vt 0.137657 0.020256
vt 0.533698 0.709673
vt 0.562716 0.714508
vt 0.435120 0.407205
vt 0.430680 0.413718
vt 0.651857 0.494870
vt 0.673862 0.487578
vt 0.646641 0.507283
vt 0.594839 0.664048
vt 0.605140 0.651212
vt 0.588340 0.646895
vt 0.677281 0.504569
vt 0.621302 0.735569
vt 0.940821 0.513420
vt 0.960359 0.489551
vt 0.945104 0.501259
vt 0.955370 0.504397
vt 0.644858 0.735259
vt 0.688797 0.231219
vt 0.747851 0.239153
vt 0.498035 0.676838
vt 0.816384 0.049887
vt 0.813744 0.044643
vt 0.787214 0.936791
vt 0.807780 0.938101
vt 0.227610 0.784931
vt 0.246763 0.801125
vt 0.249977 0.800489
vt 0.291113 0.813078
vt 0.300458 0.821522
vt 0.125662 0.004702
vt 0.177108 0.429550
vt 0.985848 0.514023
vt 0.978685 0.526037
vt 0.986378 0.530421
vt 0.442601 0.414533
vt 0.661531 0.485186
vt 0.675627 0.473877
vt 0.576758 0.723988
vt 0.927690 0.540311
vt 0.205771 0.436748
vt 0.924852 0.520863
vt 0.933540 0.527685
vt 0.622259 0.675028
vt 0.874613 0.630616
vt 0.861378 0.642921
vt 0.640536 0.670362
vt 0.328224 0.242372
vt 0.314832 0.241272
vt 0.322817 0.235977
vt 0.304624 0.229951
vt 0.697064 0.232265
vt 0.136650 0.571768
vt 0.733445 0.232508
vt 0.792833 0.920419
vt 0.795759 0.954666
vt 0.805476 0.952442
vt 0.265544 0.802769
vt 0.247329 0.789346
vt 0.250156 0.786084
vt 0.971210 0.594204
vt 0.984799 0.581909
vt 0.974325 0.579590
vt 0.582514 0.661101
vt 0.587712 0.655748
vt 0.566841 0.726250
vt 0.546231 0.725397
vt 0.546656 0.719518
vt 0.414427 0.876231
vt 0.429398 0.874323
vt 0.416110 0.871906
vt 0.450846 0.402964
vt 0.984672 0.769576
vt 0.987374 0.756008
vt 0.994186 0.762394
vt 0.421688 0.868904
vt 0.433161 0.868569
vt 0.913260 0.544749
vt 0.921342 0.551709
vt 0.943799 0.524681
vt 0.655324 0.755212
vt 0.638788 0.747642
vt 0.628038 0.669946
vt 0.036325 0.257361
vt 0.019914 0.261772
vt 0.042107 0.271297
vt 0.861426 0.663722
vt 0.641677 0.689993
vt 0.887627 0.019511
vt 0.886598 0.008460
vt 0.900331 0.011100
vt 0.295972 0.258416
vt 0.321276 0.251142
vt 0.308549 0.259666
vt 0.125482 0.575977
vt 0.108036 0.578290
vt 0.471443 0.668318
vt 0.478914 0.679952
vt 0.468440 0.676174
vt 0.741791 0.213358
vt 0.485729 0.299373
vt 0.485729 0.278474
vt 0.484724 0.293614
vt 0.782038 0.923094
vt 0.481501 0.282415
vt 0.963081 0.622752
vt 0.976468 0.627987
vt 0.977426 0.615006
vt 0.262753 0.789618
vt 0.518628 0.716635
vt 0.514649 0.701971
vt 0.302854 0.798919
vt 0.181010 0.417045
vt 0.530807 0.719978
vt 0.195144 0.424679
vt 0.040875 0.200702
vt 0.045774 0.222397
vt 0.054556 0.215656
vt 0.927571 0.554738
vt 0.944778 0.530070
vt 0.647985 0.757474
vt 0.634161 0.681851
vt 0.735374 0.365934
vt 0.733087 0.375494
vt 0.733102 0.359768
vt 0.659893 0.690005
vt 0.691065 0.227962
vt 0.759740 0.330459
vt 0.761605 0.336358
vt 0.744742 0.330514
vt 0.742446 0.318182
vt 0.820157 0.036569
vt 0.761958 0.226701
vt 0.313011 0.011124
vt 0.311888 0.002612
vt 0.327996 0.004095
vt 0.802102 0.962056
vt 0.283259 0.797357
vt 0.799373 0.971264
vt 0.808140 0.964571
vt 0.796611 0.219613
vt 0.789907 0.214055
vt 0.798602 0.216220
vt 0.807780 0.970115
vt 0.505182 0.707720
vt 0.903973 0.636601
vt 0.894345 0.646459
vt 0.890227 0.632220
vt 0.049988 0.259647
vt 0.656977 0.760800
vt 0.879623 0.643905
vt 0.881147 0.660574
vt 0.937633 0.552083
vt 0.031373 0.234934
vt 0.052164 0.247273
vt 0.712025 0.494697
vt 0.716294 0.498617
vt 0.709280 0.502088
vt 0.747066 0.359237
vt 0.741537 0.498320
vt 0.736691 0.503212
vt 0.727515 0.491641
vt 0.729828 0.330559
vt 0.736237 0.336861
vt 0.714157 0.338866
vt 0.468920 0.694357
vt 0.822338 0.049913
vt 0.834627 0.036714
vt 0.106066 0.094893
vt 0.115936 0.109080
vt 0.094734 0.097286
vt 0.783143 0.962684
vt 0.989805 0.626242
vt 0.992942 0.617158
vt 0.494451 0.719154
vt 0.256496 0.778089
vt 0.801659 0.982227
vt 0.794585 0.208599
vt 0.814032 0.208052
vt 0.515046 0.723308
vt 0.241703 0.769592
vt 0.072441 0.203302
vt 0.068496 0.214260
vt 0.082981 0.216953
vt 0.907751 0.651124
vt 0.213675 0.425278
vt 0.652016 0.763719
vt 0.945884 0.539967
vt 0.952791 0.529452
vt 0.760515 0.371767
vt 0.756576 0.385867
vt 0.742159 0.388192
vt 0.718451 0.344208
vt 0.462474 0.691913
vt 0.836681 0.029781
vt 0.337738 0.951445
vt 0.351401 0.953021
vt 0.349120 0.974490
vt 0.757265 0.941913
vt 0.768018 0.944531
vt 0.986263 0.664954
vt 0.986842 0.656738
vt 0.969186 0.644362
vt 0.357907 0.981611
vt 0.373203 0.944096
vt 0.380787 0.981602
vt 0.280062 0.783619
vt 0.801035 0.201149
vt 0.298806 0.790405
vt 0.071706 0.233622
vt 0.063645 0.233305
vt 0.201761 0.414250
vt 0.187529 0.410136
vt 0.063985 0.260598
vt 0.063435 0.273250
vt 0.447855 0.868551
vt 0.437342 0.862675
vt 0.727324 0.516261
vt 0.704564 0.512008
vt 0.958022 0.541248
vt 0.758218 0.351620
vt 0.930669 0.573013
vt 0.944199 0.573776
vt 0.952775 0.563495
vt 0.960359 0.555743
vt 0.779598 0.568235
vt 0.787867 0.566596
vt 0.784988 0.581505
vt 0.711517 0.352322
vt 0.739906 0.341417
vt 0.092490 0.123596
vt 0.082981 0.121419
vt 0.085452 0.114687
vt 0.765403 0.928923
vt 0.793965 0.981434
vt 0.600111 0.097700
vt 0.596376 0.102267
vt 0.583326 0.094699
vt 0.497852 0.727826
vt 0.397578 0.979061
vt 0.388176 0.982759
vt 0.082981 0.241523
vt 0.790856 0.987511
vt 0.078619 0.261218
vt 0.769806 0.361675
vt 0.958384 0.574098
vt 0.793256 0.562079
vt 0.796610 0.572180
vt 0.992226 0.639621
vt 0.981331 0.639624
vt 0.583781 0.103413
vt 0.144622 0.097845
vt 0.148651 0.106229
vt 0.134994 0.094566
vt 0.786311 0.986485
vt 0.910347 0.717551
vt 0.897485 0.722571
vt 0.903064 0.704465
vt 0.560011 0.338726
vt 0.555324 0.355297
vt 0.567982 0.357889
vt 0.889056 0.695439
vt 0.863645 0.695175
vt 0.876714 0.688162
vt 0.451604 0.857111
vt 0.935195 0.580037
vt 0.934549 0.599319
vt 0.770578 0.388192
vt 0.939222 0.603448
vt 0.947550 0.585961
vt 0.782597 0.554785
vt 0.001586 0.139576
vt 0.008101 0.138085
vt 0.006128 0.125697
vt 0.015328 0.124869
vt 0.103645 0.125926
vt 0.995974 0.664685
vt 0.592178 0.108501
vt 0.566400 0.107243
vt 0.124995 0.097178
vt 0.772616 0.983321
vt 0.779718 0.992163
vt 0.568866 0.349024
vt 0.573467 0.350003
vt 0.889904 0.707121
vt 0.878059 0.704073
vt 0.549108 0.343526
vt 0.539641 0.357889
vt 0.771142 0.376394
vt 0.443443 0.844976
vt 0.446332 0.838306
vt 0.439000 0.838027
vt 0.929636 0.598098
vt 0.811804 0.569926
vt 0.814449 0.580569
vt 0.828512 0.575581
vt 0.831212 0.581505
vt 0.013214 0.904028
vt 0.020694 0.908568
vt 0.014407 0.890808
vt 0.422711 0.634203
vt 0.433711 0.621212
vt 0.421009 0.626054
vt 0.025332 0.894914
vt 0.028013 0.903661
vt 0.015328 0.144618
vt 0.008780 0.147858
vt 0.701360 0.350129
vt 0.098583 0.131823
vt 0.756432 0.924909
vt 0.747077 0.929373
vt 0.997357 0.683908
vt 0.126585 0.126391
vt 0.758509 0.964548
vt 0.566568 0.099474
vt 0.562226 0.093227
vt 0.477441 0.738242
vt 0.472665 0.730874
vt 0.412876 0.946266
vt 0.402131 0.970960
vt 0.172833 0.106061
vt 0.180401 0.095611
vt 0.187777 0.106061
vt 0.134778 0.884535
vt 0.130497 0.890374
vt 0.134347 0.896879
vt 0.791427 0.550898
vt 0.816914 0.558791
vt 0.018716 0.881923
vt 0.681584 0.893398
vt 0.693212 0.890043
vt 0.689740 0.897074
vt 0.702628 0.895116
vt 0.673737 0.876360
vt 0.668605 0.872513
vt 0.674121 0.870660
vt 0.095668 0.795492
vt 0.101201 0.798529
vt 0.108276 0.784964
vt 0.610385 0.965213
vt 0.602525 0.961103
vt 0.592921 0.966856
vt 0.119609 0.130440
vt 0.460359 0.847242
vt 0.465023 0.845171
vt 0.470379 0.830726
vt 0.472966 0.840263
vt 0.479387 0.815569
vt 0.002643 0.951411
vt 0.001586 0.935367
vt 0.002643 0.911703
vt 0.848392 0.695357
vt 0.849034 0.705050
vt 0.836507 0.698658
vt 0.807057 0.552647
vt 0.833510 0.560904
vt 0.027555 0.881799
vt 0.441441 0.631672
vt 0.447188 0.631069
vt 0.676004 0.794671
vt 0.658034 0.794671
vt 0.669818 0.786311
vt 0.696466 0.881108
vt 0.663623 0.786964
vt 0.683096 0.356048
vt 0.691678 0.346833
vt 0.674032 0.347903
vt 0.622558 0.955590
vt 0.577928 0.957876
vt 0.583195 0.962478
vt 0.130152 0.284678
vt 0.128159 0.290804
vt 0.148520 0.295011
vt 0.139069 0.303849
vt 0.740107 0.940393
vt 0.423843 0.949623
vt 0.169662 0.128437
vt 0.146781 0.125792
vt 0.802088 0.544932
vt 0.820218 0.554784
vt 0.681705 0.865743
vt 0.690579 0.871419
vt 0.089176 0.798561
vt 0.111444 0.768172
vt 0.099319 0.773678
vt 0.571392 0.970219
vt 0.738234 0.959612
vt 0.558256 0.107145
vt 0.545478 0.101580
vt 0.465501 0.744612
vt 0.114165 0.280280
vt 0.136180 0.130279
vt 0.752195 0.970481
vt 0.444486 0.813004
vt 0.461110 0.823181
vt 0.456322 0.805512
vt 0.569087 0.965451
vt 0.469646 0.858505
vt 0.550207 0.091432
vt 0.103408 0.280199
vt 0.719581 0.879183
vt 0.455325 0.648282
vt 0.458245 0.646790
vt 0.698525 0.858412
vt 0.561899 0.963362
vt 0.477603 0.858906
vt 0.539103 0.109195
vt 0.119539 0.314708
vt 0.130135 0.320969
vt 0.090400 0.291755
vt 0.161957 0.131823
vt 0.146737 0.132184
vt 0.718163 0.893530
vt 0.559725 0.969453
vt 0.463414 0.865751
vt 0.454990 0.758443
vt 0.452129 0.748604
vt 0.307580 0.549175
vt 0.293724 0.536427
vt 0.309061 0.514521
vt 0.736258 0.971333
vt 0.434989 0.946816
vt 0.739745 0.878012
vt 0.027928 0.190700
vt 0.039976 0.184201
vt 0.039667 0.190240
vt 0.023800 0.187054
vt 0.123397 0.330908
vt 0.738772 0.985556
vt 0.081462 0.272205
vt 0.070647 0.280705
vt 0.088574 0.276622
vt 0.070159 0.274186
vt 0.742526 0.881780
vt 0.723118 0.897074
vt 0.682347 0.727795
vt 0.680380 0.732287
vt 0.682347 0.749241
vt 0.714561 0.866669
vt 0.653487 0.355048
vt 0.639626 0.350291
vt 0.657610 0.351238
vt 0.036558 0.180303
vt 0.048948 0.185840
vt 0.479387 0.865350
vt 0.109841 0.185393
vt 0.103230 0.177060
vt 0.113681 0.179471
vt 0.528924 0.107639
vt 0.535528 0.096340
vt 0.105246 0.333798
vt 0.056452 0.284373
vt 0.451904 0.657178
vt 0.451682 0.663764
vt 0.554440 0.373312
vt 0.565939 0.370379
vt 0.569161 0.376698
vt 0.058918 0.174594
vt 0.062147 0.183015
vt 0.470800 0.874086
vt 0.105450 0.169667
vt 0.439218 0.767503
vt 0.118065 0.171160
vt 0.857638 0.745559
vt 0.856921 0.765344
vt 0.852242 0.761997
vt 0.059102 0.310629
vt 0.424188 0.670443
vt 0.439670 0.691145
vt 0.437657 0.672762
vt 0.444938 0.689914
vt 0.441858 0.674062
vt 0.678118 0.749739
vt 0.636254 0.357889
vt 0.622031 0.350425
vt 0.581342 0.370357
vt 0.592029 0.375475
vt 0.612789 0.339499
vt 0.595878 0.365204
vt 0.602233 0.371444
vt 0.071198 0.172052
vt 0.074308 0.177205
vt 0.064212 0.167703
vt 0.627378 0.376698
vt 0.101779 0.188170
vt 0.086974 0.162151
vt 0.519556 0.094657
vt 0.122900 0.345169
vt 0.090277 0.329610
vt 0.066039 0.322117
vt 0.850179 0.774911
vt 0.765611 0.080734
vt 0.756924 0.101881
vt 0.738426 0.088578
vt 0.731286 0.099999
vt 0.604397 0.349987
vt 0.605688 0.342644
vt 0.602071 0.337700
vt 0.070962 0.154004
vt 0.116962 0.354753
vt 0.045193 0.291194
vt 0.038520 0.311473
vt 0.720361 0.089736
vt 0.701425 0.090560
vt 0.597780 0.342380
vt 0.140284 0.174335
vt 0.139587 0.165442
vt 0.161362 0.169514
vt 0.059901 0.170100
vt 0.057598 0.163657
vt 0.099814 0.151897
vt 0.125815 0.153026
vt 0.132588 0.170001
vt 0.083544 0.151354
vt 0.091763 0.350872
vt 0.857628 0.790425
vt 0.857174 0.794188
vt 0.043979 0.338394
vt 0.028397 0.307093
vt 0.755128 0.875251
vt 0.166582 0.161506
vt 0.599210 0.351465
vt 0.138850 0.149393
vt 0.135118 0.163518
vt 0.061247 0.147163
vt 0.068995 0.143773
vt 0.109565 0.371235
vt 0.073200 0.364907
vt 0.844748 0.796670
vt 0.739190 0.874326
vt 0.756393 0.870781
vt 0.175871 0.163789
vt 0.151749 0.151206
vt 0.053684 0.353230
vt 0.029790 0.324493
vt 0.439892 0.697829
vt 0.452703 0.714616
vt 0.762133 0.865997
vt 0.697162 0.064755
vt 0.679094 0.089779
vt 0.203762 0.149331
vt 0.173191 0.147657
vt 0.846927 0.400453
vt 0.861344 0.374527
vt 0.855260 0.399978
vt 0.594609 0.620418
vt 0.616198 0.608720
vt 0.622267 0.624347
vt 0.081140 0.138100
vt 0.089529 0.368674
vt 0.449315 0.724140
vt 0.632107 0.087892
vt 0.658381 0.079204
vt 0.209161 0.155316
vt 0.638223 0.615671
vt 0.138595 0.141597
vt 0.601119 0.605350
vt 0.865222 0.234587
vt 0.839066 0.225183
vt 0.831395 0.234587
vt 0.049386 0.134447
vt 0.105673 0.137669
vt 0.111938 0.380799
vt 0.099516 0.397310
vt 0.060296 0.373416
vt 0.848455 0.813352
vt 0.013910 0.317188
vt 0.774313 0.869340
vt 0.624823 0.081286
vt 0.208581 0.138888
vt 0.631122 0.607995
vt 0.045456 0.144662
vt 0.045691 0.137596
vt 0.085296 0.130896
vt 0.063979 0.128406
vt 0.048533 0.123650
vt 0.086799 0.402814
vt 0.861165 0.821414
vt 0.039238 0.345683
vt 0.195712 0.137682
vt 0.178842 0.130520
vt 0.851503 0.742665
vt 0.870726 0.741606
vt 0.875414 0.746604
vt 0.113388 0.400164
vt 0.030154 0.348741
vt 0.158727 0.093346
vt 0.160212 0.101881
vt 0.147298 0.092760
vt 0.183046 0.091218
vt 0.686718 0.176503
vt 0.670913 0.165146
vt 0.686271 0.162202
vt 0.678338 0.148638
vt 0.640262 0.168282
vt 0.653035 0.154388
vt 0.032241 0.989115
vt 0.036573 0.982101
vt 0.034037 0.992310
vt 0.048119 0.981304
vt 0.051098 0.994253
vt 0.066071 0.988706
vt 0.047997 0.973054
vt 0.584331 0.080900
vt 0.223592 0.136663
vt 0.242217 0.138113
vt 0.033509 0.123663
vt 0.064451 0.121402
vt 0.038416 0.118344
vt 0.135842 0.191745
vt 0.126321 0.202194
vt 0.151691 0.202194
vt 0.093789 0.418804
vt 0.111247 0.419242
vt 0.237556 0.499097
vt 0.207269 0.511331
vt 0.225803 0.486058
vt 0.069226 0.395839
vt 0.868812 0.811445
vt 0.011099 0.335995
vt 0.134969 0.085410
vt 0.134048 0.092368
vt 0.147323 0.083623
vt 0.169425 0.086100
vt 0.703909 0.178021
vt 0.699689 0.162970
vt 0.696667 0.149852
vt 0.636201 0.156136
vt 0.641408 0.147306
vt 0.708774 0.650470
vt 0.695953 0.640256
vt 0.693237 0.642881
vt 0.314421 0.353536
vt 0.329798 0.359979
vt 0.329377 0.355017
vt 0.251790 0.968722
vt 0.253464 0.981358
vt 0.247886 0.968607
vt 0.565829 0.180850
vt 0.569239 0.188610
vt 0.558366 0.178355
vt 0.561949 0.166580
vt 0.073964 0.977649
vt 0.553283 0.164517
vt 0.063808 0.972193
vt 0.668162 0.614021
vt 0.680550 0.623420
vt 0.195240 0.120047
vt 0.868842 0.374540
vt 0.876841 0.352217
vt 0.880299 0.358755
vt 0.204908 0.499421
vt 0.081709 0.419247
vt 0.856148 0.826140
vt 0.839852 0.830199
vt 0.018204 0.355431
vt 0.782364 0.172232
vt 0.790221 0.160881
vt 0.792403 0.174767
vt 0.112929 0.087892
vt 0.123505 0.083111
vt 0.124927 0.088284
vt 0.733165 0.180904
vt 0.749421 0.166479
vt 0.764575 0.178969
vt 0.729170 0.169320
vt 0.717042 0.180396
vt 0.730028 0.152538
vt 0.710034 0.155347
vt 0.185416 0.084711
vt 0.212579 0.081284
vt 0.213071 0.091024
vt 0.206751 0.095145
vt 0.615000 0.155880
vt 0.684653 0.137909
vt 0.629732 0.139663
vt 0.642012 0.133742
vt 0.657253 0.133520
vt 0.606490 0.159209
vt 0.601734 0.146842
vt 0.840909 0.965230
vt 0.844273 0.977865
vt 0.841535 0.982759
vt 0.680792 0.628527
vt 0.313851 0.339836
vt 0.296512 0.326136
vt 0.554422 0.188610
vt 0.276666 0.965394
vt 0.279587 0.950366
vt 0.294118 0.955671
vt 0.547236 0.170404
vt 0.048554 0.964430
vt 0.781712 0.487434
vt 0.774689 0.489489
vt 0.769635 0.498955
vt 0.765831 0.466222
vt 0.759144 0.470749
vt 0.010042 0.105016
vt 0.004757 0.097739
vt 0.010042 0.092476
vt 0.754974 0.461613
vt 0.252089 0.128761
vt 0.244732 0.117124
vt 0.218601 0.116536
vt 0.780998 0.430190
vt 0.781712 0.421630
vt 0.767848 0.424919
vt 0.767119 0.443726
vt 0.323498 0.750695
vt 0.318000 0.745686
vt 0.311092 0.751017
vt 0.752504 0.434654
vt 0.742835 0.451227
vt 0.300475 0.745300
vt 0.321308 0.738161
vt 0.754378 0.422426
vt 0.735726 0.436702
vt 0.046484 0.114517
vt 0.190525 0.547625
vt 0.176512 0.549065
vt 0.192159 0.534179
vt 0.116414 0.424180
vt 0.067735 0.404474
vt 0.068328 0.085357
vt 0.088626 0.083775
vt 0.071204 0.089977
vt 0.060536 0.091261
vt 0.788897 0.187467
vt 0.802869 0.182649
vt 0.090003 0.093075
vt 0.808020 0.165866
vt 0.104618 0.083987
vt 0.763810 0.160562
vt 0.765120 0.150363
vt 0.208234 0.075944
vt 0.720762 0.142754
vt 0.702691 0.138846
vt 0.236542 0.086980
vt 0.245206 0.081693
vt 0.269211 0.074715
vt 0.258477 0.084062
vt 0.278556 0.078891
vt 0.251046 0.094852
vt 0.579144 0.160401
vt 0.577608 0.144455
vt 0.601890 0.139440
vt 0.284832 0.085499
vt 0.266174 0.093878
vt 0.564088 0.150080
vt 0.565571 0.136868
vt 0.525671 0.151994
vt 0.507257 0.144749
vt 0.539123 0.139046
vt 0.547621 0.148378
vt 0.559412 0.126751
vt 0.353019 0.079289
vt 0.351879 0.088649
vt 0.344487 0.089890
vt 0.547040 0.182006
vt 0.870769 0.930512
vt 0.857672 0.964851
vt 0.844352 0.950106
vt 0.547815 0.161442
vt 0.080458 0.994253
vt 0.057463 0.963387
vt 0.067431 0.961520
vt 0.085740 0.965171
vt 0.823262 0.349300
vt 0.828941 0.345611
vt 0.817653 0.343073
vt 0.750506 0.487417
vt 0.765184 0.492470
vt 0.740121 0.467718
vt 0.334893 0.757254
vt 0.332616 0.747956
vt 0.700480 0.620409
vt 0.717174 0.467369
vt 0.719697 0.450116
vt 0.298234 0.737694
vt 0.279208 0.752662
vt 0.284277 0.740357
vt 0.272629 0.743396
vt 0.264596 0.753309
vt 0.722005 0.442438
vt 0.809764 0.729270
vt 0.814540 0.722465
vt 0.828366 0.733155
vt 0.026616 0.111804
vt 0.104681 0.450677
vt 0.126105 0.440141
vt 0.174916 0.529603
vt 0.188197 0.520939
vt 0.090374 0.434207
vt 0.072907 0.425414
vt 0.871161 0.822134
vt 0.021527 0.084043
vt 0.014760 0.091528
vt 0.009233 0.085307
vt 0.032679 0.089145
vt 0.867933 0.190700
vt 0.842023 0.186252
vt 0.860095 0.176859
vt 0.881912 0.180207
vt 0.054682 0.084361
vt 0.046186 0.091863
vt 0.880403 0.168617
vt 0.823360 0.180550
vt 0.837029 0.169556
vt 0.104623 0.078570
vt 0.796628 0.154630
vt 0.737801 0.145554
vt 0.233471 0.072988
vt 0.670498 0.640818
vt 0.662308 0.639693
vt 0.679334 0.635833
vt 0.615874 0.129976
vt 0.304060 0.077023
vt 0.303040 0.068709
vt 0.303203 0.086084
vt 0.587107 0.128678
vt 0.324939 0.072539
vt 0.339299 0.080653
vt 0.537162 0.130186
vt 0.506335 0.134989
vt 0.468834 0.146590
vt 0.476733 0.132808
vt 0.264650 0.979413
vt 0.268200 0.985893
vt 0.368151 0.083833
vt 0.500030 0.125364
vt 0.607294 0.245037
vt 0.596723 0.241269
vt 0.607294 0.229363
vt 0.455498 0.141357
vt 0.470289 0.122838
vt 0.462985 0.141090
vt 0.319631 0.954670
vt 0.307412 0.965494
vt 0.974101 0.034426
vt 0.970589 0.026298
vt 0.958505 0.043252
vt 0.104269 0.986903
vt 0.971258 0.046060
vt 0.963022 0.056629
vt 0.108351 0.971443
vt 0.068855 0.958477
vt 0.082799 0.957680
vt 0.589099 0.063569
vt 0.567328 0.080755
vt 0.349418 0.767232
vt 0.324824 0.775528
vt 0.331380 0.778037
vt 0.243971 0.125519
vt 0.354553 0.739538
vt 0.356110 0.713589
vt 0.738851 0.477892
vt 0.354695 0.697178
vt 0.699736 0.465866
vt 0.328969 0.717176
vt 0.305580 0.714727
vt 0.257966 0.745832
vt 0.709061 0.449679
vt 0.249640 0.753581
vt 0.892706 0.339974
vt 0.015547 0.112347
vt 0.033806 0.106401
vt 0.163863 0.573145
vt 0.159495 0.554441
vt 0.173410 0.565901
vt 0.161288 0.545795
vt 0.725687 0.239812
vt 0.721047 0.231191
vt 0.718288 0.233041
vt 0.186229 0.492636
vt 0.187896 0.491746
vt 0.195939 0.500043
vt 0.058180 0.410513
vt 0.276375 0.411834
vt 0.266786 0.422057
vt 0.265241 0.413097
vt 0.875793 0.830199
vt 0.239900 0.434780
vt 0.331872 0.618392
vt 0.325601 0.615931
vt 0.316476 0.631345
vt 0.087311 0.739353
vt 0.121869 0.746863
vt 0.110675 0.750358
vt 0.318258 0.624686
vt 0.013378 0.079125
vt 0.094635 0.907624
vt 0.104841 0.925287
vt 0.097156 0.914122
vt 0.469282 0.148903
vt 0.476121 0.159483
vt 0.462191 0.155268
vt 0.047685 0.081100
vt 0.033825 0.081542
vt 0.835448 0.160374
vt 0.863909 0.159591
vt 0.814924 0.155495
vt 0.572914 0.226335
vt 0.572549 0.213095
vt 0.589765 0.222809
vt 0.159546 0.287333
vt 0.188659 0.275155
vt 0.167506 0.277614
vt 0.650634 0.650470
vt 0.511224 0.226574
vt 0.521377 0.214181
vt 0.537970 0.233542
vt 0.195899 0.269606
vt 0.216123 0.287555
vt 0.344058 0.355131
vt 0.339456 0.328724
vt 0.336190 0.329645
vt 0.356059 0.071455
vt 0.343951 0.068432
vt 0.536399 0.116968
vt 0.366307 0.072161
vt 0.516163 0.127046
vt 0.959624 0.009927
vt 0.947759 0.018268
vt 0.963127 0.018343
vt 0.428010 0.134091
vt 0.439607 0.125193
vt 0.438829 0.136566
vt 0.595816 0.427900
vt 0.603852 0.423700
vt 0.611522 0.424027
vt 0.097571 0.965206
vt 0.749952 0.491829
vt 0.739085 0.489774
vt 0.560092 0.061266
vt 0.550933 0.077424
vt 0.265040 0.124076
vt 0.265313 0.116288
vt 0.366804 0.762231
vt 0.372712 0.765950
vt 0.376185 0.756614
vt 0.728099 0.487109
vt 0.574785 0.418231
vt 0.555915 0.417142
vt 0.571496 0.411867
vt 0.247755 0.105999
vt 0.704404 0.615291
vt 0.724413 0.623687
vt 0.369431 0.727188
vt 0.565505 0.423969
vt 0.718185 0.481777
vt 0.549405 0.427900
vt 0.548097 0.410841
vt 0.548167 0.417633
vt 0.701900 0.471338
vt 0.366298 0.698227
vt 0.887357 0.337837
vt 0.335535 0.692139
vt 0.245159 0.746209
vt 0.233087 0.754837
vt 0.696089 0.458582
vt 0.014271 0.104986
vt 0.265968 0.729524
vt 0.020430 0.102796
vt 0.038452 0.096971
vt 0.287876 0.709254
vt 0.479025 0.534483
vt 0.473350 0.521326
vt 0.481501 0.515944
vt 0.135590 0.455236
vt 0.135154 0.470747
vt 0.148520 0.468093
vt 0.817861 0.211599
vt 0.827559 0.207602
vt 0.816596 0.205635
vt 0.112604 0.462069
vt 0.166632 0.534978
vt 0.159838 0.521486
vt 0.363746 0.606583
vt 0.343354 0.625820
vt 0.372866 0.609945
vt 0.277009 0.658631
vt 0.317902 0.654104
vt 0.292632 0.640281
vt 0.061371 0.419684
vt 0.068182 0.725535
vt 0.074490 0.744705
vt 0.284882 0.644572
vt 0.451511 0.160503
vt 0.443172 0.167092
vt 0.446840 0.153452
vt 0.083425 0.914865
vt 0.461489 0.164278
vt 0.500372 0.157033
vt 0.504878 0.164454
vt 0.489165 0.158343
vt 0.011346 0.449564
vt 0.007125 0.459715
vt 0.017442 0.458813
vt 0.513620 0.157061
vt 0.014353 0.437460
vt 0.880291 0.160554
vt 0.841700 0.145944
vt 0.616814 0.222004
vt 0.653827 0.213534
vt 0.648005 0.223708
vt 0.609742 0.212229
vt 0.554684 0.227229
vt 0.550307 0.213157
vt 0.185277 0.300522
vt 0.495912 0.225654
vt 0.489640 0.212865
vt 0.469684 0.223165
vt 0.441338 0.224164
vt 0.459700 0.211603
vt 0.464538 0.208299
vt 0.432278 0.212959
vt 0.875894 0.975403
vt 0.414050 0.224780
vt 0.555767 0.117138
vt 0.371436 0.066148
vt 0.384309 0.068856
vt 0.506077 0.115275
vt 0.298280 0.313098
vt 0.392933 0.073511
vt 0.378962 0.081515
vt 0.476790 0.114869
vt 0.950039 0.031835
vt 0.411864 0.135642
vt 0.410151 0.122548
vt 0.422781 0.118517
vt 0.947111 0.066349
vt 0.956253 0.070979
vt 0.588020 0.422144
vt 0.594026 0.415276
vt 0.592293 0.412061
vt 0.375652 0.740897
vt 0.335108 0.757583
vt 0.275114 0.125414
vt 0.378410 0.738666
vt 0.656014 0.778314
vt 0.652164 0.783177
vt 0.641538 0.776907
vt 0.632664 0.783177
vt 0.718760 0.611503
vt 0.747538 0.619423
vt 0.390171 0.729034
vt 0.374469 0.708810
vt 0.855571 0.351617
vt 0.866540 0.338194
vt 0.870846 0.345940
vt 0.959828 0.669391
vt 0.964588 0.651050
vt 0.957131 0.653669
vt 0.372057 0.670989
vt 0.029963 0.092476
vt 0.248935 0.735592
vt 0.145924 0.474542
vt 0.347642 0.664665
vt 0.266798 0.706619
vt 0.327974 0.682772
vt 0.277548 0.660297
vt 0.271589 0.686058
vt 0.262796 0.679427
vt 0.373005 0.626969
vt 0.369079 0.630120
vt 0.178966 0.505633
vt 0.171088 0.512686
vt 0.173219 0.518120
vt 0.725687 0.214734
vt 0.079659 0.446865
vt 0.055609 0.429968
vt 0.160395 0.751083
vt 0.159634 0.747504
vt 0.171616 0.750586
vt 0.045617 0.399974
vt 0.049180 0.410991
vt 0.085410 0.905434
vt 0.072217 0.913886
vt 0.013466 0.069947
vt 0.452330 0.173780
vt 0.033951 0.071636
vt 0.482513 0.170883
vt 0.514807 0.173595
vt 0.030631 0.473016
vt 0.040197 0.499831
vt 0.041363 0.476184
vt 0.884249 0.149032
vt 0.665407 0.220401
vt 0.690336 0.208733
vt 0.640174 0.210294
vt 0.410890 0.215264
vt 0.378121 0.057472
vt 0.885279 0.966145
vt 0.386688 0.124415
vt 0.445272 0.114507
vt 0.608096 0.413831
vt 0.399658 0.113569
vt 0.942863 0.075476
vt 0.947410 0.079361
vt 0.545429 0.055716
vt 0.540536 0.071508
vt 0.531964 0.059956
vt 0.405391 0.731614
vt 0.400406 0.740932
vt 0.665433 0.779499
vt 0.510262 0.071730
vt 0.296828 0.113640
vt 0.302126 0.120157
vt 0.176135 0.637215
vt 0.192232 0.642742
vt 0.192674 0.655465
vt 0.085095 0.233542
vt 0.104350 0.220997
vt 0.114758 0.223832
vt 0.267270 0.106037
vt 0.949105 0.093459
vt 0.963222 0.123229
vt 0.965720 0.109516
vt 0.395578 0.712550
vt 0.379818 0.689751
vt 0.361978 0.662034
vt 0.140567 0.488675
vt 0.246028 0.718024
vt 0.836105 0.206926
vt 0.112149 0.474638
vt 0.285504 0.693344
vt 0.252153 0.708434
vt 0.302712 0.684041
vt 0.378059 0.643665
vt 0.328794 0.668443
vt 0.257005 0.699813
vt 0.836138 0.203589
vt 0.846952 0.206712
vt 0.844575 0.200104
vt 0.267731 0.689938
vt 0.155783 0.526718
vt 0.465885 0.173511
vt 0.677987 0.197322
vt 0.628315 0.196436
vt 0.599649 0.192084
vt 0.556298 0.203663
vt 0.505786 0.203411
vt 0.201633 0.308752
vt 0.429140 0.204568
vt 0.397222 0.059117
vt 0.363223 0.213186
vt 0.394185 0.205181
vt 0.392339 0.212006
vt 0.320166 0.315865
vt 0.429037 0.055114
vt 0.421367 0.073984
vt 0.335731 0.218484
vt 0.338115 0.212050
vt 0.305884 0.215987
vt 0.425411 0.111695
vt 0.364196 0.123092
vt 0.376521 0.115109
vt 0.931641 0.074783
vt 0.519769 0.047466
vt 0.505920 0.063522
vt 0.482780 0.069379
vt 0.400377 0.718721
vt 0.327520 0.116527
vt 0.730066 0.610834
vt 0.751038 0.613137
vt 0.294950 0.103693
vt 0.204908 0.654069
vt 0.207706 0.661323
vt 0.376611 0.662529
vt 0.124996 0.696749
vt 0.133117 0.703684
vt 0.117104 0.696152
vt 0.489192 0.853187
vt 0.498148 0.849363
vt 0.499464 0.852132
vt 0.526397 0.847742
vt 0.542740 0.850622
vt 0.555158 0.844371
vt 0.572138 0.847026
vt 0.857822 0.211599
vt 0.069751 0.048589
vt 0.064350 0.032857
vt 0.074919 0.029928
vt 0.094682 0.451465
vt 0.094715 0.466310
vt 0.493255 0.189006
vt 0.481231 0.191454
vt 0.523021 0.183340
vt 0.643430 0.195584
vt 0.173802 0.322621
vt 0.419443 0.469697
vt 0.412980 0.458888
vt 0.462151 0.463892
vt 0.408833 0.204680
vt 0.351840 0.056812
vt 0.364183 0.041937
vt 0.429813 0.044386
vt 0.315216 0.970409
vt 0.320702 0.980567
vt 0.315041 0.974100
vt 0.360906 0.202014
vt 0.921994 0.058879
vt 0.917851 0.065095
vt 0.931679 0.068691
vt 0.469152 0.058151
vt 0.443778 0.066911
vt 0.471666 0.043943
vt 0.287024 0.214117
vt 0.309079 0.202911
vt 0.883995 0.931468
vt 0.896699 0.943053
vt 0.262788 0.216993
vt 0.260378 0.207246
vt 0.283259 0.203410
vt 0.478328 0.056679
vt 0.932009 0.083418
vt 0.338729 0.123114
vt 0.339720 0.109662
vt 0.365855 0.107050
vt 0.335335 0.101470
vt 0.884591 0.765232
vt 0.918821 0.755997
vt 0.894735 0.748761
vt 0.401230 0.703476
vt 0.273529 0.097523
vt 0.220735 0.663645
vt 0.404543 0.686598
vt 0.217571 0.680246
vt 0.191275 0.685365
vt 0.390620 0.670664
vt 0.780444 0.727644
vt 0.779042 0.716416
vt 0.790475 0.725105
vt 0.088472 0.694263
vt 0.110771 0.681628
vt 0.571706 0.837052
vt 0.581059 0.839601
vt 0.577189 0.849776
vt 0.072734 0.457290
vt 0.148520 0.515697
vt 0.152419 0.507057
vt 0.995131 0.141595
vt 0.999471 0.165622
vt 0.999471 0.136364
vt 0.012754 0.062034
vt 0.019747 0.057971
vt 0.453123 0.182546
vt 0.442389 0.191020
vt 0.463804 0.188365
vt 0.036205 0.067003
vt 0.030577 0.058632
vt 0.505102 0.188778
vt 0.721482 0.195894
vt 0.730802 0.201057
vt 0.731694 0.208984
vt 0.812784 0.136279
vt 0.813834 0.126728
vt 0.802589 0.128778
vt 0.509566 0.455138
vt 0.501549 0.454510
vt 0.509381 0.438247
vt 0.156092 0.305927
vt 0.232160 0.302685
vt 0.337982 0.301856
vt 0.338223 0.200782
vt 0.916998 0.074264
vt 0.468017 0.072225
vt 0.379053 0.101014
vt 0.902485 0.772267
vt 0.882526 0.785344
vt 0.909010 0.738736
vt 0.932344 0.743847
vt 0.911868 0.105543
vt 0.909222 0.112559
vt 0.926847 0.111081
vt 0.876528 0.782752
vt 0.881785 0.796786
vt 0.946066 0.730538
vt 0.921817 0.727516
vt 0.134869 0.207726
vt 0.141118 0.219162
vt 0.392851 0.664799
vt 0.094160 0.667338
vt 0.327429 0.164890
vt 0.334870 0.141849
vt 0.338938 0.163767
vt 0.478425 0.852757
vt 0.476216 0.836238
vt 0.580085 0.834216
vt 0.496268 0.836446
vt 0.563014 0.832309
vt 0.059563 0.030845
vt 0.061405 0.027792
vt 0.067004 0.448706
vt 0.586298 0.432486
vt 0.568038 0.445145
vt 0.553852 0.436665
vt 0.765856 0.114884
vt 0.769360 0.120908
vt 0.780760 0.109528
vt 0.782804 0.116333
vt 0.774314 0.127781
vt 0.788639 0.121900
vt 0.629393 0.178459
vt 0.158082 0.325100
vt 0.240424 0.299813
vt 0.324873 0.300237
vt 0.242458 0.206795
vt 0.249946 0.198656
vt 0.361147 0.097104
vt 0.340201 0.094179
vt 0.308828 0.092618
vt 0.781223 0.621867
vt 0.940107 0.723615
vt 0.876865 0.805901
vt 0.881587 0.817606
vt 0.234523 0.671608
vt 0.229044 0.676878
vt 0.311311 0.823559
vt 0.322787 0.837468
vt 0.322239 0.825526
vt 0.240120 0.692402
vt 0.219602 0.698501
vt 0.581348 0.815183
vt 0.591621 0.830759
vt 0.095989 0.491117
vt 0.077912 0.482695
vt 0.549745 0.828463
vt 0.061688 0.011808
vt 0.064271 0.005991
vt 0.075581 0.014334
vt 0.072691 0.017426
vt 0.060925 0.460984
vt 0.456395 0.196355
vt 0.487019 0.194010
vt 0.808089 0.116282
vt 0.657817 0.182706
vt 0.701282 0.185406
vt 0.196454 0.347577
vt 0.222710 0.314771
vt 0.275887 0.188932
vt 0.484882 0.041243
vt 0.256713 0.187795
vt 0.957131 0.724882
vt 0.405391 0.669846
vt 0.602058 0.831875
vt 0.610278 0.819818
vt 0.606044 0.831051
vt 0.031063 0.043820
vt 0.028605 0.038867
vt 0.042775 0.046152
vt 0.051125 0.035847
vt 0.040601 0.027325
vt 0.525127 0.822597
vt 0.480285 0.200104
vt 0.796426 0.101248
vt 0.789947 0.109869
vt 0.808565 0.108214
vt 0.806848 0.096875
vt 0.603091 0.432617
vt 0.612526 0.443451
vt 0.598391 0.446237
vt 0.732030 0.182348
vt 0.730299 0.194227
vt 0.161869 0.343892
vt 0.891971 0.975667
vt 0.919502 0.976977
vt 0.909719 0.982759
vt 0.427600 0.271423
vt 0.445048 0.266353
vt 0.427079 0.273856
vt 0.915474 0.965122
vt 0.543517 0.019813
vt 0.533602 0.029205
vt 0.536654 0.018388
vt 0.914427 0.959818
vt 0.551813 0.020570
vt 0.545281 0.031072
vt 0.421247 0.151174
vt 0.432875 0.149948
vt 0.432875 0.157262
vt 0.225060 0.205553
vt 0.216399 0.191662
vt 0.232634 0.189282
vt 0.204911 0.206651
vt 0.778615 0.605833
vt 0.796517 0.609210
vt 0.174726 0.210398
vt 0.162508 0.195765
vt 0.182944 0.197027
vt 0.919366 0.786075
vt 0.909999 0.797013
vt 0.918637 0.126844
vt 0.944031 0.117306
vt 0.273223 0.146396
vt 0.278045 0.137227
vt 0.291401 0.148219
vt 0.294081 0.136202
vt 0.597900 0.809771
vt 0.561959 0.817428
vt 0.494956 0.814034
vt 0.442908 0.200104
vt 0.814449 0.095464
vt 0.823175 0.096385
vt 0.833673 0.113714
vt 0.836303 0.107690
vt 0.174683 0.344741
vt 0.220265 0.332938
vt 0.235242 0.312526
vt 0.483235 0.023531
vt 0.457582 0.032283
vt 0.528700 0.026772
vt 0.517636 0.023689
vt 0.663973 0.265857
vt 0.670863 0.262132
vt 0.674947 0.262872
vt 0.671663 0.252876
vt 0.666897 0.254919
vt 0.031187 0.932686
vt 0.023724 0.944648
vt 0.019556 0.927616
vt 0.628562 0.390912
vt 0.645550 0.384157
vt 0.639353 0.388044
vt 0.034375 0.947622
vt 0.345553 0.231788
vt 0.350264 0.235844
vt 0.351866 0.221810
vt 0.365222 0.217868
vt 0.937350 0.766748
vt 0.955751 0.743019
vt 0.967265 0.736612
vt 0.345639 0.844797
vt 0.333829 0.830213
vt 0.889220 0.823099
vt 0.906958 0.815085
vt 0.893471 0.838122
vt 0.884140 0.832489
vt 0.262685 0.145684
vt 0.268293 0.133495
vt 0.494903 0.505652
vt 0.507458 0.508952
vt 0.507683 0.515470
vt 0.015278 0.042990
vt 0.491439 0.814013
vt 0.524843 0.814177
vt 0.049417 0.009380
vt 0.050954 0.005747
vt 0.841197 0.080982
vt 0.839904 0.096847
vt 0.854061 0.086431
vt 0.858880 0.100727
vt 0.858663 0.113061
vt 0.254517 0.303584
vt 0.459991 0.019704
vt 0.448457 0.014414
vt 0.529254 0.010699
vt 0.504743 0.015515
vt 0.255961 0.287226
vt 0.264286 0.294959
vt 0.270853 0.285569
vt 0.276405 0.291935
vt 0.923362 0.971547
vt 0.239160 0.183158
vt 0.043796 0.938399
vt 0.781543 0.594097
vt 0.804956 0.604284
vt 0.199784 0.186275
vt 0.046867 0.955590
vt 0.758973 0.596098
vt 0.341332 0.246898
vt 0.344693 0.250045
vt 0.813619 0.368793
vt 0.786559 0.373109
vt 0.815539 0.382952
vt 0.352557 0.838270
vt 0.793970 0.382968
vt 0.786641 0.380167
vt 0.776427 0.370978
vt 0.492072 0.495772
vt 0.617787 0.805976
vt 0.009268 0.035599
vt 0.019054 0.027671
vt 0.034234 0.015790
vt 0.532211 0.528213
vt 0.536164 0.513007
vt 0.542263 0.527891
vt 0.575767 0.805278
vt 0.658034 0.576065
vt 0.644986 0.575827
vt 0.632833 0.572100
vt 0.687632 0.746604
vt 0.698093 0.721550
vt 0.712903 0.730002
vt 0.216556 0.351746
vt 0.235615 0.325415
vt 0.254441 0.317404
vt 0.456941 0.258426
vt 0.474561 0.252853
vt 0.460912 0.263545
vt 0.658424 0.268593
vt 0.644758 0.266301
vt 0.654194 0.255510
vt 0.644831 0.254068
vt 0.320568 0.575235
vt 0.323747 0.577598
vt 0.319315 0.583050
vt 0.125264 0.955590
vt 0.104460 0.954473
vt 0.106366 0.949488
vt 0.266329 0.301324
vt 0.290425 0.279669
vt 0.289209 0.288161
vt 0.218585 0.177446
vt 0.064718 0.943428
vt 0.056880 0.948585
vt 0.755036 0.578996
vt 0.750113 0.584716
vt 0.913628 0.145163
vt 0.933424 0.142517
vt 0.956505 0.132471
vt 0.898096 0.846199
vt 0.910485 0.833974
vt 0.619234 0.794661
vt 0.629493 0.799125
vt 0.004381 0.040826
vt 0.002643 0.048589
vt 0.709478 0.708583
vt 0.547748 0.805862
vt 0.149083 0.360760
vt 0.448216 0.273464
vt 0.459895 0.272232
vt 0.454981 0.280409
vt 0.266592 0.303765
vt 0.270786 0.302597
vt 0.282076 0.303469
vt 0.089499 0.944171
vt 0.306976 0.271497
vt 0.314090 0.281046
vt 0.086216 0.952809
vt 0.827350 0.610824
vt 0.838300 0.601920
vt 0.850972 0.614271
vt 0.174001 0.181234
vt 0.196193 0.171891
vt 0.777323 0.581115
vt 0.790550 0.589164
vt 0.329426 0.251199
vt 0.329109 0.264034
vt 0.335881 0.269096
vt 0.925160 0.811711
vt 0.365536 0.843446
vt 0.786799 0.361390
vt 0.914280 0.851531
vt 0.543530 0.500074
vt 0.552984 0.515562
vt 0.625981 0.576280
vt 0.041338 0.012416
vt 0.032015 0.008094
vt 0.504198 0.804897
vt 0.526625 0.805023
vt 0.274137 0.324128
vt 0.825752 0.585085
vt 0.830132 0.592663
vt 0.820031 0.593000
vt 0.294592 0.296764
vt 0.067113 0.934261
vt 0.738576 0.567783
vt 0.947800 0.778336
vt 0.935999 0.794089
vt 0.968107 0.759631
vt 0.361460 0.852708
vt 0.805671 0.350431
vt 0.944108 0.164923
vt 0.963995 0.137499
vt 0.752346 0.694346
vt 0.738638 0.673582
vt 0.752597 0.678501
vt 0.517624 0.496986
vt 0.574095 0.784240
vt 0.722079 0.698682
vt 0.746381 0.712467
vt 0.168658 0.373334
vt 0.613180 0.261689
vt 0.608539 0.248663
vt 0.624200 0.251913
vt 0.621168 0.265091
vt 0.278160 0.311299
vt 0.134400 0.924952
vt 0.140760 0.931161
vt 0.129493 0.926431
vt 0.852991 0.603759
vt 0.331056 0.272454
vt 0.753930 0.566357
vt 0.757313 0.566871
vt 0.763649 0.574750
vt 0.901464 0.175412
vt 0.914899 0.170606
vt 0.981501 0.752348
vt 0.607906 0.778832
vt 0.619430 0.777831
vt 0.495106 0.482372
vt 0.514195 0.479393
vt 0.959663 0.165489
vt 0.968335 0.153338
vt 0.934698 0.845961
vt 0.011077 0.020914
vt 0.013215 0.013306
vt 0.606237 0.576065
vt 0.619809 0.572328
vt 0.506887 0.796040
vt 0.144292 0.387653
vt 0.215618 0.375003
vt 0.094881 0.915883
vt 0.085813 0.932999
vt 0.083331 0.930118
vt 0.080818 0.933963
vt 0.283402 0.314116
vt 0.845572 0.593907
vt 0.595223 0.242074
vt 0.589841 0.248257
vt 0.564538 0.237504
vt 0.602007 0.986825
vt 0.577227 0.984749
vt 0.606919 0.982744
vt 0.620878 0.986360
vt 0.940637 0.804910
vt 0.277920 0.163211
vt 0.286001 0.165379
vt 0.289112 0.160397
vt 0.937104 0.241902
vt 0.945560 0.241902
vt 0.940612 0.231452
vt 0.794903 0.344665
vt 0.784248 0.342172
vt 0.605317 0.768047
vt 0.614535 0.767452
vt 0.928808 0.829064
vt 0.519520 0.786014
vt 0.199967 0.403185
vt 0.245100 0.373733
vt 0.269384 0.351707
vt 0.284210 0.332209
vt 0.144025 0.947589
vt 0.151954 0.957680
vt 0.133346 0.955470
vt 0.961080 0.782744
vt 0.275370 0.171233
vt 0.280764 0.182274
vt 0.289112 0.180182
vt 0.282093 0.187565
vt 0.968846 0.172922
vt 0.569787 0.499029
vt 0.480573 0.777830
vt 0.481222 0.767750
vt 0.486114 0.788847
vt 0.496611 0.788118
vt 0.136671 0.905548
vt 0.154105 0.921766
vt 0.144042 0.936148
vt 0.956960 0.796672
vt 0.974966 0.779030
vt 0.930429 0.189443
vt 0.929454 0.160979
vt 0.945400 0.822415
vt 0.791208 0.334174
vt 0.521562 0.472283
vt 0.530978 0.481995
vt 0.550793 0.774219
vt 0.560106 0.766685
vt 0.543563 0.781607
vt 0.563409 0.485740
vt 0.579004 0.490023
vt 0.527910 0.776732
vt 0.500737 0.771608
vt 0.292705 0.331398
vt 0.164438 0.953095
vt 0.815539 0.325793
vt 0.952529 0.832376
vt 0.543149 0.472581
vt 0.965219 0.191822
vt 0.934527 0.853187
vt 0.952565 0.852462
vt 0.546632 0.766091
vt 0.967595 0.189934
vt 0.976216 0.183514
vt 0.971581 0.191402
vt 0.518211 0.770738
vt 0.151408 0.408904
vt 0.151775 0.886180
vt 0.173312 0.897315
vt 0.956727 0.814738
vt 0.804192 0.319733
vt 0.789115 0.312336
vt 0.556240 0.472059
vt 0.570913 0.479168
vt 0.529257 0.765527
vt 0.172587 0.408658
vt 0.287940 0.353651
vt 0.294379 0.352547
vt 0.975053 0.804883
vt 0.810940 0.300538
vt 0.960460 0.850503
vt 0.974645 0.202228
vt 0.510926 0.757787
vt 0.188432 0.916363
vt 0.290708 0.379416
vt 0.800102 0.291014
vt 0.968312 0.823935
vt 0.564150 0.462382
vt 0.978167 0.841445
vt 0.574757 0.467175
vt 0.579704 0.474838
vt 0.487719 0.765283
vt 0.501623 0.759281
vt 0.482807 0.756350
vt 0.165819 0.862607
vt 0.156238 0.873777
vt 0.237872 0.397939
vt 0.304255 0.348445
vt 0.981501 0.818118
vt 0.980227 0.830391
vt 0.583907 0.472944
vt 0.488908 0.747553
vt 0.186434 0.874693
vt 0.209606 0.405033
vt 0.940421 0.218047
vt 0.952861 0.220035
vt 0.957166 0.211221
vt 0.512381 0.751767
vt 0.965382 0.217147
vt 0.976216 0.212844
vt 0.500188 0.750617
vt 0.160662 0.414826
vt 0.196809 0.933473
vt 0.184670 0.957680
vt 0.198925 0.891707
vt 0.304867 0.373780
vt 0.310985 0.373793
vt 0.205285 0.905307
vt 0.210420 0.950518
vt 0.172113 0.850052
vt 0.192268 0.852305
vt 0.283427 0.396975
vt 0.306698 0.387946
vt 0.322971 0.371846
vt 0.995243 0.728840
vt 0.995243 0.760188
vt 0.992072 0.750672
vt 0.208682 0.852834
vt 0.236882 0.916310
vt 0.307779 0.404972
vt 0.325931 0.390435
vt 0.330843 0.382254
vt 0.234850 0.885180
vt 0.343682 0.404546
vt 0.328069 0.420486
vt 0.236659 0.859264
vt 0.339735 0.407773
vt 0.242394 0.931932
vt 0.227655 0.855834
vt 0.254715 0.893411
vt 0.362130 0.420900
vt 0.261623 0.907994
vt 0.251520 0.865416
vt 0.257941 0.880511
vt 0.361081 0.435214
vt 0.261628 0.916274
vt 0.365222 0.431973
vt 0.840909 0.802027
vt 0.683716 0.117318
vt 0.797455 0.822477
vt 0.699519 0.119291
vt 0.796666 0.796919
vt 0.669676 0.130094
vt 0.687889 0.127843
vt 0.896915 0.265935
vt 0.721570 0.115761
vt 0.725973 0.107105
vt 0.797569 0.038965
vt 0.771547 0.805317
vt 0.708206 0.127556
vt 0.776612 0.786897
vt 0.779349 0.769465
vt 0.051120 0.765397
vt 0.048277 0.756008
vt 0.067274 0.763584
vt 0.027560 0.773690
vt 0.030405 0.762441
vt 0.015586 0.775058
vt 0.012156 0.789738
vt 0.815259 0.907539
vt 0.837432 0.914088
vt 0.054273 0.776048
vt 0.350490 0.455068
vt 0.023102 0.801633
vt 0.046696 0.801985
vt 0.429405 0.602392
vt 0.407066 0.599632
vt 0.429212 0.594714
vt 0.743612 0.128687
vt 0.064034 0.788661
vt 0.064239 0.801633
vt 0.781169 0.908605
vt 0.460424 0.591846
vt 0.447791 0.602403
vt 0.095666 0.773778
vt 0.763070 0.907046
vt 0.414641 0.564295
vt 0.399835 0.557574
vt 0.754960 0.909807
vt 0.757746 0.915387
vt 0.383904 0.549153
vt 0.746801 0.984848
vt 0.740486 0.989028
vt 0.751315 0.989028
vt 0.608934 0.862996
vt 0.608688 0.850931
vt 0.757400 0.986167
vt 0.609153 0.840648
vt 0.394273 0.538180
vt 0.979139 0.408683
vt 0.597452 0.859577
vt 0.599357 0.851527
vt 0.410893 0.527340
vt 0.375195 0.534190
vt 0.894820 0.309374
vt 0.893065 0.324451
vt 0.632781 0.920769
vt 0.743352 0.920450
vt 0.591647 0.864446
vt 0.599431 0.047244
vt 0.742600 0.913638
vt 0.580867 0.169801
vt 0.632106 0.010972
vt 0.617893 0.014895
vt 0.667014 0.020360
vt 0.690613 0.022518
vt 0.049154 0.672112
vt 0.051363 0.680820
vt 0.890879 0.287819
vt 0.742789 0.926332
vt 0.642178 0.834378
vt 0.643755 0.831243
vt 0.654863 0.834378
vt 0.391115 0.519481
vt 0.642128 0.013765
vt 0.663950 0.311689
vt 0.652203 0.322865
vt 0.637262 0.318739
vt 0.954759 0.392461
vt 0.510788 0.596588
vt 0.685426 0.807399
vt 0.592975 0.317626
vt 0.612408 0.323878
vt 0.583905 0.324165
vt 0.618006 0.313083
vt 0.141136 0.782833
vt 0.108141 0.894663
vt 0.112095 0.906479
vt 0.121036 0.898475
vt 0.474590 0.596691
vt 0.673275 0.829317
vt 0.591211 0.310202
vt 0.572164 0.324396
vt 0.555702 0.324451
vt 0.550958 0.312572
vt 0.535577 0.320057
vt 0.644197 0.304021
vt 0.664635 0.301280
vt 0.526747 0.302893
vt 0.516653 0.313373
vt 0.681380 0.295468
vt 0.503700 0.296077
vt 0.565581 0.030036
vt 0.594792 0.947664
vt 0.612486 0.953186
vt 0.631336 0.953501
vt 0.065198 0.897461
vt 0.067324 0.901013
vt 0.076697 0.900070
vt 0.646298 0.962822
vt 0.652748 0.956635
vt 0.652440 0.975846
vt 0.643034 0.971051
vt 0.648274 0.993633
vt 0.652748 0.996343
vt 0.639727 0.994845
vt 0.631607 0.987551
vt 0.969155 0.991495
vt 0.967577 0.995815
vt 0.978226 0.996343
vt 0.120720 0.880120
vt 0.974575 0.974174
vt 0.845963 0.293357
vt 0.498932 0.611954
vt 0.556774 0.884280
vt 0.680303 0.813222
vt 0.678240 0.806715
vt 0.411029 0.508205
vt 0.581819 0.310310
vt 0.571103 0.310167
vt 0.540181 0.301962
vt 0.628095 0.295476
vt 0.615776 0.302908
vt 0.596037 0.938612
vt 0.590989 0.934888
vt 0.580867 0.944428
vt 0.054149 0.895762
vt 0.066720 0.887534
vt 0.097953 0.878351
vt 0.085028 0.898317
vt 0.101031 0.886671
vt 0.971803 0.958620
vt 0.954425 0.952251
vt 0.474999 0.614564
vt 0.994186 0.951731
vt 0.994186 0.995304
vt 0.925767 0.389274
vt 0.905637 0.386795
vt 0.786998 0.676121
vt 0.552092 0.891008
vt 0.469927 0.537782
vt 0.546285 0.891571
vt 0.603449 0.294311
vt 0.673271 0.289846
vt 0.045011 0.899123
vt 0.050512 0.893309
vt 0.512192 0.288859
vt 0.725152 0.931190
vt 0.735201 0.932595
vt 0.114861 0.855142
vt 0.967992 0.942777
vt 0.488612 0.962096
vt 0.974190 0.940753
vt 0.472678 0.639736
vt 0.981090 0.940560
vt 0.880601 0.406964
vt 0.578965 0.295782
vt 0.552172 0.297113
vt 0.645234 0.928211
vt 0.666428 0.924094
vt 0.698615 0.926430
vt 0.542556 0.290374
vt 0.528864 0.289602
vt 0.038822 0.890879
vt 0.710670 0.926816
vt 0.980448 0.931664
vt 0.686094 0.961515
vt 0.727407 0.976070
vt 0.725581 0.991073
vt 0.886805 0.392447
vt 0.882897 0.263330
vt 0.543316 0.899134
vt 0.534779 0.193109
vt 0.523589 0.185475
vt 0.515328 0.193835
vt 0.534318 0.187778
vt 0.549154 0.193835
vt 0.690411 0.920063
vt 0.769083 0.279104
vt 0.922671 0.376698
vt 0.987704 0.930512
vt 0.664088 0.956635
vt 0.664754 0.963851
vt 0.701363 0.988347
vt 0.858638 0.266147
vt 0.680915 0.967576
vt 0.545310 0.878607
vt 0.529042 0.894021
vt 0.399680 0.173598
vt 0.400106 0.192790
vt 0.391608 0.162057
vt 0.383192 0.180157
vt 0.400106 0.159368
vt 0.398110 0.146978
vt 0.984195 0.919028
vt 0.967529 0.931557
vt 0.972589 0.914509
vt 0.388873 0.148725
vt 0.986410 0.905188
vt 0.671791 0.767906
vt 0.045042 0.874370
vt 0.100790 0.851331
vt 0.525423 0.948213
vt 0.513285 0.976410
vt 0.815086 0.273142
vt 0.499782 0.981714
vt 0.843821 0.270994
vt 0.880094 0.388652
vt 0.525747 0.865552
vt 0.943759 0.929243
vt 0.393433 0.138453
vt 0.992835 0.892056
vt 0.993129 0.895698
vt 0.989101 0.887107
vt 0.966821 0.896051
vt 0.057885 0.858290
vt 0.526955 0.941670
vt 0.871565 0.379027
vt 0.512668 0.980070
vt 0.655920 0.966615
vt 0.680745 0.986848
vt 0.516054 0.635146
vt 0.517540 0.904680
vt 0.974568 0.882487
vt 0.031501 0.862900
vt 0.482039 0.644589
vt 0.819549 0.257595
vt 0.696549 0.995792
vt 0.727801 0.999478
vt 0.666040 0.985705
vt 0.926661 0.928019
vt 0.959115 0.881860
vt 0.537779 0.919601
vt 0.520181 0.978320
vt 0.657101 0.974333
vt 0.854306 0.252486
vt 0.978317 0.376224
vt 0.968300 0.372208
vt 0.984672 0.399687
vt 0.528737 0.645985
vt 0.554440 0.538810
vt 0.104399 0.044750
vt 0.111453 0.041292
vt 0.974709 0.868851
vt 0.423362 0.476258
vt 0.989958 0.249216
vt 0.775235 0.248388
vt 0.658726 0.984135
vt 0.271488 0.035005
vt 0.265856 0.025540
vt 0.279114 0.023866
vt 0.117382 0.046499
vt 0.395220 0.419540
vt 0.374736 0.413490
vt 0.915283 0.931557
vt 0.958840 0.866771
vt 0.943680 0.869456
vt 0.644079 0.702332
vt 0.804021 0.024504
vt 0.799607 0.030825
vt 0.788055 0.023901
vt 0.088283 0.843339
vt 0.532731 0.957700
vt 0.677590 0.995806
vt 0.947155 0.620106
vt 0.906448 0.916193
vt 0.937243 0.877260
vt 0.165036 0.241632
vt 0.182117 0.231643
vt 0.196477 0.234921
vt 0.819135 0.021923
vt 0.825010 0.025679
vt 0.201291 0.228318
vt 0.065402 0.844889
vt 0.098699 0.837835
vt 0.465567 0.662188
vt 0.660528 0.997157
vt 0.942221 0.346747
vt 0.943428 0.359071
vt 0.950309 0.347093
vt 0.665756 0.999478
vt 0.285927 0.015214
vt 0.966899 0.353868
vt 0.957140 0.357131
vt 0.547436 0.660790
vt 0.566258 0.653087
vt 0.566586 0.661784
vt 0.581851 0.643917
vt 0.416342 0.406903
vt 0.926125 0.879152
vt 0.160459 0.259666
vt 0.156044 0.257563
vt 0.160885 0.248638
vt 0.140063 0.253505
vt 0.009660 0.212336
vt 0.005814 0.227532
vt 0.009288 0.230956
vt 0.017077 0.214088
vt 0.938920 0.867967
vt 0.178349 0.247933
vt 0.201312 0.244878
vt 0.805049 0.016987
vt 0.219510 0.241104
vt 0.837360 0.020406
vt 0.839211 0.027923
vt 0.823725 0.015360
vt 0.861939 0.026588
vt 0.034691 0.838633
vt 0.533254 0.948089
vt 0.908835 0.354831
vt 0.914226 0.360987
vt 0.915405 0.345724
vt 0.920790 0.351654
vt 0.808892 0.243791
vt 0.828081 0.236580
vt 0.960461 0.343990
vt 0.330913 0.471787
vt 0.837738 0.668732
vt 0.551625 0.671229
vt 0.958440 0.585391
vt 0.401163 0.886277
vt 0.410674 0.885342
vt 0.408761 0.876184
vt 0.912979 0.888118
vt 0.021781 0.231786
vt 0.019113 0.244242
vt 0.011762 0.247983
vt 0.868472 0.016458
vt 0.847106 0.015242
vt 0.028013 0.832728
vt 0.075529 0.830021
vt 0.090700 0.820553
vt 0.922839 0.339371
vt 0.926893 0.351932
vt 0.798626 0.056201
vt 0.806373 0.059876
vt 0.138426 0.261865
vt 0.146406 0.261341
vt 0.140351 0.270561
vt 0.136687 0.276384
vt 0.301299 0.008024
vt 0.845231 0.244397
vt 0.330913 0.456113
vt 0.977757 0.557514
vt 0.426477 0.884463
vt 0.981919 0.541989
vt 0.257466 0.244479
vt 0.258175 0.251327
vt 0.098643 0.823006
vt 0.936607 0.321367
vt 0.763331 0.232666
vt 0.130793 0.258621
vt 0.116762 0.276385
vt 0.785347 0.226888
vt 0.961246 0.638602
vt 0.567014 0.677763
vt 0.571757 0.676352
vt 0.982194 0.558183
vt 0.648587 0.484375
vt 0.997357 0.513584
vt 0.408487 0.866129
vt 0.590619 0.654528
vt 0.994186 0.781087
vt 0.021215 0.211547
vt 0.858646 0.008808
vt 0.270223 0.251624
vt 0.286506 0.236659
vt 0.056045 0.826765
vt 0.085418 0.818770
vt 0.909016 0.329866
vt 0.112619 0.269564
vt 0.308578 0.017777
vt 0.815682 0.224627
vt 0.954277 0.707507
vt 0.959302 0.711932
vt 0.941911 0.717910
vt 0.927908 0.709922
vt 0.557913 0.684007
vt 0.151299 0.031574
vt 0.148452 0.021101
vt 0.203955 0.772220
vt 0.207263 0.763748
vt 0.217230 0.770895
vt 0.993384 0.537544
vt 0.600382 0.737291
vt 0.872164 0.001567
vt 0.284310 0.249905
vt 0.915882 0.006907
vt 0.303044 0.244196
vt 0.961550 0.329822
vt 0.772425 0.227691
vt 0.944917 0.689348
vt 0.929233 0.718843
vt 0.966702 0.490596
vt 0.966702 0.502090
vt 0.960359 0.501541
vt 0.980264 0.604299
vt 0.581075 0.688687
vt 0.444293 0.894040
vt 0.435483 0.891686
vt 0.452636 0.916679
vt 0.461205 0.911709
vt 0.467759 0.930512
vt 0.449865 0.419540
vt 0.188828 0.758098
vt 0.992523 0.556002
vt 0.573622 0.737579
vt 0.057452 0.200104
vt 0.208901 0.780042
vt 0.610668 0.681411
vt 0.617059 0.745078
vt 0.073789 0.822893
vt 0.347295 0.982759
vt 0.344130 0.975050
vt 0.833589 0.051774
vt 0.832404 0.060084
vt 0.836681 0.056405
vt 0.109408 0.274082
vt 0.932926 0.722571
vt 0.565939 0.683921
vt 0.570700 0.685503
vt 0.992902 0.597732
vt 0.587594 0.683229
vt 0.189746 0.994253
vt 0.207047 0.986939
vt 0.197279 0.981929
vt 0.454316 0.894014
vt 0.217934 0.975444
vt 0.192663 0.772965
vt 0.642705 0.767503
vt 0.629579 0.757315
vt 0.137374 0.579415
vt 0.682017 0.220496
vt 0.771999 0.348291
vt 0.779598 0.357889
vt 0.756328 0.346189
vt 0.101788 0.805924
vt 0.341917 0.009505
vt 0.166762 0.037638
vt 0.170468 0.029879
vt 0.936800 0.675165
vt 0.946649 0.681686
vt 0.921971 0.686256
vt 0.973711 0.328305
vt 0.974680 0.318193
vt 0.918622 0.718286
vt 0.982948 0.317375
vt 0.996867 0.610490
vt 0.220872 0.985510
vt 0.176501 0.768202
vt 0.170480 0.760388
vt 0.177932 0.779956
vt 0.170406 0.780042
vt 0.700694 0.511601
vt 0.949231 0.526959
vt 0.114037 0.097642
vt 0.163974 0.019636
vt 0.227578 0.989511
vt 0.234609 0.981125
vt 0.568878 0.342510
vt 0.572194 0.334335
vt 0.564870 0.332811
vt 0.529376 0.729075
vt 0.593740 0.689098
vt 0.605342 0.689916
vt 0.695903 0.519950
vt 0.162262 0.768674
vt 0.458985 0.416900
vt 0.455074 0.403613
vt 0.459375 0.401762
vt 0.867618 0.679844
vt 0.629431 0.694357
vt 0.739673 0.513794
vt 0.745772 0.512391
vt 0.637949 0.970219
vt 0.619712 0.962200
vt 0.934164 0.304120
vt 0.335899 0.017604
vt 0.952266 0.305357
vt 0.925201 0.660411
vt 0.933636 0.667392
vt 0.236551 0.994253
vt 0.251057 0.992598
vt 0.250132 0.984919
vt 0.610465 0.109195
vt 0.981702 0.304611
vt 0.458209 0.883167
vt 0.469819 0.416376
vt 0.467250 0.403875
vt 0.884189 0.678409
vt 0.471838 0.396090
vt 0.907505 0.307572
vt 0.195165 0.035603
vt 0.187058 0.025410
vt 0.968571 0.294519
vt 0.917933 0.653139
vt 0.909371 0.675573
vt 0.901951 0.685321
vt 0.900207 0.668225
vt 0.711380 0.526218
vt 0.456877 0.872526
vt 0.736081 0.523721
vt 0.479535 0.412608
vt 0.736796 0.517700
vt 0.485112 0.388355
vt 0.485891 0.397412
vt 0.357255 0.944233
vt 0.926356 0.288050
vt 0.355255 0.005467
vt 0.194505 0.042489
vt 0.906261 0.722423
vt 0.188689 0.100361
vt 0.455408 0.837859
vt 0.485753 0.420585
vt 0.493901 0.403416
vt 0.439361 0.816194
vt 0.435087 0.820360
vt 0.504354 0.388192
vt 0.503283 0.405217
vt 0.510128 0.390256
vt 0.358108 0.016498
vt 0.685518 0.532393
vt 0.695297 0.527946
vt 0.717126 0.532393
vt 0.738201 0.530710
vt 0.517553 0.403852
vt 0.429341 0.642179
vt 0.327356 0.552483
vt 0.329366 0.573145
vt 0.947343 0.282606
vt 0.978853 0.290060
vt 0.984672 0.291982
vt 0.128436 0.896080
vt 0.134778 0.907524
vt 0.870620 0.709044
vt 0.459602 0.842843
vt 0.849324 0.713243
vt 0.501506 0.414608
vt 0.441302 0.810445
vt 0.418076 0.646325
vt 0.370021 0.013644
vt 0.919074 0.277449
vt 0.971798 0.290142
vt 0.521307 0.420585
vt 0.836765 0.708718
vt 0.446010 0.799896
vt 0.118076 0.768058
vt 0.374163 0.006863
vt 0.214298 0.042454
vt 0.330240 0.536861
vt 0.939273 0.264942
vt 0.212001 0.030609
vt 0.951066 0.278228
vt 0.018205 0.863464
vt 0.419316 0.673672
vt 0.028013 0.866354
vt 0.331395 0.520880
vt 0.467759 0.816594
vt 0.528686 0.414232
vt 0.544926 0.418329
vt 0.544122 0.409047
vt 0.531718 0.405043
vt 0.023085 0.862536
vt 0.223532 0.036896
vt 0.121036 0.757818
vt 0.375434 0.024334
vt 0.331028 0.497250
vt 0.118046 0.754963
vt 0.896266 0.066627
vt 0.875586 0.068466
vt 0.876350 0.060746
vt 0.896934 0.060107
vt 0.389403 0.013820
vt 0.284984 0.541165
vt 0.952404 0.259851
vt 0.957100 0.259362
vt 0.325454 0.475866
vt 0.431917 0.695887
vt 0.017930 0.837474
vt 0.852401 0.069427
vt 0.378360 0.035005
vt 0.384293 0.024318
vt 0.231525 0.046180
vt 0.023743 0.837316
vt 0.724302 0.878305
vt 0.885956 0.422641
vt 0.874050 0.422675
vt 0.872674 0.417163
vt 0.838205 0.063296
vt 0.233132 0.033637
vt 0.275732 0.519630
vt 0.964047 0.250261
vt 0.312239 0.481647
vt 0.313457 0.460073
vt 0.851913 0.417275
vt 0.819601 0.077016
vt 0.807596 0.086705
vt 0.774541 0.101110
vt 0.808048 0.072309
vt 0.396934 0.011379
vt 0.270755 0.540651
vt 0.287137 0.500543
vt 0.308593 0.465038
vt 0.855841 0.411170
vt 0.614545 0.357055
vt 0.239855 0.046499
vt 0.242600 0.036892
vt 0.246563 0.532719
vt 0.255898 0.537627
vt 0.290995 0.472034
vt 0.438851 0.705458
vt 0.734861 0.071614
vt 0.839133 0.406489
vt 0.832156 0.415460
vt 0.267476 0.508547
vt 0.275414 0.477908
vt 0.294895 0.453382
vt 0.282244 0.465107
vt 0.015217 0.826212
vt 0.022752 0.823102
vt 0.750406 0.062800
vt 0.827869 0.402295
vt 0.792193 0.412227
vt 0.015472 0.817533
vt 0.720523 0.063947
vt 0.229055 0.537201
vt 0.296890 0.440385
vt 0.287244 0.442752
vt 0.276349 0.451194
vt 0.441020 0.714527
vt 0.785083 0.402435
vt 0.771456 0.416072
vt 0.813152 0.396558
vt 0.840698 0.386818
vt 0.236968 0.513725
vt 0.260405 0.465090
vt 0.018458 0.804990
vt 0.800669 0.395236
vt 0.851417 0.380971
vt 0.229566 0.529185
vt 0.244696 0.475451
vt 0.268005 0.431915
vt 0.250545 0.460224
vt 0.022956 0.803030
vt 0.683439 0.058117
vt 0.640490 0.060523
vt 0.759333 0.399107
vt 0.780745 0.398189
vt 0.829036 0.382031
vt 0.285210 0.419050
vt 0.628053 0.067181
vt 0.792958 0.390273
vt 0.892403 0.734037
vt 0.896934 0.742870
vt 0.596675 0.600820
vt 0.620569 0.600057
vt 0.202570 0.527542
vt 0.272247 0.424451
vt 0.246168 0.452045
vt 0.444360 0.727795
vt 0.743807 0.416577
vt 0.711771 0.422641
vt 0.731267 0.413561
vt 0.771185 0.389404
vt 0.861006 0.721900
vt 0.868369 0.733120
vt 0.641976 0.600621
vt 0.852963 0.370010
vt 0.209909 0.542498
vt 0.203913 0.542564
vt 0.373679 0.234778
vt 0.376850 0.229363
vt 0.376850 0.248171
vt 0.152197 0.080744
vt 0.266903 0.960308
vt 0.458245 0.727263
vt 0.695032 0.461338
vt 0.691860 0.456534
vt 0.695032 0.452978
vt 0.610720 0.055432
vt 0.846123 0.365978
vt 0.836384 0.723181
vt 0.851739 0.733634
vt 0.862860 0.360335
vt 0.112681 0.405637
vt 0.187486 0.552468
vt 0.243184 0.440878
vt 0.238380 0.441250
vt 0.133914 0.080832
vt 0.275685 0.975105
vt 0.708005 0.402684
vt 0.693095 0.408682
vt 0.688546 0.418208
vt 0.742875 0.395594
vt 0.357324 0.754328
vt 0.339699 0.760915
vt 0.674088 0.602371
vt 0.829532 0.726442
vt 0.126449 0.078840
vt 0.141220 0.077092
vt 0.176529 0.078223
vt 0.287790 0.971048
vt 0.848309 0.357889
vt 0.847624 0.351861
vt 0.570360 0.051365
vt 0.762858 0.494778
vt 0.669233 0.590487
vt 0.323790 0.758098
vt 0.866072 0.354764
vt 0.822956 0.713205
vt 0.477876 0.508742
vt 0.481501 0.497910
vt 0.186823 0.514617
vt 0.106237 0.908657
vt 0.072985 0.080191
vt 0.086109 0.079764
vt 0.158551 0.067921
vt 0.259243 0.069937
vt 0.850847 0.981970
vt 0.843152 0.342121
vt 0.848309 0.340011
vt 0.714423 0.393922
vt 0.820658 0.338489
vt 0.348928 0.775841
vt 0.329543 0.783373
vt 0.859734 0.352452
vt 0.816049 0.714603
vt 0.269874 0.403866
vt 0.089746 0.751829
vt 0.007564 0.078510
vt 0.002643 0.486795
vt 0.007416 0.501152
vt 0.010156 0.481095
vt 0.021045 0.504180
vt 0.021653 0.481729
vt 0.060407 0.071115
vt 0.144443 0.065523
vt 0.195798 0.061424
vt 0.286367 0.064053
vt 0.391908 0.251352
vt 0.369872 0.259221
vt 0.384438 0.246674
vt 0.282977 0.985556
vt 0.836386 0.326263
vt 0.844135 0.327574
vt 0.363681 0.774750
vt 0.823161 0.326124
vt 0.697389 0.594722
vt 0.572856 0.407001
vt 0.822103 0.694500
vt 0.809785 0.714904
vt 0.471987 0.510492
vt 0.074442 0.071341
vt 0.032318 0.501365
vt 0.020845 0.448862
vt 0.027718 0.448801
vt 0.090455 0.066309
vt 0.127189 0.061453
vt 0.349826 0.276552
vt 0.356970 0.266213
vt 0.348853 0.295452
vt 0.224515 0.059339
vt 0.245818 0.060074
vt 0.265426 0.059742
vt 0.384838 0.265616
vt 0.319841 0.062972
vt 0.299910 0.977537
vt 0.674416 0.398512
vt 0.667265 0.404355
vt 0.655503 0.413287
vt 0.646609 0.402249
vt 0.676294 0.392180
vt 0.414065 0.746624
vt 0.392294 0.764562
vt 0.837829 0.315861
vt 0.959016 0.690259
vt 0.964588 0.702717
vt 0.962382 0.691571
vt 0.349185 0.786719
vt 0.336204 0.793961
vt 0.369479 0.774749
vt 0.322690 0.793783
vt 0.959789 0.680486
vt 0.322350 0.804920
vt 0.161826 0.638354
vt 0.176424 0.652734
vt 0.169204 0.670563
vt 0.150038 0.662438
vt 0.178217 0.670328
vt 0.187045 0.670011
vt 0.816543 0.698338
vt 0.882018 0.332296
vt 0.179775 0.692113
vt 0.793103 0.715158
vt 0.109905 0.731665
vt 0.129508 0.742836
vt 0.151599 0.751829
vt 0.005609 0.069278
vt 0.072778 0.906636
vt 0.044181 0.069513
vt 0.034609 0.447536
vt 0.037882 0.438131
vt 0.164164 0.058865
vt 0.174512 0.061428
vt 0.369599 0.290890
vt 0.293775 0.051270
vt 0.400973 0.273290
vt 0.937800 0.028098
vt 0.330874 0.957620
vt 0.550190 0.044425
vt 0.828083 0.678961
vt 0.821777 0.683993
vt 0.734746 0.600217
vt 0.361503 0.787382
vt 0.139992 0.629915
vt 0.141533 0.646332
vt 0.821427 0.315030
vt 0.952679 0.663835
vt 0.974101 0.129703
vt 0.951190 0.654324
vt 0.808439 0.702782
vt 0.800946 0.710336
vt 0.132502 0.663592
vt 0.135182 0.682325
vt 0.148495 0.694168
vt 0.168190 0.702132
vt 0.202592 0.725636
vt 0.200822 0.736622
vt 0.189532 0.738921
vt 0.192479 0.746230
vt 0.164709 0.499618
vt 0.161127 0.508254
vt 0.081522 0.710954
vt 0.105457 0.714075
vt 0.144929 0.720857
vt 0.177283 0.727288
vt 0.068237 0.058140
vt 0.052326 0.501285
vt 0.045075 0.454879
vt 0.138982 0.059353
vt 0.043744 0.558917
vt 0.046900 0.548482
vt 0.039533 0.525953
vt 0.044743 0.517408
vt 0.233933 0.055041
vt 0.389332 0.293149
vt 0.318531 0.049291
vt 0.413727 0.264876
vt 0.306612 0.985893
vt 0.932200 0.049838
vt 0.944846 0.053259
vt 0.329476 0.978455
vt 0.337738 0.968286
vt 0.825578 0.660143
vt 0.832637 0.666680
vt 0.824269 0.671831
vt 0.637250 0.409527
vt 0.654143 0.393404
vt 0.424467 0.746109
vt 0.432241 0.727795
vt 0.417068 0.745005
vt 0.158399 0.629572
vt 0.346282 0.800534
vt 0.332602 0.809479
vt 0.817573 0.684915
vt 0.822331 0.294148
vt 0.945794 0.099374
vt 0.945470 0.667355
vt 0.315275 0.820210
vt 0.818642 0.298175
vt 0.969558 0.137409
vt 0.946256 0.643156
vt 0.870898 0.322362
vt 0.119079 0.693328
vt 0.331556 0.175991
vt 0.317730 0.182911
vt 0.379821 0.186520
vt 0.350432 0.186520
vt 0.356029 0.177075
vt 0.587899 0.849852
vt 0.142088 0.709309
vt 0.184965 0.717331
vt 0.212755 0.721685
vt 0.561762 0.852757
vt 0.162439 0.492642
vt 0.181543 0.483459
vt 0.157347 0.497615
vt 0.081120 0.057599
vt 0.052326 0.474461
vt 0.106161 0.055216
vt 0.782135 0.138940
vt 0.794705 0.139093
vt 0.449474 0.435729
vt 0.439897 0.423720
vt 0.478364 0.430695
vt 0.574461 0.198938
vt 0.033637 0.508359
vt 0.048097 0.591783
vt 0.039117 0.586244
vt 0.042550 0.621395
vt 0.341553 0.043015
vt 0.397751 0.050798
vt 0.389579 0.039842
vt 0.901339 0.095611
vt 0.890090 0.095624
vt 0.899337 0.112097
vt 0.436047 0.746129
vt 0.820244 0.668311
vt 0.129986 0.634677
vt 0.873679 0.794390
vt 0.938161 0.664401
vt 0.117377 0.655929
vt 0.424359 0.084813
vt 0.407850 0.089147
vt 0.407505 0.081912
vt 0.427238 0.077626
vt 0.139001 0.500000
vt 0.376971 0.179808
vt 0.362240 0.170451
vt 0.006921 0.057554
vt 0.047081 0.057963
vt 0.857494 0.124996
vt 0.833283 0.133367
vt 0.858880 0.139498
vt 0.215116 0.255486
vt 0.215116 0.270115
vt 0.213002 0.262192
vt 0.524326 0.441885
vt 0.525706 0.430379
vt 0.510271 0.431367
vt 0.500225 0.442321
vt 0.472950 0.441111
vt 0.490719 0.447580
vt 0.514202 0.467963
vt 0.530074 0.455893
vt 0.532745 0.464430
vt 0.353245 0.314150
vt 0.373842 0.313318
vt 0.452753 0.453800
vt 0.472054 0.454786
vt 0.033824 0.542227
vt 0.033012 0.568282
vt 0.018935 0.531991
vt 0.422441 0.449691
vt 0.028896 0.552658
vt 0.016424 0.554156
vt 0.023473 0.583982
vt 0.031481 0.606497
vt 0.037972 0.623061
vt 0.037304 0.646954
vt 0.042282 0.646476
vt 0.017425 0.600955
vt 0.009763 0.586783
vt 0.012874 0.572364
vt 0.376850 0.453830
vt 0.382782 0.461394
vt 0.039764 0.670267
vt 0.011292 0.600613
vt 0.422683 0.198175
vt 0.010851 0.633724
vt 0.419010 0.771158
vt 0.402715 0.780873
vt 0.371160 0.801233
vt 0.350872 0.818484
vt 0.119146 0.637076
vt 0.782181 0.707097
vt 0.104850 0.669207
vt 0.219926 0.710875
vt 0.115123 0.489768
vt 0.989760 0.157192
vt 0.000529 0.067127
vt 0.061067 0.925287
vt 0.037632 0.052207
vt 0.835755 0.121592
vt 0.558500 0.460087
vt 0.023433 0.570820
vt 0.397713 0.450249
vt 0.009216 0.539966
vt 0.031732 0.636225
vt 0.407678 0.290114
vt 0.022894 0.636982
vt 0.426243 0.037702
vt 0.008985 0.656690
vt 0.911734 0.069888
vt 0.314332 0.189234
vt 0.310239 0.300815
vt 0.821524 0.653276
vt 0.826796 0.650470
vt 0.505719 0.026454
vt 0.629251 0.398273
vt 0.617865 0.401977
vt 0.765793 0.602904
vt 0.311997 0.831158
vt 0.436384 0.104607
vt 0.439675 0.092145
vt 0.107875 0.641316
vt 0.385307 0.165359
vt 0.046465 0.044839
vt 0.294397 0.579472
vt 0.297569 0.567921
vt 0.297569 0.581505
vt 0.988920 0.149673
vt 0.985729 0.158131
vt 0.056554 0.914217
vt 0.054350 0.053387
vt 0.552294 0.449386
vt 0.394561 0.314133
vt 0.032524 0.687474
vt 0.028739 0.664069
vt 0.040875 0.727136
vt 0.048097 0.717542
vt 0.039033 0.710469
vt 0.043476 0.692659
vt 0.020979 0.681178
vt 0.152627 0.203763
vt 0.448976 0.107106
vt 0.096639 0.649895
vt 0.767468 0.702096
vt 0.756731 0.706730
vt 0.754092 0.728114
vt 0.321426 0.140002
vt 0.030167 0.048768
vt 0.621182 0.438783
vt 0.589055 0.449301
vt 0.434097 0.279312
vt 0.425357 0.022017
vt 0.328150 0.284477
vt 0.387119 0.807207
vt 0.369755 0.821126
vt 0.463017 0.093532
vt 0.089980 0.653978
vt 0.236986 0.703535
vt 0.307794 0.136666
vt 0.733850 0.725089
vt 0.330912 0.135101
vt 0.356434 0.137619
vt 0.015594 0.049844
vt 0.671282 0.435676
vt 0.684203 0.428420
vt 0.678156 0.438834
vt 0.642903 0.439712
vt 0.623758 0.453467
vt 0.615443 0.457675
vt 0.654745 0.468056
vt 0.371521 0.336120
vt 0.415323 0.296430
vt 0.042621 0.756008
vt 0.034114 0.715253
vt 0.342058 0.309516
vt 0.344080 0.287342
vt 0.024453 0.716796
vt 0.538639 0.009702
vt 0.544779 0.011365
vt 0.016238 0.720982
vt 0.021800 0.923056
vt 0.430899 0.787711
vt 0.411731 0.798736
vt 0.811494 0.620212
vt 0.799426 0.624347
vt 0.959857 0.125811
vt 0.245772 0.697298
vt 0.885937 0.840971
vt 0.520723 0.514412
vt 0.520531 0.520693
vt 0.379760 0.139588
vt 0.347930 0.128004
vt 0.690803 0.437289
vt 0.686473 0.444677
vt 0.653448 0.441479
vt 0.645922 0.450266
vt 0.649692 0.455541
vt 0.672322 0.462188
vt 0.682839 0.469697
vt 0.415187 0.314879
vt 0.032507 0.748321
vt 0.511914 0.007590
vt 0.479804 0.012055
vt 0.884142 0.606361
vt 0.874147 0.605046
vt 0.880676 0.615737
vt 0.032033 0.923497
vt 0.874118 0.595015
vt 0.820178 0.609411
vt 0.893981 0.153753
vt 0.466955 0.080288
vt 0.559828 0.523426
vt 0.360252 0.131793
vt 0.669214 0.446526
vt 0.682962 0.455945
vt 0.686660 0.458785
vt 0.358800 0.332424
vt 0.394814 0.350263
vt 0.427775 0.292554
vt 0.523243 0.004081
vt 0.539174 0.252220
vt 0.539752 0.265748
vt 0.507928 0.268140
vt 0.021386 0.752099
vt 0.344058 0.275340
vt 0.247540 0.178685
vt 0.303911 0.585684
vt 0.888301 0.621107
vt 0.050324 0.932490
vt 0.346568 0.850525
vt 0.476487 0.106576
vt 0.581646 0.519022
vt 0.593154 0.528213
vt 0.572361 0.525494
vt 0.347993 0.350535
vt 0.429561 0.305557
vt 0.462600 0.290696
vt 0.572142 0.269703
vt 0.549461 0.273250
vt 0.568119 0.261856
vt 0.472515 0.263527
vt 0.643161 0.270847
vt 0.632253 0.273250
vt 0.469165 0.000522
vt 0.486806 0.250228
vt 0.488791 0.244334
vt 0.628025 0.260579
vt 0.632888 0.251575
vt 0.333510 0.585684
vt 0.854429 0.564511
vt 0.862683 0.578647
vt 0.864742 0.572957
vt 0.876055 0.583521
vt 0.894994 0.615226
vt 0.897992 0.628527
vt 0.806856 0.594636
vt 0.821739 0.600242
vt 0.887649 0.599811
vt 0.393115 0.829065
vt 0.744106 0.695031
vt 0.579857 0.510598
vt 0.362638 0.366170
vt 0.594139 0.261004
vt 0.494988 0.247847
vt 0.501070 0.240857
vt 0.543138 0.243134
vt 0.883324 0.585198
vt 0.420644 0.820593
vt 0.377681 0.847235
vt 0.481512 0.093587
vt 0.593314 0.784400
vt 0.004920 0.031417
vt 0.734374 0.696050
vt 0.469067 0.277807
vt 0.494587 0.259649
vt 0.859715 0.558394
vt 0.873506 0.567946
vt 0.882679 0.570516
vt 0.703549 0.708607
vt 0.480205 0.271687
vt 0.844236 0.551564
vt 0.475147 0.278776
vt 0.475598 0.289219
vt 0.472193 0.291525
vt 0.563647 0.989028
vt 0.560782 0.983090
vt 0.573896 0.980542
vt 0.507933 0.250189
vt 0.588148 0.233542
vt 0.749885 0.553292
vt 0.436047 0.809693
vt 0.497423 0.095446
vt 0.370248 0.847088
vt 0.576050 0.764452
vt 0.713153 0.696411
vt 0.721428 0.692620
vt 0.590324 0.503714
vt 0.346195 0.377724
vt 0.473932 0.316551
vt 0.828945 0.541059
vt 0.854243 0.538706
vt 0.493122 0.267422
vt 0.860994 0.603537
vt 0.587960 0.978093
vt 0.502944 0.260398
vt 0.600326 0.975703
vt 0.513607 0.251437
vt 0.614228 0.971264
vt 0.625142 0.975265
vt 0.881912 0.560745
vt 0.626321 0.989028
vt 0.499471 0.103711
vt 0.491773 0.107106
vt 0.365212 0.861475
vt 0.492486 0.080414
vt 0.480807 0.076802
vt 0.606387 0.494594
vt 0.600402 0.504971
vt 0.419671 0.346327
vt 0.486453 0.305559
vt 0.875616 0.545952
vt 0.883802 0.545831
vt 0.404282 0.842394
vt 0.395683 0.861547
vt 0.949422 0.188302
vt 0.905563 0.199617
vt 0.497264 0.083122
vt 0.580112 0.751758
vt 0.383157 0.382269
vt 0.463479 0.348304
vt 0.841173 0.496490
vt 0.889014 0.189701
vt 0.889758 0.217070
vt 0.881078 0.215842
vt 0.411705 0.846994
vt 0.608351 0.483257
vt 0.601415 0.480529
vt 0.412877 0.387758
vt 0.880119 0.499694
vt 0.883072 0.533306
vt 0.365294 0.402821
vt 0.816362 0.520152
vt 0.903885 0.225002
vt 0.882907 0.237722
vt 0.548139 0.755410
vt 0.355477 0.398063
vt 0.806313 0.511396
vt 0.823332 0.495873
vt 0.440152 0.377554
vt 0.488085 0.332501
vt 0.500044 0.321452
vt 0.918646 0.214031
vt 0.542074 0.745322
vt 0.558425 0.741379
vt 0.165097 0.855776
vt 0.921145 0.226071
vt 0.403115 0.387287
vt 0.521942 0.744389
vt 0.503615 0.356399
vt 0.790169 0.488014
vt 0.793089 0.496403
vt 0.815484 0.465526
vt 0.856320 0.485653
vt 0.515372 0.336255
vt 0.894980 0.516644
vt 0.485414 0.371582
vt 0.505971 0.346315
vt 0.841547 0.476700
vt 0.897992 0.490458
vt 0.799416 0.470295
vt 0.874039 0.463217
vt 0.518234 0.356092
vt 0.521928 0.343015
vt 0.805836 0.455506
vt 0.858005 0.459774
vt 0.531539 0.352400
vt 0.510943 0.376640
vt 0.526237 0.380985
vt 0.530465 0.361149
vt 0.815885 0.439298
vt 0.842564 0.445450
vt 0.547188 0.373507
vt 0.892694 0.454201
vt 0.356090 0.411701
vt 0.532999 0.390680
vt 0.547394 0.392183
vt 0.861159 0.428358
vt 0.885177 0.430653
vt 0.560294 0.380095
vt 0.822284 0.432114
vt 0.850221 0.420585
vt 0.568057 0.402821
vt 0.571353 0.398588
vt 0.394820 0.195925
vt 0.384009 0.191745
vt 0.372622 0.195925
vt 0.833627 0.420792
vt 0.877474 0.427332
s 0
usemtl Material_0
f 1533/1/1 1534/2/1 1532/3/1
f 1522/4/2 1512/5/2 1532/3/2
f 1522/4/3 1516/6/3 1512/5/3
f 2394/7/4 2392/8/4 2395/9/4
f 1532/3/5 1512/5/5 1529/10/5
f 1532/3/6 1534/2/6 1535/11/6
f 1529/10/7 1533/1/7 1532/3/7
f 2393/12/8 2395/9/8 2392/8/8
f 2982/13/9 2984/14/9 2989/15/9
f 3659/16/10 3672/17/10 3649/18/10
f 2607/19/11 2597/20/11 2606/21/11
f 2607/19/12 2604/22/12 2603/23/12
f 2607/19/13 2603/23/13 2597/20/13
f 3752/24/14 3750/25/14 3751/26/14
f 2594/27/15 2595/28/15 2592/29/15
f 421/30/16 418/31/16 419/32/16
f 2603/23/17 2604/22/17 2602/33/17
f 3754/34/18 3750/25/18 3752/24/18
f 3740/35/19 3744/36/19 3742/37/19
f 3740/35/20 3742/37/20 3736/38/20
f 3704/39/21 3702/40/21 3699/41/21
f 3704/39/22 3699/41/22 3703/42/22
f 3766/43/23 3760/44/23 3762/45/23
f 3702/40/24 3700/46/24 3699/41/24
f 2592/29/25 2595/28/25 2591/47/25
f 2597/20/26 2591/47/26 2595/28/26
f 2597/20/27 2603/23/27 2598/48/27
f 2604/22/28 2605/49/28 2602/33/28
f 3755/50/29 3753/51/29 3754/34/29
f 3739/52/30 3740/35/30 3736/38/30
f 3753/51/31 3750/25/31 3754/34/31
f 3736/38/32 3742/37/32 3732/53/32
f 3742/37/33 3743/54/33 3732/53/33
f 3753/51/34 3748/55/34 3750/25/34
f 3748/55/35 3749/56/35 3750/25/35
f 3703/42/36 3699/41/36 3693/57/36
f 3750/25/37 3749/56/37 3751/26/37
f 3699/41/38 3694/58/38 3693/57/38
f 3699/41/39 3698/59/39 3694/58/39
f 3699/41/40 3700/46/40 3698/59/40
f 2597/20/41 2598/48/41 2591/47/41
f 418/31/42 416/60/42 415/61/42
f 416/60/43 406/62/43 415/61/43
f 415/61/44 406/62/44 407/63/44
f 2603/23/45 2602/33/45 2598/48/45
f 3698/59/46 3697/64/46 3694/58/46
f 3700/46/47 3701/65/47 3698/59/47
f 426/66/48 425/67/48 424/68/48
f 2593/69/49 2592/29/49 2588/70/49
f 2592/29/50 2591/47/50 2588/70/50
f 2591/47/51 2599/71/51 2589/72/51
f 2591/47/52 2598/48/52 2599/71/52
f 3748/55/53 3757/73/53 3758/74/53
f 3748/55/54 3758/74/54 3749/56/54
f 3697/64/55 3695/75/55 3694/58/55
f 3698/59/56 3701/65/56 3697/64/56
f 3760/44/57 3761/76/57 3762/45/57
f 2593/69/58 2588/70/58 2596/77/58
f 2588/70/59 2591/47/59 2589/72/59
f 2602/33/60 2601/78/60 2598/48/60
f 2598/48/61 2601/78/61 2599/71/61
f 406/62/62 405/79/62 407/63/62
f 3636/80/63 3620/81/63 3621/82/63
f 2602/33/64 2605/49/64 2611/83/64
f 3756/84/65 3757/73/65 3748/55/65
f 3760/44/66 3763/85/66 3761/76/66
f 3761/76/67 3771/86/67 3762/45/67
f 2588/70/68 2589/72/68 2590/87/68
f 2600/88/69 2590/87/69 2589/72/69
f 2599/71/70 2600/88/70 2589/72/70
f 2599/71/71 2601/78/71 2600/88/71
f 2602/33/72 2611/83/72 2601/78/72
f 3763/85/73 3765/89/73 3764/90/73
f 3763/85/74 3764/90/74 3761/76/74
f 413/91/75 412/92/75 417/93/75
f 2596/77/76 2588/70/76 2586/94/76
f 2588/70/77 2590/87/77 2586/94/77
f 3761/76/78 3773/95/78 3771/86/78
f 3767/96/79 3771/86/79 3768/97/79
f 3767/96/80 3768/97/80 3769/98/80
f 413/91/81 410/99/81 412/92/81
f 412/92/82 365/100/82 364/101/82
f 3620/81/83 3618/102/83 3621/82/83
f 3710/103/84 3705/104/84 3711/105/84
f 3769/98/85 3768/97/85 3770/106/85
f 365/100/86 360/107/86 364/101/86
f 360/107/87 361/108/87 362/109/87
f 361/108/88 363/110/88 362/109/88
f 2601/78/89 2610/111/89 2600/88/89
f 2611/83/90 2612/112/90 2601/78/90
f 3618/102/91 3616/113/91 3621/82/91
f 3734/114/92 3735/115/92 3737/116/92
f 3778/117/93 3777/118/93 3774/119/93
f 3778/117/94 3774/119/94 3779/120/94
f 367/121/95 365/100/95 410/99/95
f 365/100/96 366/122/96 360/107/96
f 404/123/97 403/124/97 405/79/97
f 3727/125/98 3725/126/98 3708/127/98
f 3708/127/99 3721/128/99 3709/129/99
f 3777/118/100 3775/130/100 3774/119/100
f 413/91/101 398/131/101 410/99/101
f 2585/132/102 2584/133/102 2580/134/102
f 410/99/103 398/131/103 367/121/103
f 365/100/104 367/121/104 366/122/104
f 3603/135/105 3604/136/105 3602/137/105
f 3725/126/106 3722/138/106 3708/127/106
f 3708/127/107 3722/138/107 3721/128/107
f 3735/115/108 3745/139/108 3747/140/108
f 3779/120/109 3774/119/109 3776/141/109
f 398/131/110 368/142/110 367/121/110
f 367/121/111 368/142/111 366/122/111
f 366/122/112 371/143/112 360/107/112
f 363/110/113 361/108/113 375/144/113
f 378/145/114 375/144/114 379/146/114
f 3616/113/115 3615/147/115 3603/135/115
f 403/124/116 402/148/116 405/79/116
f 3620/81/117 3619/149/117 3618/102/117
f 3618/102/118 3615/147/118 3616/113/118
f 3774/119/119 3775/130/119 3776/141/119
f 384/150/120 361/108/120 371/143/120
f 361/108/121 384/150/121 375/144/121
f 403/124/122 392/151/122 402/148/122
f 3618/102/123 3619/149/123 3615/147/123
f 3775/130/124 3780/152/124 3776/141/124
f 3721/128/125 3722/138/125 3723/153/125
f 398/131/126 376/154/126 368/142/126
f 368/142/127 369/155/127 366/122/127
f 369/155/128 371/143/128 366/122/128
f 384/150/129 390/156/129 375/144/129
f 375/144/130 390/156/130 379/146/130
f 3615/147/131 3619/149/131 3625/157/131
f 2468/158/132 2451/159/132 2467/160/132
f 2468/158/133 2469/161/133 2451/159/133
f 3649/18/134 3646/162/134 3659/16/134
f 2469/161/135 2471/163/135 2451/159/135
f 3646/162/136 3647/164/136 3648/165/136
f 3155/166/137 3156/167/137 3157/168/137
f 2470/169/138 2468/158/138 2459/170/138
f 2455/171/139 2459/170/139 2467/160/139
f 2468/158/140 2467/160/140 2459/170/140
f 369/155/141 381/172/141 380/173/141
f 3630/174/142 3632/175/142 3595/176/142
f 2455/171/143 2467/160/143 2460/177/143
f 2467/160/144 2451/159/144 2448/178/144
f 2467/160/145 2448/178/145 2460/177/145
f 2451/159/146 2449/179/146 2448/178/146
f 2448/178/147 2449/179/147 2450/180/147
f 389/181/148 402/148/148 392/151/148
f 3152/182/149 3154/183/149 3155/166/149
f 3155/166/150 3154/183/150 3156/167/150
f 2459/170/151 2455/171/151 2456/184/151
f 377/185/152 370/186/152 398/131/152
f 398/131/153 370/186/153 376/154/153
f 3654/187/154 3650/188/154 3649/18/154
f 2455/171/155 2460/177/155 2453/189/155
f 3169/190/156 3170/191/156 3171/192/156
f 380/173/157 385/193/157 384/150/157
f 384/150/158 385/193/158 390/156/158
f 1656/194/159 1667/195/159 1666/196/159
f 3656/197/160 3657/198/160 3655/199/160
f 2456/184/161 2455/171/161 2452/200/161
f 3594/201/162 3582/202/162 3585/203/162
f 3595/176/163 3582/202/163 3594/201/163
f 2455/171/164 2453/189/164 2452/200/164
f 2453/189/165 2460/177/165 2458/204/165
f 3169/190/166 3172/205/166 3173/206/166
f 3169/190/167 3173/206/167 3174/207/167
f 385/193/168 389/181/168 390/156/168
f 389/181/169 401/208/169 402/148/169
f 3637/209/170 3638/210/170 3639/211/170
f 1656/194/171 1655/212/171 1652/213/171
f 1659/214/172 1656/194/172 1666/196/172
f 1659/214/173 1658/215/173 1656/194/173
f 1656/194/174 1658/215/174 1657/216/174
f 1656/194/175 1657/216/175 1655/212/175
f 3152/182/176 3153/217/176 3154/183/176
f 377/185/177 374/218/177 370/186/177
f 2452/200/178 2453/189/178 2454/219/178
f 2453/189/179 2458/204/179 2457/220/179
f 1632/221/180 1623/222/180 1622/223/180
f 1632/221/181 1622/223/181 1627/224/181
f 1626/225/182 1620/226/182 1630/227/182
f 1633/228/183 1623/222/183 1632/221/183
f 1623/222/184 1621/229/184 1622/223/184
f 1620/226/185 1619/230/185 1630/227/185
f 1630/227/186 1619/230/186 1643/231/186
f 1633/228/187 1625/232/187 1623/222/187
f 1625/232/188 1624/233/188 1623/222/188
f 1671/234/189 1666/196/189 1667/195/189
f 2983/235/190 2981/236/190 2987/237/190
f 2452/200/191 2454/219/191 2461/238/191
f 374/218/192 373/239/192 370/186/192
f 370/186/193 373/239/193 372/240/193
f 2453/189/194 2457/220/194 2454/219/194
f 3595/176/195 3632/175/195 3634/241/195
f 382/242/196 385/193/196 380/173/196
f 389/181/197 391/243/197 401/208/197
f 2632/244/198 2634/245/198 2629/246/198
f 2629/246/199 2634/245/199 2627/247/199
f 2627/247/200 2634/245/200 2637/248/200
f 2627/247/201 2637/248/201 2624/249/201
f 2624/249/202 2637/248/202 2635/250/202
f 2635/250/203 2625/251/203 2624/249/203
f 2624/249/204 2625/251/204 2621/252/204
f 2631/253/205 2633/254/205 2632/244/205
f 2631/253/206 2632/244/206 2629/246/206
f 2636/255/207 2633/254/207 2631/253/207
f 2638/256/208 2633/254/208 2636/255/208
f 1622/223/209 1615/257/209 1627/224/209
f 1622/223/210 1621/229/210 1615/257/210
f 1627/224/211 1615/257/211 1626/225/211
f 1626/225/212 1615/257/212 1620/226/212
f 1639/258/213 1625/232/213 1633/228/213
f 1623/222/214 1624/233/214 1621/229/214
f 1615/257/215 1614/259/215 1610/260/215
f 1615/257/216 1610/260/216 1620/226/216
f 1620/226/217 1610/260/217 1619/230/217
f 2046/261/218 2052/262/218 2049/263/218
f 1610/260/219 1612/264/219 1619/230/219
f 1634/265/220 1625/232/220 1639/258/220
f 1619/230/221 1612/264/221 1616/266/221
f 1619/230/222 1616/266/222 1631/267/222
f 1612/264/223 1613/268/223 1616/266/223
f 1646/269/224 1645/270/224 1647/271/224
f 1647/271/225 1645/270/225 1648/272/225
f 1647/271/226 1648/272/226 1651/273/226
f 1645/270/227 1667/195/227 1652/213/227
f 1648/272/228 1652/213/228 1653/274/228
f 1645/270/229 1671/234/229 1667/195/229
f 1652/213/230 1654/275/230 1653/274/230
f 1652/213/231 1655/212/231 1654/275/231
f 1668/276/232 1661/277/232 1659/214/232
f 1668/276/233 1669/278/233 1661/277/233
f 1655/212/234 1657/216/234 1674/279/234
f 1661/277/235 1660/280/235 1659/214/235
f 1660/280/236 1658/215/236 1659/214/236
f 1661/277/237 1662/281/237 1660/280/237
f 1662/281/238 1664/282/238 1660/280/238
f 1658/215/239 1675/283/239 1657/216/239
f 2981/236/240 2980/284/240 2987/237/240
f 3582/202/241 3584/285/241 3585/203/241
f 3653/286/242 3663/287/242 3662/288/242
f 2454/219/243 2457/220/243 2465/289/243
f 3595/176/244 3634/241/244 3582/202/244
f 3632/175/245 3623/290/245 3634/241/245
f 3612/291/246 3623/290/246 3632/175/246
f 2619/292/247 2620/293/247 2616/294/247
f 2620/293/248 2617/295/248 2616/294/248
f 1649/296/249 1618/297/249 1621/229/249
f 1624/233/250 1649/296/250 1621/229/250
f 1621/229/251 1618/297/251 1615/257/251
f 1615/257/252 1618/297/252 1614/259/252
f 1614/259/253 1611/298/253 1610/260/253
f 2617/295/254 2614/299/254 2616/294/254
f 1624/233/255 1629/300/255 1649/296/255
f 1624/233/256 1628/301/256 1629/300/256
f 1610/260/257 1611/298/257 1612/264/257
f 1634/265/258 1628/301/258 1625/232/258
f 947/302/259 948/303/259 945/304/259
f 1611/298/260 1613/268/260 1612/264/260
f 1637/305/261 1635/306/261 1634/265/261
f 1634/265/262 1635/306/262 1628/301/262
f 1613/268/263 1617/307/263 1616/266/263
f 1644/308/264 1645/270/264 1629/300/264
f 1628/301/265 1644/308/265 1629/300/265
f 1629/300/266 1645/270/266 1646/269/266
f 2504/309/267 2502/310/267 2499/311/267
f 1653/274/268 1654/275/268 1648/272/268
f 1640/312/269 1671/234/269 1644/308/269
f 1663/313/270 1661/277/270 1669/278/270
f 1670/314/271 1663/313/271 1669/278/271
f 1604/315/272 1570/316/272 1576/317/272
f 1933/318/273 1931/319/273 1929/320/273
f 1663/313/274 1662/281/274 1661/277/274
f 1672/321/275 1673/322/275 1660/280/275
f 1660/280/276 1673/322/276 1658/215/276
f 1673/322/277 1675/283/277 1658/215/277
f 2980/284/278 2988/323/278 2987/237/278
f 1931/319/279 1927/324/279 1929/320/279
f 1929/320/280 1927/324/280 1928/325/280
f 1929/320/281 1928/325/281 1930/326/281
f 1665/327/282 1664/282/282 1662/281/282
f 1664/282/283 1672/321/283 1660/280/283
f 1675/283/284 1676/328/284 1657/216/284
f 2465/289/285 2464/329/285 2454/219/285
f 2465/289/286 2466/330/286 2464/329/286
f 3664/331/287 3665/332/287 3669/333/287
f 3539/334/288 3540/335/288 3541/336/288
f 385/193/289 382/242/289 386/337/289
f 385/193/290 386/337/290 389/181/290
f 1189/338/291 1188/339/291 1183/340/291
f 947/302/292 945/304/292 944/341/292
f 944/341/293 945/304/293 946/342/293
f 2498/343/294 2505/344/294 2506/345/294
f 2035/346/295 2027/347/295 2040/348/295
f 2618/349/296 2615/350/296 2617/295/296
f 1616/266/297 1617/307/297 1650/351/297
f 1635/306/298 1636/352/298 1628/301/298
f 2502/310/299 2500/353/299 2499/311/299
f 1636/352/300 1644/308/300 1628/301/300
f 1637/305/301 1636/352/301 1635/306/301
f 1641/354/302 1642/355/302 1637/305/302
f 2040/348/303 2027/347/303 2041/356/303
f 1642/355/304 1638/357/304 1637/305/304
f 1637/305/305 1638/357/305 1636/352/305
f 1636/352/306 1640/312/306 1644/308/306
f 1641/354/307 1638/357/307 1642/355/307
f 1670/314/308 1669/278/308 1641/354/308
f 2059/358/309 2061/359/309 2058/360/309
f 2059/358/310 2065/361/310 2061/359/310
f 1932/362/311 1923/363/311 1931/319/311
f 2981/236/312 2978/364/312 2980/284/312
f 1923/363/313 1927/324/313 1931/319/313
f 2983/235/314 2978/364/314 2981/236/314
f 3592/365/315 3597/366/315 3626/367/315
f 3626/367/316 3628/368/316 3629/369/316
f 3687/370/317 3688/371/317 3670/372/317
f 3584/285/318 3586/373/318 3592/365/318
f 3582/202/319 3583/374/319 3584/285/319
f 3583/374/320 3586/373/320 3584/285/320
f 3687/370/321 3670/372/321 3663/287/321
f 2461/238/322 2454/219/322 2462/375/322
f 3582/202/323 3591/376/323 3583/374/323
f 372/240/324 394/377/324 393/378/324
f 3634/241/325 3591/376/325 3582/202/325
f 3663/287/326 3665/332/326 3664/331/326
f 382/242/327 388/379/327 387/380/327
f 389/181/328 386/337/328 391/243/328
f 1177/381/329 1176/382/329 1175/383/329
f 1189/338/330 1175/383/330 1188/339/330
f 1183/340/331 1163/384/331 1172/385/331
f 1183/340/332 1172/385/332 1190/386/332
f 2031/387/333 2026/388/333 2035/346/333
f 1172/385/334 1171/389/334 1190/386/334
f 2035/346/335 2026/388/335 2027/347/335
f 1190/386/336 1171/389/336 1187/390/336
f 1187/390/337 1171/389/337 1174/391/337
f 2502/310/338 2503/392/338 2500/353/338
f 591/393/339 592/394/339 608/395/339
f 1638/357/340 1640/312/340 1636/352/340
f 1638/357/341 1641/354/341 1640/312/341
f 2058/360/342 2057/396/342 2059/358/342
f 2074/397/343 2077/398/343 2072/399/343
f 2980/284/344 2979/400/344 2988/323/344
f 1927/324/345 1923/363/345 1925/401/345
f 1927/324/346 1925/401/346 1928/325/346
f 3626/367/347 3627/402/347 3628/368/347
f 2983/235/348 2982/13/348 2978/364/348
f 2477/403/349 2461/238/349 2462/375/349
f 409/404/350 408/405/350 373/239/350
f 3586/373/351 3597/366/351 3592/365/351
f 3663/287/352 3670/372/352 3667/406/352
f 2454/219/353 2463/407/353 2462/375/353
f 3612/291/354 3613/408/354 3622/409/354
f 382/242/355 387/380/355 386/337/355
f 1186/410/356 1185/411/356 1176/382/356
f 1188/339/357 1161/412/357 1163/384/357
f 1188/339/358 1163/384/358 1183/340/358
f 1176/382/359 1169/413/359 1175/383/359
f 1175/383/360 1161/412/360 1188/339/360
f 1172/385/361 1166/414/361 1171/389/361
f 785/415/362 787/416/362 796/417/362
f 780/418/363 787/416/363 785/415/363
f 1171/389/364 1173/419/364 1174/391/364
f 783/420/365 787/416/365 780/418/365
f 2027/347/366 2028/421/366 2041/356/366
f 608/395/367 592/394/367 595/422/367
f 608/395/368 595/422/368 615/423/368
f 2057/396/369 2060/424/369 2059/358/369
f 1576/317/370 1566/425/370 1586/426/370
f 1932/362/371 1926/427/371 1923/363/371
f 1923/363/372 1924/428/372 1925/401/372
f 3597/366/373 3590/429/373 3626/367/373
f 3586/373/374 3590/429/374 3597/366/374
f 3589/430/375 3593/431/375 3588/432/375
f 3589/430/376 3588/432/376 3583/374/376
f 2462/375/377 2472/433/377 2473/434/377
f 3640/435/378 3641/436/378 3642/437/378
f 3536/438/379 3537/439/379 3538/440/379
f 3645/441/380 3644/442/380 3640/435/380
f 1175/383/381 1169/413/381 1161/412/381
f 1163/384/382 1166/414/382 1172/385/382
f 2031/387/383 2032/443/383 2030/444/383
f 2031/387/384 2030/444/384 2026/388/384
f 1166/414/385 1168/445/385 1171/389/385
f 613/446/386 599/447/386 611/448/386
f 611/448/387 599/447/387 593/449/387
f 2830/450/388 2832/451/388 2838/452/388
f 2026/388/389 2023/453/389 2027/347/389
f 2059/358/390 2060/424/390 2062/454/390
f 2980/284/391 2974/455/391 2979/400/391
f 2978/364/392 2974/455/392 2980/284/392
f 3688/371/393 3689/456/393 3670/372/393
f 1923/363/394 1926/427/394 1924/428/394
f 3626/367/395 3590/429/395 3627/402/395
f 1605/457/396 1587/458/396 1569/459/396
f 3586/373/397 3587/460/397 3590/429/397
f 3670/372/398 3671/461/398 3667/406/398
f 3588/432/399 3587/460/399 3583/374/399
f 3583/374/400 3587/460/400 3586/373/400
f 3640/435/401 3644/442/401 3641/436/401
f 2112/462/402 2111/463/402 2114/464/402
f 2112/462/403 2114/464/403 2115/465/403
f 341/466/404 332/467/404 338/468/404
f 2112/462/405 2109/469/405 2111/463/405
f 2110/470/406 2113/471/406 2111/463/406
f 3622/409/407 3631/472/407 3624/473/407
f 3624/473/408 3631/472/408 3633/474/408
f 3613/408/409 3631/472/409 3622/409/409
f 2837/475/410 2835/476/410 2841/477/410
f 2837/475/411 2832/451/411 2835/476/411
f 2839/478/412 2833/479/412 2840/480/412
f 2060/424/413 2063/481/413 2062/454/413
f 2979/400/414 2971/482/414 2985/483/414
f 352/484/415 351/485/415 353/486/415
f 1587/458/416 1564/487/416 1569/459/416
f 2982/13/417 2977/488/417 2978/364/417
f 2462/375/418 2473/434/418 2474/489/418
f 2474/489/419 2473/434/419 2475/490/419
f 339/491/420 343/492/420 344/493/420
f 340/494/421 338/468/421 339/491/421
f 338/468/422 337/495/422 339/491/422
f 2109/469/423 2110/470/423 2111/463/423
f 332/467/424 331/496/424 338/468/424
f 338/468/425 331/496/425 337/495/425
f 332/467/426 330/497/426 328/498/426
f 332/467/427 328/498/427 331/496/427
f 3613/408/428 3611/499/428 3631/472/428
f 330/497/429 329/500/429 328/498/429
f 599/447/430 589/501/430 593/449/430
f 589/501/431 591/393/431 593/449/431
f 591/393/432 590/502/432 592/394/432
f 592/394/433 594/503/433 595/422/433
f 2028/421/434 2023/453/434 2029/504/434
f 615/423/435 595/422/435 605/505/435
f 2974/455/436 2971/482/436 2979/400/436
f 2978/364/437 2973/506/437 2974/455/437
f 3670/372/438 3689/456/438 3685/507/438
f 3670/372/439 3685/507/439 3671/461/439
f 344/493/440 351/485/440 352/484/440
f 351/485/441 357/508/441 353/486/441
f 1560/509/442 1587/458/442 1605/457/442
f 339/491/443 337/495/443 343/492/443
f 336/510/444 329/500/444 330/497/444
f 613/446/445 614/511/445 599/447/445
f 2030/444/446 2025/512/446 2026/388/446
f 589/501/447 590/502/447 591/393/447
f 590/502/448 594/503/448 592/394/448
f 2026/388/449 2025/512/449 2023/453/449
f 2023/453/450 2024/513/450 2029/504/450
f 2977/488/451 2973/506/451 2978/364/451
f 344/493/452 343/492/452 345/514/452
f 344/493/453 345/514/453 351/485/453
f 337/495/454 342/515/454 343/492/454
f 337/495/455 333/516/455 342/515/455
f 337/495/456 331/496/456 333/516/456
f 328/498/457 322/517/457 331/496/457
f 329/500/458 336/510/458 334/518/458
f 334/518/459 327/519/459 329/500/459
f 329/500/460 327/519/460 328/498/460
f 2832/451/461 2823/520/461 2835/476/461
f 2025/512/462 2022/521/462 2023/453/462
f 2833/479/463 2828/522/463 2827/523/463
f 2023/453/464 2022/521/464 2019/524/464
f 594/503/465 600/525/465 595/422/465
f 595/422/466 600/525/466 601/526/466
f 2023/453/467 2019/524/467 2024/513/467
f 595/422/468 601/526/468 605/505/468
f 1563/527/469 1577/528/469 1566/425/469
f 601/526/470 603/529/470 605/505/470
f 2985/483/471 2971/482/471 2976/530/471
f 2974/455/472 2973/506/472 2969/531/472
f 2974/455/473 2969/531/473 2971/482/473
f 2985/483/474 2976/530/474 2986/532/474
f 1587/458/475 1558/533/475 1564/487/475
f 1560/509/476 1558/533/476 1587/458/476
f 345/514/477 348/534/477 351/485/477
f 348/534/478 357/508/478 351/485/478
f 343/492/479 346/535/479 345/514/479
f 343/492/480 342/515/480 346/535/480
f 333/516/481 335/536/481 342/515/481
f 322/517/482 320/537/482 333/516/482
f 331/496/483 322/517/483 333/516/483
f 333/516/484 320/537/484 335/536/484
f 354/538/485 334/518/485 336/510/485
f 328/498/486 324/539/486 322/517/486
f 2032/443/487 2033/540/487 2030/444/487
f 1563/527/488 1562/541/488 1577/528/488
f 2967/542/489 2976/530/489 2971/482/489
f 2976/530/490 2959/543/490 2986/532/490
f 2986/532/491 2959/543/491 2990/544/491
f 2977/488/492 2975/545/492 2973/506/492
f 3677/546/493 3681/547/493 3684/548/493
f 342/515/494 335/536/494 346/535/494
f 320/537/495 319/549/495 335/536/495
f 354/538/496 356/550/496 334/518/496
f 328/498/497 327/519/497 324/539/497
f 2033/540/498 2034/551/498 2030/444/498
f 614/511/499 612/552/499 598/553/499
f 614/511/500 598/553/500 599/447/500
f 2030/444/501 2037/554/501 2025/512/501
f 2971/482/502 2969/531/502 2967/542/502
f 2967/542/503 2968/555/503 2976/530/503
f 2976/530/504 2968/555/504 2959/543/504
f 2973/506/505 2972/556/505 2969/531/505
f 1229/557/506 1226/558/506 1228/559/506
f 1229/557/507 1228/559/507 1230/560/507
f 1228/559/508 1246/561/508 1230/560/508
f 3679/562/509 3680/563/509 3677/546/509
f 345/514/510 346/535/510 348/534/510
f 1228/559/511 1252/564/511 1246/561/511
f 3677/546/512 3680/563/512 3681/547/512
f 346/535/513 335/536/513 347/565/513
f 335/536/514 319/549/514 347/565/514
f 354/538/515 359/566/515 356/550/515
f 1371/567/516 1370/568/516 1367/569/516
f 322/517/517 321/570/517 320/537/517
f 320/537/518 321/570/518 317/571/518
f 320/537/519 317/571/519 319/549/519
f 317/571/520 318/572/520 319/549/520
f 356/550/521 355/573/521 334/518/521
f 327/519/522 326/574/522 324/539/522
f 1197/575/523 1196/576/523 1198/577/523
f 3061/578/524 3056/579/524 3058/580/524
f 1193/581/525 1195/582/525 1196/576/525
f 1197/575/526 1193/581/526 1196/576/526
f 1196/576/527 1195/582/527 1251/583/527
f 1197/575/528 1206/584/528 1193/581/528
f 1193/581/529 1194/585/529 1195/582/529
f 1270/586/530 1263/587/530 1266/588/530
f 2030/444/531 2034/551/531 2036/589/531
f 599/447/532 598/553/532 589/501/532
f 2025/512/533 2021/590/533 2022/521/533
f 2022/521/534 2021/590/534 2019/524/534
f 601/526/535 602/591/535 603/529/535
f 1562/541/536 1585/592/536 1577/528/536
f 2818/593/537 2820/594/537 2816/595/537
f 2959/543/538 2957/596/538 2990/544/538
f 1779/597/539 1774/598/539 1772/599/539
f 2975/545/540 2972/556/540 2973/506/540
f 2990/544/541 2957/596/541 2991/600/541
f 1779/597/542 1772/599/542 1773/601/542
f 1229/557/543 1233/602/543 1226/558/543
f 348/534/544 358/603/544 357/508/544
f 1685/604/545 1701/605/545 1686/606/545
f 346/535/546 349/607/546 348/534/546
f 1226/558/547 1223/608/547 1222/609/547
f 1227/610/548 1228/559/548 1226/558/548
f 1226/558/549 1222/609/549 1227/610/549
f 1228/559/550 1227/610/550 1252/564/550
f 1220/611/551 1221/612/551 1222/609/551
f 1222/609/552 1221/612/552 1227/610/552
f 1199/613/553 1196/576/553 1200/614/553
f 1196/576/554 1247/615/554 1200/614/554
f 322/517/555 323/616/555 321/570/555
f 1199/613/556 1198/577/556 1196/576/556
f 1199/613/557 1213/617/557 1198/577/557
f 1198/577/558 1213/617/558 1232/618/558
f 1196/576/559 1254/619/559 1247/615/559
f 355/573/560 326/574/560 334/518/560
f 334/518/561 326/574/561 327/519/561
f 1196/576/562 1251/583/562 1254/619/562
f 2118/620/563 2122/621/563 2123/622/563
f 1206/584/564 1194/585/564 1193/581/564
f 1207/623/565 1194/585/565 1206/584/565
f 2118/620/566 2117/624/566 2119/625/566
f 2116/626/567 2117/624/567 2118/620/567
f 2120/627/568 2116/626/568 2118/620/568
f 1264/628/569 1262/629/569 1269/630/569
f 1218/631/570 1239/632/570 1238/633/570
f 1218/631/571 1238/633/571 1219/634/571
f 1219/634/572 1207/623/572 1218/631/572
f 1261/635/573 1262/629/573 1264/628/573
f 1241/636/574 1240/637/574 1239/632/574
f 1239/632/575 1240/637/575 1238/633/575
f 1238/633/576 1243/638/576 1219/634/576
f 1266/588/577 1259/639/577 1261/635/577
f 1241/636/578 1242/640/578 1240/637/578
f 1242/640/579 1245/641/579 1240/637/579
f 1267/642/580 1263/587/580 1270/586/580
f 1266/588/581 1263/587/581 1259/639/581
f 590/502/582 600/525/582 594/503/582
f 2019/524/583 2016/643/583 2055/644/583
f 2969/531/584 2966/645/584 2967/542/584
f 2972/556/585 2970/646/585 2969/531/585
f 2962/647/586 2953/648/586 2959/543/586
f 2959/543/587 2953/648/587 2957/596/587
f 2816/595/588 2817/649/588 2818/593/588
f 1544/650/589 1548/651/589 1560/509/589
f 1117/652/590 1114/653/590 1116/654/590
f 1226/558/591 1233/602/591 1223/608/591
f 1116/654/592 1114/653/592 1113/655/592
f 1223/608/593 1220/611/593 1222/609/593
f 1701/605/594 1702/656/594 1686/606/594
f 1116/654/595 1113/655/595 1118/657/595
f 1220/611/596 1205/658/596 1203/659/596
f 1227/610/597 1253/660/597 1252/564/597
f 1203/659/598 1221/612/598 1220/611/598
f 1221/612/599 1253/660/599 1227/610/599
f 1113/655/600 1110/661/600 1118/657/600
f 1442/662/601 1439/663/601 1441/664/601
f 1201/665/602 1200/614/602 1203/659/602
f 1203/659/603 1224/666/603 1221/612/603
f 906/667/604 893/668/604 905/669/604
f 905/669/605 893/668/605 894/670/605
f 1110/661/606 1122/671/606 1118/657/606
f 1200/614/607 1201/665/607 1199/613/607
f 347/565/608 319/549/608 350/672/608
f 1200/614/609 1247/615/609 1224/666/609
f 1203/659/610 1200/614/610 1224/666/610
f 1247/615/611 1255/673/611 1224/666/611
f 319/549/612 318/572/612 350/672/612
f 356/550/613 359/566/613 355/573/613
f 3054/674/614 3055/675/614 3056/579/614
f 3056/579/615 3055/675/615 3057/676/615
f 326/574/616 325/677/616 324/539/616
f 324/539/617 325/677/617 323/616/617
f 892/678/618 881/679/618 891/680/618
f 3058/580/619 3057/676/619 3059/681/619
f 1214/682/620 1207/623/620 1206/584/620
f 1214/682/621 1236/683/621 1218/631/621
f 1214/682/622 1218/631/622 1207/623/622
f 1237/684/623 1218/631/623 1236/683/623
f 2120/627/624 2121/685/624 2116/626/624
f 1249/686/625 1241/636/625 1239/632/625
f 1261/635/626 1260/687/626 1262/629/626
f 1249/686/627 1244/688/627 1241/636/627
f 1261/635/628 1259/639/628 1260/687/628
f 1244/688/629 1248/689/629 1242/640/629
f 1244/688/630 1242/640/630 1241/636/630
f 1263/587/631 1256/690/631 1259/639/631
f 1256/690/632 1258/691/632 1259/639/632
f 1271/692/633 1265/693/633 1267/642/633
f 1271/692/634 1272/694/634 1265/693/634
f 1265/693/635 1256/690/635 1263/587/635
f 1267/642/636 1265/693/636 1263/587/636
f 2037/554/637 2038/695/637 2025/512/637
f 2025/512/638 2038/695/638 2021/590/638
f 2021/590/639 2038/695/639 2020/696/639
f 600/525/640 602/591/640 601/526/640
f 2020/696/641 2018/697/641 2019/524/641
f 2021/590/642 2020/696/642 2019/524/642
f 2966/645/643 2946/698/643 2967/542/643
f 2967/542/644 2946/698/644 2968/555/644
f 2970/646/645 2966/645/645 2969/531/645
f 2819/699/646 2817/649/646 2816/595/646
f 2960/700/647 2953/648/647 2962/647/647
f 1121/701/648 1119/702/648 1117/652/648
f 3484/703/649 3483/704/649 3482/705/649
f 1772/599/650 1764/706/650 1773/601/650
f 1117/652/651 1119/702/651 1114/653/651
f 1703/707/652 1682/708/652 1686/606/652
f 902/709/653 899/710/653 901/711/653
f 894/670/654 899/710/654 902/709/654
f 1205/658/655 1201/665/655 1203/659/655
f 1202/712/656 1199/613/656 1201/665/656
f 1202/712/657 1204/713/657 1199/613/657
f 1595/714/658 1596/715/658 1597/716/658
f 1204/713/659 1213/617/659 1199/613/659
f 895/717/660 873/718/660 893/668/660
f 1593/719/661 1556/720/661 1594/721/661
f 1556/720/662 1567/722/662 1594/721/662
f 1594/721/663 1567/722/663 1595/714/663
f 1380/723/664 1377/724/664 1373/725/664
f 1593/719/665 1592/726/665 1556/720/665
f 1204/713/666 1250/727/666 1234/728/666
f 1204/713/667 1234/728/667 1213/617/667
f 897/729/668 861/730/668 900/731/668
f 881/679/669 859/732/669 873/718/669
f 1591/733/670 1584/734/670 1592/726/670
f 3555/735/671 3556/736/671 3557/737/671
f 2425/738/672 2428/739/672 2429/740/672
f 2425/738/673 2429/740/673 2443/741/673
f 2444/742/674 2425/738/674 2443/741/674
f 2149/743/675 2150/744/675 2147/745/675
f 1256/690/676 1257/746/676 1258/691/676
f 1272/694/677 1268/747/677 1265/693/677
f 612/552/678 609/748/678 598/553/678
f 598/553/679 597/749/679 589/501/679
f 2822/750/680 2826/751/680 2823/520/680
f 590/502/681 596/752/681 600/525/681
f 2846/753/682 2847/754/682 2842/755/682
f 2225/756/683 2223/757/683 2226/758/683
f 2946/698/684 2947/759/684 2968/555/684
f 1114/653/685 1111/760/685 1113/655/685
f 1113/655/686 1111/760/686 1110/661/686
f 1216/761/687 1201/665/687 1205/658/687
f 1782/762/688 1783/763/688 1781/764/688
f 893/668/689 858/765/689 894/670/689
f 1216/761/690 1202/712/690 1201/665/690
f 1110/661/691 1112/766/691 1122/671/691
f 1818/767/692 1819/768/692 1831/769/692
f 1597/716/693 1596/715/693 1602/770/693
f 1208/771/694 1215/772/694 1204/713/694
f 1208/771/695 1204/713/695 1202/712/695
f 1567/722/696 1596/715/696 1595/714/696
f 873/718/697 859/732/697 858/765/697
f 873/718/698 858/765/698 893/668/698
f 861/730/699 860/773/699 859/732/699
f 1126/774/700 1128/775/700 1131/776/700
f 1592/726/701 1571/777/701 1556/720/701
f 1204/713/702 1215/772/702 1250/727/702
f 897/729/703 863/778/703 861/730/703
f 1584/734/704 1571/777/704 1592/726/704
f 3556/736/705 3558/779/705 3557/737/705
f 1748/780/706 1747/781/706 1749/782/706
f 1600/783/707 1590/784/707 1591/733/707
f 2168/785/708 2151/786/708 2150/744/708
f 2441/787/709 2420/788/709 2439/789/709
f 2147/745/710 2148/790/710 2149/743/710
f 1272/694/711 1273/791/711 1268/747/711
f 1268/747/712 1257/746/712 1265/693/712
f 1265/693/713 1257/746/713 1256/690/713
f 612/552/714 616/792/714 609/748/714
f 598/553/715 609/748/715 597/749/715
f 600/525/716 596/752/716 604/793/716
f 600/525/717 604/793/717 602/591/717
f 3529/794/718 3527/795/718 3532/796/718
f 1049/797/719 1048/798/719 1072/799/719
f 3485/800/720 3486/801/720 3487/802/720
f 2960/700/721 2943/803/721 2953/648/721
f 2953/648/722 2952/804/722 2957/596/722
f 2957/596/723 2952/804/723 2958/805/723
f 1683/806/724 1682/708/724 1681/807/724
f 1119/702/725 1115/808/725 1114/653/725
f 1703/707/726 1680/809/726 1682/708/726
f 1115/808/727 1111/760/727 1114/653/727
f 899/710/728 896/810/728 901/711/728
f 894/670/729 857/811/729 899/710/729
f 1110/661/730 1111/760/730 1112/766/730
f 858/765/731 857/811/731 894/670/731
f 1439/663/732 1435/812/732 1437/813/732
f 1209/814/733 1210/815/733 1208/771/733
f 1209/814/734 1208/771/734 1202/712/734
f 1209/814/735 1202/712/735 1217/816/735
f 1122/671/736 1112/766/736 1126/774/736
f 1567/722/737 1545/817/737 1568/818/737
f 1568/818/738 1606/819/738 1596/715/738
f 1210/815/739 1225/820/739 1208/771/739
f 1556/720/740 1545/817/740 1567/722/740
f 1208/771/741 1225/820/741 1215/772/741
f 862/821/742 860/773/742 861/730/742
f 1822/822/743 1827/823/743 1828/824/743
f 1822/822/744 1826/825/744 1827/823/744
f 897/729/745 864/826/745 863/778/745
f 1591/733/746 1590/784/746 1584/734/746
f 2034/551/747 2039/827/747 2036/589/747
f 597/749/748 596/752/748 589/501/748
f 589/501/749 596/752/749 590/502/749
f 2038/695/750 2042/828/750 2020/696/750
f 1585/592/751 1581/829/751 1577/528/751
f 3527/795/752 3526/830/752 3525/831/752
f 3527/795/753 3525/831/753 3532/796/753
f 1049/797/754 1047/832/754 1048/798/754
f 1072/799/755 1048/798/755 1074/833/755
f 2970/646/756 2948/834/756 2966/645/756
f 2948/834/757 2941/835/757 2946/698/757
f 2966/645/758 2948/834/758 2946/698/758
f 2946/698/759 2943/803/759 2947/759/759
f 2946/698/760 2941/835/760 2943/803/760
f 2941/835/761 2942/836/761 2943/803/761
f 1682/708/762 1680/809/762 1681/807/762
f 2958/805/763 2956/837/763 2963/838/763
f 1704/839/764 1680/809/764 1703/707/764
f 1115/808/765 1120/840/765 1111/760/765
f 1787/841/766 1786/842/766 1785/843/766
f 1437/813/767 1435/812/767 1434/844/767
f 1211/845/768 1212/846/768 1210/815/768
f 1211/845/769 1210/815/769 1209/814/769
f 858/765/770 855/847/770 857/811/770
f 1818/767/771 1817/848/771 1819/768/771
f 1112/766/772 1125/849/772 1126/774/772
f 1596/715/773 1606/819/773 1602/770/773
f 1820/850/774 1821/851/774 1822/822/774
f 1126/774/775 1125/849/775 1128/775/775
f 1571/777/776 1557/852/776 1556/720/776
f 1743/853/777 1746/854/777 1748/780/777
f 1584/734/778 1573/855/778 1571/777/778
f 1748/780/779 1746/854/779 1747/781/779
f 2445/856/780 2437/857/780 2447/858/780
f 2447/858/781 2437/857/781 2436/859/781
f 2039/827/782 2047/860/782 2036/589/782
f 616/792/783 610/861/783 609/748/783
f 610/861/784 597/749/784 609/748/784
f 2038/695/785 2043/862/785 2042/828/785
f 1050/863/786 1047/832/786 1049/797/786
f 1048/798/787 1044/864/787 1064/865/787
f 2953/648/788 2949/866/788 2952/804/788
f 2948/834/789 2945/867/789 2941/835/789
f 2942/836/790 2949/866/790 2943/803/790
f 2943/803/791 2949/866/791 2953/648/791
f 2941/835/792 2944/868/792 2942/836/792
f 2952/804/793 2956/837/793 2958/805/793
f 1756/869/794 1755/870/794 1757/871/794
f 1545/817/795 1536/872/795 1538/873/795
f 1111/760/796 1120/840/796 1112/766/796
f 855/847/797 856/874/797 857/811/797
f 857/811/798 856/874/798 874/875/798
f 874/875/799 875/876/799 857/811/799
f 3079/877/800 3063/878/800 3084/879/800
f 1434/844/801 1435/812/801 1436/880/801
f 3549/881/802 3551/882/802 3550/883/802
f 3062/884/803 3063/878/803 3064/885/803
f 1830/886/804 1829/887/804 1818/767/804
f 1817/848/805 1821/851/805 1820/850/805
f 1819/768/806 1817/848/806 1820/850/806
f 1821/851/807 1823/888/807 1822/822/807
f 1822/822/808 1823/888/808 1826/825/808
f 866/889/809 865/890/809 864/826/809
f 1572/891/810 1557/852/810 1571/777/810
f 1091/892/811 1098/893/811 1097/894/811
f 1573/855/812 1572/891/812 1571/777/812
f 1746/854/813 1742/895/813 1747/781/813
f 1590/784/814 1588/896/814 1584/734/814
f 2158/897/815 2159/898/815 2153/899/815
f 2433/900/816 2438/901/816 2446/902/816
f 610/861/817 607/903/817 597/749/817
f 597/749/818 607/903/818 606/904/818
f 597/749/819 606/904/819 596/752/819
f 1579/905/820 1580/906/820 1583/907/820
f 2043/862/821 2044/908/821 2042/828/821
f 3581/909/822 3579/910/822 3578/911/822
f 1050/863/823 1052/912/823 1047/832/823
f 3578/911/824 3579/910/824 3580/913/824
f 1048/798/825 1047/832/825 1044/864/825
f 1765/914/826 1760/915/826 1758/916/826
f 2945/867/827 2944/868/827 2941/835/827
f 2944/868/828 2950/917/828 2949/866/828
f 2942/836/829 2944/868/829 2949/866/829
f 896/810/830 879/918/830 904/919/830
f 2956/837/831 2961/920/831 2963/838/831
f 1115/808/832 1124/921/832 1120/840/832
f 875/876/833 876/922/833 896/810/833
f 1120/840/834 1123/923/834 1112/766/834
f 1080/924/835 1075/925/835 1081/926/835
f 1829/887/836 1813/927/836 1818/767/836
f 1818/767/837 1813/927/837 1817/848/837
f 1817/848/838 1816/928/838 1821/851/838
f 1821/851/839 1816/928/839 1823/888/839
f 866/889/840 867/929/840 865/890/840
f 1573/855/841 1574/930/841 1572/891/841
f 1584/734/842 1588/896/842 1573/855/842
f 1835/931/843 1837/932/843 1842/933/843
f 1590/784/844 1607/934/844 1588/896/844
f 2039/827/845 2048/935/845 2047/860/845
f 1917/936/846 1914/937/846 1916/938/846
f 1917/936/847 1916/938/847 1918/939/847
f 3525/831/848 3524/940/848 3532/796/848
f 2042/828/849 2044/908/849 2045/941/849
f 2207/942/850 2209/943/850 2210/944/850
f 1064/865/851 1044/864/851 1065/945/851
f 2949/866/852 2951/946/852 2952/804/852
f 1065/945/853 1046/947/853 1066/948/853
f 2011/949/854 2010/950/854 2007/951/854
f 2952/804/855 2951/946/855 2956/837/855
f 1066/948/856 1046/947/856 1057/952/856
f 879/918/857 903/953/857 904/919/857
f 876/922/858 879/918/858 896/810/858
f 1744/954/859 1737/955/859 1745/956/859
f 1112/766/860 1123/923/860 1125/849/860
f 1097/894/861 1082/957/861 1091/892/861
f 886/958/862 867/929/862 866/889/862
f 1740/959/863 1738/960/863 1746/854/863
f 1813/927/864 1812/961/864 1817/848/864
f 1817/848/865 1812/961/865 1816/928/865
f 1075/925/866 1076/962/866 1077/963/866
f 1430/964/867 1424/965/867 1425/966/867
f 1588/896/868 1574/930/868 1573/855/868
f 1833/967/869 1835/931/869 1842/933/869
f 1428/968/870 1423/969/870 1426/970/870
f 1912/971/871 1910/972/871 1908/973/871
f 1580/906/872 1601/974/872 1583/907/872
f 3523/975/873 3522/976/873 3524/940/873
f 772/977/874 761/978/874 767/979/874
f 1047/832/875 1045/980/875 1044/864/875
f 1065/945/876 1044/864/876 1046/947/876
f 1758/916/877 1759/981/877 1754/982/877
f 2950/917/878 2951/946/878 2949/866/878
f 879/918/879 880/983/879 903/953/879
f 2944/868/880 2954/984/880 2950/917/880
f 1046/947/881 1055/985/881 1057/952/881
f 2007/951/882 2008/986/882 2009/987/882
f 2956/837/883 2951/946/883 2961/920/883
f 876/922/884 878/988/884 879/918/884
f 2944/868/885 2965/989/885 2954/984/885
f 1089/990/886 1085/991/886 1087/992/886
f 1744/954/887 1732/993/887 1737/955/887
f 1120/840/888 1124/921/888 1123/923/888
f 1123/923/889 1127/994/889 1125/849/889
f 886/958/890 887/995/890 867/929/890
f 1077/963/891 1076/962/891 1082/957/891
f 1812/961/892 1814/996/892 1816/928/892
f 1814/996/893 1825/997/893 1816/928/893
f 1833/967/894 1834/998/894 1835/931/894
f 1835/931/895 1836/999/895 1837/932/895
f 1837/932/896 1836/999/896 1838/1000/896
f 1910/972/897 1909/1001/897 1908/973/897
f 1601/974/898 1603/1002/898 1583/907/898
f 3522/976/899 3528/1003/899 3524/940/899
f 3499/1004/900 3498/1005/900 3493/1006/900
f 1052/912/901 1060/1007/901 1051/1008/901
f 1052/912/902 1051/1008/902 1047/832/902
f 1776/1009/903 1775/1010/903 1769/1011/903
f 3496/1012/904 3497/1013/904 3492/1014/904
f 1044/864/905 1045/980/905 1046/947/905
f 879/918/906 878/988/906 880/983/906
f 2010/950/907 2008/986/907 2007/951/907
f 2950/917/908 2955/1015/908 2951/946/908
f 2950/917/909 2954/984/909 2955/1015/909
f 2009/987/910 2008/986/910 2012/1016/910
f 2951/946/911 2964/1017/911 2961/920/911
f 1087/992/912 1085/991/912 1084/1018/912
f 1081/926/913 1078/1019/913 1084/1018/913
f 1085/991/914 1081/926/914 1084/1018/914
f 1129/1020/915 1123/923/915 1124/921/915
f 1130/1021/916 1129/1020/916 1124/921/916
f 1081/926/917 1075/925/917 1078/1019/917
f 1083/1022/918 1082/957/918 1096/1023/918
f 1075/925/919 1077/963/919 1078/1019/919
f 1077/963/920 1082/957/920 1083/1022/920
f 3064/885/921 3065/1024/921 3066/1025/921
f 1425/966/922 1417/1026/922 1416/1027/922
f 1814/996/923 1824/1028/923 1825/997/923
f 1833/967/924 1840/1029/924 1834/998/924
f 1803/1030/925 1805/1031/925 1813/927/925
f 1813/927/926 1805/1031/926 1812/961/926
f 1834/998/927 1836/999/927 1835/931/927
f 1812/961/928 1811/1032/928 1814/996/928
f 1811/1032/929 1815/1033/929 1814/996/929
f 1997/1034/930 1995/1035/930 1999/1036/930
f 1922/1037/931 1909/1001/931 1910/972/931
f 1921/1038/932 1922/1037/932 1910/972/932
f 770/1039/933 778/1040/933 766/1041/933
f 1063/1042/934 1060/1007/934 1052/912/934
f 3493/1006/935 3497/1013/935 3496/1012/935
f 1045/980/936 1054/1043/936 1046/947/936
f 2347/1044/937 2342/1045/937 2343/1046/937
f 878/988/938 882/1047/938 880/983/938
f 3490/1048/939 3491/1049/939 3492/1014/939
f 1046/947/940 1054/1043/940 1055/985/940
f 1087/992/941 1084/1018/941 1088/1050/941
f 1054/1043/942 1056/1051/942 1055/985/942
f 2951/946/943 2955/1015/943 2964/1017/943
f 1088/1050/944 1084/1018/944 1083/1022/944
f 1088/1050/945 1083/1022/945 1090/1052/945
f 1084/1018/946 1078/1019/946 1083/1022/946
f 1078/1019/947 1077/963/947 1083/1022/947
f 1840/1029/948 1843/1053/948 1834/998/948
f 1805/1031/949 1811/1032/949 1812/961/949
f 1811/1032/950 1810/1054/950 1815/1033/950
f 1995/1035/951 1993/1055/951 2001/1056/951
f 1995/1035/952 2001/1056/952 1999/1036/952
f 1051/1008/953 1045/980/953 1047/832/953
f 1775/1010/954 1761/1057/954 1762/1058/954
f 3492/1014/955 3497/1013/955 3490/1048/955
f 2341/1059/956 2343/1046/956 2342/1045/956
f 773/1060/957 763/1061/957 762/1062/957
f 1054/1043/958 1069/1063/958 1056/1051/958
f 1717/1064/959 1711/1065/959 1715/1066/959
f 1962/1067/960 1964/1068/960 1963/1069/960
f 1709/1070/961 1705/1071/961 1716/1072/961
f 3065/1024/962 3067/1073/962 3066/1025/962
f 1803/1030/963 1804/1074/963 1805/1031/963
f 1806/1075/964 1805/1031/964 1804/1074/964
f 1834/998/965 1839/1076/965 1836/999/965
f 1806/1075/966 1809/1077/966 1808/1078/966
f 1806/1075/967 1808/1078/967 1805/1031/967
f 1808/1078/968 1810/1054/968 1805/1031/968
f 1805/1031/969 1810/1054/969 1811/1032/969
f 1997/1034/970 1994/1079/970 1995/1035/970
f 3846/1080/971 3848/1081/971 3849/1082/971
f 3849/1082/972 3848/1081/972 3850/1083/972
f 766/1041/973 765/1084/973 770/1039/973
f 1775/1010/974 1777/1085/974 1761/1057/974
f 2339/1086/975 2340/1087/975 2341/1059/975
f 762/1062/976 763/1061/976 761/978/976
f 762/1062/977 761/978/977 760/1088/977
f 1045/980/978 1058/1089/978 1054/1043/978
f 1054/1043/979 1058/1089/979 1069/1063/979
f 1069/1063/980 1071/1090/980 1056/1051/980
f 1961/1091/981 1963/1069/981 1968/1092/981
f 1709/1070/982 1710/1093/982 1706/1094/982
f 1965/1095/983 1966/1096/983 1964/1068/983
f 1709/1070/984 1706/1094/984 1705/1071/984
f 1843/1053/985 1841/1097/985 1834/998/985
f 3068/1098/986 3073/1099/986 3094/1100/986
f 1834/998/987 1841/1097/987 1839/1076/987
f 1807/1101/988 1806/1075/988 1804/1074/988
f 1994/1079/989 1993/1055/989 1995/1035/989
f 2001/1056/990 1993/1055/990 1998/1102/990
f 2001/1056/991 1998/1102/991 2002/1103/991
f 2002/1103/992 1998/1102/992 2000/1104/992
f 2002/1103/993 2000/1104/993 2003/1105/993
f 3795/1106/994 3793/1107/994 3791/1108/994
f 3810/1109/995 3806/1110/995 3817/1111/995
f 3793/1107/996 3792/1112/996 3791/1108/996
f 3793/1107/997 3794/1113/997 3792/1112/997
f 3848/1081/998 3851/1114/998 3850/1083/998
f 3846/1080/999 3847/1115/999 3848/1081/999
f 3848/1081/1000 3847/1115/1000 3851/1114/1000
f 1922/1037/1001 1907/1116/1001 1909/1001/1001
f 1909/1001/1002 1907/1116/1002 1908/973/1002
f 765/1084/1003 777/1117/1003 770/1039/1003
f 1073/1118/1004 1068/1119/1004 1063/1042/1004
f 1068/1119/1005 1060/1007/1005 1063/1042/1005
f 1778/1120/1006 1777/1085/1006 1776/1009/1006
f 1776/1009/1007 1777/1085/1007 1775/1010/1007
f 761/978/1008 764/1121/1008 765/1084/1008
f 1051/1008/1009 1053/1122/1009 1045/980/1009
f 2341/1059/1010 2344/1123/1010 2343/1046/1010
f 2343/1046/1011 2344/1123/1011 2346/1124/1011
f 882/1047/1012 884/1125/1012 883/1126/1012
f 882/1047/1013 883/1126/1013 880/983/1013
f 3497/1013/1014 3501/1127/1014 3490/1048/1014
f 3490/1048/1015 3501/1127/1015 3502/1128/1015
f 2206/1129/1016 2203/1130/1016 2205/1131/1016
f 3162/1132/1017 3159/1133/1017 3158/1134/1017
f 1994/1079/1018 1991/1135/1018 1993/1055/1018
f 1998/1102/1019 1993/1055/1019 1996/1136/1019
f 1998/1102/1020 1996/1136/1020 2000/1104/1020
f 3791/1108/1021 3792/1112/1021 3790/1137/1021
f 3832/1138/1022 3829/1139/1022 3841/1140/1022
f 3829/1139/1023 3827/1141/1023 3841/1140/1023
f 3831/1142/1024 3829/1139/1024 3832/1138/1024
f 3842/1143/1025 3840/1144/1025 3831/1142/1025
f 1028/1145/1026 1029/1146/1026 1030/1147/1026
f 2497/1148/1027 2490/1149/1027 2491/1150/1027
f 765/1084/1028 771/1151/1028 777/1117/1028
f 2177/1152/1029 2174/1153/1029 2175/1154/1029
f 764/1121/1030 771/1151/1030 765/1084/1030
f 2175/1154/1031 2173/1155/1031 2176/1156/1031
f 3512/1157/1032 3513/1158/1032 3514/1159/1032
f 1045/980/1033 1053/1122/1033 1058/1089/1033
f 1708/1160/1034 1707/1161/1034 1712/1162/1034
f 1991/1135/1035 1992/1163/1035 1993/1055/1035
f 1996/1136/1036 2004/1164/1036 2000/1104/1036
f 1993/1055/1037 1992/1163/1037 1996/1136/1037
f 3790/1137/1038 3792/1112/1038 3796/1165/1038
f 3805/1166/1039 3808/1167/1039 3806/1110/1039
f 3855/1168/1040 3853/1169/1040 3852/1170/1040
f 3831/1142/1041 3826/1171/1041 3829/1139/1041
f 3852/1170/1042 3853/1169/1042 3854/1172/1042
f 1922/1037/1043 1904/1173/1043 1907/1116/1043
f 1908/973/1044 1906/1174/1044 1905/1175/1044
f 2492/1176/1045 2495/1177/1045 2487/1178/1045
f 2908/1179/1046 2892/1180/1046 2906/1181/1046
f 2892/1180/1047 2899/1182/1047 2906/1181/1047
f 1068/1119/1048 1067/1183/1048 1060/1007/1048
f 2174/1153/1049 2173/1155/1049 2175/1154/1049
f 1051/1008/1050 1060/1007/1050 1053/1122/1050
f 3501/1127/1051 3503/1184/1051 3502/1128/1051
f 763/1061/1052 769/1185/1052 768/1186/1052
f 1991/1135/1053 2006/1187/1053 1992/1163/1053
f 1996/1136/1054 2005/1188/1054 2004/1164/1054
f 1992/1163/1055 2005/1188/1055 1996/1136/1055
f 3829/1139/1056 3826/1171/1056 3827/1141/1056
f 3840/1144/1057 3839/1189/1057 3838/1190/1057
f 3840/1144/1058 3838/1190/1058 3831/1142/1058
f 3831/1142/1059 3838/1190/1059 3826/1171/1059
f 1036/1191/1060 1031/1192/1060 1043/1193/1060
f 2491/1150/1061 2490/1149/1061 2486/1194/1061
f 1060/1007/1062 1061/1195/1062 1053/1122/1062
f 2345/1196/1063 2348/1197/1063 2344/1123/1063
f 2344/1123/1064 2348/1197/1064 2346/1124/1064
f 884/1125/1065 885/1198/1065 883/1126/1065
f 2907/1199/1066 2892/1180/1066 2908/1179/1066
f 764/1121/1067 774/1200/1067 771/1151/1067
f 1053/1122/1068 1059/1201/1068 1058/1089/1068
f 3074/1202/1069 3075/1203/1069 3081/1204/1069
f 1906/1174/1070 1904/1173/1070 1905/1175/1070
f 2487/1178/1071 2495/1177/1071 2488/1205/1071
f 2174/1153/1072 2171/1206/1072 2173/1155/1072
f 1067/1183/1073 1061/1195/1073 1060/1007/1073
f 2346/1124/1074 2348/1197/1074 2349/1207/1074
f 2893/1208/1075 2892/1180/1075 2907/1199/1075
f 1061/1195/1076 1059/1201/1076 1053/1122/1076
f 3826/1171/1077 3825/1209/1077 3827/1141/1077
f 3805/1166/1078 3799/1210/1078 3798/1211/1078
f 3805/1166/1079 3798/1211/1079 3808/1167/1079
f 3839/1189/1080 3837/1212/1080 3838/1190/1080
f 2486/1194/1081 2487/1178/1081 2488/1205/1081
f 2495/1177/1082 2493/1213/1082 2488/1205/1082
f 2177/1152/1083 2171/1206/1083 2174/1153/1083
f 2171/1206/1084 2172/1214/1084 2173/1155/1084
f 2345/1196/1085 2351/1215/1085 2348/1197/1085
f 2882/1216/1086 2909/1217/1086 2899/1182/1086
f 2892/1180/1087 2882/1216/1087 2899/1182/1087
f 2893/1208/1088 2879/1218/1088 2892/1180/1088
f 768/1186/1089 776/1219/1089 775/1220/1089
f 3825/1209/1090 3828/1221/1090 3827/1141/1090
f 3838/1190/1091 3837/1212/1091 3826/1171/1091
f 2486/1194/1092 2488/1205/1092 2489/1222/1092
f 2488/1205/1093 2493/1213/1093 2489/1222/1093
f 2177/1152/1094 2178/1223/1094 2171/1206/1094
f 885/1198/1095 889/1224/1095 888/1225/1095
f 1351/1226/1096 1340/1227/1096 1338/1228/1096
f 2892/1180/1097 2879/1218/1097 2882/1216/1097
f 1061/1195/1098 1062/1229/1098 1059/1201/1098
f 3501/1127/1099 3504/1230/1099 3503/1184/1099
f 3825/1209/1100 3830/1231/1100 3828/1221/1100
f 3837/1212/1101 3825/1209/1101 3826/1171/1101
f 2643/1232/1102 2645/1233/1102 2646/1234/1102
f 2643/1232/1103 2644/1235/1103 2645/1233/1103
f 2882/1216/1104 2900/1236/1104 2909/1217/1104
f 1062/1229/1105 1070/1237/1105 1059/1201/1105
f 2888/1238/1106 2885/1239/1106 2886/1240/1106
f 2898/1241/1107 2885/1239/1107 2888/1238/1107
f 3828/1221/1108 3833/1242/1108 3843/1243/1108
f 3862/1244/1109 3859/1245/1109 3861/1246/1109
f 3837/1212/1110 3823/1247/1110 3825/1209/1110
f 1900/1248/1111 1899/1249/1111 1903/1250/1111
f 2644/1235/1112 2671/1251/1112 2645/1233/1112
f 2646/1234/1113 2645/1233/1113 2647/1252/1113
f 2178/1223/1114 2179/1253/1114 2171/1206/1114
f 2663/1254/1115 2652/1255/1115 2662/1256/1115
f 2351/1215/1116 2352/1257/1116 2348/1197/1116
f 2348/1197/1117 2352/1257/1117 2350/1258/1117
f 2882/1216/1118 2876/1259/1118 2900/1236/1118
f 2882/1216/1119 2879/1218/1119 2876/1259/1119
f 2898/1241/1120 2897/1260/1120 2885/1239/1120
f 3828/1221/1121 3830/1231/1121 3833/1242/1121
f 3798/1211/1122 3800/1261/1122 3801/1262/1122
f 3563/1263/1123 3562/1264/1123 3559/1265/1123
f 2645/1233/1124 2671/1251/1124 2649/1266/1124
f 2647/1252/1125 2645/1233/1125 2648/1267/1125
f 2645/1233/1126 2649/1266/1126 2648/1267/1126
f 2180/1268/1127 2179/1253/1127 2178/1223/1127
f 2652/1255/1128 2654/1269/1128 2662/1256/1128
f 889/1224/1129 890/1270/1129 888/1225/1129
f 2654/1269/1130 2766/1271/1130 2662/1256/1130
f 1801/1272/1131 1799/1273/1131 1800/1274/1131
f 2885/1239/1132 2880/1275/1132 2879/1218/1132
f 3809/1276/1133 3821/1277/1133 3802/1278/1133
f 3821/1277/1134 3822/1279/1134 3803/1280/1134
f 3802/1278/1135 3821/1277/1135 3803/1280/1135
f 3859/1245/1136 3860/1281/1136 3861/1246/1136
f 1901/1282/1137 1902/1283/1137 1899/1249/1137
f 3559/1265/1138 3560/1284/1138 3561/1285/1138
f 1899/1249/1139 1902/1283/1139 1911/1286/1139
f 3560/1284/1140 3564/1287/1140 3561/1285/1140
f 3564/1287/1141 3565/1288/1141 3561/1285/1141
f 2649/1266/1142 2651/1289/1142 2650/1290/1142
f 2648/1267/1143 2649/1266/1143 2650/1290/1143
f 2649/1266/1144 2661/1291/1144 2651/1289/1144
f 3564/1287/1145 3566/1292/1145 3565/1288/1145
f 2650/1290/1146 2651/1289/1146 2652/1255/1146
f 2650/1290/1147 2652/1255/1147 2678/1293/1147
f 2651/1289/1148 2653/1294/1148 2652/1255/1148
f 2352/1257/1149 2353/1295/1149 2350/1258/1149
f 2653/1294/1150 2654/1269/1150 2652/1255/1150
f 2876/1259/1151 2901/1296/1151 2900/1236/1151
f 2876/1259/1152 2879/1218/1152 2877/1297/1152
f 2880/1275/1153 2878/1298/1153 2879/1218/1153
f 2879/1218/1154 2878/1298/1154 2877/1297/1154
f 1800/1274/1155 1799/1273/1155 1798/1299/1155
f 2897/1260/1156 2880/1275/1156 2885/1239/1156
f 3335/1300/1157 3326/1301/1157 3325/1302/1157
f 3326/1301/1158 3324/1303/1158 3325/1302/1158
f 1902/1283/1159 1894/1304/1159 1898/1305/1159
f 1911/1286/1160 1898/1305/1160 1913/1306/1160
f 2655/1307/1161 2653/1294/1161 2651/1289/1161
f 2901/1296/1162 2876/1259/1162 2889/1308/1162
f 2905/1309/1163 2896/1310/1163 2897/1260/1163
f 2897/1260/1164 2896/1310/1164 2880/1275/1164
f 3325/1302/1165 3324/1303/1165 3323/1311/1165
f 3324/1303/1166 3322/1312/1166 3323/1311/1166
f 1894/1304/1167 1896/1313/1167 1898/1305/1167
f 2786/1314/1168 2738/1315/1168 2785/1316/1168
f 2676/1317/1169 2675/1318/1169 2661/1291/1169
f 2661/1291/1170 2655/1307/1170 2651/1289/1170
f 2766/1271/1171 2767/1319/1171 2741/1320/1171
f 2766/1271/1172 2741/1320/1172 2765/1321/1172
f 2654/1269/1173 2767/1319/1173 2766/1271/1173
f 2670/1322/1174 2654/1269/1174 2653/1294/1174
f 2877/1297/1175 2869/1323/1175 2876/1259/1175
f 2877/1297/1176 2878/1298/1176 2869/1323/1176
f 1799/1273/1177 1794/1324/1177 1798/1299/1177
f 1794/1324/1178 1793/1325/1178 1798/1299/1178
f 2880/1275/1179 2884/1326/1179 2878/1298/1179
f 2905/1309/1180 2916/1327/1180 2896/1310/1180
f 3830/1231/1181 3834/1328/1181 3833/1242/1181
f 2738/1315/1182 2737/1329/1182 2785/1316/1182
f 1894/1304/1183 1895/1330/1183 1896/1313/1183
f 2741/1320/1184 2740/1331/1184 2739/1332/1184
f 2765/1321/1185 2741/1320/1185 2739/1332/1185
f 2661/1291/1186 2657/1333/1186 2655/1307/1186
f 2656/1334/1187 2670/1322/1187 2653/1294/1187
f 2655/1307/1188 2656/1334/1188 2653/1294/1188
f 2654/1269/1189 2670/1322/1189 2767/1319/1189
f 2876/1259/1190 2868/1335/1190 2889/1308/1190
f 2876/1259/1191 2869/1323/1191 2868/1335/1191
f 2878/1298/1192 2881/1336/1192 2869/1323/1192
f 1798/1299/1193 1793/1325/1193 1796/1337/1193
f 2896/1310/1194 2884/1326/1194 2880/1275/1194
f 3845/1338/1195 3835/1339/1195 3830/1231/1195
f 3830/1231/1196 3835/1339/1196 3834/1328/1196
f 2785/1316/1197 2737/1329/1197 2784/1340/1197
f 2739/1332/1198 2721/1341/1198 2738/1315/1198
f 2740/1331/1199 2721/1341/1199 2739/1332/1199
f 2661/1291/1200 2675/1318/1200 2657/1333/1200
f 2657/1333/1201 2656/1334/1201 2655/1307/1201
f 2878/1298/1202 2884/1326/1202 2883/1342/1202
f 2916/1327/1203 2913/1343/1203 2896/1310/1203
f 2913/1343/1204 2884/1326/1204 2896/1310/1204
f 3813/1344/1205 3819/1345/1205 3821/1277/1205
f 3821/1277/1206 3819/1345/1206 3822/1279/1206
f 3845/1338/1207 3844/1346/1207 3835/1339/1207
f 3321/1347/1208 3322/1312/1208 3317/1348/1208
f 2737/1329/1209 2724/1349/1209 2784/1340/1209
f 2721/1341/1210 2719/1350/1210 2737/1329/1210
f 2738/1315/1211 2721/1341/1211 2737/1329/1211
f 287/1351/1212 299/1352/1212 312/1353/1212
f 995/1354/1213 962/1355/1213 993/1356/1213
f 2670/1322/1214 2768/1357/1214 2767/1319/1214
f 2869/1323/1215 2867/1358/1215 2868/1335/1215
f 2869/1323/1216 2881/1336/1216 2867/1358/1216
f 3813/1344/1217 3816/1359/1217 3819/1345/1217
f 3317/1348/1218 3315/1360/1218 3316/1361/1218
f 2784/1340/1219 2724/1349/1219 2782/1362/1219
f 2737/1329/1220 2719/1350/1220 2724/1349/1220
f 962/1355/1221 975/1363/1221 993/1356/1221
f 2741/1320/1222 2723/1364/1222 2740/1331/1222
f 995/1354/1223 996/1365/1223 962/1355/1223
f 3542/1366/1224 3543/1367/1224 3544/1368/1224
f 2675/1318/1225 2658/1369/1225 2657/1333/1225
f 2768/1357/1226 2771/1370/1226 2767/1319/1226
f 2658/1369/1227 2656/1334/1227 2657/1333/1227
f 2656/1334/1228 2768/1357/1228 2670/1322/1228
f 2890/1371/1229 2868/1335/1229 2865/1372/1229
f 2881/1336/1230 2883/1342/1230 2891/1373/1230
f 1793/1325/1231 1795/1374/1231 1796/1337/1231
f 2916/1327/1232 2927/1375/1232 2913/1343/1232
f 3835/1339/1233 3836/1376/1233 3834/1328/1233
f 3316/1361/1234 3315/1360/1234 3309/1377/1234
f 2719/1350/1235 2695/1378/1235 2724/1349/1235
f 962/1355/1236 959/1379/1236 975/1363/1236
f 2679/1380/1237 2677/1381/1237 2658/1369/1237
f 2768/1357/1238 2770/1382/1238 2771/1370/1238
f 2656/1334/1239 2769/1383/1239 2768/1357/1239
f 2659/1384/1240 2769/1383/1240 2656/1334/1240
f 2867/1358/1241 2866/1385/1241 2865/1372/1241
f 2867/1358/1242 2881/1336/1242 2866/1385/1242
f 1791/1386/1243 1795/1374/1243 1793/1325/1243
f 2884/1326/1244 2917/1387/1244 2883/1342/1244
f 3835/1339/1245 3844/1346/1245 3836/1376/1245
f 2719/1350/1246 2718/1388/1246 2695/1378/1246
f 2740/1331/1247 2723/1364/1247 2721/1341/1247
f 2723/1364/1248 2720/1389/1248 2721/1341/1248
f 2721/1341/1249 2720/1389/1249 2719/1350/1249
f 2720/1389/1250 2718/1388/1250 2719/1350/1250
f 743/1390/1251 744/1391/1251 747/1392/1251
f 2768/1357/1252 2769/1383/1252 2770/1382/1252
f 2658/1369/1253 2659/1384/1253 2656/1334/1253
f 2890/1371/1254 2865/1372/1254 2911/1393/1254
f 2913/1343/1255 2918/1394/1255 2884/1326/1255
f 3401/1395/1256 3411/1396/1256 3407/1397/1256
f 3396/1398/1257 3411/1396/1257 3401/1395/1257
f 2813/1399/1258 2790/1400/1258 2798/1401/1258
f 2790/1400/1259 2735/1402/1259 2798/1401/1259
f 2806/1403/1260 2772/1404/1260 2790/1400/1260
f 2790/1400/1261 2772/1404/1261 2735/1402/1261
f 2415/1405/1262 2412/1406/1262 2414/1407/1262
f 2414/1407/1263 2412/1406/1263 2406/1408/1263
f 2414/1407/1264 2406/1408/1264 2413/1409/1264
f 2406/1408/1265 2409/1410/1265 2413/1409/1265
f 2412/1406/1266 2407/1411/1266 2406/1408/1266
f 3309/1377/1267 3315/1360/1267 3311/1412/1267
f 2782/1362/1268 2724/1349/1268 2694/1413/1268
f 2782/1362/1269 2694/1413/1269 2787/1414/1269
f 2664/1415/1270 2658/1369/1270 2677/1381/1270
f 2769/1383/1271 2794/1416/1271 2770/1382/1271
f 2664/1415/1272 2660/1417/1272 2658/1369/1272
f 2658/1369/1273 2660/1417/1273 2659/1384/1273
f 3545/1418/1274 3546/1419/1274 3547/1420/1274
f 2865/1372/1275 2864/1421/1275 2862/1422/1275
f 2866/1385/1276 2864/1421/1276 2865/1372/1276
f 1331/1423/1277 1333/1424/1277 1342/1425/1277
f 2881/1336/1278 2895/1426/1278 2866/1385/1278
f 2891/1373/1279 2895/1426/1279 2881/1336/1279
f 1793/1325/1280 1789/1427/1280 1791/1386/1280
f 2927/1375/1281 2925/1428/1281 2913/1343/1281
f 2913/1343/1282 2925/1428/1282 2918/1394/1282
f 3408/1429/1283 3407/1397/1283 3413/1430/1283
f 3401/1395/1284 3407/1397/1284 3402/1431/1284
f 3399/1432/1285 3401/1395/1285 3402/1431/1285
f 2811/1433/1286 2813/1399/1286 2797/1434/1286
f 3399/1432/1287 3396/1398/1287 3401/1395/1287
f 2813/1399/1288 2798/1401/1288 2797/1434/1288
f 2798/1401/1289 2743/1435/1289 2797/1434/1289
f 2798/1401/1290 2735/1402/1290 2743/1435/1290
f 2806/1403/1291 2780/1436/1291 2772/1404/1291
f 2772/1404/1292 2733/1437/1292 2735/1402/1292
f 2512/1438/1293 2511/1439/1293 2508/1440/1293
f 807/1441/1294 810/1442/1294 800/1443/1294
f 2125/1444/1295 2126/1445/1295 2127/1446/1295
f 2575/1447/1296 2574/1448/1296 2568/1449/1296
f 2568/1449/1297 2576/1450/1297 2575/1447/1297
f 2409/1410/1298 2406/1408/1298 2404/1451/1298
f 2568/1449/1299 2570/1452/1299 2576/1450/1299
f 2406/1408/1300 2407/1411/1300 2402/1453/1300
f 2406/1408/1301 2402/1453/1301 2404/1451/1301
f 959/1379/1302 965/1454/1302 975/1363/1302
f 975/1363/1303 965/1454/1303 994/1455/1303
f 2720/1389/1304 2722/1456/1304 2718/1388/1304
f 314/1457/1305 300/1458/1305 316/1459/1305
f 1333/1424/1306 1315/1460/1306 1342/1425/1306
f 2895/1426/1307 2887/1461/1307 2866/1385/1307
f 1791/1386/1308 1797/1462/1308 1795/1374/1308
f 1795/1374/1309 1797/1462/1309 1802/1463/1309
f 2925/1428/1310 2928/1464/1310 2918/1394/1310
f 2777/1465/1311 2751/1466/1311 2781/1467/1311
f 3424/1468/1312 3423/1469/1312 3421/1470/1312
f 2810/1471/1313 2783/1472/1313 2799/1473/1313
f 3408/1429/1314 3413/1430/1314 3421/1470/1314
f 2788/1474/1315 2783/1472/1315 2810/1471/1315
f 2807/1475/1316 2788/1474/1316 2810/1471/1316
f 3402/1431/1317 3407/1397/1317 3408/1429/1317
f 2788/1474/1318 2747/1476/1318 2783/1472/1318
f 2811/1433/1319 2797/1434/1319 2807/1475/1319
f 2807/1475/1320 2745/1477/1320 2788/1474/1320
f 2797/1434/1321 2745/1477/1321 2807/1475/1321
f 2745/1477/1322 2747/1476/1322 2788/1474/1322
f 2797/1434/1323 2743/1435/1323 2745/1477/1323
f 3395/1478/1324 3393/1479/1324 3396/1398/1324
f 3393/1479/1325 3404/1480/1325 3405/1481/1325
f 3393/1479/1326 3405/1481/1326 3396/1398/1326
f 2775/1482/1327 2780/1436/1327 2806/1403/1327
f 2780/1436/1328 2733/1437/1328 2772/1404/1328
f 2735/1402/1329 2736/1483/1329 2743/1435/1329
f 2775/1482/1330 2733/1437/1330 2780/1436/1330
f 2731/1484/1331 2732/1485/1331 2733/1437/1331
f 2732/1485/1332 2734/1486/1332 2733/1437/1332
f 2733/1437/1333 2734/1486/1333 2735/1402/1333
f 2735/1402/1334 2734/1486/1334 2736/1483/1334
f 2804/1487/1335 2773/1488/1335 2775/1482/1335
f 578/1489/1336 580/1490/1336 587/1491/1336
f 2508/1440/1337 2511/1439/1337 2509/1492/1337
f 800/1443/1338 797/1493/1338 807/1441/1338
f 807/1441/1339 797/1493/1339 804/1494/1339
f 2574/1448/1340 2573/1495/1340 2568/1449/1340
f 2137/1496/1341 2141/1497/1341 2139/1498/1341
f 2568/1449/1342 2569/1499/1342 2570/1452/1342
f 2408/1500/1343 2402/1453/1343 2407/1411/1343
f 3128/1501/1344 3113/1502/1344 3133/1503/1344
f 3128/1501/1345 3125/1504/1345 3113/1502/1345
f 3125/1504/1346 3112/1505/1346 3113/1502/1346
f 3575/1506/1347 3576/1507/1347 3577/1508/1347
f 3125/1504/1348 3121/1509/1348 3112/1505/1348
f 2787/1414/1349 2694/1413/1349 2762/1510/1349
f 2695/1378/1350 2680/1511/1350 2694/1413/1350
f 2722/1456/1351 2717/1512/1351 2718/1388/1351
f 2718/1388/1352 2717/1512/1352 2695/1378/1352
f 3132/1513/1353 3134/1514/1353 3126/1515/1353
f 3132/1513/1354 3126/1515/1354 3122/1516/1354
f 149/1517/1355 147/1518/1355 148/1519/1355
f 3126/1515/1356 3124/1520/1356 3122/1516/1356
f 3122/1516/1357 3124/1520/1357 3117/1521/1357
f 147/1518/1358 146/1522/1358 148/1519/1358
f 147/1518/1359 102/1523/1359 146/1522/1359
f 3126/1515/1360 3131/1524/1360 3124/1520/1360
f 3124/1520/1361 3123/1525/1361 3117/1521/1361
f 3124/1520/1362 3131/1524/1362 3123/1525/1362
f 2672/1526/1363 2794/1416/1363 2769/1383/1363
f 1345/1527/1364 1344/1528/1364 1335/1529/1364
f 2862/1422/1365 2864/1421/1365 2863/1530/1365
f 2866/1385/1366 2887/1461/1366 2864/1421/1366
f 2895/1426/1367 2915/1531/1367 2887/1461/1367
f 3429/1532/1368 3427/1533/1368 3428/1534/1368
f 3428/1534/1369 3476/1535/1369 3429/1532/1369
f 2814/1536/1370 2781/1467/1370 2796/1537/1370
f 3427/1533/1371 3426/1538/1371 3428/1534/1371
f 2796/1537/1372 2781/1467/1372 2753/1539/1372
f 3425/1540/1373 3424/1468/1373 3426/1538/1373
f 3425/1540/1374 3426/1538/1374 3427/1533/1374
f 3425/1540/1375 3423/1469/1375 3424/1468/1375
f 2799/1473/1376 2783/1472/1376 2750/1541/1376
f 2799/1473/1377 2750/1541/1377 2777/1465/1377
f 2777/1465/1378 2750/1541/1378 2751/1466/1378
f 2750/1541/1379 2749/1542/1379 2751/1466/1379
f 2783/1472/1380 2747/1476/1380 2750/1541/1380
f 3394/1543/1381 3393/1479/1381 3395/1478/1381
f 2745/1477/1382 2746/1544/1382 2747/1476/1382
f 2743/1435/1383 2744/1545/1383 2745/1477/1383
f 3393/1479/1384 3403/1546/1384 3404/1480/1384
f 2743/1435/1385 2736/1483/1385 2744/1545/1385
f 3389/1547/1386 3403/1546/1386 3393/1479/1386
f 3385/1548/1387 3388/1549/1387 3389/1547/1387
f 3385/1548/1388 3384/1550/1388 3388/1549/1388
f 3388/1549/1389 3412/1551/1389 3389/1547/1389
f 3389/1547/1390 3412/1551/1390 3403/1546/1390
f 2812/1552/1391 2727/1553/1391 2804/1487/1391
f 2727/1553/1392 2773/1488/1392 2804/1487/1392
f 2775/1482/1393 2773/1488/1393 2729/1554/1393
f 2775/1482/1394 2729/1554/1394 2733/1437/1394
f 2733/1437/1395 2729/1554/1395 2731/1484/1395
f 3384/1550/1396 3390/1555/1396 3388/1549/1396
f 3390/1555/1397 3414/1556/1397 3388/1549/1397
f 2812/1552/1398 2789/1557/1398 2727/1553/1398
f 3388/1549/1399 3414/1556/1399 3412/1551/1399
f 2727/1553/1400 2729/1554/1400 2773/1488/1400
f 2789/1557/1401 2716/1558/1401 2727/1553/1401
f 2795/1559/1402 2763/1560/1402 2714/1561/1402
f 2795/1559/1403 2714/1561/1403 2779/1562/1403
f 2779/1562/1404 2714/1561/1404 2716/1558/1404
f 2779/1562/1405 2716/1558/1405 2789/1557/1405
f 2714/1561/1406 2712/1563/1406 2716/1558/1406
f 3397/1564/1407 3410/1565/1407 3409/1566/1407
f 2573/1495/1408 2572/1567/1408 2568/1449/1408
f 576/1568/1409 574/1569/1409 577/1570/1409
f 2568/1449/1410 2572/1567/1410 2569/1499/1410
f 2569/1499/1411 2571/1571/1411 2570/1452/1411
f 2409/1410/1412 2404/1451/1412 2411/1572/1412
f 2403/1573/1413 2397/1574/1413 2402/1453/1413
f 2397/1574/1414 2399/1575/1414 2402/1453/1414
f 2402/1453/1415 2399/1575/1415 2404/1451/1415
f 2230/1576/1416 2232/1577/1416 2234/1578/1416
f 3113/1502/1417 3112/1505/1417 3106/1579/1417
f 3113/1502/1418 3106/1579/1418 3114/1580/1418
f 3112/1505/1419 3111/1581/1419 3106/1579/1419
f 3121/1509/1420 3111/1581/1420 3112/1505/1420
f 2695/1378/1421 2717/1512/1421 2680/1511/1421
f 149/1517/1422 152/1582/1422 120/1583/1422
f 3122/1516/1423 3117/1521/1423 3121/1509/1423
f 3121/1509/1424 3117/1521/1424 3111/1581/1424
f 965/1454/1425 983/1584/1425 994/1455/1425
f 120/1583/1426 102/1523/1426 147/1518/1426
f 149/1517/1427 120/1583/1427 147/1518/1427
f 3117/1521/1428 3115/1585/1428 3111/1581/1428
f 3117/1521/1429 3118/1586/1429 3115/1585/1429
f 102/1523/1430 91/1587/1430 146/1522/1430
f 146/1522/1431 91/1587/1431 150/1588/1431
f 91/1587/1432 92/1589/1432 150/1588/1432
f 3117/1521/1433 3123/1525/1433 3118/1586/1433
f 150/1588/1434 92/1589/1434 86/1590/1434
f 150/1588/1435 86/1590/1435 154/1591/1435
f 3123/1525/1436 3129/1592/1436 3118/1586/1436
f 739/1593/1437 722/1594/1437 740/1595/1437
f 2665/1596/1438 2660/1417/1438 2664/1415/1438
f 2660/1417/1439 2672/1526/1439 2659/1384/1439
f 2863/1530/1440 2870/1597/1440 2871/1598/1440
f 1344/1528/1441 1309/1599/1441 1310/1600/1441
f 1335/1529/1442 1344/1528/1442 1310/1600/1442
f 2875/1601/1443 2870/1597/1443 2864/1421/1443
f 2915/1531/1444 2919/1602/1444 2887/1461/1444
f 1789/1427/1445 1790/1603/1445 1791/1386/1445
f 3452/1604/1446 3475/1605/1446 3453/1606/1446
f 3452/1604/1447 3474/1607/1447 3475/1605/1447
f 2805/1608/1448 2809/1609/1448 2761/1610/1448
f 2805/1608/1449 2761/1610/1449 2801/1611/1449
f 3436/1612/1450 3477/1613/1450 3474/1607/1450
f 2761/1610/1451 2760/1614/1451 2801/1611/1451
f 3429/1532/1452 3476/1535/1452 3436/1612/1452
f 3436/1612/1453 3476/1535/1453 3477/1613/1453
f 2778/1615/1454 2761/1610/1454 2809/1609/1454
f 2761/1610/1455 2778/1615/1455 2764/1616/1455
f 3432/1617/1456 3425/1540/1456 3427/1533/1456
f 2796/1537/1457 2753/1539/1457 2778/1615/1457
f 2778/1615/1458 2753/1539/1458 2764/1616/1458
f 2751/1466/1459 2752/1618/1459 2753/1539/1459
f 2749/1542/1460 2752/1618/1460 2751/1466/1460
f 2750/1541/1461 2747/1476/1461 2749/1542/1461
f 2747/1476/1462 2748/1619/1462 2749/1542/1462
f 2747/1476/1463 2746/1544/1463 2748/1619/1463
f 3392/1620/1464 3389/1547/1464 3393/1479/1464
f 2510/1621/1465 2509/1492/1465 2513/1622/1465
f 2510/1621/1466 2507/1623/1466 2509/1492/1466
f 2731/1484/1467 2730/1624/1467 2732/1485/1467
f 3384/1550/1468 3386/1625/1468 3390/1555/1468
f 3384/1550/1469 3383/1626/1469 3386/1625/1469
f 2729/1554/1470 2730/1624/1470 2731/1484/1470
f 3386/1625/1471 3406/1627/1471 3390/1555/1471
f 2729/1554/1472 2728/1628/1472 2730/1624/1472
f 578/1489/1473 574/1569/1473 580/1490/1473
f 3387/1629/1474 3391/1630/1474 3386/1625/1474
f 3386/1625/1475 3391/1630/1475 3406/1627/1475
f 2727/1553/1476 2712/1563/1476 2728/1628/1476
f 2727/1553/1477 2728/1628/1477 2729/1554/1477
f 2714/1561/1478 2710/1631/1478 2712/1563/1478
f 2763/1560/1479 2715/1632/1479 2714/1561/1479
f 2714/1561/1480 2715/1632/1480 2710/1631/1480
f 2802/1633/1481 2742/1634/1481 2763/1560/1481
f 2763/1560/1482 2742/1634/1482 2715/1632/1482
f 2128/1635/1483 2129/1636/1483 2126/1445/1483
f 3415/1637/1484 3410/1565/1484 3397/1564/1484
f 2742/1634/1485 2706/1638/1485 2715/1632/1485
f 3552/1639/1486 3553/1640/1486 3554/1641/1486
f 2725/1642/1487 2704/1643/1487 2726/1644/1487
f 2726/1644/1488 2704/1643/1488 2742/1634/1488
f 2139/1498/1489 2142/1645/1489 2136/1646/1489
f 1393/1647/1490 1394/1648/1490 1386/1649/1490
f 2411/1572/1491 2404/1451/1491 2410/1650/1491
f 1393/1647/1492 1386/1649/1492 1392/1651/1492
f 1386/1649/1493 1389/1652/1493 1392/1651/1493
f 2404/1451/1494 2405/1653/1494 2410/1650/1494
f 2397/1574/1495 2401/1654/1495 2398/1655/1495
f 2397/1574/1496 2398/1655/1496 2399/1575/1496
f 2404/1451/1497 2399/1575/1497 2405/1653/1497
f 3310/1656/1498 3311/1412/1498 3312/1657/1498
f 657/1658/1499 669/1659/1499 654/1660/1499
f 2694/1413/1500 2680/1511/1500 2693/1661/1500
f 110/1662/1501 102/1523/1501 120/1583/1501
f 105/1663/1502 102/1523/1502 110/1662/1502
f 3111/1581/1503 3115/1585/1503 3109/1664/1503
f 105/1663/1504 101/1665/1504 102/1523/1504
f 3115/1585/1505 3118/1586/1505 3119/1666/1505
f 101/1665/1506 98/1667/1506 102/1523/1506
f 98/1667/1507 91/1587/1507 102/1523/1507
f 98/1667/1508 93/1668/1508 91/1587/1508
f 86/1590/1509 84/1669/1509 154/1591/1509
f 3118/1586/1510 3129/1592/1510 3127/1670/1510
f 154/1591/1511 84/1669/1511 144/1671/1511
f 3118/1586/1512 3127/1670/1512 3119/1666/1512
f 300/1458/1513 315/1672/1513 316/1459/1513
f 2673/1673/1514 2665/1596/1514 2664/1415/1514
f 2665/1596/1515 2666/1674/1515 2660/1417/1515
f 1358/1675/1516 1357/1676/1516 1349/1677/1516
f 1357/1676/1517 1316/1678/1517 1349/1677/1517
f 1344/1528/1518 1316/1678/1518 1309/1599/1518
f 2887/1461/1519 2919/1602/1519 2875/1601/1519
f 3515/1679/1520 3516/1680/1520 3517/1681/1520
f 1301/1682/1521 1302/1683/1521 1303/1684/1521
f 2915/1531/1522 2924/1685/1522 2919/1602/1522
f 1297/1686/1523 1282/1687/1523 1299/1688/1523
f 1790/1603/1524 1792/1689/1524 1791/1386/1524
f 1792/1689/1525 1797/1462/1525 1791/1386/1525
f 1282/1687/1526 1298/1690/1526 1299/1688/1526
f 132/1691/1527 138/1692/1527 121/1693/1527
f 524/1694/1528 525/1695/1528 569/1696/1528
f 121/1693/1529 138/1692/1529 135/1697/1529
f 3449/1698/1530 3452/1604/1530 3453/1606/1530
f 2199/1699/1531 2201/1700/1531 2200/1701/1531
f 2379/1702/1532 2378/1703/1532 2376/1704/1532
f 3445/1705/1533 3436/1612/1533 3446/1706/1533
f 3446/1706/1534 3436/1612/1534 3474/1607/1534
f 2764/1616/1535 2755/1707/1535 2761/1610/1535
f 2755/1707/1536 2756/1708/1536 2761/1610/1536
f 2761/1610/1537 2756/1708/1537 2760/1614/1537
f 2753/1539/1538 2755/1707/1538 2764/1616/1538
f 2753/1539/1539 2754/1709/1539 2755/1707/1539
f 478/1710/1540 477/1711/1540 479/1712/1540
f 43/1713/1541 33/1714/1541 79/1715/1541
f 2514/1716/1542 2510/1621/1542 2513/1622/1542
f 472/1717/1543 473/1718/1543 474/1719/1543
f 54/1720/1544 33/1714/1544 32/1721/1544
f 801/1722/1545 812/1723/1545 798/1724/1545
f 800/1443/1546 798/1724/1546 797/1493/1546
f 3372/1725/1547 3397/1564/1547 3373/1726/1547
f 2710/1631/1548 2709/1727/1548 2712/1563/1548
f 3398/1728/1549 3397/1564/1549 3372/1725/1549
f 2715/1632/1550 2708/1729/1550 2710/1631/1550
f 3398/1728/1551 3415/1637/1551 3397/1564/1551
f 2715/1632/1552 2706/1638/1552 2708/1729/1552
f 1413/1730/1553 1407/1731/1553 1397/1732/1553
f 2742/1634/1554 2704/1643/1554 2706/1638/1554
f 2792/1733/1555 2703/1734/1555 2793/1735/1555
f 2793/1735/1556 2703/1734/1556 2725/1642/1556
f 2725/1642/1557 2703/1734/1557 2704/1643/1557
f 2336/1736/1558 2333/1737/1558 2335/1738/1558
f 2399/1575/1559 2398/1655/1559 2400/1739/1559
f 2399/1575/1560 2400/1739/1560 2405/1653/1560
f 3107/1740/1561 3106/1579/1561 3108/1741/1561
f 3313/1742/1562 3312/1657/1562 3314/1743/1562
f 3106/1579/1563 3109/1664/1563 3108/1741/1563
f 2762/1510/1564 2693/1661/1564 2774/1744/1564
f 2693/1661/1565 2682/1745/1565 2774/1744/1565
f 655/1746/1566 656/1747/1566 670/1748/1566
f 3108/1741/1567 3109/1664/1567 3110/1749/1567
f 2330/1750/1568 2328/1751/1568 2325/1752/1568
f 2717/1512/1569 2711/1753/1569 2680/1511/1569
f 2680/1511/1570 2682/1745/1570 2693/1661/1570
f 983/1584/1571 963/1754/1571 987/1755/1571
f 111/1756/1572 105/1663/1572 110/1662/1572
f 2330/1750/1573 2338/1757/1573 2328/1751/1573
f 3115/1585/1574 3116/1758/1574 3110/1749/1574
f 3109/1664/1575 3115/1585/1575 3110/1749/1575
f 2338/1757/1576 2337/1759/1576 2328/1751/1576
f 2328/1751/1577 2326/1760/1577 2325/1752/1577
f 2337/1759/1578 2329/1761/1578 2328/1751/1578
f 3115/1585/1579 3120/1762/1579 3116/1758/1579
f 106/1763/1580 101/1665/1580 105/1663/1580
f 3115/1585/1581 3119/1666/1581 3120/1762/1581
f 308/1764/1582 315/1672/1582 300/1458/1582
f 101/1665/1583 96/1765/1583 98/1667/1583
f 84/1669/1584 83/1766/1584 144/1671/1584
f 144/1671/1585 83/1766/1585 145/1767/1585
f 3127/1670/1586 3130/1768/1586 3119/1666/1586
f 2668/1769/1587 2665/1596/1587 2673/1673/1587
f 92/1589/1588 82/1770/1588 86/1590/1588
f 2668/1769/1589 2667/1771/1589 2665/1596/1589
f 2666/1674/1590 2674/1772/1590 2672/1526/1590
f 96/1765/1591 93/1668/1591 98/1667/1591
f 93/1668/1592 90/1773/1592 91/1587/1592
f 91/1587/1593 90/1773/1593 82/1770/1593
f 91/1587/1594 82/1770/1594 92/1589/1594
f 3103/1774/1595 3102/1775/1595 3101/1776/1595
f 2667/1771/1596 2666/1674/1596 2665/1596/1596
f 2872/1777/1597 2873/1778/1597 2874/1779/1597
f 3001/1780/1598 2999/1781/1598 3000/1782/1598
f 2872/1777/1599 2870/1597/1599 2873/1778/1599
f 2870/1597/1600 2894/1783/1600 2873/1778/1600
f 1316/1678/1601 1311/1784/1601 1309/1599/1601
f 1311/1784/1602 1307/1785/1602 1309/1599/1602
f 131/1786/1603 112/1787/1603 115/1788/1603
f 124/1789/1604 109/1790/1604 121/1693/1604
f 121/1693/1605 134/1791/1605 124/1789/1605
f 2924/1685/1606 2921/1792/1606 2919/1602/1606
f 131/1786/1607 132/1691/1607 112/1787/1607
f 112/1787/1608 132/1691/1608 121/1693/1608
f 519/1793/1609 524/1694/1609 532/1794/1609
f 134/1791/1610 136/1795/1610 124/1789/1610
f 121/1693/1611 135/1697/1611 134/1791/1611
f 2374/1796/1612 2373/1797/1612 2375/1798/1612
f 2199/1699/1613 2200/1701/1613 2194/1799/1613
f 2378/1703/1614 2377/1800/1614 2376/1704/1614
f 2391/1801/1615 2384/1802/1615 2380/1803/1615
f 1519/1804/1616 1523/1805/1616 1511/1806/1616
f 2390/1807/1617 2384/1802/1617 2391/1801/1617
f 1516/6/1618 1522/4/1618 1520/1808/1618
f 2760/1614/1619 2756/1708/1619 2759/1809/1619
f 2754/1709/1620 2756/1708/1620 2755/1707/1620
f 2754/1709/1621 2757/1810/1621 2756/1708/1621
f 497/1811/1622 487/1812/1622 501/1813/1622
f 497/1811/1623 481/1814/1623 487/1812/1623
f 479/1712/1624 481/1814/1624 497/1811/1624
f 477/1711/1625 481/1814/1625 479/1712/1625
f 476/1815/1626 475/1816/1626 477/1711/1626
f 476/1815/1627 477/1711/1627 478/1710/1627
f 474/1719/1628 473/1718/1628 475/1816/1628
f 43/1713/1629 26/1817/1629 33/1714/1629
f 470/1818/1630 469/1819/1630 472/1717/1630
f 472/1717/1631 469/1819/1631 473/1718/1631
f 468/1820/1632 469/1819/1632 470/1818/1632
f 33/1714/1633 26/1817/1633 32/1721/1633
f 467/1821/1634 443/1822/1634 468/1820/1634
f 443/1822/1635 444/1823/1635 468/1820/1635
f 467/1821/1636 442/1824/1636 443/1822/1636
f 580/1490/1637 574/1569/1637 573/1825/1637
f 466/1826/1638 442/1824/1638 467/1821/1638
f 2709/1727/1639 2713/1827/1639 2712/1563/1639
f 3371/1828/1640 3400/1829/1640 3398/1728/1640
f 3400/1829/1641 3415/1637/1641 3398/1728/1641
f 2706/1638/1642 2707/1830/1642 2708/1729/1642
f 797/1493/1643 803/1831/1643 804/1494/1643
f 3417/1832/1644 3416/1833/1644 3400/1829/1644
f 2705/1834/1645 2707/1830/1645 2706/1638/1645
f 1394/1648/1646 1396/1835/1646 1386/1649/1646
f 2808/1836/1647 2691/1837/1647 2792/1733/1647
f 2792/1733/1648 2691/1837/1648 2703/1734/1648
f 2691/1837/1649 2700/1838/1649 2703/1734/1649
f 1389/1652/1650 1388/1839/1650 1390/1840/1650
f 2334/1841/1651 2330/1750/1651 2331/1842/1651
f 2331/1842/1652 2330/1750/1652 2327/1843/1652
f 122/1844/1653 110/1662/1653 140/1845/1653
f 2330/1750/1654 2325/1752/1654 2327/1843/1654
f 2774/1744/1655 2682/1745/1655 2776/1846/1655
f 122/1844/1656 123/1847/1656 111/1756/1656
f 122/1844/1657 111/1756/1657 110/1662/1657
f 110/1662/1658 120/1583/1658 140/1845/1658
f 3570/1848/1659 3568/1849/1659 3567/1850/1659
f 3567/1850/1660 3568/1849/1660 3569/1851/1660
f 987/1755/1661 953/1852/1661 960/1853/1661
f 126/1854/1662 108/1855/1662 111/1756/1662
f 126/1854/1663 111/1756/1663 123/1847/1663
f 108/1855/1664 105/1663/1664 111/1756/1664
f 313/1856/1665 310/1857/1665 307/1858/1665
f 2355/1859/1666 2356/1860/1666 2357/1861/1666
f 108/1855/1667 106/1763/1667 105/1663/1667
f 106/1763/1668 107/1862/1668 101/1665/1668
f 84/1669/1669 86/1590/1669 82/1770/1669
f 82/1770/1670 83/1766/1670 84/1669/1670
f 2667/1771/1671 2669/1863/1671 2666/1674/1671
f 2669/1863/1672 2674/1772/1672 2666/1674/1672
f 82/1770/1673 85/1864/1673 83/1766/1673
f 2874/1779/1674 2873/1778/1674 2904/1865/1674
f 97/1866/1675 96/1765/1675 101/1665/1675
f 90/1773/1676 88/1867/1676 82/1770/1676
f 97/1866/1677 94/1868/1677 96/1765/1677
f 96/1765/1678 94/1868/1678 93/1668/1678
f 93/1668/1679 94/1868/1679 90/1773/1679
f 109/1790/1680 117/1869/1680 116/1870/1680
f 117/1869/1681 118/1871/1681 116/1870/1681
f 133/1872/1682 115/1788/1682 114/1873/1682
f 109/1790/1683 124/1789/1683 117/1869/1683
f 1301/1682/1684 1304/1874/1684 1306/1875/1684
f 1304/1874/1685 1305/1876/1685 1306/1875/1685
f 3518/1877/1686 3517/1681/1686 3516/1680/1686
f 109/1790/1687 112/1787/1687 121/1693/1687
f 2919/1602/1688 2914/1878/1688 2875/1601/1688
f 2921/1792/1689 2920/1879/1689 2919/1602/1689
f 515/1880/1690 510/1881/1690 527/1882/1690
f 2924/1685/1691 2923/1883/1691 2921/1792/1691
f 2923/1883/1692 2922/1884/1692 2921/1792/1692
f 2922/1884/1693 2920/1879/1693 2921/1792/1693
f 2197/1885/1694 2194/1799/1694 2193/1886/1694
f 3448/1887/1695 3446/1706/1695 3449/1698/1695
f 2377/1800/1696 2372/1888/1696 2374/1796/1696
f 2374/1796/1697 2372/1888/1697 2373/1797/1697
f 3446/1706/1698 3448/1887/1698 3447/1889/1698
f 2380/1803/1699 2383/1890/1699 2378/1703/1699
f 2384/1802/1700 2383/1890/1700 2380/1803/1700
f 2392/8/1701 2387/1891/1701 2390/1807/1701
f 2393/12/1702 2392/8/1702 2390/1807/1702
f 2390/1807/1703 2387/1891/1703 2384/1802/1703
f 1510/1892/1704 1524/1893/1704 1526/1894/1704
f 2756/1708/1705 2758/1895/1705 2759/1809/1705
f 505/1896/1706 487/1812/1706 488/1897/1706
f 481/1814/1707 484/1898/1707 487/1812/1707
f 468/1820/1708 444/1823/1708 469/1819/1708
f 466/1826/1709 440/1899/1709 442/1824/1709
f 3371/1828/1710 3366/1900/1710 3400/1829/1710
f 2708/1729/1711 2709/1727/1711 2710/1631/1711
f 2707/1830/1712 2709/1727/1712 2708/1729/1712
f 574/1569/1713 576/1568/1713 572/1901/1713
f 2808/1836/1714 2800/1902/1714 2691/1837/1714
f 2703/1734/1715 2702/1903/1715 2704/1643/1715
f 2702/1903/1716 2705/1834/1716 2704/1643/1716
f 2700/1838/1717 2702/1903/1717 2703/1734/1717
f 1389/1652/1718 1386/1649/1718 1388/1839/1718
f 2335/1738/1719 2333/1737/1719 2332/1904/1719
f 2690/1905/1720 2700/1838/1720 2691/1837/1720
f 2333/1737/1721 2331/1842/1721 2332/1904/1721
f 1390/1840/1722 1388/1839/1722 1391/1906/1722
f 1390/1840/1723 1391/1906/1723 1395/1907/1723
f 2336/1736/1724 2334/1841/1724 2333/1737/1724
f 2333/1737/1725 2334/1841/1725 2331/1842/1725
f 3319/1908/1726 3313/1742/1726 3318/1909/1726
f 3319/1908/1727 3318/1909/1727 3327/1910/1727
f 128/1911/1728 126/1854/1728 127/1912/1728
f 127/1912/1729 126/1854/1729 123/1847/1729
f 3571/1913/1730 3568/1849/1730 3570/1848/1730
f 3318/1909/1731 3328/1914/1731 3327/1910/1731
f 2776/1846/1732 2684/1915/1732 2791/1916/1732
f 2682/1745/1733 2684/1915/1733 2776/1846/1733
f 547/1917/1734 564/1918/1734 540/1919/1734
f 504/1920/1735 503/1921/1735 502/1922/1735
f 2680/1511/1736 2681/1923/1736 2682/1745/1736
f 1403/1924/1737 1405/1925/1737 1409/1926/1737
f 108/1855/1738 130/1927/1738 137/1928/1738
f 137/1928/1739 106/1763/1739 108/1855/1739
f 137/1928/1740 107/1862/1740 106/1763/1740
f 107/1862/1741 103/1929/1741 101/1665/1741
f 103/1929/1742 97/1866/1742 101/1665/1742
f 2873/1778/1743 2903/1930/1743 2904/1865/1743
f 82/1770/1744 88/1867/1744 87/1931/1744
f 82/1770/1745 87/1931/1745 85/1864/1745
f 2998/1932/1746 2999/1781/1746 3001/1780/1746
f 2873/1778/1747 2902/1933/1747 2903/1930/1747
f 90/1773/1748 95/1934/1748 88/1867/1748
f 88/1867/1749 89/1935/1749 87/1931/1749
f 97/1866/1750 99/1936/1750 94/1868/1750
f 94/1868/1751 99/1936/1751 95/1934/1751
f 94/1868/1752 95/1934/1752 90/1773/1752
f 2873/1778/1753 2894/1783/1753 2902/1933/1753
f 125/1937/1754 114/1873/1754 103/1929/1754
f 97/1866/1755 100/1938/1755 99/1936/1755
f 95/1934/1756 104/1939/1756 88/1867/1756
f 2995/1940/1757 2996/1941/1757 2997/1942/1757
f 103/1929/1758 114/1873/1758 97/1866/1758
f 95/1934/1759 113/1943/1759 104/1939/1759
f 125/1937/1760 133/1872/1760 114/1873/1760
f 97/1866/1761 112/1787/1761 100/1938/1761
f 100/1938/1762 109/1790/1762 99/1936/1762
f 99/1936/1763 109/1790/1763 95/1934/1763
f 95/1934/1764 109/1790/1764 116/1870/1764
f 95/1934/1765 116/1870/1765 113/1943/1765
f 1316/1678/1766 1312/1944/1766 1311/1784/1766
f 112/1787/1767 109/1790/1767 100/1938/1767
f 1311/1784/1768 1312/1944/1768 1307/1785/1768
f 2920/1879/1769 2914/1878/1769 2919/1602/1769
f 2377/1800/1770 2385/1945/1770 2372/1888/1770
f 2378/1703/1771 2383/1890/1771 2385/1945/1771
f 2756/1708/1772 2757/1810/1772 2758/1895/1772
f 484/1898/1773 486/1946/1773 487/1812/1773
f 481/1814/1774 483/1947/1774 484/1898/1774
f 477/1711/1775 482/1948/1775 481/1814/1775
f 475/1816/1776 480/1949/1776 477/1711/1776
f 473/1718/1777 480/1949/1777 475/1816/1777
f 469/1819/1778 471/1950/1778 473/1718/1778
f 26/1817/1779 18/1951/1779 32/1721/1779
f 442/1824/1780 441/1952/1780 443/1822/1780
f 443/1822/1781 441/1952/1781 444/1823/1781
f 440/1899/1782 441/1952/1782 442/1824/1782
f 572/1901/1783 573/1825/1783 574/1569/1783
f 3363/1953/1784 3400/1829/1784 3366/1900/1784
f 436/1954/1785 437/1955/1785 438/1956/1785
f 797/1493/1786 799/1957/1786 803/1831/1786
f 3363/1953/1787 3418/1958/1787 3417/1832/1787
f 3418/1958/1788 3419/1959/1788 3417/1832/1788
f 451/1960/1789 429/1961/1789 436/1954/1789
f 449/1962/1790 429/1961/1790 451/1960/1790
f 2700/1838/1791 2701/1963/1791 2702/1903/1791
f 2690/1905/1792 2701/1963/1792 2700/1838/1792
f 2803/1964/1793 2689/1965/1793 2800/1902/1793
f 2800/1902/1794 2689/1965/1794 2691/1837/1794
f 2691/1837/1795 2689/1965/1795 2690/1905/1795
f 1391/1906/1796 1399/1966/1796 1395/1907/1796
f 3333/1967/1797 3327/1910/1797 3329/1968/1797
f 1395/1907/1798 1399/1966/1798 1403/1924/1798
f 3329/1968/1799 3327/1910/1799 3328/1914/1799
f 3329/1968/1800 3328/1914/1800 3330/1969/1800
f 128/1911/1801 129/1970/1801 126/1854/1801
f 2791/1916/1802 2684/1915/1802 2686/1971/1802
f 129/1970/1803 130/1927/1803 126/1854/1803
f 955/1972/1804 956/1973/1804 960/1853/1804
f 2682/1745/1805 2683/1974/1805 2684/1915/1805
f 130/1927/1806 108/1855/1806 126/1854/1806
f 540/1919/1807 564/1918/1807 562/1975/1807
f 2680/1511/1808 2711/1753/1808 2681/1923/1808
f 2682/1745/1809 2681/1923/1809 2683/1974/1809
f 540/1919/1810 562/1975/1810 555/1976/1810
f 107/1862/1811 119/1977/1811 103/1929/1811
f 119/1977/1812 125/1937/1812 103/1929/1812
f 528/1978/1813 523/1979/1813 516/1980/1813
f 88/1867/1814 104/1939/1814 89/1935/1814
f 194/1981/1815 193/1982/1815 192/1983/1815
f 192/1983/1816 193/1982/1816 191/1984/1816
f 192/1983/1817 191/1984/1817 190/1985/1817
f 191/1984/1818 189/1986/1818 190/1985/1818
f 190/1985/1819 189/1986/1819 184/1987/1819
f 2996/1941/1820 3002/1988/1820 2997/1942/1820
f 2320/1989/1821 2318/1990/1821 2319/1991/1821
f 2894/1783/1822 2910/1992/1822 2902/1933/1822
f 2910/1992/1823 2912/1993/1823 2902/1933/1823
f 2914/1878/1824 2912/1993/1824 2910/1992/1824
f 2381/1994/1825 2382/1995/1825 2383/1890/1825
f 2384/1802/1826 2381/1994/1826 2383/1890/1826
f 2387/1891/1827 2381/1994/1827 2384/1802/1827
f 2392/8/1828 2389/1996/1828 2387/1891/1828
f 487/1812/1829 486/1946/1829 488/1897/1829
f 484/1898/1830 485/1997/1830 486/1946/1830
f 482/1948/1831 483/1947/1831 481/1814/1831
f 31/1998/1832 26/1817/1832 43/1713/1832
f 3051/1999/1833 3034/2000/1833 3050/2001/1833
f 444/1823/1834 471/1950/1834 469/1819/1834
f 437/1955/1835 439/2002/1835 438/1956/1835
f 440/1899/1836 439/2002/1836 441/1952/1836
f 3370/2003/1837 3367/2004/1837 3366/1900/1837
f 3356/2005/1838 3418/1958/1838 3363/1953/1838
f 2138/2006/1839 2146/2007/1839 2134/2008/1839
f 429/1961/1840 430/2009/1840 436/1954/1840
f 1412/2010/1841 1400/2011/1841 1398/2012/1841
f 3418/1958/1842 3339/2013/1842 3420/2014/1842
f 3418/1958/1843 3344/2015/1843 3339/2013/1843
f 3418/1958/1844 3420/2014/1844 3419/1959/1844
f 449/1962/1845 450/2016/1845 427/2017/1845
f 449/1962/1846 427/2017/1846 429/1961/1846
f 576/1568/1847 581/2018/1847 579/2019/1847
f 452/2020/1848 445/2021/1848 433/2022/1848
f 452/2020/1849 433/2022/1849 450/2016/1849
f 3329/1968/1850 3330/1969/1850 3331/2023/1850
f 1399/1966/1851 1402/2024/1851 1403/1924/1851
f 2815/2025/1852 2687/2026/1852 2803/1964/1852
f 2803/1964/1853 2687/2026/1853 2689/1965/1853
f 2689/1965/1854 2688/2027/1854 2690/1905/1854
f 2687/2026/1855 2688/2027/1855 2689/1965/1855
f 2686/1971/1856 2685/2028/1856 2687/2026/1856
f 2254/2029/1857 2252/2030/1857 2253/2031/1857
f 2684/1915/1858 2685/2028/1858 2686/1971/1858
f 2684/1915/1859 2683/1974/1859 2685/2028/1859
f 129/1970/1860 139/2032/1860 130/1927/1860
f 2681/1923/1861 2711/1753/1861 2692/2033/1861
f 562/1975/1862 563/2034/1862 555/1976/1862
f 139/2032/1863 142/2035/1863 137/1928/1863
f 139/2032/1864 137/1928/1864 130/1927/1864
f 555/1976/1865 554/2036/1865 552/2037/1865
f 142/2035/1866 141/2038/1866 137/1928/1866
f 137/1928/1867 141/2038/1867 107/1862/1867
f 757/2039/1868 712/2040/1868 727/2041/1868
f 141/2038/1869 119/1977/1869 107/1862/1869
f 516/1980/1870 520/2042/1870 521/2043/1870
f 189/1986/1871 166/2044/1871 184/1987/1871
f 184/1987/1872 167/2045/1872 185/2046/1872
f 2914/1878/1873 2926/2047/1873 2912/1993/1873
f 1307/1785/1874 1313/2048/1874 1314/2049/1874
f 3163/2050/1875 3167/2051/1875 3168/2052/1875
f 3462/2053/1876 3465/2054/1876 3448/1887/1876
f 2372/1888/1877 2370/2055/1877 2369/2056/1877
f 2372/1888/1878 2369/2056/1878 2373/1797/1878
f 2385/1945/1879 2371/2057/1879 2370/2055/1879
f 2385/1945/1880 2370/2055/1880 2372/1888/1880
f 3457/2058/1881 3465/2054/1881 3466/2059/1881
f 2387/1891/1882 2388/2060/1882 2381/1994/1882
f 2394/7/1883 2389/1996/1883 2392/8/1883
f 489/2061/1884 495/2062/1884 496/2063/1884
f 1158/2064/1885 1147/2065/1885 1148/2066/1885
f 486/1946/1886 489/2061/1886 488/1897/1886
f 488/1897/1887 489/2061/1887 496/2063/1887
f 483/1947/1888 485/1997/1888 484/1898/1888
f 3030/2067/1889 3023/2068/1889 3024/2069/1889
f 31/1998/1890 43/1713/1890 51/2070/1890
f 32/1721/1891 18/1951/1891 20/2071/1891
f 812/1723/1892 802/2072/1892 798/1724/1892
f 798/1724/1893 802/2072/1893 799/1957/1893
f 429/1961/1894 428/2073/1894 430/2009/1894
f 427/2017/1895 428/2073/1895 429/1961/1895
f 450/2016/1896 433/2022/1896 427/2017/1896
f 1398/2012/1897 1400/2011/1897 1399/1966/1897
f 1399/1966/1898 1401/2074/1898 1402/2024/1898
f 3333/1967/1899 3329/1968/1899 3331/2023/1899
f 3331/2023/1900 3332/2075/1900 3339/2013/1900
f 2688/2027/1901 2699/2076/1901 2690/1905/1901
f 2687/2026/1902 2685/2028/1902 2688/2027/1902
f 2254/2029/1903 2262/2077/1903 2252/2030/1903
f 2254/2029/1904 2263/2078/1904 2262/2077/1904
f 2253/2031/1905 2252/2030/1905 2249/2079/1905
f 2249/2079/1906 2252/2030/1906 2250/2080/1906
f 3289/2081/1907 3283/2082/1907 3281/2083/1907
f 2272/2084/1908 2270/2085/1908 2263/2078/1908
f 2249/2079/1909 2246/2086/1909 2248/2087/1909
f 503/1921/1910 465/2088/1910 502/1922/1910
f 502/1922/1911 465/2088/1911 464/2089/1911
f 143/2090/1912 125/1937/1912 119/1977/1912
f 520/2042/1913 529/2091/1913 521/2043/1913
f 824/2092/1914 819/2093/1914 820/2094/1914
f 200/2095/1915 197/2096/1915 194/1981/1915
f 166/2044/1916 164/2097/1916 167/2045/1916
f 184/1987/1917 166/2044/1917 167/2045/1917
f 194/1981/1918 196/2098/1918 193/1982/1918
f 193/1982/1919 196/2098/1919 191/1984/1919
f 196/2098/1920 189/1986/1920 191/1984/1920
f 189/1986/1921 168/2099/1921 166/2044/1921
f 2318/1990/1922 2322/2100/1922 2303/2101/1922
f 2929/2102/1923 2926/2047/1923 2914/1878/1923
f 3041/2103/1924 3038/2104/1924 3037/2105/1924
f 1154/2106/1925 1139/2107/1925 1153/2108/1925
f 1139/2107/1926 1137/2109/1926 1153/2108/1926
f 1139/2107/1927 1138/2110/1927 1137/2109/1927
f 1137/2109/1928 1138/2110/1928 1136/2111/1928
f 482/1948/1929 499/2112/1929 483/1947/1929
f 51/2070/1930 53/2113/1930 31/1998/1930
f 32/1721/1931 20/2071/1931 81/2114/1931
f 799/1957/1932 802/2072/1932 805/2115/1932
f 447/2116/1933 446/2117/1933 445/2021/1933
f 2698/2118/1934 2699/2076/1934 2688/2027/1934
f 2685/2028/1935 2696/2119/1935 2688/2027/1935
f 2696/2119/1936 2698/2118/1936 2688/2027/1936
f 2683/1974/1937 2697/2120/1937 2685/2028/1937
f 2697/2120/1938 2696/2119/1938 2685/2028/1938
f 960/1853/1939 956/1973/1939 967/2121/1939
f 2249/2079/1940 2250/2080/1940 2246/2086/1940
f 2692/2033/1941 2697/2120/1941 2683/1974/1941
f 2248/2087/1942 2246/2086/1942 2245/2122/1942
f 2274/2123/1943 2293/2124/1943 2270/2085/1943
f 563/2034/1944 565/2125/1944 561/2126/1944
f 644/2127/1945 661/2128/1945 637/2129/1945
f 554/2036/1946 558/2130/1946 553/2131/1946
f 164/2097/1947 160/2132/1947 162/2133/1947
f 197/2096/1948 196/2098/1948 194/1981/1948
f 2912/1993/1949 2930/2134/1949 2902/1933/1949
f 2912/1993/1950 2933/2135/1950 2930/2134/1950
f 189/1986/1951 169/2136/1951 168/2099/1951
f 2297/2137/1952 2296/2138/1952 2300/2139/1952
f 2301/2140/1953 2297/2137/1953 2300/2139/1953
f 2929/2102/1954 2934/2141/1954 2926/2047/1954
f 2371/2057/1955 2367/2142/1955 2370/2055/1955
f 2370/2055/1956 2367/2142/1956 2369/2056/1956
f 2381/1994/1957 2386/2143/1957 2382/1995/1957
f 1136/2111/1958 1147/2065/1958 1133/2144/1958
f 486/1946/1959 492/2145/1959 491/2146/1959
f 486/1946/1960 491/2146/1960 489/2061/1960
f 485/1997/1961 492/2145/1961 486/1946/1961
f 31/1998/1962 21/2147/1962 26/1817/1962
f 26/1817/1963 21/2147/1963 18/1951/1963
f 18/1951/1964 19/2148/1964 20/2071/1964
f 433/2022/1965 432/2149/1965 427/2017/1965
f 3334/2150/1966 3339/2013/1966 3344/2015/1966
f 446/2117/1967 434/2151/1967 445/2021/1967
f 445/2021/1968 434/2151/1968 433/2022/1968
f 2245/2122/1969 2246/2086/1969 2247/2152/1969
f 142/2035/1970 151/2153/1970 141/2038/1970
f 141/2038/1971 151/2153/1971 143/2090/1971
f 163/2154/1972 165/2155/1972 178/2156/1972
f 2314/2157/1973 2307/2158/1973 2306/2159/1973
f 2305/2160/1974 2304/2161/1974 2303/2101/1974
f 196/2098/1975 187/2162/1975 189/1986/1975
f 187/2162/1976 169/2136/1976 189/1986/1976
f 2926/2047/1977 2933/2135/1977 2912/1993/1977
f 2396/2163/1978 2367/2142/1978 2371/2057/1978
f 1152/2164/1979 1135/2165/1979 1132/2166/1979
f 1152/2164/1980 1132/2166/1980 1155/2167/1980
f 3042/2168/1981 3013/2169/1981 3016/2170/1981
f 1135/2165/1982 1133/2144/1982 1132/2166/1982
f 489/2061/1983 493/2171/1983 494/2172/1983
f 53/2113/1984 48/2173/1984 31/1998/1984
f 575/2174/1985 584/2175/1985 586/2176/1985
f 3176/2177/1986 3177/2178/1986 3178/2179/1986
f 575/2174/1987 583/2180/1987 584/2175/1987
f 575/2174/1988 579/2019/1988 583/2180/1988
f 3299/2181/1989 3303/2182/1989 3300/2183/1989
f 433/2022/1990 434/2151/1990 432/2149/1990
f 579/2019/1991 588/2184/1991 583/2180/1991
f 3299/2181/1992 3297/2185/1992 3306/2186/1992
f 2858/2187/1993 2859/2188/1993 2860/2189/1993
f 3299/2181/1994 3306/2186/1994 3303/2182/1994
f 448/2190/1995 446/2117/1995 447/2116/1995
f 448/2190/1996 454/2191/1996 453/2192/1996
f 455/2193/1997 454/2191/1997 448/2190/1997
f 966/2194/1998 968/2195/1998 967/2121/1998
f 457/2196/1999 462/2197/1999 456/2198/1999
f 457/2196/2000 456/2198/2000 455/2193/2000
f 2263/2078/2001 2259/2199/2001 2262/2077/2001
f 2270/2085/2002 2264/2200/2002 2263/2078/2002
f 3280/2201/2003 3277/2202/2003 3281/2083/2003
f 561/2126/2004 565/2125/2004 558/2130/2004
f 835/2203/2005 834/2204/2005 831/2205/2005
f 831/2205/2006 834/2204/2006 830/2206/2006
f 163/2154/2007 161/2207/2007 165/2155/2007
f 162/2133/2008 161/2207/2008 163/2154/2008
f 166/2044/2009 157/2208/2009 164/2097/2009
f 157/2208/2010 160/2132/2010 164/2097/2010
f 168/2099/2011 157/2208/2011 166/2044/2011
f 197/2096/2012 171/2209/2012 196/2098/2012
f 2926/2047/2013 2934/2141/2013 2933/2135/2013
f 2367/2142/2014 2368/2210/2014 2369/2056/2014
f 2386/2143/2015 2396/2163/2015 2382/1995/2015
f 1151/2211/2016 1132/2166/2016 1140/2212/2016
f 1140/2212/2017 1132/2166/2017 1134/2213/2017
f 1140/2212/2018 1134/2213/2018 1141/2214/2018
f 491/2146/2019 493/2171/2019 489/2061/2019
f 48/2173/2020 34/2215/2020 31/1998/2020
f 31/1998/2021 34/2215/2021 21/2147/2021
f 18/1951/2022 5/2216/2022 19/2148/2022
f 20/2071/2023 19/2148/2023 12/2217/2023
f 3343/2218/2024 3344/2015/2024 3354/2219/2024
f 3300/2183/2025 3304/2220/2025 3305/2221/2025
f 1850/2222/2026 1852/2223/2026 1859/2224/2026
f 1859/2224/2027 1852/2223/2027 1860/2225/2027
f 1852/2223/2028 1851/2226/2028 1860/2225/2028
f 446/2117/2029 453/2192/2029 434/2151/2029
f 448/2190/2030 453/2192/2030 446/2117/2030
f 1877/2227/2031 1884/2228/2031 1879/2229/2031
f 302/2230/2032 301/2231/2032 298/2232/2032
f 1885/2233/2033 1884/2228/2033 1877/2227/2033
f 71/2234/2034 70/2235/2034 72/2236/2034
f 70/2235/2035 78/2237/2035 72/2236/2035
f 455/2193/2036 456/2198/2036 454/2191/2036
f 2262/2077/2037 2256/2238/2037 2252/2030/2037
f 2263/2078/2038 2264/2200/2038 2259/2199/2038
f 2246/2086/2039 2250/2080/2039 2251/2239/2039
f 2246/2086/2040 2251/2239/2040 2255/2240/2040
f 2246/2086/2041 2255/2240/2041 2247/2152/2041
f 663/2241/2042 639/2242/2042 661/2128/2042
f 2290/2243/2043 2289/2244/2043 2270/2085/2043
f 2293/2124/2044 2290/2243/2044 2270/2085/2044
f 2284/2245/2045 2290/2243/2045 2294/2246/2045
f 836/2247/2046 837/2248/2046 834/2204/2046
f 835/2203/2047 836/2247/2047 834/2204/2047
f 701/2249/2048 683/2250/2048 696/2251/2048
f 2315/2252/2049 2307/2158/2049 2314/2157/2049
f 197/2096/2050 183/2253/2050 171/2209/2050
f 169/2136/2051 157/2208/2051 168/2099/2051
f 155/2254/2052 157/2208/2052 169/2136/2052
f 2297/2137/2053 2299/2255/2053 2298/2256/2053
f 196/2098/2054 171/2209/2054 187/2162/2054
f 187/2162/2055 155/2254/2055 169/2136/2055
f 1150/2257/2056 1140/2212/2056 1143/2258/2056
f 1150/2257/2057 1143/2258/2057 1149/2259/2057
f 1149/2259/2058 1143/2258/2058 1144/2260/2058
f 1143/2258/2059 1140/2212/2059 1141/2214/2059
f 1143/2258/2060 1141/2214/2060 1142/2261/2060
f 1143/2258/2061 1142/2261/2061 1144/2260/2061
f 20/2071/2062 12/2217/2062 13/2262/2062
f 3353/2263/2063 3354/2219/2063 3357/2264/2063
f 3301/2265/2064 3305/2221/2064 3307/2266/2064
f 77/2267/2065 75/2268/2065 74/2269/2065
f 75/2268/2066 59/2270/2066 74/2269/2066
f 583/2180/2067 588/2184/2067 585/2271/2067
f 583/2180/2068 585/2271/2068 584/2175/2068
f 453/2192/2069 459/2272/2069 434/2151/2069
f 1874/2273/2070 1885/2233/2070 1877/2227/2070
f 986/2274/2071 976/2275/2071 966/2194/2071
f 966/2194/2072 976/2275/2072 968/2195/2072
f 456/2198/2073 460/2276/2073 454/2191/2073
f 1891/2277/2074 1885/2233/2074 1874/2273/2074
f 997/2278/2075 986/2274/2075 966/2194/2075
f 68/2279/2076 70/2235/2076 71/2234/2076
f 68/2279/2077 69/2280/2077 70/2235/2077
f 2252/2030/2078 2256/2238/2078 2250/2080/2078
f 2250/2080/2079 2256/2238/2079 2251/2239/2079
f 1949/2281/2080 1946/2282/2080 1948/2283/2080
f 638/2284/2081 639/2242/2081 663/2241/2081
f 1948/2283/2082 1946/2282/2082 1945/2285/2082
f 1945/2285/2083 1946/2282/2083 1947/2286/2083
f 1947/2286/2084 1946/2282/2084 1960/2287/2084
f 684/2288/2085 683/2250/2085 701/2249/2085
f 161/2207/2086 218/2289/2086 165/2155/2086
f 2315/2252/2087 2313/2290/2087 2307/2158/2087
f 2307/2158/2088 2312/2291/2088 2308/2292/2088
f 694/2293/2089 681/2294/2089 691/2295/2089
f 157/2208/2090 159/2296/2090 160/2132/2090
f 2940/2297/2091 2937/2298/2091 2936/2299/2091
f 758/2300/2092 756/2301/2092 755/2302/2092
f 171/2209/2093 155/2254/2093 187/2162/2093
f 21/2147/2094 9/2303/2094 18/1951/2094
f 18/1951/2095 9/2303/2095 5/2216/2095
f 1/2304/2096 4/2305/2096 12/2217/2096
f 12/2217/2097 4/2305/2097 13/2262/2097
f 3180/2306/2098 3181/2307/2098 3182/2308/2098
f 1849/2309/2099 1845/2310/2099 1844/2311/2099
f 1844/2311/2100 1845/2310/2100 1846/2312/2100
f 2517/2313/2101 2518/2314/2101 2515/2315/2101
f 1889/2316/2102 1887/2317/2102 1888/2318/2102
f 75/2268/2103 76/2319/2103 59/2270/2103
f 74/2269/2104 59/2270/2104 61/2320/2104
f 59/2270/2105 60/2321/2105 61/2320/2105
f 454/2191/2106 458/2322/2106 453/2192/2106
f 453/2192/2107 458/2322/2107 459/2272/2107
f 1876/2323/2108 1890/2324/2108 1874/2273/2108
f 460/2276/2109 458/2322/2109 454/2191/2109
f 1890/2324/2110 1891/2277/2110 1874/2273/2110
f 997/2278/2111 992/2325/2111 986/2274/2111
f 998/2326/2112 992/2325/2112 997/2278/2112
f 2259/2199/2113 2256/2238/2113 2262/2077/2113
f 3282/2327/2114 3278/2328/2114 3280/2201/2114
f 3277/2202/2115 3278/2328/2115 3275/2329/2115
f 2284/2245/2116 2282/2330/2116 2281/2331/2116
f 214/2332/2117 219/2333/2117 218/2289/2117
f 2316/2334/2118 2313/2290/2118 2315/2252/2118
f 2317/2335/2119 2316/2334/2119 2315/2252/2119
f 161/2207/2120 214/2332/2120 218/2289/2120
f 2313/2290/2121 2312/2291/2121 2307/2158/2121
f 755/2302/2122 756/2301/2122 734/2336/2122
f 155/2254/2123 156/2337/2123 157/2208/2123
f 47/2338/2124 34/2215/2124 48/2173/2124
f 3183/2339/2125 3189/2340/2125 3195/2341/2125
f 4/2305/2126 17/2342/2126 13/2262/2126
f 24/2343/2127 58/2344/2127 59/2270/2127
f 59/2270/2128 58/2344/2128 60/2321/2128
f 1888/2318/2129 1887/2317/2129 1881/2345/2129
f 61/2320/2130 60/2321/2130 62/2346/2130
f 60/2321/2131 63/2347/2131 62/2346/2131
f 1887/2317/2132 1886/2348/2132 1881/2345/2132
f 1881/2345/2133 1886/2348/2133 1876/2323/2133
f 1886/2348/2134 1890/2324/2134 1876/2323/2134
f 972/2349/2135 978/2350/2135 981/2351/2135
f 498/2352/2136 461/2353/2136 460/2276/2136
f 460/2276/2137 461/2353/2137 458/2322/2137
f 986/2274/2138 989/2354/2138 985/2355/2138
f 66/2356/2139 64/2357/2139 68/2279/2139
f 64/2357/2140 67/2358/2140 68/2279/2140
f 67/2358/2141 69/2280/2141 68/2279/2141
f 2289/2244/2142 2269/2359/2142 2264/2200/2142
f 638/2284/2143 663/2241/2143 641/2360/2143
f 1946/2282/2144 1951/2361/2144 1960/2287/2144
f 2276/2362/2145 2281/2331/2145 2282/2330/2145
f 681/2294/2146 673/2363/2146 680/2364/2146
f 2935/2365/2147 2936/2299/2147 2937/2298/2147
f 2302/2366/2148 2309/2367/2148 2298/2256/2148
f 171/2209/2149 170/2368/2149 155/2254/2149
f 155/2254/2150 170/2368/2150 158/2369/2150
f 17/2342/2151 3/2370/2151 24/2343/2151
f 988/2371/2152 973/2372/2152 984/2373/2152
f 58/2344/2153 80/2374/2153 60/2321/2153
f 1881/2345/2154 1876/2323/2154 1880/2375/2154
f 62/2346/2155 63/2347/2155 64/2357/2155
f 62/2346/2156 64/2357/2156 66/2356/2156
f 999/2376/2157 992/2325/2157 998/2326/2157
f 2259/2199/2158 2261/2377/2158 2256/2238/2158
f 2264/2200/2159 2260/2378/2159 2259/2199/2159
f 2256/2238/2160 2257/2379/2160 2251/2239/2160
f 2251/2239/2161 2257/2379/2161 2255/2240/2161
f 663/2241/2162 665/2380/2162 641/2360/2162
f 1949/2281/2163 1950/2381/2163 1946/2282/2163
f 1946/2282/2164 1950/2381/2164 1951/2361/2164
f 3266/2382/2165 3268/2383/2165 3275/2329/2165
f 716/2384/2166 720/2385/2166 715/2386/2166
f 677/2387/2167 683/2250/2167 684/2288/2167
f 159/2296/2168 215/2388/2168 214/2332/2168
f 734/2336/2169 719/2389/2169 721/2390/2169
f 47/2338/2170 36/2391/2170 34/2215/2170
f 1856/2392/2171 1858/2393/2171 1855/2394/2171
f 1854/2395/2172 1856/2392/2172 1855/2394/2172
f 4/2305/2173 3/2370/2173 17/2342/2173
f 3/2370/2174 23/2396/2174 24/2343/2174
f 24/2343/2175 23/2396/2175 58/2344/2175
f 230/2397/2176 231/2398/2176 232/2399/2176
f 978/2350/2177 980/2400/2177 981/2351/2177
f 60/2321/2178 80/2374/2178 63/2347/2178
f 63/2347/2179 65/2401/2179 64/2357/2179
f 1000/2402/2180 1002/2403/2180 992/2325/2180
f 999/2376/2181 1000/2402/2181 992/2325/2181
f 992/2325/2182 1002/2403/2182 991/2404/2182
f 65/2401/2183 67/2358/2183 64/2357/2183
f 3286/2405/2184 3284/2406/2184 3282/2327/2184
f 2259/2199/2185 2260/2378/2185 2261/2377/2185
f 2261/2377/2186 2257/2379/2186 2256/2238/2186
f 2269/2359/2187 2260/2378/2187 2264/2200/2187
f 2255/2240/2188 2257/2379/2188 2258/2407/2188
f 204/2408/2189 220/2409/2189 214/2332/2189
f 214/2332/2190 220/2409/2190 219/2333/2190
f 700/2410/2191 679/2411/2191 684/2288/2191
f 3268/2383/2192 3267/2412/2192 3269/2413/2192
f 2276/2362/2193 2275/2414/2193 2281/2331/2193
f 684/2288/2194 679/2411/2194 677/2387/2194
f 2311/2415/2195 2310/2416/2195 2308/2292/2195
f 156/2337/2196 215/2388/2196 159/2296/2196
f 2939/2417/2197 2938/2418/2197 2935/2365/2197
f 2308/2292/2198 2310/2416/2198 2309/2367/2198
f 170/2368/2199 172/2419/2199 158/2369/2199
f 45/2420/2200 36/2391/2200 47/2338/2200
f 21/2147/2201 15/2421/2201 9/2303/2201
f 1893/2422/2202 1892/2423/2202 1883/2424/2202
f 1892/2423/2203 1882/2425/2203 1883/2424/2203
f 23/2396/2204 73/2426/2204 58/2344/2204
f 978/2350/2205 979/2427/2205 980/2400/2205
f 1867/2428/2206 1864/2429/2206 1865/2430/2206
f 1982/2431/2207 1976/2432/2207 1973/2433/2207
f 1982/2431/2208 1973/2433/2208 1975/2434/2208
f 2269/2359/2209 2268/2435/2209 2260/2378/2209
f 2189/2436/2210 2186/2437/2210 2192/2438/2210
f 3572/2439/2211 3573/2440/2211 3574/2441/2211
f 1950/2381/2212 1952/2442/2212 1951/2361/2212
f 1951/2361/2213 1952/2442/2213 1958/2443/2213
f 202/2444/2214 222/2445/2214 204/2408/2214
f 204/2408/2215 222/2445/2215 220/2409/2215
f 2281/2331/2216 2275/2414/2216 2280/2446/2216
f 158/2369/2217 173/2447/2217 156/2337/2217
f 172/2419/2218 173/2447/2218 158/2369/2218
f 36/2391/2219 30/2448/2219 34/2215/2219
f 34/2215/2220 30/2448/2220 21/2147/2220
f 9/2303/2221 6/2449/2221 5/2216/2221
f 5/2216/2222 2/2450/2222 1/2304/2222
f 1/2304/2223 2/2450/2223 3/2370/2223
f 1/2304/2224 3/2370/2224 4/2305/2224
f 22/2451/2225 73/2426/2225 23/2396/2225
f 246/2452/2226 247/2453/2226 258/2454/2226
f 2261/2377/2227 2266/2455/2227 2257/2379/2227
f 2189/2436/2228 2187/2456/2228 2186/2437/2228
f 2186/2437/2229 2187/2456/2229 2188/2457/2229
f 2186/2437/2230 2188/2457/2230 2190/2458/2230
f 2188/2457/2231 2191/2459/2231 2190/2458/2231
f 3267/2412/2232 3260/2460/2232 3269/2413/2232
f 672/2461/2233 680/2364/2233 673/2363/2233
f 199/2462/2234 179/2463/2234 180/2464/2234
f 180/2464/2235 179/2463/2235 177/2465/2235
f 15/2421/2236 6/2449/2236 9/2303/2236
f 229/2466/2237 228/2467/2237 230/2397/2237
f 230/2397/2238 228/2467/2238 231/2398/2238
f 3/2370/2239 22/2451/2239 23/2396/2239
f 231/2398/2240 228/2467/2240 243/2468/2240
f 2260/2378/2241 2268/2435/2241 2265/2469/2241
f 2260/2378/2242 2265/2469/2242 2261/2377/2242
f 2261/2377/2243 2265/2469/2243 2266/2455/2243
f 2266/2455/2244 2267/2470/2244 2257/2379/2244
f 3284/2406/2245 3264/2471/2245 3279/2472/2245
f 2257/2379/2246 2267/2470/2246 2258/2407/2246
f 2269/2359/2247 2283/2473/2247 2268/2435/2247
f 1957/2474/2248 1958/2443/2248 1952/2442/2248
f 688/2475/2249 676/2476/2249 679/2411/2249
f 221/2477/2250 206/2478/2250 215/2388/2250
f 217/2479/2251 221/2477/2251 215/2388/2251
f 671/2480/2252 672/2461/2252 673/2363/2252
f 671/2480/2253 674/2481/2253 672/2461/2253
f 173/2447/2254 223/2482/2254 217/2479/2254
f 177/2465/2255 174/2483/2255 172/2419/2255
f 172/2419/2256 174/2483/2256 173/2447/2256
f 6/2449/2257 2/2450/2257 5/2216/2257
f 22/2451/2258 57/2484/2258 73/2426/2258
f 228/2467/2259 245/2485/2259 243/2468/2259
f 243/2468/2260 245/2485/2260 246/2452/2260
f 1953/2486/2261 1952/2442/2261 1950/2381/2261
f 2275/2414/2262 2279/2487/2262 2280/2446/2262
f 675/2488/2263 676/2476/2263 688/2475/2263
f 3267/2412/2264 3258/2489/2264 3260/2460/2264
f 2277/2490/2265 2278/2491/2265 2275/2414/2265
f 221/2477/2266 211/2492/2266 206/2478/2266
f 3260/2460/2267 3258/2489/2267 3256/2493/2267
f 671/2480/2268 673/2363/2268 675/2488/2268
f 217/2479/2269 223/2482/2269 221/2477/2269
f 3255/2494/2270 3256/2493/2270 3257/2495/2270
f 173/2447/2271 175/2496/2271 223/2482/2271
f 45/2420/2272 44/2497/2272 36/2391/2272
f 21/2147/2273 30/2448/2273 15/2421/2273
f 242/2498/2274 224/2499/2274 229/2466/2274
f 229/2466/2275 224/2499/2275 228/2467/2275
f 245/2485/2276 247/2453/2276 246/2452/2276
f 2265/2469/2277 2267/2470/2277 2266/2455/2277
f 2283/2473/2278 2288/2500/2278 2268/2435/2278
f 2268/2435/2279 2288/2500/2279 2265/2469/2279
f 1954/2501/2280 1952/2442/2280 1953/2486/2280
f 1954/2501/2281 1957/2474/2281 1952/2442/2281
f 1954/2501/2282 1959/2502/2282 1957/2474/2282
f 2280/2446/2283 2279/2487/2283 2283/2473/2283
f 2275/2414/2284 2278/2491/2284 2279/2487/2284
f 675/2488/2285 678/2503/2285 671/2480/2285
f 678/2503/2286 685/2504/2286 671/2480/2286
f 3258/2489/2287 3257/2495/2287 3256/2493/2287
f 223/2482/2288 212/2505/2288 221/2477/2288
f 179/2463/2289 174/2483/2289 177/2465/2289
f 44/2497/2290 42/2506/2290 36/2391/2290
f 42/2506/2291 30/2448/2291 36/2391/2291
f 2/2450/2292 11/2507/2292 3/2370/2292
f 3/2370/2293 11/2507/2293 22/2451/2293
f 27/2508/2294 57/2484/2294 22/2451/2294
f 2265/2469/2295 2271/2509/2295 2267/2470/2295
f 2265/2469/2296 2288/2500/2296 2271/2509/2296
f 1955/2510/2297 1954/2501/2297 1953/2486/2297
f 2283/2473/2298 2279/2487/2298 2288/2500/2298
f 2279/2487/2299 2278/2491/2299 2285/2511/2299
f 3258/2489/2300 3259/2512/2300 3257/2495/2300
f 212/2505/2301 211/2492/2301 221/2477/2301
f 223/2482/2302 175/2496/2302 212/2505/2302
f 174/2483/2303 176/2513/2303 175/2496/2303
f 224/2499/2304 226/2514/2304 228/2467/2304
f 6/2449/2305 8/2515/2305 2/2450/2305
f 228/2467/2306 226/2514/2306 245/2485/2306
f 22/2451/2307 11/2507/2307 27/2508/2307
f 1955/2510/2308 1956/2516/2308 1954/2501/2308
f 2279/2487/2309 2287/2517/2309 2288/2500/2309
f 699/2518/2310 678/2503/2310 675/2488/2310
f 2279/2487/2311 2285/2511/2311 2286/2519/2311
f 699/2518/2312 685/2504/2312 678/2503/2312
f 699/2518/2313 698/2520/2313 685/2504/2313
f 685/2504/2314 698/2520/2314 689/2521/2314
f 181/2522/2315 182/2523/2315 176/2513/2315
f 176/2513/2316 212/2505/2316 175/2496/2316
f 195/2524/2317 181/2522/2317 179/2463/2317
f 252/2525/2318 242/2498/2318 254/2526/2318
f 14/2527/2319 6/2449/2319 15/2421/2319
f 27/2508/2320 55/2528/2320 57/2484/2320
f 2287/2517/2321 2292/2529/2321 2271/2509/2321
f 2287/2517/2322 2291/2530/2322 2292/2529/2322
f 2287/2517/2323 2286/2519/2323 2291/2530/2323
f 698/2520/2324 705/2531/2324 689/2521/2324
f 181/2522/2325 195/2524/2325 198/2532/2325
f 181/2522/2326 198/2532/2326 182/2523/2326
f 242/2498/2327 252/2525/2327 240/2533/2327
f 25/2534/2328 15/2421/2328 30/2448/2328
f 242/2498/2329 240/2533/2329 224/2499/2329
f 15/2421/2330 25/2534/2330 14/2527/2330
f 2/2450/2331 8/2515/2331 11/2507/2331
f 3263/2535/2332 3265/2536/2332 3262/2537/2332
f 176/2513/2333 209/2538/2333 212/2505/2333
f 3271/2539/2334 3272/2540/2334 3259/2512/2334
f 182/2523/2335 198/2532/2335 176/2513/2335
f 198/2532/2336 216/2541/2336 176/2513/2336
f 44/2497/2337 46/2542/2337 42/2506/2337
f 42/2506/2338 46/2542/2338 30/2448/2338
f 226/2514/2339 244/2543/2339 245/2485/2339
f 245/2485/2340 244/2543/2340 251/2544/2340
f 224/2499/2341 240/2533/2341 227/2545/2341
f 11/2507/2342 8/2515/2342 28/2546/2342
f 11/2507/2343 28/2546/2343 27/2508/2343
f 28/2546/2344 29/2547/2344 27/2508/2344
f 27/2508/2345 29/2547/2345 55/2528/2345
f 227/2545/2346 225/2548/2346 224/2499/2346
f 224/2499/2347 225/2548/2347 226/2514/2347
f 244/2543/2348 250/2549/2348 251/2544/2348
f 255/2550/2349 253/2551/2349 252/2525/2349
f 253/2551/2350 240/2533/2350 252/2525/2350
f 14/2527/2351 7/2552/2351 6/2449/2351
f 6/2449/2352 7/2552/2352 8/2515/2352
f 8/2515/2353 16/2553/2353 28/2546/2353
f 29/2547/2354 56/2554/2354 55/2528/2354
f 2992/2555/2355 2993/2556/2355 2994/2557/2355
f 253/2551/2356 241/2558/2356 240/2533/2356
f 225/2548/2357 244/2543/2357 226/2514/2357
f 225/2548/2358 236/2559/2358 244/2543/2358
f 7/2552/2359 10/2560/2359 8/2515/2359
f 8/2515/2360 10/2560/2360 16/2553/2360
f 28/2546/2361 35/2561/2361 29/2547/2361
f 29/2547/2362 37/2562/2362 56/2554/2362
f 241/2558/2363 227/2545/2363 240/2533/2363
f 28/2546/2364 16/2553/2364 35/2561/2364
f 29/2547/2365 35/2561/2365 37/2562/2365
f 227/2545/2366 233/2563/2366 225/2548/2366
f 35/2561/2367 38/2564/2367 37/2562/2367
f 35/2561/2368 16/2553/2368 41/2565/2368
f 241/2558/2369 239/2566/2369 227/2545/2369
f 227/2545/2370 239/2566/2370 233/2563/2370
f 16/2553/2371 10/2560/2371 41/2565/2371
f 35/2561/2372 41/2565/2372 39/2567/2372
f 35/2561/2373 39/2567/2373 38/2564/2373
f 244/2543/2374 248/2568/2374 250/2549/2374
f 256/2569/2375 239/2566/2375 241/2558/2375
f 233/2563/2376 234/2570/2376 225/2548/2376
f 225/2548/2377 234/2570/2377 236/2559/2377
f 244/2543/2378 236/2559/2378 248/2568/2378
f 39/2567/2379 40/2571/2379 38/2564/2379
f 234/2570/2380 237/2572/2380 236/2559/2380
f 239/2566/2381 238/2573/2381 233/2563/2381
f 238/2573/2382 235/2574/2382 233/2563/2382
f 236/2559/2383 237/2572/2383 248/2568/2383
f 39/2567/2384 41/2565/2384 40/2571/2384
f 233/2563/2385 235/2574/2385 234/2570/2385
f 41/2565/2386 49/2575/2386 40/2571/2386
f 248/2568/2387 237/2572/2387 249/2576/2387
f 40/2571/2388 49/2575/2388 50/2577/2388
f 2595/28/2389 2606/21/2389 2597/20/2389
f 415/61/2390 420/2578/2390 419/32/2390
f 415/61/2391 419/32/2391 418/31/2391
f 2593/69/2392 2594/27/2392 2592/29/2392
f 3739/52/2393 3736/38/2393 3729/2579/2393
f 3729/2579/2394 3736/38/2394 3732/53/2394
f 421/30/2395 426/66/2395 424/68/2395
f 421/30/2396 424/68/2396 422/2580/2396
f 418/31/2397 421/30/2397 422/2580/2397
f 3730/2581/2398 3729/2579/2398 3732/53/2398
f 418/31/2399 422/2580/2399 423/2582/2399
f 416/60/2400 418/31/2400 423/2582/2400
f 3741/2583/2401 3739/52/2401 3728/2584/2401
f 3739/52/2402 3729/2579/2402 3728/2584/2402
f 3728/2584/2403 3729/2579/2403 3730/2581/2403
f 3753/51/2404 3755/50/2404 3759/2585/2404
f 3756/84/2405 3753/51/2405 3759/2585/2405
f 3748/55/2406 3753/51/2406 3756/84/2406
f 3693/57/2407 3694/58/2407 3695/75/2407
f 3732/53/2408 3743/54/2408 3733/2586/2408
f 3733/2586/2409 3743/54/2409 3746/2587/2409
f 3696/2588/2410 3693/57/2410 3695/75/2410
f 424/68/2411 425/67/2411 417/93/2411
f 414/2589/2412 422/2580/2412 424/68/2412
f 423/2582/2413 422/2580/2413 414/2589/2413
f 423/2582/2414 414/2589/2414 416/60/2414
f 405/79/2415 406/62/2415 404/123/2415
f 3728/2584/2416 3730/2581/2416 3731/2590/2416
f 3731/2590/2417 3730/2581/2417 3732/53/2417
f 3731/2590/2418 3732/53/2418 3733/2586/2418
f 2585/132/2419 2596/77/2419 2586/94/2419
f 424/68/2420 417/93/2420 412/92/2420
f 424/68/2421 412/92/2421 414/2589/2421
f 414/2589/2422 412/92/2422 364/101/2422
f 416/60/2423 414/2589/2423 411/2591/2423
f 406/62/2424 416/60/2424 411/2591/2424
f 406/62/2425 411/2591/2425 400/2592/2425
f 404/123/2426 406/62/2426 400/2592/2426
f 3718/2593/2427 3726/2594/2427 3719/2595/2427
f 3716/2596/2428 3720/2597/2428 3718/2593/2428
f 3720/2597/2429 3726/2594/2429 3718/2593/2429
f 3731/2590/2430 3733/2586/2430 3734/114/2430
f 3717/2598/2431 3720/2597/2431 3716/2596/2431
f 3715/2599/2432 3717/2598/2432 3716/2596/2432
f 2585/132/2433 2586/94/2433 2584/133/2433
f 2586/94/2434 2590/87/2434 2609/2600/2434
f 2609/2600/2435 2590/87/2435 2608/2601/2435
f 411/2591/2436 414/2589/2436 362/109/2436
f 362/109/2437 414/2589/2437 364/101/2437
f 362/109/2438 364/101/2438 360/107/2438
f 2608/2601/2439 2590/87/2439 2600/88/2439
f 400/2592/2440 411/2591/2440 362/109/2440
f 2608/2601/2441 2600/88/2441 2610/111/2441
f 3710/103/2442 3716/2596/2442 3718/2593/2442
f 3710/103/2443 3718/2593/2443 3706/2602/2443
f 3734/114/2444 3733/2586/2444 3735/115/2444
f 3735/115/2445 3733/2586/2445 3745/139/2445
f 3716/2596/2446 3710/103/2446 3711/105/2446
f 3733/2586/2447 3746/2587/2447 3745/139/2447
f 3715/2599/2448 3716/2596/2448 3711/105/2448
f 3770/106/2449 3772/2603/2449 3769/98/2449
f 3712/2604/2450 3715/2599/2450 3711/105/2450
f 3764/90/2451 3773/95/2451 3761/76/2451
f 3771/86/2452 3773/95/2452 3768/97/2452
f 2584/133/2453 2586/94/2453 2609/2600/2453
f 412/92/2454 410/99/2454 365/100/2454
f 363/110/2455 400/2592/2455 362/109/2455
f 403/124/2456 404/123/2456 400/2592/2456
f 2612/112/2457 2610/111/2457 2601/78/2457
f 3718/2593/2458 3719/2595/2458 3708/127/2458
f 3706/2602/2459 3718/2593/2459 3708/127/2459
f 3708/127/2460 3719/2595/2460 3727/125/2460
f 3705/104/2461 3710/103/2461 3706/2602/2461
f 3711/105/2462 3705/104/2462 3712/2604/2462
f 3712/2604/2463 3705/104/2463 3713/2605/2463
f 3600/2606/2464 3601/2607/2464 3598/2608/2464
f 3602/137/2465 3601/2607/2465 3603/135/2465
f 378/145/2466 400/2592/2466 363/110/2466
f 403/124/2467 400/2592/2467 378/145/2467
f 3737/116/2468 3735/115/2468 3738/2609/2468
f 3706/2602/2469 3708/127/2469 3707/2610/2469
f 3707/2610/2470 3708/127/2470 3709/129/2470
f 3705/104/2471 3706/2602/2471 3707/2610/2471
f 3705/104/2472 3707/2610/2472 3713/2605/2472
f 3714/2611/2473 3707/2610/2473 3709/129/2473
f 3713/2605/2474 3707/2610/2474 3714/2611/2474
f 3602/137/2475 3598/2608/2475 3601/2607/2475
f 3738/2609/2476 3735/115/2476 3747/140/2476
f 3709/129/2477 3721/128/2477 3723/153/2477
f 2580/134/2478 2584/133/2478 2582/2612/2478
f 3596/2613/2479 3599/2614/2479 3598/2608/2479
f 3599/2614/2480 3600/2606/2480 3598/2608/2480
f 3630/174/2481 3598/2608/2481 3602/137/2481
f 361/108/2482 360/107/2482 371/143/2482
f 378/145/2483 363/110/2483 375/144/2483
f 392/151/2484 403/124/2484 378/145/2484
f 3722/138/2485 3725/126/2485 3724/2615/2485
f 3604/136/2486 3603/135/2486 3615/147/2486
f 392/151/2487 378/145/2487 379/146/2487
f 2580/134/2488 2582/2612/2488 2578/2616/2488
f 3596/2613/2489 3598/2608/2489 3594/201/2489
f 3594/201/2490 3598/2608/2490 3595/176/2490
f 3595/176/2491 3598/2608/2491 3630/174/2491
f 3630/174/2492 3602/137/2492 3617/2617/2492
f 384/150/2493 371/143/2493 380/173/2493
f 3617/2617/2494 3602/137/2494 3605/2618/2494
f 3605/2618/2495 3602/137/2495 3604/136/2495
f 3723/153/2496 3722/138/2496 3724/2615/2496
f 2577/2619/2497 2580/134/2497 2578/2616/2497
f 390/156/2498 392/151/2498 379/146/2498
f 3604/136/2499 3615/147/2499 3625/157/2499
f 2579/2620/2500 2578/2616/2500 2582/2612/2500
f 368/142/2501 376/154/2501 370/186/2501
f 369/155/2502 368/142/2502 370/186/2502
f 380/173/2503 371/143/2503 369/155/2503
f 3605/2618/2504 3604/136/2504 3606/2621/2504
f 389/181/2505 392/151/2505 390/156/2505
f 3606/2621/2506 3604/136/2506 3625/157/2506
f 3632/175/2507 3630/174/2507 3617/2617/2507
f 3649/18/2508 3647/164/2508 3646/162/2508
f 3508/2622/2509 3509/2623/2509 3510/2624/2509
f 3612/291/2510 3617/2617/2510 3605/2618/2510
f 2577/2619/2511 2578/2616/2511 2579/2620/2511
f 369/155/2512 370/186/2512 372/240/2512
f 3585/203/2513 3596/2613/2513 3594/201/2513
f 3672/17/2514 3654/187/2514 3649/18/2514
f 3647/164/2515 3649/18/2515 3650/188/2515
f 3647/164/2516 3650/188/2516 3651/2625/2516
f 3169/190/2517 3171/192/2517 3172/205/2517
f 3651/2625/2518 3652/2626/2518 3647/164/2518
f 3508/2622/2519 3510/2624/2519 3511/2627/2519
f 3647/164/2520 3652/2626/2520 3658/2628/2520
f 3605/2618/2521 3606/2621/2521 3607/2629/2521
f 2478/2630/2522 2459/170/2522 2456/184/2522
f 3654/187/2523 3656/197/2523 3655/199/2523
f 3654/187/2524 3655/199/2524 3650/188/2524
f 3612/291/2525 3632/175/2525 3617/2617/2525
f 3652/2626/2526 3651/2625/2526 3668/2631/2526
f 3652/2626/2527 3668/2631/2527 3686/2632/2527
f 3612/291/2528 3605/2618/2528 3608/2633/2528
f 3608/2633/2529 3605/2618/2529 3607/2629/2529
f 3614/2634/2530 3606/2621/2530 3625/157/2530
f 1667/195/2531 1656/194/2531 1652/213/2531
f 1668/276/2532 1659/214/2532 1666/196/2532
f 2075/2635/2533 2076/2636/2533 2074/397/2533
f 2456/184/2534 2452/200/2534 2461/238/2534
f 3657/198/2535 3660/2637/2535 3655/199/2535
f 2577/2619/2536 2579/2620/2536 2581/2638/2536
f 3650/188/2537 3655/199/2537 3660/2637/2537
f 3650/188/2538 3660/2637/2538 3653/286/2538
f 3650/188/2539 3653/286/2539 3651/2625/2539
f 3651/2625/2540 3653/286/2540 3661/2639/2540
f 3651/2625/2541 3661/2639/2541 3668/2631/2541
f 2620/293/2542 2625/251/2542 2639/2640/2542
f 2639/2640/2543 2617/295/2543 2620/293/2543
f 1668/276/2544 1666/196/2544 1671/234/2544
f 2456/184/2545 2461/238/2545 2477/403/2545
f 2587/2641/2546 2577/2619/2546 2581/2638/2546
f 3653/286/2547 3660/2637/2547 3687/370/2547
f 369/155/2548 372/240/2548 381/172/2548
f 3653/286/2549 3662/288/2549 3661/2639/2549
f 3173/206/2550 3175/2642/2550 3174/207/2550
f 382/242/2551 380/173/2551 381/172/2551
f 3607/2629/2552 3606/2621/2552 3614/2634/2552
f 2623/2643/2553 2624/249/2553 2621/252/2553
f 2623/2643/2554 2621/252/2554 2622/2644/2554
f 2628/2645/2555 2629/246/2555 2627/247/2555
f 2630/2646/2556 2631/253/2556 2629/246/2556
f 2621/252/2557 2625/251/2557 2620/293/2557
f 2035/346/2558 2046/261/2558 2049/263/2558
f 1624/233/2559 1625/232/2559 1628/301/2559
f 948/303/2560 949/2647/2560 945/304/2560
f 945/304/2561 949/2647/2561 950/2648/2561
f 1645/270/2562 1652/213/2562 1648/272/2562
f 1644/308/2563 1671/234/2563 1645/270/2563
f 1654/275/2564 1655/212/2564 1674/279/2564
f 2478/2630/2565 2456/184/2565 2477/403/2565
f 2073/2649/2566 2075/2635/2566 2074/397/2566
f 2581/2638/2567 2579/2620/2567 2583/2650/2567
f 3653/286/2568 3687/370/2568 3663/287/2568
f 381/172/2569 372/240/2569 393/378/2569
f 3690/2651/2570 3691/2652/2570 3692/2653/2570
f 3609/2654/2571 3607/2629/2571 3614/2634/2571
f 2628/2645/2572 2627/247/2572 2626/2655/2572
f 2627/247/2573 2624/249/2573 2626/2655/2573
f 2626/2655/2574 2624/249/2574 2623/2643/2574
f 2630/2646/2575 2629/246/2575 2628/2645/2575
f 2622/2644/2576 2621/252/2576 2619/292/2576
f 2050/2656/2577 2053/2657/2577 2054/2658/2577
f 2619/292/2578 2621/252/2578 2620/293/2578
f 2031/387/2579 2049/263/2579 2050/2656/2579
f 2049/263/2580 2053/2657/2580 2050/2656/2580
f 2035/346/2581 2049/263/2581 2031/387/2581
f 2040/348/2582 2046/261/2582 2035/346/2582
f 1640/312/2583 1668/276/2583 1671/234/2583
f 2482/2659/2584 2478/2630/2584 2477/403/2584
f 1570/316/2585 1604/315/2585 1575/2660/2585
f 3660/2637/2586 3688/371/2586 3687/370/2586
f 2463/407/2587 2454/219/2587 2464/329/2587
f 3662/288/2588 3663/287/2588 3664/331/2588
f 382/242/2589 381/172/2589 383/2661/2589
f 3608/2633/2590 3607/2629/2590 3609/2654/2590
f 2086/2662/2591 2085/2663/2591 2087/2664/2591
f 2084/2665/2592 2054/2658/2592 2085/2663/2592
f 2505/344/2593 2498/343/2593 2501/2666/2593
f 2617/295/2594 2615/350/2594 2614/299/2594
f 2498/343/2595 2499/311/2595 2500/353/2595
f 2501/2666/2596 2498/343/2596 2500/353/2596
f 1003/2667/2597 1006/2668/2597 1004/2669/2597
f 1641/354/2598 1669/278/2598 1640/312/2598
f 1640/312/2599 1669/278/2599 1668/276/2599
f 1586/426/2600 1608/2670/2600 1576/317/2600
f 2073/2649/2601 2074/397/2601 2072/399/2601
f 2983/235/2602 2984/14/2602 2982/13/2602
f 372/240/2603 373/239/2603 395/2671/2603
f 2463/407/2604 2464/329/2604 2472/433/2604
f 382/242/2605 383/2661/2605 388/379/2605
f 3623/290/2606 3612/291/2606 3622/409/2606
f 3624/473/2607 3623/290/2607 3622/409/2607
f 2086/2662/2608 2087/2664/2608 2088/2672/2608
f 2090/2673/2609 2093/2674/2609 2092/2675/2609
f 2092/2675/2610 2093/2674/2610 2098/2676/2610
f 2054/2658/2611 2084/2665/2611 2083/2677/2611
f 2064/2678/2612 2050/2656/2612 2054/2658/2612
f 2064/2678/2613 2054/2658/2613 2083/2677/2613
f 2100/2679/2614 2098/2676/2614 2102/2680/2614
f 2051/2681/2615 2031/387/2615 2050/2656/2615
f 2100/2679/2616 2102/2680/2616 2107/2682/2616
f 2613/2683/2617 2616/294/2617 2614/299/2617
f 1181/2684/2618 1177/381/2618 1179/2685/2618
f 1177/381/2619 1175/383/2619 1179/2685/2619
f 1179/2685/2620 1175/383/2620 1180/2686/2620
f 1175/383/2621 1189/338/2621 1180/2686/2621
f 1020/2687/2622 1039/2688/2622 1018/2689/2622
f 1987/2690/2623 1989/2691/2623 1986/2692/2623
f 1987/2690/2624 1986/2692/2624 1983/2693/2624
f 1983/2693/2625 1986/2692/2625 1984/2694/2625
f 1986/2692/2626 1988/2695/2626 1984/2694/2626
f 2613/2683/2627 2614/299/2627 2615/350/2627
f 1983/2693/2628 1984/2694/2628 1985/2696/2628
f 1983/2693/2629 1985/2696/2629 1990/2697/2629
f 782/2698/2630 786/2699/2630 784/2700/2630
f 1003/2667/2631 1004/2669/2631 1005/2701/2631
f 781/2702/2632 782/2698/2632 784/2700/2632
f 2057/396/2633 2058/360/2633 2041/356/2633
f 2074/397/2634 2081/2703/2634 2077/398/2634
f 1576/317/2635 1570/316/2635 1566/425/2635
f 1566/425/2636 1570/316/2636 1565/2704/2636
f 1570/316/2637 1575/2660/2637 1565/2704/2637
f 1565/2704/2638 1575/2660/2638 1569/459/2638
f 395/2671/2639 373/239/2639 408/405/2639
f 394/377/2640 372/240/2640 395/2671/2640
f 2472/433/2641 2462/375/2641 2463/407/2641
f 3663/287/2642 3667/406/2642 3666/2705/2642
f 3665/332/2643 3663/287/2643 3666/2705/2643
f 383/2661/2644 397/2706/2644 396/2707/2644
f 388/379/2645 383/2661/2645 396/2707/2645
f 3634/241/2646 3623/290/2646 3624/473/2646
f 3633/474/2647 3634/241/2647 3624/473/2647
f 3608/2633/2648 3613/408/2648 3612/291/2648
f 3610/2708/2649 3608/2633/2649 3609/2654/2649
f 2088/2672/2650 2087/2664/2650 2089/2709/2650
f 2089/2709/2651 2087/2664/2651 2090/2673/2651
f 2091/2710/2652 2090/2673/2652 2092/2675/2652
f 2084/2665/2653 2085/2663/2653 2086/2662/2653
f 2084/2665/2654 2086/2662/2654 2088/2672/2654
f 2092/2675/2655 2098/2676/2655 2100/2679/2655
f 2099/2711/2656 2092/2675/2656 2100/2679/2656
f 2083/2677/2657 2084/2665/2657 2095/2712/2657
f 2095/2712/2658 2084/2665/2658 2097/2713/2658
f 2064/2678/2659 2051/2681/2659 2050/2656/2659
f 1178/2714/2660 1182/2715/2660 1186/410/2660
f 1178/2714/2661 1186/410/2661 1176/382/2661
f 1182/2715/2662 1178/2714/2662 1181/2684/2662
f 1192/2716/2663 1182/2715/2663 1181/2684/2663
f 1178/2714/2664 1176/382/2664 1177/381/2664
f 1181/2684/2665 1178/2714/2665 1177/381/2665
f 1038/2717/2666 1039/2688/2666 1020/2687/2666
f 1015/2718/2667 1020/2687/2667 1018/2689/2667
f 1009/2719/2668 1013/2720/2668 1007/2721/2668
f 781/2702/2669 780/418/2669 782/2698/2669
f 780/418/2670 785/415/2670 782/2698/2670
f 611/448/2671 593/449/2671 591/393/2671
f 782/2698/2672 785/415/2672 786/2699/2672
f 779/2722/2673 783/420/2673 780/418/2673
f 792/2723/2674 783/420/2674 779/2722/2674
f 779/2722/2675 780/418/2675 781/2702/2675
f 2057/396/2676 2041/356/2676 2028/421/2676
f 1598/2724/2677 1608/2670/2677 1586/426/2677
f 788/2725/2678 781/2702/2678 784/2700/2678
f 788/2725/2679 784/2700/2679 795/2726/2679
f 2482/2659/2680 2477/403/2680 2483/2727/2680
f 2479/2728/2681 2477/403/2681 2462/375/2681
f 395/2671/2682 408/405/2682 409/404/2682
f 3643/2729/2683 3642/437/2683 3641/436/2683
f 3591/376/2684 3589/430/2684 3583/374/2684
f 3666/2705/2685 3667/406/2685 3682/2730/2685
f 3634/241/2686 3635/2731/2686 3591/376/2686
f 3682/2730/2687 3683/2732/2687 3666/2705/2687
f 3613/408/2688 3608/2633/2688 3611/499/2688
f 2089/2709/2689 2090/2673/2689 2091/2710/2689
f 2097/2713/2690 2084/2665/2690 2088/2672/2690
f 2091/2710/2691 2092/2675/2691 2099/2711/2691
f 2096/2733/2692 2097/2713/2692 2088/2672/2692
f 2095/2712/2693 2097/2713/2693 2096/2733/2693
f 2032/443/2694 2031/387/2694 2051/2681/2694
f 2051/2681/2695 2064/2678/2695 2105/2734/2695
f 1040/2735/2696 1038/2717/2696 1017/2736/2696
f 1176/382/2697 1185/411/2697 1169/413/2697
f 2106/2737/2698 2100/2679/2698 2107/2682/2698
f 1015/2718/2699 1018/2689/2699 1013/2720/2699
f 1170/2738/2700 1191/2739/2700 1173/419/2700
f 1168/445/2701 1170/2738/2701 1173/419/2701
f 1171/389/2702 1168/445/2702 1173/419/2702
f 2837/475/2703 2838/452/2703 2832/451/2703
f 1007/2721/2704 1003/2667/2704 1005/2701/2704
f 1007/2721/2705 1005/2701/2705 1008/2740/2705
f 2028/421/2706 2027/347/2706 2023/453/2706
f 791/2741/2707 792/2723/2707 779/2722/2707
f 2830/450/2708 2831/2742/2708 2827/523/2708
f 790/2743/2709 791/2741/2709 779/2722/2709
f 1598/2724/2710 1586/426/2710 1582/2744/2710
f 789/2745/2711 790/2743/2711 779/2722/2711
f 789/2745/2712 779/2722/2712 788/2725/2712
f 788/2725/2713 779/2722/2713 781/2702/2713
f 2483/2727/2714 2477/403/2714 2479/2728/2714
f 2473/434/2715 2476/2746/2715 2475/490/2715
f 3610/2708/2716 3611/499/2716 3608/2633/2716
f 2089/2709/2717 2091/2710/2717 2094/2747/2717
f 2096/2733/2718 2088/2672/2718 2089/2709/2718
f 2096/2733/2719 2089/2709/2719 2094/2747/2719
f 2094/2747/2720 2091/2710/2720 2101/2748/2720
f 2101/2748/2721 2091/2710/2721 2099/2711/2721
f 1161/412/2722 1162/2749/2722 1163/384/2722
f 1163/384/2723 1162/2749/2723 1164/2750/2723
f 1163/384/2724 1164/2750/2724 1165/2751/2724
f 2101/2748/2725 2099/2711/2725 2104/2752/2725
f 2104/2752/2726 2099/2711/2726 2103/2753/2726
f 2103/2753/2727 2099/2711/2727 2100/2679/2727
f 1040/2735/2728 1017/2736/2728 1021/2754/2728
f 1169/413/2729 1185/411/2729 1162/2749/2729
f 1169/413/2730 1162/2749/2730 1161/412/2730
f 1163/384/2731 1165/2751/2731 1166/414/2731
f 1017/2736/2732 1038/2717/2732 1020/2687/2732
f 1017/2736/2733 1020/2687/2733 1015/2718/2733
f 1166/414/2734 1165/2751/2734 1167/2755/2734
f 2103/2753/2735 2100/2679/2735 2106/2737/2735
f 1166/414/2736 1167/2755/2736 1168/445/2736
f 1167/2755/2737 1170/2738/2737 1168/445/2737
f 1009/2719/2738 1007/2721/2738 1008/2740/2738
f 2827/523/2739 2831/2742/2739 2833/479/2739
f 2060/424/2740 2057/396/2740 2028/421/2740
f 2060/424/2741 2028/421/2741 2029/504/2741
f 2831/2742/2742 2840/480/2742 2833/479/2742
f 1582/2744/2743 1586/426/2743 1566/425/2743
f 793/2756/2744 790/2743/2744 789/2745/2744
f 846/2757/2745 850/2758/2745 844/2759/2745
f 2479/2728/2746 2462/375/2746 2480/2760/2746
f 2480/2760/2747 2462/375/2747 2474/489/2747
f 1565/2704/2748 1569/459/2748 1564/487/2748
f 2071/2761/2749 2073/2649/2749 2072/399/2749
f 2988/323/2750 2979/400/2750 2985/483/2750
f 3667/406/2751 3671/461/2751 3673/2762/2751
f 2183/2763/2752 2182/2764/2752 2184/2765/2752
f 2181/2766/2753 2182/2764/2753 2183/2763/2753
f 2185/2767/2754 2181/2766/2754 2183/2763/2754
f 1164/2750/2755 1184/2768/2755 1165/2751/2755
f 2056/2769/2756 2060/424/2756 2029/504/2756
f 2484/2770/2757 2482/2659/2757 2483/2727/2757
f 2063/481/2758 2060/424/2758 2056/2769/2758
f 794/2771/2759 793/2756/2759 789/2745/2759
f 794/2771/2760 789/2745/2760 788/2725/2760
f 849/2772/2761 846/2757/2761 848/2773/2761
f 843/2774/2762 846/2757/2762 844/2759/2762
f 2070/2775/2763 2072/399/2763 2077/398/2763
f 848/2773/2764 846/2757/2764 847/2776/2764
f 1563/527/2765 1566/425/2765 1565/2704/2765
f 1563/527/2766 1565/2704/2766 1564/487/2766
f 3675/2777/2767 3673/2762/2767 3674/2778/2767
f 1103/2779/2768 1106/2780/2768 1104/2781/2768
f 1104/2781/2769 1106/2780/2769 1109/2782/2769
f 1102/2783/2770 1103/2779/2770 1104/2781/2770
f 1102/2783/2771 1104/2781/2771 1105/2784/2771
f 1372/2785/2772 1375/2786/2772 1369/2787/2772
f 1105/2784/2773 1104/2781/2773 1107/2788/2773
f 1366/2789/2774 1372/2785/2774 1369/2787/2774
f 399/2790/2775 386/337/2775 387/380/2775
f 1021/2754/2776 1017/2736/2776 1016/2791/2776
f 1016/2791/2777 1017/2736/2777 1015/2718/2777
f 1009/2719/2778 1008/2740/2778 1010/2792/2778
f 2825/2793/2779 2830/450/2779 2827/523/2779
f 2833/479/2780 2839/478/2780 2834/2794/2780
f 2077/398/2781 2081/2703/2781 2066/2795/2781
f 2484/2770/2782 2483/2727/2782 2479/2728/2782
f 2056/2769/2783 2029/504/2783 2024/513/2783
f 2834/2794/2784 2839/478/2784 2843/2796/2784
f 2070/2775/2785 2077/398/2785 2068/2797/2785
f 2481/2798/2786 2479/2728/2786 2480/2760/2786
f 847/2776/2787 846/2757/2787 843/2774/2787
f 3673/2762/2788 3671/461/2788 3674/2778/2788
f 3675/2777/2789 3674/2778/2789 3676/2799/2789
f 1369/2787/2790 1375/2786/2790 1374/2800/2790
f 1108/2801/2791 1105/2784/2791 1107/2788/2791
f 1369/2787/2792 1374/2800/2792 1367/569/2792
f 1383/2802/2793 1365/2803/2793 1364/2804/2793
f 1365/2803/2794 1366/2789/2794 1363/2805/2794
f 1364/2804/2795 1365/2803/2795 1363/2805/2795
f 1366/2789/2796 1369/2787/2796 1363/2805/2796
f 1363/2805/2797 1369/2787/2797 1367/569/2797
f 1016/2791/2798 1015/2718/2798 1012/2806/2798
f 1012/2806/2799 1015/2718/2799 1013/2720/2799
f 1012/2806/2800 1013/2720/2800 1009/2719/2800
f 2823/520/2801 2832/451/2801 2821/2807/2801
f 2832/451/2802 2830/450/2802 2821/2807/2802
f 2821/2807/2803 2830/450/2803 2825/2793/2803
f 2828/522/2804 2833/479/2804 2834/2794/2804
f 2068/2797/2805 2077/398/2805 2066/2795/2805
f 2485/2808/2806 2484/2770/2806 2479/2728/2806
f 2485/2808/2807 2479/2728/2807 2481/2798/2807
f 2056/2769/2808 2024/513/2808 2055/644/2808
f 2834/2794/2809 2843/2796/2809 2844/2809/2809
f 854/2810/2810 849/2772/2810 848/2773/2810
f 847/2776/2811 843/2774/2811 841/2811/2811
f 1562/541/2812 1563/527/2812 1561/2812/2812
f 1563/527/2813 1564/487/2813 1561/2812/2813
f 2071/2761/2814 2072/399/2814 2070/2775/2814
f 3671/461/2815 3685/507/2815 3674/2778/2815
f 3674/2778/2816 3685/507/2816 3678/2813/2816
f 3674/2778/2817 3678/2813/2817 3677/546/2817
f 3674/2778/2818 3677/546/2818 3676/2799/2818
f 1367/569/2819 1374/2800/2819 1371/567/2819
f 1362/2814/2820 1364/2804/2820 1363/2805/2820
f 1022/2815/2821 1021/2754/2821 1016/2791/2821
f 1012/2806/2822 1009/2719/2822 1010/2792/2822
f 1582/2744/2823 1566/425/2823 1578/2816/2823
f 1578/2816/2824 1566/425/2824 1577/528/2824
f 2068/2797/2825 2066/2795/2825 2067/2817/2825
f 2055/644/2826 2024/513/2826 2019/524/2826
f 842/2818/2827 843/2774/2827 844/2759/2827
f 842/2818/2828 844/2759/2828 845/2819/2828
f 838/2820/2829 848/2773/2829 847/2776/2829
f 838/2820/2830 847/2776/2830 841/2811/2830
f 1558/533/2831 1561/2812/2831 1564/487/2831
f 3677/546/2832 3678/2813/2832 3679/562/2832
f 3676/2799/2833 3677/546/2833 3684/548/2833
f 1374/2800/2834 1376/2821/2834 1371/567/2834
f 1362/2814/2835 1363/2805/2835 1360/2822/2835
f 2836/2823/2836 2835/476/2836 2823/520/2836
f 2825/2793/2837 2827/523/2837 2828/522/2837
f 2834/2794/2838 2844/2809/2838 2845/2824/2838
f 851/2825/2839 854/2810/2839 848/2773/2839
f 851/2825/2840 848/2773/2840 838/2820/2840
f 2070/2775/2841 2068/2797/2841 2069/2826/2841
f 841/2811/2842 843/2774/2842 842/2818/2842
f 941/2827/2843 940/2828/2843 942/2829/2843
f 1559/2830/2844 1562/541/2844 1561/2812/2844
f 1558/533/2845 1559/2830/2845 1561/2812/2845
f 1229/557/2846 1230/560/2846 1231/2831/2846
f 1695/2832/2847 1685/604/2847 1684/2833/2847
f 1371/567/2848 1376/2821/2848 1373/725/2848
f 1384/2834/2849 1364/2804/2849 1362/2814/2849
f 1370/568/2850 1371/567/2850 1373/725/2850
f 322/517/2851 324/539/2851 323/616/2851
f 1197/575/2852 1198/577/2852 1232/618/2852
f 3060/2835/2853 3061/578/2853 3058/580/2853
f 2124/2836/2854 2118/620/2854 2123/622/2854
f 1240/637/2855 1243/638/2855 1238/633/2855
f 2037/554/2856 2030/444/2856 2036/589/2856
f 2828/522/2857 2834/2794/2857 2845/2824/2857
f 2067/2817/2858 2066/2795/2858 2017/2837/2858
f 2066/2795/2859 2055/644/2859 2017/2837/2859
f 852/2838/2860 851/2825/2860 838/2820/2860
f 2069/2826/2861 2068/2797/2861 2067/2817/2861
f 2228/2839/2862 2229/2840/2862 2227/2841/2862
f 1697/2842/2863 1695/2832/2863 1684/2833/2863
f 2069/2826/2864 2071/2761/2864 2070/2775/2864
f 1444/2843/2865 1443/2844/2865 1441/664/2865
f 1441/664/2866 1443/2844/2866 1442/662/2866
f 1376/2821/2867 1379/2845/2867 1373/725/2867
f 1362/2814/2868 1360/2822/2868 1359/2846/2868
f 1360/2822/2869 1363/2805/2869 1361/2847/2869
f 1361/2847/2870 1363/2805/2870 1367/569/2870
f 3058/580/2871 3056/579/2871 3057/676/2871
f 3059/681/2872 3060/2835/2872 3058/580/2872
f 881/679/2873 892/678/2873 898/2848/2873
f 2165/2849/2874 2169/2850/2874 2166/2851/2874
f 2122/621/2875 2118/620/2875 2119/625/2875
f 1022/2815/2876 1016/2791/2876 1012/2806/2876
f 1012/2806/2877 1010/2792/2877 1014/2852/2877
f 2829/2853/2878 2825/2793/2878 2828/522/2878
f 2828/522/2879 2845/2824/2879 2846/753/2879
f 2017/2837/2880 2055/644/2880 2016/643/2880
f 838/2820/2881 841/2811/2881 839/2854/2881
f 839/2854/2882 841/2811/2882 842/2818/2882
f 2228/2839/2883 2227/2841/2883 2226/758/2883
f 1772/599/2884 1774/598/2884 1767/2855/2884
f 1697/2842/2885 1684/2833/2885 1683/806/2885
f 1683/806/2886 1684/2833/2886 1682/708/2886
f 1682/708/2887 1684/2833/2887 1685/604/2887
f 1548/651/2888 1558/533/2888 1560/509/2888
f 1682/708/2889 1685/604/2889 1686/606/2889
f 358/603/2890 348/534/2890 349/607/2890
f 1205/658/2891 1220/611/2891 1223/608/2891
f 1373/725/2892 1379/2845/2892 1381/2856/2892
f 1380/723/2893 1373/725/2893 1381/2856/2893
f 1377/724/2894 1370/568/2894 1373/725/2894
f 895/717/2895 891/680/2895 873/718/2895
f 1384/2834/2896 1362/2814/2896 1359/2846/2896
f 1359/2846/2897 1360/2822/2897 1361/2847/2897
f 1361/2847/2898 1367/569/2898 1368/2857/2898
f 1368/2857/2899 1367/569/2899 1370/568/2899
f 1368/2857/2900 1370/568/2900 1377/724/2900
f 2434/2858/2901 2440/2859/2901 2431/2860/2901
f 2163/2861/2902 2162/2862/2902 2169/2850/2902
f 2163/2861/2903 2169/2850/2903 2165/2849/2903
f 2431/2860/2904 2442/2863/2904 2429/740/2904
f 1239/632/2905 1218/631/2905 1237/684/2905
f 1249/686/2906 1239/632/2906 1237/684/2906
f 1260/687/2907 1259/639/2907 1258/691/2907
f 1023/2864/2908 1012/2806/2908 1014/2852/2908
f 1011/2865/2909 1010/2792/2909 1008/2740/2909
f 1599/2866/2910 1582/2744/2910 1579/905/2910
f 1579/905/2911 1582/2744/2911 1578/2816/2911
f 2829/2853/2912 2828/522/2912 2842/755/2912
f 2842/755/2913 2828/522/2913 2846/753/2913
f 2016/643/2914 2019/524/2914 2018/697/2914
f 853/2867/2915 852/2838/2915 838/2820/2915
f 928/2868/2916 933/2869/2916 926/2870/2916
f 838/2820/2917 839/2854/2917 840/2871/2917
f 2226/758/2918 2227/2841/2918 2225/756/2918
f 1764/706/2919 1772/599/2919 1767/2855/2919
f 2225/756/2920 2227/2841/2920 2224/2872/2920
f 930/2873/2921 929/2874/2921 940/2828/2921
f 930/2873/2922 940/2828/2922 941/2827/2922
f 1549/2875/2923 1559/2830/2923 1558/533/2923
f 1548/651/2924 1549/2875/2924 1558/533/2924
f 1702/656/2925 1703/707/2925 1686/606/2925
f 1544/650/2926 1541/2876/2926 1537/2877/2926
f 1537/2877/2927 1541/2876/2927 1540/2878/2927
f 1440/2879/2928 1441/664/2928 1439/663/2928
f 1378/2880/2929 1368/2857/2929 1377/724/2929
f 2416/2881/2930 2417/2882/2930 2418/2883/2930
f 881/679/2931 873/718/2931 891/680/2931
f 2435/2884/2932 2434/2858/2932 2418/2883/2932
f 1100/2885/2933 1101/2886/2933 1095/2887/2933
f 1094/2888/2934 1100/2885/2934 1095/2887/2934
f 1382/2889/2935 1368/2857/2935 1378/2880/2935
f 2419/2890/2936 2416/2881/2936 2418/2883/2936
f 1361/2847/2937 1368/2857/2937 1382/2889/2937
f 2419/2890/2938 2418/2883/2938 2434/2858/2938
f 2431/2860/2939 2419/2890/2939 2434/2858/2939
f 2432/2891/2940 2419/2890/2940 2431/2860/2940
f 2163/2861/2941 2165/2849/2941 2164/2892/2941
f 2164/2892/2942 2165/2849/2942 2166/2851/2942
f 2430/2893/2943 2432/2891/2943 2431/2860/2943
f 2156/2894/2944 2170/2895/2944 2162/2862/2944
f 2156/2894/2945 2162/2862/2945 2160/2896/2945
f 2160/2896/2946 2162/2862/2946 2163/2861/2946
f 2429/740/2947 2430/2893/2947 2431/2860/2947
f 2155/2897/2948 2170/2895/2948 2156/2894/2948
f 2425/738/2949 2444/742/2949 2439/789/2949
f 1025/2898/2950 1022/2815/2950 1012/2806/2950
f 2821/2807/2951 2822/750/2951 2823/520/2951
f 2824/2899/2952 2822/750/2952 2821/2807/2952
f 2825/2793/2953 2824/2899/2953 2821/2807/2953
f 924/2900/2954 925/2901/2954 921/2902/2954
f 921/2902/2955 925/2901/2955 922/2903/2955
f 1579/905/2956 1578/2816/2956 1577/528/2956
f 2080/2904/2957 2067/2817/2957 2017/2837/2957
f 2069/2826/2958 2067/2817/2958 2078/2905/2958
f 926/2870/2959 929/2874/2959 923/2906/2959
f 923/2906/2960 929/2874/2960 930/2873/2960
f 3486/801/2961 3488/2907/2961 3487/802/2961
f 3481/2908/2962 3482/705/2962 3483/704/2962
f 1547/2909/2963 1549/2875/2963 1548/651/2963
f 1756/869/2964 1773/601/2964 1764/706/2964
f 1784/2910/2965 1773/601/2965 1756/869/2965
f 1548/651/2966 1544/650/2966 1537/2877/2966
f 1757/871/2967 1783/763/2967 1784/2910/2967
f 1781/764/2968 1783/763/2968 1757/871/2968
f 1704/839/2969 1703/707/2969 1702/656/2969
f 1537/2877/2970 1540/2878/2970 1538/873/2970
f 3093/2911/2971 3089/2912/2971 3086/2913/2971
f 1440/2879/2972 1439/663/2972 1437/813/2972
f 1217/816/2973 1202/712/2973 1216/761/2973
f 1378/2880/2974 1377/724/2974 1385/2914/2974
f 2418/2883/2975 2417/2882/2975 2435/2884/2975
f 1094/2888/2976 1095/2887/2976 1093/2915/2976
f 1092/2916/2977 1095/2887/2977 1099/2917/2977
f 2160/2896/2978 2163/2861/2978 2164/2892/2978
f 2428/739/2979 2430/2893/2979 2429/740/2979
f 2157/2918/2980 2155/2897/2980 2154/2919/2980
f 2154/2919/2981 2155/2897/2981 2156/2894/2981
f 2158/897/2982 2168/785/2982 2155/2897/2982
f 2034/551/2983 2033/540/2983 2039/827/2983
f 1026/2920/2984 1022/2815/2984 1025/2898/2984
f 1025/2898/2985 1012/2806/2985 1023/2864/2985
f 2836/2823/2986 2823/520/2986 2826/751/2986
f 1024/2921/2987 1023/2864/2987 1014/2852/2987
f 1014/2852/2988 1010/2792/2988 1019/2922/2988
f 1019/2922/2989 1010/2792/2989 1011/2865/2989
f 921/2902/2990 922/2903/2990 920/2923/2990
f 920/2923/2991 922/2903/2991 927/2924/2991
f 3527/795/2992 3529/794/2992 3530/2925/2992
f 3531/2926/2993 3527/795/2993 3530/2925/2993
f 1278/2927/2994 1281/2928/2994 1279/2929/2994
f 1278/2927/2995 1279/2929/2995 1275/2930/2995
f 2078/2905/2996 2067/2817/2996 2080/2904/2996
f 1764/706/2997 1767/2855/2997 1765/914/2997
f 2225/756/2998 2224/2872/2998 2223/757/2998
f 2223/757/2999 2224/2872/2999 2208/2931/2999
f 2079/2932/3000 2069/2826/3000 2078/2905/3000
f 3489/2933/3001 3486/801/3001 3485/800/3001
f 1547/2909/3002 1548/651/3002 1537/2877/3002
f 1757/871/3003 1784/2910/3003 1756/869/3003
f 1766/2934/3004 1781/764/3004 1757/871/3004
f 1536/872/3005 1537/2877/3005 1538/873/3005
f 896/810/3006 899/710/3006 857/811/3006
f 3079/877/3007 3086/2913/3007 3089/2912/3007
f 3079/877/3008 3089/2912/3008 3071/2935/3008
f 1770/2936/3009 1782/762/3009 1766/2934/3009
f 1782/762/3010 1781/764/3010 1766/2934/3010
f 1785/843/3011 1786/842/3011 1782/762/3011
f 1785/843/3012 1782/762/3012 1770/2936/3012
f 1567/722/3013 1568/818/3013 1596/715/3013
f 863/778/3014 862/821/3014 861/730/3014
f 1092/2916/3015 1099/2917/3015 1098/893/3015
f 1093/2915/3016 1095/2887/3016 1092/2916/3016
f 2154/2919/3017 2156/2894/3017 2160/2896/3017
f 2158/897/3018 2155/2897/3018 2157/2918/3018
f 2422/2937/3019 2424/2938/3019 2425/738/3019
f 2425/738/3020 2424/2938/3020 2428/739/3020
f 2422/2937/3021 2425/738/3021 2439/789/3021
f 2151/786/3022 2168/785/3022 2158/897/3022
f 2422/2937/3023 2439/789/3023 2420/788/3023
f 2147/745/3024 2150/744/3024 2151/786/3024
f 1019/2922/3025 1011/2865/3025 1041/2939/3025
f 1583/907/3026 1599/2866/3026 1579/905/3026
f 1579/905/3027 1577/528/3027 1580/906/3027
f 920/2923/3028 927/2924/3028 918/2940/3028
f 918/2940/3029 927/2924/3029 928/2868/3029
f 2015/2941/3030 2016/643/3030 2018/697/3030
f 1274/2942/3031 1278/2927/3031 1275/2930/3031
f 1274/2942/3032 1275/2930/3032 1276/2943/3032
f 2013/2944/3033 2080/2904/3033 2017/2837/3033
f 2013/2944/3034 2017/2837/3034 2016/643/3034
f 1765/914/3035 1767/2855/3035 1768/2945/3035
f 1758/916/3036 1756/869/3036 1764/706/3036
f 1758/916/3037 1764/706/3037 1765/914/3037
f 1547/2909/3038 1537/2877/3038 1546/2946/3038
f 1539/2947/3039 1537/2877/3039 1536/872/3039
f 1763/2948/3040 1766/2934/3040 1757/871/3040
f 1211/845/3041 1209/814/3041 1235/2949/3041
f 1788/2950/3042 1787/841/3042 1785/843/3042
f 896/810/3043 857/811/3043 875/876/3043
f 3091/2951/3044 3086/2913/3044 3084/879/3044
f 3084/879/3045 3086/2913/3045 3079/877/3045
f 1568/818/3046 1545/817/3046 1609/2952/3046
f 3548/2953/3047 3549/881/3047 3550/883/3047
f 859/732/3048 860/773/3048 855/847/3048
f 859/732/3049 855/847/3049 858/765/3049
f 862/821/3050 863/778/3050 864/826/3050
f 1079/2954/3051 1094/2888/3051 1076/962/3051
f 1075/925/3052 1079/2954/3052 1076/962/3052
f 1076/962/3053 1094/2888/3053 1093/2915/3053
f 1092/2916/3054 1098/893/3054 1091/892/3054
f 2161/2955/3055 2157/2918/3055 2154/2919/3055
f 2421/2956/3056 2424/2938/3056 2422/2937/3056
f 2159/898/3057 2158/897/3057 2157/2918/3057
f 2153/899/3058 2151/786/3058 2158/897/3058
f 2420/788/3059 2421/2956/3059 2422/2937/3059
f 2426/2957/3060 2420/788/3060 2441/787/3060
f 2436/859/3061 2426/2957/3061 2441/787/3061
f 1025/2898/3062 1023/2864/3062 1035/2958/3062
f 1035/2958/3063 1023/2864/3063 1024/2921/3063
f 1024/2921/3064 1014/2852/3064 1027/2959/3064
f 1027/2959/3065 1014/2852/3065 1019/2922/3065
f 919/2960/3066 924/2900/3066 921/2902/3066
f 1580/906/3067 1577/528/3067 1581/829/3067
f 3525/831/3068 3526/830/3068 3523/975/3068
f 1277/2961/3069 1274/2942/3069 1276/2943/3069
f 928/2868/3070 926/2870/3070 918/2940/3070
f 918/2940/3071 926/2870/3071 923/2906/3071
f 1760/915/3072 1765/914/3072 1768/2945/3072
f 2223/757/3073 2208/2931/3073 2218/2962/3073
f 2218/2962/3074 2208/2931/3074 2207/942/3074
f 2078/2905/3075 2080/2904/3075 2082/2963/3075
f 2082/2963/3076 2080/2904/3076 2013/2944/3076
f 2013/2944/3077 2016/643/3077 2015/2941/3077
f 1726/2964/3078 1739/2965/3078 1727/2966/3078
f 2207/942/3079 2208/2931/3079 2209/943/3079
f 1726/2964/3080 1727/2966/3080 1722/2967/3080
f 1547/2909/3081 1546/2946/3081 1550/2968/3081
f 1678/2969/3082 1681/807/3082 1680/809/3082
f 1678/2969/3083 1680/809/3083 1679/2970/3083
f 1546/2946/3084 1537/2877/3084 1539/2947/3084
f 1212/846/3085 1211/845/3085 1235/2949/3085
f 3063/878/3086 3079/877/3086 3071/2935/3086
f 1935/2971/3087 1944/2972/3087 1941/2973/3087
f 1771/2974/3088 1770/2936/3088 1763/2948/3088
f 1770/2936/3089 1766/2934/3089 1763/2948/3089
f 868/2975/3090 855/847/3090 860/773/3090
f 1080/924/3091 1079/2954/3091 1075/925/3091
f 862/821/3092 868/2975/3092 860/773/3092
f 865/890/3093 862/821/3093 864/826/3093
f 1093/2915/3094 1092/2916/3094 1076/962/3094
f 1076/962/3095 1092/2916/3095 1091/892/3095
f 2159/898/3096 2157/2918/3096 2167/2976/3096
f 2167/2976/3097 2157/2918/3097 2161/2955/3097
f 2423/2977/3098 2421/2956/3098 2420/788/3098
f 2152/2978/3099 2151/786/3099 2153/899/3099
f 2427/2979/3100 2423/2977/3100 2426/2957/3100
f 2423/2977/3101 2420/788/3101 2426/2957/3101
f 2147/745/3102 2151/786/3102 2152/2978/3102
f 2148/790/3103 2147/745/3103 2152/2978/3103
f 2427/2979/3104 2426/2957/3104 2436/859/3104
f 2445/856/3105 2438/901/3105 2437/857/3105
f 2437/857/3106 2427/2979/3106 2436/859/3106
f 916/2980/3107 918/2940/3107 923/2906/3107
f 1760/915/3108 1768/2945/3108 1762/1058/3108
f 1762/1058/3109 1768/2945/3109 1769/1011/3109
f 2013/2944/3110 2015/2941/3110 2014/2981/3110
f 1722/2967/3111 1723/2982/3111 1726/2964/3111
f 1722/2967/3112 1727/2966/3112 1728/2983/3112
f 3096/2984/3113 3097/2985/3113 3098/2986/3113
f 1756/869/3114 1758/916/3114 1752/2987/3114
f 1755/870/3115 1756/869/3115 1752/2987/3115
f 1539/2947/3116 1536/872/3116 1542/2988/3116
f 1542/2988/3117 1536/872/3117 1545/817/3117
f 3070/2989/3118 3090/2990/3118 3078/2991/3118
f 3070/2989/3119 3078/2991/3119 3077/2992/3119
f 3078/2991/3120 3092/2993/3120 3077/2992/3120
f 1763/2948/3121 1757/871/3121 1755/870/3121
f 1437/813/3122 1434/844/3122 1438/2994/3122
f 1934/2995/3123 1944/2972/3123 1935/2971/3123
f 1780/2996/3124 1763/2948/3124 1755/870/3124
f 868/2975/3125 872/2997/3125 855/847/3125
f 855/847/3126 872/2997/3126 856/874/3126
f 1089/990/3127 1086/2998/3127 1085/991/3127
f 1935/2971/3128 1941/2973/3128 1940/2999/3128
f 1771/2974/3129 1763/2948/3129 1780/2996/3129
f 1085/991/3130 1086/2998/3130 1081/926/3130
f 1081/926/3131 1086/2998/3131 1080/924/3131
f 1545/817/3132 1556/720/3132 1553/3000/3132
f 869/3001/3133 868/2975/3133 862/821/3133
f 1553/3000/3134 1556/720/3134 1557/852/3134
f 865/890/3135 869/3001/3135 862/821/3135
f 1743/853/3136 1740/959/3136 1746/854/3136
f 1424/965/3137 1430/964/3137 1426/970/3137
f 2433/900/3138 2423/2977/3138 2427/2979/3138
f 2438/901/3139 2433/900/3139 2427/2979/3139
f 2438/901/3140 2427/2979/3140 2437/857/3140
f 1026/2920/3141 1025/2898/3141 1035/2958/3141
f 1037/3002/3142 1024/2921/3142 1027/2959/3142
f 1037/3002/3143 1035/2958/3143 1024/2921/3143
f 1912/971/3144 1918/939/3144 1916/938/3144
f 919/2960/3145 921/2902/3145 920/2923/3145
f 3525/831/3146 3523/975/3146 3524/940/3146
f 3493/1006/3147 3494/3003/3147 3495/3004/3147
f 3496/1012/3148 3494/3003/3148 3493/1006/3148
f 3519/3005/3149 3520/3006/3149 3521/3007/3149
f 1280/3008/3150 1277/2961/3150 1276/2943/3150
f 2010/950/3151 2013/2944/3151 2014/2981/3151
f 2011/949/3152 2082/2963/3152 2013/2944/3152
f 2010/950/3153 2011/949/3153 2013/2944/3153
f 1728/2983/3154 1727/2966/3154 1733/3009/3154
f 1551/3010/3155 1546/2946/3155 1539/2947/3155
f 1543/3011/3156 1551/3010/3156 1539/2947/3156
f 1752/2987/3157 1758/916/3157 1754/982/3157
f 1543/3011/3158 1539/2947/3158 1542/2988/3158
f 1755/870/3159 1752/2987/3159 1751/3012/3159
f 1542/2988/3160 1545/817/3160 1552/3013/3160
f 2857/3014/3161 2855/3015/3161 2856/3016/3161
f 3070/2989/3162 3077/2992/3162 3072/3017/3162
f 2856/3016/3163 2855/3015/3163 2854/3018/3163
f 3063/878/3164 3071/2935/3164 3070/2989/3164
f 1934/2995/3165 1935/2971/3165 1936/3019/3165
f 1743/853/3166 1745/956/3166 1737/955/3166
f 1936/3019/3167 1935/2971/3167 1940/2999/3167
f 1743/853/3168 1737/955/3168 1740/959/3168
f 871/3020/3169 870/3021/3169 867/929/3169
f 867/929/3170 870/3021/3170 865/890/3170
f 865/890/3171 870/3021/3171 869/3001/3171
f 1076/962/3172 1091/892/3172 1082/957/3172
f 1424/965/3173 1426/970/3173 1423/969/3173
f 610/861/3174 617/3022/3174 607/903/3174
f 2048/935/3175 2039/827/3175 2108/3023/3175
f 1915/3024/3176 1920/3025/3176 1919/3026/3176
f 1037/3002/3177 1027/2959/3177 1036/1191/3177
f 1915/3024/3178 1919/3026/3178 1916/938/3178
f 1916/938/3179 1919/3026/3179 1921/1038/3179
f 1019/2922/3180 1041/2939/3180 1042/3027/3180
f 1914/937/3181 1915/3024/3181 1916/938/3181
f 1916/938/3182 1921/1038/3182 1910/972/3182
f 1916/938/3183 1910/972/3183 1912/971/3183
f 3522/976/3184 3523/975/3184 3519/3005/3184
f 2207/942/3185 2210/944/3185 2211/3028/3185
f 1762/1058/3186 1769/1011/3186 1775/1010/3186
f 1687/3029/3187 1678/2969/3187 1677/3030/3187
f 1725/3031/3188 1736/3032/3188 1723/2982/3188
f 1677/3030/3189 1678/2969/3189 1679/2970/3189
f 1720/3033/3190 1723/2982/3190 1722/2967/3190
f 1759/981/3191 1758/916/3191 1760/915/3191
f 916/2980/3192 935/3034/3192 912/3035/3192
f 1729/3036/3193 1722/2967/3193 1728/2983/3193
f 912/3035/3194 935/3034/3194 915/3037/3194
f 1753/3038/3195 1752/2987/3195 1754/982/3195
f 1751/3012/3196 1752/2987/3196 1753/3038/3196
f 2855/3015/3197 2853/3039/3197 2854/3018/3197
f 874/875/3198 876/922/3198 875/876/3198
f 1552/3013/3199 1545/817/3199 1553/3000/3199
f 1937/3040/3200 1938/3041/3200 1934/2995/3200
f 1937/3040/3201 1934/2995/3201 1936/3019/3201
f 1937/3040/3202 1943/3042/3202 1942/3043/3202
f 1416/1027/3203 1420/3044/3203 1425/966/3203
f 1832/3045/3204 1816/928/3204 1825/997/3204
f 1746/854/3205 1738/960/3205 1742/895/3205
f 1417/1026/3206 1425/966/3206 1424/965/3206
f 1417/1026/3207 1424/965/3207 1423/969/3207
f 1027/2959/3208 1019/2922/3208 1028/1145/3208
f 919/2960/3209 920/2923/3209 918/2940/3209
f 2218/2962/3210 2207/942/3210 2211/3028/3210
f 3522/976/3211 3519/3005/3211 3521/3007/3211
f 761/978/3212 772/977/3212 759/3046/3212
f 1725/3031/3213 1723/2982/3213 1720/3033/3213
f 1760/915/3214 1762/1058/3214 1761/1057/3214
f 1759/981/3215 1760/915/3215 1761/1057/3215
f 1690/3047/3216 1677/3030/3216 1679/2970/3216
f 1722/2967/3217 1729/3036/3217 1717/1064/3217
f 2853/3039/3218 2848/3048/3218 2851/3049/3218
f 1967/3050/3219 1970/3051/3219 1969/3052/3219
f 2853/3039/3220 2851/3049/3220 2854/3018/3220
f 874/875/3221 877/3053/3221 876/922/3221
f 877/3053/3222 878/988/3222 876/922/3222
f 1967/3050/3223 1969/3052/3223 1962/1067/3223
f 1554/3054/3224 1552/3013/3224 1553/3000/3224
f 1554/3054/3225 1553/3000/3225 1555/3055/3225
f 1419/3056/3226 1420/3044/3226 1416/1027/3226
f 3065/1024/3227 3063/878/3227 3070/2989/3227
f 3065/1024/3228 3070/2989/3228 3072/3017/3228
f 3065/1024/3229 3064/885/3229 3063/878/3229
f 1939/3057/3230 1938/3041/3230 1937/3040/3230
f 1939/3057/3231 1937/3040/3231 1942/3043/3231
f 1499/3058/3232 1501/3059/3232 1498/3060/3232
f 1742/895/3233 1738/960/3233 1741/3061/3233
f 1588/896/3234 1589/3062/3234 1574/930/3234
f 1824/1028/3235 1814/996/3235 1815/1033/3235
f 1417/1026/3236 1423/969/3236 1422/3063/3236
f 1422/3063/3237 1423/969/3237 1427/3064/3237
f 1427/3064/3238 1423/969/3238 1428/968/3238
f 1036/1191/3239 1027/2959/3239 1028/1145/3239
f 1028/1145/3240 1019/2922/3240 1029/1146/3240
f 2496/3065/3241 2494/3066/3241 2497/1148/3241
f 917/3067/3242 919/2960/3242 918/2940/3242
f 2221/3068/3243 2218/2962/3243 2211/3028/3243
f 766/1041/3244 767/979/3244 761/978/3244
f 918/2940/3245 916/2980/3245 914/3069/3245
f 914/3069/3246 916/2980/3246 912/3035/3246
f 1724/3070/3247 1734/3071/3247 1725/3031/3247
f 1724/3070/3248 1725/3031/3248 1720/3033/3248
f 2848/3048/3249 2849/3072/3249 2850/3073/3249
f 2848/3048/3250 2850/3073/3250 2851/3049/3250
f 2851/3049/3251 2850/3073/3251 2852/3074/3251
f 2354/3075/3252 2342/1045/3252 2347/1044/3252
f 1720/3033/3253 1722/2967/3253 1715/1066/3253
f 1715/1066/3254 1722/2967/3254 1717/1064/3254
f 911/3076/3255 912/3035/3255 915/3037/3255
f 3065/1024/3256 3072/3017/3256 3080/3077/3256
f 1740/959/3257 1737/955/3257 1738/960/3257
f 1497/3078/3258 1499/3058/3258 1498/3060/3258
f 1497/3078/3259 1498/3060/3259 1496/3079/3259
f 1738/960/3260 1735/3080/3260 1741/3061/3260
f 1735/3080/3261 1716/1072/3261 1741/3061/3261
f 1496/3079/3262 1498/3060/3262 1500/3081/3262
f 934/3082/3263 919/2960/3263 917/3067/3263
f 1687/3029/3264 1677/3030/3264 1688/3083/3264
f 3497/1013/3265 3493/1006/3265 3498/1005/3265
f 1677/3030/3266 1690/3047/3266 1689/3084/3266
f 759/3046/3267 760/1088/3267 761/978/3267
f 914/3069/3268 912/3035/3268 907/3085/3268
f 2342/1045/3269 2339/1086/3269 2341/1059/3269
f 1731/3086/3270 1724/3070/3270 1721/3087/3270
f 1724/3070/3271 1720/3033/3271 1721/3087/3271
f 1721/3087/3272 1720/3033/3272 1719/3088/3272
f 1732/993/3273 1731/3086/3273 1730/3089/3273
f 1730/3089/3274 1731/3086/3274 1721/3087/3274
f 1719/3088/3275 1720/3033/3275 1715/1066/3275
f 1967/3050/3276 1962/1067/3276 1961/1091/3276
f 1737/955/3277 1732/993/3277 1730/3089/3277
f 1719/3088/3278 1715/1066/3278 1709/1070/3278
f 1961/1091/3279 1962/1067/3279 1963/1069/3279
f 1709/1070/3280 1715/1066/3280 1710/1093/3280
f 1964/1068/3281 1962/1067/3281 1965/1095/3281
f 1738/960/3282 1737/955/3282 1730/3089/3282
f 1738/960/3283 1730/3089/3283 1735/3080/3283
f 1419/3056/3284 1416/1027/3284 1415/3090/3284
f 1735/3080/3285 1709/1070/3285 1716/1072/3285
f 3065/1024/3286 3080/3077/3286 3082/3091/3286
f 1415/3090/3287 1416/1027/3287 1417/1026/3287
f 3067/1073/3288 3065/1024/3288 3082/3091/3288
f 1415/3090/3289 1417/1026/3289 1418/3092/3289
f 3068/1098/3290 3066/1025/3290 3067/1073/3290
f 1495/3093/3291 1497/3078/3291 1496/3079/3291
f 1417/1026/3292 1422/3063/3292 1421/3094/3292
f 1418/3092/3293 1417/1026/3293 1421/3094/3293
f 1500/3081/3294 1503/3095/3294 1493/3096/3294
f 2497/1148/3295 2494/3066/3295 2490/1149/3295
f 2490/1149/3296 2494/3066/3296 2492/1176/3296
f 3500/3097/3297 3498/1005/3297 3499/1004/3297
f 934/3082/3298 917/3067/3298 932/3098/3298
f 2211/3028/3299 2210/944/3299 2212/3099/3299
f 1694/3100/3300 1687/3029/3300 1688/3083/3300
f 766/1041/3301 761/978/3301 765/1084/3301
f 917/3067/3302 918/2940/3302 914/3069/3302
f 1688/3083/3303 1677/3030/3303 1689/3084/3303
f 907/3085/3304 912/3035/3304 911/3076/3304
f 1730/3089/3305 1721/3087/3305 1719/3088/3305
f 1711/1065/3306 1717/1064/3306 1750/3101/3306
f 2203/1130/3307 2204/3102/3307 2205/1131/3307
f 1710/1093/3308 1715/1066/3308 1711/1065/3308
f 1730/3089/3309 1719/3088/3309 1735/3080/3309
f 1735/3080/3310 1719/3088/3310 1709/1070/3310
f 3069/3103/3311 3068/1098/3311 3067/1073/3311
f 3073/1099/3312 3068/1098/3312 3069/3103/3312
f 1495/3093/3313 1494/3104/3313 1497/3078/3313
f 1494/3104/3314 1495/3093/3314 1489/3105/3314
f 1489/3105/3315 1495/3093/3315 1496/3079/3315
f 3076/3106/3316 3095/3107/3316 3073/1099/3316
f 3095/3107/3317 3094/1100/3317 3073/1099/3317
f 1493/3096/3318 1489/3105/3318 1496/3079/3318
f 1493/3096/3319 1496/3079/3319 1500/3081/3319
f 1504/3108/3320 1493/3096/3320 1503/3095/3320
f 1493/3096/3321 1504/3108/3321 1487/3109/3321
f 1487/3109/3322 1504/3108/3322 1505/3110/3322
f 3497/1013/3323 3498/1005/3323 3500/3097/3323
f 2221/3068/3324 2211/3028/3324 2220/3111/3324
f 764/1121/3325 761/978/3325 763/1061/3325
f 1706/1094/3326 1710/1093/3326 1711/1065/3326
f 1432/3112/3327 1433/3113/3327 1415/3090/3327
f 1432/3112/3328 1415/3090/3328 1431/3114/3328
f 1431/3114/3329 1415/3090/3329 1429/3115/3329
f 1429/3115/3330 1415/3090/3330 1418/3092/3330
f 3076/3106/3331 3073/1099/3331 3074/1202/3331
f 1489/3105/3332 1493/3096/3332 1487/3109/3332
f 1487/3109/3333 1505/3110/3333 1491/3116/3333
f 3806/1110/3334 3810/1109/3334 3804/3117/3334
f 1908/973/3335 1907/1116/3335 1906/1174/3335
f 2487/1178/3336 2490/1149/3336 2492/1176/3336
f 1355/3118/3337 1356/3119/3337 1351/1226/3337
f 917/3067/3338 914/3069/3338 913/3120/3338
f 913/3120/3339 914/3069/3339 907/3085/3339
f 907/3085/3340 911/3076/3340 908/3121/3340
f 908/3121/3341 911/3076/3341 943/3122/3341
f 3158/1134/3342 3159/1133/3342 3160/3123/3342
f 3158/1134/3343 3160/3123/3343 3161/3124/3343
f 1706/1094/3344 1711/1065/3344 1713/3125/3344
f 1705/1071/3345 1706/1094/3345 1707/1161/3345
f 1707/1161/3346 1706/1094/3346 1713/3125/3346
f 3069/3103/3347 3067/1073/3347 3083/3126/3347
f 1707/1161/3348 1713/3125/3348 1718/3127/3348
f 3074/1202/3349 3073/1099/3349 3069/3103/3349
f 1488/3128/3350 1494/3104/3350 1489/3105/3350
f 1705/1071/3351 1707/1161/3351 1708/1160/3351
f 3088/3129/3352 3076/3106/3352 3074/1202/3352
f 1487/3109/3353 1488/3128/3353 1489/3105/3353
f 3804/3117/3354 3810/1109/3354 3807/3130/3354
f 3805/1166/3355 3806/1110/3355 3804/3117/3355
f 2220/3111/3356 2211/3028/3356 2213/3131/3356
f 2213/3131/3357 2211/3028/3357 2212/3099/3357
f 936/3132/3358 934/3082/3358 932/3098/3358
f 2341/1059/3359 2345/1196/3359 2344/1123/3359
f 774/1200/3360 764/1121/3360 768/1186/3360
f 764/1121/3361 763/1061/3361 768/1186/3361
f 907/3085/3362 908/3121/3362 909/3133/3362
f 3075/1203/3363 3074/1202/3363 3069/3103/3363
f 3075/1203/3364 3069/3103/3364 3083/3126/3364
f 1490/3134/3365 1488/3128/3365 1487/3109/3365
f 1707/1161/3366 1718/3127/3366 1714/3135/3366
f 3085/3136/3367 3088/3129/3367 3074/1202/3367
f 1712/1162/3368 1707/1161/3368 1714/3135/3368
f 1036/1191/3369 1028/1145/3369 1031/1192/3369
f 1028/1145/3370 1030/1147/3370 1031/1192/3370
f 1031/1192/3371 1030/1147/3371 1032/3137/3371
f 2486/1194/3372 2490/1149/3372 2487/1178/3372
f 2213/3131/3373 2212/3099/3373 2214/3138/3373
f 1693/3139/3374 1694/3100/3374 1688/3083/3374
f 1350/3140/3375 1355/3118/3375 1351/1226/3375
f 932/3098/3376 917/3067/3376 931/3141/3376
f 931/3141/3377 917/3067/3377 913/3120/3377
f 1691/3142/3378 1688/3083/3378 1689/3084/3378
f 774/1200/3379 768/1186/3379 775/1220/3379
f 910/3143/3380 913/3120/3380 907/3085/3380
f 910/3143/3381 907/3085/3381 909/3133/3381
f 3085/3136/3382 3074/1202/3382 3081/1204/3382
f 1491/3116/3383 1490/3134/3383 1487/3109/3383
f 3802/1278/3384 3807/3130/3384 3809/1276/3384
f 3791/1108/3385 3790/1137/3385 3786/3144/3385
f 3809/1276/3386 3807/3130/3386 3811/3145/3386
f 3804/3117/3387 3807/3130/3387 3802/1278/3387
f 3790/1137/3388 3796/1165/3388 3797/3146/3388
f 1907/1116/3389 1904/1173/3389 1906/1174/3389
f 1348/3147/3390 1350/3140/3390 1338/1228/3390
f 888/1225/3391 883/1126/3391 885/1198/3391
f 768/1186/3392 769/1185/3392 776/1219/3392
f 3081/1204/3393 3075/1203/3393 3087/3148/3393
f 1492/3149/3394 1490/3134/3394 1491/3116/3394
f 1507/3150/3395 1492/3149/3395 1506/3151/3395
f 1492/3149/3396 1491/3116/3396 1502/3152/3396
f 1506/3151/3397 1492/3149/3397 1502/3152/3397
f 3800/1261/3398 3804/3117/3398 3802/1278/3398
f 3786/3144/3399 3790/1137/3399 3785/3153/3399
f 3800/1261/3400 3805/1166/3400 3804/3117/3400
f 3785/3153/3401 3790/1137/3401 3797/3146/3401
f 1693/3139/3402 1688/3083/3402 1692/3154/3402
f 1692/3154/3403 1688/3083/3403 1691/3142/3403
f 1338/1228/3404 1350/3140/3404 1351/1226/3404
f 3799/1210/3405 3805/1166/3405 3800/1261/3405
f 1031/1192/3406 1032/3137/3406 1033/3155/3406
f 1905/1175/3407 1904/1173/3407 1903/1250/3407
f 2220/3111/3408 2213/3131/3408 2219/3156/3408
f 936/3132/3409 932/3098/3409 931/3141/3409
f 1343/3157/3410 1348/3147/3410 1338/1228/3410
f 2879/1218/3411 2893/1208/3411 2886/1240/3411
f 1043/1193/3412 1031/1192/3412 1034/3158/3412
f 1034/3158/3413 1031/1192/3413 1033/3155/3413
f 3361/3159/3414 3360/3160/3414 3359/3161/3414
f 3369/3162/3415 3361/3159/3415 3359/3161/3415
f 1903/1250/3416 1904/1173/3416 1900/1248/3416
f 2213/3131/3417 2214/3138/3417 2215/3163/3417
f 2350/1258/3418 2349/1207/3418 2348/1197/3418
f 1340/1227/3419 1351/1226/3419 1353/3164/3419
f 931/3141/3420 913/3120/3420 937/3165/3420
f 937/3165/3421 913/3120/3421 910/3143/3421
f 937/3165/3422 910/3143/3422 938/3166/3422
f 1339/3167/3423 1343/3157/3423 1338/1228/3423
f 2879/1218/3424 2886/1240/3424 2885/1239/3424
f 3809/1276/3425 3811/3145/3425 3812/3168/3425
f 3813/1344/3426 3809/1276/3426 3812/3168/3426
f 3784/3169/3427 3786/3144/3427 3785/3153/3427
f 3359/3161/3428 3360/3160/3428 3355/3170/3428
f 2222/3171/3429 2219/3156/3429 2216/3172/3429
f 2216/3172/3430 2219/3156/3430 2213/3131/3430
f 2216/3172/3431 2213/3131/3431 2215/3163/3431
f 1696/3173/3432 1693/3139/3432 1692/3154/3432
f 3784/3169/3433 3785/3153/3433 3782/3174/3433
f 3801/1262/3434 3800/1261/3434 3802/1278/3434
f 3801/1262/3435 3802/1278/3435 3803/1280/3435
f 3798/1211/3436 3799/1210/3436 3800/1261/3436
f 3823/1247/3437 3824/3175/3437 3825/1209/3437
f 293/3176/3438 292/3177/3438 291/3178/3438
f 3359/3161/3439 3355/3170/3439 3352/3179/3439
f 3559/1265/3440 3562/1264/3440 3560/1284/3440
f 1692/3154/3441 1691/3142/3441 1698/3180/3441
f 1325/3181/3442 1340/1227/3442 1353/3164/3442
f 937/3165/3443 938/3166/3443 939/3182/3443
f 1338/1228/3444 1340/1227/3444 1325/3181/3444
f 1338/1228/3445 1325/3181/3445 1337/3183/3445
f 1339/3167/3446 1338/1228/3446 1337/3183/3446
f 1295/3184/3447 1339/3167/3447 1337/3183/3447
f 3821/1277/3448 3809/1276/3448 3813/1344/3448
f 291/3178/3449 292/3177/3449 289/3185/3449
f 3352/3179/3450 3355/3170/3450 3351/3186/3450
f 1899/1249/3451 1900/1248/3451 1901/1282/3451
f 3348/3187/3452 3347/3188/3452 3335/1300/3452
f 3349/3189/3453 3348/3187/3453 3335/1300/3453
f 3335/1300/3454 3347/3188/3454 3326/1301/3454
f 2216/3172/3455 2215/3163/3455 2217/3190/3455
f 1698/3180/3456 1696/3173/3456 1692/3154/3456
f 1325/3181/3457 1353/3164/3457 1352/3191/3457
f 1337/3183/3458 1325/3181/3458 1326/3192/3458
f 1295/3184/3459 1337/3183/3459 1347/3193/3459
f 291/3178/3460 289/3185/3460 290/3194/3460
f 3352/3179/3461 3351/3186/3461 3349/3189/3461
f 1902/1283/3462 1901/1282/3462 1897/3195/3462
f 3351/3186/3463 3348/3187/3463 3349/3189/3463
f 1911/1286/3464 1902/1283/3464 1898/1305/3464
f 1700/3196/3465 1696/3173/3465 1699/3197/3465
f 1696/3173/3466 1698/3180/3466 1699/3197/3466
f 2738/1315/3467 2765/1321/3467 2739/1332/3467
f 1325/3181/3468 1352/3191/3468 1323/3198/3468
f 1323/3198/3469 1352/3191/3469 1354/3199/3469
f 1336/3200/3470 1337/3183/3470 1326/3192/3470
f 1347/3193/3471 1337/3183/3471 1336/3200/3471
f 3813/1344/3472 3812/3168/3472 3814/3201/3472
f 3337/3202/3473 3335/1300/3473 3325/1302/3473
f 3337/3202/3474 3325/1302/3474 3323/1311/3474
f 290/3194/3475 289/3185/3475 278/3203/3475
f 289/3185/3476 286/3204/3476 278/3203/3476
f 1902/1283/3477 1897/3195/3477 1894/1304/3477
f 1326/3192/3478 1325/3181/3478 1322/3205/3478
f 1326/3192/3479 1322/3205/3479 1332/3206/3479
f 1336/3200/3480 1326/3192/3480 1332/3206/3480
f 1295/3184/3481 1347/3193/3481 1293/3207/3481
f 1293/3207/3482 1347/3193/3482 1336/3200/3482
f 1341/3208/3483 1336/3200/3483 1332/3206/3483
f 1293/3207/3484 1336/3200/3484 1341/3208/3484
f 3781/3209/3485 3784/3169/3485 3782/3174/3485
f 3781/3209/3486 3782/3174/3486 3783/3210/3486
f 3364/3211/3487 3335/1300/3487 3337/3202/3487
f 275/3212/3488 286/3204/3488 270/3213/3488
f 3364/3211/3489 3349/3189/3489 3335/1300/3489
f 287/1351/3490 290/3194/3490 278/3203/3490
f 278/3203/3491 286/3204/3491 275/3212/3491
f 1894/1304/3492 1897/3195/3492 1895/1330/3492
f 1322/3205/3493 1325/3181/3493 1323/3198/3493
f 3787/3214/3494 3781/3209/3494 3783/3210/3494
f 3364/3211/3495 3337/3202/3495 3338/3215/3495
f 3338/3215/3496 3337/3202/3496 3323/1311/3496
f 1323/3198/3497 1354/3199/3497 1327/3216/3497
f 2890/1371/3498 2889/1308/3498 2868/1335/3498
f 1294/3217/3499 1295/3184/3499 1293/3207/3499
f 2881/1336/3500 2878/1298/3500 2883/1342/3500
f 1294/3217/3501 1293/3207/3501 1289/3218/3501
f 1289/3218/3502 1293/3207/3502 1288/3219/3502
f 1293/3207/3503 1341/3208/3503 1288/3219/3503
f 3813/1344/3504 3814/3201/3504 3815/3220/3504
f 269/3221/3505 270/3213/3505 268/3222/3505
f 3338/3215/3506 3323/1311/3506 3321/1347/3506
f 3321/1347/3507 3323/1311/3507 3322/1312/3507
f 275/3212/3508 270/3213/3508 274/3223/3508
f 277/3224/3509 278/3203/3509 275/3212/3509
f 287/1351/3510 278/3203/3510 277/3224/3510
f 2868/1335/3511 2867/1358/3511 2865/1372/3511
f 1331/1423/3512 1322/3205/3512 1330/3225/3512
f 1332/3206/3513 1322/3205/3513 1331/1423/3513
f 1341/3208/3514 1332/3206/3514 1291/3226/3514
f 1288/3219/3515 1341/3208/3515 1291/3226/3515
f 3816/1359/3516 3813/1344/3516 3815/3220/3516
f 3788/3227/3517 3787/3214/3517 3783/3210/3517
f 3321/1347/3518 3317/1348/3518 3316/1361/3518
f 274/3223/3519 270/3213/3519 271/3228/3519
f 271/3228/3520 270/3213/3520 269/3221/3520
f 283/3229/3521 287/1351/3521 277/3224/3521
f 299/1352/3522 287/1351/3522 283/3229/3522
f 1324/3230/3523 1323/3198/3523 1327/3216/3523
f 1322/3205/3524 1323/3198/3524 1324/3230/3524
f 1322/3205/3525 1324/3230/3525 1330/3225/3525
f 1292/3231/3526 1332/3206/3526 1331/1423/3526
f 1291/3226/3527 1332/3206/3527 1292/3231/3527
f 1289/3218/3528 1288/3219/3528 1284/3232/3528
f 1288/3219/3529 1291/3226/3529 1290/3233/3529
f 3788/3227/3530 3783/3210/3530 3789/3234/3530
f 3338/3215/3531 3321/1347/3531 3350/3235/3531
f 3321/1347/3532 3316/1361/3532 3320/3236/3532
f 3350/3235/3533 3321/1347/3533 3320/3236/3533
f 3316/1361/3534 3309/1377/3534 3320/3236/3534
f 269/3221/3535 268/3222/3535 264/3237/3535
f 271/3228/3536 269/3221/3536 272/3238/3536
f 277/3224/3537 275/3212/3537 276/3239/3537
f 275/3212/3538 274/3223/3538 276/3239/3538
f 1793/1325/3539 1794/1324/3539 1789/1427/3539
f 1296/3240/3540 1294/3217/3540 1289/3218/3540
f 1291/3226/3541 1292/3231/3541 1290/3233/3541
f 3320/3236/3542 3309/1377/3542 3308/3241/3542
f 272/3238/3543 269/3221/3543 264/3237/3543
f 276/3239/3544 274/3223/3544 271/3228/3544
f 271/3228/3545 272/3238/3545 304/3242/3545
f 744/1391/3546 746/3243/3546 754/3244/3546
f 990/3245/3547 961/3246/3547 962/1355/3547
f 962/1355/3548 961/3246/3548 959/1379/3548
f 990/3245/3549 962/1355/3549 996/1365/3549
f 1330/3225/3550 1324/3230/3550 1334/3247/3550
f 1331/1423/3551 1330/3225/3551 1333/1424/3551
f 1292/3231/3552 1331/1423/3552 1342/1425/3552
f 1296/3240/3553 1289/3218/3553 1283/3248/3553
f 1284/3232/3554 1288/3219/3554 1286/3249/3554
f 1286/3249/3555 1288/3219/3555 1290/3233/3555
f 2917/1387/3556 2884/1326/3556 2918/1394/3556
f 3816/1359/3557 3815/3220/3557 3818/3250/3557
f 281/3251/3558 282/3252/3558 262/3253/3558
f 268/3222/3559 281/3251/3559 262/3253/3559
f 264/3237/3560 268/3222/3560 262/3253/3560
f 3308/3241/3561 3309/1377/3561 3310/1656/3561
f 304/3242/3562 272/3238/3562 303/3254/3562
f 750/3255/3563 746/3243/3563 745/3256/3563
f 959/1379/3564 961/3246/3564 958/3257/3564
f 2694/1413/3565 2724/1349/3565 2695/1378/3565
f 279/3258/3566 283/3229/3566 277/3224/3566
f 279/3258/3567 277/3224/3567 276/3239/3567
f 745/3256/3568 746/3243/3568 744/1391/3568
f 279/3258/3569 299/1352/3569 283/3229/3569
f 300/1458/3570 314/1457/3570 299/1352/3570
f 1327/3216/3571 1329/3259/3571 1328/3260/3571
f 1324/3230/3572 1327/3216/3572 1328/3260/3572
f 3478/3261/3573 3479/3262/3573 3480/3263/3573
f 1324/3230/3574 1328/3260/3574 1334/3247/3574
f 1330/3225/3575 1334/3247/3575 1333/1424/3575
f 1283/3248/3576 1289/3218/3576 1284/3232/3576
f 3435/3264/3577 3399/1432/3577 3402/1431/3577
f 3395/1478/3578 3396/1398/3578 3399/1432/3578
f 2125/1444/3579 2140/3265/3579 2137/1496/3579
f 2140/3265/3580 2141/1497/3580 2137/1496/3580
f 3819/1345/3581 3816/1359/3581 3820/3266/3581
f 3856/3267/3582 3857/3268/3582 3858/3269/3582
f 3320/3236/3583 3308/3241/3583 3341/3270/3583
f 3308/3241/3584 3310/1656/3584 3341/3270/3584
f 3310/1656/3585 3309/1377/3585 3311/1412/3585
f 272/3238/3586 264/3237/3586 303/3254/3586
f 279/3258/3587 276/3239/3587 296/3271/3587
f 749/3272/3588 750/3255/3588 742/3273/3588
f 742/3273/3589 750/3255/3589 745/3256/3589
f 297/3274/3590 299/1352/3590 279/3258/3590
f 742/3273/3591 745/3256/3591 744/1391/3591
f 297/3274/3592 300/1458/3592 299/1352/3592
f 740/1595/3593 742/3273/3593 743/1390/3593
f 742/3273/3594 744/1391/3594 743/1390/3594
f 2861/3275/3595 2862/1422/3595 2863/1530/3595
f 1328/3260/3596 1346/3276/3596 1345/1527/3596
f 1334/3247/3597 1328/3260/3597 1335/1529/3597
f 1333/1424/3598 1334/3247/3598 1310/1600/3598
f 1297/1686/3599 1296/3240/3599 1283/3248/3599
f 1284/3232/3600 1286/3249/3600 1285/3277/3600
f 1285/3277/3601 1286/3249/3601 1287/3278/3601
f 2799/1473/3602 2777/1465/3602 2814/1536/3602
f 2777/1465/3603 2781/1467/3603 2814/1536/3603
f 3402/1431/3604 3408/1429/3604 3434/3279/3604
f 3434/3279/3605 3408/1429/3605 3423/1469/3605
f 3423/1469/3606 3408/1429/3606 3421/1470/3606
f 2507/1623/3607 2508/1440/3607 2509/1492/3607
f 2128/1635/3608 2125/1444/3608 2131/3280/3608
f 2125/1444/3609 2137/1496/3609 2131/3280/3609
f 259/3281/3610 262/3253/3610 260/3282/3610
f 260/3282/3611 262/3253/3611 282/3252/3611
f 260/3282/3612 282/3252/3612 280/3283/3612
f 264/3237/3613 262/3253/3613 263/3284/3613
f 263/3284/3614 262/3253/3614 259/3281/3614
f 303/3254/3615 264/3237/3615 263/3284/3615
f 657/1658/3616 667/3285/3616 668/3286/3616
f 657/1658/3617 668/3286/3617 669/1659/3617
f 2762/1510/3618 2694/1413/3618 2693/1661/3618
f 959/1379/3619 958/3257/3619 951/3287/3619
f 959/1379/3620 951/3287/3620 965/1454/3620
f 297/3274/3621 279/3258/3621 296/3271/3621
f 741/3288/3622 749/3272/3622 742/3273/3622
f 741/3288/3623 742/3273/3623 740/1595/3623
f 2672/1526/3624 2769/1383/3624 2659/1384/3624
f 1344/1528/3625 1345/1527/3625 1346/3276/3625
f 1335/1529/3626 1328/3260/3626 1345/1527/3626
f 1334/3247/3627 1335/1529/3627 1310/1600/3627
f 1315/1460/3628 1333/1424/3628 1310/1600/3628
f 1315/1460/3629 1310/1600/3629 1303/1684/3629
f 1297/1686/3630 1283/3248/3630 1282/1687/3630
f 1282/1687/3631 1283/3248/3631 1284/3232/3631
f 1282/1687/3632 1284/3232/3632 1285/3277/3632
f 3423/1469/3633 3425/1540/3633 3432/1617/3633
f 3434/3279/3634 3423/1469/3634 3433/3289/3634
f 3437/3290/3635 3402/1431/3635 3434/3279/3635
f 2753/1539/3636 2781/1467/3636 2751/1466/3636
f 3435/3264/3637 3402/1431/3637 3437/3290/3637
f 3422/3291/3638 3399/1432/3638 3435/3264/3638
f 3422/3291/3639 3395/1478/3639 3399/1432/3639
f 3394/1543/3640 3395/1478/3640 3422/3291/3640
f 2746/1544/3641 2745/1477/3641 2744/1545/3641
f 3385/1548/3642 3389/1547/3642 3392/1620/3642
f 800/1443/3643 810/1442/3643 801/1722/3643
f 2727/1553/3644 2716/1558/3644 2712/1563/3644
f 578/1489/3645 577/1570/3645 574/1569/3645
f 2131/3280/3646 2137/1496/3646 2135/3292/3646
f 2126/1445/3647 2125/1444/3647 2128/1635/3647
f 3397/1564/3648 3409/1566/3648 3391/1630/3648
f 2231/3293/3649 2233/3294/3649 2232/1577/3649
f 2230/1576/3650 2231/3293/3650 2232/1577/3650
f 3341/3270/3651 3310/1656/3651 3336/3295/3651
f 3105/3296/3652 3114/1580/3652 3106/1579/3652
f 3109/1664/3653 3106/1579/3653 3111/1581/3653
f 655/1746/3654 667/3285/3654 657/1658/3654
f 958/3257/3655 957/3297/3655 951/3287/3655
f 149/1517/3656 153/3298/3656 152/1582/3656
f 305/3299/3657 300/1458/3657 297/3274/3657
f 741/3288/3658 751/3300/3658 749/3272/3658
f 722/1594/3659 741/3288/3659 740/1595/3659
f 2672/1526/3660 2660/1417/3660 2666/1674/3660
f 3099/3301/3661 3100/3302/3661 3101/1776/3661
f 1344/1528/3662 1346/3276/3662 1349/1677/3662
f 2863/1530/3663 2864/1421/3663 2870/1597/3663
f 1303/1684/3664 1310/1600/3664 1308/3303/3664
f 2875/1601/3665 2864/1421/3665 2887/1461/3665
f 1282/1687/3666 1285/3277/3666 1298/1690/3666
f 1298/1690/3667 1285/3277/3667 1287/3278/3667
f 2199/1699/3668 2202/3304/3668 2201/1700/3668
f 3446/1706/3669 3474/1607/3669 3452/1604/3669
f 3430/3305/3670 3427/1533/3670 3429/1532/3670
f 3430/3305/3671 3429/1532/3671 3436/1612/3671
f 3431/3306/3672 3427/1533/3672 3430/3305/3672
f 3432/1617/3673 3427/1533/3673 3431/3306/3673
f 3433/3289/3674 3423/1469/3674 3432/1617/3674
f 3440/3307/3675 3422/3291/3675 3435/3264/3675
f 3392/1620/3676 3393/1479/3676 3394/1543/3676
f 3381/3308/3677 3385/1548/3677 3392/1620/3677
f 3383/1626/3678 3384/1550/3678 3385/1548/3678
f 587/1491/3679 580/1490/3679 582/3309/3679
f 3387/1629/3680 3386/1625/3680 3383/1626/3680
f 3373/1726/3681 3391/1630/3681 3387/1629/3681
f 3397/1564/3682 3391/1630/3682 3373/1726/3682
f 2135/3292/3683 2137/1496/3683 2139/1498/3683
f 2135/3292/3684 2139/1498/3684 2136/1646/3684
f 2232/1577/3685 2233/3294/3685 2236/3310/3685
f 2236/3310/3686 2233/3294/3686 2239/3311/3686
f 294/3312/3687 263/3284/3687 259/3281/3687
f 3105/3296/3688 3106/1579/3688 3107/1740/3688
f 2234/1578/3689 2232/1577/3689 2235/3313/3689
f 655/1746/3690 657/1658/3690 651/3314/3690
f 651/3314/3691 657/1658/3691 654/1660/3691
f 651/3314/3692 654/1660/3692 650/3315/3692
f 965/1454/3693 951/3287/3693 963/1754/3693
f 965/1454/3694 963/1754/3694 983/1584/3694
f 2328/1751/3695 2329/1761/3695 2326/1760/3695
f 307/1858/3696 300/1458/3696 305/3299/3696
f 305/3299/3697 297/3274/3697 306/3316/3697
f 722/1594/3698 751/3300/3698 741/3288/3698
f 736/3317/3699 751/3300/3699 722/1594/3699
f 3099/3301/3700 3101/1776/3700 3102/1775/3700
f 1344/1528/3701 1349/1677/3701 1316/1678/3701
f 2872/1777/3702 2871/1598/3702 2870/1597/3702
f 1308/3303/3703 1310/1600/3703 1305/1876/3703
f 1305/1876/3704 1310/1600/3704 1309/1599/3704
f 1304/1874/3705 1308/3303/3705 1305/1876/3705
f 1301/1682/3706 1303/1684/3706 1308/3303/3706
f 1301/1682/3707 1308/3303/3707 1304/1874/3707
f 1300/3318/3708 1297/1686/3708 1299/1688/3708
f 532/1794/3709 524/1694/3709 568/3319/3709
f 568/3319/3710 524/1694/3710 569/1696/3710
f 3449/1698/3711 3453/1606/3711 3451/3320/3711
f 3446/1706/3712 3452/1604/3712 3449/1698/3712
f 1521/3321/3713 1518/3322/3713 1517/3323/3713
f 1517/3323/3714 1518/3322/3714 1515/3324/3714
f 1513/3325/3715 1517/3323/3715 1515/3324/3715
f 3430/3305/3716 3436/1612/3716 3444/3326/3716
f 3444/3326/3717 3436/1612/3717 3445/1705/3717
f 1523/1805/3718 1517/3323/3718 1511/1806/3718
f 1511/1806/3719 1517/3323/3719 1513/3325/3719
f 3437/3290/3720 3434/3279/3720 3433/3289/3720
f 3442/3327/3721 3435/3264/3721 3437/3290/3721
f 2754/1709/3722 2753/1539/3722 2752/1618/3722
f 3440/3307/3723 3435/3264/3723 3442/3327/3723
f 3394/1543/3724 3422/3291/3724 3439/3328/3724
f 3378/3329/3725 3385/1548/3725 3381/3308/3725
f 475/1816/3726 476/1815/3726 474/1719/3726
f 3240/3330/3727 3231/3331/3727 3253/3332/3727
f 3383/1626/3728 3385/1548/3728 3378/3329/3728
f 800/1443/3729 801/1722/3729 798/1724/3729
f 2130/3333/3730 2128/1635/3730 2131/3280/3730
f 3400/1829/3731 3416/1833/3731 3415/1637/3731
f 3336/3295/3732 3310/1656/3732 3313/1742/3732
f 2237/3334/3733 2236/3310/3733 2239/3311/3733
f 3310/1656/3734 3312/1657/3734 3313/1742/3734
f 2232/1577/3735 2236/3310/3735 2237/3334/3735
f 2237/3334/3736 2239/3311/3736 2244/3335/3736
f 653/3336/3737 655/1746/3737 651/3314/3737
f 2235/3313/3738 2232/1577/3738 2238/3337/3738
f 957/3297/3739 952/3338/3739 951/3287/3739
f 2324/3339/3740 2325/1752/3740 2326/1760/3740
f 724/3340/3741 736/3317/3741 709/3341/3741
f 308/1764/3742 300/1458/3742 307/1858/3742
f 736/3317/3743 722/1594/3743 709/3341/3743
f 3099/3301/3744 3102/1775/3744 3104/3342/3744
f 1305/1876/3745 1309/1599/3745 1307/1785/3745
f 1306/1875/3746 1305/1876/3746 1307/1785/3746
f 114/1873/3747 115/1788/3747 112/1787/3747
f 2910/1992/3748 2870/1597/3748 2875/1601/3748
f 2910/1992/3749 2875/1601/3749 2914/1878/3749
f 2197/1885/3750 2199/1699/3750 2194/1799/3750
f 2376/1704/3751 2374/1796/3751 2375/1798/3751
f 3445/1705/3752 3446/1706/3752 3447/1889/3752
f 2380/1803/3753 2378/1703/3753 2379/1702/3753
f 3441/3343/3754 3430/3305/3754 3444/3326/3754
f 1513/3325/3755 1515/3324/3755 1514/3344/3755
f 3441/3343/3756 3431/3306/3756 3430/3305/3756
f 1511/1806/3757 1513/3325/3757 1510/1892/3757
f 1510/1892/3758 1513/3325/3758 1514/3344/3758
f 1520/1808/3759 1519/1804/3759 1509/3345/3759
f 1519/1804/3760 1511/1806/3760 1509/3345/3760
f 1509/3345/3761 1511/1806/3761 1510/1892/3761
f 1516/6/3762 1520/1808/3762 1509/3345/3762
f 1508/3346/3763 1509/3345/3763 1510/1892/3763
f 3443/3347/3764 3432/1617/3764 3431/3306/3764
f 1516/6/3765 1509/3345/3765 1512/5/3765
f 1512/5/3766 1509/3345/3766 1508/3346/3766
f 3433/3289/3767 3432/1617/3767 3454/3348/3767
f 3454/3348/3768 3432/1617/3768 3443/3347/3768
f 3442/3327/3769 3437/3290/3769 3433/3289/3769
f 487/1812/3770 505/1896/3770 501/1813/3770
f 3439/3328/3771 3422/3291/3771 3440/3307/3771
f 3237/3349/3772 3233/3350/3772 3236/3351/3772
f 3438/3352/3773 3394/1543/3773 3439/3328/3773
f 3392/1620/3774 3394/1543/3774 3438/3352/3774
f 3382/3353/3775 3381/3308/3775 3438/3352/3775
f 3381/3308/3776 3392/1620/3776 3438/3352/3776
f 3380/3354/3777 3381/3308/3777 3382/3353/3777
f 3380/3354/3778 3378/3329/3778 3381/3308/3778
f 3223/3355/3779 3231/3331/3779 3240/3330/3779
f 3376/3356/3780 3383/1626/3780 3378/3329/3780
f 3376/3356/3781 3387/1629/3781 3383/1626/3781
f 3373/1726/3782 3387/1629/3782 3376/3356/3782
f 582/3309/3783 580/1490/3783 573/1825/3783
f 3370/2003/3784 3372/1725/3784 3373/1726/3784
f 3398/1728/3785 3372/1725/3785 3371/1828/3785
f 2128/1635/3786 2130/3333/3786 2129/1636/3786
f 2131/3280/3787 2135/3292/3787 2132/3357/3787
f 2130/3333/3788 2131/3280/3788 2132/3357/3788
f 2135/3292/3789 2136/1646/3789 2132/3357/3789
f 1397/1732/3790 1407/1731/3790 1396/1835/3790
f 1394/1648/3791 1397/1732/3791 1396/1835/3791
f 2706/1638/3792 2704/1643/3792 2705/1834/3792
f 2138/2006/3793 2136/1646/3793 2142/1645/3793
f 259/3281/3794 260/3282/3794 261/3358/3794
f 261/3358/3795 260/3282/3795 265/3359/3795
f 260/3282/3796 280/3283/3796 265/3359/3796
f 280/3283/3797 284/3360/3797 265/3359/3797
f 265/3359/3798 284/3360/3798 266/3361/3798
f 3336/3295/3799 3313/1742/3799 3319/1908/3799
f 294/3312/3800 259/3281/3800 295/3362/3800
f 3313/1742/3801 3314/1743/3801 3318/1909/3801
f 630/3363/3802 656/1747/3802 632/3364/3802
f 2237/3334/3803 2244/3335/3803 2243/3365/3803
f 2364/3366/3804 2366/3367/3804 2365/3368/3804
f 653/3336/3805 651/3314/3805 652/3369/3805
f 652/3369/3806 651/3314/3806 648/3370/3806
f 2238/3337/3807 2232/1577/3807 2237/3334/3807
f 2327/1843/3808 2325/1752/3808 2324/3339/3808
f 656/1747/3809 655/1746/3809 645/3371/3809
f 645/3371/3810 655/1746/3810 653/3336/3810
f 648/3370/3811 651/3314/3811 650/3315/3811
f 648/3370/3812 650/3315/3812 649/3372/3812
f 2364/3366/3813 2365/3368/3813 2359/3373/3813
f 951/3287/3814 952/3338/3814 953/1852/3814
f 648/3370/3815 649/3372/3815 646/3374/3815
f 951/3287/3816 953/1852/3816 963/1754/3816
f 963/1754/3817 953/1852/3817 987/1755/3817
f 537/3375/3818 538/3376/3818 536/3377/3818
f 535/3378/3819 537/3375/3819 536/3377/3819
f 538/3376/3820 540/1919/3820 539/3379/3820
f 539/3379/3821 540/1919/3821 543/3380/3821
f 724/3340/3822 709/3341/3822 723/3381/3822
f 536/3377/3823 538/3376/3823 539/3379/3823
f 308/1764/3824 307/1858/3824 309/3382/3824
f 309/3382/3825 307/1858/3825 310/1857/3825
f 539/3379/3826 543/3380/3826 544/3383/3826
f 536/3377/3827 539/3379/3827 544/3383/3827
f 709/3341/3828 722/1594/3828 710/3384/3828
f 722/1594/3829 739/1593/3829 727/2041/3829
f 2995/1940/3830 3000/1782/3830 2999/1781/3830
f 114/1873/3831 112/1787/3831 97/1866/3831
f 113/1943/3832 116/1870/3832 118/1871/3832
f 524/1694/3833 519/1793/3833 512/3385/3833
f 524/1694/3834 512/3385/3834 525/1695/3834
f 525/1695/3835 512/3385/3835 511/3386/3835
f 511/3386/3836 510/1881/3836 515/1880/3836
f 525/1695/3837 511/3386/3837 530/3387/3837
f 511/3386/3838 515/1880/3838 530/3387/3838
f 3449/1698/3839 3451/3320/3839 3450/3388/3839
f 2198/3389/3840 2197/1885/3840 2193/1886/3840
f 2376/1704/3841 2377/1800/3841 2374/1796/3841
f 3455/3390/3842 3445/1705/3842 3447/1889/3842
f 3444/3326/3843 3445/1705/3843 3455/3390/3843
f 3443/3347/3844 3431/3306/3844 3441/3343/3844
f 1510/1892/3845 1514/3344/3845 1524/1893/3845
f 1508/3346/3846 1510/1892/3846 1525/3391/3846
f 1525/3391/3847 1510/1892/3847 1526/1894/3847
f 1529/10/3848 1512/5/3848 1528/3392/3848
f 1528/3392/3849 1512/5/3849 1525/3391/3849
f 1512/5/3850 1508/3346/3850 1525/3391/3850
f 3442/3327/3851 3433/3289/3851 3454/3348/3851
f 3458/3393/3852 3440/3307/3852 3442/3327/3852
f 3459/3394/3853 3440/3307/3853 3458/3393/3853
f 3439/3328/3854 3440/3307/3854 3459/3394/3854
f 3225/3395/3855 3236/3351/3855 3233/3350/3855
f 3225/3395/3856 3233/3350/3856 3231/3331/3856
f 3225/3395/3857 3231/3331/3857 3223/3355/3857
f 3379/3396/3858 3378/3329/3858 3380/3354/3858
f 3223/3355/3859 3240/3330/3859 3222/3397/3859
f 3370/2003/3860 3373/1726/3860 3376/3356/3860
f 3371/1828/3861 3372/1725/3861 3370/2003/3861
f 1407/1731/3862 1408/3398/3862 1396/1835/3862
f 2136/1646/3863 2138/2006/3863 2134/2008/3863
f 2132/3357/3864 2136/1646/3864 2134/2008/3864
f 3417/1832/3865 3400/1829/3865 3363/1953/3865
f 2138/2006/3866 2142/1645/3866 2143/3399/3866
f 3336/3295/3867 3319/1908/3867 3340/3400/3867
f 2332/1904/3868 2331/1842/3868 2327/1843/3868
f 295/3362/3869 259/3281/3869 261/3358/3869
f 726/3401/3870 724/3340/3870 725/3402/3870
f 632/3364/3871 656/1747/3871 645/3371/3871
f 952/3338/3872 954/3403/3872 953/1852/3872
f 953/1852/3873 954/3403/3873 955/1972/3873
f 645/3371/3874 653/3336/3874 634/3404/3874
f 538/3376/3875 537/3375/3875 547/1917/3875
f 725/3402/3876 724/3340/3876 723/3381/3876
f 546/3405/3877 537/3375/3877 541/3406/3877
f 538/3376/3878 547/1917/3878 540/1919/3878
f 2240/3407/3879 2238/3337/3879 2237/3334/3879
f 2364/3366/3880 2359/3373/3880 2358/3408/3880
f 2358/3408/3881 2359/3373/3881 2355/1859/3881
f 541/3406/3882 537/3375/3882 535/3378/3882
f 2355/1859/3883 2357/1861/3883 2358/3408/3883
f 1410/3409/3884 1409/1926/3884 1405/1925/3884
f 2358/3408/3885 2357/1861/3885 2360/3410/3885
f 708/3411/3886 723/3381/3886 709/3341/3886
f 707/3412/3887 708/3411/3887 709/3341/3887
f 533/3413/3888 541/3406/3888 535/3378/3888
f 544/3383/3889 543/3380/3889 552/2037/3889
f 707/3412/3890 709/3341/3890 710/3384/3890
f 533/3413/3891 535/3378/3891 534/3414/3891
f 534/3414/3892 535/3378/3892 536/3377/3892
f 542/3415/3893 536/3377/3893 545/3416/3893
f 545/3416/3894 536/3377/3894 544/3383/3894
f 710/3384/3895 722/1594/3895 727/2041/3895
f 542/3415/3896 534/3414/3896 536/3377/3896
f 2996/1941/3897 2995/1940/3897 2998/1932/3897
f 2995/1940/3898 2999/1781/3898 2998/1932/3898
f 2894/1783/3899 2870/1597/3899 2910/1992/3899
f 514/3417/3900 526/3418/3900 513/3419/3900
f 557/3420/3901 513/3419/3901 526/3418/3901
f 1318/3421/3902 1306/1875/3902 1317/3422/3902
f 519/1793/3903 518/3423/3903 517/3424/3903
f 519/1793/3904 517/3424/3904 512/3385/3904
f 506/3425/3905 508/3426/3905 510/1881/3905
f 510/1881/3906 508/3426/3906 513/3419/3906
f 512/3385/3907 506/3425/3907 511/3386/3907
f 511/3386/3908 506/3425/3908 510/1881/3908
f 510/1881/3909 513/3419/3909 527/1882/3909
f 3448/1887/3910 3449/1698/3910 3450/3388/3910
f 2377/1800/3911 2378/1703/3911 2385/1945/3911
f 3455/3390/3912 3447/1889/3912 3457/2058/3912
f 3463/3427/3913 3441/3343/3913 3444/3326/3913
f 1526/1894/3914 1524/1893/3914 1527/3428/3914
f 1531/3429/3915 1525/3391/3915 1526/1894/3915
f 1528/3392/3916 1525/3391/3916 1531/3429/3916
f 3442/3327/3917 3454/3348/3917 3469/3430/3917
f 3458/3393/3918 3442/3327/3918 3469/3430/3918
f 1453/3431/3919 1462/3432/3919 1451/3433/3919
f 1462/3432/3920 1458/3434/3920 1451/3433/3920
f 3380/3354/3921 3382/3353/3921 3467/3435/3921
f 3218/3436/3922 3225/3395/3922 3223/3355/3922
f 3218/3436/3923 3223/3355/3923 3222/3397/3923
f 3377/3437/3924 3376/3356/3924 3378/3329/3924
f 3377/3437/3925 3378/3329/3925 3379/3396/3925
f 3222/3397/3926 3240/3330/3926 3179/3438/3926
f 3370/2003/3927 3376/3356/3927 3377/3437/3927
f 3366/1900/3928 3371/1828/3928 3370/2003/3928
f 797/1493/3929 798/1724/3929 799/1957/3929
f 2133/3439/3930 2130/3333/3930 2132/3357/3930
f 2133/3439/3931 2132/3357/3931 2134/2008/3931
f 1408/3398/3932 1406/3440/3932 1396/1835/3932
f 1386/1649/3933 1396/1835/3933 1387/3441/3933
f 2138/2006/3934 2143/3399/3934 2144/3442/3934
f 2144/3442/3935 2143/3399/3935 2145/3443/3935
f 572/1901/3936 576/1568/3936 579/2019/3936
f 1386/1649/3937 1387/3441/3937 1388/1839/3937
f 730/3444/3938 753/3445/3938 728/3446/3938
f 266/3361/3939 284/3360/3939 285/3447/3939
f 3319/1908/3940 3327/1910/3940 3333/1967/3940
f 3340/3400/3941 3319/1908/3941 3333/1967/3941
f 728/3446/3942 753/3445/3942 726/3401/3942
f 261/3358/3943 265/3359/3943 266/3361/3943
f 295/3362/3944 261/3358/3944 267/3448/3944
f 629/3449/3945 658/3450/3945 631/3451/3945
f 728/3446/3946 726/3401/3946 725/3402/3946
f 629/3449/3947 631/3451/3947 630/3363/3947
f 537/3375/3948 550/3452/3948 547/1917/3948
f 634/3404/3949 653/3336/3949 652/3369/3949
f 546/3405/3950 550/3452/3950 537/3375/3950
f 634/3404/3951 652/3369/3951 635/3453/3951
f 635/3453/3952 652/3369/3952 648/3370/3952
f 635/3453/3953 648/3370/3953 646/3374/3953
f 635/3453/3954 646/3374/3954 636/3454/3954
f 733/3455/3955 725/3402/3955 723/3381/3955
f 953/1852/3956 955/1972/3956 960/1853/3956
f 2237/3334/3957 2243/3365/3957 2241/3456/3957
f 1405/1925/3958 1403/1924/3958 1404/3457/3958
f 708/3411/3959 733/3455/3959 723/3381/3959
f 2240/3407/3960 2237/3334/3960 2241/3456/3960
f 2363/3458/3961 2364/3366/3961 2358/3408/3961
f 543/3380/3962 540/1919/3962 555/1976/3962
f 636/3454/3963 646/3374/3963 643/3459/3963
f 2242/3460/3964 2240/3407/3964 2241/3456/3964
f 543/3380/3965 555/1976/3965 552/2037/3965
f 2363/3458/3966 2358/3408/3966 2360/3410/3966
f 1410/3409/3967 1405/1925/3967 1411/3461/3967
f 2360/3410/3968 2357/1861/3968 2361/3462/3968
f 311/3463/3969 309/3382/3969 310/1857/3969
f 522/3464/3970 533/3413/3970 534/3414/3970
f 825/3465/3971 832/3466/3971 824/2092/3971
f 522/3464/3972 534/3414/3972 542/3415/3972
f 826/3467/3973 828/3468/3973 821/3469/3973
f 821/3469/3974 828/3468/3974 825/3465/3974
f 518/3423/3975 520/2042/3975 516/1980/3975
f 167/2045/3976 188/3470/3976 185/2046/3976
f 518/3423/3977 516/1980/3977 517/3424/3977
f 507/3471/3978 516/1980/3978 523/1979/3978
f 507/3471/3979 509/3472/3979 508/3426/3979
f 509/3472/3980 531/3473/3980 514/3417/3980
f 186/3474/3981 184/1987/3981 185/2046/3981
f 517/3424/3982 516/1980/3982 512/3385/3982
f 512/3385/3983 516/1980/3983 507/3471/3983
f 506/3425/3984 507/3471/3984 508/3426/3984
f 508/3426/3985 509/3472/3985 514/3417/3985
f 512/3385/3986 507/3471/3986 506/3425/3986
f 508/3426/3987 514/3417/3987 513/3419/3987
f 1317/3422/3988 1306/1875/3988 1307/1785/3988
f 527/1882/3989 513/3419/3989 557/3420/3989
f 1320/3475/3990 1321/3476/3990 1318/3421/3990
f 1320/3475/3991 1318/3421/3991 1319/3477/3991
f 3447/1889/3992 3448/1887/3992 3465/2054/3992
f 3443/3347/3993 3441/3343/3993 3464/3478/3993
f 3464/3478/3994 3441/3343/3994 3463/3427/3994
f 1530/3479/3995 1526/1894/3995 1527/3428/3995
f 1531/3429/3996 1526/1894/3996 1530/3479/3996
f 3471/3480/3997 3454/3348/3997 3443/3347/3997
f 1138/2110/3998 1156/3481/3998 1136/2111/3998
f 1136/2111/3999 1156/3481/3999 1148/2066/3999
f 1148/2066/4000 1156/3481/4000 1159/3482/4000
f 1159/3482/4001 1158/2064/4001 1148/2066/4001
f 3439/3328/4002 3459/3394/4002 3458/3393/4002
f 3028/3483/4003 3039/3484/4003 3036/3485/4003
f 482/1948/4004 477/1711/4004 490/3486/4004
f 1451/3433/4005 1458/3434/4005 1452/3487/4005
f 480/1949/4006 490/3486/4006 477/1711/4006
f 3382/3353/4007 3438/3352/4007 3467/3435/4007
f 1459/3488/4008 1453/3431/4008 1455/3489/4008
f 471/1950/4009 480/1949/4009 473/1718/4009
f 1457/3490/4010 1459/3488/4010 1455/3489/4010
f 3374/3491/4011 3370/2003/4011 3377/3437/4011
f 3362/3492/4012 3366/1900/4012 3365/3493/4012
f 438/1956/4013 439/2002/4013 440/1899/4013
f 3362/3492/4014 3363/1953/4014 3366/1900/4014
f 575/2174/4015 573/1825/4015 572/1901/4015
f 3362/3492/4016 3356/2005/4016 3363/1953/4016
f 2146/2007/4017 2138/2006/4017 2144/3442/4017
f 1396/1835/4018 1406/3440/4018 1387/3441/4018
f 1406/3440/4019 1412/2010/4019 1398/2012/4019
f 1387/3441/4020 1406/3440/4020 1398/2012/4020
f 575/2174/4021 572/1901/4021 579/2019/4021
f 1388/1839/4022 1387/3441/4022 1398/2012/4022
f 1388/1839/4023 1398/2012/4023 1391/1906/4023
f 1391/1906/4024 1398/2012/4024 1399/1966/4024
f 267/3448/4025 261/3358/4025 266/3361/4025
f 3331/2023/4026 3330/1969/4026 3332/2075/4026
f 3293/3494/4027 3294/3495/4027 3285/3496/4027
f 628/3497/4028 658/3450/4028 629/3449/4028
f 1403/1924/4029 1402/2024/4029 1404/3457/4029
f 729/3498/4030 728/3446/4030 725/3402/4030
f 733/3455/4031 729/3498/4031 725/3402/4031
f 632/3364/4032 645/3371/4032 634/3404/4032
f 955/1972/4033 954/3403/4033 956/1973/4033
f 2254/2029/4034 2272/2084/4034 2263/2078/4034
f 548/3499/4035 546/3405/4035 541/3406/4035
f 2270/2085/4036 2272/2084/4036 2273/3500/4036
f 2692/2033/4037 2683/1974/4037 2681/1923/4037
f 636/3454/4038 643/3459/4038 637/2129/4038
f 637/2129/4039 643/3459/4039 644/2127/4039
f 2362/3501/4040 2363/3458/4040 2360/3410/4040
f 2362/3501/4041 2360/3410/4041 2361/3462/4041
f 549/3502/4042 548/3499/4042 541/3406/4042
f 549/3502/4043 541/3406/4043 533/3413/4043
f 3146/3503/4044 3151/3504/4044 3150/3505/4044
f 3146/3503/4045 3150/3505/4045 3142/3506/4045
f 521/2043/4046 549/3502/4046 533/3413/4046
f 552/2037/4047 553/2131/4047 544/3383/4047
f 521/2043/4048 533/3413/4048 522/3464/4048
f 712/2040/4049 710/3384/4049 727/2041/4049
f 824/2092/4050 832/3466/4050 831/2205/4050
f 2903/1930/4051 2902/1933/4051 2932/3507/4051
f 521/2043/4052 522/3464/4052 516/1980/4052
f 821/3469/4053 825/3465/4053 820/2094/4053
f 820/2094/4054 825/3465/4054 824/2092/4054
f 516/1980/4055 522/3464/4055 528/1978/4055
f 818/3508/4056 826/3467/4056 821/3469/4056
f 818/3508/4057 821/3469/4057 815/3509/4057
f 815/3509/4058 821/3469/4058 820/2094/4058
f 2301/2140/4059 2319/1991/4059 2318/1990/4059
f 1307/1785/4060 1312/1944/4060 1313/2048/4060
f 1317/3422/4061 1307/1785/4061 1314/2049/4061
f 1318/3421/4062 1317/3422/4062 1314/2049/4062
f 3448/1887/4063 3450/3388/4063 3461/3510/4063
f 3462/2053/4064 3448/1887/4064 3461/3510/4064
f 3457/2058/4065 3447/1889/4065 3465/2054/4065
f 2382/1995/4066 2385/1945/4066 2383/1890/4066
f 3456/3511/4067 3455/3390/4067 3457/2058/4067
f 3463/3427/4068 3444/3326/4068 3456/3511/4068
f 3444/3326/4069 3455/3390/4069 3456/3511/4069
f 2388/2060/4070 2387/1891/4070 2389/1996/4070
f 3471/3480/4071 3443/3347/4071 3464/3478/4071
f 1146/3512/4072 1157/3513/4072 1160/3514/4072
f 3533/3515/4073 3534/3516/4073 3535/3517/4073
f 1147/2065/4074 1158/2064/4074 1157/3513/4074
f 3031/3518/4075 3045/3519/4075 3037/2105/4075
f 3040/3520/4076 3045/3519/4076 3031/3518/4076
f 3024/2069/4077 3040/3520/4077 3031/3518/4077
f 3036/3485/4078 3040/3520/4078 3024/2069/4078
f 3036/3485/4079 3024/2069/4079 3022/3521/4079
f 3036/3485/4080 3022/3521/4080 3026/3522/4080
f 3026/3522/4081 3022/3521/4081 3021/3523/4081
f 3022/3521/4082 3024/2069/4082 3023/2068/4082
f 3028/3483/4083 3036/3485/4083 3026/3522/4083
f 3021/3523/4084 3022/3521/4084 3023/2068/4084
f 3049/3524/4085 3032/3525/4085 3048/3526/4085
f 3225/3395/4086 3238/3527/4086 3236/3351/4086
f 3238/3527/4087 3225/3395/4087 3226/3528/4087
f 3027/3529/4088 3026/3522/4088 3025/3530/4088
f 3025/3530/4089 3026/3522/4089 3021/3523/4089
f 3025/3530/4090 3021/3523/4090 3023/2068/4090
f 3049/3524/4091 3023/2068/4091 3030/2067/4091
f 3030/2067/4092 3032/3525/4092 3049/3524/4092
f 1450/3531/4093 1453/3431/4093 1451/3433/4093
f 3027/3529/4094 3028/3483/4094 3026/3522/4094
f 3025/3530/4095 3023/2068/4095 3050/2001/4095
f 3050/2001/4096 3023/2068/4096 3049/3524/4096
f 1448/3532/4097 1453/3431/4097 1450/3531/4097
f 1450/3531/4098 1451/3433/4098 1449/3533/4098
f 1449/3533/4099 1451/3433/4099 1452/3487/4099
f 3029/3534/4100 3028/3483/4100 3027/3529/4100
f 1455/3489/4101 1453/3431/4101 1448/3532/4101
f 1448/3532/4102 1450/3531/4102 1446/3535/4102
f 1446/3535/4103 1450/3531/4103 1449/3533/4103
f 3027/3529/4104 3025/3530/4104 3050/2001/4104
f 1447/3536/4105 1446/3535/4105 1449/3533/4105
f 3029/3534/4106 3027/3529/4106 3034/2000/4106
f 1455/3489/4107 1448/3532/4107 1454/3537/4107
f 3034/2000/4108 3027/3529/4108 3050/2001/4108
f 1457/3490/4109 1455/3489/4109 1456/3538/4109
f 1460/3539/4110 1457/3490/4110 1456/3538/4110
f 1456/3538/4111 1455/3489/4111 1454/3537/4111
f 1461/3540/4112 1463/3541/4112 1457/3490/4112
f 1461/3540/4113 1457/3490/4113 1460/3539/4113
f 1456/3538/4114 1454/3537/4114 1471/3542/4114
f 1471/3542/4115 1454/3537/4115 1475/3543/4115
f 1475/3543/4116 1454/3537/4116 1480/3544/4116
f 3053/3545/4117 3034/2000/4117 3052/3546/4117
f 3052/3546/4118 3034/2000/4118 3051/1999/4118
f 1464/3547/4119 1463/3541/4119 1461/3540/4119
f 3222/3397/4120 3179/3438/4120 3178/2179/4120
f 3367/2004/4121 3370/2003/4121 3374/3491/4121
f 1471/3542/4122 1475/3543/4122 1479/3548/4122
f 439/2002/4123 500/3549/4123 441/1952/4123
f 3365/3493/4124 3366/1900/4124 3367/2004/4124
f 1471/3542/4125 1479/3548/4125 1476/3550/4125
f 436/1954/4126 430/2009/4126 437/1955/4126
f 3356/2005/4127 3344/2015/4127 3418/1958/4127
f 3333/1967/4128 3331/2023/4128 3334/2150/4128
f 3334/2150/4129 3331/2023/4129 3339/2013/4129
f 3340/3400/4130 3333/1967/4130 3303/2182/4130
f 729/3498/4131 730/3444/4131 728/3446/4131
f 447/2116/4132 445/2021/4132 452/2020/4132
f 629/3449/4133 630/3363/4133 624/3551/4133
f 630/3363/4134 632/3364/4134 624/3551/4134
f 624/3551/4135 632/3364/4135 623/3552/4135
f 3289/2081/4136 3293/3494/4136 3283/2082/4136
f 3283/2082/4137 3293/3494/4137 3285/3496/4137
f 632/3364/4138 634/3404/4138 625/3553/4138
f 625/3553/4139 634/3404/4139 635/3453/4139
f 635/3453/4140 636/3454/4140 633/3554/4140
f 2270/2085/4141 2273/3500/4141 2274/2123/4141
f 633/3554/4142 636/3454/4142 637/2129/4142
f 567/3555/4143 548/3499/4143 549/3502/4143
f 553/2131/4144 552/2037/4144 554/2036/4144
f 711/3556/4145 707/3412/4145 710/3384/4145
f 551/3557/4146 549/3502/4146 521/2043/4146
f 711/3556/4147 710/3384/4147 712/2040/4147
f 544/3383/4148 553/2131/4148 556/3558/4148
f 143/2090/4149 119/1977/4149 141/2038/4149
f 824/2092/4150 831/2205/4150 830/2206/4150
f 2932/3507/4151 2902/1933/4151 2931/3559/4151
f 1319/3477/4152 1318/3421/4152 1314/2049/4152
f 3163/2050/4153 3165/3560/4153 3167/2051/4153
f 3461/3510/4154 3450/3388/4154 3473/3561/4154
f 2193/1886/4155 2194/1799/4155 2195/3562/4155
f 2371/2057/4156 2385/1945/4156 2382/1995/4156
f 3460/3563/4157 3457/2058/4157 3466/2059/4157
f 1152/2164/4158 1153/2108/4158 1135/2165/4158
f 1135/2165/4159 1153/2108/4159 1137/2109/4159
f 1145/3564/4160 1147/2065/4160 1157/3513/4160
f 1157/3513/4161 1146/3512/4161 1145/3564/4161
f 1148/2066/4162 1147/2065/4162 1136/2111/4162
f 3030/2067/4163 3024/2069/4163 3031/3518/4163
f 3030/2067/4164 3031/3518/4164 3032/3525/4164
f 3032/3525/4165 3047/3565/4165 3048/3526/4165
f 1454/3537/4166 1448/3532/4166 1445/3566/4166
f 1445/3566/4167 1448/3532/4167 1446/3535/4167
f 1445/3566/4168 1446/3535/4168 1447/3536/4168
f 3034/2000/4169 3035/3567/4169 3029/3534/4169
f 1445/3566/4170 1447/3536/4170 1480/3544/4170
f 1447/3536/4171 1481/3568/4171 1480/3544/4171
f 1461/3540/4172 1460/3539/4172 1467/3569/4172
f 1467/3569/4173 1460/3539/4173 1456/3538/4173
f 1480/3544/4174 1454/3537/4174 1445/3566/4174
f 3218/3436/4175 3222/3397/4175 3217/3570/4175
f 3217/3570/4176 3222/3397/4176 3178/2179/4176
f 1465/3571/4177 1467/3569/4177 1456/3538/4177
f 1465/3571/4178 1456/3538/4178 1471/3542/4178
f 1465/3571/4179 1471/3542/4179 1476/3550/4179
f 3178/2179/4180 3179/3438/4180 3176/2177/4180
f 3358/3572/4181 3356/2005/4181 3362/3492/4181
f 3358/3572/4182 3362/3492/4182 3365/3493/4182
f 1474/3573/4183 1465/3571/4183 1476/3550/4183
f 1400/2011/4184 1414/3574/4184 1401/2074/4184
f 3354/2219/4185 3344/2015/4185 3356/2005/4185
f 431/3575/4186 428/2073/4186 427/2017/4186
f 803/1831/4187 799/1957/4187 805/2115/4187
f 806/3576/4188 803/1831/4188 805/2115/4188
f 1399/1966/4189 1400/2011/4189 1401/2074/4189
f 731/3577/4190 732/3578/4190 730/3444/4190
f 3303/2182/4191 3333/1967/4191 3342/3579/4191
f 3342/3579/4192 3333/1967/4192 3334/2150/4192
f 729/3498/4193 731/3577/4193 730/3444/4193
f 273/3580/4194 285/3447/4194 288/3581/4194
f 273/3580/4195 266/3361/4195 285/3447/4195
f 267/3448/4196 266/3361/4196 273/3580/4196
f 628/3497/4197 629/3449/4197 624/3551/4197
f 623/3552/4198 632/3364/4198 625/3553/4198
f 956/1973/4199 954/3403/4199 964/3582/4199
f 625/3553/4200 635/3453/4200 633/3554/4200
f 555/1976/4201 563/2034/4201 561/2126/4201
f 644/2127/4202 662/3583/4202 661/2128/4202
f 555/1976/4203 561/2126/4203 554/2036/4203
f 3149/3584/4204 3146/3503/4204 3144/3585/4204
f 571/3586/4205 567/3555/4205 549/3502/4205
f 3144/3585/4206 3146/3503/4206 3142/3506/4206
f 529/2091/4207 551/3557/4207 521/2043/4207
f 818/3508/4208 815/3509/4208 817/3587/4208
f 815/3509/4209 820/2094/4209 819/2093/4209
f 2305/2160/4210 2323/3588/4210 2306/2159/4210
f 3505/3589/4211 3506/3590/4211 3507/3591/4211
f 2931/3559/4212 2902/1933/4212 2930/2134/4212
f 2297/2137/4213 2318/1990/4213 2303/2101/4213
f 2301/2140/4214 2318/1990/4214 2297/2137/4214
f 3164/3592/4215 3166/3593/4215 3165/3560/4215
f 3163/2050/4216 3164/3592/4216 3165/3560/4216
f 2196/3594/4217 2193/1886/4217 2195/3562/4217
f 3456/3511/4218 3457/2058/4218 3460/3563/4218
f 3468/3595/4219 3456/3511/4219 3460/3563/4219
f 3468/3595/4220 3463/3427/4220 3456/3511/4220
f 3041/2103/4221 3042/2168/4221 3016/2170/4221
f 3038/2104/4222 3041/2103/4222 3016/2170/4222
f 1137/2109/4223 1136/2111/4223 1135/2165/4223
f 1135/2165/4224 1136/2111/4224 1133/2144/4224
f 1133/2144/4225 1147/2065/4225 1145/3564/4225
f 499/2112/4226 492/2145/4226 483/1947/4226
f 483/1947/4227 492/2145/4227 485/1997/4227
f 3031/3518/4228 3037/2105/4228 3033/3596/4228
f 3033/3596/4229 3037/2105/4229 3038/2104/4229
f 3031/3518/4230 3033/3596/4230 3032/3525/4230
f 3032/3525/4231 3033/3596/4231 3047/3565/4231
f 3215/3597/4232 3226/3528/4232 3225/3395/4232
f 3215/3597/4233 3225/3395/4233 3218/3436/4233
f 1469/3598/4234 1464/3547/4234 1466/3599/4234
f 1466/3599/4235 1464/3547/4235 1461/3540/4235
f 1466/3599/4236 1461/3540/4236 1467/3569/4236
f 1483/3600/4237 1486/3601/4237 1482/3602/4237
f 1482/3602/4238 1486/3601/4238 1485/3603/4238
f 1482/3602/4239 1485/3603/4239 1469/3598/4239
f 1485/3603/4240 1464/3547/4240 1469/3598/4240
f 1465/3571/4241 1466/3599/4241 1467/3569/4241
f 1468/3604/4242 1465/3571/4242 1474/3573/4242
f 3354/2219/4243 3356/2005/4243 3358/3572/4243
f 3303/2182/4244 3342/3579/4244 3305/2221/4244
f 3304/2220/4245 3303/2182/4245 3305/2221/4245
f 298/2232/4246 267/3448/4246 273/3580/4246
f 301/2231/4247 267/3448/4247 298/2232/4247
f 295/3362/4248 267/3448/4248 301/2231/4248
f 956/1973/4249 964/3582/4249 966/2194/4249
f 3280/2201/4250 3281/2083/4250 3283/2082/4250
f 465/2088/4251 463/3605/4251 464/2089/4251
f 464/2089/4252 463/3605/4252 457/2196/4252
f 633/3554/4253 637/2129/4253 639/2242/4253
f 639/2242/4254 637/2129/4254 661/2128/4254
f 3145/3606/4255 3149/3584/4255 3144/3585/4255
f 570/3607/4256 571/3586/4256 549/3502/4256
f 570/3607/4257 549/3502/4257 551/3557/4257
f 553/2131/4258 558/2130/4258 556/3558/4258
f 711/3556/4259 712/2040/4259 713/3608/4259
f 713/3608/4260 712/2040/4260 714/3609/4260
f 712/2040/4261 738/3610/4261 721/2390/4261
f 824/2092/4262 830/2206/4262 829/3611/4262
f 819/2093/4263 824/2092/4263 829/3611/4263
f 2304/2161/4264 2305/2160/4264 2306/2159/4264
f 2302/2366/4265 2303/2101/4265 2304/2161/4265
f 3465/2054/4266 3462/2053/4266 3461/3510/4266
f 3470/3612/4267 3466/2059/4267 3465/2054/4267
f 2396/2163/4268 2371/2057/4268 2382/1995/4268
f 3013/2169/4269 3042/2168/4269 3043/3613/4269
f 1151/2211/4270 1155/2167/4270 1132/2166/4270
f 1132/2166/4271 1133/2144/4271 1134/2213/4271
f 1133/2144/4272 1145/3564/4272 1134/2213/4272
f 1134/2213/4273 1145/3564/4273 1146/3512/4273
f 1134/2213/4274 1146/3512/4274 1142/2261/4274
f 489/2061/4275 494/2172/4275 495/2062/4275
f 3046/3614/4276 3038/2104/4276 3016/2170/4276
f 3033/3596/4277 3038/2104/4277 3046/3614/4277
f 3047/3565/4278 3033/3596/4278 3046/3614/4278
f 3217/3570/4279 3178/2179/4279 3184/3615/4279
f 3184/3615/4280 3178/2179/4280 3177/2178/4280
f 3368/3616/4281 3358/3572/4281 3365/3493/4281
f 1469/3598/4282 1466/3599/4282 1468/3604/4282
f 1466/3599/4283 1465/3571/4283 1468/3604/4283
f 3343/2218/4284 3334/2150/4284 3344/2015/4284
f 432/2149/4285 431/3575/4285 427/2017/4285
f 806/3576/4286 805/2115/4286 808/3617/4286
f 3300/2183/4287 3303/2182/4287 3304/2220/4287
f 298/2232/4288 273/3580/4288 302/2230/4288
f 623/3552/4289 625/3553/4289 619/3618/4289
f 956/1973/4290 966/2194/4290 967/2121/4290
f 3282/2327/4291 3283/2082/4291 3285/3496/4291
f 620/3619/4292 625/3553/4292 633/3554/4292
f 554/2036/4293 561/2126/4293 558/2130/4293
f 3141/3620/4294 3144/3585/4294 3142/3506/4294
f 2290/2243/4295 2293/2124/4295 2294/2246/4295
f 566/3621/4296 570/3607/4296 551/3557/4296
f 556/3558/4297 558/2130/4297 559/3622/4297
f 566/3621/4298 551/3557/4298 529/2091/4298
f 714/3609/4299 712/2040/4299 721/2390/4299
f 829/3611/4300 830/2206/4300 833/3623/4300
f 735/3624/4301 721/2390/4301 738/3610/4301
f 2304/2161/4302 2306/2159/4302 2307/2158/4302
f 827/3625/4303 819/2093/4303 829/3611/4303
f 161/2207/4304 162/2133/4304 160/2132/4304
f 816/3626/4305 815/3509/4305 819/2093/4305
f 2297/2137/4306 2303/2101/4306 2302/2366/4306
f 3472/3627/4307 3465/2054/4307 3461/3510/4307
f 3010/3628/4308 3008/3629/4308 3006/3630/4308
f 3472/3627/4309 3470/3612/4309 3465/2054/4309
f 3460/3563/4310 3466/2059/4310 3470/3612/4310
f 3013/2169/4311 3043/3613/4311 3044/3631/4311
f 1141/2214/4312 1134/2213/4312 1142/2261/4312
f 3016/2170/4313 3013/2169/4313 3015/3632/4313
f 3046/3614/4314 3016/2170/4314 3019/3633/4314
f 3019/3633/4315 3016/2170/4315 3015/3632/4315
f 3019/3633/4316 3015/3632/4316 3020/3634/4316
f 3238/3527/4317 3226/3528/4317 3227/3635/4317
f 3215/3597/4318 3218/3436/4318 3217/3570/4318
f 3216/3636/4319 3217/3570/4319 3184/3615/4319
f 3184/3615/4320 3177/2178/4320 3183/2339/4320
f 1484/3637/4321 1486/3601/4321 1483/3600/4321
f 1483/3600/4322 1482/3602/4322 1472/3638/4322
f 1472/3638/4323 1482/3602/4323 1469/3598/4323
f 802/2072/4324 813/3639/4324 809/3640/4324
f 3354/2219/4325 3358/3572/4325 3357/2264/4325
f 3357/2264/4326 3358/3572/4326 3368/3616/4326
f 1470/3641/4327 1472/3638/4327 1469/3598/4327
f 1470/3641/4328 1469/3598/4328 1468/3604/4328
f 3343/2218/4329 3354/2219/4329 3353/2263/4329
f 3298/3642/4330 3300/2183/4330 3301/2265/4330
f 3301/2265/4331 3300/2183/4331 3305/2221/4331
f 3305/2221/4332 3342/3579/4332 3307/2266/4332
f 3307/2266/4333 3342/3579/4333 3343/2218/4333
f 3342/3579/4334 3334/2150/4334 3343/2218/4334
f 805/2115/4335 802/2072/4335 808/3617/4335
f 3297/2185/4336 3299/2181/4336 3298/3642/4336
f 3296/3643/4337 3297/2185/4337 3298/3642/4337
f 3299/2181/4338 3300/2183/4338 3298/3642/4338
f 1470/3641/4339 1468/3604/4339 1477/3644/4339
f 1877/2227/4340 1879/2229/4340 1878/3645/4340
f 628/3497/4341 624/3551/4341 626/3646/4341
f 621/3647/4342 624/3551/4342 623/3552/4342
f 968/2195/4343 970/3648/4343 969/3649/4343
f 967/2121/4344 968/2195/4344 969/3649/4344
f 463/3605/4345 462/2197/4345 457/2196/4345
f 3280/2201/4346 3283/2082/4346 3282/2327/4346
f 619/3618/4347 625/3553/4347 620/3619/4347
f 633/3554/4348 639/2242/4348 638/2284/4348
f 3141/3620/4349 3145/3606/4349 3144/3585/4349
f 3275/2329/4350 3276/3650/4350 3277/2202/4350
f 559/3622/4351 558/2130/4351 560/3651/4351
f 2284/2245/4352 2294/2246/4352 2295/3652/4352
f 715/2386/4353 711/3556/4353 713/3608/4353
f 682/3653/4354 697/3654/4354 696/2251/4354
f 682/3653/4355 696/2251/4355 683/2250/4355
f 694/2293/4356 697/3654/4356 682/3653/4356
f 2308/2292/4357 2304/2161/4357 2307/2158/4357
f 817/3587/4358 815/3509/4358 814/3655/4358
f 814/3655/4359 815/3509/4359 816/3626/4359
f 823/3656/4360 819/2093/4360 827/3625/4360
f 2299/2255/4361 2297/2137/4361 2302/2366/4361
f 2296/2138/4362 2297/2137/4362 2298/2256/4362
f 3006/3630/4363 3008/3629/4363 3007/3657/4363
f 3006/3630/4364 3007/3657/4364 3004/3658/4364
f 3044/3631/4365 3011/3659/4365 3014/3660/4365
f 3013/2169/4366 3044/3631/4366 3014/3660/4366
f 3013/2169/4367 3014/3660/4367 3015/3632/4367
f 3015/3632/4368 3014/3660/4368 3017/3661/4368
f 3017/3661/4369 3018/3662/4369 3020/3634/4369
f 3020/3634/4370 3018/3662/4370 3012/3663/4370
f 3017/3661/4371 3020/3634/4371 3015/3632/4371
f 3216/3636/4372 3215/3597/4372 3217/3570/4372
f 3200/3664/4373 3215/3597/4373 3216/3636/4373
f 3183/2339/4374 3177/2178/4374 3182/2308/4374
f 1484/3637/4375 1483/3600/4375 1473/3665/4375
f 1473/3665/4376 1483/3600/4376 1472/3638/4376
f 3301/2265/4377 3307/2266/4377 3346/3666/4377
f 3307/2266/4378 3343/2218/4378 3345/3667/4378
f 3345/3667/4379 3343/2218/4379 3353/2263/4379
f 1470/3641/4380 1473/3665/4380 1472/3638/4380
f 3177/2178/4381 3180/2306/4381 3182/2308/4381
f 802/2072/4382 809/3640/4382 808/3617/4382
f 1852/2223/4383 1850/2222/4383 1851/2226/4383
f 1851/2226/4384 1850/2222/4384 1844/2311/4384
f 2520/3668/4385 2521/3669/4385 2522/3670/4385
f 1874/2273/4386 1877/2227/4386 1875/3671/4386
f 1875/3671/4387 1877/2227/4387 1878/3645/4387
f 2527/3672/4388 2521/3669/4388 2520/3668/4388
f 970/3648/4389 968/2195/4389 971/3673/4389
f 626/3646/4390 624/3551/4390 621/3647/4390
f 3282/2327/4391 3285/3496/4391 3287/3674/4391
f 2264/2200/4392 2270/2085/4392 2289/2244/4392
f 3277/2202/4393 3280/2201/4393 3278/2328/4393
f 3141/3620/4394 3142/3506/4394 3138/3675/4394
f 2289/2244/4395 2290/2243/4395 2284/2245/4395
f 2289/2244/4396 2284/2245/4396 2281/2331/4396
f 715/2386/4397 713/3608/4397 716/2384/4397
f 716/2384/4398 713/3608/4398 714/3609/4398
f 681/2294/4399 694/2293/4399 682/3653/4399
f 680/2364/4400 691/2295/4400 681/2294/4400
f 687/3676/4401 691/2295/4401 680/2364/4401
f 814/3655/4402 816/3626/4402 822/3677/4402
f 816/3626/4403 819/2093/4403 823/3656/4403
f 822/3677/4404 816/3626/4404 823/3656/4404
f 3011/3659/4405 3010/3628/4405 3009/3678/4405
f 3010/3628/4406 3006/3630/4406 3009/3678/4406
f 3003/3679/4407 3006/3630/4407 3004/3658/4407
f 3009/3678/4408 3006/3630/4408 3003/3679/4408
f 3003/3679/4409 3004/3658/4409 3005/3680/4409
f 3011/3659/4410 3009/3678/4410 3014/3660/4410
f 3014/3660/4411 3009/3678/4411 3018/3662/4411
f 3018/3662/4412 3009/3678/4412 3003/3679/4412
f 3018/3662/4413 3003/3679/4413 3012/3663/4413
f 3003/3679/4414 3005/3680/4414 3012/3663/4414
f 3017/3661/4415 3014/3660/4415 3018/3662/4415
f 3239/3681/4416 3238/3527/4416 3227/3635/4416
f 3227/3635/4417 3226/3528/4417 3221/3682/4417
f 3221/3682/4418 3226/3528/4418 3215/3597/4418
f 3207/3683/4419 3216/3636/4419 3184/3615/4419
f 3207/3683/4420 3184/3615/4420 3195/2341/4420
f 3195/2341/4421 3184/3615/4421 3183/2339/4421
f 3183/2339/4422 3182/2308/4422 3189/2340/4422
f 3302/3684/4423 3301/2265/4423 3346/3666/4423
f 3307/2266/4424 3345/3667/4424 3346/3666/4424
f 3345/3667/4425 3353/2263/4425 3357/2264/4425
f 3298/3642/4426 3301/2265/4426 3302/3684/4426
f 1861/3685/4427 1862/3686/4427 1863/3687/4427
f 1478/3688/4428 1470/3641/4428 1477/3644/4428
f 808/3617/4429 809/3640/4429 811/3689/4429
f 1850/2222/4430 1849/2309/4430 1844/2311/4430
f 435/3690/4431 432/2149/4431 434/2151/4431
f 2515/2315/4432 2516/3691/4432 2517/2313/4432
f 2520/3668/4433 2522/3670/4433 2523/3692/4433
f 1876/2323/4434 1874/2273/4434 1873/3693/4434
f 1873/3693/4435 1874/2273/4435 1875/3671/4435
f 435/3690/4436 434/2151/4436 459/2272/4436
f 968/2195/4437 976/2275/4437 971/3673/4437
f 971/3673/4438 972/2349/4438 970/3648/4438
f 462/2197/4439 498/2352/4439 456/2198/4439
f 456/2198/4440 498/2352/4440 460/2276/4440
f 621/3647/4441 623/3552/4441 619/3618/4441
f 664/3694/4442 663/2241/4442 661/2128/4442
f 620/3619/4443 633/3554/4443 638/2284/4443
f 3143/3695/4444 3145/3606/4444 3141/3620/4444
f 677/2387/4445 682/3653/4445 683/2250/4445
f 714/3609/4446 721/2390/4446 719/2389/4446
f 214/2332/4447 161/2207/4447 159/2296/4447
f 159/2296/4448 161/2207/4448 160/2132/4448
f 2302/2366/4449 2304/2161/4449 2308/2292/4449
f 159/2296/4450 157/2208/4450 156/2337/4450
f 693/3696/4451 702/3697/4451 692/3698/4451
f 3250/3699/4452 3239/3681/4452 3227/3635/4452
f 3201/3700/4453 3207/3683/4453 3204/3701/4453
f 3207/3683/4454 3195/2341/4454 3204/3701/4454
f 1872/3702/4455 1871/3703/4455 1869/3704/4455
f 1869/3704/4456 1871/3703/4456 1862/3686/4456
f 3189/2340/4457 3182/2308/4457 3185/3705/4457
f 1853/3706/4458 1857/3707/4458 1854/2395/4458
f 3346/3666/4459 3345/3667/4459 3375/3708/4459
f 3375/3708/4460 3345/3667/4460 3357/2264/4460
f 3182/2308/4461 3181/2307/4461 3185/3705/4461
f 3185/3705/4462 3181/2307/4462 3186/3709/4462
f 1845/2310/4463 1849/2309/4463 1853/3706/4463
f 3186/3709/4464 3181/2307/4464 3187/3710/4464
f 1846/2312/4465 1845/2310/4465 1847/3711/4465
f 1846/2312/4466 1847/3711/4466 1848/3712/4466
f 2515/2315/4467 2518/2314/4467 2519/3713/4467
f 1880/2375/4468 1876/2323/4468 1873/3693/4468
f 2532/3714/4469 2529/3715/4469 2530/3716/4469
f 2530/3716/4470 2529/3715/4470 2528/3717/4470
f 2529/3715/4471 2527/3672/4471 2528/3717/4471
f 2520/3668/4472 2523/3692/4472 2524/3718/4472
f 2523/3692/4473 2526/3719/4473 2524/3718/4473
f 977/3720/4474 984/2373/4474 974/3721/4474
f 2528/3717/4475 2527/3672/4475 2525/3722/4475
f 2525/3722/4476 2527/3672/4476 2520/3668/4476
f 2525/3722/4477 2520/3668/4477 2524/3718/4477
f 974/3721/4478 973/2372/4478 971/3673/4478
f 971/3673/4479 973/2372/4479 972/2349/4479
f 985/2355/4480 977/3720/4480 976/2275/4480
f 977/3720/4481 974/3721/4481 976/2275/4481
f 976/2275/4482 974/3721/4482 971/3673/4482
f 985/2355/4483 976/2275/4483 986/2274/4483
f 618/3723/4484 619/3618/4484 620/3619/4484
f 3275/2329/4485 3278/2328/4485 3266/2382/4485
f 717/3724/4486 716/2384/4486 714/3609/4486
f 681/2294/4487 682/3653/4487 677/2387/4487
f 2309/2367/4488 2302/2366/4488 2308/2292/4488
f 734/2336/4489 721/2390/4489 735/3624/4489
f 735/3624/4490 755/2302/4490 734/2336/4490
f 2299/2255/4491 2302/2366/4491 2298/2256/4491
f 693/3696/4492 692/3698/4492 686/3725/4492
f 692/3698/4493 687/3676/4493 686/3725/4493
f 171/2209/4494 183/2253/4494 170/2368/4494
f 158/2369/4495 156/2337/4495 155/2254/4495
f 3250/3699/4496 3227/3635/4496 3247/3726/4496
f 1854/2395/4497 1857/3707/4497 1856/2392/4497
f 1856/2392/4498 1857/3707/4498 1870/3727/4498
f 1870/3727/4499 1872/3702/4499 1869/3704/4499
f 1845/2310/4500 1853/3706/4500 1847/3711/4500
f 1853/3706/4501 1854/2395/4501 1847/3711/4501
f 1855/2394/4502 1847/3711/4502 1854/2395/4502
f 3186/3709/4503 3187/3710/4503 3188/3728/4503
f 3188/3728/4504 3187/3710/4504 3190/3729/4504
f 1881/2345/4505 1880/2375/4505 1882/2425/4505
f 974/3721/4506 984/2373/4506 973/2372/4506
f 1865/2430/4507 1861/3685/4507 1866/3730/4507
f 972/2349/4508 973/2372/4508 978/2350/4508
f 2533/3731/4509 2528/3717/4509 2525/3722/4509
f 991/2404/4510 989/2354/4510 986/2274/4510
f 992/2325/4511 991/2404/4511 986/2274/4511
f 626/3646/4512 621/3647/4512 622/3732/4512
f 3282/2327/4513 3287/3674/4513 3286/2405/4513
f 621/3647/4514 619/3618/4514 618/3723/4514
f 640/3733/4515 620/3619/4515 641/2360/4515
f 620/3619/4516 638/2284/4516 641/2360/4516
f 3140/3734/4517 3143/3695/4517 3141/3620/4517
f 204/2408/4518 214/2332/4518 213/3735/4518
f 2313/2290/4519 2316/2334/4519 2321/3736/4519
f 718/3737/4520 717/3724/4520 714/3609/4520
f 673/2363/4521 681/2294/4521 677/2387/4521
f 2311/2415/4522 2312/2291/4522 2313/2290/4522
f 719/2389/4523 718/3737/4523 714/3609/4523
f 2308/2292/4524 2312/2291/4524 2311/2415/4524
f 686/3725/4525 687/3676/4525 680/2364/4525
f 3195/2341/4526 3189/2340/4526 3194/3738/4526
f 1864/2429/4527 1870/3727/4527 1869/3704/4527
f 1864/2429/4528 1869/3704/4528 1862/3686/4528
f 3185/3705/4529 3186/3709/4529 3191/3739/4529
f 3191/3739/4530 3186/3709/4530 3188/3728/4530
f 1883/2424/4531 1882/2425/4531 1880/2375/4531
f 1864/2429/4532 1862/3686/4532 1861/3685/4532
f 2532/3714/4533 2530/3716/4533 2550/3740/4533
f 1865/2430/4534 1864/2429/4534 1861/3685/4534
f 2550/3740/4535 2530/3716/4535 2531/3741/4535
f 2531/3741/4536 2530/3716/4536 2528/3717/4536
f 2531/3741/4537 2528/3717/4537 2533/3731/4537
f 2566/3742/4538 2531/3741/4538 2533/3731/4538
f 622/3732/4539 621/3647/4539 618/3723/4539
f 3279/2472/4540 3282/2327/4540 3284/2406/4540
f 618/3723/4541 620/3619/4541 640/3733/4541
f 665/2380/4542 663/2241/4542 664/3694/4542
f 3278/2328/4543 3282/2327/4543 3279/2472/4543
f 3140/3734/4544 3141/3620/4544 3138/3675/4544
f 2289/2244/4545 2281/2331/4545 2269/2359/4545
f 2269/2359/4546 2281/2331/4546 2280/2446/4546
f 2311/2415/4547 2313/2290/4547 2321/3736/4547
f 215/2388/4548 213/3735/4548 214/2332/4548
f 672/2461/4549 686/3725/4549 680/2364/4549
f 2936/2299/4550 2935/2365/4550 2938/2418/4550
f 756/2301/4551 752/3743/4551 734/2336/4551
f 1858/2393/4552 1856/2392/4552 1870/3727/4552
f 1858/2393/4553 1870/3727/4553 1864/2429/4553
f 3204/3701/4554 3195/2341/4554 3194/3738/4554
f 3194/3738/4555 3189/2340/4555 3193/3744/4555
f 3189/2340/4556 3185/3705/4556 3193/3744/4556
f 3193/3744/4557 3185/3705/4557 3191/3739/4557
f 2538/3745/4558 2532/3714/4558 2550/3740/4558
f 3194/3738/4559 3254/3746/4559 3232/3747/4559
f 3211/3748/4560 3194/3738/4560 3232/3747/4560
f 1978/3749/4561 1981/3750/4561 1977/3751/4561
f 1978/3749/4562 1977/3751/4562 1976/2432/4562
f 973/2372/4563 979/2427/4563 978/2350/4563
f 3192/3752/4564 3188/3728/4564 3190/3729/4564
f 3191/3739/4565 3188/3728/4565 3192/3752/4565
f 1868/3753/4566 1867/2428/4566 1865/2430/4566
f 1000/2402/4567 999/2376/4567 1001/3754/4567
f 627/3755/4568 626/3646/4568 622/3732/4568
f 3136/3756/4569 3143/3695/4569 3140/3734/4569
f 642/3757/4570 640/3733/4570 641/2360/4570
f 3278/2328/4571 3279/2472/4571 3266/2382/4571
f 203/3758/4572 204/2408/4572 213/3735/4572
f 676/2476/4573 677/2387/4573 679/2411/4573
f 2275/2414/4574 2276/2362/4574 2277/2490/4574
f 673/2363/4575 677/2387/4575 676/2476/4575
f 737/3759/4576 748/3760/4576 719/2389/4576
f 719/2389/4577 748/3760/4577 718/3737/4577
f 215/2388/4578 156/2337/4578 217/2479/4578
f 690/3761/4579 686/3725/4579 672/2461/4579
f 3251/3762/4580 3250/3699/4580 3247/3726/4580
f 3199/3763/4581 3200/3664/4581 3201/3700/4581
f 2537/3764/4582 2538/3745/4582 2536/3765/4582
f 3204/3701/4583 3194/3738/4583 3211/3748/4583
f 2536/3765/4584 2538/3745/4584 2550/3740/4584
f 3196/3766/4585 3193/3744/4585 3191/3739/4585
f 979/2427/4586 982/3767/4586 980/2400/4586
f 1976/2432/4587 1977/3751/4587 1971/3768/4587
f 3196/3766/4588 3191/3739/4588 3197/3769/4588
f 3197/3769/4589 3191/3739/4589 3192/3752/4589
f 1971/3768/4590 1972/3770/4590 1973/2433/4590
f 1976/2432/4591 1971/3768/4591 1973/2433/4591
f 3197/3769/4592 3192/3752/4592 3198/3771/4592
f 1972/3770/4593 1974/3772/4593 1973/2433/4593
f 1973/2433/4594 1974/3772/4594 1975/2434/4594
f 1975/2434/4595 1974/3772/4595 1979/3773/4595
f 2565/3774/4596 2531/3741/4596 2566/3742/4596
f 1980/3775/4597 1975/2434/4597 1979/3773/4597
f 3147/3776/4598 3148/3777/4598 3143/3695/4598
f 3147/3776/4599 3143/3695/4599 3136/3756/4599
f 640/3733/4600 642/3757/4600 666/3778/4600
f 2269/2359/4601 2280/2446/4601 2283/2473/4601
f 3137/3779/4602 3140/3734/4602 3138/3675/4602
f 3137/3779/4603 3138/3675/4603 3139/3780/4603
f 3268/2383/4604 3266/2382/4604 3267/2412/4604
f 202/2444/4605 204/2408/4605 203/3758/4605
f 206/2478/4606 213/3735/4606 215/2388/4606
f 737/3759/4607 719/2389/4607 734/2336/4607
f 752/3743/4608 737/3759/4608 734/2336/4608
f 703/3781/4609 695/3782/4609 689/2521/4609
f 695/3782/4610 690/3761/4610 674/2481/4610
f 689/2521/4611 695/3782/4611 674/2481/4611
f 674/2481/4612 690/3761/4612 672/2461/4612
f 173/2447/4613 217/2479/4613 156/2337/4613
f 3212/3783/4614 3221/3682/4614 3215/3597/4614
f 3212/3783/4615 3215/3597/4615 3200/3664/4615
f 3199/3763/4616 3201/3700/4616 3204/3701/4616
f 3199/3763/4617 3204/3701/4617 3211/3748/4617
f 3211/3748/4618 3232/3747/4618 3210/3784/4618
f 2536/3765/4619 2550/3740/4619 2541/3785/4619
f 2541/3785/4620 2550/3740/4620 2531/3741/4620
f 2541/3785/4621 2531/3741/4621 2565/3774/4621
f 2541/3785/4622 2565/3774/4622 2561/3786/4622
f 1002/2403/4623 1000/2402/4623 1001/3754/4623
f 622/3732/4624 618/3723/4624 647/3787/4624
f 618/3723/4625 640/3733/4625 647/3787/4625
f 3137/3779/4626 3136/3756/4626 3140/3734/4626
f 640/3733/4627 666/3778/4627 659/3788/4627
f 3267/2412/4628 3266/2382/4628 3261/3789/4628
f 206/2478/4629 203/3758/4629 213/3735/4629
f 675/2488/4630 673/2363/4630 676/2476/4630
f 3284/2406/4631 3286/2405/4631 3288/3790/4631
f 3266/2382/4632 3279/2472/4632 3264/2471/4632
f 3135/3791/4633 3136/3756/4633 3137/3779/4633
f 201/3792/4634 202/2444/4634 203/3758/4634
f 3230/3793/4635 3247/3726/4635 3227/3635/4635
f 3221/3682/4636 3230/3793/4636 3227/3635/4636
f 3212/3783/4637 3200/3664/4637 3202/3794/4637
f 3202/3794/4638 3200/3664/4638 3199/3763/4638
f 2535/3795/4639 2537/3764/4639 2536/3765/4639
f 3288/3790/4640 3286/2405/4640 3290/3796/4640
f 3291/3797/4641 3290/3796/4641 3292/3798/4641
f 647/3787/4642 640/3733/4642 659/3788/4642
f 660/3799/4643 647/3787/4643 659/3788/4643
f 3267/2412/4644 3261/3789/4644 3258/2489/4644
f 706/3800/4645 703/3781/4645 704/3801/4645
f 704/3801/4646 703/3781/4646 689/2521/4646
f 674/2481/4647 671/2480/4647 685/2504/4647
f 174/2483/4648 175/2496/4648 173/2447/4648
f 3220/3802/4649 3221/3682/4649 3212/3783/4649
f 2540/3803/4650 2536/3765/4650 2541/3785/4650
f 2542/3804/4651 2541/3785/4651 2561/3786/4651
f 3288/3790/4652 3290/3796/4652 3291/3797/4652
f 3284/2406/4653 3288/3790/4653 3264/2471/4653
f 3261/3789/4654 3266/2382/4654 3264/2471/4654
f 1956/2516/4655 1959/2502/4655 1954/2501/4655
f 704/3801/4656 689/2521/4656 705/2531/4656
f 674/2481/4657 685/2504/4657 689/2521/4657
f 181/2522/4658 174/2483/4658 179/2463/4658
f 3248/3805/4659 3251/3762/4659 3247/3726/4659
f 2558/3806/4660 2537/3764/4660 2535/3795/4660
f 3199/3763/4661 3211/3748/4661 3210/3784/4661
f 2540/3803/4662 2541/3785/4662 2542/3804/4662
f 3274/3807/4663 3291/3797/4663 3295/3808/4663
f 2271/2509/4664 2288/2500/4664 2287/2517/4664
f 201/3792/4665 203/3758/4665 205/3809/4665
f 2287/2517/4666 2279/2487/4666 2286/2519/4666
f 205/3809/4667 203/3758/4667 206/2478/4667
f 174/2483/4668 181/2522/4668 176/2513/4668
f 3252/3810/4669 3251/3762/4669 3248/3805/4669
f 3248/3805/4670 3247/3726/4670 3230/3793/4670
f 3230/3793/4671 3221/3682/4671 3220/3802/4671
f 2563/3811/4672 2558/3806/4672 2559/3812/4672
f 3220/3802/4673 3212/3783/4673 3214/3813/4673
f 2559/3812/4674 2558/3806/4674 2535/3795/4674
f 3212/3783/4675 3202/3794/4675 3214/3813/4675
f 3202/3794/4676 3199/3763/4676 3203/3814/4676
f 3203/3814/4677 3199/3763/4677 3209/3815/4677
f 3209/3815/4678 3199/3763/4678 3210/3784/4678
f 3264/2471/4679 3288/3790/4679 3270/3816/4679
f 3270/3816/4680 3288/3790/4680 3291/3797/4680
f 3270/3816/4681 3291/3797/4681 3274/3807/4681
f 3261/3789/4682 3264/2471/4682 3263/2535/4682
f 207/3817/4683 208/3818/4683 201/3792/4683
f 205/3809/4684 207/3817/4684 201/3792/4684
f 3258/2489/4685 3261/3789/4685 3262/2537/4685
f 3259/2512/4686 3258/2489/4686 3262/2537/4686
f 3259/2512/4687 3262/2537/4687 3271/2539/4687
f 212/2505/4688 205/3809/4688 211/2492/4688
f 205/3809/4689 206/2478/4689 211/2492/4689
f 257/3819/4690 252/2525/4690 254/2526/4690
f 3263/2535/4691 3264/2471/4691 3270/3816/4691
f 3273/3820/4692 3270/3816/4692 3274/3807/4692
f 3262/2537/4693 3261/3789/4693 3263/2535/4693
f 207/3817/4694 205/3809/4694 209/2538/4694
f 212/2505/4695 209/2538/4695 205/3809/4695
f 3248/3805/4696 3230/3793/4696 3249/3821/4696
f 255/2550/4697 252/2525/4697 257/3819/4697
f 3249/3821/4698 3230/3793/4698 3220/3802/4698
f 3263/2535/4699 3270/3816/4699 3273/3820/4699
f 210/3822/4700 207/3817/4700 209/2538/4700
f 3271/2539/4701 3262/2537/4701 3265/2536/4701
f 216/2541/4702 209/2538/4702 176/2513/4702
f 3205/3823/4703 3202/3794/4703 3203/3814/4703
f 2562/3824/4704 2567/3825/4704 2563/3811/4704
f 2556/3826/4705 2563/3811/4705 2559/3812/4705
f 2534/3827/4706 2535/3795/4706 2536/3765/4706
f 2534/3827/4707 2536/3765/4707 2540/3803/4707
f 3203/3814/4708 3209/3815/4708 3213/3828/4708
f 2540/3803/4709 2542/3804/4709 2549/3829/4709
f 2562/3824/4710 2563/3811/4710 2556/3826/4710
f 3214/3813/4711 3202/3794/4711 3206/3830/4711
f 3205/3823/4712 3203/3814/4712 3219/3831/4712
f 3219/3831/4713 3203/3814/4713 3213/3828/4713
f 2539/3832/4714 2559/3812/4714 2535/3795/4714
f 2556/3826/4715 2559/3812/4715 2539/3832/4715
f 3202/3794/4716 3205/3823/4716 3206/3830/4716
f 2540/3803/4717 2549/3829/4717 2547/3833/4717
f 2560/3834/4718 2562/3824/4718 2556/3826/4718
f 2539/3832/4719 2535/3795/4719 2534/3827/4719
f 2543/3835/4720 2534/3827/4720 2540/3803/4720
f 3219/3831/4721 3213/3828/4721 3224/3836/4721
f 3205/3823/4722 3219/3831/4722 3224/3836/4722
f 3235/3837/4723 3224/3836/4723 3213/3828/4723
f 2557/3838/4724 2560/3834/4724 2556/3826/4724
f 2544/3839/4725 2539/3832/4725 2534/3827/4725
f 3224/3836/4726 3235/3837/4726 3246/3840/4726
f 2543/3835/4727 2540/3803/4727 2547/3833/4727
f 3208/3841/4728 3206/3830/4728 3205/3823/4728
f 3228/3842/4729 3205/3823/4729 3224/3836/4729
f 3245/3843/4730 3224/3836/4730 3246/3840/4730
f 2553/3844/4731 2556/3826/4731 2551/3845/4731
f 2551/3845/4732 2556/3826/4732 2539/3832/4732
f 2544/3839/4733 2534/3827/4733 2543/3835/4733
f 3208/3841/4734 3205/3823/4734 3228/3842/4734
f 3228/3842/4735 3224/3836/4735 3245/3843/4735
f 3244/3846/4736 3245/3843/4736 3246/3840/4736
f 2553/3844/4737 2557/3838/4737 2556/3826/4737
f 2546/3847/4738 2543/3835/4738 2547/3833/4738
f 2551/3845/4739 2539/3832/4739 2544/3839/4739
f 3228/3842/4740 3245/3843/4740 3244/3846/4740
f 38/2564/4741 40/2571/4741 52/3848/4741
f 3229/3849/4742 3208/3841/4742 3228/3842/4742
f 3228/3842/4743 3244/3846/4743 3234/3850/4743
f 2548/3851/4744 2544/3839/4744 2545/3852/4744
f 2543/3835/4745 2545/3852/4745 2544/3839/4745
f 2545/3852/4746 2543/3835/4746 2546/3847/4746
f 3229/3849/4747 3228/3842/4747 3234/3850/4747
f 3234/3850/4748 3244/3846/4748 3243/3853/4748
f 2551/3845/4749 2544/3839/4749 2548/3851/4749
f 2554/3854/4750 2553/3844/4750 2552/3855/4750
f 2552/3855/4751 2553/3844/4751 2551/3845/4751
f 3241/3856/4752 3229/3849/4752 3234/3850/4752
f 3242/3857/4753 3234/3850/4753 3243/3853/4753
f 2640/3858/4754 2641/3859/4754 2642/3860/4754
f 2554/3854/4755 2552/3855/4755 2555/3861/4755
f 2552/3855/4756 2551/3845/4756 2548/3851/4756
f 3241/3856/4757 3234/3850/4757 3242/3857/4757
f 2564/3862/4758 2548/3851/4758 2545/3852/4758
