# Blender 4.3.2
# www.blender.org
mtllib teaspoon.mtl
o geometry_0
v -36.347599 3.531260 0.562634
v -37.640148 3.559671 3.623577
v -35.972492 3.565204 0.389206
v -35.485401 3.613255 -1.649962
v -34.428833 2.824101 0.221425
v -35.321075 2.704489 2.238447
v -33.830513 2.999830 -1.208897
v -36.853249 2.397704 5.268761
v -35.266766 2.119297 4.418320
v -36.812740 2.068805 6.405853
v -37.600365 2.168121 7.667916
v -38.218193 3.588566 4.911529
v -39.126785 3.535844 8.057521
v -38.464443 2.500905 10.966526
v -37.602123 2.053815 10.648548
v -38.100925 2.203857 11.961285
v -39.107677 2.488321 14.291827
v -39.753357 3.504738 11.716358
v -40.329605 3.661844 13.157209
v -40.900131 3.508598 15.156362
v -39.317226 2.465583 15.728093
v -40.696461 3.040495 16.886711
v -41.995525 3.442746 17.350739
v -39.434944 3.615827 8.015334
v -41.166924 2.950923 18.955528
v -38.948959 2.314641 16.517794
v -40.417179 2.574418 18.613167
v -42.228470 3.120110 20.078220
v -43.675896 3.618032 20.447109
v -37.591156 1.843585 14.775426
v -37.074409 1.950131 13.147404
v -36.613873 1.659059 12.990258
v -35.947140 1.673699 11.314608
v -36.258770 1.885502 10.681055
v -34.805779 1.761158 8.535724
v -35.595009 1.945776 8.835181
v -33.925549 1.934706 6.320377
v -33.550190 1.732143 6.657867
v -36.693325 1.956995 7.360004
v -35.246857 3.467261 -3.462250
v -32.979549 2.805084 -3.399817
v -33.058716 1.908930 5.701535
v -34.446072 2.561997 2.485174
v -44.970444 3.683333 21.449087
v -47.305656 4.142050 21.323626
v -48.054558 4.084200 21.815165
v -47.230030 3.786796 22.109762
v -32.333931 2.211807 -4.913674
v -34.891762 3.069602 -5.028028
v -31.230818 3.062357 -0.397121
v -31.346600 2.793821 -2.714361
v -32.671223 2.872216 1.669858
v -28.928703 3.045810 1.492193
v -51.711941 3.925777 21.498289
v -30.639711 2.448405 3.376734
v -32.767193 2.520470 3.462240
v -31.506569 1.823050 4.835014
v -26.609715 3.471870 -0.539110
v -27.773649 2.542008 3.554813
v -23.702356 3.686957 1.629192
v -23.155127 3.965807 -0.498330
v -25.685947 3.314392 -2.783611
v -23.003519 3.711471 -2.791493
v -35.550312 2.828106 -5.972643
v -52.389809 3.760937 21.879747
v -50.414124 3.777599 22.258377
v -54.410553 3.561679 20.893267
v -53.962627 3.455519 21.847044
v -57.319530 3.149563 20.755413
v -57.746983 3.004835 21.123989
v -60.303940 2.927210 20.653191
v -60.427601 2.811549 19.948656
v -63.285271 3.197854 20.264555
v -35.195107 2.748259 -6.182614
v -42.770466 3.474130 18.483435
v -44.420639 3.538942 19.863655
v -45.850067 3.652412 20.450649
v -22.283274 4.089381 1.632132
v -24.124247 3.023107 3.666296
v -22.177492 4.265816 -0.631937
v -19.397940 4.689139 -0.368530
v -19.150417 4.581941 1.692698
v -10.673618 5.585231 -0.424073
v -8.933828 5.620615 1.760156
v -5.340924 5.993326 -0.186226
v -2.070872 6.112170 1.787518
v 2.171371 6.508282 -0.223298
v -7.903265 5.643725 -2.346761
v 2.093503 6.316370 -2.372441
v -11.124249 5.353865 -2.457896
v 9.864709 6.652584 -2.445443
v 7.832613 6.769402 -0.297245
v -15.156696 4.848031 -2.870539
v -19.382845 4.396923 -2.870443
v -22.207438 3.978274 -2.861045
v 17.970993 6.923052 -2.449337
v 23.360092 7.357173 -0.357043
v 23.751415 7.193733 -2.454397
v 29.278389 7.524683 -0.364878
v 31.056042 7.440166 -2.513650
v 35.300964 7.705767 -0.094857
v 35.465843 7.635304 -2.504237
v 46.006985 7.810228 -0.221376
v 51.302643 7.838172 -2.803255
v 52.139740 7.927420 -0.108429
v 44.292183 7.722880 -2.642118
v 56.379417 8.012838 -2.574731
v 56.675144 8.053430 -0.025486
v 69.713150 8.114534 -2.952443
v 73.755089 8.115865 -0.277506
v 76.910988 8.045043 -3.486001
v 77.288834 8.055742 -0.042161
v 4.659557 6.494362 1.759292
v 11.495861 6.727551 1.880425
v 79.330513 7.948803 -0.107200
v 80.656914 7.844203 -3.623665
v 41.989906 7.686451 0.281632
v 34.885532 7.385257 1.588108
v 24.873913 7.177679 1.624174
v 82.088036 7.685295 -0.238884
v 82.068253 7.757792 -3.165453
v 63.884636 7.675413 -4.264818
v 41.955891 7.345819 1.799903
v 49.965527 7.305936 2.175551
v 55.766541 7.273012 2.526700
v 73.212822 7.226737 -6.116748
v 77.363503 7.062664 -6.683846
v 80.126137 6.966206 -6.762968
v 55.008698 7.150347 -5.377170
v 45.118149 6.976380 -4.995935
v 61.544552 7.200288 -5.681477
v 62.516792 7.998888 0.252511
v 81.960327 7.130544 -5.839625
v 35.950760 7.050653 -4.184547
v 24.034529 6.499959 -4.458674
v 28.380877 6.618216 -4.529547
v 0.329429 5.685464 3.739564
v -6.520283 5.229619 3.691811
v -20.165199 3.921139 3.524799
v -17.079138 4.242034 3.694786
v -11.672469 4.779088 3.618573
v -8.204227 4.928553 -4.342310
v -11.944752 4.506283 -4.482902
v 63.042637 7.249407 2.531222
v -22.638134 3.419981 3.585737
v 71.658585 7.213456 2.459074
v 14.629923 6.267516 3.473439
v 2.114446 5.494187 -4.559919
v 17.489454 6.119479 -4.455219
v 13.010795 5.935005 -4.510213
v -28.415714 2.451958 -4.330185
v -31.361862 2.100572 -4.757971
v -18.552055 3.820076 -4.560068
v 76.362823 7.091009 2.500395
v 82.600273 7.253932 0.801295
v 24.944582 6.545836 3.221020
v 34.790150 6.692250 3.213096
v 34.989906 6.649955 -5.022019
v 80.109962 6.955945 2.301690
v -23.101175 2.907885 -4.600688
v -26.863066 2.310570 -4.795373
v -64.059715 2.847013 19.268099
v -65.058853 3.074437 19.987480
v -64.595703 3.040799 20.359404
v -67.640259 2.644339 19.018120
v -68.093292 2.453245 19.894762
v -70.063416 2.509560 19.318037
v -69.893387 2.353447 18.499954
v -73.203514 2.247616 19.042917
v -73.442520 2.368921 18.567963
v -73.447441 2.241771 18.009361
v -77.769295 2.290509 17.700724
v -76.792145 2.153372 17.271374
v -80.095833 2.123809 16.066994
v -80.296875 2.182456 16.816711
v -81.472839 2.053787 15.696358
v -82.324615 1.843528 15.915299
v -83.871849 1.187495 14.198281
v -76.040939 2.150181 18.499882
v -83.229149 1.204695 13.993942
v -22.344023 3.100397 -4.827803
v -55.816467 2.988321 20.416260
v 83.735741 7.090714 -3.007473
v 45.303932 6.688590 -5.588032
v -36.357639 1.673081 -8.181182
v 42.481915 6.722334 3.161186
v 83.743629 6.532407 -5.452503
v 10.009466 5.643190 4.467595
v 2.424128 5.370168 4.537594
v 81.977409 6.637080 -6.821832
v -64.690994 2.610160 18.937229
v -29.512503 1.642268 4.848847
v -27.103748 1.801814 4.878205
v -84.069672 0.336751 12.788122
v 53.728592 6.908031 2.979361
v -7.796298 4.623548 -4.897399
v -0.866718 4.777853 -5.271420
v 84.752251 6.410077 -1.171251
v 21.383766 5.585688 4.817502
v 13.124582 5.467212 4.865932
v -35.677673 1.045582 -9.090718
v 55.492851 6.419398 -6.556403
v -35.994026 3.111676 -2.478055
v -5.184136 4.547945 4.982187
v -9.408837 3.927964 5.370337
v 70.817856 6.522630 -7.014013
v 82.539246 6.410082 2.368158
v 84.827942 6.453998 -2.954559
v -18.998295 3.366192 4.688221
v -16.640331 3.189713 5.319994
v -23.050827 2.457038 4.872839
v 29.963490 5.459165 4.895871
v 35.678925 5.553064 4.886914
v 84.563828 6.115916 -5.209915
v -34.896088 1.922912 -7.387092
v -36.649334 0.482832 -9.881799
v -35.728973 -0.268709 -11.193274
v -36.989204 -0.216650 -11.076660
v -37.061008 -0.656201 -13.304359
v 44.809734 5.599275 -7.076652
v 37.284184 5.395556 -6.779494
v 31.053598 5.398608 -6.298838
v -33.389027 1.727584 -6.353954
v 12.583098 5.421634 -5.167561
v 24.333187 5.261203 -6.128424
v 22.921715 6.023685 -4.988992
v -48.033871 3.836678 21.036783
v -12.947966 3.629755 -5.482496
v 80.069725 5.465106 -8.636748
v 82.260597 5.356154 -8.330008
v 84.663170 6.064774 0.476435
v -84.068848 -0.444469 11.797195
v -84.677544 -0.681473 11.676316
v -84.780815 -1.980819 9.873482
v -84.168625 -1.586760 10.328577
v -84.267105 -2.817532 8.578248
v -84.725334 -3.054338 8.046183
v -84.616280 -3.711185 6.390567
v -83.104607 -3.616728 7.918366
v -80.918922 -4.336253 7.743237
v -80.049484 -3.551200 9.888121
v -76.712364 -4.286697 10.246813
v -77.114006 -3.724008 11.020108
v -76.186821 -3.574496 11.563477
v -72.646492 -3.641911 12.657914
v -72.975479 -4.263519 11.356773
v -68.363998 -4.095909 12.632539
v -69.925270 -4.860700 10.577106
v -67.238846 -5.022295 11.277798
v -63.601986 -5.514205 11.582079
v -62.449532 -5.011679 12.660538
v -61.198700 -5.482763 11.724807
v -58.333225 -4.888586 12.745027
v -71.129829 -3.179996 13.539357
v -63.778416 -4.083895 13.546802
v -82.270988 -2.498149 10.354631
v -80.287697 -2.654340 11.120569
v 70.648117 5.575281 -8.165129
v 62.324043 5.411983 -8.040612
v 58.034950 5.623423 -7.623525
v 54.617748 5.506843 -7.589798
v -70.345421 2.299011 19.547796
v -31.177378 1.467956 -5.524859
v 77.154694 5.394985 -8.660143
v -35.135639 0.322462 -9.816410
v -35.706436 -0.660159 -11.809752
v -36.486347 -0.899080 -13.631852
v -38.023300 -0.978852 -15.808736
v -22.629782 2.407789 -5.519235
v -58.348080 2.110541 19.550146
v 15.405532 4.810903 -6.024372
v 6.599808 4.385665 -5.975532
v -61.020515 -4.096045 13.645941
v 41.400581 5.552574 4.784308
v 49.143711 5.566229 4.713471
v 58.701012 6.163457 3.924707
v -26.997746 1.622365 -5.515666
v -23.102133 1.943933 -5.641713
v -31.844055 1.054532 -6.117322
v -50.816124 3.402606 21.022184
v -71.707169 -0.076697 15.841378
v -77.730186 0.100704 14.745954
v 83.669090 5.373240 -7.271601
v -0.153017 4.644408 5.257395
v -69.479980 1.051263 17.383970
v -64.605843 -3.068908 14.494042
v -80.614456 0.508881 14.332182
v -82.356483 -0.184501 13.007071
v -77.310265 -1.557463 13.304629
v -79.917694 1.820371 17.428101
v -63.922649 2.873967 20.613420
v -59.007195 -2.459950 15.057438
v -60.584713 -1.911961 15.521171
v -56.604439 -2.095164 16.359015
v -56.945995 -1.747319 16.932728
v -55.303673 -1.598993 17.534273
v -60.558140 -0.905062 16.707289
v -63.562370 -0.743308 16.404451
v 60.013199 5.528276 4.644830
v 67.711945 5.508647 4.392807
v 80.325371 5.474235 4.027392
v 76.759880 6.435451 3.165235
v 77.911087 5.510929 4.219281
v 12.182491 4.861781 5.409165
v 82.630455 5.320913 3.616139
v -64.350410 -1.581223 15.543888
v -64.445969 -0.427391 16.696159
v -69.591156 -1.150358 15.264112
v -22.321503 2.063153 5.443644
v -3.838133 3.914715 5.752643
v -76.341812 -0.884053 14.082540
v -56.286087 -2.739930 14.254944
v -56.241562 -2.386511 14.990248
v -58.139809 -2.339619 15.179478
v -74.222130 -1.880246 13.736925
v -64.034714 1.127904 17.930922
v -59.535759 0.469478 18.092556
v -11.933364 3.174459 5.818517
v -47.154381 2.425523 19.870890
v -45.632961 1.015940 18.122307
v -47.162552 -0.244681 17.588533
v -51.321552 -0.985115 18.156307
v 83.543114 5.221319 2.959699
v 15.153397 4.361793 5.844886
v -44.042542 3.329375 21.174030
v -18.532404 2.107140 5.978246
v 3.586662 3.943952 5.973834
v -23.466654 1.658022 5.449378
v -54.535789 -1.106045 18.082117
v -32.367023 1.178943 5.862974
v -49.952820 1.765337 19.853680
v -54.645123 1.274756 19.611242
v -8.793762 2.591233 6.465713
v -31.052641 1.180090 5.188663
v 2.126333 2.928928 6.663363
v 11.519201 3.184628 6.607274
v 30.235380 3.699145 6.076358
v 20.167168 3.197942 6.545279
v 45.867882 4.175236 5.552225
v 37.513908 3.099095 6.283645
v -4.591690 2.429102 6.719593
v 57.772289 3.546869 5.741624
v -21.770985 1.473808 5.846460
v 77.619736 4.966488 4.518446
v 45.409340 3.128007 6.086969
v 71.057663 3.346283 5.387300
v 63.889206 3.351110 5.614988
v -27.131277 0.877276 5.325421
v 80.592827 2.999079 5.066290
v 82.148865 2.840031 4.798301
v -13.637527 1.674115 6.534478
v -38.743027 2.066014 16.403585
v 78.094391 2.962162 5.294688
v -31.208668 0.077583 5.650198
v -28.112741 0.172706 5.503722
v -23.729034 0.090833 5.945506
v -22.661802 0.239434 6.102173
v -32.034584 0.065231 5.920158
v 45.054878 0.356005 -8.897728
v 36.909889 2.085438 -8.296485
v 45.544998 3.152484 -8.529140
v 51.195580 0.340601 -9.065882
v 54.161190 2.985398 -8.797085
v 61.192814 0.393340 -9.418492
v 67.987251 2.938034 -9.377485
v 69.261902 0.329284 -9.739211
v 72.733978 3.233552 -9.482543
v 76.292839 3.079436 -9.668733
v 77.011215 0.244789 -9.921533
v 80.186722 3.074976 -9.656041
v 80.302063 0.329014 -9.883084
v 35.893028 0.350428 -8.533271
v 27.154825 0.327425 -8.141665
v 28.702616 2.978166 -7.704618
v 20.319515 2.117443 -7.581722
v 21.477409 0.285403 -7.911271
v 6.597690 0.325316 -7.535649
v 59.737682 3.515923 -8.913683
v 8.536854 2.271680 -7.175371
v -1.360290 0.365575 -7.369826
v 39.432411 3.155475 -8.171173
v 0.316680 2.785006 -6.857208
v -10.528473 2.309315 -6.622454
v -9.210428 0.326714 -7.104333
v -14.843085 1.615597 -6.644164
v -14.853159 0.215345 -6.872141
v -22.271563 -0.153081 -6.447765
v -22.442465 1.352639 -6.138126
v 50.697083 3.507954 -8.499466
v 16.066557 3.019196 -7.184098
v 28.997181 3.224047 -7.620155
v 7.066445 3.015543 -6.880126
v -18.466257 2.269051 -6.142613
v -23.015429 0.069365 -6.253357
v 82.344299 3.070304 -9.307131
v 82.643990 1.736568 -9.392877
v 77.154694 5.394985 -8.660143
v 80.069725 5.465106 -8.636748
v 82.260597 5.356154 -8.330008
v 70.432503 4.950515 -8.553236
v 62.324043 5.411983 -8.040612
v 54.617748 5.506843 -7.589798
v 45.720062 5.203176 -7.433055
v -10.671872 2.996254 -6.247876
v 37.284184 5.395556 -6.779494
v 28.621914 4.997558 -6.545114
v -22.629782 2.407789 -5.519235
v 15.405532 4.810903 -6.024372
v 6.599808 4.385665 -5.975532
v -1.810840 3.993485 -5.939473
v 70.648117 5.575281 -8.165129
v -23.102133 1.943933 -5.641713
v -25.894367 0.795619 -5.911663
v -25.323673 -0.125040 -6.141686
v -29.093885 -0.115770 -6.181179
v -26.997746 1.622365 -5.515666
v -30.828638 0.071358 -6.286615
v -31.177378 1.467956 -5.524859
v 82.525864 0.112726 -9.440818
v 44.809734 5.599275 -7.076652
v 24.333187 5.261203 -6.128424
v -30.729998 -2.053286 -6.076875
v -27.142649 -1.818404 -5.858038
v -0.675707 -1.719137 -7.043603
v 11.251655 -1.716993 -7.308190
v 21.358557 -2.206810 -7.453629
v -23.083769 -2.086167 -5.834677
v 34.600655 -1.738161 -8.094579
v -10.519348 -1.744367 -6.682301
v 46.181854 -1.432212 -8.593191
v -22.726200 -1.850493 -6.123498
v 60.930931 -1.350657 -9.082473
v 69.035378 -1.313437 -9.398536
v 41.688919 -2.777876 -8.062911
v 45.996536 -2.879780 -8.226786
v 59.413933 -2.865640 -8.627346
v 67.655273 -2.354329 -9.071929
v 80.469704 -0.682176 -9.629915
v 76.149544 -1.602443 -9.439859
v 37.876354 -2.703665 -7.956292
v 26.350828 -2.607898 -7.488458
v 76.658241 -3.104963 -8.985183
v 80.183159 -3.212423 -8.815132
v 68.520271 -3.103863 -8.831312
v 9.319890 -2.177134 -7.088573
v -31.724237 -1.976659 -6.476434
v -7.348279 -1.952221 -6.718227
v -31.562277 -0.048845 -6.582551
v -25.987974 -2.330115 -5.571610
v -31.844055 1.054532 -6.117322
v 82.074638 -2.946319 -8.500139
v -0.522720 -2.171479 -6.833601
v -11.828584 -2.310173 -6.344540
v 83.604759 3.070220 -8.501090
v 19.722706 -3.350231 -6.711540
v 83.726067 0.105314 -8.646137
v -12.947966 3.629755 -5.482496
v 31.053598 5.398608 -6.298838
v -0.866718 4.777853 -5.271420
v 83.557762 -2.658998 -7.858366
v -7.796298 4.623548 -4.897399
v -22.344023 3.100397 -4.827803
v 83.669090 5.373240 -7.271601
v 84.282028 -2.590008 -7.213156
v 85.000824 4.108620 -3.086671
v 84.983948 -0.251948 2.441871
v 85.023430 -1.339994 -1.951380
v 84.901047 4.309572 1.567103
v 84.928429 -3.374983 1.173311
v 84.975685 -4.086493 -2.758150
v 84.934875 -1.041051 -6.172970
v 84.819191 2.165166 -7.366160
v 84.878960 -3.579237 -5.083691
v 84.777191 3.754705 -7.028111
v 84.808113 -0.061682 -7.486080
v 84.752251 6.410077 -1.171251
v 84.827942 6.453998 -2.954559
v 84.563828 6.115916 -5.209915
v 84.814957 3.640776 2.285758
v 84.663170 6.064774 0.476435
v 84.778770 -4.352604 -1.033340
v 84.282028 -2.590008 -7.213156
v 84.777000 -4.549118 -2.970814
v 84.614990 2.086663 2.929887
v 84.589241 -0.263936 3.093407
v 83.839149 -2.840966 3.326360
v 84.445282 5.369331 1.496853
v 83.903633 -4.887451 1.031441
v 83.855049 -0.019143 4.004056
v 83.753815 2.666322 3.862089
v 83.543114 5.221319 2.959699
v 83.669090 5.373240 -7.271601
v 83.634178 -5.523922 -0.985442
v 83.604759 3.070220 -8.501090
v 83.726067 0.105314 -8.646137
v 82.630455 5.320913 3.616139
v 82.148865 2.840031 4.798301
v 81.782837 0.133536 5.146060
v -36.543816 0.342589 11.680266
v -36.613873 1.659059 12.990258
v -38.000046 0.513657 14.295342
v -37.591156 1.843585 14.775426
v -35.507324 0.829700 10.345726
v -34.626064 0.541797 8.692351
v -38.743027 2.066014 16.403585
v -40.108635 1.696977 17.779755
v -40.417179 2.574418 18.613167
v -40.105442 0.852204 16.942768
v -37.300201 -0.532568 11.501241
v -36.120132 -0.477881 9.569483
v -34.377438 0.180853 8.013963
v -33.348564 0.382606 6.915740
v -33.772106 -0.520087 6.739950
v -36.139606 -1.165409 8.224956
v -34.788208 -1.208506 6.750203
v -39.436451 -0.683424 14.028243
v -33.612522 -1.331558 5.905287
v -39.396538 -1.499598 12.066940
v -39.377968 -2.651215 8.519203
v -37.062019 -1.909144 7.273216
v -34.691254 -1.885043 4.969998
v -42.382309 -4.008995 8.457700
v -37.339886 -2.641547 5.067940
v -35.158508 -2.736113 2.735734
v -32.426395 -1.168399 5.551632
v -32.967155 -1.953129 4.899275
v -33.137192 -3.070080 3.053669
v -30.656355 -1.434591 5.253314
v -31.521305 -3.175289 3.415196
v -29.754965 -2.315052 4.702280
v -27.210684 -3.657101 3.525630
v -23.349737 -3.361448 4.621404
v -23.232231 -4.241307 3.451253
v -22.386715 -3.599724 4.635119
v -21.261736 -4.683285 3.359924
v -19.055128 -4.049428 4.536045
v -20.760170 -3.318945 5.139369
v -12.243167 -3.364285 5.760768
v -12.453541 -4.088154 5.036080
v -7.242555 -4.100317 5.237658
v -6.899928 -3.434166 5.889957
v 0.355114 -3.840257 5.836121
v -23.638760 -2.458333 5.295095
v -27.207609 -1.827834 5.254641
v -18.202528 -2.650142 5.793255
v -21.595795 -1.906563 5.892134
v 2.870484 -2.243406 6.859169
v -6.391294 -1.913468 6.809655
v 10.139581 -4.008218 5.834281
v 15.103939 -2.436398 6.808683
v 22.332197 -3.978977 5.747340
v 20.623423 -4.837621 4.914043
v 31.544025 -4.750804 4.978477
v 29.917183 -3.880886 5.723392
v 33.193218 -3.228142 6.000077
v 40.773125 -4.676534 4.848228
v 38.189850 -5.038662 4.559888
v 52.583317 -4.846657 4.432359
v 40.747803 -3.038592 5.932733
v 57.344086 -3.144503 5.426825
v 60.615192 -4.746030 4.346426
v 52.829376 -3.127153 5.549108
v -10.520447 -1.989245 6.577659
v 63.797184 -3.036071 5.208076
v 27.130352 -2.106368 6.666397
v 64.518341 -4.274478 4.535433
v 74.840233 -3.702425 4.570533
v 66.456192 -4.734309 4.127632
v 63.422989 -5.799004 3.022957
v 76.855019 -5.420075 3.194556
v 76.059853 -4.920756 3.685452
v 77.350937 -3.436303 4.680233
v 80.117081 -5.147480 3.105875
v 80.651886 -3.474190 4.339629
v 81.967209 -3.392635 3.994755
v 82.428032 -4.231525 3.217606
v 31.707438 -2.336504 6.453710
v 52.398327 -2.715988 5.757806
v 83.839149 -2.840966 3.326360
v 82.568962 -5.092174 2.219711
v 83.903633 -4.887451 1.031441
v -0.574556 -1.673379 7.025509
v 8.647269 -1.808948 7.044611
v 63.331566 -2.122678 5.580312
v 42.926369 -2.461975 6.084332
v 72.568352 -2.266078 5.255160
v 81.599640 -1.708150 4.770223
v -32.034584 0.065231 5.920158
v -31.208668 0.077583 5.650198
v 77.904320 -1.929460 5.055325
v -20.756935 -0.894743 6.217676
v -12.445697 -0.975931 6.737461
v -28.996153 -0.776476 5.456301
v -23.422123 -1.165385 5.819543
v 18.967930 -1.757694 6.907959
v 56.046368 -1.523081 5.913080
v 78.253281 0.133395 5.474302
v 81.782837 0.133536 5.146060
v -6.882202 -1.021247 6.974340
v 36.820568 -1.206942 6.496124
v 69.364464 0.468825 5.835352
v 47.246426 0.325510 6.453443
v 56.868793 0.518545 6.224817
v 83.855049 -0.019143 4.004056
v 36.529861 0.439160 6.727808
v -1.251733 0.367231 7.282315
v 7.911638 0.340458 7.325274
v 17.066183 0.343329 7.221585
v -8.538932 0.335555 7.077898
v -22.661802 0.239434 6.102173
v -23.729034 0.090833 5.945506
v -16.059050 0.362931 6.652382
v -28.112741 0.172706 5.503722
v 78.094391 2.962162 5.294688
v 80.592827 2.999079 5.066290
v 73.992973 2.071983 5.522267
v -42.228470 3.120110 20.078220
v -44.042542 3.329375 21.174030
v -42.699997 2.307194 20.037996
v -42.431873 1.223466 19.158169
v -46.348965 1.076709 20.519785
v -45.251129 -0.422620 18.800188
v -46.955605 -0.534329 19.314600
v -42.286472 -0.387576 17.158245
v -46.793041 1.980929 21.214960
v -46.927807 -1.590992 18.056295
v -45.179878 -1.997549 16.562988
v -50.710438 -1.802570 18.871216
v -50.680496 -0.699681 19.841059
v -50.558735 -3.183087 16.976889
v -47.362980 -2.766298 16.477402
v -42.522507 -1.431604 15.671133
v -42.099995 -2.132191 13.983617
v -44.103844 -2.856776 13.909067
v -55.392689 -3.103646 17.792896
v -47.356773 -3.780981 14.070794
v -50.705437 -4.026441 15.233183
v -55.242229 -3.930747 16.418709
v -52.375015 -4.261897 15.071095
v -55.726276 -4.906045 14.631085
v -55.918472 -5.625330 13.383179
v -58.109108 -5.748288 13.472707
v -51.102104 -4.962607 12.585974
v -47.552006 -4.580255 11.635732
v -45.009861 -3.796078 11.977750
v -42.301624 -3.056852 11.521444
v -61.199287 -5.487041 13.885230
v -58.116104 -4.182417 15.953069
v -59.715393 -3.298025 17.330742
v -64.021088 -3.859050 16.435673
v -59.968960 -6.319103 12.272928
v -62.367859 -6.532495 11.986685
v -64.628014 -5.017226 14.372477
v -64.770851 -3.299102 17.131775
v -68.149078 -3.695812 16.449701
v -67.502174 -4.284020 15.240744
v -72.413872 -4.207902 15.014850
v -73.600052 -3.956822 15.353798
v -75.917397 -5.247693 13.416574
v -76.323563 -5.750964 12.418963
v -72.066177 -5.159606 12.928020
v -71.921356 -5.988142 11.354187
v -68.658493 -5.132899 12.875696
v -70.471741 -5.968406 11.389128
v -70.445213 -6.414185 10.640432
v -66.695045 -5.734947 12.310553
v -64.156799 -5.801063 12.956151
v -65.630516 -6.455506 11.781943
v -65.793770 -6.590218 11.347818
v -68.591743 -6.567537 11.091980
v -72.067741 -6.639029 8.995615
v -49.231335 -5.712569 8.254658
v -47.447556 -5.518408 8.068841
v -51.868214 -5.724845 9.882093
v -44.345703 -4.486370 8.714366
v -43.449696 -2.882876 -21.223961
v -40.927582 -3.109924 -19.369829
v -42.390205 -3.203665 -20.321280
v -45.134129 -3.160142 -21.866436
v -42.429703 -3.881950 -18.821768
v -43.816380 -3.908212 -19.568567
v -39.534332 -3.124973 -17.952074
v -39.384174 -3.693859 -16.148298
v -38.195076 -3.132563 -16.201859
v -38.105553 -3.698269 -14.128904
v -36.963806 -3.193210 -14.017188
v -46.876564 -3.839349 -20.749577
v -47.461033 -3.195447 -22.229866
v -50.515869 -3.647692 -21.451763
v -48.281330 -4.584987 -18.832266
v -50.691853 -4.415714 -19.810074
v -36.981022 -3.785419 -9.558453
v -35.505684 -3.130268 -9.054089
v -37.446632 -4.019504 -7.649240
v -34.782150 -3.128057 -6.870391
v -34.484646 -3.228455 -5.735174
v -33.210632 -2.709284 -6.251383
v -33.142670 -3.128086 -5.250269
v -31.681807 -2.720660 -5.607219
v -33.336636 -2.137184 -7.659530
v -34.080284 -2.104274 -8.893768
v -35.739868 -2.711872 -12.105797
v -31.462732 -3.368446 -4.541823
v -29.360655 -3.254047 -4.831111
v -34.831623 -2.413816 -10.099082
v -32.967339 -1.874528 -7.534556
v -36.628750 -2.869165 -13.934166
v 20.861551 -5.471744 4.076761
v 13.421941 -4.811920 4.953952
v 27.624409 -5.493113 4.026368
v 11.566432 -5.462747 4.001205
v -0.551002 -4.807604 4.600566
v -13.205558 -4.896293 3.770428
v -0.213856 -5.299835 3.835015
v 36.400265 -5.874351 3.324805
v 43.455254 -5.810598 3.259004
v 24.403160 -5.896533 3.132797
v 53.743824 -5.816345 3.110048
v 57.728600 -6.915405 0.997202
v 65.737198 -6.951234 0.969533
v 76.189590 -6.106675 2.313231
v 77.315964 -6.954442 0.704787
v 45.366863 -6.744155 1.145824
v 34.301998 -6.640426 1.400440
v 80.086136 -6.048268 1.851369
v 79.953903 -6.729301 0.753043
v -15.031609 -5.148499 2.862387
v 27.843216 -6.474880 1.618369
v 21.246777 -6.319170 1.688191
v 12.545575 -6.158804 1.767530
v -21.020630 -5.300247 1.491849
v 6.593435 -5.928492 1.807667
v -0.316513 -5.836772 1.801939
v 66.311699 -7.107824 0.333203
v -14.619786 -5.464737 1.666698
v -11.648669 -5.544641 1.582383
v -23.036215 -4.944415 1.641930
v -25.911493 -4.596270 1.399973
v -30.766134 -4.037540 1.474912
v 73.513878 -7.242612 -0.671605
v 79.388939 -7.024932 -0.531786
v -33.924564 -3.326566 1.823696
v -26.966593 -4.709686 -0.184674
v -29.555805 -4.453711 -0.357974
v -22.847506 -5.212247 -0.200837
v -32.600548 -4.060927 -0.416888
v -22.173429 -5.392952 -0.308764
v -35.119591 -3.327261 0.377860
v -37.737061 -3.205023 3.257316
v -38.203564 -3.972970 -0.057744
v -36.840286 -3.984165 -2.388182
v -41.377529 -4.726696 -1.881355
v -44.947784 -5.184777 0.365939
v -41.939152 -4.505937 1.083715
v -39.074181 -3.899041 1.409968
v -40.781364 -4.716067 -4.254176
v -46.918003 -5.134899 -7.701696
v -42.473423 -4.804211 -8.593370
v -46.814121 -5.155138 -9.751151
v -50.873817 -5.680391 -9.090995
v -43.989494 -4.816187 -14.260845
v -50.334003 -5.661437 -14.175515
v -53.228146 -5.885041 -13.564165
v -59.066048 -6.386888 -7.421364
v -53.626026 -5.916804 -4.778164
v -57.821182 -6.335402 -0.962676
v -58.244015 -6.316071 -10.166688
v -63.114014 -6.616976 -8.592467
v -63.433990 -6.737792 -3.617008
v -67.025200 -6.661165 -8.454891
v -59.647324 -6.497251 1.758000
v -63.725700 -6.817744 0.787067
v -63.219662 -6.896223 6.996915
v -67.322708 -6.873079 0.266492
v -66.617363 -6.745098 -5.642663
v -73.239464 -6.881796 -1.837116
v -71.020714 -6.748098 -5.474854
v -69.980057 -6.902265 6.245767
v -69.928375 -6.868855 1.028268
v -74.600960 -6.998664 0.316308
v -63.195965 -6.828794 8.576226
v -71.512955 -6.879882 7.146257
v -75.928963 -6.928661 6.942632
v -76.573166 -7.011476 0.585203
v -79.447914 -6.878981 4.379013
v -78.001160 -6.884238 6.673875
v -56.695557 -6.536658 8.107634
v -58.671719 -6.585709 9.254914
v -55.782608 -6.263122 1.781466
v -62.428780 -6.502603 -11.129695
v -60.130360 -6.288400 -13.124719
v -56.828327 -6.091547 -14.051199
v -50.955864 -5.844927 0.591457
v -49.794224 -5.531349 -5.170886
v -46.541191 -5.363791 0.244214
v -50.763802 -5.890460 6.632344
v -79.447304 -6.767127 0.602873
v -76.253632 -6.808252 -1.343038
v -74.558327 -6.704591 -3.332835
v -42.497704 -4.705530 -11.349634
v -51.128105 -5.595243 -15.326692
v -45.423443 -5.138509 6.570053
v -39.456463 -4.438252 -9.106385
v -64.453392 -6.443789 -11.000164
v -40.281956 -4.292828 -13.934019
v -56.709797 -6.210905 10.987706
v -32.173946 -3.886195 -3.063669
v -25.830355 -4.494201 -2.254712
v -81.809677 -6.513622 4.251278
v -82.116119 -6.396541 2.274555
v -55.990124 -5.737151 -16.010899
v -42.224442 -4.359490 -16.345785
v -45.079014 -4.613125 -17.181250
v -49.301914 -5.099556 -16.970890
v -80.859528 -6.491090 6.496908
v -77.293762 -6.529915 9.101542
v -22.939554 -4.797544 -2.277207
v -59.549736 -5.744128 -15.192463
v -50.578983 -5.028034 -17.829863
v -81.028976 -6.416911 0.064241
v -34.244560 -3.471731 -3.122729
v -74.948639 -6.438746 -4.308166
v -69.666000 -6.349573 -8.277131
v -42.692413 -4.484861 6.160701
v -40.969635 -3.974952 5.128005
v -34.545361 -3.506522 -1.402211
v -35.702278 -3.717304 -2.885079
v 82.340309 -6.172221 0.795266
v -25.371006 -4.235068 -3.179234
v -55.737370 -5.231698 -17.446608
v -67.325813 -5.799515 -11.595984
v 82.163956 -6.529183 -0.926704
v -64.199631 -5.680151 -13.544839
v -72.163506 -5.811062 -8.480143
v -83.707207 -5.907272 4.244905
v -80.103523 -5.755899 -2.915087
v -76.522560 -5.831353 -5.185171
v -79.533012 -5.879492 10.082200
v -81.395241 -5.820031 8.787595
v -83.770287 -5.829514 2.345259
v -83.153725 -5.807583 6.287416
v -83.311066 -5.629847 -0.165375
v -84.768524 -5.424059 3.283799
v -23.646091 -3.872278 -4.041786
v 83.634178 -5.523922 -0.985442
v 83.174782 -5.917783 -2.934697
v 84.777000 -4.549118 -2.970814
v -20.182060 -5.435884 -0.210687
v -14.219280 -5.480724 -0.201159
v -8.036777 -5.471763 0.438841
v 0.200614 -5.678954 0.129569
v 6.982899 -5.808440 0.172655
v 13.762012 -6.173867 -0.022612
v 19.269524 -6.313066 -0.058798
v 24.453243 -6.575864 -0.328076
v 34.671608 -6.851482 -0.328738
v 43.505569 -6.960905 -0.612949
v 49.905556 -7.010870 -0.649562
v 57.302082 -7.187987 -0.668550
v 67.173294 -7.279425 -0.817359
v 73.936638 -7.074034 -3.002341
v 77.750648 -6.984382 -3.166430
v 66.792336 -7.070518 -3.132243
v 57.004631 -6.981799 -2.976504
v 50.459290 -6.809533 -2.969262
v 45.234268 -6.699534 -3.134914
v 39.638844 -6.611819 -2.824219
v 80.330788 -6.788077 -3.257600
v 29.492586 -6.432507 -2.386608
v 24.840569 -6.304645 -2.339773
v 33.947636 -6.489267 -2.710194
v 19.418392 -6.003574 -2.137744
v 12.981421 -5.812872 -2.163358
v 6.332229 -5.495282 -1.904306
v 1.317273 -5.364670 -1.968236
v -4.191844 -5.310532 -0.879023
v -6.617715 -5.078957 -2.332184
v -10.279187 -4.936093 -2.810022
v -18.679789 -5.067730 -2.172044
v -22.144537 -4.859996 -2.601334
v 8.478096 -5.180634 -3.359488
v -6.293624 -4.882379 -3.047301
v 1.932730 -4.918930 -3.662602
v 20.041615 -5.441524 -3.888744
v 14.792896 -5.304307 -3.775266
v -15.640975 -4.731895 -3.269807
v 73.016991 -6.493904 -4.708198
v 67.356056 -6.471328 -4.830769
v 57.440651 -6.665139 -3.876815
v 50.626633 -6.533384 -3.773913
v 26.501781 -5.386718 -4.811528
v 81.899971 -6.496465 -3.261025
v 36.112438 -5.767816 -4.552049
v 80.045418 -5.888191 -5.561586
v 7.412722 -4.654202 -4.495760
v 47.037323 -5.908581 -5.018599
v 56.300602 -5.940982 -5.347357
v 14.301802 -4.589886 -5.295758
v 20.515306 -4.728580 -5.448971
v -12.224046 -3.968012 -4.868667
v -7.734708 -3.819096 -5.127316
v -0.239324 -3.874689 -5.524641
v 81.822495 -5.626727 -5.470876
v -19.334068 -4.010248 -4.490727
v 76.047531 -5.568020 -6.423386
v 34.223347 -5.317976 -5.331757
v 40.505093 -5.308631 -5.584260
v -22.654247 -3.988265 -4.236624
v 9.730632 -4.020168 -5.720946
v 66.840080 -5.289198 -6.710342
v 46.325199 -5.254935 -6.072999
v 80.294838 -5.197224 -6.661098
v 27.437403 -4.732661 -5.824558
v 55.719509 -4.619246 -7.152556
v 80.007568 -4.545028 -7.540880
v 69.327927 -4.595397 -7.641032
v 34.903938 -4.666075 -6.193426
v 46.697285 -4.534466 -7.004267
v -13.941853 -3.427791 -5.481986
v -22.701237 -3.243946 -5.160139
v -7.860752 -3.396913 -5.644008
v 82.074600 -4.333123 -7.130123
v -23.084364 -3.416222 -4.727462
v 83.608574 -4.825381 -5.030240
v 76.658241 -3.104963 -8.985183
v 80.183159 -3.212423 -8.815132
v 82.074638 -2.946319 -8.500139
v -1.582000 -3.343546 -5.973206
v 19.722706 -3.350231 -6.711540
v 30.102068 -3.755940 -6.812150
v 8.828066 -3.284173 -6.325102
v 83.443474 -4.062501 -6.404253
v 40.433010 -4.007131 -7.091602
v 33.638958 -2.931266 -7.610570
v 57.692253 -3.590341 -8.062659
v 68.520271 -3.103863 -8.831312
v -25.987974 -2.330115 -5.571610
v -30.729998 -2.053286 -6.076875
v -31.724237 -1.976659 -6.476434
v -23.083769 -2.086167 -5.834677
v 45.996536 -2.879780 -8.226786
v 37.876354 -2.703665 -7.956292
v 41.688919 -2.777876 -8.062911
v 26.350828 -2.607898 -7.488458
v -11.828584 -2.310173 -6.344540
v -7.348279 -1.952221 -6.718227
v -0.522720 -2.171479 -6.833601
v 59.413933 -2.865640 -8.627346
v -22.726200 -1.850493 -6.123498
v 9.319890 -2.177134 -7.088573
v 83.557762 -2.658998 -7.858366
v 84.282028 -2.590008 -7.213156
v 84.878960 -3.579237 -5.083691
v -40.361702 -1.307319 -18.786240
v -39.077950 -1.364182 -17.408289
v -39.534332 -3.124973 -17.952074
v -40.927582 -3.109924 -19.369829
v -41.498550 -1.368933 -19.852560
v -38.103073 -2.274240 -16.235853
v -38.195076 -3.132563 -16.201859
v -38.023300 -0.978852 -15.808736
v -36.486347 -0.899080 -13.631852
v -36.628750 -2.869165 -13.934166
v -35.739868 -2.711872 -12.105797
v -35.706436 -0.660159 -11.809752
v -34.785992 -0.744552 -10.132076
v -34.080284 -2.104274 -8.893768
v -33.858082 -0.637716 -8.694854
v -32.967339 -1.874528 -7.534556
v -32.929375 0.098837 -7.596776
v -34.006672 0.303925 -8.545373
v -31.724237 -1.976659 -6.476434
v -35.135639 0.322462 -9.816410
v -43.449696 -2.882876 -21.223961
v -43.410465 -1.503301 -21.160316
v -31.562277 -0.048845 -6.582551
v -31.844055 1.054532 -6.117322
v -42.727463 -0.989927 -20.475452
v -38.816128 -1.014180 -16.742435
v -33.389027 1.727584 -6.353954
v -44.403679 -0.941461 -21.444609
v -41.745674 -0.956767 -19.639112
v -34.896088 1.922912 -7.387092
v -32.333931 2.211807 -4.913674
v -36.722500 -1.608838 -3.124279
v -36.894299 0.348442 -5.587120
v -36.732430 -1.239468 -4.794139
v -36.981236 0.501701 -3.198223
v -36.878227 1.400329 -3.161324
v -36.863411 -2.038925 -5.078631
v -37.155064 -1.202262 -6.696894
v -37.140774 -0.559498 -7.777824
v -36.889088 -2.359246 -2.835490
v -37.593479 -1.524013 -8.965561
v -36.512318 1.551367 -5.734893
v -36.745426 0.887988 -8.646308
v -37.340702 -0.530108 -11.328934
v -37.749905 -2.273598 -7.493401
v -36.357639 1.673081 -8.181182
v -37.124176 -2.420000 -5.280572
v -35.994026 3.111676 -2.478055
v -37.739536 0.027043 -1.451520
v -37.646496 1.099176 -1.082531
v -37.059547 -1.389873 -2.403059
v -36.743923 2.980045 -0.072667
v -35.550312 2.828106 -5.972643
v -36.649334 0.482832 -9.881799
v -38.220058 -1.562296 -11.868273
v -37.893856 -0.788582 -13.437545
v -38.210155 1.061751 0.057114
v -38.533161 -0.688403 -0.791227
v -38.286282 2.868766 3.240001
v -39.735218 -0.426894 0.710255
v -40.071953 -0.050120 2.021376
v -40.130707 0.997353 4.617146
v -41.085442 -0.693902 3.687088
v -41.767075 -0.846873 6.614084
v -39.718777 3.020663 7.299270
v -42.422962 -1.644886 8.044410
v -40.868931 2.592523 11.864753
v -42.575191 -0.961908 10.451525
v -43.066383 -0.369223 13.079958
v -41.954151 1.559134 13.756059
v -40.971889 3.248760 14.472155
v -40.900131 3.508598 15.156362
v -40.329605 3.661844 13.157209
v -39.434944 3.615827 8.015334
v -43.057060 0.648189 14.552717
v -41.995525 3.442746 17.350739
v -40.907501 -1.186247 1.372136
v -38.218193 3.588566 4.911529
v -42.890800 2.266336 16.965168
v -43.027172 -0.899050 11.704264
v -36.347599 3.531260 0.562634
v -41.263802 -1.855827 0.711640
v -42.224419 -1.807160 2.518791
v -44.294422 -0.278136 15.002331
v -44.575474 0.414844 16.361885
v -42.770466 3.474130 18.483435
v -41.729828 -1.098572 4.926161
v -42.442711 -1.592733 6.732259
v -37.640148 3.559671 3.623577
v -39.289452 -1.514938 -0.599794
v -43.840683 2.713424 18.612072
v -36.989204 -0.216650 -11.076660
v -37.061008 -0.656201 -13.304359
v -42.745705 -3.132398 0.119474
v -43.718307 -2.891815 3.370866
v -42.580811 -1.808248 3.881266
v -43.660679 -2.242105 7.067642
v -43.740395 -0.820149 13.110750
v -45.501080 -3.406739 7.915339
v -43.909470 -2.209839 8.252498
v -37.693611 -2.939782 -5.138924
v -44.839973 -2.137897 9.743846
v -37.634636 -2.972468 -3.190099
v -43.145462 -1.635878 9.306562
v -45.632961 1.015940 18.122307
v -44.759087 -3.662236 2.531793
v -46.347916 -2.768296 10.305779
v -45.336800 -1.353417 11.898092
v -47.452641 -4.431083 8.065935
v -38.819435 -2.395243 -10.217253
v -46.776833 -4.340576 6.089357
v -39.666767 -2.245332 -0.992833
v -47.162552 -0.244681 17.588533
v -48.049892 -3.412451 10.708156
v -44.420639 3.538942 19.863655
v -40.502174 -3.054350 -1.578223
v -46.992718 -1.582256 12.491774
v -48.528427 -4.283107 9.353133
v -37.481079 -2.291484 -2.299477
v -44.571903 -3.906452 -0.009751
v -42.904621 -3.715622 -1.739397
v -45.655529 -4.095590 1.687319
v -48.193401 -0.716881 17.260571
v -45.758923 -0.823591 14.804778
v -40.432430 -3.573049 -3.376020
v -38.861031 -2.936388 -7.969569
v -49.595886 -3.255918 11.750491
v -50.211155 -1.936980 14.088406
v -50.819683 -1.357174 16.928156
v -50.211250 -2.190263 13.223959
v -51.321552 -0.985115 18.156307
v -51.703796 -4.260293 10.788276
v -39.356121 -3.388580 -4.768167
v -52.979446 -4.919026 9.490428
v -54.267159 -4.885762 10.642513
v -53.896763 -4.321865 11.838125
v -57.055069 -5.015825 12.192097
v -56.321693 -4.428970 12.867785
v -50.460957 -4.685876 8.723111
v -58.577686 -5.472423 10.918670
v -46.278496 -4.233434 0.884464
v -44.003483 -3.919828 -2.882826
v -52.795929 -3.578379 12.332709
v -55.160488 -5.177792 9.186055
v -38.023300 -0.978852 -15.808736
v -56.604439 -2.095164 16.359015
v -53.867233 -2.272892 14.249772
v -56.241562 -2.386511 14.990248
v -56.286087 -2.739930 14.254944
v -58.058517 -5.598531 8.449316
v -55.303673 -1.598993 17.534273
v -61.198700 -5.482763 11.724807
v -53.705025 -2.606365 13.558712
v -55.894974 -5.297858 5.786440
v -50.146496 -4.668787 5.779998
v -60.727375 -5.818504 8.133350
v -41.502098 -3.636975 -5.739263
v -58.333225 -4.888586 12.745027
v -38.489834 -0.922504 -14.731652
v -51.658867 -4.746875 0.811357
v -41.604687 -3.497833 -7.895952
v -56.789139 -5.023242 -7.883502
v -55.135170 -5.020527 -0.554893
v -49.244411 -4.392056 -5.374181
v -60.392048 -5.504056 -1.075479
v -61.174454 -5.491967 -6.621091
v -56.611031 -4.921095 -10.696083
v -50.556667 -4.321275 -10.893980
v -49.071377 -4.313268 -8.286857
v -58.403759 -5.467246 1.603786
v -63.937134 -5.845991 9.467275
v -63.909359 -5.949543 8.269136
v -44.312107 -3.568147 -10.107682
v -39.716675 -2.856565 -9.934305
v -63.978554 -5.731739 -0.289427
v -64.077614 -5.653114 -5.655762
v -63.949886 -5.949622 6.063009
v -63.601986 -5.514205 11.582079
v -52.240005 -4.278071 -13.239172
v -50.718868 -3.943409 -13.886559
v -47.517029 -3.567285 -13.452014
v -42.991947 -2.804906 -13.206367
v -62.577003 -5.482876 -8.326445
v -60.271744 -5.142563 -10.730953
v -58.139809 -2.339619 15.179478
v -59.007195 -2.459950 15.057438
v -55.623001 -4.518423 -13.315166
v -66.572746 -5.759609 0.975709
v -65.952957 -5.631143 -2.548476
v -66.128281 -5.566917 10.482526
v -39.445896 -0.937304 -16.390791
v -68.626022 -5.781401 5.344172
v -38.816128 -1.014180 -16.742435
v -40.155468 -1.401995 -15.500207
v -69.775673 -5.545132 8.027803
v -71.639862 -5.552034 5.365356
v -71.615921 -5.512769 0.685133
v -66.027405 -5.416286 -7.986515
v -41.745674 -0.956767 -19.639112
v -41.628799 -1.068832 -18.179764
v -68.361458 -5.476158 -2.612065
v -40.073898 -2.118585 -13.348432
v -42.716904 -0.917029 -19.561178
v -42.727463 -0.989927 -20.475452
v -44.715446 -0.897045 -20.751534
v -44.403679 -0.941461 -21.444609
v -48.204067 -0.901549 -21.436502
v -46.350449 -2.833931 -15.663181
v -41.932533 -1.877058 -16.087360
v -39.110931 -1.550096 -13.850319
v -74.795341 -5.211845 4.888090
v -75.701881 -5.039525 0.436981
v -81.805946 -4.661959 3.133334
v -78.966621 -4.889678 5.703107
v -74.645645 -5.038216 8.117380
v -77.313484 -4.825383 8.106885
v -81.736084 -4.580972 5.778829
v -80.918922 -4.336253 7.743237
v -69.845245 -5.304224 9.228303
v -64.123199 -5.239059 -9.570656
v -68.846603 -5.230541 -6.106685
v -72.183098 -4.985682 -4.041924
v -60.130932 -4.873927 -12.024425
v -79.248131 -4.718768 0.744597
v -76.712364 -4.286697 10.246813
v -54.662300 -0.752952 -21.822355
v -53.561394 -0.739906 -21.077946
v -47.225914 -0.974302 -22.288210
v -53.525772 -0.882344 -22.249220
v -56.699287 -0.442109 -21.185808
v -56.139023 -0.582093 -20.454901
v -44.897293 -1.228387 -19.637489
v -44.691322 -1.780046 -18.247257
v -46.809246 -1.751558 -19.179918
v -49.199253 -2.944305 -16.633167
v -50.988403 -3.403790 -15.913406
v -75.599312 -4.837464 -1.037371
v -82.255577 -4.329019 0.638391
v -84.226700 -4.232347 3.767081
v -47.729874 -1.142802 -20.648331
v -56.310982 -4.249841 -14.365517
v -84.340790 -3.998835 0.608278
v -84.736641 -4.257689 2.955438
v -84.880455 -3.962339 -0.007246
v -58.302551 -0.156067 -20.500195
v -55.206192 -3.636837 -15.791460
v -50.973007 -2.830677 -17.508360
v -69.925270 -4.860700 10.577106
v -50.744133 -1.033918 -20.904398
v -79.108200 -4.258446 -1.235182
v -64.575821 -4.861330 -10.789409
v -59.420963 -4.335377 -13.800150
v -62.058449 -4.337204 -13.088944
v -72.975479 -4.263519 11.356773
v -70.389832 -4.947282 -6.050870
v -68.046982 -4.954409 -8.332919
v -75.513260 -4.318638 -3.179126
v -67.238846 -5.022295 11.277798
v -84.616280 -3.711185 6.390567
v -48.175446 -1.800043 -22.540977
v -45.897594 -1.442262 -22.134018
v -47.545437 -2.777292 -22.440390
v -45.134129 -3.160142 -21.866436
v -47.225914 -0.974302 -22.288210
v -43.449696 -2.882876 -21.223961
v -43.410465 -1.503301 -21.160316
v -44.403679 -0.941461 -21.444609
v -50.725651 -2.238493 -22.601707
v -50.690479 -1.146005 -22.492962
v -53.525772 -0.882344 -22.249220
v -53.606483 -2.643128 -22.195845
v -50.575211 -3.071414 -22.391958
v -56.610077 -2.345611 -21.554121
v -56.291645 -1.421083 -21.703741
v -47.461033 -3.195447 -22.229866
v -69.226501 -0.507910 -16.040983
v -64.503494 -0.903570 -18.676828
v -68.998718 -0.852022 -16.122320
v -70.894592 -0.671490 -15.122203
v -70.882759 0.821475 -14.814416
v -64.750084 0.549550 -18.186073
v -74.864639 -0.328387 -12.960939
v -73.708908 0.910691 -13.333444
v -62.076454 -0.058985 -19.654364
v -68.592667 0.774622 -15.973881
v -75.263756 0.719306 -12.661234
v -62.821102 -1.069841 -19.438732
v -77.098953 -0.195213 -11.744043
v -77.282562 1.341867 -11.545193
v -78.755730 0.547698 -10.870829
v -80.939163 1.307464 -9.459637
v -60.000488 -1.441693 -20.573235
v -59.533772 -0.118836 -20.522091
v -58.257774 -1.481911 -21.146616
v -57.234547 -0.548878 -21.314392
v -80.931335 0.515135 -9.470365
v -82.788345 0.069159 -7.863930
v -82.380569 1.158938 -8.042712
v -79.018799 -0.123191 -10.434371
v -54.662300 -0.752952 -21.822355
v -74.414558 1.310812 -12.621836
v -72.664818 1.148400 -13.672704
v -63.082344 0.513792 -18.795815
v -61.488762 0.286328 -19.445461
v -81.036400 1.555199 -8.956367
v -67.380157 0.888986 -16.413900
v -79.061737 1.576483 -10.158116
v -70.488808 1.051210 -14.598779
v -56.699287 -0.442109 -21.185808
v -58.302551 -0.156067 -20.500195
v -68.557373 0.938628 -15.083447
v -65.190460 0.733015 -17.195385
v -83.698891 -0.995299 -6.261935
v -84.204056 -2.670710 -4.325893
v -84.045540 -0.725935 -6.068527
v -81.633308 -1.211832 -7.667894
v -76.082352 -2.602732 -10.158866
v -73.481689 -0.791307 -13.520321
v -70.884102 -2.959309 -13.221367
v -82.402611 -3.154549 -4.983767
v -77.162628 -3.417705 -8.496897
v -81.178291 -3.906091 -5.015599
v -69.945351 -4.200032 -12.444668
v -66.655235 -3.008323 -15.778976
v -63.086735 -3.101796 -17.444195
v -61.464783 -1.386899 -19.913443
v -64.517754 -4.256999 -15.527196
v -60.889545 -3.665957 -17.843962
v -58.338837 -3.031636 -19.817083
v -55.976151 -2.851205 -21.418087
v -83.611031 -4.506319 -2.209657
v -67.946037 -5.131526 -12.402317
v -55.991825 -4.013243 -19.769487
v -78.274475 -4.380610 -6.387564
v -76.029510 -4.867840 -7.218102
v -72.163506 -5.811062 -8.480143
v -59.086117 -4.493882 -17.602188
v -80.103523 -5.755899 -2.915087
v -84.740685 -3.532446 -2.498652
v -64.199631 -5.680151 -13.544839
v -76.522560 -5.831353 -5.185171
v -67.325813 -5.799515 -11.595984
v -84.813148 -4.889700 -0.140278
v -55.887112 -4.646942 -18.756502
v -83.311066 -5.629847 -0.165375
v -53.081894 -3.294621 -21.579784
v -57.962238 -4.976367 -17.215532
v -55.737370 -5.231698 -17.446608
v -59.549736 -5.744128 -15.192463
v -50.515869 -3.647692 -21.451763
v -81.028976 -6.416911 0.064241
v -55.990124 -5.737151 -16.010899
v -50.691853 -4.415714 -19.810074
v -83.770287 -5.829514 2.345259
v -84.768524 -5.424059 3.283799
v -85.029930 -5.172832 3.045338
v -85.019493 -3.379967 -2.112968
v -83.663078 0.533565 14.663100
v -84.641418 -0.166536 13.156090
v -83.565689 -0.924112 13.711927
v -84.578125 -1.203089 12.503997
v -81.621765 -0.973442 15.008430
v -81.576431 0.376334 15.955291
v -80.894432 -3.192849 13.466081
v -83.185745 -3.422374 11.459150
v -84.631165 -2.908879 10.533991
v -79.578651 -1.891496 15.284674
v -80.044998 -0.299415 16.265213
v -81.319336 -4.914704 10.884213
v -77.541748 -4.336989 13.860791
v -76.654144 -3.571003 14.976457
v -79.705162 -4.501219 12.558818
v -77.101463 -1.130118 16.804066
v -75.917397 -5.247693 13.416574
v -79.660561 -5.257706 11.453965
v -73.600052 -3.956822 15.353798
v -76.323563 -5.750964 12.418963
v -83.471985 -4.970808 8.613013
v -84.726044 -4.143617 8.558406
v -81.395241 -5.820031 8.787595
v -79.533012 -5.879492 10.082200
v -84.805359 -5.024748 5.942258
v -83.153725 -5.807583 6.287416
v -82.227043 1.483760 16.047667
v -83.707207 -5.907272 4.244905
v -84.768524 -5.424059 3.283799
v -85.029930 -5.172832 3.045338
v -83.432373 1.254116 15.025352
v -59.164856 2.495829 20.905987
v -63.922649 2.873967 20.613420
v -63.250114 1.971760 20.433971
v -68.852470 1.865065 19.784763
v -63.738857 0.533333 19.686462
v -68.280884 0.204352 19.106888
v -73.099670 1.723375 19.155867
v -72.105293 -0.049357 18.552670
v -75.542030 0.291049 18.063322
v -76.803688 1.747005 18.416441
v -55.319614 -0.105849 20.120007
v -56.320698 2.399184 21.197145
v -53.637436 1.681528 21.237885
v -53.679062 3.146403 21.890686
v -50.488407 1.599178 21.353973
v -50.602661 3.272342 22.179871
v -67.688774 -1.514977 18.205000
v -63.461941 -1.584591 18.518496
v -59.648830 -1.436415 18.850157
v -54.702770 -1.490400 19.314575
v -72.114738 -1.671255 17.535025
v -78.400131 1.316624 17.812094
v -50.680496 -0.699681 19.841059
v -74.446899 -2.082947 16.739143
v -70.450539 -3.372887 16.517923
v -64.770851 -3.299102 17.131775
v -46.817211 3.586802 22.061197
v -46.793041 1.980929 21.214960
v -59.715393 -3.298025 17.330742
v -57.746983 3.004835 21.123989
v -46.348965 1.076709 20.519785
v -54.495117 -2.019155 18.872704
v -55.392689 -3.103646 17.792896
v -68.149078 -3.695812 16.449701
v -50.710438 -1.802570 18.871216
v -79.917694 1.820371 17.428101
v -44.042542 3.329375 21.174030
v -47.230030 3.786796 22.109762
v -50.414124 3.777599 22.258377
v -53.962627 3.455519 21.847044
v -70.345421 2.299011 19.547796
v -68.093292 2.453245 19.894762
v -60.303940 2.927210 20.653191
v -76.040939 2.150181 18.499882
v -73.203514 2.247616 19.042917
v -44.970444 3.683333 21.449087
v -82.324615 1.843528 15.915299
v -64.595703 3.040799 20.359404
v -84.677544 -0.681473 11.676316
v -84.780815 -1.980819 9.873482
v -84.868034 -1.097487 11.943899
v -85.066360 -3.456208 8.545546
v -84.641418 -0.166536 13.156090
v -84.725334 -3.054338 8.046183
v -84.616280 -3.711185 6.390567
v -83.871849 1.187495 14.198281
v -84.069672 0.336751 12.788122
v -84.860008 -3.936642 6.245792
v -84.226700 -4.232347 3.767081
v -85.044365 -4.316154 6.796755
v -84.984016 -4.643658 3.940718
v -84.736641 -4.257689 2.955438
v -85.081314 -4.473368 0.132814
v -84.880455 -3.962339 -0.007246
v -85.019493 -3.379967 -2.112968
v -83.663078 0.533565 14.663100
v -83.432373 1.254116 15.025352
v -84.671387 -3.403809 -0.897794
v -84.747879 -2.955389 -2.206617
v -84.603699 -2.147563 -3.670820
v -84.045540 -0.725935 -6.068527
v -83.730911 -0.151340 -6.099401
v -83.109329 0.653978 -7.035011
v -82.788345 0.069159 -7.863930
v -82.380569 1.158938 -8.042712
v -84.083122 -1.134739 -4.701581
v -82.324615 1.843528 15.915299
v -82.105530 1.331642 -7.624546
v -81.036400 1.555199 -8.956367
v -84.340790 -3.998835 0.608278
v -82.883652 0.455143 -6.460248
v -80.897789 1.497813 -8.089307
v -83.481026 -2.834852 -2.337619
v -79.440010 1.586805 -9.024597
v -79.061737 1.576483 -10.158116
v -83.427826 -1.648444 -3.959198
v -76.556030 1.465304 -10.868364
v -77.282562 1.341867 -11.545193
v -74.414558 1.310812 -12.621836
v -82.987823 -3.558541 -1.013231
v -85.029930 -5.172832 3.045338
v -84.805359 -5.024748 5.942258
v -84.813148 -4.889700 -0.140278
v -84.726044 -4.143617 8.558406
v -84.631165 -2.908879 10.533991
v -84.578125 -1.203089 12.503997
v 44.327148 1.958973 6.332025
v 36.529861 0.439160 6.727808
v 56.868793 0.518545 6.224817
v 30.587229 2.139703 6.616805
v 17.066183 0.343329 7.221585
v 57.760300 2.014033 6.034010
v 69.364464 0.468825 5.835352
v 73.992973 2.071983 5.522267
v 63.889206 3.351110 5.614988
v 71.057663 3.346283 5.387300
v 37.513908 3.099095 6.283645
v 57.772289 3.546869 5.741624
v 45.409340 3.128007 6.086969
v 78.094391 2.962162 5.294688
v 12.736529 2.005877 6.966150
v 7.911638 0.340458 7.325274
v 20.167168 3.197942 6.545279
v -1.251733 0.367231 7.282315
v 2.126333 2.928928 6.663363
v -4.591690 2.429102 6.719593
v 11.519201 3.184628 6.607274
v -8.538932 0.335555 7.077898
v -13.637527 1.674115 6.534478
v -16.059050 0.362931 6.652382
v -18.532404 2.107140 5.978246
v -21.770985 1.473808 5.846460
v -22.661802 0.239434 6.102173
v -66.292290 -2.857570 -13.399793
v -70.481125 -0.135004 -13.097172
v -72.379753 -0.470697 -11.555383
v -64.583908 -1.194219 -15.956435
v -68.933342 -3.088677 -11.303754
v -71.815308 -2.781710 -9.535687
v -74.470985 -0.066327 -10.595143
v -73.519547 -1.707224 -9.476877
v -77.501076 -0.318520 -8.306725
v -76.960114 1.153964 -10.163938
v -79.440010 1.586805 -9.024597
v -79.234444 -0.174976 -7.380965
v -80.897789 1.497813 -8.089307
v -64.582153 -3.184065 -14.040772
v -72.531967 -3.127472 -8.415150
v -77.293579 -1.851954 -6.453445
v -75.163933 -2.812058 -6.615903
v -76.556030 1.465304 -10.868364
v -80.552979 -1.627435 -5.046184
v -82.055786 -0.044462 -6.122427
v -62.959045 -3.001450 -14.912981
v -63.745213 -1.192623 -16.313133
v -61.011734 -1.344180 -17.589827
v -60.452415 -0.207556 -18.917343
v -60.413002 -2.967274 -16.166525
v -63.057076 0.176864 -17.844536
v -65.176979 0.369120 -16.746496
v -65.190460 0.733015 -17.195385
v -66.921089 0.846619 -16.066101
v -75.218666 1.049339 -11.052865
v -73.850784 1.032292 -11.833011
v -71.858635 1.005086 -13.025213
v -68.557373 0.938628 -15.083447
v -56.480518 -1.196205 -19.679581
v -58.311550 -0.406332 -19.737553
v -56.139023 -0.582093 -20.454901
v -83.427826 -1.648444 -3.959198
v -70.667976 0.940837 -13.655548
v -69.786980 0.945155 -14.199708
v -60.834263 0.102829 -19.172567
v -76.486115 -3.118357 -4.984760
v -79.987648 -2.945190 -3.471220
v -67.195122 -4.318328 -10.427707
v -69.813446 -4.340595 -8.374841
v -83.481026 -2.834852 -2.337619
v -82.883652 0.455143 -6.460248
v -64.243980 -4.320637 -12.299117
v -62.060116 -3.735483 -14.174050
v -57.982700 -2.875530 -17.023853
v -56.195408 -2.074386 -18.657192
v -73.166847 -4.154347 -5.687980
v -82.105530 1.331642 -7.624546
v -56.216869 -3.011136 -17.314182
v -78.412560 -3.723213 -2.791673
v -75.513260 -4.318638 -3.179126
v -62.058449 -4.337204 -13.088944
v -68.046982 -4.954409 -8.332919
v -53.390518 -1.780356 -19.480511
v -53.561394 -0.739906 -21.077946
v -59.359497 -3.678611 -15.254098
v -79.108200 -4.258446 -1.235182
v -82.987823 -3.558541 -1.013231
v -59.420963 -4.335377 -13.800150
v -64.575821 -4.861330 -10.789409
v -63.082344 0.513792 -18.795815
v -70.389832 -4.947282 -6.050870
v -84.671387 -3.403809 -0.897794
v -50.744133 -1.033918 -20.904398
v -50.919209 -1.865307 -19.573671
v -55.239243 -3.011983 -17.222445
v -82.255577 -4.329019 0.638391
v -72.183098 -4.985682 -4.041924
v -58.302551 -0.156067 -20.500195
v -84.340790 -3.998835 0.608278
v -73.114662 1.231376 -12.888260
v -50.973007 -2.830677 -17.508360
v -56.310982 -4.249841 -14.365517
v -47.729874 -1.142802 -20.648331
v -55.206192 -3.636837 -15.791460
v -74.414558 1.310812 -12.621836
v -70.488808 1.051210 -14.598779
v -46.809246 -1.751558 -19.179918
v -49.199253 -2.944305 -16.633167
v -61.488762 0.286328 -19.445461
v -59.533772 -0.118836 -20.522091
v -67.380157 0.888986 -16.413900
v -72.664818 1.148400 -13.672704
v -68.592667 0.774622 -15.973881
v -64.750084 0.549550 -18.186073
v 82.148865 2.840031 4.798301
v 80.592827 2.999079 5.066290
v 81.782837 0.133536 5.146060
v -33.550190 1.732143 6.657867
v -33.348564 0.382606 6.915740
v -32.367023 1.178943 5.862974
v -32.034584 0.065231 5.920158
v -31.052641 1.180090 5.188663
v -34.805779 1.761158 8.535724
v -34.626064 0.541797 8.692351
v -35.507324 0.829700 10.345726
v -35.947140 1.673699 11.314608
v -36.613873 1.659059 12.990258
vn 0.9401 -0.2234 -0.2574
vn 0.9272 -0.1648 -0.3365
vn 0.5060 0.7179 -0.4782
vn 0.9954 0.0002 -0.0959
vn 0.9874 0.1422 -0.0688
vn 0.9974 0.0391 -0.0601
vn 0.9986 0.0173 -0.0502
vn 0.5016 0.8450 -0.1854
vn 0.9886 0.0801 -0.1278
vn 0.9998 -0.0002 -0.0210
vn 0.9997 -0.0110 -0.0217
vn 0.9977 -0.0439 -0.0511
vn 0.9308 -0.3471 -0.1144
vn 0.5016 0.8640 0.0426
vn 0.9965 0.0710 0.0440
vn 0.9112 -0.4100 0.0408
vn 0.9955 0.0931 0.0173
vn 1.0000 0.0057 0.0076
vn 0.9996 -0.0221 0.0160
vn 0.9546 -0.2909 0.0641
vn 0.8034 -0.5626 0.1948
vn 0.9774 0.1900 0.0927
vn 0.9995 0.0221 0.0205
vn 0.9996 -0.0238 0.0149
vn 0.8170 0.3801 0.4335
vn 0.8098 0.3780 0.4488
vn 0.9852 0.0493 0.1639
vn 0.8501 -0.2111 0.4824
vn 0.9072 0.0561 0.4170
vn 0.8548 0.0267 0.5183
vn 0.8398 -0.1988 0.5051
vn 0.7062 0.0634 -0.7051
vn 0.6505 0.3435 -0.6774
vn 0.6580 -0.2432 -0.7126
vn 0.5538 -0.6204 -0.5553
vn 0.7534 0.4426 -0.4864
vn 0.4890 0.8507 -0.1927
vn 0.6246 -0.7380 -0.2554
vn 0.7149 -0.6957 0.0699
vn 0.5128 0.8343 0.2026
vn 0.7123 -0.6910 0.1229
vn 0.5013 0.7535 0.4253
vn 0.7153 0.4969 0.4914
vn 0.7630 0.3962 0.5107
vn 0.7024 -0.5214 0.4847
vn 0.5818 -0.5988 0.5503
vn 0.7025 0.2878 0.6508
vn 0.7720 0.1560 0.6162
vn 0.7826 0.0347 0.6216
vn 0.7472 -0.1592 0.6452
vn 0.7523 0.0630 0.6558
vn 0.5037 0.3551 -0.7876
vn 0.4025 0.7336 -0.5475
vn 0.3689 0.8331 -0.4121
vn 0.3536 0.9074 -0.2271
vn 0.3802 0.9020 -0.2047
vn 0.4527 0.8882 0.0786
vn 0.3697 0.9289 0.0205
vn 0.4655 0.8749 0.1336
vn 0.6117 -0.7742 0.1626
vn 0.5389 0.6932 0.4785
vn 0.4758 0.6796 0.5584
vn 0.5425 -0.5967 0.5913
vn 0.4173 -0.4836 0.7694
vn 0.5767 0.3139 0.7542
vn 0.5055 0.2892 0.8129
vn 0.5080 0.0646 0.8589
vn 0.4581 -0.2213 0.8609
vn 0.4522 -0.2107 0.8667
vn 0.4278 -0.3227 -0.8443
vn 0.3994 -0.3100 0.8628
vn 0.4848 0.0467 0.8734
vn 0.1341 0.9636 -0.2314
vn 0.0532 0.9983 0.0244
vn 0.2217 -0.7938 0.5663
vn 0.1643 0.7491 0.6418
vn 0.2576 -0.3571 0.8978
vn 0.2124 -0.6868 -0.6952
vn 0.1261 0.7677 -0.6283
vn 0.0537 0.9593 -0.2774
vn 0.1055 0.9359 0.3362
vn 0.1810 0.8629 0.4718
vn 0.1533 0.7591 0.6327
vn 0.2019 -0.6036 0.7713
vn 0.2341 -0.6243 0.7453
vn 0.1867 0.3973 0.8985
vn 0.1949 0.3908 0.8996
vn 0.1789 0.1015 0.9786
vn 0.1177 0.7733 -0.6230
vn 0.1433 0.8853 -0.4423
vn 0.0954 0.9954 0.0064
vn 0.1002 0.9309 0.3512
vn 0.0906 -0.2078 0.9740
vn 0.0788 0.3930 0.9161
vn 0.0899 0.0650 0.9938
vn 0.0603 0.9296 0.3636
vn 0.0531 0.9271 0.3711
vn 0.0611 0.7825 0.6196
vn 0.0486 0.7608 0.6472
vn 0.0741 -0.6367 0.7676
vn 0.0789 -0.6078 0.7901
vn 0.1186 0.4287 0.8956
vn 0.0753 -0.5995 0.7968
vn 0.0788 0.3762 0.9232
vn 0.0878 -0.2125 0.9732
vn 0.0952 -0.2837 0.9542
vn 0.0902 -0.2716 0.9582
vn 0.0924 0.0683 0.9934
vn 0.0093 0.7803 -0.6254
vn 0.0407 0.9567 -0.2881
vn 0.0257 0.9616 -0.2733
vn 0.0532 0.9985 -0.0096
vn 0.0520 0.9986 -0.0088
vn 0.0624 0.7291 0.6816
vn 0.0173 0.9998 -0.0050
vn 0.0411 0.0656 0.9970
vn -0.0024 0.9558 -0.2940
vn 0.0247 -0.5713 0.8204
vn 0.0211 0.9322 0.3614
vn 0.0525 -0.2593 0.9644
vn 0.0323 0.3676 0.9294
vn 0.0431 0.0701 0.9966
vn -0.0320 0.7741 -0.6323
vn 0.0086 0.9999 -0.0136
vn -0.0417 0.4120 -0.9102
vn -0.0415 0.8368 -0.5459
vn 0.0336 -0.1696 0.9849
vn 0.0149 0.4754 0.8796
vn 0.0268 -0.5699 0.8213
vn 0.0214 0.1539 0.9878
vn -0.0102 0.9588 -0.2839
vn -0.0110 0.9619 -0.2732
vn 0.0089 0.7034 0.7108
vn 0.0125 0.7157 0.6983
vn 0.0136 0.7472 0.6645
vn 0.0109 0.7576 0.6526
vn 0.0123 0.4334 0.9011
vn 0.0320 -0.1714 0.9847
vn 0.0028 0.9458 0.3249
vn 0.0276 -0.3477 0.9372
vn 0.0314 0.1765 0.9838
vn 0.0121 -0.7364 0.6764
vn -0.0234 0.8159 -0.5778
vn 0.0001 0.9692 0.2462
vn 0.0254 -0.3661 0.9302
vn 0.0179 -0.5205 0.8537
vn -0.0133 0.9544 -0.2982
vn 0.0310 0.1047 0.9940
vn 0.0066 0.9504 0.3111
vn 0.0229 -0.4669 0.8840
vn -0.0385 0.1188 -0.9922
vn -0.0000 0.9815 0.1916
vn 0.0303 0.4559 0.8895
vn -0.0036 1.0000 0.0049
vn 0.0287 0.4490 0.8931
vn 0.0305 0.1691 0.9851
vn 0.0315 -0.5855 0.8100
vn -0.0239 0.7710 -0.6364
vn 0.0209 0.7559 0.6543
vn 0.0228 0.7700 0.6376
vn 0.0314 0.1081 0.9936
vn 0.0142 -0.4709 0.8821
vn 0.0311 -0.1693 0.9851
vn -0.0241 0.7729 -0.6340
vn -0.0227 0.8186 -0.5739
vn 0.0377 -0.5048 0.8624
vn -0.0081 0.9999 -0.0150
vn 0.0301 -0.1627 0.9862
vn -0.0061 0.9495 0.3137
vn 0.0330 0.4552 0.8898
vn 0.0377 -0.3606 0.9320
vn -0.0213 0.9580 -0.2860
vn 0.0022 0.7855 0.6189
vn 0.0263 0.1871 0.9820
vn 0.0029 0.9560 0.2934
vn -0.0314 0.8437 -0.5359
vn -0.0015 0.7817 0.6236
vn 0.0068 0.7560 0.6545
vn 0.0158 -0.5369 0.8435
vn 0.0273 -0.2107 0.9772
vn 0.0336 -0.3383 0.9404
vn -0.0206 0.9583 -0.2849
vn -0.0201 0.9583 -0.2851
vn 0.0227 -0.4334 0.9009
vn -0.0275 0.9995 -0.0127
vn 0.0206 -0.5466 0.8371
vn 0.0072 0.4780 0.8783
vn 0.0211 0.1872 0.9821
vn 0.0014 0.7891 0.6142
vn 0.0123 0.4949 0.8688
vn -0.0334 0.9992 -0.0227
vn -0.0318 0.9589 0.2819
vn -0.0099 0.9672 0.2538
vn -0.0284 0.8367 0.5469
vn 0.0096 0.4514 0.8923
vn 0.0216 0.1139 0.9933
vn -0.0285 0.8443 -0.5351
vn -0.0329 0.8948 -0.4452
vn -0.0186 0.9995 -0.0273
vn 0.0267 -0.1614 0.9865
vn -0.0070 0.8828 0.4697
vn -0.0033 0.7951 0.6064
vn -0.0205 0.9965 0.0812
vn -0.0133 0.9680 0.2507
vn 0.0210 0.1864 0.9822
vn 0.0273 -0.1584 0.9870
vn -0.0227 0.9506 -0.3095
vn 0.0280 -0.2127 0.9767
vn -0.0314 0.4644 -0.8850
vn -0.0339 0.8119 -0.5828
vn -0.0276 0.4730 -0.8806
vn -0.0054 0.9758 0.2188
vn 0.0082 -0.8029 0.5960
vn -0.0152 0.9068 0.4212
vn 0.0234 -0.3361 0.9415
vn 0.0039 0.8100 0.5864
vn 0.0266 -0.1925 0.9809
vn -0.0170 0.9996 -0.0240
vn 0.0160 -0.8301 0.5574
vn 0.0224 -0.5517 0.8337
vn 0.0240 0.1350 0.9906
vn 0.0249 -0.0599 0.9979
vn 0.0156 -0.6886 0.7250
vn 0.0070 0.5042 0.8636
vn -0.0437 0.1381 -0.9895
vn -0.0196 0.9510 -0.3085
vn -0.0393 0.1577 -0.9867
vn -0.0564 0.4873 -0.8714
vn -0.0145 0.9431 -0.3323
vn 0.0206 0.4475 0.8941
vn 0.0239 -0.1352 0.9905
vn 0.0106 0.8078 0.5893
vn -0.0074 0.9832 0.1825
vn -0.0007 0.9091 0.4167
vn 0.0153 0.5243 0.8514
vn -0.0449 0.8132 -0.5802
vn -0.0277 0.8956 -0.4440
vn -0.0104 0.9995 -0.0287
vn -0.0011 0.9757 0.2189
vn 0.0118 -0.9334 0.3587
vn 0.0112 0.5010 0.8654
vn 0.0238 0.1840 0.9826
vn -0.0066 0.9200 0.3919
vn -0.0284 0.9140 -0.4047
vn -0.0101 0.9995 -0.0299
vn 0.0304 -0.1748 0.9841
vn 0.0270 -0.3482 0.9370
vn 0.0006 0.8268 0.5624
vn 0.0170 0.5041 0.8635
vn -0.0076 0.9827 0.1853
vn -0.0460 0.2225 -0.9738
vn 0.0227 0.1776 0.9838
vn 0.0224 0.1428 0.9895
vn -0.0441 0.9985 -0.0322
vn 0.0158 -0.6892 0.7244
vn 0.0188 -0.4283 0.9034
vn -0.0272 0.9977 -0.0618
vn -0.0078 0.5562 0.8310
vn -0.0177 0.9201 0.3913
vn -0.0126 0.8235 0.5672
vn -0.0375 0.9833 0.1780
vn -0.0341 0.9162 -0.3992
vn -0.0387 0.9422 -0.3329
vn 0.0504 -0.5935 0.8032
vn 0.0299 -0.1341 0.9905
vn 0.0356 -0.1978 0.9796
vn -0.0497 0.7856 -0.6167
vn -0.0118 0.8224 0.5688
vn 0.0107 -0.6388 0.7693
vn -0.0345 0.9406 -0.3378
vn -0.0201 0.9915 0.1285
vn 0.0206 -0.4258 0.9046
vn 0.0146 -0.4513 0.8923
vn -0.0342 0.9971 -0.0675
vn -0.0135 0.9296 0.3684
vn 0.0243 0.1496 0.9885
vn -0.0314 0.8123 -0.5824
vn -0.0314 0.7755 -0.6306
vn -0.0360 0.7966 -0.6034
vn -0.0311 0.9432 -0.3309
vn -0.0283 0.9962 -0.0829
vn -0.0280 0.9934 0.1114
vn 0.0118 0.5582 0.8296
vn 0.0077 0.8493 0.5279
vn 0.0087 -0.4585 0.8886
vn 0.0245 -0.1144 0.9931
vn 0.0160 0.2231 0.9747
vn 0.0023 0.6360 0.7717
vn 0.0114 0.5512 0.8343
vn 0.0159 0.4936 0.8696
vn -0.0526 0.3802 -0.9234
vn 0.0258 -0.1247 0.9919
vn -0.0441 0.8042 -0.5927
vn 0.0177 0.1967 0.9803
vn 0.0182 -0.2454 0.9693
vn -0.0462 0.7895 -0.6120
vn -0.0444 0.9421 -0.3324
vn -0.0050 0.6578 0.7532
vn -0.0543 0.9313 -0.3601
vn -0.0467 0.9952 -0.0863
vn 0.0173 0.2355 0.9717
vn -0.0113 0.8678 0.4968
vn -0.0161 0.9295 0.3685
vn -0.0350 0.8238 -0.5658
vn -0.0256 0.9459 0.3236
vn 0.0026 0.6656 0.7463
vn 0.0053 0.5321 0.8467
vn -0.0339 0.9305 -0.3647
vn -0.0125 -0.9562 0.2925
vn -0.0312 0.9930 0.1138
vn -0.0108 0.8687 0.4952
vn -0.0099 0.8836 0.4680
vn -0.0309 0.2116 -0.9769
vn 0.0073 -0.5434 0.8394
vn 0.0064 0.2973 0.9548
vn 0.0111 0.1800 0.9836
vn 0.0113 -0.1376 0.9904
vn -0.0380 0.9934 -0.1082
vn 0.0138 -0.1248 0.9921
vn 0.0140 -0.2224 0.9749
vn -0.0312 0.9285 -0.3701
vn -0.0285 0.5440 -0.8386
vn -0.0499 0.7089 0.7035
vn -0.0132 0.6110 0.7915
vn -0.0020 -0.3699 0.9291
vn -0.0046 -0.5163 0.8564
vn -0.0374 0.9959 0.0820
vn -0.0286 0.9010 0.4328
vn -0.0318 0.7679 -0.6398
vn -0.0295 0.7970 -0.6033
vn -0.0446 0.9946 0.0942
vn -0.0321 0.9416 0.3351
vn -0.0113 0.5680 0.8229
vn -0.0022 0.2892 0.9573
vn -0.0349 0.9981 0.0509
vn -0.0357 0.9258 -0.3762
vn -0.0471 0.9940 -0.0986
vn -0.0379 0.9513 0.3058
vn -0.0439 0.9952 -0.0873
vn -0.0285 0.9019 0.4311
vn -0.0050 -0.1265 0.9920
vn -0.0040 -0.1308 0.9914
vn -0.0207 0.7454 0.6663
vn -0.0107 0.5724 0.8199
vn -0.0065 0.2430 0.9700
vn -0.0039 0.2216 0.9751
vn -0.0066 -0.3168 0.9485
vn -0.0213 0.7412 0.6710
vn -0.0209 0.6583 0.7525
vn -0.0438 0.9350 -0.3519
vn -0.0562 0.9954 0.0775
vn -0.0534 0.9598 0.2754
vn -0.0103 0.2477 0.9688
vn -0.0488 0.7854 0.6171
vn -0.0253 0.6457 0.7632
vn -0.0264 0.5875 0.8088
vn -0.0634 0.8601 0.5062
vn -0.0671 0.9940 -0.0863
vn -0.0324 0.5654 0.8242
vn -0.0315 0.5198 0.8537
vn -0.0185 -0.3817 0.9241
vn -0.0586 0.9343 -0.3517
vn -0.0643 0.9425 -0.3281
vn -0.0680 0.9963 0.0527
vn -0.0656 0.9550 0.2894
vn -0.0568 0.8125 -0.5802
vn -0.0686 0.9945 -0.0796
vn -0.0605 0.8553 0.5145
vn -0.0224 -0.5140 0.8575
vn -0.0514 0.7256 0.6862
vn -0.0228 -0.5118 0.8588
vn -0.0465 0.8606 -0.5071
vn -0.0283 0.2202 0.9750
vn -0.0217 -0.1319 0.9910
vn -0.0283 -0.1965 0.9801
vn -0.0735 0.9423 -0.3266
vn -0.0697 0.9572 0.2808
vn -0.0267 -0.9662 0.2565
vn -0.0274 -0.1093 0.9936
vn -0.0449 0.7318 0.6800
vn -0.0540 0.6996 -0.7125
vn -0.0716 0.9957 0.0586
vn -0.0728 0.9946 -0.0746
vn -0.0783 0.9959 0.0462
vn -0.0818 0.8508 0.5191
vn -0.0760 0.8470 0.5261
vn -0.0523 0.6184 0.7841
vn -0.0390 -0.5075 0.8608
vn -0.0432 -0.1284 0.9908
vn -0.0454 0.3108 0.9494
vn -0.0433 -0.2043 0.9779
vn -0.0831 0.7891 -0.6086
vn -0.0873 0.9495 0.3013
vn -0.0265 -0.6924 0.7210
vn -0.0400 0.2413 0.9696
vn -0.0498 -0.2473 0.9677
vn -0.0762 0.8492 -0.5226
vn -0.0860 0.9919 -0.0938
vn -0.0775 0.8537 0.5150
vn -0.0462 0.6204 0.7830
vn -0.0919 0.9313 -0.3526
vn -0.0437 0.1608 -0.9860
vn -0.0744 0.7856 -0.6142
vn -0.0190 -0.9682 0.2495
vn -0.0748 0.6828 0.7268
vn -0.0548 0.1893 0.9804
vn -0.0566 -0.0895 0.9944
vn -0.0802 0.9306 -0.3570
vn -0.1152 0.9895 -0.0870
vn -0.1014 0.9927 0.0646
vn -0.0988 0.9531 0.2860
vn -0.0881 0.8251 0.5581
vn -0.0690 0.5512 0.8315
vn -0.0661 0.4171 0.9065
vn -0.1022 0.9886 -0.1105
vn -0.0809 0.6172 0.7826
vn -0.0506 -0.4625 0.8852
vn -0.1016 0.9928 0.0638
vn -0.0919 0.9617 0.2583
vn -0.0877 0.8252 0.5580
vn -0.0631 -0.1072 0.9922
vn -0.0627 -0.2707 0.9606
vn -0.0631 -0.5639 0.8235
vn -0.0616 -0.2591 0.9639
vn -0.0597 -0.3944 0.9170
vn -0.0885 0.7217 -0.6865
vn -0.0988 0.9259 -0.3647
vn -0.0913 0.9216 -0.3772
vn -0.0274 -0.9974 0.0660
vn -0.1054 0.9876 -0.1160
vn -0.1145 0.9531 0.2803
vn -0.1166 0.8459 0.5205
vn -0.0876 0.2486 0.9646
vn -0.1283 0.7216 0.6803
vn -0.1132 0.6531 0.7487
vn -0.1388 0.9835 -0.1157
vn -0.1283 0.4751 0.8705
vn -0.0863 -0.5079 0.8571
vn -0.0878 0.2483 0.9647
vn -0.0850 0.2606 0.9617
vn -0.0823 -0.0368 0.9959
vn -0.1459 0.9814 -0.1246
vn -0.1549 0.9536 0.2581
vn -0.1588 0.8197 0.5503
vn -0.0898 -0.7966 0.5977
vn -0.1328 0.7283 0.6722
vn -0.1443 0.9073 -0.3950
vn -0.1566 0.9852 0.0695
vn -0.1563 0.9852 0.0700
vn -0.1833 0.9397 0.2887
vn -0.1512 0.8141 0.5606
vn -0.1341 -0.1252 0.9830
vn -0.1236 -0.2096 0.9699
vn -0.3600 0.7293 -0.5818
vn -0.3242 0.8709 -0.3693
vn -0.3308 0.8701 -0.3654
vn -0.3248 0.9386 -0.1167
vn -0.3066 0.9436 -0.1249
vn -0.2852 0.9565 0.0612
vn -0.2725 0.9605 0.0558
vn -0.2632 0.9263 0.2696
vn -0.1561 0.4538 0.8773
vn -0.1821 0.3243 0.9282
vn -0.1814 0.3233 0.9288
vn -0.1086 -0.5168 0.8492
vn -0.2364 0.9372 0.2565
vn -0.1877 0.8144 0.5491
vn -0.1263 -0.1295 0.9835
vn -0.1457 0.9822 -0.1186
vn -0.0991 0.3154 0.9438
vn -0.1135 -0.1840 0.9763
vn -0.1031 -0.5295 0.8420
vn -0.1255 0.9151 -0.3832
vn -0.1420 0.9855 0.0926
vn -0.1390 0.9822 -0.1261
vn -0.1318 -0.9786 0.1578
vn -0.0904 -0.6139 0.7842
vn -0.0871 0.3567 0.9302
vn -0.1266 0.8371 0.5323
vn -0.1359 0.8449 0.5173
vn -0.0985 0.6155 0.7820
vn -0.1229 0.4351 0.8920
vn -0.0450 0.9041 -0.4248
vn -0.1232 0.9901 0.0670
vn -0.1239 0.9457 0.3004
vn -0.1339 0.9501 0.2819
vn -0.1267 -0.9125 0.3890
vn -0.1182 -0.7718 0.6247
vn -0.0994 0.0428 0.9941
vn -0.0727 -0.1171 0.9905
vn -0.0840 -0.3237 0.9424
vn -0.0956 -0.4854 0.8691
vn -0.0898 0.9288 -0.3594
vn -0.0630 0.8571 0.5113
vn -0.0843 0.9902 0.1114
vn -0.0398 0.4361 0.8990
vn -0.0768 0.3439 0.9359
vn -0.0457 0.9031 -0.4270
vn -0.0478 0.9638 0.2622
vn -0.0599 0.8555 0.5143
vn -0.0268 -0.2322 0.9723
vn -0.0661 -0.5771 0.8140
vn -0.0662 0.9451 -0.3201
vn -0.0911 0.9897 -0.1101
vn 0.0295 0.4302 0.9023
vn 0.0500 -0.0962 0.9941
vn -0.0154 -0.2591 0.9657
vn 0.0785 0.8985 0.4319
vn 0.0396 0.5029 0.8634
vn 0.0916 0.3735 0.9231
vn -0.0433 0.9972 0.0615
vn -0.0315 0.9607 0.2760
vn -0.0088 -0.5369 0.8436
vn 0.2882 0.3348 0.8971
vn 0.1324 -0.2061 0.9695
vn 0.1368 0.9407 -0.3103
vn 0.1579 0.9347 -0.3183
vn 0.0033 0.9962 -0.0873
vn 0.0562 0.9915 -0.1177
vn 0.0410 0.9800 0.1945
vn 0.0475 0.9075 0.4174
vn 0.0299 -0.6511 0.7584
vn 0.3540 0.6301 0.6911
vn 0.4490 0.1790 0.8754
vn 0.2949 -0.3583 0.8858
vn 0.5655 0.4388 -0.6983
vn 0.5867 -0.0936 -0.8044
vn 0.6460 -0.0365 -0.7625
vn 0.1274 0.7404 -0.6600
vn -0.0432 0.9972 0.0616
vn 0.2097 0.9359 0.2829
vn 0.4269 0.5613 0.7090
vn 0.6224 0.2243 0.7499
vn 0.4947 -0.3892 0.7770
vn 0.5951 0.5869 -0.5490
vn 0.3774 0.6267 -0.6817
vn 0.2965 0.8184 -0.4923
vn -0.0949 0.9921 0.0822
vn -0.1203 0.9862 0.1133
vn -0.0849 0.9786 0.1875
vn 0.6041 0.6684 0.4340
vn 0.6155 0.2357 0.7521
vn 0.6680 0.2183 -0.7114
vn 0.7745 -0.0348 -0.6317
vn 0.4366 0.8305 -0.3459
vn 0.2780 0.9287 -0.2454
vn 0.2797 0.9598 0.0233
vn -0.0852 0.9785 0.1879
vn -0.0569 0.9650 0.2561
vn 0.0656 0.9966 0.0504
vn 0.2366 0.9264 0.2929
vn 0.6950 -0.4372 0.5708
vn 0.8133 0.2142 -0.5410
vn 0.8407 -0.0543 -0.5388
vn 0.6203 0.5663 -0.5427
vn 0.4083 0.7971 -0.4449
vn 0.3202 0.9330 -0.1643
vn 0.3541 0.9348 -0.0287
vn 0.2829 0.9305 0.2327
vn 0.1280 0.9851 0.1150
vn 0.3201 0.9261 0.1998
vn 0.8050 0.1908 0.5618
vn 0.8117 0.2243 0.5393
vn 0.6652 -0.5301 0.5258
vn 0.8850 0.0366 -0.4642
vn 0.5319 -0.8388 -0.1162
vn 0.8143 0.3932 -0.4270
vn 0.3503 0.7964 -0.4929
vn 0.2000 0.8307 -0.5196
vn -0.0018 0.9691 -0.2465
vn 0.0500 0.9587 -0.2800
vn 0.4411 0.8630 0.2463
vn 0.0845 0.9629 0.2564
vn 0.0351 0.9968 0.0720
vn 0.0085 1.0000 0.0013
vn 0.4587 -0.6683 0.5856
vn 0.2911 0.9378 0.1891
vn 0.8802 0.1858 0.4368
vn 0.9236 0.0442 0.3807
vn 0.8766 0.0547 -0.4782
vn 0.3763 0.7815 -0.4977
vn 0.0974 0.8517 -0.5148
vn -0.0620 0.8936 -0.4447
vn -0.5679 0.8115 -0.1380
vn -0.5700 0.8096 -0.1402
vn 0.4405 0.8889 0.1262
vn 0.2917 0.9256 0.2412
vn 0.2983 0.9197 0.2554
vn 0.1006 0.9895 0.1034
vn 0.5933 -0.7202 0.3597
vn 0.6681 -0.5270 0.5253
vn 0.2720 0.9536 0.1289
vn 0.3141 0.9361 0.1585
vn 0.7960 -0.3597 0.4869
vn 0.8993 0.0021 -0.4374
vn 0.2618 0.9361 -0.2348
vn 0.9165 0.0425 -0.3978
vn 0.0225 0.9807 -0.1942
vn 0.4999 0.7393 -0.4511
vn -0.0108 0.8643 -0.5029
vn -0.0607 0.8471 -0.5280
vn -0.0089 0.8200 -0.5724
vn -0.6910 0.7009 -0.1771
vn -0.1168 0.9914 -0.0585
vn 0.4578 0.8567 0.2375
vn 0.4942 0.8037 0.3313
vn -0.0227 0.9994 0.0245
vn 0.3991 0.9105 0.1081
vn 0.5754 0.7831 0.2358
vn 0.9274 0.0591 0.3695
vn 0.7857 -0.4148 0.4589
vn -0.6034 0.7858 -0.1356
vn -0.5530 0.7780 -0.2981
vn -0.6440 0.7643 0.0323
vn -0.6672 0.7434 0.0457
vn -0.3822 0.7647 -0.5188
vn 0.5981 0.7610 0.2514
vn 0.4742 0.8501 0.2290
vn 0.2521 0.9643 0.0814
vn 0.2240 0.9746 -0.0083
vn 0.1233 0.9916 0.0381
vn 0.6112 -0.7083 0.3533
vn 0.1239 0.9922 0.0150
vn 0.6583 -0.6475 0.3838
vn 0.7815 -0.4187 0.4626
vn 0.5752 0.7838 0.2339
vn 0.2684 0.9369 -0.2238
vn -0.1455 0.9868 -0.0712
vn -0.1434 0.9862 -0.0833
vn -0.7915 0.5891 0.1631
vn -0.6254 0.7468 0.2263
vn -0.7594 0.5578 -0.3348
vn -0.6238 0.7334 -0.2702
vn 0.5958 0.7604 0.2583
vn 0.4699 0.8821 0.0341
vn 0.4829 0.8717 0.0838
vn 0.2548 0.9669 -0.0137
vn 0.8114 0.1373 -0.5681
vn 0.6136 0.5735 -0.5427
vn 0.8237 -0.1103 -0.5561
vn -0.0570 0.9954 -0.0768
vn -0.5644 0.8064 0.1765
vn -0.5605 0.8074 0.1840
vn -0.5705 0.7866 0.2362
vn -0.2386 0.9660 0.0996
vn -0.2556 0.9665 0.0239
vn -0.3266 0.7518 -0.5729
vn -0.3249 0.7775 -0.5385
vn -0.6126 0.7347 -0.2914
vn 0.2393 0.9672 0.0853
vn 0.6816 0.7013 0.2086
vn 0.6783 0.7273 0.1043
vn 0.4646 0.8806 0.0932
vn 0.2507 0.9680 -0.0099
vn 0.2852 0.9568 0.0568
vn 0.4251 0.8844 0.1928
vn 0.3474 0.9376 0.0172
vn 0.7691 0.4130 0.4877
vn 0.7121 -0.4216 0.5614
vn 0.6933 -0.4416 0.5695
vn 0.7683 -0.0015 -0.6400
vn 0.7893 -0.1085 -0.6044
vn 0.0680 0.9931 -0.0953
vn 0.0429 0.9985 -0.0336
vn -0.3983 0.8562 0.3290
vn -0.4213 0.8857 0.1948
vn -0.4620 0.8479 0.2600
vn -0.3945 0.8950 0.2082
vn -0.7237 0.5913 -0.3558
vn -0.7266 0.5899 -0.3523
vn -0.6813 0.6820 -0.2659
vn -0.6935 0.6648 -0.2777
vn 0.6520 0.7490 0.1180
vn 0.2445 0.9684 0.0501
vn 0.6551 0.7444 0.1295
vn 0.6046 0.7810 0.1566
vn 0.6088 0.5782 -0.5433
vn -0.3536 0.9147 0.1956
vn -0.3601 0.8810 0.3070
vn -0.3854 0.8928 0.2333
vn -0.1957 0.9727 0.1247
vn -0.1966 0.9746 0.1073
vn -0.2078 0.9777 -0.0311
vn -0.1838 0.9425 -0.2791
vn -0.5235 0.5594 -0.6427
vn 0.4042 0.9125 0.0622
vn 0.5251 0.8463 0.0900
vn 0.3832 0.9237 -0.0022
vn 0.5277 0.8054 0.2699
vn 0.7121 -0.3354 0.6167
vn 0.7133 0.0030 -0.7009
vn -0.1302 0.9877 0.0863
vn 0.0846 0.9942 -0.0659
vn -0.2730 0.9248 0.2651
vn -0.1290 0.9911 0.0316
vn -0.6402 0.6845 -0.3486
vn -0.8002 0.5814 -0.1471
vn 0.5608 0.7978 0.2212
vn 0.4982 0.8500 0.1713
vn 0.5023 -0.7121 0.4905
vn 0.4037 0.9054 0.1310
vn 0.5201 0.6174 -0.5902
vn 0.6833 0.0218 -0.7298
vn 0.4765 0.7447 -0.4672
vn -0.3106 0.9322 0.1860
vn -0.2026 0.9268 0.3163
vn -0.2124 0.9503 0.2276
vn -0.1462 0.9867 0.0706
vn -0.4008 0.7715 -0.4942
vn 0.4244 -0.7937 0.4358
vn 0.3555 0.9119 0.2049
vn 0.4661 -0.7341 0.4938
vn 0.5523 0.7241 0.4131
vn 0.5259 -0.3435 0.7781
vn -0.1511 0.9744 0.1666
vn -0.2376 0.9308 -0.2778
vn -0.2384 0.9323 -0.2721
vn -0.6334 0.6875 -0.3552
vn -0.5623 0.7990 -0.2132
vn -0.6476 0.7567 -0.0897
vn -0.8529 0.4856 -0.1917
vn -0.7074 0.6227 -0.3344
vn 0.3313 0.9364 0.1159
vn 0.4448 -0.6814 0.5813
vn 0.5170 -0.4869 0.7040
vn 0.5075 -0.4639 0.7261
vn 0.0344 0.9962 -0.0798
vn 0.4991 0.6152 -0.6102
vn 0.0466 0.9963 0.0728
vn -0.0945 0.9954 0.0158
vn -0.1066 0.9915 -0.0746
vn -0.6581 0.7104 -0.2494
vn -0.5459 0.7780 -0.3111
vn 0.3109 -0.9491 0.0501
vn -0.7452 0.6569 -0.1144
vn 0.3537 0.9249 0.1396
vn 0.2957 0.9454 0.1371
vn 0.4626 0.4236 -0.7788
vn -0.2231 0.9342 0.2784
vn -0.2208 0.9201 0.3234
vn -0.1638 0.9718 0.1696
vn -0.4792 0.8766 -0.0431
vn -0.4610 0.8864 0.0422
vn -0.3659 0.9251 -0.1020
vn -0.3733 0.9012 -0.2201
vn -0.5172 0.8249 -0.2280
vn -0.6816 0.6761 -0.2798
vn -0.6009 0.6824 -0.4163
vn -0.1975 0.9668 -0.1619
vn 0.4649 -0.3107 0.8290
vn 0.0522 0.9978 -0.0404
vn 0.0576 0.9951 -0.0800
vn -0.1437 0.9124 0.3833
vn -0.1119 0.9913 0.0693
vn -0.1483 0.9884 -0.0340
vn -0.3806 0.9174 -0.1162
vn -0.4707 0.8583 -0.2043
vn -0.5731 0.8086 -0.1332
vn -0.2078 0.9378 -0.2780
vn -0.5276 0.7631 -0.3732
vn -0.6341 0.6280 -0.4512
vn -0.5532 0.6663 -0.5000
vn -0.0357 0.9954 -0.0894
vn 0.2759 -0.6303 0.7257
vn 0.2909 -0.5586 0.7767
vn 0.3911 0.8011 0.4530
vn 0.4345 0.6812 0.5892
vn 0.3625 0.1780 -0.9148
vn 0.3598 -0.6620 -0.6575
vn -0.1788 0.9458 0.2709
vn -0.1835 0.9534 0.2396
vn -0.3426 0.9324 -0.1148
vn -0.5307 0.8400 -0.1130
vn -0.5754 0.8053 -0.1427
vn -0.5119 0.7813 -0.3571
vn -0.3341 0.9081 -0.2523
vn -0.3527 0.8501 -0.3909
vn -0.2033 0.9664 -0.1573
vn -0.1700 0.9648 -0.2005
vn -0.2874 0.8952 -0.3407
vn 0.3384 -0.7946 0.5041
vn -0.5002 0.6821 -0.5334
vn 0.2825 -0.5228 0.8043
vn -0.1454 0.9546 0.2602
vn -0.1570 0.9098 0.3843
vn -0.1726 0.9710 0.1656
vn 0.1104 -0.9938 0.0159
vn -0.4381 0.6436 -0.6275
vn 0.0154 0.9880 -0.1536
vn 0.1811 0.9685 0.1708
vn 0.2599 -0.5051 0.8230
vn 0.3101 0.0765 0.9476
vn 0.2337 -0.4505 0.8616
vn -0.0688 0.9592 0.2741
vn -0.1738 0.9585 0.2262
vn -0.1135 0.9877 0.1075
vn -0.0964 0.9952 0.0141
vn -0.2114 0.9763 -0.0464
vn -0.1963 0.9804 -0.0160
vn -0.3962 0.9168 -0.0499
vn -0.4686 0.8752 -0.1202
vn -0.4758 0.7855 -0.3958
vn -0.2975 0.7996 -0.5216
vn -0.2055 0.9571 -0.2043
vn -0.2907 0.8991 -0.3273
vn -0.4233 0.7688 -0.4794
vn -0.4323 0.7417 -0.5129
vn 0.2380 -0.7412 0.6277
vn 0.2603 -0.6393 0.7236
vn 0.2533 0.4343 -0.8644
vn 0.1462 -0.4212 -0.8951
vn 0.0104 0.9982 -0.0593
vn -0.0656 0.9424 0.3279
vn -0.1339 0.8829 0.4500
vn -0.1281 0.9389 0.3195
vn -0.1377 0.9449 0.2969
vn -0.0961 0.9952 0.0212
vn -0.1002 0.9947 0.0223
vn -0.2154 0.9765 -0.0005
vn -0.4532 0.8081 -0.3764
vn -0.2988 0.8906 -0.3429
vn 0.1618 0.9208 0.3549
vn 0.2773 0.3556 0.8926
vn 0.1664 0.8873 0.4301
vn -0.4059 0.8182 -0.4072
vn -0.0949 0.7924 -0.6026
vn -0.1455 0.9594 0.2415
vn -0.1328 0.9829 0.1275
vn -0.3707 0.8354 -0.4058
vn -0.2065 0.9570 -0.2037
vn 0.0903 -0.5788 0.8105
vn 0.0811 -0.4637 0.8823
vn 0.0224 0.9933 -0.1137
vn 0.0107 0.9801 0.1981
vn 0.0102 0.9579 0.2870
vn -0.0650 0.9067 0.4167
vn -0.1304 0.9527 0.2744
vn -0.0979 0.9951 0.0111
vn -0.0804 0.9966 0.0181
vn -0.2382 0.9320 -0.2731
vn 0.1341 -0.6564 0.7424
vn 0.1363 -0.6258 0.7680
vn 0.0291 0.7430 0.6687
vn 0.0434 -0.1502 0.9877
vn -0.0616 0.9248 0.3754
vn -0.1350 0.9821 0.1313
vn -0.1281 0.9893 0.0700
vn -0.0952 0.9954 0.0133
vn -0.1299 0.9669 -0.2197
vn -0.2289 0.8537 -0.4677
vn -0.2011 0.9496 -0.2406
vn 0.0464 -0.1703 0.9843
vn 0.0125 0.9657 -0.2595
vn -0.0142 0.8488 0.5285
vn -0.1354 0.9528 0.2717
vn -0.0965 0.9953 -0.0045
vn -0.2018 0.8645 -0.4603
vn -0.1795 0.9188 -0.3517
vn 0.0970 -0.5528 0.8276
vn -0.0472 0.9978 0.0456
vn 0.0645 -0.4382 0.8966
vn -0.1476 0.8975 0.4156
vn -0.1055 0.9362 0.3354
vn -0.1590 0.9784 0.1322
vn -0.0952 0.9953 0.0199
vn 0.1745 -0.9362 0.3050
vn -0.0667 0.9536 0.2935
vn -0.0663 0.9503 0.3043
vn 0.0263 0.9981 -0.0564
vn 0.0595 0.8645 0.4990
vn -0.1446 0.9732 -0.1788
vn -0.1434 0.9322 -0.3322
vn -0.1763 0.8483 -0.4992
vn -0.1506 0.7173 -0.6803
vn -0.1901 0.7561 -0.6262
vn -0.0890 0.9949 0.0477
vn -0.2141 0.9397 -0.2665
vn -0.1021 0.9701 -0.2200
vn -0.0917 0.9497 -0.2995
vn -0.0945 0.9414 -0.3238
vn 0.0381 -0.6605 0.7499
vn -0.0013 -0.5497 0.8354
vn -0.0443 -0.4077 0.9120
vn -0.1452 0.6698 0.7282
vn -0.0956 0.0526 0.9940
vn -0.1041 -0.1146 0.9879
vn -0.0657 -0.4453 0.8930
vn 0.0543 0.8393 0.5409
vn 0.0491 0.8441 0.5339
vn -0.0055 0.8798 0.4753
vn 0.0471 0.9044 0.4240
vn -0.0816 0.9604 0.2665
vn -0.0743 0.9463 0.3146
vn -0.0976 0.9948 0.0299
vn -0.0905 0.9957 0.0216
vn -0.0935 0.9956 -0.0042
vn -0.1483 0.8766 -0.4578
vn -0.0986 0.9727 -0.2100
vn 0.0881 -0.9076 0.4105
vn 0.0239 -0.6355 0.7717
vn -0.0450 -0.5069 0.8608
vn -0.1620 0.9776 0.1345
vn -0.0121 0.9163 0.4004
vn -0.0422 0.9404 0.3375
vn -0.0954 0.9917 0.0868
vn -0.0899 0.9957 0.0199
vn -0.0874 0.9959 0.0230
vn -0.1088 0.9939 -0.0160
vn -0.0131 0.7524 -0.6586
vn -0.0271 -0.5116 0.8588
vn -0.0426 0.9435 0.3287
vn -0.1087 0.9939 0.0175
vn -0.2009 0.9086 -0.3663
vn 0.0988 0.9816 -0.1633
vn 0.0897 0.9886 0.1206
vn 0.1776 0.8332 0.5237
vn 0.0621 0.8539 0.5166
vn -0.0731 0.9895 0.1246
vn -0.0912 0.9953 0.0326
vn -0.1164 0.9931 -0.0099
vn -0.2736 0.7797 -0.5632
vn -0.1201 0.9641 -0.2370
vn -0.1908 0.9617 0.1967
vn 0.1017 0.7575 0.6448
vn -0.1147 0.9418 0.3160
vn -0.1693 0.8715 -0.4603
vn -0.1731 0.8917 -0.4181
vn -0.1463 0.9733 0.1770
vn -0.1226 -0.4069 0.9052
vn -0.0391 0.8428 -0.5368
vn 0.1047 0.7686 0.6311
vn -0.0528 0.8194 0.5707
vn -0.0368 0.9155 0.4006
vn -0.0122 0.9220 0.3869
vn 0.1246 -0.9859 0.1121
vn -0.1410 0.9838 -0.1108
vn -0.2393 0.8465 -0.4755
vn 0.0947 0.8753 -0.4743
vn -0.1299 -0.4350 0.8910
vn -0.1841 -0.0302 0.9824
vn -0.1682 -0.2820 0.9445
vn -0.0046 0.9681 0.2506
vn -0.0611 0.9897 0.1291
vn -0.1439 0.9736 -0.1771
vn -0.1546 0.8228 -0.5468
vn 0.1679 0.5382 -0.8259
vn -0.1537 0.9673 0.2016
vn -0.0552 0.8690 -0.4917
vn 0.1922 0.9805 0.0404
vn 0.2766 0.6903 0.6686
vn 0.2066 0.7700 0.6037
vn 0.1553 0.8091 0.5668
vn 0.0592 0.9197 0.3882
vn 0.0284 0.9534 0.3005
vn -0.0196 0.9793 0.2013
vn -0.0977 0.9948 0.0299
vn -0.1162 0.9928 0.0295
vn -0.1426 0.9898 -0.0041
vn -0.0356 0.8265 -0.5619
vn -0.0344 0.9016 -0.4313
vn -0.0976 -0.6605 0.7445
vn 0.1775 0.9344 0.3087
vn 0.1480 0.8522 0.5018
vn 0.0501 0.9094 0.4129
vn -0.0936 0.9954 0.0208
vn -0.0972 0.9935 0.0585
vn -0.1080 0.9939 0.0245
vn -0.1241 0.9893 -0.0766
vn -0.1493 0.6598 -0.7365
vn -0.0851 -0.5291 0.8443
vn 0.0062 0.9135 -0.4067
vn 0.0348 0.9172 -0.3969
vn 0.2535 0.9182 0.3043
vn 0.2997 0.7391 0.6032
vn 0.1810 0.7818 0.5967
vn -0.0609 0.9956 0.0713
vn -0.0795 -0.6286 0.7737
vn -0.0485 -0.6743 0.7369
vn -0.0838 -0.5317 0.8428
vn -0.0809 0.9561 0.2816
vn -0.1830 0.0905 0.9789
vn -0.1042 -0.0805 0.9913
vn -0.0739 -0.4187 0.9051
vn 0.0323 0.9908 -0.1316
vn 0.2812 0.7918 0.5422
vn 0.2967 0.6600 0.6901
vn 0.1440 0.8542 0.4996
vn -0.0614 0.9976 0.0318
vn -0.0849 0.9961 0.0234
vn -0.0742 0.9950 -0.0664
vn -0.0640 0.9300 -0.3619
vn -0.1329 0.9906 -0.0323
vn 0.1459 0.8493 -0.5073
vn 0.1359 0.8810 -0.4532
vn -0.0684 0.9863 -0.1499
vn 0.2408 0.9678 0.0731
vn 0.2847 0.6893 0.6662
vn -0.1016 0.9947 0.0165
vn -0.0806 0.9650 -0.2496
vn -0.0168 0.8838 -0.4675
vn 0.1174 0.6106 -0.7832
vn 0.1288 0.7505 -0.6482
vn -0.0794 -0.4383 0.8953
vn 0.1717 0.8632 0.4747
vn 0.1460 0.8992 0.4124
vn 0.1290 0.8673 0.4807
vn -0.0761 0.9948 0.0679
vn 0.3127 0.6888 0.6540
vn 0.2439 0.8200 0.5178
vn 0.0857 0.9434 0.3204
vn -0.0610 0.9976 0.0318
vn -0.0454 0.9950 -0.0886
vn -0.0386 0.9929 -0.1129
vn -0.2030 0.7361 -0.6457
vn 0.3233 0.8058 0.4962
vn 0.0379 0.9776 0.2072
vn -0.0610 0.9981 0.0108
vn -0.0558 0.9978 0.0345
vn -0.0411 0.9992 0.0007
vn -0.0447 0.9952 -0.0870
vn 0.0049 0.6542 -0.7563
vn 0.1058 0.7569 -0.6449
vn -0.0429 -0.6308 0.7748
vn 0.1122 0.9772 -0.1801
vn -0.0183 0.7492 0.6621
vn -0.0166 0.4725 0.8812
vn -0.1759 0.7112 -0.6806
vn 0.2035 0.9657 0.1612
vn 0.2220 0.9209 0.3203
vn 0.3571 0.6299 0.6897
vn 0.3790 0.5987 0.7057
vn 0.3464 0.6637 0.6629
vn 0.0899 0.9452 0.3138
vn 0.0774 0.9601 0.2688
vn -0.0421 0.9983 0.0400
vn -0.0503 0.9986 0.0156
vn -0.0038 0.9880 -0.1544
vn 0.0140 0.9005 -0.4346
vn -0.0309 -0.6142 0.7885
vn 0.0814 0.9186 -0.3867
vn -0.0568 -0.4878 0.8711
vn 0.3266 0.8936 0.3078
vn 0.2058 0.8079 0.5522
vn 0.1789 0.8605 0.4769
vn 0.1373 0.9226 0.3606
vn 0.0244 0.9863 0.1630
vn -0.0535 -0.8422 0.5366
vn 0.0562 0.6891 -0.7224
vn -0.0793 -0.2510 0.9647
vn 0.3661 0.7282 0.5793
vn 0.4164 0.5767 0.7029
vn 0.2924 0.6616 0.6905
vn 0.2952 0.6628 0.6882
vn 0.2097 0.8370 0.5055
vn -0.0469 0.7733 0.6322
vn -0.0540 0.9773 -0.2050
vn 0.3328 0.5229 0.7848
vn 0.0340 0.9879 0.1514
vn 0.0270 0.9965 0.0787
vn 0.0349 0.9993 0.0140
vn -0.0157 0.9469 -0.3212
vn 0.3733 0.6436 0.6682
vn 0.1208 0.9600 0.2527
vn 0.0077 0.9993 0.0378
vn 0.0060 0.9994 0.0343
vn 0.0502 0.9854 -0.1626
vn 0.1557 0.9028 -0.4009
vn -0.0725 -0.4889 0.8693
vn 0.0060 0.9837 -0.1795
vn 0.0777 0.9968 0.0188
vn 0.4156 0.7126 0.5652
vn 0.4302 0.5318 0.7295
vn 0.3041 0.8237 0.4785
vn 0.2375 0.8968 0.3734
vn 0.0361 0.9993 -0.0007
vn 0.1321 0.8369 -0.5311
vn -0.0692 -0.5949 0.8008
vn -0.0762 -0.4836 0.8719
vn -0.0296 0.9405 -0.3385
vn -0.0872 -0.4020 0.9115
vn -0.0956 -0.4332 0.8962
vn 0.1693 0.9464 0.2750
vn 0.0709 0.9966 0.0419
vn 0.0634 0.9975 0.0312
vn 0.1568 0.8711 -0.4655
vn -0.1387 -0.8795 0.4552
vn 0.1039 0.8404 -0.5320
vn 0.0955 0.7073 -0.7004
vn -0.1989 0.9224 0.3312
vn -0.1958 0.4971 0.8453
vn -0.1736 0.0400 0.9840
vn -0.1058 -0.2693 0.9572
vn -0.4675 0.2750 -0.8401
vn -0.2771 0.7803 -0.5606
vn 0.4512 0.5543 0.6994
vn 0.3441 0.7819 0.5198
vn 0.3256 0.8090 0.4894
vn 0.2373 0.8985 0.3693
vn 0.0629 0.9969 0.0474
vn 0.0876 0.9926 -0.0838
vn 0.1036 0.6872 -0.7191
vn -0.0778 -0.6043 0.7929
vn -0.2025 0.9734 0.1075
vn 0.0720 0.9971 0.0265
vn 0.4446 0.5339 0.7192
vn 0.4349 0.5938 0.6769
vn 0.1884 0.9641 0.1872
vn 0.1025 0.9932 0.0556
vn 0.0328 0.9993 0.0204
vn 0.0725 0.9925 -0.0989
vn 0.1582 0.9037 -0.3980
vn -0.1545 0.9727 -0.1730
vn 0.5333 0.4116 0.7390
vn 0.4380 0.5995 0.6699
vn 0.3499 0.8188 0.4551
vn 0.2947 0.8744 0.3854
vn 0.0473 0.9985 0.0272
vn 0.1321 0.9733 -0.1877
vn 0.1673 0.9395 -0.2990
vn 0.1713 0.8737 -0.4552
vn 0.0118 0.9833 -0.1816
vn 0.0858 0.9900 0.1121
vn 0.4416 0.6416 0.6272
vn 0.3054 0.9001 0.3107
vn 0.1839 0.9652 0.1858
vn 0.1069 0.9928 0.0549
vn 0.0456 0.9974 0.0561
vn 0.0710 0.9958 -0.0573
vn -0.0794 0.9760 -0.2027
vn -0.0300 0.9797 0.1981
vn -0.1430 0.8108 0.5676
vn -0.1531 0.0128 0.9881
vn -0.2278 0.8449 -0.4840
vn 0.4621 0.4704 0.7518
vn 0.3571 0.8153 0.4558
vn 0.0754 0.9956 -0.0554
vn -0.1016 -0.5817 0.8070
vn 0.3823 0.7854 0.4869
vn 0.1839 0.9658 0.1826
vn 0.0759 0.9971 0.0088
vn 0.0982 0.9768 -0.1903
vn 0.1506 0.6817 -0.7159
vn -0.1089 -0.5279 0.8423
vn -0.1897 0.8250 -0.5323
vn 0.1266 0.9822 0.1390
vn 0.0755 0.9886 0.1300
vn 0.4319 0.4734 0.7676
vn 0.4472 0.6480 0.6165
vn 0.2983 0.9029 0.3097
vn 0.0899 0.9909 0.0997
vn 0.0770 0.9139 -0.3986
vn 0.0916 0.8893 -0.4480
vn -0.0640 0.9777 -0.1999
vn -0.1183 0.8001 0.5881
vn -0.0005 0.9944 -0.1055
vn 0.1946 0.9608 0.1976
vn 0.4758 0.5306 0.7015
vn 0.3683 0.8386 0.4015
vn 0.1519 0.6834 -0.7141
vn 0.1086 0.7212 -0.6841
vn -0.0000 0.9751 -0.2219
vn 0.0089 0.9699 0.2432
vn -0.1475 0.0325 0.9885
vn -0.3685 0.5662 -0.7373
vn 0.2015 0.9273 0.3155
vn 0.4328 0.5548 0.7105
vn 0.2973 0.9119 0.2829
vn 0.1599 0.6097 -0.7764
vn -0.1743 0.1743 0.9691
vn 0.4165 0.6538 0.6317
vn 0.4406 0.6658 0.6022
vn 0.4683 0.7144 0.5200
vn 0.2625 0.9153 0.3054
vn 0.1054 0.9842 0.1422
vn 0.1263 0.9874 0.0949
vn 0.1141 0.9933 0.0152
vn 0.1059 0.9943 0.0089
vn 0.1197 0.9890 -0.0864
vn 0.1081 0.9657 -0.2359
vn 0.0950 0.9473 -0.3059
vn -0.1679 -0.4007 0.9007
vn -0.3672 0.6065 -0.7052
vn 0.0445 0.9958 -0.0798
vn 0.1117 0.9594 0.2589
vn 0.4333 0.5552 0.7099
vn 0.3748 0.8355 0.4018
vn 0.1493 0.6886 -0.7096
vn -0.1624 -0.6330 0.7569
vn 0.1295 0.7274 -0.6739
vn -0.1707 -0.5230 0.8351
vn -0.3800 0.5928 -0.7101
vn 0.2185 0.9587 0.1823
vn 0.3171 0.7804 0.5389
vn 0.4129 0.5686 0.7115
vn 0.4148 0.7120 0.5665
vn 0.4336 0.7476 0.5032
vn 0.2496 0.9388 0.2374
vn 0.1023 0.9931 -0.0581
vn 0.0957 0.9349 -0.3417
vn 0.1773 0.8343 -0.5220
vn 0.1293 0.8816 -0.4539
vn -0.0131 -0.8248 0.5652
vn -0.1841 -0.5422 0.8198
vn 0.0269 0.9747 -0.2221
vn -0.0878 0.9537 0.2878
vn -0.1909 0.1705 0.9667
vn 0.3512 0.8266 0.4399
vn 0.3481 0.8563 0.3816
vn -0.1735 -0.5396 0.8239
vn -0.0877 0.9315 0.3532
vn -0.1921 0.1632 0.9677
vn 0.3177 0.7864 0.5298
vn 0.4018 0.5650 0.7207
vn 0.4259 0.6445 0.6350
vn 0.4145 0.6643 0.6220
vn 0.3743 0.7346 0.5659
vn 0.0659 0.9962 -0.0566
vn 0.0777 0.9614 -0.2639
vn 0.1701 0.8367 -0.5205
vn -0.1740 -0.7107 0.6817
vn 0.0284 0.9691 -0.2449
vn -0.0407 0.9898 -0.1369
vn 0.3928 0.7922 0.4671
vn 0.0722 0.9971 0.0239
vn -0.2188 -0.7144 0.6646
vn 0.1240 0.6687 -0.7332
vn 0.3649 0.7370 0.5689
vn 0.2369 0.8631 0.4461
vn 0.1450 0.9603 0.2384
vn 0.1014 0.9847 0.1420
vn 0.0775 0.9970 0.0027
vn 0.0796 0.9935 -0.0813
vn -0.2456 -0.4778 0.8434
vn -0.2245 -0.4091 0.8844
vn -0.0055 0.9848 -0.1737
vn 0.2350 0.8643 0.4448
vn 0.2357 0.8818 0.4086
vn 0.0967 0.9921 0.0799
vn 0.2376 0.8400 -0.4878
vn -0.2808 -0.7762 0.5645
vn -0.2404 0.7235 0.6471
vn -0.2774 0.3387 0.8991
vn 0.3817 0.7444 0.5479
vn 0.0461 0.9989 0.0063
vn 0.4070 0.6543 0.6373
vn 0.3992 0.6499 0.6467
vn 0.2845 0.7978 0.5316
vn 0.1455 0.9613 0.2338
vn 0.1459 0.9812 -0.1266
vn 0.2381 0.8769 -0.4175
vn 0.1569 0.9464 -0.2823
vn 0.3089 0.6403 -0.7033
vn -0.3035 -0.6555 0.6915
vn 0.1973 0.7236 -0.6614
vn -0.2707 -0.6083 0.7461
vn 0.0577 0.9816 -0.1823
vn -0.3009 -0.1948 0.9336
vn 0.3185 0.7137 0.6239
vn 0.2788 0.7834 0.5554
vn 0.2394 0.8065 -0.5406
vn 0.1975 0.6711 -0.7146
vn -0.3052 -0.6561 0.6903
vn -0.2998 -0.5624 0.7706
vn -0.0140 0.9966 -0.0817
vn -0.2891 -0.4918 0.8213
vn -0.2429 0.7611 0.6014
vn -0.3107 0.7878 -0.5318
vn -0.2933 0.8341 -0.4672
vn -0.0205 0.9997 -0.0159
vn -0.0168 0.9975 0.0687
vn 0.1169 0.9655 0.2327
vn 0.1048 0.9806 -0.1657
vn -0.3180 -0.7182 0.6189
vn -0.3536 -0.4335 0.8289
vn -0.5413 0.0060 -0.8408
vn 0.3796 0.6544 0.6540
vn 0.3109 0.7183 0.6224
vn 0.3397 0.6326 0.6960
vn 0.1926 0.8371 0.5120
vn 0.1850 0.9010 0.3925
vn 0.1098 0.9934 -0.0333
vn 0.2688 0.8028 -0.5322
vn 0.2315 0.7055 -0.6698
vn 0.2311 0.7036 -0.6719
vn -0.3541 -0.5634 0.7464
vn -0.0277 0.9960 -0.0853
vn -0.3583 -0.4324 0.8274
vn -0.3939 0.6628 0.6368
vn -0.1047 0.9911 0.0823
vn 0.2133 0.7856 0.5808
vn 0.1857 0.9195 0.3466
vn 0.1240 0.9863 0.1093
vn 0.2530 0.8709 -0.4213
vn -0.3843 -0.5215 0.7618
vn -0.2114 0.9712 0.1103
vn -0.5237 0.1655 0.8357
vn -0.4478 -0.3323 0.8301
vn -0.5223 0.7208 -0.4557
vn -0.3660 0.9201 -0.1393
vn 0.1512 0.7385 0.6570
vn 0.1660 0.7262 0.6671
vn 0.2497 0.6953 0.6739
vn 0.2141 0.7850 0.5813
vn 0.1930 0.8895 0.4142
vn 0.2915 0.8276 -0.4797
vn 0.2973 0.7242 -0.6222
vn 0.2671 0.6642 -0.6982
vn 0.0977 0.8466 -0.5231
vn -0.5519 0.8337 0.0187
vn -0.3249 0.8471 0.4206
vn 0.1755 0.7343 0.6558
vn -0.2966 -0.9330 0.2040
vn -0.4105 -0.7260 0.5517
vn 0.3521 0.6789 -0.6443
vn -0.4527 -0.6041 0.6558
vn -0.1304 0.9344 -0.3315
vn -0.4895 -0.4992 0.7150
vn -0.3943 0.8096 0.4349
vn -0.3732 0.8004 0.4691
vn 0.1403 0.9197 0.3668
vn 0.1541 0.9826 0.1034
vn 0.1910 0.9794 0.0655
vn 0.1659 0.9855 -0.0346
vn 0.2395 0.9462 -0.2175
vn 0.2721 0.9057 -0.3252
vn 0.2952 0.8260 -0.4802
vn -0.6096 0.7476 0.2637
vn -0.6545 0.0983 0.7496
vn -0.6141 -0.1887 0.7664
vn -0.5100 -0.3646 0.7791
vn -0.8674 0.4655 -0.1755
vn -0.1047 0.7722 0.6267
vn -0.0164 0.8098 0.5865
vn -0.0350 0.8071 0.5894
vn 0.1121 0.8890 0.4440
vn 0.1093 0.9324 0.3444
vn 0.2561 0.9547 -0.1516
vn 0.3530 0.8451 -0.4015
vn 0.3566 0.7256 -0.5886
vn 0.0769 0.7830 -0.6172
vn -0.1786 0.8534 -0.4898
vn -0.6953 0.6561 0.2935
vn -0.0560 0.9435 0.3265
vn -0.4146 0.8116 0.4117
vn -0.0485 0.9937 0.1014
vn -0.1743 0.9815 0.0789
vn 0.0987 0.9908 -0.0930
vn -0.5782 0.7796 -0.2407
vn -0.0483 0.9273 -0.3711
vn 0.1367 0.8559 -0.4987
vn -0.1031 0.8164 -0.5683
vn -0.1993 0.8004 -0.5654
vn -0.0545 0.7899 -0.6108
vn -0.1798 0.7724 -0.6091
vn -0.7858 0.5898 -0.1861
vn -0.5674 0.7379 -0.3656
vn 0.7349 0.1596 -0.6591
vn 0.7332 0.0329 -0.6792
vn 0.6976 -0.2188 -0.6822
vn 0.6087 -0.6406 -0.4682
vn 0.6651 -0.6903 -0.2848
vn 0.6696 -0.6123 -0.4204
vn 0.6495 -0.7603 0.0006
vn 0.5307 0.1726 -0.8298
vn 0.6300 0.0636 -0.7739
vn 0.5519 -0.0155 -0.8337
vn 0.5317 -0.2619 -0.8054
vn 0.5526 0.3804 -0.7415
vn 0.4058 -0.6423 -0.6502
vn 0.4304 0.7531 -0.4976
vn 0.4496 -0.6601 -0.6018
vn 0.4551 -0.7541 -0.4734
vn 0.4592 -0.8231 -0.3341
vn 0.5650 -0.8244 0.0334
vn 0.5639 -0.8182 0.1119
vn 0.5208 -0.7184 0.4611
vn 0.4214 -0.7451 -0.5169
vn 0.4535 -0.8238 -0.3401
vn 0.4254 -0.9029 -0.0608
vn 0.1480 0.0965 -0.9843
vn 0.1964 0.0147 -0.9804
vn 0.2071 -0.3153 -0.9261
vn 0.2288 -0.7843 -0.5767
vn 0.1592 0.0880 -0.9833
vn 0.1707 -0.2126 -0.9621
vn 0.1476 0.3933 -0.9075
vn 0.1466 0.3941 -0.9073
vn 0.1993 -0.3207 -0.9260
vn 0.2085 -0.6901 -0.6930
vn 0.2015 -0.7542 -0.6249
vn 0.1509 -0.8521 -0.5012
vn 0.1536 -0.9138 -0.3759
vn 0.1693 -0.9151 -0.3661
vn 0.1977 -0.9637 0.1795
vn 0.1883 -0.8447 0.5011
vn 0.1842 -0.7313 0.6567
vn 0.2833 -0.7823 0.5547
vn 0.1826 -0.9829 -0.0223
vn 0.1712 -0.9847 -0.0332
vn 0.2235 -0.9668 0.1242
vn 0.0575 -0.9275 -0.3694
vn 0.0095 0.0828 -0.9965
vn 0.0033 0.0897 -0.9960
vn 0.0175 -0.2401 -0.9706
vn 0.0124 -0.2577 -0.9661
vn -0.0021 0.3922 -0.9199
vn 0.0240 -0.3089 -0.9508
vn 0.0137 -0.6920 -0.7218
vn 0.0359 -0.7972 -0.6027
vn 0.0449 -0.8504 -0.5242
vn 0.0736 -0.9954 -0.0611
vn 0.0835 -0.8104 0.5799
vn 0.0034 0.3983 -0.9173
vn 0.0378 -0.2777 -0.9599
vn -0.0132 0.7649 -0.6440
vn 0.0800 -0.9785 0.1900
vn 0.0632 -0.8516 0.5204
vn 0.0727 -0.8604 0.5044
vn 0.0803 -0.8148 0.5742
vn 0.0496 -0.2069 0.9771
vn 0.0379 -0.9985 -0.0390
vn 0.0341 -0.9929 0.1137
vn -0.0225 0.0831 -0.9963
vn -0.0277 0.7654 -0.6430
vn 0.0236 -0.8965 -0.4423
vn 0.0319 -0.9200 -0.3905
vn 0.0082 -0.9454 -0.3259
vn -0.0156 -0.2455 -0.9693
vn 0.0100 -0.6964 -0.7176
vn 0.0097 -0.7545 -0.6563
vn 0.0205 -0.9974 -0.0684
vn 0.0074 -0.9827 0.1852
vn -0.0456 0.1419 -0.9888
vn -0.0490 0.5392 -0.8408
vn -0.0274 0.4472 -0.8940
vn -0.0175 -0.2950 -0.9553
vn -0.0143 -0.2821 -0.9593
vn -0.0179 -0.3243 -0.9458
vn -0.0148 -0.6286 -0.7776
vn 0.0023 -0.9888 0.1492
vn 0.0146 -0.7941 0.6076
vn 0.0203 -0.6843 0.7289
vn -0.0296 0.1231 -0.9920
vn -0.0252 -0.1997 -0.9795
vn -0.0052 -0.7951 -0.6065
vn -0.0091 -0.8476 -0.5306
vn 0.0066 -0.8848 -0.4660
vn 0.0074 -0.9975 -0.0708
vn 0.0105 -0.8815 0.4720
vn 0.0032 -0.9462 -0.3235
vn 0.0011 -0.9959 -0.0901
vn -0.0295 0.4449 -0.8951
vn -0.0369 0.2493 -0.9677
vn 0.0056 -0.9436 -0.3310
vn 0.0053 -0.9699 0.2435
vn 0.0066 -0.8689 0.4950
vn -0.0373 -0.1980 -0.9795
vn 0.0299 -0.5896 0.8071
vn -0.0231 0.5333 -0.8456
vn -0.0246 0.7737 -0.6331
vn -0.0405 -0.1832 -0.9822
vn -0.0365 -0.2548 -0.9663
vn -0.0299 -0.3366 -0.9412
vn 0.0261 -0.7546 0.6557
vn -0.0306 0.4522 -0.8914
vn -0.0139 -0.9415 -0.3367
vn -0.0332 -0.5640 -0.8251
vn -0.0266 -0.6323 -0.7743
vn -0.0214 -0.7733 -0.6337
vn -0.0160 -0.8484 -0.5292
vn -0.0114 -0.9902 0.1391
vn -0.0035 -0.9718 0.2359
vn -0.0147 0.9660 -0.2580
vn -0.0106 -0.9961 -0.0882
vn -0.0234 -0.9040 -0.4270
vn -0.0403 0.2089 -0.9771
vn -0.0412 0.1259 -0.9912
vn -0.0141 -0.9411 -0.3378
vn -0.0364 -0.2539 -0.9665
vn -0.0267 -0.6331 -0.7736
vn -0.0458 0.4687 -0.8822
vn -0.0067 -0.9866 0.1632
vn -0.0315 0.7230 -0.6902
vn -0.0256 -0.8105 -0.5852
vn -0.0104 -0.9961 -0.0876
vn -0.0022 -0.8732 0.4874
vn 0.0058 -0.8826 0.4701
vn -0.0316 -0.1845 -0.9823
vn -0.0339 -0.1669 -0.9854
vn -0.0406 0.4788 -0.8770
vn -0.0445 0.2552 -0.9659
vn 0.0068 -0.8035 0.5952
vn 0.0165 -0.7651 0.6437
vn -0.0239 -0.9041 -0.4267
vn -0.0356 0.1405 -0.9894
vn -0.0324 0.7626 -0.6460
vn -0.0251 -0.9392 -0.3425
vn -0.0232 -0.9441 -0.3288
vn -0.0263 -0.9960 -0.0856
vn -0.0241 -0.9955 -0.0921
vn -0.0232 -0.9856 0.1672
vn -0.0306 -0.2594 -0.9653
vn -0.0287 -0.2418 -0.9699
vn -0.0186 -0.6421 -0.7664
vn -0.0282 0.9548 -0.2958
vn -0.0124 -0.9931 0.1163
vn -0.0069 -0.8924 0.4511
vn -0.0282 0.1324 -0.9908
vn -0.0128 -0.8087 -0.5880
vn 0.0216 -0.5467 0.8370
vn -0.0268 0.1352 -0.9905
vn -0.0237 -0.5788 -0.8151
vn -0.0175 -0.7874 -0.6162
vn -0.0213 -0.8561 -0.5163
vn -0.0177 -0.9131 -0.4074
vn 0.0054 -0.9129 0.4082
vn -0.0212 0.3848 -0.9228
vn -0.0253 -0.6009 -0.7989
vn -0.0268 0.7604 -0.6488
vn -0.0350 0.6228 -0.7816
vn -0.0274 -0.1846 -0.9824
vn -0.0196 -0.9150 -0.4029
vn -0.0096 -0.9452 -0.3264
vn -0.0173 -0.9932 -0.1148
vn -0.0083 -0.9960 -0.0884
vn 0.0255 -0.4311 0.9019
vn -0.0329 -0.8593 -0.5105
vn -0.0070 -0.9915 0.1296
vn -0.0221 -0.9928 -0.1180
vn -0.0426 -0.2400 -0.9698
vn -0.0512 0.4742 -0.8789
vn -0.0398 -0.6046 -0.7955
vn -0.0451 -0.7813 -0.6225
vn -0.0370 -0.8451 -0.5334
vn -0.0293 -0.9113 -0.4107
vn -0.0446 -0.5909 -0.8055
vn -0.0551 -0.2013 -0.9780
vn -0.0565 0.2466 -0.9675
vn -0.0355 -0.9247 -0.3791
vn -0.0478 0.6052 -0.7946
vn -0.0307 -0.8153 -0.5782
vn 0.0127 -0.8366 0.5477
vn -0.0291 -0.2280 -0.9732
vn -0.0340 -0.5980 -0.8008
vn -0.0319 -0.2469 -0.9685
vn -0.0446 -0.6546 -0.7547
vn 0.0007 -0.9145 0.4047
vn -0.0081 -0.9914 0.1307
vn -0.0333 -0.5971 -0.8015
vn -0.0365 0.7902 -0.6117
vn -0.0175 -0.8838 -0.4675
vn -0.0390 -0.1822 -0.9825
vn -0.0164 -0.9917 -0.1279
vn -0.0066 -0.9928 0.1198
vn -0.0235 -0.7882 -0.6149
vn -0.0425 0.4975 -0.8664
vn -0.0453 -0.6516 -0.7572
vn -0.0465 0.3739 -0.9263
vn -0.0277 -0.9193 -0.3926
vn -0.0242 -0.9894 -0.1431
vn 0.0213 -0.5517 0.8338
vn -0.0475 0.7827 -0.6206
vn 0.0162 -0.5691 0.8221
vn -0.0467 0.5106 -0.8586
vn -0.0520 0.7323 -0.6790
vn -0.0409 0.9400 -0.3388
vn 0.0080 -0.8335 0.5524
vn -0.0233 -0.7883 -0.6148
vn -0.0043 -0.9275 0.3739
vn -0.0052 -0.9043 0.4269
vn -0.0499 0.1908 -0.9804
vn -0.0413 -0.2775 -0.9598
vn -0.0384 -0.5510 -0.8336
vn -0.0231 -0.6425 -0.7659
vn -0.0229 -0.8890 -0.4574
vn -0.0259 -0.9201 -0.3909
vn -0.0230 -0.9894 -0.1435
vn -0.0446 0.1607 -0.9860
vn -0.0308 -0.6679 -0.7436
vn -0.0215 -0.9929 0.1166
vn -0.0436 -0.1795 -0.9828
vn -0.0336 -0.3368 -0.9410
vn -0.0130 -0.9436 0.3308
vn 0.0037 -0.7959 0.6054
vn -0.0378 -0.9337 -0.3561
vn -0.0305 -0.8267 -0.5619
vn -0.0267 -0.9906 -0.1344
vn -0.0268 -0.9948 0.0983
vn -0.0400 -0.6011 -0.7982
vn -0.0325 0.6588 -0.7516
vn -0.0305 -0.5796 -0.8144
vn -0.0332 -0.6644 -0.7467
vn -0.0293 -0.9305 -0.3652
vn -0.0286 -0.9899 -0.1390
vn -0.0225 -0.9956 0.0909
vn 0.0002 -0.9117 0.4109
vn -0.0330 0.1813 -0.9829
vn -0.0388 -0.1624 -0.9860
vn -0.0413 -0.1786 -0.9831
vn 0.0027 -0.7940 0.6079
vn 0.0013 -0.6978 0.7163
vn -0.0190 -0.9476 0.3188
vn -0.0310 -0.8264 -0.5622
vn -0.0457 -0.9261 -0.3746
vn -0.0412 0.1516 -0.9876
vn -0.0399 0.6066 -0.7940
vn -0.0398 -0.6873 -0.7253
vn 0.0237 -0.4888 0.8721
vn -0.0371 0.5123 -0.8580
vn -0.0535 -0.9020 -0.4284
vn -0.0366 0.2535 -0.9666
vn -0.0460 -0.4967 -0.8667
vn -0.0645 -0.9433 -0.3257
vn -0.0602 -0.9876 -0.1448
vn -0.0579 -0.9868 -0.1511
vn -0.0479 -0.9976 0.0508
vn -0.0229 -0.1795 -0.9835
vn 0.0020 -0.7969 0.6041
vn -0.0408 0.5323 -0.8456
vn -0.0293 0.2842 -0.9583
vn -0.0041 -0.9176 0.3975
vn -0.0450 0.7374 -0.6740
vn -0.0318 -0.9424 -0.3331
vn -0.0269 -0.9490 -0.3142
vn -0.0306 -0.9056 -0.4231
vn -0.0328 -0.9086 -0.4163
vn -0.0251 -0.9994 0.0249
vn -0.0147 -0.9506 0.3102
vn -0.0294 -0.3272 -0.9445
vn -0.0272 -0.5165 -0.8559
vn -0.0265 -0.6835 -0.7295
vn -0.0330 -0.7542 -0.6558
vn -0.0287 -0.9884 -0.1492
vn -0.0260 -0.9873 -0.1570
vn 0.0005 -0.7971 0.6038
vn -0.0054 -0.8208 0.5713
vn 0.0068 -0.7033 0.7109
vn -0.0185 -0.9998 -0.0041
vn 0.0011 -0.7364 0.6765
vn -0.0245 0.1620 -0.9865
vn -0.0254 0.7958 -0.6050
vn -0.0328 -0.5575 -0.8295
vn -0.0305 0.5352 -0.8442
vn -0.0307 -0.6564 -0.7538
vn -0.0253 -0.1675 -0.9855
vn -0.0333 0.9958 -0.0856
vn -0.0322 0.3131 -0.9492
vn -0.0396 -0.9092 -0.4144
vn -0.0435 -0.9214 -0.3861
vn -0.0409 -0.9388 -0.3422
vn -0.0574 -0.9877 -0.1456
vn -0.0352 -0.9584 0.2832
vn -0.0398 0.7471 -0.6635
vn -0.0569 -0.9552 -0.2905
vn -0.0524 -0.9898 -0.1328
vn -0.0388 -0.9991 -0.0179
vn -0.0287 0.7125 -0.7011
vn -0.0547 -0.8408 -0.5386
vn -0.0561 -0.9947 -0.0864
vn -0.0220 -0.6503 -0.7594
vn -0.0240 -0.9896 -0.1417
vn -0.0169 -0.9696 0.2441
vn -0.0150 -0.8118 0.5838
vn -0.0164 -0.7682 0.6401
vn -0.0206 -0.3588 -0.9332
vn -0.0218 -0.5610 -0.8275
vn -0.0192 -0.8448 0.5347
vn -0.0133 -0.7826 0.6224
vn -0.0149 0.3433 -0.9391
vn -0.0244 -0.6802 -0.7326
vn -0.0177 -0.9134 -0.4066
vn -0.0179 -0.9874 -0.1574
vn -0.0215 0.5457 -0.8377
vn -0.0345 0.6718 -0.7400
vn -0.0185 -0.9968 -0.0776
vn -0.0237 -0.4275 -0.9037
vn -0.0222 -0.9699 -0.2424
vn -0.0130 -0.9666 0.2559
vn -0.0238 0.2230 -0.9745
vn -0.0194 0.2006 -0.9795
vn -0.0219 -0.1597 -0.9869
vn -0.0243 -0.5772 -0.8162
vn -0.0224 -0.8700 -0.4926
vn -0.0278 -0.8854 -0.4641
vn -0.0131 -0.9951 -0.0980
vn -0.0214 -0.1614 -0.9867
vn -0.0301 0.5703 -0.8209
vn -0.0253 -0.9592 -0.2815
vn -0.0249 -0.9663 -0.2561
vn -0.0089 -0.5294 0.8483
vn -0.0227 -0.7790 0.6266
vn -0.0380 -0.8898 -0.4547
vn -0.0434 -0.9844 -0.1706
vn -0.0289 -0.9943 -0.1028
vn -0.0320 -0.6909 -0.7223
vn -0.0326 -0.9762 -0.2146
vn -0.0311 0.2277 -0.9732
vn -0.0290 -0.4290 -0.9028
vn -0.0349 0.5648 -0.8245
vn -0.0398 0.4720 -0.8807
vn -0.0382 -0.5686 -0.8217
vn -0.0220 -0.9614 -0.2743
vn -0.0309 -0.9938 -0.1068
vn -0.0333 -0.6905 0.7226
vn -0.0341 0.2146 -0.9761
vn -0.0390 -0.7784 -0.6265
vn -0.0299 -0.8983 -0.4385
vn -0.0289 -0.8465 0.5316
vn -0.0357 -0.1660 -0.9855
vn -0.0324 -0.1799 -0.9832
vn -0.0335 -0.3489 -0.9366
vn -0.0229 -0.9905 -0.1355
vn -0.0522 0.6832 -0.7284
vn -0.0294 -0.9742 0.2237
vn -0.0319 -0.8185 0.5737
vn -0.0326 -0.5889 -0.8075
vn -0.0029 -0.9639 -0.2663
vn -0.0146 -0.8944 -0.4471
vn -0.0310 -0.9453 0.3248
vn -0.0300 0.2172 -0.9757
vn -0.0522 0.6876 -0.7242
vn -0.0080 -0.9895 -0.1444
vn -0.0392 -0.4437 -0.8953
vn -0.0199 -0.5920 -0.8057
vn -0.0129 -0.7758 -0.6308
vn -0.0116 -0.7662 -0.6424
vn 0.0052 -0.9030 -0.4296
vn -0.0190 -0.9885 -0.1499
vn -0.0231 -0.8363 0.5478
vn -0.0275 -0.4849 0.8741
vn -0.0185 -0.5887 -0.8082
vn 0.0022 -0.9041 -0.4273
vn -0.0291 -0.7030 0.7106
vn 0.0061 -0.9990 -0.0445
vn -0.0557 0.4690 -0.8814
vn -0.0370 -0.1770 -0.9835
vn 0.0196 -0.9842 -0.1758
vn -0.0712 0.6541 -0.7531
vn -0.0268 -0.9996 0.0028
vn -0.0432 -0.1906 -0.9807
vn -0.0576 0.3870 -0.9203
vn -0.0582 -0.6978 0.7139
vn -0.0280 -0.7878 -0.6154
vn -0.0091 -0.9489 -0.3154
vn -0.0002 -0.9788 -0.2047
vn -0.0471 -0.8290 0.5573
vn -0.0551 -0.7091 0.7029
vn -0.0370 -0.4477 -0.8934
vn -0.0075 -0.9999 0.0069
vn -0.0316 -0.9689 0.2454
vn -0.0424 -0.9374 0.3456
vn -0.0404 -0.5614 -0.8265
vn -0.0888 0.7026 -0.7061
vn -0.0194 -0.8853 -0.4645
vn -0.0499 -0.8371 0.5448
vn -0.0071 -0.9818 -0.1897
vn -0.0476 -0.1751 -0.9834
vn -0.0421 -0.5687 -0.8215
vn -0.0464 -0.9503 0.3079
vn -0.0791 0.7205 -0.6890
vn -0.0400 -0.7512 -0.6589
vn -0.0280 -0.8954 -0.4444
vn -0.0155 -0.9433 -0.3315
vn -0.0643 0.1608 -0.9849
vn -0.0739 0.3161 -0.9458
vn -0.0718 0.1931 -0.9786
vn -0.0530 -0.7788 -0.6250
vn -0.0411 -0.8870 -0.4600
vn -0.0328 -0.9775 -0.2086
vn -0.0798 -0.7389 0.6690
vn -0.1134 0.4876 -0.8657
vn -0.1369 0.9149 -0.3797
vn -0.0098 -0.9740 -0.2265
vn -0.0248 -0.9974 0.0672
vn -0.1607 -0.9750 0.1531
vn -0.1450 -0.9449 0.2934
vn -0.1994 0.1756 -0.9640
vn -0.2812 -0.1069 -0.9537
vn -0.2310 0.4614 -0.8566
vn -0.4173 0.2644 -0.8695
vn -0.2744 -0.5502 -0.7887
vn -0.4783 0.6446 -0.5964
vn -0.5020 -0.5532 -0.6648
vn -0.3243 -0.7445 -0.5836
vn -0.2327 -0.8865 -0.4000
vn -0.1672 -0.9598 -0.2252
vn -0.2811 -0.9434 -0.1760
vn -0.2399 -0.9639 0.1155
vn -0.1911 -0.9217 0.3375
vn -0.1575 -0.8167 0.5551
vn -0.1385 -0.6052 0.7839
vn -0.5647 -0.1401 -0.8134
vn -0.2135 -0.7237 -0.6563
vn -0.2042 -0.7922 0.5751
vn -0.1651 -0.6231 0.7645
vn -0.2243 0.6443 0.7312
vn -0.0350 0.3085 -0.9506
vn -0.0602 0.3647 -0.9292
vn -0.0644 0.2041 -0.9768
vn -0.0315 -0.1896 -0.9814
vn -0.0823 0.7313 -0.6771
vn -0.0159 -0.6397 -0.7685
vn -0.2182 -0.6637 -0.7154
vn -0.0681 -0.9186 -0.3893
vn -0.0049 -0.1601 -0.9871
vn -0.0804 0.7282 -0.6807
vn -0.1356 0.9082 -0.3961
vn -0.1015 -0.9437 -0.3149
vn -0.1197 -0.9746 -0.1893
vn -0.1196 -0.9842 0.1308
vn -0.1414 -0.9278 0.3452
vn -0.0308 -0.5402 -0.8410
vn -0.1064 -0.7998 0.5907
vn -0.1043 -0.9817 -0.1594
vn 0.0099 -0.1755 -0.9844
vn -0.0121 -0.8280 -0.5606
vn -0.0351 -0.8942 -0.4463
vn -0.0539 -0.9542 -0.2943
vn -0.1045 -0.9480 0.3005
vn -0.0030 -0.6187 -0.7856
vn 0.0108 0.2487 -0.9685
vn 0.0351 -0.7000 -0.7133
vn -0.0923 0.9899 -0.1075
vn 0.0796 -0.3441 -0.9356
vn -0.0873 -0.9848 -0.1504
vn -0.1109 -0.9833 0.1442
vn -0.1073 -0.9825 0.1522
vn -0.1012 -0.7574 0.6451
vn -0.0347 0.3936 -0.9186
vn 0.0868 0.2632 -0.9608
vn 0.0677 -0.1106 -0.9916
vn -0.0253 0.7252 -0.6881
vn -0.0779 -0.9882 -0.1319
vn 0.0501 -0.0958 -0.9941
vn -0.0156 0.4758 -0.8794
vn -0.0411 0.7659 -0.6417
vn 0.0967 -0.6614 -0.7438
vn -0.0180 -0.8781 -0.4780
vn -0.0539 -0.9340 -0.3531
vn -0.1126 -0.9235 0.3666
vn 0.2755 0.4324 -0.8586
vn 0.3669 -0.0745 -0.9273
vn 0.3845 -0.0829 -0.9194
vn 0.3690 0.5144 -0.7741
vn 0.2013 -0.7393 -0.6426
vn -0.0244 -0.8564 -0.5157
vn -0.1293 -0.9820 0.1376
vn -0.1398 -0.9239 0.3562
vn 0.1851 0.7795 -0.5985
vn 0.1043 -0.8401 -0.5323
vn -0.1258 -0.9884 -0.0855
vn -0.0526 -0.7954 0.6038
vn 0.3322 -0.8182 -0.4693
vn 0.4039 0.7360 -0.5433
vn 0.2621 -0.7268 -0.6349
vn 0.1577 -0.9071 -0.3902
vn 0.0036 -0.9443 -0.3290
vn -0.1941 -0.9604 0.2001
vn -0.1764 -0.9349 0.3079
vn -0.1711 -0.8358 0.5216
vn 0.2871 -0.7216 0.6300
vn 0.6187 -0.7070 -0.3426
vn -0.1833 -0.9511 -0.2486
vn -0.1928 -0.9766 -0.0955
vn 0.2972 -0.6556 0.6942
vn 0.4994 -0.3854 0.7759
vn 0.7760 -0.0321 -0.6299
vn 0.6177 -0.6827 -0.3904
vn 0.3744 -0.8469 -0.3776
vn 0.3141 -0.9349 -0.1650
vn 0.2078 -0.8973 -0.3895
vn -0.2443 -0.9677 -0.0623
vn -0.2775 -0.9607 0.0072
vn -0.2212 -0.9579 0.1833
vn -0.2035 -0.9243 0.3230
vn -0.0125 -0.8549 0.5186
vn -0.0124 -0.8542 0.5198
vn 0.6869 0.4038 -0.6042
vn 0.4514 0.7241 -0.5215
vn 0.6079 -0.7732 -0.1804
vn 0.4322 -0.8561 -0.2833
vn 0.1109 -0.9886 -0.1022
vn -0.2770 -0.9331 0.2294
vn -0.2092 -0.8985 0.3860
vn 0.1612 -0.9196 0.3583
vn 0.4197 -0.6094 0.6727
vn 0.3112 0.7792 -0.5440
vn 0.5651 -0.8036 -0.1864
vn 0.1485 -0.9833 -0.1052
vn 0.1676 -0.9858 0.0094
vn 0.0373 -0.9930 0.1120
vn 0.5548 -0.6436 0.5272
vn 0.5979 -0.7867 -0.1537
vn 0.3449 -0.9318 -0.1133
vn 0.3580 -0.9172 -0.1749
vn 0.2564 -0.9641 0.0695
vn 0.1880 -0.9754 0.1147
vn 0.2726 -0.9167 0.2922
vn 0.2736 -0.9226 0.2719
vn 0.3484 -0.8698 0.3495
vn 0.3479 -0.8720 0.3443
vn 0.6635 -0.6427 0.3830
vn 0.7019 -0.6527 -0.2851
vn 0.5611 -0.8132 -0.1545
vn 0.4362 -0.8923 -0.1168
vn 0.4093 -0.9123 -0.0121
vn -0.8003 0.5992 -0.0208
vn 0.2730 -0.9617 -0.0250
vn -0.8029 0.5773 -0.1488
vn 0.1918 -0.9777 -0.0857
vn -0.5308 0.8290 -0.1761
vn -0.0891 0.9960 0.0022
vn 0.2206 -0.9452 0.2406
vn 0.2212 -0.9439 0.2452
vn 0.8065 0.1398 -0.5745
vn 0.8443 0.0211 -0.5354
vn 0.6858 -0.6058 -0.4033
vn -0.8064 0.5405 -0.2400
vn -0.8881 0.4584 -0.0333
vn -0.9622 0.2719 0.0151
vn -0.9536 0.3007 -0.0173
vn -0.9905 0.1234 0.0603
vn -0.9761 0.0089 0.2170
vn -0.9726 0.0819 0.2176
vn -0.9505 0.2873 -0.1183
vn -0.9923 0.1155 -0.0435
vn -0.9921 -0.1226 -0.0282
vn -0.9937 -0.1106 -0.0186
vn -0.8397 0.5389 0.0673
vn -0.8685 0.4866 -0.0949
vn -0.9882 0.1482 0.0386
vn -0.9743 0.2243 0.0209
vn -0.8243 0.5176 -0.2296
vn -0.9129 -0.1255 -0.3885
vn -0.8932 -0.1423 -0.4265
vn -0.9014 0.0340 -0.4316
vn -0.6418 0.2155 -0.7360
vn -0.8241 0.5182 -0.2286
vn 0.1721 -0.9794 0.1054
vn 0.1738 -0.9645 0.1990
vn 0.4218 -0.8662 0.2681
vn 0.4194 -0.8521 0.3132
vn 0.6496 -0.6441 0.4039
vn 0.7815 -0.4100 0.4702
vn 0.4119 -0.8744 -0.2564
vn 0.4114 -0.9037 -0.1184
vn -0.4933 0.8095 -0.3184
vn -0.9541 0.2943 0.0561
vn -0.9283 0.3676 0.0553
vn 0.2445 -0.9679 -0.0590
vn -0.9525 0.2670 0.1462
vn -0.9024 0.4152 0.1155
vn -0.9104 0.2770 0.3073
vn -0.8553 0.4416 0.2711
vn 0.1895 -0.9818 -0.0153
vn -0.9221 0.1208 -0.3675
vn -0.9296 0.1895 -0.3161
vn -0.7020 0.1330 -0.6997
vn -0.6663 0.2300 -0.7093
vn -0.7542 0.5525 -0.3549
vn -0.6152 0.7437 -0.2615
vn 0.2355 -0.9536 0.1878
vn 0.4030 -0.8783 -0.2571
vn -0.7877 0.6016 0.1329
vn 0.2409 -0.9674 -0.0777
vn -0.6607 0.7388 0.1329
vn -0.7188 0.6475 0.2533
vn 0.2042 -0.9789 -0.0003
vn 0.1654 -0.9855 0.0371
vn -0.7487 0.2729 -0.6042
vn -0.5624 0.3400 -0.7537
vn -0.4063 0.5868 -0.7004
vn -0.8434 0.3523 -0.4056
vn 0.4024 -0.8828 0.2425
vn 0.4630 -0.8423 0.2759
vn 0.4685 -0.8122 0.3475
vn 0.5375 -0.7366 0.4105
vn 0.6161 -0.5532 0.5607
vn 0.3951 -0.8662 -0.3061
vn 0.2470 -0.9560 -0.1585
vn 0.2567 -0.9637 -0.0729
vn -0.5743 0.7753 0.2629
vn -0.6533 0.4581 -0.6028
vn -0.6714 0.4199 -0.6106
vn 0.3029 -0.9434 0.1352
vn 0.3402 -0.9165 0.2106
vn 0.3991 -0.8925 0.2102
vn 0.7319 0.0206 -0.6811
vn 0.2359 -0.9579 -0.1635
vn -0.5129 0.5969 -0.6170
vn -0.7754 0.5793 -0.2513
vn -0.7802 0.5511 -0.2959
vn 0.3436 -0.9292 0.1363
vn 0.3312 -0.8821 -0.3348
vn 0.3264 -0.8933 -0.3089
vn 0.1162 -0.9929 -0.0251
vn 0.1871 -0.9692 0.1598
vn -0.6418 0.6774 -0.3595
vn -0.7777 0.5767 -0.2503
vn 0.4112 -0.8664 0.2834
vn -0.8128 0.5638 -0.1465
vn 0.4089 -0.8648 0.2913
vn 0.4426 -0.8246 0.3522
vn -0.3368 0.8937 0.2963
vn 0.1248 -0.9909 -0.0512
vn -0.4085 0.7290 -0.5493
vn -0.7337 0.6509 -0.1948
vn 0.1977 -0.9769 0.0809
vn -0.8401 0.4872 -0.2385
vn 0.3586 -0.9225 0.1427
vn -0.8668 0.4818 -0.1286
vn 0.3928 -0.8811 0.2635
vn -0.8638 0.4730 -0.1733
vn -0.7700 0.6109 -0.1842
vn -0.7496 0.6410 -0.1648
vn 0.4361 -0.7676 0.4697
vn 0.4921 -0.6118 0.6193
vn 0.5903 -0.0301 -0.8066
vn 0.5151 -0.4126 -0.7513
vn 0.3066 -0.8702 -0.3856
vn 0.2368 -0.9501 -0.2029
vn 0.1142 -0.9928 -0.0365
vn 0.1816 -0.9794 0.0888
vn 0.1839 -0.9717 0.1481
vn -0.8186 0.5511 -0.1618
vn -0.6856 0.7177 -0.1221
vn -0.8238 0.5379 -0.1788
vn -0.8188 0.5482 -0.1703
vn -0.8367 0.5354 -0.1156
vn 0.5080 0.3650 -0.7802
vn 0.5634 0.0221 -0.8259
vn 0.1471 -0.9849 -0.0912
vn 0.1428 -0.9891 -0.0356
vn -0.5291 0.8373 -0.1377
vn -0.6187 0.7851 -0.0294
vn -0.7376 0.6742 0.0379
vn -0.8231 0.5012 -0.2668
vn -0.7305 0.6014 -0.3236
vn 0.2932 -0.8548 0.4283
vn 0.2301 -0.8889 -0.3960
vn 0.0726 -0.9973 -0.0080
vn 0.0828 -0.9962 -0.0264
vn 0.1474 -0.9885 0.0326
vn -0.3627 0.8976 -0.2506
vn -0.6398 0.7502 -0.1668
vn 0.2119 -0.9766 0.0355
vn 0.2532 -0.9535 0.1634
vn -0.4597 0.8463 -0.2692
vn -0.7367 0.5586 -0.3812
vn 0.3129 -0.8973 0.3114
vn -0.6717 0.6358 -0.3802
vn -0.6331 0.6295 -0.4506
vn -0.5417 0.6782 -0.4966
vn 0.1340 -0.9674 -0.2148
vn 0.1443 -0.9693 -0.1989
vn 0.0989 -0.9950 -0.0129
vn 0.2363 -0.9714 0.0254
vn -0.6557 0.7453 -0.1208
vn 0.2527 -0.9537 0.1630
vn 0.2612 -0.9237 0.2802
vn 0.2943 -0.9211 0.2547
vn -0.5374 0.7817 -0.3164
vn 0.2980 -0.9059 0.3008
vn -0.6355 0.6372 -0.4361
vn 0.3188 -0.8563 0.4065
vn -0.5003 0.5980 -0.6262
vn 0.3432 -0.7191 0.6042
vn 0.3651 0.0325 -0.9304
vn 0.3546 0.0120 -0.9349
vn 0.2186 -0.8840 -0.4132
vn 0.0902 -0.9953 -0.0364
vn 0.3154 -0.7712 0.5530
vn 0.1220 -0.9211 -0.3698
vn 0.1209 -0.9861 -0.1137
vn 0.0769 -0.9969 0.0137
vn 0.1141 -0.9929 -0.0340
vn 0.2851 -0.9475 0.1449
vn 0.2546 -0.9343 0.2495
vn 0.1860 -0.9825 0.0021
vn -0.4822 0.8694 -0.1077
vn -0.4737 0.7945 -0.3800
vn 0.2577 -0.9326 0.2528
vn 0.2905 -0.8696 0.3993
vn 0.2946 -0.7770 0.5564
vn 0.0132 0.8813 -0.4724
vn 0.2234 -0.0523 -0.9733
vn 0.0799 -0.9021 -0.4240
vn 0.0944 -0.9493 -0.3000
vn 0.1091 -0.9675 -0.2280
vn 0.1322 -0.9912 0.0083
vn 0.2475 -0.9263 0.2842
vn 0.2739 -0.9092 0.3137
vn 0.2706 -0.8868 0.3746
vn 0.2635 -0.8072 0.5282
vn -0.2613 0.6276 -0.7333
vn -0.2584 0.6298 -0.7325
vn -0.2550 0.6212 -0.7410
vn 0.1562 0.1204 -0.9804
vn 0.1742 0.0110 -0.9847
vn 0.1013 -0.9718 -0.2131
vn 0.1296 -0.9847 -0.1168
vn 0.1073 -0.9937 -0.0337
vn -0.4070 0.7472 -0.5254
vn 0.0309 -0.9121 -0.4089
vn 0.1299 -0.9915 0.0101
vn 0.1309 -0.9913 0.0164
vn -0.1697 0.5627 -0.8091
vn 0.1052 -0.9817 -0.1585
vn 0.1366 -0.9906 -0.0000
vn 0.1078 -0.9941 -0.0072
vn 0.1309 -0.9578 0.2558
vn -0.3162 0.7495 -0.5816
vn -0.2805 0.7183 -0.6367
vn 0.1985 -0.9029 0.3812
vn 0.1812 -0.8912 0.4158
vn 0.1921 -0.8118 0.5514
vn -0.2144 0.6350 -0.7422
vn -0.1286 0.5664 -0.8141
vn 0.1788 -0.7515 0.6350
vn -0.1322 0.5811 -0.8030
vn 0.0451 0.2446 -0.9686
vn 0.0372 -0.0785 -0.9962
vn 0.0081 -0.2428 -0.9700
vn 0.0289 -0.4448 -0.8951
vn -0.0068 -0.8528 -0.5223
vn 0.0184 -0.9363 -0.3507
vn 0.1057 -0.9939 -0.0328
vn 0.1163 -0.9932 -0.0112
vn 0.1088 -0.9940 0.0062
vn 0.1667 -0.9569 0.2377
vn 0.1797 -0.9388 0.2937
vn -0.1997 0.9508 -0.2369
vn 0.1711 -0.7897 0.5892
vn 0.0061 0.7132 -0.7009
vn 0.0067 0.0988 -0.9951
vn 0.1037 -0.9051 -0.4123
vn 0.0539 -0.9531 -0.2978
vn 0.0922 -0.9716 -0.2180
vn 0.0820 -0.9757 -0.2031
vn 0.1328 -0.9800 -0.1480
vn -0.2178 0.8310 -0.5118
vn -0.0815 0.5502 -0.8311
vn -0.0629 0.7589 -0.6481
vn -0.0870 0.5849 -0.8064
vn 0.1463 -0.9622 0.2298
vn 0.0780 -0.9969 0.0046
vn 0.0965 -0.9947 -0.0347
vn 0.1021 -0.9426 0.3180
vn -0.0783 0.5515 -0.8305
vn -0.0759 0.1012 -0.9920
vn -0.0988 -0.2598 -0.9606
vn -0.0914 -0.8516 -0.5162
vn 0.0565 -0.9938 -0.0961
vn 0.1011 -0.9948 0.0100
vn -0.1001 0.9548 -0.2798
vn 0.0927 -0.8994 0.4272
vn 0.0738 -0.8509 0.5202
vn 0.0866 -0.8018 0.5913
vn -0.1362 -0.0238 -0.9904
vn -0.1470 -0.7395 -0.6569
vn -0.0465 -0.9029 -0.4274
vn 0.0838 -0.9964 -0.0102
vn 0.1690 -0.9601 0.2228
vn 0.1847 -0.9171 0.3532
vn 0.0049 0.5464 -0.8375
vn 0.0416 -0.7220 0.6906
vn 0.0528 0.4842 -0.8734
vn 0.0567 0.7233 -0.6882
vn -0.0930 -0.8588 -0.5038
vn -0.0411 -0.9141 -0.4034
vn 0.0157 -0.9550 -0.2962
vn 0.0578 -0.9763 -0.2085
vn 0.0682 -0.9943 -0.0823
vn -0.2846 0.7863 -0.5484
vn -0.0009 0.5404 -0.8414
vn -0.1500 -0.7404 -0.6552
vn 0.0508 -0.9863 -0.1566
vn 0.0859 -0.9963 0.0004
vn 0.0860 -0.9963 0.0002
vn 0.0768 -0.9967 -0.0249
vn 0.0784 -0.9964 -0.0320
vn 0.1096 -0.9940 0.0054
vn 0.1051 -0.9810 0.1629
vn -0.0977 0.9856 -0.1377
vn -0.2108 -0.0200 -0.9773
vn -0.2278 -0.5089 -0.8301
vn -0.1133 -0.8475 -0.5185
vn 0.0127 -0.9439 -0.3301
vn 0.1013 -0.9945 -0.0284
vn 0.1033 -0.8686 0.4847
vn 0.1007 0.4786 -0.8722
vn -0.1740 -0.0986 -0.9798
vn -0.2591 0.4833 -0.8363
vn -0.1554 -0.8067 -0.5701
vn 0.0859 -0.9963 -0.0000
vn 0.0907 -0.9958 -0.0095
vn -0.2649 0.6503 -0.7120
vn 0.1411 -0.9714 0.1909
vn 0.1106 -0.8847 0.4528
vn -0.1693 0.2433 -0.9551
vn -0.2384 0.9048 -0.3529
vn -0.2341 0.6200 -0.7489
vn 0.1250 0.4906 -0.8624
vn -0.0726 0.7370 -0.6720
vn -0.3130 -0.7749 -0.5492
vn -0.1817 -0.9055 -0.3835
vn -0.1518 -0.8089 -0.5680
vn -0.1427 -0.9255 -0.3509
vn 0.0580 -0.9983 -0.0054
vn 0.1116 -0.9732 0.2010
vn 0.0688 -0.8689 0.4902
vn -0.0008 -0.8778 0.4791
vn 0.2533 0.5153 -0.8187
vn -0.0084 -0.8572 0.5150
vn 0.1473 0.5951 -0.7900
vn -0.2740 0.1292 -0.9530
vn -0.2703 -0.0624 -0.9608
vn -0.3869 -0.6587 -0.6452
vn -0.2207 -0.8370 -0.5008
vn 0.0898 -0.9896 0.1124
vn -0.1053 -0.1289 0.9860
vn -0.0941 -0.9041 -0.4169
vn -0.0431 -0.9797 -0.1956
vn -0.0149 -0.9659 -0.2584
vn -0.0977 0.6329 -0.7681
vn 0.0666 -0.9371 0.3426
vn 0.0035 0.9783 -0.2073
vn 0.1950 0.6238 -0.7569
vn 0.0563 0.6143 -0.7870
vn -0.2958 0.1549 -0.9426
vn -0.3120 -0.1529 -0.9377
vn 0.0606 -0.9976 -0.0344
vn 0.0810 -0.9892 0.1222
vn 0.1924 0.6219 -0.7591
vn -0.0179 -0.8507 0.5253
vn -0.3062 0.1444 -0.9409
vn -0.3651 -0.6826 -0.6330
vn 0.0554 -0.9975 -0.0447
vn 0.0745 -0.9972 -0.0064
vn 0.0606 -0.9980 -0.0187
vn 0.0080 -0.8166 0.5772
vn 0.0218 -0.8599 0.5100
vn 0.2128 0.7425 -0.6351
vn -0.3281 -0.6629 -0.6730
vn -0.2936 -0.7319 -0.6149
vn -0.2787 -0.7734 -0.5694
vn 0.0546 -0.9975 -0.0442
vn 0.0608 -0.9976 -0.0345
vn 0.0739 -0.9901 0.1192
vn -0.0082 0.7385 -0.6742
vn -0.0433 0.6826 -0.7295
vn -0.3163 0.1478 -0.9371
vn -0.3367 -0.6782 -0.6533
vn 0.0516 -0.9982 -0.0310
vn 0.0591 -0.9982 -0.0081
vn 0.0626 -0.9978 -0.0202
vn 0.0756 -0.9971 -0.0086
vn 0.0477 -0.9981 0.0395
vn -0.0156 -0.8933 0.4491
vn 0.0221 -0.8814 0.4718
vn -0.0035 -0.8434 0.5373
vn 0.1229 0.6576 -0.7433
vn 0.1175 0.6108 -0.7830
vn -0.0239 -0.7914 0.6109
vn -0.3643 0.0702 -0.9286
vn -0.3857 -0.4207 -0.8211
vn -0.2967 -0.6819 -0.6685
vn -0.1944 -0.8480 -0.4930
vn -0.1777 -0.8657 -0.4680
vn -0.1034 -0.9543 -0.2802
vn 0.0829 -0.9964 -0.0193
vn 0.0479 -0.9980 0.0419
vn 0.0284 0.7114 -0.7022
vn 0.0289 0.6945 -0.7189
vn 0.0060 0.6490 -0.7608
vn -0.0016 -0.8437 0.5368
vn 0.1109 0.6449 -0.7562
vn -0.2638 -0.7513 -0.6049
vn -0.2415 -0.8062 -0.5401
vn -0.1180 -0.9478 -0.2962
vn -0.0383 -0.9879 -0.1502
vn 0.0813 -0.9966 -0.0127
vn 0.0421 -0.9962 0.0763
vn 0.1791 0.6057 -0.7753
vn -0.4020 0.1020 -0.9099
vn -0.2505 0.6438 -0.7230
vn -0.3843 -0.6206 -0.6835
vn 0.0452 0.5708 -0.8198
vn -0.0466 -0.8626 0.5037
vn -0.0475 -0.8650 0.4995
vn -0.4299 0.2226 -0.8750
vn -0.3725 -0.6248 -0.6862
vn -0.3455 -0.6185 -0.7058
vn -0.2980 -0.7028 -0.6460
vn 0.0105 -0.9997 -0.0236
vn 0.0007 -0.9963 0.0864
vn -0.0419 -0.9497 0.3104
vn -0.1176 -0.8849 0.4506
vn 0.0196 0.7073 -0.7066
vn -0.0329 0.6268 -0.7785
vn -0.1497 -0.9428 -0.2979
vn 0.0098 -0.9991 -0.0424
vn 0.0174 -0.9997 -0.0141
vn -0.1010 0.9717 0.2136
vn -0.3229 -0.6845 -0.6536
vn -0.0366 -0.9919 -0.1217
vn 0.0234 -0.9992 -0.0332
vn 0.0133 -0.9998 -0.0173
vn -0.1831 -0.7429 0.6439
vn -0.0293 -0.7941 0.6071
vn -0.4626 0.2122 -0.8608
vn -0.2789 -0.8007 -0.5301
vn 0.1224 0.7716 -0.6242
vn -0.0677 -0.8614 0.5034
vn -0.0063 0.8187 -0.5741
vn -0.2693 -0.8331 -0.4830
vn 0.0182 -0.9996 -0.0195
vn -0.0039 -0.9991 0.0427
vn 0.0889 0.7174 -0.6910
vn -0.1393 -0.8853 0.4436
vn 0.0902 0.5638 -0.8209
vn 0.0708 0.6087 -0.7903
vn -0.3351 -0.7454 -0.5762
vn 0.0014 -1.0000 -0.0043
vn -0.0147 -0.9973 0.0721
vn -0.0359 -0.9506 0.3085
vn -0.1170 -0.9152 0.3857
vn -0.0344 -0.9058 0.4223
vn -0.0715 -0.6666 0.7420
vn 0.0405 0.5734 -0.8183
vn -0.0030 0.8775 -0.4796
vn -0.4915 -0.1215 -0.8624
vn -0.4132 -0.5630 -0.7157
vn -0.3490 -0.7187 -0.6013
vn -0.1575 -0.9503 -0.2685
vn -0.1286 -0.9686 -0.2127
vn -0.0005 -0.9996 -0.0298
vn -0.0183 -0.9978 0.0644
vn -0.1275 -0.7022 0.7005
vn -0.1280 -0.7329 0.6682
vn 0.0658 0.6613 -0.7473
vn -0.0035 -1.0000 -0.0064
vn 0.0014 -0.9996 0.0273
vn -0.0153 -0.9921 0.1246
vn -0.0878 -0.8188 0.5673
vn 0.1063 0.5958 -0.7960
vn -0.4244 -0.5729 -0.7012
vn -0.4268 -0.5791 -0.6946
vn -0.3847 -0.6811 -0.6230
vn -0.2966 -0.8350 -0.4636
vn -0.1801 -0.9420 -0.2831
vn -0.1281 -0.9714 -0.2001
vn 0.0088 -0.9997 -0.0206
vn -0.4321 0.2587 -0.8639
vn -0.1453 -0.9509 0.2733
vn 0.0832 0.8167 -0.5711
vn -0.0306 -0.9359 0.3509
vn -0.0335 -0.9056 0.4227
vn -0.4881 0.1799 -0.8541
vn -0.4718 -0.1054 -0.8754
vn -0.0007 -0.9993 -0.0372
vn -0.1911 -0.8464 0.4971
vn 0.0818 0.6634 -0.7438
vn -0.4073 -0.5847 -0.7015
vn 0.0169 -0.9989 -0.0435
vn 0.0177 -0.9977 0.0660
vn -0.0006 -0.8592 0.5116
vn 0.0001 -0.8718 0.4899
vn 0.0141 -0.8842 0.4668
vn 0.0135 -0.9089 0.4168
vn -0.0523 -0.8812 0.4698
vn -0.0896 -0.7717 0.6296
vn -0.1086 -0.3743 0.9209
vn -0.1202 -0.4103 0.9040
vn -0.4578 0.1830 -0.8700
vn -0.3530 -0.7811 -0.5149
vn -0.1827 -0.9469 -0.2644
vn -0.1434 -0.9517 0.2715
vn 0.1808 0.5537 -0.8129
vn -0.0935 -0.4875 0.8681
vn -0.4591 -0.4361 -0.7740
vn -0.4041 -0.6851 -0.6061
vn -0.1370 -0.9693 -0.2041
vn -0.0185 -0.9998 -0.0066
vn 0.0049 -0.9914 0.1306
vn -0.4542 0.1602 -0.8764
vn -0.3676 -0.7715 -0.5192
vn 0.0270 -0.9996 0.0052
vn 0.2257 0.6476 -0.7278
vn 0.0661 -0.8804 0.4696
vn -0.1555 -0.6144 0.7735
vn -0.4055 0.1053 -0.9080
vn -0.3618 -0.7595 -0.5407
vn -0.1382 -0.9682 -0.2086
vn 0.0122 -0.9641 0.2653
vn 0.0747 -0.9026 0.4241
vn -0.4034 -0.6903 -0.6007
vn -0.0546 -0.9961 -0.0699
vn -0.0381 -0.9957 -0.0844
vn -0.0370 -0.9963 -0.0775
vn 0.0105 -0.9999 0.0127
vn -0.0171 -0.9851 0.1711
vn 0.2353 0.6519 -0.7209
vn 0.0738 -0.9022 0.4250
vn 0.1411 0.7419 -0.6555
vn -0.4328 -0.6101 -0.6636
vn -0.3509 -0.8104 -0.4692
vn -0.2065 -0.9378 -0.2789
vn -0.0156 -0.9724 0.2329
vn -0.1732 -0.6349 0.7529
vn -0.3021 0.4882 -0.8188
vn -0.4560 -0.4040 -0.7930
vn -0.0080 -0.9943 -0.1061
vn 0.0082 -0.9999 0.0122
vn 0.2019 0.6756 -0.7091
vn -0.1835 -0.3790 0.9070
vn -0.4693 0.0579 -0.8812
vn -0.4739 0.0706 -0.8778
vn -0.4267 -0.6161 -0.6621
vn -0.1701 -0.9659 -0.1952
vn -0.0414 -0.9869 0.1561
vn 0.1058 0.6829 -0.7228
vn -0.2004 -0.6105 0.7663
vn -0.3642 -0.7597 -0.5388
vn -0.2016 -0.9365 -0.2869
vn -0.2700 -0.8110 0.5190
vn -0.4432 0.0627 -0.8942
vn -0.4389 -0.6605 -0.6092
vn -0.1329 -0.9747 -0.1800
vn -0.0848 -0.9893 -0.1183
vn -0.1580 -0.9500 0.2693
vn -0.5458 -0.2959 -0.7839
vn -0.4597 -0.6156 -0.6401
vn -0.3139 -0.8262 -0.4677
vn -0.1979 -0.9422 -0.2705
vn -0.1418 -0.9669 -0.2123
vn -0.0255 -0.9996 0.0156
vn -0.0230 -0.9997 0.0122
vn -0.2422 -0.8919 0.3818
vn -0.2784 -0.7977 0.5350
vn 0.2487 0.6707 -0.6987
vn -0.4474 -0.6032 -0.6602
vn -0.0849 -0.9960 -0.0295
vn -0.1451 -0.9721 0.1842
vn -0.1777 -0.9571 0.2290
vn -0.4885 0.1814 -0.8535
vn -0.5094 -0.3199 -0.7988
vn -0.3787 -0.7502 -0.5421
vn -0.3563 -0.7892 -0.5002
vn -0.1410 -0.9862 0.0866
vn 0.2308 0.7063 -0.6693
vn -0.4404 -0.6665 -0.6015
vn -0.3656 -0.7833 -0.5028
vn -0.1513 -0.9881 -0.0293
vn -0.1565 -0.9848 0.0761
vn -0.1931 -0.9529 0.2340
vn -0.2875 -0.8821 0.3731
vn -0.5168 -0.5086 -0.6886
vn -0.2856 -0.9130 -0.2913
vn -0.1882 -0.9786 -0.0836
vn -0.1583 -0.9868 -0.0339
vn -0.3121 -0.8680 0.3861
vn -0.3409 -0.7821 0.5217
vn -0.3870 -0.7365 0.5548
vn -0.3686 -0.6089 0.7024
vn -0.6547 0.0038 -0.7558
vn -0.4270 -0.6700 -0.6073
vn -0.4499 -0.7099 -0.5419
vn -0.3782 -0.7821 -0.4952
vn 0.2670 0.6639 -0.6985
vn -0.7010 0.1479 -0.6976
vn -0.4753 -0.5354 -0.6981
vn -0.4764 -0.6418 -0.6010
vn -0.3960 -0.7457 -0.5359
vn -0.3097 -0.9399 -0.1437
vn -0.3043 -0.9525 -0.0092
vn -0.3019 -0.9434 0.1372
vn -0.2938 -0.9475 0.1259
vn -0.3774 -0.8451 0.3786
vn -0.2677 0.9555 -0.1239
vn -0.4850 -0.4912 0.7235
vn -0.8397 0.2338 -0.4901
vn -0.5063 -0.5573 -0.6581
vn -0.4098 -0.6341 -0.6557
vn -0.3780 -0.8336 -0.4027
vn -0.3265 -0.9356 -0.1341
vn -0.3252 -0.9452 -0.0279
vn -0.3839 -0.8843 0.2656
vn 0.3681 0.7507 -0.5486
vn -0.4644 -0.7575 0.4588
vn 0.3259 0.7176 -0.6155
vn -0.4764 -0.6277 0.6157
vn -0.8421 0.2295 -0.4880
vn -0.6619 -0.3938 -0.6379
vn -0.6775 -0.4594 -0.5744
vn -0.4964 -0.7198 -0.4852
vn -0.4390 -0.8858 -0.1507
vn -0.3958 -0.9180 -0.0244
vn -0.4504 -0.8775 0.1649
vn -0.4566 -0.8552 0.2452
vn -0.5050 -0.7358 0.4511
vn -0.5321 -0.6102 0.5869
vn -0.8722 0.4820 0.0827
vn -0.7122 0.6459 0.2749
vn -0.5201 -0.7333 -0.4380
vn -0.4119 -0.8227 -0.3917
vn -0.4753 -0.8702 -0.1296
vn -0.5005 -0.8571 0.1218
vn -0.5365 -0.7947 0.2839
vn -0.5448 -0.6991 0.4631
vn -0.5685 -0.6143 0.5472
vn -0.8541 0.0913 0.5121
vn -0.6365 -0.4382 0.6347
vn -0.6391 -0.4498 0.6239
vn -0.8836 0.0488 0.4656
vn -0.9774 0.1683 -0.1278
vn -0.8599 -0.3000 -0.4130
vn -0.8103 -0.4012 -0.4272
vn -0.7958 0.5600 0.2306
vn -0.7663 -0.5464 -0.3380
vn -0.7934 0.5601 0.2383
vn -0.7396 0.6345 0.2243
vn -0.9003 0.4005 0.1702
vn -0.8798 -0.4175 -0.2274
vn -0.8655 -0.4903 -0.1025
vn -0.6341 -0.7653 -0.1112
vn -0.9195 0.3841 0.0829
vn -0.7811 0.6226 0.0478
vn -0.9988 0.0404 0.0273
vn -0.9140 0.3990 -0.0732
vn -0.9299 0.3628 -0.0612
vn -0.9879 0.1502 -0.0381
vn -0.9050 -0.4155 0.0914
vn -0.7321 -0.6751 0.0913
vn -0.5911 0.7773 -0.2154
vn -0.8650 0.4442 -0.2332
vn -0.9552 0.2606 -0.1402
vn -0.8290 -0.5219 0.2009
vn -0.8794 -0.4316 0.2012
vn -0.8727 0.4090 -0.2668
vn -0.9197 0.3456 -0.1862
vn -0.8937 -0.3425 0.2899
vn -0.8564 -0.4183 0.3026
vn -0.9329 0.3154 -0.1738
vn -0.9277 0.3590 -0.1023
vn -0.8447 -0.3931 0.3632
vn -0.8690 -0.3004 0.3932
vt 0.603421 0.728336
vt 0.605188 0.741743
vt 0.616509 0.738868
vt 0.615488 0.759580
vt 0.001415 0.537499
vt 0.003966 0.517478
vt 0.006627 0.535204
vt 0.592018 0.720923
vt 0.566445 0.720982
vt 0.570981 0.745025
vt 0.583315 0.717496
vt 0.009131 0.555624
vt 0.002073 0.557286
vt 0.558615 0.736793
vt 0.595666 0.774294
vt 0.611784 0.779044
vt 0.615021 0.779479
vt 0.004048 0.572377
vt 0.554060 0.750465
vt 0.608582 0.793149
vt 0.557902 0.778934
vt 0.578686 0.802644
vt 0.597639 0.805042
vt 0.606680 0.812701
vt 0.551296 0.764297
vt 0.551824 0.775148
vt 0.559594 0.786652
vt 0.589579 0.822034
vt 0.565475 0.797733
vt 0.576841 0.808333
vt 0.591023 0.705021
vt 0.606979 0.715868
vt 0.575534 0.705540
vt 0.714781 0.664211
vt 0.720283 0.689470
vt 0.714684 0.688840
vt 0.006239 0.386239
vt 0.013085 0.373942
vt 0.011210 0.390878
vt 0.003662 0.345626
vt 0.015244 0.341927
vt 0.012439 0.360932
vt 0.616509 0.800997
vt 0.018772 0.584356
vt 0.005603 0.586725
vt 0.019655 0.598478
vt 0.547286 0.788563
vt 0.005261 0.281659
vt 0.015970 0.299038
vt 0.007910 0.308202
vt 0.558915 0.804394
vt 0.572497 0.816490
vt 0.714227 0.638510
vt 0.705791 0.639626
vt 0.706367 0.618901
vt 0.011348 0.507146
vt 0.015565 0.522406
vt 0.016798 0.530929
vt 0.018716 0.552552
vt 0.020923 0.575312
vt 0.010499 0.326402
vt 0.018853 0.312224
vt 0.013125 0.608392
vt 0.019329 0.612264
vt 0.015494 0.288587
vt 0.016804 0.279051
vt 0.542925 0.796229
vt 0.551898 0.816734
vt 0.012996 0.249120
vt 0.016540 0.263846
vt 0.000472 0.257945
vt 0.706681 0.663585
vt 0.705328 0.690380
vt 0.563990 0.833333
vt 0.025793 0.547347
vt 0.029670 0.302383
vt 0.032477 0.612455
vt 0.023709 0.276053
vt 0.020620 0.394307
vt 0.021382 0.378047
vt 0.031897 0.395113
vt 0.023474 0.501781
vt 0.025715 0.521144
vt 0.035467 0.573219
vt 0.032776 0.594221
vt 0.028367 0.290921
vt 0.031504 0.634641
vt 0.022490 0.635286
vt 0.118396 0.198745
vt 0.127830 0.198745
vt 0.119266 0.175035
vt 0.032209 0.242893
vt 0.045681 0.611911
vt 0.016254 0.223909
vt 0.030057 0.220074
vt 0.046203 0.571568
vt 0.052833 0.592110
vt 0.051182 0.599868
vt 0.048750 0.281988
vt 0.045127 0.288045
vt 0.047471 0.616638
vt 0.040579 0.269877
vt 0.045770 0.634455
vt 0.036202 0.258817
vt 0.040572 0.518326
vt 0.045708 0.544130
vt 0.064934 0.566079
vt 0.053266 0.221455
vt 0.063432 0.518107
vt 0.054070 0.269156
vt 0.078114 0.586778
vt 0.064873 0.254245
vt 0.084280 0.625881
vt 0.079713 0.228154
vt 0.075440 0.494200
vt 0.075561 0.506401
vt 0.084738 0.540603
vt 0.672191 0.639189
vt 0.639110 0.621357
vt 0.677137 0.618189
vt 0.101024 0.603663
vt 0.099351 0.269396
vt 0.581604 0.124664
vt 0.541559 0.121189
vt 0.558222 0.132182
vt 0.115135 0.523508
vt 0.124580 0.578627
vt 0.114077 0.242267
vt 0.125747 0.558872
vt 0.500745 0.121053
vt 0.116429 0.278832
vt 0.126742 0.509170
vt 0.157020 0.550468
vt 0.112249 0.250635
vt 0.465800 0.132445
vt 0.531816 0.145746
vt 0.109324 0.262600
vt 0.632594 0.661912
vt 0.586879 0.661048
vt 0.625382 0.639863
vt 0.142830 0.597327
vt 0.123287 0.620108
vt 0.130664 0.262947
vt 0.120618 0.486192
vt 0.144163 0.485754
vt 0.149266 0.588284
vt 0.460674 0.145153
vt 0.153093 0.229574
vt 0.158792 0.494016
vt 0.147258 0.244551
vt 0.156853 0.529698
vt 0.147179 0.213814
vt 0.156537 0.613307
vt 0.163873 0.570889
vt 0.465928 0.119247
vt 0.162323 0.504751
vt 0.175371 0.573315
vt 0.201931 0.586068
vt 0.174360 0.256165
vt 0.173828 0.235650
vt 0.184324 0.522551
vt 0.171772 0.239798
vt 0.181639 0.545184
vt 0.395531 0.122526
vt 0.220949 0.595746
vt 0.195203 0.561997
vt 0.224275 0.604782
vt 0.389325 0.132562
vt 0.215075 0.492196
vt 0.216526 0.497361
vt 0.215052 0.537942
vt 0.200081 0.205417
vt 0.236878 0.563212
vt 0.237367 0.537926
vt 0.258313 0.207307
vt 0.222722 0.516539
vt 0.225615 0.223896
vt 0.527323 0.633817
vt 0.498942 0.617390
vt 0.549436 0.615004
vt 0.216614 0.476783
vt 0.498103 0.636953
vt 0.238669 0.550506
vt 0.225349 0.260935
vt 0.168959 0.270374
vt 0.237968 0.226702
vt 0.244253 0.578260
vt 0.253475 0.244251
vt 0.238997 0.242694
vt 0.344881 0.145363
vt 0.258804 0.193467
vt 0.495291 0.660657
vt 0.448977 0.645367
vt 0.267245 0.494548
vt 0.443176 0.660126
vt 0.463330 0.636292
vt 0.450860 0.614350
vt 0.271077 0.508477
vt 0.267603 0.597585
vt 0.275611 0.572729
vt 0.273665 0.527805
vt 0.278989 0.555394
vt 0.257995 0.470654
vt 0.271920 0.486105
vt 0.277173 0.541206
vt 0.264185 0.254890
vt 0.276909 0.270037
vt 0.350581 0.122593
vt 0.287272 0.211566
vt 0.307092 0.584542
vt 0.402148 0.637087
vt 0.311111 0.130673
vt 0.295244 0.503709
vt 0.289859 0.234608
vt 0.279684 0.221061
vt 0.306496 0.519368
vt 0.306989 0.567005
vt 0.332111 0.531087
vt 0.308563 0.483439
vt 0.298204 0.223918
vt 0.312423 0.205093
vt 0.292566 0.468198
vt 0.333005 0.545132
vt 0.340217 0.217981
vt 0.335427 0.496591
vt 0.234070 0.145746
vt 0.329713 0.462847
vt 0.338292 0.472864
vt 0.332534 0.479573
vt 0.339013 0.513307
vt 0.389374 0.562222
vt 0.353962 0.556264
vt 0.357378 0.194297
vt 0.251838 0.121165
vt 0.362878 0.578900
vt 0.354299 0.644072
vt 0.403817 0.634866
vt 0.366612 0.175142
vt 0.368627 0.472502
vt 0.209488 0.131276
vt 0.379233 0.196434
vt 0.367285 0.490633
vt 0.399354 0.547866
vt 0.389885 0.536511
vt 0.395232 0.460365
vt 0.405870 0.519630
vt 0.405169 0.553348
vt 0.410445 0.569318
vt 0.393315 0.467536
vt 0.401292 0.227826
vt 0.397214 0.247850
vt 0.330578 0.246588
vt 0.416111 0.540831
vt 0.275921 0.658822
vt 0.286997 0.642079
vt 0.407888 0.207377
vt 0.202613 0.120890
vt 0.181959 0.145409
vt 0.417599 0.166948
vt 0.424523 0.498209
vt 0.414752 0.185421
vt 0.411959 0.482646
vt 0.329998 0.635909
vt 0.278590 0.635335
vt 0.275845 0.621475
vt 0.453205 0.551640
vt 0.447195 0.184500
vt 0.468683 0.524394
vt 0.469496 0.446365
vt 0.453421 0.456617
vt 0.455703 0.493298
vt 0.149143 0.122595
vt 0.443358 0.511850
vt 0.454796 0.475681
vt 0.457867 0.533702
vt 0.468823 0.159333
vt 0.466100 0.176858
vt 0.462290 0.559793
vt 0.129809 0.144637
vt 0.472830 0.538768
vt 0.480398 0.505627
vt 0.110890 0.126487
vt 0.500230 0.531093
vt 0.493751 0.540904
vt 0.510033 0.466420
vt 0.522271 0.545995
vt 0.499530 0.554235
vt 0.498758 0.174843
vt 0.510693 0.448755
vt 0.497146 0.486493
vt 0.506345 0.517653
vt 0.502540 0.189119
vt 0.462276 0.198052
vt 0.508168 0.443757
vt 0.088344 0.144249
vt 0.501098 0.167014
vt 0.527855 0.462652
vt 0.518187 0.499108
vt 0.466929 0.217977
vt 0.549880 0.210855
vt 0.468867 0.235154
vt 0.509825 0.154666
vt 0.523970 0.531139
vt 0.233153 0.615798
vt 0.164263 0.626175
vt 0.193552 0.615775
vt 0.526462 0.479756
vt 0.534772 0.512589
vt 0.521936 0.173186
vt 0.532302 0.163650
vt 0.549707 0.545255
vt 0.536870 0.432712
vt 0.531570 0.444085
vt 0.532321 0.185116
vt 0.504970 0.196545
vt 0.059395 0.132082
vt 0.564776 0.508611
vt 0.538615 0.534448
vt 0.185735 0.657875
vt 0.153613 0.658234
vt 0.153715 0.646323
vt 0.568371 0.438058
vt 0.548442 0.221350
vt 0.532018 0.225222
vt 0.564077 0.524902
vt 0.045569 0.143073
vt 0.552178 0.150955
vt 0.550099 0.455792
vt 0.574775 0.489959
vt 0.575815 0.532130
vt 0.574929 0.472875
vt 0.565229 0.176021
vt 0.576519 0.516674
vt 0.578962 0.159793
vt 0.579858 0.181808
vt 0.583949 0.168168
vt 0.589549 0.431794
vt 0.573608 0.452255
vt 0.583783 0.215774
vt 0.580476 0.230503
vt 0.581826 0.504700
vt 0.031580 0.127486
vt 0.596444 0.523218
vt 0.590406 0.468358
vt 0.594291 0.529990
vt 0.013138 0.132443
vt 0.008019 0.143049
vt 0.589616 0.149912
vt 0.589460 0.449714
vt 0.592373 0.487063
vt 0.599850 0.516427
vt 0.570850 0.190754
vt 0.589202 0.185178
vt 0.583788 0.199636
vt 0.595947 0.503743
vt 0.594269 0.161797
vt 0.591138 0.423742
vt 0.594168 0.432329
vt 0.594221 0.449176
vt 0.596260 0.468565
vt 0.600748 0.486175
vt 0.603327 0.523890
vt 0.607018 0.536757
vt 0.600965 0.538254
vt 0.595840 0.173642
vt 0.604747 0.503832
vt 0.595851 0.151096
vt 0.609752 0.446720
vt 0.624670 0.522407
vt 0.616201 0.167534
vt 0.615778 0.426994
vt 0.616293 0.465211
vt 0.594866 0.211823
vt 0.611427 0.210181
vt 0.618640 0.222415
vt 0.631223 0.172216
vt 0.594620 0.183259
vt 0.630910 0.526660
vt 0.625940 0.500174
vt 0.623379 0.513910
vt 0.624854 0.430165
vt 0.631095 0.480720
vt 0.617399 0.189192
vt 0.639398 0.203181
vt 0.594692 0.195560
vt 0.620995 0.150270
vt 0.626174 0.157895
vt 0.642574 0.442112
vt 0.637226 0.511499
vt 0.643252 0.462248
vt 0.641478 0.423721
vt 0.642450 0.495887
vt 0.635955 0.162665
vt 0.648066 0.523965
vt 0.637916 0.149378
vt 0.648633 0.508476
vt 0.646187 0.514583
vt 0.652914 0.478684
vt 0.649962 0.165913
vt 0.652829 0.523750
vt 0.645886 0.157549
vt 0.646906 0.422145
vt 0.651665 0.435014
vt 0.657849 0.452967
vt 0.654784 0.494107
vt 0.653714 0.518237
vt 0.106838 0.717573
vt 0.106995 0.728758
vt 0.113679 0.726110
vt 0.642052 0.148217
vt 0.924818 0.458282
vt 0.922837 0.468612
vt 0.913506 0.464635
vt 0.921661 0.484465
vt 0.912500 0.481206
vt 0.639957 0.415546
vt 0.643173 0.409136
vt 0.658303 0.513303
vt 0.112496 0.739923
vt 0.648250 0.139616
vt 0.905484 0.460844
vt 0.918977 0.448926
vt 0.651104 0.408138
vt 0.661897 0.420000
vt 0.662119 0.464791
vt 0.663745 0.484091
vt 0.661873 0.520723
vt 0.104245 0.740826
vt 0.904688 0.469277
vt 0.662675 0.409929
vt 0.664935 0.432817
vt 0.669726 0.499885
vt 0.663771 0.517267
vt 0.654218 0.131877
vt 0.652516 0.144627
vt 0.894608 0.468805
vt 0.902114 0.481269
vt 0.895620 0.458710
vt 0.659202 0.398718
vt 0.667542 0.447359
vt 0.668649 0.480933
vt 0.670464 0.534697
vt 0.106080 0.760114
vt 0.113419 0.758780
vt 0.654516 0.125383
vt 0.880733 0.484359
vt 0.678603 0.316940
vt 0.665909 0.291857
vt 0.671533 0.301007
vt 0.883504 0.466885
vt 0.657221 0.355841
vt 0.658465 0.361622
vt 0.656841 0.374802
vt 0.661242 0.381840
vt 0.664868 0.411269
vt 0.671849 0.463533
vt 0.679986 0.522332
vt 0.675299 0.535928
vt 0.659643 0.146169
vt 0.113679 0.774982
vt 0.110015 0.784946
vt 0.666318 0.389528
vt 0.670532 0.439394
vt 0.679434 0.504663
vt 0.679840 0.514386
vt 0.665365 0.119625
vt 0.667092 0.132495
vt 0.680970 0.550241
vt 0.679672 0.556204
vt 0.658065 0.110188
vt 0.665399 0.099760
vt 0.871972 0.468141
vt 0.868860 0.484658
vt 0.659759 0.339808
vt 0.663408 0.341951
vt 0.665533 0.360472
vt 0.665349 0.372234
vt 0.697127 0.777726
vt 0.697135 0.799368
vt 0.692411 0.803261
vt 0.674095 0.464489
vt 0.684063 0.488006
vt 0.688311 0.569519
vt 0.685045 0.569324
vt 0.112183 0.799861
vt 0.661255 0.084860
vt 0.736235 0.698624
vt 0.733095 0.715273
vt 0.729980 0.715684
vt 0.719024 0.732106
vt 0.723156 0.722683
vt 0.732673 0.767908
vt 0.730097 0.779431
vt 0.726387 0.779795
vt 0.729582 0.765728
vt 0.726822 0.784057
vt 0.688722 0.497734
vt 0.685329 0.523450
vt 0.688552 0.547791
vt 0.671879 0.102729
vt 0.672931 0.076505
vt 0.692688 0.582682
vt 0.666328 0.320084
vt 0.746608 0.681443
vt 0.741098 0.700204
vt 0.741600 0.715442
vt 0.733353 0.737051
vt 0.734132 0.750268
vt 0.710679 0.804935
vt 0.698573 0.830777
vt 0.692687 0.831844
vt 0.694396 0.548679
vt 0.692983 0.557845
vt 0.844871 0.468084
vt 0.856321 0.466408
vt 0.853215 0.477447
vt 0.849165 0.465344
vt 0.852562 0.484465
vt 0.747100 0.691487
vt 0.749752 0.701453
vt 0.743501 0.731365
vt 0.741407 0.749562
vt 0.739846 0.773879
vt 0.738197 0.798627
vt 0.731396 0.800222
vt 0.692909 0.843975
vt 0.698754 0.521399
vt 0.697025 0.522284
vt 0.701544 0.575702
vt 0.704232 0.587609
vt 0.702819 0.594971
vt 0.700816 0.595000
vt 0.666232 0.068503
vt 0.671965 0.052948
vt 0.680826 0.041757
vt 0.839679 0.482209
vt 0.752563 0.676089
vt 0.755395 0.680567
vt 0.758080 0.690231
vt 0.754750 0.708718
vt 0.748326 0.736012
vt 0.721719 0.814836
vt 0.719489 0.826454
vt 0.697527 0.867632
vt 0.693038 0.872551
vt 0.704530 0.551710
vt 0.709573 0.562729
vt 0.834001 0.465311
vt 0.755442 0.756079
vt 0.742316 0.786116
vt 0.726667 0.802097
vt 0.733449 0.819459
vt 0.714412 0.579274
vt 0.714199 0.595061
vt 0.713441 0.611058
vt 0.718730 0.612531
vt 0.679827 0.030879
vt 0.828231 0.479546
vt 0.773338 0.659999
vt 0.770364 0.671575
vt 0.751610 0.771995
vt 0.728363 0.823764
vt 0.698171 0.907336
vt 0.690094 0.916387
vt 0.683140 0.051472
vt 0.683548 0.080249
vt 0.825054 0.463706
vt 0.825517 0.459473
vt 0.769079 0.690523
vt 0.770642 0.717185
vt 0.745210 0.819249
vt 0.701465 0.065271
vt 0.700973 0.081132
vt 0.722670 0.597015
vt 0.697691 0.050749
vt 0.726056 0.621061
vt 0.688083 0.013366
vt 0.693039 0.017195
vt 0.750970 0.805371
vt 0.734424 0.836888
vt 0.723703 0.843006
vt 0.726133 0.854919
vt 0.726686 0.881852
vt 0.721475 0.900889
vt 0.690618 0.934485
vt 0.704541 0.925549
vt 0.692531 0.955510
vt 0.694463 0.029303
vt 0.779961 0.655457
vt 0.778510 0.662841
vt 0.818211 0.457863
vt 0.759009 0.800014
vt 0.743366 0.848088
vt 0.708425 0.194775
vt 0.700299 0.159791
vt 0.710582 0.149947
vt 0.728342 0.871510
vt 0.722891 0.868573
vt 0.735595 0.622189
vt 0.812336 0.460960
vt 0.808019 0.453935
vt 0.787460 0.679370
vt 0.773096 0.745359
vt 0.733896 0.848856
vt 0.735360 0.877261
vt 0.734647 0.887347
vt 0.727882 0.893521
vt 0.721291 0.911910
vt 0.717556 0.922801
vt 0.711597 0.934760
vt 0.716304 0.953688
vt 0.701415 0.954468
vt 0.728370 0.605926
vt 0.697596 0.000697
vt 0.790600 0.651417
vt 0.791273 0.657735
vt 0.790622 0.667586
vt 0.795376 0.771781
vt 0.756206 0.823831
vt 0.751860 0.844486
vt 0.745795 0.888755
vt 0.733165 0.920736
vt 0.721827 0.924898
vt 0.719528 0.941495
vt 0.701322 0.971317
vt 0.739591 0.615930
vt 0.715726 0.011602
vt 0.713367 0.033351
vt 0.744044 0.630452
vt 0.737769 0.629520
vt 0.663679 0.967207
vt 0.649077 0.960555
vt 0.658904 0.960075
vt 0.729472 0.390428
vt 0.723203 0.382104
vt 0.740061 0.393654
vt 0.792686 0.705407
vt 0.758834 0.840423
vt 0.736393 0.901752
vt 0.728242 0.944736
vt 0.716715 0.056186
vt 0.716070 0.972074
vt 0.800455 0.676596
vt 0.795630 0.726656
vt 0.727098 0.198769
vt 0.726823 0.144700
vt 0.736669 0.198553
vt 0.698697 0.984715
vt 0.748985 0.619580
vt 0.758600 0.627270
vt 0.715825 0.000843
vt 0.161068 0.781451
vt 0.171241 0.774715
vt 0.157075 0.787913
vt 0.174609 0.789288
vt 0.807668 0.665444
vt 0.791147 0.794994
vt 0.763839 0.835847
vt 0.757000 0.878008
vt 0.757098 0.894888
vt 0.744278 0.910038
vt 0.740619 0.930758
vt 0.735050 0.972452
vt 0.728155 0.971887
vt 0.722741 0.026754
vt 0.725005 0.040480
vt 0.642587 0.953337
vt 0.637793 0.967371
vt 0.650764 0.976465
vt 0.637581 0.971446
vt 0.811489 0.659772
vt 0.809724 0.704380
vt 0.763436 0.631214
vt 0.172918 0.771701
vt 0.758412 0.635286
vt 0.753320 0.917530
vt 0.762939 0.623197
vt 0.813650 0.731373
vt 0.759783 0.907745
vt 0.754263 0.953888
vt 0.195053 0.780729
vt 0.174373 0.799696
vt 0.807362 0.650628
vt 0.847599 0.670577
vt 0.824568 0.669994
vt 0.151353 0.065396
vt 0.171020 0.063586
vt 0.150472 0.081092
vt 0.775290 0.885001
vt 0.771297 0.908685
vt 0.756550 0.946872
vt 0.743771 0.015939
vt 0.746301 0.028377
vt 0.778352 0.634042
vt 0.192049 0.765531
vt 0.169723 0.094142
vt 0.807837 0.755007
vt 0.792701 0.850249
vt 0.758686 0.930912
vt 0.750309 0.978609
vt 0.190051 0.761966
vt 0.841979 0.664528
vt 0.166249 0.052098
vt 0.818376 0.715097
vt 0.772978 0.929060
vt 0.749663 0.990438
vt 0.201388 0.802144
vt 0.785955 0.625605
vt 0.176927 0.081010
vt 0.820858 0.701301
vt 0.820886 0.740617
vt 0.732562 0.077949
vt 0.751127 0.064861
vt 0.755864 0.088167
vt 0.790412 0.628878
vt 0.840459 0.674255
vt 0.783035 0.922291
vt 0.774304 0.946046
vt 0.774487 0.961509
vt 0.836221 0.795436
vt 0.787475 0.935302
vt 0.782712 0.994293
vt 0.772658 0.999303
vt 0.225087 0.804141
vt 0.204409 0.813808
vt 0.224840 0.798084
vt 0.209124 0.758634
vt 0.211949 0.771577
vt 0.800455 0.628169
vt 0.210196 0.755421
vt 0.180112 0.039369
vt 0.183911 0.054780
vt 0.199790 0.067865
vt 0.839384 0.748626
vt 0.840235 0.772447
vt 0.773352 0.967971
vt 0.776426 0.048638
vt 0.761023 0.064540
vt 0.802789 0.618969
vt 0.203511 0.080042
vt 0.841232 0.726342
vt 0.813918 0.849159
vt 0.805981 0.901590
vt 0.807524 0.561370
vt 0.802741 0.568312
vt 0.782579 0.570406
vt 0.225076 0.783548
vt 0.782400 0.944212
vt 0.857913 0.680402
vt 0.853672 0.685102
vt 0.194756 0.033132
vt 0.200536 0.051132
vt 0.795340 0.926380
vt 0.793245 0.959784
vt 0.784292 0.982007
vt 0.198857 0.039637
vt 0.844943 0.741528
vt 0.786682 0.975808
vt 0.821102 0.615557
vt 0.225349 0.758880
vt 0.602555 0.933671
vt 0.587914 0.927718
vt 0.591024 0.926393
vt 0.204591 0.063655
vt 0.213125 0.087754
vt 0.762433 0.111214
vt 0.789968 0.097668
vt 0.791760 0.122424
vt 0.810315 0.950247
vt 0.799282 0.955944
vt 0.816254 0.550273
vt 0.818161 0.556708
vt 0.232166 0.750466
vt 0.861717 0.770794
vt 0.860193 0.781819
vt 0.804752 0.964786
vt 0.834987 0.579474
vt 0.803873 0.594626
vt 0.823967 0.618936
vt 0.581490 0.920389
vt 0.865862 0.689501
vt 0.207533 0.028588
vt 0.214176 0.058500
vt 0.226080 0.068221
vt 0.861052 0.753947
vt 0.857779 0.817354
vt 0.827515 0.875507
vt 0.812506 0.929066
vt 0.832020 0.539392
vt 0.826543 0.541097
vt 0.814503 0.539658
vt 0.814678 0.532004
vt 0.232929 0.813708
vt 0.205220 0.022662
vt 0.230474 0.080163
vt 0.843311 0.859608
vt 0.828047 0.507877
vt 0.251962 0.785521
vt 0.811609 0.611981
vt 0.840796 0.607566
vt 0.574331 0.921055
vt 0.221499 0.020187
vt 0.220420 0.024648
vt 0.228686 0.055496
vt 0.257061 0.804494
vt 0.269980 0.756839
vt 0.839888 0.614232
vt 0.246385 0.744333
vt 0.240861 0.751000
vt 0.264279 0.745211
vt 0.210995 0.016709
vt 0.227236 0.036552
vt 0.827551 0.934331
vt 0.822802 0.964671
vt 0.793844 0.990549
vt 0.798804 0.992716
vt 0.841910 0.546462
vt 0.223831 0.015002
vt 0.846282 0.497066
vt 0.854057 0.507077
vt 0.863880 0.603348
vt 0.827577 0.600169
vt 0.242555 0.065327
vt 0.245715 0.074833
vt 0.868490 0.807382
vt 0.244774 0.054047
vt 0.874411 0.766333
vt 0.849018 0.927056
vt 0.842270 0.954421
vt 0.558995 0.918160
vt 0.562039 0.914088
vt 0.236300 0.019371
vt 0.879224 0.801237
vt 0.861357 0.875950
vt 0.844481 0.944668
vt 0.867459 0.532271
vt 0.860727 0.560476
vt 0.841519 0.561129
vt 0.273112 0.776967
vt 0.858767 0.612702
vt 0.862663 0.617361
vt 0.266321 0.736031
vt 0.552098 0.911362
vt 0.233474 0.011852
vt 0.244317 0.033455
vt 0.884058 0.792117
vt 0.871827 0.832983
vt 0.836210 0.970721
vt 0.861588 0.496328
vt 0.284486 0.790710
vt 0.248604 0.012486
vt 0.255220 0.054395
vt 0.258737 0.071396
vt 0.264836 0.081921
vt 0.822129 0.084044
vt 0.831732 0.071944
vt 0.841126 0.082286
vt 0.865830 0.549299
vt 0.249896 0.017014
vt 0.249458 0.032701
vt 0.867080 0.614268
vt 0.541881 0.910545
vt 0.537772 0.903383
vt 0.886764 0.819271
vt 0.876398 0.863167
vt 0.869978 0.610621
vt 0.265298 0.050348
vt 0.873137 0.893454
vt 0.852248 0.969195
vt 0.856831 0.979914
vt 0.296086 0.765687
vt 0.243271 0.007578
vt 0.261430 0.007411
vt 0.260366 0.012053
vt 0.278531 0.071559
vt 0.875986 0.934723
vt 0.891615 0.513295
vt 0.295598 0.748524
vt 0.886441 0.601116
vt 0.295396 0.732573
vt 0.898853 0.821468
vt 0.889814 0.869256
vt 0.884879 0.497527
vt 0.858158 0.065689
vt 0.847061 0.074131
vt 0.908846 0.526018
vt 0.862347 0.519193
vt 0.899159 0.550958
vt 0.866311 0.564558
vt 0.889492 0.609354
vt 0.269904 0.732709
vt 0.290258 0.729545
vt 0.513228 0.917412
vt 0.516632 0.906341
vt 0.523997 0.905119
vt 0.271194 0.011293
vt 0.284213 0.054023
vt 0.289016 0.083913
vt 0.898232 0.579623
vt 0.315827 0.777398
vt 0.286366 0.022088
vt 0.899025 0.842018
vt 0.877083 0.959936
vt 0.873028 0.982082
vt 0.514629 0.899236
vt 0.279763 0.011755
vt 0.300122 0.026023
vt 0.297323 0.073987
vt 0.901492 0.905336
vt 0.875160 0.970165
vt 0.902307 0.493611
vt 0.268492 0.004710
vt 0.281912 0.005653
vt 0.307346 0.088669
vt 0.907671 0.846567
vt 0.913824 0.868051
vt 0.900760 0.595776
vt 0.901723 0.603596
vt 0.903590 0.606343
vt 0.303060 0.725594
vt 0.501946 0.905002
vt 0.503536 0.901417
vt 0.285611 0.011747
vt 0.310233 0.057669
vt 0.892569 0.943615
vt 0.320870 0.756886
vt 0.303384 0.052086
vt 0.903961 0.975021
vt 0.912639 0.562195
vt 0.317166 0.741718
vt 0.490000 0.900923
vt 0.293252 0.010930
vt 0.321718 0.076359
vt 0.921334 0.504174
vt 0.918670 0.517441
vt 0.921539 0.601980
vt 0.295193 0.002381
vt 0.299747 0.005994
vt 0.942442 0.545752
vt 0.923394 0.592181
vt 0.923181 0.597528
vt 0.319266 0.724066
vt 0.483717 0.902989
vt 0.306448 0.010650
vt 0.322196 0.094142
vt 0.928818 0.536538
vt 0.319181 0.719429
vt 0.313122 0.021901
vt 0.311844 0.040549
vt 0.340730 0.083268
vt 0.927227 0.902347
vt 0.924835 0.914922
vt 0.911063 0.948902
vt 0.911404 0.999303
vt 0.335755 0.731676
vt 0.478409 0.898244
vt 0.306806 0.002092
vt 0.328491 0.056796
vt 0.951261 0.556825
vt 0.335037 0.756303
vt 0.335268 0.777254
vt 0.944860 0.587128
vt 0.473947 0.904098
vt 0.322423 0.004594
vt 0.315389 0.010319
vt 0.334689 0.025521
vt 0.931341 0.884079
vt 0.888495 0.998002
vt 0.945671 0.497509
vt 0.941703 0.511209
vt 0.885726 0.037245
vt 0.900930 0.055508
vt 0.878929 0.042004
vt 0.950828 0.592098
vt 0.939617 0.598805
vt 0.335455 0.714441
vt 0.339912 0.063013
vt 0.347751 0.742027
vt 0.340188 0.716563
vt 0.326473 0.008819
vt 0.339346 0.045002
vt 0.932705 0.967739
vt 0.918822 0.982694
vt 0.947842 0.506703
vt 0.351555 0.767203
vt 0.352754 0.787450
vt 0.157075 0.933752
vt 0.168897 0.913641
vt 0.171143 0.921709
vt 0.953645 0.954929
vt 0.359277 0.774445
vt 0.948652 0.536242
vt 0.345891 0.023781
vt 0.355900 0.071829
vt 0.947603 0.910569
vt 0.944134 0.927703
vt 0.350169 0.717566
vt 0.180270 0.903501
vt 0.361518 0.058122
vt 0.363894 0.081238
vt 0.967333 0.500625
vt 0.373594 0.774794
vt 0.964953 0.592803
vt 0.358489 0.711083
vt 0.341845 0.004084
vt 0.187233 0.903956
vt 0.359458 0.040163
vt 0.939712 0.990636
vt 0.974459 0.480277
vt 0.364416 0.746275
vt 0.969812 0.557065
vt 0.966323 0.578996
vt 0.968268 0.514974
vt 0.376340 0.758721
vt 0.363363 0.730231
vt 0.967167 0.586027
vt 0.460774 0.898181
vt 0.436716 0.898429
vt 0.447981 0.894700
vt 0.434472 0.894971
vt 0.190915 0.891190
vt 0.195351 0.894978
vt 0.961399 0.935597
vt 0.948021 0.976520
vt 0.451492 0.904895
vt 0.436815 0.905070
vt 0.351663 0.004646
vt 0.363358 0.020223
vt 0.381974 0.051489
vt 0.383460 0.064809
vt 0.981471 0.511128
vt 0.981281 0.544036
vt 0.374833 0.735461
vt 0.975054 0.576472
vt 0.371487 0.722539
vt 0.980565 0.578728
vt 0.200403 0.886559
vt 0.384708 0.081408
vt 0.988401 0.486898
vt 0.374892 0.709205
vt 0.374058 0.712343
vt 0.425160 0.899799
vt 0.198761 0.882724
vt 0.359055 0.004117
vt 0.366411 0.012803
vt 0.376783 0.036277
vt 0.986876 0.559881
vt 0.205675 0.878622
vt 0.208975 0.880790
vt 0.936545 0.092074
vt 0.948671 0.112406
vt 0.934348 0.113366
vt 0.393391 0.762313
vt 0.386439 0.780186
vt 0.993001 0.534502
vt 0.388073 0.734972
vt 0.990950 0.561881
vt 0.385473 0.720678
vt 0.212153 0.872799
vt 0.221528 0.868433
vt 0.394811 0.071727
vt 0.973416 0.941721
vt 0.966102 0.967529
vt 0.963373 0.990910
vt 0.999528 0.475191
vt 0.995618 0.496952
vt 0.328352 0.920896
vt 0.333406 0.923709
vt 0.339151 0.933752
vt 0.383151 0.714357
vt 0.213398 0.867625
vt 0.227026 0.873093
vt 0.238531 0.859774
vt 0.238324 0.870667
vt 0.392075 0.058369
vt 0.246452 0.859386
vt 0.255770 0.860278
vt 0.247469 0.873612
vt 0.994202 0.517052
vt 0.992672 0.546356
vt 0.229065 0.861983
vt 0.252089 0.856083
vt 0.977830 0.938369
vt 0.970673 0.962488
vt 0.272355 0.865866
vt 0.268876 0.859593
vt 0.286990 0.867357
vt 0.287343 0.870399
vt 0.998881 0.491914
vt 0.998297 0.511731
vt 0.997000 0.532521
vt 0.315282 0.901163
vt 0.323501 0.906568
vt 0.320664 0.912533
vt 0.002842 0.365786
vt 0.707312 0.650462
vt 0.716421 0.616331
vt 0.023234 0.361446
vt 0.022712 0.343086
vt 0.020432 0.325448
vt 0.694308 0.661965
vt 0.695397 0.670333
vt 0.031403 0.371347
vt 0.693804 0.639600
vt 0.693711 0.618038
vt 0.694312 0.692469
vt 0.032926 0.380086
vt 0.032680 0.361143
vt 0.030853 0.342167
vt 0.034692 0.321120
vt 0.031252 0.311776
vt 0.044114 0.340071
vt 0.676137 0.662774
vt 0.671353 0.678697
vt 0.051543 0.395397
vt 0.053954 0.366806
vt 0.674277 0.691811
vt 0.039533 0.497276
vt 0.044634 0.310546
vt 0.049345 0.295828
vt 0.065125 0.318416
vt 0.069433 0.350179
vt 0.063903 0.336716
vt 0.631226 0.675949
vt 0.090599 0.375979
vt 0.102628 0.305022
vt 0.652191 0.637562
vt 0.640284 0.615170
vt 0.623341 0.684960
vt 0.628186 0.691658
vt 0.095812 0.390754
vt 0.098651 0.314894
vt 0.103508 0.365004
vt 0.099701 0.347681
vt 0.105359 0.299375
vt 0.101852 0.332986
vt 0.578639 0.634461
vt 0.585280 0.675957
vt 0.593157 0.616707
vt 0.576550 0.689074
vt 0.154634 0.324346
vt 0.145529 0.383902
vt 0.154409 0.374996
vt 0.164376 0.362213
vt 0.159924 0.344639
vt 0.148523 0.292766
vt 0.151755 0.305978
vt 0.152803 0.332378
vt 0.547002 0.638696
vt 0.162693 0.482093
vt 0.501572 0.676016
vt 0.530150 0.661052
vt 0.190029 0.326164
vt 0.190458 0.319102
vt 0.192200 0.299755
vt 0.500399 0.688565
vt 0.213856 0.353741
vt 0.216090 0.281286
vt 0.215183 0.343830
vt 0.219052 0.369779
vt 0.210526 0.334383
vt 0.493708 0.613065
vt 0.219241 0.316207
vt 0.227328 0.294171
vt 0.270564 0.321651
vt 0.249923 0.309161
vt 0.475877 0.687525
vt 0.248729 0.351210
vt 0.247032 0.334862
vt 0.242867 0.365276
vt 0.278537 0.336707
vt 0.435638 0.677961
vt 0.263953 0.361330
vt 0.454198 0.686608
vt 0.275855 0.284524
vt 0.287114 0.353670
vt 0.281580 0.327208
vt 0.281277 0.303506
vt 0.401502 0.617384
vt 0.415294 0.612971
vt 0.312215 0.241212
vt 0.319609 0.326444
vt 0.393322 0.659806
vt 0.388485 0.685182
vt 0.327634 0.347314
vt 0.305863 0.340605
vt 0.323955 0.315673
vt 0.305719 0.296983
vt 0.312447 0.262624
vt 0.360051 0.681263
vt 0.332315 0.275632
vt 0.376987 0.614131
vt 0.363589 0.331191
vt 0.331415 0.292547
vt 0.348937 0.256307
vt 0.349639 0.235147
vt 0.360904 0.659837
vt 0.350365 0.226347
vt 0.357770 0.316733
vt 0.359224 0.302134
vt 0.326079 0.617929
vt 0.350542 0.692469
vt 0.361459 0.286380
vt 0.360958 0.268948
vt 0.302391 0.676546
vt 0.379054 0.453967
vt 0.388409 0.296359
vt 0.397332 0.280677
vt 0.392332 0.309629
vt 0.391562 0.263634
vt 0.291323 0.680616
vt 0.418316 0.310103
vt 0.390318 0.219936
vt 0.422446 0.328530
vt 0.424098 0.316882
vt 0.430219 0.296171
vt 0.423376 0.286966
vt 0.429268 0.255736
vt 0.430352 0.241812
vt 0.427744 0.445351
vt 0.434310 0.272438
vt 0.481912 0.302378
vt 0.462371 0.268043
vt 0.468253 0.210176
vt 0.234280 0.676041
vt 0.477199 0.315626
vt 0.240086 0.637254
vt 0.473872 0.298259
vt 0.460166 0.283072
vt 0.467135 0.249465
vt 0.227859 0.624632
vt 0.235099 0.680286
vt 0.230512 0.658136
vt 0.505679 0.269628
vt 0.492356 0.253554
vt 0.512802 0.238552
vt 0.516732 0.292684
vt 0.178250 0.640617
vt 0.196138 0.677679
vt 0.177386 0.634021
vt 0.506935 0.263138
vt 0.515498 0.287299
vt 0.539142 0.204939
vt 0.178059 0.675553
vt 0.515353 0.308144
vt 0.527717 0.263203
vt 0.170476 0.680747
vt 0.539935 0.298559
vt 0.550477 0.284310
vt 0.540282 0.279677
vt 0.534060 0.193326
vt 0.557843 0.261237
vt 0.547596 0.237021
vt 0.133057 0.639935
vt 0.108463 0.674838
vt 0.579430 0.268401
vt 0.573766 0.248429
vt 0.600767 0.286168
vt 0.110546 0.628570
vt 0.111307 0.660295
vt 0.598991 0.272303
vt 0.109160 0.637014
vt 0.593263 0.248130
vt 0.110428 0.647330
vt 0.597713 0.262643
vt 0.591459 0.229022
vt 0.106848 0.658213
vt 0.106406 0.641158
vt 0.602603 0.282653
vt 0.594085 0.420333
vt 0.600950 0.268152
vt 0.597507 0.244753
vt 0.595185 0.227405
vt 0.105959 0.677137
vt 0.603313 0.260454
vt 0.090076 0.651041
vt 0.083779 0.642967
vt 0.093282 0.659364
vt 0.616320 0.418544
vt 0.618779 0.275408
vt 0.612165 0.250153
vt 0.082370 0.673800
vt 0.613927 0.241429
vt 0.089010 0.679085
vt 0.071185 0.658380
vt 0.636751 0.260709
vt 0.651409 0.240969
vt 0.645922 0.273248
vt 0.061446 0.674851
vt 0.633764 0.220683
vt 0.642467 0.184118
vt 0.060998 0.656424
vt 0.059531 0.642528
vt 0.650782 0.265743
vt 0.648603 0.255355
vt 0.055189 0.647673
vt 0.056429 0.657665
vt 0.055346 0.673857
vt 0.651448 0.275060
vt 0.651749 0.217410
vt 0.652422 0.184992
vt 0.659097 0.260007
vt 0.658811 0.282272
vt 0.660034 0.269499
vt 0.929717 0.446515
vt 0.658176 0.195254
vt 0.653079 0.154729
vt 0.661223 0.282254
vt 0.664141 0.239589
vt 0.670089 0.272525
vt 0.667528 0.262731
vt 0.664725 0.223667
vt 0.666834 0.206662
vt 0.665155 0.184376
vt 0.660438 0.163297
vt 0.909122 0.444212
vt 0.675922 0.290591
vt 0.672988 0.235839
vt 0.687187 0.275931
vt 0.679769 0.230261
vt 0.686441 0.207982
vt 0.677214 0.161530
vt 0.673825 0.141378
vt 0.687787 0.331745
vt 0.685010 0.331962
vt 0.685672 0.292973
vt 0.701798 0.748431
vt 0.713307 0.733574
vt 0.710293 0.753954
vt 0.681020 0.177983
vt 0.696091 0.349846
vt 0.725426 0.743120
vt 0.716859 0.757804
vt 0.726595 0.752941
vt 0.723573 0.766640
vt 0.727396 0.766313
vt 0.708708 0.775422
vt 0.713710 0.776025
vt 0.723856 0.777843
vt 0.710038 0.794091
vt 0.722865 0.782521
vt 0.716134 0.791256
vt 0.707019 0.221398
vt 0.688056 0.130043
vt 0.695105 0.331215
vt 0.700262 0.286382
vt 0.705015 0.242728
vt 0.720990 0.798594
vt 0.690717 0.193952
vt 0.703698 0.347560
vt 0.707364 0.130095
vt 0.685318 0.098185
vt 0.704989 0.363987
vt 0.708070 0.327233
vt 0.720817 0.346268
vt 0.711563 0.847482
vt 0.713964 0.375297
vt 0.723130 0.367872
vt 0.717744 0.279000
vt 0.704371 0.102987
vt 0.719557 0.302848
vt 0.692758 0.928902
vt 0.811072 0.472581
vt 0.730086 0.326600
vt 0.713202 0.081055
vt 0.731588 0.373243
vt 0.743354 0.267291
vt 0.718957 0.126752
vt 0.694070 0.967271
vt 0.738001 0.351012
vt 0.743991 0.285118
vt 0.720392 0.097781
vt 0.661169 0.978398
vt 0.750017 0.381602
vt 0.738016 0.130526
vt 0.735817 0.099296
vt 0.730044 0.056022
vt 0.753974 0.395397
vt 0.757561 0.362995
vt 0.767425 0.320215
vt 0.756986 0.606696
vt 0.746402 0.587008
vt 0.755940 0.574131
vt 0.635996 0.957935
vt 0.762729 0.345601
vt 0.758874 0.242816
vt 0.771730 0.386037
vt 0.767572 0.275807
vt 0.762488 0.191940
vt 0.748240 0.127531
vt 0.748311 0.048642
vt 0.774531 0.600762
vt 0.623684 0.946872
vt 0.621806 0.955267
vt 0.621161 0.962271
vt 0.619291 0.971065
vt 0.758057 0.140169
vt 0.608984 0.937749
vt 0.772186 0.370119
vt 0.770645 0.352157
vt 0.772677 0.329536
vt 0.780269 0.619193
vt 0.784052 0.312446
vt 0.781206 0.236085
vt 0.605957 0.951638
vt 0.606730 0.960053
vt 0.775694 0.034470
vt 0.614016 0.984200
vt 0.585024 0.973425
vt 0.790082 0.177554
vt 0.783623 0.077485
vt 0.582114 0.984740
vt 0.800808 0.345008
vt 0.801602 0.331580
vt 0.805482 0.313608
vt 0.592314 0.949110
vt 0.811540 0.278656
vt 0.814745 0.254176
vt 0.803615 0.199444
vt 0.589850 0.943505
vt 0.587429 0.964083
vt 0.781178 0.065460
vt 0.592714 0.936593
vt 0.576427 0.950546
vt 0.566121 0.967983
vt 0.570457 0.976712
vt 0.576716 0.995119
vt 0.824317 0.302656
vt 0.808032 0.083718
vt 0.796240 0.074619
vt 0.793775 0.049361
vt 0.581255 0.934289
vt 0.802502 0.110844
vt 0.556660 0.986558
vt 0.822172 0.321719
vt 0.570992 0.931936
vt 0.812687 0.174348
vt 0.801855 0.033057
vt 0.838130 0.217387
vt 0.813766 0.066780
vt 0.561959 0.930144
vt 0.558201 0.955902
vt 0.836657 0.283338
vt 0.830349 0.126013
vt 0.844929 0.519435
vt 0.839200 0.260752
vt 0.829177 0.112502
vt 0.863686 0.583088
vt 0.828103 0.037419
vt 0.831937 0.028818
vt 0.554084 0.926101
vt 0.546460 0.947347
vt 0.529015 0.978726
vt 0.848471 0.280538
vt 0.837172 0.179021
vt 0.533604 0.959053
vt 0.848731 0.303828
vt 0.867863 0.599779
vt 0.543781 0.923368
vt 0.833362 0.057445
vt 0.524284 0.943288
vt 0.862072 0.256151
vt 0.842388 0.086049
vt 0.866057 0.284147
vt 0.858575 0.180225
vt 0.858020 0.232111
vt 0.852633 0.032520
vt 0.507488 0.968490
vt 0.849666 0.044935
vt 0.507903 0.978805
vt 0.870339 0.125971
vt 0.498141 0.955966
vt 0.858885 0.085341
vt 0.304107 0.786618
vt 0.514479 0.920478
vt 0.877643 0.252650
vt 0.883791 0.226754
vt 0.880781 0.099726
vt 0.869784 0.079058
vt 0.873361 0.171231
vt 0.878757 0.116585
vt 0.502294 0.917967
vt 0.496183 0.941508
vt 0.474962 0.978044
vt 0.892830 0.252900
vt 0.894626 0.193114
vt 0.870075 0.086752
vt 0.484866 0.918088
vt 0.901286 0.173098
vt 0.878448 0.078263
vt 0.878249 0.062467
vt 0.476542 0.913235
vt 0.906390 0.213390
vt 0.461817 0.937157
vt 0.904914 0.114282
vt 0.451391 0.946630
vt 0.904019 0.064945
vt 0.452614 0.965552
vt 0.903350 0.205001
vt 0.912089 0.186056
vt 0.911690 0.093984
vt 0.443697 0.979970
vt 0.916661 0.220341
vt 0.462073 0.911299
vt 0.912712 0.168908
vt 0.917266 0.114724
vt 0.439351 0.959082
vt 0.936485 0.197179
vt 0.357801 0.794285
vt 0.376828 0.784981
vt 0.427691 0.922280
vt 0.939621 0.169504
vt 0.929701 0.166113
vt 0.924591 0.082505
vt 0.448877 0.910853
vt 0.419422 0.978396
vt 0.927223 0.133262
vt 0.380568 0.796528
vt 0.421281 0.953092
vt 0.941369 0.132046
vt 0.393644 0.796285
vt 0.395198 0.980417
vt 0.404987 0.995119
vt 0.944576 0.148987
vt 0.422867 0.909351
vt 0.415436 0.944599
vt 0.400708 0.962125
vt 0.413366 0.920838
vt 0.404943 0.938917
vt 0.954194 0.169532
vt 0.953197 0.130006
vt 0.403912 0.784798
vt 0.200944 0.873373
vt 0.954966 0.146792
vt 0.410483 0.803546
vt 0.410944 0.918709
vt 0.396317 0.950943
vt 0.388053 0.970730
vt 0.383770 0.994407
vt 0.960849 0.137418
vt 0.420498 0.813808
vt 0.419507 0.795062
vt 0.410155 0.776051
vt 0.396791 0.739047
vt 0.375505 0.993951
vt 0.429163 0.812953
vt 0.403333 0.758964
vt 0.332212 0.916740
vt 0.395118 0.728849
vt 0.239757 0.855807
vt 0.393417 0.950755
vt 0.253552 0.851822
vt 0.252574 0.847280
vt 0.270535 0.851472
vt 0.375000 0.990297
vt 0.274897 0.857462
vt 0.290544 0.864747
vt 0.286648 0.857045
vt 0.431604 0.812183
vt 0.299596 0.874247
vt 0.296201 0.877702
vt 0.300555 0.867914
vt 0.305927 0.888353
vt 0.317105 0.897586
vt 0.310798 0.880460
vt 0.320709 0.896949
s 0
usemtl Material_0.015
f 475/1/1 471/2/1 482/3/1
f 482/3/2 471/2/2 473/4/2
f 214/5/3 283/6/3 187/7/3
f 472/8/4 471/2/4 475/1/4
f 478/9/5 465/10/5 474/11/5
f 474/11/6 465/10/6 472/8/6
f 472/8/7 465/10/7 471/2/7
f 214/5/8 183/12/8 208/13/8
f 478/9/9 477/14/9 465/10/9
f 471/2/10 465/10/10 467/15/10
f 471/2/11 467/15/11 470/16/11
f 471/2/12 470/16/12 473/4/12
f 473/4/13 470/16/13 483/17/13
f 208/13/14 183/12/14 198/18/14
f 477/14/15 476/19/15 465/10/15
f 470/16/16 481/20/16 483/17/16
f 476/19/17 468/21/17 465/10/17
f 465/10/18 466/22/18 467/15/18
f 467/15/19 469/23/19 470/16/19
f 470/16/20 469/23/20 481/20/20
f 469/23/21 488/24/21 481/20/21
f 476/19/22 480/25/22 468/21/22
f 465/10/23 468/21/23 466/22/23
f 466/22/24 469/23/24 467/15/24
f 480/25/25 487/26/25 468/21/25
f 487/26/26 479/27/26 468/21/26
f 468/21/27 479/27/27 466/22/27
f 466/22/28 486/28/28 469/23/28
f 479/27/29 484/29/29 466/22/29
f 466/22/30 484/29/30 485/30/30
f 466/22/31 485/30/31 486/28/31
f 494/31/32 472/8/32 495/32/32
f 492/33/33 474/11/33 494/31/33
f 456/34/34 464/35/34 460/36/34
f 952/37/35 932/38/35 951/39/35
f 492/33/36 478/9/36 474/11/36
f 214/5/37 187/7/37 183/12/37
f 847/40/38 846/41/38 924/42/38
f 483/17/39 481/20/39 493/43/39
f 198/18/40 155/44/40 231/45/40
f 481/20/41 488/24/41 493/43/41
f 155/44/42 207/46/42 231/45/42
f 480/25/43 491/47/43 487/26/43
f 487/26/44 491/47/44 479/27/44
f 469/23/45 486/28/45 488/24/45
f 579/48/46 580/49/46 581/50/46
f 491/47/47 490/51/47 479/27/47
f 479/27/48 490/51/48 484/29/48
f 484/29/49 489/52/49 485/30/49
f 485/30/50 489/52/50 486/28/50
f 490/51/51 489/52/51 484/29/51
f 454/53/52 395/54/52 399/55/52
f 283/6/53 230/56/53 190/57/53
f 187/7/54 190/57/54 133/58/54
f 187/7/55 133/58/55 121/59/55
f 187/7/56 121/59/56 183/12/56
f 183/12/57 120/60/57 198/18/57
f 183/12/58 121/59/58 120/60/58
f 198/18/59 120/60/59 155/44/59
f 845/61/60 581/50/60 828/62/60
f 207/46/61 323/63/61 231/45/61
f 207/46/62 305/64/62 323/63/62
f 579/48/63 576/65/63 580/49/63
f 575/66/64 576/65/64 579/48/64
f 491/47/65 496/67/65 490/51/65
f 496/67/66 497/68/66 490/51/66
f 490/51/67 497/68/67 489/52/67
f 598/69/68 587/70/68 604/71/68
f 604/71/69 587/70/69 579/48/69
f 419/72/70 460/36/70 451/73/70
f 579/48/71 587/70/71 575/66/71
f 497/68/72 498/74/72 489/52/72
f 133/58/73 116/75/73 121/59/73
f 121/59/74 116/75/74 120/60/74
f 580/49/75 725/76/75 828/62/75
f 207/46/76 301/77/76 305/64/76
f 587/70/77 574/78/77 575/66/77
f 927/79/78 922/80/78 926/81/78
f 230/56/79 229/82/79 190/57/79
f 133/58/80 128/83/80 116/75/80
f 120/60/81 115/84/81 155/44/81
f 155/44/82 159/85/82 207/46/82
f 207/46/83 159/85/83 301/77/83
f 576/65/84 575/66/84 573/86/84
f 575/66/85 574/78/85 573/86/85
f 305/64/86 301/77/86 349/87/86
f 305/64/87 349/87/87 350/88/87
f 1554/89/88 1555/90/88 1556/91/88
f 229/82/89 128/83/89 190/57/89
f 190/57/90 128/83/90 133/58/90
f 116/75/91 115/84/91 120/60/91
f 115/84/92 159/85/92 155/44/92
f 598/69/93 597/92/93 587/70/93
f 301/77/94 303/93/94 349/87/94
f 615/94/95 614/95/95 598/69/95
f 115/84/96 112/96/96 159/85/96
f 159/85/97 112/96/97 154/97/97
f 302/98/98 303/93/98 301/77/98
f 159/85/99 302/98/99 301/77/99
f 571/99/100 570/100/100 573/86/100
f 574/78/101 571/99/101 573/86/101
f 303/93/102 344/101/102 349/87/102
f 572/102/103 571/99/103 574/78/103
f 349/87/104 344/101/104 353/103/104
f 597/92/105 590/104/105 587/70/105
f 574/78/106 587/70/106 572/102/106
f 587/70/107 590/104/107 572/102/107
f 614/95/108 597/92/108 598/69/108
f 229/82/109 127/105/109 128/83/109
f 127/105/110 111/106/110 116/75/110
f 128/83/111 127/105/111 116/75/111
f 116/75/112 111/106/112 115/84/112
f 115/84/113 111/106/113 112/96/113
f 159/85/114 154/97/114 302/98/114
f 111/106/115 110/107/115 112/96/115
f 614/95/116 616/108/116 597/92/116
f 127/105/117 126/109/117 111/106/117
f 572/102/118 567/110/118 571/99/118
f 112/96/119 146/111/119 154/97/119
f 590/104/120 586/112/120 572/102/120
f 344/101/121 346/113/121 353/103/121
f 616/108/122 601/114/122 597/92/122
f 258/115/123 206/116/123 127/105/123
f 111/106/124 109/117/124 110/107/124
f 368/118/125 400/119/125 397/120/125
f 127/105/126 206/116/126 126/109/126
f 597/92/127 601/114/127 586/112/127
f 303/93/128 300/121/128 344/101/128
f 567/110/129 568/122/129 571/99/129
f 1451/123/130 1447/124/130 1445/125/130
f 126/109/131 122/126/131 111/106/131
f 111/106/132 122/126/132 109/117/132
f 146/111/133 144/127/133 302/98/133
f 154/97/134 146/111/134 302/98/134
f 302/98/135 144/127/135 300/121/135
f 302/98/136 300/121/136 303/93/136
f 344/101/137 300/121/137 346/113/137
f 601/114/138 584/128/138 586/112/138
f 112/96/139 132/129/139 146/111/139
f 586/112/140 584/128/140 572/102/140
f 1447/124/141 1446/130/141 1445/125/141
f 570/100/142 568/122/142 569/131/142
f 206/116/143 131/132/143 126/109/143
f 110/107/144 108/133/144 112/96/144
f 584/128/145 564/134/145 572/102/145
f 572/102/146 564/134/146 567/110/146
f 126/109/147 131/132/147 122/126/147
f 1445/125/148 1443/135/148 1444/136/148
f 132/129/149 144/127/149 146/111/149
f 564/134/150 566/137/150 567/110/150
f 366/138/151 364/139/151 365/140/151
f 108/133/152 132/129/152 112/96/152
f 300/121/153 299/141/153 346/113/153
f 110/107/154 109/117/154 108/133/154
f 299/141/155 347/142/155 346/113/155
f 1445/125/156 1446/130/156 1443/135/156
f 566/137/157 561/143/157 568/122/157
f 259/144/158 260/145/158 206/116/158
f 144/127/159 276/146/159 300/121/159
f 300/121/160 276/146/160 299/141/160
f 1443/135/161 1440/147/161 1444/136/161
f 564/134/162 561/143/162 566/137/162
f 601/114/163 596/148/163 584/128/163
f 260/145/164 202/149/164 206/116/164
f 206/116/165 202/149/165 131/132/165
f 564/134/166 560/150/166 561/143/166
f 107/151/167 108/133/167 109/117/167
f 601/114/168 603/152/168 596/148/168
f 132/129/169 108/133/169 144/127/169
f 299/141/170 342/153/170 347/142/170
f 584/128/171 560/150/171 564/134/171
f 122/126/172 131/132/172 107/151/172
f 144/127/173 125/154/173 276/146/173
f 1449/155/174 1443/135/174 1446/130/174
f 108/133/175 125/154/175 144/127/175
f 131/132/176 202/149/176 129/156/176
f 125/154/177 195/157/177 276/146/177
f 276/146/178 275/158/178 299/141/178
f 560/150/179 558/159/179 561/143/179
f 596/148/180 578/160/180 584/128/180
f 584/128/181 578/160/181 560/150/181
f 131/132/182 129/156/182 107/151/182
f 107/151/183 129/156/183 104/161/183
f 578/160/184 562/162/184 560/150/184
f 107/151/185 105/163/185 108/133/185
f 560/150/186 562/162/186 558/159/186
f 299/141/187 275/158/187 342/153/187
f 1449/155/188 1450/164/188 1443/135/188
f 195/157/189 275/158/189 276/146/189
f 275/158/190 339/165/190 342/153/190
f 107/151/191 104/161/191 105/163/191
f 108/133/192 105/163/192 125/154/192
f 105/163/193 124/166/193 125/154/193
f 125/154/194 124/166/194 195/157/194
f 339/165/195 345/167/195 342/153/195
f 1443/135/196 1438/168/196 1440/147/196
f 202/149/197 184/169/197 129/156/197
f 129/156/198 184/169/198 130/170/198
f 104/161/199 103/171/199 105/163/199
f 603/152/200 602/172/200 596/148/200
f 124/166/201 186/173/201 195/157/201
f 195/157/202 186/173/202 275/158/202
f 105/163/203 103/171/203 117/174/203
f 105/163/204 117/174/204 124/166/204
f 1443/135/205 1450/164/205 1438/168/205
f 602/172/206 600/175/206 596/148/206
f 130/170/207 106/176/207 104/161/207
f 596/148/208 585/177/208 578/160/208
f 389/178/209 403/179/209 402/180/209
f 220/181/210 184/169/210 202/149/210
f 389/178/211 361/182/211 403/179/211
f 117/174/212 123/183/212 124/166/212
f 558/159/213 716/184/213 718/185/213
f 124/166/214 123/183/214 186/173/214
f 585/177/215 559/186/215 578/160/215
f 186/173/216 274/187/216 275/158/216
f 596/148/217 600/175/217 585/177/217
f 104/161/218 106/176/218 103/171/218
f 558/159/219 557/188/219 716/184/219
f 562/162/220 559/186/220 556/189/220
f 1438/168/221 1439/190/221 1440/147/221
f 603/152/222 605/191/222 602/172/222
f 556/189/223 557/188/223 558/159/223
f 275/158/224 274/187/224 339/165/224
f 359/192/225 360/193/225 361/182/225
f 130/170/226 134/194/226 106/176/226
f 372/195/227 360/193/227 359/192/227
f 381/196/228 405/197/228 403/179/228
f 134/194/229 102/198/229 106/176/229
f 339/165/230 340/199/230 345/167/230
f 602/172/231 605/191/231 600/175/231
f 186/173/232 213/200/232 274/187/232
f 103/171/233 101/201/233 117/174/233
f 123/183/234 157/202/234 186/173/234
f 274/187/235 213/200/235 339/165/235
f 220/181/236 221/203/236 184/169/236
f 184/169/237 158/204/237 130/170/237
f 106/176/238 102/198/238 103/171/238
f 117/174/239 118/205/239 123/183/239
f 716/184/240 715/206/240 724/207/240
f 339/165/241 213/200/241 340/199/241
f 1450/164/242 1448/208/242 1438/168/242
f 123/183/243 118/205/243 157/202/243
f 130/170/244 158/204/244 134/194/244
f 102/198/245 101/201/245 103/171/245
f 600/175/246 577/209/246 585/177/246
f 585/177/247 577/209/247 559/186/247
f 186/173/248 157/202/248 213/200/248
f 213/200/249 337/210/249 340/199/249
f 101/201/250 118/205/250 117/174/250
f 360/193/251 374/211/251 381/196/251
f 1448/208/252 1441/212/252 1438/168/252
f 1438/168/253 1441/212/253 1439/190/253
f 102/198/254 100/213/254 101/201/254
f 556/189/255 553/214/255 557/188/255
f 577/209/256 555/215/256 559/186/256
f 100/213/257 99/216/257 101/201/257
f 213/200/258 212/217/258 337/210/258
f 118/205/259 119/218/259 157/202/259
f 157/202/260 212/217/260 213/200/260
f 101/201/261 99/216/261 118/205/261
f 158/204/262 136/219/262 134/194/262
f 134/194/263 136/219/263 100/213/263
f 555/215/264 554/220/264 553/214/264
f 605/191/265 565/221/265 600/175/265
f 600/175/266 565/221/266 577/209/266
f 222/222/267 136/219/267 158/204/267
f 157/202/268 156/223/268 212/217/268
f 554/220/269 551/224/269 553/214/269
f 136/219/270 98/225/270 100/213/270
f 118/205/271 99/216/271 119/218/271
f 577/209/272 565/221/272 555/215/272
f 555/215/273 565/221/273 554/220/273
f 100/213/274 98/225/274 99/216/274
f 157/202/275 119/218/275 156/223/275
f 1441/212/276 1442/226/276 1439/190/276
f 225/227/277 226/228/277 222/222/277
f 226/228/278 135/229/278 136/219/278
f 222/222/279 226/228/279 136/219/279
f 136/219/280 135/229/280 98/225/280
f 98/225/281 97/230/281 99/216/281
f 99/216/282 97/230/282 119/218/282
f 212/217/283 324/231/283 337/210/283
f 156/223/284 199/232/284 212/217/284
f 565/221/285 551/224/285 554/220/285
f 605/191/286 595/233/286 565/221/286
f 1448/208/287 1454/234/287 1441/212/287
f 199/232/288 324/231/288 212/217/288
f 324/231/289 338/235/289 337/210/289
f 337/210/290 338/235/290 340/199/290
f 374/211/291 375/236/291 391/237/291
f 605/191/292 608/238/292 595/233/292
f 225/227/293 149/239/293 226/228/293
f 1441/212/294 1452/240/294 1442/226/294
f 595/233/295 550/241/295 565/221/295
f 226/228/296 149/239/296 135/229/296
f 135/229/297 96/242/297 98/225/297
f 199/232/298 200/243/298 324/231/298
f 149/239/299 96/242/299 135/229/299
f 98/225/300 96/242/300 97/230/300
f 1454/234/301 1452/240/301 1441/212/301
f 156/223/302 147/244/302 199/232/302
f 119/218/303 147/244/303 156/223/303
f 225/227/304 224/245/304 149/239/304
f 119/218/305 114/246/305 147/244/305
f 200/243/306 304/247/306 324/231/306
f 324/231/307 336/248/307 338/235/307
f 149/239/308 150/249/308 96/242/308
f 711/250/309 730/251/309 717/252/309
f 97/230/310 114/246/310 119/218/310
f 147/244/311 188/253/311 199/232/311
f 199/232/312 188/253/312 200/243/312
f 375/236/313 377/254/313 379/255/313
f 550/241/314 549/256/314 551/224/314
f 1454/234/315 1458/257/315 1452/240/315
f 1452/240/316 1453/258/316 1442/226/316
f 608/238/317 607/259/317 595/233/317
f 96/242/318 92/260/318 97/230/318
f 607/259/319 583/261/319 595/233/319
f 595/233/320 583/261/320 550/241/320
f 150/249/321 91/262/321 96/242/321
f 390/263/322 392/264/322 409/265/322
f 188/253/323 304/247/323 200/243/323
f 304/247/324 327/266/324 324/231/324
f 583/261/325 547/267/325 550/241/325
f 550/241/326 547/267/326 549/256/326
f 97/230/327 92/260/327 114/246/327
f 147/244/328 137/268/328 188/253/328
f 224/245/329 197/269/329 148/270/329
f 224/245/330 148/270/330 150/249/330
f 92/260/331 87/271/331 114/246/331
f 114/246/332 137/268/332 147/244/332
f 324/231/333 327/266/333 336/248/333
f 1458/257/334 1456/272/334 1452/240/334
f 87/271/335 113/273/335 114/246/335
f 150/249/336 148/270/336 91/262/336
f 91/262/337 87/271/337 92/260/337
f 114/246/338 113/273/338 137/268/338
f 91/262/339 89/274/339 87/271/339
f 137/268/340 189/275/340 188/253/340
f 607/259/341 606/276/341 582/277/341
f 607/259/342 582/277/342 583/261/342
f 188/253/343 189/275/343 304/247/343
f 336/248/344 327/266/344 335/278/344
f 1456/272/345 1455/279/345 1452/240/345
f 1452/240/346 1455/279/346 1453/258/346
f 583/261/347 582/277/347 547/267/347
f 189/275/348 284/280/348 304/247/348
f 304/247/349 284/280/349 327/266/349
f 148/270/350 89/274/350 91/262/350
f 87/271/351 86/281/351 113/273/351
f 113/273/352 86/281/352 137/268/352
f 1456/272/353 1457/282/353 1455/279/353
f 189/275/354 204/283/354 284/280/354
f 284/280/355 310/284/355 327/266/355
f 327/266/356 310/284/356 335/278/356
f 189/275/357 137/268/357 204/283/357
f 89/274/358 88/285/358 87/271/358
f 310/284/359 333/286/359 335/278/359
f 335/278/360 333/286/360 341/287/360
f 582/277/361 548/288/361 547/267/361
f 148/270/362 142/289/362 89/274/362
f 89/274/363 142/289/363 88/285/363
f 87/271/364 85/290/364 86/281/364
f 137/268/365 86/281/365 138/291/365
f 197/269/366 142/289/366 148/270/366
f 88/285/367 85/290/367 87/271/367
f 138/291/368 204/283/368 137/268/368
f 547/267/369 541/292/369 542/293/369
f 284/280/370 204/283/370 310/284/370
f 547/267/371 548/288/371 541/292/371
f 197/269/372 196/294/372 142/289/372
f 1457/282/373 1459/295/373 1455/279/373
f 606/276/374 599/296/374 582/277/374
f 582/277/375 599/296/375 548/288/375
f 142/289/376 90/297/376 88/285/376
f 86/281/377 84/298/377 138/291/377
f 714/299/378 727/300/378 733/301/378
f 609/302/379 599/296/379 606/276/379
f 204/283/380 205/303/380 310/284/380
f 459/304/381 457/305/381 461/306/381
f 85/290/382 84/298/382 86/281/382
f 88/285/383 83/307/383 85/290/383
f 85/290/384 83/307/384 84/298/384
f 138/291/385 141/308/385 205/303/385
f 138/291/386 205/303/386 204/283/386
f 205/303/387 333/286/387 310/284/387
f 548/288/388 563/309/388 541/292/388
f 609/302/389 592/310/389 599/296/389
f 333/286/390 351/311/390 341/287/390
f 599/296/391 592/310/391 548/288/391
f 228/312/392 143/313/392 196/294/392
f 84/298/393 141/308/393 138/291/393
f 541/292/394 538/314/394 540/315/394
f 1460/316/395 1459/295/395 1457/282/395
f 592/310/396 563/309/396 548/288/396
f 196/294/397 143/313/397 142/289/397
f 88/285/398 90/297/398 83/307/398
f 141/308/399 140/317/399 205/303/399
f 205/303/400 318/318/400 333/286/400
f 142/289/401 143/313/401 90/297/401
f 384/319/402 386/320/402 385/321/402
f 228/312/403 153/322/403 143/313/403
f 727/300/404 735/323/404 736/324/404
f 205/303/405 210/325/405 318/318/405
f 1460/316/406 1461/326/406 1459/295/406
f 609/302/407 612/327/407 592/310/407
f 143/313/408 93/328/408 90/297/408
f 93/328/409 83/307/409 90/297/409
f 83/307/410 82/329/410 84/298/410
f 84/298/411 82/329/411 141/308/411
f 205/303/412 140/317/412 210/325/412
f 318/318/413 326/330/413 333/286/413
f 333/286/414 326/330/414 351/311/414
f 93/328/415 81/331/415 83/307/415
f 210/325/416 326/330/416 318/318/416
f 563/309/417 545/332/417 538/314/417
f 83/307/418 81/331/418 82/329/418
f 141/308/419 82/329/419 140/317/419
f 140/317/420 209/333/420 210/325/420
f 612/327/421 591/334/421 592/310/421
f 592/310/422 591/334/422 563/309/422
f 538/314/423 545/332/423 537/335/423
f 591/334/424 546/336/424 563/309/424
f 563/309/425 546/336/425 545/332/425
f 228/312/426 181/337/426 153/322/426
f 153/322/427 94/338/427 93/328/427
f 143/313/428 153/322/428 93/328/428
f 735/323/429 731/339/429 848/340/429
f 93/328/430 94/338/430 81/331/430
f 82/329/431 139/341/431 140/317/431
f 140/317/432 139/341/432 209/333/432
f 1460/316/433 1462/342/433 1461/326/433
f 210/325/434 209/333/434 309/343/434
f 210/325/435 309/343/435 326/330/435
f 94/338/436 80/344/436 81/331/436
f 309/343/437 343/345/437 326/330/437
f 545/332/438 546/336/438 537/335/438
f 1462/342/439 1463/346/439 1461/326/439
f 1463/346/440 1464/347/440 1461/326/440
f 612/327/441 610/348/441 591/334/441
f 94/338/442 95/349/442 80/344/442
f 82/329/443 78/350/443 139/341/443
f 139/341/444 211/351/444 209/333/444
f 536/352/445 534/353/445 535/354/445
f 209/333/446 211/351/446 309/343/446
f 181/337/447 95/349/447 153/322/447
f 81/331/448 80/344/448 78/350/448
f 81/331/449 78/350/449 82/329/449
f 78/350/450 145/355/450 139/341/450
f 139/341/451 145/355/451 211/351/451
f 591/334/452 610/348/452 594/356/452
f 591/334/453 594/356/453 546/336/453
f 269/357/454 160/358/454 181/337/454
f 160/358/455 63/359/455 95/349/455
f 181/337/456 160/358/456 95/349/456
f 95/349/457 63/359/457 80/344/457
f 80/344/458 63/359/458 61/360/458
f 80/344/459 61/360/459 78/350/459
f 61/360/460 60/361/460 78/350/460
f 78/350/461 60/361/461 145/355/461
f 309/343/462 328/362/462 343/345/462
f 328/362/463 356/363/463 343/345/463
f 343/345/464 356/363/464 357/364/464
f 546/336/465 543/365/465 537/335/465
f 60/361/466 79/366/466 145/355/466
f 145/355/467 79/366/467 211/351/467
f 610/348/468 611/367/468 594/356/468
f 63/359/469 62/368/469 61/360/469
f 328/362/470 348/369/470 356/363/470
f 594/356/471 544/370/471 546/336/471
f 546/336/472 544/370/472 543/365/472
f 161/371/473 62/368/473 160/358/473
f 61/360/474 58/372/474 60/361/474
f 62/368/475 58/372/475 61/360/475
f 737/373/476 738/374/476 743/375/476
f 543/365/477 530/376/477 532/377/477
f 348/369/478 355/378/478 356/363/478
f 59/379/479 193/380/479 79/366/479
f 79/366/480 193/380/480 211/351/480
f 211/351/481 193/380/481 328/362/481
f 328/362/482 193/380/482 348/369/482
f 161/371/483 151/381/483 62/368/483
f 58/372/484 53/382/484 60/361/484
f 60/361/485 53/382/485 59/379/485
f 60/361/486 59/379/486 79/366/486
f 531/383/487 739/384/487 533/385/487
f 532/377/488 530/376/488 531/383/488
f 613/386/489 593/387/489 611/367/489
f 611/367/490 593/387/490 594/356/490
f 594/356/491 593/387/491 544/370/491
f 544/370/492 530/376/492 543/365/492
f 151/381/493 51/388/493 62/368/493
f 59/379/494 192/389/494 193/380/494
f 58/372/495 50/390/495 53/382/495
f 193/380/496 192/389/496 348/369/496
f 348/369/497 192/389/497 355/378/497
f 161/371/498 152/391/498 151/381/498
f 53/382/499 55/392/499 59/379/499
f 59/379/500 55/392/500 192/389/500
f 593/387/501 528/393/501 544/370/501
f 544/370/502 528/393/502 530/376/502
f 151/381/503 152/391/503 51/388/503
f 58/372/504 51/388/504 50/390/504
f 192/389/505 354/394/505 355/378/505
f 613/386/506 589/395/506 593/387/506
f 589/395/507 528/393/507 593/387/507
f 55/392/508 57/396/508 192/389/508
f 192/389/509 57/396/509 334/397/509
f 192/389/510 334/397/510 354/394/510
f 50/390/511 52/398/511 53/382/511
f 53/382/512 52/398/512 55/392/512
f 528/393/513 526/399/513 530/376/513
f 354/394/514 334/397/514 358/400/514
f 589/395/515 525/401/515 528/393/515
f 48/402/516 41/403/516 51/388/516
f 152/391/517 48/402/517 51/388/517
f 41/403/518 7/404/518 50/390/518
f 51/388/519 41/403/519 50/390/519
f 52/398/520 56/405/520 55/392/520
f 55/392/521 56/405/521 57/396/521
f 528/393/522 525/401/522 526/399/522
f 57/396/523 330/406/523 334/397/523
f 1561/407/524 1559/408/524 1560/409/524
f 589/395/525 588/410/525 525/401/525
f 977/411/526 976/412/526 970/413/526
f 970/413/527 976/412/527 972/414/527
f 970/413/528 972/414/528 969/415/528
f 48/402/529 263/416/529 279/417/529
f 50/390/530 7/404/530 52/398/530
f 56/405/531 42/418/531 57/396/531
f 57/396/532 42/418/532 330/406/532
f 1559/408/533 1558/419/533 1560/409/533
f 512/420/534 525/401/534 588/410/534
f 970/413/535 971/421/535 980/422/535
f 970/413/536 980/422/536 977/411/536
f 48/402/537 223/423/537 49/424/537
f 7/404/538 5/425/538 52/398/538
f 5/425/539 43/426/539 52/398/539
f 52/398/540 43/426/540 56/405/540
f 42/418/541 38/427/541 330/406/541
f 1557/428/542 1558/419/542 1559/408/542
f 971/421/543 970/413/543 968/429/543
f 970/413/544 969/415/544 968/429/544
f 223/423/545 74/430/545 49/424/545
f 48/402/546 40/431/546 41/403/546
f 40/431/547 7/404/547 41/403/547
f 56/405/548 43/426/548 9/432/548
f 56/405/549 9/432/549 42/418/549
f 9/432/550 37/433/550 42/418/550
f 42/418/551 37/433/551 38/427/551
f 512/420/552 511/434/552 513/435/552
f 971/421/553 968/429/553 966/436/553
f 966/436/554 968/429/554 967/437/554
f 971/421/555 973/438/555 980/422/555
f 215/439/556 74/430/556 223/423/556
f 48/402/557 49/424/557 40/431/557
f 7/404/558 40/431/558 4/440/558
f 4/440/559 5/425/559 7/404/559
f 5/425/560 6/441/560 43/426/560
f 38/427/561 37/433/561 35/442/561
f 1562/443/562 1563/444/562 1558/419/562
f 1557/428/563 1562/443/563 1558/419/563
f 512/420/564 504/445/564 511/434/564
f 966/436/565 967/437/565 964/446/565
f 702/447/566 701/448/566 705/449/566
f 965/450/567 973/438/567 966/436/567
f 266/451/568 217/452/568 265/453/568
f 215/439/569 201/454/569 74/430/569
f 64/455/570 40/431/570 49/424/570
f 74/430/571 64/455/571 49/424/571
f 5/425/572 3/456/572 6/441/572
f 43/426/573 6/441/573 9/432/573
f 9/432/574 39/457/574 37/433/574
f 37/433/575 39/457/575 36/458/575
f 513/435/576 511/434/576 515/459/576
f 37/433/577 36/458/577 35/442/577
f 1562/443/578 1564/460/578 1563/444/578
f 1562/443/579 1565/461/579 1564/460/579
f 965/450/580 966/436/580 964/446/580
f 217/452/581 201/454/581 265/453/581
f 201/454/582 185/462/582 74/430/582
f 185/462/583 64/455/583 74/430/583
f 64/455/584 203/463/584 40/431/584
f 40/431/585 203/463/585 4/440/585
f 3/456/586 5/425/586 4/440/586
f 6/441/587 8/464/587 9/432/587
f 9/432/588 8/464/588 10/465/588
f 9/432/589 10/465/589 39/457/589
f 511/434/590 510/466/590 514/467/590
f 511/434/591 504/445/591 510/466/591
f 35/442/592 36/458/592 34/468/592
f 35/442/593 34/468/593 33/469/593
f 503/470/594 499/471/594 504/445/594
f 962/472/595 964/446/595 963/473/595
f 267/474/596 219/475/596 266/451/596
f 962/472/597 965/450/597 964/446/597
f 219/475/598 218/476/598 217/452/598
f 266/451/599 219/475/599 217/452/599
f 217/452/600 218/476/600 216/477/600
f 217/452/601 216/477/601 201/454/601
f 201/454/602 216/477/602 185/462/602
f 1001/478/603 1005/479/603 1034/480/603
f 1/481/604 2/482/604 3/456/604
f 3/456/605 2/482/605 6/441/605
f 6/441/606 2/482/606 8/464/606
f 39/457/607 34/468/607 36/458/607
f 33/469/608 34/468/608 31/483/608
f 33/469/609 31/483/609 32/484/609
f 1565/461/610 1566/485/610 1564/460/610
f 503/470/611 500/486/611 499/471/611
f 1046/487/612 997/488/612 1045/489/612
f 1045/489/613 996/490/613 1007/491/613
f 1054/492/614 1056/493/614 993/494/614
f 1000/495/615 1054/492/615 993/494/615
f 1056/493/616 1072/496/616 993/494/616
f 2/482/617 12/497/617 8/464/617
f 8/464/618 11/498/618 10/465/618
f 10/465/619 11/498/619 39/457/619
f 39/457/620 11/498/620 34/468/620
f 11/498/621 15/499/621 34/468/621
f 510/466/622 509/500/622 514/467/622
f 34/468/623 15/499/623 31/483/623
f 510/466/624 499/471/624 509/500/624
f 499/471/625 500/486/625 501/501/625
f 32/484/626 31/483/626 30/502/626
f 268/503/627 219/475/627 267/474/627
f 1098/504/628 1009/505/628 1046/487/628
f 1046/487/629 1009/505/629 997/488/629
f 997/488/630 1008/506/630 994/507/630
f 998/508/631 1054/492/631 1000/495/631
f 1005/479/632 1010/509/632 1012/510/632
f 1034/480/633 1012/510/633 1042/511/633
f 12/497/634 11/498/634 8/464/634
f 11/498/635 14/512/635 15/499/635
f 15/499/636 14/512/636 16/513/636
f 15/499/637 16/513/637 31/483/637
f 955/514/638 961/515/638 959/516/638
f 955/514/639 979/517/639 961/515/639
f 959/516/640 963/473/640 960/518/640
f 1098/504/641 1112/519/641 1009/505/641
f 1112/519/642 1163/520/642 1009/505/642
f 1063/521/643 1079/522/643 998/508/643
f 998/508/644 1079/522/644 1054/492/644
f 1079/522/645 1086/523/645 1054/492/645
f 1054/492/646 1086/523/646 1056/493/646
f 1069/524/647 1065/525/647 1072/496/647
f 1056/493/648 1069/524/648 1072/496/648
f 1042/511/649 1012/510/649 1031/526/649
f 24/527/650 13/528/650 12/497/650
f 11/498/651 12/497/651 13/528/651
f 13/528/652 14/512/652 11/498/652
f 16/513/653 14/512/653 17/529/653
f 16/513/654 17/529/654 31/483/654
f 31/483/655 17/529/655 21/530/655
f 31/483/656 21/530/656 30/502/656
f 30/502/657 21/530/657 26/531/657
f 30/502/658 26/531/658 352/532/658
f 502/533/659 505/534/659 501/501/659
f 505/534/660 506/535/660 501/501/660
f 955/514/661 959/516/661 956/536/661
f 959/516/662 960/518/662 956/536/662
f 1146/537/663 1144/538/663 1098/504/663
f 1098/504/664 1144/538/664 1112/519/664
f 1112/519/665 1147/539/665 1163/520/665
f 1163/520/666 1155/540/666 1008/506/666
f 1008/506/667 1155/540/667 1063/521/667
f 1063/521/668 1127/541/668 1079/522/668
f 1013/542/669 1014/543/669 1012/510/669
f 1010/509/670 1013/542/670 1012/510/670
f 1012/510/671 1018/544/671 1031/526/671
f 1031/526/672 1018/544/672 1027/545/672
f 18/546/673 14/512/673 13/528/673
f 13/528/674 24/527/674 18/546/674
f 18/546/675 17/529/675 14/512/675
f 18/546/676 19/547/676 17/529/676
f 955/514/677 954/548/677 979/517/677
f 1144/538/678 1147/539/678 1112/519/678
f 1163/520/679 1147/539/679 1155/540/679
f 1155/540/680 1127/541/680 1063/521/680
f 1127/541/681 1114/549/681 1079/522/681
f 1079/522/682 1114/549/682 1086/523/682
f 1086/523/683 1078/550/683 1056/493/683
f 1056/493/684 1078/550/684 1069/524/684
f 1043/551/685 1035/552/685 1013/542/685
f 24/527/686 19/547/686 18/546/686
f 17/529/687 20/553/687 21/530/687
f 21/530/688 22/554/688 26/531/688
f 26/531/658 27/555/658 352/532/658
f 26/531/689 25/556/689 27/555/689
f 505/534/690 507/557/690 506/535/690
f 954/548/691 956/536/691 957/558/691
f 1152/559/692 1153/560/692 1144/538/692
f 1146/537/693 1152/559/693 1144/538/693
f 1144/538/694 1153/560/694 1147/539/694
f 1086/523/695 1110/561/695 1078/550/695
f 1013/542/696 1035/552/696 1030/562/696
f 1018/544/697 1020/563/697 1026/564/697
f 20/553/698 17/529/698 19/547/698
f 21/530/699 20/553/699 22/554/699
f 501/501/700 508/565/700 516/566/700
f 26/531/701 22/554/701 25/556/701
f 958/567/702 982/568/702 954/548/702
f 958/567/703 954/548/703 957/558/703
f 954/548/704 982/568/704 979/517/704
f 1147/539/705 1162/569/705 1135/570/705
f 1147/539/706 1135/570/706 1155/540/706
f 1155/540/707 1135/570/707 1127/541/707
f 1114/549/708 1110/561/708 1086/523/708
f 1069/524/709 1047/571/709 1065/525/709
f 516/566/710 632/572/710 633/573/710
f 20/553/711 23/574/711 22/554/711
f 516/566/712 508/565/712 624/575/712
f 25/556/713 28/576/713 27/555/713
f 617/577/714 619/578/714 507/557/714
f 1127/541/715 1135/570/715 1114/549/715
f 1078/550/716 1074/579/716 1069/524/716
f 1074/579/717 1047/571/717 1069/524/717
f 1035/552/718 1036/580/718 1030/562/718
f 1030/562/719 1036/580/719 1016/581/719
f 1016/581/720 1036/580/720 1040/582/720
f 1019/583/721 1021/584/721 1020/563/721
f 1025/585/722 1023/586/722 1029/587/722
f 23/574/723 25/556/723 22/554/723
f 508/565/724 620/588/724 624/575/724
f 507/557/725 620/588/725 506/535/725
f 619/578/726 620/588/726 507/557/726
f 1157/589/727 1156/590/727 1152/559/727
f 958/567/728 978/591/728 982/568/728
f 1152/559/729 1156/590/729 1153/560/729
f 1110/561/730 1095/592/730 1078/550/730
f 1078/550/731 1095/592/731 1074/579/731
f 1047/571/732 1048/593/732 1036/580/732
f 1035/552/733 1047/571/733 1036/580/733
f 754/594/734 825/595/734 824/596/734
f 1040/582/735 1041/597/735 1017/598/735
f 23/574/736 29/599/736 28/576/736
f 25/556/737 23/574/737 28/576/737
f 975/600/738 981/601/738 978/591/738
f 1156/590/739 1186/602/739 1153/560/739
f 1153/560/740 1186/602/740 1162/569/740
f 1135/570/741 1126/603/741 1114/549/741
f 1049/604/742 1050/605/742 1041/597/742
f 1041/597/743 1050/605/743 1019/583/743
f 1050/605/744 1053/606/744 1019/583/744
f 1019/583/745 1053/606/745 1057/607/745
f 1021/584/746 1057/607/746 1033/608/746
f 1033/608/747 1022/609/747 1021/584/747
f 1028/610/748 1038/611/748 1032/612/748
f 23/574/749 75/613/749 29/599/749
f 617/577/750 618/614/750 619/578/750
f 1159/615/751 1158/616/751 1157/589/751
f 1157/589/752 1158/616/752 1156/590/752
f 1156/590/753 1185/617/753 1186/602/753
f 1114/549/754 1122/618/754 1110/561/754
f 1095/592/755 1073/619/755 1074/579/755
f 1073/619/756 1059/620/756 1047/571/756
f 1047/571/757 1059/620/757 1048/593/757
f 1050/605/758 1048/593/758 1052/621/758
f 1057/607/759 1061/622/759 1033/608/759
f 1022/609/760 1051/623/760 1037/624/760
f 1028/610/761 1037/624/761 1038/611/761
f 1032/612/762 1038/611/762 1044/625/762
f 75/613/763 76/626/763 29/599/763
f 620/588/764 621/627/764 622/628/764
f 619/578/765 621/627/765 620/588/765
f 29/599/766 44/629/766 28/576/766
f 28/576/767 44/629/767 325/630/767
f 1219/631/768 1214/632/768 1220/633/768
f 676/634/769 678/635/769 679/636/769
f 1162/569/770 1186/602/770 1161/637/770
f 1162/569/771 1161/637/771 1135/570/771
f 1073/619/772 1075/638/772 1059/620/772
f 1059/620/773 1052/621/773 1048/593/773
f 1050/605/774 1052/621/774 1053/606/774
f 1053/606/775 1052/621/775 1055/639/775
f 1053/606/776 1055/639/776 1057/607/776
f 1055/639/777 1061/622/777 1057/607/777
f 1033/608/778 1061/622/778 1051/623/778
f 1061/622/779 1077/640/779 1051/623/779
f 1051/623/780 1077/640/780 1037/624/780
f 632/572/781 624/575/781 627/641/781
f 1038/611/782 1058/642/782 1044/625/782
f 619/578/783 618/614/783 621/627/783
f 1158/616/784 1185/617/784 1156/590/784
f 1185/617/785 1187/643/785 1186/602/785
f 1135/570/786 1134/644/786 1126/603/786
f 753/645/787 802/646/787 795/647/787
f 1044/625/788 1058/642/788 1068/648/788
f 76/626/789 77/649/789 29/599/789
f 29/599/790 45/650/790 44/629/790
f 618/614/791 625/651/791 621/627/791
f 1387/652/792 1368/653/792 1378/654/792
f 1368/653/793 1369/655/793 1378/654/793
f 1158/616/794 1193/656/794 1185/617/794
f 1135/570/795 1161/637/795 1134/644/795
f 1126/603/796 1122/618/796 1114/549/796
f 1110/561/797 1117/657/797 1095/592/797
f 1095/592/798 1094/658/798 1073/619/798
f 1073/619/799 1094/658/799 1075/638/799
f 1075/638/800 1064/659/800 1059/620/800
f 1064/659/801 1062/660/801 1052/621/801
f 1055/639/802 1060/661/802 1061/622/802
f 1060/661/803 1070/662/803 1061/622/803
f 1061/622/804 1070/662/804 1077/640/804
f 1077/640/805 1076/663/805 1037/624/805
f 1037/624/806 1066/664/806 1038/611/806
f 1038/611/807 1066/664/807 1058/642/807
f 623/665/808 626/666/808 622/628/808
f 621/627/809 623/665/809 622/628/809
f 1214/632/810 1217/667/810 1220/633/810
f 1215/668/811 1216/669/811 1228/670/811
f 1159/615/812 1160/671/812 1158/616/812
f 1158/616/813 1160/671/813 1193/656/813
f 1185/617/814 1193/656/814 1187/643/814
f 1187/643/815 1188/672/815 1186/602/815
f 1186/602/816 1188/672/816 1161/637/816
f 1122/618/817 1117/657/817 1110/561/817
f 1095/592/818 1117/657/818 1094/658/818
f 1075/638/819 1094/658/819 1064/659/819
f 1052/621/820 1062/660/820 1060/661/820
f 1037/624/821 1076/663/821 1066/664/821
f 45/650/822 46/673/822 44/629/822
f 1387/652/823 1379/674/823 1368/653/823
f 44/629/824 46/673/824 47/675/824
f 1062/660/825 1067/676/825 1060/661/825
f 77/649/826 227/677/826 45/650/826
f 1161/637/827 1133/678/827 1134/644/827
f 1134/644/828 1133/678/828 1126/603/828
f 1062/660/829 1071/679/829 1067/676/829
f 1070/662/830 1081/680/830 1077/640/830
f 1369/655/831 1356/681/831 1372/682/831
f 1368/653/832 1356/681/832 1369/655/832
f 1181/683/833 1179/684/833 1159/615/833
f 1159/615/834 1179/684/834 1160/671/834
f 1160/671/835 1202/685/835 1193/656/835
f 1542/686/836 1533/687/836 1546/688/836
f 1188/672/837 1133/678/837 1161/637/837
f 1064/659/838 1094/658/838 1108/689/838
f 1064/659/839 1092/690/839 1062/660/839
f 1070/662/840 1083/691/840 1081/680/840
f 623/665/841 629/692/841 628/693/841
f 621/627/842 629/692/842 623/665/842
f 46/673/843 66/694/843 47/675/843
f 1379/674/844 1357/695/844 1368/653/844
f 1546/688/845 1533/687/845 1547/696/845
f 1133/678/846 1121/697/846 1126/603/846
f 1126/603/847 1121/697/847 1122/618/847
f 1094/658/848 1113/698/848 1108/689/848
f 1062/660/849 1092/690/849 1071/679/849
f 1071/679/850 1080/699/850 1067/676/850
f 1077/640/851 1082/700/851 1076/663/851
f 1379/674/852 1380/701/852 1357/695/852
f 1181/683/853 1182/702/853 1179/684/853
f 1542/686/854 1532/703/854 1533/687/854
f 1188/672/855 1189/704/855 1133/678/855
f 1064/659/856 1108/689/856 1092/690/856
f 1071/679/857 1085/705/857 1080/699/857
f 1082/700/858 1084/706/858 1076/663/858
f 1372/682/859 1356/681/859 1364/707/859
f 45/650/860 54/708/860 46/673/860
f 1357/695/861 1356/681/861 1368/653/861
f 1533/687/862 1540/709/862 1547/696/862
f 1188/672/863 1200/710/863 1189/704/863
f 1133/678/864 1132/711/864 1121/697/864
f 1117/657/865 1113/698/865 1094/658/865
f 636/712/866 637/713/866 643/714/866
f 54/708/867 65/715/867 46/673/867
f 46/673/868 65/715/868 66/694/868
f 1179/684/869 1180/716/869 1160/671/869
f 1160/671/870 1180/716/870 1202/685/870
f 1092/690/871 1087/717/871 1071/679/871
f 1071/679/872 1087/717/872 1085/705/872
f 1085/705/873 1096/718/873 1080/699/873
f 1096/718/874 1106/719/874 1083/691/874
f 1080/699/875 1096/718/875 1083/691/875
f 1121/697/876 1115/720/876 1122/618/876
f 1087/717/877 1088/721/877 1085/705/877
f 1081/680/878 1099/722/878 1082/700/878
f 1099/722/879 1104/723/879 1082/700/879
f 1082/700/880 1104/723/880 1084/706/880
f 1364/707/881 1373/724/881 1376/725/881
f 1356/681/882 1361/726/882 1364/707/882
f 1356/681/883 1355/727/883 1354/728/883
f 65/715/884 68/729/884 66/694/884
f 1381/730/885 1355/727/885 1357/695/885
f 1380/701/886 1381/730/886 1357/695/886
f 1357/695/887 1355/727/887 1356/681/887
f 1532/703/888 1523/731/888 1522/732/888
f 1532/703/889 1522/732/889 1533/687/889
f 1522/732/890 1534/733/890 1540/709/890
f 1533/687/891 1522/732/891 1540/709/891
f 1189/704/892 1140/734/892 1133/678/892
f 1133/678/893 1140/734/893 1132/711/893
f 1121/697/894 1120/735/894 1115/720/894
f 1122/618/895 1115/720/895 1117/657/895
f 1108/689/896 1087/717/896 1092/690/896
f 1106/719/897 1100/736/897 1083/691/897
f 1081/680/898 1100/736/898 1099/722/898
f 638/737/899 639/738/899 637/713/899
f 1364/707/900 1361/726/900 1373/724/900
f 1356/681/901 1354/728/901 1361/726/901
f 54/708/902 67/739/902 65/715/902
f 1540/709/903 1534/733/903 1543/740/903
f 1200/710/904 1199/741/904 1189/704/904
f 1121/697/905 1132/711/905 1120/735/905
f 1115/720/906 1116/742/906 1117/657/906
f 1117/657/907 1116/742/907 1113/698/907
f 1108/689/908 1107/743/908 1087/717/908
f 296/744/909 329/745/909 322/746/909
f 1354/728/910 1352/747/910 1361/726/910
f 1189/704/911 1199/741/911 1140/734/911
f 1113/698/912 1107/743/912 1108/689/912
f 1085/705/913 1088/721/913 1089/748/913
f 1179/684/914 1183/749/914 1180/716/914
f 1180/716/915 1183/749/915 1184/750/915
f 1523/731/916 1500/751/916 1522/732/916
f 1522/732/917 1514/752/917 1534/733/917
f 1132/711/918 1140/734/918 1120/735/918
f 1116/742/919 1107/743/919 1113/698/919
f 1087/717/920 1107/743/920 1097/753/920
f 1089/748/921 1091/754/921 1096/718/921
f 1100/736/922 1101/755/922 1099/722/922
f 67/739/923 68/729/923 65/715/923
f 1500/751/924 1498/756/924 1522/732/924
f 1199/741/925 1194/757/925 1140/734/925
f 1106/719/926 1102/758/926 1100/736/926
f 1100/736/927 1102/758/927 1101/755/927
f 67/739/928 69/759/928 68/729/928
f 1355/727/929 1353/760/929 1354/728/929
f 1253/761/930 1248/762/930 1262/763/930
f 1522/732/931 1498/756/931 1514/752/931
f 1514/752/932 1517/764/932 1534/733/932
f 1534/733/933 1517/764/933 1543/740/933
f 1543/740/934 1517/764/934 1541/765/934
f 674/766/935 806/767/935 787/768/935
f 1097/753/936 1093/769/936 1088/721/936
f 1089/748/937 1090/770/937 1091/754/937
f 294/771/938 295/772/938 296/744/938
f 1354/728/939 1353/760/939 1352/747/939
f 1381/730/940 1371/773/940 1355/727/940
f 1355/727/941 1371/773/941 1353/760/941
f 1194/757/942 1176/774/942 1140/734/942
f 1140/734/943 1137/775/943 1120/735/943
f 1093/769/944 1090/770/944 1088/721/944
f 1090/770/945 1111/776/945 1091/754/945
f 329/745/946 317/777/946 332/778/946
f 69/759/947 70/779/947 68/729/947
f 1262/763/948 1248/762/948 1263/780/948
f 1183/749/949 1198/781/949 1184/750/949
f 1500/751/950 1499/782/950 1498/756/950
f 1498/756/951 1513/783/951 1514/752/951
f 1514/752/952 1513/783/952 1517/764/952
f 1517/764/953 1524/784/953 1541/765/953
f 1194/757/954 1205/785/954 1176/774/954
f 1140/734/955 1176/774/955 1137/775/955
f 1120/735/956 1119/786/956 1115/720/956
f 1116/742/957 1123/787/957 1107/743/957
f 1107/743/958 1103/788/958 1097/753/958
f 292/789/959 314/790/959 313/791/959
f 312/792/960 292/789/960 313/791/960
f 1373/724/961 1361/726/961 1374/793/961
f 1537/794/962 1499/782/962 1500/751/962
f 1513/783/963 1524/784/963 1517/764/963
f 1524/784/964 1527/795/964 1541/765/964
f 1115/720/965 1118/796/965 1116/742/965
f 1116/742/966 1118/796/966 1123/787/966
f 1123/787/967 1103/788/967 1107/743/967
f 1097/753/968 1103/788/968 1093/769/968
f 312/792/969 253/797/969 292/789/969
f 1352/747/970 1360/798/970 1361/726/970
f 182/799/971 72/800/971 69/759/971
f 1248/762/972 1246/801/972 1263/780/972
f 1537/794/973 1504/802/973 1499/782/973
f 1499/782/974 1488/803/974 1498/756/974
f 1498/756/975 1489/804/975 1513/783/975
f 1120/735/976 1137/775/976 1119/786/976
f 1361/726/977 1360/798/977 1370/805/977
f 1361/726/978 1370/805/978 1374/793/978
f 1352/747/979 1346/806/979 1360/798/979
f 69/759/980 71/807/980 70/779/980
f 1371/773/981 1384/808/981 1342/809/981
f 1342/809/982 1344/810/982 1353/760/982
f 1353/760/983 1344/810/983 1352/747/983
f 1537/794/984 1549/811/984 1504/802/984
f 1504/802/985 1488/803/985 1499/782/985
f 1488/803/986 1487/812/986 1498/756/986
f 1513/783/987 1489/804/987 1524/784/987
f 1123/787/988 1118/796/988 1109/813/988
f 1123/787/989 1109/813/989 1103/788/989
f 1103/788/990 1109/813/990 1093/769/990
f 1090/770/991 1105/814/991 1111/776/991
f 1138/815/992 1139/816/992 1099/722/992
f 294/771/993 292/789/993 293/817/993
f 294/771/994 293/817/994 295/772/994
f 72/800/995 71/807/995 69/759/995
f 1549/811/996 1548/818/996 1504/802/996
f 1487/812/997 1489/804/997 1498/756/997
f 1119/786/998 1118/796/998 1115/720/998
f 1093/769/999 1105/814/999 1090/770/999
f 252/819/1000 251/820/1000 253/797/1000
f 317/777/1001 162/821/1001 270/822/1001
f 270/822/1002 162/821/1002 72/800/1002
f 1352/747/1003 1344/810/1003 1346/806/1003
f 1489/804/1004 1512/823/1004 1524/784/1004
f 1524/784/1005 1512/823/1005 1527/795/1005
f 1527/795/1006 1512/823/1006 1520/824/1006
f 1119/786/1007 1137/775/1007 1136/825/1007
f 1489/804/1008 1487/812/1008 1485/826/1008
f 1489/804/1009 1485/826/1009 1512/823/1009
f 1205/785/1010 1206/827/1010 1176/774/1010
f 1118/796/1011 1130/828/1011 1109/813/1011
f 1109/813/1012 1124/829/1012 1093/769/1012
f 1093/769/1013 1124/829/1013 1105/814/1013
f 1246/801/1014 1237/830/1014 1257/831/1014
f 1504/802/1015 1490/832/1015 1488/803/1015
f 1176/774/1016 1173/833/1016 1137/775/1016
f 1118/796/1017 1119/786/1017 1128/834/1017
f 1118/796/1018 1128/834/1018 1130/828/1018
f 1109/813/1019 1130/828/1019 1125/835/1019
f 1109/813/1020 1125/835/1020 1124/829/1020
f 292/789/1021 286/836/1021 293/817/1021
f 293/817/1022 298/837/1022 297/838/1022
f 1360/798/1023 1359/839/1023 1370/805/1023
f 72/800/1024 73/840/1024 71/807/1024
f 73/840/1025 291/841/1025 71/807/1025
f 1384/808/1026 1343/842/1026 1342/809/1026
f 1237/830/1027 1256/843/1027 1257/831/1027
f 1548/818/1028 1529/844/1028 1504/802/1028
f 1504/802/1029 1529/844/1029 1490/832/1029
f 1486/845/1030 1487/812/1030 1488/803/1030
f 1490/832/1031 1486/845/1031 1488/803/1031
f 1487/812/1032 1486/845/1032 1485/826/1032
f 1206/827/1033 1204/846/1033 1176/774/1033
f 1176/774/1034 1204/846/1034 1173/833/1034
f 1136/825/1035 1129/847/1035 1119/786/1035
f 1129/847/1036 1128/834/1036 1119/786/1036
f 1124/829/1037 1131/848/1037 1105/814/1037
f 252/819/1038 250/849/1038 251/820/1038
f 1370/805/1039 1359/839/1039 1367/850/1039
f 162/821/1040 73/840/1040 72/800/1040
f 1346/806/1041 1359/839/1041 1360/798/1041
f 1529/844/1042 1492/851/1042 1490/832/1042
f 1485/826/1043 1478/852/1043 1512/823/1043
f 1512/823/1044 1511/853/1044 1520/824/1044
f 1511/853/1045 1528/854/1045 1520/824/1045
f 1137/775/1046 1173/833/1046 1136/825/1046
f 652/855/1047 667/856/1047 668/857/1047
f 293/817/1048 306/858/1048 298/837/1048
f 1342/809/1049 1343/842/1049 1344/810/1049
f 1490/832/1050 1492/851/1050 1491/859/1050
f 1490/832/1051 1491/859/1051 1486/845/1051
f 1486/845/1052 1468/860/1052 1485/826/1052
f 1485/826/1053 1468/860/1053 1478/852/1053
f 1512/823/1054 1478/852/1054 1511/853/1054
f 73/840/1055 164/861/1055 291/841/1055
f 1234/862/1056 1265/863/1056 1256/843/1056
f 1491/859/1057 1468/860/1057 1486/845/1057
f 1173/833/1058 1151/864/1058 1136/825/1058
f 1136/825/1059 1151/864/1059 1129/847/1059
f 1129/847/1060 1142/865/1060 1128/834/1060
f 162/821/1061 163/866/1061 73/840/1061
f 1465/867/1062 1478/852/1062 1468/860/1062
f 1204/846/1063 1151/864/1063 1173/833/1063
f 1142/865/1064 1141/868/1064 1128/834/1064
f 1128/834/1065 1141/868/1065 1130/828/1065
f 1124/829/1066 1143/869/1066 1131/848/1066
f 1143/869/1067 1211/870/1067 1131/848/1067
f 1346/806/1068 1358/871/1068 1359/839/1068
f 1553/872/1069 1550/873/1069 1492/851/1069
f 1550/873/1070 1493/874/1070 1492/851/1070
f 1492/851/1071 1493/874/1071 1491/859/1071
f 1491/859/1072 1493/874/1072 1468/860/1072
f 1511/853/1073 1478/852/1073 1507/875/1073
f 1511/853/1074 1507/875/1074 1528/854/1074
f 1130/828/1075 1145/876/1075 1125/835/1075
f 250/849/1076 247/877/1076 251/820/1076
f 1359/839/1077 1358/871/1077 1367/850/1077
f 1346/806/1078 1347/878/1078 1358/871/1078
f 162/821/1079 165/879/1079 163/866/1079
f 1346/806/1080 1345/880/1080 1347/878/1080
f 1344/810/1081 1345/880/1081 1346/806/1081
f 1204/846/1082 1209/881/1082 1151/864/1082
f 1151/864/1083 1154/882/1083 1129/847/1083
f 1154/882/1084 1142/865/1084 1129/847/1084
f 250/849/1085 249/883/1085 247/877/1085
f 667/856/1086 663/884/1086 666/885/1086
f 247/877/1087 254/886/1087 255/887/1087
f 306/858/1088 308/888/1088 307/889/1088
f 163/866/1089 166/890/1089 164/861/1089
f 1389/891/1090 1383/892/1090 1343/842/1090
f 1343/842/1091 1383/892/1091 1345/880/1091
f 1343/842/1092 1345/880/1092 1344/810/1092
f 1229/893/1093 1238/894/1093 1234/862/1093
f 1234/862/1094 1238/894/1094 1259/895/1094
f 1493/874/1095 1497/896/1095 1468/860/1095
f 1465/867/1096 1469/897/1096 1478/852/1096
f 1478/852/1097 1469/897/1097 1507/875/1097
f 1507/875/1098 1521/898/1098 1528/854/1098
f 1142/865/1099 1154/882/1099 1141/868/1099
f 1125/835/1100 1143/869/1100 1124/829/1100
f 308/888/1101 285/899/1101 307/889/1101
f 1358/871/1102 1366/900/1102 1367/850/1102
f 165/879/1103 166/890/1103 163/866/1103
f 1493/874/1104 1550/873/1104 1497/896/1104
f 1497/896/1105 1466/901/1105 1468/860/1105
f 1468/860/1106 1466/901/1106 1465/867/1106
f 1209/881/1107 1174/902/1107 1151/864/1107
f 1151/864/1108 1174/902/1108 1154/882/1108
f 1141/868/1109 1145/876/1109 1130/828/1109
f 1125/835/1110 1148/903/1110 1143/869/1110
f 1143/869/1111 1201/904/1111 1211/870/1111
f 1259/895/1112 1238/894/1112 1264/905/1112
f 1497/896/1113 1503/906/1113 1466/901/1113
f 1465/867/1114 1466/901/1114 1467/907/1114
f 1469/897/1115 1508/908/1115 1507/875/1115
f 1507/875/1116 1508/908/1116 1521/898/1116
f 1150/909/1117 1145/876/1117 1141/868/1117
f 1172/910/1118 1143/869/1118 1148/903/1118
f 1143/869/1119 1172/910/1119 1201/904/1119
f 249/883/1120 248/911/1120 247/877/1120
f 1552/912/1121 1545/913/1121 1497/896/1121
f 1497/896/1122 1545/913/1122 1503/906/1122
f 1465/867/1123 1467/907/1123 1469/897/1123
f 1508/908/1124 1530/914/1124 1521/898/1124
f 1209/881/1125 1208/915/1125 1174/902/1125
f 1174/902/1126 1175/916/1126 1154/882/1126
f 1154/882/1127 1150/909/1127 1141/868/1127
f 1145/876/1128 1148/903/1128 1125/835/1128
f 165/879/1129 168/917/1129 167/918/1129
f 165/879/1130 167/918/1130 166/890/1130
f 167/918/1131 262/919/1131 166/890/1131
f 1383/892/1132 1382/920/1132 1345/880/1132
f 1238/894/1133 1233/921/1133 1261/922/1133
f 1503/906/1134 1502/923/1134 1466/901/1134
f 1469/897/1135 1479/924/1135 1508/908/1135
f 1145/876/1136 1149/925/1136 1148/903/1136
f 1358/871/1137 1362/926/1137 1366/900/1137
f 1469/897/1138 1470/927/1138 1479/924/1138
f 1174/902/1139 1208/915/1139 1175/916/1139
f 1150/909/1140 1149/925/1140 1145/876/1140
f 1148/903/1141 1168/928/1141 1172/910/1141
f 285/899/1142 308/888/1142 281/929/1142
f 1358/871/1143 1349/930/1143 1362/926/1143
f 1233/921/1144 1255/931/1144 1261/922/1144
f 1545/913/1145 1496/932/1145 1502/923/1145
f 1503/906/1146 1545/913/1146 1502/923/1146
f 1502/923/1147 1496/932/1147 1466/901/1147
f 1467/907/1148 1470/927/1148 1469/897/1148
f 1508/908/1149 1515/933/1149 1530/914/1149
f 1154/882/1150 1175/916/1150 1150/909/1150
f 248/911/1151 246/934/1151 247/877/1151
f 247/877/1152 246/934/1152 245/935/1152
f 168/917/1153 169/936/1153 167/918/1153
f 167/918/1154 169/936/1154 262/919/1154
f 1545/913/1155 1551/937/1155 1539/938/1155
f 1545/913/1156 1539/938/1156 1496/932/1156
f 1496/932/1157 1467/907/1157 1466/901/1157
f 1508/908/1158 1479/924/1158 1515/933/1158
f 308/888/1159 311/939/1159 281/929/1159
f 285/899/1160 281/929/1160 171/940/1160
f 171/940/1161 170/941/1161 168/917/1161
f 168/917/1162 170/941/1162 169/936/1162
f 1382/920/1163 1348/942/1163 1345/880/1163
f 1233/921/1164 1236/943/1164 1255/931/1164
f 1496/932/1165 1539/938/1165 1495/944/1165
f 1496/932/1166 1495/944/1166 1467/907/1166
f 1530/914/1167 1515/933/1167 1536/945/1167
f 308/888/1168 315/946/1168 311/939/1168
f 1382/920/1169 1386/947/1169 1348/942/1169
f 1467/907/1170 1471/948/1170 1470/927/1170
f 1470/927/1171 1471/948/1171 1472/949/1171
f 1470/927/1172 1472/949/1172 1479/924/1172
f 1515/933/1173 1519/950/1173 1536/945/1173
f 1190/951/1174 1165/952/1174 1150/909/1174
f 1175/916/1175 1190/951/1175 1150/909/1175
f 1150/909/1176 1165/952/1176 1164/953/1176
f 1150/909/1177 1164/953/1177 1149/925/1177
f 1149/925/1178 1164/953/1178 1148/903/1178
f 1168/928/1179 1178/954/1179 1172/910/1179
f 1172/910/1180 1178/954/1180 1201/904/1180
f 1348/942/1181 1350/955/1181 1349/930/1181
f 1255/931/1182 1236/943/1182 1254/956/1182
f 1551/937/1183 1544/957/1183 1539/938/1183
f 1539/938/1184 1544/957/1184 1495/944/1184
f 1495/944/1185 1471/948/1185 1467/907/1185
f 1479/924/1186 1481/958/1186 1515/933/1186
f 311/939/1187 282/959/1187 281/929/1187
f 1365/960/1188 1329/961/1188 1366/900/1188
f 281/929/1189 173/962/1189 171/940/1189
f 1349/930/1190 1350/955/1190 1362/926/1190
f 1236/943/1191 1239/963/1191 1254/956/1191
f 1544/957/1192 1482/964/1192 1495/944/1192
f 1482/964/1193 1494/965/1193 1495/944/1193
f 1495/944/1194 1494/965/1194 1471/948/1194
f 1472/949/1195 1473/966/1195 1479/924/1195
f 1473/966/1196 1481/958/1196 1479/924/1196
f 1175/916/1197 1210/967/1197 1190/951/1197
f 1164/953/1198 1168/928/1198 1148/903/1198
f 1201/904/1199 1178/954/1199 1207/968/1199
f 242/969/1200 244/970/1200 245/935/1200
f 246/934/1201 242/969/1201 245/935/1201
f 658/971/1202 659/972/1202 657/973/1202
f 1362/926/1203 1350/955/1203 1365/960/1203
f 171/940/1204 172/974/1204 170/941/1204
f 170/941/1205 179/975/1205 169/936/1205
f 1386/947/1206 1385/976/1206 1348/942/1206
f 1481/958/1207 1505/977/1207 1515/933/1207
f 1515/933/1208 1505/977/1208 1519/950/1208
f 1350/955/1209 1326/978/1209 1365/960/1209
f 172/974/1210 179/975/1210 170/941/1210
f 1385/976/1211 1351/979/1211 1348/942/1211
f 1482/964/1212 1474/980/1212 1494/965/1212
f 1494/965/1213 1474/980/1213 1471/948/1213
f 1471/948/1214 1474/980/1214 1473/966/1214
f 1471/948/1215 1473/966/1215 1472/949/1215
f 1473/966/1216 1480/981/1216 1481/958/1216
f 1164/953/1217 1167/982/1217 1168/928/1217
f 1168/928/1218 1169/983/1218 1178/954/1218
f 242/969/1219 243/984/1219 244/970/1219
f 1329/961/1220 1324/985/1220 1327/986/1220
f 173/962/1221 172/974/1221 171/940/1221
f 1430/987/1222 1429/988/1222 1428/989/1222
f 1481/958/1223 1480/981/1223 1505/977/1223
f 1165/952/1224 1166/990/1224 1164/953/1224
f 1327/986/1225 1324/985/1225 1323/991/1225
f 311/939/1226 289/992/1226 282/959/1226
f 1473/966/1227 1476/993/1227 1480/981/1227
f 1505/977/1228 1518/994/1228 1519/950/1228
f 1210/967/1229 1203/995/1229 1190/951/1229
f 1190/951/1230 1177/996/1230 1165/952/1230
f 1166/990/1231 1167/982/1231 1164/953/1231
f 1168/928/1232 1167/982/1232 1169/983/1232
f 1350/955/1233 1363/997/1233 1326/978/1233
f 1351/979/1234 1363/997/1234 1350/955/1234
f 1429/988/1235 1426/998/1235 1428/989/1235
f 1505/977/1236 1506/999/1236 1518/994/1236
f 1519/950/1237 1518/994/1237 1525/1000/1237
f 1165/952/1238 1177/996/1238 1166/990/1238
f 242/969/1239 241/1001/1239 243/984/1239
f 1323/991/1240 1325/1002/1240 1327/986/1240
f 172/974/1241 290/1003/1241 179/975/1241
f 1385/976/1242 1377/1004/1242 1351/979/1242
f 1482/964/1243 1475/1005/1243 1474/980/1243
f 1428/989/1244 1426/998/1244 1425/1006/1244
f 1474/980/1245 1475/1005/1245 1473/966/1245
f 1475/1005/1246 1476/993/1246 1473/966/1246
f 1480/981/1247 1483/1007/1247 1505/977/1247
f 1190/951/1248 1203/995/1248 1177/996/1248
f 1167/982/1249 1171/1008/1249 1169/983/1249
f 240/1009/1250 241/1001/1250 242/969/1250
f 1171/1008/1251 1178/954/1251 1169/983/1251
f 243/984/1252 241/1001/1252 244/970/1252
f 1324/985/1253 1320/1010/1253 1323/991/1253
f 282/959/1254 287/1011/1254 173/962/1254
f 1326/978/1255 1320/1010/1255 1324/985/1255
f 173/962/1256 174/1012/1256 172/974/1256
f 1351/979/1257 1377/1004/1257 1363/997/1257
f 1476/993/1258 1483/1007/1258 1480/981/1258
f 1505/977/1259 1483/1007/1259 1506/999/1259
f 241/1001/1260 257/1013/1260 244/970/1260
f 289/992/1261 287/1011/1261 282/959/1261
f 1323/991/1262 1320/1010/1262 1317/1014/1262
f 1326/978/1263 1321/1015/1263 1320/1010/1263
f 174/1012/1264 175/1016/1264 172/974/1264
f 1363/997/1265 1321/1015/1265 1326/978/1265
f 172/974/1266 175/1016/1266 290/1003/1266
f 1242/1017/1267 1244/1018/1267 1260/1019/1267
f 1260/1019/1268 1244/1018/1268 1258/1020/1268
f 1426/998/1269 1420/1021/1269 1425/1006/1269
f 1425/1006/1270 1420/1021/1270 1423/1022/1270
f 1203/995/1271 1191/1023/1271 1177/996/1271
f 1170/1024/1272 1171/1008/1272 1167/982/1272
f 1323/991/1273 1317/1014/1273 1325/1002/1273
f 1363/997/1274 1377/1004/1274 1321/1015/1274
f 1243/1025/1275 1249/1026/1275 1244/1018/1275
f 1475/1005/1276 1477/1027/1276 1476/993/1276
f 1484/1028/1277 1483/1007/1277 1476/993/1277
f 1476/993/1278 1477/1027/1278 1484/1028/1278
f 1506/999/1279 1509/1029/1279 1518/994/1279
f 1518/994/1280 1526/1030/1280 1525/1000/1280
f 1166/990/1281 1170/1024/1281 1167/982/1281
f 241/1001/1282 256/1031/1282 257/1013/1282
f 257/1013/1283 288/1032/1283 289/992/1283
f 289/992/1284 288/1032/1284 287/1011/1284
f 1321/1015/1285 1315/1033/1285 1320/1010/1285
f 174/1012/1286 176/1034/1286 175/1016/1286
f 1377/1004/1287 1316/1035/1287 1321/1015/1287
f 175/1016/1288 177/1036/1288 290/1003/1288
f 1420/1021/1289 1419/1037/1289 1423/1022/1289
f 1483/1007/1290 1509/1029/1290 1506/999/1290
f 1526/1030/1291 1535/1038/1291 1525/1000/1291
f 1177/996/1292 1191/1023/1292 1166/990/1292
f 240/1009/1293 239/1039/1293 241/1001/1293
f 1316/1035/1294 1315/1033/1294 1321/1015/1294
f 176/1034/1295 177/1036/1295 175/1016/1295
f 1388/1040/1296 1337/1041/1296 1377/1004/1296
f 1377/1004/1297 1337/1041/1297 1316/1035/1297
f 1244/1018/1298 1251/1042/1298 1258/1020/1298
f 1420/1021/1299 1416/1043/1299 1419/1037/1299
f 1516/1044/1300 1510/1045/1300 1477/1027/1300
f 1477/1027/1301 1510/1045/1301 1484/1028/1301
f 1484/1028/1302 1501/1046/1302 1483/1007/1302
f 1483/1007/1303 1501/1046/1303 1509/1029/1303
f 1509/1029/1304 1526/1030/1304 1518/994/1304
f 241/1001/1305 239/1039/1305 256/1031/1305
f 257/1013/1306 256/1031/1306 288/1032/1306
f 287/1011/1307 180/1047/1307 174/1012/1307
f 180/1047/1308 176/1034/1308 174/1012/1308
f 1416/1043/1309 1414/1048/1309 1419/1037/1309
f 1419/1037/1310 1414/1048/1310 1422/1049/1310
f 1484/1028/1311 1510/1045/1311 1501/1046/1311
f 839/1050/1312 841/1051/1312 815/1052/1312
f 1317/1014/1313 1318/1053/1313 1322/1054/1313
f 288/1032/1314 232/1055/1314 180/1047/1314
f 1315/1033/1315 1313/1056/1315 1317/1014/1315
f 180/1047/1316 178/1057/1316 176/1034/1316
f 1315/1033/1317 1311/1058/1317 1313/1056/1317
f 1422/1049/1318 1414/1048/1318 1413/1059/1318
f 1422/1049/1319 1413/1059/1319 1417/1060/1319
f 1526/1030/1320 1538/1061/1320 1535/1038/1320
f 1191/1023/1321 1195/1062/1321 1166/990/1321
f 1195/1062/1322 1192/1063/1322 1166/990/1322
f 1166/990/1323 1192/1063/1323 1170/1024/1323
f 1170/1024/1324 1212/1064/1324 1171/1008/1324
f 240/1009/1325 238/1065/1325 239/1039/1325
f 239/1039/1326 236/1066/1326 256/1031/1326
f 1397/1067/1327 1408/1068/1327 1418/1069/1327
f 1388/1040/1328 1341/1070/1328 1337/1041/1328
f 1337/1041/1329 1341/1070/1329 1311/1058/1329
f 1337/1041/1330 1311/1058/1330 1316/1035/1330
f 1412/1071/1331 1413/1059/1331 1414/1048/1331
f 1422/1049/1332 1417/1060/1332 1427/1072/1332
f 1417/1060/1333 1410/1073/1333 1424/1074/1333
f 1427/1072/1334 1417/1060/1334 1424/1074/1334
f 1509/1029/1335 1531/1075/1335 1526/1030/1335
f 1409/1076/1336 1421/1077/1336 1431/1078/1336
f 1192/1063/1337 1212/1064/1337 1170/1024/1337
f 239/1039/1338 238/1065/1338 236/1066/1338
f 232/1055/1339 256/1031/1339 235/1079/1339
f 194/1080/1340 180/1047/1340 232/1055/1340
f 194/1080/1341 178/1057/1341 180/1047/1341
f 1417/1060/1342 1411/1081/1342 1410/1073/1342
f 1424/1074/1343 1410/1073/1343 1409/1076/1343
f 1409/1076/1344 1405/1082/1344 1421/1077/1344
f 1195/1062/1345 1197/1083/1345 1196/1084/1345
f 1195/1062/1346 1196/1084/1346 1192/1063/1346
f 1400/1085/1347 1403/1086/1347 1399/1087/1347
f 1400/1085/1348 1399/1087/1348 1396/1088/1348
f 238/1065/1349 237/1089/1349 236/1066/1349
f 237/1089/1350 234/1090/1350 236/1066/1350
f 236/1066/1351 234/1090/1351 235/1079/1351
f 234/1090/1352 233/1091/1352 232/1055/1352
f 235/1079/1353 234/1090/1353 232/1055/1353
f 232/1055/1354 233/1091/1354 194/1080/1354
f 1390/1092/1355 1394/1093/1355 1397/1067/1355
f 1398/1094/1356 1390/1092/1356 1397/1067/1356
f 494/31/1357 474/11/1357 472/8/1357
f 472/8/1358 475/1/1358 495/32/1358
f 495/32/1359 475/1/1359 482/3/1359
f 952/37/1360 953/1095/1360 924/42/1360
f 924/42/1361 953/1095/1361 847/40/1361
f 932/38/1362 952/37/1362 924/42/1362
f 846/41/1363 847/40/1363 845/61/1363
f 395/54/1364 454/53/1364 396/1096/1364
f 454/53/1365 456/34/1365 396/1096/1365
f 396/1096/1366 456/34/1366 419/72/1366
f 419/72/1367 456/34/1367 460/36/1367
f 463/1097/1368 454/53/1368 399/55/1368
f 927/79/1369 951/39/1369 922/80/1369
f 187/7/1370 283/6/1370 190/57/1370
f 951/39/1371 932/38/1371 922/80/1371
f 932/38/1372 924/42/1372 903/1098/1372
f 892/1099/1373 924/42/1373 846/41/1373
f 846/41/1374 845/61/1374 832/1100/1374
f 832/1100/1375 845/61/1375 828/62/1375
f 828/62/1376 581/50/1376 580/49/1376
f 922/80/1377 932/38/1377 903/1098/1377
f 903/1098/1378 924/42/1378 892/1099/1378
f 892/1099/1379 846/41/1379 832/1100/1379
f 395/54/1380 396/1096/1380 371/1101/1380
f 396/1096/1381 419/72/1381 371/1101/1381
f 438/1102/1382 419/72/1382 451/73/1382
f 922/80/1383 903/1098/1383 912/1103/1383
f 370/1104/1384 395/54/1384 371/1101/1384
f 371/1101/1385 419/72/1385 438/1102/1385
f 399/55/1386 395/54/1386 370/1104/1386
f 398/1105/1387 399/55/1387 370/1104/1387
f 438/1102/1388 451/73/1388 443/1106/1388
f 926/81/1389 922/80/1389 915/1107/1389
f 915/1107/1390 922/80/1390 912/1103/1390
f 912/1103/1391 903/1098/1391 894/1108/1391
f 894/1108/1392 903/1098/1392 868/1109/1392
f 868/1109/1393 903/1098/1393 892/1099/1393
f 741/1110/1394 832/1100/1394 828/62/1394
f 726/1111/1395 828/62/1395 725/76/1395
f 725/76/1396 580/49/1396 576/65/1396
f 725/76/1397 576/65/1397 573/86/1397
f 868/1109/1398 892/1099/1398 741/1110/1398
f 892/1099/1399 832/1100/1399 741/1110/1399
f 741/1110/1400 828/62/1400 726/1111/1400
f 894/1108/1401 868/1109/1401 862/1112/1401
f 370/1104/1402 371/1101/1402 369/1113/1402
f 368/118/1403 370/1104/1403 369/1113/1403
f 369/1113/1404 371/1101/1404 438/1102/1404
f 369/1113/1405 438/1102/1405 439/1114/1405
f 397/120/1406 398/1105/1406 370/1104/1406
f 439/1114/1407 438/1102/1407 443/1106/1407
f 925/1115/1408 926/81/1408 915/1107/1408
f 915/1107/1409 912/1103/1409 905/1116/1409
f 905/1116/1410 912/1103/1410 894/1108/1410
f 868/1109/1411 741/1110/1411 862/1112/1411
f 725/76/1412 573/86/1412 570/100/1412
f 397/120/1413 370/1104/1413 368/118/1413
f 439/1114/1414 443/1106/1414 442/1117/1414
f 127/105/1415 229/82/1415 264/1118/1415
f 741/1110/1416 726/1111/1416 722/1119/1416
f 722/1119/1417 726/1111/1417 725/76/1417
f 722/1119/1418 725/76/1418 721/1120/1418
f 721/1120/1419 725/76/1419 570/100/1419
f 586/112/1420 590/104/1420 597/92/1420
f 862/1112/1421 741/1110/1421 740/1121/1421
f 740/1121/1422 741/1110/1422 722/1119/1422
f 368/118/1423 369/1113/1423 366/138/1423
f 258/115/1424 127/105/1424 264/1118/1424
f 905/1116/1425 894/1108/1425 887/1122/1425
f 894/1108/1426 862/1112/1426 887/1122/1426
f 887/1122/1427 862/1112/1427 861/1123/1427
f 433/1124/1428 369/1113/1428 439/1114/1428
f 925/1115/1429 915/1107/1429 916/1125/1429
f 916/1125/1430 915/1107/1430 905/1116/1430
f 861/1123/1431 862/1112/1431 740/1121/1431
f 740/1121/1432 722/1119/1432 734/1126/1432
f 367/1127/1433 368/118/1433 366/138/1433
f 411/1128/1434 397/120/1434 400/119/1434
f 400/119/1435 368/118/1435 367/1127/1435
f 433/1124/1436 439/1114/1436 442/1117/1436
f 433/1124/1437 442/1117/1437 437/1129/1437
f 437/1129/1438 442/1117/1438 444/1130/1438
f 936/1131/1439 925/1115/1439 916/1125/1439
f 860/1132/1440 740/1121/1440 734/1126/1440
f 569/131/1441 721/1120/1441 570/100/1441
f 570/100/1442 571/99/1442 568/122/1442
f 365/140/1443 367/1127/1443 366/138/1443
f 366/138/1444 369/1113/1444 433/1124/1444
f 916/1125/1445 905/1116/1445 910/1133/1445
f 910/1133/1446 905/1116/1446 888/1134/1446
f 888/1134/1447 905/1116/1447 887/1122/1447
f 860/1132/1448 861/1123/1448 740/1121/1448
f 722/1119/1449 721/1120/1449 720/1135/1449
f 888/1134/1450 887/1122/1450 861/1123/1450
f 863/1136/1451 861/1123/1451 860/1132/1451
f 400/119/1452 367/1127/1452 378/1137/1452
f 378/1137/1453 367/1127/1453 365/140/1453
f 888/1134/1454 861/1123/1454 863/1136/1454
f 734/1126/1455 722/1119/1455 720/1135/1455
f 720/1135/1456 721/1120/1456 569/131/1456
f 432/1138/1457 366/138/1457 433/1124/1457
f 568/122/1458 567/110/1458 566/137/1458
f 401/1139/1459 411/1128/1459 400/119/1459
f 259/144/1460 206/116/1460 258/115/1460
f 364/139/1461 366/138/1461 432/1138/1461
f 432/1138/1462 433/1124/1462 437/1129/1462
f 437/1129/1463 444/1130/1463 436/1140/1463
f 569/131/1464 568/122/1464 561/143/1464
f 401/1139/1465 400/119/1465 378/1137/1465
f 888/1134/1466 863/1136/1466 864/1141/1466
f 948/1142/1467 936/1131/1467 935/1143/1467
f 935/1143/1468 936/1131/1468 916/1125/1468
f 914/1144/1469 916/1125/1469 910/1133/1469
f 910/1133/1470 888/1134/1470 897/1145/1470
f 860/1132/1471 734/1126/1471 719/1146/1471
f 719/1146/1472 734/1126/1472 720/1135/1472
f 107/151/1473 109/117/1473 122/126/1473
f 863/1136/1474 860/1132/1474 859/1147/1474
f 897/1145/1475 888/1134/1475 889/1148/1475
f 378/1137/1476 365/140/1476 363/1149/1476
f 363/1149/1477 365/140/1477 364/139/1477
f 889/1148/1478 888/1134/1478 864/1141/1478
f 432/1138/1479 437/1129/1479 436/1140/1479
f 935/1143/1480 916/1125/1480 914/1144/1480
f 402/180/1481 401/1139/1481 378/1137/1481
f 860/1132/1482 719/1146/1482 859/1147/1482
f 260/145/1483 259/144/1483 261/1150/1483
f 914/1144/1484 910/1133/1484 897/1145/1484
f 864/1141/1485 863/1136/1485 859/1147/1485
f 719/1146/1486 720/1135/1486 569/131/1486
f 719/1146/1487 569/131/1487 718/185/1487
f 364/139/1488 432/1138/1488 430/1151/1488
f 362/1152/1489 364/139/1489 430/1151/1489
f 402/180/1490 378/1137/1490 389/178/1490
f 389/178/1491 378/1137/1491 363/1149/1491
f 718/185/1492 569/131/1492 558/159/1492
f 558/159/1493 569/131/1493 561/143/1493
f 897/1145/1494 889/1148/1494 890/1153/1494
f 363/1149/1495 364/139/1495 362/1152/1495
f 202/149/1496 260/145/1496 261/1150/1496
f 889/1148/1497 864/1141/1497 865/1154/1497
f 890/1153/1498 889/1148/1498 865/1154/1498
f 865/1154/1499 864/1141/1499 859/1147/1499
f 865/1154/1500 859/1147/1500 858/1155/1500
f 858/1155/1501 859/1147/1501 719/1146/1501
f 430/1151/1502 432/1138/1502 436/1140/1502
f 430/1151/1503 436/1140/1503 435/1156/1503
f 918/1157/1504 935/1143/1504 914/1144/1504
f 104/161/1505 129/156/1505 130/170/1505
f 858/1155/1506 719/1146/1506 723/1158/1506
f 723/1158/1507 719/1146/1507 718/185/1507
f 361/182/1508 363/1149/1508 362/1152/1508
f 914/1144/1509 897/1145/1509 911/1159/1509
f 556/189/1510 558/159/1510 562/162/1510
f 361/182/1511 362/1152/1511 359/192/1511
f 941/1160/1512 948/1142/1512 935/1143/1512
f 918/1157/1513 914/1144/1513 911/1159/1513
f 911/1159/1514 897/1145/1514 896/1161/1514
f 896/1161/1515 897/1145/1515 890/1153/1515
f 723/1158/1516 718/185/1516 716/184/1516
f 389/178/1517 363/1149/1517 361/182/1517
f 941/1160/1518 935/1143/1518 918/1157/1518
f 220/181/1519 202/149/1519 261/1150/1519
f 420/1162/1520 402/180/1520 403/179/1520
f 359/192/1521 362/1152/1521 430/1151/1521
f 896/1161/1522 890/1153/1522 866/1163/1522
f 866/1163/1523 890/1153/1523 865/1154/1523
f 866/1163/1524 865/1154/1524 857/1164/1524
f 857/1164/1525 865/1154/1525 858/1155/1525
f 562/162/1526 578/160/1526 559/186/1526
f 911/1159/1527 896/1161/1527 893/1165/1527
f 857/1164/1528 858/1155/1528 723/1158/1528
f 866/1163/1529 857/1164/1529 867/1166/1529
f 434/1167/1530 430/1151/1530 435/1156/1530
f 403/179/1531 361/182/1531 381/196/1531
f 941/1160/1532 918/1157/1532 933/1168/1532
f 918/1157/1533 911/1159/1533 907/1169/1533
f 907/1169/1534 911/1159/1534 893/1165/1534
f 893/1165/1535 896/1161/1535 866/1163/1535
f 943/1170/1536 941/1160/1536 933/1168/1536
f 359/192/1537 430/1151/1537 434/1167/1537
f 381/196/1538 361/182/1538 360/193/1538
f 893/1165/1539 866/1163/1539 867/1166/1539
f 405/197/1540 420/1162/1540 403/179/1540
f 917/1171/1541 918/1157/1541 907/1169/1541
f 715/206/1542 716/184/1542 557/188/1542
f 359/192/1543 434/1167/1543 428/1172/1543
f 942/1173/1544 943/1170/1544 933/1168/1544
f 428/1172/1545 434/1167/1545 440/1174/1545
f 933/1168/1546 918/1157/1546 917/1171/1546
f 723/1158/1547 716/184/1547 724/207/1547
f 856/1175/1548 857/1164/1548 723/1158/1548
f 934/1176/1549 942/1173/1549 933/1168/1549
f 158/204/1550 184/169/1550 221/203/1550
f 907/1169/1551 893/1165/1551 906/1177/1551
f 372/195/1552 359/192/1552 428/1172/1552
f 867/1166/1553 857/1164/1553 856/1175/1553
f 856/1175/1554 723/1158/1554 724/207/1554
f 917/1171/1555 907/1169/1555 906/1177/1555
f 405/197/1556 381/196/1556 391/237/1556
f 934/1176/1557 933/1168/1557 917/1171/1557
f 391/237/1558 381/196/1558 374/211/1558
f 893/1165/1559 867/1166/1559 871/1178/1559
f 871/1178/1560 867/1166/1560 856/1175/1560
f 556/189/1561 559/186/1561 555/215/1561
f 158/204/1562 221/203/1562 222/222/1562
f 553/214/1563 556/189/1563 555/215/1563
f 406/1179/1564 405/197/1564 391/237/1564
f 458/1180/1565 405/197/1565 406/1179/1565
f 100/213/1566 102/198/1566 134/194/1566
f 710/1181/1567 715/206/1567 557/188/1567
f 917/1171/1568 906/1177/1568 913/1182/1568
f 724/207/1569 715/206/1569 717/252/1569
f 717/252/1570 715/206/1570 710/1181/1570
f 374/211/1571 360/193/1571 373/1183/1571
f 428/1172/1572 440/1174/1572 441/1184/1572
f 944/1185/1573 942/1173/1573 934/1176/1573
f 934/1176/1574 917/1171/1574 930/1186/1574
f 906/1177/1575 893/1165/1575 891/1187/1575
f 891/1187/1576 893/1165/1576 871/1178/1576
f 869/1188/1577 871/1178/1577 856/1175/1577
f 373/1183/1578 360/193/1578 372/195/1578
f 930/1186/1579 917/1171/1579 913/1182/1579
f 728/1189/1580 856/1175/1580 724/207/1580
f 373/1183/1581 372/195/1581 428/1172/1581
f 426/1190/1582 428/1172/1582 441/1184/1582
f 728/1189/1583 724/207/1583 717/252/1583
f 710/1181/1584 557/188/1584 553/214/1584
f 869/1188/1585 891/1187/1585 871/1178/1585
f 913/1182/1586 906/1177/1586 891/1187/1586
f 869/1188/1587 856/1175/1587 855/1191/1587
f 856/1175/1588 728/1189/1588 855/1191/1588
f 944/1185/1589 934/1176/1589 930/1186/1589
f 421/1192/1590 458/1180/1590 406/1179/1590
f 944/1185/1591 930/1186/1591 929/1193/1591
f 929/1193/1592 930/1186/1592 913/1182/1592
f 891/1187/1593 869/1188/1593 870/1194/1593
f 870/1194/1594 869/1188/1594 855/1191/1594
f 855/1191/1595 728/1189/1595 729/1195/1595
f 717/252/1596 710/1181/1596 708/1196/1596
f 374/211/1597 373/1183/1597 375/236/1597
f 373/1183/1598 428/1172/1598 376/1197/1598
f 376/1197/1599 428/1172/1599 426/1190/1599
f 710/1181/1600 553/214/1600 552/1198/1600
f 552/1198/1601 553/214/1601 551/224/1601
f 729/1195/1602 728/1189/1602 717/252/1602
f 899/1199/1603 913/1182/1603 891/1187/1603
f 884/1200/1604 891/1187/1604 870/1194/1604
f 375/236/1605 373/1183/1605 376/1197/1605
f 421/1192/1606 406/1179/1606 408/1201/1606
f 899/1199/1607 929/1193/1607 913/1182/1607
f 551/224/1608 565/221/1608 550/241/1608
f 390/263/1609 406/1179/1609 391/237/1609
f 899/1199/1610 891/1187/1610 884/1200/1610
f 390/263/1611 391/237/1611 375/236/1611
f 426/1190/1612 441/1184/1612 455/1202/1612
f 884/1200/1613 870/1194/1613 872/1203/1613
f 872/1203/1614 870/1194/1614 855/1191/1614
f 872/1203/1615 855/1191/1615 854/1204/1615
f 854/1204/1616 855/1191/1616 729/1195/1616
f 425/1205/1617 376/1197/1617 426/1190/1617
f 708/1196/1618 710/1181/1618 552/1198/1618
f 408/1201/1619 406/1179/1619 390/263/1619
f 390/263/1620 375/236/1620 379/255/1620
f 711/250/1621 717/252/1621 708/1196/1621
f 224/245/1622 225/227/1622 271/1206/1622
f 885/1207/1623 884/1200/1623 873/1208/1623
f 873/1208/1624 884/1200/1624 872/1203/1624
f 898/1209/1625 899/1199/1625 884/1200/1625
f 898/1209/1626 884/1200/1626 885/1207/1626
f 853/1210/1627 854/1204/1627 729/1195/1627
f 729/1195/1628 717/252/1628 730/251/1628
f 425/1205/1629 426/1190/1629 445/1211/1629
f 445/1211/1630 426/1190/1630 455/1202/1630
f 929/1193/1631 899/1199/1631 909/1212/1631
f 909/1212/1632 899/1199/1632 898/1209/1632
f 873/1208/1633 872/1203/1633 854/1204/1633
f 873/1208/1634 854/1204/1634 853/1210/1634
f 708/1196/1635 552/1198/1635 709/1213/1635
f 711/250/1636 708/1196/1636 709/1213/1636
f 552/1198/1637 551/224/1637 549/256/1637
f 853/1210/1638 729/1195/1638 730/251/1638
f 709/1213/1639 552/1198/1639 549/256/1639
f 377/254/1640 375/236/1640 376/1197/1640
f 150/249/1641 149/239/1641 224/245/1641
f 950/1214/1642 929/1193/1642 931/1215/1642
f 409/265/1643 408/1201/1643 390/263/1643
f 931/1215/1644 929/1193/1644 909/1212/1644
f 377/254/1645 376/1197/1645 425/1205/1645
f 92/260/1646 96/242/1646 91/262/1646
f 392/264/1647 390/263/1647 379/255/1647
f 895/1216/1648 898/1209/1648 885/1207/1648
f 895/1216/1649 885/1207/1649 881/1217/1649
f 881/1217/1650 885/1207/1650 873/1208/1650
f 873/1208/1651 853/1210/1651 852/1218/1651
f 732/1219/1652 730/251/1652 711/250/1652
f 224/245/1653 271/1206/1653 272/1220/1653
f 881/1217/1654 873/1208/1654 874/1221/1654
f 874/1221/1655 873/1208/1655 852/1218/1655
f 853/1210/1656 730/251/1656 732/1219/1656
f 197/269/1657 224/245/1657 272/1220/1657
f 909/1212/1658 898/1209/1658 895/1216/1658
f 852/1218/1659 853/1210/1659 732/1219/1659
f 928/1222/1660 931/1215/1660 909/1212/1660
f 875/1223/1661 874/1221/1661 852/1218/1661
f 732/1219/1662 711/250/1662 714/299/1662
f 711/250/1663 709/1213/1663 712/1224/1663
f 712/1224/1664 709/1213/1664 549/256/1664
f 424/1225/1665 425/1205/1665 445/1211/1665
f 947/1226/1666 950/1214/1666 931/1215/1666
f 714/299/1667 711/250/1667 712/1224/1667
f 712/1224/1668 549/256/1668 542/293/1668
f 382/1227/1669 392/264/1669 379/255/1669
f 928/1222/1670 909/1212/1670 902/1228/1670
f 895/1216/1671 881/1217/1671 883/1229/1671
f 875/1223/1672 852/1218/1672 851/1230/1672
f 409/265/1673 392/264/1673 382/1227/1673
f 459/304/1674 409/265/1674 410/1231/1674
f 852/1218/1675 732/1219/1675 851/1230/1675
f 424/1225/1676 445/1211/1676 452/1232/1676
f 881/1217/1677 874/1221/1677 875/1223/1677
f 733/301/1678 732/1219/1678 714/299/1678
f 382/1227/1679 379/255/1679 380/1233/1679
f 380/1233/1680 379/255/1680 377/254/1680
f 377/254/1681 425/1205/1681 424/1225/1681
f 947/1226/1682 931/1215/1682 928/1222/1682
f 902/1228/1683 909/1212/1683 895/1216/1683
f 902/1228/1684 895/1216/1684 883/1229/1684
f 851/1230/1685 732/1219/1685 733/301/1685
f 380/1233/1686 377/254/1686 424/1225/1686
f 410/1231/1687 409/265/1687 382/1227/1687
f 883/1229/1688 881/1217/1688 882/1234/1688
f 882/1234/1689 881/1217/1689 875/1223/1689
f 542/293/1690 549/256/1690 547/267/1690
f 712/1224/1691 542/293/1691 540/315/1691
f 902/1228/1692 883/1229/1692 882/1234/1692
f 876/1235/1693 875/1223/1693 851/1230/1693
f 850/1236/1694 851/1230/1694 733/301/1694
f 928/1222/1695 902/1228/1695 921/1237/1695
f 876/1235/1696 851/1230/1696 850/1236/1696
f 383/1238/1697 382/1227/1697 380/1233/1697
f 447/1239/1698 424/1225/1698 452/1232/1698
f 410/1231/1699 382/1227/1699 404/1240/1699
f 404/1240/1700 382/1227/1700 383/1238/1700
f 947/1226/1701 928/1222/1701 921/1237/1701
f 882/1234/1702 875/1223/1702 877/1241/1702
f 877/1241/1703 875/1223/1703 876/1235/1703
f 540/315/1704 542/293/1704 541/292/1704
f 383/1238/1705 380/1233/1705 384/319/1705
f 921/1237/1706 902/1228/1706 901/1242/1706
f 901/1242/1707 902/1228/1707 882/1234/1707
f 713/1243/1708 714/299/1708 712/1224/1708
f 380/1233/1709 424/1225/1709 429/1244/1709
f 384/319/1710 380/1233/1710 429/1244/1710
f 429/1244/1711 424/1225/1711 447/1239/1711
f 850/1236/1712 733/301/1712 736/324/1712
f 457/305/1713 459/304/1713 410/1231/1713
f 736/324/1714 733/301/1714 727/300/1714
f 713/1243/1715 712/1224/1715 540/315/1715
f 946/1245/1716 947/1226/1716 921/1237/1716
f 878/1246/1717 882/1234/1717 877/1241/1717
f 901/1242/1718 882/1234/1718 878/1246/1718
f 727/300/1719 714/299/1719 713/1243/1719
f 385/321/1720 383/1238/1720 384/319/1720
f 457/305/1721 410/1231/1721 404/1240/1721
f 877/1241/1722 876/1235/1722 850/1236/1722
f 429/1244/1723 447/1239/1723 453/1247/1723
f 945/1248/1724 946/1245/1724 921/1237/1724
f 919/1249/1725 921/1237/1725 901/1242/1725
f 919/1249/1726 901/1242/1726 900/1250/1726
f 900/1250/1727 901/1242/1727 878/1246/1727
f 878/1246/1728 877/1241/1728 850/1236/1728
f 713/1243/1729 540/315/1729 539/1251/1729
f 541/292/1730 563/309/1730 538/314/1730
f 945/1248/1731 921/1237/1731 919/1249/1731
f 900/1250/1732 878/1246/1732 886/1252/1732
f 539/1251/1733 540/315/1733 538/314/1733
f 849/1253/1734 850/1236/1734 736/324/1734
f 393/1254/1735 404/1240/1735 383/1238/1735
f 384/319/1736 429/1244/1736 386/320/1736
f 878/1246/1737 850/1236/1737 849/1253/1737
f 457/305/1738 404/1240/1738 393/1254/1738
f 849/1253/1739 736/324/1739 735/323/1739
f 386/320/1740 429/1244/1740 431/1255/1740
f 393/1254/1741 383/1238/1741 385/321/1741
f 536/352/1742 539/1251/1742 538/314/1742
f 919/1249/1743 900/1250/1743 904/1256/1743
f 886/1252/1744 878/1246/1744 879/1257/1744
f 879/1257/1745 878/1246/1745 849/1253/1745
f 713/1243/1746 539/1251/1746 536/352/1746
f 536/352/1747 538/314/1747 537/335/1747
f 431/1255/1748 429/1244/1748 453/1247/1748
f 848/340/1749 849/1253/1749 735/323/1749
f 731/339/1750 735/323/1750 727/300/1750
f 727/300/1751 713/1243/1751 535/354/1751
f 949/1258/1752 945/1248/1752 919/1249/1752
f 462/1259/1753 457/305/1753 393/1254/1753
f 904/1256/1754 900/1250/1754 886/1252/1754
f 535/354/1755 713/1243/1755 536/352/1755
f 879/1257/1756 849/1253/1756 848/340/1756
f 387/1260/1757 386/320/1757 431/1255/1757
f 949/1258/1758 919/1249/1758 920/1261/1758
f 731/339/1759 727/300/1759 535/354/1759
f 462/1259/1760 393/1254/1760 407/1262/1760
f 920/1261/1761 919/1249/1761 904/1256/1761
f 904/1256/1762 886/1252/1762 880/1263/1762
f 886/1252/1763 879/1257/1763 880/1263/1763
f 385/321/1764 386/320/1764 387/1260/1764
f 393/1254/1765 385/321/1765 388/1264/1765
f 388/1264/1766 385/321/1766 387/1260/1766
f 920/1261/1767 904/1256/1767 908/1265/1767
f 908/1265/1768 904/1256/1768 880/1263/1768
f 880/1263/1769 879/1257/1769 848/340/1769
f 536/352/1770 537/335/1770 534/353/1770
f 407/1262/1771 393/1254/1771 388/1264/1771
f 95/349/1772 94/338/1772 153/322/1772
f 880/1263/1773 848/340/1773 747/1266/1773
f 747/1266/1774 848/340/1774 731/339/1774
f 747/1266/1775 731/339/1775 737/373/1775
f 737/373/1776 731/339/1776 535/354/1776
f 394/1267/1777 388/1264/1777 387/1260/1777
f 394/1267/1778 387/1260/1778 431/1255/1778
f 412/1268/1779 407/1262/1779 388/1264/1779
f 412/1268/1780 388/1264/1780 394/1267/1780
f 949/1258/1781 920/1261/1781 940/1269/1781
f 160/358/1782 269/357/1782 278/1270/1782
f 940/1269/1783 920/1261/1783 923/1271/1783
f 920/1261/1784 908/1265/1784 923/1271/1784
f 908/1265/1785 880/1263/1785 817/1272/1785
f 817/1272/1786 880/1263/1786 747/1266/1786
f 817/1272/1787 747/1266/1787 745/1273/1787
f 745/1273/1788 747/1266/1788 737/373/1788
f 737/373/1789 535/354/1789 533/385/1789
f 533/385/1790 535/354/1790 534/353/1790
f 534/353/1791 537/335/1791 543/365/1791
f 394/1267/1792 431/1255/1792 427/1274/1792
f 844/1275/1793 923/1271/1793 908/1265/1793
f 532/377/1794 533/385/1794 534/353/1794
f 543/365/1795 532/377/1795 534/353/1795
f 309/343/1796 211/351/1796 328/362/1796
f 412/1268/1797 394/1267/1797 413/1276/1797
f 416/1277/1798 412/1268/1798 413/1276/1798
f 413/1276/1799 394/1267/1799 414/1278/1799
f 394/1267/1800 427/1274/1800 414/1278/1800
f 160/358/1801 278/1270/1801 277/1279/1801
f 940/1269/1802 923/1271/1802 937/1280/1802
f 844/1275/1803 908/1265/1803 829/1281/1803
f 829/1281/1804 908/1265/1804 817/1272/1804
f 414/1278/1805 427/1274/1805 423/1282/1805
f 161/371/1806 160/358/1806 277/1279/1806
f 62/368/1807 63/359/1807 160/358/1807
f 829/1281/1808 817/1272/1808 808/1283/1808
f 817/1272/1809 745/1273/1809 743/375/1809
f 743/375/1810 745/1273/1810 737/373/1810
f 738/374/1811 737/373/1811 533/385/1811
f 423/1282/1812 427/1274/1812 449/1284/1812
f 533/385/1813 532/377/1813 531/383/1813
f 808/1283/1814 817/1272/1814 743/375/1814
f 415/1285/1815 414/1278/1815 423/1282/1815
f 923/1271/1816 844/1275/1816 704/1286/1816
f 704/1286/1817 844/1275/1817 829/1281/1817
f 807/1287/1818 829/1281/1818 808/1283/1818
f 738/374/1819 533/385/1819 739/384/1819
f 937/1280/1820 923/1271/1820 704/1286/1820
f 413/1276/1821 414/1278/1821 415/1285/1821
f 938/1288/1822 937/1280/1822 704/1286/1822
f 58/372/1823 62/368/1823 51/388/1823
f 423/1282/1824 449/1284/1824 422/1289/1824
f 808/1283/1825 743/375/1825 744/1290/1825
f 743/375/1826 738/374/1826 739/384/1826
f 744/1290/1827 743/375/1827 739/384/1827
f 531/383/1828 530/376/1828 529/1291/1828
f 416/1277/1829 413/1276/1829 415/1285/1829
f 416/1277/1830 415/1285/1830 417/1292/1830
f 415/1285/1831 423/1282/1831 422/1289/1831
f 161/371/1832 277/1279/1832 263/416/1832
f 807/1287/1833 808/1283/1833 744/1290/1833
f 417/1292/1834 415/1285/1834 422/1289/1834
f 418/1293/1835 416/1277/1835 417/1292/1835
f 152/391/1836 161/371/1836 263/416/1836
f 699/1294/1837 938/1288/1837 704/1286/1837
f 704/1286/1838 829/1281/1838 703/1295/1838
f 703/1295/1839 829/1281/1839 807/1287/1839
f 739/384/1840 531/383/1840 529/1291/1840
f 450/1296/1841 417/1292/1841 448/1297/1841
f 417/1292/1842 422/1289/1842 446/1298/1842
f 448/1297/1843 417/1292/1843 446/1298/1843
f 418/1293/1844 417/1292/1844 450/1296/1844
f 939/1299/1845 938/1288/1845 699/1294/1845
f 699/1294/1846 704/1286/1846 703/1295/1846
f 744/1290/1847 739/384/1847 746/1300/1847
f 739/384/1848 529/1291/1848 527/1301/1848
f 48/402/1849 152/391/1849 263/416/1849
f 698/1302/1850 699/1294/1850 703/1295/1850
f 807/1287/1851 744/1290/1851 746/1300/1851
f 529/1291/1852 530/376/1852 526/399/1852
f 706/1303/1853 939/1299/1853 697/1304/1853
f 984/1305/1854 977/411/1854 980/422/1854
f 939/1299/1855 699/1294/1855 697/1304/1855
f 697/1304/1856 699/1294/1856 698/1302/1856
f 698/1302/1857 703/1295/1857 807/1287/1857
f 746/1300/1858 739/384/1858 742/1306/1858
f 742/1306/1859 739/384/1859 527/1301/1859
f 527/1301/1860 529/1291/1860 526/399/1860
f 526/399/1861 525/401/1861 517/1307/1861
f 700/1308/1862 706/1303/1862 697/1304/1862
f 698/1302/1863 807/1287/1863 821/1309/1863
f 821/1309/1864 807/1287/1864 746/1300/1864
f 517/1307/1865 525/401/1865 513/435/1865
f 513/435/1866 525/401/1866 512/420/1866
f 968/429/1867 969/415/1867 967/437/1867
f 701/448/1868 706/1303/1868 700/1308/1868
f 700/1308/1869 697/1304/1869 695/1310/1869
f 695/1310/1870 697/1304/1870 696/1311/1870
f 696/1311/1871 697/1304/1871 698/1302/1871
f 821/1309/1872 746/1300/1872 826/1312/1872
f 826/1312/1873 746/1300/1873 748/1313/1873
f 748/1313/1874 746/1300/1874 742/1306/1874
f 742/1306/1875 527/1301/1875 524/1314/1875
f 521/1315/1876 527/1301/1876 526/399/1876
f 521/1315/1877 526/399/1877 517/1307/1877
f 973/438/1878 971/421/1878 966/436/1878
f 983/1316/1879 980/422/1879 973/438/1879
f 705/449/1880 701/448/1880 695/1310/1880
f 701/448/1881 700/1308/1881 695/1310/1881
f 696/1311/1882 698/1302/1882 821/1309/1882
f 748/1313/1883 742/1306/1883 524/1314/1883
f 521/1315/1884 524/1314/1884 527/1301/1884
f 521/1315/1885 517/1307/1885 515/459/1885
f 515/459/1886 517/1307/1886 513/435/1886
f 215/439/1887 265/453/1887 201/454/1887
f 693/1317/1888 705/449/1888 695/1310/1888
f 696/1311/1889 821/1309/1889 827/1318/1889
f 827/1318/1890 821/1309/1890 826/1312/1890
f 827/1318/1891 826/1312/1891 748/1313/1891
f 515/459/1892 511/434/1892 514/467/1892
f 702/447/1893 705/449/1893 693/1317/1893
f 693/1317/1894 695/1310/1894 694/1319/1894
f 694/1319/1895 695/1310/1895 696/1311/1895
f 751/1320/1896 827/1318/1896 748/1313/1896
f 751/1320/1897 748/1313/1897 750/1321/1897
f 524/1314/1898 521/1315/1898 523/1322/1898
f 523/1322/1899 521/1315/1899 520/1323/1899
f 520/1323/1900 521/1315/1900 515/459/1900
f 520/1323/1901 515/459/1901 514/467/1901
f 510/466/1902 504/445/1902 499/471/1902
f 686/1324/1903 707/1325/1903 702/447/1903
f 686/1324/1904 702/447/1904 693/1317/1904
f 686/1324/1905 693/1317/1905 692/1326/1905
f 692/1326/1906 693/1317/1906 694/1319/1906
f 1006/1327/1907 999/1328/1907 995/1329/1907
f 694/1319/1908 696/1311/1908 751/1320/1908
f 1006/1327/1909 995/1329/1909 1001/478/1909
f 696/1311/1910 827/1318/1910 751/1320/1910
f 4/440/1911 203/463/1911 1/481/1911
f 3/456/1912 4/440/1912 1/481/1912
f 748/1313/1913 524/1314/1913 749/1330/1913
f 749/1330/1914 524/1314/1914 523/1322/1914
f 961/515/1915 962/472/1915 959/516/1915
f 959/516/1916 962/472/1916 963/473/1916
f 707/1325/1917 686/1324/1917 684/1331/1917
f 999/1328/1918 1007/491/1918 996/490/1918
f 999/1328/1919 996/490/1919 995/1329/1919
f 995/1329/1920 996/490/1920 992/1332/1920
f 995/1329/1921 992/1332/1921 986/1333/1921
f 986/1333/1922 992/1332/1922 991/1334/1922
f 986/1333/1923 991/1334/1923 987/1335/1923
f 987/1335/1924 991/1334/1924 990/1336/1924
f 989/1337/1925 995/1329/1925 986/1333/1925
f 989/1337/1926 986/1333/1926 988/1338/1926
f 988/1338/1927 986/1333/1927 985/1339/1927
f 985/1339/1928 986/1333/1928 987/1335/1928
f 990/1336/1929 1000/495/1929 993/494/1929
f 1001/478/1930 995/1329/1930 989/1337/1930
f 987/1335/1931 990/1336/1931 985/1339/1931
f 985/1339/1932 990/1336/1932 993/494/1932
f 1001/478/1933 989/1337/1933 1003/1340/1933
f 988/1338/1934 985/1339/1934 1004/1341/1934
f 1002/1342/1935 988/1338/1935 1004/1341/1935
f 1004/1341/1936 985/1339/1936 993/494/1936
f 1004/1341/1937 993/494/1937 1072/496/1937
f 1001/478/1938 1003/1340/1938 1005/479/1938
f 752/1343/1939 751/1320/1939 750/1321/1939
f 750/1321/1940 748/1313/1940 749/1330/1940
f 520/1323/1941 514/467/1941 519/1344/1941
f 519/1344/1942 514/467/1942 509/500/1942
f 509/500/1943 499/471/1943 501/501/1943
f 501/501/1944 500/486/1944 502/533/1944
f 684/1331/1945 686/1324/1945 685/1345/1945
f 685/1345/1946 686/1324/1946 692/1326/1946
f 996/490/1947 1045/489/1947 997/488/1947
f 996/490/1948 997/488/1948 992/1332/1948
f 992/1332/1949 997/488/1949 994/507/1949
f 692/1326/1950 694/1319/1950 803/1346/1950
f 992/1332/1951 994/507/1951 991/1334/1951
f 991/1334/1952 994/507/1952 998/508/1952
f 991/1334/1953 998/508/1953 990/1336/1953
f 990/1336/1954 998/508/1954 1000/495/1954
f 756/1347/1955 694/1319/1955 751/1320/1955
f 989/1337/1956 988/1338/1956 1002/1342/1956
f 1003/1340/1957 989/1337/1957 1002/1342/1957
f 1002/1342/1958 1004/1341/1958 1011/1348/1958
f 1011/1348/1959 1004/1341/1959 1072/496/1959
f 1005/479/1960 1003/1340/1960 1010/509/1960
f 1034/480/1961 1005/479/1961 1012/510/1961
f 755/1349/1962 750/1321/1962 749/1330/1962
f 684/1331/1963 685/1345/1963 683/1350/1963
f 997/488/1964 1009/505/1964 1008/506/1964
f 685/1345/1965 692/1326/1965 803/1346/1965
f 994/507/1966 1008/506/1966 1063/521/1966
f 998/508/1967 994/507/1967 1063/521/1967
f 694/1319/1968 756/1347/1968 803/1346/1968
f 756/1347/1969 751/1320/1969 752/1343/1969
f 1003/1340/1970 1002/1342/1970 1011/1348/1970
f 1043/551/1971 1011/1348/1971 1072/496/1971
f 1043/551/1972 1072/496/1972 1065/525/1972
f 1010/509/1973 1003/1340/1973 1011/1348/1973
f 523/1322/1974 520/1323/1974 522/1351/1974
f 519/1344/1975 509/500/1975 518/1352/1975
f 518/1352/1976 509/500/1976 516/566/1976
f 516/566/1977 509/500/1977 501/501/1977
f 508/565/1978 501/501/1978 506/535/1978
f 682/1353/1979 684/1331/1979 683/1350/1979
f 683/1350/1980 685/1345/1980 805/1354/1980
f 805/1354/1981 685/1345/1981 803/1346/1981
f 1008/506/1982 1009/505/1982 1163/520/1982
f 1013/542/1983 1011/1348/1983 1043/551/1983
f 1010/509/1984 1011/1348/1984 1013/542/1984
f 755/1349/1985 749/1330/1985 825/595/1985
f 825/595/1986 749/1330/1986 523/1322/1986
f 522/1351/1987 520/1323/1987 519/1344/1987
f 954/548/1988 955/514/1988 956/536/1988
f 812/1355/1989 683/1350/1989 805/1354/1989
f 1035/552/1990 1043/551/1990 1065/525/1990
f 1012/510/1991 1014/543/1991 1015/1356/1991
f 1018/544/1992 1012/510/1992 1015/1356/1992
f 825/595/1993 523/1322/1993 522/1351/1993
f 677/1357/1994 682/1353/1994 680/1358/1994
f 680/1358/1995 682/1353/1995 683/1350/1995
f 758/1359/1996 803/1346/1996 756/1347/1996
f 750/1321/1997 755/1349/1997 754/594/1997
f 1013/542/1998 1030/562/1998 1014/543/1998
f 1015/1356/1999 1014/543/1999 1016/581/1999
f 519/1344/2000 518/1352/2000 646/1360/2000
f 1027/545/2001 1018/544/2001 1026/564/2001
f 646/1360/2002 518/1352/2002 633/573/2002
f 518/1352/2003 516/566/2003 633/573/2003
f 1147/539/2004 1153/560/2004 1162/569/2004
f 800/1361/2005 805/1354/2005 803/1346/2005
f 1035/552/2006 1065/525/2006 1047/571/2006
f 1014/543/2007 1030/562/2007 1016/581/2007
f 754/594/2008 755/1349/2008 825/595/2008
f 1018/544/2009 1015/1356/2009 1017/598/2009
f 825/595/2010 522/1351/2010 824/596/2010
f 1018/544/2011 1017/598/2011 1019/583/2011
f 522/1351/2012 519/1344/2012 646/1360/2012
f 1018/544/2013 1019/583/2013 1020/563/2013
f 1026/564/2014 1020/563/2014 1024/1362/2014
f 1026/564/2015 1024/1362/2015 1025/585/2015
f 632/572/2016 516/566/2016 624/575/2016
f 508/565/2017 506/535/2017 620/588/2017
f 958/567/2018 957/558/2018 974/1363/2018
f 676/634/2019 677/1357/2019 678/635/2019
f 678/635/2020 677/1357/2020 680/1358/2020
f 680/1358/2021 683/1350/2021 812/1355/2021
f 803/1346/2022 758/1359/2022 800/1361/2022
f 752/1343/2023 750/1321/2023 753/645/2023
f 753/645/2024 750/1321/2024 754/594/2024
f 1015/1356/2025 1016/581/2025 1017/598/2025
f 1016/581/2026 1040/582/2026 1017/598/2026
f 1020/563/2027 1022/609/2027 1023/586/2027
f 1024/1362/2028 1020/563/2028 1023/586/2028
f 1025/585/2029 1024/1362/2029 1023/586/2029
f 978/591/2030 958/567/2030 975/600/2030
f 975/600/2031 958/567/2031 974/1363/2031
f 812/1355/2032 805/1354/2032 761/1364/2032
f 761/1364/2033 805/1354/2033 800/1361/2033
f 1040/582/2034 1036/580/2034 1049/604/2034
f 1041/597/2035 1040/582/2035 1049/604/2035
f 1017/598/2036 1041/597/2036 1019/583/2036
f 1020/563/2037 1021/584/2037 1022/609/2037
f 1029/587/2038 1023/586/2038 1028/610/2038
f 634/1365/2039 633/573/2039 632/572/2039
f 681/1366/2040 678/635/2040 680/1358/2040
f 758/1359/2041 756/1347/2041 757/1367/2041
f 757/1367/2042 756/1347/2042 753/645/2042
f 753/645/2043 756/1347/2043 752/1343/2043
f 1073/619/2044 1047/571/2044 1074/579/2044
f 1036/580/2045 1048/593/2045 1049/604/2045
f 753/645/2046 754/594/2046 824/596/2046
f 824/596/2047 522/1351/2047 675/1368/2047
f 1021/584/2048 1019/583/2048 1057/607/2048
f 1023/586/2049 1022/609/2049 1028/610/2049
f 646/1360/2050 633/573/2050 634/1365/2050
f 1029/587/2051 1028/610/2051 1032/612/2051
f 1039/1369/2052 1029/587/2052 1032/612/2052
f 1039/1369/2053 1032/612/2053 1044/625/2053
f 681/1366/2054 680/1358/2054 813/1370/2054
f 680/1358/2055 812/1355/2055 813/1370/2055
f 761/1364/2056 800/1361/2056 759/1371/2056
f 753/645/2057 824/596/2057 802/646/2057
f 1049/604/2058 1048/593/2058 1050/605/2058
f 802/646/2059 824/596/2059 675/1368/2059
f 675/1368/2060 522/1351/2060 646/1360/2060
f 675/1368/2061 646/1360/2061 645/1372/2061
f 1022/609/2062 1033/608/2062 1051/623/2062
f 645/1372/2063 646/1360/2063 634/1365/2063
f 1028/610/2064 1022/609/2064 1037/624/2064
f 627/641/2065 634/1365/2065 632/572/2065
f 1068/648/2066 1039/1369/2066 1044/625/2066
f 622/628/2067 624/575/2067 620/588/2067
f 1214/632/2068 1219/631/2068 1218/1373/2068
f 1214/632/2069 1218/1373/2069 1216/669/2069
f 679/636/2070 678/635/2070 681/1366/2070
f 759/1371/2071 800/1361/2071 758/1359/2071
f 627/641/2072 624/575/2072 622/628/2072
f 679/636/2073 681/1366/2073 687/1374/2073
f 813/1370/2074 812/1355/2074 761/1364/2074
f 759/1371/2075 758/1359/2075 757/1367/2075
f 757/1367/2076 753/645/2076 795/647/2076
f 673/1375/2077 802/646/2077 675/1368/2077
f 675/1368/2078 645/1372/2078 644/1376/2078
f 795/647/2079 802/646/2079 673/1375/2079
f 1052/621/2080 1059/620/2080 1064/659/2080
f 1060/661/2081 1055/639/2081 1052/621/2081
f 673/1375/2082 675/1368/2082 644/1376/2082
f 631/1377/2083 634/1365/2083 627/641/2083
f 626/666/2084 627/641/2084 622/628/2084
f 45/650/2085 29/599/2085 77/649/2085
f 1214/632/2086 1216/669/2086 1215/668/2086
f 688/1378/2087 679/636/2087 687/1374/2087
f 687/1374/2088 681/1366/2088 690/1379/2088
f 690/1379/2089 681/1366/2089 813/1370/2089
f 761/1364/2090 759/1371/2090 762/1380/2090
f 644/1376/2091 645/1372/2091 636/712/2091
f 636/712/2092 645/1372/2092 634/1365/2092
f 636/712/2093 634/1365/2093 631/1377/2093
f 631/1377/2094 627/641/2094 626/666/2094
f 319/1381/2095 320/1382/2095 321/1383/2095
f 319/1381/2096 76/626/2096 320/1382/2096
f 77/649/2097 76/626/2097 319/1381/2097
f 1217/667/2098 1214/632/2098 1213/1384/2098
f 1213/1384/2099 1214/632/2099 1215/668/2099
f 690/1379/2100 813/1370/2100 814/1385/2100
f 813/1370/2101 761/1364/2101 762/1380/2101
f 794/1386/2102 757/1367/2102 795/647/2102
f 1070/662/2103 1060/661/2103 1067/676/2103
f 688/1378/2104 687/1374/2104 689/1387/2104
f 762/1380/2105 759/1371/2105 760/1388/2105
f 760/1388/2106 759/1371/2106 757/1367/2106
f 227/677/2107 77/649/2107 319/1381/2107
f 814/1385/2108 813/1370/2108 762/1380/2108
f 760/1388/2109 757/1367/2109 794/1386/2109
f 793/1389/2110 795/647/2110 673/1375/2110
f 672/1390/2111 673/1375/2111 644/1376/2111
f 1080/699/2112 1070/662/2112 1067/676/2112
f 1083/691/2113 1070/662/2113 1080/699/2113
f 637/713/2114 636/712/2114 631/1377/2114
f 637/713/2115 631/1377/2115 630/1391/2115
f 630/1391/2116 631/1377/2116 626/666/2116
f 322/746/2117 319/1381/2117 321/1383/2117
f 331/1392/2118 319/1381/2118 322/746/2118
f 628/693/2119 626/666/2119 623/665/2119
f 227/677/2120 319/1381/2120 331/1392/2120
f 1222/1393/2121 1217/667/2121 1213/1384/2121
f 1213/1384/2122 1215/668/2122 1221/1394/2122
f 1221/1394/2123 1215/668/2123 1225/1395/2123
f 1215/668/2124 1228/670/2124 1225/1395/2124
f 1225/1395/2125 1228/670/2125 1303/1396/2125
f 689/1387/2126 687/1374/2126 690/1379/2126
f 794/1386/2127 795/647/2127 793/1389/2127
f 793/1389/2128 673/1375/2128 796/1397/2128
f 796/1397/2129 673/1375/2129 672/1390/2129
f 672/1390/2130 644/1376/2130 643/714/2130
f 643/714/2131 644/1376/2131 636/712/2131
f 1082/700/2132 1077/640/2132 1081/680/2132
f 630/1391/2133 626/666/2133 628/693/2133
f 1223/1398/2134 1217/667/2134 1222/1393/2134
f 1222/1393/2135 1213/1384/2135 1221/1394/2135
f 689/1387/2136 690/1379/2136 691/1399/2136
f 691/1399/2137 690/1379/2137 819/1400/2137
f 690/1379/2138 814/1385/2138 819/1400/2138
f 819/1400/2139 814/1385/2139 801/1401/2139
f 801/1401/2140 814/1385/2140 762/1380/2140
f 1084/706/2141 1066/664/2141 1076/663/2141
f 280/1402/2142 227/677/2142 331/1392/2142
f 54/708/2143 45/650/2143 227/677/2143
f 54/708/2144 227/677/2144 280/1402/2144
f 674/766/2145 672/1390/2145 643/714/2145
f 763/1403/2146 762/1380/2146 760/1388/2146
f 765/1404/2147 794/1386/2147 793/1389/2147
f 643/714/2148 637/713/2148 639/738/2148
f 280/1402/2149 331/1392/2149 322/746/2149
f 1223/1398/2150 1222/1393/2150 1221/1394/2150
f 1221/1394/2151 1225/1395/2151 1224/1405/2151
f 1299/1406/2152 1225/1395/2152 1303/1396/2152
f 801/1401/2153 762/1380/2153 763/1403/2153
f 760/1388/2154 794/1386/2154 765/1404/2154
f 1100/736/2155 1081/680/2155 1083/691/2155
f 638/737/2156 637/713/2156 630/1391/2156
f 638/737/2157 630/1391/2157 635/1407/2157
f 635/1407/2158 630/1391/2158 628/693/2158
f 1223/1398/2159 1221/1394/2159 1224/1405/2159
f 1224/1405/2160 1225/1395/2160 1299/1406/2160
f 1303/1396/2161 1306/1408/2161 1297/1409/2161
f 793/1389/2162 796/1397/2162 789/1410/2162
f 674/766/2163 643/714/2163 641/1411/2163
f 641/1411/2164 643/714/2164 639/738/2164
f 280/1402/2165 322/746/2165 332/778/2165
f 1374/793/2166 1376/725/2166 1373/724/2166
f 67/739/2167 280/1402/2167 332/778/2167
f 54/708/2168 280/1402/2168 67/739/2168
f 1299/1406/2169 1303/1396/2169 1297/1409/2169
f 1297/1409/2170 1306/1408/2170 1301/1412/2170
f 830/1413/2171 691/1399/2171 819/1400/2171
f 819/1400/2172 801/1401/2172 811/1414/2172
f 801/1401/2173 763/1403/2173 792/1415/2173
f 1096/718/2174 1085/705/2174 1089/748/2174
f 332/778/2175 322/746/2175 329/745/2175
f 1283/1416/2176 1224/1405/2176 1299/1406/2176
f 811/1414/2177 801/1401/2177 792/1415/2177
f 763/1403/2178 760/1388/2178 767/1417/2178
f 760/1388/2179 765/1404/2179 764/1418/2179
f 765/1404/2180 793/1389/2180 766/1419/2180
f 766/1419/2181 793/1389/2181 789/1410/2181
f 796/1397/2182 672/1390/2182 787/768/2182
f 787/768/2183 672/1390/2183 674/766/2183
f 1088/721/2184 1087/717/2184 1097/753/2184
f 1223/1398/2185 1224/1405/2185 1226/1420/2185
f 1226/1420/2186 1224/1405/2186 1283/1416/2186
f 1286/1421/2187 1299/1406/2187 1297/1409/2187
f 830/1413/2188 819/1400/2188 811/1414/2188
f 789/1410/2189 796/1397/2189 787/768/2189
f 640/1422/2190 641/1411/2190 639/738/2190
f 67/739/2191 332/778/2191 182/799/2191
f 1227/1423/2192 1223/1398/2192 1226/1420/2192
f 1253/761/2193 1223/1398/2193 1227/1423/2193
f 1283/1416/2194 1299/1406/2194 1286/1421/2194
f 767/1417/2195 760/1388/2195 764/1418/2195
f 764/1418/2196 765/1404/2196 766/1419/2196
f 1106/719/2197 1096/718/2197 1091/754/2197
f 806/767/2198 674/766/2198 641/1411/2198
f 640/1422/2199 639/738/2199 638/737/2199
f 1248/762/2200 1253/761/2200 1227/1423/2200
f 1090/770/2201 1089/748/2201 1088/721/2201
f 1102/758/2202 1106/719/2202 1091/754/2202
f 182/799/2203 332/778/2203 270/822/2203
f 69/759/2204 67/739/2204 182/799/2204
f 1283/1416/2205 1286/1421/2205 1282/1424/2205
f 1297/1409/2206 1301/1412/2206 1290/1425/2206
f 1290/1425/2207 1301/1412/2207 1300/1426/2207
f 1300/1426/2208 1301/1412/2208 1305/1427/2208
f 792/1415/2209 763/1403/2209 791/1428/2209
f 651/1429/2210 806/767/2210 641/1411/2210
f 642/1430/2211 641/1411/2211 640/1422/2211
f 640/1422/2212 638/737/2212 648/1431/2212
f 329/745/2213 296/744/2213 295/772/2213
f 648/1431/2214 638/737/2214 635/1407/2214
f 270/822/2215 332/778/2215 317/777/2215
f 1248/762/2216 1227/1423/2216 1247/1432/2216
f 1247/1432/2217 1227/1423/2217 1226/1420/2217
f 1226/1420/2218 1283/1416/2218 1282/1424/2218
f 1286/1421/2219 1297/1409/2219 1290/1425/2219
f 788/1433/2220 787/768/2220 806/767/2220
f 1342/809/2221 1353/760/2221 1371/773/2221
f 1300/1426/2222 1305/1427/2222 1302/1434/2222
f 818/1435/2223 811/1414/2223 792/1415/2223
f 818/1435/2224 792/1415/2224 791/1428/2224
f 1111/776/2225 1102/758/2225 1091/754/2225
f 651/1429/2226 641/1411/2226 642/1430/2226
f 1099/722/2227 1101/755/2227 1138/815/2227
f 317/777/2228 329/745/2228 295/772/2228
f 72/800/2229 182/799/2229 270/822/2229
f 1246/801/2230 1248/762/2230 1247/1432/2230
f 1247/1432/2231 1226/1420/2231 1245/1436/2231
f 771/1437/2232 789/1410/2232 787/768/2232
f 788/1433/2233 806/767/2233 651/1429/2233
f 317/777/2234 295/772/2234 297/838/2234
f 648/1431/2235 635/1407/2235 649/1438/2235
f 1246/801/2236 1247/1432/2236 1245/1436/2236
f 1245/1436/2237 1226/1420/2237 1282/1424/2237
f 791/1428/2238 763/1403/2238 767/1417/2238
f 764/1418/2239 766/1419/2239 769/1439/2239
f 766/1419/2240 789/1410/2240 771/1437/2240
f 642/1430/2241 640/1422/2241 647/1440/2241
f 647/1440/2242 640/1422/2242 648/1431/2242
f 297/838/2243 295/772/2243 293/817/2243
f 1245/1436/2244 1282/1424/2244 1279/1441/2244
f 1281/1442/2245 1282/1424/2245 1286/1421/2245
f 1281/1442/2246 1286/1421/2246 1290/1425/2246
f 791/1428/2247 767/1417/2247 790/1443/2247
f 773/1444/2248 771/1437/2248 787/768/2248
f 652/855/2249 788/1433/2249 651/1429/2249
f 273/1445/2250 253/797/2250 251/820/2250
f 273/1445/2251 292/789/2251 253/797/2251
f 1237/830/2252 1246/801/2252 1245/1436/2252
f 1279/1441/2253 1282/1424/2253 1281/1442/2253
f 790/1443/2254 767/1417/2254 768/1446/2254
f 768/1446/2255 767/1417/2255 764/1418/2255
f 764/1418/2256 769/1439/2256 768/1446/2256
f 769/1439/2257 766/1419/2257 771/1437/2257
f 787/768/2258 788/1433/2258 781/1447/2258
f 651/1429/2259 642/1430/2259 647/1440/2259
f 652/855/2260 651/1429/2260 647/1440/2260
f 647/1440/2261 648/1431/2261 649/1438/2261
f 316/1448/2262 317/777/2262 297/838/2262
f 162/821/2263 317/777/2263 316/1448/2263
f 650/1449/2264 649/1438/2264 654/1450/2264
f 1237/830/2265 1245/1436/2265 1240/1451/2265
f 1240/1451/2266 1245/1436/2266 1279/1441/2266
f 1278/1452/2267 1279/1441/2267 1281/1442/2267
f 1290/1425/2268 1300/1426/2268 1293/1453/2268
f 1293/1453/2269 1300/1426/2269 1302/1434/2269
f 818/1435/2270 791/1428/2270 804/1454/2270
f 772/1455/2271 771/1437/2271 773/1444/2271
f 787/768/2272 781/1447/2272 773/1444/2272
f 255/887/2273 273/1445/2273 251/820/2273
f 286/836/2274 273/1445/2274 255/887/2274
f 292/789/2275 273/1445/2275 286/836/2275
f 647/1440/2276 649/1438/2276 650/1449/2276
f 316/1448/2277 297/838/2277 298/837/2277
f 1281/1442/2278 1290/1425/2278 1280/1456/2278
f 1280/1456/2279 1290/1425/2279 1293/1453/2279
f 833/1457/2280 818/1435/2280 804/1454/2280
f 804/1454/2281 791/1428/2281 790/1443/2281
f 769/1439/2282 771/1437/2282 772/1455/2282
f 781/1447/2283 788/1433/2283 652/855/2283
f 191/1458/2284 162/821/2284 316/1448/2284
f 1230/1459/2285 1237/830/2285 1240/1451/2285
f 1234/862/2286 1256/843/2286 1237/830/2286
f 1240/1451/2287 1279/1441/2287 1278/1452/2287
f 306/858/2288 293/817/2288 286/836/2288
f 652/855/2289 647/1440/2289 653/1460/2289
f 653/1460/2290 647/1440/2290 650/1449/2290
f 1234/862/2291 1237/830/2291 1230/1459/2291
f 1230/1459/2292 1240/1451/2292 1278/1452/2292
f 1230/1459/2293 1278/1452/2293 1277/1461/2293
f 1280/1456/2294 1278/1452/2294 1281/1442/2294
f 770/1462/2295 768/1446/2295 769/1439/2295
f 781/1447/2296 652/855/2296 669/1463/2296
f 669/1463/2297 652/855/2297 668/857/2297
f 667/856/2298 652/855/2298 653/1460/2298
f 307/889/2299 298/837/2299 306/858/2299
f 316/1448/2300 298/837/2300 307/889/2300
f 833/1457/2301 804/1454/2301 831/1464/2301
f 790/1443/2302 768/1446/2302 770/1462/2302
f 774/1465/2303 772/1455/2303 773/1444/2303
f 164/861/2304 73/840/2304 163/866/2304
f 1277/1461/2305 1278/1452/2305 1280/1456/2305
f 804/1454/2306 790/1443/2306 770/1462/2306
f 770/1462/2307 769/1439/2307 775/1466/2307
f 775/1466/2308 769/1439/2308 772/1455/2308
f 668/857/2309 667/856/2309 666/885/2309
f 655/1467/2310 650/1449/2310 654/1450/2310
f 1234/862/2311 1230/1459/2311 1229/893/2311
f 1280/1456/2312 1293/1453/2312 1285/1468/2312
f 255/887/2313 251/820/2313 247/877/2313
f 653/1460/2314 650/1449/2314 656/1469/2314
f 165/879/2315 162/821/2315 191/1458/2315
f 1285/1468/2316 1293/1453/2316 1295/1470/2316
f 775/1466/2317 772/1455/2317 774/1465/2317
f 773/1444/2318 781/1447/2318 778/1471/2318
f 286/836/2319 255/887/2319 254/886/2319
f 667/856/2320 653/1460/2320 663/884/2320
f 308/888/2321 306/858/2321 286/836/2321
f 285/899/2322 316/1448/2322 307/889/2322
f 1280/1456/2323 1285/1468/2323 1276/1472/2323
f 774/1465/2324 773/1444/2324 778/1471/2324
f 781/1447/2325 669/1463/2325 670/1473/2325
f 670/1473/2326 669/1463/2326 668/857/2326
f 663/884/2327 653/1460/2327 656/1469/2327
f 656/1469/2328 650/1449/2328 655/1467/2328
f 1375/1474/2329 1367/850/2329 1366/900/2329
f 191/1458/2330 316/1448/2330 168/917/2330
f 165/879/2331 191/1458/2331 168/917/2331
f 1229/893/2332 1230/1459/2332 1231/1475/2332
f 1231/1475/2333 1230/1459/2333 1277/1461/2333
f 1276/1472/2334 1277/1461/2334 1280/1456/2334
f 831/1464/2335 804/1454/2335 823/1476/2335
f 823/1476/2336 804/1454/2336 770/1462/2336
f 777/1477/2337 770/1462/2337 775/1466/2337
f 671/1478/2338 781/1447/2338 670/1473/2338
f 668/857/2339 666/885/2339 664/1479/2339
f 670/1473/2340 668/857/2340 664/1479/2340
f 168/917/2341 316/1448/2341 285/899/2341
f 774/1465/2342 778/1471/2342 779/1480/2342
f 778/1471/2343 781/1447/2343 782/1481/2343
f 782/1481/2344 781/1447/2344 671/1478/2344
f 664/1479/2345 666/885/2345 663/884/2345
f 254/886/2346 308/888/2346 286/836/2346
f 1231/1475/2347 1277/1461/2347 1232/1482/2347
f 1232/1482/2348 1277/1461/2348 1272/1483/2348
f 1277/1461/2349 1276/1472/2349 1272/1483/2349
f 1285/1468/2350 1295/1470/2350 1289/1484/2350
f 831/1464/2351 823/1476/2351 834/1485/2351
f 823/1476/2352 770/1462/2352 777/1477/2352
f 776/1486/2353 775/1466/2353 774/1465/2353
f 1233/921/2354 1238/894/2354 1229/893/2354
f 671/1478/2355 670/1473/2355 665/1487/2355
f 254/886/2356 247/877/2356 245/935/2356
f 663/884/2357 656/1469/2357 657/973/2357
f 657/973/2358 656/1469/2358 655/1467/2358
f 1233/921/2359 1229/893/2359 1232/1482/2359
f 1229/893/2360 1231/1475/2360 1232/1482/2360
f 777/1477/2361 775/1466/2361 776/1486/2361
f 664/1479/2362 665/1487/2362 670/1473/2362
f 171/940/2363 168/917/2363 285/899/2363
f 1271/1488/2364 1232/1482/2364 1272/1483/2364
f 776/1486/2365 774/1465/2365 780/1489/2365
f 780/1489/2366 774/1465/2366 779/1480/2366
f 665/1487/2367 664/1479/2367 662/1490/2367
f 662/1490/2368 664/1479/2368 663/884/2368
f 662/1490/2369 663/884/2369 661/1491/2369
f 661/1491/2370 663/884/2370 657/973/2370
f 657/973/2371 655/1467/2371 658/971/2371
f 1329/961/2372 1375/1474/2372 1366/900/2372
f 1348/942/2373 1349/930/2373 1347/878/2373
f 1345/880/2374 1348/942/2374 1347/878/2374
f 1233/921/2375 1232/1482/2375 1235/1492/2375
f 1276/1472/2376 1285/1468/2376 1289/1484/2376
f 834/1485/2377 823/1476/2377 822/1493/2377
f 671/1478/2378 665/1487/2378 662/1490/2378
f 308/888/2379 254/886/2379 315/946/2379
f 1347/878/2380 1349/930/2380 1358/871/2380
f 1235/1492/2381 1232/1482/2381 1271/1488/2381
f 1270/1494/2382 1272/1483/2382 1276/1472/2382
f 822/1493/2383 823/1476/2383 777/1477/2383
f 779/1480/2384 778/1471/2384 782/1481/2384
f 783/1495/2385 782/1481/2385 671/1478/2385
f 1236/943/2386 1233/921/2386 1235/1492/2386
f 1274/1496/2387 1276/1472/2387 1289/1484/2387
f 779/1480/2388 782/1481/2388 780/1489/2388
f 315/946/2389 254/886/2389 245/935/2389
f 660/1497/2390 662/1490/2390 661/1491/2390
f 1366/900/2391 1362/926/2391 1365/960/2391
f 1239/963/2392 1236/943/2392 1235/1492/2392
f 1274/1496/2393 1289/1484/2393 1288/1498/2393
f 822/1493/2394 777/1477/2394 799/1499/2394
f 671/1478/2395 662/1490/2395 660/1497/2395
f 660/1497/2396 661/1491/2396 657/973/2396
f 1270/1494/2397 1276/1472/2397 1274/1496/2397
f 799/1499/2398 777/1477/2398 776/1486/2398
f 799/1499/2399 776/1486/2399 798/1500/2399
f 798/1500/2400 776/1486/2400 780/1489/2400
f 780/1489/2401 782/1481/2401 783/1495/2401
f 783/1495/2402 671/1478/2402 816/1501/2402
f 315/946/2403 245/935/2403 244/970/2403
f 659/972/2404 660/1497/2404 657/973/2404
f 173/962/2405 281/929/2405 282/959/2405
f 1271/1488/2406 1272/1483/2406 1270/1494/2406
f 1288/1498/2407 1289/1484/2407 1294/1502/2407
f 837/1503/2408 834/1485/2408 822/1493/2408
f 816/1501/2409 671/1478/2409 660/1497/2409
f 1324/985/2410 1329/961/2410 1365/960/2410
f 1242/1017/2411 1254/956/2411 1239/963/2411
f 1241/1504/2412 1235/1492/2412 1271/1488/2412
f 798/1500/2413 780/1489/2413 784/1505/2413
f 784/1505/2414 780/1489/2414 783/1495/2414
f 315/946/2415 244/970/2415 311/939/2415
f 1350/955/2416 1348/942/2416 1351/979/2416
f 1242/1017/2417 1239/963/2417 1241/1504/2417
f 1239/963/2418 1235/1492/2418 1241/1504/2418
f 1241/1504/2419 1271/1488/2419 1270/1494/2419
f 822/1493/2420 799/1499/2420 798/1500/2420
f 786/1506/2421 783/1495/2421 816/1501/2421
f 311/939/2422 244/970/2422 289/992/2422
f 1324/985/2423 1365/960/2423 1326/978/2423
f 1274/1496/2424 1288/1498/2424 1287/1507/2424
f 837/1503/2425 822/1493/2425 836/1508/2425
f 1330/1509/2426 1327/986/2426 1328/1510/2426
f 1242/1017/2427 1241/1504/2427 1243/1025/2427
f 1269/1511/2428 1270/1494/2428 1274/1496/2428
f 820/1512/2429 822/1493/2429 798/1500/2429
f 798/1500/2430 784/1505/2430 797/1513/2430
f 816/1501/2431 660/1497/2431 838/1514/2431
f 1243/1025/2432 1241/1504/2432 1252/1515/2432
f 1252/1515/2433 1241/1504/2433 1270/1494/2433
f 1288/1498/2434 1294/1502/2434 1291/1516/2434
f 836/1508/2435 822/1493/2435 820/1512/2435
f 820/1512/2436 798/1500/2436 797/1513/2436
f 785/1517/2437 784/1505/2437 783/1495/2437
f 785/1517/2438 783/1495/2438 786/1506/2438
f 1334/1518/2439 1330/1509/2439 1328/1510/2439
f 1328/1510/2440 1327/986/2440 1325/1002/2440
f 174/1012/2441 173/962/2441 287/1011/2441
f 1252/1515/2442 1270/1494/2442 1269/1511/2442
f 797/1513/2443 784/1505/2443 785/1517/2443
f 786/1506/2444 816/1501/2444 815/1052/2444
f 815/1052/2445 816/1501/2445 838/1514/2445
f 1244/1018/2446 1242/1017/2446 1243/1025/2446
f 1249/1026/2447 1243/1025/2447 1252/1515/2447
f 1275/1519/2448 1274/1496/2448 1287/1507/2448
f 1287/1507/2449 1288/1498/2449 1291/1516/2449
f 785/1517/2450 786/1506/2450 815/1052/2450
f 289/992/2451 244/970/2451 257/1013/2451
f 1269/1511/2452 1274/1496/2452 1275/1519/2452
f 1275/1519/2453 1287/1507/2453 1291/1516/2453
f 797/1513/2454 785/1517/2454 809/1520/2454
f 809/1520/2455 785/1517/2455 815/1052/2455
f 815/1052/2456 838/1514/2456 839/1050/2456
f 1333/1521/2457 1334/1518/2457 1328/1510/2457
f 1249/1026/2458 1252/1515/2458 1269/1511/2458
f 1298/1522/2459 1291/1516/2459 1304/1523/2459
f 820/1512/2460 797/1513/2460 810/1524/2460
f 810/1524/2461 797/1513/2461 809/1520/2461
f 1333/1521/2462 1328/1510/2462 1322/1054/2462
f 1328/1510/2463 1325/1002/2463 1322/1054/2463
f 1322/1054/2464 1325/1002/2464 1317/1014/2464
f 1317/1014/2465 1320/1010/2465 1315/1033/2465
f 1250/1525/2466 1244/1018/2466 1249/1026/2466
f 1269/1511/2467 1275/1519/2467 1273/1526/2467
f 1273/1526/2468 1275/1519/2468 1284/1527/2468
f 1284/1527/2469 1275/1519/2469 1291/1516/2469
f 180/1047/2470 287/1011/2470 288/1032/2470
f 1244/1018/2471 1250/1525/2471 1251/1042/2471
f 1249/1026/2472 1269/1511/2472 1250/1525/2472
f 1266/1528/2473 1269/1511/2473 1273/1526/2473
f 1273/1526/2474 1284/1527/2474 1267/1529/2474
f 842/1530/2475 820/1512/2475 810/1524/2475
f 810/1524/2476 809/1520/2476 835/1531/2476
f 809/1520/2477 815/1052/2477 835/1531/2477
f 835/1531/2478 815/1052/2478 841/1051/2478
f 1333/1521/2479 1322/1054/2479 1331/1532/2479
f 177/1036/2480 176/1034/2480 178/1057/2480
f 1315/1033/2481 1316/1035/2481 1311/1058/2481
f 1414/1048/2482 1416/1043/2482 1415/1533/2482
f 1266/1528/2483 1250/1525/2483 1269/1511/2483
f 1266/1528/2484 1273/1526/2484 1267/1529/2484
f 1284/1527/2485 1291/1516/2485 1298/1522/2485
f 840/1534/2486 842/1530/2486 810/1524/2486
f 840/1534/2487 810/1524/2487 835/1531/2487
f 1336/1535/2488 1333/1521/2488 1331/1532/2488
f 235/1079/2489 256/1031/2489 236/1066/2489
f 1331/1532/2490 1322/1054/2490 1318/1053/2490
f 232/1055/2491 288/1032/2491 256/1031/2491
f 1318/1053/2492 1317/1014/2492 1313/1056/2492
f 1414/1048/2493 1415/1533/2493 1412/1071/2493
f 1268/1536/2494 1250/1525/2494 1266/1528/2494
f 1266/1528/2495 1267/1529/2495 1268/1536/2495
f 1267/1529/2496 1284/1527/2496 1292/1537/2496
f 1296/1538/2497 1298/1522/2497 1307/1539/2497
f 840/1534/2498 835/1531/2498 843/1540/2498
f 1338/1541/2499 1336/1535/2499 1335/1542/2499
f 1335/1542/2500 1336/1535/2500 1331/1532/2500
f 1332/1543/2501 1331/1532/2501 1318/1053/2501
f 1318/1053/2502 1313/1056/2502 1314/1544/2502
f 1413/1059/2503 1412/1071/2503 1411/1081/2503
f 1417/1060/2504 1413/1059/2504 1411/1081/2504
f 1296/1538/2505 1292/1537/2505 1284/1527/2505
f 1296/1538/2506 1284/1527/2506 1298/1522/2506
f 1296/1538/2507 1307/1539/2507 1308/1545/2507
f 1339/1546/2508 1338/1541/2508 1335/1542/2508
f 1335/1542/2509 1331/1532/2509 1332/1543/2509
f 1319/1547/2510 1332/1543/2510 1318/1053/2510
f 1314/1544/2511 1319/1547/2511 1318/1053/2511
f 1397/1067/2512 1394/1093/2512 1407/1548/2512
f 1312/1549/2513 1314/1544/2513 1313/1056/2513
f 1311/1058/2514 1312/1549/2514 1313/1056/2514
f 1408/1068/2515 1397/1067/2515 1407/1548/2515
f 1411/1081/2516 1412/1071/2516 1406/1550/2516
f 1310/1551/2517 1268/1536/2517 1267/1529/2517
f 1310/1551/2518 1267/1529/2518 1292/1537/2518
f 1410/1073/2519 1411/1081/2519 1406/1550/2519
f 1310/1551/2520 1292/1537/2520 1296/1538/2520
f 1409/1076/2521 1410/1073/2521 1406/1550/2521
f 1409/1076/2522 1406/1550/2522 1405/1082/2522
f 1405/1082/2523 1406/1550/2523 1404/1552/2523
f 1404/1552/2524 1406/1550/2524 1434/1553/2524
f 1404/1552/2525 1434/1553/2525 1432/1554/2525
f 1309/1555/2526 1296/1538/2526 1308/1545/2526
f 1403/1086/2527 1405/1082/2527 1404/1552/2527
f 1403/1086/2528 1404/1552/2528 1402/1556/2528
f 1402/1556/2529 1404/1552/2529 1432/1554/2529
f 1399/1087/2530 1403/1086/2530 1402/1556/2530
f 1399/1087/2531 1402/1556/2531 1401/1557/2531
f 1401/1557/2532 1402/1556/2532 1432/1554/2532
f 1401/1557/2533 1432/1554/2533 1433/1558/2533
f 1340/1559/2534 1339/1546/2534 1335/1542/2534
f 1396/1088/2535 1399/1087/2535 1393/1560/2535
f 1395/1561/2536 1396/1088/2536 1393/1560/2536
f 1393/1560/2537 1399/1087/2537 1401/1557/2537
f 1401/1557/2538 1433/1558/2538 1435/1562/2538
f 1393/1560/2539 1401/1557/2539 1435/1562/2539
f 1391/1563/2540 1395/1561/2540 1393/1560/2540
f 1391/1563/2541 1393/1560/2541 1392/1564/2541
f 1392/1564/2542 1393/1560/2542 1436/1565/2542
f 1436/1565/2543 1393/1560/2543 1435/1562/2543
f 1390/1092/2544 1391/1563/2544 1392/1564/2544
f 1394/1093/2545 1390/1092/2545 1392/1564/2545
f 1437/1566/2546 1392/1564/2546 1436/1565/2546
f 1392/1564/2547 1437/1566/2547 1394/1093/2547
